source,module,source_path,git_status,size_bytes,sha256,class,new_location,evidence
/mnt/c/Users/LEONELB/OneDrive - Inter-American Development Bank Group/quito-metro-airquality-2026,air_quality,.RData,ignored,1345125,34757c1b784b815b8ad04ab8aa7ac952dbbc21b74169b37885fbed5c59a1507b,derived,/home/leonelb/data/quito-metro-eval/air_quality/frozen_2026-05-29/.RData,"R workspace saved by an interactive session of the 03/04 scripts (holds df, att_weekly, m1..m9); no script needed to rebuild it"
/mnt/c/Users/LEONELB/OneDrive - Inter-American Development Bank Group/quito-metro-airquality-2026,air_quality,data/for_maps/Distancia_REMMAQ_Metro.gpkg,ignored,106496,4ac7cf498335d45b4a6bbb8c9d167ea2f1c38e37fb65042e59a7935b6d01d273,raw,/home/leonelb/data/quito-metro-eval/air_quality/raw/data/for_maps/Distancia_REMMAQ_Metro.gpkg,"read by code/local/fig1_metro_airquality_map.R:41,66; no writer"
/mnt/c/Users/LEONELB/OneDrive - Inter-American Development Bank Group/quito-metro-airquality-2026,air_quality,data/for_maps/MetroLine.gpkg,ignored,110592,e036fdc44b44f8555eef5e6a5ab98407fc43f4833d419c32378c898d39fe832f,raw,/home/leonelb/data/quito-metro-eval/air_quality/raw/data/for_maps/MetroLine.gpkg,"read by code/local/fig1_metro_airquality_map.R:41,66; no writer"
/mnt/c/Users/LEONELB/OneDrive - Inter-American Development Bank Group/quito-metro-airquality-2026,air_quality,data/for_maps/MetroStations.cpg,ignored,5,3ad3031f5503a4404af825262ee8232cc04d4ea6683d42c5dd0a2f2a27ac9824,raw,/home/leonelb/data/quito-metro-eval/air_quality/raw/data/for_maps/MetroStations.cpg,"read by code/local/fig1_metro_airquality_map.R:41,66; no writer"
/mnt/c/Users/LEONELB/OneDrive - Inter-American Development Bank Group/quito-metro-airquality-2026,air_quality,data/for_maps/MetroStations.dbf,ignored,386,171d1af0ac4ad77e8fedd10409f0bb90b9d7cc6a8f70c3565e2c2fc904b7911c,raw,/home/leonelb/data/quito-metro-eval/air_quality/raw/data/for_maps/MetroStations.dbf,"read by code/local/fig1_metro_airquality_map.R:41,66; no writer"
/mnt/c/Users/LEONELB/OneDrive - Inter-American Development Bank Group/quito-metro-airquality-2026,air_quality,data/for_maps/MetroStations.gpkg,ignored,110592,115f574b4f4787b53c62a069c6cf4d1ae41251d326a89256a3921f6d058ecd3f,raw,/home/leonelb/data/quito-metro-eval/air_quality/raw/data/for_maps/MetroStations.gpkg,"read by code/local/fig1_metro_airquality_map.R:41,66; no writer"
/mnt/c/Users/LEONELB/OneDrive - Inter-American Development Bank Group/quito-metro-airquality-2026,air_quality,data/for_maps/MetroStations.prj,ignored,409,d70dbd1f7611d43565645fee51a6fa1e29e2ebc0ffd1af0774b1e46996059131,raw,/home/leonelb/data/quito-metro-eval/air_quality/raw/data/for_maps/MetroStations.prj,"read by code/local/fig1_metro_airquality_map.R:41,66; no writer"
/mnt/c/Users/LEONELB/OneDrive - Inter-American Development Bank Group/quito-metro-airquality-2026,air_quality,data/for_maps/MetroStations.qmd,ignored,2342,725ccb37dc99b8a04d179893bb2b117c98b9d66317835c01c0340e14f9173d64,raw,/home/leonelb/data/quito-metro-eval/air_quality/raw/data/for_maps/MetroStations.qmd,"read by code/local/fig1_metro_airquality_map.R:41,66; no writer"
/mnt/c/Users/LEONELB/OneDrive - Inter-American Development Bank Group/quito-metro-airquality-2026,air_quality,data/for_maps/MetroStations.shp,ignored,100,b1af782a5b9b7e51b7807567f3cae2d59640a0169c706216692d898af41e67ba,raw,/home/leonelb/data/quito-metro-eval/air_quality/raw/data/for_maps/MetroStations.shp,"read by code/local/fig1_metro_airquality_map.R:41,66; no writer"
/mnt/c/Users/LEONELB/OneDrive - Inter-American Development Bank Group/quito-metro-airquality-2026,air_quality,data/for_maps/MetroStations.shx,ignored,100,b1af782a5b9b7e51b7807567f3cae2d59640a0169c706216692d898af41e67ba,raw,/home/leonelb/data/quito-metro-eval/air_quality/raw/data/for_maps/MetroStations.shx,"read by code/local/fig1_metro_airquality_map.R:41,66; no writer"
/mnt/c/Users/LEONELB/OneDrive - Inter-American Development Bank Group/quito-metro-airquality-2026,air_quality,data/processed/CO_completepanel_peakweekly.csv,ignored,219874,9fce66115367e09824e19f89f214584087ba8d326b416dbdea0e3a0f0ae8a868,derived,/home/leonelb/data/quito-metro-eval/air_quality/frozen_2026-05-29/data/processed/CO_completepanel_peakweekly.csv,code/local/02_build_weekly_panels.R:473
/mnt/c/Users/LEONELB/OneDrive - Inter-American Development Bank Group/quito-metro-airquality-2026,air_quality,data/processed/NO2_completepanel_peakweekly.csv,ignored,216314,eda9b9b164e530a672ee1896559d2e0c739d8bddf5a569e117e6fc4b7cd6bb85,derived,/home/leonelb/data/quito-metro-eval/air_quality/frozen_2026-05-29/data/processed/NO2_completepanel_peakweekly.csv,code/local/02_build_weekly_panels.R:484
/mnt/c/Users/LEONELB/OneDrive - Inter-American Development Bank Group/quito-metro-airquality-2026,air_quality,data/processed/SO2_completepanel_peakweekly.csv,ignored,216236,1df8a786c3f4d862533d00b302105986f16b418d6d3d2f9eaabe6154dc3bcee6,derived,/home/leonelb/data/quito-metro-eval/air_quality/frozen_2026-05-29/data/processed/SO2_completepanel_peakweekly.csv,code/local/02_build_weekly_panels.R:494
/mnt/c/Users/LEONELB/OneDrive - Inter-American Development Bank Group/quito-metro-airquality-2026,air_quality,data/processed/hourly_panel.csv,ignored,83151597,e9ac69ac3bacc63dff0130c423012409e3d3d8f5530905daecfe0020d16f10d3,derived,/home/leonelb/data/quito-metro-eval/air_quality/frozen_2026-05-29/data/processed/hourly_panel.csv,code/local/01_read_and_merge.R:382
/mnt/c/Users/LEONELB/OneDrive - Inter-American Development Bank Group/quito-metro-airquality-2026,air_quality,data/processed/pm25_completepanel_peakweekly.csv,ignored,212618,c8bbd5d8ba93875ec95d102989516bff5fa5d4cc014f5f1b6f7af1c564261c99,derived,/home/leonelb/data/quito-metro-eval/air_quality/frozen_2026-05-29/data/processed/pm25_completepanel_peakweekly.csv,code/local/02_build_weekly_panels.R:462
/mnt/c/Users/LEONELB/OneDrive - Inter-American Development Bank Group/quito-metro-airquality-2026,air_quality,data/processed/satellite/ERA5L_2022_2024.dta,ignored,52404395,3e11db4481afe1ef4c29aeff5387dd632e8ba4d91f2d6ea8c89e030ea826c235,raw,/home/leonelb/data/quito-metro-eval/air_quality/raw/data/processed/satellite/ERA5L_2022_2024.dta,Stata-era file; no script in the module writes .dta (no write_dta or save in code/); classed raw by the when-in-doubt rule
/mnt/c/Users/LEONELB/OneDrive - Inter-American Development Bank Group/quito-metro-airquality-2026,air_quality,data/processed/satellite/ERA5L_ISO_full_2022_2024.dta,ignored,42696494,11806d31902c0a9858abd3c69667a45437a31220086fd1b6e7533c7d0feb6260,raw,/home/leonelb/data/quito-metro-eval/air_quality/raw/data/processed/satellite/ERA5L_ISO_full_2022_2024.dta,Stata-era file; no script in the module writes .dta (no write_dta or save in code/); classed raw by the when-in-doubt rule
/mnt/c/Users/LEONELB/OneDrive - Inter-American Development Bank Group/quito-metro-airquality-2026,air_quality,data/processed/satellite/aod_weekly.csv,ignored,366468608,88d99ea966448ceee234efcb0c063e0fa103dddb169a8c4d0463980cc19b60ba,derived,/home/leonelb/data/quito-metro-eval/air_quality/frozen_2026-05-29/data/processed/satellite/aod_weekly.csv,code/satellite/python/02b_merge.py:126 writes data/processed/satellite/<pollutant>_weekly.csv
/mnt/c/Users/LEONELB/OneDrive - Inter-American Development Bank Group/quito-metro-airquality-2026,air_quality,data/processed/satellite/co_weekly.csv,ignored,342637193,428f7048370ed6d97ca56c4abc40984b6a5324a28d7021073659429316ec95a5,derived,/home/leonelb/data/quito-metro-eval/air_quality/frozen_2026-05-29/data/processed/satellite/co_weekly.csv,code/satellite/python/02b_merge.py:126
/mnt/c/Users/LEONELB/OneDrive - Inter-American Development Bank Group/quito-metro-airquality-2026,air_quality,data/processed/satellite/covariates_weekly_with_impvars.dta,ignored,274690,445429026ed700ffc1864d5a4f571578126c5d8e0c194eac8aeec64a789ef0d5,raw,/home/leonelb/data/quito-metro-eval/air_quality/raw/data/processed/satellite/covariates_weekly_with_impvars.dta,Stata-era file; no script in the module writes .dta (no write_dta or save in code/); classed raw by the when-in-doubt rule
/mnt/c/Users/LEONELB/OneDrive - Inter-American Development Bank Group/quito-metro-airquality-2026,air_quality,data/processed/satellite/era5l_cleaned.csv,ignored,132594166,7b355a0d15da6cbded99edb1d55e7a3c44f67e20a1c7b0aa542489ff3928f8a8,derived,/home/leonelb/data/quito-metro-eval/air_quality/frozen_2026-05-29/data/processed/satellite/era5l_cleaned.csv,"code/satellite/laptop_R/03_clean_era5.R:39,178"
/mnt/c/Users/LEONELB/OneDrive - Inter-American Development Bank Group/quito-metro-airquality-2026,air_quality,data/processed/satellite/era5l_weekly.csv,ignored,333087862,d569d0ea402a742bce1fa82394978a97c220df93079a9420409b3913e113244e,derived,/home/leonelb/data/quito-metro-eval/air_quality/frozen_2026-05-29/data/processed/satellite/era5l_weekly.csv,code/satellite/python/02b_merge.py:126 (POLLUTANTS includes era5l)
/mnt/c/Users/LEONELB/OneDrive - Inter-American Development Bank Group/quito-metro-airquality-2026,air_quality,data/processed/satellite/no2_weekly.csv,ignored,370862903,26b328028064dd4a6b63a011187b5ccf43c48e9360579632c27a652da97bf874,derived,/home/leonelb/data/quito-metro-eval/air_quality/frozen_2026-05-29/data/processed/satellite/no2_weekly.csv,code/satellite/python/02b_merge.py:126
/mnt/c/Users/LEONELB/OneDrive - Inter-American Development Bank Group/quito-metro-airquality-2026,air_quality,data/processed/satellite/panel_aod.csv,ignored,167988520,d98c0f9a1f11ee7599cd79aa4dbfcc274fdbe942920b4bc3c33db3460a34a7c4,derived,/home/leonelb/data/quito-metro-eval/air_quality/frozen_2026-05-29/data/processed/satellite/panel_aod.csv,"code/satellite/laptop_R/04_aod_panel.R:41,269"
/mnt/c/Users/LEONELB/OneDrive - Inter-American Development Bank Group/quito-metro-airquality-2026,air_quality,data/processed/satellite/panel_aod_balanced.csv,ignored,96196667,0cc9f40f6f4f6c7daf842bd5c0986ffaf152262b749d95b61c829bd6212af7ae,derived,/home/leonelb/data/quito-metro-eval/air_quality/frozen_2026-05-29/data/processed/satellite/panel_aod_balanced.csv,"code/satellite/laptop_R/05_balance_panels.R:52,103 (also cloud_R/balance_panels_archive.R:45,107)"
/mnt/c/Users/LEONELB/OneDrive - Inter-American Development Bank Group/quito-metro-airquality-2026,air_quality,data/processed/satellite/panel_aod_era5_balanced.dta,ignored,34110535,2a1809af0ecf248934eb0638ca5e76f4728e885ffa30196046a4487b0e83d432,raw,/home/leonelb/data/quito-metro-eval/air_quality/raw/data/processed/satellite/panel_aod_era5_balanced.dta,Stata-era file; no script in the module writes .dta (no write_dta or save in code/); classed raw by the when-in-doubt rule
/mnt/c/Users/LEONELB/OneDrive - Inter-American Development Bank Group/quito-metro-airquality-2026,air_quality,data/processed/satellite/panel_co.csv,ignored,157304909,ac919e16b748db63c6fcf315c28bd97bb0a47edb6382ead113fa79ef2dcd7cbb,derived,/home/leonelb/data/quito-metro-eval/air_quality/frozen_2026-05-29/data/processed/satellite/panel_co.csv,"code/satellite/laptop_R/04_co_panel.R:40,250"
/mnt/c/Users/LEONELB/OneDrive - Inter-American Development Bank Group/quito-metro-airquality-2026,air_quality,data/processed/satellite/panel_co_balanced.csv,ignored,157060376,18199b91015d128a99c98fe2fd5e87344ec110d2f1ce3718bec989f4cd5252c8,derived,/home/leonelb/data/quito-metro-eval/air_quality/frozen_2026-05-29/data/processed/satellite/panel_co_balanced.csv,"code/satellite/laptop_R/05_balance_panels.R:52,103 (also cloud_R/balance_panels_archive.R:45,107)"
/mnt/c/Users/LEONELB/OneDrive - Inter-American Development Bank Group/quito-metro-airquality-2026,air_quality,data/processed/satellite/panel_co_era5_balanced.dta,ignored,59047515,5ae44a9178df246fe84b2673205d6bf0fd551b8f04849ee6830dbcb5af4d30bc,raw,/home/leonelb/data/quito-metro-eval/air_quality/raw/data/processed/satellite/panel_co_era5_balanced.dta,Stata-era file; no script in the module writes .dta (no write_dta or save in code/); classed raw by the when-in-doubt rule
/mnt/c/Users/LEONELB/OneDrive - Inter-American Development Bank Group/quito-metro-airquality-2026,air_quality,data/processed/satellite/panel_hcho_era5_balanced.dta,ignored,55305575,1646dd31b3adaf73e10498f77cf40b80600480c4a53236f47cd417696295cf22,raw,/home/leonelb/data/quito-metro-eval/air_quality/raw/data/processed/satellite/panel_hcho_era5_balanced.dta,Stata-era file; no script in the module writes .dta (no write_dta or save in code/); classed raw by the when-in-doubt rule
/mnt/c/Users/LEONELB/OneDrive - Inter-American Development Bank Group/quito-metro-airquality-2026,air_quality,data/processed/satellite/panel_no2.csv,ignored,182191592,5d49c7289c2d9b54516f3cda3a345a2d321ea68ff6c81c9b60733e3e4c7f8c2f,derived,/home/leonelb/data/quito-metro-eval/air_quality/frozen_2026-05-29/data/processed/satellite/panel_no2.csv,"code/satellite/laptop_R/04_no2_panel.R:37,247"
/mnt/c/Users/LEONELB/OneDrive - Inter-American Development Bank Group/quito-metro-airquality-2026,air_quality,data/processed/satellite/panel_no2_balanced.csv,ignored,160159014,8de71ae0403c107534132980f5f5a22ba49a31c12487f4a0bf3f0c9acd974562,derived,/home/leonelb/data/quito-metro-eval/air_quality/frozen_2026-05-29/data/processed/satellite/panel_no2_balanced.csv,"code/satellite/laptop_R/05_balance_panels.R:52,103 (also cloud_R/balance_panels_archive.R:45,107)"
/mnt/c/Users/LEONELB/OneDrive - Inter-American Development Bank Group/quito-metro-airquality-2026,air_quality,data/processed/satellite/panel_no2_era5_balanced.dta,ignored,50487835,fb35300177da983dfc21b60a6e9f337da8b6072a40a4b4722c253fc27e14a4c8,raw,/home/leonelb/data/quito-metro-eval/air_quality/raw/data/processed/satellite/panel_no2_era5_balanced.dta,Stata-era file; no script in the module writes .dta (no write_dta or save in code/); classed raw by the when-in-doubt rule
/mnt/c/Users/LEONELB/OneDrive - Inter-American Development Bank Group/quito-metro-airquality-2026,air_quality,data/processed/satellite/panel_so2.csv,ignored,170489592,4e0a6dfdcb46ace94b6156017bcf0a9019df39ef96d9ebcbb661642d15ce16ea,derived,/home/leonelb/data/quito-metro-eval/air_quality/frozen_2026-05-29/data/processed/satellite/panel_so2.csv,"code/satellite/laptop_R/04_so2_panel.R:51,268"
/mnt/c/Users/LEONELB/OneDrive - Inter-American Development Bank Group/quito-metro-airquality-2026,air_quality,data/processed/satellite/panel_so2_balanced.csv,ignored,143111595,75a72386518e0a5f6cf52e60efe7f01d30ba84b6bb4d38baadcb2fe0201b7d89,derived,/home/leonelb/data/quito-metro-eval/air_quality/frozen_2026-05-29/data/processed/satellite/panel_so2_balanced.csv,"code/satellite/laptop_R/05_balance_panels.R:52,103 (also cloud_R/balance_panels_archive.R:45,107)"
/mnt/c/Users/LEONELB/OneDrive - Inter-American Development Bank Group/quito-metro-airquality-2026,air_quality,data/processed/satellite/so2_weekly.csv,ignored,357143336,165331cf78810cd97faa108fca0d73e8a52cd0740407a821fc7d04fd372a5b28,derived,/home/leonelb/data/quito-metro-eval/air_quality/frozen_2026-05-29/data/processed/satellite/so2_weekly.csv,code/satellite/python/02b_merge.py:126
/mnt/c/Users/LEONELB/OneDrive - Inter-American Development Bank Group/quito-metro-airquality-2026,air_quality,data/raw/GHS_UCDB/GHSL_UCDB_R2024_V1_1_online.pdf,ignored,3488816,00dbf5ac9a44c59919106cbe01149aea2923e011e9bab0256fd1f9e818546260,raw,/home/leonelb/data/quito-metro-eval/air_quality/raw/data/raw/GHS_UCDB/GHSL_UCDB_R2024_V1_1_online.pdf,external GHS-UCDB release read by code/satellite/python/01_geometries_ucdb.py:52 and laptop_R/01b_donor_pool_selection.py:32; no writer
/mnt/c/Users/LEONELB/OneDrive - Inter-American Development Bank Group/quito-metro-airquality-2026,air_quality,data/raw/GHS_UCDB/GHS_UCDB_REGION_LATIN_AMERICA_AND_THE_CARIBBEAN_R2024A.gpkg,ignored,28868608,675b6c4f72450d67c9339e8099251b772e48b9354a5815adb053016ce80da898,raw,/home/leonelb/data/quito-metro-eval/air_quality/raw/data/raw/GHS_UCDB/GHS_UCDB_REGION_LATIN_AMERICA_AND_THE_CARIBBEAN_R2024A.gpkg,external GHS-UCDB release read by code/satellite/python/01_geometries_ucdb.py:52 and laptop_R/01b_donor_pool_selection.py:32; no writer
/mnt/c/Users/LEONELB/OneDrive - Inter-American Development Bank Group/quito-metro-airquality-2026,air_quality,data/raw/GHS_UCDB/GHS_UCDB_REGION_LATIN_AMERICA_AND_THE_CARIBBEAN_R2024A.pdf,ignored,4741599,09546e2713356e7b860a9986db714aee9635b5ae294770b15f88cba458114519,raw,/home/leonelb/data/quito-metro-eval/air_quality/raw/data/raw/GHS_UCDB/GHS_UCDB_REGION_LATIN_AMERICA_AND_THE_CARIBBEAN_R2024A.pdf,external GHS-UCDB release read by code/satellite/python/01_geometries_ucdb.py:52 and laptop_R/01b_donor_pool_selection.py:32; no writer
/mnt/c/Users/LEONELB/OneDrive - Inter-American Development Bank Group/quito-metro-airquality-2026,air_quality,data/raw/GHS_UCDB/GHS_UCDB_REGION_LATIN_AMERICA_AND_THE_CARIBBEAN_R2024A.xlsx,ignored,19732828,7a3c66aeb5eba3a38e89bc81243d67cf1af8475cf30b90e5af9308b9aaf9ac3d,raw,/home/leonelb/data/quito-metro-eval/air_quality/raw/data/raw/GHS_UCDB/GHS_UCDB_REGION_LATIN_AMERICA_AND_THE_CARIBBEAN_R2024A.xlsx,external GHS-UCDB release read by code/satellite/python/01_geometries_ucdb.py:52 and laptop_R/01b_donor_pool_selection.py:32; no writer
/mnt/c/Users/LEONELB/OneDrive - Inter-American Development Bank Group/quito-metro-airquality-2026,air_quality,data/raw/remmaq/CO.xlsx,ignored,10276231,11a2f977384cd18d40322c724b50a14b474e03e9440c209c32a880a71d2186d3,raw,/home/leonelb/data/quito-metro-eval/air_quality/raw/data/raw/remmaq/CO.xlsx,read by code/local/01_read_and_merge.R:129-141; no script writes data/raw/
/mnt/c/Users/LEONELB/OneDrive - Inter-American Development Bank Group/quito-metro-airquality-2026,air_quality,data/raw/remmaq/DATOSFALTANTESPM2.5_ANALISISMETRO.xlsx,ignored,29808,a1a08e5b99a64b93942950d6101d2ce8e91fb73d8362331b960eebdbe821eaa3,delivery,/home/leonelb/data/quito-metro-eval/air_quality/raw/2026-09-07_secretaria_ambiente_pm25_gapfill/DATOSFALTANTESPM2.5_ANALISISMETRO.xlsx,"copy of a new delivery found inside AQ_SRC; not read by any script; byte-identical to NEW_DATA/DATOSFALTANTESPM2.5_ANALISISMETRO.xlsx, so stored once from NEW_DATA"
/mnt/c/Users/LEONELB/OneDrive - Inter-American Development Bank Group/quito-metro-airquality-2026,air_quality,data/raw/remmaq/DIR.xlsx,ignored,11894189,b5616a5ea8fd2c5009f808b34384701ce4f9adfb27e78277392161bc8e382940,raw,/home/leonelb/data/quito-metro-eval/air_quality/raw/data/raw/remmaq/DIR.xlsx,read by code/local/01_read_and_merge.R:129-141; no script writes data/raw/
/mnt/c/Users/LEONELB/OneDrive - Inter-American Development Bank Group/quito-metro-airquality-2026,air_quality,data/raw/remmaq/HUM.xlsx,ignored,10976530,343040b4214a3796ee749436063e6f48fd474846b4ad80551437d0f0514b72cd,raw,/home/leonelb/data/quito-metro-eval/air_quality/raw/data/raw/remmaq/HUM.xlsx,read by code/local/01_read_and_merge.R:129-141; no script writes data/raw/
/mnt/c/Users/LEONELB/OneDrive - Inter-American Development Bank Group/quito-metro-airquality-2026,air_quality,data/raw/remmaq/IUV.xlsx,ignored,957307,ec200788f7dfdd352721c06d67f11665131e2584b138ea7681fbecec27899977,raw,/home/leonelb/data/quito-metro-eval/air_quality/raw/data/raw/remmaq/IUV.xlsx,no script writes data/raw/ (grep of write calls in code/)
/mnt/c/Users/LEONELB/OneDrive - Inter-American Development Bank Group/quito-metro-airquality-2026,air_quality,data/raw/remmaq/LLU.xlsx,ignored,6542201,b3c370b8bbdab3e00cd16cb272aaade2e8a67659e2f44408a665399d70bf44a1,raw,/home/leonelb/data/quito-metro-eval/air_quality/raw/data/raw/remmaq/LLU.xlsx,read by code/local/01_read_and_merge.R:129-141; no script writes data/raw/
/mnt/c/Users/LEONELB/OneDrive - Inter-American Development Bank Group/quito-metro-airquality-2026,air_quality,data/raw/remmaq/Marco_QAQC_REMMAQ.pdf,ignored,660347,800c876c05b3c2917c9385d21c30a6bec1ca69d17d1ac51380ef8a8f7fa1f1c2,raw,/home/leonelb/data/quito-metro-eval/air_quality/raw/data/raw/remmaq/Marco_QAQC_REMMAQ.pdf,no script writes data/raw/ (grep of write calls in code/)
/mnt/c/Users/LEONELB/OneDrive - Inter-American Development Bank Group/quito-metro-airquality-2026,air_quality,data/raw/remmaq/NO2.xlsx,ignored,10107961,f4764ec613155d062c69ee79f81b974e84d73c28cf4a3e6d131e60533c90384d,raw,/home/leonelb/data/quito-metro-eval/air_quality/raw/data/raw/remmaq/NO2.xlsx,read by code/local/01_read_and_merge.R:129-141; no script writes data/raw/
/mnt/c/Users/LEONELB/OneDrive - Inter-American Development Bank Group/quito-metro-airquality-2026,air_quality,data/raw/remmaq/PM10.xlsx,ignored,2829722,e3a354ed3ab41e222b36d44c80f08d85bb51c271a344104a94a073363b5a0846,raw,/home/leonelb/data/quito-metro-eval/air_quality/raw/data/raw/remmaq/PM10.xlsx,no script writes data/raw/ (grep of write calls in code/)
/mnt/c/Users/LEONELB/OneDrive - Inter-American Development Bank Group/quito-metro-airquality-2026,air_quality,data/raw/remmaq/PM2.5.xlsx,ignored,9929306,f68cf3bd028bfef3577df03048ef9add62d62c076f44bbf70d2c37985df0f58f,raw,/home/leonelb/data/quito-metro-eval/air_quality/raw/data/raw/remmaq/PM2.5.xlsx,read by code/local/01_read_and_merge.R:129-141; no script writes data/raw/
/mnt/c/Users/LEONELB/OneDrive - Inter-American Development Bank Group/quito-metro-airquality-2026,air_quality,data/raw/remmaq/PRE.xlsx,ignored,10424629,85d6b851bb3b9afcb00ca1f8bd14722b14fbbbc5d4e3d593da7cc4b11bcf7065,raw,/home/leonelb/data/quito-metro-eval/air_quality/raw/data/raw/remmaq/PRE.xlsx,read by code/local/01_read_and_merge.R:129-141; no script writes data/raw/
/mnt/c/Users/LEONELB/OneDrive - Inter-American Development Bank Group/quito-metro-airquality-2026,air_quality,data/raw/remmaq/RS.xlsx,ignored,8405432,ccc07e26110bedeed00581390548bdb939c4034092551591d360a54a4ff1cf1a,raw,/home/leonelb/data/quito-metro-eval/air_quality/raw/data/raw/remmaq/RS.xlsx,read by code/local/01_read_and_merge.R:129-141; no script writes data/raw/
/mnt/c/Users/LEONELB/OneDrive - Inter-American Development Bank Group/quito-metro-airquality-2026,air_quality,data/raw/remmaq/SO2.xlsx,ignored,9423862,bfe37ded6fcf98048944cfebdb5a2d391f934988df7ba937025fd3e04a20892e,raw,/home/leonelb/data/quito-metro-eval/air_quality/raw/data/raw/remmaq/SO2.xlsx,read by code/local/01_read_and_merge.R:129-141; no script writes data/raw/
/mnt/c/Users/LEONELB/OneDrive - Inter-American Development Bank Group/quito-metro-airquality-2026,air_quality,data/raw/remmaq/Solicitud de revisión del paper de calidad del aire PLMQ .msg,ignored,201728,b0791f2ca34ae3d0ecd911fc23cfa1ca5f2435494b60df704a9105238bc134d5,delivery,/home/leonelb/data/quito-metro-eval/air_quality/raw/2026-09-07_secretaria_ambiente_pm25_gapfill/copy_found_in_AQ_SRC/Solicitud de revisión del paper de calidad del aire PLMQ .msg,"copy of a new delivery found inside AQ_SRC; not read by any script; differs from every NEW_DATA file, so kept as an extra copy in the delivery folder"
/mnt/c/Users/LEONELB/OneDrive - Inter-American Development Bank Group/quito-metro-airquality-2026,air_quality,data/raw/remmaq/TMP.xlsx,ignored,10660871,a17457b0016666696e42fd86db99e12e9bc60bf500235d1a9b89e4d5fd559dc6,raw,/home/leonelb/data/quito-metro-eval/air_quality/raw/data/raw/remmaq/TMP.xlsx,read by code/local/01_read_and_merge.R:129-141; no script writes data/raw/
/mnt/c/Users/LEONELB/OneDrive - Inter-American Development Bank Group/quito-metro-airquality-2026,air_quality,data/raw/remmaq/VEL.xlsx,ignored,9740781,e16450a627de2492190393f03f2c476657c52530e222accf208776311edc63a6,raw,/home/leonelb/data/quito-metro-eval/air_quality/raw/data/raw/remmaq/VEL.xlsx,read by code/local/01_read_and_merge.R:129-141; no script writes data/raw/
/mnt/c/Users/LEONELB/OneDrive - Inter-American Development Bank Group/quito-metro-airquality-2026,air_quality,data/raw/remmaq/data_provenance_note.txt,ignored,1326,e776b68475a170df9bfc7d91b16058b991f726aad2eb3cef7f5e5bf534761351,raw,/home/leonelb/data/quito-metro-eval/air_quality/raw/data/raw/remmaq/data_provenance_note.txt,no script writes data/raw/ (grep of write calls in code/)
/mnt/c/Users/LEONELB/OneDrive - Inter-American Development Bank Group/quito-metro-airquality-2026,air_quality,data/raw/satellite/aod/AOD_ISO_2022_01_Jan.csv,ignored,9577091,802347fb2c1e918cbf24762fa29f5aba9cae1d6a2b96c7864abc1564e1eef4ac,raw,/home/leonelb/data/quito-metro-eval/air_quality/raw/data/raw/satellite/aod/AOD_ISO_2022_01_Jan.csv,"Earth Engine export read by code/satellite/python/02b_merge.py:46,57; no script writes data/raw/"
/mnt/c/Users/LEONELB/OneDrive - Inter-American Development Bank Group/quito-metro-airquality-2026,air_quality,data/raw/satellite/aod/AOD_ISO_2022_02_Feb.csv,ignored,7940523,ac1a079a41f57de83d2d03b35f3b6290b563d4e13fe60a0cff199d28caa43ce2,raw,/home/leonelb/data/quito-metro-eval/air_quality/raw/data/raw/satellite/aod/AOD_ISO_2022_02_Feb.csv,"Earth Engine export read by code/satellite/python/02b_merge.py:46,57; no script writes data/raw/"
/mnt/c/Users/LEONELB/OneDrive - Inter-American Development Bank Group/quito-metro-airquality-2026,air_quality,data/raw/satellite/aod/AOD_ISO_2022_03_Mar.csv,ignored,7959342,6893ac6c4b38578f5ff9735e372c7d53d631fc7b667bdd6138fbb2e7318f93f2,raw,/home/leonelb/data/quito-metro-eval/air_quality/raw/data/raw/satellite/aod/AOD_ISO_2022_03_Mar.csv,"Earth Engine export read by code/satellite/python/02b_merge.py:46,57; no script writes data/raw/"
/mnt/c/Users/LEONELB/OneDrive - Inter-American Development Bank Group/quito-metro-airquality-2026,air_quality,data/raw/satellite/aod/AOD_ISO_2022_04_Apr.csv,ignored,7899239,422b522b05446fc9e7d4e68258b53eca8d5d71eef0405659f08a368666c84cc2,raw,/home/leonelb/data/quito-metro-eval/air_quality/raw/data/raw/satellite/aod/AOD_ISO_2022_04_Apr.csv,"Earth Engine export read by code/satellite/python/02b_merge.py:46,57; no script writes data/raw/"
/mnt/c/Users/LEONELB/OneDrive - Inter-American Development Bank Group/quito-metro-airquality-2026,air_quality,data/raw/satellite/aod/AOD_ISO_2022_05_May.csv,ignored,9542976,4c22d2422fff31e23b1b084079260334b4c50f07d77c4d415c253a5a18804a6a,raw,/home/leonelb/data/quito-metro-eval/air_quality/raw/data/raw/satellite/aod/AOD_ISO_2022_05_May.csv,"Earth Engine export read by code/satellite/python/02b_merge.py:46,57; no script writes data/raw/"
/mnt/c/Users/LEONELB/OneDrive - Inter-American Development Bank Group/quito-metro-airquality-2026,air_quality,data/raw/satellite/aod/AOD_ISO_2022_06_Jun.csv,ignored,7924067,6297ad92e70a05f34d1997022e2d72a0b18a440c47150322dff7a519b25092da,raw,/home/leonelb/data/quito-metro-eval/air_quality/raw/data/raw/satellite/aod/AOD_ISO_2022_06_Jun.csv,"Earth Engine export read by code/satellite/python/02b_merge.py:46,57; no script writes data/raw/"
/mnt/c/Users/LEONELB/OneDrive - Inter-American Development Bank Group/quito-metro-airquality-2026,air_quality,data/raw/satellite/aod/AOD_ISO_2022_07_Jul.csv,ignored,7983674,d94fe787ee1255334dccfb917ab4db4eefc2305a7eb70266976fc5244613c596,raw,/home/leonelb/data/quito-metro-eval/air_quality/raw/data/raw/satellite/aod/AOD_ISO_2022_07_Jul.csv,"Earth Engine export read by code/satellite/python/02b_merge.py:46,57; no script writes data/raw/"
/mnt/c/Users/LEONELB/OneDrive - Inter-American Development Bank Group/quito-metro-airquality-2026,air_quality,data/raw/satellite/aod/AOD_ISO_2022_08_Aug.csv,ignored,7973154,692d9549fb60669689a52e43d5c7ff93b2b2ef97ccb48cef89c3a5ec7156d411,raw,/home/leonelb/data/quito-metro-eval/air_quality/raw/data/raw/satellite/aod/AOD_ISO_2022_08_Aug.csv,"Earth Engine export read by code/satellite/python/02b_merge.py:46,57; no script writes data/raw/"
/mnt/c/Users/LEONELB/OneDrive - Inter-American Development Bank Group/quito-metro-airquality-2026,air_quality,data/raw/satellite/aod/AOD_ISO_2022_09_Sep.csv,ignored,7943097,a928688cc9b1162b580bdd9df0a4f3ddae5122eaad195722b18ec1eef7812818,raw,/home/leonelb/data/quito-metro-eval/air_quality/raw/data/raw/satellite/aod/AOD_ISO_2022_09_Sep.csv,"Earth Engine export read by code/satellite/python/02b_merge.py:46,57; no script writes data/raw/"
/mnt/c/Users/LEONELB/OneDrive - Inter-American Development Bank Group/quito-metro-airquality-2026,air_quality,data/raw/satellite/aod/AOD_ISO_2022_10_Oct.csv,ignored,9427763,ca79faa1654cd1625e18f77d22dec33ac6f91ca826c3cc264287a672dfbeeba2,raw,/home/leonelb/data/quito-metro-eval/air_quality/raw/data/raw/satellite/aod/AOD_ISO_2022_10_Oct.csv,"Earth Engine export read by code/satellite/python/02b_merge.py:46,57; no script writes data/raw/"
/mnt/c/Users/LEONELB/OneDrive - Inter-American Development Bank Group/quito-metro-airquality-2026,air_quality,data/raw/satellite/aod/AOD_ISO_2022_11_Nov.csv,ignored,7935090,03d57020e52734928ea6cbe89e30edb6e7e7a2ce6f9808cb7c28e453a013d6cd,raw,/home/leonelb/data/quito-metro-eval/air_quality/raw/data/raw/satellite/aod/AOD_ISO_2022_11_Nov.csv,"Earth Engine export read by code/satellite/python/02b_merge.py:46,57; no script writes data/raw/"
/mnt/c/Users/LEONELB/OneDrive - Inter-American Development Bank Group/quito-metro-airquality-2026,air_quality,data/raw/satellite/aod/AOD_ISO_2022_12_Dec.csv,ignored,7955950,e115bf3f2bc6c90b40d3089cf067640e0f2e989e9df249e017c0ec3897615b81,raw,/home/leonelb/data/quito-metro-eval/air_quality/raw/data/raw/satellite/aod/AOD_ISO_2022_12_Dec.csv,"Earth Engine export read by code/satellite/python/02b_merge.py:46,57; no script writes data/raw/"
/mnt/c/Users/LEONELB/OneDrive - Inter-American Development Bank Group/quito-metro-airquality-2026,air_quality,data/raw/satellite/aod/AOD_ISO_2023_01_Jan.csv,ignored,9519585,f1df8bc9aba1c31c6ff8ef62f364db31112ce93609f2014a11b0b6dadad5f27f,raw,/home/leonelb/data/quito-metro-eval/air_quality/raw/data/raw/satellite/aod/AOD_ISO_2023_01_Jan.csv,"Earth Engine export read by code/satellite/python/02b_merge.py:46,57; no script writes data/raw/"
/mnt/c/Users/LEONELB/OneDrive - Inter-American Development Bank Group/quito-metro-airquality-2026,air_quality,data/raw/satellite/aod/AOD_ISO_2023_02_Feb.csv,ignored,7958686,e2c163ea309efab5725b10698c804e2e510e7061d7648daa707b3f9f375344ee,raw,/home/leonelb/data/quito-metro-eval/air_quality/raw/data/raw/satellite/aod/AOD_ISO_2023_02_Feb.csv,"Earth Engine export read by code/satellite/python/02b_merge.py:46,57; no script writes data/raw/"
/mnt/c/Users/LEONELB/OneDrive - Inter-American Development Bank Group/quito-metro-airquality-2026,air_quality,data/raw/satellite/aod/AOD_ISO_2023_03_Mar.csv,ignored,7939107,862ecf9fe53e033a7073f195c0c987507d2d2f53a65f9875de709f2c1c287911,raw,/home/leonelb/data/quito-metro-eval/air_quality/raw/data/raw/satellite/aod/AOD_ISO_2023_03_Mar.csv,"Earth Engine export read by code/satellite/python/02b_merge.py:46,57; no script writes data/raw/"
/mnt/c/Users/LEONELB/OneDrive - Inter-American Development Bank Group/quito-metro-airquality-2026,air_quality,data/raw/satellite/aod/AOD_ISO_2023_04_Apr.csv,ignored,7970020,7c8f8bb927f10f86f2fdba0d9d7deb11fddafdadda9de8ac86cad301511851f8,raw,/home/leonelb/data/quito-metro-eval/air_quality/raw/data/raw/satellite/aod/AOD_ISO_2023_04_Apr.csv,"Earth Engine export read by code/satellite/python/02b_merge.py:46,57; no script writes data/raw/"
/mnt/c/Users/LEONELB/OneDrive - Inter-American Development Bank Group/quito-metro-airquality-2026,air_quality,data/raw/satellite/aod/AOD_ISO_2023_05_May.csv,ignored,7978771,6d42a587594b0e322af511dc33ce88595a457d64d6da27289350420819199461,raw,/home/leonelb/data/quito-metro-eval/air_quality/raw/data/raw/satellite/aod/AOD_ISO_2023_05_May.csv,"Earth Engine export read by code/satellite/python/02b_merge.py:46,57; no script writes data/raw/"
/mnt/c/Users/LEONELB/OneDrive - Inter-American Development Bank Group/quito-metro-airquality-2026,air_quality,data/raw/satellite/aod/AOD_ISO_2023_06_Jun.csv,ignored,7986847,3e376d4c13a552df003b346960c6f99d6f7cd2ceb8cc9c0a60319beb8953df1f,raw,/home/leonelb/data/quito-metro-eval/air_quality/raw/data/raw/satellite/aod/AOD_ISO_2023_06_Jun.csv,"Earth Engine export read by code/satellite/python/02b_merge.py:46,57; no script writes data/raw/"
/mnt/c/Users/LEONELB/OneDrive - Inter-American Development Bank Group/quito-metro-airquality-2026,air_quality,data/raw/satellite/aod/AOD_ISO_2023_07_Jul.csv,ignored,9586614,8f87323bd8b872789f61acf64baca8a5fb91463dd81dc51a18dea15f02050bb0,raw,/home/leonelb/data/quito-metro-eval/air_quality/raw/data/raw/satellite/aod/AOD_ISO_2023_07_Jul.csv,"Earth Engine export read by code/satellite/python/02b_merge.py:46,57; no script writes data/raw/"
/mnt/c/Users/LEONELB/OneDrive - Inter-American Development Bank Group/quito-metro-airquality-2026,air_quality,data/raw/satellite/aod/AOD_ISO_2023_08_Aug.csv,ignored,8009017,a2939d179e20e2d1a46e5330180f3dc5b9fe83ae92b5240ed04752f00feace73,raw,/home/leonelb/data/quito-metro-eval/air_quality/raw/data/raw/satellite/aod/AOD_ISO_2023_08_Aug.csv,"Earth Engine export read by code/satellite/python/02b_merge.py:46,57; no script writes data/raw/"
/mnt/c/Users/LEONELB/OneDrive - Inter-American Development Bank Group/quito-metro-airquality-2026,air_quality,data/raw/satellite/aod/AOD_ISO_2023_09_Sep.csv,ignored,8044439,52b4a778b5699d8a46b7fcfeb06e0d99f45ab55adf652fa35bbbc1e6af61cfae,raw,/home/leonelb/data/quito-metro-eval/air_quality/raw/data/raw/satellite/aod/AOD_ISO_2023_09_Sep.csv,"Earth Engine export read by code/satellite/python/02b_merge.py:46,57; no script writes data/raw/"
/mnt/c/Users/LEONELB/OneDrive - Inter-American Development Bank Group/quito-metro-airquality-2026,air_quality,data/raw/satellite/aod/AOD_ISO_2023_10_Oct.csv,ignored,9570865,aeb1b3bf7998c77025343787ef229d12a222d46a3784b8d0151a52f53dd84558,raw,/home/leonelb/data/quito-metro-eval/air_quality/raw/data/raw/satellite/aod/AOD_ISO_2023_10_Oct.csv,"Earth Engine export read by code/satellite/python/02b_merge.py:46,57; no script writes data/raw/"
/mnt/c/Users/LEONELB/OneDrive - Inter-American Development Bank Group/quito-metro-airquality-2026,air_quality,data/raw/satellite/aod/AOD_ISO_2023_11_Nov.csv,ignored,7993279,f8f98989ee5774615c3b9aa7e3ce617168cb55a25516396070a8febe44bf19bc,raw,/home/leonelb/data/quito-metro-eval/air_quality/raw/data/raw/satellite/aod/AOD_ISO_2023_11_Nov.csv,"Earth Engine export read by code/satellite/python/02b_merge.py:46,57; no script writes data/raw/"
/mnt/c/Users/LEONELB/OneDrive - Inter-American Development Bank Group/quito-metro-airquality-2026,air_quality,data/raw/satellite/aod/AOD_ISO_2023_12_Dec.csv,ignored,7999041,bcb7816ea67ee813245c46f51dd07c301b39e571bf8381aa4f6c1acc3b374ed0,raw,/home/leonelb/data/quito-metro-eval/air_quality/raw/data/raw/satellite/aod/AOD_ISO_2023_12_Dec.csv,"Earth Engine export read by code/satellite/python/02b_merge.py:46,57; no script writes data/raw/"
/mnt/c/Users/LEONELB/OneDrive - Inter-American Development Bank Group/quito-metro-airquality-2026,air_quality,data/raw/satellite/aod/AOD_ISO_2024_01_Jan.csv,ignored,7974471,2ff196e1a7d2f8b00aab2753361ecd39028b741b462f1832a5ae6b15c5e76a18,raw,/home/leonelb/data/quito-metro-eval/air_quality/raw/data/raw/satellite/aod/AOD_ISO_2024_01_Jan.csv,"Earth Engine export read by code/satellite/python/02b_merge.py:46,57; no script writes data/raw/"
/mnt/c/Users/LEONELB/OneDrive - Inter-American Development Bank Group/quito-metro-airquality-2026,air_quality,data/raw/satellite/aod/AOD_ISO_2024_02_Feb.csv,ignored,7977105,2189d332872874b98ebc721ca703d4cb617fbcc0af67a28422046eb38e11f03a,raw,/home/leonelb/data/quito-metro-eval/air_quality/raw/data/raw/satellite/aod/AOD_ISO_2024_02_Feb.csv,"Earth Engine export read by code/satellite/python/02b_merge.py:46,57; no script writes data/raw/"
/mnt/c/Users/LEONELB/OneDrive - Inter-American Development Bank Group/quito-metro-airquality-2026,air_quality,data/raw/satellite/aod/AOD_ISO_2024_03_Mar.csv,ignored,7991341,1432b5f9ee5d455dee256f604db1659eb4bec98b9b023ad48c13417a175018d5,raw,/home/leonelb/data/quito-metro-eval/air_quality/raw/data/raw/satellite/aod/AOD_ISO_2024_03_Mar.csv,"Earth Engine export read by code/satellite/python/02b_merge.py:46,57; no script writes data/raw/"
/mnt/c/Users/LEONELB/OneDrive - Inter-American Development Bank Group/quito-metro-airquality-2026,air_quality,data/raw/satellite/aod/AOD_ISO_2024_04_Apr.csv,ignored,7981451,eaea8dcd830a86d364025d3b63147aae4c206d1018277105afb6c1359a7fe47c,raw,/home/leonelb/data/quito-metro-eval/air_quality/raw/data/raw/satellite/aod/AOD_ISO_2024_04_Apr.csv,"Earth Engine export read by code/satellite/python/02b_merge.py:46,57; no script writes data/raw/"
/mnt/c/Users/LEONELB/OneDrive - Inter-American Development Bank Group/quito-metro-airquality-2026,air_quality,data/raw/satellite/aod/AOD_ISO_2024_05_May.csv,ignored,7975214,aae3e343ee4469a10c9c000f2464414471eb1e6e39805071b5d5864465df2829,raw,/home/leonelb/data/quito-metro-eval/air_quality/raw/data/raw/satellite/aod/AOD_ISO_2024_05_May.csv,"Earth Engine export read by code/satellite/python/02b_merge.py:46,57; no script writes data/raw/"
/mnt/c/Users/LEONELB/OneDrive - Inter-American Development Bank Group/quito-metro-airquality-2026,air_quality,data/raw/satellite/aod/AOD_ISO_2024_06_Jun.csv,ignored,7896479,f48904042f59ea9ffd98ebdabda92aba816591ad1698abf8116396b0241c0101,raw,/home/leonelb/data/quito-metro-eval/air_quality/raw/data/raw/satellite/aod/AOD_ISO_2024_06_Jun.csv,"Earth Engine export read by code/satellite/python/02b_merge.py:46,57; no script writes data/raw/"
/mnt/c/Users/LEONELB/OneDrive - Inter-American Development Bank Group/quito-metro-airquality-2026,air_quality,data/raw/satellite/aod/AOD_ISO_2024_07_Jul.csv,ignored,7972313,7755d58428e753b26eb71cf22da6b27e71e6838861859e1812d5f2b1189aadb9,raw,/home/leonelb/data/quito-metro-eval/air_quality/raw/data/raw/satellite/aod/AOD_ISO_2024_07_Jul.csv,"Earth Engine export read by code/satellite/python/02b_merge.py:46,57; no script writes data/raw/"
/mnt/c/Users/LEONELB/OneDrive - Inter-American Development Bank Group/quito-metro-airquality-2026,air_quality,data/raw/satellite/aod/AOD_ISO_2024_08_Aug.csv,ignored,8034617,f2c45d999699d918894fcb0d8fdd889257c863825de73be79dbc43f4efbde97e,raw,/home/leonelb/data/quito-metro-eval/air_quality/raw/data/raw/satellite/aod/AOD_ISO_2024_08_Aug.csv,"Earth Engine export read by code/satellite/python/02b_merge.py:46,57; no script writes data/raw/"
/mnt/c/Users/LEONELB/OneDrive - Inter-American Development Bank Group/quito-metro-airquality-2026,air_quality,data/raw/satellite/aod/AOD_ISO_2024_09_Sep.csv,ignored,9603309,399cd17a060f29b336bf3a4e523bacedae94238004e74055f2eddbb8fa6bb8bd,raw,/home/leonelb/data/quito-metro-eval/air_quality/raw/data/raw/satellite/aod/AOD_ISO_2024_09_Sep.csv,"Earth Engine export read by code/satellite/python/02b_merge.py:46,57; no script writes data/raw/"
/mnt/c/Users/LEONELB/OneDrive - Inter-American Development Bank Group/quito-metro-airquality-2026,air_quality,data/raw/satellite/aod/AOD_ISO_2024_10_Oct.csv,ignored,7958728,ecef13b466ec2e1dea2e288fb6fe2362fc3a0fda4e6300965ac07a5e57cad413,raw,/home/leonelb/data/quito-metro-eval/air_quality/raw/data/raw/satellite/aod/AOD_ISO_2024_10_Oct.csv,"Earth Engine export read by code/satellite/python/02b_merge.py:46,57; no script writes data/raw/"
/mnt/c/Users/LEONELB/OneDrive - Inter-American Development Bank Group/quito-metro-airquality-2026,air_quality,data/raw/satellite/aod/AOD_ISO_2024_11_Nov.csv,ignored,7950212,b00291fd8086469c236afd1ca70d740d2309f40b0489a577a88419614fcb5f5c,raw,/home/leonelb/data/quito-metro-eval/air_quality/raw/data/raw/satellite/aod/AOD_ISO_2024_11_Nov.csv,"Earth Engine export read by code/satellite/python/02b_merge.py:46,57; no script writes data/raw/"
/mnt/c/Users/LEONELB/OneDrive - Inter-American Development Bank Group/quito-metro-airquality-2026,air_quality,data/raw/satellite/aod/AOD_ISO_2024_12_Dec.csv,ignored,9541899,4be0d4aecc5ad498ed374d1d321df94ff48f77ab7521bcaff56f6f7b0813ccca,raw,/home/leonelb/data/quito-metro-eval/air_quality/raw/data/raw/satellite/aod/AOD_ISO_2024_12_Dec.csv,"Earth Engine export read by code/satellite/python/02b_merge.py:46,57; no script writes data/raw/"
/mnt/c/Users/LEONELB/OneDrive - Inter-American Development Bank Group/quito-metro-airquality-2026,air_quality,data/raw/satellite/aod/AOD_ISO_2025_01_Jan.csv,ignored,7934948,d73301ec789dd2b0ab80185fbbd4abde513015db595df8f4dcae048eeaa59e1a,raw,/home/leonelb/data/quito-metro-eval/air_quality/raw/data/raw/satellite/aod/AOD_ISO_2025_01_Jan.csv,"Earth Engine export read by code/satellite/python/02b_merge.py:46,57; no script writes data/raw/"
/mnt/c/Users/LEONELB/OneDrive - Inter-American Development Bank Group/quito-metro-airquality-2026,air_quality,data/raw/satellite/aod/AOD_ISO_2025_02_Feb.csv,ignored,7935721,c699d80dab5ace94b949ad674e0cdf96e0272d2e733ec12dc1c48ae7d4a1e26b,raw,/home/leonelb/data/quito-metro-eval/air_quality/raw/data/raw/satellite/aod/AOD_ISO_2025_02_Feb.csv,"Earth Engine export read by code/satellite/python/02b_merge.py:46,57; no script writes data/raw/"
/mnt/c/Users/LEONELB/OneDrive - Inter-American Development Bank Group/quito-metro-airquality-2026,air_quality,data/raw/satellite/aod/AOD_ISO_2025_03_Mar.csv,ignored,9559592,c478ea45991442b72f2418aa85b09584adc9c287d092fa73425385f9d56c8869,raw,/home/leonelb/data/quito-metro-eval/air_quality/raw/data/raw/satellite/aod/AOD_ISO_2025_03_Mar.csv,"Earth Engine export read by code/satellite/python/02b_merge.py:46,57; no script writes data/raw/"
/mnt/c/Users/LEONELB/OneDrive - Inter-American Development Bank Group/quito-metro-airquality-2026,air_quality,data/raw/satellite/aod/AOD_ISO_2025_04_Apr.csv,ignored,7982681,fa02941cacea7eeaa05b709d59f36993c34a170e755d6f409ac98a5a60f96c86,raw,/home/leonelb/data/quito-metro-eval/air_quality/raw/data/raw/satellite/aod/AOD_ISO_2025_04_Apr.csv,"Earth Engine export read by code/satellite/python/02b_merge.py:46,57; no script writes data/raw/"
/mnt/c/Users/LEONELB/OneDrive - Inter-American Development Bank Group/quito-metro-airquality-2026,air_quality,data/raw/satellite/aod/AOD_ISO_2025_05_May.csv,ignored,7990544,44165052c16f8e51263e7ded9efdd09f92241272e56af54556ef6f49a588ff7b,raw,/home/leonelb/data/quito-metro-eval/air_quality/raw/data/raw/satellite/aod/AOD_ISO_2025_05_May.csv,"Earth Engine export read by code/satellite/python/02b_merge.py:46,57; no script writes data/raw/"
/mnt/c/Users/LEONELB/OneDrive - Inter-American Development Bank Group/quito-metro-airquality-2026,air_quality,data/raw/satellite/aod/AOD_ISO_2025_06_Jun.csv,ignored,9503423,2c658314a1041f51fdda152509bda99549eac86f4f0a406d3984445f9b78558c,raw,/home/leonelb/data/quito-metro-eval/air_quality/raw/data/raw/satellite/aod/AOD_ISO_2025_06_Jun.csv,"Earth Engine export read by code/satellite/python/02b_merge.py:46,57; no script writes data/raw/"
/mnt/c/Users/LEONELB/OneDrive - Inter-American Development Bank Group/quito-metro-airquality-2026,air_quality,data/raw/satellite/aod/AOD_ISO_2025_07_Jul.csv,ignored,8006818,c9346c08e7b52df6951a6b902750d0de5ee67be5b2ae8221cdd67c3680e0c184,raw,/home/leonelb/data/quito-metro-eval/air_quality/raw/data/raw/satellite/aod/AOD_ISO_2025_07_Jul.csv,"Earth Engine export read by code/satellite/python/02b_merge.py:46,57; no script writes data/raw/"
/mnt/c/Users/LEONELB/OneDrive - Inter-American Development Bank Group/quito-metro-airquality-2026,air_quality,data/raw/satellite/aod/AOD_ISO_2025_08_Aug.csv,ignored,8034894,82073ae6a40f9348d5d1349798ca0acbd71d631ebda17efaff4ac4ba1b3b690d,raw,/home/leonelb/data/quito-metro-eval/air_quality/raw/data/raw/satellite/aod/AOD_ISO_2025_08_Aug.csv,"Earth Engine export read by code/satellite/python/02b_merge.py:46,57; no script writes data/raw/"
/mnt/c/Users/LEONELB/OneDrive - Inter-American Development Bank Group/quito-metro-airquality-2026,air_quality,data/raw/satellite/aod/AOD_ISO_2025_09_Sep.csv,ignored,7988003,0f7302b65752f0840c4ac1df0852971a416e1147336c110e14bc3ada1db2d63d,raw,/home/leonelb/data/quito-metro-eval/air_quality/raw/data/raw/satellite/aod/AOD_ISO_2025_09_Sep.csv,"Earth Engine export read by code/satellite/python/02b_merge.py:46,57; no script writes data/raw/"
/mnt/c/Users/LEONELB/OneDrive - Inter-American Development Bank Group/quito-metro-airquality-2026,air_quality,data/raw/satellite/aod/AOD_ISO_2025_10_Oct.csv,ignored,7964700,62c3c3ae50c8fdfbbb101bf39036fe26ad9208ef65edc20e6f3ee69c059a894d,raw,/home/leonelb/data/quito-metro-eval/air_quality/raw/data/raw/satellite/aod/AOD_ISO_2025_10_Oct.csv,"Earth Engine export read by code/satellite/python/02b_merge.py:46,57; no script writes data/raw/"
/mnt/c/Users/LEONELB/OneDrive - Inter-American Development Bank Group/quito-metro-airquality-2026,air_quality,data/raw/satellite/aod/AOD_ISO_2025_11_Nov.csv,ignored,7983113,5690ee1520902e9a91fca2c40c3ed571d96d26a7db3019a1d87f1afda56b9137,raw,/home/leonelb/data/quito-metro-eval/air_quality/raw/data/raw/satellite/aod/AOD_ISO_2025_11_Nov.csv,"Earth Engine export read by code/satellite/python/02b_merge.py:46,57; no script writes data/raw/"
/mnt/c/Users/LEONELB/OneDrive - Inter-American Development Bank Group/quito-metro-airquality-2026,air_quality,data/raw/satellite/aod/AOD_ISO_2025_12_Dec.csv,ignored,8020511,9acb22519aa8c99a70f27f7d8c47423a1206c79fe5732df1079ab7625298ad9d,raw,/home/leonelb/data/quito-metro-eval/air_quality/raw/data/raw/satellite/aod/AOD_ISO_2025_12_Dec.csv,"Earth Engine export read by code/satellite/python/02b_merge.py:46,57; no script writes data/raw/"
/mnt/c/Users/LEONELB/OneDrive - Inter-American Development Bank Group/quito-metro-airquality-2026,air_quality,data/raw/satellite/aod/AOD_ISO_2026_01_Jan.csv,ignored,7984292,be7e373188067e2641f55f5ecfff40cba792198ace463836fd537e5bc21a717f,raw,/home/leonelb/data/quito-metro-eval/air_quality/raw/data/raw/satellite/aod/AOD_ISO_2026_01_Jan.csv,"Earth Engine export read by code/satellite/python/02b_merge.py:46,57; no script writes data/raw/"
/mnt/c/Users/LEONELB/OneDrive - Inter-American Development Bank Group/quito-metro-airquality-2026,air_quality,data/raw/satellite/aod/AOD_ISO_2026_02_Feb.csv,ignored,7948615,029c79ebed42cd109c2e6a8c8b6ebc83261eb82247f38c35118c15634f5203c8,raw,/home/leonelb/data/quito-metro-eval/air_quality/raw/data/raw/satellite/aod/AOD_ISO_2026_02_Feb.csv,"Earth Engine export read by code/satellite/python/02b_merge.py:46,57; no script writes data/raw/"
/mnt/c/Users/LEONELB/OneDrive - Inter-American Development Bank Group/quito-metro-airquality-2026,air_quality,data/raw/satellite/aod/AOD_ISO_2026_03_Mar.csv,ignored,9569485,71e136dd8cb5d6e2150676fe882147c1a3e7b307315d50050571bb5a4a75c706,raw,/home/leonelb/data/quito-metro-eval/air_quality/raw/data/raw/satellite/aod/AOD_ISO_2026_03_Mar.csv,"Earth Engine export read by code/satellite/python/02b_merge.py:46,57; no script writes data/raw/"
/mnt/c/Users/LEONELB/OneDrive - Inter-American Development Bank Group/quito-metro-airquality-2026,air_quality,data/raw/satellite/aod/AOD_ISO_2026_04_Apr.csv,ignored,8005438,99d46aa17abc78498a09fbda3b5672f50c21226f99c7e35253cc239154dc7c0a,raw,/home/leonelb/data/quito-metro-eval/air_quality/raw/data/raw/satellite/aod/AOD_ISO_2026_04_Apr.csv,"Earth Engine export read by code/satellite/python/02b_merge.py:46,57; no script writes data/raw/"
/mnt/c/Users/LEONELB/OneDrive - Inter-American Development Bank Group/quito-metro-airquality-2026,air_quality,data/raw/satellite/co/CO_ISO_2021.csv,ignored,1495375,ec985f1a66bfdfd1c5e989a4de4dcb506f7caf8e302ac78b3925bed1e85df19a,raw,/home/leonelb/data/quito-metro-eval/air_quality/raw/data/raw/satellite/co/CO_ISO_2021.csv,"Earth Engine export read by code/satellite/python/02b_merge.py:46,57; no script writes data/raw/"
/mnt/c/Users/LEONELB/OneDrive - Inter-American Development Bank Group/quito-metro-airquality-2026,air_quality,data/raw/satellite/co/CO_ISO_2022.csv,ignored,77797711,0d97690a8f6447bab48f154992ec15772cf657278e06596bfe7e1e70a44b1ed3,raw,/home/leonelb/data/quito-metro-eval/air_quality/raw/data/raw/satellite/co/CO_ISO_2022.csv,"Earth Engine export read by code/satellite/python/02b_merge.py:46,57; no script writes data/raw/"
/mnt/c/Users/LEONELB/OneDrive - Inter-American Development Bank Group/quito-metro-airquality-2026,air_quality,data/raw/satellite/co/CO_ISO_2023.csv,ignored,77805472,c967260121c8a24f3eeaca17ceb91fc2b499a3877ea179ac4e62549de7c16523,raw,/home/leonelb/data/quito-metro-eval/air_quality/raw/data/raw/satellite/co/CO_ISO_2023.csv,"Earth Engine export read by code/satellite/python/02b_merge.py:46,57; no script writes data/raw/"
/mnt/c/Users/LEONELB/OneDrive - Inter-American Development Bank Group/quito-metro-airquality-2026,air_quality,data/raw/satellite/co/CO_ISO_2024.csv,ignored,79284874,45d5ee68cd67e4dff96bd7bdb5096e85999f7ad728c603f22fbcae25cdd24048,raw,/home/leonelb/data/quito-metro-eval/air_quality/raw/data/raw/satellite/co/CO_ISO_2024.csv,"Earth Engine export read by code/satellite/python/02b_merge.py:46,57; no script writes data/raw/"
/mnt/c/Users/LEONELB/OneDrive - Inter-American Development Bank Group/quito-metro-airquality-2026,air_quality,data/raw/satellite/co/CO_ISO_2025.csv,ignored,77774048,bb362898a89a211667e7a1118519f9869fa816ece76ef8fabb6ebdab4386a126,raw,/home/leonelb/data/quito-metro-eval/air_quality/raw/data/raw/satellite/co/CO_ISO_2025.csv,"Earth Engine export read by code/satellite/python/02b_merge.py:46,57; no script writes data/raw/"
/mnt/c/Users/LEONELB/OneDrive - Inter-American Development Bank Group/quito-metro-airquality-2026,air_quality,data/raw/satellite/co/CO_ISO_2026.csv,ignored,25414547,fc983fa20b4056204ab91e2f30bb8c37444c8b3f83fe85a47cd654342a75db03,raw,/home/leonelb/data/quito-metro-eval/air_quality/raw/data/raw/satellite/co/CO_ISO_2026.csv,"Earth Engine export read by code/satellite/python/02b_merge.py:46,57; no script writes data/raw/"
/mnt/c/Users/LEONELB/OneDrive - Inter-American Development Bank Group/quito-metro-airquality-2026,air_quality,data/raw/satellite/era5l/ERA5L_ISO_2021.csv,ignored,1445410,05421fb0324e0e9bc2d2daa93425a50f490447b71cf1979afacbe0c7198afbbb,raw,/home/leonelb/data/quito-metro-eval/air_quality/raw/data/raw/satellite/era5l/ERA5L_ISO_2021.csv,"Earth Engine export read by code/satellite/python/02b_merge.py:46,57; no script writes data/raw/"
/mnt/c/Users/LEONELB/OneDrive - Inter-American Development Bank Group/quito-metro-airquality-2026,air_quality,data/raw/satellite/era5l/ERA5L_ISO_2022.csv,ignored,75259280,a92cc9ee114cdc4cbfb66b3fb521dec88ff7add147a40b45132ed66f215d1de3,raw,/home/leonelb/data/quito-metro-eval/air_quality/raw/data/raw/satellite/era5l/ERA5L_ISO_2022.csv,"Earth Engine export read by code/satellite/python/02b_merge.py:46,57; no script writes data/raw/"
/mnt/c/Users/LEONELB/OneDrive - Inter-American Development Bank Group/quito-metro-airquality-2026,air_quality,data/raw/satellite/era5l/ERA5L_ISO_2023.csv,ignored,75258656,b870615424bd10f7374e2d939c49c3d342d57fce12df92b8a8ff1f100ba7760f,raw,/home/leonelb/data/quito-metro-eval/air_quality/raw/data/raw/satellite/era5l/ERA5L_ISO_2023.csv,"Earth Engine export read by code/satellite/python/02b_merge.py:46,57; no script writes data/raw/"
/mnt/c/Users/LEONELB/OneDrive - Inter-American Development Bank Group/quito-metro-airquality-2026,air_quality,data/raw/satellite/era5l/ERA5L_ISO_2024.csv,ignored,76762279,c71f3d4b515203b444fa572e1299f1c0f833ecc181131862fdd517ede58939ec,raw,/home/leonelb/data/quito-metro-eval/air_quality/raw/data/raw/satellite/era5l/ERA5L_ISO_2024.csv,"Earth Engine export read by code/satellite/python/02b_merge.py:46,57; no script writes data/raw/"
/mnt/c/Users/LEONELB/OneDrive - Inter-American Development Bank Group/quito-metro-airquality-2026,air_quality,data/raw/satellite/era5l/ERA5L_ISO_2025.csv,ignored,75332656,939a64853c4df68731ef2e0121a6263d9c2a7ff66341023d4eaa4864075b19c7,raw,/home/leonelb/data/quito-metro-eval/air_quality/raw/data/raw/satellite/era5l/ERA5L_ISO_2025.csv,"Earth Engine export read by code/satellite/python/02b_merge.py:46,57; no script writes data/raw/"
/mnt/c/Users/LEONELB/OneDrive - Inter-American Development Bank Group/quito-metro-airquality-2026,air_quality,data/raw/satellite/era5l/ERA5L_ISO_2026.csv,ignored,24621171,04f46e3021892b09ba8a296610f21e87980121901a9b3ebcdbbc787e69075805,raw,/home/leonelb/data/quito-metro-eval/air_quality/raw/data/raw/satellite/era5l/ERA5L_ISO_2026.csv,"Earth Engine export read by code/satellite/python/02b_merge.py:46,57; no script writes data/raw/"
/mnt/c/Users/LEONELB/OneDrive - Inter-American Development Bank Group/quito-metro-airquality-2026,air_quality,data/raw/satellite/no2/NO2_ISO_2021.csv,ignored,1613250,892f7d1dcfd50d36d0cf37f75fe4efff8d00d3d62f307e8e28215a17e24dc825,raw,/home/leonelb/data/quito-metro-eval/air_quality/raw/data/raw/satellite/no2/NO2_ISO_2021.csv,"Earth Engine export read by code/satellite/python/02b_merge.py:46,57; no script writes data/raw/"
/mnt/c/Users/LEONELB/OneDrive - Inter-American Development Bank Group/quito-metro-airquality-2026,air_quality,data/raw/satellite/no2/NO2_ISO_2022.csv,ignored,83892770,e016a5e891c31c1b80b34baf328491cfb1eb590a958bb31c1b3f610738ad8652,raw,/home/leonelb/data/quito-metro-eval/air_quality/raw/data/raw/satellite/no2/NO2_ISO_2022.csv,"Earth Engine export read by code/satellite/python/02b_merge.py:46,57; no script writes data/raw/"
/mnt/c/Users/LEONELB/OneDrive - Inter-American Development Bank Group/quito-metro-airquality-2026,air_quality,data/raw/satellite/no2/NO2_ISO_2023.csv,ignored,83955940,b9345737773cdc9c71ae01959aaf72781050fb2efcf72924c62a427aee5aa3e3,raw,/home/leonelb/data/quito-metro-eval/air_quality/raw/data/raw/satellite/no2/NO2_ISO_2023.csv,"Earth Engine export read by code/satellite/python/02b_merge.py:46,57; no script writes data/raw/"
/mnt/c/Users/LEONELB/OneDrive - Inter-American Development Bank Group/quito-metro-airquality-2026,air_quality,data/raw/satellite/no2/NO2_ISO_2024.csv,ignored,85536177,f3c241f9f6e98eb650854836510d0ec4ecee8a841575480ec862998a00e1d3d9,raw,/home/leonelb/data/quito-metro-eval/air_quality/raw/data/raw/satellite/no2/NO2_ISO_2024.csv,"Earth Engine export read by code/satellite/python/02b_merge.py:46,57; no script writes data/raw/"
/mnt/c/Users/LEONELB/OneDrive - Inter-American Development Bank Group/quito-metro-airquality-2026,air_quality,data/raw/satellite/no2/NO2_ISO_2025.csv,ignored,83649495,f4e05c6a6e561f73fe1658779c03f78502a44c7848cc1a527ea408f6f5b0e833,raw,/home/leonelb/data/quito-metro-eval/air_quality/raw/data/raw/satellite/no2/NO2_ISO_2025.csv,"Earth Engine export read by code/satellite/python/02b_merge.py:46,57; no script writes data/raw/"
/mnt/c/Users/LEONELB/OneDrive - Inter-American Development Bank Group/quito-metro-airquality-2026,air_quality,data/raw/satellite/no2/NO2_ISO_2026.csv,ignored,27429071,4b3fb60d44782d12edf438588e3938986ab3049951b2b355c3e1b893a4aedcc0,raw,/home/leonelb/data/quito-metro-eval/air_quality/raw/data/raw/satellite/no2/NO2_ISO_2026.csv,"Earth Engine export read by code/satellite/python/02b_merge.py:46,57; no script writes data/raw/"
/mnt/c/Users/LEONELB/OneDrive - Inter-American Development Bank Group/quito-metro-airquality-2026,air_quality,data/raw/satellite/so2/SO2_ISO_2021.csv,ignored,1553096,2c7d95538dafb9b96a47c54622febe15ba90ca8ed9b555303f6365d8cc0c42c8,raw,/home/leonelb/data/quito-metro-eval/air_quality/raw/data/raw/satellite/so2/SO2_ISO_2021.csv,"Earth Engine export read by code/satellite/python/02b_merge.py:46,57; no script writes data/raw/"
/mnt/c/Users/LEONELB/OneDrive - Inter-American Development Bank Group/quito-metro-airquality-2026,air_quality,data/raw/satellite/so2/SO2_ISO_2022.csv,ignored,80679428,118deeabe6457da6959b3335929c545b5bd9191e0771ecf92750785987913601,raw,/home/leonelb/data/quito-metro-eval/air_quality/raw/data/raw/satellite/so2/SO2_ISO_2022.csv,"Earth Engine export read by code/satellite/python/02b_merge.py:46,57; no script writes data/raw/"
/mnt/c/Users/LEONELB/OneDrive - Inter-American Development Bank Group/quito-metro-airquality-2026,air_quality,data/raw/satellite/so2/SO2_ISO_2023.csv,ignored,80903647,e8b9f9420d8037fa34efdd19bb922d55b3746f71bb92f72cbd01529dbbb85ab2,raw,/home/leonelb/data/quito-metro-eval/air_quality/raw/data/raw/satellite/so2/SO2_ISO_2023.csv,"Earth Engine export read by code/satellite/python/02b_merge.py:46,57; no script writes data/raw/"
/mnt/c/Users/LEONELB/OneDrive - Inter-American Development Bank Group/quito-metro-airquality-2026,air_quality,data/raw/satellite/so2/SO2_ISO_2024.csv,ignored,82403943,a74c3deb6baf0ded9b9b680d70f6f74191c559b4f0cc389a0928d0af34111893,raw,/home/leonelb/data/quito-metro-eval/air_quality/raw/data/raw/satellite/so2/SO2_ISO_2024.csv,"Earth Engine export read by code/satellite/python/02b_merge.py:46,57; no script writes data/raw/"
/mnt/c/Users/LEONELB/OneDrive - Inter-American Development Bank Group/quito-metro-airquality-2026,air_quality,data/raw/satellite/so2/SO2_ISO_2025.csv,ignored,80774830,6f164e31c09837725d923072dfa2eece61361d2a7eb421d9087bee8397af95b6,raw,/home/leonelb/data/quito-metro-eval/air_quality/raw/data/raw/satellite/so2/SO2_ISO_2025.csv,"Earth Engine export read by code/satellite/python/02b_merge.py:46,57; no script writes data/raw/"
/mnt/c/Users/LEONELB/OneDrive - Inter-American Development Bank Group/quito-metro-airquality-2026,air_quality,data/raw/satellite/so2/SO2_ISO_2026.csv,ignored,26456915,9d887ed89c99f6f91a13127f9182d12b6e1faf190b26f2b021e2dfcd37d96656,raw,/home/leonelb/data/quito-metro-eval/air_quality/raw/data/raw/satellite/so2/SO2_ISO_2026.csv,"Earth Engine export read by code/satellite/python/02b_merge.py:46,57; no script writes data/raw/"
/mnt/c/Users/LEONELB/OneDrive - Inter-American Development Bank Group/quito-metro-airquality-2026,air_quality,output/local/tables.zip,ignored,371615,9dd1333a14937ab8372d104a88f86ca084d62f0db4bfb26a2216bdb672ae9090,output,/home/leonelb/data/quito-metro-eval/air_quality/frozen_2026-05-29/output/local/tables.zip,file in an output folder
/mnt/c/Users/LEONELB/OneDrive - Inter-American Development Bank Group/quito-metro-airquality-2026,air_quality,data/traffic-accidents/Copy of REPORTE 2026-175 MATRIZ SINIESTRALIDAD DMQ 2021-2026.xlsx,untracked,4872380,b03c7e77d43666aeea3a92adcb7a0064bc9280244c49745bbfde81940a476ecb,delivery,/home/leonelb/data/quito-metro-eval/road_safety/raw/2026-09-23_amt_siniestros/copy_found_in_AQ_SRC/Copy of REPORTE 2026-175 MATRIZ SINIESTRALIDAD DMQ 2021-2026.xlsx,"copy of a new delivery found inside AQ_SRC; not read by any script; differs from every NEW_DATA file, so kept as an extra copy in the delivery folder"
/mnt/c/Users/LEONELB/OneDrive - Inter-American Development Bank Group/quito-metro-airquality-2026,air_quality,data/traffic-accidents/RE Solicitud de datos de siniestros de tránsito del DMQ para la evaluación de impacto del Metro de Quito.msg,untracked,5145600,9223216ae1586ab7b22b65dd594dd27d74b037788341c99272c51b7dd06eeffa,delivery,/home/leonelb/data/quito-metro-eval/road_safety/raw/2026-09-23_amt_siniestros/copy_found_in_AQ_SRC/RE Solicitud de datos de siniestros de tránsito del DMQ para la evaluación de impacto del Metro de Quito.msg,"copy of a new delivery found inside AQ_SRC; not read by any script; differs from every NEW_DATA file, so kept as an extra copy in the delivery folder"
/mnt/c/Users/LEONELB/OneDrive - Inter-American Development Bank Group/quito-metro-airquality-2026,air_quality,output/local/crosssample/CrossSample_Summary_CO.csv,untracked,10737,d1adf61c1917da519ba781ecd7e6308c94a9e692356e7b16a5938ccd81295605,output,/home/leonelb/data/quito-metro-eval/air_quality/frozen_2026-05-29/output/local/crosssample/CrossSample_Summary_CO.csv,file in an output folder
/mnt/c/Users/LEONELB/OneDrive - Inter-American Development Bank Group/quito-metro-airquality-2026,air_quality,output/local/crosssample/CrossSample_Summary_NO2.csv,untracked,10733,1df3db22a50326f9dcc664793cb49a178279f7ca9d703d419e7a51c6f078a301,output,/home/leonelb/data/quito-metro-eval/air_quality/frozen_2026-05-29/output/local/crosssample/CrossSample_Summary_NO2.csv,file in an output folder
/mnt/c/Users/LEONELB/OneDrive - Inter-American Development Bank Group/quito-metro-airquality-2026,air_quality,output/local/crosssample/CrossSample_Summary_PM25.csv,untracked,11436,1593625cb56990419669b90b23da4208ebf7904600b57ec6ab3b40a9cb9e833e,output,/home/leonelb/data/quito-metro-eval/air_quality/frozen_2026-05-29/output/local/crosssample/CrossSample_Summary_PM25.csv,file in an output folder
/mnt/c/Users/LEONELB/OneDrive - Inter-American Development Bank Group/quito-metro-airquality-2026,air_quality,output/local/crosssample/CrossSample_Summary_SO2.csv,untracked,10735,754222705d2fb1e7432bbff1b732af2583d3e3e51d24733ef3f94993a84112e1,output,/home/leonelb/data/quito-metro-eval/air_quality/frozen_2026-05-29/output/local/crosssample/CrossSample_Summary_SO2.csv,file in an output folder
/mnt/c/Users/LEONELB/OneDrive - Inter-American Development Bank Group/quito-metro-airquality-2026,air_quality,output/local/figures/descriptives_time_series_edit.png,untracked,202578,eccd2783ada302a587daf687e4d70f77ca0bc3a3da430a53b648b1f7c11e661b,output,/home/leonelb/data/quito-metro-eval/air_quality/frozen_2026-05-29/output/local/figures/descriptives_time_series_edit.png,file in an output folder
/mnt/c/Users/LEONELB/OneDrive - Inter-American Development Bank Group/quito-metro-airquality-2026,air_quality,output/local/figures/fig_pm25_eventstudy.pdf,untracked,6527,73574fe48993a9ecd4699de23e561db36980727ab7002019ccb5e1e1e0c046d9,output,/home/leonelb/data/quito-metro-eval/air_quality/frozen_2026-05-29/output/local/figures/fig_pm25_eventstudy.pdf,file in an output folder
/mnt/c/Users/LEONELB/OneDrive - Inter-American Development Bank Group/quito-metro-airquality-2026,air_quality,output/local/figures/fig_pm25_eventstudy.png,untracked,65282,3c4b78e5969de0305dd86c6a799c2020fbb87c11aac6aefd15712da1bd428858,output,/home/leonelb/data/quito-metro-eval/air_quality/frozen_2026-05-29/output/local/figures/fig_pm25_eventstudy.png,file in an output folder
/mnt/c/Users/LEONELB/OneDrive - Inter-American Development Bank Group/quito-metro-airquality-2026,air_quality,output/local/spatial_placebo/spatial_placebo_PM25_M5b_conformalp.csv,untracked,4289,962428ef73b648a23f6b4575db7445212b529d74afb1a85e7ce8f891e333f288,output,/home/leonelb/data/quito-metro-eval/air_quality/frozen_2026-05-29/output/local/spatial_placebo/spatial_placebo_PM25_M5b_conformalp.csv,file in an output folder
/mnt/c/Users/LEONELB/OneDrive - Inter-American Development Bank Group/quito-metro-airquality-2026,air_quality,output/local/spatial_placebo/spatial_placebo_PM25_M5b_conformalp_log.txt,untracked,603,445935f6cd7a24c8c85e6b700c53d361c4f08ece8fbb4005b49fc8923e298c21,output,/home/leonelb/data/quito-metro-eval/air_quality/frozen_2026-05-29/output/local/spatial_placebo/spatial_placebo_PM25_M5b_conformalp_log.txt,file in an output folder
/mnt/c/Users/LEONELB/OneDrive - Inter-American Development Bank Group/quito-metro-airquality-2026,air_quality,output/local/spatial_placebo/spatial_placebo_PM25_M8b_conformalp.csv,untracked,4599,3e278eebe52d6725beddb176f193234eff8a543bd35ab60d797d533fb36dcbfc,output,/home/leonelb/data/quito-metro-eval/air_quality/frozen_2026-05-29/output/local/spatial_placebo/spatial_placebo_PM25_M8b_conformalp.csv,file in an output folder
/mnt/c/Users/LEONELB/OneDrive - Inter-American Development Bank Group/quito-metro-airquality-2026,air_quality,output/local/spatial_placebo/spatial_placebo_PM25_M8b_conformalp_log.txt,untracked,653,abbde40f4c84efb3909b7ae981cc28495c2b3ade5a8f11163c649cd4b791ec51,output,/home/leonelb/data/quito-metro-eval/air_quality/frozen_2026-05-29/output/local/spatial_placebo/spatial_placebo_PM25_M8b_conformalp_log.txt,file in an output folder
/mnt/c/Users/LEONELB/OneDrive - Inter-American Development Bank Group/quito-metro-airquality-2026,air_quality,output/local/spatial_placebo/spatial_placebo_PM25_M8b_noCentroDonor.pdf,untracked,5198,40cb5725f61b108169b9694000b3e4a9d180b99cfeffc70e9565efc48a54d0d2,output,/home/leonelb/data/quito-metro-eval/air_quality/frozen_2026-05-29/output/local/spatial_placebo/spatial_placebo_PM25_M8b_noCentroDonor.pdf,file in an output folder
/mnt/c/Users/LEONELB/OneDrive - Inter-American Development Bank Group/quito-metro-airquality-2026,air_quality,output/maps/fig1_metro_airquality_map.pdf,untracked,953078,8990a8510fcb8170ed1485e09761caa92939c246af96d0b7736b9e9b79df7070,output,/home/leonelb/data/quito-metro-eval/air_quality/frozen_2026-05-29/output/maps/fig1_metro_airquality_map.pdf,file in an output folder
/mnt/c/Users/LEONELB/OneDrive - Inter-American Development Bank Group/quito-metro-airquality-2026,air_quality,output/maps/fig1_metro_airquality_map.png,untracked,8253425,4cb52c566462e5f6613971d2dbb8fd2d0989b8cbd816e106f2fd503a333067bc,output,/home/leonelb/data/quito-metro-eval/air_quality/frozen_2026-05-29/output/maps/fig1_metro_airquality_map.png,file in an output folder
/mnt/c/Users/LEONELB/OneDrive - Inter-American Development Bank Group/quito-metro-airquality-2026,air_quality,output/satellite/figures/F1_time_series.pdf,untracked,25742,e623066ec84433c2268ae44d34c0c0c4cf9964414ead8cbaf43382b08a75d5cc,output,/home/leonelb/data/quito-metro-eval/air_quality/frozen_2026-05-29/output/satellite/figures/F1_time_series.pdf,file in an output folder
/mnt/c/Users/LEONELB/OneDrive - Inter-American Development Bank Group/quito-metro-airquality-2026,air_quality,output/satellite/figures/F1_time_series.png,untracked,101229,a656f1c917ff4d15fd3901b0b3162375cf744e2801aac9a4055bddff804e2d8a,output,/home/leonelb/data/quito-metro-eval/air_quality/frozen_2026-05-29/output/satellite/figures/F1_time_series.png,file in an output folder
/mnt/c/Users/LEONELB/OneDrive - Inter-American Development Bank Group/quito-metro-airquality-2026,air_quality,output/satellite/figures/F2_coverage_over_time.pdf,untracked,10184,f3b43f101f5e941ae1483f8b54d2e336758722fc68e65aa14fc4c07e1159e616,output,/home/leonelb/data/quito-metro-eval/air_quality/frozen_2026-05-29/output/satellite/figures/F2_coverage_over_time.pdf,file in an output folder
/mnt/c/Users/LEONELB/OneDrive - Inter-American Development Bank Group/quito-metro-airquality-2026,air_quality,output/satellite/figures/F2_coverage_over_time.png,untracked,68894,18a128d864f375656b06499a0c436a6d15a056d7f00aee544e746835e7475af2,output,/home/leonelb/data/quito-metro-eval/air_quality/frozen_2026-05-29/output/satellite/figures/F2_coverage_over_time.png,file in an output folder
/mnt/c/Users/LEONELB/OneDrive - Inter-American Development Bank Group/quito-metro-airquality-2026,air_quality,output/satellite/tables/D2_coverage_quality.csv,untracked,922,f2bc2c7601c470b244a829cbc3926d54f8c3b7658ec1703e7bc6b9c1212c71c2,output,/home/leonelb/data/quito-metro-eval/air_quality/frozen_2026-05-29/output/satellite/tables/D2_coverage_quality.csv,file in an output folder
/mnt/c/Users/LEONELB/OneDrive - Inter-American Development Bank Group/quito-metro-airquality-2026,air_quality,output/satellite/tables/D3_sample_construction.csv,untracked,314,6e03d16ab607c27583029c3c47c52a9038673ce2414b7bd059f2a25c8389f0a1,output,/home/leonelb/data/quito-metro-eval/air_quality/frozen_2026-05-29/output/satellite/tables/D3_sample_construction.csv,file in an output folder
/mnt/c/Users/LEONELB/OneDrive - Inter-American Development Bank Group/quito-metro-airquality-2026,air_quality,output/satellite/tables/D4_pretreatment_balance.csv,untracked,14001,80dda544c26a3da6356684b387f47604d415f1755dc75c72ad1a353d341e040c,output,/home/leonelb/data/quito-metro-eval/air_quality/frozen_2026-05-29/output/satellite/tables/D4_pretreatment_balance.csv,file in an output folder
/mnt/c/Users/LEONELB/OneDrive - Inter-American Development Bank Group/quito-metro-airquality-2026,air_quality,output/satellite/tables/D5_pretreatment_outcome.csv,untracked,240,ecdb531f5f34442ae800531dccfc91734c7e1c7d59ced05ff41506a04de8b13e,output,/home/leonelb/data/quito-metro-eval/air_quality/frozen_2026-05-29/output/satellite/tables/D5_pretreatment_outcome.csv,file in an output folder
/mnt/c/Users/LEONELB/OneDrive - Inter-American Development Bank Group/quito-metro-airquality-2026,air_quality,output/satellite/tables/D6_quito_imputation.csv,untracked,245,2bce242fc571b2c89501d4419bdf01f9407f26be5c4ce619af34194b8b1fdb32,output,/home/leonelb/data/quito-metro-eval/air_quality/frozen_2026-05-29/output/satellite/tables/D6_quito_imputation.csv,file in an output folder
/mnt/c/Users/LEONELB/OneDrive - Inter-American Development Bank Group/quito-metro-airquality-2026,air_quality,output/satellite/tables/F1_time_series_data.csv,untracked,30297938,730b61b57652b9c466699336c81369742ad130309fe35e70eedfc68f26c7748b,output,/home/leonelb/data/quito-metro-eval/air_quality/frozen_2026-05-29/output/satellite/tables/F1_time_series_data.csv,file in an output folder
/mnt/c/Users/LEONELB/OneDrive - Inter-American Development Bank Group/quito-metro-airquality-2026,air_quality,output/satellite/tables/F2_coverage_over_time.csv,untracked,28222,bb64f349b15d5981301e52cdbbb1dac21b65aa648749376457698bb8450ac0b6,output,/home/leonelb/data/quito-metro-eval/air_quality/frozen_2026-05-29/output/satellite/tables/F2_coverage_over_time.csv,file in an output folder
/mnt/c/Users/LEONELB/OneDrive - Inter-American Development Bank Group/quito-metro-airquality-2026,air_quality,output/satellite/tables/PreTreatmentFit_All.csv,untracked,28816,1f5980158f11be6481dd1a45610e8a3e44e323af02446c73bb37ff6cd38413e9,output,/home/leonelb/data/quito-metro-eval/air_quality/frozen_2026-05-29/output/satellite/tables/PreTreatmentFit_All.csv,file in an output folder
/mnt/c/Users/LEONELB/OneDrive - Inter-American Development Bank Group/quito-metro-airquality-2026,air_quality,output/satellite/tables/PreTreatmentFit_Paper.csv,untracked,2355,e7df242bd9247eb665a1e800e10f3649f4d5042f6571e08568b85d40584074f8,output,/home/leonelb/data/quito-metro-eval/air_quality/frozen_2026-05-29/output/satellite/tables/PreTreatmentFit_Paper.csv,file in an output folder
/mnt/c/Users/LEONELB/OneDrive - Inter-American Development Bank Group/quito-metro-airquality-2026,air_quality,output/satellite/v4_city_level/logs/AOD_donut.log,untracked,9198,c56f7c871ec4f3b7130605b169e4b39630d7ec3d8392bbb9177bdde375625442,output,/home/leonelb/data/quito-metro-eval/air_quality/frozen_2026-05-29/output/satellite/v4_city_level/logs/AOD_donut.log,file in an output folder
/mnt/c/Users/LEONELB/OneDrive - Inter-American Development Bank Group/quito-metro-airquality-2026,air_quality,output/satellite/v4_city_level/logs/AOD_smoke.log,untracked,22464,2b6aebfad9e4bd033acb442a32a765e8250ebe8d744acf00222c9e06901432db,output,/home/leonelb/data/quito-metro-eval/air_quality/frozen_2026-05-29/output/satellite/v4_city_level/logs/AOD_smoke.log,file in an output folder
/mnt/c/Users/LEONELB/OneDrive - Inter-American Development Bank Group/quito-metro-airquality-2026,air_quality,output/satellite/v4_city_level/logs/CO_master.log,untracked,25857,96ffb92f25714396c43f8a29838f5da1d8fbde3e14c3978be7988c0adfd9d705,output,/home/leonelb/data/quito-metro-eval/air_quality/frozen_2026-05-29/output/satellite/v4_city_level/logs/CO_master.log,file in an output folder
/mnt/c/Users/LEONELB/OneDrive - Inter-American Development Bank Group/quito-metro-airquality-2026,air_quality,output/satellite/v4_city_level/logs/NO2_master.log,untracked,25990,42632833296724e0cde95054865fdee361ab472c5a47b5017432bf84661821a0,output,/home/leonelb/data/quito-metro-eval/air_quality/frozen_2026-05-29/output/satellite/v4_city_level/logs/NO2_master.log,file in an output folder
/mnt/c/Users/LEONELB/OneDrive - Inter-American Development Bank Group/quito-metro-airquality-2026,air_quality,output/satellite/v4_city_level/logs/SO2_master.log,untracked,26091,563453681f29b6a3bd546bf8b585afc0d703730d0b93e19f1d1962fe6179b45b,output,/home/leonelb/data/quito-metro-eval/air_quality/frozen_2026-05-29/output/satellite/v4_city_level/logs/SO2_master.log,file in an output folder
/mnt/c/Users/LEONELB/OneDrive - Inter-American Development Bank Group/quito-metro-airquality-2026,air_quality,output/satellite/v4_city_level/output/AOD/CrossSample_Summary.csv,untracked,13013,c21c8249f8283beac17443aeae1146c5f30ff6724a09fd800e7b24020f99d377,output,/home/leonelb/data/quito-metro-eval/air_quality/frozen_2026-05-29/output/satellite/v4_city_level/output/AOD/CrossSample_Summary.csv,file in an output folder
/mnt/c/Users/LEONELB/OneDrive - Inter-American Development Bank Group/quito-metro-airquality-2026,air_quality,output/satellite/v4_city_level/output/AOD/CrossSample_Summary_AOD.csv,untracked,13013,c21c8249f8283beac17443aeae1146c5f30ff6724a09fd800e7b24020f99d377,output,/home/leonelb/data/quito-metro-eval/air_quality/frozen_2026-05-29/output/satellite/v4_city_level/output/AOD/CrossSample_Summary_AOD.csv,file in an output folder
/mnt/c/Users/LEONELB/OneDrive - Inter-American Development Bank Group/quito-metro-airquality-2026,air_quality,output/satellite/v4_city_level/output/AOD/donut/graphs/EventStudy_AugSynth_FE_N100.png,untracked,81246,6d6d7a48fc9c5615aa98c15c26b156086d86dca9e7410d6751e0df1359cd8af3,output,/home/leonelb/data/quito-metro-eval/air_quality/frozen_2026-05-29/output/satellite/v4_city_level/output/AOD/donut/graphs/EventStudy_AugSynth_FE_N100.png,file in an output folder
/mnt/c/Users/LEONELB/OneDrive - Inter-American Development Bank Group/quito-metro-airquality-2026,air_quality,output/satellite/v4_city_level/output/AOD/donut/graphs/EventStudy_AugSynth_FE_N150.png,untracked,84770,2b7562815c8e3feb2c79a7d7937cf47b553c635299c85b3d9ff9a838fe7362cc,output,/home/leonelb/data/quito-metro-eval/air_quality/frozen_2026-05-29/output/satellite/v4_city_level/output/AOD/donut/graphs/EventStudy_AugSynth_FE_N150.png,file in an output folder
/mnt/c/Users/LEONELB/OneDrive - Inter-American Development Bank Group/quito-metro-airquality-2026,air_quality,output/satellite/v4_city_level/output/AOD/donut/graphs/EventStudy_AugSynth_FE_N200.png,untracked,79933,302aaded657088d4edb07a79c788f1450d22e112aaa35500c097ba54241f0db3,output,/home/leonelb/data/quito-metro-eval/air_quality/frozen_2026-05-29/output/satellite/v4_city_level/output/AOD/donut/graphs/EventStudy_AugSynth_FE_N200.png,file in an output folder
/mnt/c/Users/LEONELB/OneDrive - Inter-American Development Bank Group/quito-metro-airquality-2026,air_quality,output/satellite/v4_city_level/output/AOD/donut/graphs/EventStudy_AugSynth_FE_N50.png,untracked,85772,ccdc062fddb1704e5bde8e7fafb6b69f551fa72c36f9c02c44b8cccb02d8f699,output,/home/leonelb/data/quito-metro-eval/air_quality/frozen_2026-05-29/output/satellite/v4_city_level/output/AOD/donut/graphs/EventStudy_AugSynth_FE_N50.png,file in an output folder
/mnt/c/Users/LEONELB/OneDrive - Inter-American Development Bank Group/quito-metro-airquality-2026,air_quality,output/satellite/v4_city_level/output/AOD/donut/graphs/EventStudy_AugSynth_FE_Nall.png,untracked,81120,5fe35e800929d06f453c45588570b25fccc6eb1e62d59cca041ea0d86ae6996c,output,/home/leonelb/data/quito-metro-eval/air_quality/frozen_2026-05-29/output/satellite/v4_city_level/output/AOD/donut/graphs/EventStudy_AugSynth_FE_Nall.png,file in an output folder
/mnt/c/Users/LEONELB/OneDrive - Inter-American Development Bank Group/quito-metro-airquality-2026,air_quality,output/satellite/v4_city_level/output/AOD/donut/graphs/EventStudy_AugSynth_noFE_N100.png,untracked,106532,fa8aba3e068fb8d111103d980a769db4bff4512bb59059ff97234825b0bba1d0,output,/home/leonelb/data/quito-metro-eval/air_quality/frozen_2026-05-29/output/satellite/v4_city_level/output/AOD/donut/graphs/EventStudy_AugSynth_noFE_N100.png,file in an output folder
/mnt/c/Users/LEONELB/OneDrive - Inter-American Development Bank Group/quito-metro-airquality-2026,air_quality,output/satellite/v4_city_level/output/AOD/donut/graphs/EventStudy_AugSynth_noFE_N150.png,untracked,108096,95d7e33271a87ca4c289135e557c027628e0018a5d906cbf96c3e743a9bf580e,output,/home/leonelb/data/quito-metro-eval/air_quality/frozen_2026-05-29/output/satellite/v4_city_level/output/AOD/donut/graphs/EventStudy_AugSynth_noFE_N150.png,file in an output folder
/mnt/c/Users/LEONELB/OneDrive - Inter-American Development Bank Group/quito-metro-airquality-2026,air_quality,output/satellite/v4_city_level/output/AOD/donut/graphs/EventStudy_AugSynth_noFE_N200.png,untracked,108747,5ed57d819f0657380ac1150641987e8c0f4923f43cbd14b6e9bd87a9225890bc,output,/home/leonelb/data/quito-metro-eval/air_quality/frozen_2026-05-29/output/satellite/v4_city_level/output/AOD/donut/graphs/EventStudy_AugSynth_noFE_N200.png,file in an output folder
/mnt/c/Users/LEONELB/OneDrive - Inter-American Development Bank Group/quito-metro-airquality-2026,air_quality,output/satellite/v4_city_level/output/AOD/donut/graphs/EventStudy_AugSynth_noFE_N50.png,untracked,113271,eaf284b536353777af13a46d1a70f26b25ddee5b38a9ed43806517ae64ca897e,output,/home/leonelb/data/quito-metro-eval/air_quality/frozen_2026-05-29/output/satellite/v4_city_level/output/AOD/donut/graphs/EventStudy_AugSynth_noFE_N50.png,file in an output folder
/mnt/c/Users/LEONELB/OneDrive - Inter-American Development Bank Group/quito-metro-airquality-2026,air_quality,output/satellite/v4_city_level/output/AOD/donut/graphs/EventStudy_AugSynth_noFE_Nall.png,untracked,110834,b7e5470201b6450de02bc5f698008c9c0b2c9ca02228c4648acd0571ef91d39c,output,/home/leonelb/data/quito-metro-eval/air_quality/frozen_2026-05-29/output/satellite/v4_city_level/output/AOD/donut/graphs/EventStudy_AugSynth_noFE_Nall.png,file in an output folder
/mnt/c/Users/LEONELB/OneDrive - Inter-American Development Bank Group/quito-metro-airquality-2026,air_quality,output/satellite/v4_city_level/output/AOD/donut/graphs/EventStudy_SC_N100.png,untracked,102515,80d3cb0e972fafd89da794ae4af1011abdcdabe3ae088e394aa908e04772b6dc,output,/home/leonelb/data/quito-metro-eval/air_quality/frozen_2026-05-29/output/satellite/v4_city_level/output/AOD/donut/graphs/EventStudy_SC_N100.png,file in an output folder
/mnt/c/Users/LEONELB/OneDrive - Inter-American Development Bank Group/quito-metro-airquality-2026,air_quality,output/satellite/v4_city_level/output/AOD/donut/graphs/EventStudy_SC_N150.png,untracked,110961,9e5088c8af2e610181c24c20aa645a228f0969fc1e0a1677482a5892565852b3,output,/home/leonelb/data/quito-metro-eval/air_quality/frozen_2026-05-29/output/satellite/v4_city_level/output/AOD/donut/graphs/EventStudy_SC_N150.png,file in an output folder
/mnt/c/Users/LEONELB/OneDrive - Inter-American Development Bank Group/quito-metro-airquality-2026,air_quality,output/satellite/v4_city_level/output/AOD/donut/graphs/EventStudy_SC_N200.png,untracked,108649,1dd2e8c4441770b396e3bfa88162ca1ef7be632f30b5f56b21a9cd0ceb22fce3,output,/home/leonelb/data/quito-metro-eval/air_quality/frozen_2026-05-29/output/satellite/v4_city_level/output/AOD/donut/graphs/EventStudy_SC_N200.png,file in an output folder
/mnt/c/Users/LEONELB/OneDrive - Inter-American Development Bank Group/quito-metro-airquality-2026,air_quality,output/satellite/v4_city_level/output/AOD/donut/graphs/EventStudy_SC_N50.png,untracked,109784,07ab8384441f816013952d2c612c9bcf868360f4f2f287332051dd25708f48dc,output,/home/leonelb/data/quito-metro-eval/air_quality/frozen_2026-05-29/output/satellite/v4_city_level/output/AOD/donut/graphs/EventStudy_SC_N50.png,file in an output folder
/mnt/c/Users/LEONELB/OneDrive - Inter-American Development Bank Group/quito-metro-airquality-2026,air_quality,output/satellite/v4_city_level/output/AOD/donut/graphs/EventStudy_SC_Nall.png,untracked,108826,86fa021c9416ddd8b9aa3873ff375520527b026d7b4217b5fde039b2f6533ab4,output,/home/leonelb/data/quito-metro-eval/air_quality/frozen_2026-05-29/output/satellite/v4_city_level/output/AOD/donut/graphs/EventStudy_SC_Nall.png,file in an output folder
/mnt/c/Users/LEONELB/OneDrive - Inter-American Development Bank Group/quito-metro-airquality-2026,air_quality,output/satellite/v4_city_level/output/AOD/donut/graphs/EventStudy_SDID_N100.png,untracked,109530,610e47be2bd4473f19016036dc7afb591b4bea64e7a46b5e200b8309e27629ae,output,/home/leonelb/data/quito-metro-eval/air_quality/frozen_2026-05-29/output/satellite/v4_city_level/output/AOD/donut/graphs/EventStudy_SDID_N100.png,file in an output folder
/mnt/c/Users/LEONELB/OneDrive - Inter-American Development Bank Group/quito-metro-airquality-2026,air_quality,output/satellite/v4_city_level/output/AOD/donut/graphs/EventStudy_SDID_N150.png,untracked,111663,f3b008ad2ab12ee081404c1bac1ffebbcac523c966d5bb91f68ff6c85fbe1218,output,/home/leonelb/data/quito-metro-eval/air_quality/frozen_2026-05-29/output/satellite/v4_city_level/output/AOD/donut/graphs/EventStudy_SDID_N150.png,file in an output folder
/mnt/c/Users/LEONELB/OneDrive - Inter-American Development Bank Group/quito-metro-airquality-2026,air_quality,output/satellite/v4_city_level/output/AOD/donut/graphs/EventStudy_SDID_N200.png,untracked,108190,e913555a90d54df2be2c356c02b4cfbb88ad18a20908d3ff1696ee1cbba8a5fc,output,/home/leonelb/data/quito-metro-eval/air_quality/frozen_2026-05-29/output/satellite/v4_city_level/output/AOD/donut/graphs/EventStudy_SDID_N200.png,file in an output folder
/mnt/c/Users/LEONELB/OneDrive - Inter-American Development Bank Group/quito-metro-airquality-2026,air_quality,output/satellite/v4_city_level/output/AOD/donut/graphs/EventStudy_SDID_N50.png,untracked,110170,595ccabd57cad24f79d333dbb4896ab38daa6e988fee7f166f7fea41dec633a0,output,/home/leonelb/data/quito-metro-eval/air_quality/frozen_2026-05-29/output/satellite/v4_city_level/output/AOD/donut/graphs/EventStudy_SDID_N50.png,file in an output folder
/mnt/c/Users/LEONELB/OneDrive - Inter-American Development Bank Group/quito-metro-airquality-2026,air_quality,output/satellite/v4_city_level/output/AOD/donut/graphs/EventStudy_SDID_Nall.png,untracked,108459,a8f2fa156f750bb00c003c8b98a2baa723e5a5ae32e17d246731cdcea82fccff,output,/home/leonelb/data/quito-metro-eval/air_quality/frozen_2026-05-29/output/satellite/v4_city_level/output/AOD/donut/graphs/EventStudy_SDID_Nall.png,file in an output folder
/mnt/c/Users/LEONELB/OneDrive - Inter-American Development Bank Group/quito-metro-airquality-2026,air_quality,output/satellite/v4_city_level/output/AOD/donut/graphs/Trajectory_AugSynth_FE_N100.png,untracked,143566,4075f895359b4f670768135646bca420704c8f498e7260326dd607425979a846,output,/home/leonelb/data/quito-metro-eval/air_quality/frozen_2026-05-29/output/satellite/v4_city_level/output/AOD/donut/graphs/Trajectory_AugSynth_FE_N100.png,file in an output folder
/mnt/c/Users/LEONELB/OneDrive - Inter-American Development Bank Group/quito-metro-airquality-2026,air_quality,output/satellite/v4_city_level/output/AOD/donut/graphs/Trajectory_AugSynth_FE_N150.png,untracked,143758,f2787f2d8d3030cf2cf776768a9db4517586da7da99ed91e10fc4018bfd83814,output,/home/leonelb/data/quito-metro-eval/air_quality/frozen_2026-05-29/output/satellite/v4_city_level/output/AOD/donut/graphs/Trajectory_AugSynth_FE_N150.png,file in an output folder
/mnt/c/Users/LEONELB/OneDrive - Inter-American Development Bank Group/quito-metro-airquality-2026,air_quality,output/satellite/v4_city_level/output/AOD/donut/graphs/Trajectory_AugSynth_FE_N200.png,untracked,144154,82f1509ccbdca6a6fcd4fbb03cb2c73f12f2991f0e0f8e3c0a9139ffe5232f74,output,/home/leonelb/data/quito-metro-eval/air_quality/frozen_2026-05-29/output/satellite/v4_city_level/output/AOD/donut/graphs/Trajectory_AugSynth_FE_N200.png,file in an output folder
/mnt/c/Users/LEONELB/OneDrive - Inter-American Development Bank Group/quito-metro-airquality-2026,air_quality,output/satellite/v4_city_level/output/AOD/donut/graphs/Trajectory_AugSynth_FE_N50.png,untracked,138634,fb6db73d4823201fe895096b67e4ed885a10b7df16c38aac842b11377057b439,output,/home/leonelb/data/quito-metro-eval/air_quality/frozen_2026-05-29/output/satellite/v4_city_level/output/AOD/donut/graphs/Trajectory_AugSynth_FE_N50.png,file in an output folder
/mnt/c/Users/LEONELB/OneDrive - Inter-American Development Bank Group/quito-metro-airquality-2026,air_quality,output/satellite/v4_city_level/output/AOD/donut/graphs/Trajectory_AugSynth_FE_Nall.png,untracked,136867,1bad5ab61e7ecc264f8311e762a1cc5747f6251146c6066b69fda4e11cb9944b,output,/home/leonelb/data/quito-metro-eval/air_quality/frozen_2026-05-29/output/satellite/v4_city_level/output/AOD/donut/graphs/Trajectory_AugSynth_FE_Nall.png,file in an output folder
/mnt/c/Users/LEONELB/OneDrive - Inter-American Development Bank Group/quito-metro-airquality-2026,air_quality,output/satellite/v4_city_level/output/AOD/donut/graphs/Trajectory_AugSynth_noFE_N100.png,untracked,137299,b9ca43b13dc99029b7aa540c15436f376f28bc2a49c769e3439670791a0c90cf,output,/home/leonelb/data/quito-metro-eval/air_quality/frozen_2026-05-29/output/satellite/v4_city_level/output/AOD/donut/graphs/Trajectory_AugSynth_noFE_N100.png,file in an output folder
/mnt/c/Users/LEONELB/OneDrive - Inter-American Development Bank Group/quito-metro-airquality-2026,air_quality,output/satellite/v4_city_level/output/AOD/donut/graphs/Trajectory_AugSynth_noFE_N150.png,untracked,140696,c5e2b1fad598803e0889c81d2f7ab01b6ba77707c381cf8599dbb1d02162b04f,output,/home/leonelb/data/quito-metro-eval/air_quality/frozen_2026-05-29/output/satellite/v4_city_level/output/AOD/donut/graphs/Trajectory_AugSynth_noFE_N150.png,file in an output folder
/mnt/c/Users/LEONELB/OneDrive - Inter-American Development Bank Group/quito-metro-airquality-2026,air_quality,output/satellite/v4_city_level/output/AOD/donut/graphs/Trajectory_AugSynth_noFE_N200.png,untracked,141237,160af47332d0957ded53cc57f03fb367c171781315b6b05547980d7b8cddfc98,output,/home/leonelb/data/quito-metro-eval/air_quality/frozen_2026-05-29/output/satellite/v4_city_level/output/AOD/donut/graphs/Trajectory_AugSynth_noFE_N200.png,file in an output folder
/mnt/c/Users/LEONELB/OneDrive - Inter-American Development Bank Group/quito-metro-airquality-2026,air_quality,output/satellite/v4_city_level/output/AOD/donut/graphs/Trajectory_AugSynth_noFE_N50.png,untracked,133844,a389f8291556cf7b95881f30e0ec24383288829f4767b4b99c1bd8f08d27e172,output,/home/leonelb/data/quito-metro-eval/air_quality/frozen_2026-05-29/output/satellite/v4_city_level/output/AOD/donut/graphs/Trajectory_AugSynth_noFE_N50.png,file in an output folder
/mnt/c/Users/LEONELB/OneDrive - Inter-American Development Bank Group/quito-metro-airquality-2026,air_quality,output/satellite/v4_city_level/output/AOD/donut/graphs/Trajectory_AugSynth_noFE_Nall.png,untracked,137917,2093b7c867a02d1a10aa000e75dac3518d522355e4c45ace12ea87cace3554a6,output,/home/leonelb/data/quito-metro-eval/air_quality/frozen_2026-05-29/output/satellite/v4_city_level/output/AOD/donut/graphs/Trajectory_AugSynth_noFE_Nall.png,file in an output folder
/mnt/c/Users/LEONELB/OneDrive - Inter-American Development Bank Group/quito-metro-airquality-2026,air_quality,output/satellite/v4_city_level/output/AOD/donut/graphs/Trajectory_SC_N100.png,untracked,134166,355fbbea3a4a7c5c80d4d8dfe81496b1d348a8a206d0a1bfc372a28135b9f36a,output,/home/leonelb/data/quito-metro-eval/air_quality/frozen_2026-05-29/output/satellite/v4_city_level/output/AOD/donut/graphs/Trajectory_SC_N100.png,file in an output folder
/mnt/c/Users/LEONELB/OneDrive - Inter-American Development Bank Group/quito-metro-airquality-2026,air_quality,output/satellite/v4_city_level/output/AOD/donut/graphs/Trajectory_SC_N150.png,untracked,139333,e9c158500f6500dde85eb16632f3e1c04c400b47aead32af99443f84fab86273,output,/home/leonelb/data/quito-metro-eval/air_quality/frozen_2026-05-29/output/satellite/v4_city_level/output/AOD/donut/graphs/Trajectory_SC_N150.png,file in an output folder
/mnt/c/Users/LEONELB/OneDrive - Inter-American Development Bank Group/quito-metro-airquality-2026,air_quality,output/satellite/v4_city_level/output/AOD/donut/graphs/Trajectory_SC_N200.png,untracked,135674,397d518f681f1d9210969f07e5323e389e811d2f8fafb0aaeaa06247b9f42abd,output,/home/leonelb/data/quito-metro-eval/air_quality/frozen_2026-05-29/output/satellite/v4_city_level/output/AOD/donut/graphs/Trajectory_SC_N200.png,file in an output folder
/mnt/c/Users/LEONELB/OneDrive - Inter-American Development Bank Group/quito-metro-airquality-2026,air_quality,output/satellite/v4_city_level/output/AOD/donut/graphs/Trajectory_SC_N50.png,untracked,130783,6cf6220f3fc6fa5acdffdccc79bbd69288c459addb280feb6d21de29719e6b86,output,/home/leonelb/data/quito-metro-eval/air_quality/frozen_2026-05-29/output/satellite/v4_city_level/output/AOD/donut/graphs/Trajectory_SC_N50.png,file in an output folder
/mnt/c/Users/LEONELB/OneDrive - Inter-American Development Bank Group/quito-metro-airquality-2026,air_quality,output/satellite/v4_city_level/output/AOD/donut/graphs/Trajectory_SC_Nall.png,untracked,135491,a8b5a44f4ab15c5729f2255e7dc8775f06f064b2c7343ed1220077a915a51fc1,output,/home/leonelb/data/quito-metro-eval/air_quality/frozen_2026-05-29/output/satellite/v4_city_level/output/AOD/donut/graphs/Trajectory_SC_Nall.png,file in an output folder
/mnt/c/Users/LEONELB/OneDrive - Inter-American Development Bank Group/quito-metro-airquality-2026,air_quality,output/satellite/v4_city_level/output/AOD/donut/graphs/Trajectory_SDID_N100.png,untracked,127796,53f8beb5789b46ef3fa6240a7fa94162aa6c0575011a25354b7adc0978786e1c,output,/home/leonelb/data/quito-metro-eval/air_quality/frozen_2026-05-29/output/satellite/v4_city_level/output/AOD/donut/graphs/Trajectory_SDID_N100.png,file in an output folder
/mnt/c/Users/LEONELB/OneDrive - Inter-American Development Bank Group/quito-metro-airquality-2026,air_quality,output/satellite/v4_city_level/output/AOD/donut/graphs/Trajectory_SDID_N150.png,untracked,129088,4c3fb5a4e4d6c99a5012479187c06ffc3b3e4f68b6a6c27b47eaeaf78a70669b,output,/home/leonelb/data/quito-metro-eval/air_quality/frozen_2026-05-29/output/satellite/v4_city_level/output/AOD/donut/graphs/Trajectory_SDID_N150.png,file in an output folder
/mnt/c/Users/LEONELB/OneDrive - Inter-American Development Bank Group/quito-metro-airquality-2026,air_quality,output/satellite/v4_city_level/output/AOD/donut/graphs/Trajectory_SDID_N200.png,untracked,129363,699c6d28770279e9f07cb5c737563bf004d279e00d449f45fc5de34dc7185392,output,/home/leonelb/data/quito-metro-eval/air_quality/frozen_2026-05-29/output/satellite/v4_city_level/output/AOD/donut/graphs/Trajectory_SDID_N200.png,file in an output folder
/mnt/c/Users/LEONELB/OneDrive - Inter-American Development Bank Group/quito-metro-airquality-2026,air_quality,output/satellite/v4_city_level/output/AOD/donut/graphs/Trajectory_SDID_N50.png,untracked,128951,9a4d7c7d29b69e927c6fb299c8b931ee7228c3e41e2a1952a20252afbb1a2b0f,output,/home/leonelb/data/quito-metro-eval/air_quality/frozen_2026-05-29/output/satellite/v4_city_level/output/AOD/donut/graphs/Trajectory_SDID_N50.png,file in an output folder
/mnt/c/Users/LEONELB/OneDrive - Inter-American Development Bank Group/quito-metro-airquality-2026,air_quality,output/satellite/v4_city_level/output/AOD/donut/graphs/Trajectory_SDID_Nall.png,untracked,129719,ec9db324eacebf0bb92388479c413bf9b1385035c4807da02ead129212c56ed2,output,/home/leonelb/data/quito-metro-eval/air_quality/frozen_2026-05-29/output/satellite/v4_city_level/output/AOD/donut/graphs/Trajectory_SDID_Nall.png,file in an output folder
/mnt/c/Users/LEONELB/OneDrive - Inter-American Development Bank Group/quito-metro-airquality-2026,air_quality,output/satellite/v4_city_level/output/AOD/donut/tables/GrandSummary.csv,untracked,4516,849405daa6acb2591c32264ed491329a5e8675477407ba03b80be54b63bcb9dd,output,/home/leonelb/data/quito-metro-eval/air_quality/frozen_2026-05-29/output/satellite/v4_city_level/output/AOD/donut/tables/GrandSummary.csv,file in an output folder
/mnt/c/Users/LEONELB/OneDrive - Inter-American Development Bank Group/quito-metro-airquality-2026,air_quality,output/satellite/v4_city_level/output/AOD/donut/tables/PreTreatmentFit_N100.csv,untracked,431,47581f06dab1b66deb4b624da1139db0a7b8a46d13881cf3de658ef3bf3a6eb6,output,/home/leonelb/data/quito-metro-eval/air_quality/frozen_2026-05-29/output/satellite/v4_city_level/output/AOD/donut/tables/PreTreatmentFit_N100.csv,file in an output folder
/mnt/c/Users/LEONELB/OneDrive - Inter-American Development Bank Group/quito-metro-airquality-2026,air_quality,output/satellite/v4_city_level/output/AOD/donut/tables/PreTreatmentFit_N150.csv,untracked,423,de862aca7769ea4a05e05e45e602610a6d9316cb8edaa7b02bcaec373b4c1d08,output,/home/leonelb/data/quito-metro-eval/air_quality/frozen_2026-05-29/output/satellite/v4_city_level/output/AOD/donut/tables/PreTreatmentFit_N150.csv,file in an output folder
/mnt/c/Users/LEONELB/OneDrive - Inter-American Development Bank Group/quito-metro-airquality-2026,air_quality,output/satellite/v4_city_level/output/AOD/donut/tables/PreTreatmentFit_N200.csv,untracked,424,41b3e5e942210f7c189abf9a2cd73311e8c834774404b7eefdd486711a8fd63f,output,/home/leonelb/data/quito-metro-eval/air_quality/frozen_2026-05-29/output/satellite/v4_city_level/output/AOD/donut/tables/PreTreatmentFit_N200.csv,file in an output folder
/mnt/c/Users/LEONELB/OneDrive - Inter-American Development Bank Group/quito-metro-airquality-2026,air_quality,output/satellite/v4_city_level/output/AOD/donut/tables/PreTreatmentFit_N50.csv,untracked,428,e89f8af3b4bb74c9865c35cabc01104bee9400b29bf7d9ced855b05164f973a4,output,/home/leonelb/data/quito-metro-eval/air_quality/frozen_2026-05-29/output/satellite/v4_city_level/output/AOD/donut/tables/PreTreatmentFit_N50.csv,file in an output folder
/mnt/c/Users/LEONELB/OneDrive - Inter-American Development Bank Group/quito-metro-airquality-2026,air_quality,output/satellite/v4_city_level/output/AOD/donut/tables/PreTreatmentFit_Nall.csv,untracked,423,b49cb984d66849af65a78704b2fb54401b83955e579326cb28ec5577635d0b2d,output,/home/leonelb/data/quito-metro-eval/air_quality/frozen_2026-05-29/output/satellite/v4_city_level/output/AOD/donut/tables/PreTreatmentFit_Nall.csv,file in an output folder
/mnt/c/Users/LEONELB/OneDrive - Inter-American Development Bank Group/quito-metro-airquality-2026,air_quality,output/satellite/v4_city_level/output/AOD/donut/tables/ResidualizationDiagnostics.csv,untracked,167,56f5fa5af8aee25c539f139f792a543deea8e6cc50adb1ac806f049ae7c29c72,output,/home/leonelb/data/quito-metro-eval/air_quality/frozen_2026-05-29/output/satellite/v4_city_level/output/AOD/donut/tables/ResidualizationDiagnostics.csv,file in an output folder
/mnt/c/Users/LEONELB/OneDrive - Inter-American Development Bank Group/quito-metro-airquality-2026,air_quality,output/satellite/v4_city_level/output/AOD/donut/tables/Summary_N100.csv,untracked,984,0b55a86c6835ce4cfdcfb720bdea7e00062555fcf679f9d0cc781af6223193e2,output,/home/leonelb/data/quito-metro-eval/air_quality/frozen_2026-05-29/output/satellite/v4_city_level/output/AOD/donut/tables/Summary_N100.csv,file in an output folder
/mnt/c/Users/LEONELB/OneDrive - Inter-American Development Bank Group/quito-metro-airquality-2026,air_quality,output/satellite/v4_city_level/output/AOD/donut/tables/Summary_N150.csv,untracked,983,765cfef4b954a3ba19a0dc5a23e2a62cb5aea912f9b7a89205b5d5ac41f13985,output,/home/leonelb/data/quito-metro-eval/air_quality/frozen_2026-05-29/output/satellite/v4_city_level/output/AOD/donut/tables/Summary_N150.csv,file in an output folder
/mnt/c/Users/LEONELB/OneDrive - Inter-American Development Bank Group/quito-metro-airquality-2026,air_quality,output/satellite/v4_city_level/output/AOD/donut/tables/Summary_N200.csv,untracked,984,c327a33afd6d5c1f5c91fe79d2afa2452fcf46361e4bcafe1b37b77b001d1e5e,output,/home/leonelb/data/quito-metro-eval/air_quality/frozen_2026-05-29/output/satellite/v4_city_level/output/AOD/donut/tables/Summary_N200.csv,file in an output folder
/mnt/c/Users/LEONELB/OneDrive - Inter-American Development Bank Group/quito-metro-airquality-2026,air_quality,output/satellite/v4_city_level/output/AOD/donut/tables/Summary_N50.csv,untracked,975,b9cdef544af22d65b3aaccd09a12200f48ebb19633d153e4475a144b7f14083e,output,/home/leonelb/data/quito-metro-eval/air_quality/frozen_2026-05-29/output/satellite/v4_city_level/output/AOD/donut/tables/Summary_N50.csv,file in an output folder
/mnt/c/Users/LEONELB/OneDrive - Inter-American Development Bank Group/quito-metro-airquality-2026,air_quality,output/satellite/v4_city_level/output/AOD/donut/tables/Summary_Nall.csv,untracked,989,d000fadf807527ee18632c7108441a87955a968ab3d22454e7b9a2eee0e39403,output,/home/leonelb/data/quito-metro-eval/air_quality/frozen_2026-05-29/output/satellite/v4_city_level/output/AOD/donut/tables/Summary_Nall.csv,file in an output folder
/mnt/c/Users/LEONELB/OneDrive - Inter-American Development Bank Group/quito-metro-airquality-2026,air_quality,output/satellite/v4_city_level/output/AOD/donut/tables/Trajectories_N100.csv,untracked,15936,70756629ef01c7400f489dd4d25930df65c6649ad671c7249a5acbb24a74c1d9,output,/home/leonelb/data/quito-metro-eval/air_quality/frozen_2026-05-29/output/satellite/v4_city_level/output/AOD/donut/tables/Trajectories_N100.csv,file in an output folder
/mnt/c/Users/LEONELB/OneDrive - Inter-American Development Bank Group/quito-metro-airquality-2026,air_quality,output/satellite/v4_city_level/output/AOD/donut/tables/Trajectories_N150.csv,untracked,15976,5f424c1e4aa30766d1790ccc3d39757c561b4508ad49b96434f1ed73b3acb3c7,output,/home/leonelb/data/quito-metro-eval/air_quality/frozen_2026-05-29/output/satellite/v4_city_level/output/AOD/donut/tables/Trajectories_N150.csv,file in an output folder
/mnt/c/Users/LEONELB/OneDrive - Inter-American Development Bank Group/quito-metro-airquality-2026,air_quality,output/satellite/v4_city_level/output/AOD/donut/tables/Trajectories_N200.csv,untracked,15940,e6410150de94e26edec491fff938638ca7af462f298446731534bf34d16af2d3,output,/home/leonelb/data/quito-metro-eval/air_quality/frozen_2026-05-29/output/satellite/v4_city_level/output/AOD/donut/tables/Trajectories_N200.csv,file in an output folder
/mnt/c/Users/LEONELB/OneDrive - Inter-American Development Bank Group/quito-metro-airquality-2026,air_quality,output/satellite/v4_city_level/output/AOD/donut/tables/Trajectories_N50.csv,untracked,15948,5c17311f16f8e6dbcaea2296a24081a4386e87c3766f11ea2ec6c0022e3f9f42,output,/home/leonelb/data/quito-metro-eval/air_quality/frozen_2026-05-29/output/satellite/v4_city_level/output/AOD/donut/tables/Trajectories_N50.csv,file in an output folder
/mnt/c/Users/LEONELB/OneDrive - Inter-American Development Bank Group/quito-metro-airquality-2026,air_quality,output/satellite/v4_city_level/output/AOD/donut/tables/Trajectories_Nall.csv,untracked,15959,356c0a8965ca811a4777318cd50823a033ba68e299b59cde64b6ecef5663b9b8,output,/home/leonelb/data/quito-metro-eval/air_quality/frozen_2026-05-29/output/satellite/v4_city_level/output/AOD/donut/tables/Trajectories_Nall.csv,file in an output folder
/mnt/c/Users/LEONELB/OneDrive - Inter-American Development Bank Group/quito-metro-airquality-2026,air_quality,output/satellite/v4_city_level/output/AOD/donut/tables/Weights_N100.csv,untracked,11360,f27b3897f3ec676be2692adc0e2b0115762009dfbbfa2c1cfb8749ce47040ade,output,/home/leonelb/data/quito-metro-eval/air_quality/frozen_2026-05-29/output/satellite/v4_city_level/output/AOD/donut/tables/Weights_N100.csv,file in an output folder
/mnt/c/Users/LEONELB/OneDrive - Inter-American Development Bank Group/quito-metro-airquality-2026,air_quality,output/satellite/v4_city_level/output/AOD/donut/tables/Weights_N150.csv,untracked,16680,bd71cf081c82400a97765035a15aa1877e8d5fae6ad24631304f2bf0553dd457,output,/home/leonelb/data/quito-metro-eval/air_quality/frozen_2026-05-29/output/satellite/v4_city_level/output/AOD/donut/tables/Weights_N150.csv,file in an output folder
/mnt/c/Users/LEONELB/OneDrive - Inter-American Development Bank Group/quito-metro-airquality-2026,air_quality,output/satellite/v4_city_level/output/AOD/donut/tables/Weights_N200.csv,untracked,21787,f7ce56bcb13c65b21115ef0e9cda8d76323121368cf2bc2d659048357e1ad1fc,output,/home/leonelb/data/quito-metro-eval/air_quality/frozen_2026-05-29/output/satellite/v4_city_level/output/AOD/donut/tables/Weights_N200.csv,file in an output folder
/mnt/c/Users/LEONELB/OneDrive - Inter-American Development Bank Group/quito-metro-airquality-2026,air_quality,output/satellite/v4_city_level/output/AOD/donut/tables/Weights_N50.csv,untracked,5875,23588f94742d58126df18d5e60e7733193aea598247725342af47c4a5b7c69ab,output,/home/leonelb/data/quito-metro-eval/air_quality/frozen_2026-05-29/output/satellite/v4_city_level/output/AOD/donut/tables/Weights_N50.csv,file in an output folder
/mnt/c/Users/LEONELB/OneDrive - Inter-American Development Bank Group/quito-metro-airquality-2026,air_quality,output/satellite/v4_city_level/output/AOD/donut/tables/Weights_Nall.csv,untracked,59656,aee09fcf6332cd3fe97970b835c872f9c4a4cb3b256aff81d30311900ff54246,output,/home/leonelb/data/quito-metro-eval/air_quality/frozen_2026-05-29/output/satellite/v4_city_level/output/AOD/donut/tables/Weights_Nall.csv,file in an output folder
/mnt/c/Users/LEONELB/OneDrive - Inter-American Development Bank Group/quito-metro-airquality-2026,air_quality,output/satellite/v4_city_level/output/AOD/full/graphs/EventStudy_AugSynth_FE_N100.png,untracked,87315,590956b9a581f05a0a9560b1c51f337465bfbc9ce114051c0d3932bef1d56926,output,/home/leonelb/data/quito-metro-eval/air_quality/frozen_2026-05-29/output/satellite/v4_city_level/output/AOD/full/graphs/EventStudy_AugSynth_FE_N100.png,file in an output folder
/mnt/c/Users/LEONELB/OneDrive - Inter-American Development Bank Group/quito-metro-airquality-2026,air_quality,output/satellite/v4_city_level/output/AOD/full/graphs/EventStudy_AugSynth_FE_N150.png,untracked,87240,05c8652c4d4039d624d61104d9b324cfc6bfe67dfee8bdc536c737e93a0bad03,output,/home/leonelb/data/quito-metro-eval/air_quality/frozen_2026-05-29/output/satellite/v4_city_level/output/AOD/full/graphs/EventStudy_AugSynth_FE_N150.png,file in an output folder
/mnt/c/Users/LEONELB/OneDrive - Inter-American Development Bank Group/quito-metro-airquality-2026,air_quality,output/satellite/v4_city_level/output/AOD/full/graphs/EventStudy_AugSynth_FE_N200.png,untracked,83181,beab09c4190f596fa51cd018f0b531cf096f1d6ce2af84aa2a219af6eb5f0127,output,/home/leonelb/data/quito-metro-eval/air_quality/frozen_2026-05-29/output/satellite/v4_city_level/output/AOD/full/graphs/EventStudy_AugSynth_FE_N200.png,file in an output folder
/mnt/c/Users/LEONELB/OneDrive - Inter-American Development Bank Group/quito-metro-airquality-2026,air_quality,output/satellite/v4_city_level/output/AOD/full/graphs/EventStudy_AugSynth_FE_N50.png,untracked,94395,06307b51a2999dbda1a0b00466a6bba12b38aa8e8e2ee64e5c0635996ece0138,output,/home/leonelb/data/quito-metro-eval/air_quality/frozen_2026-05-29/output/satellite/v4_city_level/output/AOD/full/graphs/EventStudy_AugSynth_FE_N50.png,file in an output folder
/mnt/c/Users/LEONELB/OneDrive - Inter-American Development Bank Group/quito-metro-airquality-2026,air_quality,output/satellite/v4_city_level/output/AOD/full/graphs/EventStudy_AugSynth_FE_Nall.png,untracked,85848,ee7152ef00878777f81ad4b2610adc6cf48393f1c0d051de7e17c89aa434d192,output,/home/leonelb/data/quito-metro-eval/air_quality/frozen_2026-05-29/output/satellite/v4_city_level/output/AOD/full/graphs/EventStudy_AugSynth_FE_Nall.png,file in an output folder
/mnt/c/Users/LEONELB/OneDrive - Inter-American Development Bank Group/quito-metro-airquality-2026,air_quality,output/satellite/v4_city_level/output/AOD/full/graphs/EventStudy_AugSynth_noFE_N100.png,untracked,112421,65aa87f05a400f323a574d2ac81d3055d0c99c953bbabda4401f0502c9f5ffbd,output,/home/leonelb/data/quito-metro-eval/air_quality/frozen_2026-05-29/output/satellite/v4_city_level/output/AOD/full/graphs/EventStudy_AugSynth_noFE_N100.png,file in an output folder
/mnt/c/Users/LEONELB/OneDrive - Inter-American Development Bank Group/quito-metro-airquality-2026,air_quality,output/satellite/v4_city_level/output/AOD/full/graphs/EventStudy_AugSynth_noFE_N150.png,untracked,107278,d7d380f6a419fbb900b5abbd160cdfe2b992030494258ae6834ea91ca7421383,output,/home/leonelb/data/quito-metro-eval/air_quality/frozen_2026-05-29/output/satellite/v4_city_level/output/AOD/full/graphs/EventStudy_AugSynth_noFE_N150.png,file in an output folder
/mnt/c/Users/LEONELB/OneDrive - Inter-American Development Bank Group/quito-metro-airquality-2026,air_quality,output/satellite/v4_city_level/output/AOD/full/graphs/EventStudy_AugSynth_noFE_N200.png,untracked,109517,544780768e74b6d5f9a172dd7d43820e1f171015fd3cfd0828dd312e94b13651,output,/home/leonelb/data/quito-metro-eval/air_quality/frozen_2026-05-29/output/satellite/v4_city_level/output/AOD/full/graphs/EventStudy_AugSynth_noFE_N200.png,file in an output folder
/mnt/c/Users/LEONELB/OneDrive - Inter-American Development Bank Group/quito-metro-airquality-2026,air_quality,output/satellite/v4_city_level/output/AOD/full/graphs/EventStudy_AugSynth_noFE_N50.png,untracked,114655,1c097ab0e123841e70d56735f1fddff98086dd67095dc35eac1c5d2fd352f12d,output,/home/leonelb/data/quito-metro-eval/air_quality/frozen_2026-05-29/output/satellite/v4_city_level/output/AOD/full/graphs/EventStudy_AugSynth_noFE_N50.png,file in an output folder
/mnt/c/Users/LEONELB/OneDrive - Inter-American Development Bank Group/quito-metro-airquality-2026,air_quality,output/satellite/v4_city_level/output/AOD/full/graphs/EventStudy_AugSynth_noFE_Nall.png,untracked,113582,9162bd4ef184c18a8af014a61a70c13f1b93606c3c0560e92bd1d623c2880cd3,output,/home/leonelb/data/quito-metro-eval/air_quality/frozen_2026-05-29/output/satellite/v4_city_level/output/AOD/full/graphs/EventStudy_AugSynth_noFE_Nall.png,file in an output folder
/mnt/c/Users/LEONELB/OneDrive - Inter-American Development Bank Group/quito-metro-airquality-2026,air_quality,output/satellite/v4_city_level/output/AOD/full/graphs/EventStudy_SC_N100.png,untracked,104989,dd9bf9418019f11affb5999da367ae72da2c4b2fcf91cdc50d9798b0213e3177,output,/home/leonelb/data/quito-metro-eval/air_quality/frozen_2026-05-29/output/satellite/v4_city_level/output/AOD/full/graphs/EventStudy_SC_N100.png,file in an output folder
/mnt/c/Users/LEONELB/OneDrive - Inter-American Development Bank Group/quito-metro-airquality-2026,air_quality,output/satellite/v4_city_level/output/AOD/full/graphs/EventStudy_SC_N150.png,untracked,111184,1d24b12880022e067121d2e2a2638d2bc7bf2b57cc44a8495faf29d06152cf55,output,/home/leonelb/data/quito-metro-eval/air_quality/frozen_2026-05-29/output/satellite/v4_city_level/output/AOD/full/graphs/EventStudy_SC_N150.png,file in an output folder
/mnt/c/Users/LEONELB/OneDrive - Inter-American Development Bank Group/quito-metro-airquality-2026,air_quality,output/satellite/v4_city_level/output/AOD/full/graphs/EventStudy_SC_N200.png,untracked,111806,b3fa51f42515662baa7bec384b66f5189348fc3da7b699e264b0f962d8fa30b1,output,/home/leonelb/data/quito-metro-eval/air_quality/frozen_2026-05-29/output/satellite/v4_city_level/output/AOD/full/graphs/EventStudy_SC_N200.png,file in an output folder
/mnt/c/Users/LEONELB/OneDrive - Inter-American Development Bank Group/quito-metro-airquality-2026,air_quality,output/satellite/v4_city_level/output/AOD/full/graphs/EventStudy_SC_N50.png,untracked,112607,a7bd8ef8e50b1e3cdf1581b3f2d8586a9006f6ae738db53b5a42733d4bfc72e7,output,/home/leonelb/data/quito-metro-eval/air_quality/frozen_2026-05-29/output/satellite/v4_city_level/output/AOD/full/graphs/EventStudy_SC_N50.png,file in an output folder
/mnt/c/Users/LEONELB/OneDrive - Inter-American Development Bank Group/quito-metro-airquality-2026,air_quality,output/satellite/v4_city_level/output/AOD/full/graphs/EventStudy_SC_Nall.png,untracked,108828,ff55adaba963876bfb7d3c13287a3c09e8b0e72b89767271b599ff1a5842a12e,output,/home/leonelb/data/quito-metro-eval/air_quality/frozen_2026-05-29/output/satellite/v4_city_level/output/AOD/full/graphs/EventStudy_SC_Nall.png,file in an output folder
/mnt/c/Users/LEONELB/OneDrive - Inter-American Development Bank Group/quito-metro-airquality-2026,air_quality,output/satellite/v4_city_level/output/AOD/full/graphs/EventStudy_SDID_N100.png,untracked,111441,fb0722f2897a67dc24948355b6c80fc5aa9c1d62e8fdc0b54393fa6c3a6a638c,output,/home/leonelb/data/quito-metro-eval/air_quality/frozen_2026-05-29/output/satellite/v4_city_level/output/AOD/full/graphs/EventStudy_SDID_N100.png,file in an output folder
/mnt/c/Users/LEONELB/OneDrive - Inter-American Development Bank Group/quito-metro-airquality-2026,air_quality,output/satellite/v4_city_level/output/AOD/full/graphs/EventStudy_SDID_N150.png,untracked,111119,c116bddd08b26429276126040b9d53e4a738d2e785a8453ad0051084dfeb3daf,output,/home/leonelb/data/quito-metro-eval/air_quality/frozen_2026-05-29/output/satellite/v4_city_level/output/AOD/full/graphs/EventStudy_SDID_N150.png,file in an output folder
/mnt/c/Users/LEONELB/OneDrive - Inter-American Development Bank Group/quito-metro-airquality-2026,air_quality,output/satellite/v4_city_level/output/AOD/full/graphs/EventStudy_SDID_N200.png,untracked,111082,485a7ac308ddf710d5539f1342322acaa2f94226d0808cdb3a2ad32b60d29812,output,/home/leonelb/data/quito-metro-eval/air_quality/frozen_2026-05-29/output/satellite/v4_city_level/output/AOD/full/graphs/EventStudy_SDID_N200.png,file in an output folder
/mnt/c/Users/LEONELB/OneDrive - Inter-American Development Bank Group/quito-metro-airquality-2026,air_quality,output/satellite/v4_city_level/output/AOD/full/graphs/EventStudy_SDID_N50.png,untracked,112443,9919023a5b986cd659407acb043aad976c248fc101fbb892c288ebf3da2aae40,output,/home/leonelb/data/quito-metro-eval/air_quality/frozen_2026-05-29/output/satellite/v4_city_level/output/AOD/full/graphs/EventStudy_SDID_N50.png,file in an output folder
/mnt/c/Users/LEONELB/OneDrive - Inter-American Development Bank Group/quito-metro-airquality-2026,air_quality,output/satellite/v4_city_level/output/AOD/full/graphs/EventStudy_SDID_Nall.png,untracked,110557,abc665c8b60c1efeb3e3c594d3dd5813aa1bf9587afe85984b48663fd89df99c,output,/home/leonelb/data/quito-metro-eval/air_quality/frozen_2026-05-29/output/satellite/v4_city_level/output/AOD/full/graphs/EventStudy_SDID_Nall.png,file in an output folder
/mnt/c/Users/LEONELB/OneDrive - Inter-American Development Bank Group/quito-metro-airquality-2026,air_quality,output/satellite/v4_city_level/output/AOD/full/graphs/Trajectory_AugSynth_FE_N100.png,untracked,140441,ab4cc8af53fc37530f30e725dd421a51cb9edf54fc739f9c1db75cf744e63caa,output,/home/leonelb/data/quito-metro-eval/air_quality/frozen_2026-05-29/output/satellite/v4_city_level/output/AOD/full/graphs/Trajectory_AugSynth_FE_N100.png,file in an output folder
/mnt/c/Users/LEONELB/OneDrive - Inter-American Development Bank Group/quito-metro-airquality-2026,air_quality,output/satellite/v4_city_level/output/AOD/full/graphs/Trajectory_AugSynth_FE_N150.png,untracked,141955,5f1146850586df7e93daf7c99070ecf82b60b043c4f66675ee9081b7b9dde457,output,/home/leonelb/data/quito-metro-eval/air_quality/frozen_2026-05-29/output/satellite/v4_city_level/output/AOD/full/graphs/Trajectory_AugSynth_FE_N150.png,file in an output folder
/mnt/c/Users/LEONELB/OneDrive - Inter-American Development Bank Group/quito-metro-airquality-2026,air_quality,output/satellite/v4_city_level/output/AOD/full/graphs/Trajectory_AugSynth_FE_N200.png,untracked,143140,3ce95f041db440c2613d5a4917fc8cd11dde802d26d94f99483b7ed711e4a689,output,/home/leonelb/data/quito-metro-eval/air_quality/frozen_2026-05-29/output/satellite/v4_city_level/output/AOD/full/graphs/Trajectory_AugSynth_FE_N200.png,file in an output folder
/mnt/c/Users/LEONELB/OneDrive - Inter-American Development Bank Group/quito-metro-airquality-2026,air_quality,output/satellite/v4_city_level/output/AOD/full/graphs/Trajectory_AugSynth_FE_N50.png,untracked,142476,9949d4eb49f57a9d6e475203d9871d4804643f55dccf8d798f0ca8211818b71c,output,/home/leonelb/data/quito-metro-eval/air_quality/frozen_2026-05-29/output/satellite/v4_city_level/output/AOD/full/graphs/Trajectory_AugSynth_FE_N50.png,file in an output folder
/mnt/c/Users/LEONELB/OneDrive - Inter-American Development Bank Group/quito-metro-airquality-2026,air_quality,output/satellite/v4_city_level/output/AOD/full/graphs/Trajectory_AugSynth_FE_Nall.png,untracked,139517,016533890d14f297739b9f9ae84e95d5b427ec9f089d015fde177b68cca93004,output,/home/leonelb/data/quito-metro-eval/air_quality/frozen_2026-05-29/output/satellite/v4_city_level/output/AOD/full/graphs/Trajectory_AugSynth_FE_Nall.png,file in an output folder
/mnt/c/Users/LEONELB/OneDrive - Inter-American Development Bank Group/quito-metro-airquality-2026,air_quality,output/satellite/v4_city_level/output/AOD/full/graphs/Trajectory_AugSynth_noFE_N100.png,untracked,136455,ad9b7bcf03a4f7b812b3a40348a536e80f5a71129b4a1b5026ee95dd1c57e225,output,/home/leonelb/data/quito-metro-eval/air_quality/frozen_2026-05-29/output/satellite/v4_city_level/output/AOD/full/graphs/Trajectory_AugSynth_noFE_N100.png,file in an output folder
/mnt/c/Users/LEONELB/OneDrive - Inter-American Development Bank Group/quito-metro-airquality-2026,air_quality,output/satellite/v4_city_level/output/AOD/full/graphs/Trajectory_AugSynth_noFE_N150.png,untracked,140436,eee4a0d9749703be1f464d6996fc681ae43dd332a12b287fcceafaa52823faed,output,/home/leonelb/data/quito-metro-eval/air_quality/frozen_2026-05-29/output/satellite/v4_city_level/output/AOD/full/graphs/Trajectory_AugSynth_noFE_N150.png,file in an output folder
/mnt/c/Users/LEONELB/OneDrive - Inter-American Development Bank Group/quito-metro-airquality-2026,air_quality,output/satellite/v4_city_level/output/AOD/full/graphs/Trajectory_AugSynth_noFE_N200.png,untracked,141022,299f93964aef74ab4276ac2359c010dea593e58f69bf8dbe94813f9486bf87ad,output,/home/leonelb/data/quito-metro-eval/air_quality/frozen_2026-05-29/output/satellite/v4_city_level/output/AOD/full/graphs/Trajectory_AugSynth_noFE_N200.png,file in an output folder
/mnt/c/Users/LEONELB/OneDrive - Inter-American Development Bank Group/quito-metro-airquality-2026,air_quality,output/satellite/v4_city_level/output/AOD/full/graphs/Trajectory_AugSynth_noFE_N50.png,untracked,135434,8fb0f448544dd0b36ffb7d5ecb789e587245b63c78f633fc1157e6369fc4a88d,output,/home/leonelb/data/quito-metro-eval/air_quality/frozen_2026-05-29/output/satellite/v4_city_level/output/AOD/full/graphs/Trajectory_AugSynth_noFE_N50.png,file in an output folder
/mnt/c/Users/LEONELB/OneDrive - Inter-American Development Bank Group/quito-metro-airquality-2026,air_quality,output/satellite/v4_city_level/output/AOD/full/graphs/Trajectory_AugSynth_noFE_Nall.png,untracked,139146,95171c376eac53847805c1045bf5ce9a85717a264f0b4af0b748755af6c1137f,output,/home/leonelb/data/quito-metro-eval/air_quality/frozen_2026-05-29/output/satellite/v4_city_level/output/AOD/full/graphs/Trajectory_AugSynth_noFE_Nall.png,file in an output folder
/mnt/c/Users/LEONELB/OneDrive - Inter-American Development Bank Group/quito-metro-airquality-2026,air_quality,output/satellite/v4_city_level/output/AOD/full/graphs/Trajectory_SC_N100.png,untracked,131176,730a6e0defc34367b4ab19f34c49777b6310681f9e06667e91f668730ffe10b1,output,/home/leonelb/data/quito-metro-eval/air_quality/frozen_2026-05-29/output/satellite/v4_city_level/output/AOD/full/graphs/Trajectory_SC_N100.png,file in an output folder
/mnt/c/Users/LEONELB/OneDrive - Inter-American Development Bank Group/quito-metro-airquality-2026,air_quality,output/satellite/v4_city_level/output/AOD/full/graphs/Trajectory_SC_N150.png,untracked,137658,a0fa1b82dbac3af1a6c08486f60501f1d606fb3d8acbd86930bf9a86180e12c5,output,/home/leonelb/data/quito-metro-eval/air_quality/frozen_2026-05-29/output/satellite/v4_city_level/output/AOD/full/graphs/Trajectory_SC_N150.png,file in an output folder
/mnt/c/Users/LEONELB/OneDrive - Inter-American Development Bank Group/quito-metro-airquality-2026,air_quality,output/satellite/v4_city_level/output/AOD/full/graphs/Trajectory_SC_N200.png,untracked,137835,6863d82f7053a835a45f10c75551c1cd5059aa2669f2fa29edbafa71adece028,output,/home/leonelb/data/quito-metro-eval/air_quality/frozen_2026-05-29/output/satellite/v4_city_level/output/AOD/full/graphs/Trajectory_SC_N200.png,file in an output folder
/mnt/c/Users/LEONELB/OneDrive - Inter-American Development Bank Group/quito-metro-airquality-2026,air_quality,output/satellite/v4_city_level/output/AOD/full/graphs/Trajectory_SC_N50.png,untracked,129295,5b74ee954bb20559767362ffacdb6a2751d931c35c4225af5ac7a2da6cc4527a,output,/home/leonelb/data/quito-metro-eval/air_quality/frozen_2026-05-29/output/satellite/v4_city_level/output/AOD/full/graphs/Trajectory_SC_N50.png,file in an output folder
/mnt/c/Users/LEONELB/OneDrive - Inter-American Development Bank Group/quito-metro-airquality-2026,air_quality,output/satellite/v4_city_level/output/AOD/full/graphs/Trajectory_SC_Nall.png,untracked,134481,ee4285ece28617a168df07a949090be3eb6895487818f97ac41279b1754947ad,output,/home/leonelb/data/quito-metro-eval/air_quality/frozen_2026-05-29/output/satellite/v4_city_level/output/AOD/full/graphs/Trajectory_SC_Nall.png,file in an output folder
/mnt/c/Users/LEONELB/OneDrive - Inter-American Development Bank Group/quito-metro-airquality-2026,air_quality,output/satellite/v4_city_level/output/AOD/full/graphs/Trajectory_SDID_N100.png,untracked,125665,cc2287710ad6d812cdb95839c06cd43d85465d52af6291431549fd426ca2a03f,output,/home/leonelb/data/quito-metro-eval/air_quality/frozen_2026-05-29/output/satellite/v4_city_level/output/AOD/full/graphs/Trajectory_SDID_N100.png,file in an output folder
/mnt/c/Users/LEONELB/OneDrive - Inter-American Development Bank Group/quito-metro-airquality-2026,air_quality,output/satellite/v4_city_level/output/AOD/full/graphs/Trajectory_SDID_N150.png,untracked,126834,c7eb964c6922723250471f8fb2d1442e90bcb60ee15c975875bb2310c4690655,output,/home/leonelb/data/quito-metro-eval/air_quality/frozen_2026-05-29/output/satellite/v4_city_level/output/AOD/full/graphs/Trajectory_SDID_N150.png,file in an output folder
/mnt/c/Users/LEONELB/OneDrive - Inter-American Development Bank Group/quito-metro-airquality-2026,air_quality,output/satellite/v4_city_level/output/AOD/full/graphs/Trajectory_SDID_N200.png,untracked,128088,d05c850ed24253ef33237f6237f6b0c37ab0849ec66b3f42927e95ea619a0cd6,output,/home/leonelb/data/quito-metro-eval/air_quality/frozen_2026-05-29/output/satellite/v4_city_level/output/AOD/full/graphs/Trajectory_SDID_N200.png,file in an output folder
/mnt/c/Users/LEONELB/OneDrive - Inter-American Development Bank Group/quito-metro-airquality-2026,air_quality,output/satellite/v4_city_level/output/AOD/full/graphs/Trajectory_SDID_N50.png,untracked,129039,97cf0ab9d5fccf5432c2540a3b486c7e38997758d58f175e02abe3ec81ea819d,output,/home/leonelb/data/quito-metro-eval/air_quality/frozen_2026-05-29/output/satellite/v4_city_level/output/AOD/full/graphs/Trajectory_SDID_N50.png,file in an output folder
/mnt/c/Users/LEONELB/OneDrive - Inter-American Development Bank Group/quito-metro-airquality-2026,air_quality,output/satellite/v4_city_level/output/AOD/full/graphs/Trajectory_SDID_Nall.png,untracked,128021,56e085daeefa9de48939a9686734b52e6da96e751ebc20e31f2da553b9042469,output,/home/leonelb/data/quito-metro-eval/air_quality/frozen_2026-05-29/output/satellite/v4_city_level/output/AOD/full/graphs/Trajectory_SDID_Nall.png,file in an output folder
/mnt/c/Users/LEONELB/OneDrive - Inter-American Development Bank Group/quito-metro-airquality-2026,air_quality,output/satellite/v4_city_level/output/AOD/full/tables/GrandSummary.csv,untracked,4531,15a50459e28870784d3e6401ab88178ec8c713014269231aeb82833811c63f1e,output,/home/leonelb/data/quito-metro-eval/air_quality/frozen_2026-05-29/output/satellite/v4_city_level/output/AOD/full/tables/GrandSummary.csv,file in an output folder
/mnt/c/Users/LEONELB/OneDrive - Inter-American Development Bank Group/quito-metro-airquality-2026,air_quality,output/satellite/v4_city_level/output/AOD/full/tables/PreTreatmentFit_N100.csv,untracked,428,f0f9764fe8d091ed87662c7a8551db38ae66b5c01b2714a085dda5816c76552d,output,/home/leonelb/data/quito-metro-eval/air_quality/frozen_2026-05-29/output/satellite/v4_city_level/output/AOD/full/tables/PreTreatmentFit_N100.csv,file in an output folder
/mnt/c/Users/LEONELB/OneDrive - Inter-American Development Bank Group/quito-metro-airquality-2026,air_quality,output/satellite/v4_city_level/output/AOD/full/tables/PreTreatmentFit_N150.csv,untracked,426,3990038a9045ef6d9ab02ec49a4a7c85b6ad3c761660fee23fabaa528cb63d1d,output,/home/leonelb/data/quito-metro-eval/air_quality/frozen_2026-05-29/output/satellite/v4_city_level/output/AOD/full/tables/PreTreatmentFit_N150.csv,file in an output folder
/mnt/c/Users/LEONELB/OneDrive - Inter-American Development Bank Group/quito-metro-airquality-2026,air_quality,output/satellite/v4_city_level/output/AOD/full/tables/PreTreatmentFit_N200.csv,untracked,422,e47c941bdec3902988282de6f727313944860a4c95cc44ce00cd926595e775f7,output,/home/leonelb/data/quito-metro-eval/air_quality/frozen_2026-05-29/output/satellite/v4_city_level/output/AOD/full/tables/PreTreatmentFit_N200.csv,file in an output folder
/mnt/c/Users/LEONELB/OneDrive - Inter-American Development Bank Group/quito-metro-airquality-2026,air_quality,output/satellite/v4_city_level/output/AOD/full/tables/PreTreatmentFit_N50.csv,untracked,420,ea2d41d398e61928a7dfebca3c288852f5139933b7d1ce150550b6828dedf5a0,output,/home/leonelb/data/quito-metro-eval/air_quality/frozen_2026-05-29/output/satellite/v4_city_level/output/AOD/full/tables/PreTreatmentFit_N50.csv,file in an output folder
/mnt/c/Users/LEONELB/OneDrive - Inter-American Development Bank Group/quito-metro-airquality-2026,air_quality,output/satellite/v4_city_level/output/AOD/full/tables/PreTreatmentFit_Nall.csv,untracked,426,c9c1d86b12052bd81411a931ad051cc841f38787a11fe2f336604f56f8ea9304,output,/home/leonelb/data/quito-metro-eval/air_quality/frozen_2026-05-29/output/satellite/v4_city_level/output/AOD/full/tables/PreTreatmentFit_Nall.csv,file in an output folder
/mnt/c/Users/LEONELB/OneDrive - Inter-American Development Bank Group/quito-metro-airquality-2026,air_quality,output/satellite/v4_city_level/output/AOD/full/tables/ResidualizationDiagnostics.csv,untracked,166,232892bac563cd770f02be7deb9417c419f3702324e21ba948c220c76b0f6fdc,output,/home/leonelb/data/quito-metro-eval/air_quality/frozen_2026-05-29/output/satellite/v4_city_level/output/AOD/full/tables/ResidualizationDiagnostics.csv,file in an output folder
/mnt/c/Users/LEONELB/OneDrive - Inter-American Development Bank Group/quito-metro-airquality-2026,air_quality,output/satellite/v4_city_level/output/AOD/full/tables/Summary_N100.csv,untracked,986,80c50142e89dfc811bdce50eeb0bf97f2362e415c83a6181db316be96d3a60e0,output,/home/leonelb/data/quito-metro-eval/air_quality/frozen_2026-05-29/output/satellite/v4_city_level/output/AOD/full/tables/Summary_N100.csv,file in an output folder
/mnt/c/Users/LEONELB/OneDrive - Inter-American Development Bank Group/quito-metro-airquality-2026,air_quality,output/satellite/v4_city_level/output/AOD/full/tables/Summary_N150.csv,untracked,983,8b5eb5b68db9f3bef9e8cf4e583e1c04fe1e6e2a1eb55914c2cd6c146d1c0482,output,/home/leonelb/data/quito-metro-eval/air_quality/frozen_2026-05-29/output/satellite/v4_city_level/output/AOD/full/tables/Summary_N150.csv,file in an output folder
/mnt/c/Users/LEONELB/OneDrive - Inter-American Development Bank Group/quito-metro-airquality-2026,air_quality,output/satellite/v4_city_level/output/AOD/full/tables/Summary_N200.csv,untracked,988,b9121ee3cde8a488e184c47cc21435c0757c2b75cd83023ee5883e709b5a8123,output,/home/leonelb/data/quito-metro-eval/air_quality/frozen_2026-05-29/output/satellite/v4_city_level/output/AOD/full/tables/Summary_N200.csv,file in an output folder
/mnt/c/Users/LEONELB/OneDrive - Inter-American Development Bank Group/quito-metro-airquality-2026,air_quality,output/satellite/v4_city_level/output/AOD/full/tables/Summary_N50.csv,untracked,985,014049d8c1668c109d91c8af66a419fae0afd1d8118c82d5d0382f077341a1af,output,/home/leonelb/data/quito-metro-eval/air_quality/frozen_2026-05-29/output/satellite/v4_city_level/output/AOD/full/tables/Summary_N50.csv,file in an output folder
/mnt/c/Users/LEONELB/OneDrive - Inter-American Development Bank Group/quito-metro-airquality-2026,air_quality,output/satellite/v4_city_level/output/AOD/full/tables/Summary_Nall.csv,untracked,988,fdadde65f83a17bc9b4bcad7000c1d82a155574d1e9d88757b6e1751eb3a8834,output,/home/leonelb/data/quito-metro-eval/air_quality/frozen_2026-05-29/output/satellite/v4_city_level/output/AOD/full/tables/Summary_Nall.csv,file in an output folder
/mnt/c/Users/LEONELB/OneDrive - Inter-American Development Bank Group/quito-metro-airquality-2026,air_quality,output/satellite/v4_city_level/output/AOD/full/tables/Trajectories_N100.csv,untracked,17177,e72bb6272fafed5ddbcc4d3fa6cb15300a4f730da51a6aa5d6fc9933ca035cd3,output,/home/leonelb/data/quito-metro-eval/air_quality/frozen_2026-05-29/output/satellite/v4_city_level/output/AOD/full/tables/Trajectories_N100.csv,file in an output folder
/mnt/c/Users/LEONELB/OneDrive - Inter-American Development Bank Group/quito-metro-airquality-2026,air_quality,output/satellite/v4_city_level/output/AOD/full/tables/Trajectories_N150.csv,untracked,17161,53a688e268103199517bb8c689ae59c027ef74e1bd56273ff9b780692ec5a572,output,/home/leonelb/data/quito-metro-eval/air_quality/frozen_2026-05-29/output/satellite/v4_city_level/output/AOD/full/tables/Trajectories_N150.csv,file in an output folder
/mnt/c/Users/LEONELB/OneDrive - Inter-American Development Bank Group/quito-metro-airquality-2026,air_quality,output/satellite/v4_city_level/output/AOD/full/tables/Trajectories_N200.csv,untracked,17155,374ab50159142c75c6044248d64cd18f8dfccc0551ace702633ef4682003d341,output,/home/leonelb/data/quito-metro-eval/air_quality/frozen_2026-05-29/output/satellite/v4_city_level/output/AOD/full/tables/Trajectories_N200.csv,file in an output folder
/mnt/c/Users/LEONELB/OneDrive - Inter-American Development Bank Group/quito-metro-airquality-2026,air_quality,output/satellite/v4_city_level/output/AOD/full/tables/Trajectories_N50.csv,untracked,17156,a072d0063a6963e43e720f4df7187eb6ea7831d504ae374d272510b8886b237e,output,/home/leonelb/data/quito-metro-eval/air_quality/frozen_2026-05-29/output/satellite/v4_city_level/output/AOD/full/tables/Trajectories_N50.csv,file in an output folder
/mnt/c/Users/LEONELB/OneDrive - Inter-American Development Bank Group/quito-metro-airquality-2026,air_quality,output/satellite/v4_city_level/output/AOD/full/tables/Trajectories_Nall.csv,untracked,17166,8e4b4bd97e16304a6acd5a4c6f4bcac515abb78b6712db0d1f17639f3a850b61,output,/home/leonelb/data/quito-metro-eval/air_quality/frozen_2026-05-29/output/satellite/v4_city_level/output/AOD/full/tables/Trajectories_Nall.csv,file in an output folder
/mnt/c/Users/LEONELB/OneDrive - Inter-American Development Bank Group/quito-metro-airquality-2026,air_quality,output/satellite/v4_city_level/output/AOD/full/tables/Weights_N100.csv,untracked,11346,e911d6e98541281c64dd8ed127e76fb9ef8f62d77a74c04df1c504d3ab62212d,output,/home/leonelb/data/quito-metro-eval/air_quality/frozen_2026-05-29/output/satellite/v4_city_level/output/AOD/full/tables/Weights_N100.csv,file in an output folder
/mnt/c/Users/LEONELB/OneDrive - Inter-American Development Bank Group/quito-metro-airquality-2026,air_quality,output/satellite/v4_city_level/output/AOD/full/tables/Weights_N150.csv,untracked,16632,dba65bdea606808daf1a83f77ced5446f036961b3c2fde237407690480937d82,output,/home/leonelb/data/quito-metro-eval/air_quality/frozen_2026-05-29/output/satellite/v4_city_level/output/AOD/full/tables/Weights_N150.csv,file in an output folder
/mnt/c/Users/LEONELB/OneDrive - Inter-American Development Bank Group/quito-metro-airquality-2026,air_quality,output/satellite/v4_city_level/output/AOD/full/tables/Weights_N200.csv,untracked,21868,4fdc289f4ca8edcefd39572c370de1a75cfc9f3b5e447ea1f04078ce8a2959fd,output,/home/leonelb/data/quito-metro-eval/air_quality/frozen_2026-05-29/output/satellite/v4_city_level/output/AOD/full/tables/Weights_N200.csv,file in an output folder
/mnt/c/Users/LEONELB/OneDrive - Inter-American Development Bank Group/quito-metro-airquality-2026,air_quality,output/satellite/v4_city_level/output/AOD/full/tables/Weights_N50.csv,untracked,5830,fd41bd73a031cb32aad53f8c61b32818c327ac89e390c436eac1a3253d44fe3b,output,/home/leonelb/data/quito-metro-eval/air_quality/frozen_2026-05-29/output/satellite/v4_city_level/output/AOD/full/tables/Weights_N50.csv,file in an output folder
/mnt/c/Users/LEONELB/OneDrive - Inter-American Development Bank Group/quito-metro-airquality-2026,air_quality,output/satellite/v4_city_level/output/AOD/full/tables/Weights_Nall.csv,untracked,59807,aa7c0b6acd3fc441dbe47b84b43e167f63a187d9368514872a9f0b3bc7177d3b,output,/home/leonelb/data/quito-metro-eval/air_quality/frozen_2026-05-29/output/satellite/v4_city_level/output/AOD/full/tables/Weights_Nall.csv,file in an output folder
/mnt/c/Users/LEONELB/OneDrive - Inter-American Development Bank Group/quito-metro-airquality-2026,air_quality,output/satellite/v4_city_level/output/AOD/pre_blackout/graphs/EventStudy_AugSynth_FE_N100.png,untracked,66358,a9bea07d64fc2a4d3bc337cd41fa1abd047bb9572b4f2bbfa4db52120ee7c315,output,/home/leonelb/data/quito-metro-eval/air_quality/frozen_2026-05-29/output/satellite/v4_city_level/output/AOD/pre_blackout/graphs/EventStudy_AugSynth_FE_N100.png,file in an output folder
/mnt/c/Users/LEONELB/OneDrive - Inter-American Development Bank Group/quito-metro-airquality-2026,air_quality,output/satellite/v4_city_level/output/AOD/pre_blackout/graphs/EventStudy_AugSynth_FE_N150.png,untracked,65104,0919bc0a5b69acabeef85e6822402ca47cb6ba8d4ec4674c02a33db98369ea8d,output,/home/leonelb/data/quito-metro-eval/air_quality/frozen_2026-05-29/output/satellite/v4_city_level/output/AOD/pre_blackout/graphs/EventStudy_AugSynth_FE_N150.png,file in an output folder
/mnt/c/Users/LEONELB/OneDrive - Inter-American Development Bank Group/quito-metro-airquality-2026,air_quality,output/satellite/v4_city_level/output/AOD/pre_blackout/graphs/EventStudy_AugSynth_FE_N200.png,untracked,63221,8dcaaf03b2983223a197f747193b083a18c9e96ee63b9269b76973ee9f65ada8,output,/home/leonelb/data/quito-metro-eval/air_quality/frozen_2026-05-29/output/satellite/v4_city_level/output/AOD/pre_blackout/graphs/EventStudy_AugSynth_FE_N200.png,file in an output folder
/mnt/c/Users/LEONELB/OneDrive - Inter-American Development Bank Group/quito-metro-airquality-2026,air_quality,output/satellite/v4_city_level/output/AOD/pre_blackout/graphs/EventStudy_AugSynth_FE_N50.png,untracked,67166,f3379240920d94fc2315e180830e6095ce5046b4b273ca344dd37852ed1d9ffb,output,/home/leonelb/data/quito-metro-eval/air_quality/frozen_2026-05-29/output/satellite/v4_city_level/output/AOD/pre_blackout/graphs/EventStudy_AugSynth_FE_N50.png,file in an output folder
/mnt/c/Users/LEONELB/OneDrive - Inter-American Development Bank Group/quito-metro-airquality-2026,air_quality,output/satellite/v4_city_level/output/AOD/pre_blackout/graphs/EventStudy_AugSynth_FE_Nall.png,untracked,66277,ec5e0b287fc182f4eed1c2ed7065aa8922961000d4ac66ad9690eb3ee8987e61,output,/home/leonelb/data/quito-metro-eval/air_quality/frozen_2026-05-29/output/satellite/v4_city_level/output/AOD/pre_blackout/graphs/EventStudy_AugSynth_FE_Nall.png,file in an output folder
/mnt/c/Users/LEONELB/OneDrive - Inter-American Development Bank Group/quito-metro-airquality-2026,air_quality,output/satellite/v4_city_level/output/AOD/pre_blackout/graphs/EventStudy_AugSynth_noFE_N100.png,untracked,100600,cbca6cf0cdd56047db2b4e4c6f6cc1bf16b0506f9a1d071084505ecfa88605b5,output,/home/leonelb/data/quito-metro-eval/air_quality/frozen_2026-05-29/output/satellite/v4_city_level/output/AOD/pre_blackout/graphs/EventStudy_AugSynth_noFE_N100.png,file in an output folder
/mnt/c/Users/LEONELB/OneDrive - Inter-American Development Bank Group/quito-metro-airquality-2026,air_quality,output/satellite/v4_city_level/output/AOD/pre_blackout/graphs/EventStudy_AugSynth_noFE_N150.png,untracked,103646,4aab0f30ca13bd09ec77c3f11338a3782b4a3ff35886e67e335ccac0b457b962,output,/home/leonelb/data/quito-metro-eval/air_quality/frozen_2026-05-29/output/satellite/v4_city_level/output/AOD/pre_blackout/graphs/EventStudy_AugSynth_noFE_N150.png,file in an output folder
/mnt/c/Users/LEONELB/OneDrive - Inter-American Development Bank Group/quito-metro-airquality-2026,air_quality,output/satellite/v4_city_level/output/AOD/pre_blackout/graphs/EventStudy_AugSynth_noFE_N200.png,untracked,104924,b8a450168b4d0867d19bbcac308031c177414bc5e2b2e400c13dfd519d01f781,output,/home/leonelb/data/quito-metro-eval/air_quality/frozen_2026-05-29/output/satellite/v4_city_level/output/AOD/pre_blackout/graphs/EventStudy_AugSynth_noFE_N200.png,file in an output folder
/mnt/c/Users/LEONELB/OneDrive - Inter-American Development Bank Group/quito-metro-airquality-2026,air_quality,output/satellite/v4_city_level/output/AOD/pre_blackout/graphs/EventStudy_AugSynth_noFE_N50.png,untracked,103131,1714a97cc7d3239cbc86d7669a7c8623004abf4f44453647cf67169eacb09fd9,output,/home/leonelb/data/quito-metro-eval/air_quality/frozen_2026-05-29/output/satellite/v4_city_level/output/AOD/pre_blackout/graphs/EventStudy_AugSynth_noFE_N50.png,file in an output folder
/mnt/c/Users/LEONELB/OneDrive - Inter-American Development Bank Group/quito-metro-airquality-2026,air_quality,output/satellite/v4_city_level/output/AOD/pre_blackout/graphs/EventStudy_AugSynth_noFE_Nall.png,untracked,84767,b2536521fa4454c1a0d822b8d07b36cdde106a7fcd742ebf4adf9899e6f5d9b4,output,/home/leonelb/data/quito-metro-eval/air_quality/frozen_2026-05-29/output/satellite/v4_city_level/output/AOD/pre_blackout/graphs/EventStudy_AugSynth_noFE_Nall.png,file in an output folder
/mnt/c/Users/LEONELB/OneDrive - Inter-American Development Bank Group/quito-metro-airquality-2026,air_quality,output/satellite/v4_city_level/output/AOD/pre_blackout/graphs/EventStudy_SC_N100.png,untracked,94221,f5c7f47d185275d4a75a74e0541f71c63159a2286397a275b83dfa8d6b7fd40a,output,/home/leonelb/data/quito-metro-eval/air_quality/frozen_2026-05-29/output/satellite/v4_city_level/output/AOD/pre_blackout/graphs/EventStudy_SC_N100.png,file in an output folder
/mnt/c/Users/LEONELB/OneDrive - Inter-American Development Bank Group/quito-metro-airquality-2026,air_quality,output/satellite/v4_city_level/output/AOD/pre_blackout/graphs/EventStudy_SC_N150.png,untracked,98613,bb2a27ae820fb01856f3fa6b54b39e778b72dc9fb958d66c375cc5527344a88a,output,/home/leonelb/data/quito-metro-eval/air_quality/frozen_2026-05-29/output/satellite/v4_city_level/output/AOD/pre_blackout/graphs/EventStudy_SC_N150.png,file in an output folder
/mnt/c/Users/LEONELB/OneDrive - Inter-American Development Bank Group/quito-metro-airquality-2026,air_quality,output/satellite/v4_city_level/output/AOD/pre_blackout/graphs/EventStudy_SC_N200.png,untracked,98395,6ad49dec4474919644f22f2d8da0f4947039021659532fc783cbab207b8d5629,output,/home/leonelb/data/quito-metro-eval/air_quality/frozen_2026-05-29/output/satellite/v4_city_level/output/AOD/pre_blackout/graphs/EventStudy_SC_N200.png,file in an output folder
/mnt/c/Users/LEONELB/OneDrive - Inter-American Development Bank Group/quito-metro-airquality-2026,air_quality,output/satellite/v4_city_level/output/AOD/pre_blackout/graphs/EventStudy_SC_N50.png,untracked,101157,9f6baa89688e7faa4b81f17dcb287219b6573de6ba6440a5579165729594eef0,output,/home/leonelb/data/quito-metro-eval/air_quality/frozen_2026-05-29/output/satellite/v4_city_level/output/AOD/pre_blackout/graphs/EventStudy_SC_N50.png,file in an output folder
/mnt/c/Users/LEONELB/OneDrive - Inter-American Development Bank Group/quito-metro-airquality-2026,air_quality,output/satellite/v4_city_level/output/AOD/pre_blackout/graphs/EventStudy_SC_Nall.png,untracked,99232,805571f28c5d0c1eaa4dcdeb5641702ed9b47cce5ef42e9e86e4ddc84f199ae8,output,/home/leonelb/data/quito-metro-eval/air_quality/frozen_2026-05-29/output/satellite/v4_city_level/output/AOD/pre_blackout/graphs/EventStudy_SC_Nall.png,file in an output folder
/mnt/c/Users/LEONELB/OneDrive - Inter-American Development Bank Group/quito-metro-airquality-2026,air_quality,output/satellite/v4_city_level/output/AOD/pre_blackout/graphs/EventStudy_SDID_N100.png,untracked,100359,76b7d57098222f5d96bc48dde9993a203d7c8cb3d6664f15ab8088c9977be6c4,output,/home/leonelb/data/quito-metro-eval/air_quality/frozen_2026-05-29/output/satellite/v4_city_level/output/AOD/pre_blackout/graphs/EventStudy_SDID_N100.png,file in an output folder
/mnt/c/Users/LEONELB/OneDrive - Inter-American Development Bank Group/quito-metro-airquality-2026,air_quality,output/satellite/v4_city_level/output/AOD/pre_blackout/graphs/EventStudy_SDID_N150.png,untracked,101639,a23bc64c8b6b8b2d2771bdc774e01057c5994789d4cc3dffd655d8a32494f1b3,output,/home/leonelb/data/quito-metro-eval/air_quality/frozen_2026-05-29/output/satellite/v4_city_level/output/AOD/pre_blackout/graphs/EventStudy_SDID_N150.png,file in an output folder
/mnt/c/Users/LEONELB/OneDrive - Inter-American Development Bank Group/quito-metro-airquality-2026,air_quality,output/satellite/v4_city_level/output/AOD/pre_blackout/graphs/EventStudy_SDID_N200.png,untracked,100361,38a9072423d796e02822efe4ed916ce462c869d096fea1f518b6d4c1a4457afb,output,/home/leonelb/data/quito-metro-eval/air_quality/frozen_2026-05-29/output/satellite/v4_city_level/output/AOD/pre_blackout/graphs/EventStudy_SDID_N200.png,file in an output folder
/mnt/c/Users/LEONELB/OneDrive - Inter-American Development Bank Group/quito-metro-airquality-2026,air_quality,output/satellite/v4_city_level/output/AOD/pre_blackout/graphs/EventStudy_SDID_N50.png,untracked,99751,070190b731f1f17f79a2c517910fc5342cc16c219ae99344ff2ddecdca8320ca,output,/home/leonelb/data/quito-metro-eval/air_quality/frozen_2026-05-29/output/satellite/v4_city_level/output/AOD/pre_blackout/graphs/EventStudy_SDID_N50.png,file in an output folder
/mnt/c/Users/LEONELB/OneDrive - Inter-American Development Bank Group/quito-metro-airquality-2026,air_quality,output/satellite/v4_city_level/output/AOD/pre_blackout/graphs/EventStudy_SDID_Nall.png,untracked,98328,c39a9b13a973a7b2184ef024df1942693458da36730b15665a7c019199923809,output,/home/leonelb/data/quito-metro-eval/air_quality/frozen_2026-05-29/output/satellite/v4_city_level/output/AOD/pre_blackout/graphs/EventStudy_SDID_Nall.png,file in an output folder
/mnt/c/Users/LEONELB/OneDrive - Inter-American Development Bank Group/quito-metro-airquality-2026,air_quality,output/satellite/v4_city_level/output/AOD/pre_blackout/graphs/Trajectory_AugSynth_FE_N100.png,untracked,137297,d8ca2cd7b11f78c5a861d62e0544372b94cf0a8aa637b2a01c8714e7ee0700db,output,/home/leonelb/data/quito-metro-eval/air_quality/frozen_2026-05-29/output/satellite/v4_city_level/output/AOD/pre_blackout/graphs/Trajectory_AugSynth_FE_N100.png,file in an output folder
/mnt/c/Users/LEONELB/OneDrive - Inter-American Development Bank Group/quito-metro-airquality-2026,air_quality,output/satellite/v4_city_level/output/AOD/pre_blackout/graphs/Trajectory_AugSynth_FE_N150.png,untracked,136568,a989ab6b3d2b999bb0a9cbe4568135c6d36287140d0339aa169105ae7d770314,output,/home/leonelb/data/quito-metro-eval/air_quality/frozen_2026-05-29/output/satellite/v4_city_level/output/AOD/pre_blackout/graphs/Trajectory_AugSynth_FE_N150.png,file in an output folder
/mnt/c/Users/LEONELB/OneDrive - Inter-American Development Bank Group/quito-metro-airquality-2026,air_quality,output/satellite/v4_city_level/output/AOD/pre_blackout/graphs/Trajectory_AugSynth_FE_N200.png,untracked,136770,7fcef455a92d7b6c3e3f4300cdd73d8b3cc143c6639345bc4890657b40a1584d,output,/home/leonelb/data/quito-metro-eval/air_quality/frozen_2026-05-29/output/satellite/v4_city_level/output/AOD/pre_blackout/graphs/Trajectory_AugSynth_FE_N200.png,file in an output folder
/mnt/c/Users/LEONELB/OneDrive - Inter-American Development Bank Group/quito-metro-airquality-2026,air_quality,output/satellite/v4_city_level/output/AOD/pre_blackout/graphs/Trajectory_AugSynth_FE_N50.png,untracked,140245,8abb9c69eb7e1c543d17f33b13916972cd1cc142417c05b5ba0beae5fccc20e3,output,/home/leonelb/data/quito-metro-eval/air_quality/frozen_2026-05-29/output/satellite/v4_city_level/output/AOD/pre_blackout/graphs/Trajectory_AugSynth_FE_N50.png,file in an output folder
/mnt/c/Users/LEONELB/OneDrive - Inter-American Development Bank Group/quito-metro-airquality-2026,air_quality,output/satellite/v4_city_level/output/AOD/pre_blackout/graphs/Trajectory_AugSynth_FE_Nall.png,untracked,136545,d37d7a4439fdf7fa8360755a924de10178e92b74166acd253a80dc0fc5e6c6fe,output,/home/leonelb/data/quito-metro-eval/air_quality/frozen_2026-05-29/output/satellite/v4_city_level/output/AOD/pre_blackout/graphs/Trajectory_AugSynth_FE_Nall.png,file in an output folder
/mnt/c/Users/LEONELB/OneDrive - Inter-American Development Bank Group/quito-metro-airquality-2026,air_quality,output/satellite/v4_city_level/output/AOD/pre_blackout/graphs/Trajectory_AugSynth_noFE_N100.png,untracked,138887,96ab75d3f900b6b01d9dbd74f077076c95d99528aeba8f435fcf27397d0831b3,output,/home/leonelb/data/quito-metro-eval/air_quality/frozen_2026-05-29/output/satellite/v4_city_level/output/AOD/pre_blackout/graphs/Trajectory_AugSynth_noFE_N100.png,file in an output folder
/mnt/c/Users/LEONELB/OneDrive - Inter-American Development Bank Group/quito-metro-airquality-2026,air_quality,output/satellite/v4_city_level/output/AOD/pre_blackout/graphs/Trajectory_AugSynth_noFE_N150.png,untracked,138073,268ef449313724e815012ac73e80ad160f872f0963ec373de3101565d9390323,output,/home/leonelb/data/quito-metro-eval/air_quality/frozen_2026-05-29/output/satellite/v4_city_level/output/AOD/pre_blackout/graphs/Trajectory_AugSynth_noFE_N150.png,file in an output folder
/mnt/c/Users/LEONELB/OneDrive - Inter-American Development Bank Group/quito-metro-airquality-2026,air_quality,output/satellite/v4_city_level/output/AOD/pre_blackout/graphs/Trajectory_AugSynth_noFE_N200.png,untracked,140279,527d2749289b4fd3154b5e32c631745ecb816bda69c56113a3401187115b9a8f,output,/home/leonelb/data/quito-metro-eval/air_quality/frozen_2026-05-29/output/satellite/v4_city_level/output/AOD/pre_blackout/graphs/Trajectory_AugSynth_noFE_N200.png,file in an output folder
/mnt/c/Users/LEONELB/OneDrive - Inter-American Development Bank Group/quito-metro-airquality-2026,air_quality,output/satellite/v4_city_level/output/AOD/pre_blackout/graphs/Trajectory_AugSynth_noFE_N50.png,untracked,135027,803e4e9f28615c65f5239a5ff1ca77b7ee4817a20ed7e368db7c000319fe6c3a,output,/home/leonelb/data/quito-metro-eval/air_quality/frozen_2026-05-29/output/satellite/v4_city_level/output/AOD/pre_blackout/graphs/Trajectory_AugSynth_noFE_N50.png,file in an output folder
/mnt/c/Users/LEONELB/OneDrive - Inter-American Development Bank Group/quito-metro-airquality-2026,air_quality,output/satellite/v4_city_level/output/AOD/pre_blackout/graphs/Trajectory_AugSynth_noFE_Nall.png,untracked,140833,e27af27f12cb593849e720df4977154f0a097e7ec11f2cee8be53777ff604835,output,/home/leonelb/data/quito-metro-eval/air_quality/frozen_2026-05-29/output/satellite/v4_city_level/output/AOD/pre_blackout/graphs/Trajectory_AugSynth_noFE_Nall.png,file in an output folder
/mnt/c/Users/LEONELB/OneDrive - Inter-American Development Bank Group/quito-metro-airquality-2026,air_quality,output/satellite/v4_city_level/output/AOD/pre_blackout/graphs/Trajectory_SC_N100.png,untracked,137633,d08b655a795676b7dcefa27509aac573adf96dc367e78618edf654b423deddae,output,/home/leonelb/data/quito-metro-eval/air_quality/frozen_2026-05-29/output/satellite/v4_city_level/output/AOD/pre_blackout/graphs/Trajectory_SC_N100.png,file in an output folder
/mnt/c/Users/LEONELB/OneDrive - Inter-American Development Bank Group/quito-metro-airquality-2026,air_quality,output/satellite/v4_city_level/output/AOD/pre_blackout/graphs/Trajectory_SC_N150.png,untracked,139279,cf6a3f509c8a454826bab4028c62f6eea623199184001f1bb4b8e5ba869f279a,output,/home/leonelb/data/quito-metro-eval/air_quality/frozen_2026-05-29/output/satellite/v4_city_level/output/AOD/pre_blackout/graphs/Trajectory_SC_N150.png,file in an output folder
/mnt/c/Users/LEONELB/OneDrive - Inter-American Development Bank Group/quito-metro-airquality-2026,air_quality,output/satellite/v4_city_level/output/AOD/pre_blackout/graphs/Trajectory_SC_N200.png,untracked,140139,1195d22449bba204e47612efa0dc7c3131fccc4e2ae8842f829b342fbb956b98,output,/home/leonelb/data/quito-metro-eval/air_quality/frozen_2026-05-29/output/satellite/v4_city_level/output/AOD/pre_blackout/graphs/Trajectory_SC_N200.png,file in an output folder
/mnt/c/Users/LEONELB/OneDrive - Inter-American Development Bank Group/quito-metro-airquality-2026,air_quality,output/satellite/v4_city_level/output/AOD/pre_blackout/graphs/Trajectory_SC_N50.png,untracked,133976,90535f9a398ce17e5688ec19e8f05707065539ac6655dc137b77be2e1f7c987e,output,/home/leonelb/data/quito-metro-eval/air_quality/frozen_2026-05-29/output/satellite/v4_city_level/output/AOD/pre_blackout/graphs/Trajectory_SC_N50.png,file in an output folder
/mnt/c/Users/LEONELB/OneDrive - Inter-American Development Bank Group/quito-metro-airquality-2026,air_quality,output/satellite/v4_city_level/output/AOD/pre_blackout/graphs/Trajectory_SC_Nall.png,untracked,142576,3cd004ffbaa9b006e6d99b0e275b14bc2c46fd07c3514913780e87e587d02250,output,/home/leonelb/data/quito-metro-eval/air_quality/frozen_2026-05-29/output/satellite/v4_city_level/output/AOD/pre_blackout/graphs/Trajectory_SC_Nall.png,file in an output folder
/mnt/c/Users/LEONELB/OneDrive - Inter-American Development Bank Group/quito-metro-airquality-2026,air_quality,output/satellite/v4_city_level/output/AOD/pre_blackout/graphs/Trajectory_SDID_N100.png,untracked,132310,b19fc472ac793ad5c04b5b0f9248fe30b01e623a31d324ada6555556fbe1c36a,output,/home/leonelb/data/quito-metro-eval/air_quality/frozen_2026-05-29/output/satellite/v4_city_level/output/AOD/pre_blackout/graphs/Trajectory_SDID_N100.png,file in an output folder
/mnt/c/Users/LEONELB/OneDrive - Inter-American Development Bank Group/quito-metro-airquality-2026,air_quality,output/satellite/v4_city_level/output/AOD/pre_blackout/graphs/Trajectory_SDID_N150.png,untracked,133614,9f36b078c40d233723865ebbad5fb0a03cdbda4b297b0e8421648b3c4770dedc,output,/home/leonelb/data/quito-metro-eval/air_quality/frozen_2026-05-29/output/satellite/v4_city_level/output/AOD/pre_blackout/graphs/Trajectory_SDID_N150.png,file in an output folder
/mnt/c/Users/LEONELB/OneDrive - Inter-American Development Bank Group/quito-metro-airquality-2026,air_quality,output/satellite/v4_city_level/output/AOD/pre_blackout/graphs/Trajectory_SDID_N200.png,untracked,134608,ce1b4c3f19c68c44594d71634c299ba02e1478b396a8c0852a4fabf3fc9b5ed2,output,/home/leonelb/data/quito-metro-eval/air_quality/frozen_2026-05-29/output/satellite/v4_city_level/output/AOD/pre_blackout/graphs/Trajectory_SDID_N200.png,file in an output folder
/mnt/c/Users/LEONELB/OneDrive - Inter-American Development Bank Group/quito-metro-airquality-2026,air_quality,output/satellite/v4_city_level/output/AOD/pre_blackout/graphs/Trajectory_SDID_N50.png,untracked,133121,de76419b74298d74e3ef2f6290c672ccba9c166fa8e9012324fcbf3cb9a9d278,output,/home/leonelb/data/quito-metro-eval/air_quality/frozen_2026-05-29/output/satellite/v4_city_level/output/AOD/pre_blackout/graphs/Trajectory_SDID_N50.png,file in an output folder
/mnt/c/Users/LEONELB/OneDrive - Inter-American Development Bank Group/quito-metro-airquality-2026,air_quality,output/satellite/v4_city_level/output/AOD/pre_blackout/graphs/Trajectory_SDID_Nall.png,untracked,136839,125950ba4fe4475516e55c85a10c62660df7fe13af24a8589ddbdabc5ecb4782,output,/home/leonelb/data/quito-metro-eval/air_quality/frozen_2026-05-29/output/satellite/v4_city_level/output/AOD/pre_blackout/graphs/Trajectory_SDID_Nall.png,file in an output folder
/mnt/c/Users/LEONELB/OneDrive - Inter-American Development Bank Group/quito-metro-airquality-2026,air_quality,output/satellite/v4_city_level/output/AOD/pre_blackout/tables/GrandSummary.csv,untracked,3917,585f0a5fa44e526dfdb3ccfedab3c52e2f165a543c48d264cee727b4e3ca86a4,output,/home/leonelb/data/quito-metro-eval/air_quality/frozen_2026-05-29/output/satellite/v4_city_level/output/AOD/pre_blackout/tables/GrandSummary.csv,file in an output folder
/mnt/c/Users/LEONELB/OneDrive - Inter-American Development Bank Group/quito-metro-airquality-2026,air_quality,output/satellite/v4_city_level/output/AOD/pre_blackout/tables/PreTreatmentFit_N100.csv,untracked,428,2d432b099d3b4cc77303d5720e0a4828572d4b41fc24dcae4eb54957bebcee7a,output,/home/leonelb/data/quito-metro-eval/air_quality/frozen_2026-05-29/output/satellite/v4_city_level/output/AOD/pre_blackout/tables/PreTreatmentFit_N100.csv,file in an output folder
/mnt/c/Users/LEONELB/OneDrive - Inter-American Development Bank Group/quito-metro-airquality-2026,air_quality,output/satellite/v4_city_level/output/AOD/pre_blackout/tables/PreTreatmentFit_N150.csv,untracked,427,e5ff6becd36fc155e31e6441e42c79d21819bb5d9a7acfc01af24e54b13c5931,output,/home/leonelb/data/quito-metro-eval/air_quality/frozen_2026-05-29/output/satellite/v4_city_level/output/AOD/pre_blackout/tables/PreTreatmentFit_N150.csv,file in an output folder
/mnt/c/Users/LEONELB/OneDrive - Inter-American Development Bank Group/quito-metro-airquality-2026,air_quality,output/satellite/v4_city_level/output/AOD/pre_blackout/tables/PreTreatmentFit_N200.csv,untracked,424,14b04a6f5b07fcf8dc42db693bda79ec32b85e5d51939fb100703232b022ab40,output,/home/leonelb/data/quito-metro-eval/air_quality/frozen_2026-05-29/output/satellite/v4_city_level/output/AOD/pre_blackout/tables/PreTreatmentFit_N200.csv,file in an output folder
/mnt/c/Users/LEONELB/OneDrive - Inter-American Development Bank Group/quito-metro-airquality-2026,air_quality,output/satellite/v4_city_level/output/AOD/pre_blackout/tables/PreTreatmentFit_N50.csv,untracked,427,05bfd2ce13aeb205541d8a0ebf1d7d5a3cfef5702ab2a5900ae6deebe602aade,output,/home/leonelb/data/quito-metro-eval/air_quality/frozen_2026-05-29/output/satellite/v4_city_level/output/AOD/pre_blackout/tables/PreTreatmentFit_N50.csv,file in an output folder
/mnt/c/Users/LEONELB/OneDrive - Inter-American Development Bank Group/quito-metro-airquality-2026,air_quality,output/satellite/v4_city_level/output/AOD/pre_blackout/tables/PreTreatmentFit_Nall.csv,untracked,423,6698b2ed91e8f0ad04f32af7c168ecd7c36fb2363ca44dd793b09f0be1986467,output,/home/leonelb/data/quito-metro-eval/air_quality/frozen_2026-05-29/output/satellite/v4_city_level/output/AOD/pre_blackout/tables/PreTreatmentFit_Nall.csv,file in an output folder
/mnt/c/Users/LEONELB/OneDrive - Inter-American Development Bank Group/quito-metro-airquality-2026,air_quality,output/satellite/v4_city_level/output/AOD/pre_blackout/tables/ResidualizationDiagnostics.csv,untracked,166,e2c91255059b96601bb85ea05feb8a803f771285e0d116dd707485c93190840d,output,/home/leonelb/data/quito-metro-eval/air_quality/frozen_2026-05-29/output/satellite/v4_city_level/output/AOD/pre_blackout/tables/ResidualizationDiagnostics.csv,file in an output folder
/mnt/c/Users/LEONELB/OneDrive - Inter-American Development Bank Group/quito-metro-airquality-2026,air_quality,output/satellite/v4_city_level/output/AOD/pre_blackout/tables/Summary_N100.csv,untracked,864,e046a7858691ffdfe50473b0298329b47a1441bf96fc1e0c3106dca2c9f46115,output,/home/leonelb/data/quito-metro-eval/air_quality/frozen_2026-05-29/output/satellite/v4_city_level/output/AOD/pre_blackout/tables/Summary_N100.csv,file in an output folder
/mnt/c/Users/LEONELB/OneDrive - Inter-American Development Bank Group/quito-metro-airquality-2026,air_quality,output/satellite/v4_city_level/output/AOD/pre_blackout/tables/Summary_N150.csv,untracked,861,8582164df5fd6f1b1340ec7c1ae75e3bd90b7b06668f73a1b8aefbeb3955bf91,output,/home/leonelb/data/quito-metro-eval/air_quality/frozen_2026-05-29/output/satellite/v4_city_level/output/AOD/pre_blackout/tables/Summary_N150.csv,file in an output folder
/mnt/c/Users/LEONELB/OneDrive - Inter-American Development Bank Group/quito-metro-airquality-2026,air_quality,output/satellite/v4_city_level/output/AOD/pre_blackout/tables/Summary_N200.csv,untracked,860,1407765560e1b97a533377ddf82a3976e050286a16c9c525b7714ca35198e4fc,output,/home/leonelb/data/quito-metro-eval/air_quality/frozen_2026-05-29/output/satellite/v4_city_level/output/AOD/pre_blackout/tables/Summary_N200.csv,file in an output folder
/mnt/c/Users/LEONELB/OneDrive - Inter-American Development Bank Group/quito-metro-airquality-2026,air_quality,output/satellite/v4_city_level/output/AOD/pre_blackout/tables/Summary_N50.csv,untracked,864,79fb6fb16602141c9abaf138d7224769e9b8d7ecd5c24d382a4eeb5f296c3e6c,output,/home/leonelb/data/quito-metro-eval/air_quality/frozen_2026-05-29/output/satellite/v4_city_level/output/AOD/pre_blackout/tables/Summary_N50.csv,file in an output folder
/mnt/c/Users/LEONELB/OneDrive - Inter-American Development Bank Group/quito-metro-airquality-2026,air_quality,output/satellite/v4_city_level/output/AOD/pre_blackout/tables/Summary_Nall.csv,untracked,867,ff8f80df34b3605d05d1f4d6fadbb905963946e4364f3c70a11533a6f007cfdd,output,/home/leonelb/data/quito-metro-eval/air_quality/frozen_2026-05-29/output/satellite/v4_city_level/output/AOD/pre_blackout/tables/Summary_Nall.csv,file in an output folder
/mnt/c/Users/LEONELB/OneDrive - Inter-American Development Bank Group/quito-metro-airquality-2026,air_quality,output/satellite/v4_city_level/output/AOD/pre_blackout/tables/Trajectories_N100.csv,untracked,10814,76e8ac91cd19db379ff2635bb5159072260cd3658ecc480cc2ed53f814072687,output,/home/leonelb/data/quito-metro-eval/air_quality/frozen_2026-05-29/output/satellite/v4_city_level/output/AOD/pre_blackout/tables/Trajectories_N100.csv,file in an output folder
/mnt/c/Users/LEONELB/OneDrive - Inter-American Development Bank Group/quito-metro-airquality-2026,air_quality,output/satellite/v4_city_level/output/AOD/pre_blackout/tables/Trajectories_N150.csv,untracked,10805,9981364ffa16f3502bcb659f956f08be90016990db7c3c52bfcd5d4699711e1d,output,/home/leonelb/data/quito-metro-eval/air_quality/frozen_2026-05-29/output/satellite/v4_city_level/output/AOD/pre_blackout/tables/Trajectories_N150.csv,file in an output folder
/mnt/c/Users/LEONELB/OneDrive - Inter-American Development Bank Group/quito-metro-airquality-2026,air_quality,output/satellite/v4_city_level/output/AOD/pre_blackout/tables/Trajectories_N200.csv,untracked,10812,32473ba4687e13f4acc533cc7dbcf2ea3300b83f83b39f89df970f955403cd97,output,/home/leonelb/data/quito-metro-eval/air_quality/frozen_2026-05-29/output/satellite/v4_city_level/output/AOD/pre_blackout/tables/Trajectories_N200.csv,file in an output folder
/mnt/c/Users/LEONELB/OneDrive - Inter-American Development Bank Group/quito-metro-airquality-2026,air_quality,output/satellite/v4_city_level/output/AOD/pre_blackout/tables/Trajectories_N50.csv,untracked,10815,4a9e269f9095f74a4d9aa9cfd08286c4c0ce2ea7117a91eb4b96049af68fa84d,output,/home/leonelb/data/quito-metro-eval/air_quality/frozen_2026-05-29/output/satellite/v4_city_level/output/AOD/pre_blackout/tables/Trajectories_N50.csv,file in an output folder
/mnt/c/Users/LEONELB/OneDrive - Inter-American Development Bank Group/quito-metro-airquality-2026,air_quality,output/satellite/v4_city_level/output/AOD/pre_blackout/tables/Trajectories_Nall.csv,untracked,10831,913b17d62f9f2757a85abdfc228b6b5b6f8568feac3a58e3e01251d1103ff4ea,output,/home/leonelb/data/quito-metro-eval/air_quality/frozen_2026-05-29/output/satellite/v4_city_level/output/AOD/pre_blackout/tables/Trajectories_Nall.csv,file in an output folder
/mnt/c/Users/LEONELB/OneDrive - Inter-American Development Bank Group/quito-metro-airquality-2026,air_quality,output/satellite/v4_city_level/output/AOD/pre_blackout/tables/Weights_N100.csv,untracked,11138,b0a2229494264f651d9fe3ebbd571d54fdb49d42497407620c40ae03c52c51d5,output,/home/leonelb/data/quito-metro-eval/air_quality/frozen_2026-05-29/output/satellite/v4_city_level/output/AOD/pre_blackout/tables/Weights_N100.csv,file in an output folder
/mnt/c/Users/LEONELB/OneDrive - Inter-American Development Bank Group/quito-metro-airquality-2026,air_quality,output/satellite/v4_city_level/output/AOD/pre_blackout/tables/Weights_N150.csv,untracked,16352,247b26993ef4d3c091b8ad09e852e1339eceffa4f94b10875c527c1cf6f1400c,output,/home/leonelb/data/quito-metro-eval/air_quality/frozen_2026-05-29/output/satellite/v4_city_level/output/AOD/pre_blackout/tables/Weights_N150.csv,file in an output folder
/mnt/c/Users/LEONELB/OneDrive - Inter-American Development Bank Group/quito-metro-airquality-2026,air_quality,output/satellite/v4_city_level/output/AOD/pre_blackout/tables/Weights_N200.csv,untracked,21406,44142f2e34c387c37ac2f2445f706b9b5e8b1fe7732128892093793eccc469ca,output,/home/leonelb/data/quito-metro-eval/air_quality/frozen_2026-05-29/output/satellite/v4_city_level/output/AOD/pre_blackout/tables/Weights_N200.csv,file in an output folder
/mnt/c/Users/LEONELB/OneDrive - Inter-American Development Bank Group/quito-metro-airquality-2026,air_quality,output/satellite/v4_city_level/output/AOD/pre_blackout/tables/Weights_N50.csv,untracked,5815,08f95b89b5fa03d178766142419bace53534c4f400973961876748400455e880,output,/home/leonelb/data/quito-metro-eval/air_quality/frozen_2026-05-29/output/satellite/v4_city_level/output/AOD/pre_blackout/tables/Weights_N50.csv,file in an output folder
/mnt/c/Users/LEONELB/OneDrive - Inter-American Development Bank Group/quito-metro-airquality-2026,air_quality,output/satellite/v4_city_level/output/AOD/pre_blackout/tables/Weights_Nall.csv,untracked,58786,4458a6a960c68dabe6ec39d70738de11e45bf837e2e5fd9a6da23924330c8ddc,output,/home/leonelb/data/quito-metro-eval/air_quality/frozen_2026-05-29/output/satellite/v4_city_level/output/AOD/pre_blackout/tables/Weights_Nall.csv,file in an output folder
/mnt/c/Users/LEONELB/OneDrive - Inter-American Development Bank Group/quito-metro-airquality-2026,air_quality,output/satellite/v4_city_level/output/CO/CrossSample_Summary.csv,untracked,12753,f2575c7139f27365ca6635b801d11306d3489cbbc905825a3637bf2c239e136c,output,/home/leonelb/data/quito-metro-eval/air_quality/frozen_2026-05-29/output/satellite/v4_city_level/output/CO/CrossSample_Summary.csv,file in an output folder
/mnt/c/Users/LEONELB/OneDrive - Inter-American Development Bank Group/quito-metro-airquality-2026,air_quality,output/satellite/v4_city_level/output/CO/CrossSample_Summary_CO.csv,untracked,12753,f2575c7139f27365ca6635b801d11306d3489cbbc905825a3637bf2c239e136c,output,/home/leonelb/data/quito-metro-eval/air_quality/frozen_2026-05-29/output/satellite/v4_city_level/output/CO/CrossSample_Summary_CO.csv,file in an output folder
/mnt/c/Users/LEONELB/OneDrive - Inter-American Development Bank Group/quito-metro-airquality-2026,air_quality,output/satellite/v4_city_level/output/CO/donut/graphs/EventStudy_AugSynth_FE_N100.png,untracked,77168,7b6976edf210c27f78ecb794e5d0ef89e4f3b6d36d86d9190f31af410509e2e1,output,/home/leonelb/data/quito-metro-eval/air_quality/frozen_2026-05-29/output/satellite/v4_city_level/output/CO/donut/graphs/EventStudy_AugSynth_FE_N100.png,file in an output folder
/mnt/c/Users/LEONELB/OneDrive - Inter-American Development Bank Group/quito-metro-airquality-2026,air_quality,output/satellite/v4_city_level/output/CO/donut/graphs/EventStudy_AugSynth_FE_N150.png,untracked,76037,2853e6f92817492495aac0de1c6d7441c40dbf9a0622f4485ad685a52774910d,output,/home/leonelb/data/quito-metro-eval/air_quality/frozen_2026-05-29/output/satellite/v4_city_level/output/CO/donut/graphs/EventStudy_AugSynth_FE_N150.png,file in an output folder
/mnt/c/Users/LEONELB/OneDrive - Inter-American Development Bank Group/quito-metro-airquality-2026,air_quality,output/satellite/v4_city_level/output/CO/donut/graphs/EventStudy_AugSynth_FE_N200.png,untracked,75836,6f4e1a331188c9fb798604154c741429bd1bf36075c5badcb2f518f5b4b050c1,output,/home/leonelb/data/quito-metro-eval/air_quality/frozen_2026-05-29/output/satellite/v4_city_level/output/CO/donut/graphs/EventStudy_AugSynth_FE_N200.png,file in an output folder
/mnt/c/Users/LEONELB/OneDrive - Inter-American Development Bank Group/quito-metro-airquality-2026,air_quality,output/satellite/v4_city_level/output/CO/donut/graphs/EventStudy_AugSynth_FE_N50.png,untracked,81102,0fddfae41802b3c068917b67c23fd9346b20c026e095eb270709ca304efb9956,output,/home/leonelb/data/quito-metro-eval/air_quality/frozen_2026-05-29/output/satellite/v4_city_level/output/CO/donut/graphs/EventStudy_AugSynth_FE_N50.png,file in an output folder
/mnt/c/Users/LEONELB/OneDrive - Inter-American Development Bank Group/quito-metro-airquality-2026,air_quality,output/satellite/v4_city_level/output/CO/donut/graphs/EventStudy_AugSynth_FE_Nall.png,untracked,73298,e7069bb8ba05ddf94641de03caecdbc6fcfd8eb72a425cac37827c63ca567dc2,output,/home/leonelb/data/quito-metro-eval/air_quality/frozen_2026-05-29/output/satellite/v4_city_level/output/CO/donut/graphs/EventStudy_AugSynth_FE_Nall.png,file in an output folder
/mnt/c/Users/LEONELB/OneDrive - Inter-American Development Bank Group/quito-metro-airquality-2026,air_quality,output/satellite/v4_city_level/output/CO/donut/graphs/EventStudy_AugSynth_noFE_N100.png,untracked,101092,0c49b7d4e1fbf462c59d7a5b4d758e898fe8a0ac0ef1e13d2b814ea4310e5f60,output,/home/leonelb/data/quito-metro-eval/air_quality/frozen_2026-05-29/output/satellite/v4_city_level/output/CO/donut/graphs/EventStudy_AugSynth_noFE_N100.png,file in an output folder
/mnt/c/Users/LEONELB/OneDrive - Inter-American Development Bank Group/quito-metro-airquality-2026,air_quality,output/satellite/v4_city_level/output/CO/donut/graphs/EventStudy_AugSynth_noFE_N150.png,untracked,100267,87f7259e74c94b6e4235d1824301f250a80e1313c3cdbab148134c330e707b6a,output,/home/leonelb/data/quito-metro-eval/air_quality/frozen_2026-05-29/output/satellite/v4_city_level/output/CO/donut/graphs/EventStudy_AugSynth_noFE_N150.png,file in an output folder
/mnt/c/Users/LEONELB/OneDrive - Inter-American Development Bank Group/quito-metro-airquality-2026,air_quality,output/satellite/v4_city_level/output/CO/donut/graphs/EventStudy_AugSynth_noFE_N200.png,untracked,100180,be9b036324e567fa1fd2e5ee77e66c3cf063a794828c7a1d8d0ccbf82d1ee999,output,/home/leonelb/data/quito-metro-eval/air_quality/frozen_2026-05-29/output/satellite/v4_city_level/output/CO/donut/graphs/EventStudy_AugSynth_noFE_N200.png,file in an output folder
/mnt/c/Users/LEONELB/OneDrive - Inter-American Development Bank Group/quito-metro-airquality-2026,air_quality,output/satellite/v4_city_level/output/CO/donut/graphs/EventStudy_AugSynth_noFE_N50.png,untracked,98483,325ec4a9f7cd30f4fe7e260dbcdac73175050b4181d784e58b4f728ab7b92ae0,output,/home/leonelb/data/quito-metro-eval/air_quality/frozen_2026-05-29/output/satellite/v4_city_level/output/CO/donut/graphs/EventStudy_AugSynth_noFE_N50.png,file in an output folder
/mnt/c/Users/LEONELB/OneDrive - Inter-American Development Bank Group/quito-metro-airquality-2026,air_quality,output/satellite/v4_city_level/output/CO/donut/graphs/EventStudy_AugSynth_noFE_Nall.png,untracked,98697,73da7e45d9a35bee02d567c527fb2d955b1339f14530c401f7d7e47789d3df5d,output,/home/leonelb/data/quito-metro-eval/air_quality/frozen_2026-05-29/output/satellite/v4_city_level/output/CO/donut/graphs/EventStudy_AugSynth_noFE_Nall.png,file in an output folder
/mnt/c/Users/LEONELB/OneDrive - Inter-American Development Bank Group/quito-metro-airquality-2026,air_quality,output/satellite/v4_city_level/output/CO/donut/graphs/EventStudy_SC_N100.png,untracked,93182,1293d393e12527accbe3fa0cb7f95d307ec960150ddc17c2d9919dc7c67c2908,output,/home/leonelb/data/quito-metro-eval/air_quality/frozen_2026-05-29/output/satellite/v4_city_level/output/CO/donut/graphs/EventStudy_SC_N100.png,file in an output folder
/mnt/c/Users/LEONELB/OneDrive - Inter-American Development Bank Group/quito-metro-airquality-2026,air_quality,output/satellite/v4_city_level/output/CO/donut/graphs/EventStudy_SC_N150.png,untracked,95136,f8c7d842cfe01175d04478be96eb1390b969e390cdf74b056afc07c4722fd0e3,output,/home/leonelb/data/quito-metro-eval/air_quality/frozen_2026-05-29/output/satellite/v4_city_level/output/CO/donut/graphs/EventStudy_SC_N150.png,file in an output folder
/mnt/c/Users/LEONELB/OneDrive - Inter-American Development Bank Group/quito-metro-airquality-2026,air_quality,output/satellite/v4_city_level/output/CO/donut/graphs/EventStudy_SC_N200.png,untracked,93271,1cb584d500e3e3cd5538b833244754a56f776a66e183bac5e82929a787e61b95,output,/home/leonelb/data/quito-metro-eval/air_quality/frozen_2026-05-29/output/satellite/v4_city_level/output/CO/donut/graphs/EventStudy_SC_N200.png,file in an output folder
/mnt/c/Users/LEONELB/OneDrive - Inter-American Development Bank Group/quito-metro-airquality-2026,air_quality,output/satellite/v4_city_level/output/CO/donut/graphs/EventStudy_SC_N50.png,untracked,93920,751e2d26513a40885d18629e2df867f648f29b9b5fe11632596ccf9518d02213,output,/home/leonelb/data/quito-metro-eval/air_quality/frozen_2026-05-29/output/satellite/v4_city_level/output/CO/donut/graphs/EventStudy_SC_N50.png,file in an output folder
/mnt/c/Users/LEONELB/OneDrive - Inter-American Development Bank Group/quito-metro-airquality-2026,air_quality,output/satellite/v4_city_level/output/CO/donut/graphs/EventStudy_SC_Nall.png,untracked,93942,22a89d7681727f2b229988a0c0f89169dc9e18d05939754c4b01051c963f9355,output,/home/leonelb/data/quito-metro-eval/air_quality/frozen_2026-05-29/output/satellite/v4_city_level/output/CO/donut/graphs/EventStudy_SC_Nall.png,file in an output folder
/mnt/c/Users/LEONELB/OneDrive - Inter-American Development Bank Group/quito-metro-airquality-2026,air_quality,output/satellite/v4_city_level/output/CO/donut/graphs/EventStudy_SDID_N100.png,untracked,100100,2ee68c6cd56bc3d5d9f96701e4085528f7b9ed0869f8815eb456e6118d97cc8e,output,/home/leonelb/data/quito-metro-eval/air_quality/frozen_2026-05-29/output/satellite/v4_city_level/output/CO/donut/graphs/EventStudy_SDID_N100.png,file in an output folder
/mnt/c/Users/LEONELB/OneDrive - Inter-American Development Bank Group/quito-metro-airquality-2026,air_quality,output/satellite/v4_city_level/output/CO/donut/graphs/EventStudy_SDID_N150.png,untracked,99983,a3bee4c6c5c56492ee3eb2798be1fdff9e61e2bc524b1b76b0a541b6e392b16f,output,/home/leonelb/data/quito-metro-eval/air_quality/frozen_2026-05-29/output/satellite/v4_city_level/output/CO/donut/graphs/EventStudy_SDID_N150.png,file in an output folder
/mnt/c/Users/LEONELB/OneDrive - Inter-American Development Bank Group/quito-metro-airquality-2026,air_quality,output/satellite/v4_city_level/output/CO/donut/graphs/EventStudy_SDID_N200.png,untracked,99669,9d6acaf2aeabb271bf0d02f1bc17bdcf94b490d9236a0e24928aebb544e9d607,output,/home/leonelb/data/quito-metro-eval/air_quality/frozen_2026-05-29/output/satellite/v4_city_level/output/CO/donut/graphs/EventStudy_SDID_N200.png,file in an output folder
/mnt/c/Users/LEONELB/OneDrive - Inter-American Development Bank Group/quito-metro-airquality-2026,air_quality,output/satellite/v4_city_level/output/CO/donut/graphs/EventStudy_SDID_N50.png,untracked,101016,12e19a1a2ae5d2f66f13f119aa0a3ce28e8b85c0fa06bdc933a67e1fb7a44667,output,/home/leonelb/data/quito-metro-eval/air_quality/frozen_2026-05-29/output/satellite/v4_city_level/output/CO/donut/graphs/EventStudy_SDID_N50.png,file in an output folder
/mnt/c/Users/LEONELB/OneDrive - Inter-American Development Bank Group/quito-metro-airquality-2026,air_quality,output/satellite/v4_city_level/output/CO/donut/graphs/EventStudy_SDID_Nall.png,untracked,98213,a654b1df4bd2e229ed4169c42edceb88ca46927d3be557de46db2d703ec2d8a8,output,/home/leonelb/data/quito-metro-eval/air_quality/frozen_2026-05-29/output/satellite/v4_city_level/output/CO/donut/graphs/EventStudy_SDID_Nall.png,file in an output folder
/mnt/c/Users/LEONELB/OneDrive - Inter-American Development Bank Group/quito-metro-airquality-2026,air_quality,output/satellite/v4_city_level/output/CO/donut/graphs/Trajectory_AugSynth_FE_N100.png,untracked,122198,1f490def85ef89fa1b193d54e43585792d0e0611a55459f487f447644dc0e079,output,/home/leonelb/data/quito-metro-eval/air_quality/frozen_2026-05-29/output/satellite/v4_city_level/output/CO/donut/graphs/Trajectory_AugSynth_FE_N100.png,file in an output folder
/mnt/c/Users/LEONELB/OneDrive - Inter-American Development Bank Group/quito-metro-airquality-2026,air_quality,output/satellite/v4_city_level/output/CO/donut/graphs/Trajectory_AugSynth_FE_N150.png,untracked,123873,ed272aadb974a3bb2a5cdfc1dfd4356efd79c1f1f5bfb4a46d5920daed1fff6d,output,/home/leonelb/data/quito-metro-eval/air_quality/frozen_2026-05-29/output/satellite/v4_city_level/output/CO/donut/graphs/Trajectory_AugSynth_FE_N150.png,file in an output folder
/mnt/c/Users/LEONELB/OneDrive - Inter-American Development Bank Group/quito-metro-airquality-2026,air_quality,output/satellite/v4_city_level/output/CO/donut/graphs/Trajectory_AugSynth_FE_N200.png,untracked,121821,2d2532392acb160f86e40d0f2ddaeb6c6980e13f0cb7727858efa15e7b363424,output,/home/leonelb/data/quito-metro-eval/air_quality/frozen_2026-05-29/output/satellite/v4_city_level/output/CO/donut/graphs/Trajectory_AugSynth_FE_N200.png,file in an output folder
/mnt/c/Users/LEONELB/OneDrive - Inter-American Development Bank Group/quito-metro-airquality-2026,air_quality,output/satellite/v4_city_level/output/CO/donut/graphs/Trajectory_AugSynth_FE_N50.png,untracked,121976,358f32db0afd3ddcc741105dee29a5602c70c47f0956b768002cd08397669c6e,output,/home/leonelb/data/quito-metro-eval/air_quality/frozen_2026-05-29/output/satellite/v4_city_level/output/CO/donut/graphs/Trajectory_AugSynth_FE_N50.png,file in an output folder
/mnt/c/Users/LEONELB/OneDrive - Inter-American Development Bank Group/quito-metro-airquality-2026,air_quality,output/satellite/v4_city_level/output/CO/donut/graphs/Trajectory_AugSynth_FE_Nall.png,untracked,119023,24012ca4b4c3562c9ba8873f98c2d9951d391b1e2797b963402532b18ee31929,output,/home/leonelb/data/quito-metro-eval/air_quality/frozen_2026-05-29/output/satellite/v4_city_level/output/CO/donut/graphs/Trajectory_AugSynth_FE_Nall.png,file in an output folder
/mnt/c/Users/LEONELB/OneDrive - Inter-American Development Bank Group/quito-metro-airquality-2026,air_quality,output/satellite/v4_city_level/output/CO/donut/graphs/Trajectory_AugSynth_noFE_N100.png,untracked,131900,54e50d6b52c0923322583fafd1ec0e18cd513e6037ffc1022150fbb7c4bea4a4,output,/home/leonelb/data/quito-metro-eval/air_quality/frozen_2026-05-29/output/satellite/v4_city_level/output/CO/donut/graphs/Trajectory_AugSynth_noFE_N100.png,file in an output folder
/mnt/c/Users/LEONELB/OneDrive - Inter-American Development Bank Group/quito-metro-airquality-2026,air_quality,output/satellite/v4_city_level/output/CO/donut/graphs/Trajectory_AugSynth_noFE_N150.png,untracked,132654,bf95e2af1448071455da649917506fd4aad80b2c228e26ad3e4c83c7a2fe075d,output,/home/leonelb/data/quito-metro-eval/air_quality/frozen_2026-05-29/output/satellite/v4_city_level/output/CO/donut/graphs/Trajectory_AugSynth_noFE_N150.png,file in an output folder
/mnt/c/Users/LEONELB/OneDrive - Inter-American Development Bank Group/quito-metro-airquality-2026,air_quality,output/satellite/v4_city_level/output/CO/donut/graphs/Trajectory_AugSynth_noFE_N200.png,untracked,131682,323da1bef1ba1275c43c791d846febfbcf53ed117c654df27a9ad5f080c99526,output,/home/leonelb/data/quito-metro-eval/air_quality/frozen_2026-05-29/output/satellite/v4_city_level/output/CO/donut/graphs/Trajectory_AugSynth_noFE_N200.png,file in an output folder
/mnt/c/Users/LEONELB/OneDrive - Inter-American Development Bank Group/quito-metro-airquality-2026,air_quality,output/satellite/v4_city_level/output/CO/donut/graphs/Trajectory_AugSynth_noFE_N50.png,untracked,132892,87075985a70b6b5e9616027d86986167e709ff65f46074d98c1299148a3a31c4,output,/home/leonelb/data/quito-metro-eval/air_quality/frozen_2026-05-29/output/satellite/v4_city_level/output/CO/donut/graphs/Trajectory_AugSynth_noFE_N50.png,file in an output folder
/mnt/c/Users/LEONELB/OneDrive - Inter-American Development Bank Group/quito-metro-airquality-2026,air_quality,output/satellite/v4_city_level/output/CO/donut/graphs/Trajectory_AugSynth_noFE_Nall.png,untracked,129618,fccbb469f59d86ef7c3a465ccbaed3626ee08e9c2f9875a4ce1c73c96ab548a3,output,/home/leonelb/data/quito-metro-eval/air_quality/frozen_2026-05-29/output/satellite/v4_city_level/output/CO/donut/graphs/Trajectory_AugSynth_noFE_Nall.png,file in an output folder
/mnt/c/Users/LEONELB/OneDrive - Inter-American Development Bank Group/quito-metro-airquality-2026,air_quality,output/satellite/v4_city_level/output/CO/donut/graphs/Trajectory_SC_N100.png,untracked,126006,8ca9ab283617f83df20ec46e859fa7810726605714d029c1fc3b112e7f0e7c4d,output,/home/leonelb/data/quito-metro-eval/air_quality/frozen_2026-05-29/output/satellite/v4_city_level/output/CO/donut/graphs/Trajectory_SC_N100.png,file in an output folder
/mnt/c/Users/LEONELB/OneDrive - Inter-American Development Bank Group/quito-metro-airquality-2026,air_quality,output/satellite/v4_city_level/output/CO/donut/graphs/Trajectory_SC_N150.png,untracked,126748,cf264e0d82356f4c963db7004a8219ff3f41d2a04f40fc0fe060d0d6fd1b7617,output,/home/leonelb/data/quito-metro-eval/air_quality/frozen_2026-05-29/output/satellite/v4_city_level/output/CO/donut/graphs/Trajectory_SC_N150.png,file in an output folder
/mnt/c/Users/LEONELB/OneDrive - Inter-American Development Bank Group/quito-metro-airquality-2026,air_quality,output/satellite/v4_city_level/output/CO/donut/graphs/Trajectory_SC_N200.png,untracked,126004,743b2357c763146fb2f1a1cc73c22128ddea9c33b6bdcd9e7b40718f3120fb63,output,/home/leonelb/data/quito-metro-eval/air_quality/frozen_2026-05-29/output/satellite/v4_city_level/output/CO/donut/graphs/Trajectory_SC_N200.png,file in an output folder
/mnt/c/Users/LEONELB/OneDrive - Inter-American Development Bank Group/quito-metro-airquality-2026,air_quality,output/satellite/v4_city_level/output/CO/donut/graphs/Trajectory_SC_N50.png,untracked,126147,b0fbfe4e193689961ff912bd31f91cb57ca4ca93611d5525f3ebd691370b16b2,output,/home/leonelb/data/quito-metro-eval/air_quality/frozen_2026-05-29/output/satellite/v4_city_level/output/CO/donut/graphs/Trajectory_SC_N50.png,file in an output folder
/mnt/c/Users/LEONELB/OneDrive - Inter-American Development Bank Group/quito-metro-airquality-2026,air_quality,output/satellite/v4_city_level/output/CO/donut/graphs/Trajectory_SC_Nall.png,untracked,125373,9e7daf71842dd192c4f530ab8e6496bd9a6640941792f0234ece4ebcc82e8d0b,output,/home/leonelb/data/quito-metro-eval/air_quality/frozen_2026-05-29/output/satellite/v4_city_level/output/CO/donut/graphs/Trajectory_SC_Nall.png,file in an output folder
/mnt/c/Users/LEONELB/OneDrive - Inter-American Development Bank Group/quito-metro-airquality-2026,air_quality,output/satellite/v4_city_level/output/CO/donut/graphs/Trajectory_SDID_N100.png,untracked,127090,141a9b243281317d45d10a67951da6db36b05fda47a71696aca202e1d9f1f523,output,/home/leonelb/data/quito-metro-eval/air_quality/frozen_2026-05-29/output/satellite/v4_city_level/output/CO/donut/graphs/Trajectory_SDID_N100.png,file in an output folder
/mnt/c/Users/LEONELB/OneDrive - Inter-American Development Bank Group/quito-metro-airquality-2026,air_quality,output/satellite/v4_city_level/output/CO/donut/graphs/Trajectory_SDID_N150.png,untracked,126662,5f1fc755e60560df1fcdd04416d324de00f72747929024b3ccf4a304a30b25c8,output,/home/leonelb/data/quito-metro-eval/air_quality/frozen_2026-05-29/output/satellite/v4_city_level/output/CO/donut/graphs/Trajectory_SDID_N150.png,file in an output folder
/mnt/c/Users/LEONELB/OneDrive - Inter-American Development Bank Group/quito-metro-airquality-2026,air_quality,output/satellite/v4_city_level/output/CO/donut/graphs/Trajectory_SDID_N200.png,untracked,126808,204e3c9e81d9c1f21d0c64341400f076c4057af6086806373973e9c61edb12e0,output,/home/leonelb/data/quito-metro-eval/air_quality/frozen_2026-05-29/output/satellite/v4_city_level/output/CO/donut/graphs/Trajectory_SDID_N200.png,file in an output folder
/mnt/c/Users/LEONELB/OneDrive - Inter-American Development Bank Group/quito-metro-airquality-2026,air_quality,output/satellite/v4_city_level/output/CO/donut/graphs/Trajectory_SDID_N50.png,untracked,126643,acb7cd66ca3d2fc1a25aa8a98dd04265a5767a49c8bbea0bef55c65f431796ba,output,/home/leonelb/data/quito-metro-eval/air_quality/frozen_2026-05-29/output/satellite/v4_city_level/output/CO/donut/graphs/Trajectory_SDID_N50.png,file in an output folder
/mnt/c/Users/LEONELB/OneDrive - Inter-American Development Bank Group/quito-metro-airquality-2026,air_quality,output/satellite/v4_city_level/output/CO/donut/graphs/Trajectory_SDID_Nall.png,untracked,126313,8bc6d9f9f9ab2d6a9cdf7623a3a94b5ca32f498f62a20988b09f3028fa13bd1c,output,/home/leonelb/data/quito-metro-eval/air_quality/frozen_2026-05-29/output/satellite/v4_city_level/output/CO/donut/graphs/Trajectory_SDID_Nall.png,file in an output folder
/mnt/c/Users/LEONELB/OneDrive - Inter-American Development Bank Group/quito-metro-airquality-2026,air_quality,output/satellite/v4_city_level/output/CO/donut/tables/GrandSummary.csv,untracked,4448,32d98210b4a5a6aeb04d1c28beb53cc6d74740ff69c9557c9a845d4d5ecf52b6,output,/home/leonelb/data/quito-metro-eval/air_quality/frozen_2026-05-29/output/satellite/v4_city_level/output/CO/donut/tables/GrandSummary.csv,file in an output folder
/mnt/c/Users/LEONELB/OneDrive - Inter-American Development Bank Group/quito-metro-airquality-2026,air_quality,output/satellite/v4_city_level/output/CO/donut/tables/PreTreatmentFit_N100.csv,untracked,437,e41e71867e3bfce6649cb1c900f6de3311f5141b0d6eeabeacc18f3f9d090a13,output,/home/leonelb/data/quito-metro-eval/air_quality/frozen_2026-05-29/output/satellite/v4_city_level/output/CO/donut/tables/PreTreatmentFit_N100.csv,file in an output folder
/mnt/c/Users/LEONELB/OneDrive - Inter-American Development Bank Group/quito-metro-airquality-2026,air_quality,output/satellite/v4_city_level/output/CO/donut/tables/PreTreatmentFit_N150.csv,untracked,432,a3828ea241ac01693edc5b3ecacc8d2bf2baa11bad5a2753088facc8b08be378,output,/home/leonelb/data/quito-metro-eval/air_quality/frozen_2026-05-29/output/satellite/v4_city_level/output/CO/donut/tables/PreTreatmentFit_N150.csv,file in an output folder
/mnt/c/Users/LEONELB/OneDrive - Inter-American Development Bank Group/quito-metro-airquality-2026,air_quality,output/satellite/v4_city_level/output/CO/donut/tables/PreTreatmentFit_N200.csv,untracked,430,52dd91ebf2bfea6b29c9e9c3567a1936aeebffc7ee7c8d5bd9ec8d549e250c84,output,/home/leonelb/data/quito-metro-eval/air_quality/frozen_2026-05-29/output/satellite/v4_city_level/output/CO/donut/tables/PreTreatmentFit_N200.csv,file in an output folder
/mnt/c/Users/LEONELB/OneDrive - Inter-American Development Bank Group/quito-metro-airquality-2026,air_quality,output/satellite/v4_city_level/output/CO/donut/tables/PreTreatmentFit_N50.csv,untracked,434,78749d6d596f2aa2c6cc076ca12b8e599199909e616dacc885b9f5bcf401e8a4,output,/home/leonelb/data/quito-metro-eval/air_quality/frozen_2026-05-29/output/satellite/v4_city_level/output/CO/donut/tables/PreTreatmentFit_N50.csv,file in an output folder
/mnt/c/Users/LEONELB/OneDrive - Inter-American Development Bank Group/quito-metro-airquality-2026,air_quality,output/satellite/v4_city_level/output/CO/donut/tables/PreTreatmentFit_Nall.csv,untracked,435,8528b3334353bcbd11e03a5eae839fc254580af307c91811352fd136ae8eebb0,output,/home/leonelb/data/quito-metro-eval/air_quality/frozen_2026-05-29/output/satellite/v4_city_level/output/CO/donut/tables/PreTreatmentFit_Nall.csv,file in an output folder
/mnt/c/Users/LEONELB/OneDrive - Inter-American Development Bank Group/quito-metro-airquality-2026,air_quality,output/satellite/v4_city_level/output/CO/donut/tables/ResidualizationDiagnostics.csv,untracked,168,48e2da1a973950a3517b79720ec9fecb7eb4153f01539abcda5c4642d516a61b,output,/home/leonelb/data/quito-metro-eval/air_quality/frozen_2026-05-29/output/satellite/v4_city_level/output/CO/donut/tables/ResidualizationDiagnostics.csv,file in an output folder
/mnt/c/Users/LEONELB/OneDrive - Inter-American Development Bank Group/quito-metro-airquality-2026,air_quality,output/satellite/v4_city_level/output/CO/donut/tables/Summary_N100.csv,untracked,969,db7ad27de6565dae14c5b83d13bffc278add18637722eac1effa287cbbeabda2,output,/home/leonelb/data/quito-metro-eval/air_quality/frozen_2026-05-29/output/satellite/v4_city_level/output/CO/donut/tables/Summary_N100.csv,file in an output folder
/mnt/c/Users/LEONELB/OneDrive - Inter-American Development Bank Group/quito-metro-airquality-2026,air_quality,output/satellite/v4_city_level/output/CO/donut/tables/Summary_N150.csv,untracked,967,c13142a75528310283c93a22f8e0a9b467193f45ca1beaa1664f888357e83a67,output,/home/leonelb/data/quito-metro-eval/air_quality/frozen_2026-05-29/output/satellite/v4_city_level/output/CO/donut/tables/Summary_N150.csv,file in an output folder
/mnt/c/Users/LEONELB/OneDrive - Inter-American Development Bank Group/quito-metro-airquality-2026,air_quality,output/satellite/v4_city_level/output/CO/donut/tables/Summary_N200.csv,untracked,970,13422a071ad438c760b89500d5ba5610ff3d4d985645c9036c19ab48369ea8e3,output,/home/leonelb/data/quito-metro-eval/air_quality/frozen_2026-05-29/output/satellite/v4_city_level/output/CO/donut/tables/Summary_N200.csv,file in an output folder
/mnt/c/Users/LEONELB/OneDrive - Inter-American Development Bank Group/quito-metro-airquality-2026,air_quality,output/satellite/v4_city_level/output/CO/donut/tables/Summary_N50.csv,untracked,970,f553c0c6d7b891f9eb4c8aa40a0ee5a7ebed5a655b161919d48f729021ceda26,output,/home/leonelb/data/quito-metro-eval/air_quality/frozen_2026-05-29/output/satellite/v4_city_level/output/CO/donut/tables/Summary_N50.csv,file in an output folder
/mnt/c/Users/LEONELB/OneDrive - Inter-American Development Bank Group/quito-metro-airquality-2026,air_quality,output/satellite/v4_city_level/output/CO/donut/tables/Summary_Nall.csv,untracked,967,0572e90730598c31247418ec8172b39ee9d0740bf3c41e300864cd97c19c8404,output,/home/leonelb/data/quito-metro-eval/air_quality/frozen_2026-05-29/output/satellite/v4_city_level/output/CO/donut/tables/Summary_Nall.csv,file in an output folder
/mnt/c/Users/LEONELB/OneDrive - Inter-American Development Bank Group/quito-metro-airquality-2026,air_quality,output/satellite/v4_city_level/output/CO/donut/tables/Trajectories_N100.csv,untracked,16055,3409786a1af2e1592c8057faa5d3a11aa25404df480d8055a6eb2bfeb97b3fbe,output,/home/leonelb/data/quito-metro-eval/air_quality/frozen_2026-05-29/output/satellite/v4_city_level/output/CO/donut/tables/Trajectories_N100.csv,file in an output folder
/mnt/c/Users/LEONELB/OneDrive - Inter-American Development Bank Group/quito-metro-airquality-2026,air_quality,output/satellite/v4_city_level/output/CO/donut/tables/Trajectories_N150.csv,untracked,16052,62a8a8850ede3ee6c3c505b110e1127139b1dd76aaaa1c9f0e54a54c4282c2e9,output,/home/leonelb/data/quito-metro-eval/air_quality/frozen_2026-05-29/output/satellite/v4_city_level/output/CO/donut/tables/Trajectories_N150.csv,file in an output folder
/mnt/c/Users/LEONELB/OneDrive - Inter-American Development Bank Group/quito-metro-airquality-2026,air_quality,output/satellite/v4_city_level/output/CO/donut/tables/Trajectories_N200.csv,untracked,16059,eb5820a989b10dd82b1995a9c22e62ac75cff9af6a1e047efc29df70f0a7ff8f,output,/home/leonelb/data/quito-metro-eval/air_quality/frozen_2026-05-29/output/satellite/v4_city_level/output/CO/donut/tables/Trajectories_N200.csv,file in an output folder
/mnt/c/Users/LEONELB/OneDrive - Inter-American Development Bank Group/quito-metro-airquality-2026,air_quality,output/satellite/v4_city_level/output/CO/donut/tables/Trajectories_N50.csv,untracked,16037,69d1fe3ac11e3f9c59d99b7c5619684a9d03bb3e657d3a03dabf28d195ceb66a,output,/home/leonelb/data/quito-metro-eval/air_quality/frozen_2026-05-29/output/satellite/v4_city_level/output/CO/donut/tables/Trajectories_N50.csv,file in an output folder
/mnt/c/Users/LEONELB/OneDrive - Inter-American Development Bank Group/quito-metro-airquality-2026,air_quality,output/satellite/v4_city_level/output/CO/donut/tables/Trajectories_Nall.csv,untracked,16068,d7b01b54d577366399e32a3255fda077c38ef524562e63a1bd1166846849df7e,output,/home/leonelb/data/quito-metro-eval/air_quality/frozen_2026-05-29/output/satellite/v4_city_level/output/CO/donut/tables/Trajectories_Nall.csv,file in an output folder
/mnt/c/Users/LEONELB/OneDrive - Inter-American Development Bank Group/quito-metro-airquality-2026,air_quality,output/satellite/v4_city_level/output/CO/donut/tables/Weights_N100.csv,untracked,11895,21568ecf2416f227424083a384dbff156169f97fa0fdb3f0d2d60c4d4735169e,output,/home/leonelb/data/quito-metro-eval/air_quality/frozen_2026-05-29/output/satellite/v4_city_level/output/CO/donut/tables/Weights_N100.csv,file in an output folder
/mnt/c/Users/LEONELB/OneDrive - Inter-American Development Bank Group/quito-metro-airquality-2026,air_quality,output/satellite/v4_city_level/output/CO/donut/tables/Weights_N150.csv,untracked,17425,398cebb02482302ac12a1d3ee9898693d04dc6e21e6f454ec8b02f7737582d1b,output,/home/leonelb/data/quito-metro-eval/air_quality/frozen_2026-05-29/output/satellite/v4_city_level/output/CO/donut/tables/Weights_N150.csv,file in an output folder
/mnt/c/Users/LEONELB/OneDrive - Inter-American Development Bank Group/quito-metro-airquality-2026,air_quality,output/satellite/v4_city_level/output/CO/donut/tables/Weights_N200.csv,untracked,22837,505bcd045c6fefd466818c01d9e6e8e451e863cb138bf89b3c41d87178ba1aa4,output,/home/leonelb/data/quito-metro-eval/air_quality/frozen_2026-05-29/output/satellite/v4_city_level/output/CO/donut/tables/Weights_N200.csv,file in an output folder
/mnt/c/Users/LEONELB/OneDrive - Inter-American Development Bank Group/quito-metro-airquality-2026,air_quality,output/satellite/v4_city_level/output/CO/donut/tables/Weights_N50.csv,untracked,6118,b4038820614fdeb2642dc72899de81e59251bbb9889f657c248cc759fa4087b6,output,/home/leonelb/data/quito-metro-eval/air_quality/frozen_2026-05-29/output/satellite/v4_city_level/output/CO/donut/tables/Weights_N50.csv,file in an output folder
/mnt/c/Users/LEONELB/OneDrive - Inter-American Development Bank Group/quito-metro-airquality-2026,air_quality,output/satellite/v4_city_level/output/CO/donut/tables/Weights_Nall.csv,untracked,110524,b6b3c2c3bf863cb6eb44c823454f90d86e368b06e2a878b4a247dec3211c92b3,output,/home/leonelb/data/quito-metro-eval/air_quality/frozen_2026-05-29/output/satellite/v4_city_level/output/CO/donut/tables/Weights_Nall.csv,file in an output folder
/mnt/c/Users/LEONELB/OneDrive - Inter-American Development Bank Group/quito-metro-airquality-2026,air_quality,output/satellite/v4_city_level/output/CO/full/graphs/EventStudy_AugSynth_FE_N100.png,untracked,89090,5c96f0f06f673ef069f2cf7bb4a93cfc47a0a23b518f2b3cc684df18d9b89a97,output,/home/leonelb/data/quito-metro-eval/air_quality/frozen_2026-05-29/output/satellite/v4_city_level/output/CO/full/graphs/EventStudy_AugSynth_FE_N100.png,file in an output folder
/mnt/c/Users/LEONELB/OneDrive - Inter-American Development Bank Group/quito-metro-airquality-2026,air_quality,output/satellite/v4_city_level/output/CO/full/graphs/EventStudy_AugSynth_FE_N150.png,untracked,86366,5977062092ba3da299b987ede1ea499ee4fe5168f0a228e903416cf852b45b46,output,/home/leonelb/data/quito-metro-eval/air_quality/frozen_2026-05-29/output/satellite/v4_city_level/output/CO/full/graphs/EventStudy_AugSynth_FE_N150.png,file in an output folder
/mnt/c/Users/LEONELB/OneDrive - Inter-American Development Bank Group/quito-metro-airquality-2026,air_quality,output/satellite/v4_city_level/output/CO/full/graphs/EventStudy_AugSynth_FE_N200.png,untracked,87546,a3c1bc11510b7405d5fdb0480981c574120862295fda345ad7008c618ab9e613,output,/home/leonelb/data/quito-metro-eval/air_quality/frozen_2026-05-29/output/satellite/v4_city_level/output/CO/full/graphs/EventStudy_AugSynth_FE_N200.png,file in an output folder
/mnt/c/Users/LEONELB/OneDrive - Inter-American Development Bank Group/quito-metro-airquality-2026,air_quality,output/satellite/v4_city_level/output/CO/full/graphs/EventStudy_AugSynth_FE_N50.png,untracked,90195,8ad1135116f8f8d22d0b08b37703e86e2c0dd2fd2c61c7f43af8e6ec91254725,output,/home/leonelb/data/quito-metro-eval/air_quality/frozen_2026-05-29/output/satellite/v4_city_level/output/CO/full/graphs/EventStudy_AugSynth_FE_N50.png,file in an output folder
/mnt/c/Users/LEONELB/OneDrive - Inter-American Development Bank Group/quito-metro-airquality-2026,air_quality,output/satellite/v4_city_level/output/CO/full/graphs/EventStudy_AugSynth_FE_Nall.png,untracked,85888,7f2afc2ffbd2f0a784d51ca17a96ade450bec91f8552a1b8a759c495d065e214,output,/home/leonelb/data/quito-metro-eval/air_quality/frozen_2026-05-29/output/satellite/v4_city_level/output/CO/full/graphs/EventStudy_AugSynth_FE_Nall.png,file in an output folder
/mnt/c/Users/LEONELB/OneDrive - Inter-American Development Bank Group/quito-metro-airquality-2026,air_quality,output/satellite/v4_city_level/output/CO/full/graphs/EventStudy_AugSynth_noFE_N100.png,untracked,110304,5d7883987b8446908ee51917e3aa9152dcd1e3e7cae45fc8c56f8bc618c2b5b0,output,/home/leonelb/data/quito-metro-eval/air_quality/frozen_2026-05-29/output/satellite/v4_city_level/output/CO/full/graphs/EventStudy_AugSynth_noFE_N100.png,file in an output folder
/mnt/c/Users/LEONELB/OneDrive - Inter-American Development Bank Group/quito-metro-airquality-2026,air_quality,output/satellite/v4_city_level/output/CO/full/graphs/EventStudy_AugSynth_noFE_N150.png,untracked,110119,72b4073ee86f217bac97b120a483d74dc471b385577a92f457f88fbb2793b574,output,/home/leonelb/data/quito-metro-eval/air_quality/frozen_2026-05-29/output/satellite/v4_city_level/output/CO/full/graphs/EventStudy_AugSynth_noFE_N150.png,file in an output folder
/mnt/c/Users/LEONELB/OneDrive - Inter-American Development Bank Group/quito-metro-airquality-2026,air_quality,output/satellite/v4_city_level/output/CO/full/graphs/EventStudy_AugSynth_noFE_N200.png,untracked,111053,6b5f80e137773c3802801370c9aa887d0cf0a630ce31c2b78dba3a021e7011ea,output,/home/leonelb/data/quito-metro-eval/air_quality/frozen_2026-05-29/output/satellite/v4_city_level/output/CO/full/graphs/EventStudy_AugSynth_noFE_N200.png,file in an output folder
/mnt/c/Users/LEONELB/OneDrive - Inter-American Development Bank Group/quito-metro-airquality-2026,air_quality,output/satellite/v4_city_level/output/CO/full/graphs/EventStudy_AugSynth_noFE_N50.png,untracked,110359,2f7cc461b77ce05e73a76bfa6e52374e0e9b41c2051b4e2b56c1c297e3013416,output,/home/leonelb/data/quito-metro-eval/air_quality/frozen_2026-05-29/output/satellite/v4_city_level/output/CO/full/graphs/EventStudy_AugSynth_noFE_N50.png,file in an output folder
/mnt/c/Users/LEONELB/OneDrive - Inter-American Development Bank Group/quito-metro-airquality-2026,air_quality,output/satellite/v4_city_level/output/CO/full/graphs/EventStudy_AugSynth_noFE_Nall.png,untracked,111273,8ab4b75a94481b7d865d23d5d5fc03fc510c3f32eb89658290f0e37f3946edaf,output,/home/leonelb/data/quito-metro-eval/air_quality/frozen_2026-05-29/output/satellite/v4_city_level/output/CO/full/graphs/EventStudy_AugSynth_noFE_Nall.png,file in an output folder
/mnt/c/Users/LEONELB/OneDrive - Inter-American Development Bank Group/quito-metro-airquality-2026,air_quality,output/satellite/v4_city_level/output/CO/full/graphs/EventStudy_SC_N100.png,untracked,110054,af8f80eb6f605ec2eec6f77c5164a8df6a0abb78dedd8ba9baafb4b7cc06e9c6,output,/home/leonelb/data/quito-metro-eval/air_quality/frozen_2026-05-29/output/satellite/v4_city_level/output/CO/full/graphs/EventStudy_SC_N100.png,file in an output folder
/mnt/c/Users/LEONELB/OneDrive - Inter-American Development Bank Group/quito-metro-airquality-2026,air_quality,output/satellite/v4_city_level/output/CO/full/graphs/EventStudy_SC_N150.png,untracked,108767,dcf999b9476e758c5cd6ed52f1bb31b53721a142ed4fa1f286627c95dbdf8fa6,output,/home/leonelb/data/quito-metro-eval/air_quality/frozen_2026-05-29/output/satellite/v4_city_level/output/CO/full/graphs/EventStudy_SC_N150.png,file in an output folder
/mnt/c/Users/LEONELB/OneDrive - Inter-American Development Bank Group/quito-metro-airquality-2026,air_quality,output/satellite/v4_city_level/output/CO/full/graphs/EventStudy_SC_N200.png,untracked,109201,c2abe3420f4470f592c8d4ca60538b2dd524a38e42fa8008aafdbb0e7cc2484d,output,/home/leonelb/data/quito-metro-eval/air_quality/frozen_2026-05-29/output/satellite/v4_city_level/output/CO/full/graphs/EventStudy_SC_N200.png,file in an output folder
/mnt/c/Users/LEONELB/OneDrive - Inter-American Development Bank Group/quito-metro-airquality-2026,air_quality,output/satellite/v4_city_level/output/CO/full/graphs/EventStudy_SC_N50.png,untracked,110088,9b50ab1765bce5abe17ee5f9ce032345f30ae1452e7a1089d873107cf541e595,output,/home/leonelb/data/quito-metro-eval/air_quality/frozen_2026-05-29/output/satellite/v4_city_level/output/CO/full/graphs/EventStudy_SC_N50.png,file in an output folder
/mnt/c/Users/LEONELB/OneDrive - Inter-American Development Bank Group/quito-metro-airquality-2026,air_quality,output/satellite/v4_city_level/output/CO/full/graphs/EventStudy_SC_Nall.png,untracked,105022,ad82b7e54053899177b5a19a2297277edd372ac55b45cd0e868d2cf4ab06f6c9,output,/home/leonelb/data/quito-metro-eval/air_quality/frozen_2026-05-29/output/satellite/v4_city_level/output/CO/full/graphs/EventStudy_SC_Nall.png,file in an output folder
/mnt/c/Users/LEONELB/OneDrive - Inter-American Development Bank Group/quito-metro-airquality-2026,air_quality,output/satellite/v4_city_level/output/CO/full/graphs/EventStudy_SDID_N100.png,untracked,108698,c186fa16ba0e0d76e79923a519b0f2997a39b4fbef08c6618abe9b24317c2292,output,/home/leonelb/data/quito-metro-eval/air_quality/frozen_2026-05-29/output/satellite/v4_city_level/output/CO/full/graphs/EventStudy_SDID_N100.png,file in an output folder
/mnt/c/Users/LEONELB/OneDrive - Inter-American Development Bank Group/quito-metro-airquality-2026,air_quality,output/satellite/v4_city_level/output/CO/full/graphs/EventStudy_SDID_N150.png,untracked,108740,71a15240db40cd33171d3300ddbcf51e002f0c36d6d47b4550737051472af77b,output,/home/leonelb/data/quito-metro-eval/air_quality/frozen_2026-05-29/output/satellite/v4_city_level/output/CO/full/graphs/EventStudy_SDID_N150.png,file in an output folder
/mnt/c/Users/LEONELB/OneDrive - Inter-American Development Bank Group/quito-metro-airquality-2026,air_quality,output/satellite/v4_city_level/output/CO/full/graphs/EventStudy_SDID_N200.png,untracked,108143,a7e9fcf1a56e5731796cee1004fc3c8678bf8101cbd841b707bbf74aa3bd7278,output,/home/leonelb/data/quito-metro-eval/air_quality/frozen_2026-05-29/output/satellite/v4_city_level/output/CO/full/graphs/EventStudy_SDID_N200.png,file in an output folder
/mnt/c/Users/LEONELB/OneDrive - Inter-American Development Bank Group/quito-metro-airquality-2026,air_quality,output/satellite/v4_city_level/output/CO/full/graphs/EventStudy_SDID_N50.png,untracked,108544,5ede49eecd95a8179677f5b36abe84fbe7427bcd588fb4ec98a8b957fe1ae857,output,/home/leonelb/data/quito-metro-eval/air_quality/frozen_2026-05-29/output/satellite/v4_city_level/output/CO/full/graphs/EventStudy_SDID_N50.png,file in an output folder
/mnt/c/Users/LEONELB/OneDrive - Inter-American Development Bank Group/quito-metro-airquality-2026,air_quality,output/satellite/v4_city_level/output/CO/full/graphs/EventStudy_SDID_Nall.png,untracked,105592,dab3bc66b80410e1a0ca0561f7085d4c1c8e64feb07a94ca6bd11396e472e821,output,/home/leonelb/data/quito-metro-eval/air_quality/frozen_2026-05-29/output/satellite/v4_city_level/output/CO/full/graphs/EventStudy_SDID_Nall.png,file in an output folder
/mnt/c/Users/LEONELB/OneDrive - Inter-American Development Bank Group/quito-metro-airquality-2026,air_quality,output/satellite/v4_city_level/output/CO/full/graphs/Trajectory_AugSynth_FE_N100.png,untracked,123727,9498349498257753d6c6d54b31467de99555f81e70772bd70d5f9918df7ecce4,output,/home/leonelb/data/quito-metro-eval/air_quality/frozen_2026-05-29/output/satellite/v4_city_level/output/CO/full/graphs/Trajectory_AugSynth_FE_N100.png,file in an output folder
/mnt/c/Users/LEONELB/OneDrive - Inter-American Development Bank Group/quito-metro-airquality-2026,air_quality,output/satellite/v4_city_level/output/CO/full/graphs/Trajectory_AugSynth_FE_N150.png,untracked,123139,b7328965a2d0321313293cd5c454e4db28bfd1361e80d4f1e356c94b30b24d53,output,/home/leonelb/data/quito-metro-eval/air_quality/frozen_2026-05-29/output/satellite/v4_city_level/output/CO/full/graphs/Trajectory_AugSynth_FE_N150.png,file in an output folder
/mnt/c/Users/LEONELB/OneDrive - Inter-American Development Bank Group/quito-metro-airquality-2026,air_quality,output/satellite/v4_city_level/output/CO/full/graphs/Trajectory_AugSynth_FE_N200.png,untracked,123120,d4a00be8f62fc4452923fced34000311da536199d9eb84485ac8879e474382e6,output,/home/leonelb/data/quito-metro-eval/air_quality/frozen_2026-05-29/output/satellite/v4_city_level/output/CO/full/graphs/Trajectory_AugSynth_FE_N200.png,file in an output folder
/mnt/c/Users/LEONELB/OneDrive - Inter-American Development Bank Group/quito-metro-airquality-2026,air_quality,output/satellite/v4_city_level/output/CO/full/graphs/Trajectory_AugSynth_FE_N50.png,untracked,124320,5d98627bfff583cd5982c58c0d3e6c4e471ac433a1198f23f61d0756ac3d22e3,output,/home/leonelb/data/quito-metro-eval/air_quality/frozen_2026-05-29/output/satellite/v4_city_level/output/CO/full/graphs/Trajectory_AugSynth_FE_N50.png,file in an output folder
/mnt/c/Users/LEONELB/OneDrive - Inter-American Development Bank Group/quito-metro-airquality-2026,air_quality,output/satellite/v4_city_level/output/CO/full/graphs/Trajectory_AugSynth_FE_Nall.png,untracked,120871,499231ece8bcd39db7652b9e0b46d621a2bce8a80b45ea57631868f3d8309ea1,output,/home/leonelb/data/quito-metro-eval/air_quality/frozen_2026-05-29/output/satellite/v4_city_level/output/CO/full/graphs/Trajectory_AugSynth_FE_Nall.png,file in an output folder
/mnt/c/Users/LEONELB/OneDrive - Inter-American Development Bank Group/quito-metro-airquality-2026,air_quality,output/satellite/v4_city_level/output/CO/full/graphs/Trajectory_AugSynth_noFE_N100.png,untracked,131763,b6c8fb4f7c2cfb49c343f9d34be91d955a4a1d36f6aa8b411d1b5bcbd0d5a226,output,/home/leonelb/data/quito-metro-eval/air_quality/frozen_2026-05-29/output/satellite/v4_city_level/output/CO/full/graphs/Trajectory_AugSynth_noFE_N100.png,file in an output folder
/mnt/c/Users/LEONELB/OneDrive - Inter-American Development Bank Group/quito-metro-airquality-2026,air_quality,output/satellite/v4_city_level/output/CO/full/graphs/Trajectory_AugSynth_noFE_N150.png,untracked,133266,4b78ac5de1c4117caada7949ed8b656be25db0ab72ea82f8bef7518bc1ccdf17,output,/home/leonelb/data/quito-metro-eval/air_quality/frozen_2026-05-29/output/satellite/v4_city_level/output/CO/full/graphs/Trajectory_AugSynth_noFE_N150.png,file in an output folder
/mnt/c/Users/LEONELB/OneDrive - Inter-American Development Bank Group/quito-metro-airquality-2026,air_quality,output/satellite/v4_city_level/output/CO/full/graphs/Trajectory_AugSynth_noFE_N200.png,untracked,132772,5153941f0b47a975ca8229d9ae7b2e6e31270018f3f81e1bab47085bfbd5e73c,output,/home/leonelb/data/quito-metro-eval/air_quality/frozen_2026-05-29/output/satellite/v4_city_level/output/CO/full/graphs/Trajectory_AugSynth_noFE_N200.png,file in an output folder
/mnt/c/Users/LEONELB/OneDrive - Inter-American Development Bank Group/quito-metro-airquality-2026,air_quality,output/satellite/v4_city_level/output/CO/full/graphs/Trajectory_AugSynth_noFE_N50.png,untracked,133377,455803f7dee9bad086c0c92ee5a1116d03b21feef3234721a05473d88ac7e4c9,output,/home/leonelb/data/quito-metro-eval/air_quality/frozen_2026-05-29/output/satellite/v4_city_level/output/CO/full/graphs/Trajectory_AugSynth_noFE_N50.png,file in an output folder
/mnt/c/Users/LEONELB/OneDrive - Inter-American Development Bank Group/quito-metro-airquality-2026,air_quality,output/satellite/v4_city_level/output/CO/full/graphs/Trajectory_AugSynth_noFE_Nall.png,untracked,131859,00d276781a3f62b9ab11754ff8e3aa0417d29c94c5761c7e5f1dff38c9471102,output,/home/leonelb/data/quito-metro-eval/air_quality/frozen_2026-05-29/output/satellite/v4_city_level/output/CO/full/graphs/Trajectory_AugSynth_noFE_Nall.png,file in an output folder
/mnt/c/Users/LEONELB/OneDrive - Inter-American Development Bank Group/quito-metro-airquality-2026,air_quality,output/satellite/v4_city_level/output/CO/full/graphs/Trajectory_SC_N100.png,untracked,129971,6fb0b01532ecefa1a3dcafca40af448cfe04cfa77e8b500346070d11e13a298e,output,/home/leonelb/data/quito-metro-eval/air_quality/frozen_2026-05-29/output/satellite/v4_city_level/output/CO/full/graphs/Trajectory_SC_N100.png,file in an output folder
/mnt/c/Users/LEONELB/OneDrive - Inter-American Development Bank Group/quito-metro-airquality-2026,air_quality,output/satellite/v4_city_level/output/CO/full/graphs/Trajectory_SC_N150.png,untracked,130117,57b581c2cef5bc0290d8735c5ddfb4177e962be45ea968a2cd85645e3c2de2ea,output,/home/leonelb/data/quito-metro-eval/air_quality/frozen_2026-05-29/output/satellite/v4_city_level/output/CO/full/graphs/Trajectory_SC_N150.png,file in an output folder
/mnt/c/Users/LEONELB/OneDrive - Inter-American Development Bank Group/quito-metro-airquality-2026,air_quality,output/satellite/v4_city_level/output/CO/full/graphs/Trajectory_SC_N200.png,untracked,129644,77e467931a3adb921e6a3a73d79917953d0dbeb677360539979ab1e5223373bf,output,/home/leonelb/data/quito-metro-eval/air_quality/frozen_2026-05-29/output/satellite/v4_city_level/output/CO/full/graphs/Trajectory_SC_N200.png,file in an output folder
/mnt/c/Users/LEONELB/OneDrive - Inter-American Development Bank Group/quito-metro-airquality-2026,air_quality,output/satellite/v4_city_level/output/CO/full/graphs/Trajectory_SC_N50.png,untracked,131309,546e2eb37ca2847bdacddfe2551279e7cd5dda1ba3cb32724ca6161045618262,output,/home/leonelb/data/quito-metro-eval/air_quality/frozen_2026-05-29/output/satellite/v4_city_level/output/CO/full/graphs/Trajectory_SC_N50.png,file in an output folder
/mnt/c/Users/LEONELB/OneDrive - Inter-American Development Bank Group/quito-metro-airquality-2026,air_quality,output/satellite/v4_city_level/output/CO/full/graphs/Trajectory_SC_Nall.png,untracked,127557,73ac20ee0f522265d14be474793ba08f25856d70c9e3012561564ca0e9c7b159,output,/home/leonelb/data/quito-metro-eval/air_quality/frozen_2026-05-29/output/satellite/v4_city_level/output/CO/full/graphs/Trajectory_SC_Nall.png,file in an output folder
/mnt/c/Users/LEONELB/OneDrive - Inter-American Development Bank Group/quito-metro-airquality-2026,air_quality,output/satellite/v4_city_level/output/CO/full/graphs/Trajectory_SDID_N100.png,untracked,129533,0f458923300b8b42e245c5d20f4ad574d9821e9fcef6532867b0cdf9161d32b6,output,/home/leonelb/data/quito-metro-eval/air_quality/frozen_2026-05-29/output/satellite/v4_city_level/output/CO/full/graphs/Trajectory_SDID_N100.png,file in an output folder
/mnt/c/Users/LEONELB/OneDrive - Inter-American Development Bank Group/quito-metro-airquality-2026,air_quality,output/satellite/v4_city_level/output/CO/full/graphs/Trajectory_SDID_N150.png,untracked,130821,c023b8d3dbb983120914b7795f40ff7c2828372143b0ef6707c479eae82f7261,output,/home/leonelb/data/quito-metro-eval/air_quality/frozen_2026-05-29/output/satellite/v4_city_level/output/CO/full/graphs/Trajectory_SDID_N150.png,file in an output folder
/mnt/c/Users/LEONELB/OneDrive - Inter-American Development Bank Group/quito-metro-airquality-2026,air_quality,output/satellite/v4_city_level/output/CO/full/graphs/Trajectory_SDID_N200.png,untracked,130304,c85ac81ca3c83eb0c5f4e44d74d1944f49163b9153c827b68c23bc6033c7738a,output,/home/leonelb/data/quito-metro-eval/air_quality/frozen_2026-05-29/output/satellite/v4_city_level/output/CO/full/graphs/Trajectory_SDID_N200.png,file in an output folder
/mnt/c/Users/LEONELB/OneDrive - Inter-American Development Bank Group/quito-metro-airquality-2026,air_quality,output/satellite/v4_city_level/output/CO/full/graphs/Trajectory_SDID_N50.png,untracked,129766,82fcae92c503fd81c349f9f19a25fd2d7e471025d2f0c233a69249caac388312,output,/home/leonelb/data/quito-metro-eval/air_quality/frozen_2026-05-29/output/satellite/v4_city_level/output/CO/full/graphs/Trajectory_SDID_N50.png,file in an output folder
/mnt/c/Users/LEONELB/OneDrive - Inter-American Development Bank Group/quito-metro-airquality-2026,air_quality,output/satellite/v4_city_level/output/CO/full/graphs/Trajectory_SDID_Nall.png,untracked,129647,18d51947f1b37c5b9fab008f5d1e3e186331a3032903d17eb813ffd5c0b07c01,output,/home/leonelb/data/quito-metro-eval/air_quality/frozen_2026-05-29/output/satellite/v4_city_level/output/CO/full/graphs/Trajectory_SDID_Nall.png,file in an output folder
/mnt/c/Users/LEONELB/OneDrive - Inter-American Development Bank Group/quito-metro-airquality-2026,air_quality,output/satellite/v4_city_level/output/CO/full/tables/GrandSummary.csv,untracked,4413,545df59f1a592dee2932f3b9d577938f0f8610619d6df1594fba6f5a92285f7f,output,/home/leonelb/data/quito-metro-eval/air_quality/frozen_2026-05-29/output/satellite/v4_city_level/output/CO/full/tables/GrandSummary.csv,file in an output folder
/mnt/c/Users/LEONELB/OneDrive - Inter-American Development Bank Group/quito-metro-airquality-2026,air_quality,output/satellite/v4_city_level/output/CO/full/tables/PreTreatmentFit_N100.csv,untracked,435,eb4a045e36191712c96382a568907358d92f811b3ab3616d635f2dacbf20083b,output,/home/leonelb/data/quito-metro-eval/air_quality/frozen_2026-05-29/output/satellite/v4_city_level/output/CO/full/tables/PreTreatmentFit_N100.csv,file in an output folder
/mnt/c/Users/LEONELB/OneDrive - Inter-American Development Bank Group/quito-metro-airquality-2026,air_quality,output/satellite/v4_city_level/output/CO/full/tables/PreTreatmentFit_N150.csv,untracked,431,6fec3006448c1e270f5c23457a8b9f69500151ea4f1d61c4229de7a7a01478de,output,/home/leonelb/data/quito-metro-eval/air_quality/frozen_2026-05-29/output/satellite/v4_city_level/output/CO/full/tables/PreTreatmentFit_N150.csv,file in an output folder
/mnt/c/Users/LEONELB/OneDrive - Inter-American Development Bank Group/quito-metro-airquality-2026,air_quality,output/satellite/v4_city_level/output/CO/full/tables/PreTreatmentFit_N200.csv,untracked,431,27250781161a2fdfad2c95ac19babb74771ac635c5fbecfe6f543c736b44caa4,output,/home/leonelb/data/quito-metro-eval/air_quality/frozen_2026-05-29/output/satellite/v4_city_level/output/CO/full/tables/PreTreatmentFit_N200.csv,file in an output folder
/mnt/c/Users/LEONELB/OneDrive - Inter-American Development Bank Group/quito-metro-airquality-2026,air_quality,output/satellite/v4_city_level/output/CO/full/tables/PreTreatmentFit_N50.csv,untracked,434,4058a0e67e704ecd595e619e3e9140c63a14c844856dd8762322e69b88c146b7,output,/home/leonelb/data/quito-metro-eval/air_quality/frozen_2026-05-29/output/satellite/v4_city_level/output/CO/full/tables/PreTreatmentFit_N50.csv,file in an output folder
/mnt/c/Users/LEONELB/OneDrive - Inter-American Development Bank Group/quito-metro-airquality-2026,air_quality,output/satellite/v4_city_level/output/CO/full/tables/PreTreatmentFit_Nall.csv,untracked,431,0369b57148aeb63eb62b15513baf07099f5f9a960db87cedd3cabff317b9ae8d,output,/home/leonelb/data/quito-metro-eval/air_quality/frozen_2026-05-29/output/satellite/v4_city_level/output/CO/full/tables/PreTreatmentFit_Nall.csv,file in an output folder
/mnt/c/Users/LEONELB/OneDrive - Inter-American Development Bank Group/quito-metro-airquality-2026,air_quality,output/satellite/v4_city_level/output/CO/full/tables/ResidualizationDiagnostics.csv,untracked,168,8baaff93d0c845a15e0e8d0816b4f2db07adbb114b12bf4c5758ab7a96854268,output,/home/leonelb/data/quito-metro-eval/air_quality/frozen_2026-05-29/output/satellite/v4_city_level/output/CO/full/tables/ResidualizationDiagnostics.csv,file in an output folder
/mnt/c/Users/LEONELB/OneDrive - Inter-American Development Bank Group/quito-metro-airquality-2026,air_quality,output/satellite/v4_city_level/output/CO/full/tables/Summary_N100.csv,untracked,967,e5ef38fae6e7a2d80433bfc400cc8861f044d936fe41871a589014df3088eccd,output,/home/leonelb/data/quito-metro-eval/air_quality/frozen_2026-05-29/output/satellite/v4_city_level/output/CO/full/tables/Summary_N100.csv,file in an output folder
/mnt/c/Users/LEONELB/OneDrive - Inter-American Development Bank Group/quito-metro-airquality-2026,air_quality,output/satellite/v4_city_level/output/CO/full/tables/Summary_N150.csv,untracked,967,6dab268c77bf08d1ef713342f6aaa4ddd02e4abbcdd651dd00b71525175da2cc,output,/home/leonelb/data/quito-metro-eval/air_quality/frozen_2026-05-29/output/satellite/v4_city_level/output/CO/full/tables/Summary_N150.csv,file in an output folder
/mnt/c/Users/LEONELB/OneDrive - Inter-American Development Bank Group/quito-metro-airquality-2026,air_quality,output/satellite/v4_city_level/output/CO/full/tables/Summary_N200.csv,untracked,964,37dc097513624618031a0c0359d1103c1bd4e18694a64c8d89ccbe87838ab65e,output,/home/leonelb/data/quito-metro-eval/air_quality/frozen_2026-05-29/output/satellite/v4_city_level/output/CO/full/tables/Summary_N200.csv,file in an output folder
/mnt/c/Users/LEONELB/OneDrive - Inter-American Development Bank Group/quito-metro-airquality-2026,air_quality,output/satellite/v4_city_level/output/CO/full/tables/Summary_N50.csv,untracked,965,c12cc4fddedb63dfbabb9a7c595a5913855582a45a1623e6602fc3a39b2d5310,output,/home/leonelb/data/quito-metro-eval/air_quality/frozen_2026-05-29/output/satellite/v4_city_level/output/CO/full/tables/Summary_N50.csv,file in an output folder
/mnt/c/Users/LEONELB/OneDrive - Inter-American Development Bank Group/quito-metro-airquality-2026,air_quality,output/satellite/v4_city_level/output/CO/full/tables/Summary_Nall.csv,untracked,945,bdb4a289e98f4a77824c52662ef610caaab8092d218bbd4ca4800466dbe7c990,output,/home/leonelb/data/quito-metro-eval/air_quality/frozen_2026-05-29/output/satellite/v4_city_level/output/CO/full/tables/Summary_Nall.csv,file in an output folder
/mnt/c/Users/LEONELB/OneDrive - Inter-American Development Bank Group/quito-metro-airquality-2026,air_quality,output/satellite/v4_city_level/output/CO/full/tables/Trajectories_N100.csv,untracked,17283,2b9b5a6fe46cc0448cf8bd952451661ba2491aea2fb23dc0932de5a6350b45f9,output,/home/leonelb/data/quito-metro-eval/air_quality/frozen_2026-05-29/output/satellite/v4_city_level/output/CO/full/tables/Trajectories_N100.csv,file in an output folder
/mnt/c/Users/LEONELB/OneDrive - Inter-American Development Bank Group/quito-metro-airquality-2026,air_quality,output/satellite/v4_city_level/output/CO/full/tables/Trajectories_N150.csv,untracked,17243,800f711f759f3190fe1de9bd2d0e038b245b93503a0908957497de35945509d3,output,/home/leonelb/data/quito-metro-eval/air_quality/frozen_2026-05-29/output/satellite/v4_city_level/output/CO/full/tables/Trajectories_N150.csv,file in an output folder
/mnt/c/Users/LEONELB/OneDrive - Inter-American Development Bank Group/quito-metro-airquality-2026,air_quality,output/satellite/v4_city_level/output/CO/full/tables/Trajectories_N200.csv,untracked,17264,3c0929ba5e95a5ba28e30c3e52a074a0aee547f5adead19ef1c7944506022c9a,output,/home/leonelb/data/quito-metro-eval/air_quality/frozen_2026-05-29/output/satellite/v4_city_level/output/CO/full/tables/Trajectories_N200.csv,file in an output folder
/mnt/c/Users/LEONELB/OneDrive - Inter-American Development Bank Group/quito-metro-airquality-2026,air_quality,output/satellite/v4_city_level/output/CO/full/tables/Trajectories_N50.csv,untracked,17259,c7d96b39adff37ac7c433a1cbce7b9e4d15eb69fda8e6a14fd0165d4c18ba33f,output,/home/leonelb/data/quito-metro-eval/air_quality/frozen_2026-05-29/output/satellite/v4_city_level/output/CO/full/tables/Trajectories_N50.csv,file in an output folder
/mnt/c/Users/LEONELB/OneDrive - Inter-American Development Bank Group/quito-metro-airquality-2026,air_quality,output/satellite/v4_city_level/output/CO/full/tables/Trajectories_Nall.csv,untracked,17263,defb029d4cc573a81515d7ff2858586c1c8343b67ca05b59cd83ebc98445d8b3,output,/home/leonelb/data/quito-metro-eval/air_quality/frozen_2026-05-29/output/satellite/v4_city_level/output/CO/full/tables/Trajectories_Nall.csv,file in an output folder
/mnt/c/Users/LEONELB/OneDrive - Inter-American Development Bank Group/quito-metro-airquality-2026,air_quality,output/satellite/v4_city_level/output/CO/full/tables/Weights_N100.csv,untracked,11895,4adfd70aefd1bf77e11610cf1adad3942fbe4328ff941cb726fb0689ba08a11c,output,/home/leonelb/data/quito-metro-eval/air_quality/frozen_2026-05-29/output/satellite/v4_city_level/output/CO/full/tables/Weights_N100.csv,file in an output folder
/mnt/c/Users/LEONELB/OneDrive - Inter-American Development Bank Group/quito-metro-airquality-2026,air_quality,output/satellite/v4_city_level/output/CO/full/tables/Weights_N150.csv,untracked,17646,902f981281860b632322f54b2c02f208e6931904c99e740bd1ed913a4511851d,output,/home/leonelb/data/quito-metro-eval/air_quality/frozen_2026-05-29/output/satellite/v4_city_level/output/CO/full/tables/Weights_N150.csv,file in an output folder
/mnt/c/Users/LEONELB/OneDrive - Inter-American Development Bank Group/quito-metro-airquality-2026,air_quality,output/satellite/v4_city_level/output/CO/full/tables/Weights_N200.csv,untracked,23201,5cfd855968f689157a7d1c504aaaef3ceb5014609cd646d52c17b3d319e3462d,output,/home/leonelb/data/quito-metro-eval/air_quality/frozen_2026-05-29/output/satellite/v4_city_level/output/CO/full/tables/Weights_N200.csv,file in an output folder
/mnt/c/Users/LEONELB/OneDrive - Inter-American Development Bank Group/quito-metro-airquality-2026,air_quality,output/satellite/v4_city_level/output/CO/full/tables/Weights_N50.csv,untracked,6085,83ca9be3dc05228d7056b4de7d32ed9d6b7fec286bb43810980f9dc15e5bf3f3,output,/home/leonelb/data/quito-metro-eval/air_quality/frozen_2026-05-29/output/satellite/v4_city_level/output/CO/full/tables/Weights_N50.csv,file in an output folder
/mnt/c/Users/LEONELB/OneDrive - Inter-American Development Bank Group/quito-metro-airquality-2026,air_quality,output/satellite/v4_city_level/output/CO/full/tables/Weights_Nall.csv,untracked,111327,5737736b45854ac3fbd951af0a6a639b030f0e8eae26f7b02fd2dc8577d8e7f9,output,/home/leonelb/data/quito-metro-eval/air_quality/frozen_2026-05-29/output/satellite/v4_city_level/output/CO/full/tables/Weights_Nall.csv,file in an output folder
/mnt/c/Users/LEONELB/OneDrive - Inter-American Development Bank Group/quito-metro-airquality-2026,air_quality,output/satellite/v4_city_level/output/CO/pre_blackout/graphs/EventStudy_AugSynth_FE_N100.png,untracked,65011,74fbc7f96d007f186bab95238cec14786f8f9d55f3155dffb686c656b318c418,output,/home/leonelb/data/quito-metro-eval/air_quality/frozen_2026-05-29/output/satellite/v4_city_level/output/CO/pre_blackout/graphs/EventStudy_AugSynth_FE_N100.png,file in an output folder
/mnt/c/Users/LEONELB/OneDrive - Inter-American Development Bank Group/quito-metro-airquality-2026,air_quality,output/satellite/v4_city_level/output/CO/pre_blackout/graphs/EventStudy_AugSynth_FE_N150.png,untracked,65159,fb8a337faa6c3d6a576a1d100a4ee631b314196d1ade472d7a1c33435a55afe7,output,/home/leonelb/data/quito-metro-eval/air_quality/frozen_2026-05-29/output/satellite/v4_city_level/output/CO/pre_blackout/graphs/EventStudy_AugSynth_FE_N150.png,file in an output folder
/mnt/c/Users/LEONELB/OneDrive - Inter-American Development Bank Group/quito-metro-airquality-2026,air_quality,output/satellite/v4_city_level/output/CO/pre_blackout/graphs/EventStudy_AugSynth_FE_N200.png,untracked,93527,f2dacc0b2b75a3977461e788d5eaa5aa8b729812d57d386d6726524afa83d68e,output,/home/leonelb/data/quito-metro-eval/air_quality/frozen_2026-05-29/output/satellite/v4_city_level/output/CO/pre_blackout/graphs/EventStudy_AugSynth_FE_N200.png,file in an output folder
/mnt/c/Users/LEONELB/OneDrive - Inter-American Development Bank Group/quito-metro-airquality-2026,air_quality,output/satellite/v4_city_level/output/CO/pre_blackout/graphs/EventStudy_AugSynth_FE_N50.png,untracked,93278,9d4c678794b9fdc690c7ca4c609c4baebaf8596ce3f411f56103fb697a63f3fb,output,/home/leonelb/data/quito-metro-eval/air_quality/frozen_2026-05-29/output/satellite/v4_city_level/output/CO/pre_blackout/graphs/EventStudy_AugSynth_FE_N50.png,file in an output folder
/mnt/c/Users/LEONELB/OneDrive - Inter-American Development Bank Group/quito-metro-airquality-2026,air_quality,output/satellite/v4_city_level/output/CO/pre_blackout/graphs/EventStudy_AugSynth_FE_Nall.png,untracked,64611,0ed1bd51bb0c0359e59f816c6ba7306e9af0043db4305ae24b5ce3d4c432be58,output,/home/leonelb/data/quito-metro-eval/air_quality/frozen_2026-05-29/output/satellite/v4_city_level/output/CO/pre_blackout/graphs/EventStudy_AugSynth_FE_Nall.png,file in an output folder
/mnt/c/Users/LEONELB/OneDrive - Inter-American Development Bank Group/quito-metro-airquality-2026,air_quality,output/satellite/v4_city_level/output/CO/pre_blackout/graphs/EventStudy_AugSynth_noFE_N100.png,untracked,93060,070e3629567645383d540fe03be6607c65a8f14a501093fcf44fd70dc0621844,output,/home/leonelb/data/quito-metro-eval/air_quality/frozen_2026-05-29/output/satellite/v4_city_level/output/CO/pre_blackout/graphs/EventStudy_AugSynth_noFE_N100.png,file in an output folder
/mnt/c/Users/LEONELB/OneDrive - Inter-American Development Bank Group/quito-metro-airquality-2026,air_quality,output/satellite/v4_city_level/output/CO/pre_blackout/graphs/EventStudy_AugSynth_noFE_N150.png,untracked,92244,b535423c57b108779d826da64624cd04375371bda58198110c4b9fc3b16e0d1e,output,/home/leonelb/data/quito-metro-eval/air_quality/frozen_2026-05-29/output/satellite/v4_city_level/output/CO/pre_blackout/graphs/EventStudy_AugSynth_noFE_N150.png,file in an output folder
/mnt/c/Users/LEONELB/OneDrive - Inter-American Development Bank Group/quito-metro-airquality-2026,air_quality,output/satellite/v4_city_level/output/CO/pre_blackout/graphs/EventStudy_AugSynth_noFE_N200.png,untracked,92808,17176c460a65995ec8998c9e2624900f26809dc938677ccc08eb41c6e564b474,output,/home/leonelb/data/quito-metro-eval/air_quality/frozen_2026-05-29/output/satellite/v4_city_level/output/CO/pre_blackout/graphs/EventStudy_AugSynth_noFE_N200.png,file in an output folder
/mnt/c/Users/LEONELB/OneDrive - Inter-American Development Bank Group/quito-metro-airquality-2026,air_quality,output/satellite/v4_city_level/output/CO/pre_blackout/graphs/EventStudy_AugSynth_noFE_N50.png,untracked,94568,c6aaad34e715c6495e6082f72a5ae2cae9829e54d8416194c99d579fa3ebf66b,output,/home/leonelb/data/quito-metro-eval/air_quality/frozen_2026-05-29/output/satellite/v4_city_level/output/CO/pre_blackout/graphs/EventStudy_AugSynth_noFE_N50.png,file in an output folder
/mnt/c/Users/LEONELB/OneDrive - Inter-American Development Bank Group/quito-metro-airquality-2026,air_quality,output/satellite/v4_city_level/output/CO/pre_blackout/graphs/EventStudy_AugSynth_noFE_Nall.png,untracked,92220,29fead2b949867584ebdb0c05da82a4c37a1bb92f37d88cc07cc326525d3f72b,output,/home/leonelb/data/quito-metro-eval/air_quality/frozen_2026-05-29/output/satellite/v4_city_level/output/CO/pre_blackout/graphs/EventStudy_AugSynth_noFE_Nall.png,file in an output folder
/mnt/c/Users/LEONELB/OneDrive - Inter-American Development Bank Group/quito-metro-airquality-2026,air_quality,output/satellite/v4_city_level/output/CO/pre_blackout/graphs/EventStudy_SC_N100.png,untracked,97868,85e4a8cde5dfa5c2fdea0586c7b1b7c17cb9bff0dfefa4e271279d5a103360ea,output,/home/leonelb/data/quito-metro-eval/air_quality/frozen_2026-05-29/output/satellite/v4_city_level/output/CO/pre_blackout/graphs/EventStudy_SC_N100.png,file in an output folder
/mnt/c/Users/LEONELB/OneDrive - Inter-American Development Bank Group/quito-metro-airquality-2026,air_quality,output/satellite/v4_city_level/output/CO/pre_blackout/graphs/EventStudy_SC_N150.png,untracked,93981,69837fd0bd5b9bacadb1278acefa090dbc1880224baea9c9dc33604ca7a89d05,output,/home/leonelb/data/quito-metro-eval/air_quality/frozen_2026-05-29/output/satellite/v4_city_level/output/CO/pre_blackout/graphs/EventStudy_SC_N150.png,file in an output folder
/mnt/c/Users/LEONELB/OneDrive - Inter-American Development Bank Group/quito-metro-airquality-2026,air_quality,output/satellite/v4_city_level/output/CO/pre_blackout/graphs/EventStudy_SC_N200.png,untracked,92960,68045a83aee7f4ee46bc88a7ee3799391070cafa14a01da30dccb95251224d95,output,/home/leonelb/data/quito-metro-eval/air_quality/frozen_2026-05-29/output/satellite/v4_city_level/output/CO/pre_blackout/graphs/EventStudy_SC_N200.png,file in an output folder
/mnt/c/Users/LEONELB/OneDrive - Inter-American Development Bank Group/quito-metro-airquality-2026,air_quality,output/satellite/v4_city_level/output/CO/pre_blackout/graphs/EventStudy_SC_N50.png,untracked,99770,95b9103ef1d49a20ff762bebec487f55d4beb682ac629d9b4e0075714ea09005,output,/home/leonelb/data/quito-metro-eval/air_quality/frozen_2026-05-29/output/satellite/v4_city_level/output/CO/pre_blackout/graphs/EventStudy_SC_N50.png,file in an output folder
/mnt/c/Users/LEONELB/OneDrive - Inter-American Development Bank Group/quito-metro-airquality-2026,air_quality,output/satellite/v4_city_level/output/CO/pre_blackout/graphs/EventStudy_SC_Nall.png,untracked,86917,5e5baf55d6f2a61510b5b3293dfb6313f1476df7af990035e99c6ee177a8723d,output,/home/leonelb/data/quito-metro-eval/air_quality/frozen_2026-05-29/output/satellite/v4_city_level/output/CO/pre_blackout/graphs/EventStudy_SC_Nall.png,file in an output folder
/mnt/c/Users/LEONELB/OneDrive - Inter-American Development Bank Group/quito-metro-airquality-2026,air_quality,output/satellite/v4_city_level/output/CO/pre_blackout/graphs/EventStudy_SDID_N100.png,untracked,102675,2640f49630b624f8ede70a169bd7fddd186395d6c9199e9d288e787859c3cb96,output,/home/leonelb/data/quito-metro-eval/air_quality/frozen_2026-05-29/output/satellite/v4_city_level/output/CO/pre_blackout/graphs/EventStudy_SDID_N100.png,file in an output folder
/mnt/c/Users/LEONELB/OneDrive - Inter-American Development Bank Group/quito-metro-airquality-2026,air_quality,output/satellite/v4_city_level/output/CO/pre_blackout/graphs/EventStudy_SDID_N150.png,untracked,102913,fb4ed7470b50fa22f96bf33097dc27896b8574c72a4dc4d3e0de13c788e9de6f,output,/home/leonelb/data/quito-metro-eval/air_quality/frozen_2026-05-29/output/satellite/v4_city_level/output/CO/pre_blackout/graphs/EventStudy_SDID_N150.png,file in an output folder
/mnt/c/Users/LEONELB/OneDrive - Inter-American Development Bank Group/quito-metro-airquality-2026,air_quality,output/satellite/v4_city_level/output/CO/pre_blackout/graphs/EventStudy_SDID_N200.png,untracked,103545,d60568e1d53b4cb6ada71d58b992a88b2697ef9adaa58d5b905615a0a0845b8e,output,/home/leonelb/data/quito-metro-eval/air_quality/frozen_2026-05-29/output/satellite/v4_city_level/output/CO/pre_blackout/graphs/EventStudy_SDID_N200.png,file in an output folder
/mnt/c/Users/LEONELB/OneDrive - Inter-American Development Bank Group/quito-metro-airquality-2026,air_quality,output/satellite/v4_city_level/output/CO/pre_blackout/graphs/EventStudy_SDID_N50.png,untracked,100466,573b3ee217ea4998c95d3407b79a7b2ea200e78da6e4f719896cee61b70bcee1,output,/home/leonelb/data/quito-metro-eval/air_quality/frozen_2026-05-29/output/satellite/v4_city_level/output/CO/pre_blackout/graphs/EventStudy_SDID_N50.png,file in an output folder
/mnt/c/Users/LEONELB/OneDrive - Inter-American Development Bank Group/quito-metro-airquality-2026,air_quality,output/satellite/v4_city_level/output/CO/pre_blackout/graphs/EventStudy_SDID_Nall.png,untracked,103483,569249fac48ad73cab6d525aa8792b50c85fcc1b017225d9a6a227f8de066dda,output,/home/leonelb/data/quito-metro-eval/air_quality/frozen_2026-05-29/output/satellite/v4_city_level/output/CO/pre_blackout/graphs/EventStudy_SDID_Nall.png,file in an output folder
/mnt/c/Users/LEONELB/OneDrive - Inter-American Development Bank Group/quito-metro-airquality-2026,air_quality,output/satellite/v4_city_level/output/CO/pre_blackout/graphs/Trajectory_AugSynth_FE_N100.png,untracked,105919,f1aaa2a675bc888fd01c574c15d2cd12e383e36c50a73646bfde51f122fb4dac,output,/home/leonelb/data/quito-metro-eval/air_quality/frozen_2026-05-29/output/satellite/v4_city_level/output/CO/pre_blackout/graphs/Trajectory_AugSynth_FE_N100.png,file in an output folder
/mnt/c/Users/LEONELB/OneDrive - Inter-American Development Bank Group/quito-metro-airquality-2026,air_quality,output/satellite/v4_city_level/output/CO/pre_blackout/graphs/Trajectory_AugSynth_FE_N150.png,untracked,106486,32371f95ab2fcdede37c4112f845eb90808b67b376afda81b03dc4cf4c72bb25,output,/home/leonelb/data/quito-metro-eval/air_quality/frozen_2026-05-29/output/satellite/v4_city_level/output/CO/pre_blackout/graphs/Trajectory_AugSynth_FE_N150.png,file in an output folder
/mnt/c/Users/LEONELB/OneDrive - Inter-American Development Bank Group/quito-metro-airquality-2026,air_quality,output/satellite/v4_city_level/output/CO/pre_blackout/graphs/Trajectory_AugSynth_FE_N200.png,untracked,116189,b1093a51a4ab65f20b4c6b1415ef95d35639d94c41551bdf06c9f9e8a3e3bf61,output,/home/leonelb/data/quito-metro-eval/air_quality/frozen_2026-05-29/output/satellite/v4_city_level/output/CO/pre_blackout/graphs/Trajectory_AugSynth_FE_N200.png,file in an output folder
/mnt/c/Users/LEONELB/OneDrive - Inter-American Development Bank Group/quito-metro-airquality-2026,air_quality,output/satellite/v4_city_level/output/CO/pre_blackout/graphs/Trajectory_AugSynth_FE_N50.png,untracked,116859,1aa36a4bc063c460176c0c3c3db00f6cf9ed0c21637f29878aa467b15a2a46b3,output,/home/leonelb/data/quito-metro-eval/air_quality/frozen_2026-05-29/output/satellite/v4_city_level/output/CO/pre_blackout/graphs/Trajectory_AugSynth_FE_N50.png,file in an output folder
/mnt/c/Users/LEONELB/OneDrive - Inter-American Development Bank Group/quito-metro-airquality-2026,air_quality,output/satellite/v4_city_level/output/CO/pre_blackout/graphs/Trajectory_AugSynth_FE_Nall.png,untracked,102628,38452820ddbfcf432b5d31ef31a645be37409e0544c95f7acf360e364914d67f,output,/home/leonelb/data/quito-metro-eval/air_quality/frozen_2026-05-29/output/satellite/v4_city_level/output/CO/pre_blackout/graphs/Trajectory_AugSynth_FE_Nall.png,file in an output folder
/mnt/c/Users/LEONELB/OneDrive - Inter-American Development Bank Group/quito-metro-airquality-2026,air_quality,output/satellite/v4_city_level/output/CO/pre_blackout/graphs/Trajectory_AugSynth_noFE_N100.png,untracked,119442,500d23eef07e745e8aa2dfa8bda5549851da6414f16875e7bb0017a050667c41,output,/home/leonelb/data/quito-metro-eval/air_quality/frozen_2026-05-29/output/satellite/v4_city_level/output/CO/pre_blackout/graphs/Trajectory_AugSynth_noFE_N100.png,file in an output folder
/mnt/c/Users/LEONELB/OneDrive - Inter-American Development Bank Group/quito-metro-airquality-2026,air_quality,output/satellite/v4_city_level/output/CO/pre_blackout/graphs/Trajectory_AugSynth_noFE_N150.png,untracked,119882,b08cc84ed775dd4b73c3e4a8eac6d88742cb275efa127853f14608c2bc4f50f6,output,/home/leonelb/data/quito-metro-eval/air_quality/frozen_2026-05-29/output/satellite/v4_city_level/output/CO/pre_blackout/graphs/Trajectory_AugSynth_noFE_N150.png,file in an output folder
/mnt/c/Users/LEONELB/OneDrive - Inter-American Development Bank Group/quito-metro-airquality-2026,air_quality,output/satellite/v4_city_level/output/CO/pre_blackout/graphs/Trajectory_AugSynth_noFE_N200.png,untracked,120618,807d39d92240a4c2c6d085e2ede009519425e146469a3b352ff15cb3a136825a,output,/home/leonelb/data/quito-metro-eval/air_quality/frozen_2026-05-29/output/satellite/v4_city_level/output/CO/pre_blackout/graphs/Trajectory_AugSynth_noFE_N200.png,file in an output folder
/mnt/c/Users/LEONELB/OneDrive - Inter-American Development Bank Group/quito-metro-airquality-2026,air_quality,output/satellite/v4_city_level/output/CO/pre_blackout/graphs/Trajectory_AugSynth_noFE_N50.png,untracked,121116,183a2de17f1c1007d60e8b3460d7b899a5133c966169a7ac7b1fe78db68a4645,output,/home/leonelb/data/quito-metro-eval/air_quality/frozen_2026-05-29/output/satellite/v4_city_level/output/CO/pre_blackout/graphs/Trajectory_AugSynth_noFE_N50.png,file in an output folder
/mnt/c/Users/LEONELB/OneDrive - Inter-American Development Bank Group/quito-metro-airquality-2026,air_quality,output/satellite/v4_city_level/output/CO/pre_blackout/graphs/Trajectory_AugSynth_noFE_Nall.png,untracked,118627,732f59ae344999cd0b54306b467063c86b363547f7e508882275ad5d427db6cf,output,/home/leonelb/data/quito-metro-eval/air_quality/frozen_2026-05-29/output/satellite/v4_city_level/output/CO/pre_blackout/graphs/Trajectory_AugSynth_noFE_Nall.png,file in an output folder
/mnt/c/Users/LEONELB/OneDrive - Inter-American Development Bank Group/quito-metro-airquality-2026,air_quality,output/satellite/v4_city_level/output/CO/pre_blackout/graphs/Trajectory_SC_N100.png,untracked,125820,eb8781bc50f2cc51dede899a84da76ebc9fabe47b9fe11f9b07539bc81d64af5,output,/home/leonelb/data/quito-metro-eval/air_quality/frozen_2026-05-29/output/satellite/v4_city_level/output/CO/pre_blackout/graphs/Trajectory_SC_N100.png,file in an output folder
/mnt/c/Users/LEONELB/OneDrive - Inter-American Development Bank Group/quito-metro-airquality-2026,air_quality,output/satellite/v4_city_level/output/CO/pre_blackout/graphs/Trajectory_SC_N150.png,untracked,125736,432a607f78c73e3446d657f63ec4f42b5d3b7511381f523c56c6e5505662809e,output,/home/leonelb/data/quito-metro-eval/air_quality/frozen_2026-05-29/output/satellite/v4_city_level/output/CO/pre_blackout/graphs/Trajectory_SC_N150.png,file in an output folder
/mnt/c/Users/LEONELB/OneDrive - Inter-American Development Bank Group/quito-metro-airquality-2026,air_quality,output/satellite/v4_city_level/output/CO/pre_blackout/graphs/Trajectory_SC_N200.png,untracked,122021,612b7e5f796285659966b1a160bb75e7c29400e7cf11b89f9a2345929f7ab543,output,/home/leonelb/data/quito-metro-eval/air_quality/frozen_2026-05-29/output/satellite/v4_city_level/output/CO/pre_blackout/graphs/Trajectory_SC_N200.png,file in an output folder
/mnt/c/Users/LEONELB/OneDrive - Inter-American Development Bank Group/quito-metro-airquality-2026,air_quality,output/satellite/v4_city_level/output/CO/pre_blackout/graphs/Trajectory_SC_N50.png,untracked,125659,977ad9241ec7ee312b2743440c06389af67478034d971ca0c684aa9e1a2d33b1,output,/home/leonelb/data/quito-metro-eval/air_quality/frozen_2026-05-29/output/satellite/v4_city_level/output/CO/pre_blackout/graphs/Trajectory_SC_N50.png,file in an output folder
/mnt/c/Users/LEONELB/OneDrive - Inter-American Development Bank Group/quito-metro-airquality-2026,air_quality,output/satellite/v4_city_level/output/CO/pre_blackout/graphs/Trajectory_SC_Nall.png,untracked,122823,04b99e8dd1212bb8cde2b79f1285ff8d53d2ca8183926b959afa62944f90e48f,output,/home/leonelb/data/quito-metro-eval/air_quality/frozen_2026-05-29/output/satellite/v4_city_level/output/CO/pre_blackout/graphs/Trajectory_SC_Nall.png,file in an output folder
/mnt/c/Users/LEONELB/OneDrive - Inter-American Development Bank Group/quito-metro-airquality-2026,air_quality,output/satellite/v4_city_level/output/CO/pre_blackout/graphs/Trajectory_SDID_N100.png,untracked,126233,2b1f3d12701753f5b4937e346fc7119b68ad02768b5d4e9bdbd937958faadd15,output,/home/leonelb/data/quito-metro-eval/air_quality/frozen_2026-05-29/output/satellite/v4_city_level/output/CO/pre_blackout/graphs/Trajectory_SDID_N100.png,file in an output folder
/mnt/c/Users/LEONELB/OneDrive - Inter-American Development Bank Group/quito-metro-airquality-2026,air_quality,output/satellite/v4_city_level/output/CO/pre_blackout/graphs/Trajectory_SDID_N150.png,untracked,126018,f85a8659fb6dafb93cf3ee7f6c04198d324501511e8e823838234d1d0c3a6bf9,output,/home/leonelb/data/quito-metro-eval/air_quality/frozen_2026-05-29/output/satellite/v4_city_level/output/CO/pre_blackout/graphs/Trajectory_SDID_N150.png,file in an output folder
/mnt/c/Users/LEONELB/OneDrive - Inter-American Development Bank Group/quito-metro-airquality-2026,air_quality,output/satellite/v4_city_level/output/CO/pre_blackout/graphs/Trajectory_SDID_N200.png,untracked,125562,380db4db74ae18da238a09649daeb95dd09ce1ebe6d28ea1c039ff376ef16f6a,output,/home/leonelb/data/quito-metro-eval/air_quality/frozen_2026-05-29/output/satellite/v4_city_level/output/CO/pre_blackout/graphs/Trajectory_SDID_N200.png,file in an output folder
/mnt/c/Users/LEONELB/OneDrive - Inter-American Development Bank Group/quito-metro-airquality-2026,air_quality,output/satellite/v4_city_level/output/CO/pre_blackout/graphs/Trajectory_SDID_N50.png,untracked,125346,4f3a82f8b99a252ad33bf1251cad12023093971bc8e06d0c13c008f9c05a7410,output,/home/leonelb/data/quito-metro-eval/air_quality/frozen_2026-05-29/output/satellite/v4_city_level/output/CO/pre_blackout/graphs/Trajectory_SDID_N50.png,file in an output folder
/mnt/c/Users/LEONELB/OneDrive - Inter-American Development Bank Group/quito-metro-airquality-2026,air_quality,output/satellite/v4_city_level/output/CO/pre_blackout/graphs/Trajectory_SDID_Nall.png,untracked,124544,f1628b086077da26f2c8d027335f9cebca33cc130a3ce76dd3233781144f1c44,output,/home/leonelb/data/quito-metro-eval/air_quality/frozen_2026-05-29/output/satellite/v4_city_level/output/CO/pre_blackout/graphs/Trajectory_SDID_Nall.png,file in an output folder
/mnt/c/Users/LEONELB/OneDrive - Inter-American Development Bank Group/quito-metro-airquality-2026,air_quality,output/satellite/v4_city_level/output/CO/pre_blackout/tables/GrandSummary.csv,untracked,3733,72311acf5591a65927c9e94e05dd1c5a515367368b118edfdac08d1ac37e41d2,output,/home/leonelb/data/quito-metro-eval/air_quality/frozen_2026-05-29/output/satellite/v4_city_level/output/CO/pre_blackout/tables/GrandSummary.csv,file in an output folder
/mnt/c/Users/LEONELB/OneDrive - Inter-American Development Bank Group/quito-metro-airquality-2026,air_quality,output/satellite/v4_city_level/output/CO/pre_blackout/tables/PreTreatmentFit_N100.csv,untracked,430,bd79d3c73d857ffbfed71b5acb64f10c26b3efb578884250ec6780e17357312d,output,/home/leonelb/data/quito-metro-eval/air_quality/frozen_2026-05-29/output/satellite/v4_city_level/output/CO/pre_blackout/tables/PreTreatmentFit_N100.csv,file in an output folder
/mnt/c/Users/LEONELB/OneDrive - Inter-American Development Bank Group/quito-metro-airquality-2026,air_quality,output/satellite/v4_city_level/output/CO/pre_blackout/tables/PreTreatmentFit_N150.csv,untracked,434,6f57224ac9e266f2e526106cd36031e71e17129d6e7a03f443ea891fff2dd357,output,/home/leonelb/data/quito-metro-eval/air_quality/frozen_2026-05-29/output/satellite/v4_city_level/output/CO/pre_blackout/tables/PreTreatmentFit_N150.csv,file in an output folder
/mnt/c/Users/LEONELB/OneDrive - Inter-American Development Bank Group/quito-metro-airquality-2026,air_quality,output/satellite/v4_city_level/output/CO/pre_blackout/tables/PreTreatmentFit_N200.csv,untracked,431,de2e1b853e7d1067cae643fd7762be45bf8fd003b1811d0d94eab44192bcdfea,output,/home/leonelb/data/quito-metro-eval/air_quality/frozen_2026-05-29/output/satellite/v4_city_level/output/CO/pre_blackout/tables/PreTreatmentFit_N200.csv,file in an output folder
/mnt/c/Users/LEONELB/OneDrive - Inter-American Development Bank Group/quito-metro-airquality-2026,air_quality,output/satellite/v4_city_level/output/CO/pre_blackout/tables/PreTreatmentFit_N50.csv,untracked,429,bcf79f2608e79d365274d47c6cfb8c6b0c599bca237a7d72c317bdeefb2fc13f,output,/home/leonelb/data/quito-metro-eval/air_quality/frozen_2026-05-29/output/satellite/v4_city_level/output/CO/pre_blackout/tables/PreTreatmentFit_N50.csv,file in an output folder
/mnt/c/Users/LEONELB/OneDrive - Inter-American Development Bank Group/quito-metro-airquality-2026,air_quality,output/satellite/v4_city_level/output/CO/pre_blackout/tables/PreTreatmentFit_Nall.csv,untracked,432,9c91f12892e443ada4194b3f2b5d16d9dd002753cab135dfe82ad533aab3caa7,output,/home/leonelb/data/quito-metro-eval/air_quality/frozen_2026-05-29/output/satellite/v4_city_level/output/CO/pre_blackout/tables/PreTreatmentFit_Nall.csv,file in an output folder
/mnt/c/Users/LEONELB/OneDrive - Inter-American Development Bank Group/quito-metro-airquality-2026,air_quality,output/satellite/v4_city_level/output/CO/pre_blackout/tables/ResidualizationDiagnostics.csv,untracked,168,daa0a6e5eb272fa4fc74228ed0d80b2e2571a80771d184be28540dde90aad271,output,/home/leonelb/data/quito-metro-eval/air_quality/frozen_2026-05-29/output/satellite/v4_city_level/output/CO/pre_blackout/tables/ResidualizationDiagnostics.csv,file in an output folder
/mnt/c/Users/LEONELB/OneDrive - Inter-American Development Bank Group/quito-metro-airquality-2026,air_quality,output/satellite/v4_city_level/output/CO/pre_blackout/tables/Summary_N100.csv,untracked,823,b161d3290912d58a1381a3ba228b411880b354d192a1da042eec131435ab8caa,output,/home/leonelb/data/quito-metro-eval/air_quality/frozen_2026-05-29/output/satellite/v4_city_level/output/CO/pre_blackout/tables/Summary_N100.csv,file in an output folder
/mnt/c/Users/LEONELB/OneDrive - Inter-American Development Bank Group/quito-metro-airquality-2026,air_quality,output/satellite/v4_city_level/output/CO/pre_blackout/tables/Summary_N150.csv,untracked,824,03ca03fbc20c2f5b9e67995aa6c1ffe3a4390696721a9914c3515978f8abf9dd,output,/home/leonelb/data/quito-metro-eval/air_quality/frozen_2026-05-29/output/satellite/v4_city_level/output/CO/pre_blackout/tables/Summary_N150.csv,file in an output folder
/mnt/c/Users/LEONELB/OneDrive - Inter-American Development Bank Group/quito-metro-airquality-2026,air_quality,output/satellite/v4_city_level/output/CO/pre_blackout/tables/Summary_N200.csv,untracked,827,e07ff1a76199bdd5628ecd81abe23e6fc03850f28dbbb842852557505cd415ec,output,/home/leonelb/data/quito-metro-eval/air_quality/frozen_2026-05-29/output/satellite/v4_city_level/output/CO/pre_blackout/tables/Summary_N200.csv,file in an output folder
/mnt/c/Users/LEONELB/OneDrive - Inter-American Development Bank Group/quito-metro-airquality-2026,air_quality,output/satellite/v4_city_level/output/CO/pre_blackout/tables/Summary_N50.csv,untracked,826,80be9b817ae38970cee22b67485cd766c5b283ca826f0eb4731009729c1cbae6,output,/home/leonelb/data/quito-metro-eval/air_quality/frozen_2026-05-29/output/satellite/v4_city_level/output/CO/pre_blackout/tables/Summary_N50.csv,file in an output folder
/mnt/c/Users/LEONELB/OneDrive - Inter-American Development Bank Group/quito-metro-airquality-2026,air_quality,output/satellite/v4_city_level/output/CO/pre_blackout/tables/Summary_Nall.csv,untracked,828,7730f790e215ec00e2e4cd17762ac3cf6d5986a8f1c764a8c1930029bc4a379b,output,/home/leonelb/data/quito-metro-eval/air_quality/frozen_2026-05-29/output/satellite/v4_city_level/output/CO/pre_blackout/tables/Summary_Nall.csv,file in an output folder
/mnt/c/Users/LEONELB/OneDrive - Inter-American Development Bank Group/quito-metro-airquality-2026,air_quality,output/satellite/v4_city_level/output/CO/pre_blackout/tables/Trajectories_N100.csv,untracked,10813,5664424e2b8db77e6e1d3f29143a1094c19e00054f937bf136289a4e3854a210,output,/home/leonelb/data/quito-metro-eval/air_quality/frozen_2026-05-29/output/satellite/v4_city_level/output/CO/pre_blackout/tables/Trajectories_N100.csv,file in an output folder
/mnt/c/Users/LEONELB/OneDrive - Inter-American Development Bank Group/quito-metro-airquality-2026,air_quality,output/satellite/v4_city_level/output/CO/pre_blackout/tables/Trajectories_N150.csv,untracked,10815,025363e097618e843e59a1d99c20caa9ac4e5abbca21cdf7a576928ca5391317,output,/home/leonelb/data/quito-metro-eval/air_quality/frozen_2026-05-29/output/satellite/v4_city_level/output/CO/pre_blackout/tables/Trajectories_N150.csv,file in an output folder
/mnt/c/Users/LEONELB/OneDrive - Inter-American Development Bank Group/quito-metro-airquality-2026,air_quality,output/satellite/v4_city_level/output/CO/pre_blackout/tables/Trajectories_N200.csv,untracked,10820,42c7e40eae73231232fd6103e12ec20826414b496ea183c92384f41c141e9fbb,output,/home/leonelb/data/quito-metro-eval/air_quality/frozen_2026-05-29/output/satellite/v4_city_level/output/CO/pre_blackout/tables/Trajectories_N200.csv,file in an output folder
/mnt/c/Users/LEONELB/OneDrive - Inter-American Development Bank Group/quito-metro-airquality-2026,air_quality,output/satellite/v4_city_level/output/CO/pre_blackout/tables/Trajectories_N50.csv,untracked,10819,1273f0f3ee664655e0cd63c218339e3b5aa8a54a30d67db06a5f94b9244cc7f8,output,/home/leonelb/data/quito-metro-eval/air_quality/frozen_2026-05-29/output/satellite/v4_city_level/output/CO/pre_blackout/tables/Trajectories_N50.csv,file in an output folder
/mnt/c/Users/LEONELB/OneDrive - Inter-American Development Bank Group/quito-metro-airquality-2026,air_quality,output/satellite/v4_city_level/output/CO/pre_blackout/tables/Trajectories_Nall.csv,untracked,10818,1178d0a559a4bbc9b792a6e59731ef3ff1a1036c773e05da9f94a4abf577be42,output,/home/leonelb/data/quito-metro-eval/air_quality/frozen_2026-05-29/output/satellite/v4_city_level/output/CO/pre_blackout/tables/Trajectories_Nall.csv,file in an output folder
/mnt/c/Users/LEONELB/OneDrive - Inter-American Development Bank Group/quito-metro-airquality-2026,air_quality,output/satellite/v4_city_level/output/CO/pre_blackout/tables/Weights_N100.csv,untracked,11551,27e5565f384ecfc6c01d0cd02d6474c39994ca14d4d301293bf047ba0eb85fa4,output,/home/leonelb/data/quito-metro-eval/air_quality/frozen_2026-05-29/output/satellite/v4_city_level/output/CO/pre_blackout/tables/Weights_N100.csv,file in an output folder
/mnt/c/Users/LEONELB/OneDrive - Inter-American Development Bank Group/quito-metro-airquality-2026,air_quality,output/satellite/v4_city_level/output/CO/pre_blackout/tables/Weights_N150.csv,untracked,16995,683b3967c4be42a83dc76abdc82be6892823e55bfa2149f698731a340ff42685,output,/home/leonelb/data/quito-metro-eval/air_quality/frozen_2026-05-29/output/satellite/v4_city_level/output/CO/pre_blackout/tables/Weights_N150.csv,file in an output folder
/mnt/c/Users/LEONELB/OneDrive - Inter-American Development Bank Group/quito-metro-airquality-2026,air_quality,output/satellite/v4_city_level/output/CO/pre_blackout/tables/Weights_N200.csv,untracked,22468,a9bcc0eaf08bb2eddbc3ca73cfe0dc719010f1aeaddf7f24c5347c75d5468734,output,/home/leonelb/data/quito-metro-eval/air_quality/frozen_2026-05-29/output/satellite/v4_city_level/output/CO/pre_blackout/tables/Weights_N200.csv,file in an output folder
/mnt/c/Users/LEONELB/OneDrive - Inter-American Development Bank Group/quito-metro-airquality-2026,air_quality,output/satellite/v4_city_level/output/CO/pre_blackout/tables/Weights_N50.csv,untracked,6028,34d63563e7e78295709db7deb71ce033f42a4876bf5577bd6f840e778ba7fe3f,output,/home/leonelb/data/quito-metro-eval/air_quality/frozen_2026-05-29/output/satellite/v4_city_level/output/CO/pre_blackout/tables/Weights_N50.csv,file in an output folder
/mnt/c/Users/LEONELB/OneDrive - Inter-American Development Bank Group/quito-metro-airquality-2026,air_quality,output/satellite/v4_city_level/output/CO/pre_blackout/tables/Weights_Nall.csv,untracked,109151,465e397294dbcc33b5b4ca093209eec531dc6e5b6b292d66cd57be986e136773,output,/home/leonelb/data/quito-metro-eval/air_quality/frozen_2026-05-29/output/satellite/v4_city_level/output/CO/pre_blackout/tables/Weights_Nall.csv,file in an output folder
/mnt/c/Users/LEONELB/OneDrive - Inter-American Development Bank Group/quito-metro-airquality-2026,air_quality,output/satellite/v4_city_level/output/NO2/CrossSample_Summary.csv,untracked,12911,0e535d23205af121b86ba11275903ab51fbcafb6c863dfc99becc39ec5398a0d,output,/home/leonelb/data/quito-metro-eval/air_quality/frozen_2026-05-29/output/satellite/v4_city_level/output/NO2/CrossSample_Summary.csv,file in an output folder
/mnt/c/Users/LEONELB/OneDrive - Inter-American Development Bank Group/quito-metro-airquality-2026,air_quality,output/satellite/v4_city_level/output/NO2/CrossSample_Summary_NO2.csv,untracked,12911,0e535d23205af121b86ba11275903ab51fbcafb6c863dfc99becc39ec5398a0d,output,/home/leonelb/data/quito-metro-eval/air_quality/frozen_2026-05-29/output/satellite/v4_city_level/output/NO2/CrossSample_Summary_NO2.csv,file in an output folder
/mnt/c/Users/LEONELB/OneDrive - Inter-American Development Bank Group/quito-metro-airquality-2026,air_quality,output/satellite/v4_city_level/output/NO2/donut/graphs/EventStudy_AugSynth_FE_N100.png,untracked,79350,a20f80486fcef3725ba9264f4d469f15cde63327b6e24782b8005ee459a68966,output,/home/leonelb/data/quito-metro-eval/air_quality/frozen_2026-05-29/output/satellite/v4_city_level/output/NO2/donut/graphs/EventStudy_AugSynth_FE_N100.png,file in an output folder
/mnt/c/Users/LEONELB/OneDrive - Inter-American Development Bank Group/quito-metro-airquality-2026,air_quality,output/satellite/v4_city_level/output/NO2/donut/graphs/EventStudy_AugSynth_FE_N150.png,untracked,80814,5eb65324a663781e6d4bd08575a146dd784f3c4334a7f0f5bdec0ba86edc2f61,output,/home/leonelb/data/quito-metro-eval/air_quality/frozen_2026-05-29/output/satellite/v4_city_level/output/NO2/donut/graphs/EventStudy_AugSynth_FE_N150.png,file in an output folder
/mnt/c/Users/LEONELB/OneDrive - Inter-American Development Bank Group/quito-metro-airquality-2026,air_quality,output/satellite/v4_city_level/output/NO2/donut/graphs/EventStudy_AugSynth_FE_N200.png,untracked,80329,e238d2a5b4ecd9f8d63844f7f1a36a34e72f9d8e9bb95b8bd5d05518f92d792d,output,/home/leonelb/data/quito-metro-eval/air_quality/frozen_2026-05-29/output/satellite/v4_city_level/output/NO2/donut/graphs/EventStudy_AugSynth_FE_N200.png,file in an output folder
/mnt/c/Users/LEONELB/OneDrive - Inter-American Development Bank Group/quito-metro-airquality-2026,air_quality,output/satellite/v4_city_level/output/NO2/donut/graphs/EventStudy_AugSynth_FE_N50.png,untracked,86121,4bd60bc5594c2892356e1b6556e0f83c6b713e20d8faefb72fad1939ed751c98,output,/home/leonelb/data/quito-metro-eval/air_quality/frozen_2026-05-29/output/satellite/v4_city_level/output/NO2/donut/graphs/EventStudy_AugSynth_FE_N50.png,file in an output folder
/mnt/c/Users/LEONELB/OneDrive - Inter-American Development Bank Group/quito-metro-airquality-2026,air_quality,output/satellite/v4_city_level/output/NO2/donut/graphs/EventStudy_AugSynth_FE_Nall.png,untracked,79651,7add922d229d7a29951d51d140bdbc8cf45ee61a004931b6680b1e372e1ab651,output,/home/leonelb/data/quito-metro-eval/air_quality/frozen_2026-05-29/output/satellite/v4_city_level/output/NO2/donut/graphs/EventStudy_AugSynth_FE_Nall.png,file in an output folder
/mnt/c/Users/LEONELB/OneDrive - Inter-American Development Bank Group/quito-metro-airquality-2026,air_quality,output/satellite/v4_city_level/output/NO2/donut/graphs/EventStudy_AugSynth_noFE_N100.png,untracked,97636,5807ff20032e58e914ad8d4a031c21d8c6f60c5ba52ef80d4b6e813adec652aa,output,/home/leonelb/data/quito-metro-eval/air_quality/frozen_2026-05-29/output/satellite/v4_city_level/output/NO2/donut/graphs/EventStudy_AugSynth_noFE_N100.png,file in an output folder
/mnt/c/Users/LEONELB/OneDrive - Inter-American Development Bank Group/quito-metro-airquality-2026,air_quality,output/satellite/v4_city_level/output/NO2/donut/graphs/EventStudy_AugSynth_noFE_N150.png,untracked,96684,9ad682989684497ade65d5171a07edc0db5728523023b1ce2e12da359e9f33ca,output,/home/leonelb/data/quito-metro-eval/air_quality/frozen_2026-05-29/output/satellite/v4_city_level/output/NO2/donut/graphs/EventStudy_AugSynth_noFE_N150.png,file in an output folder
/mnt/c/Users/LEONELB/OneDrive - Inter-American Development Bank Group/quito-metro-airquality-2026,air_quality,output/satellite/v4_city_level/output/NO2/donut/graphs/EventStudy_AugSynth_noFE_N200.png,untracked,96568,ce36cb357b6ef26e789e281e10606bb332503ae8326e0580b9b0b9b711c60dd9,output,/home/leonelb/data/quito-metro-eval/air_quality/frozen_2026-05-29/output/satellite/v4_city_level/output/NO2/donut/graphs/EventStudy_AugSynth_noFE_N200.png,file in an output folder
/mnt/c/Users/LEONELB/OneDrive - Inter-American Development Bank Group/quito-metro-airquality-2026,air_quality,output/satellite/v4_city_level/output/NO2/donut/graphs/EventStudy_AugSynth_noFE_N50.png,untracked,100980,38c5287ed00a5958a0df284d2d7fc571c4eb3787c3f80eb6855801bafb88426d,output,/home/leonelb/data/quito-metro-eval/air_quality/frozen_2026-05-29/output/satellite/v4_city_level/output/NO2/donut/graphs/EventStudy_AugSynth_noFE_N50.png,file in an output folder
/mnt/c/Users/LEONELB/OneDrive - Inter-American Development Bank Group/quito-metro-airquality-2026,air_quality,output/satellite/v4_city_level/output/NO2/donut/graphs/EventStudy_AugSynth_noFE_Nall.png,untracked,94768,5899eb90c2b4e586117c2ab9f465516223cf3cf274e1bf1c47fe5eff3bcd01ed,output,/home/leonelb/data/quito-metro-eval/air_quality/frozen_2026-05-29/output/satellite/v4_city_level/output/NO2/donut/graphs/EventStudy_AugSynth_noFE_Nall.png,file in an output folder
/mnt/c/Users/LEONELB/OneDrive - Inter-American Development Bank Group/quito-metro-airquality-2026,air_quality,output/satellite/v4_city_level/output/NO2/donut/graphs/EventStudy_SC_N100.png,untracked,95047,d5a296e3da84fc313f695048103ce64de87c164b36e6e782aebf1e8804bb0374,output,/home/leonelb/data/quito-metro-eval/air_quality/frozen_2026-05-29/output/satellite/v4_city_level/output/NO2/donut/graphs/EventStudy_SC_N100.png,file in an output folder
/mnt/c/Users/LEONELB/OneDrive - Inter-American Development Bank Group/quito-metro-airquality-2026,air_quality,output/satellite/v4_city_level/output/NO2/donut/graphs/EventStudy_SC_N150.png,untracked,96544,13d1fe3c08ea4be7a7249b925f090d8cf014612459e844ca0167f8aabbdd8864,output,/home/leonelb/data/quito-metro-eval/air_quality/frozen_2026-05-29/output/satellite/v4_city_level/output/NO2/donut/graphs/EventStudy_SC_N150.png,file in an output folder
/mnt/c/Users/LEONELB/OneDrive - Inter-American Development Bank Group/quito-metro-airquality-2026,air_quality,output/satellite/v4_city_level/output/NO2/donut/graphs/EventStudy_SC_N200.png,untracked,96606,5ee04960263c5632fc0227a526f7224a95702c6cd13f077d51beb1e334929d80,output,/home/leonelb/data/quito-metro-eval/air_quality/frozen_2026-05-29/output/satellite/v4_city_level/output/NO2/donut/graphs/EventStudy_SC_N200.png,file in an output folder
/mnt/c/Users/LEONELB/OneDrive - Inter-American Development Bank Group/quito-metro-airquality-2026,air_quality,output/satellite/v4_city_level/output/NO2/donut/graphs/EventStudy_SC_N50.png,untracked,95335,c7ec253863f574a034233de8b502e5c30693193fd27fb4a10255d38be09957f8,output,/home/leonelb/data/quito-metro-eval/air_quality/frozen_2026-05-29/output/satellite/v4_city_level/output/NO2/donut/graphs/EventStudy_SC_N50.png,file in an output folder
/mnt/c/Users/LEONELB/OneDrive - Inter-American Development Bank Group/quito-metro-airquality-2026,air_quality,output/satellite/v4_city_level/output/NO2/donut/graphs/EventStudy_SC_Nall.png,untracked,92397,b8d209028939dbea26522ce881efc3e1362de56f983ec8836a6fcc48519ffc85,output,/home/leonelb/data/quito-metro-eval/air_quality/frozen_2026-05-29/output/satellite/v4_city_level/output/NO2/donut/graphs/EventStudy_SC_Nall.png,file in an output folder
/mnt/c/Users/LEONELB/OneDrive - Inter-American Development Bank Group/quito-metro-airquality-2026,air_quality,output/satellite/v4_city_level/output/NO2/donut/graphs/EventStudy_SDID_N100.png,untracked,97526,fad9bd72d89ff9f6b33a7236cee41d4a8dde940535bf7a5bd00e901c2ee43013,output,/home/leonelb/data/quito-metro-eval/air_quality/frozen_2026-05-29/output/satellite/v4_city_level/output/NO2/donut/graphs/EventStudy_SDID_N100.png,file in an output folder
/mnt/c/Users/LEONELB/OneDrive - Inter-American Development Bank Group/quito-metro-airquality-2026,air_quality,output/satellite/v4_city_level/output/NO2/donut/graphs/EventStudy_SDID_N150.png,untracked,97137,9a21572262098aca1a6bcf7b042b89ba6181f0c791eaf458be65e4a7090226ae,output,/home/leonelb/data/quito-metro-eval/air_quality/frozen_2026-05-29/output/satellite/v4_city_level/output/NO2/donut/graphs/EventStudy_SDID_N150.png,file in an output folder
/mnt/c/Users/LEONELB/OneDrive - Inter-American Development Bank Group/quito-metro-airquality-2026,air_quality,output/satellite/v4_city_level/output/NO2/donut/graphs/EventStudy_SDID_N200.png,untracked,97434,5befa8dcea552b366a84c2b86dc2cee5ee2e4ae27faaca9f1b4aacee7a0202e0,output,/home/leonelb/data/quito-metro-eval/air_quality/frozen_2026-05-29/output/satellite/v4_city_level/output/NO2/donut/graphs/EventStudy_SDID_N200.png,file in an output folder
/mnt/c/Users/LEONELB/OneDrive - Inter-American Development Bank Group/quito-metro-airquality-2026,air_quality,output/satellite/v4_city_level/output/NO2/donut/graphs/EventStudy_SDID_N50.png,untracked,97961,853ca7e5831ff6b8dcbbe83da158f0439b5e1a27757d4b639c660adfc2455ad8,output,/home/leonelb/data/quito-metro-eval/air_quality/frozen_2026-05-29/output/satellite/v4_city_level/output/NO2/donut/graphs/EventStudy_SDID_N50.png,file in an output folder
/mnt/c/Users/LEONELB/OneDrive - Inter-American Development Bank Group/quito-metro-airquality-2026,air_quality,output/satellite/v4_city_level/output/NO2/donut/graphs/EventStudy_SDID_Nall.png,untracked,96869,984503917fcdb838e2bdfbc19da844495e2d90cab4bc06e8e63483821c558954,output,/home/leonelb/data/quito-metro-eval/air_quality/frozen_2026-05-29/output/satellite/v4_city_level/output/NO2/donut/graphs/EventStudy_SDID_Nall.png,file in an output folder
/mnt/c/Users/LEONELB/OneDrive - Inter-American Development Bank Group/quito-metro-airquality-2026,air_quality,output/satellite/v4_city_level/output/NO2/donut/graphs/Trajectory_AugSynth_FE_N100.png,untracked,117027,a9938bfb00582e1593fafe4eb5a1ad45f304aedf201131f91ef9e94ef7e999fd,output,/home/leonelb/data/quito-metro-eval/air_quality/frozen_2026-05-29/output/satellite/v4_city_level/output/NO2/donut/graphs/Trajectory_AugSynth_FE_N100.png,file in an output folder
/mnt/c/Users/LEONELB/OneDrive - Inter-American Development Bank Group/quito-metro-airquality-2026,air_quality,output/satellite/v4_city_level/output/NO2/donut/graphs/Trajectory_AugSynth_FE_N150.png,untracked,118045,9fc9e8b4a89cc8d8ee58a31c4740e9fc05c2d8673f22769cf0804e8e790ca344,output,/home/leonelb/data/quito-metro-eval/air_quality/frozen_2026-05-29/output/satellite/v4_city_level/output/NO2/donut/graphs/Trajectory_AugSynth_FE_N150.png,file in an output folder
/mnt/c/Users/LEONELB/OneDrive - Inter-American Development Bank Group/quito-metro-airquality-2026,air_quality,output/satellite/v4_city_level/output/NO2/donut/graphs/Trajectory_AugSynth_FE_N200.png,untracked,116500,d0c33b5482a76c6d7e2713d6ba9266d5be1bc1e75796979388633c04d0af1522,output,/home/leonelb/data/quito-metro-eval/air_quality/frozen_2026-05-29/output/satellite/v4_city_level/output/NO2/donut/graphs/Trajectory_AugSynth_FE_N200.png,file in an output folder
/mnt/c/Users/LEONELB/OneDrive - Inter-American Development Bank Group/quito-metro-airquality-2026,air_quality,output/satellite/v4_city_level/output/NO2/donut/graphs/Trajectory_AugSynth_FE_N50.png,untracked,131779,17bd599e5aebff1d532833a4c16f85326fc69bdaf4d87459eef7070f416856ab,output,/home/leonelb/data/quito-metro-eval/air_quality/frozen_2026-05-29/output/satellite/v4_city_level/output/NO2/donut/graphs/Trajectory_AugSynth_FE_N50.png,file in an output folder
/mnt/c/Users/LEONELB/OneDrive - Inter-American Development Bank Group/quito-metro-airquality-2026,air_quality,output/satellite/v4_city_level/output/NO2/donut/graphs/Trajectory_AugSynth_FE_Nall.png,untracked,113461,dcf1c5e1cb0cbfbcc8a3674e11c8be3a73e15bf9e06d39fc84cc5a57d31d3ab3,output,/home/leonelb/data/quito-metro-eval/air_quality/frozen_2026-05-29/output/satellite/v4_city_level/output/NO2/donut/graphs/Trajectory_AugSynth_FE_Nall.png,file in an output folder
/mnt/c/Users/LEONELB/OneDrive - Inter-American Development Bank Group/quito-metro-airquality-2026,air_quality,output/satellite/v4_city_level/output/NO2/donut/graphs/Trajectory_AugSynth_noFE_N100.png,untracked,122961,e52441b94a965a35d1f4127f738771c15125ed65de47e4dbbb6301670ecaa255,output,/home/leonelb/data/quito-metro-eval/air_quality/frozen_2026-05-29/output/satellite/v4_city_level/output/NO2/donut/graphs/Trajectory_AugSynth_noFE_N100.png,file in an output folder
/mnt/c/Users/LEONELB/OneDrive - Inter-American Development Bank Group/quito-metro-airquality-2026,air_quality,output/satellite/v4_city_level/output/NO2/donut/graphs/Trajectory_AugSynth_noFE_N150.png,untracked,123843,492327fcdcd9b65a0d5d55b657530e0050295fbe285784d82f99cf60ddf6e6d7,output,/home/leonelb/data/quito-metro-eval/air_quality/frozen_2026-05-29/output/satellite/v4_city_level/output/NO2/donut/graphs/Trajectory_AugSynth_noFE_N150.png,file in an output folder
/mnt/c/Users/LEONELB/OneDrive - Inter-American Development Bank Group/quito-metro-airquality-2026,air_quality,output/satellite/v4_city_level/output/NO2/donut/graphs/Trajectory_AugSynth_noFE_N200.png,untracked,122214,0cf4991112497777cc7bed274526182a29b270a66d910dc9c5d4c517c2d606af,output,/home/leonelb/data/quito-metro-eval/air_quality/frozen_2026-05-29/output/satellite/v4_city_level/output/NO2/donut/graphs/Trajectory_AugSynth_noFE_N200.png,file in an output folder
/mnt/c/Users/LEONELB/OneDrive - Inter-American Development Bank Group/quito-metro-airquality-2026,air_quality,output/satellite/v4_city_level/output/NO2/donut/graphs/Trajectory_AugSynth_noFE_N50.png,untracked,118515,5fc2b196901311e6b64bfa494d0252a7c311fd110de936f9e44896b05b13f474,output,/home/leonelb/data/quito-metro-eval/air_quality/frozen_2026-05-29/output/satellite/v4_city_level/output/NO2/donut/graphs/Trajectory_AugSynth_noFE_N50.png,file in an output folder
/mnt/c/Users/LEONELB/OneDrive - Inter-American Development Bank Group/quito-metro-airquality-2026,air_quality,output/satellite/v4_city_level/output/NO2/donut/graphs/Trajectory_AugSynth_noFE_Nall.png,untracked,119506,3514811fb6cb98a7f74c4d226ae414f715016d61f4c3ae5c31c2bfd3a7864e2d,output,/home/leonelb/data/quito-metro-eval/air_quality/frozen_2026-05-29/output/satellite/v4_city_level/output/NO2/donut/graphs/Trajectory_AugSynth_noFE_Nall.png,file in an output folder
/mnt/c/Users/LEONELB/OneDrive - Inter-American Development Bank Group/quito-metro-airquality-2026,air_quality,output/satellite/v4_city_level/output/NO2/donut/graphs/Trajectory_SC_N100.png,untracked,121033,2a9fecd2943b5d45f18274c50e9b388822de1e656203c5b633f8e4a351ca21a8,output,/home/leonelb/data/quito-metro-eval/air_quality/frozen_2026-05-29/output/satellite/v4_city_level/output/NO2/donut/graphs/Trajectory_SC_N100.png,file in an output folder
/mnt/c/Users/LEONELB/OneDrive - Inter-American Development Bank Group/quito-metro-airquality-2026,air_quality,output/satellite/v4_city_level/output/NO2/donut/graphs/Trajectory_SC_N150.png,untracked,121708,c3fa2585267fdea26e6e5eda1c3658d3c3aff008e651ceeb51cee04dde38b1f8,output,/home/leonelb/data/quito-metro-eval/air_quality/frozen_2026-05-29/output/satellite/v4_city_level/output/NO2/donut/graphs/Trajectory_SC_N150.png,file in an output folder
/mnt/c/Users/LEONELB/OneDrive - Inter-American Development Bank Group/quito-metro-airquality-2026,air_quality,output/satellite/v4_city_level/output/NO2/donut/graphs/Trajectory_SC_N200.png,untracked,121289,1c4654aedbace897292bcfa88306cd238fa5637d8c1e331f8f4acfd0acb41ba7,output,/home/leonelb/data/quito-metro-eval/air_quality/frozen_2026-05-29/output/satellite/v4_city_level/output/NO2/donut/graphs/Trajectory_SC_N200.png,file in an output folder
/mnt/c/Users/LEONELB/OneDrive - Inter-American Development Bank Group/quito-metro-airquality-2026,air_quality,output/satellite/v4_city_level/output/NO2/donut/graphs/Trajectory_SC_N50.png,untracked,113558,580ab155516d3d4afa5889240e01d0c95f793b25418145fcca4c9602973a77ce,output,/home/leonelb/data/quito-metro-eval/air_quality/frozen_2026-05-29/output/satellite/v4_city_level/output/NO2/donut/graphs/Trajectory_SC_N50.png,file in an output folder
/mnt/c/Users/LEONELB/OneDrive - Inter-American Development Bank Group/quito-metro-airquality-2026,air_quality,output/satellite/v4_city_level/output/NO2/donut/graphs/Trajectory_SC_Nall.png,untracked,118774,56bd183b812fe5fe6f9f0560ef98bf47471f67b5e3932e510c918626cd1b303c,output,/home/leonelb/data/quito-metro-eval/air_quality/frozen_2026-05-29/output/satellite/v4_city_level/output/NO2/donut/graphs/Trajectory_SC_Nall.png,file in an output folder
/mnt/c/Users/LEONELB/OneDrive - Inter-American Development Bank Group/quito-metro-airquality-2026,air_quality,output/satellite/v4_city_level/output/NO2/donut/graphs/Trajectory_SDID_N100.png,untracked,110895,de33908f328f718a75e13391ff16e11fb11bf1c5d97fc0bfa4893d5ca849c18c,output,/home/leonelb/data/quito-metro-eval/air_quality/frozen_2026-05-29/output/satellite/v4_city_level/output/NO2/donut/graphs/Trajectory_SDID_N100.png,file in an output folder
/mnt/c/Users/LEONELB/OneDrive - Inter-American Development Bank Group/quito-metro-airquality-2026,air_quality,output/satellite/v4_city_level/output/NO2/donut/graphs/Trajectory_SDID_N150.png,untracked,111699,8359b1e26f40e4597cf9b8453da395da6abc59645ffe32a12ea4e7d97a01638d,output,/home/leonelb/data/quito-metro-eval/air_quality/frozen_2026-05-29/output/satellite/v4_city_level/output/NO2/donut/graphs/Trajectory_SDID_N150.png,file in an output folder
/mnt/c/Users/LEONELB/OneDrive - Inter-American Development Bank Group/quito-metro-airquality-2026,air_quality,output/satellite/v4_city_level/output/NO2/donut/graphs/Trajectory_SDID_N200.png,untracked,110958,c6808e1b90ed9f566c0e0148437cba464d8b6f5580b6d67736c38a50754ac4bc,output,/home/leonelb/data/quito-metro-eval/air_quality/frozen_2026-05-29/output/satellite/v4_city_level/output/NO2/donut/graphs/Trajectory_SDID_N200.png,file in an output folder
/mnt/c/Users/LEONELB/OneDrive - Inter-American Development Bank Group/quito-metro-airquality-2026,air_quality,output/satellite/v4_city_level/output/NO2/donut/graphs/Trajectory_SDID_N50.png,untracked,111277,d180b647c636e9c5c19a216fd104a32ef696d3c0636ce3162958b3ccbd3917d1,output,/home/leonelb/data/quito-metro-eval/air_quality/frozen_2026-05-29/output/satellite/v4_city_level/output/NO2/donut/graphs/Trajectory_SDID_N50.png,file in an output folder
/mnt/c/Users/LEONELB/OneDrive - Inter-American Development Bank Group/quito-metro-airquality-2026,air_quality,output/satellite/v4_city_level/output/NO2/donut/graphs/Trajectory_SDID_Nall.png,untracked,110254,8247385fd45f75ff3fd24855f269189c3028b7d1d107ce4cb5228297fda9ef6d,output,/home/leonelb/data/quito-metro-eval/air_quality/frozen_2026-05-29/output/satellite/v4_city_level/output/NO2/donut/graphs/Trajectory_SDID_Nall.png,file in an output folder
/mnt/c/Users/LEONELB/OneDrive - Inter-American Development Bank Group/quito-metro-airquality-2026,air_quality,output/satellite/v4_city_level/output/NO2/donut/tables/GrandSummary.csv,untracked,4576,1c97be55a41a8024990af4efcf2ba6f863ebc3ff357e80ad19faa3cb3a4dc2ec,output,/home/leonelb/data/quito-metro-eval/air_quality/frozen_2026-05-29/output/satellite/v4_city_level/output/NO2/donut/tables/GrandSummary.csv,file in an output folder
/mnt/c/Users/LEONELB/OneDrive - Inter-American Development Bank Group/quito-metro-airquality-2026,air_quality,output/satellite/v4_city_level/output/NO2/donut/tables/PreTreatmentFit_N100.csv,untracked,423,14e26738cc30575fff5a62acf710c2b52b46382ee1f60785c10934a2955e7216,output,/home/leonelb/data/quito-metro-eval/air_quality/frozen_2026-05-29/output/satellite/v4_city_level/output/NO2/donut/tables/PreTreatmentFit_N100.csv,file in an output folder
/mnt/c/Users/LEONELB/OneDrive - Inter-American Development Bank Group/quito-metro-airquality-2026,air_quality,output/satellite/v4_city_level/output/NO2/donut/tables/PreTreatmentFit_N150.csv,untracked,426,887add1d7c19b2050ae180e150d13dd20a9d1352f340dca77db4670e83449f72,output,/home/leonelb/data/quito-metro-eval/air_quality/frozen_2026-05-29/output/satellite/v4_city_level/output/NO2/donut/tables/PreTreatmentFit_N150.csv,file in an output folder
/mnt/c/Users/LEONELB/OneDrive - Inter-American Development Bank Group/quito-metro-airquality-2026,air_quality,output/satellite/v4_city_level/output/NO2/donut/tables/PreTreatmentFit_N200.csv,untracked,425,5cbd7ca72fa1dbb8ca47d1968a3ec1569da37157f5b63ce0fe042f0b0e75bb5c,output,/home/leonelb/data/quito-metro-eval/air_quality/frozen_2026-05-29/output/satellite/v4_city_level/output/NO2/donut/tables/PreTreatmentFit_N200.csv,file in an output folder
/mnt/c/Users/LEONELB/OneDrive - Inter-American Development Bank Group/quito-metro-airquality-2026,air_quality,output/satellite/v4_city_level/output/NO2/donut/tables/PreTreatmentFit_N50.csv,untracked,427,2b6f23dd50799d085347f6f300c6a4aeae7d56c6920641431ae592722ba182ca,output,/home/leonelb/data/quito-metro-eval/air_quality/frozen_2026-05-29/output/satellite/v4_city_level/output/NO2/donut/tables/PreTreatmentFit_N50.csv,file in an output folder
/mnt/c/Users/LEONELB/OneDrive - Inter-American Development Bank Group/quito-metro-airquality-2026,air_quality,output/satellite/v4_city_level/output/NO2/donut/tables/PreTreatmentFit_Nall.csv,untracked,425,790ad1d07d28fb18230c456912b179918e8eb989c52b8a593f1235c4dfcb6fe2,output,/home/leonelb/data/quito-metro-eval/air_quality/frozen_2026-05-29/output/satellite/v4_city_level/output/NO2/donut/tables/PreTreatmentFit_Nall.csv,file in an output folder
/mnt/c/Users/LEONELB/OneDrive - Inter-American Development Bank Group/quito-metro-airquality-2026,air_quality,output/satellite/v4_city_level/output/NO2/donut/tables/ResidualizationDiagnostics.csv,untracked,168,95e2912f78810a548fd9b61b780dd7e246ab91ec374c2acff1e40b289d74655b,output,/home/leonelb/data/quito-metro-eval/air_quality/frozen_2026-05-29/output/satellite/v4_city_level/output/NO2/donut/tables/ResidualizationDiagnostics.csv,file in an output folder
/mnt/c/Users/LEONELB/OneDrive - Inter-American Development Bank Group/quito-metro-airquality-2026,air_quality,output/satellite/v4_city_level/output/NO2/donut/tables/Summary_N100.csv,untracked,1000,187d2da79112d298f5bb32a07963cb0b956e6dcf606acdbd771be05ab06f8af0,output,/home/leonelb/data/quito-metro-eval/air_quality/frozen_2026-05-29/output/satellite/v4_city_level/output/NO2/donut/tables/Summary_N100.csv,file in an output folder
/mnt/c/Users/LEONELB/OneDrive - Inter-American Development Bank Group/quito-metro-airquality-2026,air_quality,output/satellite/v4_city_level/output/NO2/donut/tables/Summary_N150.csv,untracked,992,9b159b37920d2bd0511f2395aed96650fc32c28d155431721c17c00b58e2247e,output,/home/leonelb/data/quito-metro-eval/air_quality/frozen_2026-05-29/output/satellite/v4_city_level/output/NO2/donut/tables/Summary_N150.csv,file in an output folder
/mnt/c/Users/LEONELB/OneDrive - Inter-American Development Bank Group/quito-metro-airquality-2026,air_quality,output/satellite/v4_city_level/output/NO2/donut/tables/Summary_N200.csv,untracked,992,aa1c6db17728389facae0d817d6e0702a90817b844e86884b602fecd6b97747c,output,/home/leonelb/data/quito-metro-eval/air_quality/frozen_2026-05-29/output/satellite/v4_city_level/output/NO2/donut/tables/Summary_N200.csv,file in an output folder
/mnt/c/Users/LEONELB/OneDrive - Inter-American Development Bank Group/quito-metro-airquality-2026,air_quality,output/satellite/v4_city_level/output/NO2/donut/tables/Summary_N50.csv,untracked,990,9be27dc178f38129abafada6d13fbca7e87d51c006a04c9ee257e395e1544d2d,output,/home/leonelb/data/quito-metro-eval/air_quality/frozen_2026-05-29/output/satellite/v4_city_level/output/NO2/donut/tables/Summary_N50.csv,file in an output folder
/mnt/c/Users/LEONELB/OneDrive - Inter-American Development Bank Group/quito-metro-airquality-2026,air_quality,output/satellite/v4_city_level/output/NO2/donut/tables/Summary_Nall.csv,untracked,1001,5bc520a61fcf694846b1a33c790dfba6488fe5bdd204c87cd935cb9b7a561e73,output,/home/leonelb/data/quito-metro-eval/air_quality/frozen_2026-05-29/output/satellite/v4_city_level/output/NO2/donut/tables/Summary_Nall.csv,file in an output folder
/mnt/c/Users/LEONELB/OneDrive - Inter-American Development Bank Group/quito-metro-airquality-2026,air_quality,output/satellite/v4_city_level/output/NO2/donut/tables/Trajectories_N100.csv,untracked,16069,5e68ab4884b4aacd0176c5642fad02b3ab10b11f98bc2b5591e2a73240333f44,output,/home/leonelb/data/quito-metro-eval/air_quality/frozen_2026-05-29/output/satellite/v4_city_level/output/NO2/donut/tables/Trajectories_N100.csv,file in an output folder
/mnt/c/Users/LEONELB/OneDrive - Inter-American Development Bank Group/quito-metro-airquality-2026,air_quality,output/satellite/v4_city_level/output/NO2/donut/tables/Trajectories_N150.csv,untracked,16043,c22e71e15bb3a10a4add55fb9a44b22919fde800a58a85620cd7d8dbac059da5,output,/home/leonelb/data/quito-metro-eval/air_quality/frozen_2026-05-29/output/satellite/v4_city_level/output/NO2/donut/tables/Trajectories_N150.csv,file in an output folder
/mnt/c/Users/LEONELB/OneDrive - Inter-American Development Bank Group/quito-metro-airquality-2026,air_quality,output/satellite/v4_city_level/output/NO2/donut/tables/Trajectories_N200.csv,untracked,16078,40019e81f77b113131d5850c453bfcf57c532e93e1794eefef458638961bee9a,output,/home/leonelb/data/quito-metro-eval/air_quality/frozen_2026-05-29/output/satellite/v4_city_level/output/NO2/donut/tables/Trajectories_N200.csv,file in an output folder
/mnt/c/Users/LEONELB/OneDrive - Inter-American Development Bank Group/quito-metro-airquality-2026,air_quality,output/satellite/v4_city_level/output/NO2/donut/tables/Trajectories_N50.csv,untracked,16054,9597e646a6c34fbfe85adade03cda6cb34f0f477114d32ee1755005f3ad54fe7,output,/home/leonelb/data/quito-metro-eval/air_quality/frozen_2026-05-29/output/satellite/v4_city_level/output/NO2/donut/tables/Trajectories_N50.csv,file in an output folder
/mnt/c/Users/LEONELB/OneDrive - Inter-American Development Bank Group/quito-metro-airquality-2026,air_quality,output/satellite/v4_city_level/output/NO2/donut/tables/Trajectories_Nall.csv,untracked,16100,1c505532f4452f910b1e02db0f8c1ea85f8b6a3ae62c7b7563102de6e851dc3f,output,/home/leonelb/data/quito-metro-eval/air_quality/frozen_2026-05-29/output/satellite/v4_city_level/output/NO2/donut/tables/Trajectories_Nall.csv,file in an output folder
/mnt/c/Users/LEONELB/OneDrive - Inter-American Development Bank Group/quito-metro-airquality-2026,air_quality,output/satellite/v4_city_level/output/NO2/donut/tables/Weights_N100.csv,untracked,11466,6eac235770243adf39dfa463a95ab4e4ecae001ff31400065042de9a09830112,output,/home/leonelb/data/quito-metro-eval/air_quality/frozen_2026-05-29/output/satellite/v4_city_level/output/NO2/donut/tables/Weights_N100.csv,file in an output folder
/mnt/c/Users/LEONELB/OneDrive - Inter-American Development Bank Group/quito-metro-airquality-2026,air_quality,output/satellite/v4_city_level/output/NO2/donut/tables/Weights_N150.csv,untracked,16910,f0bc10dffd3df74548df55b076e92861701836cfe7ef6aed3ca36c330101baf0,output,/home/leonelb/data/quito-metro-eval/air_quality/frozen_2026-05-29/output/satellite/v4_city_level/output/NO2/donut/tables/Weights_N150.csv,file in an output folder
/mnt/c/Users/LEONELB/OneDrive - Inter-American Development Bank Group/quito-metro-airquality-2026,air_quality,output/satellite/v4_city_level/output/NO2/donut/tables/Weights_N200.csv,untracked,22152,64009eef26fff0868917e0cde169bcc7c665f63ac0068612a62cd8586dc59e75,output,/home/leonelb/data/quito-metro-eval/air_quality/frozen_2026-05-29/output/satellite/v4_city_level/output/NO2/donut/tables/Weights_N200.csv,file in an output folder
/mnt/c/Users/LEONELB/OneDrive - Inter-American Development Bank Group/quito-metro-airquality-2026,air_quality,output/satellite/v4_city_level/output/NO2/donut/tables/Weights_N50.csv,untracked,5955,dbb3ade00259962798ae35c7138b992de67df28cd9e5bf84ed4ef5ca297ca952,output,/home/leonelb/data/quito-metro-eval/air_quality/frozen_2026-05-29/output/satellite/v4_city_level/output/NO2/donut/tables/Weights_N50.csv,file in an output folder
/mnt/c/Users/LEONELB/OneDrive - Inter-American Development Bank Group/quito-metro-airquality-2026,air_quality,output/satellite/v4_city_level/output/NO2/donut/tables/Weights_Nall.csv,untracked,94754,e6c6756be3c3a5b89e1bdc7d71d3086d664a45ce3c53bb83cc6b49957c46181e,output,/home/leonelb/data/quito-metro-eval/air_quality/frozen_2026-05-29/output/satellite/v4_city_level/output/NO2/donut/tables/Weights_Nall.csv,file in an output folder
/mnt/c/Users/LEONELB/OneDrive - Inter-American Development Bank Group/quito-metro-airquality-2026,air_quality,output/satellite/v4_city_level/output/NO2/full/graphs/EventStudy_AugSynth_FE_N100.png,untracked,85601,c7a97e2c6d970be5e44ac98a8aea440a85f1cd6824182d45f70e94456b2f686a,output,/home/leonelb/data/quito-metro-eval/air_quality/frozen_2026-05-29/output/satellite/v4_city_level/output/NO2/full/graphs/EventStudy_AugSynth_FE_N100.png,file in an output folder
/mnt/c/Users/LEONELB/OneDrive - Inter-American Development Bank Group/quito-metro-airquality-2026,air_quality,output/satellite/v4_city_level/output/NO2/full/graphs/EventStudy_AugSynth_FE_N150.png,untracked,87921,a4fda71f706b567f0dc192b21127e081370f4f922457e6f5cb699f005012aab2,output,/home/leonelb/data/quito-metro-eval/air_quality/frozen_2026-05-29/output/satellite/v4_city_level/output/NO2/full/graphs/EventStudy_AugSynth_FE_N150.png,file in an output folder
/mnt/c/Users/LEONELB/OneDrive - Inter-American Development Bank Group/quito-metro-airquality-2026,air_quality,output/satellite/v4_city_level/output/NO2/full/graphs/EventStudy_AugSynth_FE_N200.png,untracked,87405,79cccc85331f6da5d90c3f6378deb8be9be9e684a271ca3d9089cfce88ed5724,output,/home/leonelb/data/quito-metro-eval/air_quality/frozen_2026-05-29/output/satellite/v4_city_level/output/NO2/full/graphs/EventStudy_AugSynth_FE_N200.png,file in an output folder
/mnt/c/Users/LEONELB/OneDrive - Inter-American Development Bank Group/quito-metro-airquality-2026,air_quality,output/satellite/v4_city_level/output/NO2/full/graphs/EventStudy_AugSynth_FE_N50.png,untracked,90430,6edc6483b2cf1d376944d224b354eaeb8bac6dae46761c2274940c3ed2659164,output,/home/leonelb/data/quito-metro-eval/air_quality/frozen_2026-05-29/output/satellite/v4_city_level/output/NO2/full/graphs/EventStudy_AugSynth_FE_N50.png,file in an output folder
/mnt/c/Users/LEONELB/OneDrive - Inter-American Development Bank Group/quito-metro-airquality-2026,air_quality,output/satellite/v4_city_level/output/NO2/full/graphs/EventStudy_AugSynth_FE_Nall.png,untracked,84525,2940e99883652194c72c9bce5424c2bfefccdbdf093dd659fac1e2d26c7ad7b8,output,/home/leonelb/data/quito-metro-eval/air_quality/frozen_2026-05-29/output/satellite/v4_city_level/output/NO2/full/graphs/EventStudy_AugSynth_FE_Nall.png,file in an output folder
/mnt/c/Users/LEONELB/OneDrive - Inter-American Development Bank Group/quito-metro-airquality-2026,air_quality,output/satellite/v4_city_level/output/NO2/full/graphs/EventStudy_AugSynth_noFE_N100.png,untracked,101701,870684380b437815ce3f00c2c736f99fbce7b31f4feafef23345d58c73cd30af,output,/home/leonelb/data/quito-metro-eval/air_quality/frozen_2026-05-29/output/satellite/v4_city_level/output/NO2/full/graphs/EventStudy_AugSynth_noFE_N100.png,file in an output folder
/mnt/c/Users/LEONELB/OneDrive - Inter-American Development Bank Group/quito-metro-airquality-2026,air_quality,output/satellite/v4_city_level/output/NO2/full/graphs/EventStudy_AugSynth_noFE_N150.png,untracked,102763,67734b8cfab1b0e676a813b5c3dbbf18f919bef7e0a6e5355b72f5cb05b33dba,output,/home/leonelb/data/quito-metro-eval/air_quality/frozen_2026-05-29/output/satellite/v4_city_level/output/NO2/full/graphs/EventStudy_AugSynth_noFE_N150.png,file in an output folder
/mnt/c/Users/LEONELB/OneDrive - Inter-American Development Bank Group/quito-metro-airquality-2026,air_quality,output/satellite/v4_city_level/output/NO2/full/graphs/EventStudy_AugSynth_noFE_N200.png,untracked,101981,c36d8c6c21eb275ead472179706a7939a763dcfa96270cc96e7449948b5c606f,output,/home/leonelb/data/quito-metro-eval/air_quality/frozen_2026-05-29/output/satellite/v4_city_level/output/NO2/full/graphs/EventStudy_AugSynth_noFE_N200.png,file in an output folder
/mnt/c/Users/LEONELB/OneDrive - Inter-American Development Bank Group/quito-metro-airquality-2026,air_quality,output/satellite/v4_city_level/output/NO2/full/graphs/EventStudy_AugSynth_noFE_N50.png,untracked,104051,afa0d0aa8ee5fe2664f795a7a82770b888508b1d9158b07748315b78e4f16c63,output,/home/leonelb/data/quito-metro-eval/air_quality/frozen_2026-05-29/output/satellite/v4_city_level/output/NO2/full/graphs/EventStudy_AugSynth_noFE_N50.png,file in an output folder
/mnt/c/Users/LEONELB/OneDrive - Inter-American Development Bank Group/quito-metro-airquality-2026,air_quality,output/satellite/v4_city_level/output/NO2/full/graphs/EventStudy_AugSynth_noFE_Nall.png,untracked,96621,9942dff6cf72a05e0a4be4248fd62ffcce9b12d119915e4d04bcb16c5ebb1afd,output,/home/leonelb/data/quito-metro-eval/air_quality/frozen_2026-05-29/output/satellite/v4_city_level/output/NO2/full/graphs/EventStudy_AugSynth_noFE_Nall.png,file in an output folder
/mnt/c/Users/LEONELB/OneDrive - Inter-American Development Bank Group/quito-metro-airquality-2026,air_quality,output/satellite/v4_city_level/output/NO2/full/graphs/EventStudy_SC_N100.png,untracked,100687,875acf0534d66d49f6447264edbc1b2c72ed9eff3540a053cd9438520cb064ac,output,/home/leonelb/data/quito-metro-eval/air_quality/frozen_2026-05-29/output/satellite/v4_city_level/output/NO2/full/graphs/EventStudy_SC_N100.png,file in an output folder
/mnt/c/Users/LEONELB/OneDrive - Inter-American Development Bank Group/quito-metro-airquality-2026,air_quality,output/satellite/v4_city_level/output/NO2/full/graphs/EventStudy_SC_N150.png,untracked,99582,d81e937bc212768cab678d1c0153c281ace9085987d7a3521103f72f53093653,output,/home/leonelb/data/quito-metro-eval/air_quality/frozen_2026-05-29/output/satellite/v4_city_level/output/NO2/full/graphs/EventStudy_SC_N150.png,file in an output folder
/mnt/c/Users/LEONELB/OneDrive - Inter-American Development Bank Group/quito-metro-airquality-2026,air_quality,output/satellite/v4_city_level/output/NO2/full/graphs/EventStudy_SC_N200.png,untracked,102001,4d1ef98d038819718969def29a97ac762edda346d92c58b59c1a2e6579bbf86e,output,/home/leonelb/data/quito-metro-eval/air_quality/frozen_2026-05-29/output/satellite/v4_city_level/output/NO2/full/graphs/EventStudy_SC_N200.png,file in an output folder
/mnt/c/Users/LEONELB/OneDrive - Inter-American Development Bank Group/quito-metro-airquality-2026,air_quality,output/satellite/v4_city_level/output/NO2/full/graphs/EventStudy_SC_N50.png,untracked,100745,700fb096673ce835f06e5ab2f276eb46fe06595e03e4e39b60f09406c9d54fa8,output,/home/leonelb/data/quito-metro-eval/air_quality/frozen_2026-05-29/output/satellite/v4_city_level/output/NO2/full/graphs/EventStudy_SC_N50.png,file in an output folder
/mnt/c/Users/LEONELB/OneDrive - Inter-American Development Bank Group/quito-metro-airquality-2026,air_quality,output/satellite/v4_city_level/output/NO2/full/graphs/EventStudy_SC_Nall.png,untracked,96141,3514e915dfa468b0ddb461dccb95c851f0eaaa3f904c19ed43921876b72159b7,output,/home/leonelb/data/quito-metro-eval/air_quality/frozen_2026-05-29/output/satellite/v4_city_level/output/NO2/full/graphs/EventStudy_SC_Nall.png,file in an output folder
/mnt/c/Users/LEONELB/OneDrive - Inter-American Development Bank Group/quito-metro-airquality-2026,air_quality,output/satellite/v4_city_level/output/NO2/full/graphs/EventStudy_SDID_N100.png,untracked,101229,0df2bde98dbd146ab0e8ed3a55743d1b89ca2969bbdeb7d23585a55475ebffa9,output,/home/leonelb/data/quito-metro-eval/air_quality/frozen_2026-05-29/output/satellite/v4_city_level/output/NO2/full/graphs/EventStudy_SDID_N100.png,file in an output folder
/mnt/c/Users/LEONELB/OneDrive - Inter-American Development Bank Group/quito-metro-airquality-2026,air_quality,output/satellite/v4_city_level/output/NO2/full/graphs/EventStudy_SDID_N150.png,untracked,101651,a1d89b9df9b8208d406296e9dbde031ef8927ffb6c7dc5e6d22a1bd6286f7184,output,/home/leonelb/data/quito-metro-eval/air_quality/frozen_2026-05-29/output/satellite/v4_city_level/output/NO2/full/graphs/EventStudy_SDID_N150.png,file in an output folder
/mnt/c/Users/LEONELB/OneDrive - Inter-American Development Bank Group/quito-metro-airquality-2026,air_quality,output/satellite/v4_city_level/output/NO2/full/graphs/EventStudy_SDID_N200.png,untracked,101462,84ae1310975035a1bfd529d1deb4474e9f6a502bd1e500a1c4316e2c5a4e645a,output,/home/leonelb/data/quito-metro-eval/air_quality/frozen_2026-05-29/output/satellite/v4_city_level/output/NO2/full/graphs/EventStudy_SDID_N200.png,file in an output folder
/mnt/c/Users/LEONELB/OneDrive - Inter-American Development Bank Group/quito-metro-airquality-2026,air_quality,output/satellite/v4_city_level/output/NO2/full/graphs/EventStudy_SDID_N50.png,untracked,101853,e1ea4f17d6a5491b92b991cf521c8f3c41fb6ae96f705b77ae84a66a5ada7e74,output,/home/leonelb/data/quito-metro-eval/air_quality/frozen_2026-05-29/output/satellite/v4_city_level/output/NO2/full/graphs/EventStudy_SDID_N50.png,file in an output folder
/mnt/c/Users/LEONELB/OneDrive - Inter-American Development Bank Group/quito-metro-airquality-2026,air_quality,output/satellite/v4_city_level/output/NO2/full/graphs/EventStudy_SDID_Nall.png,untracked,99353,c548c03684a7bf3871a0462d7f5f5a9c9d547b83275506fc1da535f138a41103,output,/home/leonelb/data/quito-metro-eval/air_quality/frozen_2026-05-29/output/satellite/v4_city_level/output/NO2/full/graphs/EventStudy_SDID_Nall.png,file in an output folder
/mnt/c/Users/LEONELB/OneDrive - Inter-American Development Bank Group/quito-metro-airquality-2026,air_quality,output/satellite/v4_city_level/output/NO2/full/graphs/Trajectory_AugSynth_FE_N100.png,untracked,121818,41a1c7668683b359436cf640446658419da0babf6ca3972aec9a70f9d41706b9,output,/home/leonelb/data/quito-metro-eval/air_quality/frozen_2026-05-29/output/satellite/v4_city_level/output/NO2/full/graphs/Trajectory_AugSynth_FE_N100.png,file in an output folder
/mnt/c/Users/LEONELB/OneDrive - Inter-American Development Bank Group/quito-metro-airquality-2026,air_quality,output/satellite/v4_city_level/output/NO2/full/graphs/Trajectory_AugSynth_FE_N150.png,untracked,120950,79d6a17d112bc528992cd66147c8bb328f4311bf5dd135bdc6e9bea3569558e8,output,/home/leonelb/data/quito-metro-eval/air_quality/frozen_2026-05-29/output/satellite/v4_city_level/output/NO2/full/graphs/Trajectory_AugSynth_FE_N150.png,file in an output folder
/mnt/c/Users/LEONELB/OneDrive - Inter-American Development Bank Group/quito-metro-airquality-2026,air_quality,output/satellite/v4_city_level/output/NO2/full/graphs/Trajectory_AugSynth_FE_N200.png,untracked,120528,f175d01fdc1cc4f1c108396d7955e2e7d5a1e5860a993f5a4c03292efac30800,output,/home/leonelb/data/quito-metro-eval/air_quality/frozen_2026-05-29/output/satellite/v4_city_level/output/NO2/full/graphs/Trajectory_AugSynth_FE_N200.png,file in an output folder
/mnt/c/Users/LEONELB/OneDrive - Inter-American Development Bank Group/quito-metro-airquality-2026,air_quality,output/satellite/v4_city_level/output/NO2/full/graphs/Trajectory_AugSynth_FE_N50.png,untracked,136322,ab2e850532e6017ea9dfad70ed07071384f41f70b0e3b4b3e8590944e5a45b0e,output,/home/leonelb/data/quito-metro-eval/air_quality/frozen_2026-05-29/output/satellite/v4_city_level/output/NO2/full/graphs/Trajectory_AugSynth_FE_N50.png,file in an output folder
/mnt/c/Users/LEONELB/OneDrive - Inter-American Development Bank Group/quito-metro-airquality-2026,air_quality,output/satellite/v4_city_level/output/NO2/full/graphs/Trajectory_AugSynth_FE_Nall.png,untracked,116372,43cdc0eaefec8f2dde5b8ec32b2fd5f328f06f47e2daccb5018f3f92a792bd6a,output,/home/leonelb/data/quito-metro-eval/air_quality/frozen_2026-05-29/output/satellite/v4_city_level/output/NO2/full/graphs/Trajectory_AugSynth_FE_Nall.png,file in an output folder
/mnt/c/Users/LEONELB/OneDrive - Inter-American Development Bank Group/quito-metro-airquality-2026,air_quality,output/satellite/v4_city_level/output/NO2/full/graphs/Trajectory_AugSynth_noFE_N100.png,untracked,124557,e3a125153b88a5215c9cd2b2a96bea1295a06019d86bbd648b8ac1a52d42a234,output,/home/leonelb/data/quito-metro-eval/air_quality/frozen_2026-05-29/output/satellite/v4_city_level/output/NO2/full/graphs/Trajectory_AugSynth_noFE_N100.png,file in an output folder
/mnt/c/Users/LEONELB/OneDrive - Inter-American Development Bank Group/quito-metro-airquality-2026,air_quality,output/satellite/v4_city_level/output/NO2/full/graphs/Trajectory_AugSynth_noFE_N150.png,untracked,124979,92cec5c339bb8299c501c7664db393ea30802a95e6350a212d00ad35bcf547e5,output,/home/leonelb/data/quito-metro-eval/air_quality/frozen_2026-05-29/output/satellite/v4_city_level/output/NO2/full/graphs/Trajectory_AugSynth_noFE_N150.png,file in an output folder
/mnt/c/Users/LEONELB/OneDrive - Inter-American Development Bank Group/quito-metro-airquality-2026,air_quality,output/satellite/v4_city_level/output/NO2/full/graphs/Trajectory_AugSynth_noFE_N200.png,untracked,123932,02a921d0c6ddf3c392f34448790a2706312e7ac65d0f8725888a800366bcd6d3,output,/home/leonelb/data/quito-metro-eval/air_quality/frozen_2026-05-29/output/satellite/v4_city_level/output/NO2/full/graphs/Trajectory_AugSynth_noFE_N200.png,file in an output folder
/mnt/c/Users/LEONELB/OneDrive - Inter-American Development Bank Group/quito-metro-airquality-2026,air_quality,output/satellite/v4_city_level/output/NO2/full/graphs/Trajectory_AugSynth_noFE_N50.png,untracked,120006,c2d9e41c87b16358e161d6916a0b7af8d05b59077a6c8a4ae8c0d4cf819bc126,output,/home/leonelb/data/quito-metro-eval/air_quality/frozen_2026-05-29/output/satellite/v4_city_level/output/NO2/full/graphs/Trajectory_AugSynth_noFE_N50.png,file in an output folder
/mnt/c/Users/LEONELB/OneDrive - Inter-American Development Bank Group/quito-metro-airquality-2026,air_quality,output/satellite/v4_city_level/output/NO2/full/graphs/Trajectory_AugSynth_noFE_Nall.png,untracked,121975,13db5e6412ff9bccf7f96ca274f12bea430426606bfb5a41a983d3054a047d2d,output,/home/leonelb/data/quito-metro-eval/air_quality/frozen_2026-05-29/output/satellite/v4_city_level/output/NO2/full/graphs/Trajectory_AugSynth_noFE_Nall.png,file in an output folder
/mnt/c/Users/LEONELB/OneDrive - Inter-American Development Bank Group/quito-metro-airquality-2026,air_quality,output/satellite/v4_city_level/output/NO2/full/graphs/Trajectory_SC_N100.png,untracked,121472,dbf58f66533a91f71ebe96877d96671e203e9ddefa20070aee8c7aad0e8b9051,output,/home/leonelb/data/quito-metro-eval/air_quality/frozen_2026-05-29/output/satellite/v4_city_level/output/NO2/full/graphs/Trajectory_SC_N100.png,file in an output folder
/mnt/c/Users/LEONELB/OneDrive - Inter-American Development Bank Group/quito-metro-airquality-2026,air_quality,output/satellite/v4_city_level/output/NO2/full/graphs/Trajectory_SC_N150.png,untracked,122395,eabbbb2aa9cbe95ac3adc87b571291f92dc93f2d18e0a51e4c51db19af01fbfb,output,/home/leonelb/data/quito-metro-eval/air_quality/frozen_2026-05-29/output/satellite/v4_city_level/output/NO2/full/graphs/Trajectory_SC_N150.png,file in an output folder
/mnt/c/Users/LEONELB/OneDrive - Inter-American Development Bank Group/quito-metro-airquality-2026,air_quality,output/satellite/v4_city_level/output/NO2/full/graphs/Trajectory_SC_N200.png,untracked,122916,aa78e278546b76b3ade77a96234d18b27ff71ba19177953f2240ef7387a3dc25,output,/home/leonelb/data/quito-metro-eval/air_quality/frozen_2026-05-29/output/satellite/v4_city_level/output/NO2/full/graphs/Trajectory_SC_N200.png,file in an output folder
/mnt/c/Users/LEONELB/OneDrive - Inter-American Development Bank Group/quito-metro-airquality-2026,air_quality,output/satellite/v4_city_level/output/NO2/full/graphs/Trajectory_SC_N50.png,untracked,115615,eda5e9c6dd3a3819c2253047ebec60e1267801b8bd2f964080224cbba05b3c9a,output,/home/leonelb/data/quito-metro-eval/air_quality/frozen_2026-05-29/output/satellite/v4_city_level/output/NO2/full/graphs/Trajectory_SC_N50.png,file in an output folder
/mnt/c/Users/LEONELB/OneDrive - Inter-American Development Bank Group/quito-metro-airquality-2026,air_quality,output/satellite/v4_city_level/output/NO2/full/graphs/Trajectory_SC_Nall.png,untracked,120910,3fff1ac4df512c633abd1e9e7a2272c809b405a680cae2ae6f168ac3aa08a3e1,output,/home/leonelb/data/quito-metro-eval/air_quality/frozen_2026-05-29/output/satellite/v4_city_level/output/NO2/full/graphs/Trajectory_SC_Nall.png,file in an output folder
/mnt/c/Users/LEONELB/OneDrive - Inter-American Development Bank Group/quito-metro-airquality-2026,air_quality,output/satellite/v4_city_level/output/NO2/full/graphs/Trajectory_SDID_N100.png,untracked,114172,37bbf0372a63d49563567bd83abcd778bb391c32cf907385365d466f11ed7294,output,/home/leonelb/data/quito-metro-eval/air_quality/frozen_2026-05-29/output/satellite/v4_city_level/output/NO2/full/graphs/Trajectory_SDID_N100.png,file in an output folder
/mnt/c/Users/LEONELB/OneDrive - Inter-American Development Bank Group/quito-metro-airquality-2026,air_quality,output/satellite/v4_city_level/output/NO2/full/graphs/Trajectory_SDID_N150.png,untracked,113327,93ad5eee2611558d5b5eb38c9c0d00a161fc3f05f69bc8b45a404985783c2f44,output,/home/leonelb/data/quito-metro-eval/air_quality/frozen_2026-05-29/output/satellite/v4_city_level/output/NO2/full/graphs/Trajectory_SDID_N150.png,file in an output folder
/mnt/c/Users/LEONELB/OneDrive - Inter-American Development Bank Group/quito-metro-airquality-2026,air_quality,output/satellite/v4_city_level/output/NO2/full/graphs/Trajectory_SDID_N200.png,untracked,113170,86c9b9c8a79454aed651cab0c58cf4f37dc05719b9a6177bc701e94f24bbaf52,output,/home/leonelb/data/quito-metro-eval/air_quality/frozen_2026-05-29/output/satellite/v4_city_level/output/NO2/full/graphs/Trajectory_SDID_N200.png,file in an output folder
/mnt/c/Users/LEONELB/OneDrive - Inter-American Development Bank Group/quito-metro-airquality-2026,air_quality,output/satellite/v4_city_level/output/NO2/full/graphs/Trajectory_SDID_N50.png,untracked,113198,5bac0375bdf80d4dfed1221c7880360cf629749c82bac80cb3ff941d5abe3221,output,/home/leonelb/data/quito-metro-eval/air_quality/frozen_2026-05-29/output/satellite/v4_city_level/output/NO2/full/graphs/Trajectory_SDID_N50.png,file in an output folder
/mnt/c/Users/LEONELB/OneDrive - Inter-American Development Bank Group/quito-metro-airquality-2026,air_quality,output/satellite/v4_city_level/output/NO2/full/graphs/Trajectory_SDID_Nall.png,untracked,112706,3b75c946d2ad645565080868d7df5950f76140887cd96794a4d01e332d6b3827,output,/home/leonelb/data/quito-metro-eval/air_quality/frozen_2026-05-29/output/satellite/v4_city_level/output/NO2/full/graphs/Trajectory_SDID_Nall.png,file in an output folder
/mnt/c/Users/LEONELB/OneDrive - Inter-American Development Bank Group/quito-metro-airquality-2026,air_quality,output/satellite/v4_city_level/output/NO2/full/tables/GrandSummary.csv,untracked,4548,579627a2835a34e5a90b0250627665415f68144b4f7f4afc5a0503b706206eab,output,/home/leonelb/data/quito-metro-eval/air_quality/frozen_2026-05-29/output/satellite/v4_city_level/output/NO2/full/tables/GrandSummary.csv,file in an output folder
/mnt/c/Users/LEONELB/OneDrive - Inter-American Development Bank Group/quito-metro-airquality-2026,air_quality,output/satellite/v4_city_level/output/NO2/full/tables/PreTreatmentFit_N100.csv,untracked,425,da4b3fc57ad88114ebd7fee3eb591c7e45c556ff4debee6d009e59700ebd4910,output,/home/leonelb/data/quito-metro-eval/air_quality/frozen_2026-05-29/output/satellite/v4_city_level/output/NO2/full/tables/PreTreatmentFit_N100.csv,file in an output folder
/mnt/c/Users/LEONELB/OneDrive - Inter-American Development Bank Group/quito-metro-airquality-2026,air_quality,output/satellite/v4_city_level/output/NO2/full/tables/PreTreatmentFit_N150.csv,untracked,425,a6d3437da5617696f65089ebe9d5e3629e0c6218b30db88b8941ce8e0a0788db,output,/home/leonelb/data/quito-metro-eval/air_quality/frozen_2026-05-29/output/satellite/v4_city_level/output/NO2/full/tables/PreTreatmentFit_N150.csv,file in an output folder
/mnt/c/Users/LEONELB/OneDrive - Inter-American Development Bank Group/quito-metro-airquality-2026,air_quality,output/satellite/v4_city_level/output/NO2/full/tables/PreTreatmentFit_N200.csv,untracked,426,4bbb869fd929c0c4b9ff02da3b450f0e21fc21e5a84696365ec33727601f6a47,output,/home/leonelb/data/quito-metro-eval/air_quality/frozen_2026-05-29/output/satellite/v4_city_level/output/NO2/full/tables/PreTreatmentFit_N200.csv,file in an output folder
/mnt/c/Users/LEONELB/OneDrive - Inter-American Development Bank Group/quito-metro-airquality-2026,air_quality,output/satellite/v4_city_level/output/NO2/full/tables/PreTreatmentFit_N50.csv,untracked,423,b835c94bc1be17e4e41be998cdbee05b9d23c3f0d1570396924df6891b8ea5ff,output,/home/leonelb/data/quito-metro-eval/air_quality/frozen_2026-05-29/output/satellite/v4_city_level/output/NO2/full/tables/PreTreatmentFit_N50.csv,file in an output folder
/mnt/c/Users/LEONELB/OneDrive - Inter-American Development Bank Group/quito-metro-airquality-2026,air_quality,output/satellite/v4_city_level/output/NO2/full/tables/PreTreatmentFit_Nall.csv,untracked,425,276b78cd5a03ee82a74139d31fae550137a9e47a15353b544e536aaeaa1f1acc,output,/home/leonelb/data/quito-metro-eval/air_quality/frozen_2026-05-29/output/satellite/v4_city_level/output/NO2/full/tables/PreTreatmentFit_Nall.csv,file in an output folder
/mnt/c/Users/LEONELB/OneDrive - Inter-American Development Bank Group/quito-metro-airquality-2026,air_quality,output/satellite/v4_city_level/output/NO2/full/tables/ResidualizationDiagnostics.csv,untracked,168,413aecc562955c5d37da6b2474eb65eddec4c14c88fdd031d8d2771f8fab659f,output,/home/leonelb/data/quito-metro-eval/air_quality/frozen_2026-05-29/output/satellite/v4_city_level/output/NO2/full/tables/ResidualizationDiagnostics.csv,file in an output folder
/mnt/c/Users/LEONELB/OneDrive - Inter-American Development Bank Group/quito-metro-airquality-2026,air_quality,output/satellite/v4_city_level/output/NO2/full/tables/Summary_N100.csv,untracked,996,aa461d7a317eebf2430e53b47a94e0a15a65cd14f4960301c2d7b79c5676e221,output,/home/leonelb/data/quito-metro-eval/air_quality/frozen_2026-05-29/output/satellite/v4_city_level/output/NO2/full/tables/Summary_N100.csv,file in an output folder
/mnt/c/Users/LEONELB/OneDrive - Inter-American Development Bank Group/quito-metro-airquality-2026,air_quality,output/satellite/v4_city_level/output/NO2/full/tables/Summary_N150.csv,untracked,992,8f89f21571772702fed4bb7b535ee0fafa4b53d872f4e9992d9b0bf46f03a46a,output,/home/leonelb/data/quito-metro-eval/air_quality/frozen_2026-05-29/output/satellite/v4_city_level/output/NO2/full/tables/Summary_N150.csv,file in an output folder
/mnt/c/Users/LEONELB/OneDrive - Inter-American Development Bank Group/quito-metro-airquality-2026,air_quality,output/satellite/v4_city_level/output/NO2/full/tables/Summary_N200.csv,untracked,994,4a2c41dbdd3f08826d8744a2dca4f2b00fd1ff12118e5f42e8141d30d91c3ea4,output,/home/leonelb/data/quito-metro-eval/air_quality/frozen_2026-05-29/output/satellite/v4_city_level/output/NO2/full/tables/Summary_N200.csv,file in an output folder
/mnt/c/Users/LEONELB/OneDrive - Inter-American Development Bank Group/quito-metro-airquality-2026,air_quality,output/satellite/v4_city_level/output/NO2/full/tables/Summary_N50.csv,untracked,971,5249630c67ceffee6dc85fa588b7c51aceeab7720c1abc6a1c532bc4ca2bdec3,output,/home/leonelb/data/quito-metro-eval/air_quality/frozen_2026-05-29/output/satellite/v4_city_level/output/NO2/full/tables/Summary_N50.csv,file in an output folder
/mnt/c/Users/LEONELB/OneDrive - Inter-American Development Bank Group/quito-metro-airquality-2026,air_quality,output/satellite/v4_city_level/output/NO2/full/tables/Summary_Nall.csv,untracked,994,3c4d51c4ed8faea5d54a28fbe27e457a35263542f98620d4abe09997be03be51,output,/home/leonelb/data/quito-metro-eval/air_quality/frozen_2026-05-29/output/satellite/v4_city_level/output/NO2/full/tables/Summary_Nall.csv,file in an output folder
/mnt/c/Users/LEONELB/OneDrive - Inter-American Development Bank Group/quito-metro-airquality-2026,air_quality,output/satellite/v4_city_level/output/NO2/full/tables/Trajectories_N100.csv,untracked,17294,6a14542d7a6bf852825c20e362ca83f18ef93ccd04c26044f7e568e4264424f5,output,/home/leonelb/data/quito-metro-eval/air_quality/frozen_2026-05-29/output/satellite/v4_city_level/output/NO2/full/tables/Trajectories_N100.csv,file in an output folder
/mnt/c/Users/LEONELB/OneDrive - Inter-American Development Bank Group/quito-metro-airquality-2026,air_quality,output/satellite/v4_city_level/output/NO2/full/tables/Trajectories_N150.csv,untracked,17286,4d0cee93532cc2bbb304f90a71a7cb38937ff88207ba4157ab2cb4c6e646b6bb,output,/home/leonelb/data/quito-metro-eval/air_quality/frozen_2026-05-29/output/satellite/v4_city_level/output/NO2/full/tables/Trajectories_N150.csv,file in an output folder
/mnt/c/Users/LEONELB/OneDrive - Inter-American Development Bank Group/quito-metro-airquality-2026,air_quality,output/satellite/v4_city_level/output/NO2/full/tables/Trajectories_N200.csv,untracked,17281,d846295d8772e3b2b5ca563f0de2ad616eb6de01057a49d66e0d859813464128,output,/home/leonelb/data/quito-metro-eval/air_quality/frozen_2026-05-29/output/satellite/v4_city_level/output/NO2/full/tables/Trajectories_N200.csv,file in an output folder
/mnt/c/Users/LEONELB/OneDrive - Inter-American Development Bank Group/quito-metro-airquality-2026,air_quality,output/satellite/v4_city_level/output/NO2/full/tables/Trajectories_N50.csv,untracked,17286,6b4b7176d0071ecc4bec128de45ca0960a87860cbe70d0e137a062a5c9a1a8ca,output,/home/leonelb/data/quito-metro-eval/air_quality/frozen_2026-05-29/output/satellite/v4_city_level/output/NO2/full/tables/Trajectories_N50.csv,file in an output folder
/mnt/c/Users/LEONELB/OneDrive - Inter-American Development Bank Group/quito-metro-airquality-2026,air_quality,output/satellite/v4_city_level/output/NO2/full/tables/Trajectories_Nall.csv,untracked,17330,1e0ed02e9f9297198c3f58d7ae42c040712b810813076aa9f4902695e88f728d,output,/home/leonelb/data/quito-metro-eval/air_quality/frozen_2026-05-29/output/satellite/v4_city_level/output/NO2/full/tables/Trajectories_Nall.csv,file in an output folder
/mnt/c/Users/LEONELB/OneDrive - Inter-American Development Bank Group/quito-metro-airquality-2026,air_quality,output/satellite/v4_city_level/output/NO2/full/tables/Weights_N100.csv,untracked,11465,dc780f1988b2841f0b1c355f20e0a485d11ddc694fda802963004d271c0d0534,output,/home/leonelb/data/quito-metro-eval/air_quality/frozen_2026-05-29/output/satellite/v4_city_level/output/NO2/full/tables/Weights_N100.csv,file in an output folder
/mnt/c/Users/LEONELB/OneDrive - Inter-American Development Bank Group/quito-metro-airquality-2026,air_quality,output/satellite/v4_city_level/output/NO2/full/tables/Weights_N150.csv,untracked,16969,143778607e7c15898984ccf3acdb7062f2003cc5b6770a8330422ac30894152b,output,/home/leonelb/data/quito-metro-eval/air_quality/frozen_2026-05-29/output/satellite/v4_city_level/output/NO2/full/tables/Weights_N150.csv,file in an output folder
/mnt/c/Users/LEONELB/OneDrive - Inter-American Development Bank Group/quito-metro-airquality-2026,air_quality,output/satellite/v4_city_level/output/NO2/full/tables/Weights_N200.csv,untracked,22221,a30407af1f86377e892086b49ea659745f6f3484d21078f4971d1179886599ad,output,/home/leonelb/data/quito-metro-eval/air_quality/frozen_2026-05-29/output/satellite/v4_city_level/output/NO2/full/tables/Weights_N200.csv,file in an output folder
/mnt/c/Users/LEONELB/OneDrive - Inter-American Development Bank Group/quito-metro-airquality-2026,air_quality,output/satellite/v4_city_level/output/NO2/full/tables/Weights_N50.csv,untracked,5966,119926f49fe53a7717973d0c4ca5b9b83145825d363dcd18e6dd50dfbfe46195,output,/home/leonelb/data/quito-metro-eval/air_quality/frozen_2026-05-29/output/satellite/v4_city_level/output/NO2/full/tables/Weights_N50.csv,file in an output folder
/mnt/c/Users/LEONELB/OneDrive - Inter-American Development Bank Group/quito-metro-airquality-2026,air_quality,output/satellite/v4_city_level/output/NO2/full/tables/Weights_Nall.csv,untracked,94874,cd9b7e0572baa3ec65f14ec2c8834b884535f61c9913ec95e13d37fd293497df,output,/home/leonelb/data/quito-metro-eval/air_quality/frozen_2026-05-29/output/satellite/v4_city_level/output/NO2/full/tables/Weights_Nall.csv,file in an output folder
/mnt/c/Users/LEONELB/OneDrive - Inter-American Development Bank Group/quito-metro-airquality-2026,air_quality,output/satellite/v4_city_level/output/NO2/pre_blackout/graphs/EventStudy_AugSynth_FE_N100.png,untracked,62963,498aba0b872f17203ef0d9f534433e669aa6b9eba749c23172368e4024962ddd,output,/home/leonelb/data/quito-metro-eval/air_quality/frozen_2026-05-29/output/satellite/v4_city_level/output/NO2/pre_blackout/graphs/EventStudy_AugSynth_FE_N100.png,file in an output folder
/mnt/c/Users/LEONELB/OneDrive - Inter-American Development Bank Group/quito-metro-airquality-2026,air_quality,output/satellite/v4_city_level/output/NO2/pre_blackout/graphs/EventStudy_AugSynth_FE_N150.png,untracked,61761,6b3abbbe77f141333e09b7ebbb265dda71b83c077f41e8876a3e899aa21a2d39,output,/home/leonelb/data/quito-metro-eval/air_quality/frozen_2026-05-29/output/satellite/v4_city_level/output/NO2/pre_blackout/graphs/EventStudy_AugSynth_FE_N150.png,file in an output folder
/mnt/c/Users/LEONELB/OneDrive - Inter-American Development Bank Group/quito-metro-airquality-2026,air_quality,output/satellite/v4_city_level/output/NO2/pre_blackout/graphs/EventStudy_AugSynth_FE_N200.png,untracked,63565,070e075b4c252fe8de5ee4f90254ee3c42a0369797d200067b04a221fd1ec6e6,output,/home/leonelb/data/quito-metro-eval/air_quality/frozen_2026-05-29/output/satellite/v4_city_level/output/NO2/pre_blackout/graphs/EventStudy_AugSynth_FE_N200.png,file in an output folder
/mnt/c/Users/LEONELB/OneDrive - Inter-American Development Bank Group/quito-metro-airquality-2026,air_quality,output/satellite/v4_city_level/output/NO2/pre_blackout/graphs/EventStudy_AugSynth_FE_N50.png,untracked,91605,ccba35e3848a55b41fbff513505ea8f41c27566cb03804363c792b25a5dfb707,output,/home/leonelb/data/quito-metro-eval/air_quality/frozen_2026-05-29/output/satellite/v4_city_level/output/NO2/pre_blackout/graphs/EventStudy_AugSynth_FE_N50.png,file in an output folder
/mnt/c/Users/LEONELB/OneDrive - Inter-American Development Bank Group/quito-metro-airquality-2026,air_quality,output/satellite/v4_city_level/output/NO2/pre_blackout/graphs/EventStudy_AugSynth_FE_Nall.png,untracked,62889,75bfb8688926e7dd6ece3cc33ebde3dff585f93279e178c31088f596701b1369,output,/home/leonelb/data/quito-metro-eval/air_quality/frozen_2026-05-29/output/satellite/v4_city_level/output/NO2/pre_blackout/graphs/EventStudy_AugSynth_FE_Nall.png,file in an output folder
/mnt/c/Users/LEONELB/OneDrive - Inter-American Development Bank Group/quito-metro-airquality-2026,air_quality,output/satellite/v4_city_level/output/NO2/pre_blackout/graphs/EventStudy_AugSynth_noFE_N100.png,untracked,87632,6306b650ee35fcf90aa40496276e84b52d182efd877417700a3c4bce9aa503ec,output,/home/leonelb/data/quito-metro-eval/air_quality/frozen_2026-05-29/output/satellite/v4_city_level/output/NO2/pre_blackout/graphs/EventStudy_AugSynth_noFE_N100.png,file in an output folder
/mnt/c/Users/LEONELB/OneDrive - Inter-American Development Bank Group/quito-metro-airquality-2026,air_quality,output/satellite/v4_city_level/output/NO2/pre_blackout/graphs/EventStudy_AugSynth_noFE_N150.png,untracked,85958,cf7bbecdaa1620f7ac9840dd6a552e0491bc20b5f366893d726174c026bd875f,output,/home/leonelb/data/quito-metro-eval/air_quality/frozen_2026-05-29/output/satellite/v4_city_level/output/NO2/pre_blackout/graphs/EventStudy_AugSynth_noFE_N150.png,file in an output folder
/mnt/c/Users/LEONELB/OneDrive - Inter-American Development Bank Group/quito-metro-airquality-2026,air_quality,output/satellite/v4_city_level/output/NO2/pre_blackout/graphs/EventStudy_AugSynth_noFE_N200.png,untracked,76113,cfd5d75a68df3ed114ed1f13dd56dccbf4f44461b5de21f3058ff6e55b8125e2,output,/home/leonelb/data/quito-metro-eval/air_quality/frozen_2026-05-29/output/satellite/v4_city_level/output/NO2/pre_blackout/graphs/EventStudy_AugSynth_noFE_N200.png,file in an output folder
/mnt/c/Users/LEONELB/OneDrive - Inter-American Development Bank Group/quito-metro-airquality-2026,air_quality,output/satellite/v4_city_level/output/NO2/pre_blackout/graphs/EventStudy_AugSynth_noFE_N50.png,untracked,93225,cfa41ecf0343650fc1e63ca7c83e9b01a95d89b5d5d979d8ec9948a5b171f7d2,output,/home/leonelb/data/quito-metro-eval/air_quality/frozen_2026-05-29/output/satellite/v4_city_level/output/NO2/pre_blackout/graphs/EventStudy_AugSynth_noFE_N50.png,file in an output folder
/mnt/c/Users/LEONELB/OneDrive - Inter-American Development Bank Group/quito-metro-airquality-2026,air_quality,output/satellite/v4_city_level/output/NO2/pre_blackout/graphs/EventStudy_AugSynth_noFE_Nall.png,untracked,82266,44fee220fedd35925334828dcf9dc8537aadc509c0447e019f253a5cf0cfa8be,output,/home/leonelb/data/quito-metro-eval/air_quality/frozen_2026-05-29/output/satellite/v4_city_level/output/NO2/pre_blackout/graphs/EventStudy_AugSynth_noFE_Nall.png,file in an output folder
/mnt/c/Users/LEONELB/OneDrive - Inter-American Development Bank Group/quito-metro-airquality-2026,air_quality,output/satellite/v4_city_level/output/NO2/pre_blackout/graphs/EventStudy_SC_N100.png,untracked,84801,b4519c7f99a77f2f79edcb3bc8f2742a126a9689a565acc4723dc75d12d1cd9e,output,/home/leonelb/data/quito-metro-eval/air_quality/frozen_2026-05-29/output/satellite/v4_city_level/output/NO2/pre_blackout/graphs/EventStudy_SC_N100.png,file in an output folder
/mnt/c/Users/LEONELB/OneDrive - Inter-American Development Bank Group/quito-metro-airquality-2026,air_quality,output/satellite/v4_city_level/output/NO2/pre_blackout/graphs/EventStudy_SC_N150.png,untracked,84804,6b882a8167cf99cdd0c77fa6504d8fb4454bc11089f8f58c9a2ca393f43f55d9,output,/home/leonelb/data/quito-metro-eval/air_quality/frozen_2026-05-29/output/satellite/v4_city_level/output/NO2/pre_blackout/graphs/EventStudy_SC_N150.png,file in an output folder
/mnt/c/Users/LEONELB/OneDrive - Inter-American Development Bank Group/quito-metro-airquality-2026,air_quality,output/satellite/v4_city_level/output/NO2/pre_blackout/graphs/EventStudy_SC_N200.png,untracked,84759,d53d03371a2ec11d54290585fc403d48b57f7e04d7aad2d46391e334e84f03c0,output,/home/leonelb/data/quito-metro-eval/air_quality/frozen_2026-05-29/output/satellite/v4_city_level/output/NO2/pre_blackout/graphs/EventStudy_SC_N200.png,file in an output folder
/mnt/c/Users/LEONELB/OneDrive - Inter-American Development Bank Group/quito-metro-airquality-2026,air_quality,output/satellite/v4_city_level/output/NO2/pre_blackout/graphs/EventStudy_SC_N50.png,untracked,87829,2c0c512a52db554521da16e9cfb6cc31146432b32217dff18bcf3d2a54c7c178,output,/home/leonelb/data/quito-metro-eval/air_quality/frozen_2026-05-29/output/satellite/v4_city_level/output/NO2/pre_blackout/graphs/EventStudy_SC_N50.png,file in an output folder
/mnt/c/Users/LEONELB/OneDrive - Inter-American Development Bank Group/quito-metro-airquality-2026,air_quality,output/satellite/v4_city_level/output/NO2/pre_blackout/graphs/EventStudy_SC_Nall.png,untracked,83057,ad299616f5ad4ae28df21f8c7517cdb9dbc5e090548bcfb3e6319536597e51d5,output,/home/leonelb/data/quito-metro-eval/air_quality/frozen_2026-05-29/output/satellite/v4_city_level/output/NO2/pre_blackout/graphs/EventStudy_SC_Nall.png,file in an output folder
/mnt/c/Users/LEONELB/OneDrive - Inter-American Development Bank Group/quito-metro-airquality-2026,air_quality,output/satellite/v4_city_level/output/NO2/pre_blackout/graphs/EventStudy_SDID_N100.png,untracked,89342,563127d7d94e2190aae69971709873957a85613c9e75f299201f39e218d9c925,output,/home/leonelb/data/quito-metro-eval/air_quality/frozen_2026-05-29/output/satellite/v4_city_level/output/NO2/pre_blackout/graphs/EventStudy_SDID_N100.png,file in an output folder
/mnt/c/Users/LEONELB/OneDrive - Inter-American Development Bank Group/quito-metro-airquality-2026,air_quality,output/satellite/v4_city_level/output/NO2/pre_blackout/graphs/EventStudy_SDID_N150.png,untracked,89205,05889b14164fadf124082a72dc72730f12c7a2aefa1db89f30dc45bc834f7cb2,output,/home/leonelb/data/quito-metro-eval/air_quality/frozen_2026-05-29/output/satellite/v4_city_level/output/NO2/pre_blackout/graphs/EventStudy_SDID_N150.png,file in an output folder
/mnt/c/Users/LEONELB/OneDrive - Inter-American Development Bank Group/quito-metro-airquality-2026,air_quality,output/satellite/v4_city_level/output/NO2/pre_blackout/graphs/EventStudy_SDID_N200.png,untracked,87386,80f9feb64d9640f3b33430e85211a7f2caef3587c24765d811e8091daa55cb48,output,/home/leonelb/data/quito-metro-eval/air_quality/frozen_2026-05-29/output/satellite/v4_city_level/output/NO2/pre_blackout/graphs/EventStudy_SDID_N200.png,file in an output folder
/mnt/c/Users/LEONELB/OneDrive - Inter-American Development Bank Group/quito-metro-airquality-2026,air_quality,output/satellite/v4_city_level/output/NO2/pre_blackout/graphs/EventStudy_SDID_N50.png,untracked,89370,5e9d0a12dc964a6a81ab01ac2cd3b9ada5d27e5fa06720c9e75913af31cb12d0,output,/home/leonelb/data/quito-metro-eval/air_quality/frozen_2026-05-29/output/satellite/v4_city_level/output/NO2/pre_blackout/graphs/EventStudy_SDID_N50.png,file in an output folder
/mnt/c/Users/LEONELB/OneDrive - Inter-American Development Bank Group/quito-metro-airquality-2026,air_quality,output/satellite/v4_city_level/output/NO2/pre_blackout/graphs/EventStudy_SDID_Nall.png,untracked,85075,ac4a30724d49ad0daafb68bd03cd2101262a9c1cf67fc43c1ee7232774d66ace,output,/home/leonelb/data/quito-metro-eval/air_quality/frozen_2026-05-29/output/satellite/v4_city_level/output/NO2/pre_blackout/graphs/EventStudy_SDID_Nall.png,file in an output folder
/mnt/c/Users/LEONELB/OneDrive - Inter-American Development Bank Group/quito-metro-airquality-2026,air_quality,output/satellite/v4_city_level/output/NO2/pre_blackout/graphs/Trajectory_AugSynth_FE_N100.png,untracked,99060,b977f983baed018a8277274b889a55aa1b12cb24e321705035f4bd7193bab2d2,output,/home/leonelb/data/quito-metro-eval/air_quality/frozen_2026-05-29/output/satellite/v4_city_level/output/NO2/pre_blackout/graphs/Trajectory_AugSynth_FE_N100.png,file in an output folder
/mnt/c/Users/LEONELB/OneDrive - Inter-American Development Bank Group/quito-metro-airquality-2026,air_quality,output/satellite/v4_city_level/output/NO2/pre_blackout/graphs/Trajectory_AugSynth_FE_N150.png,untracked,100168,faf7eb2f78b5c454849d54cf2c52d75520686a10b93abbea7831591ab0ce3abc,output,/home/leonelb/data/quito-metro-eval/air_quality/frozen_2026-05-29/output/satellite/v4_city_level/output/NO2/pre_blackout/graphs/Trajectory_AugSynth_FE_N150.png,file in an output folder
/mnt/c/Users/LEONELB/OneDrive - Inter-American Development Bank Group/quito-metro-airquality-2026,air_quality,output/satellite/v4_city_level/output/NO2/pre_blackout/graphs/Trajectory_AugSynth_FE_N200.png,untracked,101803,f0ea132d94c1c4a8b5ddeef5d55ee00d09c120c292aefa0409ce885a9ddd916f,output,/home/leonelb/data/quito-metro-eval/air_quality/frozen_2026-05-29/output/satellite/v4_city_level/output/NO2/pre_blackout/graphs/Trajectory_AugSynth_FE_N200.png,file in an output folder
/mnt/c/Users/LEONELB/OneDrive - Inter-American Development Bank Group/quito-metro-airquality-2026,air_quality,output/satellite/v4_city_level/output/NO2/pre_blackout/graphs/Trajectory_AugSynth_FE_N50.png,untracked,110338,78b33b06fdadb256f2a530e5ac4d287a8180e293c463a6c540db8591c6b9bca0,output,/home/leonelb/data/quito-metro-eval/air_quality/frozen_2026-05-29/output/satellite/v4_city_level/output/NO2/pre_blackout/graphs/Trajectory_AugSynth_FE_N50.png,file in an output folder
/mnt/c/Users/LEONELB/OneDrive - Inter-American Development Bank Group/quito-metro-airquality-2026,air_quality,output/satellite/v4_city_level/output/NO2/pre_blackout/graphs/Trajectory_AugSynth_FE_Nall.png,untracked,100310,666f662f54316d7583ccbabeadc619cb551495e58a824700521be9a848feb72d,output,/home/leonelb/data/quito-metro-eval/air_quality/frozen_2026-05-29/output/satellite/v4_city_level/output/NO2/pre_blackout/graphs/Trajectory_AugSynth_FE_Nall.png,file in an output folder
/mnt/c/Users/LEONELB/OneDrive - Inter-American Development Bank Group/quito-metro-airquality-2026,air_quality,output/satellite/v4_city_level/output/NO2/pre_blackout/graphs/Trajectory_AugSynth_noFE_N100.png,untracked,112056,03a7fd21fb5656b3cc788844319ead5b6fb6735e6fddc57b6718b9bae8a2fb25,output,/home/leonelb/data/quito-metro-eval/air_quality/frozen_2026-05-29/output/satellite/v4_city_level/output/NO2/pre_blackout/graphs/Trajectory_AugSynth_noFE_N100.png,file in an output folder
/mnt/c/Users/LEONELB/OneDrive - Inter-American Development Bank Group/quito-metro-airquality-2026,air_quality,output/satellite/v4_city_level/output/NO2/pre_blackout/graphs/Trajectory_AugSynth_noFE_N150.png,untracked,114132,7cf01eb159349cba5af800fd7edda7fd3fdc036aacd333baf1af68460d481267,output,/home/leonelb/data/quito-metro-eval/air_quality/frozen_2026-05-29/output/satellite/v4_city_level/output/NO2/pre_blackout/graphs/Trajectory_AugSynth_noFE_N150.png,file in an output folder
/mnt/c/Users/LEONELB/OneDrive - Inter-American Development Bank Group/quito-metro-airquality-2026,air_quality,output/satellite/v4_city_level/output/NO2/pre_blackout/graphs/Trajectory_AugSynth_noFE_N200.png,untracked,111634,919ad5ed313292cca7e383061ff5a22fd428ccbe61c0296df43d3b327518ec23,output,/home/leonelb/data/quito-metro-eval/air_quality/frozen_2026-05-29/output/satellite/v4_city_level/output/NO2/pre_blackout/graphs/Trajectory_AugSynth_noFE_N200.png,file in an output folder
/mnt/c/Users/LEONELB/OneDrive - Inter-American Development Bank Group/quito-metro-airquality-2026,air_quality,output/satellite/v4_city_level/output/NO2/pre_blackout/graphs/Trajectory_AugSynth_noFE_N50.png,untracked,109700,4124a6a4c20c81b3baf75e32a810b46dd72dd030aff9f705f57f60a3c5eebb5a,output,/home/leonelb/data/quito-metro-eval/air_quality/frozen_2026-05-29/output/satellite/v4_city_level/output/NO2/pre_blackout/graphs/Trajectory_AugSynth_noFE_N50.png,file in an output folder
/mnt/c/Users/LEONELB/OneDrive - Inter-American Development Bank Group/quito-metro-airquality-2026,air_quality,output/satellite/v4_city_level/output/NO2/pre_blackout/graphs/Trajectory_AugSynth_noFE_Nall.png,untracked,109984,9f647a4d7c7b1fe7d599d41f2642d2317c1dedc93d640549e65a07db36729181,output,/home/leonelb/data/quito-metro-eval/air_quality/frozen_2026-05-29/output/satellite/v4_city_level/output/NO2/pre_blackout/graphs/Trajectory_AugSynth_noFE_Nall.png,file in an output folder
/mnt/c/Users/LEONELB/OneDrive - Inter-American Development Bank Group/quito-metro-airquality-2026,air_quality,output/satellite/v4_city_level/output/NO2/pre_blackout/graphs/Trajectory_SC_N100.png,untracked,113130,40cbd5435b6731325e4dff88ff660bb961fc96883fc243cc121d2a98a5a94d18,output,/home/leonelb/data/quito-metro-eval/air_quality/frozen_2026-05-29/output/satellite/v4_city_level/output/NO2/pre_blackout/graphs/Trajectory_SC_N100.png,file in an output folder
/mnt/c/Users/LEONELB/OneDrive - Inter-American Development Bank Group/quito-metro-airquality-2026,air_quality,output/satellite/v4_city_level/output/NO2/pre_blackout/graphs/Trajectory_SC_N150.png,untracked,113171,ac708d7c5927a1a1d9c7755b34221a6e0805b1a68e09e7001ccdd66c005350af,output,/home/leonelb/data/quito-metro-eval/air_quality/frozen_2026-05-29/output/satellite/v4_city_level/output/NO2/pre_blackout/graphs/Trajectory_SC_N150.png,file in an output folder
/mnt/c/Users/LEONELB/OneDrive - Inter-American Development Bank Group/quito-metro-airquality-2026,air_quality,output/satellite/v4_city_level/output/NO2/pre_blackout/graphs/Trajectory_SC_N200.png,untracked,113476,b2be090bb4236ef443909e9f61dee55a53c86e43221cb543b88dd3b39f9531ac,output,/home/leonelb/data/quito-metro-eval/air_quality/frozen_2026-05-29/output/satellite/v4_city_level/output/NO2/pre_blackout/graphs/Trajectory_SC_N200.png,file in an output folder
/mnt/c/Users/LEONELB/OneDrive - Inter-American Development Bank Group/quito-metro-airquality-2026,air_quality,output/satellite/v4_city_level/output/NO2/pre_blackout/graphs/Trajectory_SC_N50.png,untracked,105433,c8e7d62f6f9f4426ef6cd869e97f7be9ef0e55bc00cc3ac99fc18d2a8d264045,output,/home/leonelb/data/quito-metro-eval/air_quality/frozen_2026-05-29/output/satellite/v4_city_level/output/NO2/pre_blackout/graphs/Trajectory_SC_N50.png,file in an output folder
/mnt/c/Users/LEONELB/OneDrive - Inter-American Development Bank Group/quito-metro-airquality-2026,air_quality,output/satellite/v4_city_level/output/NO2/pre_blackout/graphs/Trajectory_SC_Nall.png,untracked,109743,af9518e294adc14a921a3fa181bfadcac0b4cff523daf54a5cdb4bfae4c45a92,output,/home/leonelb/data/quito-metro-eval/air_quality/frozen_2026-05-29/output/satellite/v4_city_level/output/NO2/pre_blackout/graphs/Trajectory_SC_Nall.png,file in an output folder
/mnt/c/Users/LEONELB/OneDrive - Inter-American Development Bank Group/quito-metro-airquality-2026,air_quality,output/satellite/v4_city_level/output/NO2/pre_blackout/graphs/Trajectory_SDID_N100.png,untracked,101139,a55af6e954250e608f5f7acbee6b5b962c03737e9e5e738ae649301d5822d7d9,output,/home/leonelb/data/quito-metro-eval/air_quality/frozen_2026-05-29/output/satellite/v4_city_level/output/NO2/pre_blackout/graphs/Trajectory_SDID_N100.png,file in an output folder
/mnt/c/Users/LEONELB/OneDrive - Inter-American Development Bank Group/quito-metro-airquality-2026,air_quality,output/satellite/v4_city_level/output/NO2/pre_blackout/graphs/Trajectory_SDID_N150.png,untracked,102390,368b6c6bcf8620eabf7b2553d1f5f0c24c686dcd101b84660cb2161a5dd44606,output,/home/leonelb/data/quito-metro-eval/air_quality/frozen_2026-05-29/output/satellite/v4_city_level/output/NO2/pre_blackout/graphs/Trajectory_SDID_N150.png,file in an output folder
/mnt/c/Users/LEONELB/OneDrive - Inter-American Development Bank Group/quito-metro-airquality-2026,air_quality,output/satellite/v4_city_level/output/NO2/pre_blackout/graphs/Trajectory_SDID_N200.png,untracked,102267,d5c04c8068a60629792f55679a2e9f161070ed85b219366e627e3fd97ad483f1,output,/home/leonelb/data/quito-metro-eval/air_quality/frozen_2026-05-29/output/satellite/v4_city_level/output/NO2/pre_blackout/graphs/Trajectory_SDID_N200.png,file in an output folder
/mnt/c/Users/LEONELB/OneDrive - Inter-American Development Bank Group/quito-metro-airquality-2026,air_quality,output/satellite/v4_city_level/output/NO2/pre_blackout/graphs/Trajectory_SDID_N50.png,untracked,101290,76dc58d59be36a86f0036a38965e5f8620a83f4e7b961fc91328d6c3316aee89,output,/home/leonelb/data/quito-metro-eval/air_quality/frozen_2026-05-29/output/satellite/v4_city_level/output/NO2/pre_blackout/graphs/Trajectory_SDID_N50.png,file in an output folder
/mnt/c/Users/LEONELB/OneDrive - Inter-American Development Bank Group/quito-metro-airquality-2026,air_quality,output/satellite/v4_city_level/output/NO2/pre_blackout/graphs/Trajectory_SDID_Nall.png,untracked,101346,6fd0b4874dfa5e60d75d7d7685c71a20a2c20b5c81072749c13a89941b5dadd9,output,/home/leonelb/data/quito-metro-eval/air_quality/frozen_2026-05-29/output/satellite/v4_city_level/output/NO2/pre_blackout/graphs/Trajectory_SDID_Nall.png,file in an output folder
/mnt/c/Users/LEONELB/OneDrive - Inter-American Development Bank Group/quito-metro-airquality-2026,air_quality,output/satellite/v4_city_level/output/NO2/pre_blackout/tables/GrandSummary.csv,untracked,3628,3ccee557e9fb82147ac16ab6718609d4e9008a5232ecba68daaadfea7f88e832,output,/home/leonelb/data/quito-metro-eval/air_quality/frozen_2026-05-29/output/satellite/v4_city_level/output/NO2/pre_blackout/tables/GrandSummary.csv,file in an output folder
/mnt/c/Users/LEONELB/OneDrive - Inter-American Development Bank Group/quito-metro-airquality-2026,air_quality,output/satellite/v4_city_level/output/NO2/pre_blackout/tables/PreTreatmentFit_N100.csv,untracked,426,703bc4fb0e12c4daf8192474a1fa5d724c74d3d8d4ff4e5bb9fda095b6d47557,output,/home/leonelb/data/quito-metro-eval/air_quality/frozen_2026-05-29/output/satellite/v4_city_level/output/NO2/pre_blackout/tables/PreTreatmentFit_N100.csv,file in an output folder
/mnt/c/Users/LEONELB/OneDrive - Inter-American Development Bank Group/quito-metro-airquality-2026,air_quality,output/satellite/v4_city_level/output/NO2/pre_blackout/tables/PreTreatmentFit_N150.csv,untracked,426,31017c1b7a250704335c8061a90a91e920769e8856b27070f8abf44601134a57,output,/home/leonelb/data/quito-metro-eval/air_quality/frozen_2026-05-29/output/satellite/v4_city_level/output/NO2/pre_blackout/tables/PreTreatmentFit_N150.csv,file in an output folder
/mnt/c/Users/LEONELB/OneDrive - Inter-American Development Bank Group/quito-metro-airquality-2026,air_quality,output/satellite/v4_city_level/output/NO2/pre_blackout/tables/PreTreatmentFit_N200.csv,untracked,429,0317a5f65dace28be163158bfc1a86f7b999973552a0bf25b7599fe774db96b1,output,/home/leonelb/data/quito-metro-eval/air_quality/frozen_2026-05-29/output/satellite/v4_city_level/output/NO2/pre_blackout/tables/PreTreatmentFit_N200.csv,file in an output folder
/mnt/c/Users/LEONELB/OneDrive - Inter-American Development Bank Group/quito-metro-airquality-2026,air_quality,output/satellite/v4_city_level/output/NO2/pre_blackout/tables/PreTreatmentFit_N50.csv,untracked,420,aa30ada52f9a14d70d5b9deecdc878df2898cce15b4d70ea9ce8d293f05caf16,output,/home/leonelb/data/quito-metro-eval/air_quality/frozen_2026-05-29/output/satellite/v4_city_level/output/NO2/pre_blackout/tables/PreTreatmentFit_N50.csv,file in an output folder
/mnt/c/Users/LEONELB/OneDrive - Inter-American Development Bank Group/quito-metro-airquality-2026,air_quality,output/satellite/v4_city_level/output/NO2/pre_blackout/tables/PreTreatmentFit_Nall.csv,untracked,423,1f20dadb014d6f13fdd9266f63ae3ff2c2fc7681f5f226660d824c8893b2c9bc,output,/home/leonelb/data/quito-metro-eval/air_quality/frozen_2026-05-29/output/satellite/v4_city_level/output/NO2/pre_blackout/tables/PreTreatmentFit_Nall.csv,file in an output folder
/mnt/c/Users/LEONELB/OneDrive - Inter-American Development Bank Group/quito-metro-airquality-2026,air_quality,output/satellite/v4_city_level/output/NO2/pre_blackout/tables/ResidualizationDiagnostics.csv,untracked,168,f25b67359e0aceb20999252584325f26c3f5c604ef2ce6a85458d72733b34841,output,/home/leonelb/data/quito-metro-eval/air_quality/frozen_2026-05-29/output/satellite/v4_city_level/output/NO2/pre_blackout/tables/ResidualizationDiagnostics.csv,file in an output folder
/mnt/c/Users/LEONELB/OneDrive - Inter-American Development Bank Group/quito-metro-airquality-2026,air_quality,output/satellite/v4_city_level/output/NO2/pre_blackout/tables/Summary_N100.csv,untracked,797,1449e5b1b737b0f92b32769f0f420efcb764898681531d41eedee66e882de540,output,/home/leonelb/data/quito-metro-eval/air_quality/frozen_2026-05-29/output/satellite/v4_city_level/output/NO2/pre_blackout/tables/Summary_N100.csv,file in an output folder
/mnt/c/Users/LEONELB/OneDrive - Inter-American Development Bank Group/quito-metro-airquality-2026,air_quality,output/satellite/v4_city_level/output/NO2/pre_blackout/tables/Summary_N150.csv,untracked,810,66832046b676f3ff614a94c23513cc3df279cb778945fb833049e9afbc0396b6,output,/home/leonelb/data/quito-metro-eval/air_quality/frozen_2026-05-29/output/satellite/v4_city_level/output/NO2/pre_blackout/tables/Summary_N150.csv,file in an output folder
/mnt/c/Users/LEONELB/OneDrive - Inter-American Development Bank Group/quito-metro-airquality-2026,air_quality,output/satellite/v4_city_level/output/NO2/pre_blackout/tables/Summary_N200.csv,untracked,809,dc858ca36a804e0a69fa5fa66bf9aa3e9f5037086301852a2020ae64c7652e4a,output,/home/leonelb/data/quito-metro-eval/air_quality/frozen_2026-05-29/output/satellite/v4_city_level/output/NO2/pre_blackout/tables/Summary_N200.csv,file in an output folder
/mnt/c/Users/LEONELB/OneDrive - Inter-American Development Bank Group/quito-metro-airquality-2026,air_quality,output/satellite/v4_city_level/output/NO2/pre_blackout/tables/Summary_N50.csv,untracked,807,a67334aff790001dc2998c7a8e09e08941462488cb2098e3a0bf80d6da604209,output,/home/leonelb/data/quito-metro-eval/air_quality/frozen_2026-05-29/output/satellite/v4_city_level/output/NO2/pre_blackout/tables/Summary_N50.csv,file in an output folder
/mnt/c/Users/LEONELB/OneDrive - Inter-American Development Bank Group/quito-metro-airquality-2026,air_quality,output/satellite/v4_city_level/output/NO2/pre_blackout/tables/Summary_Nall.csv,untracked,804,8c669f8d5535048fdddc812b23e45aab97cbe8ec7b572e42e2e8e4b090d3b621,output,/home/leonelb/data/quito-metro-eval/air_quality/frozen_2026-05-29/output/satellite/v4_city_level/output/NO2/pre_blackout/tables/Summary_Nall.csv,file in an output folder
/mnt/c/Users/LEONELB/OneDrive - Inter-American Development Bank Group/quito-metro-airquality-2026,air_quality,output/satellite/v4_city_level/output/NO2/pre_blackout/tables/Trajectories_N100.csv,untracked,10897,1dc506f79d1e21b791bee4a58427513bff2462c6a786f1b74c08249c038a6fcf,output,/home/leonelb/data/quito-metro-eval/air_quality/frozen_2026-05-29/output/satellite/v4_city_level/output/NO2/pre_blackout/tables/Trajectories_N100.csv,file in an output folder
/mnt/c/Users/LEONELB/OneDrive - Inter-American Development Bank Group/quito-metro-airquality-2026,air_quality,output/satellite/v4_city_level/output/NO2/pre_blackout/tables/Trajectories_N150.csv,untracked,10869,51b53f65cfe42406c3d725ebcd8c96a00a5e8201991b0095c9a721fa0692eb0d,output,/home/leonelb/data/quito-metro-eval/air_quality/frozen_2026-05-29/output/satellite/v4_city_level/output/NO2/pre_blackout/tables/Trajectories_N150.csv,file in an output folder
/mnt/c/Users/LEONELB/OneDrive - Inter-American Development Bank Group/quito-metro-airquality-2026,air_quality,output/satellite/v4_city_level/output/NO2/pre_blackout/tables/Trajectories_N200.csv,untracked,10898,d63b672419bde4ce3b9787e5ff9c489c3c3feffa39c213090b94ea9d78aed7dc,output,/home/leonelb/data/quito-metro-eval/air_quality/frozen_2026-05-29/output/satellite/v4_city_level/output/NO2/pre_blackout/tables/Trajectories_N200.csv,file in an output folder
/mnt/c/Users/LEONELB/OneDrive - Inter-American Development Bank Group/quito-metro-airquality-2026,air_quality,output/satellite/v4_city_level/output/NO2/pre_blackout/tables/Trajectories_N50.csv,untracked,10847,72c35d25c4a5bafda63ae02247dfca2f85bf5592917b8042b9ff9b6c7e59c6a1,output,/home/leonelb/data/quito-metro-eval/air_quality/frozen_2026-05-29/output/satellite/v4_city_level/output/NO2/pre_blackout/tables/Trajectories_N50.csv,file in an output folder
/mnt/c/Users/LEONELB/OneDrive - Inter-American Development Bank Group/quito-metro-airquality-2026,air_quality,output/satellite/v4_city_level/output/NO2/pre_blackout/tables/Trajectories_Nall.csv,untracked,10907,aa10defd6fe4fbe9fdf1f46557b4a6afc54301354cc4ef24e4edd171e017363c,output,/home/leonelb/data/quito-metro-eval/air_quality/frozen_2026-05-29/output/satellite/v4_city_level/output/NO2/pre_blackout/tables/Trajectories_Nall.csv,file in an output folder
/mnt/c/Users/LEONELB/OneDrive - Inter-American Development Bank Group/quito-metro-airquality-2026,air_quality,output/satellite/v4_city_level/output/NO2/pre_blackout/tables/Weights_N100.csv,untracked,11076,c92e8b5f7d9b1434cd8bca0e5e3791c54d76d557882ee283e54906310f90b6b1,output,/home/leonelb/data/quito-metro-eval/air_quality/frozen_2026-05-29/output/satellite/v4_city_level/output/NO2/pre_blackout/tables/Weights_N100.csv,file in an output folder
/mnt/c/Users/LEONELB/OneDrive - Inter-American Development Bank Group/quito-metro-airquality-2026,air_quality,output/satellite/v4_city_level/output/NO2/pre_blackout/tables/Weights_N150.csv,untracked,16339,3dc2dc738fe81e001ad094ed832151baca6b46c57d06da20d89fffa9ad97882a,output,/home/leonelb/data/quito-metro-eval/air_quality/frozen_2026-05-29/output/satellite/v4_city_level/output/NO2/pre_blackout/tables/Weights_N150.csv,file in an output folder
/mnt/c/Users/LEONELB/OneDrive - Inter-American Development Bank Group/quito-metro-airquality-2026,air_quality,output/satellite/v4_city_level/output/NO2/pre_blackout/tables/Weights_N200.csv,untracked,21473,76b0596e100d8da6859f4566e4120de19afc36c794adbe9bff5be381e97ec6d6,output,/home/leonelb/data/quito-metro-eval/air_quality/frozen_2026-05-29/output/satellite/v4_city_level/output/NO2/pre_blackout/tables/Weights_N200.csv,file in an output folder
/mnt/c/Users/LEONELB/OneDrive - Inter-American Development Bank Group/quito-metro-airquality-2026,air_quality,output/satellite/v4_city_level/output/NO2/pre_blackout/tables/Weights_N50.csv,untracked,5882,21d07962deeffd30dbfd249bfd967e35f67dd46f3dc67f6a710d82869bff6e15,output,/home/leonelb/data/quito-metro-eval/air_quality/frozen_2026-05-29/output/satellite/v4_city_level/output/NO2/pre_blackout/tables/Weights_N50.csv,file in an output folder
/mnt/c/Users/LEONELB/OneDrive - Inter-American Development Bank Group/quito-metro-airquality-2026,air_quality,output/satellite/v4_city_level/output/NO2/pre_blackout/tables/Weights_Nall.csv,untracked,93501,0bde3d5dc03ea0eb2490bc0c845e8fb715bec9034882ca6827388c01e74abfa3,output,/home/leonelb/data/quito-metro-eval/air_quality/frozen_2026-05-29/output/satellite/v4_city_level/output/NO2/pre_blackout/tables/Weights_Nall.csv,file in an output folder
/mnt/c/Users/LEONELB/OneDrive - Inter-American Development Bank Group/quito-metro-airquality-2026,air_quality,output/satellite/v4_city_level/output/SO2/CrossSample_Summary.csv,untracked,14008,87716632016f7df15a4ad19f286068357da1951f25b9cd72b238591d72e5ebd2,output,/home/leonelb/data/quito-metro-eval/air_quality/frozen_2026-05-29/output/satellite/v4_city_level/output/SO2/CrossSample_Summary.csv,file in an output folder
/mnt/c/Users/LEONELB/OneDrive - Inter-American Development Bank Group/quito-metro-airquality-2026,air_quality,output/satellite/v4_city_level/output/SO2/CrossSample_Summary_SO2.csv,untracked,14008,87716632016f7df15a4ad19f286068357da1951f25b9cd72b238591d72e5ebd2,output,/home/leonelb/data/quito-metro-eval/air_quality/frozen_2026-05-29/output/satellite/v4_city_level/output/SO2/CrossSample_Summary_SO2.csv,file in an output folder
/mnt/c/Users/LEONELB/OneDrive - Inter-American Development Bank Group/quito-metro-airquality-2026,air_quality,output/satellite/v4_city_level/output/SO2/donut/graphs/EventStudy_AugSynth_FE_N100.png,untracked,87215,d50f2361ac5a090025f7f4c66bbc798249461421b95b03830be2a2fb3db03ea3,output,/home/leonelb/data/quito-metro-eval/air_quality/frozen_2026-05-29/output/satellite/v4_city_level/output/SO2/donut/graphs/EventStudy_AugSynth_FE_N100.png,file in an output folder
/mnt/c/Users/LEONELB/OneDrive - Inter-American Development Bank Group/quito-metro-airquality-2026,air_quality,output/satellite/v4_city_level/output/SO2/donut/graphs/EventStudy_AugSynth_FE_N150.png,untracked,86486,9f2f673e427d48e2a796a2193319bd462097e6cf97b07679053792a98aa422fd,output,/home/leonelb/data/quito-metro-eval/air_quality/frozen_2026-05-29/output/satellite/v4_city_level/output/SO2/donut/graphs/EventStudy_AugSynth_FE_N150.png,file in an output folder
/mnt/c/Users/LEONELB/OneDrive - Inter-American Development Bank Group/quito-metro-airquality-2026,air_quality,output/satellite/v4_city_level/output/SO2/donut/graphs/EventStudy_AugSynth_FE_N200.png,untracked,84686,c2d71974a7ef6f0d395a05a7447f36662fc9676e879ddd86c421ba2625a21e65,output,/home/leonelb/data/quito-metro-eval/air_quality/frozen_2026-05-29/output/satellite/v4_city_level/output/SO2/donut/graphs/EventStudy_AugSynth_FE_N200.png,file in an output folder
/mnt/c/Users/LEONELB/OneDrive - Inter-American Development Bank Group/quito-metro-airquality-2026,air_quality,output/satellite/v4_city_level/output/SO2/donut/graphs/EventStudy_AugSynth_FE_N50.png,untracked,102080,53e5be6a1d2d2e60cbe9b5fe1a299b1c68cab017f91f45835e35b2fbbb9a63ae,output,/home/leonelb/data/quito-metro-eval/air_quality/frozen_2026-05-29/output/satellite/v4_city_level/output/SO2/donut/graphs/EventStudy_AugSynth_FE_N50.png,file in an output folder
/mnt/c/Users/LEONELB/OneDrive - Inter-American Development Bank Group/quito-metro-airquality-2026,air_quality,output/satellite/v4_city_level/output/SO2/donut/graphs/EventStudy_AugSynth_FE_Nall.png,untracked,84102,a0e304b72fa06c60857d15cc3e988fd33176087f5797dd7711fac9aad9dfb8ca,output,/home/leonelb/data/quito-metro-eval/air_quality/frozen_2026-05-29/output/satellite/v4_city_level/output/SO2/donut/graphs/EventStudy_AugSynth_FE_Nall.png,file in an output folder
/mnt/c/Users/LEONELB/OneDrive - Inter-American Development Bank Group/quito-metro-airquality-2026,air_quality,output/satellite/v4_city_level/output/SO2/donut/graphs/EventStudy_AugSynth_noFE_N100.png,untracked,102805,7e443c3a7740673fc0b475d270a95f327000cfd9c8c626a2fc6ad4063f3f045e,output,/home/leonelb/data/quito-metro-eval/air_quality/frozen_2026-05-29/output/satellite/v4_city_level/output/SO2/donut/graphs/EventStudy_AugSynth_noFE_N100.png,file in an output folder
/mnt/c/Users/LEONELB/OneDrive - Inter-American Development Bank Group/quito-metro-airquality-2026,air_quality,output/satellite/v4_city_level/output/SO2/donut/graphs/EventStudy_AugSynth_noFE_N150.png,untracked,103538,09bd470bd37944629ca6c67b44d84aa69934bb09ada2389c289f2c4a514a245f,output,/home/leonelb/data/quito-metro-eval/air_quality/frozen_2026-05-29/output/satellite/v4_city_level/output/SO2/donut/graphs/EventStudy_AugSynth_noFE_N150.png,file in an output folder
/mnt/c/Users/LEONELB/OneDrive - Inter-American Development Bank Group/quito-metro-airquality-2026,air_quality,output/satellite/v4_city_level/output/SO2/donut/graphs/EventStudy_AugSynth_noFE_N200.png,untracked,102921,21e71500f092669a7590ceacb9ddb99c7f7a007ee60cea3a84d71c1e9e45d020,output,/home/leonelb/data/quito-metro-eval/air_quality/frozen_2026-05-29/output/satellite/v4_city_level/output/SO2/donut/graphs/EventStudy_AugSynth_noFE_N200.png,file in an output folder
/mnt/c/Users/LEONELB/OneDrive - Inter-American Development Bank Group/quito-metro-airquality-2026,air_quality,output/satellite/v4_city_level/output/SO2/donut/graphs/EventStudy_AugSynth_noFE_N50.png,untracked,106173,d2166e42595dec60deed350f53330f6ea32a621592e28e30790f5d546059a756,output,/home/leonelb/data/quito-metro-eval/air_quality/frozen_2026-05-29/output/satellite/v4_city_level/output/SO2/donut/graphs/EventStudy_AugSynth_noFE_N50.png,file in an output folder
/mnt/c/Users/LEONELB/OneDrive - Inter-American Development Bank Group/quito-metro-airquality-2026,air_quality,output/satellite/v4_city_level/output/SO2/donut/graphs/EventStudy_AugSynth_noFE_Nall.png,untracked,102844,e37fbc8100c5438b311825ff87d5b72b4e0908ec99ff625b3734d3fea7d4333e,output,/home/leonelb/data/quito-metro-eval/air_quality/frozen_2026-05-29/output/satellite/v4_city_level/output/SO2/donut/graphs/EventStudy_AugSynth_noFE_Nall.png,file in an output folder
/mnt/c/Users/LEONELB/OneDrive - Inter-American Development Bank Group/quito-metro-airquality-2026,air_quality,output/satellite/v4_city_level/output/SO2/donut/graphs/EventStudy_SC_N100.png,untracked,102333,5d62bc3eba5d49b346f601bf3ec91996c36677c498d82b5cb3a5194a1cfa6c3c,output,/home/leonelb/data/quito-metro-eval/air_quality/frozen_2026-05-29/output/satellite/v4_city_level/output/SO2/donut/graphs/EventStudy_SC_N100.png,file in an output folder
/mnt/c/Users/LEONELB/OneDrive - Inter-American Development Bank Group/quito-metro-airquality-2026,air_quality,output/satellite/v4_city_level/output/SO2/donut/graphs/EventStudy_SC_N150.png,untracked,101714,30aeffbac63a3a9f5fcd0d37a7f02a07e2f7e03719ff14491b2cd4aba11cedce,output,/home/leonelb/data/quito-metro-eval/air_quality/frozen_2026-05-29/output/satellite/v4_city_level/output/SO2/donut/graphs/EventStudy_SC_N150.png,file in an output folder
/mnt/c/Users/LEONELB/OneDrive - Inter-American Development Bank Group/quito-metro-airquality-2026,air_quality,output/satellite/v4_city_level/output/SO2/donut/graphs/EventStudy_SC_N200.png,untracked,102361,f471c2c35e8aee68e5c2cecc6d6c1f9de1e6746fe02a23d6eac057611ad233b5,output,/home/leonelb/data/quito-metro-eval/air_quality/frozen_2026-05-29/output/satellite/v4_city_level/output/SO2/donut/graphs/EventStudy_SC_N200.png,file in an output folder
/mnt/c/Users/LEONELB/OneDrive - Inter-American Development Bank Group/quito-metro-airquality-2026,air_quality,output/satellite/v4_city_level/output/SO2/donut/graphs/EventStudy_SC_N50.png,untracked,102913,c99d1d43e62d38af7c8d387956331a11b792e1b7758f81acac967747243854d7,output,/home/leonelb/data/quito-metro-eval/air_quality/frozen_2026-05-29/output/satellite/v4_city_level/output/SO2/donut/graphs/EventStudy_SC_N50.png,file in an output folder
/mnt/c/Users/LEONELB/OneDrive - Inter-American Development Bank Group/quito-metro-airquality-2026,air_quality,output/satellite/v4_city_level/output/SO2/donut/graphs/EventStudy_SC_Nall.png,untracked,96956,1244b19ba460e3976ba4e2cece877c6046d519797a02a2bf3ccf76b2490f4c5e,output,/home/leonelb/data/quito-metro-eval/air_quality/frozen_2026-05-29/output/satellite/v4_city_level/output/SO2/donut/graphs/EventStudy_SC_Nall.png,file in an output folder
/mnt/c/Users/LEONELB/OneDrive - Inter-American Development Bank Group/quito-metro-airquality-2026,air_quality,output/satellite/v4_city_level/output/SO2/donut/graphs/EventStudy_SDID_N100.png,untracked,102129,c16a24d5fa6eef17f3ece28896a95f96377e99de7be8619b3fd3c3b4fc6e29b9,output,/home/leonelb/data/quito-metro-eval/air_quality/frozen_2026-05-29/output/satellite/v4_city_level/output/SO2/donut/graphs/EventStudy_SDID_N100.png,file in an output folder
/mnt/c/Users/LEONELB/OneDrive - Inter-American Development Bank Group/quito-metro-airquality-2026,air_quality,output/satellite/v4_city_level/output/SO2/donut/graphs/EventStudy_SDID_N150.png,untracked,101617,5723967a53613f33789f95c86509ffafa5bff8e7f2b7745be3c6cb8b6df5ece8,output,/home/leonelb/data/quito-metro-eval/air_quality/frozen_2026-05-29/output/satellite/v4_city_level/output/SO2/donut/graphs/EventStudy_SDID_N150.png,file in an output folder
/mnt/c/Users/LEONELB/OneDrive - Inter-American Development Bank Group/quito-metro-airquality-2026,air_quality,output/satellite/v4_city_level/output/SO2/donut/graphs/EventStudy_SDID_N200.png,untracked,100960,e041f4d9276fe9194c510d8e7070b05d670dbc2169367f08e57aa31ac5956fa9,output,/home/leonelb/data/quito-metro-eval/air_quality/frozen_2026-05-29/output/satellite/v4_city_level/output/SO2/donut/graphs/EventStudy_SDID_N200.png,file in an output folder
/mnt/c/Users/LEONELB/OneDrive - Inter-American Development Bank Group/quito-metro-airquality-2026,air_quality,output/satellite/v4_city_level/output/SO2/donut/graphs/EventStudy_SDID_N50.png,untracked,105213,9fc6a857b96070a72795bdb005c496d9cb4b6394651aabc902426f68ec86a009,output,/home/leonelb/data/quito-metro-eval/air_quality/frozen_2026-05-29/output/satellite/v4_city_level/output/SO2/donut/graphs/EventStudy_SDID_N50.png,file in an output folder
/mnt/c/Users/LEONELB/OneDrive - Inter-American Development Bank Group/quito-metro-airquality-2026,air_quality,output/satellite/v4_city_level/output/SO2/donut/graphs/EventStudy_SDID_Nall.png,untracked,98809,5e5379c341ef3dfe497545903e66a34a01003981e5e3f7fe9bd27aa1e28d4bb1,output,/home/leonelb/data/quito-metro-eval/air_quality/frozen_2026-05-29/output/satellite/v4_city_level/output/SO2/donut/graphs/EventStudy_SDID_Nall.png,file in an output folder
/mnt/c/Users/LEONELB/OneDrive - Inter-American Development Bank Group/quito-metro-airquality-2026,air_quality,output/satellite/v4_city_level/output/SO2/donut/graphs/Trajectory_AugSynth_FE_N100.png,untracked,138558,b38512fc2d0b60e6aa88832d83cbb3415306bc8b95068b00dd0d5989ff57c27d,output,/home/leonelb/data/quito-metro-eval/air_quality/frozen_2026-05-29/output/satellite/v4_city_level/output/SO2/donut/graphs/Trajectory_AugSynth_FE_N100.png,file in an output folder
/mnt/c/Users/LEONELB/OneDrive - Inter-American Development Bank Group/quito-metro-airquality-2026,air_quality,output/satellite/v4_city_level/output/SO2/donut/graphs/Trajectory_AugSynth_FE_N150.png,untracked,136089,ebc9a74db30298db21162a1a5d054f0afa96df4ef6488cff68d9f01d934f6076,output,/home/leonelb/data/quito-metro-eval/air_quality/frozen_2026-05-29/output/satellite/v4_city_level/output/SO2/donut/graphs/Trajectory_AugSynth_FE_N150.png,file in an output folder
/mnt/c/Users/LEONELB/OneDrive - Inter-American Development Bank Group/quito-metro-airquality-2026,air_quality,output/satellite/v4_city_level/output/SO2/donut/graphs/Trajectory_AugSynth_FE_N200.png,untracked,134778,2bd902628b6bc32fb546e40376dd16b1fbd4b735cdcc8dd35d8f55906f2f3b6b,output,/home/leonelb/data/quito-metro-eval/air_quality/frozen_2026-05-29/output/satellite/v4_city_level/output/SO2/donut/graphs/Trajectory_AugSynth_FE_N200.png,file in an output folder
/mnt/c/Users/LEONELB/OneDrive - Inter-American Development Bank Group/quito-metro-airquality-2026,air_quality,output/satellite/v4_city_level/output/SO2/donut/graphs/Trajectory_AugSynth_FE_N50.png,untracked,139789,b838bdac8ae9a46ebeeda26d2c1e8bc7ee4785a077028c7f03dcf9febb6da17e,output,/home/leonelb/data/quito-metro-eval/air_quality/frozen_2026-05-29/output/satellite/v4_city_level/output/SO2/donut/graphs/Trajectory_AugSynth_FE_N50.png,file in an output folder
/mnt/c/Users/LEONELB/OneDrive - Inter-American Development Bank Group/quito-metro-airquality-2026,air_quality,output/satellite/v4_city_level/output/SO2/donut/graphs/Trajectory_AugSynth_FE_Nall.png,untracked,134188,fb47308d1dc7f57eb6946950679cb8e32a8bf67047f2bb0f404d4008d2807d70,output,/home/leonelb/data/quito-metro-eval/air_quality/frozen_2026-05-29/output/satellite/v4_city_level/output/SO2/donut/graphs/Trajectory_AugSynth_FE_Nall.png,file in an output folder
/mnt/c/Users/LEONELB/OneDrive - Inter-American Development Bank Group/quito-metro-airquality-2026,air_quality,output/satellite/v4_city_level/output/SO2/donut/graphs/Trajectory_AugSynth_noFE_N100.png,untracked,142867,b865e72a786aba783c288f77b0ebece0575cb4c8779048280731af6e3b83cfff,output,/home/leonelb/data/quito-metro-eval/air_quality/frozen_2026-05-29/output/satellite/v4_city_level/output/SO2/donut/graphs/Trajectory_AugSynth_noFE_N100.png,file in an output folder
/mnt/c/Users/LEONELB/OneDrive - Inter-American Development Bank Group/quito-metro-airquality-2026,air_quality,output/satellite/v4_city_level/output/SO2/donut/graphs/Trajectory_AugSynth_noFE_N150.png,untracked,142998,c252602af2f394c5bdbae2713fa73bd2ca11a179d0819508fbb728aab06f334d,output,/home/leonelb/data/quito-metro-eval/air_quality/frozen_2026-05-29/output/satellite/v4_city_level/output/SO2/donut/graphs/Trajectory_AugSynth_noFE_N150.png,file in an output folder
/mnt/c/Users/LEONELB/OneDrive - Inter-American Development Bank Group/quito-metro-airquality-2026,air_quality,output/satellite/v4_city_level/output/SO2/donut/graphs/Trajectory_AugSynth_noFE_N200.png,untracked,141187,0668d7d06086942f202b63795579c7e350f3038de3dc90eba1593ddcc17f71d9,output,/home/leonelb/data/quito-metro-eval/air_quality/frozen_2026-05-29/output/satellite/v4_city_level/output/SO2/donut/graphs/Trajectory_AugSynth_noFE_N200.png,file in an output folder
/mnt/c/Users/LEONELB/OneDrive - Inter-American Development Bank Group/quito-metro-airquality-2026,air_quality,output/satellite/v4_city_level/output/SO2/donut/graphs/Trajectory_AugSynth_noFE_N50.png,untracked,138988,174915be0f8d33a0cd57993b998f2313f30241374538881ec7605752ad654339,output,/home/leonelb/data/quito-metro-eval/air_quality/frozen_2026-05-29/output/satellite/v4_city_level/output/SO2/donut/graphs/Trajectory_AugSynth_noFE_N50.png,file in an output folder
/mnt/c/Users/LEONELB/OneDrive - Inter-American Development Bank Group/quito-metro-airquality-2026,air_quality,output/satellite/v4_city_level/output/SO2/donut/graphs/Trajectory_AugSynth_noFE_Nall.png,untracked,139842,8587443ff843f13822df09d529487be6f0eda098be37c1fe1cae8a653928e1b8,output,/home/leonelb/data/quito-metro-eval/air_quality/frozen_2026-05-29/output/satellite/v4_city_level/output/SO2/donut/graphs/Trajectory_AugSynth_noFE_Nall.png,file in an output folder
/mnt/c/Users/LEONELB/OneDrive - Inter-American Development Bank Group/quito-metro-airquality-2026,air_quality,output/satellite/v4_city_level/output/SO2/donut/graphs/Trajectory_SC_N100.png,untracked,140126,11f2dc00c49c356f41dfb98f5dafe61e5ecc6199d1a4c0f8f4fc008163f1d5ec,output,/home/leonelb/data/quito-metro-eval/air_quality/frozen_2026-05-29/output/satellite/v4_city_level/output/SO2/donut/graphs/Trajectory_SC_N100.png,file in an output folder
/mnt/c/Users/LEONELB/OneDrive - Inter-American Development Bank Group/quito-metro-airquality-2026,air_quality,output/satellite/v4_city_level/output/SO2/donut/graphs/Trajectory_SC_N150.png,untracked,140290,6824c95493c871036fe4f1a7f859c5f95ebe80371a094cdd319425c0ea8be3a0,output,/home/leonelb/data/quito-metro-eval/air_quality/frozen_2026-05-29/output/satellite/v4_city_level/output/SO2/donut/graphs/Trajectory_SC_N150.png,file in an output folder
/mnt/c/Users/LEONELB/OneDrive - Inter-American Development Bank Group/quito-metro-airquality-2026,air_quality,output/satellite/v4_city_level/output/SO2/donut/graphs/Trajectory_SC_N200.png,untracked,140111,e894523bf55d4b7d64fa354e2e81535249f90326eab9bede50f29eaf49dbb45e,output,/home/leonelb/data/quito-metro-eval/air_quality/frozen_2026-05-29/output/satellite/v4_city_level/output/SO2/donut/graphs/Trajectory_SC_N200.png,file in an output folder
/mnt/c/Users/LEONELB/OneDrive - Inter-American Development Bank Group/quito-metro-airquality-2026,air_quality,output/satellite/v4_city_level/output/SO2/donut/graphs/Trajectory_SC_N50.png,untracked,133333,e8e729a44d6720725b0366ae41289680c49a1d4f8a92c32d30e04e499ce187b0,output,/home/leonelb/data/quito-metro-eval/air_quality/frozen_2026-05-29/output/satellite/v4_city_level/output/SO2/donut/graphs/Trajectory_SC_N50.png,file in an output folder
/mnt/c/Users/LEONELB/OneDrive - Inter-American Development Bank Group/quito-metro-airquality-2026,air_quality,output/satellite/v4_city_level/output/SO2/donut/graphs/Trajectory_SC_Nall.png,untracked,136700,229ad238222beb989a6a8a1b1dd4fa8583f05ac81deeb8efd4100ddcb2df4db6,output,/home/leonelb/data/quito-metro-eval/air_quality/frozen_2026-05-29/output/satellite/v4_city_level/output/SO2/donut/graphs/Trajectory_SC_Nall.png,file in an output folder
/mnt/c/Users/LEONELB/OneDrive - Inter-American Development Bank Group/quito-metro-airquality-2026,air_quality,output/satellite/v4_city_level/output/SO2/donut/graphs/Trajectory_SDID_N100.png,untracked,126458,93ce7ab173d33c21629c1595d8dbb22be43987cffda02785e0a25225f42870bc,output,/home/leonelb/data/quito-metro-eval/air_quality/frozen_2026-05-29/output/satellite/v4_city_level/output/SO2/donut/graphs/Trajectory_SDID_N100.png,file in an output folder
/mnt/c/Users/LEONELB/OneDrive - Inter-American Development Bank Group/quito-metro-airquality-2026,air_quality,output/satellite/v4_city_level/output/SO2/donut/graphs/Trajectory_SDID_N150.png,untracked,127732,02d9b537ac820c4dbf4005848a1fef34b25bd49a8fa3132125844cad1dc05dcd,output,/home/leonelb/data/quito-metro-eval/air_quality/frozen_2026-05-29/output/satellite/v4_city_level/output/SO2/donut/graphs/Trajectory_SDID_N150.png,file in an output folder
/mnt/c/Users/LEONELB/OneDrive - Inter-American Development Bank Group/quito-metro-airquality-2026,air_quality,output/satellite/v4_city_level/output/SO2/donut/graphs/Trajectory_SDID_N200.png,untracked,127983,20bc9ae8e8a21a3677cb090e717ba95555bb1bd5ccc09cb6af84eec038c4b0ff,output,/home/leonelb/data/quito-metro-eval/air_quality/frozen_2026-05-29/output/satellite/v4_city_level/output/SO2/donut/graphs/Trajectory_SDID_N200.png,file in an output folder
/mnt/c/Users/LEONELB/OneDrive - Inter-American Development Bank Group/quito-metro-airquality-2026,air_quality,output/satellite/v4_city_level/output/SO2/donut/graphs/Trajectory_SDID_N50.png,untracked,126238,96730d6575767629c8a5a893583f0ad6adbc5958a8360084de0b0c547c182526,output,/home/leonelb/data/quito-metro-eval/air_quality/frozen_2026-05-29/output/satellite/v4_city_level/output/SO2/donut/graphs/Trajectory_SDID_N50.png,file in an output folder
/mnt/c/Users/LEONELB/OneDrive - Inter-American Development Bank Group/quito-metro-airquality-2026,air_quality,output/satellite/v4_city_level/output/SO2/donut/graphs/Trajectory_SDID_Nall.png,untracked,128004,7693668f35a9ad6153c5573cbcf60ddc9ffcc6e9d6b294c438114927f76f2006,output,/home/leonelb/data/quito-metro-eval/air_quality/frozen_2026-05-29/output/satellite/v4_city_level/output/SO2/donut/graphs/Trajectory_SDID_Nall.png,file in an output folder
/mnt/c/Users/LEONELB/OneDrive - Inter-American Development Bank Group/quito-metro-airquality-2026,air_quality,output/satellite/v4_city_level/output/SO2/donut/tables/GrandSummary.csv,untracked,4896,8944c66737be3baed694088f76b236524316eff4df3a445dfd87f4d02a4f1b2f,output,/home/leonelb/data/quito-metro-eval/air_quality/frozen_2026-05-29/output/satellite/v4_city_level/output/SO2/donut/tables/GrandSummary.csv,file in an output folder
/mnt/c/Users/LEONELB/OneDrive - Inter-American Development Bank Group/quito-metro-airquality-2026,air_quality,output/satellite/v4_city_level/output/SO2/donut/tables/PreTreatmentFit_N100.csv,untracked,444,6f2a836b2e3af984fa0d51ad872c31452380b99a8257e64574413a6f9ff70720,output,/home/leonelb/data/quito-metro-eval/air_quality/frozen_2026-05-29/output/satellite/v4_city_level/output/SO2/donut/tables/PreTreatmentFit_N100.csv,file in an output folder
/mnt/c/Users/LEONELB/OneDrive - Inter-American Development Bank Group/quito-metro-airquality-2026,air_quality,output/satellite/v4_city_level/output/SO2/donut/tables/PreTreatmentFit_N150.csv,untracked,444,d7e405e9f14a2c53045892371560d1952ccff59dffd724008c4a47b756559e4e,output,/home/leonelb/data/quito-metro-eval/air_quality/frozen_2026-05-29/output/satellite/v4_city_level/output/SO2/donut/tables/PreTreatmentFit_N150.csv,file in an output folder
/mnt/c/Users/LEONELB/OneDrive - Inter-American Development Bank Group/quito-metro-airquality-2026,air_quality,output/satellite/v4_city_level/output/SO2/donut/tables/PreTreatmentFit_N200.csv,untracked,446,f2f919087cffda1bf500b0b728c64ca91f7c48215a8d2ca8d4f33108f7e903a3,output,/home/leonelb/data/quito-metro-eval/air_quality/frozen_2026-05-29/output/satellite/v4_city_level/output/SO2/donut/tables/PreTreatmentFit_N200.csv,file in an output folder
/mnt/c/Users/LEONELB/OneDrive - Inter-American Development Bank Group/quito-metro-airquality-2026,air_quality,output/satellite/v4_city_level/output/SO2/donut/tables/PreTreatmentFit_N50.csv,untracked,441,9129a39d7671a2fab9d469e51cd30915ad4290bcee2f39fa750501d80608f7fe,output,/home/leonelb/data/quito-metro-eval/air_quality/frozen_2026-05-29/output/satellite/v4_city_level/output/SO2/donut/tables/PreTreatmentFit_N50.csv,file in an output folder
/mnt/c/Users/LEONELB/OneDrive - Inter-American Development Bank Group/quito-metro-airquality-2026,air_quality,output/satellite/v4_city_level/output/SO2/donut/tables/PreTreatmentFit_Nall.csv,untracked,445,ca1b0384cd110546b5d26d76944c91db4ab8908d78006341419053fd0b7d36ad,output,/home/leonelb/data/quito-metro-eval/air_quality/frozen_2026-05-29/output/satellite/v4_city_level/output/SO2/donut/tables/PreTreatmentFit_Nall.csv,file in an output folder
/mnt/c/Users/LEONELB/OneDrive - Inter-American Development Bank Group/quito-metro-airquality-2026,air_quality,output/satellite/v4_city_level/output/SO2/donut/tables/ResidualizationDiagnostics.csv,untracked,164,28770171b9fd76049a54488d4b1c33ffecb16d19060743a9530e23c3b5981f0e,output,/home/leonelb/data/quito-metro-eval/air_quality/frozen_2026-05-29/output/satellite/v4_city_level/output/SO2/donut/tables/ResidualizationDiagnostics.csv,file in an output folder
/mnt/c/Users/LEONELB/OneDrive - Inter-American Development Bank Group/quito-metro-airquality-2026,air_quality,output/satellite/v4_city_level/output/SO2/donut/tables/Summary_N100.csv,untracked,1064,51b08bab9020024c4a80e3460e0af6433ec521539e275294cac6438a1d9d0f3e,output,/home/leonelb/data/quito-metro-eval/air_quality/frozen_2026-05-29/output/satellite/v4_city_level/output/SO2/donut/tables/Summary_N100.csv,file in an output folder
/mnt/c/Users/LEONELB/OneDrive - Inter-American Development Bank Group/quito-metro-airquality-2026,air_quality,output/satellite/v4_city_level/output/SO2/donut/tables/Summary_N150.csv,untracked,1069,15fda4c0d7d4f3238d3ad6e266f1557c939098655050ef7e64f85e985864f5f7,output,/home/leonelb/data/quito-metro-eval/air_quality/frozen_2026-05-29/output/satellite/v4_city_level/output/SO2/donut/tables/Summary_N150.csv,file in an output folder
/mnt/c/Users/LEONELB/OneDrive - Inter-American Development Bank Group/quito-metro-airquality-2026,air_quality,output/satellite/v4_city_level/output/SO2/donut/tables/Summary_N200.csv,untracked,1062,fb90fddae2c3261ec8d10d3be07166b48c53d16821b38f0726202769433ba815,output,/home/leonelb/data/quito-metro-eval/air_quality/frozen_2026-05-29/output/satellite/v4_city_level/output/SO2/donut/tables/Summary_N200.csv,file in an output folder
/mnt/c/Users/LEONELB/OneDrive - Inter-American Development Bank Group/quito-metro-airquality-2026,air_quality,output/satellite/v4_city_level/output/SO2/donut/tables/Summary_N50.csv,untracked,1060,84bd8e0c43edc0602316be71104c8d29e2f96d54538692c6517bc79012ce0131,output,/home/leonelb/data/quito-metro-eval/air_quality/frozen_2026-05-29/output/satellite/v4_city_level/output/SO2/donut/tables/Summary_N50.csv,file in an output folder
/mnt/c/Users/LEONELB/OneDrive - Inter-American Development Bank Group/quito-metro-airquality-2026,air_quality,output/satellite/v4_city_level/output/SO2/donut/tables/Summary_Nall.csv,untracked,1040,99f1c7e84526b0dd3479634095bf9e76d64e4d9626b206e0a5bb3b40543c123e,output,/home/leonelb/data/quito-metro-eval/air_quality/frozen_2026-05-29/output/satellite/v4_city_level/output/SO2/donut/tables/Summary_Nall.csv,file in an output folder
/mnt/c/Users/LEONELB/OneDrive - Inter-American Development Bank Group/quito-metro-airquality-2026,air_quality,output/satellite/v4_city_level/output/SO2/donut/tables/Trajectories_N100.csv,untracked,17101,c8b7047a5f9cabe8e0641a642a3cf83ecc5ca38510cf87870c38f42ed02106c6,output,/home/leonelb/data/quito-metro-eval/air_quality/frozen_2026-05-29/output/satellite/v4_city_level/output/SO2/donut/tables/Trajectories_N100.csv,file in an output folder
/mnt/c/Users/LEONELB/OneDrive - Inter-American Development Bank Group/quito-metro-airquality-2026,air_quality,output/satellite/v4_city_level/output/SO2/donut/tables/Trajectories_N150.csv,untracked,17120,ecac99eb17544bf671426b6665c213864b2180055a6b7a2ed781715d723a9dc0,output,/home/leonelb/data/quito-metro-eval/air_quality/frozen_2026-05-29/output/satellite/v4_city_level/output/SO2/donut/tables/Trajectories_N150.csv,file in an output folder
/mnt/c/Users/LEONELB/OneDrive - Inter-American Development Bank Group/quito-metro-airquality-2026,air_quality,output/satellite/v4_city_level/output/SO2/donut/tables/Trajectories_N200.csv,untracked,17124,63e3bf88a7a91ee89f057461f31b675c9f95c195fe2c5c29fb25dc15887d2d78,output,/home/leonelb/data/quito-metro-eval/air_quality/frozen_2026-05-29/output/satellite/v4_city_level/output/SO2/donut/tables/Trajectories_N200.csv,file in an output folder
/mnt/c/Users/LEONELB/OneDrive - Inter-American Development Bank Group/quito-metro-airquality-2026,air_quality,output/satellite/v4_city_level/output/SO2/donut/tables/Trajectories_N50.csv,untracked,17099,5c54ed7a141758ca8df6c18b3c1f839430186469e42ad92296fa9e37cdaa7db2,output,/home/leonelb/data/quito-metro-eval/air_quality/frozen_2026-05-29/output/satellite/v4_city_level/output/SO2/donut/tables/Trajectories_N50.csv,file in an output folder
/mnt/c/Users/LEONELB/OneDrive - Inter-American Development Bank Group/quito-metro-airquality-2026,air_quality,output/satellite/v4_city_level/output/SO2/donut/tables/Trajectories_Nall.csv,untracked,17100,b38132c25b0e6df643808bf4df7087c4e1886fcfc4bf60d3cbea19eb9bb47659,output,/home/leonelb/data/quito-metro-eval/air_quality/frozen_2026-05-29/output/satellite/v4_city_level/output/SO2/donut/tables/Trajectories_Nall.csv,file in an output folder
/mnt/c/Users/LEONELB/OneDrive - Inter-American Development Bank Group/quito-metro-airquality-2026,air_quality,output/satellite/v4_city_level/output/SO2/donut/tables/Weights_N100.csv,untracked,11889,ea9871ead4d91463ecd4552415c7d38cb981cb2aefe669019012fb16bc634b75,output,/home/leonelb/data/quito-metro-eval/air_quality/frozen_2026-05-29/output/satellite/v4_city_level/output/SO2/donut/tables/Weights_N100.csv,file in an output folder
/mnt/c/Users/LEONELB/OneDrive - Inter-American Development Bank Group/quito-metro-airquality-2026,air_quality,output/satellite/v4_city_level/output/SO2/donut/tables/Weights_N150.csv,untracked,17560,f46ab56d9a3b4741d68c0127dfea8dff44aef7fac07f1556be44816928931d6e,output,/home/leonelb/data/quito-metro-eval/air_quality/frozen_2026-05-29/output/satellite/v4_city_level/output/SO2/donut/tables/Weights_N150.csv,file in an output folder
/mnt/c/Users/LEONELB/OneDrive - Inter-American Development Bank Group/quito-metro-airquality-2026,air_quality,output/satellite/v4_city_level/output/SO2/donut/tables/Weights_N200.csv,untracked,22922,202a10b1ce61fd24cb4c0a53f742e5841847c166d71113661c78f0350fc8d195,output,/home/leonelb/data/quito-metro-eval/air_quality/frozen_2026-05-29/output/satellite/v4_city_level/output/SO2/donut/tables/Weights_N200.csv,file in an output folder
/mnt/c/Users/LEONELB/OneDrive - Inter-American Development Bank Group/quito-metro-airquality-2026,air_quality,output/satellite/v4_city_level/output/SO2/donut/tables/Weights_N50.csv,untracked,6019,f36494320f58a61714b172b9a73fffd7b3c3f09f55ba27789dd1b94c8c682ddd,output,/home/leonelb/data/quito-metro-eval/air_quality/frozen_2026-05-29/output/satellite/v4_city_level/output/SO2/donut/tables/Weights_N50.csv,file in an output folder
/mnt/c/Users/LEONELB/OneDrive - Inter-American Development Bank Group/quito-metro-airquality-2026,air_quality,output/satellite/v4_city_level/output/SO2/donut/tables/Weights_Nall.csv,untracked,91404,2464e70270932527c33f91a80ed921e0110c58870de02a63f280270b5b135696,output,/home/leonelb/data/quito-metro-eval/air_quality/frozen_2026-05-29/output/satellite/v4_city_level/output/SO2/donut/tables/Weights_Nall.csv,file in an output folder
/mnt/c/Users/LEONELB/OneDrive - Inter-American Development Bank Group/quito-metro-airquality-2026,air_quality,output/satellite/v4_city_level/output/SO2/full/graphs/EventStudy_AugSynth_FE_N100.png,untracked,91235,04fd6963acbddf116cc1b4e7c362b5d1a8af7dcf27b8ead2c78ee0b3fff32739,output,/home/leonelb/data/quito-metro-eval/air_quality/frozen_2026-05-29/output/satellite/v4_city_level/output/SO2/full/graphs/EventStudy_AugSynth_FE_N100.png,file in an output folder
/mnt/c/Users/LEONELB/OneDrive - Inter-American Development Bank Group/quito-metro-airquality-2026,air_quality,output/satellite/v4_city_level/output/SO2/full/graphs/EventStudy_AugSynth_FE_N150.png,untracked,91122,5eeb8c06043ce1740a25eb0b375bdd08b5f86794f5e5655539ea22b5f69db947,output,/home/leonelb/data/quito-metro-eval/air_quality/frozen_2026-05-29/output/satellite/v4_city_level/output/SO2/full/graphs/EventStudy_AugSynth_FE_N150.png,file in an output folder
/mnt/c/Users/LEONELB/OneDrive - Inter-American Development Bank Group/quito-metro-airquality-2026,air_quality,output/satellite/v4_city_level/output/SO2/full/graphs/EventStudy_AugSynth_FE_N200.png,untracked,89022,9106d9f35dd56c278dae40671c0d5574a8f5397a228a83731a157e81b65937ca,output,/home/leonelb/data/quito-metro-eval/air_quality/frozen_2026-05-29/output/satellite/v4_city_level/output/SO2/full/graphs/EventStudy_AugSynth_FE_N200.png,file in an output folder
/mnt/c/Users/LEONELB/OneDrive - Inter-American Development Bank Group/quito-metro-airquality-2026,air_quality,output/satellite/v4_city_level/output/SO2/full/graphs/EventStudy_AugSynth_FE_N50.png,untracked,104635,92fdacf3fdb869614d2bc88c5972b34d1bdef4d72131cd4807a7977675e2e05d,output,/home/leonelb/data/quito-metro-eval/air_quality/frozen_2026-05-29/output/satellite/v4_city_level/output/SO2/full/graphs/EventStudy_AugSynth_FE_N50.png,file in an output folder
/mnt/c/Users/LEONELB/OneDrive - Inter-American Development Bank Group/quito-metro-airquality-2026,air_quality,output/satellite/v4_city_level/output/SO2/full/graphs/EventStudy_AugSynth_FE_Nall.png,untracked,85292,a9511e2a160774fa694531ee7e151f63a7ec3fc69a80ef0ed0dadcd2fb9a87df,output,/home/leonelb/data/quito-metro-eval/air_quality/frozen_2026-05-29/output/satellite/v4_city_level/output/SO2/full/graphs/EventStudy_AugSynth_FE_Nall.png,file in an output folder
/mnt/c/Users/LEONELB/OneDrive - Inter-American Development Bank Group/quito-metro-airquality-2026,air_quality,output/satellite/v4_city_level/output/SO2/full/graphs/EventStudy_AugSynth_noFE_N100.png,untracked,103637,1df87717e957020ed876886dd34946f2c73f0f2d4ba2c93f83a7eeadc8a2249f,output,/home/leonelb/data/quito-metro-eval/air_quality/frozen_2026-05-29/output/satellite/v4_city_level/output/SO2/full/graphs/EventStudy_AugSynth_noFE_N100.png,file in an output folder
/mnt/c/Users/LEONELB/OneDrive - Inter-American Development Bank Group/quito-metro-airquality-2026,air_quality,output/satellite/v4_city_level/output/SO2/full/graphs/EventStudy_AugSynth_noFE_N150.png,untracked,104920,3f7d4ef2c41b8d680422133b34d7c8d929676318f455807711af09b155dcb012,output,/home/leonelb/data/quito-metro-eval/air_quality/frozen_2026-05-29/output/satellite/v4_city_level/output/SO2/full/graphs/EventStudy_AugSynth_noFE_N150.png,file in an output folder
/mnt/c/Users/LEONELB/OneDrive - Inter-American Development Bank Group/quito-metro-airquality-2026,air_quality,output/satellite/v4_city_level/output/SO2/full/graphs/EventStudy_AugSynth_noFE_N200.png,untracked,97939,a2b36dd784700b31314effa2c9e1ba461775289c78ab592200feba25efe051e2,output,/home/leonelb/data/quito-metro-eval/air_quality/frozen_2026-05-29/output/satellite/v4_city_level/output/SO2/full/graphs/EventStudy_AugSynth_noFE_N200.png,file in an output folder
/mnt/c/Users/LEONELB/OneDrive - Inter-American Development Bank Group/quito-metro-airquality-2026,air_quality,output/satellite/v4_city_level/output/SO2/full/graphs/EventStudy_AugSynth_noFE_N50.png,untracked,102439,d2c6b8296007788d23a0610753fc0e8e46f7d673dc395d2c70edd9e2d3bacbc8,output,/home/leonelb/data/quito-metro-eval/air_quality/frozen_2026-05-29/output/satellite/v4_city_level/output/SO2/full/graphs/EventStudy_AugSynth_noFE_N50.png,file in an output folder
/mnt/c/Users/LEONELB/OneDrive - Inter-American Development Bank Group/quito-metro-airquality-2026,air_quality,output/satellite/v4_city_level/output/SO2/full/graphs/EventStudy_AugSynth_noFE_Nall.png,untracked,95943,7020ea66476f82c4532081d2e2fd90234cb5fa84c2d67ad26ce562d3a5ee0112,output,/home/leonelb/data/quito-metro-eval/air_quality/frozen_2026-05-29/output/satellite/v4_city_level/output/SO2/full/graphs/EventStudy_AugSynth_noFE_Nall.png,file in an output folder
/mnt/c/Users/LEONELB/OneDrive - Inter-American Development Bank Group/quito-metro-airquality-2026,air_quality,output/satellite/v4_city_level/output/SO2/full/graphs/EventStudy_SC_N100.png,untracked,94296,7ec19c269dd53a9887367183a094cdf79079c940b9d795480bb049831046833f,output,/home/leonelb/data/quito-metro-eval/air_quality/frozen_2026-05-29/output/satellite/v4_city_level/output/SO2/full/graphs/EventStudy_SC_N100.png,file in an output folder
/mnt/c/Users/LEONELB/OneDrive - Inter-American Development Bank Group/quito-metro-airquality-2026,air_quality,output/satellite/v4_city_level/output/SO2/full/graphs/EventStudy_SC_N150.png,untracked,93490,9fc473068758caa081978f857135d1c034dc4ed9fdd18d60ea2b9984a2430400,output,/home/leonelb/data/quito-metro-eval/air_quality/frozen_2026-05-29/output/satellite/v4_city_level/output/SO2/full/graphs/EventStudy_SC_N150.png,file in an output folder
/mnt/c/Users/LEONELB/OneDrive - Inter-American Development Bank Group/quito-metro-airquality-2026,air_quality,output/satellite/v4_city_level/output/SO2/full/graphs/EventStudy_SC_N200.png,untracked,99635,3bf54a9053b970908edccc1e5a0911f1b3a97014cd058ffb9204dd6c275d43ab,output,/home/leonelb/data/quito-metro-eval/air_quality/frozen_2026-05-29/output/satellite/v4_city_level/output/SO2/full/graphs/EventStudy_SC_N200.png,file in an output folder
/mnt/c/Users/LEONELB/OneDrive - Inter-American Development Bank Group/quito-metro-airquality-2026,air_quality,output/satellite/v4_city_level/output/SO2/full/graphs/EventStudy_SC_N50.png,untracked,103118,e2b13102dead6a069f67d55ed8040cd84d484c4b449c2d36bb1032b743e4537b,output,/home/leonelb/data/quito-metro-eval/air_quality/frozen_2026-05-29/output/satellite/v4_city_level/output/SO2/full/graphs/EventStudy_SC_N50.png,file in an output folder
/mnt/c/Users/LEONELB/OneDrive - Inter-American Development Bank Group/quito-metro-airquality-2026,air_quality,output/satellite/v4_city_level/output/SO2/full/graphs/EventStudy_SC_Nall.png,untracked,97682,40a930640a56eb8f083d30b95ffa7829885dd3b90b0d8735de560e71ca7fa616,output,/home/leonelb/data/quito-metro-eval/air_quality/frozen_2026-05-29/output/satellite/v4_city_level/output/SO2/full/graphs/EventStudy_SC_Nall.png,file in an output folder
/mnt/c/Users/LEONELB/OneDrive - Inter-American Development Bank Group/quito-metro-airquality-2026,air_quality,output/satellite/v4_city_level/output/SO2/full/graphs/EventStudy_SDID_N100.png,untracked,97415,a2e548ee6b0ea9f1011d0352b4b5374653cbc980e34670f812e7aedee3af8dbe,output,/home/leonelb/data/quito-metro-eval/air_quality/frozen_2026-05-29/output/satellite/v4_city_level/output/SO2/full/graphs/EventStudy_SDID_N100.png,file in an output folder
/mnt/c/Users/LEONELB/OneDrive - Inter-American Development Bank Group/quito-metro-airquality-2026,air_quality,output/satellite/v4_city_level/output/SO2/full/graphs/EventStudy_SDID_N150.png,untracked,97218,f5811558549c29915b7b46609a009de5cf9bb359d2642b591bdfea2f1fcba8fd,output,/home/leonelb/data/quito-metro-eval/air_quality/frozen_2026-05-29/output/satellite/v4_city_level/output/SO2/full/graphs/EventStudy_SDID_N150.png,file in an output folder
/mnt/c/Users/LEONELB/OneDrive - Inter-American Development Bank Group/quito-metro-airquality-2026,air_quality,output/satellite/v4_city_level/output/SO2/full/graphs/EventStudy_SDID_N200.png,untracked,100784,d6cddba5f1c44c97bf3f2253af53c26a2c3452e65f02775ad7c556800d5effd2,output,/home/leonelb/data/quito-metro-eval/air_quality/frozen_2026-05-29/output/satellite/v4_city_level/output/SO2/full/graphs/EventStudy_SDID_N200.png,file in an output folder
/mnt/c/Users/LEONELB/OneDrive - Inter-American Development Bank Group/quito-metro-airquality-2026,air_quality,output/satellite/v4_city_level/output/SO2/full/graphs/EventStudy_SDID_N50.png,untracked,96101,18944fdaf8a8c72d2b2b92db3d2958c60dbac49a8457d5627131644b4e8bf7dd,output,/home/leonelb/data/quito-metro-eval/air_quality/frozen_2026-05-29/output/satellite/v4_city_level/output/SO2/full/graphs/EventStudy_SDID_N50.png,file in an output folder
/mnt/c/Users/LEONELB/OneDrive - Inter-American Development Bank Group/quito-metro-airquality-2026,air_quality,output/satellite/v4_city_level/output/SO2/full/graphs/EventStudy_SDID_Nall.png,untracked,97932,7ca7c6a0e0cbeb238e36fbf6ab927ae945d17b31f52d21797e8e2757e4e06975,output,/home/leonelb/data/quito-metro-eval/air_quality/frozen_2026-05-29/output/satellite/v4_city_level/output/SO2/full/graphs/EventStudy_SDID_Nall.png,file in an output folder
/mnt/c/Users/LEONELB/OneDrive - Inter-American Development Bank Group/quito-metro-airquality-2026,air_quality,output/satellite/v4_city_level/output/SO2/full/graphs/Trajectory_AugSynth_FE_N100.png,untracked,138984,540d33a7feb6d8a423ff7abe5d6a09a492da3157bbb613a0cbb541371e3d0f6e,output,/home/leonelb/data/quito-metro-eval/air_quality/frozen_2026-05-29/output/satellite/v4_city_level/output/SO2/full/graphs/Trajectory_AugSynth_FE_N100.png,file in an output folder
/mnt/c/Users/LEONELB/OneDrive - Inter-American Development Bank Group/quito-metro-airquality-2026,air_quality,output/satellite/v4_city_level/output/SO2/full/graphs/Trajectory_AugSynth_FE_N150.png,untracked,137586,71037c30c1c1e2d2bb87d22258db766724c29b096aef3feaeedc85447635f088,output,/home/leonelb/data/quito-metro-eval/air_quality/frozen_2026-05-29/output/satellite/v4_city_level/output/SO2/full/graphs/Trajectory_AugSynth_FE_N150.png,file in an output folder
/mnt/c/Users/LEONELB/OneDrive - Inter-American Development Bank Group/quito-metro-airquality-2026,air_quality,output/satellite/v4_city_level/output/SO2/full/graphs/Trajectory_AugSynth_FE_N200.png,untracked,135556,ca8879e30c3ae894a5877c53fc78e7dd16dd9e79345b66b6a0cc2f00d794517b,output,/home/leonelb/data/quito-metro-eval/air_quality/frozen_2026-05-29/output/satellite/v4_city_level/output/SO2/full/graphs/Trajectory_AugSynth_FE_N200.png,file in an output folder
/mnt/c/Users/LEONELB/OneDrive - Inter-American Development Bank Group/quito-metro-airquality-2026,air_quality,output/satellite/v4_city_level/output/SO2/full/graphs/Trajectory_AugSynth_FE_N50.png,untracked,136924,ac1feee9b5519914b5379ac5549d04b1e9c5512b08eb041000329022e401a6d4,output,/home/leonelb/data/quito-metro-eval/air_quality/frozen_2026-05-29/output/satellite/v4_city_level/output/SO2/full/graphs/Trajectory_AugSynth_FE_N50.png,file in an output folder
/mnt/c/Users/LEONELB/OneDrive - Inter-American Development Bank Group/quito-metro-airquality-2026,air_quality,output/satellite/v4_city_level/output/SO2/full/graphs/Trajectory_AugSynth_FE_Nall.png,untracked,134360,044627400609ecccef29df58310cd69266a69761b51b3d9e01bec43037df7d22,output,/home/leonelb/data/quito-metro-eval/air_quality/frozen_2026-05-29/output/satellite/v4_city_level/output/SO2/full/graphs/Trajectory_AugSynth_FE_Nall.png,file in an output folder
/mnt/c/Users/LEONELB/OneDrive - Inter-American Development Bank Group/quito-metro-airquality-2026,air_quality,output/satellite/v4_city_level/output/SO2/full/graphs/Trajectory_AugSynth_noFE_N100.png,untracked,141517,fbdba9522423b3a01cab04c34fa2d86c26d40fd855c68cee3e8301b07e0ab71d,output,/home/leonelb/data/quito-metro-eval/air_quality/frozen_2026-05-29/output/satellite/v4_city_level/output/SO2/full/graphs/Trajectory_AugSynth_noFE_N100.png,file in an output folder
/mnt/c/Users/LEONELB/OneDrive - Inter-American Development Bank Group/quito-metro-airquality-2026,air_quality,output/satellite/v4_city_level/output/SO2/full/graphs/Trajectory_AugSynth_noFE_N150.png,untracked,140341,c13158763bb50820f149c5c774d545581e8534cddfbaeae2ab9e07acc03a0b0b,output,/home/leonelb/data/quito-metro-eval/air_quality/frozen_2026-05-29/output/satellite/v4_city_level/output/SO2/full/graphs/Trajectory_AugSynth_noFE_N150.png,file in an output folder
/mnt/c/Users/LEONELB/OneDrive - Inter-American Development Bank Group/quito-metro-airquality-2026,air_quality,output/satellite/v4_city_level/output/SO2/full/graphs/Trajectory_AugSynth_noFE_N200.png,untracked,139230,3c9a7cb2b3e64bf78bc3b1df9411935cc1d826c0f8ebd6ff11f1f7fe86c2fc7c,output,/home/leonelb/data/quito-metro-eval/air_quality/frozen_2026-05-29/output/satellite/v4_city_level/output/SO2/full/graphs/Trajectory_AugSynth_noFE_N200.png,file in an output folder
/mnt/c/Users/LEONELB/OneDrive - Inter-American Development Bank Group/quito-metro-airquality-2026,air_quality,output/satellite/v4_city_level/output/SO2/full/graphs/Trajectory_AugSynth_noFE_N50.png,untracked,137585,9e3eff4625efe73563f851a4286c1436fd83cadd984bb7be2a5ae3a0c7cb08a4,output,/home/leonelb/data/quito-metro-eval/air_quality/frozen_2026-05-29/output/satellite/v4_city_level/output/SO2/full/graphs/Trajectory_AugSynth_noFE_N50.png,file in an output folder
/mnt/c/Users/LEONELB/OneDrive - Inter-American Development Bank Group/quito-metro-airquality-2026,air_quality,output/satellite/v4_city_level/output/SO2/full/graphs/Trajectory_AugSynth_noFE_Nall.png,untracked,137764,2ae4d568a5a82b3dd49068336eb1f0aa532c0046cc10bc5dbb40e38bd9142a9b,output,/home/leonelb/data/quito-metro-eval/air_quality/frozen_2026-05-29/output/satellite/v4_city_level/output/SO2/full/graphs/Trajectory_AugSynth_noFE_Nall.png,file in an output folder
/mnt/c/Users/LEONELB/OneDrive - Inter-American Development Bank Group/quito-metro-airquality-2026,air_quality,output/satellite/v4_city_level/output/SO2/full/graphs/Trajectory_SC_N100.png,untracked,139479,943229601beaee5ebfb777354e53e9cd8195042f054dc7c2de2a2ba7585ecce1,output,/home/leonelb/data/quito-metro-eval/air_quality/frozen_2026-05-29/output/satellite/v4_city_level/output/SO2/full/graphs/Trajectory_SC_N100.png,file in an output folder
/mnt/c/Users/LEONELB/OneDrive - Inter-American Development Bank Group/quito-metro-airquality-2026,air_quality,output/satellite/v4_city_level/output/SO2/full/graphs/Trajectory_SC_N150.png,untracked,139721,5553bf660c019e4e8d21f1ccb38e74a8f7a65a91d9a73731d5c0cfe924927b4e,output,/home/leonelb/data/quito-metro-eval/air_quality/frozen_2026-05-29/output/satellite/v4_city_level/output/SO2/full/graphs/Trajectory_SC_N150.png,file in an output folder
/mnt/c/Users/LEONELB/OneDrive - Inter-American Development Bank Group/quito-metro-airquality-2026,air_quality,output/satellite/v4_city_level/output/SO2/full/graphs/Trajectory_SC_N200.png,untracked,138588,73c5f0bbc64815ca898aba42378b5141376ab55986093d6a10b6e98e4a96f19c,output,/home/leonelb/data/quito-metro-eval/air_quality/frozen_2026-05-29/output/satellite/v4_city_level/output/SO2/full/graphs/Trajectory_SC_N200.png,file in an output folder
/mnt/c/Users/LEONELB/OneDrive - Inter-American Development Bank Group/quito-metro-airquality-2026,air_quality,output/satellite/v4_city_level/output/SO2/full/graphs/Trajectory_SC_N50.png,untracked,130248,a0a319538a8e1bd8064a60101a83526004a72393ebcb11412fa93dcad8bbb6f0,output,/home/leonelb/data/quito-metro-eval/air_quality/frozen_2026-05-29/output/satellite/v4_city_level/output/SO2/full/graphs/Trajectory_SC_N50.png,file in an output folder
/mnt/c/Users/LEONELB/OneDrive - Inter-American Development Bank Group/quito-metro-airquality-2026,air_quality,output/satellite/v4_city_level/output/SO2/full/graphs/Trajectory_SC_Nall.png,untracked,137419,7b3be4a242c3c22df983df543a975f41ef9afa3d5c564de87955d5acfcda42ed,output,/home/leonelb/data/quito-metro-eval/air_quality/frozen_2026-05-29/output/satellite/v4_city_level/output/SO2/full/graphs/Trajectory_SC_Nall.png,file in an output folder
/mnt/c/Users/LEONELB/OneDrive - Inter-American Development Bank Group/quito-metro-airquality-2026,air_quality,output/satellite/v4_city_level/output/SO2/full/graphs/Trajectory_SDID_N100.png,untracked,127547,2e96a061799153c0dcaedffbcc192d5cd71d7363753dca4f9aa9c89fe22d5119,output,/home/leonelb/data/quito-metro-eval/air_quality/frozen_2026-05-29/output/satellite/v4_city_level/output/SO2/full/graphs/Trajectory_SDID_N100.png,file in an output folder
/mnt/c/Users/LEONELB/OneDrive - Inter-American Development Bank Group/quito-metro-airquality-2026,air_quality,output/satellite/v4_city_level/output/SO2/full/graphs/Trajectory_SDID_N150.png,untracked,128231,906c9a9167d1dcc9ab0bd2ac9a1dcfe120b7c8a0b323cee3faf6cb9ea5713beb,output,/home/leonelb/data/quito-metro-eval/air_quality/frozen_2026-05-29/output/satellite/v4_city_level/output/SO2/full/graphs/Trajectory_SDID_N150.png,file in an output folder
/mnt/c/Users/LEONELB/OneDrive - Inter-American Development Bank Group/quito-metro-airquality-2026,air_quality,output/satellite/v4_city_level/output/SO2/full/graphs/Trajectory_SDID_N200.png,untracked,128870,219b6f78ece996603ed9ca79d4a2e126b66640a6c62b14a7a67e278300861eb9,output,/home/leonelb/data/quito-metro-eval/air_quality/frozen_2026-05-29/output/satellite/v4_city_level/output/SO2/full/graphs/Trajectory_SDID_N200.png,file in an output folder
/mnt/c/Users/LEONELB/OneDrive - Inter-American Development Bank Group/quito-metro-airquality-2026,air_quality,output/satellite/v4_city_level/output/SO2/full/graphs/Trajectory_SDID_N50.png,untracked,127066,5664fd1444a719ffbb677a360ee8a507bff6acc46d9a273ff0de89059505dbe0,output,/home/leonelb/data/quito-metro-eval/air_quality/frozen_2026-05-29/output/satellite/v4_city_level/output/SO2/full/graphs/Trajectory_SDID_N50.png,file in an output folder
/mnt/c/Users/LEONELB/OneDrive - Inter-American Development Bank Group/quito-metro-airquality-2026,air_quality,output/satellite/v4_city_level/output/SO2/full/graphs/Trajectory_SDID_Nall.png,untracked,128057,babcdaaef12624f9798aba0450941ddc2472be77e2a45deb567aa88a9008394a,output,/home/leonelb/data/quito-metro-eval/air_quality/frozen_2026-05-29/output/satellite/v4_city_level/output/SO2/full/graphs/Trajectory_SDID_Nall.png,file in an output folder
/mnt/c/Users/LEONELB/OneDrive - Inter-American Development Bank Group/quito-metro-airquality-2026,air_quality,output/satellite/v4_city_level/output/SO2/full/tables/GrandSummary.csv,untracked,4835,1b9e600349248a8d700e1f6f4947adfa03f07305859ac4d3f978df6b6b0a9d7e,output,/home/leonelb/data/quito-metro-eval/air_quality/frozen_2026-05-29/output/satellite/v4_city_level/output/SO2/full/tables/GrandSummary.csv,file in an output folder
/mnt/c/Users/LEONELB/OneDrive - Inter-American Development Bank Group/quito-metro-airquality-2026,air_quality,output/satellite/v4_city_level/output/SO2/full/tables/PreTreatmentFit_N100.csv,untracked,446,2a08b073876cf63dae391ad43852f267877139e1d9e65e224c61fc58b0fe8886,output,/home/leonelb/data/quito-metro-eval/air_quality/frozen_2026-05-29/output/satellite/v4_city_level/output/SO2/full/tables/PreTreatmentFit_N100.csv,file in an output folder
/mnt/c/Users/LEONELB/OneDrive - Inter-American Development Bank Group/quito-metro-airquality-2026,air_quality,output/satellite/v4_city_level/output/SO2/full/tables/PreTreatmentFit_N150.csv,untracked,443,ea2c99d3513c2e94daf1df9171e270995e510c54f103d3b566bf5595465846ec,output,/home/leonelb/data/quito-metro-eval/air_quality/frozen_2026-05-29/output/satellite/v4_city_level/output/SO2/full/tables/PreTreatmentFit_N150.csv,file in an output folder
/mnt/c/Users/LEONELB/OneDrive - Inter-American Development Bank Group/quito-metro-airquality-2026,air_quality,output/satellite/v4_city_level/output/SO2/full/tables/PreTreatmentFit_N200.csv,untracked,443,07a23c5c9aee75b15a562aba2b4cc255d42efafe3ca828b848f68baac7319eea,output,/home/leonelb/data/quito-metro-eval/air_quality/frozen_2026-05-29/output/satellite/v4_city_level/output/SO2/full/tables/PreTreatmentFit_N200.csv,file in an output folder
/mnt/c/Users/LEONELB/OneDrive - Inter-American Development Bank Group/quito-metro-airquality-2026,air_quality,output/satellite/v4_city_level/output/SO2/full/tables/PreTreatmentFit_N50.csv,untracked,441,e75debbee57bf5cc5ee022c1cf5ed2f73cf6617be96430eef930ccb7aeaed8c1,output,/home/leonelb/data/quito-metro-eval/air_quality/frozen_2026-05-29/output/satellite/v4_city_level/output/SO2/full/tables/PreTreatmentFit_N50.csv,file in an output folder
/mnt/c/Users/LEONELB/OneDrive - Inter-American Development Bank Group/quito-metro-airquality-2026,air_quality,output/satellite/v4_city_level/output/SO2/full/tables/PreTreatmentFit_Nall.csv,untracked,441,66f39f30b55f025738eb46be5864be0f9c4825f0aca24a058615cef893995d5b,output,/home/leonelb/data/quito-metro-eval/air_quality/frozen_2026-05-29/output/satellite/v4_city_level/output/SO2/full/tables/PreTreatmentFit_Nall.csv,file in an output folder
/mnt/c/Users/LEONELB/OneDrive - Inter-American Development Bank Group/quito-metro-airquality-2026,air_quality,output/satellite/v4_city_level/output/SO2/full/tables/ResidualizationDiagnostics.csv,untracked,165,3157ff378c745daf66ab9cc321e5089d80f8af57d71cf7a48ec39060f14faa16,output,/home/leonelb/data/quito-metro-eval/air_quality/frozen_2026-05-29/output/satellite/v4_city_level/output/SO2/full/tables/ResidualizationDiagnostics.csv,file in an output folder
/mnt/c/Users/LEONELB/OneDrive - Inter-American Development Bank Group/quito-metro-airquality-2026,air_quality,output/satellite/v4_city_level/output/SO2/full/tables/Summary_N100.csv,untracked,1054,75531f0dd3402e42a9f077c23c3bbe8e9e5272ff163cafb3d4cdc48959dd3445,output,/home/leonelb/data/quito-metro-eval/air_quality/frozen_2026-05-29/output/satellite/v4_city_level/output/SO2/full/tables/Summary_N100.csv,file in an output folder
/mnt/c/Users/LEONELB/OneDrive - Inter-American Development Bank Group/quito-metro-airquality-2026,air_quality,output/satellite/v4_city_level/output/SO2/full/tables/Summary_N150.csv,untracked,1052,e472447b055c5b035eea099d8f3821584f26032845914cd6f59a9734cb444fb6,output,/home/leonelb/data/quito-metro-eval/air_quality/frozen_2026-05-29/output/satellite/v4_city_level/output/SO2/full/tables/Summary_N150.csv,file in an output folder
/mnt/c/Users/LEONELB/OneDrive - Inter-American Development Bank Group/quito-metro-airquality-2026,air_quality,output/satellite/v4_city_level/output/SO2/full/tables/Summary_N200.csv,untracked,1043,0854481a684df305c4bf647777682d36ff95b90712c57cac49d01e788f1de059,output,/home/leonelb/data/quito-metro-eval/air_quality/frozen_2026-05-29/output/satellite/v4_city_level/output/SO2/full/tables/Summary_N200.csv,file in an output folder
/mnt/c/Users/LEONELB/OneDrive - Inter-American Development Bank Group/quito-metro-airquality-2026,air_quality,output/satellite/v4_city_level/output/SO2/full/tables/Summary_N50.csv,untracked,1042,15e24dc1dc026dcf5aba8793df16bd7a14b2fe12c70fb3f793c797cd294b5617,output,/home/leonelb/data/quito-metro-eval/air_quality/frozen_2026-05-29/output/satellite/v4_city_level/output/SO2/full/tables/Summary_N50.csv,file in an output folder
/mnt/c/Users/LEONELB/OneDrive - Inter-American Development Bank Group/quito-metro-airquality-2026,air_quality,output/satellite/v4_city_level/output/SO2/full/tables/Summary_Nall.csv,untracked,1043,66f71f72b5d291666085475fbc0136cafe6283399703a231eba522ea3c960a07,output,/home/leonelb/data/quito-metro-eval/air_quality/frozen_2026-05-29/output/satellite/v4_city_level/output/SO2/full/tables/Summary_Nall.csv,file in an output folder
/mnt/c/Users/LEONELB/OneDrive - Inter-American Development Bank Group/quito-metro-airquality-2026,air_quality,output/satellite/v4_city_level/output/SO2/full/tables/Trajectories_N100.csv,untracked,18450,60959bc4645ca48a8c96c86f05340c08ae1d5c829138dd76b2aa1161b592e501,output,/home/leonelb/data/quito-metro-eval/air_quality/frozen_2026-05-29/output/satellite/v4_city_level/output/SO2/full/tables/Trajectories_N100.csv,file in an output folder
/mnt/c/Users/LEONELB/OneDrive - Inter-American Development Bank Group/quito-metro-airquality-2026,air_quality,output/satellite/v4_city_level/output/SO2/full/tables/Trajectories_N150.csv,untracked,18456,a14520acb41b82a042943200e990a3b6b1fc5031592b9c72ab333ad8f4690e9c,output,/home/leonelb/data/quito-metro-eval/air_quality/frozen_2026-05-29/output/satellite/v4_city_level/output/SO2/full/tables/Trajectories_N150.csv,file in an output folder
/mnt/c/Users/LEONELB/OneDrive - Inter-American Development Bank Group/quito-metro-airquality-2026,air_quality,output/satellite/v4_city_level/output/SO2/full/tables/Trajectories_N200.csv,untracked,18446,8d0956b4864e7606dd4671a88789cf59b336520bb894f5bd37305d2ed214f016,output,/home/leonelb/data/quito-metro-eval/air_quality/frozen_2026-05-29/output/satellite/v4_city_level/output/SO2/full/tables/Trajectories_N200.csv,file in an output folder
/mnt/c/Users/LEONELB/OneDrive - Inter-American Development Bank Group/quito-metro-airquality-2026,air_quality,output/satellite/v4_city_level/output/SO2/full/tables/Trajectories_N50.csv,untracked,18443,4b4a29a7e69617b5ce0170cc6f458cc2c3927a2b31a628f34627ddb43ed78c02,output,/home/leonelb/data/quito-metro-eval/air_quality/frozen_2026-05-29/output/satellite/v4_city_level/output/SO2/full/tables/Trajectories_N50.csv,file in an output folder
/mnt/c/Users/LEONELB/OneDrive - Inter-American Development Bank Group/quito-metro-airquality-2026,air_quality,output/satellite/v4_city_level/output/SO2/full/tables/Trajectories_Nall.csv,untracked,18465,fc921ebcd2f57df5f3911b3d3b3abcfa0893fdce68bf5ebfed4eceacc2e37af9,output,/home/leonelb/data/quito-metro-eval/air_quality/frozen_2026-05-29/output/satellite/v4_city_level/output/SO2/full/tables/Trajectories_Nall.csv,file in an output folder
/mnt/c/Users/LEONELB/OneDrive - Inter-American Development Bank Group/quito-metro-airquality-2026,air_quality,output/satellite/v4_city_level/output/SO2/full/tables/Weights_N100.csv,untracked,11991,8cc018311b1f113645fcf0d381df9d787e3a8ea7388b6f84757cedf290322e2c,output,/home/leonelb/data/quito-metro-eval/air_quality/frozen_2026-05-29/output/satellite/v4_city_level/output/SO2/full/tables/Weights_N100.csv,file in an output folder
/mnt/c/Users/LEONELB/OneDrive - Inter-American Development Bank Group/quito-metro-airquality-2026,air_quality,output/satellite/v4_city_level/output/SO2/full/tables/Weights_N150.csv,untracked,17724,a5d83396c7c7fae0e47c611ec9ce6f0e88d9ea565c16a61542abcb6f3e1bfc83,output,/home/leonelb/data/quito-metro-eval/air_quality/frozen_2026-05-29/output/satellite/v4_city_level/output/SO2/full/tables/Weights_N150.csv,file in an output folder
/mnt/c/Users/LEONELB/OneDrive - Inter-American Development Bank Group/quito-metro-airquality-2026,air_quality,output/satellite/v4_city_level/output/SO2/full/tables/Weights_N200.csv,untracked,23191,7d32493dd7e47c8ae856a53cde05f2419134328e8d1e33a69235fb4768748611,output,/home/leonelb/data/quito-metro-eval/air_quality/frozen_2026-05-29/output/satellite/v4_city_level/output/SO2/full/tables/Weights_N200.csv,file in an output folder
/mnt/c/Users/LEONELB/OneDrive - Inter-American Development Bank Group/quito-metro-airquality-2026,air_quality,output/satellite/v4_city_level/output/SO2/full/tables/Weights_N50.csv,untracked,6091,d0559bb7f4600ec515d728c9bd6c961afb6027e3bf46bc03f9f1a0848a8ecf2b,output,/home/leonelb/data/quito-metro-eval/air_quality/frozen_2026-05-29/output/satellite/v4_city_level/output/SO2/full/tables/Weights_N50.csv,file in an output folder
/mnt/c/Users/LEONELB/OneDrive - Inter-American Development Bank Group/quito-metro-airquality-2026,air_quality,output/satellite/v4_city_level/output/SO2/full/tables/Weights_Nall.csv,untracked,92001,6ce40c35d02f71ca9980b12dfd5cdb0b5ca6b40e94d0ea83924b5269a8e5d3b4,output,/home/leonelb/data/quito-metro-eval/air_quality/frozen_2026-05-29/output/satellite/v4_city_level/output/SO2/full/tables/Weights_Nall.csv,file in an output folder
/mnt/c/Users/LEONELB/OneDrive - Inter-American Development Bank Group/quito-metro-airquality-2026,air_quality,output/satellite/v4_city_level/output/SO2/pre_blackout/graphs/EventStudy_AugSynth_FE_N100.png,untracked,75729,8471c6755b4dad5816d37a35a1dca651efb9de9113c28ae5ab315d71b5d7666d,output,/home/leonelb/data/quito-metro-eval/air_quality/frozen_2026-05-29/output/satellite/v4_city_level/output/SO2/pre_blackout/graphs/EventStudy_AugSynth_FE_N100.png,file in an output folder
/mnt/c/Users/LEONELB/OneDrive - Inter-American Development Bank Group/quito-metro-airquality-2026,air_quality,output/satellite/v4_city_level/output/SO2/pre_blackout/graphs/EventStudy_AugSynth_FE_N150.png,untracked,67147,ce3fb29e94c2a99068f3222055dc7e7e031006fe5542ad8fc9e1507f1d9d6c8b,output,/home/leonelb/data/quito-metro-eval/air_quality/frozen_2026-05-29/output/satellite/v4_city_level/output/SO2/pre_blackout/graphs/EventStudy_AugSynth_FE_N150.png,file in an output folder
/mnt/c/Users/LEONELB/OneDrive - Inter-American Development Bank Group/quito-metro-airquality-2026,air_quality,output/satellite/v4_city_level/output/SO2/pre_blackout/graphs/EventStudy_AugSynth_FE_N200.png,untracked,69364,181a12a6ac9170013887893dc5a4a8024e95bfd34d6321d0f5244940922ad783,output,/home/leonelb/data/quito-metro-eval/air_quality/frozen_2026-05-29/output/satellite/v4_city_level/output/SO2/pre_blackout/graphs/EventStudy_AugSynth_FE_N200.png,file in an output folder
/mnt/c/Users/LEONELB/OneDrive - Inter-American Development Bank Group/quito-metro-airquality-2026,air_quality,output/satellite/v4_city_level/output/SO2/pre_blackout/graphs/EventStudy_AugSynth_FE_N50.png,untracked,92750,0d2e1e44a6eb947016fda1e45381992706cac43fc991aac69647eb2a495de992,output,/home/leonelb/data/quito-metro-eval/air_quality/frozen_2026-05-29/output/satellite/v4_city_level/output/SO2/pre_blackout/graphs/EventStudy_AugSynth_FE_N50.png,file in an output folder
/mnt/c/Users/LEONELB/OneDrive - Inter-American Development Bank Group/quito-metro-airquality-2026,air_quality,output/satellite/v4_city_level/output/SO2/pre_blackout/graphs/EventStudy_AugSynth_FE_Nall.png,untracked,66778,923dd7b6624449bbbb2e3528c6bc024b56451386281e1cfb2535694d00f1e2ea,output,/home/leonelb/data/quito-metro-eval/air_quality/frozen_2026-05-29/output/satellite/v4_city_level/output/SO2/pre_blackout/graphs/EventStudy_AugSynth_FE_Nall.png,file in an output folder
/mnt/c/Users/LEONELB/OneDrive - Inter-American Development Bank Group/quito-metro-airquality-2026,air_quality,output/satellite/v4_city_level/output/SO2/pre_blackout/graphs/EventStudy_AugSynth_noFE_N100.png,untracked,89941,985960a28f481b30d54b82202a241e34928a541eea470ec23e16e2fb6961a697,output,/home/leonelb/data/quito-metro-eval/air_quality/frozen_2026-05-29/output/satellite/v4_city_level/output/SO2/pre_blackout/graphs/EventStudy_AugSynth_noFE_N100.png,file in an output folder
/mnt/c/Users/LEONELB/OneDrive - Inter-American Development Bank Group/quito-metro-airquality-2026,air_quality,output/satellite/v4_city_level/output/SO2/pre_blackout/graphs/EventStudy_AugSynth_noFE_N150.png,untracked,88709,3edc224ac8bc25cd20f60b1c983bec7ad11a81e084db4c3b2399e59ed2dbba30,output,/home/leonelb/data/quito-metro-eval/air_quality/frozen_2026-05-29/output/satellite/v4_city_level/output/SO2/pre_blackout/graphs/EventStudy_AugSynth_noFE_N150.png,file in an output folder
/mnt/c/Users/LEONELB/OneDrive - Inter-American Development Bank Group/quito-metro-airquality-2026,air_quality,output/satellite/v4_city_level/output/SO2/pre_blackout/graphs/EventStudy_AugSynth_noFE_N200.png,untracked,89242,d8f90a979ef9afb526d5234cd1591760585af5a69f0f090d3e1ccea54dab63c3,output,/home/leonelb/data/quito-metro-eval/air_quality/frozen_2026-05-29/output/satellite/v4_city_level/output/SO2/pre_blackout/graphs/EventStudy_AugSynth_noFE_N200.png,file in an output folder
/mnt/c/Users/LEONELB/OneDrive - Inter-American Development Bank Group/quito-metro-airquality-2026,air_quality,output/satellite/v4_city_level/output/SO2/pre_blackout/graphs/EventStudy_AugSynth_noFE_N50.png,untracked,94579,af3fa0cb1c32fdd151420a9b56b27d8d8b0424dd7a135fd94b25dde1e48d612a,output,/home/leonelb/data/quito-metro-eval/air_quality/frozen_2026-05-29/output/satellite/v4_city_level/output/SO2/pre_blackout/graphs/EventStudy_AugSynth_noFE_N50.png,file in an output folder
/mnt/c/Users/LEONELB/OneDrive - Inter-American Development Bank Group/quito-metro-airquality-2026,air_quality,output/satellite/v4_city_level/output/SO2/pre_blackout/graphs/EventStudy_AugSynth_noFE_Nall.png,untracked,87605,da5202694365f88999325bd30f9939008776d192c854f32149bbed2ba0bf2249,output,/home/leonelb/data/quito-metro-eval/air_quality/frozen_2026-05-29/output/satellite/v4_city_level/output/SO2/pre_blackout/graphs/EventStudy_AugSynth_noFE_Nall.png,file in an output folder
/mnt/c/Users/LEONELB/OneDrive - Inter-American Development Bank Group/quito-metro-airquality-2026,air_quality,output/satellite/v4_city_level/output/SO2/pre_blackout/graphs/EventStudy_SC_N100.png,untracked,90906,9f2c6d79a6a8a10740c2605c64ef11acc4dd76908c4450027da63459d7b3f00c,output,/home/leonelb/data/quito-metro-eval/air_quality/frozen_2026-05-29/output/satellite/v4_city_level/output/SO2/pre_blackout/graphs/EventStudy_SC_N100.png,file in an output folder
/mnt/c/Users/LEONELB/OneDrive - Inter-American Development Bank Group/quito-metro-airquality-2026,air_quality,output/satellite/v4_city_level/output/SO2/pre_blackout/graphs/EventStudy_SC_N150.png,untracked,89645,a174588816b795bc61eb3b71888108d437ed2d10057010e34acba13c9c15c306,output,/home/leonelb/data/quito-metro-eval/air_quality/frozen_2026-05-29/output/satellite/v4_city_level/output/SO2/pre_blackout/graphs/EventStudy_SC_N150.png,file in an output folder
/mnt/c/Users/LEONELB/OneDrive - Inter-American Development Bank Group/quito-metro-airquality-2026,air_quality,output/satellite/v4_city_level/output/SO2/pre_blackout/graphs/EventStudy_SC_N200.png,untracked,90618,bddf45a9da4674699765e894ed253e1a68f86ce7da82dcb148f26ce54755bf49,output,/home/leonelb/data/quito-metro-eval/air_quality/frozen_2026-05-29/output/satellite/v4_city_level/output/SO2/pre_blackout/graphs/EventStudy_SC_N200.png,file in an output folder
/mnt/c/Users/LEONELB/OneDrive - Inter-American Development Bank Group/quito-metro-airquality-2026,air_quality,output/satellite/v4_city_level/output/SO2/pre_blackout/graphs/EventStudy_SC_N50.png,untracked,92841,0f80eba774b60837d344775e7386305977bdb034fefe734ff88a1c113ae72b0b,output,/home/leonelb/data/quito-metro-eval/air_quality/frozen_2026-05-29/output/satellite/v4_city_level/output/SO2/pre_blackout/graphs/EventStudy_SC_N50.png,file in an output folder
/mnt/c/Users/LEONELB/OneDrive - Inter-American Development Bank Group/quito-metro-airquality-2026,air_quality,output/satellite/v4_city_level/output/SO2/pre_blackout/graphs/EventStudy_SC_Nall.png,untracked,86701,0085fa3e130aa493b09a752a31beae3cfef7c4c75012cd4965f19c7a8e6cc92c,output,/home/leonelb/data/quito-metro-eval/air_quality/frozen_2026-05-29/output/satellite/v4_city_level/output/SO2/pre_blackout/graphs/EventStudy_SC_Nall.png,file in an output folder
/mnt/c/Users/LEONELB/OneDrive - Inter-American Development Bank Group/quito-metro-airquality-2026,air_quality,output/satellite/v4_city_level/output/SO2/pre_blackout/graphs/EventStudy_SDID_N100.png,untracked,93633,a9bd9ff70ceab5f7c405c7c13959bc555daa462d13b4a1c4b9176dca9d37f4e5,output,/home/leonelb/data/quito-metro-eval/air_quality/frozen_2026-05-29/output/satellite/v4_city_level/output/SO2/pre_blackout/graphs/EventStudy_SDID_N100.png,file in an output folder
/mnt/c/Users/LEONELB/OneDrive - Inter-American Development Bank Group/quito-metro-airquality-2026,air_quality,output/satellite/v4_city_level/output/SO2/pre_blackout/graphs/EventStudy_SDID_N150.png,untracked,93509,5494db72adc6352435e34eb19f1487f4f83a2cbf9487d3edefd3d90ebf0fc0a6,output,/home/leonelb/data/quito-metro-eval/air_quality/frozen_2026-05-29/output/satellite/v4_city_level/output/SO2/pre_blackout/graphs/EventStudy_SDID_N150.png,file in an output folder
/mnt/c/Users/LEONELB/OneDrive - Inter-American Development Bank Group/quito-metro-airquality-2026,air_quality,output/satellite/v4_city_level/output/SO2/pre_blackout/graphs/EventStudy_SDID_N200.png,untracked,93300,d5e7ca6537c0b255f9e3af32abfcd6b8316afb9275f2046ab392d97589e9742d,output,/home/leonelb/data/quito-metro-eval/air_quality/frozen_2026-05-29/output/satellite/v4_city_level/output/SO2/pre_blackout/graphs/EventStudy_SDID_N200.png,file in an output folder
/mnt/c/Users/LEONELB/OneDrive - Inter-American Development Bank Group/quito-metro-airquality-2026,air_quality,output/satellite/v4_city_level/output/SO2/pre_blackout/graphs/EventStudy_SDID_N50.png,untracked,94525,4239e37e04a7ec203a875fcb07b4f99b084bc3653115a7bf879b30bd694377a4,output,/home/leonelb/data/quito-metro-eval/air_quality/frozen_2026-05-29/output/satellite/v4_city_level/output/SO2/pre_blackout/graphs/EventStudy_SDID_N50.png,file in an output folder
/mnt/c/Users/LEONELB/OneDrive - Inter-American Development Bank Group/quito-metro-airquality-2026,air_quality,output/satellite/v4_city_level/output/SO2/pre_blackout/graphs/EventStudy_SDID_Nall.png,untracked,87939,ff06566e56b8ed09c4912d776ff1ab103f3b446db5a88db04db9c70570480c9c,output,/home/leonelb/data/quito-metro-eval/air_quality/frozen_2026-05-29/output/satellite/v4_city_level/output/SO2/pre_blackout/graphs/EventStudy_SDID_Nall.png,file in an output folder
/mnt/c/Users/LEONELB/OneDrive - Inter-American Development Bank Group/quito-metro-airquality-2026,air_quality,output/satellite/v4_city_level/output/SO2/pre_blackout/graphs/Trajectory_AugSynth_FE_N100.png,untracked,124559,ac56c4e6c91136542a8bbe70c08cc3ccf53f89aa337b307f71729200a7bf9db6,output,/home/leonelb/data/quito-metro-eval/air_quality/frozen_2026-05-29/output/satellite/v4_city_level/output/SO2/pre_blackout/graphs/Trajectory_AugSynth_FE_N100.png,file in an output folder
/mnt/c/Users/LEONELB/OneDrive - Inter-American Development Bank Group/quito-metro-airquality-2026,air_quality,output/satellite/v4_city_level/output/SO2/pre_blackout/graphs/Trajectory_AugSynth_FE_N150.png,untracked,121315,cd4b1e87636f72afc0b641678b4e53d3706bbda964f09037ae80ecf50bd77aff,output,/home/leonelb/data/quito-metro-eval/air_quality/frozen_2026-05-29/output/satellite/v4_city_level/output/SO2/pre_blackout/graphs/Trajectory_AugSynth_FE_N150.png,file in an output folder
/mnt/c/Users/LEONELB/OneDrive - Inter-American Development Bank Group/quito-metro-airquality-2026,air_quality,output/satellite/v4_city_level/output/SO2/pre_blackout/graphs/Trajectory_AugSynth_FE_N200.png,untracked,122003,dc0455535c0979d71e41d5b2c974475a032f3379763087f78e175328801dab4f,output,/home/leonelb/data/quito-metro-eval/air_quality/frozen_2026-05-29/output/satellite/v4_city_level/output/SO2/pre_blackout/graphs/Trajectory_AugSynth_FE_N200.png,file in an output folder
/mnt/c/Users/LEONELB/OneDrive - Inter-American Development Bank Group/quito-metro-airquality-2026,air_quality,output/satellite/v4_city_level/output/SO2/pre_blackout/graphs/Trajectory_AugSynth_FE_N50.png,untracked,126327,c9ac1c16cebdfdb6eb38804a8c1fa1caf7d603e7914dcdd9df6803654bda573c,output,/home/leonelb/data/quito-metro-eval/air_quality/frozen_2026-05-29/output/satellite/v4_city_level/output/SO2/pre_blackout/graphs/Trajectory_AugSynth_FE_N50.png,file in an output folder
/mnt/c/Users/LEONELB/OneDrive - Inter-American Development Bank Group/quito-metro-airquality-2026,air_quality,output/satellite/v4_city_level/output/SO2/pre_blackout/graphs/Trajectory_AugSynth_FE_Nall.png,untracked,119455,ac9a66a9aac130449ca5a11118e3d9bee5380f1c81c297a8316dc9c02811f6f2,output,/home/leonelb/data/quito-metro-eval/air_quality/frozen_2026-05-29/output/satellite/v4_city_level/output/SO2/pre_blackout/graphs/Trajectory_AugSynth_FE_Nall.png,file in an output folder
/mnt/c/Users/LEONELB/OneDrive - Inter-American Development Bank Group/quito-metro-airquality-2026,air_quality,output/satellite/v4_city_level/output/SO2/pre_blackout/graphs/Trajectory_AugSynth_noFE_N100.png,untracked,124781,d4a605fa8bb6f4ac5e5383c09b492f7675cfba4b62a1dafc65ba7c7c4afc707d,output,/home/leonelb/data/quito-metro-eval/air_quality/frozen_2026-05-29/output/satellite/v4_city_level/output/SO2/pre_blackout/graphs/Trajectory_AugSynth_noFE_N100.png,file in an output folder
/mnt/c/Users/LEONELB/OneDrive - Inter-American Development Bank Group/quito-metro-airquality-2026,air_quality,output/satellite/v4_city_level/output/SO2/pre_blackout/graphs/Trajectory_AugSynth_noFE_N150.png,untracked,126409,20a6f0495653c42d8bcca244f3d3dafe8cb7ff58c55280959542a354a100714c,output,/home/leonelb/data/quito-metro-eval/air_quality/frozen_2026-05-29/output/satellite/v4_city_level/output/SO2/pre_blackout/graphs/Trajectory_AugSynth_noFE_N150.png,file in an output folder
/mnt/c/Users/LEONELB/OneDrive - Inter-American Development Bank Group/quito-metro-airquality-2026,air_quality,output/satellite/v4_city_level/output/SO2/pre_blackout/graphs/Trajectory_AugSynth_noFE_N200.png,untracked,126674,785d10c047c37791742b542a3d48678fc1a0799b11efcda27afd34c07e89c707,output,/home/leonelb/data/quito-metro-eval/air_quality/frozen_2026-05-29/output/satellite/v4_city_level/output/SO2/pre_blackout/graphs/Trajectory_AugSynth_noFE_N200.png,file in an output folder
/mnt/c/Users/LEONELB/OneDrive - Inter-American Development Bank Group/quito-metro-airquality-2026,air_quality,output/satellite/v4_city_level/output/SO2/pre_blackout/graphs/Trajectory_AugSynth_noFE_N50.png,untracked,127094,518e948f0b291fe2bc84f97206a3d6be921a322f4ff401a0eb9252f6f90457b4,output,/home/leonelb/data/quito-metro-eval/air_quality/frozen_2026-05-29/output/satellite/v4_city_level/output/SO2/pre_blackout/graphs/Trajectory_AugSynth_noFE_N50.png,file in an output folder
/mnt/c/Users/LEONELB/OneDrive - Inter-American Development Bank Group/quito-metro-airquality-2026,air_quality,output/satellite/v4_city_level/output/SO2/pre_blackout/graphs/Trajectory_AugSynth_noFE_Nall.png,untracked,130616,983db3496a42c623513496e57dc593027b3dcff701983faf2cd5039ff991aff7,output,/home/leonelb/data/quito-metro-eval/air_quality/frozen_2026-05-29/output/satellite/v4_city_level/output/SO2/pre_blackout/graphs/Trajectory_AugSynth_noFE_Nall.png,file in an output folder
/mnt/c/Users/LEONELB/OneDrive - Inter-American Development Bank Group/quito-metro-airquality-2026,air_quality,output/satellite/v4_city_level/output/SO2/pre_blackout/graphs/Trajectory_SC_N100.png,untracked,124282,bfdd779bb7259a49aebe5d1875a712dc06b3eb4f8154e6b19702e0fea328c0b0,output,/home/leonelb/data/quito-metro-eval/air_quality/frozen_2026-05-29/output/satellite/v4_city_level/output/SO2/pre_blackout/graphs/Trajectory_SC_N100.png,file in an output folder
/mnt/c/Users/LEONELB/OneDrive - Inter-American Development Bank Group/quito-metro-airquality-2026,air_quality,output/satellite/v4_city_level/output/SO2/pre_blackout/graphs/Trajectory_SC_N150.png,untracked,125808,240ee5f1bb56498a516f10b1737492b563ab8316a87ddff85f47716bd9ed72f0,output,/home/leonelb/data/quito-metro-eval/air_quality/frozen_2026-05-29/output/satellite/v4_city_level/output/SO2/pre_blackout/graphs/Trajectory_SC_N150.png,file in an output folder
/mnt/c/Users/LEONELB/OneDrive - Inter-American Development Bank Group/quito-metro-airquality-2026,air_quality,output/satellite/v4_city_level/output/SO2/pre_blackout/graphs/Trajectory_SC_N200.png,untracked,128095,6eb1109a27f161b28667f5f04f8e67ac6e1bf3423db4c8147e4a312e4e8a377f,output,/home/leonelb/data/quito-metro-eval/air_quality/frozen_2026-05-29/output/satellite/v4_city_level/output/SO2/pre_blackout/graphs/Trajectory_SC_N200.png,file in an output folder
/mnt/c/Users/LEONELB/OneDrive - Inter-American Development Bank Group/quito-metro-airquality-2026,air_quality,output/satellite/v4_city_level/output/SO2/pre_blackout/graphs/Trajectory_SC_N50.png,untracked,125160,31a87513d3e49058e156e378878003e364d662a6619138db3cf63c466a1be963,output,/home/leonelb/data/quito-metro-eval/air_quality/frozen_2026-05-29/output/satellite/v4_city_level/output/SO2/pre_blackout/graphs/Trajectory_SC_N50.png,file in an output folder
/mnt/c/Users/LEONELB/OneDrive - Inter-American Development Bank Group/quito-metro-airquality-2026,air_quality,output/satellite/v4_city_level/output/SO2/pre_blackout/graphs/Trajectory_SC_Nall.png,untracked,126699,67a9d8004ea2614c2610562fbc036cc48a77554ff0a9f3619a3b9b4a5a9c7d52,output,/home/leonelb/data/quito-metro-eval/air_quality/frozen_2026-05-29/output/satellite/v4_city_level/output/SO2/pre_blackout/graphs/Trajectory_SC_Nall.png,file in an output folder
/mnt/c/Users/LEONELB/OneDrive - Inter-American Development Bank Group/quito-metro-airquality-2026,air_quality,output/satellite/v4_city_level/output/SO2/pre_blackout/graphs/Trajectory_SDID_N100.png,untracked,116418,83e2114f51c6522f4bc27646b824f87f39be9f8ffa2cc4f4dea11676555c2082,output,/home/leonelb/data/quito-metro-eval/air_quality/frozen_2026-05-29/output/satellite/v4_city_level/output/SO2/pre_blackout/graphs/Trajectory_SDID_N100.png,file in an output folder
/mnt/c/Users/LEONELB/OneDrive - Inter-American Development Bank Group/quito-metro-airquality-2026,air_quality,output/satellite/v4_city_level/output/SO2/pre_blackout/graphs/Trajectory_SDID_N150.png,untracked,119452,9d15d2eeeb34f4f705bac678d16a9b1610c594f1207ce3a326383141c9c5d8dc,output,/home/leonelb/data/quito-metro-eval/air_quality/frozen_2026-05-29/output/satellite/v4_city_level/output/SO2/pre_blackout/graphs/Trajectory_SDID_N150.png,file in an output folder
/mnt/c/Users/LEONELB/OneDrive - Inter-American Development Bank Group/quito-metro-airquality-2026,air_quality,output/satellite/v4_city_level/output/SO2/pre_blackout/graphs/Trajectory_SDID_N200.png,untracked,119708,4c2236673597ac6d1d8d343d97857668a87f2c45b13da67c6b87c8414620f031,output,/home/leonelb/data/quito-metro-eval/air_quality/frozen_2026-05-29/output/satellite/v4_city_level/output/SO2/pre_blackout/graphs/Trajectory_SDID_N200.png,file in an output folder
/mnt/c/Users/LEONELB/OneDrive - Inter-American Development Bank Group/quito-metro-airquality-2026,air_quality,output/satellite/v4_city_level/output/SO2/pre_blackout/graphs/Trajectory_SDID_N50.png,untracked,119270,f6ba3b958374c04b3832dcef28981d8b9ce238b383519adb126cdf7083972202,output,/home/leonelb/data/quito-metro-eval/air_quality/frozen_2026-05-29/output/satellite/v4_city_level/output/SO2/pre_blackout/graphs/Trajectory_SDID_N50.png,file in an output folder
/mnt/c/Users/LEONELB/OneDrive - Inter-American Development Bank Group/quito-metro-airquality-2026,air_quality,output/satellite/v4_city_level/output/SO2/pre_blackout/graphs/Trajectory_SDID_Nall.png,untracked,119284,f1e226b1863c858f064cfba4ab82c5dd53b524a3c6d31d5647747a036d0612a4,output,/home/leonelb/data/quito-metro-eval/air_quality/frozen_2026-05-29/output/satellite/v4_city_level/output/SO2/pre_blackout/graphs/Trajectory_SDID_Nall.png,file in an output folder
/mnt/c/Users/LEONELB/OneDrive - Inter-American Development Bank Group/quito-metro-airquality-2026,air_quality,output/satellite/v4_city_level/output/SO2/pre_blackout/tables/GrandSummary.csv,untracked,4118,188ec21b65aece9b199e8390c415d58af0606f6a5ff1d0f0eada1f9100bfa1b8,output,/home/leonelb/data/quito-metro-eval/air_quality/frozen_2026-05-29/output/satellite/v4_city_level/output/SO2/pre_blackout/tables/GrandSummary.csv,file in an output folder
/mnt/c/Users/LEONELB/OneDrive - Inter-American Development Bank Group/quito-metro-airquality-2026,air_quality,output/satellite/v4_city_level/output/SO2/pre_blackout/tables/PreTreatmentFit_N100.csv,untracked,442,0c174185c94dcc39ce4c329132a3f036211c77ddf62043c495db1053695e6ab9,output,/home/leonelb/data/quito-metro-eval/air_quality/frozen_2026-05-29/output/satellite/v4_city_level/output/SO2/pre_blackout/tables/PreTreatmentFit_N100.csv,file in an output folder
/mnt/c/Users/LEONELB/OneDrive - Inter-American Development Bank Group/quito-metro-airquality-2026,air_quality,output/satellite/v4_city_level/output/SO2/pre_blackout/tables/PreTreatmentFit_N150.csv,untracked,442,a917613bc54ebcdeea96685ad28f6d694145110274eeb9ae32a6fd4df23827ae,output,/home/leonelb/data/quito-metro-eval/air_quality/frozen_2026-05-29/output/satellite/v4_city_level/output/SO2/pre_blackout/tables/PreTreatmentFit_N150.csv,file in an output folder
/mnt/c/Users/LEONELB/OneDrive - Inter-American Development Bank Group/quito-metro-airquality-2026,air_quality,output/satellite/v4_city_level/output/SO2/pre_blackout/tables/PreTreatmentFit_N200.csv,untracked,447,6260872b6a77119bf49b460727ee1e257a222b3e799baaedd05bd9e8f665052d,output,/home/leonelb/data/quito-metro-eval/air_quality/frozen_2026-05-29/output/satellite/v4_city_level/output/SO2/pre_blackout/tables/PreTreatmentFit_N200.csv,file in an output folder
/mnt/c/Users/LEONELB/OneDrive - Inter-American Development Bank Group/quito-metro-airquality-2026,air_quality,output/satellite/v4_city_level/output/SO2/pre_blackout/tables/PreTreatmentFit_N50.csv,untracked,445,10df27c07762eebee8b49e505896de37a3e955a78d4293bfd8b2bc78f9e919b3,output,/home/leonelb/data/quito-metro-eval/air_quality/frozen_2026-05-29/output/satellite/v4_city_level/output/SO2/pre_blackout/tables/PreTreatmentFit_N50.csv,file in an output folder
/mnt/c/Users/LEONELB/OneDrive - Inter-American Development Bank Group/quito-metro-airquality-2026,air_quality,output/satellite/v4_city_level/output/SO2/pre_blackout/tables/PreTreatmentFit_Nall.csv,untracked,442,bf1f03c40062003d3d2cd1be304278b2637ff594404672378c2fc1bbb284a48d,output,/home/leonelb/data/quito-metro-eval/air_quality/frozen_2026-05-29/output/satellite/v4_city_level/output/SO2/pre_blackout/tables/PreTreatmentFit_Nall.csv,file in an output folder
/mnt/c/Users/LEONELB/OneDrive - Inter-American Development Bank Group/quito-metro-airquality-2026,air_quality,output/satellite/v4_city_level/output/SO2/pre_blackout/tables/ResidualizationDiagnostics.csv,untracked,165,5a31a80f1183689b464c83afcd2ee5b56ac1880457569e73e0ba438c6db828f7,output,/home/leonelb/data/quito-metro-eval/air_quality/frozen_2026-05-29/output/satellite/v4_city_level/output/SO2/pre_blackout/tables/ResidualizationDiagnostics.csv,file in an output folder
/mnt/c/Users/LEONELB/OneDrive - Inter-American Development Bank Group/quito-metro-airquality-2026,air_quality,output/satellite/v4_city_level/output/SO2/pre_blackout/tables/Summary_N100.csv,untracked,902,ed3b99112875cdc64b81909778b24fafe70a3e0417f33edd068da8526cfc3a03,output,/home/leonelb/data/quito-metro-eval/air_quality/frozen_2026-05-29/output/satellite/v4_city_level/output/SO2/pre_blackout/tables/Summary_N100.csv,file in an output folder
/mnt/c/Users/LEONELB/OneDrive - Inter-American Development Bank Group/quito-metro-airquality-2026,air_quality,output/satellite/v4_city_level/output/SO2/pre_blackout/tables/Summary_N150.csv,untracked,901,d8b0b4167117e53657c5ec6aa72b2103a3c8de64643863e6acbae247ba57c706,output,/home/leonelb/data/quito-metro-eval/air_quality/frozen_2026-05-29/output/satellite/v4_city_level/output/SO2/pre_blackout/tables/Summary_N150.csv,file in an output folder
/mnt/c/Users/LEONELB/OneDrive - Inter-American Development Bank Group/quito-metro-airquality-2026,air_quality,output/satellite/v4_city_level/output/SO2/pre_blackout/tables/Summary_N200.csv,untracked,904,2d238307c5486e80ee88bab5c9c7e575f679715cd9dea28275ebacb3b5de20c3,output,/home/leonelb/data/quito-metro-eval/air_quality/frozen_2026-05-29/output/satellite/v4_city_level/output/SO2/pre_blackout/tables/Summary_N200.csv,file in an output folder
/mnt/c/Users/LEONELB/OneDrive - Inter-American Development Bank Group/quito-metro-airquality-2026,air_quality,output/satellite/v4_city_level/output/SO2/pre_blackout/tables/Summary_N50.csv,untracked,903,4410749eb92499dfe5f9c6436c673cf148393c0f4008d2475d6fbcfee0c12122,output,/home/leonelb/data/quito-metro-eval/air_quality/frozen_2026-05-29/output/satellite/v4_city_level/output/SO2/pre_blackout/tables/Summary_N50.csv,file in an output folder
/mnt/c/Users/LEONELB/OneDrive - Inter-American Development Bank Group/quito-metro-airquality-2026,air_quality,output/satellite/v4_city_level/output/SO2/pre_blackout/tables/Summary_Nall.csv,untracked,907,5c48afebb06b8de1126cc99b1fc720d23e4ec4cee5474d967b0971451c83a6f5,output,/home/leonelb/data/quito-metro-eval/air_quality/frozen_2026-05-29/output/satellite/v4_city_level/output/SO2/pre_blackout/tables/Summary_Nall.csv,file in an output folder
/mnt/c/Users/LEONELB/OneDrive - Inter-American Development Bank Group/quito-metro-airquality-2026,air_quality,output/satellite/v4_city_level/output/SO2/pre_blackout/tables/Trajectories_N100.csv,untracked,11512,5e3caf7e529b2db8c51e0a3390de1bfeefaaea9d5320f08031b6c106c725fd8c,output,/home/leonelb/data/quito-metro-eval/air_quality/frozen_2026-05-29/output/satellite/v4_city_level/output/SO2/pre_blackout/tables/Trajectories_N100.csv,file in an output folder
/mnt/c/Users/LEONELB/OneDrive - Inter-American Development Bank Group/quito-metro-airquality-2026,air_quality,output/satellite/v4_city_level/output/SO2/pre_blackout/tables/Trajectories_N150.csv,untracked,11520,8b18e2f2af1ddb62bb3f95c1ac71fdfa5082048e1b140be07c59d0050d98b11a,output,/home/leonelb/data/quito-metro-eval/air_quality/frozen_2026-05-29/output/satellite/v4_city_level/output/SO2/pre_blackout/tables/Trajectories_N150.csv,file in an output folder
/mnt/c/Users/LEONELB/OneDrive - Inter-American Development Bank Group/quito-metro-airquality-2026,air_quality,output/satellite/v4_city_level/output/SO2/pre_blackout/tables/Trajectories_N200.csv,untracked,11533,8e9eaa3b50db5a960afcf1a45140bf0bf5cc452040b5db8736389f1505014108,output,/home/leonelb/data/quito-metro-eval/air_quality/frozen_2026-05-29/output/satellite/v4_city_level/output/SO2/pre_blackout/tables/Trajectories_N200.csv,file in an output folder
/mnt/c/Users/LEONELB/OneDrive - Inter-American Development Bank Group/quito-metro-airquality-2026,air_quality,output/satellite/v4_city_level/output/SO2/pre_blackout/tables/Trajectories_N50.csv,untracked,11499,4148bbcefcfceaec2ff3efd65011375e285442a3cee7518b205608fc9224ab89,output,/home/leonelb/data/quito-metro-eval/air_quality/frozen_2026-05-29/output/satellite/v4_city_level/output/SO2/pre_blackout/tables/Trajectories_N50.csv,file in an output folder
/mnt/c/Users/LEONELB/OneDrive - Inter-American Development Bank Group/quito-metro-airquality-2026,air_quality,output/satellite/v4_city_level/output/SO2/pre_blackout/tables/Trajectories_Nall.csv,untracked,11540,ae751088b8b53543d172d4566010bb2264ea68f4278b37f22a1b2b8247e36d41,output,/home/leonelb/data/quito-metro-eval/air_quality/frozen_2026-05-29/output/satellite/v4_city_level/output/SO2/pre_blackout/tables/Trajectories_Nall.csv,file in an output folder
/mnt/c/Users/LEONELB/OneDrive - Inter-American Development Bank Group/quito-metro-airquality-2026,air_quality,output/satellite/v4_city_level/output/SO2/pre_blackout/tables/Weights_N100.csv,untracked,11684,73a2625665ad8d088a3ea3c91f84a2a59094905f00851b9986b3f40476f5ed01,output,/home/leonelb/data/quito-metro-eval/air_quality/frozen_2026-05-29/output/satellite/v4_city_level/output/SO2/pre_blackout/tables/Weights_N100.csv,file in an output folder
/mnt/c/Users/LEONELB/OneDrive - Inter-American Development Bank Group/quito-metro-airquality-2026,air_quality,output/satellite/v4_city_level/output/SO2/pre_blackout/tables/Weights_N150.csv,untracked,17006,ec3854a5197c450b18ffee6565dcb15ae4a08cc46c0133f5ad262ab961860c2f,output,/home/leonelb/data/quito-metro-eval/air_quality/frozen_2026-05-29/output/satellite/v4_city_level/output/SO2/pre_blackout/tables/Weights_N150.csv,file in an output folder
/mnt/c/Users/LEONELB/OneDrive - Inter-American Development Bank Group/quito-metro-airquality-2026,air_quality,output/satellite/v4_city_level/output/SO2/pre_blackout/tables/Weights_N200.csv,untracked,22204,43831a84d362351ec16b7f7103f7da03636747b9dfbe9efdb9ce4cd146392931,output,/home/leonelb/data/quito-metro-eval/air_quality/frozen_2026-05-29/output/satellite/v4_city_level/output/SO2/pre_blackout/tables/Weights_N200.csv,file in an output folder
/mnt/c/Users/LEONELB/OneDrive - Inter-American Development Bank Group/quito-metro-airquality-2026,air_quality,output/satellite/v4_city_level/output/SO2/pre_blackout/tables/Weights_N50.csv,untracked,6004,0e66d2df72b57e663c423049f537ae23fd52f0f4af2935060536ec8fb5d1e8e8,output,/home/leonelb/data/quito-metro-eval/air_quality/frozen_2026-05-29/output/satellite/v4_city_level/output/SO2/pre_blackout/tables/Weights_N50.csv,file in an output folder
/mnt/c/Users/LEONELB/OneDrive - Inter-American Development Bank Group/quito-metro-airquality-2026,air_quality,output/satellite/v4_city_level/output/SO2/pre_blackout/tables/Weights_Nall.csv,untracked,89976,97f5b0c1f486ffe085d76dae3893f317a37096bf812f71eb7f1d422fd8ef8689,output,/home/leonelb/data/quito-metro-eval/air_quality/frozen_2026-05-29/output/satellite/v4_city_level/output/SO2/pre_blackout/tables/Weights_Nall.csv,file in an output folder
/mnt/c/Users/LEONELB/OneDrive - Inter-American Development Bank Group/quito-metro-airquality-2026,air_quality,data/raw/CALENDARIO-FERIADOS.pdf,tracked,995378,8257fa9abee6c050039d229a81d6c033cf259ee2acad002db044e1c8fb6cd7c2,raw,/home/leonelb/data/quito-metro-eval/air_quality/raw/data/raw/CALENDARIO-FERIADOS.pdf,no script writes data/raw/ (grep of write calls in code/)
/mnt/c/Users/LEONELB/OneDrive - Inter-American Development Bank Group/quito-metro-airquality-2026,air_quality,data/raw/GHS_UCDB/readme_V1_1.txt,tracked,9354,e8e6841e8c565d0d258f47574de9d1693b529d4b09b7b6cbfe882fb750e315a6,raw,/home/leonelb/data/quito-metro-eval/air_quality/raw/data/raw/GHS_UCDB/readme_V1_1.txt,external GHS-UCDB release read by code/satellite/python/01_geometries_ucdb.py:52 and laptop_R/01b_donor_pool_selection.py:32; no writer
/mnt/c/Users/LEONELB/OneDrive - Inter-American Development Bank Group/quito-metro-airquality-2026,air_quality,data/raw/README.md,tracked,2513,d0a7e4d9724e6dfdc04db0353bf0af162fcfa275fdbb41728053d6b233d8b31e,raw,/home/leonelb/data/quito-metro-eval/air_quality/raw/data/raw/README.md,no script writes data/raw/ (grep of write calls in code/)
/mnt/c/Users/LEONELB/OneDrive - Inter-American Development Bank Group/quito-metro-airquality-2026,air_quality,data/raw/ecuador_blackouts_2024.xlsx,tracked,22985,cf3a7121e8ca4bb7214903ee251e96f1a40916adc10b032dd3e8348e7f704b0a,raw,/home/leonelb/data/quito-metro-eval/air_quality/raw/data/raw/ecuador_blackouts_2024.xlsx,no script writes data/raw/ (grep of write calls in code/)
/mnt/c/Users/LEONELB/OneDrive - Inter-American Development Bank Group/quito-metro-airquality-2026,air_quality,data/working/donor_ids_top100.csv,tracked,600,ad155bef39e9cd57a557a4c7d178335fd8c40d8c61bcd4f287149311c586477d,derived,/home/leonelb/data/quito-metro-eval/air_quality/frozen_2026-05-29/data/working/donor_ids_top100.csv,"code/satellite/laptop_R/01b_donor_pool_selection.py:34,329-397 writes it to data/working/"
/mnt/c/Users/LEONELB/OneDrive - Inter-American Development Bank Group/quito-metro-airquality-2026,air_quality,data/working/donor_ids_top150.csv,tracked,894,df6cc0b559002315dc7b709a92357ae28da0d39b86df6fa6ca5376ed951bbc95,derived,/home/leonelb/data/quito-metro-eval/air_quality/frozen_2026-05-29/data/working/donor_ids_top150.csv,"code/satellite/laptop_R/01b_donor_pool_selection.py:34,329-397 writes it to data/working/"
/mnt/c/Users/LEONELB/OneDrive - Inter-American Development Bank Group/quito-metro-airquality-2026,air_quality,data/working/donor_ids_top200.csv,tracked,1189,548beea2e5d5e7a89ec9f13e22000c8387e9fc8ac2415cf949083f71b0300cc6,derived,/home/leonelb/data/quito-metro-eval/air_quality/frozen_2026-05-29/data/working/donor_ids_top200.csv,"code/satellite/laptop_R/01b_donor_pool_selection.py:34,329-397 writes it to data/working/"
/mnt/c/Users/LEONELB/OneDrive - Inter-American Development Bank Group/quito-metro-airquality-2026,air_quality,data/working/donor_ids_top50.csv,tracked,307,663b5371c0cdfca0d54f1d7b99fec1342fab1cfbe3f0df5e66a650057a4707cc,derived,/home/leonelb/data/quito-metro-eval/air_quality/frozen_2026-05-29/data/working/donor_ids_top50.csv,"code/satellite/laptop_R/01b_donor_pool_selection.py:34,329-397 writes it to data/working/"
/mnt/c/Users/LEONELB/OneDrive - Inter-American Development Bank Group/quito-metro-airquality-2026,air_quality,data/working/donor_ids_top75.csv,tracked,454,e3e236123f41cd2ac6ea8f88e5de05a47fb34e36fc0269daf45e7e3982ccd637,derived,/home/leonelb/data/quito-metro-eval/air_quality/frozen_2026-05-29/data/working/donor_ids_top75.csv,"code/satellite/laptop_R/01b_donor_pool_selection.py:34,329-397 writes it to data/working/"
/mnt/c/Users/LEONELB/OneDrive - Inter-American Development Bank Group/quito-metro-airquality-2026,air_quality,data/working/donor_list.csv,tracked,1388,e41c65caf5a7dbf9abd1ede1d37f1ce9920bdbe95b90d66c2dc90045f2570847,raw,/home/leonelb/data/quito-metro-eval/air_quality/raw/data/working/donor_list.csv,no writer found in code/ (grep for the file name); classed raw by the when-in-doubt rule
/mnt/c/Users/LEONELB/OneDrive - Inter-American Development Bank Group/quito-metro-airquality-2026,air_quality,data/working/donor_pool_100_with_rationales.csv,tracked,13521,3dc543cb377733b1dc58aa8c61b941eff1e326497187f36eeafeabecb2682107,raw,/home/leonelb/data/quito-metro-eval/air_quality/raw/data/working/donor_pool_100_with_rationales.csv,no writer found in code/ (grep for the file name); classed raw by the when-in-doubt rule
/mnt/c/Users/LEONELB/OneDrive - Inter-American Development Bank Group/quito-metro-airquality-2026,air_quality,data/working/donor_pool_balance_table.csv,tracked,3355,131df021932d8afeaf7cbb8f30931bb92ea33f3599806df66fb7e16f75f181ff,derived,/home/leonelb/data/quito-metro-eval/air_quality/frozen_2026-05-29/data/working/donor_pool_balance_table.csv,"code/satellite/laptop_R/01b_donor_pool_selection.py:34,329-397 writes it to data/working/"
/mnt/c/Users/LEONELB/OneDrive - Inter-American Development Bank Group/quito-metro-airquality-2026,air_quality,data/working/donor_pool_top100.csv,tracked,6306,025cb0b3227e327d5a7f89799cf8a76b298e231bd708a0c2f9c85442e1f8795f,derived,/home/leonelb/data/quito-metro-eval/air_quality/frozen_2026-05-29/data/working/donor_pool_top100.csv,"code/satellite/laptop_R/01b_donor_pool_selection.py:34,329-397 writes it to data/working/"
/mnt/c/Users/LEONELB/OneDrive - Inter-American Development Bank Group/quito-metro-airquality-2026,air_quality,data/working/donor_pool_top150.csv,tracked,9389,4461fa4d42439be1c51d03d8d2ca78e8adfffe5a47ddee825f7898ccdd51f8c0,derived,/home/leonelb/data/quito-metro-eval/air_quality/frozen_2026-05-29/data/working/donor_pool_top150.csv,"code/satellite/laptop_R/01b_donor_pool_selection.py:34,329-397 writes it to data/working/"
/mnt/c/Users/LEONELB/OneDrive - Inter-American Development Bank Group/quito-metro-airquality-2026,air_quality,data/working/donor_pool_top200.csv,tracked,12467,ff62045bea08dbd195fd8434229cb02d5ebd4e638c6bd0b36bdbcb16ac367501,derived,/home/leonelb/data/quito-metro-eval/air_quality/frozen_2026-05-29/data/working/donor_pool_top200.csv,"code/satellite/laptop_R/01b_donor_pool_selection.py:34,329-397 writes it to data/working/"
/mnt/c/Users/LEONELB/OneDrive - Inter-American Development Bank Group/quito-metro-airquality-2026,air_quality,data/working/donor_pool_top50.csv,tracked,3182,cfd570fbe56fa7e6d248f5971871f9aa7555f7afd6d2801eb323af4b61f21153,derived,/home/leonelb/data/quito-metro-eval/air_quality/frozen_2026-05-29/data/working/donor_pool_top50.csv,"code/satellite/laptop_R/01b_donor_pool_selection.py:34,329-397 writes it to data/working/"
/mnt/c/Users/LEONELB/OneDrive - Inter-American Development Bank Group/quito-metro-airquality-2026,air_quality,data/working/donor_pool_top75.csv,tracked,4757,2993e98c1188ecae1a38c21ae7312573678e95ea314ff51e6d0fd938775e716a,derived,/home/leonelb/data/quito-metro-eval/air_quality/frozen_2026-05-29/data/working/donor_pool_top75.csv,"code/satellite/laptop_R/01b_donor_pool_selection.py:34,329-397 writes it to data/working/"
/mnt/c/Users/LEONELB/OneDrive - Inter-American Development Bank Group/quito-metro-airquality-2026,air_quality,data/working/ucdb_donor_distances_all.csv,tracked,331940,5c82b72aadc55f422f948068a57de4084c2710eb8fb110c8590ea36546ef3c9c,derived,/home/leonelb/data/quito-metro-eval/air_quality/frozen_2026-05-29/data/working/ucdb_donor_distances_all.csv,"code/satellite/laptop_R/01b_donor_pool_selection.py:34,329-397 writes it to data/working/"
/mnt/c/Users/LEONELB/OneDrive - Inter-American Development Bank Group/quito-metro-airquality-2026,air_quality,data/working/ucdb_lac.cpg,tracked,5,3ad3031f5503a4404af825262ee8232cc04d4ea6683d42c5dd0a2f2a27ac9824,derived,/home/leonelb/data/quito-metro-eval/air_quality/frozen_2026-05-29/data/working/ucdb_lac.cpg,"code/satellite/python/01_geometries_ucdb.py:59-60,106,109 writes ucdb_lac.geojson and the ucdb_lac shapefile set"
/mnt/c/Users/LEONELB/OneDrive - Inter-American Development Bank Group/quito-metro-airquality-2026,air_quality,data/working/ucdb_lac.dbf,tracked,195061,73af93c6cbd2afafb5672a616889a4e873f93c3d12f4029f521d7b583301e7fe,derived,/home/leonelb/data/quito-metro-eval/air_quality/frozen_2026-05-29/data/working/ucdb_lac.dbf,"code/satellite/python/01_geometries_ucdb.py:59-60,106,109 writes ucdb_lac.geojson and the ucdb_lac shapefile set"
/mnt/c/Users/LEONELB/OneDrive - Inter-American Development Bank Group/quito-metro-airquality-2026,air_quality,data/working/ucdb_lac.geojson,tracked,1390580,21011e644b64c7f863f1d384f14bee8dc074c5f149254965cdf19d890a4fc672,derived,/home/leonelb/data/quito-metro-eval/air_quality/frozen_2026-05-29/data/working/ucdb_lac.geojson,"code/satellite/python/01_geometries_ucdb.py:59-60,106,109 writes ucdb_lac.geojson and the ucdb_lac shapefile set"
/mnt/c/Users/LEONELB/OneDrive - Inter-American Development Bank Group/quito-metro-airquality-2026,air_quality,data/working/ucdb_lac.prj,tracked,145,a02a27b1d1982c8516d83398e85a3c8b1aef1713c13ef4d84d7bde17430c07c4,derived,/home/leonelb/data/quito-metro-eval/air_quality/frozen_2026-05-29/data/working/ucdb_lac.prj,"code/satellite/python/01_geometries_ucdb.py:59-60,106,109 writes ucdb_lac.geojson and the ucdb_lac shapefile set"
/mnt/c/Users/LEONELB/OneDrive - Inter-American Development Bank Group/quito-metro-airquality-2026,air_quality,data/working/ucdb_lac.shp,tracked,483580,089dce9e9f2c2807cd1e21c3bb535af18bda2a196b222fbc3526ae78b52c3ac6,derived,/home/leonelb/data/quito-metro-eval/air_quality/frozen_2026-05-29/data/working/ucdb_lac.shp,"code/satellite/python/01_geometries_ucdb.py:59-60,106,109 writes ucdb_lac.geojson and the ucdb_lac shapefile set"
/mnt/c/Users/LEONELB/OneDrive - Inter-American Development Bank Group/quito-metro-airquality-2026,air_quality,data/working/ucdb_lac.shx,tracked,8812,ebe9e21273351782be2c69e0cce5c0726664d6c5d44ef8ce5c10664600fe4237,derived,/home/leonelb/data/quito-metro-eval/air_quality/frozen_2026-05-29/data/working/ucdb_lac.shx,"code/satellite/python/01_geometries_ucdb.py:59-60,106,109 writes ucdb_lac.geojson and the ucdb_lac shapefile set"
/mnt/c/Users/LEONELB/OneDrive - Inter-American Development Bank Group/quito-metro-airquality-2026,air_quality,output/local/blackout_comparison/augsynth_vs_sdid_comparison.csv,tracked,493,a7ac356f3425ffa8c06accc8439d601a673b18f3d3dd10f1a1472e385c59954a,output,/home/leonelb/data/quito-metro-eval/air_quality/frozen_2026-05-29/output/local/blackout_comparison/augsynth_vs_sdid_comparison.csv,file in an output folder
/mnt/c/Users/LEONELB/OneDrive - Inter-American Development Bank Group/quito-metro-airquality-2026,air_quality,output/local/blackout_comparison/sdid_blackout_comparison.pdf,tracked,7835,277f818a36c7e3e6bbace6d5ff995716fcdb1ffbe645c806bf89f8d9699ca6ec,output,/home/leonelb/data/quito-metro-eval/air_quality/frozen_2026-05-29/output/local/blackout_comparison/sdid_blackout_comparison.pdf,file in an output folder
/mnt/c/Users/LEONELB/OneDrive - Inter-American Development Bank Group/quito-metro-airquality-2026,air_quality,output/local/blackout_comparison/sdid_blackout_comparison.png,tracked,619514,f9c5c360b81449480e9f832b9fd791e93bc3ea3577fb641422d729edf7955d89,output,/home/leonelb/data/quito-metro-eval/air_quality/frozen_2026-05-29/output/local/blackout_comparison/sdid_blackout_comparison.png,file in an output folder
/mnt/c/Users/LEONELB/OneDrive - Inter-American Development Bank Group/quito-metro-airquality-2026,air_quality,output/local/diagnostics/missingness_CO.csv,tracked,66296,975efe6008d7b2d4d6d87a3bc6a6eda0d24939969295adce3e8f735ac519aacf,output,/home/leonelb/data/quito-metro-eval/air_quality/frozen_2026-05-29/output/local/diagnostics/missingness_CO.csv,file in an output folder
/mnt/c/Users/LEONELB/OneDrive - Inter-American Development Bank Group/quito-metro-airquality-2026,air_quality,output/local/diagnostics/missingness_NO2.csv,tracked,66385,e87400d62288da46511f6175799541f9c0c051e164d11355b1a2f6d29c0c63eb,output,/home/leonelb/data/quito-metro-eval/air_quality/frozen_2026-05-29/output/local/diagnostics/missingness_NO2.csv,file in an output folder
/mnt/c/Users/LEONELB/OneDrive - Inter-American Development Bank Group/quito-metro-airquality-2026,air_quality,output/local/diagnostics/missingness_PM25.csv,tracked,78340,c6780eff91a154d6dffe2f888b56213f56a42b1008d0b1ed186e9bb052589303,output,/home/leonelb/data/quito-metro-eval/air_quality/frozen_2026-05-29/output/local/diagnostics/missingness_PM25.csv,file in an output folder
/mnt/c/Users/LEONELB/OneDrive - Inter-American Development Bank Group/quito-metro-airquality-2026,air_quality,output/local/diagnostics/missingness_SO2.csv,tracked,69483,cc27e19e78474ea42d96e0826539e1c3fd79fb3d57023e824027dccaf2838e5f,output,/home/leonelb/data/quito-metro-eval/air_quality/frozen_2026-05-29/output/local/diagnostics/missingness_SO2.csv,file in an output folder
/mnt/c/Users/LEONELB/OneDrive - Inter-American Development Bank Group/quito-metro-airquality-2026,air_quality,output/local/figures/descriptives_time_series.pdf,tracked,25566,07e5f349bc9df8ef835de7d035d80ece280f16e0f832a6af4347b4784ba2bac4,output,/home/leonelb/data/quito-metro-eval/air_quality/frozen_2026-05-29/output/local/figures/descriptives_time_series.pdf,file in an output folder
/mnt/c/Users/LEONELB/OneDrive - Inter-American Development Bank Group/quito-metro-airquality-2026,air_quality,output/local/figures/descriptives_time_series.png,tracked,146869,3f8ba23d4a60beee99dfafc04647a792a4fdb000bf23d2a4f021b6bf970dc276,output,/home/leonelb/data/quito-metro-eval/air_quality/frozen_2026-05-29/output/local/figures/descriptives_time_series.png,file in an output folder
/mnt/c/Users/LEONELB/OneDrive - Inter-American Development Bank Group/quito-metro-airquality-2026,air_quality,output/local/figures/event_study_CO_M2b.png,tracked,26191,7d2b37b6ad1efbd38dcbd490c119284a19cfeb34b637426aea2085c3a995a406,output,/home/leonelb/data/quito-metro-eval/air_quality/frozen_2026-05-29/output/local/figures/event_study_CO_M2b.png,file in an output folder
/mnt/c/Users/LEONELB/OneDrive - Inter-American Development Bank Group/quito-metro-airquality-2026,air_quality,output/local/figures/event_study_CO_M5b.png,tracked,34548,69e0c954283a7b98232653599663217a4a3a7f56eae596d3d96c038c2745a450,output,/home/leonelb/data/quito-metro-eval/air_quality/frozen_2026-05-29/output/local/figures/event_study_CO_M5b.png,file in an output folder
/mnt/c/Users/LEONELB/OneDrive - Inter-American Development Bank Group/quito-metro-airquality-2026,air_quality,output/local/figures/event_study_CO_M8b.png,tracked,34140,5e71d4e099c065f4ecacff3e5c9331ace22e9f691dc6559a6a8bb00625d5ec85,output,/home/leonelb/data/quito-metro-eval/air_quality/frozen_2026-05-29/output/local/figures/event_study_CO_M8b.png,file in an output folder
/mnt/c/Users/LEONELB/OneDrive - Inter-American Development Bank Group/quito-metro-airquality-2026,air_quality,output/local/figures/event_study_NO2_M2b.png,tracked,25369,530091c409494e963c519e3eb2f85436572e98a6d74f7a52b5a3e481083e3a78,output,/home/leonelb/data/quito-metro-eval/air_quality/frozen_2026-05-29/output/local/figures/event_study_NO2_M2b.png,file in an output folder
/mnt/c/Users/LEONELB/OneDrive - Inter-American Development Bank Group/quito-metro-airquality-2026,air_quality,output/local/figures/event_study_NO2_M5b.png,tracked,32807,9437ddd6dfcfaecc338ad888bca89bce276c39ae472dc21d211a2045a1a2a484,output,/home/leonelb/data/quito-metro-eval/air_quality/frozen_2026-05-29/output/local/figures/event_study_NO2_M5b.png,file in an output folder
/mnt/c/Users/LEONELB/OneDrive - Inter-American Development Bank Group/quito-metro-airquality-2026,air_quality,output/local/figures/event_study_NO2_M8b.png,tracked,33318,bd923107d791a061fee12e24a8fb8220d7c5de765d1da929a7bf87f41c5c5754,output,/home/leonelb/data/quito-metro-eval/air_quality/frozen_2026-05-29/output/local/figures/event_study_NO2_M8b.png,file in an output folder
/mnt/c/Users/LEONELB/OneDrive - Inter-American Development Bank Group/quito-metro-airquality-2026,air_quality,output/local/figures/event_study_PM25_M2b.png,tracked,26083,03ec2ab1c857da35b06af9da38fc0914d67b6bc5973434bb84fc261ba5629cd6,output,/home/leonelb/data/quito-metro-eval/air_quality/frozen_2026-05-29/output/local/figures/event_study_PM25_M2b.png,file in an output folder
/mnt/c/Users/LEONELB/OneDrive - Inter-American Development Bank Group/quito-metro-airquality-2026,air_quality,output/local/figures/event_study_PM25_M5b.png,tracked,35314,9e9486704cde9f8710adc19950fe77cadc3688a4c212e76e96c67c7e52aef48a,output,/home/leonelb/data/quito-metro-eval/air_quality/frozen_2026-05-29/output/local/figures/event_study_PM25_M5b.png,file in an output folder
/mnt/c/Users/LEONELB/OneDrive - Inter-American Development Bank Group/quito-metro-airquality-2026,air_quality,output/local/figures/event_study_PM25_M8b.png,tracked,35388,e487b84334642b2f0b1478f705cce0696fefa392348930c7ec198f791cb29faf,output,/home/leonelb/data/quito-metro-eval/air_quality/frozen_2026-05-29/output/local/figures/event_study_PM25_M8b.png,file in an output folder
/mnt/c/Users/LEONELB/OneDrive - Inter-American Development Bank Group/quito-metro-airquality-2026,air_quality,output/local/figures/event_study_SO2_M2b.png,tracked,26177,24efdc2260da7701f093000946411c460bfd2ede48fe33575bf067a1e177af6c,output,/home/leonelb/data/quito-metro-eval/air_quality/frozen_2026-05-29/output/local/figures/event_study_SO2_M2b.png,file in an output folder
/mnt/c/Users/LEONELB/OneDrive - Inter-American Development Bank Group/quito-metro-airquality-2026,air_quality,output/local/figures/event_study_SO2_M5b.png,tracked,32913,28cc7b75fc065bfac1de6eda8ed39b4e10aad33f31e5d50a6351975b3b581182,output,/home/leonelb/data/quito-metro-eval/air_quality/frozen_2026-05-29/output/local/figures/event_study_SO2_M5b.png,file in an output folder
/mnt/c/Users/LEONELB/OneDrive - Inter-American Development Bank Group/quito-metro-airquality-2026,air_quality,output/local/figures/event_study_SO2_M8b.png,tracked,33035,43518186ee9ab4343a0c2da420877b9bbaf6f9315cac1e0e3f108b071cb58324,output,/home/leonelb/data/quito-metro-eval/air_quality/frozen_2026-05-29/output/local/figures/event_study_SO2_M8b.png,file in an output folder
/mnt/c/Users/LEONELB/OneDrive - Inter-American Development Bank Group/quito-metro-airquality-2026,air_quality,output/local/figures/headline_event_study_M5b.pdf,tracked,12343,c0104b348a5b4b99ae3915792fede560dc39fdebd98a13c69958041a0a4fbbc6,output,/home/leonelb/data/quito-metro-eval/air_quality/frozen_2026-05-29/output/local/figures/headline_event_study_M5b.pdf,file in an output folder
/mnt/c/Users/LEONELB/OneDrive - Inter-American Development Bank Group/quito-metro-airquality-2026,air_quality,output/local/figures/headline_event_study_M5b.png,tracked,83339,f5f4a81ab60349dab30d1da227e692a561e1db8d6bce1129908e52ce2dc68cd7,output,/home/leonelb/data/quito-metro-eval/air_quality/frozen_2026-05-29/output/local/figures/headline_event_study_M5b.png,file in an output folder
/mnt/c/Users/LEONELB/OneDrive - Inter-American Development Bank Group/quito-metro-airquality-2026,air_quality,output/local/tables/att_weekly_CO.csv,tracked,132474,109899811af0af3818d56231c614ed13bc3ed4c34f1fa0c7c5d5c14649f4a781,output,/home/leonelb/data/quito-metro-eval/air_quality/frozen_2026-05-29/output/local/tables/att_weekly_CO.csv,file in an output folder
/mnt/c/Users/LEONELB/OneDrive - Inter-American Development Bank Group/quito-metro-airquality-2026,air_quality,output/local/tables/att_weekly_NO2.csv,tracked,134455,73a6f984dcbde23b34dfa0243288f970756cb9ac99266c6638c124f494801f56,output,/home/leonelb/data/quito-metro-eval/air_quality/frozen_2026-05-29/output/local/tables/att_weekly_NO2.csv,file in an output folder
/mnt/c/Users/LEONELB/OneDrive - Inter-American Development Bank Group/quito-metro-airquality-2026,air_quality,output/local/tables/att_weekly_PM25.csv,tracked,114675,a075254f305013ef70c44ead9d1ddb6ee35da200a067e1560236fa0d4668974a,output,/home/leonelb/data/quito-metro-eval/air_quality/frozen_2026-05-29/output/local/tables/att_weekly_PM25.csv,file in an output folder
/mnt/c/Users/LEONELB/OneDrive - Inter-American Development Bank Group/quito-metro-airquality-2026,air_quality,output/local/tables/att_weekly_SO2.csv,tracked,133650,cabe58b52f577e5d6c44eb737ea7f1e87b68e7c90ed9e4aa13fab5988e5447c4,output,/home/leonelb/data/quito-metro-eval/air_quality/frozen_2026-05-29/output/local/tables/att_weekly_SO2.csv,file in an output folder
/mnt/c/Users/LEONELB/OneDrive - Inter-American Development Bank Group/quito-metro-airquality-2026,air_quality,output/local/tables/descriptives_sample_construction.csv,tracked,312,873e210a17eb13d03719d5ec4a5bc0b6c7d29eb59561d0c7f0d9b1068163362b,output,/home/leonelb/data/quito-metro-eval/air_quality/frozen_2026-05-29/output/local/tables/descriptives_sample_construction.csv,file in an output folder
/mnt/c/Users/LEONELB/OneDrive - Inter-American Development Bank Group/quito-metro-airquality-2026,air_quality,output/local/tables/descriptives_summary_stats.csv,tracked,2903,cd8f6459f1cb823c875451f2d0faa69171bb6a8d0d6ed195e3406efabae6657f,output,/home/leonelb/data/quito-metro-eval/air_quality/frozen_2026-05-29/output/local/tables/descriptives_summary_stats.csv,file in an output folder
/mnt/c/Users/LEONELB/OneDrive - Inter-American Development Bank Group/quito-metro-airquality-2026,air_quality,output/local/tables/descriptives_time_series_data.csv,tracked,147163,d882d2afaa5ecb43268d0aa19546d952317bfca51a78dd2ea424f177d76c7890,output,/home/leonelb/data/quito-metro-eval/air_quality/frozen_2026-05-29/output/local/tables/descriptives_time_series_data.csv,file in an output folder
/mnt/c/Users/LEONELB/OneDrive - Inter-American Development Bank Group/quito-metro-airquality-2026,air_quality,output/local/tables/descriptives_treatment_timeline.csv,tracked,406,3f72880d896874687bd3cd2c498ad7c77664a3f0f1453583ba71c7e20f6bf0c8,output,/home/leonelb/data/quito-metro-eval/air_quality/frozen_2026-05-29/output/local/tables/descriptives_treatment_timeline.csv,file in an output folder
/mnt/c/Users/LEONELB/OneDrive - Inter-American Development Bank Group/quito-metro-airquality-2026,air_quality,output/local/tables/donor_weights_CO.csv,tracked,4843,e033ffd001be6f60215bd73be1ce0b1b8dc3f82d3430099c71f9c244d9a0b89a,output,/home/leonelb/data/quito-metro-eval/air_quality/frozen_2026-05-29/output/local/tables/donor_weights_CO.csv,file in an output folder
/mnt/c/Users/LEONELB/OneDrive - Inter-American Development Bank Group/quito-metro-airquality-2026,air_quality,output/local/tables/donor_weights_NO2.csv,tracked,4914,2a3b644b658846a1945f0532dd77156675cea9a43d2c747d5fa73ea0180dd1e0,output,/home/leonelb/data/quito-metro-eval/air_quality/frozen_2026-05-29/output/local/tables/donor_weights_NO2.csv,file in an output folder
/mnt/c/Users/LEONELB/OneDrive - Inter-American Development Bank Group/quito-metro-airquality-2026,air_quality,output/local/tables/donor_weights_PM25.csv,tracked,5938,8b2a4a6f9305c3593ca9899279fc67cbaa18c7105a682d731310105a189e9991,output,/home/leonelb/data/quito-metro-eval/air_quality/frozen_2026-05-29/output/local/tables/donor_weights_PM25.csv,file in an output folder
/mnt/c/Users/LEONELB/OneDrive - Inter-American Development Bank Group/quito-metro-airquality-2026,air_quality,output/local/tables/donor_weights_SO2.csv,tracked,4915,99bccc981505baa35b957fcd8eaa23af2e07c7e0c1d1f5a1c462374c33797576,output,/home/leonelb/data/quito-metro-eval/air_quality/frozen_2026-05-29/output/local/tables/donor_weights_SO2.csv,file in an output folder
/mnt/c/Users/LEONELB/OneDrive - Inter-American Development Bank Group/quito-metro-airquality-2026,air_quality,output/local/tables/results_CO.csv,tracked,4383,bc5ddf2d0d469845f68af12512a89d05b356e9f78f9cadd51bd0cdf3f121e59c,output,/home/leonelb/data/quito-metro-eval/air_quality/frozen_2026-05-29/output/local/tables/results_CO.csv,file in an output folder
/mnt/c/Users/LEONELB/OneDrive - Inter-American Development Bank Group/quito-metro-airquality-2026,air_quality,output/local/tables/results_NO2.csv,tracked,4382,d6030ace6d81916123952033f76c78623d235002b2f3bece7a1af6caf2aae32b,output,/home/leonelb/data/quito-metro-eval/air_quality/frozen_2026-05-29/output/local/tables/results_NO2.csv,file in an output folder
/mnt/c/Users/LEONELB/OneDrive - Inter-American Development Bank Group/quito-metro-airquality-2026,air_quality,output/local/tables/results_PM25.csv,tracked,4362,2bd33a4bed72104668b126e9eecf08b139c617f9280573ebc892402db3c5cade,output,/home/leonelb/data/quito-metro-eval/air_quality/frozen_2026-05-29/output/local/tables/results_PM25.csv,file in an output folder
/mnt/c/Users/LEONELB/OneDrive - Inter-American Development Bank Group/quito-metro-airquality-2026,air_quality,output/local/tables/results_SO2.csv,tracked,4384,c87768c2ba78e87d41747acd69ee4e38a07d3825097eba89f44cd57369d34de0,output,/home/leonelb/data/quito-metro-eval/air_quality/frozen_2026-05-29/output/local/tables/results_SO2.csv,file in an output folder
/mnt/c/Users/LEONELB/OneDrive - Inter-American Development Bank Group/quito-metro-airquality-2026,air_quality,output/local/tables/results_all_pollutants.csv,tracked,18730,722b3c61f09073d924de00d21ac654a8c2d742729fb7be819324390116f0d8dc,output,/home/leonelb/data/quito-metro-eval/air_quality/frozen_2026-05-29/output/local/tables/results_all_pollutants.csv,file in an output folder
/mnt/c/Users/LEONELB/OneDrive - Inter-American Development Bank Group/quito-metro-airquality-2026,air_quality,output/local/tables/results_primary_specs.csv,tracked,4979,f2191f070979ca8fec6302741309b54bee704f8855fd94e0c91033760f67d901,output,/home/leonelb/data/quito-metro-eval/air_quality/frozen_2026-05-29/output/local/tables/results_primary_specs.csv,file in an output folder
/mnt/c/Users/LEONELB/OneDrive - Inter-American Development Bank Group/quito-metro-airquality-2026,air_quality,output/local/tables/trajectories_CO.csv,tracked,204870,8f8c1a2eb4842c06266fa81141c8a4bc22f2417d168b7aeed96a826b35bba0e4,output,/home/leonelb/data/quito-metro-eval/air_quality/frozen_2026-05-29/output/local/tables/trajectories_CO.csv,file in an output folder
/mnt/c/Users/LEONELB/OneDrive - Inter-American Development Bank Group/quito-metro-airquality-2026,air_quality,output/local/tables/trajectories_NO2.csv,tracked,201041,2369bbb1456923834e9a4c67c41985925697e211f7f6e961a0c9634d0d8050e4,output,/home/leonelb/data/quito-metro-eval/air_quality/frozen_2026-05-29/output/local/tables/trajectories_NO2.csv,file in an output folder
/mnt/c/Users/LEONELB/OneDrive - Inter-American Development Bank Group/quito-metro-airquality-2026,air_quality,output/local/tables/trajectories_PM25.csv,tracked,174663,2cba02266b40fd11b926211b9d208b1baaaeee28a1b7e44bb2a0ee816c42cbe0,output,/home/leonelb/data/quito-metro-eval/air_quality/frozen_2026-05-29/output/local/tables/trajectories_PM25.csv,file in an output folder
/mnt/c/Users/LEONELB/OneDrive - Inter-American Development Bank Group/quito-metro-airquality-2026,air_quality,output/local/tables/trajectories_SO2.csv,tracked,201641,b1c358171a3bf914b80084a876b0b8bb0de00e1132a2135a4ebee7ff982666fb,output,/home/leonelb/data/quito-metro-eval/air_quality/frozen_2026-05-29/output/local/tables/trajectories_SO2.csv,file in an output folder
/mnt/c/Users/LEONELB/OneDrive - Inter-American Development Bank Group/quito-metro-airquality-2026,air_quality,output/satellite/diagnostics/imputation_sample_size_effect.csv,tracked,110,880682b1fb2f7148b38c6eea0885b5acfe61bf7adf1d7c35cd923fad2a4e7ee4,output,/home/leonelb/data/quito-metro-eval/air_quality/frozen_2026-05-29/output/satellite/diagnostics/imputation_sample_size_effect.csv,file in an output folder
/mnt/c/Users/LEONELB/OneDrive - Inter-American Development Bank Group/quito-metro-airquality-2026,air_quality,output/satellite/diagnostics/quito_imputation_by_period.csv,tracked,62,a4848b757319ce0828d06baa0763de8b0b65c014efce6e933d85fadc30bbbe09,output,/home/leonelb/data/quito-metro-eval/air_quality/frozen_2026-05-29/output/satellite/diagnostics/quito_imputation_by_period.csv,file in an output folder
/mnt/c/Users/LEONELB/OneDrive - Inter-American Development Bank Group/quito-metro-airquality-2026,air_quality,output/satellite/diagnostics/quito_imputation_summary.csv,tracked,134,a4e0b803a0377ccf533f21b1317db7c58a138e6a5d3c4e15d0b8f7eb523fc1c6,output,/home/leonelb/data/quito-metro-eval/air_quality/frozen_2026-05-29/output/satellite/diagnostics/quito_imputation_summary.csv,file in an output folder
/mnt/c/Users/LEONELB/OneDrive - Inter-American Development Bank Group/quito-metro-airquality-2026,air_quality,output/satellite/diagnostics/quito_imputed_weeks.csv,tracked,359,30d088b61131d1cbc7ec963980a2972bd07fcf184af3c09cbb86b231f29351fe,output,/home/leonelb/data/quito-metro-eval/air_quality/frozen_2026-05-29/output/satellite/diagnostics/quito_imputed_weeks.csv,file in an output folder
/mnt/c/Users/LEONELB/OneDrive - Inter-American Development Bank Group/quito-metro-airquality-2026,air_quality,.Rhistory (1 files),ignored,30994,,environment,not copied to the store,"package library, IDE state, local settings or shell history; not data"
/mnt/c/Users/LEONELB/OneDrive - Inter-American Development Bank Group/quito-metro-airquality-2026,air_quality,.Rproj.user/AD5F5C51/ (110 files),ignored,370650,,environment,not copied to the store,"package library, IDE state, local settings or shell history; not data"
/mnt/c/Users/LEONELB/OneDrive - Inter-American Development Bank Group/quito-metro-airquality-2026,air_quality,.Rproj.user/shared/ (2 files),ignored,1902,,environment,not copied to the store,"package library, IDE state, local settings or shell history; not data"
/mnt/c/Users/LEONELB/OneDrive - Inter-American Development Bank Group/quito-metro-airquality-2026,air_quality,.claude/settings.local.json/ (1 files),ignored,78,,environment,not copied to the store,"package library, IDE state, local settings or shell history; not data"
/mnt/c/Users/LEONELB/OneDrive - Inter-American Development Bank Group/quito-metro-airquality-2026,air_quality,.venv/Lib/ (9481 files),ignored,368502214,,environment,not copied to the store,"package library, IDE state, local settings or shell history; not data"
/mnt/c/Users/LEONELB/OneDrive - Inter-American Development Bank Group/quito-metro-airquality-2026,air_quality,.venv/Scripts/ (14 files),ignored,1437137,,environment,not copied to the store,"package library, IDE state, local settings or shell history; not data"
/mnt/c/Users/LEONELB/OneDrive - Inter-American Development Bank Group/quito-metro-airquality-2026,air_quality,.venv/pyvenv.cfg/ (1 files),ignored,391,,environment,not copied to the store,"package library, IDE state, local settings or shell history; not data"
/mnt/c/Users/LEONELB/OneDrive - Inter-American Development Bank Group/quito-metro-airquality-2026,air_quality,code/.Rhistory/ (1 files),ignored,3566,,environment,not copied to the store,"package library, IDE state, local settings or shell history; not data"
/mnt/c/Users/LEONELB/OneDrive - Inter-American Development Bank Group/quito-metro-airquality-2026,air_quality,code/satellite/ (1 files),ignored,140,,environment,not copied to the store,"package library, IDE state, local settings or shell history; not data"
/mnt/c/Users/LEONELB/OneDrive - Inter-American Development Bank Group/quito-metro-airquality-2026,air_quality,renv/library/windows/ (928 files),ignored,14866637,,environment,not copied to the store,"package library, IDE state, local settings or shell history; not data"
/home/leonelb/projects/waze-metroq,congestion,Data/Waze/parquet/all_roadtype.parquet,ignored,119459813,6050031f51cd8ab83827c669428cf5e8549fa3336a434475fe86c3de170adeb0,derived,/home/leonelb/data/quito-metro-eval/congestion/frozen_2026-09-17/Data/Waze/parquet/all_roadtype.parquet,Scripts/Congestion/02_prepare_blocks.R:21 (COPY ... TO the deduplicated blocks and manifest)
/home/leonelb/projects/waze-metroq,congestion,Data/Waze/parquet/deduplication_manifest.rds,ignored,440,69acd690decd5cf5252314c11a27857151e9ba4602ed44b831dd4ac4c24da4dd,derived,/home/leonelb/data/quito-metro-eval/congestion/frozen_2026-09-17/Data/Waze/parquet/deduplication_manifest.rds,Scripts/Congestion/02_prepare_blocks.R:21 (COPY ... TO the deduplicated blocks and manifest)
/home/leonelb/projects/waze-metroq,congestion,Data/Waze/parquet/large.parquet,ignored,73687484,3417a98c508399f38407a481d4a07004e1d0c60291c18b3c409fd457ae295b35,derived,/home/leonelb/data/quito-metro-eval/congestion/frozen_2026-09-17/Data/Waze/parquet/large.parquet,Scripts/Congestion/02_prepare_blocks.R:21 (COPY ... TO the deduplicated blocks and manifest)
/home/leonelb/projects/waze-metroq,congestion,Data/Waze/raw/grids_polygons.csv,ignored,761250,16b96652494c6ca1489eab9963d97caa43047df9bcf311abea74f70cb441b0d5,raw,/home/leonelb/data/quito-metro-eval/congestion/raw/Data/Waze/raw/grids_polygons.csv,Waze delivery read by Scripts/Congestion/inventory_helpers.R:12-14 and 00_orient.R:55-56; no writer
/home/leonelb/projects/waze-metroq,congestion,Data/Waze/raw/grids_quito_hourly_2019-2025.csv,ignored,5612810893,1edb1f4e9aca6a4a65a87b6649c7c759768690bbff22915444e43bf4fab8ee28,raw,/home/leonelb/data/quito-metro-eval/congestion/raw/Data/Waze/raw/grids_quito_hourly_2019-2025.csv,Waze delivery read by Scripts/Congestion/inventory_helpers.R:12-14 and 00_orient.R:55-56; no writer
/home/leonelb/projects/waze-metroq,congestion,Data/Waze/raw/grids_quito_hourly_2019-2025.parquet,ignored,939414511,c89e5bfc69ebc7951a3c8efe1f496f2adf2526238211de92f01410691171ad0d,raw,/home/leonelb/data/quito-metro-eval/congestion/raw/Data/Waze/raw/grids_quito_hourly_2019-2025.parquet,Waze delivery read by Scripts/Congestion/inventory_helpers.R:12-14 and 00_orient.R:55-56; no writer
/home/leonelb/projects/waze-metroq,congestion,Data/Waze/raw/roadlengths_quito.csv,ignored,4565628,876de13da05ff0cf30a241799d21810dea69b40ad76dfcb9fd6c5a5a742e3126,raw,/home/leonelb/data/quito-metro-eval/congestion/raw/Data/Waze/raw/roadlengths_quito.csv,Waze delivery read by Scripts/Congestion/inventory_helpers.R:12-14 and 00_orient.R:55-56; no writer
/home/leonelb/projects/waze-metroq,congestion,Data/spatial/Distancia_REMMAQ_Metro.gpkg,ignored,106496,4ac7cf498335d45b4a6bbb8c9d167ea2f1c38e37fb65042e59a7935b6d01d273,raw,/home/leonelb/data/quito-metro-eval/congestion/raw/Data/spatial/Distancia_REMMAQ_Metro.gpkg,"read by Scripts/Congestion/inventory_helpers.R:63-65, 02_descriptives.R:116-118, 00_orient.R:41-44; no writer"
/home/leonelb/projects/waze-metroq,congestion,Data/spatial/MetroLine.gpkg,ignored,110592,e036fdc44b44f8555eef5e6a5ab98407fc43f4833d419c32378c898d39fe832f,raw,/home/leonelb/data/quito-metro-eval/congestion/raw/Data/spatial/MetroLine.gpkg,"read by Scripts/Congestion/inventory_helpers.R:63-65, 02_descriptives.R:116-118, 00_orient.R:41-44; no writer"
/home/leonelb/projects/waze-metroq,congestion,Data/spatial/MetroStations.cpg,ignored,5,3ad3031f5503a4404af825262ee8232cc04d4ea6683d42c5dd0a2f2a27ac9824,raw,/home/leonelb/data/quito-metro-eval/congestion/raw/Data/spatial/MetroStations.cpg,"read by Scripts/Congestion/inventory_helpers.R:63-65, 02_descriptives.R:116-118, 00_orient.R:41-44; no writer"
/home/leonelb/projects/waze-metroq,congestion,Data/spatial/MetroStations.dbf,ignored,386,171d1af0ac4ad77e8fedd10409f0bb90b9d7cc6a8f70c3565e2c2fc904b7911c,raw,/home/leonelb/data/quito-metro-eval/congestion/raw/Data/spatial/MetroStations.dbf,"read by Scripts/Congestion/inventory_helpers.R:63-65, 02_descriptives.R:116-118, 00_orient.R:41-44; no writer"
/home/leonelb/projects/waze-metroq,congestion,Data/spatial/MetroStations.gpkg,ignored,110592,115f574b4f4787b53c62a069c6cf4d1ae41251d326a89256a3921f6d058ecd3f,raw,/home/leonelb/data/quito-metro-eval/congestion/raw/Data/spatial/MetroStations.gpkg,"read by Scripts/Congestion/inventory_helpers.R:63-65, 02_descriptives.R:116-118, 00_orient.R:41-44; no writer"
/home/leonelb/projects/waze-metroq,congestion,Data/spatial/MetroStations.prj,ignored,409,d70dbd1f7611d43565645fee51a6fa1e29e2ebc0ffd1af0774b1e46996059131,raw,/home/leonelb/data/quito-metro-eval/congestion/raw/Data/spatial/MetroStations.prj,"read by Scripts/Congestion/inventory_helpers.R:63-65, 02_descriptives.R:116-118, 00_orient.R:41-44; no writer"
/home/leonelb/projects/waze-metroq,congestion,Data/spatial/MetroStations.qmd,ignored,2342,725ccb37dc99b8a04d179893bb2b117c98b9d66317835c01c0340e14f9173d64,raw,/home/leonelb/data/quito-metro-eval/congestion/raw/Data/spatial/MetroStations.qmd,"read by Scripts/Congestion/inventory_helpers.R:63-65, 02_descriptives.R:116-118, 00_orient.R:41-44; no writer"
/home/leonelb/projects/waze-metroq,congestion,Data/spatial/MetroStations.shp,ignored,100,b1af782a5b9b7e51b7807567f3cae2d59640a0169c706216692d898af41e67ba,raw,/home/leonelb/data/quito-metro-eval/congestion/raw/Data/spatial/MetroStations.shp,"read by Scripts/Congestion/inventory_helpers.R:63-65, 02_descriptives.R:116-118, 00_orient.R:41-44; no writer"
/home/leonelb/projects/waze-metroq,congestion,Data/spatial/MetroStations.shx,ignored,100,b1af782a5b9b7e51b7807567f3cae2d59640a0169c706216692d898af41e67ba,raw,/home/leonelb/data/quito-metro-eval/congestion/raw/Data/spatial/MetroStations.shx,"read by Scripts/Congestion/inventory_helpers.R:63-65, 02_descriptives.R:116-118, 00_orient.R:41-44; no writer"
/home/leonelb/projects/waze-metroq,congestion,Output/Waze/inventory/cell_groups.csv,ignored,467206,48c9652fb14e55adee4884c034ac281ee1eb577855acf78a12f48db6c83cd3c4,output,/home/leonelb/data/quito-metro-eval/congestion/frozen_2026-09-17/Output/Waze/inventory/cell_groups.csv,file in an output folder
/home/leonelb/projects/waze-metroq,congestion,Output/Waze/inventory/cell_month_coverage.csv,ignored,12522990,f3beb13d0a33e2e4dbde7b8a62506d0edb9f86dc35878c9e2644224c6b31b4c0,output,/home/leonelb/data/quito-metro-eval/congestion/frozen_2026-09-17/Output/Waze/inventory/cell_month_coverage.csv,file in an output folder
/home/leonelb/projects/waze-metroq,congestion,Output/Waze/inventory/monthly_coverage.csv,ignored,72837,1487d08758b962be324f7553395177d9d687ee81b12d0b654e833056328ed006,output,/home/leonelb/data/quito-metro-eval/congestion/frozen_2026-09-17/Output/Waze/inventory/monthly_coverage.csv,file in an output folder
/home/leonelb/projects/waze-metroq,congestion,Output/Waze/descriptives/cell_eligibility.rds,tracked,140572,9c4e3aff407148196222805fb9b158cecdbb389d6769f039db1cdcb1d7f72074,output,/home/leonelb/data/quito-metro-eval/congestion/frozen_2026-09-17/Output/Waze/descriptives/cell_eligibility.rds,file in an output folder
/home/leonelb/projects/waze-metroq,congestion,Output/Waze/descriptives/cell_month_blocks.rds,tracked,14768340,bd9aff98230ee5645d33ba5d36f99b1d6fb5caa9cef6a9dfe4f7aeb137e46781,output,/home/leonelb/data/quito-metro-eval/congestion/frozen_2026-09-17/Output/Waze/descriptives/cell_month_blocks.rds,file in an output folder
/home/leonelb/projects/waze-metroq,congestion,Output/Waze/descriptives/construction_preperiod.png,tracked,135337,bfcfbc762eb211eec4ec9b7d21916eb96dab3da19ff69b5f3f38aeb52f03b0d3,output,/home/leonelb/data/quito-metro-eval/congestion/frozen_2026-09-17/Output/Waze/descriptives/construction_preperiod.png,file in an output folder
/home/leonelb/projects/waze-metroq,congestion,Output/Waze/descriptives/descriptive_summary.rds,tracked,42015,6d09b762e3363ef7203cd0a9c9ea9d04c0843980352f077acaec96fccd8264ad,output,/home/leonelb/data/quito-metro-eval/congestion/frozen_2026-09-17/Output/Waze/descriptives/descriptive_summary.rds,file in an output folder
/home/leonelb/projects/waze-metroq,congestion,Output/Waze/descriptives/fast_road_support.png,tracked,208069,322e0675c6d11af4770e303e7110f3dfb40a98115b429d9d84d53955ec6cb13e,output,/home/leonelb/data/quito-metro-eval/congestion/frozen_2026-09-17/Output/Waze/descriptives/fast_road_support.png,file in an output folder
/home/leonelb/projects/waze-metroq,congestion,Output/Waze/descriptives/freeflow_diagnostic.png,tracked,315507,725e9605ee6227684672cc583a0913ea806728a4b0b89114b42a7163f14af8e3,output,/home/leonelb/data/quito-metro-eval/congestion/frozen_2026-09-17/Output/Waze/descriptives/freeflow_diagnostic.png,file in an output folder
/home/leonelb/projects/waze-metroq,congestion,Output/Waze/descriptives/group_series.rds,tracked,99711,4ee2e6702cf873165a0cdf86beaa3fdcfe9ae392efea00d7b6ce8c94f76cd753,output,/home/leonelb/data/quito-metro-eval/congestion/frozen_2026-09-17/Output/Waze/descriptives/group_series.rds,file in an output folder
/home/leonelb/projects/waze-metroq,congestion,Output/Waze/descriptives/hour_profiles.png,tracked,122461,b0059e1a173ac573acef8a15da09380371152440f0c5a9a7852a0f85745047cd,output,/home/leonelb/data/quito-metro-eval/congestion/frozen_2026-09-17/Output/Waze/descriptives/hour_profiles.png,file in an output folder
/home/leonelb/projects/waze-metroq,congestion,Output/Waze/descriptives/independent_audit.rds,tracked,444,9fb10a578eca26f0b87f6539754ae1f92e1052fc9daeb91117d571871bdffed8,output,/home/leonelb/data/quito-metro-eval/congestion/frozen_2026-09-17/Output/Waze/descriptives/independent_audit.rds,file in an output folder
/home/leonelb/projects/waze-metroq,congestion,Output/Waze/descriptives/map_density.png,tracked,160377,f2066aa3bc7581afe69bcf19c80501e6d3a99262bcbee607a506279dc2705d37,output,/home/leonelb/data/quito-metro-eval/congestion/frozen_2026-09-17/Output/Waze/descriptives/map_density.png,file in an output folder
/home/leonelb/projects/waze-metroq,congestion,Output/Waze/descriptives/map_groups.png,tracked,79615,e8e24e4854f52f8d412dc7518a4b87d1a03584ff8abbf447c92f9ee38f2824a7,output,/home/leonelb/data/quito-metro-eval/congestion/frozen_2026-09-17/Output/Waze/descriptives/map_groups.png,file in an output folder
/home/leonelb/projects/waze-metroq,congestion,Output/Waze/descriptives/map_saturated_donors.png,tracked,82436,3521a3808458037ff5145938583c59f25e2f76c87c0c7c5dfa5f307405bf9838,output,/home/leonelb/data/quito-metro-eval/congestion/frozen_2026-09-17/Output/Waze/descriptives/map_saturated_donors.png,file in an output folder
/home/leonelb/projects/waze-metroq,congestion,Output/Waze/descriptives/monitor_neighborhoods.png,tracked,343287,54a9c5085a46c79b1da5a79f7585fd1b40010fee5f40ac9911c0ebe68ab7bc9f,output,/home/leonelb/data/quito-metro-eval/congestion/frozen_2026-09-17/Output/Waze/descriptives/monitor_neighborhoods.png,file in an output folder
/home/leonelb/projects/waze-metroq,congestion,Output/Waze/descriptives/negative_spread_adjacent_months.rds,tracked,36468,3ec57649d7754848ca90f9b213c0582a2a778439103bfa8c6bf473a06caf5d11,output,/home/leonelb/data/quito-metro-eval/congestion/frozen_2026-09-17/Output/Waze/descriptives/negative_spread_adjacent_months.rds,file in an output folder
/home/leonelb/projects/waze-metroq,congestion,Output/Waze/descriptives/negative_spread_comparison.png,tracked,130287,d8c10d15c20bc090fbf9ded0c0d2fddd36d1f35a7998da993093b6e16d6ba52e,output,/home/leonelb/data/quito-metro-eval/congestion/frozen_2026-09-17/Output/Waze/descriptives/negative_spread_comparison.png,file in an output folder
/home/leonelb/projects/waze-metroq,congestion,Output/Waze/descriptives/negative_spread_timing.png,tracked,38860,4feb2cc68fa63858d5ef9673bcbb78b642d24169eee01d7ed455ca7a35003835,output,/home/leonelb/data/quito-metro-eval/congestion/frozen_2026-09-17/Output/Waze/descriptives/negative_spread_timing.png,file in an output folder
/home/leonelb/projects/waze-metroq,congestion,Output/Waze/descriptives/penetration_proxies.png,tracked,352350,c84b67712957d468eb4b7c48130e839cccf1240613377f7e9965f71598075af3,output,/home/leonelb/data/quito-metro-eval/congestion/frozen_2026-09-17/Output/Waze/descriptives/penetration_proxies.png,file in an output folder
/home/leonelb/projects/waze-metroq,congestion,Output/Waze/descriptives/period_descriptive_levels.rds,tracked,776,50315b0856f9f3987821f28bce3976c67d0d43c28eadbcec1aedb7acb993c862,output,/home/leonelb/data/quito-metro-eval/congestion/frozen_2026-09-17/Output/Waze/descriptives/period_descriptive_levels.rds,file in an output folder
/home/leonelb/projects/waze-metroq,congestion,Output/Waze/descriptives/pre_donor_comparison.png,tracked,208584,6dac9808a0e6dd31e0bf2d39582eee38674441d56556c33de707e7b710d71c72,output,/home/leonelb/data/quito-metro-eval/congestion/frozen_2026-09-17/Output/Waze/descriptives/pre_donor_comparison.png,file in an output folder
/home/leonelb/projects/waze-metroq,congestion,Output/Waze/descriptives/report_numeric_facts.rds,tracked,593,386fb897e9fcbacb7d0fc4b9f93e7c440e0bcc8e32c497cb71413bffd0b58b7f,output,/home/leonelb/data/quito-metro-eval/congestion/frozen_2026-09-17/Output/Waze/descriptives/report_numeric_facts.rds,file in an output folder
/home/leonelb/projects/waze-metroq,congestion,Output/Waze/descriptives/rest_decomposition.png,tracked,158888,cb3d9781b7303ac9ea9dac560718fea88f4fcf2f7fcb5f0f7977c50211ebf802,output,/home/leonelb/data/quito-metro-eval/congestion/frozen_2026-09-17/Output/Waze/descriptives/rest_decomposition.png,file in an output folder
/home/leonelb/projects/waze-metroq,congestion,Output/Waze/descriptives/rest_decomposition.rds,tracked,28096,53eb52b414bea7eff7bdc3d452ddca0ce314504408d445392a0ede539d8517cb,output,/home/leonelb/data/quito-metro-eval/congestion/frozen_2026-09-17/Output/Waze/descriptives/rest_decomposition.rds,file in an output folder
/home/leonelb/projects/waze-metroq,congestion,Output/Waze/descriptives/series_avg_jam_speed_ratio.png,tracked,359519,c0f843cecedc1f47c203a6056c8d75768da3b54059f05298b854ebe0330c2473,output,/home/leonelb/data/quito-metro-eval/congestion/frozen_2026-09-17/Output/Waze/descriptives/series_avg_jam_speed_ratio.png,file in an output folder
/home/leonelb/projects/waze-metroq,congestion,Output/Waze/descriptives/series_tc_spread.png,tracked,359575,988c96fe55942541eae00cdd0d43904b5f1ced7580824740e1e9b16609b368a0,output,/home/leonelb/data/quito-metro-eval/congestion/frozen_2026-09-17/Output/Waze/descriptives/series_tc_spread.png,file in an output folder
/home/leonelb/projects/waze-metroq,congestion,Output/Waze/descriptives/series_tci_osm_ratio.png,tracked,377256,6879626c9e0507ce53797009549697fc3bec4cce63aa7ac2bfd11037710b8597,output,/home/leonelb/data/quito-metro-eval/congestion/frozen_2026-09-17/Output/Waze/descriptives/series_tci_osm_ratio.png,file in an output folder
/home/leonelb/projects/waze-metroq,congestion,Output/Waze/descriptives/series_tci_severe_osm_ratio.png,tracked,345334,4e70ae709876d76baf5fc4e092fbcd71e82309099af4a51457b56a4a1e22c469,output,/home/leonelb/data/quito-metro-eval/congestion/frozen_2026-09-17/Output/Waze/descriptives/series_tci_severe_osm_ratio.png,file in an output folder
/home/leonelb/projects/waze-metroq,congestion,Output/Waze/inventory/cell_groups.rds,tracked,262318,336a263cb698a7f078e51cd5be8c7615cbaddbdec160b4934c230865c93b8414,output,/home/leonelb/data/quito-metro-eval/congestion/frozen_2026-09-17/Output/Waze/inventory/cell_groups.rds,file in an output folder
/home/leonelb/projects/waze-metroq,congestion,Output/Waze/inventory/cell_month_coverage.rds,tracked,2451056,cb834e762d9fcc64b2de18d6033c596efbb736eb6ac603185e54d384178746a5,output,/home/leonelb/data/quito-metro-eval/congestion/frozen_2026-09-17/Output/Waze/inventory/cell_month_coverage.rds,file in an output folder
/home/leonelb/projects/waze-metroq,congestion,Output/Waze/inventory/coverage_cell_hours.png,tracked,182766,664271fdf1332f782d332035c210052ce0682ce1817a66d68e8de1364e4e398b,output,/home/leonelb/data/quito-metro-eval/congestion/frozen_2026-09-17/Output/Waze/inventory/coverage_cell_hours.png,file in an output folder
/home/leonelb/projects/waze-metroq,congestion,Output/Waze/inventory/coverage_cells.png,tracked,121549,7f498231591d9651f9a2ae5a6549601c9ddf24ce4c7a90e774b1ed5a9f5ecd0f,output,/home/leonelb/data/quito-metro-eval/congestion/frozen_2026-09-17/Output/Waze/inventory/coverage_cells.png,file in an output folder
/home/leonelb/projects/waze-metroq,congestion,Output/Waze/inventory/coverage_gap_2025.png,tracked,375341,13f5d041f4686d87311185e409ce8b293c83701257b4938852c91f07f7df5d5d,output,/home/leonelb/data/quito-metro-eval/congestion/frozen_2026-09-17/Output/Waze/inventory/coverage_gap_2025.png,file in an output folder
/home/leonelb/projects/waze-metroq,congestion,Output/Waze/inventory/csv_parquet_certificate.rds,tracked,1825,2bc7315ac8666b9b8dbf3f69897de6fbee7ec00c94803f29b2f72c03d6710c2d,output,/home/leonelb/data/quito-metro-eval/congestion/frozen_2026-09-17/Output/Waze/inventory/csv_parquet_certificate.rds,file in an output folder
/home/leonelb/projects/waze-metroq,congestion,Output/Waze/inventory/independent_audit.rds,tracked,923,2ec6c72e0ea9fb9ab77667bf191e4e3057c5f70416f9d785b9f569b0c2568606,output,/home/leonelb/data/quito-metro-eval/congestion/frozen_2026-09-17/Output/Waze/inventory/independent_audit.rds,file in an output folder
/home/leonelb/projects/waze-metroq,congestion,Output/Waze/inventory/indirect_penetration_proxies.png,tracked,374191,4fdbacb098431af9ef047e5f0471ddce9a51ffd90ed9b79a6a68f64eadf9bd8d,output,/home/leonelb/data/quito-metro-eval/congestion/frozen_2026-09-17/Output/Waze/inventory/indirect_penetration_proxies.png,file in an output folder
/home/leonelb/projects/waze-metroq,congestion,Output/Waze/inventory/inventory_summary.rds,tracked,241787,413dd96a1e76b60df93aeee3970d285267864f2e250da17ff306607bea7b46c3,output,/home/leonelb/data/quito-metro-eval/congestion/frozen_2026-09-17/Output/Waze/inventory/inventory_summary.rds,file in an output folder
/home/leonelb/projects/waze-metroq,congestion,Output/Waze/inventory/monthly_coverage.rds,tracked,16708,df2a8c8e9325e74530f3e45ea001391b8a1bf610b2568876f8503c6c3cdfd5a1,output,/home/leonelb/data/quito-metro-eval/congestion/frozen_2026-09-17/Output/Waze/inventory/monthly_coverage.rds,file in an output folder
/home/leonelb/projects/waze-metroq,congestion,Output/Waze/inventory/monthly_roadtype_coverage.rds,tracked,3231,ab131436c8c24ef6af7684871093c72dea0991a52adb7594d73938ae3d7dc410,output,/home/leonelb/data/quito-metro-eval/congestion/frozen_2026-09-17/Output/Waze/inventory/monthly_roadtype_coverage.rds,file in an output folder
/home/leonelb/projects/waze-metroq,congestion,Output/Waze/inventory/report_numeric_facts.rds,tracked,572,211dd438f81c2d7836f66db83c72cf1e256debc7c02787991121155600e32a73,output,/home/leonelb/data/quito-metro-eval/congestion/frozen_2026-09-17/Output/Waze/inventory/report_numeric_facts.rds,file in an output folder
/home/leonelb/projects/waze-metroq,congestion,Output/Waze/phase_a_checks.rds,tracked,38470,ca4de3d3512a49084bca78eab6a67dd4bf49336f34e7ce67db7b28a57a0c9cec,output,/home/leonelb/data/quito-metro-eval/congestion/frozen_2026-09-17/Output/Waze/phase_a_checks.rds,file in an output folder
/home/leonelb/projects/waze-metroq,congestion,Output/Waze/phase_a_checks.txt,tracked,21925,65bafea1eff652b8f3ffed78c6dbd6366dd7bd5f8c5e24da1ad7703b08f774a1,output,/home/leonelb/data/quito-metro-eval/congestion/frozen_2026-09-17/Output/Waze/phase_a_checks.txt,file in an output folder
/home/leonelb/projects/waze-metroq,congestion,Output/Waze/planning/preperiod_power.rds,tracked,36689,8db04e9b61aff6581b1b70a14b2e3ba174c60b91f4903a1fd6b2635f30365997,output,/home/leonelb/data/quito-metro-eval/congestion/frozen_2026-09-17/Output/Waze/planning/preperiod_power.rds,file in an output folder
/home/leonelb/projects/waze-metroq,congestion,docs/paper/Underground-relief.pdf,tracked,1770110,c908546c6a01b6d9ae6788361b88e0fdea1a83deba6db3bb61c8d4c723b6c483,raw,/home/leonelb/data/quito-metro-eval/congestion/raw/docs/paper/Underground-relief.pdf,copy of the air quality paper and its output tables; no script in congestion writes it
/home/leonelb/projects/waze-metroq,congestion,docs/paper/Underground-relief.txt,tracked,100356,638912af2c113f09d75bbb4e42ed6be012d6a9e79abd641257ea6a7f32e50756,raw,/home/leonelb/data/quito-metro-eval/congestion/raw/docs/paper/Underground-relief.txt,copy of the air quality paper and its output tables; no script in congestion writes it
/home/leonelb/projects/waze-metroq,congestion,docs/paper/results/att_weekly_CO.csv,tracked,132474,109899811af0af3818d56231c614ed13bc3ed4c34f1fa0c7c5d5c14649f4a781,raw,/home/leonelb/data/quito-metro-eval/congestion/raw/docs/paper/results/att_weekly_CO.csv,copy of the air quality paper and its output tables; no script in congestion writes it
/home/leonelb/projects/waze-metroq,congestion,docs/paper/results/att_weekly_NO2.csv,tracked,134455,73a6f984dcbde23b34dfa0243288f970756cb9ac99266c6638c124f494801f56,raw,/home/leonelb/data/quito-metro-eval/congestion/raw/docs/paper/results/att_weekly_NO2.csv,copy of the air quality paper and its output tables; no script in congestion writes it
/home/leonelb/projects/waze-metroq,congestion,docs/paper/results/att_weekly_PM25.csv,tracked,114675,a075254f305013ef70c44ead9d1ddb6ee35da200a067e1560236fa0d4668974a,raw,/home/leonelb/data/quito-metro-eval/congestion/raw/docs/paper/results/att_weekly_PM25.csv,copy of the air quality paper and its output tables; no script in congestion writes it
/home/leonelb/projects/waze-metroq,congestion,docs/paper/results/att_weekly_SO2.csv,tracked,133650,cabe58b52f577e5d6c44eb737ea7f1e87b68e7c90ed9e4aa13fab5988e5447c4,raw,/home/leonelb/data/quito-metro-eval/congestion/raw/docs/paper/results/att_weekly_SO2.csv,copy of the air quality paper and its output tables; no script in congestion writes it
/home/leonelb/projects/waze-metroq,congestion,docs/paper/results/descriptives_sample_construction.csv,tracked,312,873e210a17eb13d03719d5ec4a5bc0b6c7d29eb59561d0c7f0d9b1068163362b,raw,/home/leonelb/data/quito-metro-eval/congestion/raw/docs/paper/results/descriptives_sample_construction.csv,copy of the air quality paper and its output tables; no script in congestion writes it
/home/leonelb/projects/waze-metroq,congestion,docs/paper/results/descriptives_summary_stats.csv,tracked,2903,cd8f6459f1cb823c875451f2d0faa69171bb6a8d0d6ed195e3406efabae6657f,raw,/home/leonelb/data/quito-metro-eval/congestion/raw/docs/paper/results/descriptives_summary_stats.csv,copy of the air quality paper and its output tables; no script in congestion writes it
/home/leonelb/projects/waze-metroq,congestion,docs/paper/results/descriptives_time_series_data.csv,tracked,147163,d882d2afaa5ecb43268d0aa19546d952317bfca51a78dd2ea424f177d76c7890,raw,/home/leonelb/data/quito-metro-eval/congestion/raw/docs/paper/results/descriptives_time_series_data.csv,copy of the air quality paper and its output tables; no script in congestion writes it
/home/leonelb/projects/waze-metroq,congestion,docs/paper/results/descriptives_treatment_timeline.csv,tracked,406,3f72880d896874687bd3cd2c498ad7c77664a3f0f1453583ba71c7e20f6bf0c8,raw,/home/leonelb/data/quito-metro-eval/congestion/raw/docs/paper/results/descriptives_treatment_timeline.csv,copy of the air quality paper and its output tables; no script in congestion writes it
/home/leonelb/projects/waze-metroq,congestion,docs/paper/results/donor_weights_CO.csv,tracked,4843,e033ffd001be6f60215bd73be1ce0b1b8dc3f82d3430099c71f9c244d9a0b89a,raw,/home/leonelb/data/quito-metro-eval/congestion/raw/docs/paper/results/donor_weights_CO.csv,copy of the air quality paper and its output tables; no script in congestion writes it
/home/leonelb/projects/waze-metroq,congestion,docs/paper/results/donor_weights_NO2.csv,tracked,4914,2a3b644b658846a1945f0532dd77156675cea9a43d2c747d5fa73ea0180dd1e0,raw,/home/leonelb/data/quito-metro-eval/congestion/raw/docs/paper/results/donor_weights_NO2.csv,copy of the air quality paper and its output tables; no script in congestion writes it
/home/leonelb/projects/waze-metroq,congestion,docs/paper/results/donor_weights_PM25.csv,tracked,5938,8b2a4a6f9305c3593ca9899279fc67cbaa18c7105a682d731310105a189e9991,raw,/home/leonelb/data/quito-metro-eval/congestion/raw/docs/paper/results/donor_weights_PM25.csv,copy of the air quality paper and its output tables; no script in congestion writes it
/home/leonelb/projects/waze-metroq,congestion,docs/paper/results/donor_weights_SO2.csv,tracked,4915,99bccc981505baa35b957fcd8eaa23af2e07c7e0c1d1f5a1c462374c33797576,raw,/home/leonelb/data/quito-metro-eval/congestion/raw/docs/paper/results/donor_weights_SO2.csv,copy of the air quality paper and its output tables; no script in congestion writes it
/home/leonelb/projects/waze-metroq,congestion,docs/paper/results/results_CO.csv,tracked,4383,bc5ddf2d0d469845f68af12512a89d05b356e9f78f9cadd51bd0cdf3f121e59c,raw,/home/leonelb/data/quito-metro-eval/congestion/raw/docs/paper/results/results_CO.csv,copy of the air quality paper and its output tables; no script in congestion writes it
/home/leonelb/projects/waze-metroq,congestion,docs/paper/results/results_NO2.csv,tracked,4382,d6030ace6d81916123952033f76c78623d235002b2f3bece7a1af6caf2aae32b,raw,/home/leonelb/data/quito-metro-eval/congestion/raw/docs/paper/results/results_NO2.csv,copy of the air quality paper and its output tables; no script in congestion writes it
/home/leonelb/projects/waze-metroq,congestion,docs/paper/results/results_PM25.csv,tracked,4362,2bd33a4bed72104668b126e9eecf08b139c617f9280573ebc892402db3c5cade,raw,/home/leonelb/data/quito-metro-eval/congestion/raw/docs/paper/results/results_PM25.csv,copy of the air quality paper and its output tables; no script in congestion writes it
/home/leonelb/projects/waze-metroq,congestion,docs/paper/results/results_SO2.csv,tracked,4384,c87768c2ba78e87d41747acd69ee4e38a07d3825097eba89f44cd57369d34de0,raw,/home/leonelb/data/quito-metro-eval/congestion/raw/docs/paper/results/results_SO2.csv,copy of the air quality paper and its output tables; no script in congestion writes it
/home/leonelb/projects/waze-metroq,congestion,docs/paper/results/results_all_pollutants.csv,tracked,18730,722b3c61f09073d924de00d21ac654a8c2d742729fb7be819324390116f0d8dc,raw,/home/leonelb/data/quito-metro-eval/congestion/raw/docs/paper/results/results_all_pollutants.csv,copy of the air quality paper and its output tables; no script in congestion writes it
/home/leonelb/projects/waze-metroq,congestion,docs/paper/results/results_primary_specs.csv,tracked,4979,f2191f070979ca8fec6302741309b54bee704f8855fd94e0c91033760f67d901,raw,/home/leonelb/data/quito-metro-eval/congestion/raw/docs/paper/results/results_primary_specs.csv,copy of the air quality paper and its output tables; no script in congestion writes it
/home/leonelb/projects/waze-metroq,congestion,docs/paper/results/trajectories_CO.csv,tracked,204870,8f8c1a2eb4842c06266fa81141c8a4bc22f2417d168b7aeed96a826b35bba0e4,raw,/home/leonelb/data/quito-metro-eval/congestion/raw/docs/paper/results/trajectories_CO.csv,copy of the air quality paper and its output tables; no script in congestion writes it
/home/leonelb/projects/waze-metroq,congestion,docs/paper/results/trajectories_NO2.csv,tracked,201041,2369bbb1456923834e9a4c67c41985925697e211f7f6e961a0c9634d0d8050e4,raw,/home/leonelb/data/quito-metro-eval/congestion/raw/docs/paper/results/trajectories_NO2.csv,copy of the air quality paper and its output tables; no script in congestion writes it
/home/leonelb/projects/waze-metroq,congestion,docs/paper/results/trajectories_PM25.csv,tracked,174663,2cba02266b40fd11b926211b9d208b1baaaeee28a1b7e44bb2a0ee816c42cbe0,raw,/home/leonelb/data/quito-metro-eval/congestion/raw/docs/paper/results/trajectories_PM25.csv,copy of the air quality paper and its output tables; no script in congestion writes it
/home/leonelb/projects/waze-metroq,congestion,docs/paper/results/trajectories_SO2.csv,tracked,201641,b1c358171a3bf914b80084a876b0b8bb0de00e1132a2135a4ebee7ff982666fb,raw,/home/leonelb/data/quito-metro-eval/congestion/raw/docs/paper/results/trajectories_SO2.csv,copy of the air quality paper and its output tables; no script in congestion writes it
/home/leonelb/projects/waze-metroq,congestion,reports/waze_sample.csv,tracked,196217,253a9923e3c05f1c7d00dcfc7c8381a22a49c9d5b6fdb113f0ffded323441935,derived,/home/leonelb/data/quito-metro-eval/congestion/frozen_2026-09-17/reports/waze_sample.csv,Scripts/Congestion/01_inventory.R:173 (500 record-level rows sampled from the raw delivery)
/home/leonelb/projects/waze-metroq,congestion,Output/Waze/_environment/ (1530 files),ignored,256335699,,environment,not copied to the store,"project-local R library, package archives and duckdb h3 extension; not data"
