time,estimate,ci_lower,ci_upper,p_val,pollutant,model,method,week_label,week_date
1,0.031425414357689085,NA,NA,NA,no2,M4: AugSynth Centro+Belisario,AugSynth,2022w48,2022-11-28
2,-0.011105175564934733,NA,NA,NA,no2,M4: AugSynth Centro+Belisario,AugSynth,2022w49,2022-12-05
3,-0.08587864392506805,NA,NA,NA,no2,M4: AugSynth Centro+Belisario,AugSynth,2022w50,2022-12-12
4,0.1428214137960162,NA,NA,NA,no2,M4: AugSynth Centro+Belisario,AugSynth,2022w51,2022-12-19
5,-0.05476010214025573,NA,NA,NA,no2,M4: AugSynth Centro+Belisario,AugSynth,2022w52,2022-12-26
6,-0.10903863099160649,NA,NA,NA,no2,M4: AugSynth Centro+Belisario,AugSynth,2023w01,2023-01-02
7,0.0032785332578599835,NA,NA,NA,no2,M4: AugSynth Centro+Belisario,AugSynth,2023w02,2023-01-09
8,-0.03888235929886985,NA,NA,NA,no2,M4: AugSynth Centro+Belisario,AugSynth,2023w03,2023-01-16
9,-0.11858630966383288,NA,NA,NA,no2,M4: AugSynth Centro+Belisario,AugSynth,2023w04,2023-01-23
10,0.07067779552636777,NA,NA,NA,no2,M4: AugSynth Centro+Belisario,AugSynth,2023w05,2023-01-30
11,0.014256189797993368,NA,NA,NA,no2,M4: AugSynth Centro+Belisario,AugSynth,2023w06,2023-02-06
12,0.02302817998596307,NA,NA,NA,no2,M4: AugSynth Centro+Belisario,AugSynth,2023w07,2023-02-13
13,-0.03684093445487102,NA,NA,NA,no2,M4: AugSynth Centro+Belisario,AugSynth,2023w08,2023-02-20
14,0.03854240225528782,NA,NA,NA,no2,M4: AugSynth Centro+Belisario,AugSynth,2023w09,2023-02-27
15,0.05772771582114933,NA,NA,NA,no2,M4: AugSynth Centro+Belisario,AugSynth,2023w10,2023-03-06
16,-0.07391693336930372,NA,NA,NA,no2,M4: AugSynth Centro+Belisario,AugSynth,2023w11,2023-03-13
17,-0.002079375316669463,NA,NA,NA,no2,M4: AugSynth Centro+Belisario,AugSynth,2023w12,2023-03-20
18,0.010875324246353735,NA,NA,NA,no2,M4: AugSynth Centro+Belisario,AugSynth,2023w13,2023-03-27
19,-0.018883271857254247,NA,NA,NA,no2,M4: AugSynth Centro+Belisario,AugSynth,2023w14,2023-04-03
20,0.04131899700963704,NA,NA,NA,no2,M4: AugSynth Centro+Belisario,AugSynth,2023w15,2023-04-10
21,0.04388441962560874,NA,NA,NA,no2,M4: AugSynth Centro+Belisario,AugSynth,2023w16,2023-04-17
22,0.0310282671041322,NA,NA,NA,no2,M4: AugSynth Centro+Belisario,AugSynth,2023w17,2023-04-24
23,-0.09603157484829605,NA,NA,NA,no2,M4: AugSynth Centro+Belisario,AugSynth,2023w18,2023-05-01
24,-0.1581987874194688,NA,NA,NA,no2,M4: AugSynth Centro+Belisario,AugSynth,2023w19,2023-05-08
25,0.10172845930427288,NA,NA,NA,no2,M4: AugSynth Centro+Belisario,AugSynth,2023w20,2023-05-15
26,0.038311160573548,NA,NA,NA,no2,M4: AugSynth Centro+Belisario,AugSynth,2023w21,2023-05-22
27,-0.07262985350588247,NA,NA,NA,no2,M4: AugSynth Centro+Belisario,AugSynth,2023w22,2023-05-29
28,-0.05332879865188733,NA,NA,NA,no2,M4: AugSynth Centro+Belisario,AugSynth,2023w23,2023-06-05
29,-0.10203770117799538,NA,NA,NA,no2,M4: AugSynth Centro+Belisario,AugSynth,2023w24,2023-06-12
30,0.03744607206804007,NA,NA,NA,no2,M4: AugSynth Centro+Belisario,AugSynth,2023w25,2023-06-19
31,-0.05569606504891045,NA,NA,NA,no2,M4: AugSynth Centro+Belisario,AugSynth,2023w26,2023-06-26
32,0.11094335080184381,NA,NA,NA,no2,M4: AugSynth Centro+Belisario,AugSynth,2023w27,2023-07-03
33,0.020119380291761413,NA,NA,NA,no2,M4: AugSynth Centro+Belisario,AugSynth,2023w28,2023-07-10
34,-0.13323610645325523,NA,NA,NA,no2,M4: AugSynth Centro+Belisario,AugSynth,2023w29,2023-07-17
35,0.06295428129075642,NA,NA,NA,no2,M4: AugSynth Centro+Belisario,AugSynth,2023w30,2023-07-24
36,0.021900637160029657,NA,NA,NA,no2,M4: AugSynth Centro+Belisario,AugSynth,2023w31,2023-07-31
37,-0.16229485516375108,NA,NA,NA,no2,M4: AugSynth Centro+Belisario,AugSynth,2023w32,2023-08-07
38,0.36992828120290966,NA,NA,NA,no2,M4: AugSynth Centro+Belisario,AugSynth,2023w33,2023-08-14
39,0.2487331156954955,NA,NA,NA,no2,M4: AugSynth Centro+Belisario,AugSynth,2023w34,2023-08-21
40,0.12365510426458393,NA,NA,NA,no2,M4: AugSynth Centro+Belisario,AugSynth,2023w35,2023-08-28
41,0.07045058108970714,NA,NA,NA,no2,M4: AugSynth Centro+Belisario,AugSynth,2023w36,2023-09-04
42,-0.05042291482654271,NA,NA,NA,no2,M4: AugSynth Centro+Belisario,AugSynth,2023w37,2023-09-11
43,-0.14787669529333414,NA,NA,NA,no2,M4: AugSynth Centro+Belisario,AugSynth,2023w38,2023-09-18
44,0.05115224302823762,NA,NA,NA,no2,M4: AugSynth Centro+Belisario,AugSynth,2023w39,2023-09-25
45,0.002304047767896389,NA,NA,NA,no2,M4: AugSynth Centro+Belisario,AugSynth,2023w40,2023-10-02
46,0.028291042621821916,NA,NA,NA,no2,M4: AugSynth Centro+Belisario,AugSynth,2023w41,2023-10-09
47,0.05512812187562188,NA,NA,NA,no2,M4: AugSynth Centro+Belisario,AugSynth,2023w42,2023-10-16
48,0.019987858347012555,NA,NA,NA,no2,M4: AugSynth Centro+Belisario,AugSynth,2023w43,2023-10-23
49,-0.011854842653057585,NA,NA,NA,no2,M4: AugSynth Centro+Belisario,AugSynth,2023w44,2023-10-30
50,0.03990316390073012,NA,NA,NA,no2,M4: AugSynth Centro+Belisario,AugSynth,2023w45,2023-11-06
51,0.21543461297682853,NA,NA,NA,no2,M4: AugSynth Centro+Belisario,AugSynth,2023w46,2023-11-13
52,0.08648007710364869,NA,NA,NA,no2,M4: AugSynth Centro+Belisario,AugSynth,2023w47,2023-11-20
53,0.06862375474981297,NA,NA,NA,no2,M4: AugSynth Centro+Belisario,AugSynth,2023w48,2023-11-27
54,0.15235905877541622,-0.09866389016670282,0.40338200771753535,0.113,no2,M4: AugSynth Centro+Belisario,AugSynth,2023w49,2023-12-04
55,0.1044466141509015,-0.2530709191909044,0.3554695630930205,0.257,no2,M4: AugSynth Centro+Belisario,AugSynth,2023w50,2023-12-11
56,0.11029196492021054,-0.14073098402190853,0.36131491386232956,0.227,no2,M4: AugSynth Centro+Belisario,AugSynth,2023w51,2023-12-18
57,0.22377553905832714,-0.0272474098837919,0.5052255121146425,0.061,no2,M4: AugSynth Centro+Belisario,AugSynth,2023w52,2023-12-25
58,0.2866206885028517,0.03559773956073267,0.5376436374449709,0.036,no2,M4: AugSynth Centro+Belisario,AugSynth,2024w01,2024-01-01
59,0.1087021647431321,-0.1575342962560851,0.3597251136852511,0.269,no2,M4: AugSynth Centro+Belisario,AugSynth,2024w02,2024-01-08
60,0.005317439229928667,-0.2457055097121904,0.2563403881720477,0.945,no2,M4: AugSynth Centro+Belisario,AugSynth,2024w03,2024-01-15
61,0.07046029225937511,-0.30227075313952895,0.32148324120149413,0.423,no2,M4: AugSynth Centro+Belisario,AugSynth,2024w04,2024-01-22
62,0.13793327375353615,-0.06744913901728852,0.3889562226956553,0.166,no2,M4: AugSynth Centro+Belisario,AugSynth,2024w05,2024-01-29
63,0.05734485586868754,-0.1784645810163334,0.30836780481080656,0.527,no2,M4: AugSynth Centro+Belisario,AugSynth,2024w06,2024-02-05
64,0.03571854641486327,-0.20009089047015766,0.2867414953569823,0.746,no2,M4: AugSynth Centro+Belisario,AugSynth,2024w07,2024-02-12
65,0.03057440345541007,-0.19002152137251274,0.2815973523975291,0.75,no2,M4: AugSynth Centro+Belisario,AugSynth,2024w08,2024-02-19
66,0.1381404718207584,-0.11288247712136065,0.3891634207628775,0.165,no2,M4: AugSynth Centro+Belisario,AugSynth,2024w09,2024-02-26
67,0.06853481841265818,-0.1824881305294609,0.3347712794118754,0.428,no2,M4: AugSynth Centro+Belisario,AugSynth,2024w10,2024-03-04
68,0.06919915128780874,-0.18182379765431034,0.30500858817282966,0.425,no2,M4: AugSynth Centro+Belisario,AugSynth,2024w11,2024-03-11
69,0.1796925928603348,-0.07133035608178426,0.5524236382592389,0.083,no2,M4: AugSynth Centro+Belisario,AugSynth,2024w12,2024-03-18
70,0.28747780508987564,0.03645485614775659,0.5080737299177984,0.035,no2,M4: AugSynth Centro+Belisario,AugSynth,2024w13,2024-03-25
71,0.17741886366630766,-0.07360408527581139,0.4284418126084268,0.087,no2,M4: AugSynth Centro+Belisario,AugSynth,2024w14,2024-04-01
72,0.10817958065175848,-0.1428433682903606,0.3592025295938775,0.209,no2,M4: AugSynth Centro+Belisario,AugSynth,2024w15,2024-04-08
73,0.06695069488940097,-0.1840722540527181,0.31797364383152,0.457,no2,M4: AugSynth Centro+Belisario,AugSynth,2024w16,2024-04-15
74,0.19720911986388323,-0.08424085319243207,0.44823206880600236,0.082,no2,M4: AugSynth Centro+Belisario,AugSynth,2024w17,2024-04-22
75,0.24601980344558072,0.025423878617657936,0.49704275238769985,0.043,no2,M4: AugSynth Centro+Belisario,AugSynth,2024w18,2024-04-29
76,0.1663736343293376,-0.1759303869553702,0.41739658327145673,0.091,no2,M4: AugSynth Centro+Belisario,AugSynth,2024w19,2024-05-06
77,0.11516377322013893,-0.120645663664882,0.4270407703906505,0.217,no2,M4: AugSynth Centro+Belisario,AugSynth,2024w20,2024-05-13
78,0.1703542170215191,-0.09588224397769808,0.4213771659636382,0.071,no2,M4: AugSynth Centro+Belisario,AugSynth,2024w21,2024-05-20
79,0.21523625758658005,-0.035786691355538996,0.4662592065286992,0.069,no2,M4: AugSynth Centro+Belisario,AugSynth,2024w22,2024-05-27
80,0.26351920294199793,0,0.5145421518841171,0.058,no2,M4: AugSynth Centro+Belisario,AugSynth,2024w23,2024-06-03
81,0.355192097623902,0.08895563662468485,0.591001534508923,0.039,no2,M4: AugSynth Centro+Belisario,AugSynth,2024w24,2024-06-10
82,0.20517639608691507,-0.045846552855203976,0.4561993450290342,0.063,no2,M4: AugSynth Centro+Belisario,AugSynth,2024w25,2024-06-17
83,0.1975409665400778,-0.053481982402041245,0.44856391548219693,0.076,no2,M4: AugSynth Centro+Belisario,AugSynth,2024w26,2024-06-24
84,0.14533777112203117,-0.10568517782008788,0.3963607200641503,0.141,no2,M4: AugSynth Centro+Belisario,AugSynth,2024w27,2024-07-01
85,0.04934640282580105,-0.20167654611631802,0.30036935176792007,0.606,no2,M4: AugSynth Centro+Belisario,AugSynth,2024w28,2024-07-08
86,0.006721900395838976,-0.2443010485462801,0.2729583613950562,0.953,no2,M4: AugSynth Centro+Belisario,AugSynth,2024w29,2024-07-15
87,0.2024989810418516,-0.048523967900267445,0.45352192998397073,0.07,no2,M4: AugSynth Centro+Belisario,AugSynth,2024w30,2024-07-22
88,0.34879327330269394,0.0977703243605749,0.5998162222448131,0.037,no2,M4: AugSynth Centro+Belisario,AugSynth,2024w31,2024-07-29
89,0.18884961042433046,-0.04695982646069047,0.4398725593664496,0.084,no2,M4: AugSynth Centro+Belisario,AugSynth,2024w32,2024-08-05
90,0.07574925386907294,-0.17527369507304613,0.32677220281119196,0.323,no2,M4: AugSynth Centro+Belisario,AugSynth,2024w33,2024-08-12
91,0.1037703327103241,-0.13203910417469683,0.3547932816524431,0.303,no2,M4: AugSynth Centro+Belisario,AugSynth,2024w34,2024-08-19
92,0.16596633694938,-0.08505661199273903,0.40177577383440105,0.094,no2,M4: AugSynth Centro+Belisario,AugSynth,2024w35,2024-08-26
93,-0.013092424685710036,-0.2641153736278291,0.2227170121993109,0.883,no2,M4: AugSynth Centro+Belisario,AugSynth,2024w36,2024-09-02
94,0.08781114425453307,-0.163211804687586,0.3540476052537503,0.339,no2,M4: AugSynth Centro+Belisario,AugSynth,2024w37,2024-09-09
95,-3.779796336962349e-4,-0.3731090250326003,0.2506449693084228,1,no2,M4: AugSynth Centro+Belisario,AugSynth,2024w38,2024-09-16
96,-0.11498180414131598,-0.36600475308343505,0.15125465685790124,0.23,no2,M4: AugSynth Centro+Belisario,AugSynth,2024w39,2024-09-23
97,0.08407667733424606,-0.166946271607873,0.319886114219267,0.315,no2,M4: AugSynth Centro+Belisario,AugSynth,2024w40,2024-09-30
98,0.045532658956702665,-0.2054902899854164,0.2965556078988217,0.562,no2,M4: AugSynth Centro+Belisario,AugSynth,2024w41,2024-10-07
99,0.10275356987088546,-0.16348289112833173,0.3537765188130045,0.286,no2,M4: AugSynth Centro+Belisario,AugSynth,2024w42,2024-10-14
100,0.03396533768225396,-0.23227112331696323,0.39148287102405993,0.729,no2,M4: AugSynth Centro+Belisario,AugSynth,2024w43,2024-10-21
101,0.00982208575992427,-0.33248193552478356,0.2608450347020433,0.936,no2,M4: AugSynth Centro+Belisario,AugSynth,2024w44,2024-10-28
102,-0.0381257374403412,-0.2891486863824603,0.21289721150177782,0.732,no2,M4: AugSynth Centro+Belisario,AugSynth,2024w45,2024-11-04
103,-0.04492439587049413,-0.2959473448126132,0.23652557718582118,0.587,no2,M4: AugSynth Centro+Belisario,AugSynth,2024w46,2024-11-11
104,0.17210704018176637,-0.07891590876035268,0.4535570132380818,0.07,no2,M4: AugSynth Centro+Belisario,AugSynth,2024w47,2024-11-18
105,0.18159441496108064,-0.05421502192394029,0.43261736390319977,0.074,no2,M4: AugSynth Centro+Belisario,AugSynth,2024w48,2024-11-25
106,0.17292156747832843,-0.0628878694066925,0.42394451642044756,0.069,no2,M4: AugSynth Centro+Belisario,AugSynth,2024w49,2024-12-02
107,0.20631303148197988,-0.044709917460139165,0.4421224683670009,0.073,no2,M4: AugSynth Centro+Belisario,AugSynth,2024w50,2024-12-09
108,0.1512212553913046,-0.09980169355081445,0.4022442043334237,0.123,no2,M4: AugSynth Centro+Belisario,AugSynth,2024w51,2024-12-16
109,0.15546725560154284,-0.0955556933405762,0.48255776482915264,0.125,no2,M4: AugSynth Centro+Belisario,AugSynth,2024w52,2024-12-23
110,0.2706576499613389,-0.010792323094976408,0.5521076230176543,0.06,no2,M4: AugSynth Centro+Belisario,AugSynth,2025w01,2024-12-30
111,0.10189353140548407,-0.11870239342243874,0.3529164803476031,0.278,no2,M4: AugSynth Centro+Belisario,AugSynth,2025w02,2025-01-06
112,0.17491282598879332,-0.07611012295332573,0.5172168472735013,0.084,no2,M4: AugSynth Centro+Belisario,AugSynth,2025w03,2025-01-13
113,0.0669508230357887,-0.1992856379634285,0.3331872840350059,0.446,no2,M4: AugSynth Centro+Belisario,AugSynth,2025w04,2025-01-20
114,0.19679891145477857,-0.03901052543024236,0.4326083483397996,0.072,no2,M4: AugSynth Centro+Belisario,AugSynth,2025w05,2025-01-27
115,0.3254260752250868,0.07440312628296777,0.576449024167206,0.035,no2,M4: AugSynth Centro+Belisario,AugSynth,2025w06,2025-02-03
116,0.15113901006091623,-0.0846704268241047,0.43258898311723165,0.121,no2,M4: AugSynth Centro+Belisario,AugSynth,2025w07,2025-02-10
117,0.12971740723890735,-0.21258661404580045,0.41116738029522276,0.249,no2,M4: AugSynth Centro+Belisario,AugSynth,2025w08,2025-02-17
118,0.4510812295842799,0.07835018418537582,0.7933852508689878,0.032,no2,M4: AugSynth Centro+Belisario,AugSynth,2025w09,2025-02-24
119,0.402517927529654,0,0.7600354608714599,0.062,no2,M4: AugSynth Centro+Belisario,AugSynth,2025w10,2025-03-03
120,0.3453421690799403,-0.02738887631896375,0.7180732144788444,0.073,no2,M4: AugSynth Centro+Belisario,AugSynth,2025w11,2025-03-10
121,0.2514538320869084,-0.12127721331199565,0.6241848774858125,0.073,no2,M4: AugSynth Centro+Belisario,AugSynth,2025w12,2025-03-17
122,0.4175125928512693,0.044781547452365233,0.7902436382501734,0.04,no2,M4: AugSynth Centro+Belisario,AugSynth,2025w13,2025-03-24
123,0.31005951266912213,-0.0474580206726838,0.6827905580680262,0.081,no2,M4: AugSynth Centro+Belisario,AugSynth,2025w14,2025-03-31
124,0.09961609987563724,-0.21226089729487432,0.41149309704614884,0.318,no2,M4: AugSynth Centro+Belisario,AugSynth,2025w15,2025-04-07
125,0.06825819336712247,-0.19797826763209472,0.3344946543663397,0.427,no2,M4: AugSynth Centro+Belisario,AugSynth,2025w16,2025-04-14
126,-2.193068701181744e-4,-0.25124225581223725,0.25080364207200084,1,no2,M4: AugSynth Centro+Belisario,AugSynth,2025w17,2025-04-21
127,0.17996384854175007,-0.07105910040036897,0.4766273336551636,0.07,no2,M4: AugSynth Centro+Belisario,AugSynth,2025w18,2025-04-28
128,-0.041363484271369266,-0.29238643321348834,0.20965946467074975,0.696,no2,M4: AugSynth Centro+Belisario,AugSynth,2025w19,2025-05-05
129,0.22085957591550542,-0.03016337302661362,0.47188252485762455,0.078,no2,M4: AugSynth Centro+Belisario,AugSynth,2025w20,2025-05-12
130,0.09840348134563692,-0.16783297965358027,0.36463994234485414,0.284,no2,M4: AugSynth Centro+Belisario,AugSynth,2025w21,2025-05-19
131,0.13785581769674327,-0.11316713124537578,0.3888787666388624,0.191,no2,M4: AugSynth Centro+Belisario,AugSynth,2025w22,2025-05-26
132,0.07810618266435299,-0.1729167662777661,0.329129131606472,0.36,no2,M4: AugSynth Centro+Belisario,AugSynth,2025w23,2025-06-02
133,0.23218410560547476,-0.0036253312795461734,0.4832070545475939,0.081,no2,M4: AugSynth Centro+Belisario,AugSynth,2025w24,2025-06-09
134,-0.3296022762131696,-0.6566927854407794,-0.07857932727105055,0.033,no2,M4: AugSynth Centro+Belisario,AugSynth,2025w25,2025-06-16
1,8.935255994626523e-4,NA,NA,NA,no2,M5: AugSynth Centro (Bel. dropped),AugSynth,2022w48,2022-11-28
2,0.09649261862328462,NA,NA,NA,no2,M5: AugSynth Centro (Bel. dropped),AugSynth,2022w49,2022-12-05
3,-0.11541195986102482,NA,NA,NA,no2,M5: AugSynth Centro (Bel. dropped),AugSynth,2022w50,2022-12-12
4,0.18012253140164214,NA,NA,NA,no2,M5: AugSynth Centro (Bel. dropped),AugSynth,2022w51,2022-12-19
5,0.02879827169835414,NA,NA,NA,no2,M5: AugSynth Centro (Bel. dropped),AugSynth,2022w52,2022-12-26
6,-0.045708745472353485,NA,NA,NA,no2,M5: AugSynth Centro (Bel. dropped),AugSynth,2023w01,2023-01-02
7,0.04629686740973904,NA,NA,NA,no2,M5: AugSynth Centro (Bel. dropped),AugSynth,2023w02,2023-01-09
8,-0.050761953373510416,NA,NA,NA,no2,M5: AugSynth Centro (Bel. dropped),AugSynth,2023w03,2023-01-16
9,-0.14119778846979214,NA,NA,NA,no2,M5: AugSynth Centro (Bel. dropped),AugSynth,2023w04,2023-01-23
10,0.057732328053596405,NA,NA,NA,no2,M5: AugSynth Centro (Bel. dropped),AugSynth,2023w05,2023-01-30
11,0.08861698126403539,NA,NA,NA,no2,M5: AugSynth Centro (Bel. dropped),AugSynth,2023w06,2023-02-06
12,-0.002890260327497618,NA,NA,NA,no2,M5: AugSynth Centro (Bel. dropped),AugSynth,2023w07,2023-02-13
13,-0.0522171262782547,NA,NA,NA,no2,M5: AugSynth Centro (Bel. dropped),AugSynth,2023w08,2023-02-20
14,0.00931157525982007,NA,NA,NA,no2,M5: AugSynth Centro (Bel. dropped),AugSynth,2023w09,2023-02-27
15,0.03841372560226075,NA,NA,NA,no2,M5: AugSynth Centro (Bel. dropped),AugSynth,2023w10,2023-03-06
16,-0.08923578667522669,NA,NA,NA,no2,M5: AugSynth Centro (Bel. dropped),AugSynth,2023w11,2023-03-13
17,-0.04045626785437273,NA,NA,NA,no2,M5: AugSynth Centro (Bel. dropped),AugSynth,2023w12,2023-03-20
18,-0.0029273189716771952,NA,NA,NA,no2,M5: AugSynth Centro (Bel. dropped),AugSynth,2023w13,2023-03-27
19,-0.0269629237880209,NA,NA,NA,no2,M5: AugSynth Centro (Bel. dropped),AugSynth,2023w14,2023-04-03
20,0.019945251606094505,NA,NA,NA,no2,M5: AugSynth Centro (Bel. dropped),AugSynth,2023w15,2023-04-10
21,-0.03742121881899063,NA,NA,NA,no2,M5: AugSynth Centro (Bel. dropped),AugSynth,2023w16,2023-04-17
22,0.013012717385685768,NA,NA,NA,no2,M5: AugSynth Centro (Bel. dropped),AugSynth,2023w17,2023-04-24
23,-0.1438119672879159,NA,NA,NA,no2,M5: AugSynth Centro (Bel. dropped),AugSynth,2023w18,2023-05-01
24,-0.19483451454793954,NA,NA,NA,no2,M5: AugSynth Centro (Bel. dropped),AugSynth,2023w19,2023-05-08
25,0.11467547631315922,NA,NA,NA,no2,M5: AugSynth Centro (Bel. dropped),AugSynth,2023w20,2023-05-15
26,0.01817422088526044,NA,NA,NA,no2,M5: AugSynth Centro (Bel. dropped),AugSynth,2023w21,2023-05-22
27,-0.06657730042768151,NA,NA,NA,no2,M5: AugSynth Centro (Bel. dropped),AugSynth,2023w22,2023-05-29
28,-0.01830940324609287,NA,NA,NA,no2,M5: AugSynth Centro (Bel. dropped),AugSynth,2023w23,2023-06-05
29,-0.009626273304071287,NA,NA,NA,no2,M5: AugSynth Centro (Bel. dropped),AugSynth,2023w24,2023-06-12
30,0.14003485819514294,NA,NA,NA,no2,M5: AugSynth Centro (Bel. dropped),AugSynth,2023w25,2023-06-19
31,0.015716133977289992,NA,NA,NA,no2,M5: AugSynth Centro (Bel. dropped),AugSynth,2023w26,2023-06-26
32,0.2094165711508258,NA,NA,NA,no2,M5: AugSynth Centro (Bel. dropped),AugSynth,2023w27,2023-07-03
33,0.05388356718102161,NA,NA,NA,no2,M5: AugSynth Centro (Bel. dropped),AugSynth,2023w28,2023-07-10
34,-0.15763642282895196,NA,NA,NA,no2,M5: AugSynth Centro (Bel. dropped),AugSynth,2023w29,2023-07-17
35,0.07772518800092065,NA,NA,NA,no2,M5: AugSynth Centro (Bel. dropped),AugSynth,2023w30,2023-07-24
36,-0.01983561853038074,NA,NA,NA,no2,M5: AugSynth Centro (Bel. dropped),AugSynth,2023w31,2023-07-31
37,-0.23337272894397287,NA,NA,NA,no2,M5: AugSynth Centro (Bel. dropped),AugSynth,2023w32,2023-08-07
38,0.3682500841338565,NA,NA,NA,no2,M5: AugSynth Centro (Bel. dropped),AugSynth,2023w33,2023-08-14
39,0.27041009658159343,NA,NA,NA,no2,M5: AugSynth Centro (Bel. dropped),AugSynth,2023w34,2023-08-21
40,0.07811299604234945,NA,NA,NA,no2,M5: AugSynth Centro (Bel. dropped),AugSynth,2023w35,2023-08-28
41,0.00802953794290806,NA,NA,NA,no2,M5: AugSynth Centro (Bel. dropped),AugSynth,2023w36,2023-09-04
42,-0.11650580741827454,NA,NA,NA,no2,M5: AugSynth Centro (Bel. dropped),AugSynth,2023w37,2023-09-11
43,-0.14640953913617638,NA,NA,NA,no2,M5: AugSynth Centro (Bel. dropped),AugSynth,2023w38,2023-09-18
44,-0.004015818237081525,NA,NA,NA,no2,M5: AugSynth Centro (Bel. dropped),AugSynth,2023w39,2023-09-25
45,-0.034906835639397116,NA,NA,NA,no2,M5: AugSynth Centro (Bel. dropped),AugSynth,2023w40,2023-10-02
46,0.044574619869870435,NA,NA,NA,no2,M5: AugSynth Centro (Bel. dropped),AugSynth,2023w41,2023-10-09
47,0.11511939653551906,NA,NA,NA,no2,M5: AugSynth Centro (Bel. dropped),AugSynth,2023w42,2023-10-16
48,-0.005152917464868345,NA,NA,NA,no2,M5: AugSynth Centro (Bel. dropped),AugSynth,2023w43,2023-10-23
49,-0.04363306085687091,NA,NA,NA,no2,M5: AugSynth Centro (Bel. dropped),AugSynth,2023w44,2023-10-30
50,0.0391923754775676,NA,NA,NA,no2,M5: AugSynth Centro (Bel. dropped),AugSynth,2023w45,2023-11-06
51,0.22610507688771309,NA,NA,NA,no2,M5: AugSynth Centro (Bel. dropped),AugSynth,2023w46,2023-11-13
52,-0.025895624822777297,NA,NA,NA,no2,M5: AugSynth Centro (Bel. dropped),AugSynth,2023w47,2023-11-20
53,0.051415556918126715,NA,NA,NA,no2,M5: AugSynth Centro (Bel. dropped),AugSynth,2023w48,2023-11-27
54,0.029579670440047057,-0.22544962929566342,0.2991820730177982,0.693,no2,M5: AugSynth Centro (Bel. dropped),AugSynth,2023w49,2023-12-04
55,0.15531136025277537,-0.11429104232497572,0.4249137628305265,0.174,no2,M5: AugSynth Centro (Bel. dropped),AugSynth,2023w50,2023-12-11
56,0.13132267686931387,-0.13827972570843722,0.400925079447065,0.238,no2,M5: AugSynth Centro (Bel. dropped),AugSynth,2023w51,2023-12-18
57,0.2211303740134949,-0.0484720285642562,0.49073277659124603,0.091,no2,M5: AugSynth Centro (Bel. dropped),AugSynth,2023w52,2023-12-25
58,0.26765096714358005,-0.0019514354341710338,0.5372533697213312,0.056,no2,M5: AugSynth Centro (Bel. dropped),AugSynth,2024w01,2024-01-01
59,0.07905282404499125,-0.21969578421684102,0.363228329464783,0.402,no2,M5: AugSynth Centro (Bel. dropped),AugSynth,2024w02,2024-01-08
60,0.004484551241633383,-0.2651178513361177,0.31780626234550624,0.926,no2,M5: AugSynth Centro (Bel. dropped),AugSynth,2024w03,2024-01-15
61,0.0302462570605444,-0.2393561455172067,0.29984865963829554,0.677,no2,M5: AugSynth Centro (Bel. dropped),AugSynth,2024w04,2024-01-22
62,0.0639665454715268,-0.20563585710622428,0.34814205089131856,0.436,no2,M5: AugSynth Centro (Bel. dropped),AugSynth,2024w05,2024-01-29
63,0.0297142016527987,-0.22531509808291178,0.31388970707259045,0.692,no2,M5: AugSynth Centro (Bel. dropped),AugSynth,2024w06,2024-02-05
64,-0.055619039029840334,-0.33979454444963203,0.2139833635479108,0.489,no2,M5: AugSynth Centro (Bel. dropped),AugSynth,2024w07,2024-02-12
65,-0.07610462953198072,-0.374853237793813,0.20807087588781104,0.401,no2,M5: AugSynth Centro (Bel. dropped),AugSynth,2024w08,2024-02-19
66,0.10061622633484024,-0.16898617624291085,0.3702186289125914,0.315,no2,M5: AugSynth Centro (Bel. dropped),AugSynth,2024w09,2024-02-26
67,0.036629005172746254,-0.23297339740500483,0.320804510592538,0.691,no2,M5: AugSynth Centro (Bel. dropped),AugSynth,2024w10,2024-03-04
68,-0.01185666551780784,-0.28145906809555893,0.2723188399019839,0.839,no2,M5: AugSynth Centro (Bel. dropped),AugSynth,2024w11,2024-03-11
69,0.13980528308925244,-0.11522401664645804,0.4239807885090442,0.266,no2,M5: AugSynth Centro (Bel. dropped),AugSynth,2024w12,2024-03-18
70,0.25967067509793873,-0.009931727479812358,0.5292730776756899,0.048,no2,M5: AugSynth Centro (Bel. dropped),AugSynth,2024w13,2024-03-25
71,0.09390653955843664,-0.17569586301931445,0.3635089421361878,0.377,no2,M5: AugSynth Centro (Bel. dropped),AugSynth,2024w14,2024-04-01
72,0.12787195741361268,-0.1417304451641384,0.3974743599913638,0.233,no2,M5: AugSynth Centro (Bel. dropped),AugSynth,2024w15,2024-04-08
73,0.008040848792072897,-0.2615615537856782,0.29221635421186465,0.914,no2,M5: AugSynth Centro (Bel. dropped),AugSynth,2024w16,2024-04-15
74,0.12050577953440689,-0.2219621372535472,0.39010818211215803,0.298,no2,M5: AugSynth Centro (Bel. dropped),AugSynth,2024w17,2024-04-22
75,0.22174908096678791,-0.04785332161096317,0.49135148354453906,0.094,no2,M5: AugSynth Centro (Bel. dropped),AugSynth,2024w18,2024-04-29
76,0.19634469133842147,-0.07325771123932961,0.451373991074132,0.135,no2,M5: AugSynth Centro (Bel. dropped),AugSynth,2024w19,2024-05-06
77,0.05616455115543273,-0.27173026279048074,0.3257669537331839,0.447,no2,M5: AugSynth Centro (Bel. dropped),AugSynth,2024w20,2024-05-13
78,0.1708988264306428,-0.06955737046302708,0.5133667432185969,0.148,no2,M5: AugSynth Centro (Bel. dropped),AugSynth,2024w21,2024-05-20
79,0.208009195916651,-0.061593206661100075,0.49218470133644276,0.113,no2,M5: AugSynth Centro (Bel. dropped),AugSynth,2024w22,2024-05-27
80,0.18453252813320375,-0.09964297728658793,0.4687080335529955,0.158,no2,M5: AugSynth Centro (Bel. dropped),AugSynth,2024w23,2024-06-03
81,0.2582652387286899,-0.025910266691101788,0.527867641306441,0.053,no2,M5: AugSynth Centro (Bel. dropped),AugSynth,2024w24,2024-06-10
82,0.17852893034591144,-0.07650036938979904,0.4481313329236626,0.165,no2,M5: AugSynth Centro (Bel. dropped),AugSynth,2024w25,2024-06-17
83,0.12948711078503372,-0.16926149747679856,0.39908951336278486,0.263,no2,M5: AugSynth Centro (Bel. dropped),AugSynth,2024w26,2024-06-24
84,0.08360534284228383,-0.18599705973546726,0.3677808482620756,0.381,no2,M5: AugSynth Centro (Bel. dropped),AugSynth,2024w27,2024-07-01
85,0.0371481178939268,-0.27617359320994606,0.30675052047167795,0.697,no2,M5: AugSynth Centro (Bel. dropped),AugSynth,2024w28,2024-07-08
86,-0.03613698127846687,-0.30573938385621796,0.24803852414132488,0.672,no2,M5: AugSynth Centro (Bel. dropped),AugSynth,2024w29,2024-07-15
87,0.19129869540106803,-0.07830370717668306,0.5046204065049409,0.128,no2,M5: AugSynth Centro (Bel. dropped),AugSynth,2024w30,2024-07-22
88,0.34995875802082077,0.08035635544306968,0.6341342634406125,0.033,no2,M5: AugSynth Centro (Bel. dropped),AugSynth,2024w31,2024-07-29
89,0.18516100101728705,-0.08444140156046404,0.4547634035950382,0.116,no2,M5: AugSynth Centro (Bel. dropped),AugSynth,2024w32,2024-08-05
90,0.07700001538331769,-0.1926023871944334,0.36117552080310944,0.4,no2,M5: AugSynth Centro (Bel. dropped),AugSynth,2024w33,2024-08-12
91,0.06409313662928451,-0.19093616310642597,0.33369553920703565,0.413,no2,M5: AugSynth Centro (Bel. dropped),AugSynth,2024w34,2024-08-19
92,0.17398890954112378,-0.0810403901945867,0.45816441496091553,0.149,no2,M5: AugSynth Centro (Bel. dropped),AugSynth,2024w35,2024-08-26
93,-0.0939655099285015,-0.3635679125062526,0.19020999549129025,0.302,no2,M5: AugSynth Centro (Bel. dropped),AugSynth,2024w36,2024-09-02
94,0.032048224281854054,-0.25212728113793764,0.3307968325436863,0.681,no2,M5: AugSynth Centro (Bel. dropped),AugSynth,2024w37,2024-09-09
95,-0.014760509778950937,-0.284362912356702,0.2694149956408408,0.845,no2,M5: AugSynth Centro (Bel. dropped),AugSynth,2024w38,2024-09-16
96,-0.18150194239272643,-0.5385429620227211,0.10267356302706532,0.155,no2,M5: AugSynth Centro (Bel. dropped),AugSynth,2024w39,2024-09-23
97,0.05012099639738299,-0.2194814061803681,0.31972339897513413,0.521,no2,M5: AugSynth Centro (Bel. dropped),AugSynth,2024w40,2024-09-30
98,-0.003674871170440852,-0.27327727374819194,0.2659275314073103,0.951,no2,M5: AugSynth Centro (Bel. dropped),AugSynth,2024w41,2024-10-07
99,0.030183347375571046,-0.2977114665703424,0.3289319556374033,0.691,no2,M5: AugSynth Centro (Bel. dropped),AugSynth,2024w42,2024-10-14
100,-0.06757808236844465,-0.33718048494619574,0.2165974230513471,0.423,no2,M5: AugSynth Centro (Bel. dropped),AugSynth,2024w43,2024-10-21
101,-0.03989746730092669,-0.338646075562759,0.25885114096090556,0.674,no2,M5: AugSynth Centro (Bel. dropped),AugSynth,2024w44,2024-10-28
102,-0.06102163385801607,-0.33062403643576715,0.22315387156177569,0.421,no2,M5: AugSynth Centro (Bel. dropped),AugSynth,2024w45,2024-11-04
103,-0.04742874931573926,-0.31703115189349035,0.2367467561040525,0.576,no2,M5: AugSynth Centro (Bel. dropped),AugSynth,2024w46,2024-11-11
104,0.05690313496802446,-0.21269926760972663,0.3265055375457756,0.441,no2,M5: AugSynth Centro (Bel. dropped),AugSynth,2024w47,2024-11-18
105,0.09239875537212328,-0.1772036472056278,0.376574260791915,0.343,no2,M5: AugSynth Centro (Bel. dropped),AugSynth,2024w48,2024-11-25
106,0.15566769666136215,-0.11393470591638893,0.3961238935550321,0.191,no2,M5: AugSynth Centro (Bel. dropped),AugSynth,2024w49,2024-12-02
107,0.1676912533350201,-0.10191114924273098,0.43729365591277125,0.133,no2,M5: AugSynth Centro (Bel. dropped),AugSynth,2024w50,2024-12-09
108,0.02318791504588935,-0.24641448753186174,0.2927903176236405,0.722,no2,M5: AugSynth Centro (Bel. dropped),AugSynth,2024w51,2024-12-16
109,0.13188694117205113,-0.12314235856365935,0.4014893437498023,0.256,no2,M5: AugSynth Centro (Bel. dropped),AugSynth,2024w52,2024-12-23
110,0.25268813252596223,-0.046060475735870056,0.5514367407877945,0.108,no2,M5: AugSynth Centro (Bel. dropped),AugSynth,2025w01,2024-12-30
111,0.02227617790286951,-0.2618993275169222,0.30645168332266126,0.736,no2,M5: AugSynth Centro (Bel. dropped),AugSynth,2025w02,2025-01-06
112,0.10874183632101131,-0.16086056625673978,0.37834423889876245,0.333,no2,M5: AugSynth Centro (Bel. dropped),AugSynth,2025w03,2025-01-13
113,0.04089405832174897,-0.22870834425600212,0.3104964608995001,0.627,no2,M5: AugSynth Centro (Bel. dropped),AugSynth,2025w04,2025-01-20
114,0.20018140342226287,-0.06942099915548822,0.469783806000014,0.102,no2,M5: AugSynth Centro (Bel. dropped),AugSynth,2025w05,2025-01-27
115,0.3270995753303918,0.07207027559468132,0.5967019779081429,0.035,no2,M5: AugSynth Centro (Bel. dropped),AugSynth,2025w06,2025-02-03
116,0.14008869002738056,-0.14408681539241114,0.4242641954471723,0.218,no2,M5: AugSynth Centro (Bel. dropped),AugSynth,2025w07,2025-02-10
117,0.12443827437307009,-0.1597372310467216,0.43775998547694295,0.321,no2,M5: AugSynth Centro (Bel. dropped),AugSynth,2025w08,2025-02-17
118,0.44198860798742956,0.08494758835743488,0.7990296276174242,0.044,no2,M5: AugSynth Centro (Bel. dropped),AugSynth,2025w09,2025-02-24
119,0.36043030682318156,0,0.7174713264531762,0.065,no2,M5: AugSynth Centro (Bel. dropped),AugSynth,2025w10,2025-03-03
120,0.28243332515120523,-0.07460769447878945,0.6394743447811999,0.129,no2,M5: AugSynth Centro (Bel. dropped),AugSynth,2025w11,2025-03-10
121,0.18846220364501542,-0.16857881598497926,0.5455032232750101,0.225,no2,M5: AugSynth Centro (Bel. dropped),AugSynth,2025w12,2025-03-17
122,0.3913771514741815,0,0.7484181711041762,0.054,no2,M5: AugSynth Centro (Bel. dropped),AugSynth,2025w13,2025-03-24
123,0.24813506206288372,-0.10890595756711097,0.6051760816928784,0.114,no2,M5: AugSynth Centro (Bel. dropped),AugSynth,2025w14,2025-03-31
124,0.058912368649099545,-0.2689824452968139,0.4159533882790942,0.474,no2,M5: AugSynth Centro (Bel. dropped),AugSynth,2025w15,2025-04-07
125,-0.02031479373109235,-0.30449029915088405,0.2492876088466588,0.782,no2,M5: AugSynth Centro (Bel. dropped),AugSynth,2025w16,2025-04-14
126,-0.09251507788909619,-0.3621174804668473,0.2645259417408985,0.349,no2,M5: AugSynth Centro (Bel. dropped),AugSynth,2025w17,2025-04-21
127,0.09474075787446923,-0.17486164470328186,0.34977005761017976,0.365,no2,M5: AugSynth Centro (Bel. dropped),AugSynth,2025w18,2025-04-28
128,-0.10753593678709716,-0.46457695641709185,0.2203588771588163,0.346,no2,M5: AugSynth Centro (Bel. dropped),AugSynth,2025w19,2025-05-05
129,0.1524827081310196,-0.11711969444673148,0.42208511070877075,0.189,no2,M5: AugSynth Centro (Bel. dropped),AugSynth,2025w20,2025-05-12
130,7.081354323803524e-4,-0.26889426714537074,0.2848836408521721,1,no2,M5: AugSynth Centro (Bel. dropped),AugSynth,2025w21,2025-05-19
131,0.07006610934573976,-0.19953629323201133,0.3542416147655315,0.399,no2,M5: AugSynth Centro (Bel. dropped),AugSynth,2025w22,2025-05-26
132,0.01481657566710659,-0.2547858269106445,0.29899208108689834,0.829,no2,M5: AugSynth Centro (Bel. dropped),AugSynth,2025w23,2025-06-02
133,0.13300231505987758,-0.1511731903599141,0.41717782047966934,0.235,no2,M5: AugSynth Centro (Bel. dropped),AugSynth,2025w24,2025-06-09
134,-0.7537766268116246,-1.0233790293893756,-0.48417422423387346,0.022,no2,M5: AugSynth Centro (Bel. dropped),AugSynth,2025w25,2025-06-16
1,-0.049753703152312756,NA,NA,NA,no2,M5b: AugSynth Centro (Bel. in pool),AugSynth,2022w48,2022-11-28
2,0.2071470285479191,NA,NA,NA,no2,M5b: AugSynth Centro (Bel. in pool),AugSynth,2022w49,2022-12-05
3,-0.07188118832988133,NA,NA,NA,no2,M5b: AugSynth Centro (Bel. in pool),AugSynth,2022w50,2022-12-12
4,0.08165836382487957,NA,NA,NA,no2,M5b: AugSynth Centro (Bel. in pool),AugSynth,2022w51,2022-12-19
5,0.15523064815527032,NA,NA,NA,no2,M5b: AugSynth Centro (Bel. in pool),AugSynth,2022w52,2022-12-26
6,0.11162302264121227,NA,NA,NA,no2,M5b: AugSynth Centro (Bel. in pool),AugSynth,2023w01,2023-01-02
7,0.06920929237384765,NA,NA,NA,no2,M5b: AugSynth Centro (Bel. in pool),AugSynth,2023w02,2023-01-09
8,-0.01939892056370196,NA,NA,NA,no2,M5b: AugSynth Centro (Bel. in pool),AugSynth,2023w03,2023-01-16
9,-0.05159613889049908,NA,NA,NA,no2,M5b: AugSynth Centro (Bel. in pool),AugSynth,2023w04,2023-01-23
10,0.008763602045219532,NA,NA,NA,no2,M5b: AugSynth Centro (Bel. in pool),AugSynth,2023w05,2023-01-30
11,0.15403105256920924,NA,NA,NA,no2,M5b: AugSynth Centro (Bel. in pool),AugSynth,2023w06,2023-02-06
12,-0.005006421641423842,NA,NA,NA,no2,M5b: AugSynth Centro (Bel. in pool),AugSynth,2023w07,2023-02-13
13,0.01198490939185648,NA,NA,NA,no2,M5b: AugSynth Centro (Bel. in pool),AugSynth,2023w08,2023-02-20
14,-0.0247321745651905,NA,NA,NA,no2,M5b: AugSynth Centro (Bel. in pool),AugSynth,2023w09,2023-02-27
15,-0.006587066342473413,NA,NA,NA,no2,M5b: AugSynth Centro (Bel. in pool),AugSynth,2023w10,2023-03-06
16,-0.020908731257478053,NA,NA,NA,no2,M5b: AugSynth Centro (Bel. in pool),AugSynth,2023w11,2023-03-13
17,-0.03851855914351976,NA,NA,NA,no2,M5b: AugSynth Centro (Bel. in pool),AugSynth,2023w12,2023-03-20
18,0.004729992064221644,NA,NA,NA,no2,M5b: AugSynth Centro (Bel. in pool),AugSynth,2023w13,2023-03-27
19,0.006063324364296907,NA,NA,NA,no2,M5b: AugSynth Centro (Bel. in pool),AugSynth,2023w14,2023-04-03
20,0.004352597320183893,NA,NA,NA,no2,M5b: AugSynth Centro (Bel. in pool),AugSynth,2023w15,2023-04-10
21,-0.1272564099090414,NA,NA,NA,no2,M5b: AugSynth Centro (Bel. in pool),AugSynth,2023w16,2023-04-17
22,-0.014761890942952771,NA,NA,NA,no2,M5b: AugSynth Centro (Bel. in pool),AugSynth,2023w17,2023-04-24
23,-0.11005995427158499,NA,NA,NA,no2,M5b: AugSynth Centro (Bel. in pool),AugSynth,2023w18,2023-05-01
24,-0.08587160172851194,NA,NA,NA,no2,M5b: AugSynth Centro (Bel. in pool),AugSynth,2023w19,2023-05-08
25,0.05167192883960414,NA,NA,NA,no2,M5b: AugSynth Centro (Bel. in pool),AugSynth,2023w20,2023-05-15
26,-0.005539730898329154,NA,NA,NA,no2,M5b: AugSynth Centro (Bel. in pool),AugSynth,2023w21,2023-05-22
27,0.030232046207100183,NA,NA,NA,no2,M5b: AugSynth Centro (Bel. in pool),AugSynth,2023w22,2023-05-29
28,0.06892118708297268,NA,NA,NA,no2,M5b: AugSynth Centro (Bel. in pool),AugSynth,2023w23,2023-06-05
29,0.15268846261883118,NA,NA,NA,no2,M5b: AugSynth Centro (Bel. in pool),AugSynth,2023w24,2023-06-12
30,0.19870150158109823,NA,NA,NA,no2,M5b: AugSynth Centro (Bel. in pool),AugSynth,2023w25,2023-06-19
31,0.1272750856246141,NA,NA,NA,no2,M5b: AugSynth Centro (Bel. in pool),AugSynth,2023w26,2023-06-26
32,0.24024199904225707,NA,NA,NA,no2,M5b: AugSynth Centro (Bel. in pool),AugSynth,2023w27,2023-07-03
33,0.08542949122742272,NA,NA,NA,no2,M5b: AugSynth Centro (Bel. in pool),AugSynth,2023w28,2023-07-10
34,-0.06870796899868825,NA,NA,NA,no2,M5b: AugSynth Centro (Bel. in pool),AugSynth,2023w29,2023-07-17
35,0.058045489148277785,NA,NA,NA,no2,M5b: AugSynth Centro (Bel. in pool),AugSynth,2023w30,2023-07-24
36,-0.07892582744319432,NA,NA,NA,no2,M5b: AugSynth Centro (Bel. in pool),AugSynth,2023w31,2023-07-31
37,-0.14736643186483178,NA,NA,NA,no2,M5b: AugSynth Centro (Bel. in pool),AugSynth,2023w32,2023-08-07
38,0.09075537621346008,NA,NA,NA,no2,M5b: AugSynth Centro (Bel. in pool),AugSynth,2023w33,2023-08-14
39,0.0834123125013031,NA,NA,NA,no2,M5b: AugSynth Centro (Bel. in pool),AugSynth,2023w34,2023-08-21
40,-0.08597958545378903,NA,NA,NA,no2,M5b: AugSynth Centro (Bel. in pool),AugSynth,2023w35,2023-08-28
41,-0.12239991544069317,NA,NA,NA,no2,M5b: AugSynth Centro (Bel. in pool),AugSynth,2023w36,2023-09-04
42,-0.14382657338737115,NA,NA,NA,no2,M5b: AugSynth Centro (Bel. in pool),AugSynth,2023w37,2023-09-11
43,-0.0558354360183948,NA,NA,NA,no2,M5b: AugSynth Centro (Bel. in pool),AugSynth,2023w38,2023-09-18
44,-0.10605502785946186,NA,NA,NA,no2,M5b: AugSynth Centro (Bel. in pool),AugSynth,2023w39,2023-09-25
45,-0.043208819993614256,NA,NA,NA,no2,M5b: AugSynth Centro (Bel. in pool),AugSynth,2023w40,2023-10-02
46,0.01825761648602775,NA,NA,NA,no2,M5b: AugSynth Centro (Bel. in pool),AugSynth,2023w41,2023-10-09
47,0.12354982566941608,NA,NA,NA,no2,M5b: AugSynth Centro (Bel. in pool),AugSynth,2023w42,2023-10-16
48,-0.044074251002689024,NA,NA,NA,no2,M5b: AugSynth Centro (Bel. in pool),AugSynth,2023w43,2023-10-23
49,-0.045161126401284335,NA,NA,NA,no2,M5b: AugSynth Centro (Bel. in pool),AugSynth,2023w44,2023-10-30
50,0.006069569808218933,NA,NA,NA,no2,M5b: AugSynth Centro (Bel. in pool),AugSynth,2023w45,2023-11-06
51,0.0573619206439826,NA,NA,NA,no2,M5b: AugSynth Centro (Bel. in pool),AugSynth,2023w46,2023-11-13
52,-0.1938791785944014,NA,NA,NA,no2,M5b: AugSynth Centro (Bel. in pool),AugSynth,2023w47,2023-11-20
53,-0.016631801623257392,NA,NA,NA,no2,M5b: AugSynth Centro (Bel. in pool),AugSynth,2023w48,2023-11-27
54,-0.20031526012618261,-0.42975003806030293,0.017927577420907503,0.068,no2,M5b: AugSynth Centro (Bel. in pool),AugSynth,2023w49,2023-12-04
55,0.11963219599235675,-0.07622676078067281,0.3266830931524166,0.28,no2,M5b: AugSynth Centro (Bel. in pool),AugSynth,2023w50,2023-12-11
56,0.07024643037933043,-0.13680446678072938,0.2772973275393903,0.505,no2,M5b: AugSynth Centro (Bel. in pool),AugSynth,2023w51,2023-12-18
57,0.036592580110695216,-0.19284219782342513,0.25483541765778533,0.697,no2,M5b: AugSynth Centro (Bel. in pool),AugSynth,2023w52,2023-12-25
58,0.02727829858162467,-0.20215647935249567,0.2455211361287148,0.73,no2,M5b: AugSynth Centro (Bel. in pool),AugSynth,2024w01,2024-01-01
59,-0.02845107822804005,-0.2690777965491906,0.17859981893201982,0.749,no2,M5b: AugSynth Centro (Bel. in pool),AugSynth,2024w02,2024-01-08
60,-0.00863218694572998,-0.2156830841057898,0.19841871021432989,0.879,no2,M5b: AugSynth Centro (Bel. in pool),AugSynth,2024w03,2024-01-15
61,-0.07778677401172951,-0.2848376711717893,0.12926412314833036,0.447,no2,M5b: AugSynth Centro (Bel. in pool),AugSynth,2024w04,2024-01-22
62,-0.10736784637814445,-0.33680262431226476,0.09968305078191542,0.307,no2,M5b: AugSynth Centro (Bel. in pool),AugSynth,2024w05,2024-01-29
63,-0.05749990631040891,-0.2645508034704687,0.14955099084965096,0.574,no2,M5b: AugSynth Centro (Bel. in pool),AugSynth,2024w06,2024-02-05
64,-0.18036111304341773,-0.38741201020347754,0.026689784116642135,0.108,no2,M5b: AugSynth Centro (Bel. in pool),AugSynth,2024w07,2024-02-12
65,-0.1857152636162538,-0.3927661607763136,0.010143693156775824,0.105,no2,M5b: AugSynth Centro (Bel. in pool),AugSynth,2024w08,2024-02-19
66,-0.04988697940814779,-0.26812981695523785,0.15716391775191207,0.651,no2,M5b: AugSynth Centro (Bel. in pool),AugSynth,2024w09,2024-02-26
67,-0.04052307630590146,-0.2587659138529915,0.1665278208541584,0.692,no2,M5b: AugSynth Centro (Bel. in pool),AugSynth,2024w10,2024-03-04
68,-0.1561159475930305,-0.3855507255271508,0.050934949567029375,0.148,no2,M5b: AugSynth Centro (Bel. in pool),AugSynth,2024w11,2024-03-11
69,-0.04242937273321834,-0.2606722102803084,0.16462152442684153,0.696,no2,M5b: AugSynth Centro (Bel. in pool),AugSynth,2024w12,2024-03-18
70,0.0065321124462163205,-0.22290266548790402,0.22477494999330644,0.96,no2,M5b: AugSynth Centro (Bel. in pool),AugSynth,2024w13,2024-03-25
71,-0.11333429489566571,-0.342769072829786,0.10490854265142441,0.307,no2,M5b: AugSynth Centro (Bel. in pool),AugSynth,2024w14,2024-04-01
72,0.047091273350956975,-0.15995962380910284,0.25414217051101684,0.625,no2,M5b: AugSynth Centro (Bel. in pool),AugSynth,2024w15,2024-04-08
73,-0.10273195098916021,-0.30978284814922,0.10431894617089965,0.322,no2,M5b: AugSynth Centro (Bel. in pool),AugSynth,2024w16,2024-04-15
74,-0.11362427898202432,-0.32067517614208413,0.09342661817803555,0.305,no2,M5b: AugSynth Centro (Bel. in pool),AugSynth,2024w17,2024-04-22
75,-0.0024974068594438847,-0.23193218479356423,0.2605131922357673,1,no2,M5b: AugSynth Centro (Bel. in pool),AugSynth,2024w18,2024-04-29
76,0.07554642671770395,-0.1426964108293861,0.2825973238777638,0.442,no2,M5b: AugSynth Centro (Bel. in pool),AugSynth,2024w19,2024-05-06
77,-0.08976389838602383,-0.3080067359331139,0.11728699877403603,0.353,no2,M5b: AugSynth Centro (Bel. in pool),AugSynth,2024w20,2024-05-13
78,0.02272154683297911,-0.19552129071411095,0.22977244399303898,0.739,no2,M5b: AugSynth Centro (Bel. in pool),AugSynth,2024w21,2024-05-20
79,0.015389763988108207,-0.20285307355898186,0.22244066114816807,0.828,no2,M5b: AugSynth Centro (Bel. in pool),AugSynth,2024w22,2024-05-27
80,-0.11200569298680252,-0.34144047092092283,0.1062371445602876,0.304,no2,M5b: AugSynth Centro (Bel. in pool),AugSynth,2024w23,2024-06-03
81,-0.11807384397646725,-0.36989250268464813,0.11136093395765312,0.329,no2,M5b: AugSynth Centro (Bel. in pool),AugSynth,2024w24,2024-06-10
82,-0.019346425760997654,-0.23758926330808772,0.19889641178609246,0.761,no2,M5b: AugSynth Centro (Bel. in pool),AugSynth,2024w25,2024-06-17
83,-0.08524687268804199,-0.3146816506221623,0.12180402447201788,0.417,no2,M5b: AugSynth Centro (Bel. in pool),AugSynth,2024w26,2024-06-24
84,-0.08974802842523211,-0.30799086597232217,0.1061109283477975,0.415,no2,M5b: AugSynth Centro (Bel. in pool),AugSynth,2024w27,2024-07-01
85,-0.027295681156012552,-0.23434657831607236,0.1797552160040473,0.701,no2,M5b: AugSynth Centro (Bel. in pool),AugSynth,2024w28,2024-07-08
86,-0.10730969799254453,-0.31436059515260434,0.09974119916751534,0.303,no2,M5b: AugSynth Centro (Bel. in pool),AugSynth,2024w29,2024-07-15
87,-0.007207747675547882,-0.22545058522263794,0.19984314948451198,0.863,no2,M5b: AugSynth Centro (Bel. in pool),AugSynth,2024w30,2024-07-22
88,0.03265358921554773,-0.19678118871857261,0.25089642676263785,0.721,no2,M5b: AugSynth Centro (Bel. in pool),AugSynth,2024w31,2024-07-29
89,0.024024413483131113,-0.19421842406395895,0.23107531064319098,0.732,no2,M5b: AugSynth Centro (Bel. in pool),AugSynth,2024w32,2024-08-05
90,-0.00859940054811048,-0.2156502977081703,0.19845149661194939,0.866,no2,M5b: AugSynth Centro (Bel. in pool),AugSynth,2024w33,2024-08-12
91,-0.07677498316452613,-0.2726339399375557,0.13027591399553373,0.463,no2,M5b: AugSynth Centro (Bel. in pool),AugSynth,2024w34,2024-08-19
92,0.007687365278368219,-0.1993635318816916,0.2371221432124886,0.862,no2,M5b: AugSynth Centro (Bel. in pool),AugSynth,2024w35,2024-08-26
93,-0.17357664510215365,-0.38062754226221346,0.03347425205790622,0.106,no2,M5b: AugSynth Centro (Bel. in pool),AugSynth,2024w36,2024-09-02
94,-0.11486305067188507,-0.3219139478319449,0.0921878464881748,0.289,no2,M5b: AugSynth Centro (Bel. in pool),AugSynth,2024w37,2024-09-09
95,-0.044957008834455525,-0.25200790599451534,0.16209388832560434,0.629,no2,M5b: AugSynth Centro (Bel. in pool),AugSynth,2024w38,2024-09-16
96,-0.1629729522799397,-0.3700238494399995,0.04407794488012018,0.109,no2,M5b: AugSynth Centro (Bel. in pool),AugSynth,2024w39,2024-09-23
97,-0.046234819533193416,-0.24209377630622297,0.16081607762686645,0.655,no2,M5b: AugSynth Centro (Bel. in pool),AugSynth,2024w40,2024-09-30
98,-0.07588483866916418,-0.282935735829224,0.1311660584908957,0.463,no2,M5b: AugSynth Centro (Bel. in pool),AugSynth,2024w41,2024-10-07
99,-0.12738635863338654,-0.3456291961804766,0.07966453852667332,0.236,no2,M5b: AugSynth Centro (Bel. in pool),AugSynth,2024w42,2024-10-14
100,-0.18730274223496846,-0.39435363939502827,0.01974815492509141,0.085,no2,M5b: AugSynth Centro (Bel. in pool),AugSynth,2024w43,2024-10-21
101,-0.11400525079924062,-0.32105614795930043,0.09304564636081925,0.275,no2,M5b: AugSynth Centro (Bel. in pool),AugSynth,2024w44,2024-10-28
102,-0.05605796168594335,-0.26310885884600316,0.13980099508708627,0.555,no2,M5b: AugSynth Centro (Bel. in pool),AugSynth,2024w45,2024-11-04
103,-0.02418497174213652,-0.23123586890219633,0.18286592541792335,0.745,no2,M5b: AugSynth Centro (Bel. in pool),AugSynth,2024w46,2024-11-11
104,-0.18595720029933682,-0.4042000378464269,0.021093696860723044,0.089,no2,M5b: AugSynth Centro (Bel. in pool),AugSynth,2024w47,2024-11-18
105,-0.15147660380839278,-0.36971944135548285,0.05557429335166708,0.175,no2,M5b: AugSynth Centro (Bel. in pool),AugSynth,2024w48,2024-11-25
106,0.007603713653800526,-0.19944718350625928,0.2146546108138604,0.862,no2,M5b: AugSynth Centro (Bel. in pool),AugSynth,2024w49,2024-12-02
107,-0.03677801873375275,-0.2550208562808428,0.17027287842630712,0.697,no2,M5b: AugSynth Centro (Bel. in pool),AugSynth,2024w50,2024-12-09
108,-0.21417094714366192,-0.432413784690752,0,0.06,no2,M5b: AugSynth Centro (Bel. in pool),AugSynth,2024w51,2024-12-16
109,-0.012677272142548102,-0.23092010968963816,0.1831816846304815,0.833,no2,M5b: AugSynth Centro (Bel. in pool),AugSynth,2024w52,2024-12-23
110,0.002099615840359892,-0.21614322170673017,0.22034245338745,1,no2,M5b: AugSynth Centro (Bel. in pool),AugSynth,2025w01,2024-12-30
111,-0.14036622850830716,-0.34741712566836697,0.06668466865175271,0.167,no2,M5b: AugSynth Centro (Bel. in pool),AugSynth,2025w02,2025-01-06
112,-0.09267513789039894,-0.310917975437489,0.11437575926966093,0.337,no2,M5b: AugSynth Centro (Bel. in pool),AugSynth,2025w03,2025-01-13
113,-0.05547041939006192,-0.26252131655012173,0.15158047776999795,0.584,no2,M5b: AugSynth Centro (Bel. in pool),AugSynth,2025w04,2025-01-20
114,0.030446939318698796,-0.17660395784136101,0.23749783647875866,0.711,no2,M5b: AugSynth Centro (Bel. in pool),AugSynth,2025w05,2025-01-27
115,0.05574727328461648,-0.16249556426247358,0.28518205121873685,0.592,no2,M5b: AugSynth Centro (Bel. in pool),AugSynth,2025w06,2025-02-03
116,-0.014926230143740948,-0.22197712730380076,0.19212466701631892,0.845,no2,M5b: AugSynth Centro (Bel. in pool),AugSynth,2025w07,2025-02-10
117,-7.133492392004115e-4,-0.20776424639926022,0.2175294883078897,1,no2,M5b: AugSynth Centro (Bel. in pool),AugSynth,2025w08,2025-02-17
118,0.034750759382489615,-0.19468401855163073,0.2753774777036403,0.696,no2,M5b: AugSynth Centro (Bel. in pool),AugSynth,2025w09,2025-02-24
119,-0.032484588373694834,-0.26191936630781515,0.21933407033448604,0.71,no2,M5b: AugSynth Centro (Bel. in pool),AugSynth,2025w10,2025-03-03
120,-0.07986004796277824,-0.30929482589689855,0.18315055113243295,0.529,no2,M5b: AugSynth Centro (Bel. in pool),AugSynth,2025w11,2025-03-10
121,-0.12010906016150846,-0.37192771886968934,0.1317095985466724,0.293,no2,M5b: AugSynth Centro (Bel. in pool),AugSynth,2025w12,2025-03-17
122,-0.04372066310696221,-0.2843473814281128,0.19690605521418847,0.705,no2,M5b: AugSynth Centro (Bel. in pool),AugSynth,2025w13,2025-03-24
123,-0.10600208655184584,-0.33543686448596616,0.14581657215633503,0.291,no2,M5b: AugSynth Centro (Bel. in pool),AugSynth,2025w14,2025-03-31
124,-0.11336883266538056,-0.3316116702124706,0.0936820644946793,0.298,no2,M5b: AugSynth Centro (Bel. in pool),AugSynth,2025w15,2025-04-07
125,-0.13135821384711832,-0.3496010513942084,0.07569268331294154,0.228,no2,M5b: AugSynth Centro (Bel. in pool),AugSynth,2025w16,2025-04-14
126,-0.15022515319775964,-0.35727605035781945,0.056825743962300224,0.174,no2,M5b: AugSynth Centro (Bel. in pool),AugSynth,2025w17,2025-04-21
127,-0.12834557756204168,-0.3353964747221015,0.07870531959801819,0.246,no2,M5b: AugSynth Centro (Bel. in pool),AugSynth,2025w18,2025-04-28
128,-0.13893226250009727,-0.3459831596601571,0.0681186346599626,0.181,no2,M5b: AugSynth Centro (Bel. in pool),AugSynth,2025w19,2025-05-05
129,-0.09220640774710587,-0.31044924529419593,0.114844489412954,0.368,no2,M5b: AugSynth Centro (Bel. in pool),AugSynth,2025w20,2025-05-12
130,-0.18193014268434782,-0.41136492061846813,0.025120754475712048,0.09,no2,M5b: AugSynth Centro (Bel. in pool),AugSynth,2025w21,2025-05-19
131,-0.11203661779048923,-0.31908751495054904,0.12859010053066144,0.277,no2,M5b: AugSynth Centro (Bel. in pool),AugSynth,2025w22,2025-05-26
132,-0.11844989507154668,-0.31430885184457624,0.08860100208851318,0.294,no2,M5b: AugSynth Centro (Bel. in pool),AugSynth,2025w23,2025-06-02
133,-0.14858989822028335,-0.3668327357673734,0.05846099893977652,0.179,no2,M5b: AugSynth Centro (Bel. in pool),AugSynth,2025w24,2025-06-09
134,-0.8505132573791454,-1.0575641545392052,-0.6434623602190855,0.009,no2,M5b: AugSynth Centro (Bel. in pool),AugSynth,2025w25,2025-06-16
1,0.06576615764773974,NA,NA,NA,no2,M6: AugSynth Belisario (Centro dropped),AugSynth,2022w48,2022-11-28
2,-0.1183598140245965,NA,NA,NA,no2,M6: AugSynth Belisario (Centro dropped),AugSynth,2022w49,2022-12-05
3,-0.07185169655179591,NA,NA,NA,no2,M6: AugSynth Belisario (Centro dropped),AugSynth,2022w50,2022-12-12
4,0.06882863586851773,NA,NA,NA,no2,M6: AugSynth Belisario (Centro dropped),AugSynth,2022w51,2022-12-19
5,-0.10831151760697821,NA,NA,NA,no2,M6: AugSynth Belisario (Centro dropped),AugSynth,2022w52,2022-12-26
6,-0.15513562683185533,NA,NA,NA,no2,M6: AugSynth Belisario (Centro dropped),AugSynth,2023w01,2023-01-02
7,-0.05328211391901316,NA,NA,NA,no2,M6: AugSynth Belisario (Centro dropped),AugSynth,2023w02,2023-01-09
8,-0.0010733734934751382,NA,NA,NA,no2,M6: AugSynth Belisario (Centro dropped),AugSynth,2023w03,2023-01-16
9,-0.0979424181083095,NA,NA,NA,no2,M6: AugSynth Belisario (Centro dropped),AugSynth,2023w04,2023-01-23
10,0.10473344486732161,NA,NA,NA,no2,M6: AugSynth Belisario (Centro dropped),AugSynth,2023w05,2023-01-30
11,-0.02489015134044381,NA,NA,NA,no2,M6: AugSynth Belisario (Centro dropped),AugSynth,2023w06,2023-02-06
12,0.09978052146465144,NA,NA,NA,no2,M6: AugSynth Belisario (Centro dropped),AugSynth,2023w07,2023-02-13
13,0.024961339680469763,NA,NA,NA,no2,M6: AugSynth Belisario (Centro dropped),AugSynth,2023w08,2023-02-20
14,0.10204858054281463,NA,NA,NA,no2,M6: AugSynth Belisario (Centro dropped),AugSynth,2023w09,2023-02-27
15,0.07269064492597277,NA,NA,NA,no2,M6: AugSynth Belisario (Centro dropped),AugSynth,2023w10,2023-03-06
16,-0.07928190185469886,NA,NA,NA,no2,M6: AugSynth Belisario (Centro dropped),AugSynth,2023w11,2023-03-13
17,0.04286381257358096,NA,NA,NA,no2,M6: AugSynth Belisario (Centro dropped),AugSynth,2023w12,2023-03-20
18,0.032766647677409555,NA,NA,NA,no2,M6: AugSynth Belisario (Centro dropped),AugSynth,2023w13,2023-03-27
19,-0.01973230660411618,NA,NA,NA,no2,M6: AugSynth Belisario (Centro dropped),AugSynth,2023w14,2023-04-03
20,0.10496965719771367,NA,NA,NA,no2,M6: AugSynth Belisario (Centro dropped),AugSynth,2023w15,2023-04-10
21,0.10541747308071558,NA,NA,NA,no2,M6: AugSynth Belisario (Centro dropped),AugSynth,2023w16,2023-04-17
22,0.05877077862773117,NA,NA,NA,no2,M6: AugSynth Belisario (Centro dropped),AugSynth,2023w17,2023-04-24
23,-0.05205392067373138,NA,NA,NA,no2,M6: AugSynth Belisario (Centro dropped),AugSynth,2023w18,2023-05-01
24,-0.12959588561357727,NA,NA,NA,no2,M6: AugSynth Belisario (Centro dropped),AugSynth,2023w19,2023-05-08
25,0.09684962431077837,NA,NA,NA,no2,M6: AugSynth Belisario (Centro dropped),AugSynth,2023w20,2023-05-15
26,0.05956740620287437,NA,NA,NA,no2,M6: AugSynth Belisario (Centro dropped),AugSynth,2023w21,2023-05-22
27,-0.03713960657222781,NA,NA,NA,no2,M6: AugSynth Belisario (Centro dropped),AugSynth,2023w22,2023-05-29
28,-0.08220720586442631,NA,NA,NA,no2,M6: AugSynth Belisario (Centro dropped),AugSynth,2023w23,2023-06-05
29,-0.22198850446101526,NA,NA,NA,no2,M6: AugSynth Belisario (Centro dropped),AugSynth,2023w24,2023-06-12
30,-0.06241675544683911,NA,NA,NA,no2,M6: AugSynth Belisario (Centro dropped),AugSynth,2023w25,2023-06-19
31,-0.1297798043887619,NA,NA,NA,no2,M6: AugSynth Belisario (Centro dropped),AugSynth,2023w26,2023-06-26
32,0.06117607458952712,NA,NA,NA,no2,M6: AugSynth Belisario (Centro dropped),AugSynth,2023w27,2023-07-03
33,8.328712343028677e-4,NA,NA,NA,no2,M6: AugSynth Belisario (Centro dropped),AugSynth,2023w28,2023-07-10
34,-0.10821483448391955,NA,NA,NA,no2,M6: AugSynth Belisario (Centro dropped),AugSynth,2023w29,2023-07-17
35,0.07197758653492325,NA,NA,NA,no2,M6: AugSynth Belisario (Centro dropped),AugSynth,2023w30,2023-07-24
36,0.0553372430376573,NA,NA,NA,no2,M6: AugSynth Belisario (Centro dropped),AugSynth,2023w31,2023-07-31
37,-0.07184067011707684,NA,NA,NA,no2,M6: AugSynth Belisario (Centro dropped),AugSynth,2023w32,2023-08-07
38,0.39922388001981224,NA,NA,NA,no2,M6: AugSynth Belisario (Centro dropped),AugSynth,2023w33,2023-08-14
39,0.2424161686255255,NA,NA,NA,no2,M6: AugSynth Belisario (Centro dropped),AugSynth,2023w34,2023-08-21
40,0.17733531225437504,NA,NA,NA,no2,M6: AugSynth Belisario (Centro dropped),AugSynth,2023w35,2023-08-28
41,0.14153144572645004,NA,NA,NA,no2,M6: AugSynth Belisario (Centro dropped),AugSynth,2023w36,2023-09-04
42,0.020192364751557168,NA,NA,NA,no2,M6: AugSynth Belisario (Centro dropped),AugSynth,2023w37,2023-09-11
43,-0.19292484920972308,NA,NA,NA,no2,M6: AugSynth Belisario (Centro dropped),AugSynth,2023w38,2023-09-18
44,0.09054334059916869,NA,NA,NA,no2,M6: AugSynth Belisario (Centro dropped),AugSynth,2023w39,2023-09-25
45,0.08831353472136083,NA,NA,NA,no2,M6: AugSynth Belisario (Centro dropped),AugSynth,2023w40,2023-10-02
46,0.010590114867466305,NA,NA,NA,no2,M6: AugSynth Belisario (Centro dropped),AugSynth,2023w41,2023-10-09
47,0.036048762081005936,NA,NA,NA,no2,M6: AugSynth Belisario (Centro dropped),AugSynth,2023w42,2023-10-16
48,0.05375309194221156,NA,NA,NA,no2,M6: AugSynth Belisario (Centro dropped),AugSynth,2023w43,2023-10-23
49,0.06993913638525528,NA,NA,NA,no2,M6: AugSynth Belisario (Centro dropped),AugSynth,2023w44,2023-10-30
50,0.0627677744883508,NA,NA,NA,no2,M6: AugSynth Belisario (Centro dropped),AugSynth,2023w45,2023-11-06
51,0.24373643759928942,NA,NA,NA,no2,M6: AugSynth Belisario (Centro dropped),AugSynth,2023w46,2023-11-13
52,0.19476763567261068,NA,NA,NA,no2,M6: AugSynth Belisario (Centro dropped),AugSynth,2023w47,2023-11-20
53,0.12519590721855467,NA,NA,NA,no2,M6: AugSynth Belisario (Centro dropped),AugSynth,2023w48,2023-11-27
54,0.2836197665889886,0.03788654387386495,0.5293529893041122,0.042,no2,M6: AugSynth Belisario (Centro dropped),AugSynth,2023w49,2023-12-04
55,0.0922385382667148,-0.13764092814420734,0.4489480551112491,0.416,no2,M6: AugSynth Belisario (Centro dropped),AugSynth,2023w50,2023-12-11
56,0.10937415470275402,-0.13635906801236963,0.4660836715472883,0.285,no2,M6: AugSynth Belisario (Centro dropped),AugSynth,2023w51,2023-12-18
57,0.2494480918661095,0.0037148691509858722,0.4951813145812332,0.038,no2,M6: AugSynth Belisario (Centro dropped),AugSynth,2023w52,2023-12-25
58,0.3278089251473135,-0.028900591697220798,0.5893959041666388,0.027,no2,M6: AugSynth Belisario (Centro dropped),AugSynth,2024w01,2024-01-01
59,0.1641005088574108,-0.08163271385771284,0.4098337315725345,0.16,no2,M6: AugSynth Belisario (Centro dropped),AugSynth,2024w02,2024-01-08
60,-0.003830669384988994,-0.24956389210011265,0.2419025533301346,0.959,no2,M6: AugSynth Belisario (Centro dropped),AugSynth,2024w03,2024-01-15
61,0.08317985318886345,-0.1625533695262602,0.32891307590398705,0.529,no2,M6: AugSynth Belisario (Centro dropped),AugSynth,2024w04,2024-01-22
62,0.24379191608613215,-0.1287713570626037,0.48952513880125587,0.058,no2,M6: AugSynth Belisario (Centro dropped),AugSynth,2024w05,2024-01-29
63,0.06163368030865435,-0.27922208023167844,0.30736690302377795,0.69,no2,M6: AugSynth Belisario (Centro dropped),AugSynth,2024w06,2024-02-05
64,0.08192213728709152,-0.24307986694903977,0.3276553600022151,0.516,no2,M6: AugSynth Belisario (Centro dropped),AugSynth,2024w07,2024-02-12
65,0.13851990970206085,-0.21818960714247349,0.46352191393819225,0.188,no2,M6: AugSynth Belisario (Centro dropped),AugSynth,2024w08,2024-02-19
66,0.17708960031969445,-0.06864362239542918,0.42282282303481816,0.146,no2,M6: AugSynth Belisario (Centro dropped),AugSynth,2024w09,2024-02-26
67,0.13615787174193716,-0.10957535097318646,0.3818910944570609,0.187,no2,M6: AugSynth Belisario (Centro dropped),AugSynth,2024w10,2024-03-04
68,0.1322452629671158,-0.20861049757321698,0.4889547798116503,0.214,no2,M6: AugSynth Belisario (Centro dropped),AugSynth,2024w11,2024-03-11
69,0.23747731672679206,0,0.4832105394419158,0.076,no2,M6: AugSynth Belisario (Centro dropped),AugSynth,2024w12,2024-03-18
70,0.33018560992034995,0.08445238720522633,0.5759188326354736,0.032,no2,M6: AugSynth Belisario (Centro dropped),AugSynth,2024w13,2024-03-25
71,0.26852093508934827,0.02278771237422464,0.5142541578044719,0.043,no2,M6: AugSynth Belisario (Centro dropped),AugSynth,2024w14,2024-04-01
72,0.09798304573838967,-0.13189642067253246,0.3437162684535133,0.434,no2,M6: AugSynth Belisario (Centro dropped),AugSynth,2024w15,2024-04-08
73,0.1314513299649298,-0.16184316166279838,0.3771845526800535,0.224,no2,M6: AugSynth Belisario (Centro dropped),AugSynth,2024w16,2024-04-15
74,0.24227913878577167,-0.003454083929351953,0.4880123615008954,0.077,no2,M6: AugSynth Belisario (Centro dropped),AugSynth,2024w17,2024-04-22
75,0.27447528176249136,0.028742059047367735,0.520208504477615,0.049,no2,M6: AugSynth Belisario (Centro dropped),AugSynth,2024w18,2024-04-29
76,0.12823888601378952,-0.1174943367013341,0.37397210872891323,0.252,no2,M6: AugSynth Belisario (Centro dropped),AugSynth,2024w19,2024-05-06
77,0.18671637520917272,-0.0590168475059509,0.5275721357495056,0.128,no2,M6: AugSynth Belisario (Centro dropped),AugSynth,2024w20,2024-05-13
78,0.17179908527196552,-0.0739341374431581,0.41753230798708924,0.142,no2,M6: AugSynth Belisario (Centro dropped),AugSynth,2024w21,2024-05-20
79,0.2351411386249911,0,0.4808743613401148,0.074,no2,M6: AugSynth Belisario (Centro dropped),AugSynth,2024w22,2024-05-27
80,0.309741739039576,-0.031114021500756768,0.5554749617546997,0.033,no2,M6: AugSynth Belisario (Centro dropped),AugSynth,2024w23,2024-06-03
81,0.43828069154688176,0.08157117470234744,0.6840139142620054,0.021,no2,M6: AugSynth Belisario (Centro dropped),AugSynth,2024w24,2024-06-10
82,0.21585996417852504,-0.15670330897021081,0.46159318689364875,0.109,no2,M6: AugSynth Belisario (Centro dropped),AugSynth,2024w25,2024-06-17
83,0.2704864667805942,0.024753244065470553,0.5162196894957178,0.043,no2,M6: AugSynth Belisario (Centro dropped),AugSynth,2024w26,2024-06-24
84,0.20722325559447263,-0.038509967120650995,0.45295647830959634,0.083,no2,M6: AugSynth Belisario (Centro dropped),AugSynth,2024w27,2024-07-01
85,0.06268688597281047,-0.16719258043811167,0.30842010868793407,0.673,no2,M6: AugSynth Belisario (Centro dropped),AugSynth,2024w28,2024-07-08
86,0.011002366629087934,-0.23473085608603572,0.25673558934421153,0.948,no2,M6: AugSynth Belisario (Centro dropped),AugSynth,2024w29,2024-07-15
87,0.21352623539580629,-0.07976825623192192,0.4909669707193331,0.097,no2,M6: AugSynth Belisario (Centro dropped),AugSynth,2024w30,2024-07-22
88,0.33783794706132,0.09210472434619635,0.5835711697764436,0.029,no2,M6: AugSynth Belisario (Centro dropped),AugSynth,2024w31,2024-07-29
89,0.2019388763358272,-0.027940590075094918,0.4476720990509509,0.096,no2,M6: AugSynth Belisario (Centro dropped),AugSynth,2024w32,2024-08-05
90,0.0700630312245476,-0.15981643518637453,0.3157962539396712,0.616,no2,M6: AugSynth Belisario (Centro dropped),AugSynth,2024w33,2024-08-12
91,0.11952402185817679,-0.15791671346534988,0.3652572445733005,0.26,no2,M6: AugSynth Belisario (Centro dropped),AugSynth,2024w34,2024-08-19
92,0.13609982061054593,-0.1096334021045777,0.38183304332566964,0.19,no2,M6: AugSynth Belisario (Centro dropped),AugSynth,2024w35,2024-08-26
93,0.058803042103131364,-0.2820527184372014,0.30453626481825496,0.714,no2,M6: AugSynth Belisario (Centro dropped),AugSynth,2024w36,2024-09-02
94,0.1546711654532702,-0.09106205726185343,0.4955269259936031,0.158,no2,M6: AugSynth Belisario (Centro dropped),AugSynth,2024w37,2024-09-09
95,0.01310988895910814,-0.216769577451814,0.25884311167423174,0.948,no2,M6: AugSynth Belisario (Centro dropped),AugSynth,2024w38,2024-09-16
96,-0.08126954988085489,-0.32700277259597854,0.16446367283426871,0.517,no2,M6: AugSynth Belisario (Centro dropped),AugSynth,2024w39,2024-09-23
97,0.11311979069765998,-0.11675967571326212,0.3429992571085822,0.266,no2,M6: AugSynth Belisario (Centro dropped),AugSynth,2024w40,2024-09-30
98,0.10528488825367521,-0.12459457815724692,0.3351643546645973,0.322,no2,M6: AugSynth Belisario (Centro dropped),AugSynth,2024w41,2024-10-07
99,0.13759657639875167,-0.10813664631637196,0.3833297991138754,0.218,no2,M6: AugSynth Belisario (Centro dropped),AugSynth,2024w42,2024-10-14
100,0.11967291266160851,-0.12606031005351512,0.3654061353767322,0.251,no2,M6: AugSynth Belisario (Centro dropped),AugSynth,2024w43,2024-10-21
101,-0.0048533034402966635,-0.2664402824596218,0.24087991927482694,0.957,no2,M6: AugSynth Belisario (Centro dropped),AugSynth,2024w44,2024-10-28
102,-0.031392878696719695,-0.27712610141184335,0.2143403440184039,0.868,no2,M6: AugSynth Belisario (Centro dropped),AugSynth,2024w45,2024-11-04
103,-0.07491331207534468,-0.32064653479046834,0.17081991063977892,0.532,no2,M6: AugSynth Belisario (Centro dropped),AugSynth,2024w46,2024-11-11
104,0.2652548514075095,0.019521628692385856,0.5109880741226331,0.042,no2,M6: AugSynth Belisario (Centro dropped),AugSynth,2024w47,2024-11-18
105,0.2314461708513016,-0.061848320776426616,0.4771793935664253,0.095,no2,M6: AugSynth Belisario (Centro dropped),AugSynth,2024w48,2024-11-25
106,0.19065700861598778,-0.1343449956201435,0.4363902313311115,0.144,no2,M6: AugSynth Belisario (Centro dropped),AugSynth,2024w49,2024-12-02
107,0.2504004492547276,-0.13801658019820978,0.4961336719698513,0.05,no2,M6: AugSynth Belisario (Centro dropped),AugSynth,2024w50,2024-12-09
108,0.2836073350908337,-0.08895593805790217,0.5293405578059573,0.038,no2,M6: AugSynth Belisario (Centro dropped),AugSynth,2024w51,2024-12-16
109,0.19835482733074938,-0.03152463908017272,0.4440880500458731,0.092,no2,M6: AugSynth Belisario (Centro dropped),AugSynth,2024w52,2024-12-23
110,0.24124331905983043,-0.02034365995949472,0.5028302980791557,0.094,no2,M6: AugSynth Belisario (Centro dropped),AugSynth,2025w01,2024-12-30
111,0.145892211201041,-0.09984101151408262,0.3916254339161647,0.184,no2,M6: AugSynth Belisario (Centro dropped),AugSynth,2025w02,2025-01-06
112,0.22038800544008108,-0.025345217275042548,0.4661212281552048,0.104,no2,M6: AugSynth Belisario (Centro dropped),AugSynth,2025w03,2025-01-13
113,0.045510931515401865,-0.2002222911997218,0.29124415423052546,0.785,no2,M6: AugSynth Belisario (Centro dropped),AugSynth,2025w04,2025-01-20
114,0.1781063824491489,-0.06762684026597474,0.4238396051642726,0.157,no2,M6: AugSynth Belisario (Centro dropped),AugSynth,2025w05,2025-01-27
115,0.2918172366016871,0.046084013886563496,0.5375504593168108,0.034,no2,M6: AugSynth Belisario (Centro dropped),AugSynth,2025w06,2025-02-03
116,0.10900000341937721,-0.15258697559994797,0.3705869824387024,0.38,no2,M6: AugSynth Belisario (Centro dropped),AugSynth,2025w07,2025-02-10
117,0.0809450394329354,-0.1964956958905913,0.3425320184522606,0.561,no2,M6: AugSynth Belisario (Centro dropped),AugSynth,2025w08,2025-02-17
118,0.3005153284896158,-0.040340432050716975,0.6413710890299487,0.099,no2,M6: AugSynth Belisario (Centro dropped),AugSynth,2025w09,2025-02-24
119,0.2643227340362846,-0.09238678280824973,0.621032250880819,0.102,no2,M6: AugSynth Belisario (Centro dropped),AugSynth,2025w10,2025-03-03
120,0.21866847374144793,-0.16974855571148945,0.6070855031943854,0.178,no2,M6: AugSynth Belisario (Centro dropped),AugSynth,2025w11,2025-03-10
121,0.15762065381200996,-0.19908886303252438,0.5143301706565444,0.292,no2,M6: AugSynth Belisario (Centro dropped),AugSynth,2025w12,2025-03-17
122,0.2748875068904679,-0.06596825364986486,0.6633045363434054,0.108,no2,M6: AugSynth Belisario (Centro dropped),AugSynth,2025w13,2025-03-24
123,0.18025668885942192,-0.19230658428931394,0.552819962008158,0.222,no2,M6: AugSynth Belisario (Centro dropped),AugSynth,2025w14,2025-03-31
124,0.020306619999179265,-0.25713411532434743,0.36116238053951205,0.899,no2,M6: AugSynth Belisario (Centro dropped),AugSynth,2025w15,2025-04-07
125,0.16504200110201062,-0.08069122161311301,0.4107752238171343,0.17,no2,M6: AugSynth Belisario (Centro dropped),AugSynth,2025w16,2025-04-14
126,0.09769706438499393,-0.14803615833012973,0.3434302871001175,0.405,no2,M6: AugSynth Belisario (Centro dropped),AugSynth,2025w17,2025-04-21
127,0.23729329837275603,-0.08770870586337523,0.5464415463046859,0.089,no2,M6: AugSynth Belisario (Centro dropped),AugSynth,2025w18,2025-04-28
128,-0.01822749490000719,-0.35908325544034,0.2275057278151164,0.948,no2,M6: AugSynth Belisario (Centro dropped),AugSynth,2025w19,2025-05-05
129,0.27001036925754285,0.02427714654241922,0.5157435919726665,0.04,no2,M6: AugSynth Belisario (Centro dropped),AugSynth,2025w20,2025-05-12
130,0.16508196253022822,-0.09650501648909693,0.41081518524535193,0.147,no2,M6: AugSynth Belisario (Centro dropped),AugSynth,2025w21,2025-05-19
131,0.1708360337586634,-0.07489718895646022,0.4165692564737871,0.156,no2,M6: AugSynth Belisario (Centro dropped),AugSynth,2025w22,2025-05-26
132,0.10226914123168962,-0.2544403756128447,0.3480023639468132,0.411,no2,M6: AugSynth Belisario (Centro dropped),AugSynth,2025w23,2025-06-02
133,0.2865625314115179,0.040829308696394256,0.5322957541266415,0.028,no2,M6: AugSynth Belisario (Centro dropped),AugSynth,2025w24,2025-06-09
134,0.06150681956616122,-0.18422640314896244,0.3072400422812848,0.685,no2,M6: AugSynth Belisario (Centro dropped),AugSynth,2025w25,2025-06-16
1,0.030803258977212256,NA,NA,NA,no2,M7: AugSynth_FE Centro+Belisario,AugSynth_FE,2022w48,2022-11-28
2,-0.0824269976960541,NA,NA,NA,no2,M7: AugSynth_FE Centro+Belisario,AugSynth_FE,2022w49,2022-12-05
3,-0.04550106243507779,NA,NA,NA,no2,M7: AugSynth_FE Centro+Belisario,AugSynth_FE,2022w50,2022-12-12
4,0.12640963882527734,NA,NA,NA,no2,M7: AugSynth_FE Centro+Belisario,AugSynth_FE,2022w51,2022-12-19
5,-0.09431901307623702,NA,NA,NA,no2,M7: AugSynth_FE Centro+Belisario,AugSynth_FE,2022w52,2022-12-26
6,-0.10748862601314668,NA,NA,NA,no2,M7: AugSynth_FE Centro+Belisario,AugSynth_FE,2023w01,2023-01-02
7,-0.048702666971760955,NA,NA,NA,no2,M7: AugSynth_FE Centro+Belisario,AugSynth_FE,2023w02,2023-01-09
8,-0.0858399589811425,NA,NA,NA,no2,M7: AugSynth_FE Centro+Belisario,AugSynth_FE,2023w03,2023-01-16
9,-0.13375849673591356,NA,NA,NA,no2,M7: AugSynth_FE Centro+Belisario,AugSynth_FE,2023w04,2023-01-23
10,-0.020561325316271528,NA,NA,NA,no2,M7: AugSynth_FE Centro+Belisario,AugSynth_FE,2023w05,2023-01-30
11,-0.035506603246330926,NA,NA,NA,no2,M7: AugSynth_FE Centro+Belisario,AugSynth_FE,2023w06,2023-02-06
12,4.793196839787406e-4,NA,NA,NA,no2,M7: AugSynth_FE Centro+Belisario,AugSynth_FE,2023w07,2023-02-13
13,-0.09132989592176166,NA,NA,NA,no2,M7: AugSynth_FE Centro+Belisario,AugSynth_FE,2023w08,2023-02-20
14,0.026512235556033215,NA,NA,NA,no2,M7: AugSynth_FE Centro+Belisario,AugSynth_FE,2023w09,2023-02-27
15,0.05089715686255092,NA,NA,NA,no2,M7: AugSynth_FE Centro+Belisario,AugSynth_FE,2023w10,2023-03-06
16,-0.10304982669243268,NA,NA,NA,no2,M7: AugSynth_FE Centro+Belisario,AugSynth_FE,2023w11,2023-03-13
17,-0.024428273423028113,NA,NA,NA,no2,M7: AugSynth_FE Centro+Belisario,AugSynth_FE,2023w12,2023-03-20
18,0.018801104346645836,NA,NA,NA,no2,M7: AugSynth_FE Centro+Belisario,AugSynth_FE,2023w13,2023-03-27
19,0.04143970526687202,NA,NA,NA,no2,M7: AugSynth_FE Centro+Belisario,AugSynth_FE,2023w14,2023-04-03
20,0.02279162398193746,NA,NA,NA,no2,M7: AugSynth_FE Centro+Belisario,AugSynth_FE,2023w15,2023-04-10
21,0.05461495583338083,NA,NA,NA,no2,M7: AugSynth_FE Centro+Belisario,AugSynth_FE,2023w16,2023-04-17
22,-0.004340169342423206,NA,NA,NA,no2,M7: AugSynth_FE Centro+Belisario,AugSynth_FE,2023w17,2023-04-24
23,-0.13418196130595428,NA,NA,NA,no2,M7: AugSynth_FE Centro+Belisario,AugSynth_FE,2023w18,2023-05-01
24,-0.0804075335990877,NA,NA,NA,no2,M7: AugSynth_FE Centro+Belisario,AugSynth_FE,2023w19,2023-05-08
25,0.14126655132625787,NA,NA,NA,no2,M7: AugSynth_FE Centro+Belisario,AugSynth_FE,2023w20,2023-05-15
26,0.07262441489919924,NA,NA,NA,no2,M7: AugSynth_FE Centro+Belisario,AugSynth_FE,2023w21,2023-05-22
27,-0.0531488996544911,NA,NA,NA,no2,M7: AugSynth_FE Centro+Belisario,AugSynth_FE,2023w22,2023-05-29
28,0.09578026197192724,NA,NA,NA,no2,M7: AugSynth_FE Centro+Belisario,AugSynth_FE,2023w23,2023-06-05
29,-0.012411320090327749,NA,NA,NA,no2,M7: AugSynth_FE Centro+Belisario,AugSynth_FE,2023w24,2023-06-12
30,0.07901264054472046,NA,NA,NA,no2,M7: AugSynth_FE Centro+Belisario,AugSynth_FE,2023w25,2023-06-19
31,0.009850957337907307,NA,NA,NA,no2,M7: AugSynth_FE Centro+Belisario,AugSynth_FE,2023w26,2023-06-26
32,0.08158483598582178,NA,NA,NA,no2,M7: AugSynth_FE Centro+Belisario,AugSynth_FE,2023w27,2023-07-03
33,-0.0016729919762186185,NA,NA,NA,no2,M7: AugSynth_FE Centro+Belisario,AugSynth_FE,2023w28,2023-07-10
34,0.005641214102922287,NA,NA,NA,no2,M7: AugSynth_FE Centro+Belisario,AugSynth_FE,2023w29,2023-07-17
35,0.012886520921750133,NA,NA,NA,no2,M7: AugSynth_FE Centro+Belisario,AugSynth_FE,2023w30,2023-07-24
36,0.02970474852497773,NA,NA,NA,no2,M7: AugSynth_FE Centro+Belisario,AugSynth_FE,2023w31,2023-07-31
37,-0.1715290435997434,NA,NA,NA,no2,M7: AugSynth_FE Centro+Belisario,AugSynth_FE,2023w32,2023-08-07
38,0.23213477492185142,NA,NA,NA,no2,M7: AugSynth_FE Centro+Belisario,AugSynth_FE,2023w33,2023-08-14
39,0.1004908026254725,NA,NA,NA,no2,M7: AugSynth_FE Centro+Belisario,AugSynth_FE,2023w34,2023-08-21
40,0.031399841893086755,NA,NA,NA,no2,M7: AugSynth_FE Centro+Belisario,AugSynth_FE,2023w35,2023-08-28
41,-0.06896563207275452,NA,NA,NA,no2,M7: AugSynth_FE Centro+Belisario,AugSynth_FE,2023w36,2023-09-04
42,-0.08716923393898446,NA,NA,NA,no2,M7: AugSynth_FE Centro+Belisario,AugSynth_FE,2023w37,2023-09-11
43,-0.06452998964565593,NA,NA,NA,no2,M7: AugSynth_FE Centro+Belisario,AugSynth_FE,2023w38,2023-09-18
44,0.005385233232769959,NA,NA,NA,no2,M7: AugSynth_FE Centro+Belisario,AugSynth_FE,2023w39,2023-09-25
45,0.03925692210480625,NA,NA,NA,no2,M7: AugSynth_FE Centro+Belisario,AugSynth_FE,2023w40,2023-10-02
46,-0.02102592847890472,NA,NA,NA,no2,M7: AugSynth_FE Centro+Belisario,AugSynth_FE,2023w41,2023-10-09
47,0.02400134193941783,NA,NA,NA,no2,M7: AugSynth_FE Centro+Belisario,AugSynth_FE,2023w42,2023-10-16
48,0.029085076386361042,NA,NA,NA,no2,M7: AugSynth_FE Centro+Belisario,AugSynth_FE,2023w43,2023-10-23
49,-0.054573119280395765,NA,NA,NA,no2,M7: AugSynth_FE Centro+Belisario,AugSynth_FE,2023w44,2023-10-30
50,0.019011450883823944,NA,NA,NA,no2,M7: AugSynth_FE Centro+Belisario,AugSynth_FE,2023w45,2023-11-06
51,0.14861884239747125,NA,NA,NA,no2,M7: AugSynth_FE Centro+Belisario,AugSynth_FE,2023w46,2023-11-13
52,0.08975167425956165,NA,NA,NA,no2,M7: AugSynth_FE Centro+Belisario,AugSynth_FE,2023w47,2023-11-20
53,0.006631463900098389,NA,NA,NA,no2,M7: AugSynth_FE Centro+Belisario,AugSynth_FE,2023w48,2023-11-27
54,0.13749202782894532,-0.03266694553774563,0.3076510011956363,0.118,no2,M7: AugSynth_FE Centro+Belisario,AugSynth_FE,2023w49,2023-12-04
55,0.01577399151754255,-0.16698935024668107,0.18593296488423355,0.839,no2,M7: AugSynth_FE Centro+Belisario,AugSynth_FE,2023w50,2023-12-11
56,0.06064258920582022,-0.10951638416087073,0.21819719417497851,0.419,no2,M7: AugSynth_FE Centro+Belisario,AugSynth_FE,2023w51,2023-12-18
57,0.10662779740176997,-0.07613554436245365,0.2893911391659936,0.224,no2,M7: AugSynth_FE Centro+Belisario,AugSynth_FE,2023w52,2023-12-25
58,0.13803629357807834,-0.05733141658367795,0.320799635342302,0.145,no2,M7: AugSynth_FE Centro+Belisario,AugSynth_FE,2024w01,2024-01-01
59,0.009330357813149615,-0.173432983951074,0.19209369957737327,0.889,no2,M7: AugSynth_FE Centro+Belisario,AugSynth_FE,2024w02,2024-01-08
60,-0.09516493220510291,-0.26532390557179386,0.07499404116158809,0.251,no2,M7: AugSynth_FE Centro+Belisario,AugSynth_FE,2024w03,2024-01-15
61,0.07451297741172436,-0.10825036435249927,0.24467195077841536,0.37,no2,M7: AugSynth_FE Centro+Belisario,AugSynth_FE,2024w04,2024-01-22
62,0.049852368444556205,-0.13291097331966742,0.2200113418112472,0.545,no2,M7: AugSynth_FE Centro+Belisario,AugSynth_FE,2024w05,2024-01-29
63,0.05498823770912553,-0.10256636726003276,0.22514721107581653,0.502,no2,M7: AugSynth_FE Centro+Belisario,AugSynth_FE,2024w06,2024-02-05
64,0.01846044501315358,-0.16430289675107004,0.2642456287650406,0.818,no2,M7: AugSynth_FE Centro+Belisario,AugSynth_FE,2024w07,2024-02-12
65,-0.024240303684722964,-0.1943992770514139,0.1585230380795007,0.733,no2,M7: AugSynth_FE Centro+Belisario,AugSynth_FE,2024w08,2024-02-19
66,0.01532340699651824,-0.16743993476770538,0.18548238036320924,0.828,no2,M7: AugSynth_FE Centro+Belisario,AugSynth_FE,2024w09,2024-02-26
67,-0.021247671371459997,-0.19140664473815094,0.1363069335976983,0.79,no2,M7: AugSynth_FE Centro+Belisario,AugSynth_FE,2024w10,2024-03-04
68,0.05535665926720412,-0.10219794570195417,0.22551563263389512,0.491,no2,M7: AugSynth_FE Centro+Belisario,AugSynth_FE,2024w11,2024-03-11
69,-0.03706746915291603,-0.23243517931467234,0.14569587261130762,0.624,no2,M7: AugSynth_FE Centro+Belisario,AugSynth_FE,2024w12,2024-03-18
70,0.014565620949398728,-0.19340645760989023,0.19732896271362238,0.819,no2,M7: AugSynth_FE Centro+Belisario,AugSynth_FE,2024w13,2024-03-25
71,-0.03622096293917698,-0.23158867310093328,0.15914674722257932,0.608,no2,M7: AugSynth_FE Centro+Belisario,AugSynth_FE,2024w14,2024-04-01
72,-0.08305241264541507,-0.24060701761457337,0.09971092911880858,0.425,no2,M7: AugSynth_FE Centro+Belisario,AugSynth_FE,2024w15,2024-04-08
73,-0.03693006819397926,-0.2070890415606702,0.13322890517271174,0.628,no2,M7: AugSynth_FE Centro+Belisario,AugSynth_FE,2024w16,2024-04-15
74,0.07792416530351298,-0.10483917646071064,0.24808313867020398,0.393,no2,M7: AugSynth_FE Centro+Belisario,AugSynth_FE,2024w17,2024-04-22
75,0.05528695023432695,-0.14008075992742935,0.25065466039608325,0.538,no2,M7: AugSynth_FE Centro+Belisario,AugSynth_FE,2024w18,2024-04-29
76,-0.003533629188678944,-0.18629697095290257,0.1792297125755447,0.96,no2,M7: AugSynth_FE Centro+Belisario,AugSynth_FE,2024w19,2024-05-06
77,-0.011327208612489148,-0.19409055037671277,0.15883176475420185,0.874,no2,M7: AugSynth_FE Centro+Belisario,AugSynth_FE,2024w20,2024-05-13
78,-0.004353331535885019,-0.18711667330010864,0.21622311542093658,0.955,no2,M7: AugSynth_FE Centro+Belisario,AugSynth_FE,2024w21,2024-05-20
79,0.02151129185220979,-0.16125204991201383,0.20427463361643344,0.798,no2,M7: AugSynth_FE Centro+Belisario,AugSynth_FE,2024w22,2024-05-27
80,0.14188423315055676,-0.040879108613666865,0.3246475749147804,0.143,no2,M7: AugSynth_FE Centro+Belisario,AugSynth_FE,2024w23,2024-06-03
81,0.201144412494906,0.04358980752574773,0.4847427014393911,0.04,no2,M7: AugSynth_FE Centro+Belisario,AugSynth_FE,2024w24,2024-06-10
82,0.045153695191777476,-0.13760964657244615,0.27833451054613173,0.575,no2,M7: AugSynth_FE Centro+Belisario,AugSynth_FE,2024w25,2024-06-17
83,0.02394775782291214,-0.15881558394131148,0.2067110995871358,0.766,no2,M7: AugSynth_FE Centro+Belisario,AugSynth_FE,2024w26,2024-06-24
84,0.027152700133637797,-0.15561064163058583,0.2477291470904594,0.727,no2,M7: AugSynth_FE Centro+Belisario,AugSynth_FE,2024w27,2024-07-01
85,-0.09121043997537726,-0.27397378173960085,0.07894853339131375,0.281,no2,M7: AugSynth_FE Centro+Belisario,AugSynth_FE,2024w28,2024-07-08
86,-0.016089795030896692,-0.19885313679512032,0.1540691783357943,0.849,no2,M7: AugSynth_FE Centro+Belisario,AugSynth_FE,2024w29,2024-07-15
87,0.05453517960329579,-0.1030194253658625,0.2246941529699868,0.493,no2,M7: AugSynth_FE Centro+Belisario,AugSynth_FE,2024w30,2024-07-22
88,0.13293401290474272,-0.06243369725701357,0.31569735466896637,0.135,no2,M7: AugSynth_FE Centro+Belisario,AugSynth_FE,2024w31,2024-07-29
89,-0.008584477092095089,-0.2039521872538514,0.17417886467212856,0.904,no2,M7: AugSynth_FE Centro+Belisario,AugSynth_FE,2024w32,2024-08-05
90,-0.10952808819338822,-0.31750016675267717,0.14886146395603145,0.171,no2,M7: AugSynth_FE Centro+Belisario,AugSynth_FE,2024w33,2024-08-12
91,-0.07331700680598541,-0.256080348570209,0.0968419665607056,0.416,no2,M7: AugSynth_FE Centro+Belisario,AugSynth_FE,2024w34,2024-08-19
92,-0.10618084732872823,-0.3141529258880172,0.08918686283302807,0.248,no2,M7: AugSynth_FE Centro+Belisario,AugSynth_FE,2024w35,2024-08-26
93,-0.16670196804330262,-0.37467404660259157,0.0034570053233883846,0.055,no2,M7: AugSynth_FE Centro+Belisario,AugSynth_FE,2024w36,2024-09-02
94,-0.06093189090221651,-0.23109086426890746,0.12183145086200714,0.452,no2,M7: AugSynth_FE Centro+Belisario,AugSynth_FE,2024w37,2024-09-09
95,-0.09547322283397186,-0.27823656459819546,0.062081382135186436,0.298,no2,M7: AugSynth_FE Centro+Belisario,AugSynth_FE,2024w38,2024-09-16
96,-0.10628554301328297,-0.28904888477750657,0.06387343035340803,0.233,no2,M7: AugSynth_FE Centro+Belisario,AugSynth_FE,2024w39,2024-09-23
97,-0.06740403329449673,-0.25016737505872033,0.11535930846972692,0.428,no2,M7: AugSynth_FE Centro+Belisario,AugSynth_FE,2024w40,2024-09-30
98,-0.04666758542471694,-0.2168265587914079,0.11088701954444136,0.587,no2,M7: AugSynth_FE Centro+Belisario,AugSynth_FE,2024w41,2024-10-07
99,0.04020601017850689,-0.14255733158571673,0.2103649835451979,0.606,no2,M7: AugSynth_FE Centro+Belisario,AugSynth_FE,2024w42,2024-10-14
100,0.08868705518046927,-0.08147191818622168,0.25884602854716027,0.326,no2,M7: AugSynth_FE Centro+Belisario,AugSynth_FE,2024w43,2024-10-21
101,0.012378473678227753,-0.18298923648352855,0.16993307864738605,0.852,no2,M7: AugSynth_FE Centro+Belisario,AugSynth_FE,2024w44,2024-10-28
102,-0.08906167269195198,-0.2592206460586429,0.06849293227720632,0.321,no2,M7: AugSynth_FE Centro+Belisario,AugSynth_FE,2024w45,2024-11-04
103,-0.04318521510117934,-0.2133441884678703,0.12697375826551166,0.555,no2,M7: AugSynth_FE Centro+Belisario,AugSynth_FE,2024w46,2024-11-11
104,0.10527584221947661,-0.06488313114721433,0.2628304471886349,0.163,no2,M7: AugSynth_FE Centro+Belisario,AugSynth_FE,2024w47,2024-11-18
105,0.11947707666678564,-0.11370373868756864,0.27703168163594394,0.166,no2,M7: AugSynth_FE Centro+Belisario,AugSynth_FE,2024w48,2024-11-25
106,0.07186412614272086,-0.07308611042890478,0.24202309950941187,0.434,no2,M7: AugSynth_FE Centro+Belisario,AugSynth_FE,2024w49,2024-12-02
107,0.09564702114171819,-0.07451195222497276,0.2658059945084092,0.265,no2,M7: AugSynth_FE Centro+Belisario,AugSynth_FE,2024w50,2024-12-09
108,0.04880462948351516,-0.12135434388317579,0.21896360285020616,0.484,no2,M7: AugSynth_FE Centro+Belisario,AugSynth_FE,2024w51,2024-12-16
109,0.015043248011695542,-0.16772009375252808,0.1978065897759192,0.84,no2,M7: AugSynth_FE Centro+Belisario,AugSynth_FE,2024w52,2024-12-23
110,0.16259890370199326,-0.03276880645976303,0.3705709822612822,0.117,no2,M7: AugSynth_FE Centro+Belisario,AugSynth_FE,2025w01,2024-12-30
111,0.07505704764829879,-0.10770629411592483,0.2452160210149898,0.393,no2,M7: AugSynth_FE Centro+Belisario,AugSynth_FE,2025w02,2025-01-06
112,0.04360092007717009,-0.13916242168705353,0.2137598934438611,0.565,no2,M7: AugSynth_FE Centro+Belisario,AugSynth_FE,2025w03,2025-01-13
113,0.04723035391603858,-0.13553298784818504,0.20478495888519688,0.581,no2,M7: AugSynth_FE Centro+Belisario,AugSynth_FE,2025w04,2025-01-20
114,0.05035970408644452,-0.14500800607531178,0.20791430905560282,0.551,no2,M7: AugSynth_FE Centro+Belisario,AugSynth_FE,2025w05,2025-01-27
115,0.20354576875825714,0.020782426994033543,0.38630911052248085,0.032,no2,M7: AugSynth_FE Centro+Belisario,AugSynth_FE,2025w06,2025-02-03
116,0.14915161620715978,-0.03361172555706385,0.33191495797138343,0.13,no2,M7: AugSynth_FE Centro+Belisario,AugSynth_FE,2025w07,2025-02-10
117,0.133679449304553,-0.06168826085720329,0.3290471594663093,0.169,no2,M7: AugSynth_FE Centro+Belisario,AugSynth_FE,2025w08,2025-02-17
118,0.46621513947896176,0.17001248213694417,0.7750221652185121,0.026,no2,M7: AugSynth_FE Centro+Belisario,AugSynth_FE,2025w09,2025-02-24
119,0.4778287848624334,0.16902175912288314,0.7866358106019837,0.035,no2,M7: AugSynth_FE Centro+Belisario,AugSynth_FE,2025w10,2025-03-03
120,0.4581860939154123,0.14937906817586205,0.7669931196549626,0.044,no2,M7: AugSynth_FE Centro+Belisario,AugSynth_FE,2025w11,2025-03-10
121,0.40796076142221205,0.09915373568266178,0.7167677871617624,0.026,no2,M7: AugSynth_FE Centro+Belisario,AugSynth_FE,2025w12,2025-03-17
122,0.40471413649720756,0.09590711075765729,0.7135211622367579,0.036,no2,M7: AugSynth_FE Centro+Belisario,AugSynth_FE,2025w13,2025-03-24
123,0.40626498511897857,0.0974579593794283,0.7150720108585289,0.043,no2,M7: AugSynth_FE Centro+Belisario,AugSynth_FE,2025w14,2025-03-31
124,0.13122686416699736,-0.10195395118735692,0.3644076795213516,0.188,no2,M7: AugSynth_FE Centro+Belisario,AugSynth_FE,2025w15,2025-04-07
125,0.05196786931525921,-0.13079547244896442,0.2221268426819502,0.517,no2,M7: AugSynth_FE Centro+Belisario,AugSynth_FE,2025w16,2025-04-14
126,0.04298756594577835,-0.1271714074209126,0.20054217091493665,0.553,no2,M7: AugSynth_FE Centro+Belisario,AugSynth_FE,2025w17,2025-04-21
127,0.10184983870678765,-0.05570476626237064,0.2846131804710113,0.211,no2,M7: AugSynth_FE Centro+Belisario,AugSynth_FE,2025w18,2025-04-28
128,-0.04182380379019657,-0.2245871455544202,0.12833516957649443,0.595,no2,M7: AugSynth_FE Centro+Belisario,AugSynth_FE,2025w19,2025-05-05
129,0.2129389123782479,0.04277993901155697,0.38309788574493897,0.039,no2,M7: AugSynth_FE Centro+Belisario,AugSynth_FE,2025w20,2025-05-12
130,0.0778777660614165,-0.10488557570280713,0.2480367394281075,0.386,no2,M7: AugSynth_FE Centro+Belisario,AugSynth_FE,2025w21,2025-05-19
131,0.09851564873404683,-0.04643458783757881,0.25607025370320513,0.222,no2,M7: AugSynth_FE Centro+Belisario,AugSynth_FE,2025w22,2025-05-26
132,0.06336444039749223,-0.1193989013667314,0.2713365189567812,0.435,no2,M7: AugSynth_FE Centro+Belisario,AugSynth_FE,2025w23,2025-06-02
133,0.1682824232439093,-0.014480918520314329,0.3258370282130676,0.054,no2,M7: AugSynth_FE Centro+Belisario,AugSynth_FE,2025w24,2025-06-09
134,-0.4373601475723712,-0.6201234893365948,-0.2672011742056802,0.023,no2,M7: AugSynth_FE Centro+Belisario,AugSynth_FE,2025w25,2025-06-16
1,-0.0037051763966484685,NA,NA,NA,no2,M8: AugSynth_FE Centro (Bel. dropped),AugSynth_FE,2022w48,2022-11-28
2,0.0224182606000074,NA,NA,NA,no2,M8: AugSynth_FE Centro (Bel. dropped),AugSynth_FE,2022w49,2022-12-05
3,-0.07673441246753043,NA,NA,NA,no2,M8: AugSynth_FE Centro (Bel. dropped),AugSynth_FE,2022w50,2022-12-12
4,0.1577786925476854,NA,NA,NA,no2,M8: AugSynth_FE Centro (Bel. dropped),AugSynth_FE,2022w51,2022-12-19
5,-0.010288067649573573,NA,NA,NA,no2,M8: AugSynth_FE Centro (Bel. dropped),AugSynth_FE,2022w52,2022-12-26
6,-0.04121484126718178,NA,NA,NA,no2,M8: AugSynth_FE Centro (Bel. dropped),AugSynth_FE,2023w01,2023-01-02
7,-0.013115043006395322,NA,NA,NA,no2,M8: AugSynth_FE Centro (Bel. dropped),AugSynth_FE,2023w02,2023-01-09
8,-0.09812361453988405,NA,NA,NA,no2,M8: AugSynth_FE Centro (Bel. dropped),AugSynth_FE,2023w03,2023-01-16
9,-0.15428174985414955,NA,NA,NA,no2,M8: AugSynth_FE Centro (Bel. dropped),AugSynth_FE,2023w04,2023-01-23
10,-0.030988281975553367,NA,NA,NA,no2,M8: AugSynth_FE Centro (Bel. dropped),AugSynth_FE,2023w05,2023-01-30
11,0.045200916265823565,NA,NA,NA,no2,M8: AugSynth_FE Centro (Bel. dropped),AugSynth_FE,2023w06,2023-02-06
12,-0.0163828021094079,NA,NA,NA,no2,M8: AugSynth_FE Centro (Bel. dropped),AugSynth_FE,2023w07,2023-02-13
13,-0.09822008784997083,NA,NA,NA,no2,M8: AugSynth_FE Centro (Bel. dropped),AugSynth_FE,2023w08,2023-02-20
14,0.005735863598827606,NA,NA,NA,no2,M8: AugSynth_FE Centro (Bel. dropped),AugSynth_FE,2023w09,2023-02-27
15,0.03365548884364289,NA,NA,NA,no2,M8: AugSynth_FE Centro (Bel. dropped),AugSynth_FE,2023w10,2023-03-06
16,-0.12070682560437307,NA,NA,NA,no2,M8: AugSynth_FE Centro (Bel. dropped),AugSynth_FE,2023w11,2023-03-13
17,-0.06355235450813801,NA,NA,NA,no2,M8: AugSynth_FE Centro (Bel. dropped),AugSynth_FE,2023w12,2023-03-20
18,0.00957660253410264,NA,NA,NA,no2,M8: AugSynth_FE Centro (Bel. dropped),AugSynth_FE,2023w13,2023-03-27
19,0.03731372665811117,NA,NA,NA,no2,M8: AugSynth_FE Centro (Bel. dropped),AugSynth_FE,2023w14,2023-04-03
20,0.008430699060223201,NA,NA,NA,no2,M8: AugSynth_FE Centro (Bel. dropped),AugSynth_FE,2023w15,2023-04-10
21,-0.02787192248898629,NA,NA,NA,no2,M8: AugSynth_FE Centro (Bel. dropped),AugSynth_FE,2023w16,2023-04-17
22,-0.0233438598291964,NA,NA,NA,no2,M8: AugSynth_FE Centro (Bel. dropped),AugSynth_FE,2023w17,2023-04-24
23,-0.18191522810382832,NA,NA,NA,no2,M8: AugSynth_FE Centro (Bel. dropped),AugSynth_FE,2023w18,2023-05-01
24,-0.10827414597285268,NA,NA,NA,no2,M8: AugSynth_FE Centro (Bel. dropped),AugSynth_FE,2023w19,2023-05-08
25,0.15862672672629996,NA,NA,NA,no2,M8: AugSynth_FE Centro (Bel. dropped),AugSynth_FE,2023w20,2023-05-15
26,0.05759001145174558,NA,NA,NA,no2,M8: AugSynth_FE Centro (Bel. dropped),AugSynth_FE,2023w21,2023-05-22
27,-0.03668214099230038,NA,NA,NA,no2,M8: AugSynth_FE Centro (Bel. dropped),AugSynth_FE,2023w22,2023-05-29
28,0.14421386249010126,NA,NA,NA,no2,M8: AugSynth_FE Centro (Bel. dropped),AugSynth_FE,2023w23,2023-06-05
29,0.08517569404994152,NA,NA,NA,no2,M8: AugSynth_FE Centro (Bel. dropped),AugSynth_FE,2023w24,2023-06-12
30,0.18882660616000324,NA,NA,NA,no2,M8: AugSynth_FE Centro (Bel. dropped),AugSynth_FE,2023w25,2023-06-19
31,0.08786866678732252,NA,NA,NA,no2,M8: AugSynth_FE Centro (Bel. dropped),AugSynth_FE,2023w26,2023-06-26
32,0.1852410984010744,NA,NA,NA,no2,M8: AugSynth_FE Centro (Bel. dropped),AugSynth_FE,2023w27,2023-07-03
33,0.03701610744593831,NA,NA,NA,no2,M8: AugSynth_FE Centro (Bel. dropped),AugSynth_FE,2023w28,2023-07-10
34,-0.010553780935327328,NA,NA,NA,no2,M8: AugSynth_FE Centro (Bel. dropped),AugSynth_FE,2023w29,2023-07-17
35,0.03382607690228889,NA,NA,NA,no2,M8: AugSynth_FE Centro (Bel. dropped),AugSynth_FE,2023w30,2023-07-24
36,-0.010593287091528403,NA,NA,NA,no2,M8: AugSynth_FE Centro (Bel. dropped),AugSynth_FE,2023w31,2023-07-31
37,-0.23716553447169675,NA,NA,NA,no2,M8: AugSynth_FE Centro (Bel. dropped),AugSynth_FE,2023w32,2023-08-07
38,0.2285397244615477,NA,NA,NA,no2,M8: AugSynth_FE Centro (Bel. dropped),AugSynth_FE,2023w33,2023-08-14
39,0.11608177105969864,NA,NA,NA,no2,M8: AugSynth_FE Centro (Bel. dropped),AugSynth_FE,2023w34,2023-08-21
40,-0.020547895800423266,NA,NA,NA,no2,M8: AugSynth_FE Centro (Bel. dropped),AugSynth_FE,2023w35,2023-08-28
41,-0.14119271842001568,NA,NA,NA,no2,M8: AugSynth_FE Centro (Bel. dropped),AugSynth_FE,2023w36,2023-09-04
42,-0.1566781366207528,NA,NA,NA,no2,M8: AugSynth_FE Centro (Bel. dropped),AugSynth_FE,2023w37,2023-09-11
43,-0.0633419738873795,NA,NA,NA,no2,M8: AugSynth_FE Centro (Bel. dropped),AugSynth_FE,2023w38,2023-09-18
44,-0.053289100442290405,NA,NA,NA,no2,M8: AugSynth_FE Centro (Bel. dropped),AugSynth_FE,2023w39,2023-09-25
45,0.011066597537286782,NA,NA,NA,no2,M8: AugSynth_FE Centro (Bel. dropped),AugSynth_FE,2023w40,2023-10-02
46,-0.00800390357551084,NA,NA,NA,no2,M8: AugSynth_FE Centro (Bel. dropped),AugSynth_FE,2023w41,2023-10-09
47,0.08930947045487958,NA,NA,NA,no2,M8: AugSynth_FE Centro (Bel. dropped),AugSynth_FE,2023w42,2023-10-16
48,0.0027892518933847477,NA,NA,NA,no2,M8: AugSynth_FE Centro (Bel. dropped),AugSynth_FE,2023w43,2023-10-23
49,-0.08522024356510771,NA,NA,NA,no2,M8: AugSynth_FE Centro (Bel. dropped),AugSynth_FE,2023w44,2023-10-30
50,0.019643614834102596,NA,NA,NA,no2,M8: AugSynth_FE Centro (Bel. dropped),AugSynth_FE,2023w45,2023-11-06
51,0.1589059997099782,NA,NA,NA,no2,M8: AugSynth_FE Centro (Bel. dropped),AugSynth_FE,2023w46,2023-11-13
52,-0.024780902961020868,NA,NA,NA,no2,M8: AugSynth_FE Centro (Bel. dropped),AugSynth_FE,2023w47,2023-11-20
53,-0.008063498087001797,NA,NA,NA,no2,M8: AugSynth_FE Centro (Bel. dropped),AugSynth_FE,2023w48,2023-11-27
54,0.013077874688925739,-0.20479035660296832,0.2441502412106316,0.804,no2,M8: AugSynth_FE Centro (Bel. dropped),AugSynth_FE,2023w49,2023-12-04
55,0.0677128928319517,-0.16335947368975412,0.31198939458346936,0.441,no2,M8: AugSynth_FE Centro (Bel. dropped),AugSynth_FE,2023w50,2023-12-11
56,0.08042518050508818,-0.13744305078680588,0.31149754702679405,0.44,no2,M8: AugSynth_FE Centro (Bel. dropped),AugSynth_FE,2023w51,2023-12-18
57,0.09482452970857747,-0.1230437015833166,0.32589689623028334,0.395,no2,M8: AugSynth_FE Centro (Bel. dropped),AugSynth_FE,2023w52,2023-12-25
58,0.11110717767539846,-0.1067610536164956,0.3685878146567278,0.326,no2,M8: AugSynth_FE Centro (Bel. dropped),AugSynth_FE,2024w01,2024-01-01
59,-0.028591628664336177,-0.259663995186042,0.22888900831699316,0.669,no2,M8: AugSynth_FE Centro (Bel. dropped),AugSynth_FE,2024w02,2024-01-08
60,-0.10675012108196968,-0.3246183523738637,0.12432224543973619,0.301,no2,M8: AugSynth_FE Centro (Bel. dropped),AugSynth_FE,2024w03,2024-01-15
61,0.028953483474876585,-0.215323018276641,0.23361757953695889,0.684,no2,M8: AugSynth_FE Centro (Bel. dropped),AugSynth_FE,2024w04,2024-01-22
62,-0.027182535154321563,-0.24505076644621562,0.19068569613757252,0.666,no2,M8: AugSynth_FE Centro (Bel. dropped),AugSynth_FE,2024w05,2024-01-29
63,0.022506947064563576,-0.20856541945714224,0.24037517835645766,0.725,no2,M8: AugSynth_FE Centro (Bel. dropped),AugSynth_FE,2024w06,2024-02-05
64,-0.08349486700391973,-0.31456723352562554,0.16078163474759793,0.421,no2,M8: AugSynth_FE Centro (Bel. dropped),AugSynth_FE,2024w07,2024-02-12
65,-0.138302297265803,-0.36937466378750883,0.09277006925590287,0.253,no2,M8: AugSynth_FE Centro (Bel. dropped),AugSynth_FE,2024w08,2024-02-19
66,-0.033029313483347256,-0.2508975447752413,0.2112471882681704,0.618,no2,M8: AugSynth_FE Centro (Bel. dropped),AugSynth_FE,2024w09,2024-02-26
67,-0.057623339602280055,-0.2754915708941741,0.17344902691942582,0.482,no2,M8: AugSynth_FE Centro (Bel. dropped),AugSynth_FE,2024w10,2024-03-04
68,-0.031881368388472886,-0.2629537349101787,0.199190998133233,0.641,no2,M8: AugSynth_FE Centro (Bel. dropped),AugSynth_FE,2024w11,2024-03-11
69,-0.09041955178672811,-0.32149191830843393,0.16706108519460122,0.426,no2,M8: AugSynth_FE Centro (Bel. dropped),AugSynth_FE,2024w12,2024-03-18
70,-0.02889777678234484,-0.27317427853386245,0.25499113065860807,0.704,no2,M8: AugSynth_FE Centro (Bel. dropped),AugSynth_FE,2024w13,2024-03-25
71,-0.13445534564048955,-0.3655277121621954,0.12302529134083978,0.274,no2,M8: AugSynth_FE Centro (Bel. dropped),AugSynth_FE,2024w14,2024-04-01
72,-0.07652696319455021,-0.30759932971625603,0.16774953855696745,0.419,no2,M8: AugSynth_FE Centro (Bel. dropped),AugSynth_FE,2024w15,2024-04-08
73,-0.10596367277104202,-0.32383190406293605,0.13831282898047564,0.271,no2,M8: AugSynth_FE Centro (Bel. dropped),AugSynth_FE,2024w16,2024-04-15
74,-0.010035472472831763,-0.24110783899453758,0.2210368940488741,0.89,no2,M8: AugSynth_FE Centro (Bel. dropped),AugSynth_FE,2024w17,2024-04-22
75,0.015230490209661163,-0.21584187631204466,0.2859152624208023,0.782,no2,M8: AugSynth_FE Centro (Bel. dropped),AugSynth_FE,2024w18,2024-04-29
76,0.010730056327253656,-0.2071381749646404,0.268210693308583,0.876,no2,M8: AugSynth_FE Centro (Bel. dropped),AugSynth_FE,2024w19,2024-05-06
77,-0.0800200634381043,-0.2714800242703749,0.16425643831341336,0.423,no2,M8: AugSynth_FE Centro (Bel. dropped),AugSynth_FE,2024w20,2024-05-13
78,-0.019017176031289384,-0.2500895425529952,0.22525932572022828,0.752,no2,M8: AugSynth_FE Centro (Bel. dropped),AugSynth_FE,2024w21,2024-05-20
79,-1.435194726182587e-4,-0.23121588599432408,0.2441329822788994,1,no2,M8: AugSynth_FE Centro (Bel. dropped),AugSynth_FE,2024w22,2024-05-27
80,0.04654465297909782,-0.184527713542608,0.2776170195008037,0.526,no2,M8: AugSynth_FE Centro (Bel. dropped),AugSynth_FE,2024w23,2024-06-03
81,0.08763217535799228,-0.14344019116371354,0.3583169475691334,0.415,no2,M8: AugSynth_FE Centro (Bel. dropped),AugSynth_FE,2024w24,2024-06-10
82,0.004109632298956889,-0.22696273422274893,0.2615902692802862,0.969,no2,M8: AugSynth_FE Centro (Bel. dropped),AugSynth_FE,2024w25,2024-06-17
83,-0.05727756594067923,-0.28834993246238505,0.2002030710406501,0.507,no2,M8: AugSynth_FE Centro (Bel. dropped),AugSynth_FE,2024w26,2024-06-24
84,-0.04626059220763601,-0.26412882349953004,0.19801590954388165,0.502,no2,M8: AugSynth_FE Centro (Bel. dropped),AugSynth_FE,2024w27,2024-07-01
85,-0.11419122075845678,-0.30565118159072735,0.13008528099306088,0.307,no2,M8: AugSynth_FE Centro (Bel. dropped),AugSynth_FE,2024w28,2024-07-08
86,-0.06762577412862125,-0.29869814065032707,0.16344659239308462,0.446,no2,M8: AugSynth_FE Centro (Bel. dropped),AugSynth_FE,2024w29,2024-07-15
87,0.033736348023747365,-0.19733601849795845,0.278012849775265,0.693,no2,M8: AugSynth_FE Centro (Bel. dropped),AugSynth_FE,2024w30,2024-07-22
88,0.11656136160143937,-0.1277151401500782,0.36083786335295703,0.314,no2,M8: AugSynth_FE Centro (Bel. dropped),AugSynth_FE,2024w31,2024-07-29
89,-0.023960242824910605,-0.2550326093466164,0.22031625892660706,0.714,no2,M8: AugSynth_FE Centro (Bel. dropped),AugSynth_FE,2024w32,2024-08-05
90,-0.12200583484182603,-0.33987406613372007,0.1354748021395033,0.289,no2,M8: AugSynth_FE Centro (Bel. dropped),AugSynth_FE,2024w33,2024-08-12
91,-0.12886003466821627,-0.3599324011899221,0.11541646708330139,0.246,no2,M8: AugSynth_FE Centro (Bel. dropped),AugSynth_FE,2024w34,2024-08-19
92,-0.1220316920086999,-0.33989992330059393,0.14865308020244122,0.277,no2,M8: AugSynth_FE Centro (Bel. dropped),AugSynth_FE,2024w35,2024-08-26
93,-0.262659014812344,-0.4937313813340498,-0.0183825130608265,0.022,no2,M8: AugSynth_FE Centro (Bel. dropped),AugSynth_FE,2024w36,2024-09-02
94,-0.1259884264815736,-0.3570607930032794,0.11828807526994406,0.286,no2,M8: AugSynth_FE Centro (Bel. dropped),AugSynth_FE,2024w37,2024-09-09
95,-0.11594170872574727,-0.3470140752474531,0.1151306577959586,0.278,no2,M8: AugSynth_FE Centro (Bel. dropped),AugSynth_FE,2024w38,2024-09-16
96,-0.17489467572651796,-0.4059670422482238,0.05617769079518792,0.14,no2,M8: AugSynth_FE Centro (Bel. dropped),AugSynth_FE,2024w39,2024-09-23
97,-0.11148461042632363,-0.32935284171821766,0.13279189132519403,0.286,no2,M8: AugSynth_FE Centro (Bel. dropped),AugSynth_FE,2024w40,2024-09-30
98,-0.09995204306425487,-0.3178202743561489,0.131120323457451,0.314,no2,M8: AugSynth_FE Centro (Bel. dropped),AugSynth_FE,2024w41,2024-10-07
99,-0.03499454638346444,-0.27927104813498205,0.19607782013824143,0.62,no2,M8: AugSynth_FE Centro (Bel. dropped),AugSynth_FE,2024w42,2024-10-14
100,-0.013247620451623199,-0.2575241222031408,0.21782474607008268,0.789,no2,M8: AugSynth_FE Centro (Bel. dropped),AugSynth_FE,2024w43,2024-10-21
101,-0.04338484262365494,-0.28766134437517255,0.20089165912786272,0.523,no2,M8: AugSynth_FE Centro (Bel. dropped),AugSynth_FE,2024w44,2024-10-28
102,-0.1211880182983398,-0.3522603848200456,0.12308848345317785,0.259,no2,M8: AugSynth_FE Centro (Bel. dropped),AugSynth_FE,2024w45,2024-11-04
103,-0.05069379326089063,-0.28176615978259645,0.18037857326081524,0.512,no2,M8: AugSynth_FE Centro (Bel. dropped),AugSynth_FE,2024w46,2024-11-11
104,-0.01645512752451861,-0.24752749404622443,0.21461723899718727,0.77,no2,M8: AugSynth_FE Centro (Bel. dropped),AugSynth_FE,2024w47,2024-11-18
105,0.018618843752238323,-0.2124535227694675,0.2496912102739442,0.776,no2,M8: AugSynth_FE Centro (Bel. dropped),AugSynth_FE,2024w48,2024-11-25
106,0.0501957841608176,-0.16767244713107646,0.2548598802228999,0.505,no2,M8: AugSynth_FE Centro (Bel. dropped),AugSynth_FE,2024w49,2024-12-02
107,0.047623260282003255,-0.1702449710098908,0.27869562680370913,0.502,no2,M8: AugSynth_FE Centro (Bel. dropped),AugSynth_FE,2024w50,2024-12-09
108,-0.08682538050163968,-0.3046936117935337,0.1310428507902544,0.354,no2,M8: AugSynth_FE Centro (Bel. dropped),AugSynth_FE,2024w51,2024-12-16
109,-0.017187832115921342,-0.2350560634078154,0.22708866963559632,0.78,no2,M8: AugSynth_FE Centro (Bel. dropped),AugSynth_FE,2024w52,2024-12-23
110,0.12497455076782726,-0.13250608621350207,0.4088634582087802,0.312,no2,M8: AugSynth_FE Centro (Bel. dropped),AugSynth_FE,2025w01,2024-12-30
111,-0.014486120589399576,-0.2455584871111054,0.22979038116211808,0.79,no2,M8: AugSynth_FE Centro (Bel. dropped),AugSynth_FE,2025w02,2025-01-06
112,-0.034085474046928965,-0.23874957010901127,0.2101910277045887,0.655,no2,M8: AugSynth_FE Centro (Bel. dropped),AugSynth_FE,2025w03,2025-01-13
113,0.011426507933997687,-0.20644172335789637,0.24249887445570356,0.809,no2,M8: AugSynth_FE Centro (Bel. dropped),AugSynth_FE,2025w04,2025-01-20
114,0.04142466051939575,-0.18964770600231007,0.2857011622709134,0.53,no2,M8: AugSynth_FE Centro (Bel. dropped),AugSynth_FE,2025w05,2025-01-27
115,0.19338845948802108,-0.037683907033684766,0.4376649612395385,0.094,no2,M8: AugSynth_FE Centro (Bel. dropped),AugSynth_FE,2025w06,2025-02-03
116,0.12477543504822108,-0.13270520193310825,0.3822560720295504,0.289,no2,M8: AugSynth_FE Centro (Bel. dropped),AugSynth_FE,2025w07,2025-02-10
117,0.11420432543643244,-0.15648044677470868,0.38488909764757356,0.339,no2,M8: AugSynth_FE Centro (Bel. dropped),AugSynth_FE,2025w08,2025-02-17
118,0.4325400321646615,0.10903871903427337,0.7560413452950496,0.018,no2,M8: AugSynth_FE Centro (Bel. dropped),AugSynth_FE,2025w09,2025-02-24
119,0.41400788276481615,0,0.7375091958952043,0.053,no2,M8: AugSynth_FE Centro (Bel. dropped),AugSynth_FE,2025w10,2025-03-03
120,0.3734486161475741,0,0.6969499292779622,0.13,no2,M8: AugSynth_FE Centro (Bel. dropped),AugSynth_FE,2025w11,2025-03-10
121,0.31987221919744346,-0.0036290939329446936,0.6433735323278316,0.118,no2,M8: AugSynth_FE Centro (Bel. dropped),AugSynth_FE,2025w12,2025-03-17
122,0.34029197402441547,0,0.6637932871548036,0.051,no2,M8: AugSynth_FE Centro (Bel. dropped),AugSynth_FE,2025w13,2025-03-24
123,0.3198770806856821,-0.0036242324447060548,0.6433783938160702,0.144,no2,M8: AugSynth_FE Centro (Bel. dropped),AugSynth_FE,2025w14,2025-03-31
124,0.06988273647315735,-0.20080203573798378,0.34056750868429847,0.492,no2,M8: AugSynth_FE Centro (Bel. dropped),AugSynth_FE,2025w15,2025-04-07
125,-0.0276543638286455,-0.2587267303503513,0.20341800269306037,0.674,no2,M8: AugSynth_FE Centro (Bel. dropped),AugSynth_FE,2025w16,2025-04-14
126,-0.04206801339935318,-0.273140379921059,0.1890043531223527,0.517,no2,M8: AugSynth_FE Centro (Bel. dropped),AugSynth_FE,2025w17,2025-04-21
127,0.0068151220216030595,-0.22425724450010276,0.2510916237731207,0.942,no2,M8: AugSynth_FE Centro (Bel. dropped),AugSynth_FE,2025w18,2025-04-28
128,-0.11208145082529652,-0.35635795257681413,0.11899091569640935,0.304,no2,M8: AugSynth_FE Centro (Bel. dropped),AugSynth_FE,2025w19,2025-05-05
129,0.14164257096754218,-0.08942979555416364,0.3463066670296245,0.234,no2,M8: AugSynth_FE Centro (Bel. dropped),AugSynth_FE,2025w20,2025-05-12
130,-0.025696123163423845,-0.26997262491494145,0.20537624335828203,0.665,no2,M8: AugSynth_FE Centro (Bel. dropped),AugSynth_FE,2025w21,2025-05-19
131,0.024700870957267806,-0.206371495564438,0.2557732374789737,0.681,no2,M8: AugSynth_FE Centro (Bel. dropped),AugSynth_FE,2025w22,2025-05-26
132,-0.006601598319666557,-0.25087810007118416,0.22447076820203932,0.934,no2,M8: AugSynth_FE Centro (Bel. dropped),AugSynth_FE,2025w23,2025-06-02
133,0.057453974083235604,-0.17361839243847021,0.30173047583475326,0.53,no2,M8: AugSynth_FE Centro (Bel. dropped),AugSynth_FE,2025w24,2025-06-09
134,-0.8728341578582306,-1.1039065243799364,-0.6285576561067131,0.02,no2,M8: AugSynth_FE Centro (Bel. dropped),AugSynth_FE,2025w25,2025-06-16
1,-0.03696470650090289,NA,NA,NA,no2,M8b: AugSynth_FE Centro (Bel. in pool),AugSynth_FE,2022w48,2022-11-28
2,0.11495364195583457,NA,NA,NA,no2,M8b: AugSynth_FE Centro (Bel. in pool),AugSynth_FE,2022w49,2022-12-05
3,-0.07009034633597189,NA,NA,NA,no2,M8b: AugSynth_FE Centro (Bel. in pool),AugSynth_FE,2022w50,2022-12-12
4,0.11039121246776684,NA,NA,NA,no2,M8b: AugSynth_FE Centro (Bel. in pool),AugSynth_FE,2022w51,2022-12-19
5,0.07810277456270542,NA,NA,NA,no2,M8b: AugSynth_FE Centro (Bel. in pool),AugSynth_FE,2022w52,2022-12-26
6,0.04483703891603685,NA,NA,NA,no2,M8b: AugSynth_FE Centro (Bel. in pool),AugSynth_FE,2023w01,2023-01-02
7,0.02855593917539334,NA,NA,NA,no2,M8b: AugSynth_FE Centro (Bel. in pool),AugSynth_FE,2023w02,2023-01-09
8,-0.061722320262426855,NA,NA,NA,no2,M8b: AugSynth_FE Centro (Bel. in pool),AugSynth_FE,2023w03,2023-01-16
9,-0.09796517385161563,NA,NA,NA,no2,M8b: AugSynth_FE Centro (Bel. in pool),AugSynth_FE,2023w04,2023-01-23
10,-0.02574855664177056,NA,NA,NA,no2,M8b: AugSynth_FE Centro (Bel. in pool),AugSynth_FE,2023w05,2023-01-30
11,0.10380088346337546,NA,NA,NA,no2,M8b: AugSynth_FE Centro (Bel. in pool),AugSynth_FE,2023w06,2023-02-06
12,-0.025435347837309497,NA,NA,NA,no2,M8b: AugSynth_FE Centro (Bel. in pool),AugSynth_FE,2023w07,2023-02-13
13,-0.05698106047363449,NA,NA,NA,no2,M8b: AugSynth_FE Centro (Bel. in pool),AugSynth_FE,2023w08,2023-02-20
14,-0.017311667160465394,NA,NA,NA,no2,M8b: AugSynth_FE Centro (Bel. in pool),AugSynth_FE,2023w09,2023-02-27
15,-8.377589211390202e-4,NA,NA,NA,no2,M8b: AugSynth_FE Centro (Bel. in pool),AugSynth_FE,2023w10,2023-03-06
16,-0.07960669904698081,NA,NA,NA,no2,M8b: AugSynth_FE Centro (Bel. in pool),AugSynth_FE,2023w11,2023-03-13
17,-0.07282080208456065,NA,NA,NA,no2,M8b: AugSynth_FE Centro (Bel. in pool),AugSynth_FE,2023w12,2023-03-20
18,-0.005257092287776821,NA,NA,NA,no2,M8b: AugSynth_FE Centro (Bel. in pool),AugSynth_FE,2023w13,2023-03-27
19,0.013382426251876467,NA,NA,NA,no2,M8b: AugSynth_FE Centro (Bel. in pool),AugSynth_FE,2023w14,2023-04-03
20,-0.01078226820315864,NA,NA,NA,no2,M8b: AugSynth_FE Centro (Bel. in pool),AugSynth_FE,2023w15,2023-04-10
21,-0.09714789425145964,NA,NA,NA,no2,M8b: AugSynth_FE Centro (Bel. in pool),AugSynth_FE,2023w16,2023-04-17
22,-0.031246987968970963,NA,NA,NA,no2,M8b: AugSynth_FE Centro (Bel. in pool),AugSynth_FE,2023w17,2023-04-24
23,-0.1380116631360937,NA,NA,NA,no2,M8b: AugSynth_FE Centro (Bel. in pool),AugSynth_FE,2023w18,2023-05-01
24,-0.08156469797999444,NA,NA,NA,no2,M8b: AugSynth_FE Centro (Bel. in pool),AugSynth_FE,2023w19,2023-05-08
25,0.0969283572275681,NA,NA,NA,no2,M8b: AugSynth_FE Centro (Bel. in pool),AugSynth_FE,2023w20,2023-05-15
26,0.013190748332149393,NA,NA,NA,no2,M8b: AugSynth_FE Centro (Bel. in pool),AugSynth_FE,2023w21,2023-05-22
27,-0.0022015480787032082,NA,NA,NA,no2,M8b: AugSynth_FE Centro (Bel. in pool),AugSynth_FE,2023w22,2023-05-29
28,0.12107407326210096,NA,NA,NA,no2,M8b: AugSynth_FE Centro (Bel. in pool),AugSynth_FE,2023w23,2023-06-05
29,0.14007386012203327,NA,NA,NA,no2,M8b: AugSynth_FE Centro (Bel. in pool),AugSynth_FE,2023w24,2023-06-12
30,0.2049975933584931,NA,NA,NA,no2,M8b: AugSynth_FE Centro (Bel. in pool),AugSynth_FE,2023w25,2023-06-19
31,0.12213368893465759,NA,NA,NA,no2,M8b: AugSynth_FE Centro (Bel. in pool),AugSynth_FE,2023w26,2023-06-26
32,0.19485370207504182,NA,NA,NA,no2,M8b: AugSynth_FE Centro (Bel. in pool),AugSynth_FE,2023w27,2023-07-03
33,0.05706743460141794,NA,NA,NA,no2,M8b: AugSynth_FE Centro (Bel. in pool),AugSynth_FE,2023w28,2023-07-10
34,-0.02098210322035099,NA,NA,NA,no2,M8b: AugSynth_FE Centro (Bel. in pool),AugSynth_FE,2023w29,2023-07-17
35,0.038360920379395314,NA,NA,NA,no2,M8b: AugSynth_FE Centro (Bel. in pool),AugSynth_FE,2023w30,2023-07-24
36,-0.04462340929411601,NA,NA,NA,no2,M8b: AugSynth_FE Centro (Bel. in pool),AugSynth_FE,2023w31,2023-07-31
37,-0.18393428697796255,NA,NA,NA,no2,M8b: AugSynth_FE Centro (Bel. in pool),AugSynth_FE,2023w32,2023-08-07
38,0.11045606605531244,NA,NA,NA,no2,M8b: AugSynth_FE Centro (Bel. in pool),AugSynth_FE,2023w33,2023-08-14
39,0.07416369359089892,NA,NA,NA,no2,M8b: AugSynth_FE Centro (Bel. in pool),AugSynth_FE,2023w34,2023-08-21
40,-0.06068415910564262,NA,NA,NA,no2,M8b: AugSynth_FE Centro (Bel. in pool),AugSynth_FE,2023w35,2023-08-28
41,-0.14197860524697914,NA,NA,NA,no2,M8b: AugSynth_FE Centro (Bel. in pool),AugSynth_FE,2023w36,2023-09-04
42,-0.14720062906696008,NA,NA,NA,no2,M8b: AugSynth_FE Centro (Bel. in pool),AugSynth_FE,2023w37,2023-09-11
43,-0.029217687860533026,NA,NA,NA,no2,M8b: AugSynth_FE Centro (Bel. in pool),AugSynth_FE,2023w38,2023-09-18
44,-0.08431509494765965,NA,NA,NA,no2,M8b: AugSynth_FE Centro (Bel. in pool),AugSynth_FE,2023w39,2023-09-25
45,-0.022602085591000076,NA,NA,NA,no2,M8b: AugSynth_FE Centro (Bel. in pool),AugSynth_FE,2023w40,2023-10-02
46,0.009939425431832571,NA,NA,NA,no2,M8b: AugSynth_FE Centro (Bel. in pool),AugSynth_FE,2023w41,2023-10-09
47,0.11098828730037269,NA,NA,NA,no2,M8b: AugSynth_FE Centro (Bel. in pool),AugSynth_FE,2023w42,2023-10-16
48,-0.02490693372723829,NA,NA,NA,no2,M8b: AugSynth_FE Centro (Bel. in pool),AugSynth_FE,2023w43,2023-10-23
49,-0.0736709233784607,NA,NA,NA,no2,M8b: AugSynth_FE Centro (Bel. in pool),AugSynth_FE,2023w44,2023-10-30
50,0.011014961941642643,NA,NA,NA,no2,M8b: AugSynth_FE Centro (Bel. in pool),AugSynth_FE,2023w45,2023-11-06
51,0.090714160123746,NA,NA,NA,no2,M8b: AugSynth_FE Centro (Bel. in pool),AugSynth_FE,2023w46,2023-11-13
52,-0.1264841624237656,NA,NA,NA,no2,M8b: AugSynth_FE Centro (Bel. in pool),AugSynth_FE,2023w47,2023-11-20
53,-0.01768421766605055,NA,NA,NA,no2,M8b: AugSynth_FE Centro (Bel. in pool),AugSynth_FE,2023w48,2023-11-27
54,-0.11707945492858363,-0.3288667261381965,0.1055687019840863,0.308,no2,M8b: AugSynth_FE Centro (Bel. in pool),AugSynth_FE,2023w49,2023-12-04
55,0.08627456288638058,-0.11465182262017522,0.29806183409599346,0.412,no2,M8b: AugSynth_FE Centro (Bel. in pool),AugSynth_FE,2023w50,2023-12-11
56,0.05956960935582689,-0.13049589044767185,0.2604959948623827,0.595,no2,M8b: AugSynth_FE Centro (Bel. in pool),AugSynth_FE,2023w51,2023-12-18
57,0.03510481256614062,-0.16582157294041516,0.2360311980726964,0.672,no2,M8b: AugSynth_FE Centro (Bel. in pool),AugSynth_FE,2023w52,2023-12-25
58,0.028207413814657745,-0.17271897169189804,0.25085557072732767,0.765,no2,M8b: AugSynth_FE Centro (Bel. in pool),AugSynth_FE,2024w01,2024-01-01
59,-0.053215578260525476,-0.24328107806402421,0.1477108072460303,0.604,no2,M8b: AugSynth_FE Centro (Bel. in pool),AugSynth_FE,2024w02,2024-01-08
60,-0.06575830066019828,-0.26668468616675406,0.1460289705494146,0.543,no2,M8b: AugSynth_FE Centro (Bel. in pool),AugSynth_FE,2024w03,2024-01-15
61,-0.030645457436612844,-0.2424327286462257,0.17028092806994294,0.699,no2,M8b: AugSynth_FE Centro (Bel. in pool),AugSynth_FE,2024w04,2024-01-22
62,-0.09022773277172069,-0.28029323257521943,0.12155953843789219,0.4,no2,M8b: AugSynth_FE Centro (Bel. in pool),AugSynth_FE,2024w05,2024-01-29
63,-0.020694730196960887,-0.22162111570351667,0.16937076960653785,0.82,no2,M8b: AugSynth_FE Centro (Bel. in pool),AugSynth_FE,2024w06,2024-02-05
64,-0.14389627285051532,-0.3556835440601282,0.06789099835909757,0.167,no2,M8b: AugSynth_FE Centro (Bel. in pool),AugSynth_FE,2024w07,2024-02-12
65,-0.18410357848154346,-0.4067517353942134,0.02768369272806942,0.068,no2,M8b: AugSynth_FE Centro (Bel. in pool),AugSynth_FE,2024w08,2024-02-19
66,-0.06523598155817201,-0.25530148136167075,0.13569040394838378,0.541,no2,M8b: AugSynth_FE Centro (Bel. in pool),AugSynth_FE,2024w09,2024-02-26
67,-0.06553546130348709,-0.2556009611069858,0.1462518099061258,0.524,no2,M8b: AugSynth_FE Centro (Bel. in pool),AugSynth_FE,2024w10,2024-03-04
68,-0.1024588036456735,-0.3142460748552864,0.09846758186088228,0.363,no2,M8b: AugSynth_FE Centro (Bel. in pool),AugSynth_FE,2024w11,2024-03-11
69,-0.09897781226704705,-0.31076508347665993,0.12367034464562288,0.409,no2,M8b: AugSynth_FE Centro (Bel. in pool),AugSynth_FE,2024w12,2024-03-18
70,-0.05861247920615531,-0.28126063611882524,0.17489656340957171,0.601,no2,M8b: AugSynth_FE Centro (Bel. in pool),AugSynth_FE,2024w13,2024-03-25
71,-0.1666254913562768,-0.42185630537811797,0.06688355125945022,0.129,no2,M8b: AugSynth_FE Centro (Bel. in pool),AugSynth_FE,2024w14,2024-04-01
72,-0.03218359427073825,-0.2439708654803511,0.19046456264193168,0.714,no2,M8b: AugSynth_FE Centro (Bel. in pool),AugSynth_FE,2024w15,2024-04-08
73,-0.12244278429491695,-0.3125082840984157,0.08934448691469593,0.255,no2,M8b: AugSynth_FE Centro (Bel. in pool),AugSynth_FE,2024w16,2024-04-15
74,-0.09292664249455873,-0.3047139137041716,0.11886062871505415,0.39,no2,M8b: AugSynth_FE Centro (Bel. in pool),AugSynth_FE,2024w17,2024-04-22
75,-0.033353881508217054,-0.23428026701477284,0.18929427540445287,0.737,no2,M8b: AugSynth_FE Centro (Bel. in pool),AugSynth_FE,2024w18,2024-04-29
76,0.018701195300513618,-0.18222519020604216,0.24134935221318354,0.838,no2,M8b: AugSynth_FE Centro (Bel. in pool),AugSynth_FE,2024w19,2024-05-06
77,-0.10906256402905834,-0.2991280638325571,0.10272470718055454,0.322,no2,M8b: AugSynth_FE Centro (Bel. in pool),AugSynth_FE,2024w20,2024-05-13
78,-0.024907131280122563,-0.22583351678667835,0.18688013992949032,0.831,no2,M8b: AugSynth_FE Centro (Bel. in pool),AugSynth_FE,2024w21,2024-05-20
79,-0.021969100912861084,-0.22289548641941687,0.20067905599980884,0.824,no2,M8b: AugSynth_FE Centro (Bel. in pool),AugSynth_FE,2024w22,2024-05-27
80,-0.07248662610198942,-0.2842738973116023,0.1610224165137376,0.532,no2,M8b: AugSynth_FE Centro (Bel. in pool),AugSynth_FE,2024w23,2024-06-03
81,-0.07036890088118009,-0.29301705779385,0.18486191314066103,0.613,no2,M8b: AugSynth_FE Centro (Bel. in pool),AugSynth_FE,2024w24,2024-06-10
82,-0.0395423870994942,-0.22960788690299294,0.17224488411011868,0.696,no2,M8b: AugSynth_FE Centro (Bel. in pool),AugSynth_FE,2024w25,2024-06-17
83,-0.11075128439243631,-0.3116776698989921,0.11189687252023361,0.356,no2,M8b: AugSynth_FE Centro (Bel. in pool),AugSynth_FE,2024w26,2024-06-24
84,-0.09723894739890593,-0.2981653329054617,0.11454832381070695,0.378,no2,M8b: AugSynth_FE Centro (Bel. in pool),AugSynth_FE,2024w27,2024-07-01
85,-0.0800758865039164,-0.2810022720104722,0.1317113847056965,0.458,no2,M8b: AugSynth_FE Centro (Bel. in pool),AugSynth_FE,2024w28,2024-07-08
86,-0.08463991236731783,-0.27470541217081657,0.11628647313923796,0.415,no2,M8b: AugSynth_FE Centro (Bel. in pool),AugSynth_FE,2024w29,2024-07-15
87,-0.00263527975316169,-0.20356166525971747,0.2091519914564512,0.981,no2,M8b: AugSynth_FE Centro (Bel. in pool),AugSynth_FE,2024w30,2024-07-22
88,0.04301616574652378,-0.17963199116614614,0.25480343695613666,0.643,no2,M8b: AugSynth_FE Centro (Bel. in pool),AugSynth_FE,2024w31,2024-07-29
89,-0.027519749861836917,-0.2284461353683927,0.195128407050833,0.746,no2,M8b: AugSynth_FE Centro (Bel. in pool),AugSynth_FE,2024w32,2024-08-05
90,-0.07300432680360025,-0.28479159801321313,0.13878294440601263,0.532,no2,M8b: AugSynth_FE Centro (Bel. in pool),AugSynth_FE,2024w33,2024-08-12
91,-0.11986846396760331,-0.3207948494741591,0.09191880724200957,0.267,no2,M8b: AugSynth_FE Centro (Bel. in pool),AugSynth_FE,2024w34,2024-08-19
92,-0.07677369270017609,-0.299421849612846,0.15673534991555094,0.55,no2,M8b: AugSynth_FE Centro (Bel. in pool),AugSynth_FE,2024w35,2024-08-26
93,-0.22737457660622606,-0.42830096211278185,-0.026448191099670282,0.018,no2,M8b: AugSynth_FE Centro (Bel. in pool),AugSynth_FE,2024w36,2024-09-02
94,-0.126496508951643,-0.3382837801612559,0.07442987655491279,0.275,no2,M8b: AugSynth_FE Centro (Bel. in pool),AugSynth_FE,2024w37,2024-09-09
95,-0.07760418349689235,-0.27853056900344814,0.11246131630660638,0.476,no2,M8b: AugSynth_FE Centro (Bel. in pool),AugSynth_FE,2024w38,2024-09-16
96,-0.15508464949774092,-0.3560110350042967,0.034980850305757816,0.094,no2,M8b: AugSynth_FE Centro (Bel. in pool),AugSynth_FE,2024w39,2024-09-23
97,-0.10040055721527885,-0.30132694272183463,0.11138671399433403,0.34,no2,M8b: AugSynth_FE Centro (Bel. in pool),AugSynth_FE,2024w40,2024-09-30
98,-0.10346729511506991,-0.29353279491856865,0.08659820468842883,0.307,no2,M8b: AugSynth_FE Centro (Bel. in pool),AugSynth_FE,2024w41,2024-10-07
99,-0.09121998545723731,-0.3030072566668502,0.10970640004931848,0.393,no2,M8b: AugSynth_FE Centro (Bel. in pool),AugSynth_FE,2024w42,2024-10-14
100,-0.10802506301211245,-0.3306732199247824,0.12548397960361457,0.326,no2,M8b: AugSynth_FE Centro (Bel. in pool),AugSynth_FE,2024w43,2024-10-21
101,-0.07664125812954303,-0.2884285293391559,0.12428512737701275,0.505,no2,M8b: AugSynth_FE Centro (Bel. in pool),AugSynth_FE,2024w44,2024-10-28
102,-0.09365472224354221,-0.28372022204704095,0.11813254896607067,0.358,no2,M8b: AugSynth_FE Centro (Bel. in pool),AugSynth_FE,2024w45,2024-11-04
103,-0.03306697680169002,-0.2339933623082458,0.16785940870486576,0.673,no2,M8b: AugSynth_FE Centro (Bel. in pool),AugSynth_FE,2024w46,2024-11-11
104,-0.12946912765039054,-0.35211728456306046,0.08231814355922235,0.222,no2,M8b: AugSynth_FE Centro (Bel. in pool),AugSynth_FE,2024w47,2024-11-18
105,-0.09119621228275143,-0.31384436919542136,0.1314519446299185,0.467,no2,M8b: AugSynth_FE Centro (Bel. in pool),AugSynth_FE,2024w48,2024-11-25
106,0.0033221236166012247,-0.18674337618689751,0.2151093948262141,0.965,no2,M8b: AugSynth_FE Centro (Bel. in pool),AugSynth_FE,2024w49,2024-12-02
107,-0.024407590690178615,-0.2253339761967344,0.18737968051943427,0.782,no2,M8b: AugSynth_FE Centro (Bel. in pool),AugSynth_FE,2024w50,2024-12-09
108,-0.17852303536013814,-0.390310306569751,0.033264235849474744,0.079,no2,M8b: AugSynth_FE Centro (Bel. in pool),AugSynth_FE,2024w51,2024-12-16
109,-0.04122174789496391,-0.23128724769846265,0.17056552331464897,0.64,no2,M8b: AugSynth_FE Centro (Bel. in pool),AugSynth_FE,2024w52,2024-12-23
110,0.02344082045279139,-0.2100682221629356,0.2678107487715755,0.819,no2,M8b: AugSynth_FE Centro (Bel. in pool),AugSynth_FE,2025w01,2024-12-30
111,-0.09710316517498141,-0.3088904363845943,0.11468410603463147,0.365,no2,M8b: AugSynth_FE Centro (Bel. in pool),AugSynth_FE,2025w02,2025-01-06
112,-0.09513443383599318,-0.29606081934254896,0.1166528373736197,0.361,no2,M8b: AugSynth_FE Centro (Bel. in pool),AugSynth_FE,2025w03,2025-01-13
113,-0.030189136800718774,-0.23111552230727456,0.170737248705837,0.742,no2,M8b: AugSynth_FE Centro (Bel. in pool),AugSynth_FE,2025w04,2025-01-20
114,0.011681031663271835,-0.18924535384328395,0.22346830287288472,0.899,no2,M8b: AugSynth_FE Centro (Bel. in pool),AugSynth_FE,2025w05,2025-01-27
115,0.08636777355299197,-0.11455861195356383,0.3090159304656619,0.473,no2,M8b: AugSynth_FE Centro (Bel. in pool),AugSynth_FE,2025w06,2025-02-03
116,0.03733822882941773,-0.1853099280832522,0.27084727144514475,0.676,no2,M8b: AugSynth_FE Centro (Bel. in pool),AugSynth_FE,2025w07,2025-02-10
117,0.036160408894428286,-0.1973486337212987,0.2805303372132124,0.662,no2,M8b: AugSynth_FE Centro (Bel. in pool),AugSynth_FE,2025w08,2025-02-17
118,0.1809832802347917,-0.0851084194901065,0.4470749799596899,0.429,no2,M8b: AugSynth_FE Centro (Bel. in pool),AugSynth_FE,2025w09,2025-02-24
119,0.14161901884482653,-0.12447268088007168,0.40771071856972474,0.515,no2,M8b: AugSynth_FE Centro (Bel. in pool),AugSynth_FE,2025w10,2025-03-03
120,0.09999632892283739,-0.16609537080206083,0.3660880286477356,0.677,no2,M8b: AugSynth_FE Centro (Bel. in pool),AugSynth_FE,2025w11,2025-03-10
121,0.07005074676338996,-0.19604095296150825,0.33614244648828817,0.656,no2,M8b: AugSynth_FE Centro (Bel. in pool),AugSynth_FE,2025w12,2025-03-17
122,0.10419153650355506,-0.16190016322134315,0.37028323622845327,0.61,no2,M8b: AugSynth_FE Centro (Bel. in pool),AugSynth_FE,2025w13,2025-03-24
123,0.07248637869766572,-0.1936053210272325,0.33857807842256393,0.675,no2,M8b: AugSynth_FE Centro (Bel. in pool),AugSynth_FE,2025w14,2025-03-31
124,-0.026396352760595487,-0.2924880524854937,0.23969534696430272,0.867,no2,M8b: AugSynth_FE Centro (Bel. in pool),AugSynth_FE,2025w15,2025-04-07
125,-0.09216157449598761,-0.3039488457056005,0.10876481101056817,0.385,no2,M8b: AugSynth_FE Centro (Bel. in pool),AugSynth_FE,2025w16,2025-04-14
126,-0.10578654499999063,-0.3067129305065464,0.09513984050656515,0.316,no2,M8b: AugSynth_FE Centro (Bel. in pool),AugSynth_FE,2025w17,2025-04-21
127,-0.09188296180015776,-0.30367023300977064,0.13076519511251217,0.397,no2,M8b: AugSynth_FE Centro (Bel. in pool),AugSynth_FE,2025w18,2025-04-28
128,-0.12613933077215478,-0.32706571627871056,0.074787054734401,0.213,no2,M8b: AugSynth_FE Centro (Bel. in pool),AugSynth_FE,2025w19,2025-05-05
129,3.2575677525015223e-4,-0.23318328584047684,0.23383479939097718,0.981,no2,M8b: AugSynth_FE Centro (Bel. in pool),AugSynth_FE,2025w20,2025-05-12
130,-0.11538594432000382,-0.3271732155296167,0.09640132688960906,0.284,no2,M8b: AugSynth_FE Centro (Bel. in pool),AugSynth_FE,2025w21,2025-05-19
131,-0.06083350467826598,-0.26175989018482176,0.1400928808282898,0.593,no2,M8b: AugSynth_FE Centro (Bel. in pool),AugSynth_FE,2025w22,2025-05-26
132,-0.07285171745532137,-0.28463898866493426,0.1280746680512344,0.534,no2,M8b: AugSynth_FE Centro (Bel. in pool),AugSynth_FE,2025w23,2025-06-02
133,-0.08236139866808712,-0.31587044128381414,0.162008529650697,0.518,no2,M8b: AugSynth_FE Centro (Bel. in pool),AugSynth_FE,2025w24,2025-06-09
134,-0.8717297609377495,-1.0726561464443054,-0.6708033754311937,0.018,no2,M8b: AugSynth_FE Centro (Bel. in pool),AugSynth_FE,2025w25,2025-06-16
1,0.0564955827510345,NA,NA,NA,no2,M9: AugSynth_FE Belisario (Centro dropped),AugSynth_FE,2022w48,2022-11-28
2,-0.1916359864307049,NA,NA,NA,no2,M9: AugSynth_FE Belisario (Centro dropped),AugSynth_FE,2022w49,2022-12-05
3,-0.01969800761226459,NA,NA,NA,no2,M9: AugSynth_FE Belisario (Centro dropped),AugSynth_FE,2022w50,2022-12-12
4,0.08575374939700309,NA,NA,NA,no2,M9: AugSynth_FE Belisario (Centro dropped),AugSynth_FE,2022w51,2022-12-19
5,-0.18081051213574995,NA,NA,NA,no2,M9: AugSynth_FE Belisario (Centro dropped),AugSynth_FE,2022w52,2022-12-26
6,-0.17269238671966702,NA,NA,NA,no2,M9: AugSynth_FE Belisario (Centro dropped),AugSynth_FE,2023w01,2023-01-02
7,-0.09617792786888169,NA,NA,NA,no2,M9: AugSynth_FE Belisario (Centro dropped),AugSynth_FE,2023w02,2023-01-09
8,-0.07706944420133865,NA,NA,NA,no2,M9: AugSynth_FE Belisario (Centro dropped),AugSynth_FE,2023w03,2023-01-16
9,-0.11204714775173219,NA,NA,NA,no2,M9: AugSynth_FE Belisario (Centro dropped),AugSynth_FE,2023w04,2023-01-23
10,-0.007573099831355012,NA,NA,NA,no2,M9: AugSynth_FE Belisario (Centro dropped),AugSynth_FE,2023w05,2023-01-30
11,-0.11025349439701859,NA,NA,NA,no2,M9: AugSynth_FE Belisario (Centro dropped),AugSynth_FE,2023w06,2023-02-06
12,0.026667848363402857,NA,NA,NA,no2,M9: AugSynth_FE Belisario (Centro dropped),AugSynth_FE,2023w07,2023-02-13
13,-0.07437661497513792,NA,NA,NA,no2,M9: AugSynth_FE Belisario (Centro dropped),AugSynth_FE,2023w08,2023-02-20
14,0.05565935220739515,NA,NA,NA,no2,M9: AugSynth_FE Belisario (Centro dropped),AugSynth_FE,2023w09,2023-02-27
15,0.06960113400780132,NA,NA,NA,no2,M9: AugSynth_FE Belisario (Centro dropped),AugSynth_FE,2023w10,2023-03-06
16,-0.08846025303382943,NA,NA,NA,no2,M9: AugSynth_FE Belisario (Centro dropped),AugSynth_FE,2023w11,2023-03-13
17,0.01256969302528299,NA,NA,NA,no2,M9: AugSynth_FE Belisario (Centro dropped),AugSynth_FE,2023w12,2023-03-20
18,0.0324510719674338,NA,NA,NA,no2,M9: AugSynth_FE Belisario (Centro dropped),AugSynth_FE,2023w13,2023-03-27
19,0.048746262828672116,NA,NA,NA,no2,M9: AugSynth_FE Belisario (Centro dropped),AugSynth_FE,2023w14,2023-04-03
20,0.043898405363793636,NA,NA,NA,no2,M9: AugSynth_FE Belisario (Centro dropped),AugSynth_FE,2023w15,2023-04-10
21,0.13419296491855137,NA,NA,NA,no2,M9: AugSynth_FE Belisario (Centro dropped),AugSynth_FE,2023w16,2023-04-17
22,0.0112382571236318,NA,NA,NA,no2,M9: AugSynth_FE Belisario (Centro dropped),AugSynth_FE,2023w17,2023-04-24
23,-0.08843267329699378,NA,NA,NA,no2,M9: AugSynth_FE Belisario (Centro dropped),AugSynth_FE,2023w18,2023-05-01
24,-0.04376399951403309,NA,NA,NA,no2,M9: AugSynth_FE Belisario (Centro dropped),AugSynth_FE,2023w19,2023-05-08
25,0.12631968243163394,NA,NA,NA,no2,M9: AugSynth_FE Belisario (Centro dropped),AugSynth_FE,2023w20,2023-05-15
26,0.09243241518587553,NA,NA,NA,no2,M9: AugSynth_FE Belisario (Centro dropped),AugSynth_FE,2023w21,2023-05-22
27,-0.05904043416817961,NA,NA,NA,no2,M9: AugSynth_FE Belisario (Centro dropped),AugSynth_FE,2023w22,2023-05-29
28,0.06040023725448629,NA,NA,NA,no2,M9: AugSynth_FE Belisario (Centro dropped),AugSynth_FE,2023w23,2023-06-05
29,-0.10569396062913006,NA,NA,NA,no2,M9: AugSynth_FE Belisario (Centro dropped),AugSynth_FE,2023w24,2023-06-12
30,-0.02428696660891072,NA,NA,NA,no2,M9: AugSynth_FE Belisario (Centro dropped),AugSynth_FE,2023w25,2023-06-19
31,-0.06262842245136335,NA,NA,NA,no2,M9: AugSynth_FE Belisario (Centro dropped),AugSynth_FE,2023w26,2023-06-26
32,-0.017781106572565264,NA,NA,NA,no2,M9: AugSynth_FE Belisario (Centro dropped),AugSynth_FE,2023w27,2023-07-03
33,-0.035542782203111134,NA,NA,NA,no2,M9: AugSynth_FE Belisario (Centro dropped),AugSynth_FE,2023w28,2023-07-10
34,0.02724877069705922,NA,NA,NA,no2,M9: AugSynth_FE Belisario (Centro dropped),AugSynth_FE,2023w29,2023-07-17
35,-0.0014329581600804886,NA,NA,NA,no2,M9: AugSynth_FE Belisario (Centro dropped),AugSynth_FE,2023w30,2023-07-24
36,0.06908761291006194,NA,NA,NA,no2,M9: AugSynth_FE Belisario (Centro dropped),AugSynth_FE,2023w31,2023-07-31
37,-0.10143461542652954,NA,NA,NA,no2,M9: AugSynth_FE Belisario (Centro dropped),AugSynth_FE,2023w32,2023-08-07
38,0.23299938731064307,NA,NA,NA,no2,M9: AugSynth_FE Belisario (Centro dropped),AugSynth_FE,2023w33,2023-08-14
39,0.07577775726051605,NA,NA,NA,no2,M9: AugSynth_FE Belisario (Centro dropped),AugSynth_FE,2023w34,2023-08-21
40,0.07155678319210956,NA,NA,NA,no2,M9: AugSynth_FE Belisario (Centro dropped),AugSynth_FE,2023w35,2023-08-28
41,-0.012045681923278817,NA,NA,NA,no2,M9: AugSynth_FE Belisario (Centro dropped),AugSynth_FE,2023w36,2023-09-04
42,-0.025661027444792595,NA,NA,NA,no2,M9: AugSynth_FE Belisario (Centro dropped),AugSynth_FE,2023w37,2023-09-11
43,-0.0699246452544493,NA,NA,NA,no2,M9: AugSynth_FE Belisario (Centro dropped),AugSynth_FE,2023w38,2023-09-18
44,0.05742235369803428,NA,NA,NA,no2,M9: AugSynth_FE Belisario (Centro dropped),AugSynth_FE,2023w39,2023-09-25
45,0.07465881052127532,NA,NA,NA,no2,M9: AugSynth_FE Belisario (Centro dropped),AugSynth_FE,2023w40,2023-10-02
46,-0.04123631128023941,NA,NA,NA,no2,M9: AugSynth_FE Belisario (Centro dropped),AugSynth_FE,2023w41,2023-10-09
47,-0.038291026456951816,NA,NA,NA,no2,M9: AugSynth_FE Belisario (Centro dropped),AugSynth_FE,2023w42,2023-10-16
48,0.04992965510512404,NA,NA,NA,no2,M9: AugSynth_FE Belisario (Centro dropped),AugSynth_FE,2023w43,2023-10-23
49,-0.02661755329030191,NA,NA,NA,no2,M9: AugSynth_FE Belisario (Centro dropped),AugSynth_FE,2023w44,2023-10-30
50,0.016450632420726752,NA,NA,NA,no2,M9: AugSynth_FE Belisario (Centro dropped),AugSynth_FE,2023w45,2023-11-06
51,0.13385356344280952,NA,NA,NA,no2,M9: AugSynth_FE Belisario (Centro dropped),AugSynth_FE,2023w46,2023-11-13
52,0.19815108447622753,NA,NA,NA,no2,M9: AugSynth_FE Belisario (Centro dropped),AugSynth_FE,2023w47,2023-11-20
53,0.021045971778000272,NA,NA,NA,no2,M9: AugSynth_FE Belisario (Centro dropped),AugSynth_FE,2023w48,2023-11-27
54,0.2561516541347353,0.06320467940105959,0.44909862886841106,0.019,no2,M9: AugSynth_FE Belisario (Centro dropped),AugSynth_FE,2023w49,2023-12-04
55,-0.03747039524543272,-0.24470973847789923,0.16976894798703374,0.671,no2,M9: AugSynth_FE Belisario (Centro dropped),AugSynth_FE,2023w50,2023-12-11
56,0.03670646040121639,-0.17053288283125012,0.24394580363368285,0.729,no2,M9: AugSynth_FE Belisario (Centro dropped),AugSynth_FE,2023w51,2023-12-18
57,0.10379756449268207,-0.11773414723857523,0.3396216447227302,0.293,no2,M9: AugSynth_FE Belisario (Centro dropped),AugSynth_FE,2023w52,2023-12-25
58,0.15332209862096358,-0.0682096131102937,0.37485381035222093,0.104,no2,M9: AugSynth_FE Belisario (Centro dropped),AugSynth_FE,2024w01,2024-01-01
59,0.03357078196084906,-0.20225329826919902,0.2551024936921063,0.741,no2,M9: AugSynth_FE Belisario (Centro dropped),AugSynth_FE,2024w02,2024-01-08
60,-0.09918783801563702,-0.3207195497468943,0.10805150521682944,0.271,no2,M9: AugSynth_FE Belisario (Centro dropped),AugSynth_FE,2024w03,2024-01-15
61,0.1102388578032123,-0.09700048542925421,0.33177056953446954,0.236,no2,M9: AugSynth_FE Belisario (Centro dropped),AugSynth_FE,2024w04,2024-01-22
62,0.11973144420643989,-0.07321553052723581,0.32697078743890634,0.211,no2,M9: AugSynth_FE Belisario (Centro dropped),AugSynth_FE,2024w05,2024-01-29
63,0.07822117046199573,-0.11472580427167997,0.29975288219325297,0.372,no2,M9: AugSynth_FE Belisario (Centro dropped),AugSynth_FE,2024w06,2024-02-05
64,0.10453927569797905,-0.10270006753448746,0.3260709874292363,0.311,no2,M9: AugSynth_FE Belisario (Centro dropped),AugSynth_FE,2024w07,2024-02-12
65,0.0777506149187972,-0.1437810968124601,0.29928232665005444,0.402,no2,M9: AugSynth_FE Belisario (Centro dropped),AugSynth_FE,2024w08,2024-02-19
66,0.04779375330713176,-0.17373795842412554,0.269325465038389,0.698,no2,M9: AugSynth_FE Belisario (Centro dropped),AugSynth_FE,2024w09,2024-02-26
67,0.005959948114056868,-0.20127939511840964,0.21319929134652332,0.978,no2,M9: AugSynth_FE Belisario (Centro dropped),AugSynth_FE,2024w10,2024-03-04
68,0.13116685277835627,-0.06178012195531943,0.3526985645096135,0.178,no2,M9: AugSynth_FE Belisario (Centro dropped),AugSynth_FE,2024w11,2024-03-11
69,-0.0019343361849277763,-0.25205078491376665,0.24818211254391115,1,no2,M9: AugSynth_FE Belisario (Centro dropped),AugSynth_FE,2024w12,2024-03-18
70,0.03861928281888982,-0.22578953440873983,0.28873573154772875,0.765,no2,M9: AugSynth_FE Belisario (Centro dropped),AugSynth_FE,2024w13,2024-03-25
71,0.04307109910307361,-0.20704534962576526,0.27889517933312175,0.721,no2,M9: AugSynth_FE Belisario (Centro dropped),AugSynth_FE,2024w14,2024-04-01
72,-0.10773412242170632,-0.3435582026517544,0.12808995780834181,0.274,no2,M9: AugSynth_FE Belisario (Centro dropped),AugSynth_FE,2024w15,2024-04-08
73,0.016455492959219775,-0.20507621877203752,0.23798720469047702,0.903,no2,M9: AugSynth_FE Belisario (Centro dropped),AugSynth_FE,2024w16,2024-04-15
74,0.15124055467258923,-0.07029115705866804,0.41564937190021894,0.119,no2,M9: AugSynth_FE Belisario (Centro dropped),AugSynth_FE,2024w17,2024-04-22
75,0.07403782350261734,-0.19037099372501232,0.32415427223145626,0.509,no2,M9: AugSynth_FE Belisario (Centro dropped),AugSynth_FE,2024w18,2024-04-29
76,-0.039000299526288806,-0.2891167482551277,0.19682378070375933,0.733,no2,M9: AugSynth_FE Belisario (Centro dropped),AugSynth_FE,2024w19,2024-05-06
77,0.042654029014389305,-0.1645853142180772,0.24989337224685576,0.712,no2,M9: AugSynth_FE Belisario (Centro dropped),AugSynth_FE,2024w20,2024-05-13
78,-0.010732149525859214,-0.2608485982546981,0.28226140469935207,0.96,no2,M9: AugSynth_FE Belisario (Centro dropped),AugSynth_FE,2024w21,2024-05-20
79,0.022915712659675957,-0.2272007360691629,0.2587397928897241,0.873,no2,M9: AugSynth_FE Belisario (Centro dropped),AugSynth_FE,2024w22,2024-05-27
80,0.21508963082982868,-0.03502681789901019,0.4652060795586676,0.091,no2,M9: AugSynth_FE Belisario (Centro dropped),AugSynth_FE,2024w23,2024-06-03
81,0.2922686042015954,0.02785978697396574,0.5423850529304344,0.018,no2,M9: AugSynth_FE Belisario (Centro dropped),AugSynth_FE,2024w24,2024-06-10
82,0.06716036944706838,-0.1686637107829797,0.2886920811783256,0.553,no2,M9: AugSynth_FE Belisario (Centro dropped),AugSynth_FE,2024w25,2024-06-17
83,0.08744612016787778,-0.16267032856096109,0.3375625688967167,0.389,no2,M9: AugSynth_FE Belisario (Centro dropped),AugSynth_FE,2024w26,2024-06-24
84,0.08358988239383258,-0.1522341978362155,0.3194139626238807,0.357,no2,M9: AugSynth_FE Belisario (Centro dropped),AugSynth_FE,2024w27,2024-07-01
85,-0.08397815732354807,-0.30550986905480537,0.13755355440770917,0.372,no2,M9: AugSynth_FE Belisario (Centro dropped),AugSynth_FE,2024w28,2024-07-08
86,0.0215206532483867,-0.1857186899840798,0.25734473347843484,0.872,no2,M9: AugSynth_FE Belisario (Centro dropped),AugSynth_FE,2024w29,2024-07-15
87,0.060972730829945476,-0.16055898090131182,0.2825044425612027,0.553,no2,M9: AugSynth_FE Belisario (Centro dropped),AugSynth_FE,2024w30,2024-07-22
88,0.12535389142546371,-0.15334729430095675,0.34688560315672096,0.256,no2,M9: AugSynth_FE Belisario (Centro dropped),AugSynth_FE,2024w31,2024-07-29
89,-0.008862773210891017,-0.2446868534409391,0.19837657002157544,0.96,no2,M9: AugSynth_FE Belisario (Centro dropped),AugSynth_FE,2024w32,2024-08-05
90,-0.11614289560171853,-0.3519669758317666,0.1196811846283296,0.222,no2,M9: AugSynth_FE Belisario (Centro dropped),AugSynth_FE,2024w33,2024-08-12
91,-0.03880198379049782,-0.2889184325193367,0.18272972794075942,0.743,no2,M9: AugSynth_FE Belisario (Centro dropped),AugSynth_FE,2024w34,2024-08-19
92,-0.12136039488056927,-0.4000615806069897,0.14304842234706044,0.357,no2,M9: AugSynth_FE Belisario (Centro dropped),AugSynth_FE,2024w35,2024-08-26
93,-0.0922079330163923,-0.3280320132464404,0.14361614721365584,0.397,no2,M9: AugSynth_FE Belisario (Centro dropped),AugSynth_FE,2024w36,2024-09-02
94,-0.010813660749930065,-0.23234537248118736,0.22501041948011807,0.962,no2,M9: AugSynth_FE Belisario (Centro dropped),AugSynth_FE,2024w37,2024-09-09
95,-0.08527203280948736,-0.2925113760419539,0.13625967892176988,0.336,no2,M9: AugSynth_FE Belisario (Centro dropped),AugSynth_FE,2024w38,2024-09-16
96,-0.04280501898080358,-0.2500443622132701,0.17872669275045366,0.665,no2,M9: AugSynth_FE Belisario (Centro dropped),AugSynth_FE,2024w39,2024-09-23
97,-0.03670652848949896,-0.25823824022075625,0.18482518324175828,0.716,no2,M9: AugSynth_FE Belisario (Centro dropped),AugSynth_FE,2024w40,2024-09-30
98,-2.914634205337663e-4,-0.20753080665300028,0.1926555113131419,1,no2,M9: AugSynth_FE Belisario (Centro dropped),AugSynth_FE,2024w41,2024-10-07
99,0.111873154733789,-0.12395092549625908,0.33340486646504625,0.225,no2,M9: AugSynth_FE Belisario (Centro dropped),AugSynth_FE,2024w42,2024-10-14
100,0.18634153073931436,-0.006605443994361332,0.39358087397178093,0.101,no2,M9: AugSynth_FE Belisario (Centro dropped),AugSynth_FE,2024w43,2024-10-21
101,0.059308133670876284,-0.162223578060381,0.2951322139009244,0.588,no2,M9: AugSynth_FE Belisario (Centro dropped),AugSynth_FE,2024w44,2024-10-28
102,-0.0711317207041815,-0.2926634324354388,0.15039999102707574,0.453,no2,M9: AugSynth_FE Belisario (Centro dropped),AugSynth_FE,2024w45,2024-11-04
103,-0.04427936656293596,-0.2515187097954025,0.1629599766695305,0.666,no2,M9: AugSynth_FE Belisario (Centro dropped),AugSynth_FE,2024w46,2024-11-11
104,0.21733834448070688,0.010099001248240397,0.42457768771317345,0.047,no2,M9: AugSynth_FE Belisario (Centro dropped),AugSynth_FE,2024w47,2024-11-18
105,0.20355897315513571,-0.017972738576121555,0.42509068488639307,0.093,no2,M9: AugSynth_FE Belisario (Centro dropped),AugSynth_FE,2024w48,2024-11-25
106,0.08710725983615486,-0.12013208339631165,0.2943466030686213,0.358,no2,M9: AugSynth_FE Belisario (Centro dropped),AugSynth_FE,2024w49,2024-12-02
107,0.12940016651892794,-0.09213154521232936,0.39380898374655765,0.184,no2,M9: AugSynth_FE Belisario (Centro dropped),AugSynth_FE,2024w50,2024-12-09
108,0.17233570764766437,-0.03490363558480211,0.36528268238134015,0.114,no2,M9: AugSynth_FE Belisario (Centro dropped),AugSynth_FE,2024w51,2024-12-16
109,0.03424129175199653,-0.18729041997926077,0.24148063498446298,0.729,no2,M9: AugSynth_FE Belisario (Centro dropped),AugSynth_FE,2024w52,2024-12-23
110,0.17411897046239222,-0.11887458376281904,0.4528201561888127,0.168,no2,M9: AugSynth_FE Belisario (Centro dropped),AugSynth_FE,2025w01,2024-12-30
111,0.14967930694737053,-0.057560036285095983,0.38550338717741867,0.135,no2,M9: AugSynth_FE Belisario (Centro dropped),AugSynth_FE,2025w02,2025-01-06
112,0.10618815742760113,-0.11534355430365617,0.32771986915885837,0.302,no2,M9: AugSynth_FE Belisario (Centro dropped),AugSynth_FE,2025w03,2025-01-13
113,0.06864588561457818,-0.1528858261166791,0.3044699658446263,0.498,no2,M9: AugSynth_FE Belisario (Centro dropped),AugSynth_FE,2025w04,2025-01-20
114,0.042677198897550284,-0.178854512833707,0.2785012791275984,0.725,no2,M9: AugSynth_FE Belisario (Centro dropped),AugSynth_FE,2025w05,2025-01-27
115,0.19850806127327036,-0.037316018956777705,0.4343321415033185,0.127,no2,M9: AugSynth_FE Belisario (Centro dropped),AugSynth_FE,2025w06,2025-02-03
116,0.1538549389362287,-0.09626150979261017,0.4039713876650676,0.157,no2,M9: AugSynth_FE Belisario (Centro dropped),AugSynth_FE,2025w07,2025-02-10
117,0.13258068438548376,-0.1461205013409367,0.42557423861069504,0.29,no2,M9: AugSynth_FE Belisario (Centro dropped),AugSynth_FE,2025w08,2025-02-17
118,0.47011650994029397,0,0.8202795381606685,0.052,no2,M9: AugSynth_FE Belisario (Centro dropped),AugSynth_FE,2025w09,2025-02-24
119,0.5159084005104564,0.16574537229008196,0.8660714287308309,0.033,no2,M9: AugSynth_FE Belisario (Centro dropped),AugSynth_FE,2025w10,2025-03-03
120,0.5168004914074391,0,0.8669635196278136,0.05,no2,M9: AugSynth_FE Belisario (Centro dropped),AugSynth_FE,2025w11,2025-03-10
121,0.46085887574061957,0,0.811021903960994,0.056,no2,M9: AugSynth_FE Belisario (Centro dropped),AugSynth_FE,2025w12,2025-03-17
122,0.4188291570042537,0,0.7689921852246282,0.119,no2,M9: AugSynth_FE Belisario (Centro dropped),AugSynth_FE,2025w13,2025-03-24
123,0.4621391454705699,0,0.8123021736909444,0.06,no2,M9: AugSynth_FE Belisario (Centro dropped),AugSynth_FE,2025w14,2025-03-31
124,0.16405528381283618,-0.15752300740995664,0.48563357503562915,0.232,no2,M9: AugSynth_FE Belisario (Centro dropped),AugSynth_FE,2025w15,2025-04-07
125,0.14220499799044406,-0.07932671374081324,0.3494443412229105,0.142,no2,M9: AugSynth_FE Belisario (Centro dropped),AugSynth_FE,2025w16,2025-04-14
126,0.13499179208473722,-0.05795518264893848,0.34223113531720367,0.157,no2,M9: AugSynth_FE Belisario (Centro dropped),AugSynth_FE,2025w17,2025-04-21
127,0.18328382662497678,-0.038247885106280494,0.40481553835623413,0.114,no2,M9: AugSynth_FE Belisario (Centro dropped),AugSynth_FE,2025w18,2025-04-28
128,0.021878416986801597,-0.1710685577468741,0.24341012871805884,0.886,no2,M9: AugSynth_FE Belisario (Centro dropped),AugSynth_FE,2025w19,2025-05-05
129,0.2780901374561857,0.08514316272251002,0.4853294806886523,0.016,no2,M9: AugSynth_FE Belisario (Centro dropped),AugSynth_FE,2025w20,2025-05-12
130,0.17139851301916176,-0.035840830213304725,0.3786378562516283,0.132,no2,M9: AugSynth_FE Belisario (Centro dropped),AugSynth_FE,2025w21,2025-05-19
131,0.16322376086763146,-0.04401558236483502,0.3847554725988888,0.125,no2,M9: AugSynth_FE Belisario (Centro dropped),AugSynth_FE,2025w22,2025-05-26
132,0.12279216429257245,-0.08444717893989406,0.3443238760238297,0.222,no2,M9: AugSynth_FE Belisario (Centro dropped),AugSynth_FE,2025w23,2025-06-02
133,0.2633912981935018,0.027567217963453752,0.49921537842354996,0.02,no2,M9: AugSynth_FE Belisario (Centro dropped),AugSynth_FE,2025w24,2025-06-09
134,-0.0172495343782213,-0.2244888776106878,0.18998980885424516,0.916,no2,M9: AugSynth_FE Belisario (Centro dropped),AugSynth_FE,2025w25,2025-06-16
