week_label,Y_treated,Y_synthetic,difference,post_period,pollutant,model,method,week_date
2022w48,2.9377424421983465,2.8541957313632556,0.08354671083509091,FALSE,pm25,M4: AugSynth Centro+Belisario,AugSynth,2022-11-28
2022w49,3.1994999797726598,3.113277185927431,0.0862227938452289,FALSE,pm25,M4: AugSynth Centro+Belisario,AugSynth,2022-12-05
2022w50,3.112120351118907,2.9548952583337544,0.1572250927851524,FALSE,pm25,M4: AugSynth Centro+Belisario,AugSynth,2022-12-12
2022w51,3.229984380910578,2.9851428994368803,0.2448414814736979,FALSE,pm25,M4: AugSynth Centro+Belisario,AugSynth,2022-12-19
2022w52,3.147983986970739,2.951370438395191,0.1966135485755478,FALSE,pm25,M4: AugSynth Centro+Belisario,AugSynth,2022-12-26
2023w01,3.3468922015450815,3.2821985511696354,0.06469365037544605,FALSE,pm25,M4: AugSynth Centro+Belisario,AugSynth,2023-01-02
2023w02,3.1291001608232945,2.8125133952572634,0.31658676556603105,FALSE,pm25,M4: AugSynth Centro+Belisario,AugSynth,2023-01-09
2023w03,3.050388435786725,2.9031123275746116,0.14727610821211323,FALSE,pm25,M4: AugSynth Centro+Belisario,AugSynth,2023-01-16
2023w04,2.9394681914492238,2.792353363548311,0.1471148279009129,FALSE,pm25,M4: AugSynth Centro+Belisario,AugSynth,2023-01-23
2023w05,3.13064136328531,2.912826750644824,0.21781461264048607,FALSE,pm25,M4: AugSynth Centro+Belisario,AugSynth,2023-01-30
2023w06,3.185563029015158,3.0041292155952197,0.18143381341993825,FALSE,pm25,M4: AugSynth Centro+Belisario,AugSynth,2023-02-06
2023w07,3.1911079794257278,2.8880016841460328,0.303106295279695,FALSE,pm25,M4: AugSynth Centro+Belisario,AugSynth,2023-02-13
2023w08,3.0305396200008508,3.0286365681699996,0.0019030518308511546,FALSE,pm25,M4: AugSynth Centro+Belisario,AugSynth,2023-02-20
2023w09,3.160692646128724,2.9677545512594055,0.19293809486931845,FALSE,pm25,M4: AugSynth Centro+Belisario,AugSynth,2023-02-27
2023w10,2.9668290101735217,2.6928753221245594,0.27395368804896236,FALSE,pm25,M4: AugSynth Centro+Belisario,AugSynth,2023-03-06
2023w11,3.039856708371599,3.052299876954819,-0.012443168583220032,FALSE,pm25,M4: AugSynth Centro+Belisario,AugSynth,2023-03-13
2023w12,3.1322327078662155,3.0818078201738586,0.05042488769235698,FALSE,pm25,M4: AugSynth Centro+Belisario,AugSynth,2023-03-20
2023w13,3.272173117448564,3.079836527190146,0.1923365902584182,FALSE,pm25,M4: AugSynth Centro+Belisario,AugSynth,2023-03-27
2023w14,3.165093646838458,2.8007505027565016,0.36434314408195645,FALSE,pm25,M4: AugSynth Centro+Belisario,AugSynth,2023-04-03
2023w15,3.079302871338869,3.0687776582510384,0.010525213087830387,FALSE,pm25,M4: AugSynth Centro+Belisario,AugSynth,2023-04-10
2023w16,2.9650936471246148,2.9857137196515118,-0.020620072526897015,FALSE,pm25,M4: AugSynth Centro+Belisario,AugSynth,2023-04-17
2023w17,3.200304378765089,3.007081077541406,0.19322330122368303,FALSE,pm25,M4: AugSynth Centro+Belisario,AugSynth,2023-04-24
2023w18,2.2251185882585403,2.5991900010065994,-0.3740714127480591,FALSE,pm25,M4: AugSynth Centro+Belisario,AugSynth,2023-05-01
2023w19,2.9657412799257346,3.0318351294170935,-0.06609384949135899,FALSE,pm25,M4: AugSynth Centro+Belisario,AugSynth,2023-05-08
2023w20,3.174808143079465,2.9366539626643573,0.2381541804151075,FALSE,pm25,M4: AugSynth Centro+Belisario,AugSynth,2023-05-15
2023w21,3.0757224116001534,3.0007967087040224,0.07492570289613099,FALSE,pm25,M4: AugSynth Centro+Belisario,AugSynth,2023-05-22
2023w22,2.9818203408200583,2.9367290313009233,0.04509130951913498,FALSE,pm25,M4: AugSynth Centro+Belisario,AugSynth,2023-05-29
2023w23,3.039797477161875,2.893015908582469,0.14678156857940605,FALSE,pm25,M4: AugSynth Centro+Belisario,AugSynth,2023-06-05
2023w24,2.7092447552278074,2.7134390764774508,-0.004194321249643362,FALSE,pm25,M4: AugSynth Centro+Belisario,AugSynth,2023-06-12
2023w25,2.398428065046648,2.680284809621247,-0.28185674457459875,FALSE,pm25,M4: AugSynth Centro+Belisario,AugSynth,2023-06-19
2023w26,2.4940164081036302,2.770705795160834,-0.2766893870572038,FALSE,pm25,M4: AugSynth Centro+Belisario,AugSynth,2023-06-26
2023w27,3.0263834395481366,2.7877298047838863,0.23865363476425028,FALSE,pm25,M4: AugSynth Centro+Belisario,AugSynth,2023-07-03
2023w28,2.7870443088118435,2.8443034887322183,-0.05725917992037477,FALSE,pm25,M4: AugSynth Centro+Belisario,AugSynth,2023-07-10
2023w29,2.1004422618634035,2.421909994485027,-0.32146773262162354,FALSE,pm25,M4: AugSynth Centro+Belisario,AugSynth,2023-07-17
2023w30,2.605585368387899,2.642209980344077,-0.036624611956177944,FALSE,pm25,M4: AugSynth Centro+Belisario,AugSynth,2023-07-24
2023w31,2.2062318252089552,2.434985225829683,-0.2287534006207279,FALSE,pm25,M4: AugSynth Centro+Belisario,AugSynth,2023-07-31
2023w32,2.1214805929703524,2.5740892522956402,-0.4526086593252878,FALSE,pm25,M4: AugSynth Centro+Belisario,AugSynth,2023-08-07
2023w33,3.2746877053697747,2.8509232280998473,0.4237644772699274,FALSE,pm25,M4: AugSynth Centro+Belisario,AugSynth,2023-08-14
2023w34,2.895591711209974,2.6239229296310826,0.2716687815788914,FALSE,pm25,M4: AugSynth Centro+Belisario,AugSynth,2023-08-21
2023w35,2.523974017190107,2.7075101096898893,-0.1835360924997822,FALSE,pm25,M4: AugSynth Centro+Belisario,AugSynth,2023-08-28
2023w36,2.6277218644580342,2.7304729907650787,-0.10275112630704442,FALSE,pm25,M4: AugSynth Centro+Belisario,AugSynth,2023-09-04
2023w37,2.7168571613936185,2.7682223897285594,-0.05136522833494084,FALSE,pm25,M4: AugSynth Centro+Belisario,AugSynth,2023-09-11
2023w38,2.620184658160719,2.73222758885301,-0.11204293069229099,FALSE,pm25,M4: AugSynth Centro+Belisario,AugSynth,2023-09-18
2023w39,3.1703423611303787,2.8911706381915154,0.2791717229388633,FALSE,pm25,M4: AugSynth Centro+Belisario,AugSynth,2023-09-25
2023w40,3.3430833617952063,3.0761843620382825,0.26689899975692377,FALSE,pm25,M4: AugSynth Centro+Belisario,AugSynth,2023-10-02
2023w41,2.9272621026079935,3.022173014405021,-0.09491091179702771,FALSE,pm25,M4: AugSynth Centro+Belisario,AugSynth,2023-10-09
2023w42,2.8978780725016193,2.8938920828461367,0.00398598965548258,FALSE,pm25,M4: AugSynth Centro+Belisario,AugSynth,2023-10-16
2023w43,2.8240598326856965,2.745452241986055,0.07860759069964152,FALSE,pm25,M4: AugSynth Centro+Belisario,AugSynth,2023-10-23
2023w44,2.8695110664450354,2.921962114628492,-0.052451048183456805,FALSE,pm25,M4: AugSynth Centro+Belisario,AugSynth,2023-10-30
2023w45,2.7233943035916255,2.476772232587458,0.24662207100416733,FALSE,pm25,M4: AugSynth Centro+Belisario,AugSynth,2023-11-06
2023w46,3.1213709472272426,2.731958039973126,0.3894129072541168,FALSE,pm25,M4: AugSynth Centro+Belisario,AugSynth,2023-11-13
2023w47,2.9207198909698446,2.491605067640675,0.4291148233291695,FALSE,pm25,M4: AugSynth Centro+Belisario,AugSynth,2023-11-20
2023w48,3.0145185050073104,2.9648297738704854,0.04968873113682504,FALSE,pm25,M4: AugSynth Centro+Belisario,AugSynth,2023-11-27
2023w49,3.05330848954593,2.9268244233711154,0.12648406617481456,TRUE,pm25,M4: AugSynth Centro+Belisario,AugSynth,2023-12-04
2023w50,2.9207888150334895,2.772520161301993,0.14826865373149634,TRUE,pm25,M4: AugSynth Centro+Belisario,AugSynth,2023-12-11
2023w51,3.1253752031748094,3.021395122771553,0.10398008040325646,TRUE,pm25,M4: AugSynth Centro+Belisario,AugSynth,2023-12-18
2023w52,2.5375112595334586,2.956529017290453,-0.41901775775699424,TRUE,pm25,M4: AugSynth Centro+Belisario,AugSynth,2023-12-25
2024w01,3.6758588054052153,3.2100767111597484,0.4657820942454669,TRUE,pm25,M4: AugSynth Centro+Belisario,AugSynth,2024-01-01
2024w02,2.9702951590583178,3.221401663120541,-0.2511065040622231,TRUE,pm25,M4: AugSynth Centro+Belisario,AugSynth,2024-01-08
2024w03,2.6027333735219624,2.8436745074932563,-0.2409411339712939,TRUE,pm25,M4: AugSynth Centro+Belisario,AugSynth,2024-01-15
2024w04,2.719924851102218,2.7806774165207173,-0.06075256541849949,TRUE,pm25,M4: AugSynth Centro+Belisario,AugSynth,2024-01-22
2024w05,3.159426898050655,3.232844860646713,-0.07341796259605804,TRUE,pm25,M4: AugSynth Centro+Belisario,AugSynth,2024-01-29
2024w06,3.094494172684949,2.8958975226784536,0.1985966500064955,TRUE,pm25,M4: AugSynth Centro+Belisario,AugSynth,2024-02-05
2024w07,2.411982013953218,2.597867594902551,-0.18588558094933294,TRUE,pm25,M4: AugSynth Centro+Belisario,AugSynth,2024-02-12
2024w08,2.958496565890019,2.9816569797992627,-0.023160413909243616,TRUE,pm25,M4: AugSynth Centro+Belisario,AugSynth,2024-02-19
2024w09,3.2731907974899874,3.1389741581407806,0.1342166393492068,TRUE,pm25,M4: AugSynth Centro+Belisario,AugSynth,2024-02-26
2024w10,3.1254811911447664,3.1403227964466067,-0.01484160530184031,TRUE,pm25,M4: AugSynth Centro+Belisario,AugSynth,2024-03-04
2024w11,2.9440649057524055,2.7774136199914867,0.1666512857609188,TRUE,pm25,M4: AugSynth Centro+Belisario,AugSynth,2024-03-11
2024w12,3.1697795137439373,3.227239574858279,-0.057460061114341876,TRUE,pm25,M4: AugSynth Centro+Belisario,AugSynth,2024-03-18
2024w13,3.2745821916596114,2.9272805321414648,0.3473016595181466,TRUE,pm25,M4: AugSynth Centro+Belisario,AugSynth,2024-03-25
2024w14,3.1915802048949242,2.975027381233635,0.21655282366128903,TRUE,pm25,M4: AugSynth Centro+Belisario,AugSynth,2024-04-01
2024w15,3.1865459116608212,3.3651239997053244,-0.17857808804450315,TRUE,pm25,M4: AugSynth Centro+Belisario,AugSynth,2024-04-08
2024w16,3.1175281731455255,2.9232604346567883,0.19426773848873724,TRUE,pm25,M4: AugSynth Centro+Belisario,AugSynth,2024-04-15
2024w17,3.1270595847087774,3.0089245289584454,0.11813505575033201,TRUE,pm25,M4: AugSynth Centro+Belisario,AugSynth,2024-04-22
2024w18,2.9460402019864804,2.826237636078797,0.11980256590768334,TRUE,pm25,M4: AugSynth Centro+Belisario,AugSynth,2024-04-29
2024w19,3.1994518786228743,3.0890108696889578,0.1104410089339165,TRUE,pm25,M4: AugSynth Centro+Belisario,AugSynth,2024-05-06
2024w20,3.1620510381711613,3.041697433145227,0.1203536050259344,TRUE,pm25,M4: AugSynth Centro+Belisario,AugSynth,2024-05-13
2024w21,2.7225425976568838,2.7010810219634003,0.021461575693483503,TRUE,pm25,M4: AugSynth Centro+Belisario,AugSynth,2024-05-20
2024w22,2.9431705239020025,2.7746258076221246,0.16854471627987788,TRUE,pm25,M4: AugSynth Centro+Belisario,AugSynth,2024-05-27
2024w23,2.6998933582151192,2.642115756107894,0.05777760210722516,TRUE,pm25,M4: AugSynth Centro+Belisario,AugSynth,2024-06-03
2024w24,2.8430992504967563,2.7388112822107757,0.10428796828598053,TRUE,pm25,M4: AugSynth Centro+Belisario,AugSynth,2024-06-10
2024w25,3.040590163928645,2.961322154778949,0.079268009149696,TRUE,pm25,M4: AugSynth Centro+Belisario,AugSynth,2024-06-17
2024w26,2.695852377137469,2.742516475598847,-0.04666409846137798,TRUE,pm25,M4: AugSynth Centro+Belisario,AugSynth,2024-06-24
2024w27,2.573072126504961,2.594182133650815,-0.02111000714585387,TRUE,pm25,M4: AugSynth Centro+Belisario,AugSynth,2024-07-01
2024w28,2.607835715689555,2.628045001363942,-0.02020928567438718,TRUE,pm25,M4: AugSynth Centro+Belisario,AugSynth,2024-07-08
2024w29,1.983416911922867,2.577544801284179,-0.594127889361312,TRUE,pm25,M4: AugSynth Centro+Belisario,AugSynth,2024-07-15
2024w30,2.5131094700834833,2.74624129388181,-0.23313182379832664,TRUE,pm25,M4: AugSynth Centro+Belisario,AugSynth,2024-07-22
2024w31,2.3827642194522545,2.5792986931509203,-0.19653447369866583,TRUE,pm25,M4: AugSynth Centro+Belisario,AugSynth,2024-07-29
2024w32,3.0131823510483486,3.0010167402390433,0.012165610809305338,TRUE,pm25,M4: AugSynth Centro+Belisario,AugSynth,2024-08-05
2024w33,2.2600966366722153,2.6110887234382174,-0.35099208676600213,TRUE,pm25,M4: AugSynth Centro+Belisario,AugSynth,2024-08-12
2024w34,2.488450225181557,2.7934010165616527,-0.30495079138009595,TRUE,pm25,M4: AugSynth Centro+Belisario,AugSynth,2024-08-19
2024w35,2.636460986039105,2.8255476514929554,-0.18908666545385033,TRUE,pm25,M4: AugSynth Centro+Belisario,AugSynth,2024-08-26
2024w36,3.0306481230440836,3.3077214142776796,-0.27707329123359603,TRUE,pm25,M4: AugSynth Centro+Belisario,AugSynth,2024-09-02
2024w37,3.1213769180457085,3.007246838190656,0.11413007985505264,TRUE,pm25,M4: AugSynth Centro+Belisario,AugSynth,2024-09-09
2024w38,2.6402904229247817,3.013706224437911,-0.37341580151312925,TRUE,pm25,M4: AugSynth Centro+Belisario,AugSynth,2024-09-16
2024w39,3.0663421510110713,3.423352921792051,-0.35701077078097976,TRUE,pm25,M4: AugSynth Centro+Belisario,AugSynth,2024-09-23
2024w40,3.150607455540576,0.35181031471087204,2.798797140829704,TRUE,pm25,M4: AugSynth Centro+Belisario,AugSynth,2024-09-30
2024w41,3.0580222725329955,2.848935808861724,0.2090864636712717,TRUE,pm25,M4: AugSynth Centro+Belisario,AugSynth,2024-10-07
2024w42,2.7584664777142818,1.6908151299966878,1.067651347717594,TRUE,pm25,M4: AugSynth Centro+Belisario,AugSynth,2024-10-14
2024w43,3.3194309642838125,2.3319209331303057,0.9875100311535068,TRUE,pm25,M4: AugSynth Centro+Belisario,AugSynth,2024-10-21
2024w44,2.869974954964735,2.161610251240861,0.7083647037238738,TRUE,pm25,M4: AugSynth Centro+Belisario,AugSynth,2024-10-28
2024w45,3.106206316185787,2.8021435342529,0.30406278193288694,TRUE,pm25,M4: AugSynth Centro+Belisario,AugSynth,2024-11-04
2024w46,3.4815622858074757,3.31849477192271,0.1630675138847657,TRUE,pm25,M4: AugSynth Centro+Belisario,AugSynth,2024-11-11
2024w47,3.3711608890045177,3.0228791220163984,0.3482817669881193,TRUE,pm25,M4: AugSynth Centro+Belisario,AugSynth,2024-11-18
2024w48,3.3489997500894355,2.8789079604453507,0.4700917896440848,TRUE,pm25,M4: AugSynth Centro+Belisario,AugSynth,2024-11-25
2024w49,2.889026342293908,2.709689510462824,0.17933683183108418,TRUE,pm25,M4: AugSynth Centro+Belisario,AugSynth,2024-12-02
2024w50,2.9346403476499088,2.6903395664014527,0.2443007812484561,TRUE,pm25,M4: AugSynth Centro+Belisario,AugSynth,2024-12-09
2024w51,3.0877894436931603,2.742439622244339,0.34534982144882154,TRUE,pm25,M4: AugSynth Centro+Belisario,AugSynth,2024-12-16
2024w52,2.9763885923378464,2.878737811139563,0.09765078119828319,TRUE,pm25,M4: AugSynth Centro+Belisario,AugSynth,2024-12-23
2025w01,2.404740401264495,2.4053537964998752,-6.133952353803984e-4,TRUE,pm25,M4: AugSynth Centro+Belisario,AugSynth,2024-12-30
2025w02,3.1159178809196533,2.506564091631095,0.6093537892885581,TRUE,pm25,M4: AugSynth Centro+Belisario,AugSynth,2025-01-06
2025w10,2.6343558131857954,2.615917629947579,0.018438183238216332,TRUE,pm25,M4: AugSynth Centro+Belisario,AugSynth,2025-03-03
2025w11,3.1402582121410427,2.9174607793915643,0.22279743274947839,TRUE,pm25,M4: AugSynth Centro+Belisario,AugSynth,2025-03-10
2025w12,3.0959045117286865,2.973964385220496,0.12194012650819053,TRUE,pm25,M4: AugSynth Centro+Belisario,AugSynth,2025-03-17
2025w13,2.9453295638245285,3.024045758156752,-0.07871619433222365,TRUE,pm25,M4: AugSynth Centro+Belisario,AugSynth,2025-03-24
2025w14,2.9907737779495207,3.0535940759261964,-0.06282029797667565,TRUE,pm25,M4: AugSynth Centro+Belisario,AugSynth,2025-03-31
2022w48,2.835416797022651,2.824246985891881,0.011169811130769869,FALSE,pm25,M5: AugSynth Centro (Bel. dropped),AugSynth,2022-11-28
2022w49,3.253354543284443,3.08185027268874,0.17150427059570328,FALSE,pm25,M5: AugSynth Centro (Bel. dropped),AugSynth,2022-12-05
2022w50,3.0495257731553824,2.922130078360827,0.1273956947945556,FALSE,pm25,M5: AugSynth Centro (Bel. dropped),AugSynth,2022-12-12
2022w51,3.2323578656808207,3.0051248860069752,0.22723297967384548,FALSE,pm25,M5: AugSynth Centro (Bel. dropped),AugSynth,2022-12-19
2022w52,3.1950201952431767,2.954207789458437,0.2408124057847396,FALSE,pm25,M5: AugSynth Centro (Bel. dropped),AugSynth,2022-12-26
2023w01,3.356734507918482,3.257346148056557,0.09938835986192496,FALSE,pm25,M5: AugSynth Centro (Bel. dropped),AugSynth,2023-01-02
2023w02,3.1086888658334453,2.8193465760852865,0.2893422897481588,FALSE,pm25,M5: AugSynth Centro (Bel. dropped),AugSynth,2023-01-09
2023w03,3.0153714888063394,2.8553199537330984,0.160051535073241,FALSE,pm25,M5: AugSynth Centro (Bel. dropped),AugSynth,2023-01-16
2023w04,3.0343758971461954,2.8293438385337204,0.20503205861247498,FALSE,pm25,M5: AugSynth Centro (Bel. dropped),AugSynth,2023-01-23
2023w05,3.1577519117599446,2.8890893317141613,0.26866258004578336,FALSE,pm25,M5: AugSynth Centro (Bel. dropped),AugSynth,2023-01-30
2023w06,3.1629472427104504,2.98024634872747,0.18270089398298017,FALSE,pm25,M5: AugSynth Centro (Bel. dropped),AugSynth,2023-02-06
2023w07,3.0882202929891425,2.835318698292835,0.25290159469630735,FALSE,pm25,M5: AugSynth Centro (Bel. dropped),AugSynth,2023-02-13
2023w08,3.0168901911795163,3.001206260213093,0.015683930966423176,FALSE,pm25,M5: AugSynth Centro (Bel. dropped),AugSynth,2023-02-20
2023w09,3.101103789151318,2.9781099508199533,0.12299383833136446,FALSE,pm25,M5: AugSynth Centro (Bel. dropped),AugSynth,2023-02-27
2023w10,2.8891673291592825,2.6693315081227045,0.21983582103657806,FALSE,pm25,M5: AugSynth Centro (Bel. dropped),AugSynth,2023-03-06
2023w11,2.9561803055418765,3.0098193842460157,-0.0536390787041392,FALSE,pm25,M5: AugSynth Centro (Bel. dropped),AugSynth,2023-03-13
2023w12,3.03517732051692,3.092244945378184,-0.057067624861264044,FALSE,pm25,M5: AugSynth Centro (Bel. dropped),AugSynth,2023-03-20
2023w13,3.2671134554666885,3.067663140484754,0.19945031498193444,FALSE,pm25,M5: AugSynth Centro (Bel. dropped),AugSynth,2023-03-27
2023w14,3.2276505474729555,2.773108185193315,0.4545423622796405,FALSE,pm25,M5: AugSynth Centro (Bel. dropped),AugSynth,2023-04-03
2023w15,3.197965384173289,3.0518531451021333,0.14611223907115578,FALSE,pm25,M5: AugSynth Centro (Bel. dropped),AugSynth,2023-04-10
2023w16,2.8951381583182885,2.97595039531382,-0.08081223699553153,FALSE,pm25,M5: AugSynth Centro (Bel. dropped),AugSynth,2023-04-17
2023w17,3.2569163546995434,3.016699751060313,0.24021660363923036,FALSE,pm25,M5: AugSynth Centro (Bel. dropped),AugSynth,2023-04-24
2023w18,2.220796417561038,2.625312157742419,-0.40451574018138103,FALSE,pm25,M5: AugSynth Centro (Bel. dropped),AugSynth,2023-05-01
2023w19,2.999275987177356,3.0347976553256206,-0.03552166814826441,FALSE,pm25,M5: AugSynth Centro (Bel. dropped),AugSynth,2023-05-08
2023w20,3.1394718020809327,2.976507645117395,0.16296415696353783,FALSE,pm25,M5: AugSynth Centro (Bel. dropped),AugSynth,2023-05-15
2023w21,3.0601145324832593,2.9973404267611934,0.06277410572206588,FALSE,pm25,M5: AugSynth Centro (Bel. dropped),AugSynth,2023-05-22
2023w22,3.022487797529168,2.9251402572082528,0.0973475403209152,FALSE,pm25,M5: AugSynth Centro (Bel. dropped),AugSynth,2023-05-29
2023w23,3.129505303648495,2.8917393420528272,0.23776596159566799,FALSE,pm25,M5: AugSynth Centro (Bel. dropped),AugSynth,2023-06-05
2023w24,2.7504283175697677,2.7571790740206468,-0.006750756450879081,FALSE,pm25,M5: AugSynth Centro (Bel. dropped),AugSynth,2023-06-12
2023w25,2.474631821846902,2.7180928010933165,-0.2434609792464144,FALSE,pm25,M5: AugSynth Centro (Bel. dropped),AugSynth,2023-06-19
2023w26,2.4923510932513016,2.811796377816221,-0.3194452845649196,FALSE,pm25,M5: AugSynth Centro (Bel. dropped),AugSynth,2023-06-26
2023w27,3.0627676748901496,2.7970750992044153,0.26569257568573423,FALSE,pm25,M5: AugSynth Centro (Bel. dropped),AugSynth,2023-07-03
2023w28,2.7767259852852586,2.8399668083442227,-0.06324082305896406,FALSE,pm25,M5: AugSynth Centro (Bel. dropped),AugSynth,2023-07-10
2023w29,2.051256378896812,2.465309440001602,-0.4140530611047897,FALSE,pm25,M5: AugSynth Centro (Bel. dropped),AugSynth,2023-07-17
2023w30,2.695842657994465,2.6767654095828495,0.01907724841161551,FALSE,pm25,M5: AugSynth Centro (Bel. dropped),AugSynth,2023-07-24
2023w31,2.205582147937369,2.490454940421064,-0.2848727924836947,FALSE,pm25,M5: AugSynth Centro (Bel. dropped),AugSynth,2023-07-31
2023w32,2.123578037167921,2.6066061950144244,-0.48302815784650344,FALSE,pm25,M5: AugSynth Centro (Bel. dropped),AugSynth,2023-08-07
2023w33,3.3666519445758274,2.855938914721696,0.5107130298541316,FALSE,pm25,M5: AugSynth Centro (Bel. dropped),AugSynth,2023-08-14
2023w34,3.117241690951188,2.618374579469373,0.49886711148181506,FALSE,pm25,M5: AugSynth Centro (Bel. dropped),AugSynth,2023-08-21
2023w35,2.4898941912990393,2.760959626342452,-0.2710654350434125,FALSE,pm25,M5: AugSynth Centro (Bel. dropped),AugSynth,2023-08-28
2023w36,2.597751587155453,2.779347416193264,-0.18159582903781102,FALSE,pm25,M5: AugSynth Centro (Bel. dropped),AugSynth,2023-09-04
2023w37,2.738299164264908,2.833898994287802,-0.09559983002289396,FALSE,pm25,M5: AugSynth Centro (Bel. dropped),AugSynth,2023-09-11
2023w38,2.6260926984152593,2.802984773162864,-0.1768920747476046,FALSE,pm25,M5: AugSynth Centro (Bel. dropped),AugSynth,2023-09-18
2023w39,3.310019762166744,2.9922914520229513,0.31772831014379266,FALSE,pm25,M5: AugSynth Centro (Bel. dropped),AugSynth,2023-09-25
2023w40,3.3972674473540714,3.095705252204337,0.30156219514973426,FALSE,pm25,M5: AugSynth Centro (Bel. dropped),AugSynth,2023-10-02
2023w41,3.0284737081095146,3.0474538804811777,-0.018980172371663162,FALSE,pm25,M5: AugSynth Centro (Bel. dropped),AugSynth,2023-10-09
2023w42,2.9128939952449864,2.9372955240871583,-0.02440152884217195,FALSE,pm25,M5: AugSynth Centro (Bel. dropped),AugSynth,2023-10-16
2023w43,2.9864392266423985,2.7397954882768603,0.2466437383655382,FALSE,pm25,M5: AugSynth Centro (Bel. dropped),AugSynth,2023-10-23
2023w44,3.067820349948245,2.9297924461719678,0.13802790377627705,FALSE,pm25,M5: AugSynth Centro (Bel. dropped),AugSynth,2023-10-30
2023w45,2.756099350046923,2.4803341709258535,0.27576517912106935,FALSE,pm25,M5: AugSynth Centro (Bel. dropped),AugSynth,2023-11-06
2023w46,3.2555291425162363,2.7540337055250546,0.5014954369911817,FALSE,pm25,M5: AugSynth Centro (Bel. dropped),AugSynth,2023-11-13
2023w47,2.899459964384946,2.504851715811053,0.3946082485738929,FALSE,pm25,M5: AugSynth Centro (Bel. dropped),AugSynth,2023-11-20
2023w48,3.1118249925408445,2.9364196279376458,0.17540536460319878,FALSE,pm25,M5: AugSynth Centro (Bel. dropped),AugSynth,2023-11-27
2023w49,3.1087037522131524,2.890017677304632,0.2186860749085202,TRUE,pm25,M5: AugSynth Centro (Bel. dropped),AugSynth,2023-12-04
2023w50,2.9413288846746046,2.7484064160406696,0.19292246863393503,TRUE,pm25,M5: AugSynth Centro (Bel. dropped),AugSynth,2023-12-11
2023w51,3.202299188463399,3.0043134055954597,0.19798578286793944,TRUE,pm25,M5: AugSynth Centro (Bel. dropped),AugSynth,2023-12-18
2023w52,2.7063376243683477,2.721434665708981,-0.015097041340633499,TRUE,pm25,M5: AugSynth Centro (Bel. dropped),AugSynth,2023-12-25
2024w01,3.7755310441657852,3.212601635351164,0.5629294088146213,TRUE,pm25,M5: AugSynth Centro (Bel. dropped),AugSynth,2024-01-01
2024w02,3.1376946916563657,3.1170420764279267,0.020652615228438975,TRUE,pm25,M5: AugSynth Centro (Bel. dropped),AugSynth,2024-01-08
2024w03,2.740904537973157,2.8120953637518795,-0.07119082577872238,TRUE,pm25,M5: AugSynth Centro (Bel. dropped),AugSynth,2024-01-15
2024w04,2.70375208854707,2.789435224575008,-0.0856831360279382,TRUE,pm25,M5: AugSynth Centro (Bel. dropped),AugSynth,2024-01-22
2024w05,3.1446406651393026,3.1980093245911836,-0.05336865945188096,TRUE,pm25,M5: AugSynth Centro (Bel. dropped),AugSynth,2024-01-29
2024w06,3.1112460697663313,2.9041472571463256,0.20709881262000573,TRUE,pm25,M5: AugSynth Centro (Bel. dropped),AugSynth,2024-02-05
2024w07,2.360508029326997,2.5746300463332754,-0.2141220170062783,TRUE,pm25,M5: AugSynth Centro (Bel. dropped),AugSynth,2024-02-12
2024w08,2.8869399500481516,2.920984529574352,-0.03404457952620055,TRUE,pm25,M5: AugSynth Centro (Bel. dropped),AugSynth,2024-02-19
2024w09,3.3126697041545614,3.0951844056405298,0.21748529851403164,TRUE,pm25,M5: AugSynth Centro (Bel. dropped),AugSynth,2024-02-26
2024w10,3.1107113818776404,3.065428025230265,0.045283356647375594,TRUE,pm25,M5: AugSynth Centro (Bel. dropped),AugSynth,2024-03-04
2024w11,2.8416093711187154,2.7859454475986754,0.055663923520040015,TRUE,pm25,M5: AugSynth Centro (Bel. dropped),AugSynth,2024-03-11
2024w12,3.1519950071389364,3.192255921327967,-0.04026091418903066,TRUE,pm25,M5: AugSynth Centro (Bel. dropped),AugSynth,2024-03-18
2024w13,3.3465534509170576,2.907378171149151,0.4391752797679067,TRUE,pm25,M5: AugSynth Centro (Bel. dropped),AugSynth,2024-03-25
2024w14,3.2816127240591437,2.9360699911698096,0.3455427328893341,TRUE,pm25,M5: AugSynth Centro (Bel. dropped),AugSynth,2024-04-01
2024w15,3.1969982463488833,3.362173645285624,-0.1651753989367406,TRUE,pm25,M5: AugSynth Centro (Bel. dropped),AugSynth,2024-04-08
2024w16,2.9639233583726483,2.907468969671325,0.05645438870132313,TRUE,pm25,M5: AugSynth Centro (Bel. dropped),AugSynth,2024-04-15
2024w17,3.103779177637125,3.0243833127710618,0.07939586486606309,TRUE,pm25,M5: AugSynth Centro (Bel. dropped),AugSynth,2024-04-22
2024w18,2.827195271730653,2.828616750221321,-0.0014214784906676492,TRUE,pm25,M5: AugSynth Centro (Bel. dropped),AugSynth,2024-04-29
2024w19,3.183179560209927,3.107236792224892,0.07594276798503508,TRUE,pm25,M5: AugSynth Centro (Bel. dropped),AugSynth,2024-05-06
2024w20,3.0735725576723274,3.0111372116126516,0.06243534605967582,TRUE,pm25,M5: AugSynth Centro (Bel. dropped),AugSynth,2024-05-13
2024w21,2.7826834321087413,2.668525555611663,0.11415787649707809,TRUE,pm25,M5: AugSynth Centro (Bel. dropped),AugSynth,2024-05-20
2024w22,2.8904087942473478,2.7526075897543096,0.13780120449303812,TRUE,pm25,M5: AugSynth Centro (Bel. dropped),AugSynth,2024-05-27
2024w23,2.651597420597432,2.630640019508851,0.02095740108858113,TRUE,pm25,M5: AugSynth Centro (Bel. dropped),AugSynth,2024-06-03
2024w24,2.715356776284648,2.692031137237188,0.0233256390474601,TRUE,pm25,M5: AugSynth Centro (Bel. dropped),AugSynth,2024-06-10
2024w25,3.043394818072299,2.9520652618774834,0.09132955619481553,TRUE,pm25,M5: AugSynth Centro (Bel. dropped),AugSynth,2024-06-17
2024w26,2.5192141375789854,2.718886156445108,-0.1996720188661225,TRUE,pm25,M5: AugSynth Centro (Bel. dropped),AugSynth,2024-06-24
2024w27,2.481512005608789,2.5684106919919545,-0.08689868638316556,TRUE,pm25,M5: AugSynth Centro (Bel. dropped),AugSynth,2024-07-01
2024w28,2.4770704714275897,2.634760099214314,-0.15768962778672435,TRUE,pm25,M5: AugSynth Centro (Bel. dropped),AugSynth,2024-07-08
2024w29,1.7310654005557986,2.5868070136988104,-0.8557416131430118,TRUE,pm25,M5: AugSynth Centro (Bel. dropped),AugSynth,2024-07-15
2024w30,2.4034555433790072,2.7530922612052424,-0.3496367178262352,TRUE,pm25,M5: AugSynth Centro (Bel. dropped),AugSynth,2024-07-22
2024w31,2.2993799620450974,2.5862883468780047,-0.28690838483290726,TRUE,pm25,M5: AugSynth Centro (Bel. dropped),AugSynth,2024-07-29
2024w32,2.8921756853956904,2.996034660843615,-0.10385897544792444,TRUE,pm25,M5: AugSynth Centro (Bel. dropped),AugSynth,2024-08-05
2024w33,2.0959216620937857,2.6145701403619612,-0.5186484782681755,TRUE,pm25,M5: AugSynth Centro (Bel. dropped),AugSynth,2024-08-12
2024w34,2.26771755766497,2.80122051863481,-0.5335029609698401,TRUE,pm25,M5: AugSynth Centro (Bel. dropped),AugSynth,2024-08-19
2024w35,2.622806957013608,2.8236116145575823,-0.20080465754397414,TRUE,pm25,M5: AugSynth Centro (Bel. dropped),AugSynth,2024-08-26
2024w36,2.8390394763938507,3.310445400076947,-0.47140592368309653,TRUE,pm25,M5: AugSynth Centro (Bel. dropped),AugSynth,2024-09-02
2024w37,2.5970689805647544,3.008988235230275,-0.4119192546655204,TRUE,pm25,M5: AugSynth Centro (Bel. dropped),AugSynth,2024-09-09
2024w38,2.5176427077248253,2.9958911505164596,-0.47824844279163425,TRUE,pm25,M5: AugSynth Centro (Bel. dropped),AugSynth,2024-09-16
2024w39,2.7892973113967687,3.4151012565703542,-0.6258039451735855,TRUE,pm25,M5: AugSynth Centro (Bel. dropped),AugSynth,2024-09-23
2024w40,3.036578267786251,1.0208624745355435,2.0157157932507075,TRUE,pm25,M5: AugSynth Centro (Bel. dropped),AugSynth,2024-09-30
2024w41,2.9121876078436464,2.8807216238703948,0.03146598397325162,TRUE,pm25,M5: AugSynth Centro (Bel. dropped),AugSynth,2024-10-07
2024w42,2.4676757128596383,1.9252641784489715,0.5424115344106668,TRUE,pm25,M5: AugSynth Centro (Bel. dropped),AugSynth,2024-10-14
2024w43,3.1630106920268055,2.5680352108386537,0.5949754811881518,TRUE,pm25,M5: AugSynth Centro (Bel. dropped),AugSynth,2024-10-21
2024w44,2.6764219256440334,2.338393340932192,0.33802858471184116,TRUE,pm25,M5: AugSynth Centro (Bel. dropped),AugSynth,2024-10-28
2024w45,3.1048855874505135,2.8718428032738226,0.2330427841766909,TRUE,pm25,M5: AugSynth Centro (Bel. dropped),AugSynth,2024-11-04
2024w46,3.650251232069794,3.3121609409238735,0.3380902911459205,TRUE,pm25,M5: AugSynth Centro (Bel. dropped),AugSynth,2024-11-11
2024w47,3.224102143839782,2.9882749930340275,0.23582715080575456,TRUE,pm25,M5: AugSynth Centro (Bel. dropped),AugSynth,2024-11-18
2024w48,3.08922261664133,2.828557628467866,0.26066498817346373,TRUE,pm25,M5: AugSynth Centro (Bel. dropped),AugSynth,2024-11-25
2024w49,2.7899578353852585,2.706942709000609,0.08301512638464947,TRUE,pm25,M5: AugSynth Centro (Bel. dropped),AugSynth,2024-12-02
2024w50,2.798459502306824,2.6520941172974704,0.1463653850093536,TRUE,pm25,M5: AugSynth Centro (Bel. dropped),AugSynth,2024-12-09
2024w51,2.988620377198178,2.7703392713101302,0.21828110588804783,TRUE,pm25,M5: AugSynth Centro (Bel. dropped),AugSynth,2024-12-16
2024w52,2.9191391647224703,2.800119495885104,0.11901966883736614,TRUE,pm25,M5: AugSynth Centro (Bel. dropped),AugSynth,2024-12-23
2025w01,2.3715201850340195,2.31981977987152,0.05170040516249941,TRUE,pm25,M5: AugSynth Centro (Bel. dropped),AugSynth,2024-12-30
2025w02,2.991623845509448,2.6649716069473506,0.32665223856209735,TRUE,pm25,M5: AugSynth Centro (Bel. dropped),AugSynth,2025-01-06
2025w10,2.5309947539807554,2.6113863717259793,-0.08039161774522396,TRUE,pm25,M5: AugSynth Centro (Bel. dropped),AugSynth,2025-03-03
2025w11,3.1402798479526415,2.944057223289792,0.19622262466284957,TRUE,pm25,M5: AugSynth Centro (Bel. dropped),AugSynth,2025-03-10
2025w12,3.0402275134405423,2.967031774496374,0.0731957389441682,TRUE,pm25,M5: AugSynth Centro (Bel. dropped),AugSynth,2025-03-17
2025w13,2.8171636656293435,2.992157577931119,-0.17499391230177563,TRUE,pm25,M5: AugSynth Centro (Bel. dropped),AugSynth,2025-03-24
2025w14,2.8798349588078187,2.987605795361765,-0.10777083655394648,TRUE,pm25,M5: AugSynth Centro (Bel. dropped),AugSynth,2025-03-31
2022w48,2.835416797022651,2.9859869258697787,-0.15057012884712773,FALSE,pm25,M5b: AugSynth Centro (Bel. in pool),AugSynth,2022-11-28
2022w49,3.253354543284443,3.1123561362890664,0.1409984069953767,FALSE,pm25,M5b: AugSynth Centro (Bel. in pool),AugSynth,2022-12-05
2022w50,3.0495257731553824,3.1258367628752874,-0.07631098971990502,FALSE,pm25,M5b: AugSynth Centro (Bel. in pool),AugSynth,2022-12-12
2022w51,3.2323578656808207,3.189834394503246,0.04252347117757482,FALSE,pm25,M5b: AugSynth Centro (Bel. in pool),AugSynth,2022-12-19
2022w52,3.1950201952431767,3.0598962941403465,0.13512390110283024,FALSE,pm25,M5b: AugSynth Centro (Bel. in pool),AugSynth,2022-12-26
2023w01,3.356734507918482,3.305561735784698,0.051172772133783795,FALSE,pm25,M5b: AugSynth Centro (Bel. in pool),AugSynth,2023-01-02
2023w02,3.1086888658334453,3.1020565739652475,0.006632291868197804,FALSE,pm25,M5b: AugSynth Centro (Bel. in pool),AugSynth,2023-01-09
2023w03,3.0153714888063394,3.024765521261623,-0.009394032455283696,FALSE,pm25,M5b: AugSynth Centro (Bel. in pool),AugSynth,2023-01-16
2023w04,3.0343758971461954,2.8513651548958494,0.18301074225034597,FALSE,pm25,M5b: AugSynth Centro (Bel. in pool),AugSynth,2023-01-23
2023w05,3.1577519117599446,3.050695000604972,0.10705691115497284,FALSE,pm25,M5b: AugSynth Centro (Bel. in pool),AugSynth,2023-01-30
2023w06,3.1629472427104504,3.1744167330363626,-0.011469490325912268,FALSE,pm25,M5b: AugSynth Centro (Bel. in pool),AugSynth,2023-02-06
2023w07,3.0882202929891425,3.220713102847865,-0.13249280985872236,FALSE,pm25,M5b: AugSynth Centro (Bel. in pool),AugSynth,2023-02-13
2023w08,3.0168901911795163,3.0301338107490783,-0.013243619569561993,FALSE,pm25,M5b: AugSynth Centro (Bel. in pool),AugSynth,2023-02-20
2023w09,3.101103789151318,3.227389518139775,-0.12628572898845736,FALSE,pm25,M5b: AugSynth Centro (Bel. in pool),AugSynth,2023-02-27
2023w10,2.8891673291592825,2.996605038956911,-0.10743770979762868,FALSE,pm25,M5b: AugSynth Centro (Bel. in pool),AugSynth,2023-03-06
2023w11,2.9561803055418765,3.1038707789396227,-0.1476904733977462,FALSE,pm25,M5b: AugSynth Centro (Bel. in pool),AugSynth,2023-03-13
2023w12,3.03517732051692,3.24837728261554,-0.2131999620986198,FALSE,pm25,M5b: AugSynth Centro (Bel. in pool),AugSynth,2023-03-20
2023w13,3.2671134554666885,3.2642607328566307,0.0028527226100578673,FALSE,pm25,M5b: AugSynth Centro (Bel. in pool),AugSynth,2023-03-27
2023w14,3.2276505474729555,3.0704400714503612,0.1572104760225943,FALSE,pm25,M5b: AugSynth Centro (Bel. in pool),AugSynth,2023-04-03
2023w15,3.197965384173289,2.9588076556534597,0.23915772851982942,FALSE,pm25,M5b: AugSynth Centro (Bel. in pool),AugSynth,2023-04-10
2023w16,2.8951381583182885,3.0269141919951275,-0.131776033676839,FALSE,pm25,M5b: AugSynth Centro (Bel. in pool),AugSynth,2023-04-17
2023w17,3.2569163546995434,3.1687790980686863,0.08813725663085714,FALSE,pm25,M5b: AugSynth Centro (Bel. in pool),AugSynth,2023-04-24
2023w18,2.220796417561038,2.296864454514545,-0.07606803695350672,FALSE,pm25,M5b: AugSynth Centro (Bel. in pool),AugSynth,2023-05-01
2023w19,2.999275987177356,2.934621016349781,0.06465497082757521,FALSE,pm25,M5b: AugSynth Centro (Bel. in pool),AugSynth,2023-05-08
2023w20,3.1394718020809327,3.2449706296798917,-0.10549882759895901,FALSE,pm25,M5b: AugSynth Centro (Bel. in pool),AugSynth,2023-05-15
2023w21,3.0601145324832593,3.0847340284408324,-0.02461949595757318,FALSE,pm25,M5b: AugSynth Centro (Bel. in pool),AugSynth,2023-05-22
2023w22,3.022487797529168,2.9531719038810063,0.06931589364816171,FALSE,pm25,M5b: AugSynth Centro (Bel. in pool),AugSynth,2023-05-29
2023w23,3.129505303648495,2.9684363852195585,0.16106891842893667,FALSE,pm25,M5b: AugSynth Centro (Bel. in pool),AugSynth,2023-06-05
2023w24,2.7504283175697677,2.7253393285818137,0.025088988987953975,FALSE,pm25,M5b: AugSynth Centro (Bel. in pool),AugSynth,2023-06-12
2023w25,2.474631821846902,2.395588097534844,0.0790437243120583,FALSE,pm25,M5b: AugSynth Centro (Bel. in pool),AugSynth,2023-06-19
2023w26,2.4923510932513016,2.568100566134203,-0.07574947288290135,FALSE,pm25,M5b: AugSynth Centro (Bel. in pool),AugSynth,2023-06-26
2023w27,3.0627676748901496,3.0188841699958613,0.04388350489428827,FALSE,pm25,M5b: AugSynth Centro (Bel. in pool),AugSynth,2023-07-03
2023w28,2.7767259852852586,2.8223719739784046,-0.045645988693145956,FALSE,pm25,M5b: AugSynth Centro (Bel. in pool),AugSynth,2023-07-10
2023w29,2.051256378896812,2.2386812027487664,-0.18742482385195425,FALSE,pm25,M5b: AugSynth Centro (Bel. in pool),AugSynth,2023-07-17
2023w30,2.695842657994465,2.5733444965184744,0.12249816147599057,FALSE,pm25,M5b: AugSynth Centro (Bel. in pool),AugSynth,2023-07-24
2023w31,2.205582147937369,2.2916451332822887,-0.08606298534491952,FALSE,pm25,M5b: AugSynth Centro (Bel. in pool),AugSynth,2023-07-31
2023w32,2.123578037167921,2.2162010907403147,-0.09262305357239375,FALSE,pm25,M5b: AugSynth Centro (Bel. in pool),AugSynth,2023-08-07
2023w33,3.3666519445758274,3.183461221383805,0.18319072319202245,FALSE,pm25,M5b: AugSynth Centro (Bel. in pool),AugSynth,2023-08-14
2023w34,3.117241690951188,2.695581558670202,0.4216601322809863,FALSE,pm25,M5b: AugSynth Centro (Bel. in pool),AugSynth,2023-08-21
2023w35,2.4898941912990393,2.6507360592064284,-0.16084186790738908,FALSE,pm25,M5b: AugSynth Centro (Bel. in pool),AugSynth,2023-08-28
2023w36,2.597751587155453,2.7431979370191413,-0.14544634986368843,FALSE,pm25,M5b: AugSynth Centro (Bel. in pool),AugSynth,2023-09-04
2023w37,2.738299164264908,2.817093500297001,-0.07879433603209307,FALSE,pm25,M5b: AugSynth Centro (Bel. in pool),AugSynth,2023-09-11
2023w38,2.6260926984152593,2.7144257779806957,-0.08833307956543646,FALSE,pm25,M5b: AugSynth Centro (Bel. in pool),AugSynth,2023-09-18
2023w39,3.310019762166744,3.1793534982820333,0.1306662638847107,FALSE,pm25,M5b: AugSynth Centro (Bel. in pool),AugSynth,2023-09-25
2023w40,3.3972674473540714,3.323002110419571,0.07426533693450033,FALSE,pm25,M5b: AugSynth Centro (Bel. in pool),AugSynth,2023-10-02
2023w41,3.0284737081095146,2.89489245096946,0.13358125714005453,FALSE,pm25,M5b: AugSynth Centro (Bel. in pool),AugSynth,2023-10-09
2023w42,2.9128939952449864,2.95420703937989,-0.04131304413490344,FALSE,pm25,M5b: AugSynth Centro (Bel. in pool),AugSynth,2023-10-16
2023w43,2.9864392266423985,2.7163013180459092,0.27013790859648923,FALSE,pm25,M5b: AugSynth Centro (Bel. in pool),AugSynth,2023-10-23
2023w44,3.067820349948245,2.70885068729627,0.3589696626519747,FALSE,pm25,M5b: AugSynth Centro (Bel. in pool),AugSynth,2023-10-30
2023w45,2.756099350046923,2.74500496144657,0.011094388600352723,FALSE,pm25,M5b: AugSynth Centro (Bel. in pool),AugSynth,2023-11-06
2023w46,3.2555291425162363,3.0085812033313104,0.24694793918492586,FALSE,pm25,M5b: AugSynth Centro (Bel. in pool),AugSynth,2023-11-13
2023w47,2.899459964384946,2.963913241665112,-0.06445327728016625,FALSE,pm25,M5b: AugSynth Centro (Bel. in pool),AugSynth,2023-11-20
2023w48,3.1118249925408445,2.9453145212457503,0.16651047129509422,FALSE,pm25,M5b: AugSynth Centro (Bel. in pool),AugSynth,2023-11-27
2023w49,3.1087037522131524,3.0302961764752148,0.07840757573793766,TRUE,pm25,M5b: AugSynth Centro (Bel. in pool),AugSynth,2023-12-04
2023w50,2.9413288846746046,2.9209373495164432,0.02039153515816139,TRUE,pm25,M5b: AugSynth Centro (Bel. in pool),AugSynth,2023-12-11
2023w51,3.202299188463399,3.0744987539950337,0.12780043446836542,TRUE,pm25,M5b: AugSynth Centro (Bel. in pool),AugSynth,2023-12-18
2023w52,2.7063376243683477,2.40379749105358,0.3025401333147677,TRUE,pm25,M5b: AugSynth Centro (Bel. in pool),AugSynth,2023-12-25
2024w01,3.7755310441657852,3.530200626281716,0.24533041788406917,TRUE,pm25,M5b: AugSynth Centro (Bel. in pool),AugSynth,2024-01-01
2024w02,3.1376946916563657,2.8317772063552784,0.3059174853010873,TRUE,pm25,M5b: AugSynth Centro (Bel. in pool),AugSynth,2024-01-08
2024w03,2.740904537973157,2.5212394400579865,0.21966509791517064,TRUE,pm25,M5b: AugSynth Centro (Bel. in pool),AugSynth,2024-01-15
2024w04,2.70375208854707,2.7845671441936877,-0.08081505564661784,TRUE,pm25,M5b: AugSynth Centro (Bel. in pool),AugSynth,2024-01-22
2024w05,3.1446406651393026,3.1919752426838817,-0.04733457754457904,TRUE,pm25,M5b: AugSynth Centro (Bel. in pool),AugSynth,2024-01-29
2024w06,3.1112460697663313,3.1105356511868147,7.104185795165918e-4,TRUE,pm25,M5b: AugSynth Centro (Bel. in pool),AugSynth,2024-02-05
2024w07,2.360508029326997,2.4973124326415217,-0.1368044033145246,TRUE,pm25,M5b: AugSynth Centro (Bel. in pool),AugSynth,2024-02-12
2024w08,2.8869399500481516,3.018292367300205,-0.1313524172520535,TRUE,pm25,M5b: AugSynth Centro (Bel. in pool),AugSynth,2024-02-19
2024w09,3.3126697041545614,3.233748362445154,0.07892134170940723,TRUE,pm25,M5b: AugSynth Centro (Bel. in pool),AugSynth,2024-02-26
2024w10,3.1107113818776404,3.1370042560029776,-0.026292874125337207,TRUE,pm25,M5b: AugSynth Centro (Bel. in pool),AugSynth,2024-03-04
2024w11,2.8416093711187154,3.049194033290819,-0.20758466217210358,TRUE,pm25,M5b: AugSynth Centro (Bel. in pool),AugSynth,2024-03-11
2024w12,3.1519950071389364,3.18224362359306,-0.030248616454123578,TRUE,pm25,M5b: AugSynth Centro (Bel. in pool),AugSynth,2024-03-18
2024w13,3.3465534509170576,3.1931836883206297,0.15336976259642787,TRUE,pm25,M5b: AugSynth Centro (Bel. in pool),AugSynth,2024-03-25
2024w14,3.2816127240591437,3.087296495108799,0.19431622895034462,TRUE,pm25,M5b: AugSynth Centro (Bel. in pool),AugSynth,2024-04-01
2024w15,3.1969982463488833,3.2054940092599304,-0.008495762911047144,TRUE,pm25,M5b: AugSynth Centro (Bel. in pool),AugSynth,2024-04-08
2024w16,2.9639233583726483,3.25641508834099,-0.29249172996834183,TRUE,pm25,M5b: AugSynth Centro (Bel. in pool),AugSynth,2024-04-15
2024w17,3.103779177637125,3.180769310342881,-0.07699013270575605,TRUE,pm25,M5b: AugSynth Centro (Bel. in pool),AugSynth,2024-04-22
2024w18,2.827195271730653,3.0735194308317197,-0.24632415910106653,TRUE,pm25,M5b: AugSynth Centro (Bel. in pool),AugSynth,2024-04-29
2024w19,3.183179560209927,3.2393604537443363,-0.05618089353440947,TRUE,pm25,M5b: AugSynth Centro (Bel. in pool),AugSynth,2024-05-06
2024w20,3.0735725576723274,3.238019987613325,-0.16444742994099748,TRUE,pm25,M5b: AugSynth Centro (Bel. in pool),AugSynth,2024-05-13
2024w21,2.7826834321087413,2.6631207542852673,0.11956267782347396,TRUE,pm25,M5b: AugSynth Centro (Bel. in pool),AugSynth,2024-05-20
2024w22,2.8904087942473478,2.984219157709266,-0.09381036346191829,TRUE,pm25,M5b: AugSynth Centro (Bel. in pool),AugSynth,2024-05-27
2024w23,2.651597420597432,2.752704200417659,-0.10110677982022676,TRUE,pm25,M5b: AugSynth Centro (Bel. in pool),AugSynth,2024-06-03
2024w24,2.715356776284648,2.9377622022593552,-0.22240542597470725,TRUE,pm25,M5b: AugSynth Centro (Bel. in pool),AugSynth,2024-06-10
2024w25,3.043394818072299,3.0386106281442475,0.004784189928051408,TRUE,pm25,M5b: AugSynth Centro (Bel. in pool),AugSynth,2024-06-17
2024w26,2.5192141375789854,2.8722937020883945,-0.35307956450940914,TRUE,pm25,M5b: AugSynth Centro (Bel. in pool),AugSynth,2024-06-24
2024w27,2.481512005608789,2.669592814093957,-0.18808080848516795,TRUE,pm25,M5b: AugSynth Centro (Bel. in pool),AugSynth,2024-07-01
2024w28,2.4770704714275897,2.780778350619671,-0.3037078791920811,TRUE,pm25,M5b: AugSynth Centro (Bel. in pool),AugSynth,2024-07-08
2024w29,1.7310654005557986,2.3127752836701214,-0.5817098831143228,TRUE,pm25,M5b: AugSynth Centro (Bel. in pool),AugSynth,2024-07-15
2024w30,2.4034555433790072,2.665694198556656,-0.26223865517764855,TRUE,pm25,M5b: AugSynth Centro (Bel. in pool),AugSynth,2024-07-22
2024w31,2.2993799620450974,2.5084676230514975,-0.20908766100640008,TRUE,pm25,M5b: AugSynth Centro (Bel. in pool),AugSynth,2024-07-29
2024w32,2.8921756853956904,3.1325256947583195,-0.24035000936262918,TRUE,pm25,M5b: AugSynth Centro (Bel. in pool),AugSynth,2024-08-05
2024w33,2.0959216620937857,2.480670146602622,-0.38474848450883625,TRUE,pm25,M5b: AugSynth Centro (Bel. in pool),AugSynth,2024-08-12
2024w34,2.26771755766497,2.745003789268023,-0.47728623160305306,TRUE,pm25,M5b: AugSynth Centro (Bel. in pool),AugSynth,2024-08-19
2024w35,2.622806957013608,2.6960035707785366,-0.07319661376492848,TRUE,pm25,M5b: AugSynth Centro (Bel. in pool),AugSynth,2024-08-26
2024w36,2.8390394763938507,3.2424674318708533,-0.4034279554770026,TRUE,pm25,M5b: AugSynth Centro (Bel. in pool),AugSynth,2024-09-02
2024w37,2.5970689805647544,3.616819488651213,-1.0197505080864584,TRUE,pm25,M5b: AugSynth Centro (Bel. in pool),AugSynth,2024-09-09
2024w38,2.5176427077248253,2.814266778418729,-0.2966240706939036,TRUE,pm25,M5b: AugSynth Centro (Bel. in pool),AugSynth,2024-09-16
2024w39,2.7892973113967687,3.3536338079897847,-0.564336496593016,TRUE,pm25,M5b: AugSynth Centro (Bel. in pool),AugSynth,2024-09-23
2024w40,3.036578267786251,3.2792619013459827,-0.24268363355973177,TRUE,pm25,M5b: AugSynth Centro (Bel. in pool),AugSynth,2024-09-30
2024w41,2.9121876078436464,3.1973184366556926,-0.2851308288120462,TRUE,pm25,M5b: AugSynth Centro (Bel. in pool),AugSynth,2024-10-07
2024w42,2.4676757128596383,3.055112990218759,-0.5874372773591205,TRUE,pm25,M5b: AugSynth Centro (Bel. in pool),AugSynth,2024-10-14
2024w43,3.1630106920268055,3.4679590921340995,-0.30494840010729396,TRUE,pm25,M5b: AugSynth Centro (Bel. in pool),AugSynth,2024-10-21
2024w44,2.6764219256440334,3.0809202914159854,-0.4044983657719521,TRUE,pm25,M5b: AugSynth Centro (Bel. in pool),AugSynth,2024-10-28
2024w45,3.1048855874505135,3.1241519350466342,-0.01926634759612078,TRUE,pm25,M5b: AugSynth Centro (Bel. in pool),AugSynth,2024-11-04
2024w46,3.650251232069794,3.3463635554246824,0.3038876766451115,TRUE,pm25,M5b: AugSynth Centro (Bel. in pool),AugSynth,2024-11-11
2024w47,3.224102143839782,3.480201090173181,-0.2560989463333989,TRUE,pm25,M5b: AugSynth Centro (Bel. in pool),AugSynth,2024-11-18
2024w48,3.08922261664133,3.5310134987467823,-0.44179088210545236,TRUE,pm25,M5b: AugSynth Centro (Bel. in pool),AugSynth,2024-11-25
2024w49,2.7899578353852585,2.9900197995046893,-0.20006196411943078,TRUE,pm25,M5b: AugSynth Centro (Bel. in pool),AugSynth,2024-12-02
2024w50,2.798459502306824,3.0205636303797148,-0.22210412807289082,TRUE,pm25,M5b: AugSynth Centro (Bel. in pool),AugSynth,2024-12-09
2024w51,2.988620377198178,3.1629493052210593,-0.17432892802288125,TRUE,pm25,M5b: AugSynth Centro (Bel. in pool),AugSynth,2024-12-16
2024w52,2.9191391647224703,2.981741273706266,-0.06260210898379581,TRUE,pm25,M5b: AugSynth Centro (Bel. in pool),AugSynth,2024-12-23
2025w01,2.3715201850340195,2.4117794381083084,-0.0402592530742889,TRUE,pm25,M5b: AugSynth Centro (Bel. in pool),AugSynth,2024-12-30
2025w02,2.991623845509448,3.206340801737774,-0.21471695622832598,TRUE,pm25,M5b: AugSynth Centro (Bel. in pool),AugSynth,2025-01-06
2025w10,2.5309947539807554,2.7294318460149825,-0.1984370920342271,TRUE,pm25,M5b: AugSynth Centro (Bel. in pool),AugSynth,2025-03-03
2025w11,3.1402798479526415,3.137635359832836,0.0026444881198055548,TRUE,pm25,M5b: AugSynth Centro (Bel. in pool),AugSynth,2025-03-10
2025w12,3.0402275134405423,3.161895754647247,-0.1216682412067045,TRUE,pm25,M5b: AugSynth Centro (Bel. in pool),AugSynth,2025-03-17
2025w13,2.8171636656293435,3.098576818285435,-0.28141315265609146,TRUE,pm25,M5b: AugSynth Centro (Bel. in pool),AugSynth,2025-03-24
2025w14,2.8798349588078187,3.1110329832755816,-0.23119802446776294,TRUE,pm25,M5b: AugSynth Centro (Bel. in pool),AugSynth,2025-03-31
2022w48,3.0400680873740424,2.867470158075505,0.17259792929853734,FALSE,pm25,M6: AugSynth Belisario (Centro dropped),AugSynth,2022-11-28
2022w49,3.145645416260876,3.115376322614825,0.030269093646051015,FALSE,pm25,M6: AugSynth Belisario (Centro dropped),AugSynth,2022-12-05
2022w50,3.1747149290824312,2.9392974916014136,0.23541743748101762,FALSE,pm25,M6: AugSynth Belisario (Centro dropped),AugSynth,2022-12-12
2022w51,3.2276108961403356,3.0133061679694633,0.21430472817087232,FALSE,pm25,M6: AugSynth Belisario (Centro dropped),AugSynth,2022-12-19
2022w52,3.100947778698301,2.971569508093763,0.12937827060453788,FALSE,pm25,M6: AugSynth Belisario (Centro dropped),AugSynth,2022-12-26
2023w01,3.337049895171681,3.2664787086968445,0.07057118647483662,FALSE,pm25,M6: AugSynth Belisario (Centro dropped),AugSynth,2023-01-02
2023w02,3.1495114558131436,2.8301099905815725,0.3194014652315711,FALSE,pm25,M6: AugSynth Belisario (Centro dropped),AugSynth,2023-01-09
2023w03,3.0854053827671097,2.9084304530569844,0.1769749297101253,FALSE,pm25,M6: AugSynth Belisario (Centro dropped),AugSynth,2023-01-16
2023w04,2.844560485752252,2.7995489524413237,0.04501153331092844,FALSE,pm25,M6: AugSynth Belisario (Centro dropped),AugSynth,2023-01-23
2023w05,3.103530814810676,2.930322226813722,0.17320858799695404,FALSE,pm25,M6: AugSynth Belisario (Centro dropped),AugSynth,2023-01-30
2023w06,3.2081788153198656,2.99813734003703,0.21004147528283568,FALSE,pm25,M6: AugSynth Belisario (Centro dropped),AugSynth,2023-02-06
2023w07,3.293995665862313,2.8647582938048637,0.4292373720574494,FALSE,pm25,M6: AugSynth Belisario (Centro dropped),AugSynth,2023-02-13
2023w08,3.044189048822185,3.0275088843182645,0.016680164503920736,FALSE,pm25,M6: AugSynth Belisario (Centro dropped),AugSynth,2023-02-20
2023w09,3.22028150310613,2.9382698364304614,0.2820116666756687,FALSE,pm25,M6: AugSynth Belisario (Centro dropped),AugSynth,2023-02-27
2023w10,3.044490691187761,2.675309546245703,0.3691811449420581,FALSE,pm25,M6: AugSynth Belisario (Centro dropped),AugSynth,2023-03-06
2023w11,3.123533111201322,3.029538149664183,0.09399496153713915,FALSE,pm25,M6: AugSynth Belisario (Centro dropped),AugSynth,2023-03-13
2023w12,3.2292880952155105,3.0404836051701944,0.18880449004531608,FALSE,pm25,M6: AugSynth Belisario (Centro dropped),AugSynth,2023-03-20
2023w13,3.2772327794304403,3.062469099403499,0.21476368002694146,FALSE,pm25,M6: AugSynth Belisario (Centro dropped),AugSynth,2023-03-27
2023w14,3.1025367462039606,2.773516473084786,0.3290202731191747,FALSE,pm25,M6: AugSynth Belisario (Centro dropped),AugSynth,2023-04-03
2023w15,2.9606403585044485,3.043287723745643,-0.08264736524119431,FALSE,pm25,M6: AugSynth Belisario (Centro dropped),AugSynth,2023-04-10
2023w16,3.0350491359309415,2.9693595563646005,0.06568957956634103,FALSE,pm25,M6: AugSynth Belisario (Centro dropped),AugSynth,2023-04-17
2023w17,3.143692402830635,2.95683722629047,0.1868551765401647,FALSE,pm25,M6: AugSynth Belisario (Centro dropped),AugSynth,2023-04-24
2023w18,2.2294407589560423,2.555793477267505,-0.32635271831146273,FALSE,pm25,M6: AugSynth Belisario (Centro dropped),AugSynth,2023-05-01
2023w19,2.932206572674113,3.0400093669177632,-0.10780279424365036,FALSE,pm25,M6: AugSynth Belisario (Centro dropped),AugSynth,2023-05-08
2023w20,3.210144484077997,2.9006755529149517,0.3094689311630452,FALSE,pm25,M6: AugSynth Belisario (Centro dropped),AugSynth,2023-05-15
2023w21,3.0913302907170475,2.9788336399533355,0.11249665076371196,FALSE,pm25,M6: AugSynth Belisario (Centro dropped),AugSynth,2023-05-22
2023w22,2.941152884110948,2.9157860956940973,0.025366788416850916,FALSE,pm25,M6: AugSynth Belisario (Centro dropped),AugSynth,2023-05-29
2023w23,2.9500896506752547,2.8620878038496893,0.08800184682556544,FALSE,pm25,M6: AugSynth Belisario (Centro dropped),AugSynth,2023-06-05
2023w24,2.6680611928858466,2.6756361104900637,-0.007574917604217024,FALSE,pm25,M6: AugSynth Belisario (Centro dropped),AugSynth,2023-06-12
2023w25,2.322224308246394,2.6711690785578472,-0.3489447703114532,FALSE,pm25,M6: AugSynth Belisario (Centro dropped),AugSynth,2023-06-19
2023w26,2.495681722955959,2.754551650894213,-0.25886992793825403,FALSE,pm25,M6: AugSynth Belisario (Centro dropped),AugSynth,2023-06-26
2023w27,2.9899992042061236,2.7327863810022244,0.25721282320389927,FALSE,pm25,M6: AugSynth Belisario (Centro dropped),AugSynth,2023-07-03
2023w28,2.797362632338429,2.8214198931418997,-0.024057260803470815,FALSE,pm25,M6: AugSynth Belisario (Centro dropped),AugSynth,2023-07-10
2023w29,2.149628144829995,2.3900358230520666,-0.24040767822207165,FALSE,pm25,M6: AugSynth Belisario (Centro dropped),AugSynth,2023-07-17
2023w30,2.515328078781333,2.6138265774006086,-0.09849849861927584,FALSE,pm25,M6: AugSynth Belisario (Centro dropped),AugSynth,2023-07-24
2023w31,2.2068815024805413,2.4224376812878536,-0.21555617880731237,FALSE,pm25,M6: AugSynth Belisario (Centro dropped),AugSynth,2023-07-31
2023w32,2.119383148772784,2.5628636129295916,-0.44348046415680775,FALSE,pm25,M6: AugSynth Belisario (Centro dropped),AugSynth,2023-08-07
2023w33,3.182723466163722,2.844673568163432,0.33804989800028995,FALSE,pm25,M6: AugSynth Belisario (Centro dropped),AugSynth,2023-08-14
2023w34,2.6739417314687604,2.599424550758886,0.07451718070987434,FALSE,pm25,M6: AugSynth Belisario (Centro dropped),AugSynth,2023-08-21
2023w35,2.558053843081175,2.6487858228857832,-0.09073197980460845,FALSE,pm25,M6: AugSynth Belisario (Centro dropped),AugSynth,2023-08-28
2023w36,2.6576921417606156,2.6961232221573086,-0.03843108039669296,FALSE,pm25,M6: AugSynth Belisario (Centro dropped),AugSynth,2023-09-04
2023w37,2.6954151585223287,2.7135917167069543,-0.018176558184625602,FALSE,pm25,M6: AugSynth Belisario (Centro dropped),AugSynth,2023-09-11
2023w38,2.6142766179061785,2.704552202965625,-0.09027558505944633,FALSE,pm25,M6: AugSynth Belisario (Centro dropped),AugSynth,2023-09-18
2023w39,3.030664960094014,2.8233698464236405,0.20729511367037334,FALSE,pm25,M6: AugSynth Belisario (Centro dropped),AugSynth,2023-09-25
2023w40,3.2888992762363416,3.0244676877251107,0.26443158851123094,FALSE,pm25,M6: AugSynth Belisario (Centro dropped),AugSynth,2023-10-02
2023w41,2.8260504971064724,3.001376335333139,-0.1753258382266667,FALSE,pm25,M6: AugSynth Belisario (Centro dropped),AugSynth,2023-10-09
2023w42,2.882862149758252,2.8566185682450445,0.02624358151320738,FALSE,pm25,M6: AugSynth Belisario (Centro dropped),AugSynth,2023-10-16
2023w43,2.661680438728995,2.6701983768440822,-0.008517938115087276,FALSE,pm25,M6: AugSynth Belisario (Centro dropped),AugSynth,2023-10-23
2023w44,2.671201782941826,2.904897486754592,-0.23369570381276583,FALSE,pm25,M6: AugSynth Belisario (Centro dropped),AugSynth,2023-10-30
2023w45,2.6906892571363277,2.4010834057976926,0.28960585133863503,FALSE,pm25,M6: AugSynth Belisario (Centro dropped),AugSynth,2023-11-06
2023w46,2.987212751938249,2.6859436973530553,0.3012690545851937,FALSE,pm25,M6: AugSynth Belisario (Centro dropped),AugSynth,2023-11-13
2023w47,2.941979817554744,2.438574289903297,0.5034055276514469,FALSE,pm25,M6: AugSynth Belisario (Centro dropped),AugSynth,2023-11-20
2023w48,2.917212017473777,2.877724663554662,0.03948735391911473,FALSE,pm25,M6: AugSynth Belisario (Centro dropped),AugSynth,2023-11-27
2023w49,2.9979132268787074,2.81684448884937,0.18106873802933743,TRUE,pm25,M6: AugSynth Belisario (Centro dropped),AugSynth,2023-12-04
2023w50,2.9002487453923744,2.688982982878227,0.21126576251414741,TRUE,pm25,M6: AugSynth Belisario (Centro dropped),AugSynth,2023-12-11
2023w51,3.04845121788622,2.981567141284028,0.06688407660219209,TRUE,pm25,M6: AugSynth Belisario (Centro dropped),AugSynth,2023-12-18
2023w52,2.3686848946985695,2.8470979490457884,-0.4784130543472189,TRUE,pm25,M6: AugSynth Belisario (Centro dropped),AugSynth,2023-12-25
2024w01,3.5761865666446453,3.2530574343375056,0.3231291323071397,TRUE,pm25,M6: AugSynth Belisario (Centro dropped),AugSynth,2024-01-01
2024w02,2.80289562646027,3.1471430913766465,-0.3442474649163767,TRUE,pm25,M6: AugSynth Belisario (Centro dropped),AugSynth,2024-01-08
2024w03,2.464562209070768,2.823779342976695,-0.3592171339059269,TRUE,pm25,M6: AugSynth Belisario (Centro dropped),AugSynth,2024-01-15
2024w04,2.7360976136573663,2.7326725628854085,0.0034250507719577605,TRUE,pm25,M6: AugSynth Belisario (Centro dropped),AugSynth,2024-01-22
2024w05,3.174213130962008,3.201029623885482,-0.02681649292347421,TRUE,pm25,M6: AugSynth Belisario (Centro dropped),AugSynth,2024-01-29
2024w06,3.077742275603567,2.83283473377508,0.24490754182848695,TRUE,pm25,M6: AugSynth Belisario (Centro dropped),AugSynth,2024-02-05
2024w07,2.4634559985794393,2.536272262288144,-0.07281626370870464,TRUE,pm25,M6: AugSynth Belisario (Centro dropped),AugSynth,2024-02-12
2024w08,3.0300531817318865,2.942265802470351,0.08778737926153557,TRUE,pm25,M6: AugSynth Belisario (Centro dropped),AugSynth,2024-02-19
2024w09,3.233711890825413,3.1037632369137267,0.1299486539116863,TRUE,pm25,M6: AugSynth Belisario (Centro dropped),AugSynth,2024-02-26
2024w10,3.140251000411892,3.0784191733691775,0.061831827042714504,TRUE,pm25,M6: AugSynth Belisario (Centro dropped),AugSynth,2024-03-04
2024w11,3.046520440386096,2.73372938929378,0.312791051092316,TRUE,pm25,M6: AugSynth Belisario (Centro dropped),AugSynth,2024-03-11
2024w12,3.1875640203489377,3.208068101853258,-0.02050408150432048,TRUE,pm25,M6: AugSynth Belisario (Centro dropped),AugSynth,2024-03-18
2024w13,3.2026109324021657,2.928456176094861,0.27415475630730457,TRUE,pm25,M6: AugSynth Belisario (Centro dropped),AugSynth,2024-03-25
2024w14,3.101547685730705,2.9550194053828167,0.14652828034788845,TRUE,pm25,M6: AugSynth Belisario (Centro dropped),AugSynth,2024-04-01
2024w15,3.176093576972759,3.33537319486157,-0.15927961788881095,TRUE,pm25,M6: AugSynth Belisario (Centro dropped),AugSynth,2024-04-08
2024w16,3.2711329879184032,2.8986692399715355,0.37246374794686776,TRUE,pm25,M6: AugSynth Belisario (Centro dropped),AugSynth,2024-04-15
2024w17,3.15033999178043,2.9412228335265644,0.20911715825386556,TRUE,pm25,M6: AugSynth Belisario (Centro dropped),AugSynth,2024-04-22
2024w18,3.0648851322423076,2.7686908608315304,0.29619427141077725,TRUE,pm25,M6: AugSynth Belisario (Centro dropped),AugSynth,2024-04-29
2024w19,3.2157241970358217,3.05060094907353,0.1651232479622915,TRUE,pm25,M6: AugSynth Belisario (Centro dropped),AugSynth,2024-05-06
2024w20,3.250529518669995,2.981440433311507,0.26908908535848797,TRUE,pm25,M6: AugSynth Belisario (Centro dropped),AugSynth,2024-05-13
2024w21,2.662401763205026,2.6564634022902553,0.005938360914770513,TRUE,pm25,M6: AugSynth Belisario (Centro dropped),AugSynth,2024-05-20
2024w22,2.9959322535566573,2.742442088692606,0.25349016486405107,TRUE,pm25,M6: AugSynth Belisario (Centro dropped),AugSynth,2024-05-27
2024w23,2.7481892958328067,2.603070101009515,0.1451191948232915,TRUE,pm25,M6: AugSynth Belisario (Centro dropped),AugSynth,2024-06-03
2024w24,2.9708417247088645,2.690374391760178,0.28046733294868664,TRUE,pm25,M6: AugSynth Belisario (Centro dropped),AugSynth,2024-06-10
2024w25,3.0377855097849906,2.9289478443085524,0.10883766547643825,TRUE,pm25,M6: AugSynth Belisario (Centro dropped),AugSynth,2024-06-17
2024w26,2.8724906166959525,2.6979928323911024,0.17449778430485008,TRUE,pm25,M6: AugSynth Belisario (Centro dropped),AugSynth,2024-06-24
2024w27,2.6646322474011335,2.5339556674262678,0.1306765799748657,TRUE,pm25,M6: AugSynth Belisario (Centro dropped),AugSynth,2024-07-01
2024w28,2.73860095995152,2.5831782398144485,0.15542272013707148,TRUE,pm25,M6: AugSynth Belisario (Centro dropped),AugSynth,2024-07-08
2024w29,2.2357684232899353,2.5261537250056283,-0.290385301715693,TRUE,pm25,M6: AugSynth Belisario (Centro dropped),AugSynth,2024-07-15
2024w30,2.6227633967879593,2.715831935274315,-0.09306853848635566,TRUE,pm25,M6: AugSynth Belisario (Centro dropped),AugSynth,2024-07-22
2024w31,2.4661484768594115,2.5671862224674875,-0.10103774560807599,TRUE,pm25,M6: AugSynth Belisario (Centro dropped),AugSynth,2024-07-29
2024w32,3.134189016701007,2.982351500537191,0.15183751616381613,TRUE,pm25,M6: AugSynth Belisario (Centro dropped),AugSynth,2024-08-05
2024w33,2.424271611250645,2.5738479080716967,-0.1495762968210519,TRUE,pm25,M6: AugSynth Belisario (Centro dropped),AugSynth,2024-08-12
2024w34,2.7091828926981436,2.7516149269266363,-0.04243203422849273,TRUE,pm25,M6: AugSynth Belisario (Centro dropped),AugSynth,2024-08-19
2024w35,2.6501150150646016,2.794449234875517,-0.14433421981091543,TRUE,pm25,M6: AugSynth Belisario (Centro dropped),AugSynth,2024-08-26
2024w36,3.222256769694317,3.2776667824032115,-0.05541001270889456,TRUE,pm25,M6: AugSynth Belisario (Centro dropped),AugSynth,2024-09-02
2024w37,3.645684855526662,2.964737343285541,0.6809475122411213,TRUE,pm25,M6: AugSynth Belisario (Centro dropped),AugSynth,2024-09-09
2024w38,2.7629381381247375,2.97066065898468,-0.20772252085994225,TRUE,pm25,M6: AugSynth Belisario (Centro dropped),AugSynth,2024-09-16
2024w39,3.343386990625374,3.4163220543891466,-0.07293506376377268,TRUE,pm25,M6: AugSynth Belisario (Centro dropped),AugSynth,2024-09-23
2024w40,3.264636643294901,0.41351346456716986,2.8511231787277316,TRUE,pm25,M6: AugSynth Belisario (Centro dropped),AugSynth,2024-09-30
2024w41,3.203856937222344,2.7923575730155985,0.4114993642067457,TRUE,pm25,M6: AugSynth Belisario (Centro dropped),AugSynth,2024-10-07
2024w42,3.049257242568925,1.6435715045836639,1.405685737985261,TRUE,pm25,M6: AugSynth Belisario (Centro dropped),AugSynth,2024-10-14
2024w43,3.4758512365408194,2.3570794298473645,1.1187718066934549,TRUE,pm25,M6: AugSynth Belisario (Centro dropped),AugSynth,2024-10-21
2024w44,3.063527984285436,2.1491151744727075,0.9144128098127284,TRUE,pm25,M6: AugSynth Belisario (Centro dropped),AugSynth,2024-10-28
2024w45,3.1075270449210604,2.7987283828786236,0.3087986620424368,TRUE,pm25,M6: AugSynth Belisario (Centro dropped),AugSynth,2024-11-04
2024w46,3.312873339545157,3.252943831263899,0.05992950828125787,TRUE,pm25,M6: AugSynth Belisario (Centro dropped),AugSynth,2024-11-11
2024w47,3.5182196341692533,2.99291381618053,0.5253058179887233,TRUE,pm25,M6: AugSynth Belisario (Centro dropped),AugSynth,2024-11-18
2024w48,3.608776883537541,2.816789687764107,0.7919871957734341,TRUE,pm25,M6: AugSynth Belisario (Centro dropped),AugSynth,2024-11-25
2024w49,2.988094849202558,2.686648771324491,0.301446077878067,TRUE,pm25,M6: AugSynth Belisario (Centro dropped),AugSynth,2024-12-02
2024w50,3.070821192992994,2.6398993025120925,0.43092189048090157,TRUE,pm25,M6: AugSynth Belisario (Centro dropped),AugSynth,2024-12-09
2024w51,3.186958510188142,2.7335613712648237,0.45339713892331845,TRUE,pm25,M6: AugSynth Belisario (Centro dropped),AugSynth,2024-12-16
2024w52,3.0336380199532225,2.862489579403772,0.17114844054945033,TRUE,pm25,M6: AugSynth Belisario (Centro dropped),AugSynth,2024-12-23
2025w01,2.43796061749497,2.3740030151389715,0.06395760235599868,TRUE,pm25,M6: AugSynth Belisario (Centro dropped),AugSynth,2024-12-30
2025w02,3.240211916329859,2.5495992527412206,0.6906126635886385,TRUE,pm25,M6: AugSynth Belisario (Centro dropped),AugSynth,2025-01-06
2025w10,2.737716872390836,2.6203091548411166,0.11740771754971924,TRUE,pm25,M6: AugSynth Belisario (Centro dropped),AugSynth,2025-03-03
2025w11,3.140236576329444,2.921530154311128,0.21870642201831592,TRUE,pm25,M6: AugSynth Belisario (Centro dropped),AugSynth,2025-03-10
2025w12,3.1515815100168307,2.904226359982203,0.2473551500346276,TRUE,pm25,M6: AugSynth Belisario (Centro dropped),AugSynth,2025-03-17
2025w13,3.073495462019713,2.973437511828758,0.10005795019095487,TRUE,pm25,M6: AugSynth Belisario (Centro dropped),AugSynth,2025-03-24
2025w14,3.101712597091223,2.985336395736807,0.11637620135441606,TRUE,pm25,M6: AugSynth Belisario (Centro dropped),AugSynth,2025-03-31
2022w48,2.9377424421983465,3.0247603966555068,-0.08701795445716032,FALSE,pm25,M7: AugSynth_FE Centro+Belisario,AugSynth_FE,2022-11-28
2022w49,3.1994999797726598,3.302502171953028,-0.1030021921803681,FALSE,pm25,M7: AugSynth_FE Centro+Belisario,AugSynth_FE,2022-12-05
2022w50,3.112120351118907,3.1042755420530606,0.007844809065846281,FALSE,pm25,M7: AugSynth_FE Centro+Belisario,AugSynth_FE,2022-12-12
2022w51,3.229984380910578,3.1478854552710986,0.08209892563947951,FALSE,pm25,M7: AugSynth_FE Centro+Belisario,AugSynth_FE,2022-12-19
2022w52,3.147983986970739,3.052607436668924,0.09537655030181469,FALSE,pm25,M7: AugSynth_FE Centro+Belisario,AugSynth_FE,2022-12-26
2023w01,3.3468922015450815,3.3541014408035363,-0.007209239258454847,FALSE,pm25,M7: AugSynth_FE Centro+Belisario,AugSynth_FE,2023-01-02
2023w02,3.1291001608232945,2.9416334474152057,0.18746671340808874,FALSE,pm25,M7: AugSynth_FE Centro+Belisario,AugSynth_FE,2023-01-09
2023w03,3.050388435786725,3.113877667641817,-0.06348923185509214,FALSE,pm25,M7: AugSynth_FE Centro+Belisario,AugSynth_FE,2023-01-16
2023w04,2.9394681914492238,2.884333247194634,0.05513494425458987,FALSE,pm25,M7: AugSynth_FE Centro+Belisario,AugSynth_FE,2023-01-23
2023w05,3.13064136328531,3.1322311535930303,-0.001589790307720218,FALSE,pm25,M7: AugSynth_FE Centro+Belisario,AugSynth_FE,2023-01-30
2023w06,3.185563029015158,3.216820098279122,-0.03125706926396399,FALSE,pm25,M7: AugSynth_FE Centro+Belisario,AugSynth_FE,2023-02-06
2023w07,3.1911079794257278,3.002092848696195,0.1890151307295329,FALSE,pm25,M7: AugSynth_FE Centro+Belisario,AugSynth_FE,2023-02-13
2023w08,3.0305396200008508,3.164353530681385,-0.13381391068053405,FALSE,pm25,M7: AugSynth_FE Centro+Belisario,AugSynth_FE,2023-02-20
2023w09,3.160692646128724,3.1347466829832498,0.02594596314547415,FALSE,pm25,M7: AugSynth_FE Centro+Belisario,AugSynth_FE,2023-02-27
2023w10,2.9668290101735217,2.751940295632498,0.21488871454102387,FALSE,pm25,M7: AugSynth_FE Centro+Belisario,AugSynth_FE,2023-03-06
2023w11,3.039856708371599,3.1374737992993147,-0.09761709092771564,FALSE,pm25,M7: AugSynth_FE Centro+Belisario,AugSynth_FE,2023-03-13
2023w12,3.1322327078662155,2.9817953572563822,0.15043735060983332,FALSE,pm25,M7: AugSynth_FE Centro+Belisario,AugSynth_FE,2023-03-20
2023w13,3.272173117448564,3.1715045517604317,0.10066856568813254,FALSE,pm25,M7: AugSynth_FE Centro+Belisario,AugSynth_FE,2023-03-27
2023w14,3.165093646838458,2.864420541785746,0.30067310505271205,FALSE,pm25,M7: AugSynth_FE Centro+Belisario,AugSynth_FE,2023-04-03
2023w15,3.079302871338869,3.075765026495974,0.0035378448428948772,FALSE,pm25,M7: AugSynth_FE Centro+Belisario,AugSynth_FE,2023-04-10
2023w16,2.9650936471246148,2.9823451911671968,-0.017251544042582,FALSE,pm25,M7: AugSynth_FE Centro+Belisario,AugSynth_FE,2023-04-17
2023w17,3.200304378765089,2.9897317774996646,0.21057260126542454,FALSE,pm25,M7: AugSynth_FE Centro+Belisario,AugSynth_FE,2023-04-24
2023w18,2.2251185882585403,2.579452189630014,-0.35433360137147396,FALSE,pm25,M7: AugSynth_FE Centro+Belisario,AugSynth_FE,2023-05-01
2023w19,2.9657412799257346,3.1123352328478062,-0.14659395292207167,FALSE,pm25,M7: AugSynth_FE Centro+Belisario,AugSynth_FE,2023-05-08
2023w20,3.174808143079465,2.9330689566089125,0.24173918647055226,FALSE,pm25,M7: AugSynth_FE Centro+Belisario,AugSynth_FE,2023-05-15
2023w21,3.0757224116001534,2.946290256013926,0.12943215558622745,FALSE,pm25,M7: AugSynth_FE Centro+Belisario,AugSynth_FE,2023-05-22
2023w22,2.9818203408200583,3.0194927594832706,-0.03767241866321225,FALSE,pm25,M7: AugSynth_FE Centro+Belisario,AugSynth_FE,2023-05-29
2023w23,3.039797477161875,2.9340616363849357,0.10573584077693932,FALSE,pm25,M7: AugSynth_FE Centro+Belisario,AugSynth_FE,2023-06-05
2023w24,2.7092447552278074,2.717211745970734,-0.007966990742926505,FALSE,pm25,M7: AugSynth_FE Centro+Belisario,AugSynth_FE,2023-06-12
2023w25,2.398428065046648,2.7160258139327653,-0.31759774888611725,FALSE,pm25,M7: AugSynth_FE Centro+Belisario,AugSynth_FE,2023-06-19
2023w26,2.4940164081036302,2.786412575850372,-0.29239616774674193,FALSE,pm25,M7: AugSynth_FE Centro+Belisario,AugSynth_FE,2023-06-26
2023w27,3.0263834395481366,2.7579642578752006,0.268419181672936,FALSE,pm25,M7: AugSynth_FE Centro+Belisario,AugSynth_FE,2023-07-03
2023w28,2.7870443088118435,2.888069206643383,-0.10102489783153956,FALSE,pm25,M7: AugSynth_FE Centro+Belisario,AugSynth_FE,2023-07-10
2023w29,2.1004422618634035,2.4105702772324107,-0.31012801536900714,FALSE,pm25,M7: AugSynth_FE Centro+Belisario,AugSynth_FE,2023-07-17
2023w30,2.605585368387899,2.70560288003584,-0.10001751164794115,FALSE,pm25,M7: AugSynth_FE Centro+Belisario,AugSynth_FE,2023-07-24
2023w31,2.2062318252089552,2.412803725235052,-0.2065719000260966,FALSE,pm25,M7: AugSynth_FE Centro+Belisario,AugSynth_FE,2023-07-31
2023w32,2.1214805929703524,2.6587321306321146,-0.5372515376617621,FALSE,pm25,M7: AugSynth_FE Centro+Belisario,AugSynth_FE,2023-08-07
2023w33,3.2746877053697747,2.9859158265055648,0.28877187886420996,FALSE,pm25,M7: AugSynth_FE Centro+Belisario,AugSynth_FE,2023-08-14
2023w34,2.895591711209974,2.7686593106257997,0.12693240058417432,FALSE,pm25,M7: AugSynth_FE Centro+Belisario,AugSynth_FE,2023-08-21
2023w35,2.523974017190107,2.664405403424332,-0.14043138623422502,FALSE,pm25,M7: AugSynth_FE Centro+Belisario,AugSynth_FE,2023-08-28
2023w36,2.6277218644580342,2.806330507289152,-0.17860864283111777,FALSE,pm25,M7: AugSynth_FE Centro+Belisario,AugSynth_FE,2023-09-04
2023w37,2.7168571613936185,2.8544600814792602,-0.13760292008564168,FALSE,pm25,M7: AugSynth_FE Centro+Belisario,AugSynth_FE,2023-09-11
2023w38,2.620184658160719,2.8103150125929464,-0.19013035443222748,FALSE,pm25,M7: AugSynth_FE Centro+Belisario,AugSynth_FE,2023-09-18
2023w39,3.1703423611303787,2.962265932442071,0.20807642868830767,FALSE,pm25,M7: AugSynth_FE Centro+Belisario,AugSynth_FE,2023-09-25
2023w40,3.3430833617952063,3.0832566905268006,0.25982667126840564,FALSE,pm25,M7: AugSynth_FE Centro+Belisario,AugSynth_FE,2023-10-02
2023w41,2.9272621026079935,3.1826678406672633,-0.2554057380592698,FALSE,pm25,M7: AugSynth_FE Centro+Belisario,AugSynth_FE,2023-10-09
2023w42,2.8978780725016193,3.0134397624393485,-0.1155616899377292,FALSE,pm25,M7: AugSynth_FE Centro+Belisario,AugSynth_FE,2023-10-16
2023w43,2.8240598326856965,2.6972697741512333,0.12679005853446323,FALSE,pm25,M7: AugSynth_FE Centro+Belisario,AugSynth_FE,2023-10-23
2023w44,2.8695110664450354,2.909811092682813,-0.04030002623777751,FALSE,pm25,M7: AugSynth_FE Centro+Belisario,AugSynth_FE,2023-10-30
2023w45,2.7233943035916255,2.7149613422905103,0.00843296130111515,FALSE,pm25,M7: AugSynth_FE Centro+Belisario,AugSynth_FE,2023-11-06
2023w46,3.1213709472272426,2.807555609158623,0.3138153380686197,FALSE,pm25,M7: AugSynth_FE Centro+Belisario,AugSynth_FE,2023-11-13
2023w47,2.9207198909698446,2.569650015687689,0.3510698752821555,FALSE,pm25,M7: AugSynth_FE Centro+Belisario,AugSynth_FE,2023-11-20
2023w48,3.0145185050073104,3.055378176989786,-0.04085967198247564,FALSE,pm25,M7: AugSynth_FE Centro+Belisario,AugSynth_FE,2023-11-27
2023w49,3.05330848954593,2.969819278705986,0.08348921083994387,TRUE,pm25,M7: AugSynth_FE Centro+Belisario,AugSynth_FE,2023-12-04
2023w50,2.9207888150334895,2.9533403636006152,-0.03255154856712572,TRUE,pm25,M7: AugSynth_FE Centro+Belisario,AugSynth_FE,2023-12-11
2023w51,3.1253752031748094,3.101603257978392,0.023771945196417565,TRUE,pm25,M7: AugSynth_FE Centro+Belisario,AugSynth_FE,2023-12-18
2023w52,2.5375112595334586,3.520323506370132,-0.9828122468366733,TRUE,pm25,M7: AugSynth_FE Centro+Belisario,AugSynth_FE,2023-12-25
2024w01,3.6758588054052153,3.304162333039507,0.37169647236570835,TRUE,pm25,M7: AugSynth_FE Centro+Belisario,AugSynth_FE,2024-01-01
2024w02,2.9702951590583178,3.400926498249287,-0.4306313391909691,TRUE,pm25,M7: AugSynth_FE Centro+Belisario,AugSynth_FE,2024-01-08
2024w03,2.6027333735219624,3.0320828644372795,-0.42934949091531704,TRUE,pm25,M7: AugSynth_FE Centro+Belisario,AugSynth_FE,2024-01-15
2024w04,2.719924851102218,2.897532029150743,-0.17760717804852533,TRUE,pm25,M7: AugSynth_FE Centro+Belisario,AugSynth_FE,2024-01-22
2024w05,3.159426898050655,3.401968501606194,-0.242541603555539,TRUE,pm25,M7: AugSynth_FE Centro+Belisario,AugSynth_FE,2024-01-29
2024w06,3.094494172684949,3.015420981885155,0.07907319079979391,TRUE,pm25,M7: AugSynth_FE Centro+Belisario,AugSynth_FE,2024-02-05
2024w07,2.411982013953218,2.697449311504976,-0.2854672975517576,TRUE,pm25,M7: AugSynth_FE Centro+Belisario,AugSynth_FE,2024-02-12
2024w08,2.958496565890019,3.1163816145435805,-0.15788504865356146,TRUE,pm25,M7: AugSynth_FE Centro+Belisario,AugSynth_FE,2024-02-19
2024w09,3.2731907974899874,3.3267959516405736,-0.0536051541505862,TRUE,pm25,M7: AugSynth_FE Centro+Belisario,AugSynth_FE,2024-02-26
2024w10,3.1254811911447664,3.3424289029743415,-0.21694771182957506,TRUE,pm25,M7: AugSynth_FE Centro+Belisario,AugSynth_FE,2024-03-04
2024w11,2.9440649057524055,2.8275068814840614,0.11655802426834416,TRUE,pm25,M7: AugSynth_FE Centro+Belisario,AugSynth_FE,2024-03-11
2024w12,3.1697795137439373,3.3541468088228097,-0.1843672950788724,TRUE,pm25,M7: AugSynth_FE Centro+Belisario,AugSynth_FE,2024-03-18
2024w13,3.2745821916596114,3.127941376489766,0.1466408151698455,TRUE,pm25,M7: AugSynth_FE Centro+Belisario,AugSynth_FE,2024-03-25
2024w14,3.1915802048949242,3.0633678778058853,0.12821232708903896,TRUE,pm25,M7: AugSynth_FE Centro+Belisario,AugSynth_FE,2024-04-01
2024w15,3.1865459116608212,3.4153280897980713,-0.2287821781372501,TRUE,pm25,M7: AugSynth_FE Centro+Belisario,AugSynth_FE,2024-04-08
2024w16,3.1175281731455255,3.105624680185827,0.011903492959698614,TRUE,pm25,M7: AugSynth_FE Centro+Belisario,AugSynth_FE,2024-04-15
2024w17,3.1270595847087774,3.0126145444131534,0.11444504029562408,TRUE,pm25,M7: AugSynth_FE Centro+Belisario,AugSynth_FE,2024-04-22
2024w18,2.9460402019864804,2.8617448050959675,0.08429539689051291,TRUE,pm25,M7: AugSynth_FE Centro+Belisario,AugSynth_FE,2024-04-29
2024w19,3.1994518786228743,3.117336785994609,0.08211509262826544,TRUE,pm25,M7: AugSynth_FE Centro+Belisario,AugSynth_FE,2024-05-06
2024w20,3.1620510381711613,3.1450064335466417,0.01704460462451962,TRUE,pm25,M7: AugSynth_FE Centro+Belisario,AugSynth_FE,2024-05-13
2024w21,2.7225425976568838,2.78862399628565,-0.06608139862876605,TRUE,pm25,M7: AugSynth_FE Centro+Belisario,AugSynth_FE,2024-05-20
2024w22,2.9431705239020025,2.8767369225259833,0.06643360137601917,TRUE,pm25,M7: AugSynth_FE Centro+Belisario,AugSynth_FE,2024-05-27
2024w23,2.6998933582151192,2.6445037664185955,0.055389591796523696,TRUE,pm25,M7: AugSynth_FE Centro+Belisario,AugSynth_FE,2024-06-03
2024w24,2.8430992504967563,2.780208989609912,0.06289026088684446,TRUE,pm25,M7: AugSynth_FE Centro+Belisario,AugSynth_FE,2024-06-10
2024w25,3.040590163928645,2.9915359923249016,0.049054171603743146,TRUE,pm25,M7: AugSynth_FE Centro+Belisario,AugSynth_FE,2024-06-17
2024w26,2.695852377137469,2.8542872193217175,-0.1584348421842483,TRUE,pm25,M7: AugSynth_FE Centro+Belisario,AugSynth_FE,2024-06-24
2024w27,2.573072126504961,2.630793129200552,-0.05772100269559122,TRUE,pm25,M7: AugSynth_FE Centro+Belisario,AugSynth_FE,2024-07-01
2024w28,2.607835715689555,2.7925252577932116,-0.18468954210365673,TRUE,pm25,M7: AugSynth_FE Centro+Belisario,AugSynth_FE,2024-07-08
2024w29,1.983416911922867,2.6294049910893533,-0.6459880791664863,TRUE,pm25,M7: AugSynth_FE Centro+Belisario,AugSynth_FE,2024-07-15
2024w30,2.5131094700834833,2.842011096857533,-0.32890162677404966,TRUE,pm25,M7: AugSynth_FE Centro+Belisario,AugSynth_FE,2024-07-22
2024w31,2.3827642194522545,2.6966858032223255,-0.31392158377007107,TRUE,pm25,M7: AugSynth_FE Centro+Belisario,AugSynth_FE,2024-07-29
2024w32,3.0131823510483486,3.110748885235857,-0.09756653418750849,TRUE,pm25,M7: AugSynth_FE Centro+Belisario,AugSynth_FE,2024-08-05
2024w33,2.2600966366722153,2.7674463489434684,-0.5073497122712531,TRUE,pm25,M7: AugSynth_FE Centro+Belisario,AugSynth_FE,2024-08-12
2024w34,2.488450225181557,2.8730718847951353,-0.3846216596135785,TRUE,pm25,M7: AugSynth_FE Centro+Belisario,AugSynth_FE,2024-08-19
2024w35,2.636460986039105,2.878482608641667,-0.24202162260256177,TRUE,pm25,M7: AugSynth_FE Centro+Belisario,AugSynth_FE,2024-08-26
2024w36,3.0306481230440836,3.400970817096561,-0.37032269405247753,TRUE,pm25,M7: AugSynth_FE Centro+Belisario,AugSynth_FE,2024-09-02
2024w37,3.1213769180457085,3.1202954426164515,0.0010814754292569617,TRUE,pm25,M7: AugSynth_FE Centro+Belisario,AugSynth_FE,2024-09-09
2024w38,2.6402904229247817,3.147842614582064,-0.5075521916572825,TRUE,pm25,M7: AugSynth_FE Centro+Belisario,AugSynth_FE,2024-09-16
2024w39,3.0663421510110713,3.5515170477856017,-0.4851748967745304,TRUE,pm25,M7: AugSynth_FE Centro+Belisario,AugSynth_FE,2024-09-23
2024w40,3.150607455540576,-0.7272747636339938,3.8778822191745697,TRUE,pm25,M7: AugSynth_FE Centro+Belisario,AugSynth_FE,2024-09-30
2024w41,3.0580222725329955,2.646281294640972,0.41174097789202335,TRUE,pm25,M7: AugSynth_FE Centro+Belisario,AugSynth_FE,2024-10-07
2024w42,2.7584664777142818,1.394366981848585,1.3640994958656967,TRUE,pm25,M7: AugSynth_FE Centro+Belisario,AugSynth_FE,2024-10-14
2024w43,3.3194309642838125,2.01170548290749,1.3077254813763224,TRUE,pm25,M7: AugSynth_FE Centro+Belisario,AugSynth_FE,2024-10-21
2024w44,2.869974954964735,2.0559605991325016,0.8140143558322332,TRUE,pm25,M7: AugSynth_FE Centro+Belisario,AugSynth_FE,2024-10-28
2024w45,3.106206316185787,2.87834247829615,0.22786383788963693,TRUE,pm25,M7: AugSynth_FE Centro+Belisario,AugSynth_FE,2024-11-04
2024w46,3.4815622858074757,3.573097847047988,-0.09153556124051221,TRUE,pm25,M7: AugSynth_FE Centro+Belisario,AugSynth_FE,2024-11-11
2024w47,3.3711608890045177,3.3850684668249746,-0.013907577820456929,TRUE,pm25,M7: AugSynth_FE Centro+Belisario,AugSynth_FE,2024-11-18
2024w48,3.3489997500894355,3.1636571685858095,0.18534258150362604,TRUE,pm25,M7: AugSynth_FE Centro+Belisario,AugSynth_FE,2024-11-25
2024w49,2.889026342293908,2.931000306832685,-0.04197396453877689,TRUE,pm25,M7: AugSynth_FE Centro+Belisario,AugSynth_FE,2024-12-02
2024w50,2.9346403476499088,2.80152308082366,0.13311726682624858,TRUE,pm25,M7: AugSynth_FE Centro+Belisario,AugSynth_FE,2024-12-09
2024w51,3.0877894436931603,2.904340814276974,0.18344862941618612,TRUE,pm25,M7: AugSynth_FE Centro+Belisario,AugSynth_FE,2024-12-16
2024w52,2.9763885923378464,3.1078791912124553,-0.1314905988746089,TRUE,pm25,M7: AugSynth_FE Centro+Belisario,AugSynth_FE,2024-12-23
2025w01,2.404740401264495,2.54542423286439,-0.14068383159989528,TRUE,pm25,M7: AugSynth_FE Centro+Belisario,AugSynth_FE,2024-12-30
2025w02,3.1159178809196533,2.19856610756206,0.9173517733575931,TRUE,pm25,M7: AugSynth_FE Centro+Belisario,AugSynth_FE,2025-01-06
2025w10,2.6343558131857954,2.705487230523506,-0.07113141733771045,TRUE,pm25,M7: AugSynth_FE Centro+Belisario,AugSynth_FE,2025-03-03
2025w11,3.1402582121410427,2.9370970051357705,0.20316120700527218,TRUE,pm25,M7: AugSynth_FE Centro+Belisario,AugSynth_FE,2025-03-10
2025w12,3.0959045117286865,2.9369495756344386,0.15895493609424793,TRUE,pm25,M7: AugSynth_FE Centro+Belisario,AugSynth_FE,2025-03-17
2025w13,2.9453295638245285,3.0953405591109884,-0.1500109952864599,TRUE,pm25,M7: AugSynth_FE Centro+Belisario,AugSynth_FE,2025-03-24
2025w14,2.9907737779495207,3.1668951688555618,-0.17612139090604106,TRUE,pm25,M7: AugSynth_FE Centro+Belisario,AugSynth_FE,2025-03-31
2022w48,2.835416797022651,3.0229418738270706,-0.18752507680441965,FALSE,pm25,M8: AugSynth_FE Centro (Bel. dropped),AugSynth_FE,2022-11-28
2022w49,3.253354543284443,3.3097044667266715,-0.056349923442228445,FALSE,pm25,M8: AugSynth_FE Centro (Bel. dropped),AugSynth_FE,2022-12-05
2022w50,3.0495257731553824,3.1256334234505165,-0.07610765029513411,FALSE,pm25,M8: AugSynth_FE Centro (Bel. dropped),AugSynth_FE,2022-12-12
2022w51,3.2323578656808207,3.1657593655786678,0.06659850010215296,FALSE,pm25,M8: AugSynth_FE Centro (Bel. dropped),AugSynth_FE,2022-12-19
2022w52,3.1950201952431767,3.0619558098117006,0.13306438543147614,FALSE,pm25,M8: AugSynth_FE Centro (Bel. dropped),AugSynth_FE,2022-12-26
2023w01,3.356734507918482,3.3714180512654237,-0.014683543346941885,FALSE,pm25,M8: AugSynth_FE Centro (Bel. dropped),AugSynth_FE,2023-01-02
2023w02,3.1086888658334453,2.953462475819809,0.15522639001363636,FALSE,pm25,M8: AugSynth_FE Centro (Bel. dropped),AugSynth_FE,2023-01-09
2023w03,3.0153714888063394,3.1124154880384416,-0.09704399923210216,FALSE,pm25,M8: AugSynth_FE Centro (Bel. dropped),AugSynth_FE,2023-01-16
2023w04,3.0343758971461954,2.9151587705400903,0.11921712660610506,FALSE,pm25,M8: AugSynth_FE Centro (Bel. dropped),AugSynth_FE,2023-01-23
2023w05,3.1577519117599446,3.137224004191654,0.020527907568290704,FALSE,pm25,M8: AugSynth_FE Centro (Bel. dropped),AugSynth_FE,2023-01-30
2023w06,3.1629472427104504,3.2325393208998072,-0.06959207818935687,FALSE,pm25,M8: AugSynth_FE Centro (Bel. dropped),AugSynth_FE,2023-02-06
2023w07,3.0882202929891425,3.0105001171700776,0.07772017581906487,FALSE,pm25,M8: AugSynth_FE Centro (Bel. dropped),AugSynth_FE,2023-02-13
2023w08,3.0168901911795163,3.156608663149901,-0.13971847197038478,FALSE,pm25,M8: AugSynth_FE Centro (Bel. dropped),AugSynth_FE,2023-02-20
2023w09,3.101103789151318,3.1738865006118604,-0.0727827114605426,FALSE,pm25,M8: AugSynth_FE Centro (Bel. dropped),AugSynth_FE,2023-02-27
2023w10,2.8891673291592825,2.7612142790489727,0.12795305011030988,FALSE,pm25,M8: AugSynth_FE Centro (Bel. dropped),AugSynth_FE,2023-03-06
2023w11,2.9561803055418765,3.132425814348118,-0.17624550880624135,FALSE,pm25,M8: AugSynth_FE Centro (Bel. dropped),AugSynth_FE,2023-03-13
2023w12,3.03517732051692,2.9961858846315867,0.03899143588533338,FALSE,pm25,M8: AugSynth_FE Centro (Bel. dropped),AugSynth_FE,2023-03-20
2023w13,3.2671134554666885,3.1802476207262322,0.08686583474045628,FALSE,pm25,M8: AugSynth_FE Centro (Bel. dropped),AugSynth_FE,2023-03-27
2023w14,3.2276505474729555,2.8723954911082434,0.3552550563647121,FALSE,pm25,M8: AugSynth_FE Centro (Bel. dropped),AugSynth_FE,2023-04-03
2023w15,3.197965384173289,3.0931236648347307,0.10484171933855846,FALSE,pm25,M8: AugSynth_FE Centro (Bel. dropped),AugSynth_FE,2023-04-10
2023w16,2.8951381583182885,2.986890910107713,-0.09175275178942455,FALSE,pm25,M8: AugSynth_FE Centro (Bel. dropped),AugSynth_FE,2023-04-17
2023w17,3.2569163546995434,3.022069615071698,0.2348467396278453,FALSE,pm25,M8: AugSynth_FE Centro (Bel. dropped),AugSynth_FE,2023-04-24
2023w18,2.220796417561038,2.6276687726594727,-0.40687235509843456,FALSE,pm25,M8: AugSynth_FE Centro (Bel. dropped),AugSynth_FE,2023-05-01
2023w19,2.999275987177356,3.115853298874248,-0.11657731169689178,FALSE,pm25,M8: AugSynth_FE Centro (Bel. dropped),AugSynth_FE,2023-05-08
2023w20,3.1394718020809327,2.9651386976313305,0.17433310444960215,FALSE,pm25,M8: AugSynth_FE Centro (Bel. dropped),AugSynth_FE,2023-05-15
2023w21,3.0601145324832593,2.953588273019726,0.10652625946353345,FALSE,pm25,M8: AugSynth_FE Centro (Bel. dropped),AugSynth_FE,2023-05-22
2023w22,3.022487797529168,3.0255315951398036,-0.003043797610635668,FALSE,pm25,M8: AugSynth_FE Centro (Bel. dropped),AugSynth_FE,2023-05-29
2023w23,3.129505303648495,2.949969230218881,0.17953607342961408,FALSE,pm25,M8: AugSynth_FE Centro (Bel. dropped),AugSynth_FE,2023-06-05
2023w24,2.7504283175697677,2.7637222497555856,-0.01329393218581787,FALSE,pm25,M8: AugSynth_FE Centro (Bel. dropped),AugSynth_FE,2023-06-12
2023w25,2.474631821846902,2.734137022301401,-0.2595052004544991,FALSE,pm25,M8: AugSynth_FE Centro (Bel. dropped),AugSynth_FE,2023-06-19
2023w26,2.4923510932513016,2.8084169145564015,-0.31606582130509997,FALSE,pm25,M8: AugSynth_FE Centro (Bel. dropped),AugSynth_FE,2023-06-26
2023w27,3.0627676748901496,2.7854329682802224,0.2773347066099272,FALSE,pm25,M8: AugSynth_FE Centro (Bel. dropped),AugSynth_FE,2023-07-03
2023w28,2.7767259852852586,2.892306475435532,-0.11558049015027327,FALSE,pm25,M8: AugSynth_FE Centro (Bel. dropped),AugSynth_FE,2023-07-10
2023w29,2.051256378896812,2.4376732431222026,-0.38641686422539046,FALSE,pm25,M8: AugSynth_FE Centro (Bel. dropped),AugSynth_FE,2023-07-17
2023w30,2.695842657994465,2.744155343237602,-0.04831268524313703,FALSE,pm25,M8: AugSynth_FE Centro (Bel. dropped),AugSynth_FE,2023-07-24
2023w31,2.205582147937369,2.4284099085344644,-0.2228277605970952,FALSE,pm25,M8: AugSynth_FE Centro (Bel. dropped),AugSynth_FE,2023-07-31
2023w32,2.123578037167921,2.668285033128186,-0.5447069959602651,FALSE,pm25,M8: AugSynth_FE Centro (Bel. dropped),AugSynth_FE,2023-08-07
2023w33,3.3666519445758274,2.984074251145642,0.3825776934301852,FALSE,pm25,M8: AugSynth_FE Centro (Bel. dropped),AugSynth_FE,2023-08-14
2023w34,3.117241690951188,2.784608169962706,0.3326335209884821,FALSE,pm25,M8: AugSynth_FE Centro (Bel. dropped),AugSynth_FE,2023-08-21
2023w35,2.4898941912990393,2.7203880242026073,-0.23049383290356795,FALSE,pm25,M8: AugSynth_FE Centro (Bel. dropped),AugSynth_FE,2023-08-28
2023w36,2.597751587155453,2.84174801063982,-0.24399642348436723,FALSE,pm25,M8: AugSynth_FE Centro (Bel. dropped),AugSynth_FE,2023-09-04
2023w37,2.738299164264908,2.904640047242051,-0.1663408829771429,FALSE,pm25,M8: AugSynth_FE Centro (Bel. dropped),AugSynth_FE,2023-09-11
2023w38,2.6260926984152593,2.8545005699113992,-0.22840787149613995,FALSE,pm25,M8: AugSynth_FE Centro (Bel. dropped),AugSynth_FE,2023-09-18
2023w39,3.310019762166744,3.027150834848251,0.2828689273184928,FALSE,pm25,M8: AugSynth_FE Centro (Bel. dropped),AugSynth_FE,2023-09-25
2023w40,3.3972674473540714,3.1177119235071045,0.2795555238469669,FALSE,pm25,M8: AugSynth_FE Centro (Bel. dropped),AugSynth_FE,2023-10-02
2023w41,3.0284737081095146,3.209215583249278,-0.18074187513976359,FALSE,pm25,M8: AugSynth_FE Centro (Bel. dropped),AugSynth_FE,2023-10-09
2023w42,2.9128939952449864,3.0592710405902506,-0.1463770453452642,FALSE,pm25,M8: AugSynth_FE Centro (Bel. dropped),AugSynth_FE,2023-10-16
2023w43,2.9864392266423985,2.7315018631064127,0.25493736353598573,FALSE,pm25,M8: AugSynth_FE Centro (Bel. dropped),AugSynth_FE,2023-10-23
2023w44,3.067820349948245,2.918260183671467,0.14956016627677782,FALSE,pm25,M8: AugSynth_FE Centro (Bel. dropped),AugSynth_FE,2023-10-30
2023w45,2.756099350046923,2.7772297791403346,-0.021130429093411784,FALSE,pm25,M8: AugSynth_FE Centro (Bel. dropped),AugSynth_FE,2023-11-06
2023w46,3.2555291425162363,2.8569295209432375,0.3985996215729988,FALSE,pm25,M8: AugSynth_FE Centro (Bel. dropped),AugSynth_FE,2023-11-13
2023w47,2.899459964384946,2.6005438166197594,0.2989161477651865,FALSE,pm25,M8: AugSynth_FE Centro (Bel. dropped),AugSynth_FE,2023-11-20
2023w48,3.1118249925408445,3.117819132532563,-0.0059941399917184945,FALSE,pm25,M8: AugSynth_FE Centro (Bel. dropped),AugSynth_FE,2023-11-27
2023w49,3.1087037522131524,3.0314186136853043,0.07728513852784813,TRUE,pm25,M8: AugSynth_FE Centro (Bel. dropped),AugSynth_FE,2023-12-04
2023w50,2.9413288846746046,3.0214188432804203,-0.08008995860581569,TRUE,pm25,M8: AugSynth_FE Centro (Bel. dropped),AugSynth_FE,2023-12-11
2023w51,3.202299188463399,3.110173720543022,0.0921254679203769,TRUE,pm25,M8: AugSynth_FE Centro (Bel. dropped),AugSynth_FE,2023-12-18
2023w52,2.7063376243683477,3.470172570449742,-0.7638349460813942,TRUE,pm25,M8: AugSynth_FE Centro (Bel. dropped),AugSynth_FE,2023-12-25
2024w01,3.7755310441657852,3.2675451393595054,0.5079859048062798,TRUE,pm25,M8: AugSynth_FE Centro (Bel. dropped),AugSynth_FE,2024-01-01
2024w02,3.1376946916563657,3.398951427909516,-0.2612567362531504,TRUE,pm25,M8: AugSynth_FE Centro (Bel. dropped),AugSynth_FE,2024-01-08
2024w03,2.740904537973157,3.020677679965567,-0.2797731419924099,TRUE,pm25,M8: AugSynth_FE Centro (Bel. dropped),AugSynth_FE,2024-01-15
2024w04,2.70375208854707,2.9401298645519782,-0.2363777760049084,TRUE,pm25,M8: AugSynth_FE Centro (Bel. dropped),AugSynth_FE,2024-01-22
2024w05,3.1446406651393026,3.407321733717611,-0.26268106857830853,TRUE,pm25,M8: AugSynth_FE Centro (Bel. dropped),AugSynth_FE,2024-01-29
2024w06,3.1112460697663313,3.0718352415664816,0.03941082819984976,TRUE,pm25,M8: AugSynth_FE Centro (Bel. dropped),AugSynth_FE,2024-02-05
2024w07,2.360508029326997,2.7374939113247216,-0.37698588199772454,TRUE,pm25,M8: AugSynth_FE Centro (Bel. dropped),AugSynth_FE,2024-02-12
2024w08,2.8869399500481516,3.113047128460718,-0.22610717841256633,TRUE,pm25,M8: AugSynth_FE Centro (Bel. dropped),AugSynth_FE,2024-02-19
2024w09,3.3126697041545614,3.3310628031705045,-0.018393099015943104,TRUE,pm25,M8: AugSynth_FE Centro (Bel. dropped),AugSynth_FE,2024-02-26
2024w10,3.1107113818776404,3.357572575304867,-0.24686119342722668,TRUE,pm25,M8: AugSynth_FE Centro (Bel. dropped),AugSynth_FE,2024-03-04
2024w11,2.8416093711187154,2.869951226274457,-0.028341855155741502,TRUE,pm25,M8: AugSynth_FE Centro (Bel. dropped),AugSynth_FE,2024-03-11
2024w12,3.1519950071389364,3.355914723364301,-0.20391971622536476,TRUE,pm25,M8: AugSynth_FE Centro (Bel. dropped),AugSynth_FE,2024-03-18
2024w13,3.3465534509170576,3.1097672499121947,0.23678620100486292,TRUE,pm25,M8: AugSynth_FE Centro (Bel. dropped),AugSynth_FE,2024-03-25
2024w14,3.2816127240591437,3.050730410142034,0.2308823139171099,TRUE,pm25,M8: AugSynth_FE Centro (Bel. dropped),AugSynth_FE,2024-04-01
2024w15,3.1969982463488833,3.4394984942274847,-0.24250024787860136,TRUE,pm25,M8: AugSynth_FE Centro (Bel. dropped),AugSynth_FE,2024-04-08
2024w16,2.9639233583726483,3.1214520629784044,-0.15752870460575608,TRUE,pm25,M8: AugSynth_FE Centro (Bel. dropped),AugSynth_FE,2024-04-15
2024w17,3.103779177637125,3.0726866530418615,0.03109252459526335,TRUE,pm25,M8: AugSynth_FE Centro (Bel. dropped),AugSynth_FE,2024-04-22
2024w18,2.827195271730653,2.908900759408422,-0.08170548767776875,TRUE,pm25,M8: AugSynth_FE Centro (Bel. dropped),AugSynth_FE,2024-04-29
2024w19,3.183179560209927,3.1535091178722263,0.029670442337700553,TRUE,pm25,M8: AugSynth_FE Centro (Bel. dropped),AugSynth_FE,2024-05-06
2024w20,3.0735725576723274,3.1877117370583026,-0.11413917938597518,TRUE,pm25,M8: AugSynth_FE Centro (Bel. dropped),AugSynth_FE,2024-05-13
2024w21,2.7826834321087413,2.81520101714368,-0.03251758503493862,TRUE,pm25,M8: AugSynth_FE Centro (Bel. dropped),AugSynth_FE,2024-05-20
2024w22,2.8904087942473478,2.8917312673691176,-0.0013224731217698071,TRUE,pm25,M8: AugSynth_FE Centro (Bel. dropped),AugSynth_FE,2024-05-27
2024w23,2.651597420597432,2.6622491780660145,-0.010651757468582268,TRUE,pm25,M8: AugSynth_FE Centro (Bel. dropped),AugSynth_FE,2024-06-03
2024w24,2.715356776284648,2.7961696144718644,-0.08081283818721641,TRUE,pm25,M8: AugSynth_FE Centro (Bel. dropped),AugSynth_FE,2024-06-10
2024w25,3.043394818072299,3.012539921044223,0.030854897028075978,TRUE,pm25,M8: AugSynth_FE Centro (Bel. dropped),AugSynth_FE,2024-06-17
2024w26,2.5192141375789854,2.881813254623056,-0.3625991170440708,TRUE,pm25,M8: AugSynth_FE Centro (Bel. dropped),AugSynth_FE,2024-06-24
2024w27,2.481512005608789,2.6659967516645495,-0.1844847460557606,TRUE,pm25,M8: AugSynth_FE Centro (Bel. dropped),AugSynth_FE,2024-07-01
2024w28,2.4770704714275897,2.8280465078427497,-0.35097603641515995,TRUE,pm25,M8: AugSynth_FE Centro (Bel. dropped),AugSynth_FE,2024-07-08
2024w29,1.7310654005557986,2.667093221033621,-0.9360278204778225,TRUE,pm25,M8: AugSynth_FE Centro (Bel. dropped),AugSynth_FE,2024-07-15
2024w30,2.4034555433790072,2.868219118197614,-0.464763574818607,TRUE,pm25,M8: AugSynth_FE Centro (Bel. dropped),AugSynth_FE,2024-07-22
2024w31,2.2993799620450974,2.702385354909951,-0.4030053928648534,TRUE,pm25,M8: AugSynth_FE Centro (Bel. dropped),AugSynth_FE,2024-07-29
2024w32,2.8921756853956904,3.1278693263045403,-0.23569364090884992,TRUE,pm25,M8: AugSynth_FE Centro (Bel. dropped),AugSynth_FE,2024-08-05
2024w33,2.0959216620937857,2.800309892558471,-0.7043882304646853,TRUE,pm25,M8: AugSynth_FE Centro (Bel. dropped),AugSynth_FE,2024-08-12
2024w34,2.26771755766497,2.9163381403449855,-0.6486205826800155,TRUE,pm25,M8: AugSynth_FE Centro (Bel. dropped),AugSynth_FE,2024-08-19
2024w35,2.622806957013608,2.8909403992127918,-0.26813344219918367,TRUE,pm25,M8: AugSynth_FE Centro (Bel. dropped),AugSynth_FE,2024-08-26
2024w36,2.8390394763938507,3.4384179262591266,-0.5993784498652759,TRUE,pm25,M8: AugSynth_FE Centro (Bel. dropped),AugSynth_FE,2024-09-02
2024w37,2.5970689805647544,3.1595493285150202,-0.5624803479502658,TRUE,pm25,M8: AugSynth_FE Centro (Bel. dropped),AugSynth_FE,2024-09-09
2024w38,2.5176427077248253,3.1694088558560094,-0.651766148131184,TRUE,pm25,M8: AugSynth_FE Centro (Bel. dropped),AugSynth_FE,2024-09-16
2024w39,2.7892973113967687,3.559483040840782,-0.7701857294440133,TRUE,pm25,M8: AugSynth_FE Centro (Bel. dropped),AugSynth_FE,2024-09-23
2024w40,3.036578267786251,-0.4217746369988382,3.458352904785089,TRUE,pm25,M8: AugSynth_FE Centro (Bel. dropped),AugSynth_FE,2024-09-30
2024w41,2.9121876078436464,2.697594960410687,0.21459264743295936,TRUE,pm25,M8: AugSynth_FE Centro (Bel. dropped),AugSynth_FE,2024-10-07
2024w42,2.4676757128596383,1.5692793516410324,0.8983963612186059,TRUE,pm25,M8: AugSynth_FE Centro (Bel. dropped),AugSynth_FE,2024-10-14
2024w43,3.1630106920268055,2.1210263753599734,1.0419843166668321,TRUE,pm25,M8: AugSynth_FE Centro (Bel. dropped),AugSynth_FE,2024-10-21
2024w44,2.6764219256440334,2.1709534581048473,0.5054684675391861,TRUE,pm25,M8: AugSynth_FE Centro (Bel. dropped),AugSynth_FE,2024-10-28
2024w45,3.1048855874505135,2.9297660704348782,0.17511951701563522,TRUE,pm25,M8: AugSynth_FE Centro (Bel. dropped),AugSynth_FE,2024-11-04
2024w46,3.650251232069794,3.6500156930845353,2.3553898525863204e-4,TRUE,pm25,M8: AugSynth_FE Centro (Bel. dropped),AugSynth_FE,2024-11-11
2024w47,3.224102143839782,3.420079250197435,-0.19597710635765297,TRUE,pm25,M8: AugSynth_FE Centro (Bel. dropped),AugSynth_FE,2024-11-18
2024w48,3.08922261664133,3.2268904346386638,-0.13766781799733385,TRUE,pm25,M8: AugSynth_FE Centro (Bel. dropped),AugSynth_FE,2024-11-25
2024w49,2.7899578353852585,2.956842592681712,-0.16688475729645358,TRUE,pm25,M8: AugSynth_FE Centro (Bel. dropped),AugSynth_FE,2024-12-02
2024w50,2.798459502306824,2.843582805401886,-0.045123303095062184,TRUE,pm25,M8: AugSynth_FE Centro (Bel. dropped),AugSynth_FE,2024-12-09
2024w51,2.988620377198178,2.9489641599379444,0.03965621726023372,TRUE,pm25,M8: AugSynth_FE Centro (Bel. dropped),AugSynth_FE,2024-12-16
2024w52,2.9191391647224703,3.0939018856760097,-0.1747627209535394,TRUE,pm25,M8: AugSynth_FE Centro (Bel. dropped),AugSynth_FE,2024-12-23
2025w01,2.3715201850340195,2.517280301000474,-0.14576011596645433,TRUE,pm25,M8: AugSynth_FE Centro (Bel. dropped),AugSynth_FE,2024-12-30
2025w02,2.991623845509448,2.2511193144521604,0.7405045310572875,TRUE,pm25,M8: AugSynth_FE Centro (Bel. dropped),AugSynth_FE,2025-01-06
2025w10,2.5309947539807554,2.6973025757572384,-0.16630782177648307,TRUE,pm25,M8: AugSynth_FE Centro (Bel. dropped),AugSynth_FE,2025-03-03
2025w11,3.1402798479526415,2.9427952651055334,0.19748458284710813,TRUE,pm25,M8: AugSynth_FE Centro (Bel. dropped),AugSynth_FE,2025-03-10
2025w12,3.0402275134405423,2.982541099523863,0.0576864139166795,TRUE,pm25,M8: AugSynth_FE Centro (Bel. dropped),AugSynth_FE,2025-03-17
2025w13,2.8171636656293435,3.0984124410538767,-0.2812487754245332,TRUE,pm25,M8: AugSynth_FE Centro (Bel. dropped),AugSynth_FE,2025-03-24
2025w14,2.8798349588078187,3.172517052176334,-0.29268209336851525,TRUE,pm25,M8: AugSynth_FE Centro (Bel. dropped),AugSynth_FE,2025-03-31
2022w48,2.835416797022651,3.0330751969761005,-0.19765839995344958,FALSE,pm25,M8b: AugSynth_FE Centro (Bel. in pool),AugSynth_FE,2022-11-28
2022w49,3.253354543284443,3.177426883984297,0.07592765930014611,FALSE,pm25,M8b: AugSynth_FE Centro (Bel. in pool),AugSynth_FE,2022-12-05
2022w50,3.0495257731553824,3.180037728713641,-0.13051195555825856,FALSE,pm25,M8b: AugSynth_FE Centro (Bel. in pool),AugSynth_FE,2022-12-12
2022w51,3.2323578656808207,3.234522410030539,-0.002164544349718245,FALSE,pm25,M8b: AugSynth_FE Centro (Bel. in pool),AugSynth_FE,2022-12-19
2022w52,3.1950201952431767,3.1004179082115195,0.09460228703165718,FALSE,pm25,M8b: AugSynth_FE Centro (Bel. in pool),AugSynth_FE,2022-12-26
2023w01,3.356734507918482,3.3537418949667237,0.0029926129517581224,FALSE,pm25,M8b: AugSynth_FE Centro (Bel. in pool),AugSynth_FE,2023-01-02
2023w02,3.1086888658334453,3.129786698331713,-0.0210978324982678,FALSE,pm25,M8b: AugSynth_FE Centro (Bel. in pool),AugSynth_FE,2023-01-09
2023w03,3.0153714888063394,3.0833259729521205,-0.06795448414578109,FALSE,pm25,M8b: AugSynth_FE Centro (Bel. in pool),AugSynth_FE,2023-01-16
2023w04,3.0343758971461954,2.8928233393086824,0.14155255783751297,FALSE,pm25,M8b: AugSynth_FE Centro (Bel. in pool),AugSynth_FE,2023-01-23
2023w05,3.1577519117599446,3.110321182201612,0.04743072955833272,FALSE,pm25,M8b: AugSynth_FE Centro (Bel. in pool),AugSynth_FE,2023-01-30
2023w06,3.1629472427104504,3.229221715578997,-0.06627447286854649,FALSE,pm25,M8b: AugSynth_FE Centro (Bel. in pool),AugSynth_FE,2023-02-06
2023w07,3.0882202929891425,3.2489742254107123,-0.16075393242156988,FALSE,pm25,M8b: AugSynth_FE Centro (Bel. in pool),AugSynth_FE,2023-02-13
2023w08,3.0168901911795163,3.0658891913354087,-0.048999000155892425,FALSE,pm25,M8b: AugSynth_FE Centro (Bel. in pool),AugSynth_FE,2023-02-20
2023w09,3.101103789151318,3.2638824354764093,-0.16277864632509154,FALSE,pm25,M8b: AugSynth_FE Centro (Bel. in pool),AugSynth_FE,2023-02-27
2023w10,2.8891673291592825,3.008543139809871,-0.11937581065058867,FALSE,pm25,M8b: AugSynth_FE Centro (Bel. in pool),AugSynth_FE,2023-03-06
2023w11,2.9561803055418765,3.1289651140416845,-0.17278480849980804,FALSE,pm25,M8b: AugSynth_FE Centro (Bel. in pool),AugSynth_FE,2023-03-13
2023w12,3.03517732051692,3.224916518915321,-0.1897391983984007,FALSE,pm25,M8b: AugSynth_FE Centro (Bel. in pool),AugSynth_FE,2023-03-20
2023w13,3.2671134554666885,3.2817553596591367,-0.014641904192448152,FALSE,pm25,M8b: AugSynth_FE Centro (Bel. in pool),AugSynth_FE,2023-03-27
2023w14,3.2276505474729555,3.079953926597252,0.14769662087570357,FALSE,pm25,M8b: AugSynth_FE Centro (Bel. in pool),AugSynth_FE,2023-04-03
2023w15,3.197965384173289,2.9996235548383745,0.19834182933491462,FALSE,pm25,M8b: AugSynth_FE Centro (Bel. in pool),AugSynth_FE,2023-04-10
2023w16,2.8951381583182885,3.039895595545317,-0.1447574372270286,FALSE,pm25,M8b: AugSynth_FE Centro (Bel. in pool),AugSynth_FE,2023-04-17
2023w17,3.2569163546995434,3.171951211447966,0.08496514325157722,FALSE,pm25,M8b: AugSynth_FE Centro (Bel. in pool),AugSynth_FE,2023-04-24
2023w18,2.220796417561038,2.351453089386138,-0.13065667182509966,FALSE,pm25,M8b: AugSynth_FE Centro (Bel. in pool),AugSynth_FE,2023-05-01
2023w19,2.999275987177356,2.9743305718076654,0.02494541536969086,FALSE,pm25,M8b: AugSynth_FE Centro (Bel. in pool),AugSynth_FE,2023-05-08
2023w20,3.1394718020809327,3.2280682962029967,-0.08859649412206405,FALSE,pm25,M8b: AugSynth_FE Centro (Bel. in pool),AugSynth_FE,2023-05-15
2023w21,3.0601145324832593,3.0848103804229794,-0.024695847939720128,FALSE,pm25,M8b: AugSynth_FE Centro (Bel. in pool),AugSynth_FE,2023-05-22
2023w22,3.022487797529168,2.9773241687595635,0.04516362876960445,FALSE,pm25,M8b: AugSynth_FE Centro (Bel. in pool),AugSynth_FE,2023-05-29
2023w23,3.129505303648495,2.982881631927701,0.14662367172079405,FALSE,pm25,M8b: AugSynth_FE Centro (Bel. in pool),AugSynth_FE,2023-06-05
2023w24,2.7504283175697677,2.7480445691500304,0.0023837484197373193,FALSE,pm25,M8b: AugSynth_FE Centro (Bel. in pool),AugSynth_FE,2023-06-12
2023w25,2.474631821846902,2.431992051821012,0.042639770025890034,FALSE,pm25,M8b: AugSynth_FE Centro (Bel. in pool),AugSynth_FE,2023-06-19
2023w26,2.4923510932513016,2.594180418209097,-0.10182932495779529,FALSE,pm25,M8b: AugSynth_FE Centro (Bel. in pool),AugSynth_FE,2023-06-26
2023w27,3.0627676748901496,3.005992799712425,0.05677487517772439,FALSE,pm25,M8b: AugSynth_FE Centro (Bel. in pool),AugSynth_FE,2023-07-03
2023w28,2.7767259852852586,2.837509195320375,-0.06078321003511622,FALSE,pm25,M8b: AugSynth_FE Centro (Bel. in pool),AugSynth_FE,2023-07-10
2023w29,2.051256378896812,2.254718063526781,-0.20346168462996905,FALSE,pm25,M8b: AugSynth_FE Centro (Bel. in pool),AugSynth_FE,2023-07-17
2023w30,2.695842657994465,2.6102838535654405,0.08555880442902453,FALSE,pm25,M8b: AugSynth_FE Centro (Bel. in pool),AugSynth_FE,2023-07-24
2023w31,2.205582147937369,2.293703572487912,-0.08812142455054284,FALSE,pm25,M8b: AugSynth_FE Centro (Bel. in pool),AugSynth_FE,2023-07-31
2023w32,2.123578037167921,2.2541843124073973,-0.13060627523947632,FALSE,pm25,M8b: AugSynth_FE Centro (Bel. in pool),AugSynth_FE,2023-08-07
2023w33,3.3666519445758274,3.1765164891076516,0.19013545546817578,FALSE,pm25,M8b: AugSynth_FE Centro (Bel. in pool),AugSynth_FE,2023-08-14
2023w34,3.117241690951188,2.7277144124155366,0.3895272785356516,FALSE,pm25,M8b: AugSynth_FE Centro (Bel. in pool),AugSynth_FE,2023-08-21
2023w35,2.4898941912990393,2.6662302360115753,-0.17633604471253594,FALSE,pm25,M8b: AugSynth_FE Centro (Bel. in pool),AugSynth_FE,2023-08-28
2023w36,2.597751587155453,2.7583695217323068,-0.16061793457685392,FALSE,pm25,M8b: AugSynth_FE Centro (Bel. in pool),AugSynth_FE,2023-09-04
2023w37,2.738299164264908,2.825893989461124,-0.08759482519621598,FALSE,pm25,M8b: AugSynth_FE Centro (Bel. in pool),AugSynth_FE,2023-09-11
2023w38,2.6260926984152593,2.734294751454258,-0.10820205303899888,FALSE,pm25,M8b: AugSynth_FE Centro (Bel. in pool),AugSynth_FE,2023-09-18
2023w39,3.310019762166744,3.155810684621965,0.15420907754477886,FALSE,pm25,M8b: AugSynth_FE Centro (Bel. in pool),AugSynth_FE,2023-09-25
2023w40,3.3972674473540714,3.31778808914578,0.07947935820829155,FALSE,pm25,M8b: AugSynth_FE Centro (Bel. in pool),AugSynth_FE,2023-10-02
2023w41,3.0284737081095146,2.942536073714001,0.08593763439551338,FALSE,pm25,M8b: AugSynth_FE Centro (Bel. in pool),AugSynth_FE,2023-10-09
2023w42,2.9128939952449864,2.985123402947209,-0.07222940770222275,FALSE,pm25,M8b: AugSynth_FE Centro (Bel. in pool),AugSynth_FE,2023-10-16
2023w43,2.9864392266423985,2.726934786047085,0.2595044405953133,FALSE,pm25,M8b: AugSynth_FE Centro (Bel. in pool),AugSynth_FE,2023-10-23
2023w44,3.067820349948245,2.735464657114237,0.3323556928340077,FALSE,pm25,M8b: AugSynth_FE Centro (Bel. in pool),AugSynth_FE,2023-10-30
2023w45,2.756099350046923,2.7915187856046004,-0.03541943555767757,FALSE,pm25,M8b: AugSynth_FE Centro (Bel. in pool),AugSynth_FE,2023-11-06
2023w46,3.2555291425162363,3.028737962629132,0.2267911798871043,FALSE,pm25,M8b: AugSynth_FE Centro (Bel. in pool),AugSynth_FE,2023-11-13
2023w47,2.899459964384946,2.945979120984751,-0.0465191565998051,FALSE,pm25,M8b: AugSynth_FE Centro (Bel. in pool),AugSynth_FE,2023-11-20
2023w48,3.1118249925408445,3.012202246134818,0.09962274640602642,FALSE,pm25,M8b: AugSynth_FE Centro (Bel. in pool),AugSynth_FE,2023-11-27
2023w49,3.1087037522131524,3.0712765691488784,0.03742718306427406,TRUE,pm25,M8b: AugSynth_FE Centro (Bel. in pool),AugSynth_FE,2023-12-04
2023w50,2.9413288846746046,2.990561972065386,-0.04923308739078136,TRUE,pm25,M8b: AugSynth_FE Centro (Bel. in pool),AugSynth_FE,2023-12-11
2023w51,3.202299188463399,3.0898467667004117,0.11245242176298742,TRUE,pm25,M8b: AugSynth_FE Centro (Bel. in pool),AugSynth_FE,2023-12-18
2023w52,2.7063376243683477,2.5325482994116504,0.1737893249566973,TRUE,pm25,M8b: AugSynth_FE Centro (Bel. in pool),AugSynth_FE,2023-12-25
2024w01,3.7755310441657852,3.5099117341547297,0.26561931001105554,TRUE,pm25,M8b: AugSynth_FE Centro (Bel. in pool),AugSynth_FE,2024-01-01
2024w02,3.1376946916563657,2.91079215805152,0.22690253360484558,TRUE,pm25,M8b: AugSynth_FE Centro (Bel. in pool),AugSynth_FE,2024-01-08
2024w03,2.740904537973157,2.5742705561420256,0.16663398183113154,TRUE,pm25,M8b: AugSynth_FE Centro (Bel. in pool),AugSynth_FE,2024-01-15
2024w04,2.70375208854707,2.829342600879516,-0.1255905123324461,TRUE,pm25,M8b: AugSynth_FE Centro (Bel. in pool),AugSynth_FE,2024-01-22
2024w05,3.1446406651393026,3.2358865816203934,-0.09124591648109082,TRUE,pm25,M8b: AugSynth_FE Centro (Bel. in pool),AugSynth_FE,2024-01-29
2024w06,3.1112460697663313,3.1468895128752243,-0.035643443108893,TRUE,pm25,M8b: AugSynth_FE Centro (Bel. in pool),AugSynth_FE,2024-02-05
2024w07,2.360508029326997,2.556222918746821,-0.19571488941982373,TRUE,pm25,M8b: AugSynth_FE Centro (Bel. in pool),AugSynth_FE,2024-02-12
2024w08,2.8869399500481516,3.0522510850176463,-0.16531113496949468,TRUE,pm25,M8b: AugSynth_FE Centro (Bel. in pool),AugSynth_FE,2024-02-19
2024w09,3.3126697041545614,3.270782819500654,0.04188688465390733,TRUE,pm25,M8b: AugSynth_FE Centro (Bel. in pool),AugSynth_FE,2024-02-26
2024w10,3.1107113818776404,3.1987184425183255,-0.08800706064068509,TRUE,pm25,M8b: AugSynth_FE Centro (Bel. in pool),AugSynth_FE,2024-03-04
2024w11,2.8416093711187154,3.067945996760412,-0.22633662564169654,TRUE,pm25,M8b: AugSynth_FE Centro (Bel. in pool),AugSynth_FE,2024-03-11
2024w12,3.1519950071389364,3.2259145352734078,-0.07391952813447134,TRUE,pm25,M8b: AugSynth_FE Centro (Bel. in pool),AugSynth_FE,2024-03-18
2024w13,3.3465534509170576,3.197928266391295,0.14862518452576268,TRUE,pm25,M8b: AugSynth_FE Centro (Bel. in pool),AugSynth_FE,2024-03-25
2024w14,3.2816127240591437,3.0974524704486264,0.18416025361051735,TRUE,pm25,M8b: AugSynth_FE Centro (Bel. in pool),AugSynth_FE,2024-04-01
2024w15,3.1969982463488833,3.2523018841370486,-0.05530363778816527,TRUE,pm25,M8b: AugSynth_FE Centro (Bel. in pool),AugSynth_FE,2024-04-08
2024w16,2.9639233583726483,3.2779218510632795,-0.3139984926906312,TRUE,pm25,M8b: AugSynth_FE Centro (Bel. in pool),AugSynth_FE,2024-04-15
2024w17,3.103779177637125,3.2055591611942353,-0.10177998355711049,TRUE,pm25,M8b: AugSynth_FE Centro (Bel. in pool),AugSynth_FE,2024-04-22
2024w18,2.827195271730653,3.093823338764817,-0.26662806703416386,TRUE,pm25,M8b: AugSynth_FE Centro (Bel. in pool),AugSynth_FE,2024-04-29
2024w19,3.183179560209927,3.2555332616954367,-0.07235370148550979,TRUE,pm25,M8b: AugSynth_FE Centro (Bel. in pool),AugSynth_FE,2024-05-06
2024w20,3.0735725576723274,3.282252684931716,-0.20868012725938856,TRUE,pm25,M8b: AugSynth_FE Centro (Bel. in pool),AugSynth_FE,2024-05-13
2024w21,2.7826834321087413,2.7155337641624366,0.06714966794630461,TRUE,pm25,M8b: AugSynth_FE Centro (Bel. in pool),AugSynth_FE,2024-05-20
2024w22,2.8904087942473478,3.004899393357775,-0.11449059911042703,TRUE,pm25,M8b: AugSynth_FE Centro (Bel. in pool),AugSynth_FE,2024-05-27
2024w23,2.651597420597432,2.76324038679336,-0.11164296619592795,TRUE,pm25,M8b: AugSynth_FE Centro (Bel. in pool),AugSynth_FE,2024-06-03
2024w24,2.715356776284648,2.9587444940342533,-0.24338771774960533,TRUE,pm25,M8b: AugSynth_FE Centro (Bel. in pool),AugSynth_FE,2024-06-10
2024w25,3.043394818072299,3.0621457321270236,-0.01875091405472462,TRUE,pm25,M8b: AugSynth_FE Centro (Bel. in pool),AugSynth_FE,2024-06-17
2024w26,2.5192141375789854,2.9094085647745036,-0.3901944271955182,TRUE,pm25,M8b: AugSynth_FE Centro (Bel. in pool),AugSynth_FE,2024-06-24
2024w27,2.481512005608789,2.703888714290166,-0.22237670868137727,TRUE,pm25,M8b: AugSynth_FE Centro (Bel. in pool),AugSynth_FE,2024-07-01
2024w28,2.4770704714275897,2.812846116283283,-0.3357756448556932,TRUE,pm25,M8b: AugSynth_FE Centro (Bel. in pool),AugSynth_FE,2024-07-08
2024w29,1.7310654005557986,2.363545116177544,-0.6324797156217452,TRUE,pm25,M8b: AugSynth_FE Centro (Bel. in pool),AugSynth_FE,2024-07-15
2024w30,2.4034555433790072,2.7068146754016404,-0.3033591320226332,TRUE,pm25,M8b: AugSynth_FE Centro (Bel. in pool),AugSynth_FE,2024-07-22
2024w31,2.2993799620450974,2.5367149971251743,-0.23733503508007692,TRUE,pm25,M8b: AugSynth_FE Centro (Bel. in pool),AugSynth_FE,2024-07-29
2024w32,2.8921756853956904,3.1614926027213923,-0.26931691732570195,TRUE,pm25,M8b: AugSynth_FE Centro (Bel. in pool),AugSynth_FE,2024-08-05
2024w33,2.0959216620937857,2.5382851507743904,-0.4423634886806047,TRUE,pm25,M8b: AugSynth_FE Centro (Bel. in pool),AugSynth_FE,2024-08-12
2024w34,2.26771755766497,2.795402458010637,-0.5276849003456672,TRUE,pm25,M8b: AugSynth_FE Centro (Bel. in pool),AugSynth_FE,2024-08-19
2024w35,2.622806957013608,2.723852182547841,-0.10104522553423267,TRUE,pm25,M8b: AugSynth_FE Centro (Bel. in pool),AugSynth_FE,2024-08-26
2024w36,2.8390394763938507,3.2992969988371326,-0.4602575224432819,TRUE,pm25,M8b: AugSynth_FE Centro (Bel. in pool),AugSynth_FE,2024-09-02
2024w37,2.5970689805647544,3.6157804235635704,-1.018711442998816,TRUE,pm25,M8b: AugSynth_FE Centro (Bel. in pool),AugSynth_FE,2024-09-09
2024w38,2.5176427077248253,2.870010648153756,-0.3523679404289308,TRUE,pm25,M8b: AugSynth_FE Centro (Bel. in pool),AugSynth_FE,2024-09-16
2024w39,2.7892973113967687,3.3987199801449473,-0.6094226687481785,TRUE,pm25,M8b: AugSynth_FE Centro (Bel. in pool),AugSynth_FE,2024-09-23
2024w40,3.036578267786251,2.962539323174526,0.07403894461172511,TRUE,pm25,M8b: AugSynth_FE Centro (Bel. in pool),AugSynth_FE,2024-09-30
2024w41,2.9121876078436464,3.172122365967179,-0.2599347581235327,TRUE,pm25,M8b: AugSynth_FE Centro (Bel. in pool),AugSynth_FE,2024-10-07
2024w42,2.4676757128596383,2.976603747822764,-0.5089280349631258,TRUE,pm25,M8b: AugSynth_FE Centro (Bel. in pool),AugSynth_FE,2024-10-14
2024w43,3.1630106920268055,3.368412276097967,-0.20540158407116138,TRUE,pm25,M8b: AugSynth_FE Centro (Bel. in pool),AugSynth_FE,2024-10-21
2024w44,2.6764219256440334,3.0405901449076103,-0.3641682192635769,TRUE,pm25,M8b: AugSynth_FE Centro (Bel. in pool),AugSynth_FE,2024-10-28
2024w45,3.1048855874505135,3.141944990026456,-0.037059402575942535,TRUE,pm25,M8b: AugSynth_FE Centro (Bel. in pool),AugSynth_FE,2024-11-04
2024w46,3.650251232069794,3.445360819682228,0.2048904123875661,TRUE,pm25,M8b: AugSynth_FE Centro (Bel. in pool),AugSynth_FE,2024-11-11
2024w47,3.224102143839782,3.5429440876455636,-0.31884194380578146,TRUE,pm25,M8b: AugSynth_FE Centro (Bel. in pool),AugSynth_FE,2024-11-18
2024w48,3.08922261664133,3.5943333814681613,-0.5051107648268314,TRUE,pm25,M8b: AugSynth_FE Centro (Bel. in pool),AugSynth_FE,2024-11-25
2024w49,2.7899578353852585,3.0256728354596696,-0.23571500007441104,TRUE,pm25,M8b: AugSynth_FE Centro (Bel. in pool),AugSynth_FE,2024-12-02
2024w50,2.798459502306824,3.064911021680978,-0.2664515193741539,TRUE,pm25,M8b: AugSynth_FE Centro (Bel. in pool),AugSynth_FE,2024-12-09
2024w51,2.988620377198178,3.195635386947177,-0.2070150097489991,TRUE,pm25,M8b: AugSynth_FE Centro (Bel. in pool),AugSynth_FE,2024-12-16
2024w52,2.9191391647224703,3.0328314560160825,-0.11369229129361225,TRUE,pm25,M8b: AugSynth_FE Centro (Bel. in pool),AugSynth_FE,2024-12-23
2025w01,2.3715201850340195,2.4375058598512993,-0.0659856748172798,TRUE,pm25,M8b: AugSynth_FE Centro (Bel. in pool),AugSynth_FE,2024-12-30
2025w02,2.991623845509448,3.1303688199653736,-0.1387449744559257,TRUE,pm25,M8b: AugSynth_FE Centro (Bel. in pool),AugSynth_FE,2025-01-06
2025w10,2.5309947539807554,2.7402772600901852,-0.2092825061094299,TRUE,pm25,M8b: AugSynth_FE Centro (Bel. in pool),AugSynth_FE,2025-03-03
2025w11,3.1402798479526415,3.130976320273581,0.009303527679060508,TRUE,pm25,M8b: AugSynth_FE Centro (Bel. in pool),AugSynth_FE,2025-03-10
2025w12,3.0402275134405423,3.174870944668334,-0.13464343122779177,TRUE,pm25,M8b: AugSynth_FE Centro (Bel. in pool),AugSynth_FE,2025-03-17
2025w13,2.8171636656293435,3.106055003266102,-0.28889133763675856,TRUE,pm25,M8b: AugSynth_FE Centro (Bel. in pool),AugSynth_FE,2025-03-24
2025w14,2.8798349588078187,3.1368655627442896,-0.2570306039364709,TRUE,pm25,M8b: AugSynth_FE Centro (Bel. in pool),AugSynth_FE,2025-03-31
2022w48,3.0400680873740424,3.0265789194831845,0.013489167890857967,FALSE,pm25,M9: AugSynth_FE Belisario (Centro dropped),AugSynth_FE,2022-11-28
2022w49,3.145645416260876,3.2952998771780124,-0.1496544609171364,FALSE,pm25,M9: AugSynth_FE Belisario (Centro dropped),AugSynth_FE,2022-12-05
2022w50,3.1747149290824312,3.0829176606550854,0.09179726842734581,FALSE,pm25,M9: AugSynth_FE Belisario (Centro dropped),AugSynth_FE,2022-12-12
2022w51,3.2276108961403356,3.130011544963211,0.09759935117712448,FALSE,pm25,M9: AugSynth_FE Belisario (Centro dropped),AugSynth_FE,2022-12-19
2022w52,3.100947778698301,3.043259063526114,0.05768871517218699,FALSE,pm25,M9: AugSynth_FE Belisario (Centro dropped),AugSynth_FE,2022-12-26
2023w01,3.337049895171681,3.3367848303410463,2.650648306348202e-4,FALSE,pm25,M9: AugSynth_FE Belisario (Centro dropped),AugSynth_FE,2023-01-02
2023w02,3.1495114558131436,2.929804419010598,0.21970703680254555,FALSE,pm25,M9: AugSynth_FE Belisario (Centro dropped),AugSynth_FE,2023-01-09
2023w03,3.0854053827671097,3.1153398472437384,-0.02993446447662862,FALSE,pm25,M9: AugSynth_FE Belisario (Centro dropped),AugSynth_FE,2023-01-16
2023w04,2.844560485752252,2.8535077238498414,-0.008947238097589238,FALSE,pm25,M9: AugSynth_FE Belisario (Centro dropped),AugSynth_FE,2023-01-23
2023w05,3.103530814810676,3.1272383029931214,-0.023707488182445502,FALSE,pm25,M9: AugSynth_FE Belisario (Centro dropped),AugSynth_FE,2023-01-30
2023w06,3.2081788153198656,3.201100875656981,0.007077939662884614,FALSE,pm25,M9: AugSynth_FE Belisario (Centro dropped),AugSynth_FE,2023-02-06
2023w07,3.293995665862313,2.9936855802217037,0.30031008564060935,FALSE,pm25,M9: AugSynth_FE Belisario (Centro dropped),AugSynth_FE,2023-02-13
2023w08,3.044189048822185,3.1720983982115745,-0.12790934938938925,FALSE,pm25,M9: AugSynth_FE Belisario (Centro dropped),AugSynth_FE,2023-02-20
2023w09,3.22028150310613,3.0956068653537736,0.12467463775235643,FALSE,pm25,M9: AugSynth_FE Belisario (Centro dropped),AugSynth_FE,2023-02-27
2023w10,3.044490691187761,2.742666312216153,0.30182437897160774,FALSE,pm25,M9: AugSynth_FE Belisario (Centro dropped),AugSynth_FE,2023-03-06
2023w11,3.123533111201322,3.142521784249358,-0.018988673048035754,FALSE,pm25,M9: AugSynth_FE Belisario (Centro dropped),AugSynth_FE,2023-03-13
2023w12,3.2292880952155105,2.967404829881933,0.2618832653335774,FALSE,pm25,M9: AugSynth_FE Belisario (Centro dropped),AugSynth_FE,2023-03-20
2023w13,3.2772327794304403,3.1627614827938038,0.11447129663663658,FALSE,pm25,M9: AugSynth_FE Belisario (Centro dropped),AugSynth_FE,2023-03-27
2023w14,3.1025367462039606,2.856445592463153,0.24609115374080748,FALSE,pm25,M9: AugSynth_FE Belisario (Centro dropped),AugSynth_FE,2023-04-03
2023w15,2.9606403585044485,3.0584063881575183,-0.0977660296530698,FALSE,pm25,M9: AugSynth_FE Belisario (Centro dropped),AugSynth_FE,2023-04-10
2023w16,3.0350491359309415,2.977799472226775,0.0572496637041664,FALSE,pm25,M9: AugSynth_FE Belisario (Centro dropped),AugSynth_FE,2023-04-17
2023w17,3.143692402830635,2.957393939928084,0.1862984629025508,FALSE,pm25,M9: AugSynth_FE Belisario (Centro dropped),AugSynth_FE,2023-04-24
2023w18,2.2294407589560423,2.5312356066025163,-0.301794847646474,FALSE,pm25,M9: AugSynth_FE Belisario (Centro dropped),AugSynth_FE,2023-05-01
2023w19,2.932206572674113,3.1088171668210007,-0.17661059414688784,FALSE,pm25,M9: AugSynth_FE Belisario (Centro dropped),AugSynth_FE,2023-05-08
2023w20,3.210144484077997,2.900999215587108,0.3091452684908891,FALSE,pm25,M9: AugSynth_FE Belisario (Centro dropped),AugSynth_FE,2023-05-15
2023w21,3.0913302907170475,2.9389922390087166,0.1523380517083308,FALSE,pm25,M9: AugSynth_FE Belisario (Centro dropped),AugSynth_FE,2023-05-22
2023w22,2.941152884110948,3.013453923825977,-0.07230103971502899,FALSE,pm25,M9: AugSynth_FE Belisario (Centro dropped),AugSynth_FE,2023-05-29
2023w23,2.9500896506752547,2.9181540425510297,0.03193560812422502,FALSE,pm25,M9: AugSynth_FE Belisario (Centro dropped),AugSynth_FE,2023-06-05
2023w24,2.6680611928858466,2.6707012421871283,-0.0026400493012816995,FALSE,pm25,M9: AugSynth_FE Belisario (Centro dropped),AugSynth_FE,2023-06-12
2023w25,2.322224308246394,2.6979146055645997,-0.3756902973182057,FALSE,pm25,M9: AugSynth_FE Belisario (Centro dropped),AugSynth_FE,2023-06-19
2023w26,2.495681722955959,2.764408237144819,-0.26872651418885996,FALSE,pm25,M9: AugSynth_FE Belisario (Centro dropped),AugSynth_FE,2023-06-26
2023w27,2.9899992042061236,2.730495547470904,0.2595036567352196,FALSE,pm25,M9: AugSynth_FE Belisario (Centro dropped),AugSynth_FE,2023-07-03
2023w28,2.797362632338429,2.8838319378509047,-0.08646930551247589,FALSE,pm25,M9: AugSynth_FE Belisario (Centro dropped),AugSynth_FE,2023-07-10
2023w29,2.149628144829995,2.383467311344143,-0.23383916651414793,FALSE,pm25,M9: AugSynth_FE Belisario (Centro dropped),AugSynth_FE,2023-07-17
2023w30,2.515328078781333,2.667050416834936,-0.15172233805360325,FALSE,pm25,M9: AugSynth_FE Belisario (Centro dropped),AugSynth_FE,2023-07-24
2023w31,2.2068815024805413,2.397197541937298,-0.19031603945675668,FALSE,pm25,M9: AugSynth_FE Belisario (Centro dropped),AugSynth_FE,2023-07-31
2023w32,2.119383148772784,2.6491792281362603,-0.5297960793634764,FALSE,pm25,M9: AugSynth_FE Belisario (Centro dropped),AugSynth_FE,2023-08-07
2023w33,3.182723466163722,2.987757401864574,0.1949660642991482,FALSE,pm25,M9: AugSynth_FE Belisario (Centro dropped),AugSynth_FE,2023-08-14
2023w34,2.6739417314687604,2.7527104512887246,-0.07876871981996425,FALSE,pm25,M9: AugSynth_FE Belisario (Centro dropped),AugSynth_FE,2023-08-21
2023w35,2.558053843081175,2.6084227826479336,-0.05036893956675881,FALSE,pm25,M9: AugSynth_FE Belisario (Centro dropped),AugSynth_FE,2023-08-28
2023w36,2.6576921417606156,2.77091300393872,-0.11322086217810456,FALSE,pm25,M9: AugSynth_FE Belisario (Centro dropped),AugSynth_FE,2023-09-04
2023w37,2.6954151585223287,2.8042801157164847,-0.10886495719415601,FALSE,pm25,M9: AugSynth_FE Belisario (Centro dropped),AugSynth_FE,2023-09-11
2023w38,2.6142766179061785,2.7661294552750872,-0.15185283736890876,FALSE,pm25,M9: AugSynth_FE Belisario (Centro dropped),AugSynth_FE,2023-09-18
2023w39,3.030664960094014,2.897381030035851,0.13328393005816297,FALSE,pm25,M9: AugSynth_FE Belisario (Centro dropped),AugSynth_FE,2023-09-25
2023w40,3.2888992762363416,3.0488014575464155,0.24009781868992608,FALSE,pm25,M9: AugSynth_FE Belisario (Centro dropped),AugSynth_FE,2023-10-02
2023w41,2.8260504971064724,3.1561200980840365,-0.3300696009775641,FALSE,pm25,M9: AugSynth_FE Belisario (Centro dropped),AugSynth_FE,2023-10-09
2023w42,2.882862149758252,2.9676084842880655,-0.08474633452981362,FALSE,pm25,M9: AugSynth_FE Belisario (Centro dropped),AugSynth_FE,2023-10-16
2023w43,2.661680438728995,2.663037685197079,-0.0013572464680842167,FALSE,pm25,M9: AugSynth_FE Belisario (Centro dropped),AugSynth_FE,2023-10-23
2023w44,2.671201782941826,2.901362001694296,-0.23016021875247006,FALSE,pm25,M9: AugSynth_FE Belisario (Centro dropped),AugSynth_FE,2023-10-30
2023w45,2.6906892571363277,2.652692905440066,0.03799635169626159,FALSE,pm25,M9: AugSynth_FE Belisario (Centro dropped),AugSynth_FE,2023-11-06
2023w46,2.987212751938249,2.7581816973747357,0.22903105456351325,FALSE,pm25,M9: AugSynth_FE Belisario (Centro dropped),AugSynth_FE,2023-11-13
2023w47,2.941979817554744,2.538756214755924,0.40322360279881986,FALSE,pm25,M9: AugSynth_FE Belisario (Centro dropped),AugSynth_FE,2023-11-20
2023w48,2.917212017473777,2.9929372214468324,-0.0757252039730556,FALSE,pm25,M9: AugSynth_FE Belisario (Centro dropped),AugSynth_FE,2023-11-27
2023w49,2.9979132268787074,2.908219943726752,0.08969328315195524,TRUE,pm25,M9: AugSynth_FE Belisario (Centro dropped),AugSynth_FE,2023-12-04
2023w50,2.9002487453923744,2.885261883920282,0.014986861472092272,TRUE,pm25,M9: AugSynth_FE Belisario (Centro dropped),AugSynth_FE,2023-12-11
2023w51,3.04845121788622,3.093032795412582,-0.044581577526361826,TRUE,pm25,M9: AugSynth_FE Belisario (Centro dropped),AugSynth_FE,2023-12-18
2023w52,2.3686848946985695,3.57047444228245,-1.2017895475838807,TRUE,pm25,M9: AugSynth_FE Belisario (Centro dropped),AugSynth_FE,2023-12-25
2024w01,3.5761865666446453,3.3407795267177187,0.23540703992692658,TRUE,pm25,M9: AugSynth_FE Belisario (Centro dropped),AugSynth_FE,2024-01-01
2024w02,2.80289562646027,3.4029015685861648,-0.600005942125895,TRUE,pm25,M9: AugSynth_FE Belisario (Centro dropped),AugSynth_FE,2024-01-08
2024w03,2.464562209070768,3.043488048907162,-0.5789258398363937,TRUE,pm25,M9: AugSynth_FE Belisario (Centro dropped),AugSynth_FE,2024-01-15
2024w04,2.7360976136573663,2.8549341937495747,-0.11883658009220843,TRUE,pm25,M9: AugSynth_FE Belisario (Centro dropped),AugSynth_FE,2024-01-22
2024w05,3.174213130962008,3.3966152694927754,-0.2224021385307675,TRUE,pm25,M9: AugSynth_FE Belisario (Centro dropped),AugSynth_FE,2024-01-29
2024w06,3.077742275603567,2.9590067222036804,0.1187355533998864,TRUE,pm25,M9: AugSynth_FE Belisario (Centro dropped),AugSynth_FE,2024-02-05
2024w07,2.4634559985794393,2.657404711685555,-0.19394871310611572,TRUE,pm25,M9: AugSynth_FE Belisario (Centro dropped),AugSynth_FE,2024-02-12
2024w08,3.0300531817318865,3.119716100624792,-0.08966291889290545,TRUE,pm25,M9: AugSynth_FE Belisario (Centro dropped),AugSynth_FE,2024-02-19
2024w09,3.233711890825413,3.3225291001083646,-0.08881720928295156,TRUE,pm25,M9: AugSynth_FE Belisario (Centro dropped),AugSynth_FE,2024-02-26
2024w10,3.140251000411892,3.3272852306416025,-0.18703423022971055,TRUE,pm25,M9: AugSynth_FE Belisario (Centro dropped),AugSynth_FE,2024-03-04
2024w11,3.046520440386096,2.785062536694527,0.2614579036915692,TRUE,pm25,M9: AugSynth_FE Belisario (Centro dropped),AugSynth_FE,2024-03-11
2024w12,3.1875640203489377,3.3523788942797577,-0.16481487393081995,TRUE,pm25,M9: AugSynth_FE Belisario (Centro dropped),AugSynth_FE,2024-03-18
2024w13,3.2026109324021657,3.146115503065304,0.05649542933686158,TRUE,pm25,M9: AugSynth_FE Belisario (Centro dropped),AugSynth_FE,2024-03-25
2024w14,3.101547685730705,3.0760053454687237,0.025542340261981433,TRUE,pm25,M9: AugSynth_FE Belisario (Centro dropped),AugSynth_FE,2024-04-01
2024w15,3.176093576972759,3.3911576853681007,-0.2150641083953415,TRUE,pm25,M9: AugSynth_FE Belisario (Centro dropped),AugSynth_FE,2024-04-08
2024w16,3.2711329879184032,3.0897972973918972,0.181335690526506,TRUE,pm25,M9: AugSynth_FE Belisario (Centro dropped),AugSynth_FE,2024-04-15
2024w17,3.15033999178043,2.952542435785325,0.19779755599510507,TRUE,pm25,M9: AugSynth_FE Belisario (Centro dropped),AugSynth_FE,2024-04-22
2024w18,3.0648851322423076,2.8145888507841104,0.25029628145819727,TRUE,pm25,M9: AugSynth_FE Belisario (Centro dropped),AugSynth_FE,2024-04-29
2024w19,3.2157241970358217,3.081164454117172,0.13455974291864958,TRUE,pm25,M9: AugSynth_FE Belisario (Centro dropped),AugSynth_FE,2024-05-06
2024w20,3.250529518669995,3.1023011300345624,0.14822838863543275,TRUE,pm25,M9: AugSynth_FE Belisario (Centro dropped),AugSynth_FE,2024-05-13
2024w21,2.662401763205026,2.762046975427643,-0.09964521222261702,TRUE,pm25,M9: AugSynth_FE Belisario (Centro dropped),AugSynth_FE,2024-05-20
2024w22,2.9959322535566573,2.8617425776825325,0.13418967587412478,TRUE,pm25,M9: AugSynth_FE Belisario (Centro dropped),AugSynth_FE,2024-05-27
2024w23,2.7481892958328067,2.626758354772165,0.12143094106064156,TRUE,pm25,M9: AugSynth_FE Belisario (Centro dropped),AugSynth_FE,2024-06-03
2024w24,2.9708417247088645,2.764248364748137,0.2065933599607277,TRUE,pm25,M9: AugSynth_FE Belisario (Centro dropped),AugSynth_FE,2024-06-10
2024w25,3.0377855097849906,2.970532063605819,0.06725344617917184,TRUE,pm25,M9: AugSynth_FE Belisario (Centro dropped),AugSynth_FE,2024-06-17
2024w26,2.8724906166959525,2.826761184020159,0.04572943267579355,TRUE,pm25,M9: AugSynth_FE Belisario (Centro dropped),AugSynth_FE,2024-06-24
2024w27,2.6646322474011335,2.5955895067374186,0.06904274066371485,TRUE,pm25,M9: AugSynth_FE Belisario (Centro dropped),AugSynth_FE,2024-07-01
2024w28,2.73860095995152,2.7570040077433204,-0.018403047791800464,TRUE,pm25,M9: AugSynth_FE Belisario (Centro dropped),AugSynth_FE,2024-07-08
2024w29,2.2357684232899353,2.5917167611460044,-0.35594833785606905,TRUE,pm25,M9: AugSynth_FE Belisario (Centro dropped),AugSynth_FE,2024-07-15
2024w30,2.6227633967879593,2.815803075517596,-0.19303967872963668,TRUE,pm25,M9: AugSynth_FE Belisario (Centro dropped),AugSynth_FE,2024-07-22
2024w31,2.4661484768594115,2.690986251534624,-0.22483777467521238,TRUE,pm25,M9: AugSynth_FE Belisario (Centro dropped),AugSynth_FE,2024-07-29
2024w32,3.134189016701007,3.0936284441665887,0.04056057253441825,TRUE,pm25,M9: AugSynth_FE Belisario (Centro dropped),AugSynth_FE,2024-08-05
2024w33,2.424271611250645,2.7345828053283223,-0.3103111940776775,TRUE,pm25,M9: AugSynth_FE Belisario (Centro dropped),AugSynth_FE,2024-08-12
2024w34,2.7091828926981436,2.8298056292459495,-0.12062273654780586,TRUE,pm25,M9: AugSynth_FE Belisario (Centro dropped),AugSynth_FE,2024-08-19
2024w35,2.6501150150646016,2.866024818070709,-0.2159098030061073,TRUE,pm25,M9: AugSynth_FE Belisario (Centro dropped),AugSynth_FE,2024-08-26
2024w36,3.222256769694317,3.3635237079335525,-0.14126693823923553,TRUE,pm25,M9: AugSynth_FE Belisario (Centro dropped),AugSynth_FE,2024-09-02
2024w37,3.645684855526662,3.081041556717678,0.564643298808984,TRUE,pm25,M9: AugSynth_FE Belisario (Centro dropped),AugSynth_FE,2024-09-09
2024w38,2.7629381381247375,3.1262763733072125,-0.363338235182475,TRUE,pm25,M9: AugSynth_FE Belisario (Centro dropped),AugSynth_FE,2024-09-16
2024w39,3.343386990625374,3.5435510547289457,-0.2001640641035718,TRUE,pm25,M9: AugSynth_FE Belisario (Centro dropped),AugSynth_FE,2024-09-23
2024w40,3.264636643294901,-1.032774890245388,4.29741153354029,TRUE,pm25,M9: AugSynth_FE Belisario (Centro dropped),AugSynth_FE,2024-09-30
2024w41,3.203856937222344,2.59496762887435,0.6088893083479943,TRUE,pm25,M9: AugSynth_FE Belisario (Centro dropped),AugSynth_FE,2024-10-07
2024w42,3.049257242568925,1.2194546120655543,1.8298026305033706,TRUE,pm25,M9: AugSynth_FE Belisario (Centro dropped),AugSynth_FE,2024-10-14
2024w43,3.4758512365408194,1.9023845904625762,1.5734666460782432,TRUE,pm25,M9: AugSynth_FE Belisario (Centro dropped),AugSynth_FE,2024-10-21
2024w44,3.063527984285436,1.940967740165577,1.122560244119859,TRUE,pm25,M9: AugSynth_FE Belisario (Centro dropped),AugSynth_FE,2024-10-28
2024w45,3.1075270449210604,2.826918886158575,0.28060815876248535,TRUE,pm25,M9: AugSynth_FE Belisario (Centro dropped),AugSynth_FE,2024-11-04
2024w46,3.312873339545157,3.4961800010100035,-0.18330666146484642,TRUE,pm25,M9: AugSynth_FE Belisario (Centro dropped),AugSynth_FE,2024-11-11
2024w47,3.5182196341692533,3.350057683449848,0.16816195071940543,TRUE,pm25,M9: AugSynth_FE Belisario (Centro dropped),AugSynth_FE,2024-11-18
2024w48,3.608776883537541,3.100423902531778,0.5083529810057632,TRUE,pm25,M9: AugSynth_FE Belisario (Centro dropped),AugSynth_FE,2024-11-25
2024w49,2.988094849202558,2.9051580209825274,0.08293682822003046,TRUE,pm25,M9: AugSynth_FE Belisario (Centro dropped),AugSynth_FE,2024-12-02
2024w50,3.070821192992994,2.7594633562457607,0.3113578367472334,TRUE,pm25,M9: AugSynth_FE Belisario (Centro dropped),AugSynth_FE,2024-12-09
2024w51,3.186958510188142,2.8597174686159064,0.32724104157223577,TRUE,pm25,M9: AugSynth_FE Belisario (Centro dropped),AugSynth_FE,2024-12-16
2024w52,3.0336380199532225,3.1218564967465454,-0.08821847679332295,TRUE,pm25,M9: AugSynth_FE Belisario (Centro dropped),AugSynth_FE,2024-12-23
2025w01,2.43796061749497,2.57356816472704,-0.1356075472320697,TRUE,pm25,M9: AugSynth_FE Belisario (Centro dropped),AugSynth_FE,2024-12-30
2025w02,3.240211916329859,2.1460129006779516,1.0941990156519075,TRUE,pm25,M9: AugSynth_FE Belisario (Centro dropped),AugSynth_FE,2025-01-06
2025w10,2.737716872390836,2.7136718852895703,0.02404498710126557,TRUE,pm25,M9: AugSynth_FE Belisario (Centro dropped),AugSynth_FE,2025-03-03
2025w11,3.140236576329444,2.9313987451662804,0.20883783116316357,TRUE,pm25,M9: AugSynth_FE Belisario (Centro dropped),AugSynth_FE,2025-03-10
2025w12,3.1515815100168307,2.8913580517460944,0.26022345827073634,TRUE,pm25,M9: AugSynth_FE Belisario (Centro dropped),AugSynth_FE,2025-03-17
2025w13,3.073495462019713,3.0922686771669,-0.018773215147187106,TRUE,pm25,M9: AugSynth_FE Belisario (Centro dropped),AugSynth_FE,2025-03-24
2025w14,3.101712597091223,3.1612732855331007,-0.05956068844187756,TRUE,pm25,M9: AugSynth_FE Belisario (Centro dropped),AugSynth_FE,2025-03-31
2022w48,2.8544488758726825,2.7233583183665337,0.13109055750614873,FALSE,pm25,M1: SDID Centro+Belisario,SDID,2022-11-28
2022w49,3.1395433077226738,3.0705477859168693,0.06899552180580448,FALSE,pm25,M1: SDID Centro+Belisario,SDID,2022-12-05
2022w50,3.103430577756809,2.9312961191753297,0.17213445858147924,FALSE,pm25,M1: SDID Centro+Belisario,SDID,2022-12-12
2022w51,3.1410176922507986,3.047789613762915,0.09322807848788361,FALSE,pm25,M1: SDID Centro+Belisario,SDID,2022-12-19
2022w52,3.130879388848145,2.9295841659955895,0.20129522285255552,FALSE,pm25,M1: SDID Centro+Belisario,SDID,2022-12-26
2023w01,3.2387458607990327,3.034388453013695,0.20435740778533784,FALSE,pm25,M1: SDID Centro+Belisario,SDID,2023-01-02
2023w02,3.0637823463154312,2.78246410497844,0.281318241336991,FALSE,pm25,M1: SDID Centro+Belisario,SDID,2023-01-09
2023w03,2.8675054710362007,2.7005696808471162,0.16693579018908444,FALSE,pm25,M1: SDID Centro+Belisario,SDID,2023-01-16
2023w04,2.7354471292439,2.6996282458177796,0.03581888342612061,FALSE,pm25,M1: SDID Centro+Belisario,SDID,2023-01-23
2023w05,3.0518515832545714,2.818379851408811,0.2334717318457602,FALSE,pm25,M1: SDID Centro+Belisario,SDID,2023-01-30
2023w06,3.038763635139838,2.881928866714457,0.15683476842538102,FALSE,pm25,M1: SDID Centro+Belisario,SDID,2023-02-06
2023w07,3.1196300845279126,2.6803773459757947,0.4392527385521179,FALSE,pm25,M1: SDID Centro+Belisario,SDID,2023-02-13
2023w08,2.954903541312768,2.8438090458517324,0.11109449546103534,FALSE,pm25,M1: SDID Centro+Belisario,SDID,2023-02-20
2023w09,3.0152940105727573,2.872509635280137,0.14278437529262034,FALSE,pm25,M1: SDID Centro+Belisario,SDID,2023-02-27
2023w10,3.0082016953976938,2.5255136735811954,0.4826880218164984,FALSE,pm25,M1: SDID Centro+Belisario,SDID,2023-03-06
2023w11,2.993117296750036,2.775107326069489,0.21800997068054695,FALSE,pm25,M1: SDID Centro+Belisario,SDID,2023-03-13
2023w12,3.0938579376795996,2.8049937781141754,0.2888641595654242,FALSE,pm25,M1: SDID Centro+Belisario,SDID,2023-03-20
2023w13,3.2134608012880665,2.9249846781947175,0.288476123093349,FALSE,pm25,M1: SDID Centro+Belisario,SDID,2023-03-27
2023w14,3.055387749167033,2.5723443452821013,0.4830434038849316,FALSE,pm25,M1: SDID Centro+Belisario,SDID,2023-04-03
2023w15,2.8556435145086523,2.7087307756547068,0.1469127388539455,FALSE,pm25,M1: SDID Centro+Belisario,SDID,2023-04-10
2023w16,2.9579200015583873,2.7292377332612534,0.2286822682971339,FALSE,pm25,M1: SDID Centro+Belisario,SDID,2023-04-17
2023w17,3.0503109595137543,2.75255315033062,0.2977578091831341,FALSE,pm25,M1: SDID Centro+Belisario,SDID,2023-04-24
2023w18,2.1676831496475186,2.5565797687151774,-0.3888966190676588,FALSE,pm25,M1: SDID Centro+Belisario,SDID,2023-05-01
2023w19,2.864975358627403,2.8962109629663275,-0.03123560433892436,FALSE,pm25,M1: SDID Centro+Belisario,SDID,2023-05-08
2023w20,3.1134674820953014,2.872023016705339,0.24144446538996256,FALSE,pm25,M1: SDID Centro+Belisario,SDID,2023-05-15
2023w21,3.0543124786311973,2.7616268864977775,0.2926855921334197,FALSE,pm25,M1: SDID Centro+Belisario,SDID,2023-05-22
2023w22,2.94764209881326,2.8048723885791067,0.1427697102341532,FALSE,pm25,M1: SDID Centro+Belisario,SDID,2023-05-29
2023w23,3.1575731455678144,2.9110314690836097,0.24654167648420477,FALSE,pm25,M1: SDID Centro+Belisario,SDID,2023-06-05
2023w24,2.796728053707656,2.824721979403344,-0.027993925695688038,FALSE,pm25,M1: SDID Centro+Belisario,SDID,2023-06-12
2023w25,2.4631248718803027,2.72078820572271,-0.25766333384240747,FALSE,pm25,M1: SDID Centro+Belisario,SDID,2023-06-19
2023w26,2.579016771357071,2.8208552563082923,-0.2418384849512214,FALSE,pm25,M1: SDID Centro+Belisario,SDID,2023-06-26
2023w27,3.2273661033280736,2.8565942382129905,0.3707718651150831,FALSE,pm25,M1: SDID Centro+Belisario,SDID,2023-07-03
2023w28,2.955377645095247,2.8405631948518955,0.11481445024335146,FALSE,pm25,M1: SDID Centro+Belisario,SDID,2023-07-10
2023w29,2.2568170700753383,2.6533209658865298,-0.3965038958111915,FALSE,pm25,M1: SDID Centro+Belisario,SDID,2023-07-17
2023w30,2.742321414367577,2.8751488622441363,-0.1328274478765592,FALSE,pm25,M1: SDID Centro+Belisario,SDID,2023-07-24
2023w31,2.3441979076046877,2.657722617227565,-0.3135247096228775,FALSE,pm25,M1: SDID Centro+Belisario,SDID,2023-07-31
2023w32,2.1598310093049227,2.703607818040266,-0.5437768087353434,FALSE,pm25,M1: SDID Centro+Belisario,SDID,2023-08-07
2023w33,3.262419877168554,2.883989450157873,0.3784304270106813,FALSE,pm25,M1: SDID Centro+Belisario,SDID,2023-08-14
2023w34,2.892102015029996,2.74433628884482,0.1477657261851757,FALSE,pm25,M1: SDID Centro+Belisario,SDID,2023-08-21
2023w35,2.4515713521083495,2.7572278783368014,-0.30565652622845185,FALSE,pm25,M1: SDID Centro+Belisario,SDID,2023-08-28
2023w36,2.4768351125119032,2.7181824633511926,-0.24134735083928938,FALSE,pm25,M1: SDID Centro+Belisario,SDID,2023-09-04
2023w37,2.539523798160687,2.7919667628369087,-0.25244296467622185,FALSE,pm25,M1: SDID Centro+Belisario,SDID,2023-09-11
2023w38,2.4727762135263216,2.8173882750970907,-0.34461206157076907,FALSE,pm25,M1: SDID Centro+Belisario,SDID,2023-09-18
2023w39,2.9550660923136647,2.9416156276775474,0.01345046463611732,FALSE,pm25,M1: SDID Centro+Belisario,SDID,2023-09-25
2023w40,3.3292324298417,2.961798612340588,0.36743381750111226,FALSE,pm25,M1: SDID Centro+Belisario,SDID,2023-10-02
2023w41,2.9624851744515848,3.1778029167578916,-0.21531774230630685,FALSE,pm25,M1: SDID Centro+Belisario,SDID,2023-10-09
2023w42,2.9131472740894884,2.9904549125647777,-0.07730763847528932,FALSE,pm25,M1: SDID Centro+Belisario,SDID,2023-10-16
2023w43,2.924263133238888,2.7341121872651626,0.19015094597372562,FALSE,pm25,M1: SDID Centro+Belisario,SDID,2023-10-23
2023w44,2.926903822517005,2.7329104782467923,0.19399334427021264,FALSE,pm25,M1: SDID Centro+Belisario,SDID,2023-10-30
2023w45,2.536105961459751,2.4976712431745804,0.03843471828517053,FALSE,pm25,M1: SDID Centro+Belisario,SDID,2023-11-06
2023w46,2.960370735138527,2.6435734756687315,0.31679725946979564,FALSE,pm25,M1: SDID Centro+Belisario,SDID,2023-11-13
2023w47,2.8406754289588507,2.452900836459689,0.3877745924991616,FALSE,pm25,M1: SDID Centro+Belisario,SDID,2023-11-20
2023w48,2.861934246697757,2.6970189215243696,0.16491532517338747,FALSE,pm25,M1: SDID Centro+Belisario,SDID,2023-11-27
2023w49,2.9800532746613806,2.7324498207841845,0.24760345387719607,TRUE,pm25,M1: SDID Centro+Belisario,SDID,2023-12-04
2023w50,2.9681802109647983,2.81005862242936,0.15812158853543812,TRUE,pm25,M1: SDID Centro+Belisario,SDID,2023-12-11
2023w51,3.2154779709474184,2.7344236040414023,0.4810543669060161,TRUE,pm25,M1: SDID Centro+Belisario,SDID,2023-12-18
2023w52,2.5831717446597313,2.7329787629559843,-0.14980701829625298,TRUE,pm25,M1: SDID Centro+Belisario,SDID,2023-12-25
2024w01,3.62516790936343,2.949287313696855,0.675880595666575,TRUE,pm25,M1: SDID Centro+Belisario,SDID,2024-01-01
2024w02,2.835123471001432,2.813642192253358,0.02148127874807404,TRUE,pm25,M1: SDID Centro+Belisario,SDID,2024-01-08
2024w03,2.493958892599684,2.717856232234649,-0.22389733963496505,TRUE,pm25,M1: SDID Centro+Belisario,SDID,2024-01-15
2024w04,2.4803420610288347,2.6496860150313424,-0.16934395400250768,TRUE,pm25,M1: SDID Centro+Belisario,SDID,2024-01-22
2024w05,2.984829288175855,2.995359523157977,-0.010530234982121911,TRUE,pm25,M1: SDID Centro+Belisario,SDID,2024-01-29
2024w06,2.8939498657454683,2.8011927707785875,0.09275709496688078,TRUE,pm25,M1: SDID Centro+Belisario,SDID,2024-02-05
2024w07,2.2673150257534997,2.45614812022558,-0.1888330944720802,TRUE,pm25,M1: SDID Centro+Belisario,SDID,2024-02-12
2024w08,2.9076365700843434,2.7157160339526074,0.19192053613173599,TRUE,pm25,M1: SDID Centro+Belisario,SDID,2024-02-19
2024w09,3.145115157888144,2.915527711503844,0.22958744638430018,TRUE,pm25,M1: SDID Centro+Belisario,SDID,2024-02-26
2024w10,3.065479803197091,2.96834135431156,0.09713844888553069,TRUE,pm25,M1: SDID Centro+Belisario,SDID,2024-03-04
2024w11,2.8421545546871543,2.726341424991546,0.1158131296956082,TRUE,pm25,M1: SDID Centro+Belisario,SDID,2024-03-11
2024w12,3.0788531015612683,3.029730381902698,0.04912271965857018,TRUE,pm25,M1: SDID Centro+Belisario,SDID,2024-03-18
2024w13,3.2210940752190393,2.8828110737060464,0.33828300151299295,TRUE,pm25,M1: SDID Centro+Belisario,SDID,2024-03-25
2024w14,3.2376572510261736,2.852438661217737,0.3852185898084368,TRUE,pm25,M1: SDID Centro+Belisario,SDID,2024-04-01
2024w15,2.9836891435932666,3.077450641165613,-0.0937614975723462,TRUE,pm25,M1: SDID Centro+Belisario,SDID,2024-04-08
2024w16,3.028515402630779,2.843325648356377,0.18518975427440187,TRUE,pm25,M1: SDID Centro+Belisario,SDID,2024-04-15
2024w17,2.959714399408931,2.8075109043200994,0.1522034950888318,TRUE,pm25,M1: SDID Centro+Belisario,SDID,2024-04-22
2024w18,2.7895880684074985,2.660127387965826,0.1294606804416727,TRUE,pm25,M1: SDID Centro+Belisario,SDID,2024-04-29
2024w19,3.204871625238134,3.0656259871877283,0.13924563805040568,TRUE,pm25,M1: SDID Centro+Belisario,SDID,2024-05-06
2024w20,3.2125502916391504,3.0189446049713706,0.19360568666777977,TRUE,pm25,M1: SDID Centro+Belisario,SDID,2024-05-13
2024w21,2.65081917433081,2.5145969590135047,0.13622221531730538,TRUE,pm25,M1: SDID Centro+Belisario,SDID,2024-05-20
2024w22,2.944118629786159,2.694895554927845,0.24922307485831396,TRUE,pm25,M1: SDID Centro+Belisario,SDID,2024-05-27
2024w23,2.827973850497013,2.6924700922981146,0.13550375819889826,TRUE,pm25,M1: SDID Centro+Belisario,SDID,2024-06-03
2024w24,2.9936303392594796,2.671157423216653,0.3224729160428268,TRUE,pm25,M1: SDID Centro+Belisario,SDID,2024-06-10
2024w25,3.1558223074907494,2.986321540471435,0.1695007670193145,TRUE,pm25,M1: SDID Centro+Belisario,SDID,2024-06-17
2024w26,2.7984413515336515,2.850506726009968,-0.05206537447631643,TRUE,pm25,M1: SDID Centro+Belisario,SDID,2024-06-24
2024w27,2.8151033726922097,2.710749843097717,0.10435352959449284,TRUE,pm25,M1: SDID Centro+Belisario,SDID,2024-07-01
2024w28,2.7337257501325274,2.907510285878563,-0.17378453574603547,TRUE,pm25,M1: SDID Centro+Belisario,SDID,2024-07-08
2024w29,2.1061375485578244,2.7738854637811277,-0.6677479152233032,TRUE,pm25,M1: SDID Centro+Belisario,SDID,2024-07-15
2024w30,2.6456777267245504,2.9582711450137182,-0.31259341828916787,TRUE,pm25,M1: SDID Centro+Belisario,SDID,2024-07-22
2024w31,2.5478878112374135,2.828950590497711,-0.28106277926029755,TRUE,pm25,M1: SDID Centro+Belisario,SDID,2024-07-29
2024w32,2.969033292149879,2.9709371187423765,-0.0019038265924975484,TRUE,pm25,M1: SDID Centro+Belisario,SDID,2024-08-05
2024w33,2.21662260154376,2.7453677952907336,-0.5287451937469738,TRUE,pm25,M1: SDID Centro+Belisario,SDID,2024-08-12
2024w34,2.4192089451857135,2.857137552546291,-0.4379286073605777,TRUE,pm25,M1: SDID Centro+Belisario,SDID,2024-08-19
2024w35,2.60670070725744,2.796659132071036,-0.1899584248135957,TRUE,pm25,M1: SDID Centro+Belisario,SDID,2024-08-26
2024w36,2.8874961416573095,3.216088878094829,-0.3285927364375194,TRUE,pm25,M1: SDID Centro+Belisario,SDID,2024-09-02
2024w37,2.9530229655812263,2.946912644515823,0.0061103210654032125,TRUE,pm25,M1: SDID Centro+Belisario,SDID,2024-09-09
2024w52,3.019955605663479,2.7582591420243228,0.2616964636391561,TRUE,pm25,M1: SDID Centro+Belisario,SDID,2024-12-23
2025w01,2.483116978579534,2.2148326395906484,0.2682843389888858,TRUE,pm25,M1: SDID Centro+Belisario,SDID,2024-12-30
2025w02,2.9443858334605726,2.4323236826499004,0.5120621508106722,TRUE,pm25,M1: SDID Centro+Belisario,SDID,2025-01-06
2025w10,2.600585249582088,2.522099355126297,0.0784858944557909,TRUE,pm25,M1: SDID Centro+Belisario,SDID,2025-03-03
2025w11,3.060527879986934,2.6899093044534235,0.3706185755335105,TRUE,pm25,M1: SDID Centro+Belisario,SDID,2025-03-10
2025w12,3.03002286962697,2.777923375175389,0.2520994944515813,TRUE,pm25,M1: SDID Centro+Belisario,SDID,2025-03-17
2025w13,2.8670013234864,2.7842691124125474,0.08273221107385265,TRUE,pm25,M1: SDID Centro+Belisario,SDID,2025-03-24
2025w14,2.8613451872069002,2.7436045402210554,0.11774064698584485,TRUE,pm25,M1: SDID Centro+Belisario,SDID,2025-03-31
2022w48,2.7579971202255957,2.7237453170869173,0.03425180313867848,FALSE,pm25,M2: SDID Centro (Bel. dropped),SDID,2022-11-28
2022w49,3.199051871751523,3.070783023009687,0.12826884874183575,FALSE,pm25,M2: SDID Centro (Bel. dropped),SDID,2022-12-05
2022w50,3.053145712769096,2.9318673019760735,0.12127841079302248,FALSE,pm25,M2: SDID Centro (Bel. dropped),SDID,2022-12-12
2022w51,3.144277533144954,3.045496773480319,0.09878075966463529,FALSE,pm25,M2: SDID Centro (Bel. dropped),SDID,2022-12-19
2022w52,3.181791806340971,2.929351979840987,0.25243982649998387,FALSE,pm25,M2: SDID Centro (Bel. dropped),SDID,2022-12-26
2023w01,3.243486733808102,3.036265005033992,0.20722172877411005,FALSE,pm25,M2: SDID Centro (Bel. dropped),SDID,2023-01-02
2023w02,3.0709355853025584,2.7811541264603017,0.2897814588422567,FALSE,pm25,M2: SDID Centro (Bel. dropped),SDID,2023-01-09
2023w03,2.832661105867178,2.7028480536523176,0.1298130522148604,FALSE,pm25,M2: SDID Centro (Bel. dropped),SDID,2023-01-16
2023w04,2.8403066592950768,2.6965168467476217,0.14378981254745504,FALSE,pm25,M2: SDID Centro (Bel. dropped),SDID,2023-01-23
2023w05,3.0903544546517776,2.8202612049619122,0.27009324968986537,FALSE,pm25,M2: SDID Centro (Bel. dropped),SDID,2023-01-30
2023w06,3.011581331419953,2.8831763389020972,0.12840499251785564,FALSE,pm25,M2: SDID Centro (Bel. dropped),SDID,2023-02-06
2023w07,3.0136279794618863,2.6826566078373966,0.33097137162448975,FALSE,pm25,M2: SDID Centro (Bel. dropped),SDID,2023-02-13
2023w08,2.973928246880956,2.845517891944108,0.12841035493684805,FALSE,pm25,M2: SDID Centro (Bel. dropped),SDID,2023-02-20
2023w09,2.9376718011357923,2.87131001898961,0.06636178214618216,FALSE,pm25,M2: SDID Centro (Bel. dropped),SDID,2023-02-27
2023w10,2.932723327797721,2.5276408598401714,0.40508246795754976,FALSE,pm25,M2: SDID Centro (Bel. dropped),SDID,2023-03-06
2023w11,2.9123824721589413,2.7782589765028343,0.13412349565610704,FALSE,pm25,M2: SDID Centro (Bel. dropped),SDID,2023-03-13
2023w12,3.012680214826445,2.8033817620213837,0.20929845280506143,FALSE,pm25,M2: SDID Centro (Bel. dropped),SDID,2023-03-20
2023w13,3.2232859337933677,2.9249976442927585,0.29828828950060915,FALSE,pm25,M2: SDID Centro (Bel. dropped),SDID,2023-03-27
2023w14,3.1292778378132664,2.5726439054074035,0.5566339324058629,FALSE,pm25,M2: SDID Centro (Bel. dropped),SDID,2023-04-03
2023w15,2.9717643855049607,2.7095642783449145,0.26220010716004616,FALSE,pm25,M2: SDID Centro (Bel. dropped),SDID,2023-04-10
2023w16,2.8862320668548733,2.729988494501682,0.15624357235319142,FALSE,pm25,M2: SDID Centro (Bel. dropped),SDID,2023-04-17
2023w17,3.105950527947294,2.750711534831886,0.3552389931154081,FALSE,pm25,M2: SDID Centro (Bel. dropped),SDID,2023-04-24
2023w18,2.1836228368190347,2.553329697852409,-0.36970686103337425,FALSE,pm25,M2: SDID Centro (Bel. dropped),SDID,2023-05-01
2023w19,2.8947883391651232,2.8954956453732645,-7.073062081413006e-4,FALSE,pm25,M2: SDID Centro (Bel. dropped),SDID,2023-05-08
2023w20,3.074452656128201,2.867004013186153,0.2074486429420479,FALSE,pm25,M2: SDID Centro (Bel. dropped),SDID,2023-05-15
2023w21,3.0674558987578986,2.7623345192343622,0.30512137952353635,FALSE,pm25,M2: SDID Centro (Bel. dropped),SDID,2023-05-22
2023w22,2.991977904373916,2.8048395272883697,0.18713837708554637,FALSE,pm25,M2: SDID Centro (Bel. dropped),SDID,2023-05-29
2023w23,3.250092091415894,2.9092336658152607,0.3408584256006333,FALSE,pm25,M2: SDID Centro (Bel. dropped),SDID,2023-06-05
2023w24,2.8594966393152728,2.8206560154107607,0.03884062390451204,FALSE,pm25,M2: SDID Centro (Bel. dropped),SDID,2023-06-12
2023w25,2.535160791315357,2.718085372329275,-0.18292458101391773,FALSE,pm25,M2: SDID Centro (Bel. dropped),SDID,2023-06-19
2023w26,2.5702376784501775,2.8182693980884626,-0.24803171963828508,FALSE,pm25,M2: SDID Centro (Bel. dropped),SDID,2023-06-26
2023w27,3.2811321240802185,2.8541873044748494,0.4269448196053691,FALSE,pm25,M2: SDID Centro (Bel. dropped),SDID,2023-07-03
2023w28,2.9607328254116525,2.8404870148134025,0.12024581059825001,FALSE,pm25,M2: SDID Centro (Bel. dropped),SDID,2023-07-10
2023w29,2.193717060863882,2.648074186180943,-0.4543571253170611,FALSE,pm25,M2: SDID Centro (Bel. dropped),SDID,2023-07-17
2023w30,2.8374485227025508,2.870815180528749,-0.03336665782619841,FALSE,pm25,M2: SDID Centro (Bel. dropped),SDID,2023-07-24
2023w31,2.3664920919919257,2.651552285648763,-0.2850601936568373,FALSE,pm25,M2: SDID Centro (Bel. dropped),SDID,2023-07-31
2023w32,2.179416696250781,2.698676582882567,-0.5192598866317861,FALSE,pm25,M2: SDID Centro (Bel. dropped),SDID,2023-08-07
2023w33,3.3234369216439505,2.880243240590656,0.4431936810532946,FALSE,pm25,M2: SDID Centro (Bel. dropped),SDID,2023-08-14
2023w34,3.1178435528804607,2.740557080158556,0.3772864727219045,FALSE,pm25,M2: SDID Centro (Bel. dropped),SDID,2023-08-21
2023w35,2.3945852019784657,2.750259923351472,-0.35567472137300626,FALSE,pm25,M2: SDID Centro (Bel. dropped),SDID,2023-08-28
2023w36,2.4233534641879517,2.712327068762778,-0.2889736045748261,FALSE,pm25,M2: SDID Centro (Bel. dropped),SDID,2023-09-04
2023w37,2.5297856626011126,2.784239117035447,-0.2544534544343344,FALSE,pm25,M2: SDID Centro (Bel. dropped),SDID,2023-09-11
2023w38,2.4704778136252585,2.8099688075432487,-0.3394909939179902,FALSE,pm25,M2: SDID Centro (Bel. dropped),SDID,2023-09-18
2023w39,3.0922494729419143,2.930802920160784,0.1614465527811304,FALSE,pm25,M2: SDID Centro (Bel. dropped),SDID,2023-09-25
2023w40,3.3939883381238127,2.960458626263385,0.43352971186042755,FALSE,pm25,M2: SDID Centro (Bel. dropped),SDID,2023-10-02
2023w41,3.0678445530771983,3.17453938125894,-0.10669482818174192,FALSE,pm25,M2: SDID Centro (Bel. dropped),SDID,2023-10-09
2023w42,2.960952618334009,2.9863013580042854,-0.025348739670276288,FALSE,pm25,M2: SDID Centro (Bel. dropped),SDID,2023-10-16
2023w43,3.070235193194364,2.7317489786865536,0.33848621450781025,FALSE,pm25,M2: SDID Centro (Bel. dropped),SDID,2023-10-23
2023w44,3.148610320125519,2.732370509196197,0.41623981092932194,FALSE,pm25,M2: SDID Centro (Bel. dropped),SDID,2023-10-30
2023w45,2.5530207931367217,2.4924870123747827,0.06053378076193905,FALSE,pm25,M2: SDID Centro (Bel. dropped),SDID,2023-11-06
2023w46,3.0960997955307845,2.6389730632713664,0.45712673225941813,FALSE,pm25,M2: SDID Centro (Bel. dropped),SDID,2023-11-13
2023w47,2.830070708959937,2.4481127508038965,0.3819579581560406,FALSE,pm25,M2: SDID Centro (Bel. dropped),SDID,2023-11-20
2023w48,2.9667293797327963,2.69740927237459,0.26932010735820633,FALSE,pm25,M2: SDID Centro (Bel. dropped),SDID,2023-11-27
2023w49,3.048054219040037,2.732464180823163,0.3155900382168739,TRUE,pm25,M2: SDID Centro (Bel. dropped),SDID,2023-12-04
2023w50,2.9816099639239577,2.8096850856436006,0.17192487828035707,TRUE,pm25,M2: SDID Centro (Bel. dropped),SDID,2023-12-11
2023w51,3.337827910364225,2.731992311328326,0.605835599035899,TRUE,pm25,M2: SDID Centro (Bel. dropped),SDID,2023-12-18
2023w52,2.7754927018010567,2.744408664377569,0.031084037423487754,TRUE,pm25,M2: SDID Centro (Bel. dropped),SDID,2023-12-25
2024w01,3.738742607818471,2.950495903424923,0.7882467043935479,TRUE,pm25,M2: SDID Centro (Bel. dropped),SDID,2024-01-01
2024w02,3.0082965021621892,2.817616107465642,0.1906803946965474,TRUE,pm25,M2: SDID Centro (Bel. dropped),SDID,2024-01-08
2024w03,2.64948044998245,2.7162825060398568,-0.06680205605740674,TRUE,pm25,M2: SDID Centro (Bel. dropped),SDID,2024-01-15
2024w04,2.4580203003356895,2.646257843871308,-0.18823754353561828,TRUE,pm25,M2: SDID Centro (Bel. dropped),SDID,2024-01-22
2024w05,2.9294673832457634,2.9948972588381295,-0.06542987559236613,TRUE,pm25,M2: SDID Centro (Bel. dropped),SDID,2024-01-29
2024w06,2.923359976585868,2.798655602020882,0.12470437456498606,TRUE,pm25,M2: SDID Centro (Bel. dropped),SDID,2024-02-05
2024w07,2.2333376841691956,2.4556113250440013,-0.2222736408748056,TRUE,pm25,M2: SDID Centro (Bel. dropped),SDID,2024-02-12
2024w08,2.806753466538052,2.7173135916308553,0.08943987490719651,TRUE,pm25,M2: SDID Centro (Bel. dropped),SDID,2024-02-19
2024w09,3.188143557823021,2.9171139823891465,0.2710295754338743,TRUE,pm25,M2: SDID Centro (Bel. dropped),SDID,2024-02-26
2024w10,3.0549668827208185,2.970600200560086,0.08436668216073251,TRUE,pm25,M2: SDID Centro (Bel. dropped),SDID,2024-03-04
2024w11,2.737180668120746,2.723143313782498,0.01403735433824771,TRUE,pm25,M2: SDID Centro (Bel. dropped),SDID,2024-03-11
2024w12,3.0614946998528296,3.0314730042416893,0.03002169561114032,TRUE,pm25,M2: SDID Centro (Bel. dropped),SDID,2024-03-18
2024w13,3.26508085735778,2.881027296657958,0.3840535606998219,TRUE,pm25,M2: SDID Centro (Bel. dropped),SDID,2024-03-25
2024w14,3.320751113375617,2.8523599689044725,0.4683911444711444,TRUE,pm25,M2: SDID Centro (Bel. dropped),SDID,2024-04-01
2024w15,2.9864748172408078,3.0765602153245553,-0.09008539808374749,TRUE,pm25,M2: SDID Centro (Bel. dropped),SDID,2024-04-08
2024w16,2.8402671410824283,2.8439148884667094,-0.003647747384281086,TRUE,pm25,M2: SDID Centro (Bel. dropped),SDID,2024-04-15
2024w17,2.9317176682233033,2.8049016814279595,0.12681598679534378,TRUE,pm25,M2: SDID Centro (Bel. dropped),SDID,2024-04-22
2024w18,2.653995995549351,2.6585925946015876,-0.004596599052236527,TRUE,pm25,M2: SDID Centro (Bel. dropped),SDID,2024-04-29
2024w19,3.201010838333722,3.0634587481382654,0.13755209019545678,TRUE,pm25,M2: SDID Centro (Bel. dropped),SDID,2024-05-06
2024w20,3.099653609767096,3.0200841100532263,0.07956949971386962,TRUE,pm25,M2: SDID Centro (Bel. dropped),SDID,2024-05-13
2024w21,2.715965579003838,2.515542387499607,0.20042319150423094,TRUE,pm25,M2: SDID Centro (Bel. dropped),SDID,2024-05-20
2024w22,2.8894126155442037,2.69429524867806,0.1951173668661439,TRUE,pm25,M2: SDID Centro (Bel. dropped),SDID,2024-05-27
2024w23,2.7811826294561306,2.690143917770181,0.09103871168594946,TRUE,pm25,M2: SDID Centro (Bel. dropped),SDID,2024-06-03
2024w24,2.8685261658600774,2.6727588464889114,0.19576731937116598,TRUE,pm25,M2: SDID Centro (Bel. dropped),SDID,2024-06-10
2024w25,3.1696747397085416,2.986024960760242,0.1836497789482996,TRUE,pm25,M2: SDID Centro (Bel. dropped),SDID,2024-06-17
2024w26,2.6191911353985717,2.8499291836409277,-0.230738048242356,TRUE,pm25,M2: SDID Centro (Bel. dropped),SDID,2024-06-24
2024w27,2.7358416778939443,2.7100161990678124,0.025825478826131842,TRUE,pm25,M2: SDID Centro (Bel. dropped),SDID,2024-07-01
2024w28,2.6170328109512178,2.903374020285478,-0.2863412093342603,TRUE,pm25,M2: SDID Centro (Bel. dropped),SDID,2024-07-08
2024w29,1.8551686698743095,2.7703935291253665,-0.915224859251057,TRUE,pm25,M2: SDID Centro (Bel. dropped),SDID,2024-07-15
2024w30,2.5374185167375685,2.955128318986227,-0.4177098022486585,TRUE,pm25,M2: SDID Centro (Bel. dropped),SDID,2024-07-22
2024w31,2.4584812101823688,2.825688444232058,-0.367207234049689,TRUE,pm25,M2: SDID Centro (Bel. dropped),SDID,2024-07-29
2024w32,2.854451728571704,2.9696670268951753,-0.11521529832347133,TRUE,pm25,M2: SDID Centro (Bel. dropped),SDID,2024-08-05
2024w33,2.059386324064935,2.7421553692142395,-0.6827690451493047,TRUE,pm25,M2: SDID Centro (Bel. dropped),SDID,2024-08-12
2024w34,2.20980862302077,2.8538521967757626,-0.6440435737549928,TRUE,pm25,M2: SDID Centro (Bel. dropped),SDID,2024-08-19
2024w35,2.588842715051418,2.793584457595861,-0.20474174254444266,TRUE,pm25,M2: SDID Centro (Bel. dropped),SDID,2024-08-26
2024w36,2.6956828281504,3.2151526550697924,-0.5194698269193925,TRUE,pm25,M2: SDID Centro (Bel. dropped),SDID,2024-09-02
2024w37,2.4256042230413106,2.944534548226614,-0.5189303251853032,TRUE,pm25,M2: SDID Centro (Bel. dropped),SDID,2024-09-09
2024w52,2.964460486403472,2.7623986691952296,0.20206181720824246,TRUE,pm25,M2: SDID Centro (Bel. dropped),SDID,2024-12-23
2025w01,2.461262286410409,2.2181103932035526,0.24315189320685615,TRUE,pm25,M2: SDID Centro (Bel. dropped),SDID,2024-12-30
2025w02,2.8289998461127275,2.4247799842662308,0.4042198618464967,TRUE,pm25,M2: SDID Centro (Bel. dropped),SDID,2025-01-06
2025w10,2.501670420367895,2.5210058398606088,-0.01933541949271378,TRUE,pm25,M2: SDID Centro (Bel. dropped),SDID,2025-03-03
2025w11,3.076063290047581,2.6917109447847976,0.3843523452627835,TRUE,pm25,M2: SDID Centro (Bel. dropped),SDID,2025-03-10
2025w12,2.9606673463081816,2.777265282392691,0.18340206391549074,TRUE,pm25,M2: SDID Centro (Bel. dropped),SDID,2025-03-17
2025w13,2.7449263882114936,2.7843431508977172,-0.03941676268622363,TRUE,pm25,M2: SDID Centro (Bel. dropped),SDID,2025-03-24
2025w14,2.748927126384465,2.7454318278789462,0.0034952985055185515,TRUE,pm25,M2: SDID Centro (Bel. dropped),SDID,2025-03-31
2022w48,2.7579971202255957,2.7706349598458484,-0.012637839620252667,FALSE,pm25,M2b: SDID Centro (Bel. in pool),SDID,2022-11-28
2022w49,3.199051871751523,3.07223277358147,0.12681909817005277,FALSE,pm25,M2b: SDID Centro (Bel. in pool),SDID,2022-12-05
2022w50,3.053145712769096,2.9783236276350387,0.0748220851340573,FALSE,pm25,M2b: SDID Centro (Bel. in pool),SDID,2022-12-12
2022w51,3.144277533144954,3.064997188296822,0.07928034484813207,FALSE,pm25,M2b: SDID Centro (Bel. in pool),SDID,2022-12-19
2022w52,3.181791806340971,2.959904629805362,0.22188717653560897,FALSE,pm25,M2b: SDID Centro (Bel. in pool),SDID,2022-12-26
2023w01,3.243486733808102,3.0767929514957433,0.16669378231235887,FALSE,pm25,M2b: SDID Centro (Bel. in pool),SDID,2023-01-02
2023w02,3.0709355853025584,2.8392909712499748,0.23164461405258363,FALSE,pm25,M2b: SDID Centro (Bel. in pool),SDID,2023-01-09
2023w03,2.832661105867178,2.743334384588966,0.08932672127821206,FALSE,pm25,M2b: SDID Centro (Bel. in pool),SDID,2023-01-16
2023w04,2.8403066592950768,2.6838099395767747,0.15649671971830204,FALSE,pm25,M2b: SDID Centro (Bel. in pool),SDID,2023-01-23
2023w05,3.0903544546517776,2.859349511089215,0.23100494356256274,FALSE,pm25,M2b: SDID Centro (Bel. in pool),SDID,2023-01-30
2023w06,3.011581331419953,2.921196666399266,0.09038466502068676,FALSE,pm25,M2b: SDID Centro (Bel. in pool),SDID,2023-02-06
2023w07,3.0136279794618863,2.7960955182804796,0.21753246118140668,FALSE,pm25,M2b: SDID Centro (Bel. in pool),SDID,2023-02-13
2023w08,2.973928246880956,2.8632515625605657,0.11067668432039035,FALSE,pm25,M2b: SDID Centro (Bel. in pool),SDID,2023-02-20
2023w09,2.9376718011357923,2.919642195919332,0.018029605216460354,FALSE,pm25,M2b: SDID Centro (Bel. in pool),SDID,2023-02-27
2023w10,2.932723327797721,2.644011808795791,0.28871151900193004,FALSE,pm25,M2b: SDID Centro (Bel. in pool),SDID,2023-03-06
2023w11,2.9123824721589413,2.8392371661744944,0.0731453059844469,FALSE,pm25,M2b: SDID Centro (Bel. in pool),SDID,2023-03-13
2023w12,3.012680214826445,2.8830134394692584,0.12966677535718674,FALSE,pm25,M2b: SDID Centro (Bel. in pool),SDID,2023-03-20
2023w13,3.2232859337933677,2.9838935070778403,0.2393924267155274,FALSE,pm25,M2b: SDID Centro (Bel. in pool),SDID,2023-03-27
2023w14,3.1292778378132664,2.6589654673155496,0.4703123704977168,FALSE,pm25,M2b: SDID Centro (Bel. in pool),SDID,2023-04-03
2023w15,2.9717643855049607,2.7152823096851053,0.2564820758198554,FALSE,pm25,M2b: SDID Centro (Bel. in pool),SDID,2023-04-10
2023w16,2.8862320668548733,2.7925161664417244,0.09371590041314892,FALSE,pm25,M2b: SDID Centro (Bel. in pool),SDID,2023-04-17
2023w17,3.105950527947294,2.804141200112156,0.3018093278351377,FALSE,pm25,M2b: SDID Centro (Bel. in pool),SDID,2023-04-24
2023w18,2.1836228368190347,2.471018408184681,-0.2873955713656464,FALSE,pm25,M2b: SDID Centro (Bel. in pool),SDID,2023-05-01
2023w19,2.8947883391651232,2.88226026341882,0.012528075746303102,FALSE,pm25,M2b: SDID Centro (Bel. in pool),SDID,2023-05-08
2023w20,3.074452656128201,2.930657402060853,0.14379525406734794,FALSE,pm25,M2b: SDID Centro (Bel. in pool),SDID,2023-05-15
2023w21,3.0674558987578986,2.8204480957248106,0.247007803033088,FALSE,pm25,M2b: SDID Centro (Bel. in pool),SDID,2023-05-22
2023w22,2.991977904373916,2.825826812431958,0.1661510919419582,FALSE,pm25,M2b: SDID Centro (Bel. in pool),SDID,2023-05-29
2023w23,3.250092091415894,2.943331910462578,0.30676018095331603,FALSE,pm25,M2b: SDID Centro (Bel. in pool),SDID,2023-06-05
2023w24,2.8594966393152728,2.8052625336884067,0.054234105626866036,FALSE,pm25,M2b: SDID Centro (Bel. in pool),SDID,2023-06-12
2023w25,2.535160791315357,2.650284388456912,-0.11512359714155496,FALSE,pm25,M2b: SDID Centro (Bel. in pool),SDID,2023-06-19
2023w26,2.5702376784501775,2.7709166863127392,-0.20067900786256176,FALSE,pm25,M2b: SDID Centro (Bel. in pool),SDID,2023-06-26
2023w27,3.2811321240802185,2.924085703360865,0.35704642071935355,FALSE,pm25,M2b: SDID Centro (Bel. in pool),SDID,2023-07-03
2023w28,2.9607328254116525,2.863742263176551,0.0969905622351015,FALSE,pm25,M2b: SDID Centro (Bel. in pool),SDID,2023-07-10
2023w29,2.193717060863882,2.5819802633255238,-0.3882632024616419,FALSE,pm25,M2b: SDID Centro (Bel. in pool),SDID,2023-07-17
2023w30,2.8374485227025508,2.8265433305208014,0.010905192181749346,FALSE,pm25,M2b: SDID Centro (Bel. in pool),SDID,2023-07-24
2023w31,2.3664920919919257,2.5849267147482413,-0.21843462275631564,FALSE,pm25,M2b: SDID Centro (Bel. in pool),SDID,2023-07-31
2023w32,2.179416696250781,2.5833598647003693,-0.40394316844958844,FALSE,pm25,M2b: SDID Centro (Bel. in pool),SDID,2023-08-07
2023w33,3.3234369216439505,2.949905106919175,0.3735318147247755,FALSE,pm25,M2b: SDID Centro (Bel. in pool),SDID,2023-08-14
2023w34,3.1178435528804607,2.727280274143015,0.3905632787374458,FALSE,pm25,M2b: SDID Centro (Bel. in pool),SDID,2023-08-21
2023w35,2.3945852019784657,2.7041746515013445,-0.3095894495228788,FALSE,pm25,M2b: SDID Centro (Bel. in pool),SDID,2023-08-28
2023w36,2.4233534641879517,2.677994168986052,-0.2546407047981001,FALSE,pm25,M2b: SDID Centro (Bel. in pool),SDID,2023-09-04
2023w37,2.5297856626011126,2.740524338079531,-0.21073867547841862,FALSE,pm25,M2b: SDID Centro (Bel. in pool),SDID,2023-09-11
2023w38,2.4704778136252585,2.7441249480387224,-0.2736471344134639,FALSE,pm25,M2b: SDID Centro (Bel. in pool),SDID,2023-09-18
2023w39,3.0922494729419143,2.915616390874026,0.1766330820678883,FALSE,pm25,M2b: SDID Centro (Bel. in pool),SDID,2023-09-25
2023w40,3.3939883381238127,3.0268898851242123,0.3670984529996004,FALSE,pm25,M2b: SDID Centro (Bel. in pool),SDID,2023-10-02
2023w41,3.0678445530771983,3.1100277734665127,-0.042183220389314435,FALSE,pm25,M2b: SDID Centro (Bel. in pool),SDID,2023-10-09
2023w42,2.960952618334009,2.964512062686094,-0.003559444352084995,FALSE,pm25,M2b: SDID Centro (Bel. in pool),SDID,2023-10-16
2023w43,3.070235193194364,2.744694433581313,0.32554075961305085,FALSE,pm25,M2b: SDID Centro (Bel. in pool),SDID,2023-10-23
2023w44,3.148610320125519,2.727076808014738,0.42153351211078105,FALSE,pm25,M2b: SDID Centro (Bel. in pool),SDID,2023-10-30
2023w45,2.5530207931367217,2.503727318660159,0.049293474476562515,FALSE,pm25,M2b: SDID Centro (Bel. in pool),SDID,2023-11-06
2023w46,3.0960997955307845,2.6821658597004427,0.41393393583034177,FALSE,pm25,M2b: SDID Centro (Bel. in pool),SDID,2023-11-13
2023w47,2.830070708959937,2.5372801199005033,0.2927905890594338,FALSE,pm25,M2b: SDID Centro (Bel. in pool),SDID,2023-11-20
2023w48,2.9667293797327963,2.712335994211678,0.25439338552111845,FALSE,pm25,M2b: SDID Centro (Bel. in pool),SDID,2023-11-27
2023w49,3.048054219040037,2.773244428402439,0.2748097906375979,TRUE,pm25,M2b: SDID Centro (Bel. in pool),SDID,2023-12-04
2023w50,2.9816099639239577,2.8431635487619626,0.13844641516199507,TRUE,pm25,M2b: SDID Centro (Bel. in pool),SDID,2023-12-11
2023w51,3.337827910364225,2.8093501762704407,0.5284777340937845,TRUE,pm25,M2b: SDID Centro (Bel. in pool),SDID,2023-12-18
2023w52,2.7754927018010567,2.6670836593177483,0.1084090424833084,TRUE,pm25,M2b: SDID Centro (Bel. in pool),SDID,2023-12-25
2024w01,3.738742607818471,3.0665184445020497,0.6722241633164212,TRUE,pm25,M2b: SDID Centro (Bel. in pool),SDID,2024-01-01
2024w02,3.0082965021621892,2.7842125667594235,0.22408393540276572,TRUE,pm25,M2b: SDID Centro (Bel. in pool),SDID,2024-01-08
2024w03,2.64948044998245,2.6373625227237003,0.012117927258749717,TRUE,pm25,M2b: SDID Centro (Bel. in pool),SDID,2024-01-15
2024w04,2.4580203003356895,2.6191675767426537,-0.16114727640696414,TRUE,pm25,M2b: SDID Centro (Bel. in pool),SDID,2024-01-22
2024w05,2.9294673832457634,3.005286841214944,-0.07581945796918044,TRUE,pm25,M2b: SDID Centro (Bel. in pool),SDID,2024-01-29
2024w06,2.923359976585868,2.8159221694845686,0.10743780710129958,TRUE,pm25,M2b: SDID Centro (Bel. in pool),SDID,2024-02-05
2024w07,2.2333376841691956,2.4248959393195615,-0.19155825515036584,TRUE,pm25,M2b: SDID Centro (Bel. in pool),SDID,2024-02-12
2024w08,2.806753466538052,2.778556383215062,0.02819708332298987,TRUE,pm25,M2b: SDID Centro (Bel. in pool),SDID,2024-02-19
2024w09,3.188143557823021,2.9563100558069104,0.23183350201611042,TRUE,pm25,M2b: SDID Centro (Bel. in pool),SDID,2024-02-26
2024w10,3.0549668827208185,2.99335586103534,0.061611021685478384,TRUE,pm25,M2b: SDID Centro (Bel. in pool),SDID,2024-03-04
2024w11,2.737180668120746,2.7728067833320695,-0.03562611521132375,TRUE,pm25,M2b: SDID Centro (Bel. in pool),SDID,2024-03-11
2024w12,3.0614946998528296,3.0441901760524592,0.017304523800370397,TRUE,pm25,M2b: SDID Centro (Bel. in pool),SDID,2024-03-18
2024w13,3.26508085735778,2.944472523756896,0.32060833360088425,TRUE,pm25,M2b: SDID Centro (Bel. in pool),SDID,2024-03-25
2024w14,3.320751113375617,2.9161427365860284,0.4046083767895885,TRUE,pm25,M2b: SDID Centro (Bel. in pool),SDID,2024-04-01
2024w15,2.9864748172408078,3.0572266108131,-0.07075179357229233,TRUE,pm25,M2b: SDID Centro (Bel. in pool),SDID,2024-04-08
2024w16,2.8402671410824283,2.923511829564007,-0.08324468848157851,TRUE,pm25,M2b: SDID Centro (Bel. in pool),SDID,2024-04-15
2024w17,2.9317176682233033,2.847141353155139,0.08457631506816421,TRUE,pm25,M2b: SDID Centro (Bel. in pool),SDID,2024-04-22
2024w18,2.653995995549351,2.717125311807359,-0.06312931625800777,TRUE,pm25,M2b: SDID Centro (Bel. in pool),SDID,2024-04-29
2024w19,3.201010838333722,3.0960592565124534,0.10495158182126874,TRUE,pm25,M2b: SDID Centro (Bel. in pool),SDID,2024-05-06
2024w20,3.099653609767096,3.0854031968003324,0.014250412966763548,TRUE,pm25,M2b: SDID Centro (Bel. in pool),SDID,2024-05-13
2024w21,2.715965579003838,2.5305065843969174,0.1854589946069205,TRUE,pm25,M2b: SDID Centro (Bel. in pool),SDID,2024-05-20
2024w22,2.8894126155442037,2.75957115417063,0.12984146137357389,TRUE,pm25,M2b: SDID Centro (Bel. in pool),SDID,2024-05-27
2024w23,2.7811826294561306,2.730484172344249,0.05069845711188181,TRUE,pm25,M2b: SDID Centro (Bel. in pool),SDID,2024-06-03
2024w24,2.8685261658600774,2.7666734390694976,0.10185272679057977,TRUE,pm25,M2b: SDID Centro (Bel. in pool),SDID,2024-06-10
2024w25,3.1696747397085416,3.019392304222094,0.1502824354864476,TRUE,pm25,M2b: SDID Centro (Bel. in pool),SDID,2024-06-17
2024w26,2.6191911353985717,2.878095298342383,-0.25890416294381113,TRUE,pm25,M2b: SDID Centro (Bel. in pool),SDID,2024-06-24
2024w27,2.7358416778939443,2.7505519406268473,-0.01471026273290299,TRUE,pm25,M2b: SDID Centro (Bel. in pool),SDID,2024-07-01
2024w28,2.6170328109512178,2.8957861668190104,-0.2787533558677926,TRUE,pm25,M2b: SDID Centro (Bel. in pool),SDID,2024-07-08
2024w29,1.8551686698743095,2.6862210998482112,-0.8310524299739017,TRUE,pm25,M2b: SDID Centro (Bel. in pool),SDID,2024-07-15
2024w30,2.5374185167375685,2.9148090342008905,-0.3773905174633221,TRUE,pm25,M2b: SDID Centro (Bel. in pool),SDID,2024-07-22
2024w31,2.4584812101823688,2.787578103920069,-0.3290968937377001,TRUE,pm25,M2b: SDID Centro (Bel. in pool),SDID,2024-07-29
2024w32,2.854451728571704,2.9945502969069784,-0.14009856833527445,TRUE,pm25,M2b: SDID Centro (Bel. in pool),SDID,2024-08-05
2024w33,2.059386324064935,2.6669864839839548,-0.6076001599190199,TRUE,pm25,M2b: SDID Centro (Bel. in pool),SDID,2024-08-12
2024w34,2.20980862302077,2.8087588951414966,-0.5989502721207267,TRUE,pm25,M2b: SDID Centro (Bel. in pool),SDID,2024-08-19
2024w35,2.588842715051418,2.759915128896331,-0.17107241384491267,TRUE,pm25,M2b: SDID Centro (Bel. in pool),SDID,2024-08-26
2024w36,2.6956828281504,3.187742472512581,-0.4920596443621812,TRUE,pm25,M2b: SDID Centro (Bel. in pool),SDID,2024-09-02
2024w37,2.4256042230413106,3.0601168804838306,-0.63451265744252,TRUE,pm25,M2b: SDID Centro (Bel. in pool),SDID,2024-09-09
2024w52,2.964460486403472,2.8264590627945676,0.13800142360890444,TRUE,pm25,M2b: SDID Centro (Bel. in pool),SDID,2024-12-23
2025w01,2.461262286410409,2.276930315329722,0.18433197108068677,TRUE,pm25,M2b: SDID Centro (Bel. in pool),SDID,2024-12-30
2025w02,2.8289998461127275,2.560968738571563,0.26803110754116455,TRUE,pm25,M2b: SDID Centro (Bel. in pool),SDID,2025-01-06
2025w10,2.501670420367895,2.558809960487573,-0.057139540119678145,TRUE,pm25,M2b: SDID Centro (Bel. in pool),SDID,2025-03-03
2025w11,3.076063290047581,2.7645951742386567,0.3114681158089243,TRUE,pm25,M2b: SDID Centro (Bel. in pool),SDID,2025-03-10
2025w12,2.9606673463081816,2.8472365381681883,0.11343080813999329,TRUE,pm25,M2b: SDID Centro (Bel. in pool),SDID,2025-03-17
2025w13,2.7449263882114936,2.828929933501623,-0.08400354529012954,TRUE,pm25,M2b: SDID Centro (Bel. in pool),SDID,2025-03-24
2025w14,2.748927126384465,2.79439242052422,-0.04546529413975531,TRUE,pm25,M2b: SDID Centro (Bel. in pool),SDID,2025-03-31
2022w48,2.9509006315197692,2.7279215052659627,0.22297912625380656,FALSE,pm25,M3: SDID Belisario (Centro dropped),SDID,2022-11-28
2022w49,3.0800347436938247,3.072617383514619,0.007417360179205801,FALSE,pm25,M3: SDID Belisario (Centro dropped),SDID,2022-12-05
2022w50,3.153715442744522,2.933226733472627,0.220488709271895,FALSE,pm25,M3: SDID Belisario (Centro dropped),SDID,2022-12-12
2022w51,3.1377578513566426,3.046879466454338,0.09087838490230471,FALSE,pm25,M3: SDID Belisario (Centro dropped),SDID,2022-12-19
2022w52,3.0799669713553186,2.9345296011680984,0.14543737018722025,FALSE,pm25,M3: SDID Belisario (Centro dropped),SDID,2022-12-26
2023w01,3.234004987789963,3.040116946592811,0.19388804119715175,FALSE,pm25,M3: SDID Belisario (Centro dropped),SDID,2023-01-02
2023w02,3.0566291073283045,2.7823004481631357,0.2743286591651688,FALSE,pm25,M3: SDID Belisario (Centro dropped),SDID,2023-01-09
2023w03,2.902349836205224,2.708078276590614,0.19427155961460985,FALSE,pm25,M3: SDID Belisario (Centro dropped),SDID,2023-01-16
2023w04,2.6305875991927237,2.6935602286913927,-0.062972629498669,FALSE,pm25,M3: SDID Belisario (Centro dropped),SDID,2023-01-23
2023w05,3.013348711857365,2.8259017978882155,0.1874469139691497,FALSE,pm25,M3: SDID Belisario (Centro dropped),SDID,2023-01-30
2023w06,3.065945938859723,2.8848296102590503,0.18111632860067273,FALSE,pm25,M3: SDID Belisario (Centro dropped),SDID,2023-02-06
2023w07,3.2256321895939384,2.6865098311535123,0.5391223584404261,FALSE,pm25,M3: SDID Belisario (Centro dropped),SDID,2023-02-13
2023w08,2.93587883574458,2.8498514776327646,0.08602735811181539,FALSE,pm25,M3: SDID Belisario (Centro dropped),SDID,2023-02-20
2023w09,3.092916220009722,2.866190350882637,0.22672586912708503,FALSE,pm25,M3: SDID Belisario (Centro dropped),SDID,2023-02-27
2023w10,3.083680062997667,2.530924372341427,0.5527556906562396,FALSE,pm25,M3: SDID Belisario (Centro dropped),SDID,2023-03-06
2023w11,3.0738521213411305,2.7822646555695956,0.29158746577153494,FALSE,pm25,M3: SDID Belisario (Centro dropped),SDID,2023-03-13
2023w12,3.175035660532754,2.8001438245944774,0.3748918359382767,FALSE,pm25,M3: SDID Belisario (Centro dropped),SDID,2023-03-20
2023w13,3.2036356687827654,2.9249992424537945,0.2786364263289709,FALSE,pm25,M3: SDID Belisario (Centro dropped),SDID,2023-03-27
2023w14,2.9814976605208,2.572849931979302,0.408647728541498,FALSE,pm25,M3: SDID Belisario (Centro dropped),SDID,2023-04-03
2023w15,2.7395226435123434,2.7114655044269136,0.02805713908542984,FALSE,pm25,M3: SDID Belisario (Centro dropped),SDID,2023-04-10
2023w16,3.0296079362619013,2.732702006048895,0.2969059302130064,FALSE,pm25,M3: SDID Belisario (Centro dropped),SDID,2023-04-17
2023w17,2.994671391080215,2.744511655979918,0.2501597351002971,FALSE,pm25,M3: SDID Belisario (Centro dropped),SDID,2023-04-24
2023w18,2.1517434624760026,2.5451590769158567,-0.3934156144398542,FALSE,pm25,M3: SDID Belisario (Centro dropped),SDID,2023-05-01
2023w19,2.835162378089683,2.8978174779266537,-0.0626550998369706,FALSE,pm25,M3: SDID Belisario (Centro dropped),SDID,2023-05-08
2023w20,3.1524823080624023,2.8570332585385088,0.2954490495238935,FALSE,pm25,M3: SDID Belisario (Centro dropped),SDID,2023-05-15
2023w21,3.0411690585044955,2.76515229061784,0.2760167678866554,FALSE,pm25,M3: SDID Belisario (Centro dropped),SDID,2023-05-22
2023w22,2.9033062932526037,2.8041835868261575,0.09912270642644616,FALSE,pm25,M3: SDID Belisario (Centro dropped),SDID,2023-05-29
2023w23,3.065054199719735,2.9057529446764114,0.1593012550433235,FALSE,pm25,M3: SDID Belisario (Centro dropped),SDID,2023-06-05
2023w24,2.7339594681000396,2.811592670110743,-0.07763320201070334,FALSE,pm25,M3: SDID Belisario (Centro dropped),SDID,2023-06-12
2023w25,2.3910889524452483,2.71454702662054,-0.3234580741752917,FALSE,pm25,M3: SDID Belisario (Centro dropped),SDID,2023-06-19
2023w26,2.5877958642639647,2.814485087312554,-0.2266892230485893,FALSE,pm25,M3: SDID Belisario (Centro dropped),SDID,2023-06-26
2023w27,3.1736000825759287,2.846284273842699,0.32731580873322974,FALSE,pm25,M3: SDID Belisario (Centro dropped),SDID,2023-07-03
2023w28,2.9500224647788413,2.840140141653002,0.10988232312583923,FALSE,pm25,M3: SDID Belisario (Centro dropped),SDID,2023-07-10
2023w29,2.3199170792867942,2.638387415743173,-0.3184703364563788,FALSE,pm25,M3: SDID Belisario (Centro dropped),SDID,2023-07-17
2023w30,2.647194306032603,2.861654188829488,-0.2144598827968851,FALSE,pm25,M3: SDID Belisario (Centro dropped),SDID,2023-07-24
2023w31,2.3219037232174493,2.6432681601162864,-0.3213644368988371,FALSE,pm25,M3: SDID Belisario (Centro dropped),SDID,2023-07-31
2023w32,2.1402453223590645,2.690951714706406,-0.5507063923473416,FALSE,pm25,M3: SDID Belisario (Centro dropped),SDID,2023-08-07
2023w33,3.2014028326931583,2.8755231673511754,0.32587966534198287,FALSE,pm25,M3: SDID Belisario (Centro dropped),SDID,2023-08-14
2023w34,2.666360477179531,2.7333638872171733,-0.06700341003764221,FALSE,pm25,M3: SDID Belisario (Centro dropped),SDID,2023-08-21
2023w35,2.5085575022382334,2.7347919456555103,-0.22623444341727694,FALSE,pm25,M3: SDID Belisario (Centro dropped),SDID,2023-08-28
2023w36,2.5303167608358543,2.6996024967519805,-0.16928573591612617,FALSE,pm25,M3: SDID Belisario (Centro dropped),SDID,2023-09-04
2023w37,2.549261933720261,2.7655270898153552,-0.2162651560950941,FALSE,pm25,M3: SDID Belisario (Centro dropped),SDID,2023-09-11
2023w38,2.475074613427384,2.7950210488399607,-0.3199464354125765,FALSE,pm25,M3: SDID Belisario (Centro dropped),SDID,2023-09-18
2023w39,2.817882711685415,2.9032433485162232,-0.08536063683080819,FALSE,pm25,M3: SDID Belisario (Centro dropped),SDID,2023-09-25
2023w40,3.2644765215595872,2.952761167246979,0.3117153543126081,FALSE,pm25,M3: SDID Belisario (Centro dropped),SDID,2023-10-02
2023w41,2.8571257958259717,3.16637584344344,-0.3092500476174682,FALSE,pm25,M3: SDID Belisario (Centro dropped),SDID,2023-10-09
2023w42,2.865341929844968,2.9739764503059387,-0.10863452046097066,FALSE,pm25,M3: SDID Belisario (Centro dropped),SDID,2023-10-16
2023w43,2.778291073283412,2.7209579940396043,0.057333079243807816,FALSE,pm25,M3: SDID Belisario (Centro dropped),SDID,2023-10-23
2023w44,2.705197324908491,2.7309353056814607,-0.02573798077296985,FALSE,pm25,M3: SDID Belisario (Centro dropped),SDID,2023-10-30
2023w45,2.51919112978278,2.4736353442342898,0.045555785548490046,FALSE,pm25,M3: SDID Belisario (Centro dropped),SDID,2023-11-06
2023w46,2.8246416747462693,2.6262375507549387,0.19840412399133056,FALSE,pm25,M3: SDID Belisario (Centro dropped),SDID,2023-11-13
2023w47,2.851280148957765,2.4354973176140553,0.4157828313437095,FALSE,pm25,M3: SDID Belisario (Centro dropped),SDID,2023-11-20
2023w48,2.757139113662718,2.6881332449590274,0.06900586870369052,FALSE,pm25,M3: SDID Belisario (Centro dropped),SDID,2023-11-27
2023w49,2.912052330282725,2.7213771550696717,0.1906751752130531,TRUE,pm25,M3: SDID Belisario (Centro dropped),SDID,2023-12-04
2023w50,2.954750458005639,2.798850536649397,0.15589992135624176,TRUE,pm25,M3: SDID Belisario (Centro dropped),SDID,2023-12-11
2023w51,3.093128031530611,2.7294663002080637,0.3636617313225474,TRUE,pm25,M3: SDID Belisario (Centro dropped),SDID,2023-12-18
2023w52,2.3908507875184064,2.747696056931783,-0.3568452694133768,TRUE,pm25,M3: SDID Belisario (Centro dropped),SDID,2023-12-25
2024w01,3.5115932109083894,2.9599248435350103,0.5516683673733791,TRUE,pm25,M3: SDID Belisario (Centro dropped),SDID,2024-01-01
2024w02,2.661950439840675,2.817174604462976,-0.15522416462230115,TRUE,pm25,M3: SDID Belisario (Centro dropped),SDID,2024-01-08
2024w03,2.338437335216918,2.7135019660122666,-0.37506463079534846,TRUE,pm25,M3: SDID Belisario (Centro dropped),SDID,2024-01-15
2024w04,2.5026638217219794,2.635500827740744,-0.13283700601876447,TRUE,pm25,M3: SDID Belisario (Centro dropped),SDID,2024-01-22
2024w05,3.0401911931059473,2.9919691182869874,0.048222074818959904,TRUE,pm25,M3: SDID Belisario (Centro dropped),SDID,2024-01-29
2024w06,2.864539754905069,2.7870629991423295,0.07747675576273938,TRUE,pm25,M3: SDID Belisario (Centro dropped),SDID,2024-02-05
2024w07,2.3012923673378043,2.448440087609297,-0.1471477202714926,TRUE,pm25,M3: SDID Belisario (Centro dropped),SDID,2024-02-12
2024w08,3.0085196736306345,2.7175719055135317,0.2909477681171029,TRUE,pm25,M3: SDID Belisario (Centro dropped),SDID,2024-02-19
2024w09,3.102086757953267,2.915780648207756,0.18630610974551098,TRUE,pm25,M3: SDID Belisario (Centro dropped),SDID,2024-02-26
2024w10,3.075992723673363,2.967348202053378,0.10864452161998495,TRUE,pm25,M3: SDID Belisario (Centro dropped),SDID,2024-03-04
2024w11,2.9471284412535628,2.7159538506473773,0.2311745906061855,TRUE,pm25,M3: SDID Belisario (Centro dropped),SDID,2024-03-11
2024w12,3.0962115032697066,3.0342192807969095,0.06199222247279712,TRUE,pm25,M3: SDID Belisario (Centro dropped),SDID,2024-03-18
2024w13,3.1771072930802986,2.8787195647672523,0.2983877283130463,TRUE,pm25,M3: SDID Belisario (Centro dropped),SDID,2024-03-25
2024w14,3.1545633886767304,2.852775676920367,0.3017877117563632,TRUE,pm25,M3: SDID Belisario (Centro dropped),SDID,2024-04-01
2024w15,2.9809034699457255,3.073614032488215,-0.09271056254248933,TRUE,pm25,M3: SDID Belisario (Centro dropped),SDID,2024-04-08
2024w16,3.2167636641791297,2.8404732115999782,0.3762904525791515,TRUE,pm25,M3: SDID Belisario (Centro dropped),SDID,2024-04-15
2024w17,2.987711130594559,2.792340041877794,0.19537108871676523,TRUE,pm25,M3: SDID Belisario (Centro dropped),SDID,2024-04-22
2024w18,2.925180141265646,2.650941485972664,0.2742386552929821,TRUE,pm25,M3: SDID Belisario (Centro dropped),SDID,2024-04-29
2024w19,3.2087324121425453,3.057331639136011,0.15140077300653454,TRUE,pm25,M3: SDID Belisario (Centro dropped),SDID,2024-05-06
2024w20,3.3254469735112044,3.0163535168766256,0.3090934566345789,TRUE,pm25,M3: SDID Belisario (Centro dropped),SDID,2024-05-13
2024w21,2.585672769657782,2.5144154078505156,0.0712573618072665,TRUE,pm25,M3: SDID Belisario (Centro dropped),SDID,2024-05-20
2024w22,2.9988246440281143,2.691090877819091,0.30773376620902315,TRUE,pm25,M3: SDID Belisario (Centro dropped),SDID,2024-05-27
2024w23,2.874765071537895,2.686362744199628,0.18840232733826712,TRUE,pm25,M3: SDID Belisario (Centro dropped),SDID,2024-06-03
2024w24,3.1187345126588824,2.673172831132581,0.44556168152630127,TRUE,pm25,M3: SDID Belisario (Centro dropped),SDID,2024-06-10
2024w25,3.1419698752729572,2.9846059772640032,0.157363898008954,TRUE,pm25,M3: SDID Belisario (Centro dropped),SDID,2024-06-17
2024w26,2.9776915676687308,2.8457118934301913,0.1319796742385395,TRUE,pm25,M3: SDID Belisario (Centro dropped),SDID,2024-06-24
2024w27,2.894365067490475,2.704282449089611,0.19008261840086416,TRUE,pm25,M3: SDID Belisario (Centro dropped),SDID,2024-07-01
2024w28,2.8504186893138366,2.8916971197352805,-0.04127843042144397,TRUE,pm25,M3: SDID Belisario (Centro dropped),SDID,2024-07-08
2024w29,2.357106427241339,2.7599645743654655,-0.4028581471241264,TRUE,pm25,M3: SDID Belisario (Centro dropped),SDID,2024-07-15
2024w30,2.7539369367115323,2.948340121892673,-0.19440318518114053,TRUE,pm25,M3: SDID Belisario (Centro dropped),SDID,2024-07-22
2024w31,2.6372944122924586,2.8209208223055335,-0.1836264100130749,TRUE,pm25,M3: SDID Belisario (Centro dropped),SDID,2024-07-29
2024w32,3.083614855728054,2.9672982226493207,0.1163166330787333,TRUE,pm25,M3: SDID Belisario (Centro dropped),SDID,2024-08-05
2024w33,2.3738588790225843,2.733550744771668,-0.35969186574908374,TRUE,pm25,M3: SDID Belisario (Centro dropped),SDID,2024-08-12
2024w34,2.628609267350657,2.8459245100106387,-0.2173152426599816,TRUE,pm25,M3: SDID Belisario (Centro dropped),SDID,2024-08-19
2024w35,2.6245586994634627,2.7873340007766028,-0.1627753013131401,TRUE,pm25,M3: SDID Belisario (Centro dropped),SDID,2024-08-26
2024w36,3.0793094551642186,3.210587699216434,-0.13127824405221533,TRUE,pm25,M3: SDID Belisario (Centro dropped),SDID,2024-09-02
2024w37,3.4804417081211416,2.936908599686298,0.5435331084348438,TRUE,pm25,M3: SDID Belisario (Centro dropped),SDID,2024-09-09
2024w52,3.0754507249234853,2.768192066292726,0.3072586586307593,TRUE,pm25,M3: SDID Belisario (Centro dropped),SDID,2024-12-23
2025w01,2.5049716707486596,2.2232582383629413,0.2817134323857182,TRUE,pm25,M3: SDID Belisario (Centro dropped),SDID,2024-12-30
2025w02,3.0597718208084177,2.4216032548178577,0.63816856599056,TRUE,pm25,M3: SDID Belisario (Centro dropped),SDID,2025-01-06
2025w10,2.6995000787962815,2.5213721746156375,0.17812790418064406,TRUE,pm25,M3: SDID Belisario (Centro dropped),SDID,2025-03-03
2025w11,3.044992469926287,2.6976675923961886,0.34732487753009833,TRUE,pm25,M3: SDID Belisario (Centro dropped),SDID,2025-03-10
2025w12,3.099378392945759,2.770242199555116,0.3291361933906427,TRUE,pm25,M3: SDID Belisario (Centro dropped),SDID,2025-03-17
2025w13,2.9890762587613064,2.779152483509903,0.20992377525140338,TRUE,pm25,M3: SDID Belisario (Centro dropped),SDID,2025-03-24
2025w14,2.9737632480293357,2.7415879572185684,0.23217529081076727,TRUE,pm25,M3: SDID Belisario (Centro dropped),SDID,2025-03-31
