rule,pool,target,fit,grid_id,scm_weight,effective_weight
amended,primary_unscreened,CENTER,full_pre,8866d3045bfffff,-8.50147863714527e-10,-0.000552448690992382
amended,primary_unscreened,CENTER,full_pre,8866d30491fffff,-1.48434397744052e-09,-0.00015975499541787
amended,primary_unscreened,CENTER,full_pre,8866d30495fffff,-4.13581461206426e-10,0.000190993069772139
amended,primary_unscreened,CENTER,full_pre,8866d3049bfffff,-1.24235438908134e-09,-0.000157983328899951
amended,primary_unscreened,CENTER,full_pre,8866d304b3fffff,-1.04585941351978e-09,-0.000130276056155606
amended,primary_unscreened,CENTER,full_pre,8866d304bbfffff,-6.71906041667154e-10,9.4229694429079e-05
amended,primary_unscreened,CENTER,full_pre,8866d304d3fffff,-1.58958919529827e-09,-0.000162698347996378
amended,primary_unscreened,CENTER,full_pre,8866d304dbfffff,-9.82335883012671e-10,-1.06572959080501e-05
amended,primary_unscreened,CENTER,full_pre,8866d30681fffff,-1.34281344111209e-09,-0.000352228267960342
amended,primary_unscreened,CENTER,full_pre,8866d30683fffff,-1.10541133766002e-09,-8.7465000071305e-05
amended,primary_unscreened,CENTER,full_pre,8866d3068dfffff,-1.04381518359062e-09,-0.000289815979255278
amended,primary_unscreened,CENTER,full_pre,8866d30695fffff,-1.17421446766265e-09,4.80349650576681e-05
amended,primary_unscreened,CENTER,full_pre,8866d3069dfffff,-1.25095755192259e-09,7.47509551467737e-06
amended,primary_unscreened,CENTER,full_pre,8866d306b3fffff,-1.02599986381409e-09,-3.08508579122903e-05
amended,primary_unscreened,CENTER,full_pre,8866d306bbfffff,-1.03930793889726e-09,-3.55065578493768e-05
amended,primary_unscreened,CENTER,full_pre,8866d306e1fffff,-1.03748404750231e-09,-0.000178328595445186
amended,primary_unscreened,CENTER,full_pre,8866d306e5fffff,-8.50280817899367e-10,-0.00044856559441405
amended,primary_unscreened,CENTER,full_pre,8866d306e7fffff,-9.90098116944023e-10,-4.2962910217989e-05
amended,primary_unscreened,CENTER,full_pre,8866d306e9fffff,-9.84164622621026e-10,-4.28690001119635e-05
amended,primary_unscreened,CENTER,full_pre,8866d306ebfffff,-1.00443524955415e-09,-0.000195822854681992
amended,primary_unscreened,CENTER,full_pre,8866d32081fffff,-9.88767337207719e-10,-8.06983069545766e-05
amended,primary_unscreened,CENTER,full_pre,8866d320a3fffff,-1.01038094741436e-09,-1.31518929274268e-05
amended,primary_unscreened,CENTER,full_pre,8866d320a5fffff,-1.05214720894487e-09,-8.36461768208947e-05
amended,primary_unscreened,CENTER,full_pre,8866d32113fffff,-5.83039158784658e-10,0.000303577553672521
amended,primary_unscreened,CENTER,full_pre,8866d32117fffff,-2.15603541521182e-09,-0.000195202137556903
amended,primary_unscreened,CENTER,full_pre,8866d32121fffff,-4.19625047692805e-10,-0.000196473855045385
amended,primary_unscreened,CENTER,full_pre,8866d32125fffff,-1.4215581142262e-09,-0.000123782990922051
amended,primary_unscreened,CENTER,full_pre,8866d32127fffff,-1.28905542075713e-09,-0.000469430386690442
amended,primary_unscreened,CENTER,full_pre,8866d3212bfffff,-6.95182975986466e-10,-0.000148143699737051
amended,primary_unscreened,CENTER,full_pre,8866d3212dfffff,-5.83598534286636e-10,-0.000167680591384458
amended,primary_unscreened,CENTER,full_pre,8866d32131fffff,0.00722622717666219,0.00767102983512363
amended,primary_unscreened,CENTER,full_pre,8866d32133fffff,0.10330220277072,0.103753535775997
amended,primary_unscreened,CENTER,full_pre,8866d32135fffff,-8.70172075578822e-10,-8.85917610258518e-05
amended,primary_unscreened,CENTER,full_pre,8866d3213dfffff,-2.48865485698985e-10,-7.11656226073659e-05
amended,primary_unscreened,CENTER,full_pre,8866d32161fffff,-1.04958721994178e-10,0.000139095422306558
amended,primary_unscreened,CENTER,full_pre,8866d32165fffff,-1.01392754502677e-09,-4.29539010098958e-05
amended,primary_unscreened,CENTER,full_pre,8866d32167fffff,4.53473822505496e-11,5.33585082126375e-05
amended,primary_unscreened,CENTER,full_pre,8866d32169fffff,-1.13643902234318e-10,4.99584769022993e-05
amended,primary_unscreened,CENTER,full_pre,8866d32183fffff,-1.01251771453718e-09,-0.000154369934427429
amended,primary_unscreened,CENTER,full_pre,8866d32187fffff,-9.94065718523702e-10,-5.95056448405735e-05
amended,primary_unscreened,CENTER,full_pre,8866d32199fffff,-9.25398857612065e-10,-0.000175073126013442
amended,primary_unscreened,CENTER,full_pre,8866d3219dfffff,-8.4089899252467e-10,-9.63834023620888e-05
amended,primary_unscreened,CENTER,full_pre,8866d321a1fffff,-5.11208156850903e-10,0.000226487776246788
amended,primary_unscreened,CENTER,full_pre,8866d321a3fffff,0.103383141492263,0.103765505798087
amended,primary_unscreened,CENTER,full_pre,8866d321a9fffff,-7.61433870243141e-10,-0.000284445569322038
amended,primary_unscreened,CENTER,full_pre,8866d321abfffff,-1.33813032165145e-10,0.000343661368976909
amended,primary_unscreened,CENTER,full_pre,8866d321bdfffff,-2.29559872485057e-10,0.000192505747796988
amended,primary_unscreened,CENTER,full_pre,8866d321e1fffff,-4.24291747648627e-10,-0.000346332062941671
amended,primary_unscreened,CENTER,full_pre,8866d321e3fffff,0.0438361192030785,0.0442972982025718
amended,primary_unscreened,CENTER,full_pre,8866d321e5fffff,-3.16968361014448e-10,-0.000637509020265508
amended,primary_unscreened,CENTER,full_pre,8866d321e7fffff,-5.55299112030482e-10,-0.000145298542510195
amended,primary_unscreened,CENTER,full_pre,8866d321edfffff,-5.03234329073688e-10,-3.12446661378242e-05
amended,primary_unscreened,CENTER,full_pre,8866d32201fffff,-8.17890294348815e-10,-7.4736663338241e-06
amended,primary_unscreened,CENTER,full_pre,8866d32205fffff,-8.58288824835191e-10,-1.06177061862915e-05
amended,primary_unscreened,CENTER,full_pre,8866d32207fffff,-8.67816664702985e-10,-2.58423746473544e-05
amended,primary_unscreened,CENTER,full_pre,8866d3220bfffff,-8.76312058269866e-10,-5.79648261253205e-05
amended,primary_unscreened,CENTER,full_pre,8866d32211fffff,0.0365877737859392,0.0369482521342997
amended,primary_unscreened,CENTER,full_pre,8866d32219fffff,-1.11396512327726e-09,-0.000188061613354254
amended,primary_unscreened,CENTER,full_pre,8866d3221bfffff,-3.56404041181302e-10,0.000114718024347226
amended,primary_unscreened,CENTER,full_pre,8866d3221dfffff,-1.23808308976805e-11,0.000300076279585424
amended,primary_unscreened,CENTER,full_pre,8866d32221fffff,-3.84535513539097e-10,0.000206606754560198
amended,primary_unscreened,CENTER,full_pre,8866d32225fffff,-4.02042658188981e-10,9.74592277067814e-05
amended,primary_unscreened,CENTER,full_pre,8866d32227fffff,-7.02668898558392e-10,-3.11448209347942e-05
amended,primary_unscreened,CENTER,full_pre,8866d3222bfffff,-8.14476841908413e-10,7.67970366838922e-05
amended,primary_unscreened,CENTER,full_pre,8866d3222dfffff,-1.4032076165923e-09,-0.000166895361605676
amended,primary_unscreened,CENTER,full_pre,8866d322c1fffff,-6.90957675913353e-10,-1.63952018360505e-05
amended,primary_unscreened,CENTER,full_pre,8866d322c3fffff,-6.78046394551921e-10,-2.83788049445546e-05
amended,primary_unscreened,CENTER,full_pre,8866d322cbfffff,-6.97739681013194e-10,-1.02509441064453e-05
amended,primary_unscreened,CENTER,full_pre,8866d322cdfffff,-7.72261949128442e-10,-4.35288438221107e-05
amended,primary_unscreened,CENTER,full_pre,8866d32301fffff,-8.07227447541638e-10,-0.000301223527013316
amended,primary_unscreened,CENTER,full_pre,8866d32303fffff,-7.03132692643577e-10,-2.94345581132231e-05
amended,primary_unscreened,CENTER,full_pre,8866d32305fffff,-8.44789882690342e-10,-0.000145976214218344
amended,primary_unscreened,CENTER,full_pre,8866d32309fffff,-4.7090514442829e-10,1.31227795180971e-05
amended,primary_unscreened,CENTER,full_pre,8866d3230bfffff,-7.4016148258241e-10,-7.32505971994503e-05
amended,primary_unscreened,CENTER,full_pre,8866d32319fffff,-7.12130347850039e-10,-4.59235168497566e-05
amended,primary_unscreened,CENTER,full_pre,8866d3231bfffff,-7.05461918705868e-10,-1.43872705504562e-05
amended,primary_unscreened,CENTER,full_pre,8866d3231dfffff,-7.48579029705509e-10,-4.872040737335e-05
amended,primary_unscreened,CENTER,full_pre,8866d3232dfffff,-2.99568646512115e-10,5.60742555254634e-05
amended,primary_unscreened,CENTER,full_pre,8866d32343fffff,-5.72075193178183e-10,-0.000487068256413577
amended,primary_unscreened,CENTER,full_pre,8866d32347fffff,-6.11255348492547e-10,2.485655877909e-06
amended,primary_unscreened,CENTER,full_pre,8866d32353fffff,-5.8423704687362e-10,0.000101943308725615
amended,primary_unscreened,CENTER,full_pre,8866d32355fffff,-4.52127542065319e-10,-0.000161935867525967
amended,primary_unscreened,CENTER,full_pre,8866d32357fffff,-9.99765587608574e-10,3.58216310782655e-06
amended,primary_unscreened,CENTER,full_pre,8866d32361fffff,-6.10488249887162e-12,0.000284494072079509
amended,primary_unscreened,CENTER,full_pre,8866d32365fffff,0.00987360366706931,0.00997064322235565
amended,primary_unscreened,CENTER,full_pre,8866d32367fffff,-1.20958448215452e-10,0.000167317969925805
amended,primary_unscreened,CENTER,full_pre,8866d32369fffff,1.25847772506471e-12,-5.07718606780888e-05
amended,primary_unscreened,CENTER,full_pre,8866d3236bfffff,-6.12914107002452e-10,-1.90335935530171e-05
amended,primary_unscreened,CENTER,full_pre,8866d3236dfffff,0.0208562573611148,0.0211528755265527
amended,primary_unscreened,CENTER,full_pre,8866d32801fffff,-6.03438289129625e-11,0.000357075801572498
amended,primary_unscreened,CENTER,full_pre,8866d32803fffff,-7.30907820935008e-10,3.29097390527355e-05
amended,primary_unscreened,CENTER,full_pre,8866d32809fffff,-2.99531801191205e-10,0.000228713471413413
amended,primary_unscreened,CENTER,full_pre,8866d3280bfffff,-5.23999809702906e-10,2.38701913381984e-05
amended,primary_unscreened,CENTER,full_pre,8866d3280dfffff,-5.75249527497237e-10,8.59782889706124e-05
amended,primary_unscreened,CENTER,full_pre,8866d32833fffff,-5.98382225809132e-10,-8.45565376976649e-05
amended,primary_unscreened,CENTER,full_pre,8866d32839fffff,-4.90641664885629e-10,0.000108979171067544
amended,primary_unscreened,CENTER,full_pre,8866d3283bfffff,-5.30908221376311e-10,7.22722069149117e-05
amended,primary_unscreened,CENTER,full_pre,8866d32843fffff,-3.92320646699824e-10,0.000226634701006694
amended,primary_unscreened,CENTER,full_pre,8866d32847fffff,-6.13837297541716e-10,2.45014889510695e-05
amended,primary_unscreened,CENTER,full_pre,8866d32857fffff,-5.06203956780782e-10,-4.07283314419904e-06
amended,primary_unscreened,CENTER,full_pre,8866d3286bfffff,-5.03743229063852e-10,-2.12903379748074e-05
amended,primary_unscreened,CENTER,full_pre,8866d32883fffff,-8.61993870614596e-11,9.84652631319929e-05
amended,primary_unscreened,CENTER,full_pre,8866d32887fffff,-5.96202187148484e-10,-2.39007793814861e-05
amended,primary_unscreened,CENTER,full_pre,8866d3288bfffff,-6.44270240361707e-10,-7.91307777420195e-05
amended,primary_unscreened,CENTER,full_pre,8866d3289dfffff,-5.05278977148308e-10,2.59488492572112e-05
amended,primary_unscreened,CENTER,full_pre,8866d328a1fffff,-4.66042854756999e-10,-2.52975954714147e-05
amended,primary_unscreened,CENTER,full_pre,8866d328a3fffff,-4.10108367229326e-10,-5.62087954663704e-05
amended,primary_unscreened,CENTER,full_pre,8866d328a5fffff,-4.72894289265487e-10,-4.1424656554095e-05
amended,primary_unscreened,CENTER,full_pre,8866d328a9fffff,-4.47793725494476e-10,-2.14908051905416e-05
amended,primary_unscreened,CENTER,full_pre,8866d328abfffff,-4.28277644643918e-10,3.98776459647238e-05
amended,primary_unscreened,CENTER,full_pre,8866d328bdfffff,1.06218180146527e-11,5.25939355966919e-05
amended,primary_unscreened,CENTER,full_pre,8866d328c5fffff,-4.14721212232426e-10,-4.07195832964149e-05
amended,primary_unscreened,CENTER,full_pre,8866d328d3fffff,-5.31906725858351e-10,-0.000259882677231102
amended,primary_unscreened,CENTER,full_pre,8866d328d7fffff,-9.31411000489666e-11,0.000155992031836815
amended,primary_unscreened,CENTER,full_pre,8866d328dbfffff,-2.47071751605345e-10,-0.000635415950279011
amended,primary_unscreened,CENTER,full_pre,8866d328e9fffff,-4.42867716140984e-10,1.44608779633513e-05
amended,primary_unscreened,CENTER,full_pre,8866d329d3fffff,-4.62274683179972e-10,-2.8690399023292e-05
amended,primary_unscreened,CENTER,full_pre,8866d329d9fffff,-6.73719039312256e-10,-0.000118341721394555
amended,primary_unscreened,CENTER,full_pre,8866d329dbfffff,-4.51176785679294e-10,-5.368734340775e-06
amended,primary_unscreened,CENTER,full_pre,8866d32a15fffff,-4.56136158231087e-10,-0.000174250002514743
amended,primary_unscreened,CENTER,full_pre,8866d32a17fffff,-3.7163088354182e-10,0.000148887289116917
amended,primary_unscreened,CENTER,full_pre,8866d32a1dfffff,-9.86786457766198e-10,-0.00023801798944271
amended,primary_unscreened,CENTER,full_pre,8866d32a35fffff,-2.1792871889385e-10,0.000240827616833686
amended,primary_unscreened,CENTER,full_pre,8866d32a37fffff,-4.51631759246853e-10,-3.23176722468896e-05
amended,primary_unscreened,CENTER,full_pre,8866d32a3bfffff,-4.72284755597151e-10,-7.84719285662068e-05
amended,primary_unscreened,CENTER,full_pre,8866d32a51fffff,-7.15804815399462e-10,-0.000150241529650764
amended,primary_unscreened,CENTER,full_pre,8866d32a57fffff,-1.16980960876387e-09,-0.000391833863025177
amended,primary_unscreened,CENTER,full_pre,8866d32a59fffff,-5.80261833108636e-10,-0.000162253443349864
amended,primary_unscreened,CENTER,full_pre,8866d32a5bfffff,-4.63501017347455e-10,-3.88253771820349e-05
amended,primary_unscreened,CENTER,full_pre,8866d32a9dfffff,-4.10690390510695e-10,3.28322753583875e-05
amended,primary_unscreened,CENTER,full_pre,8866d32ac1fffff,-1.91199168908971e-10,0.000162317273801824
amended,primary_unscreened,CENTER,full_pre,8866d32ac3fffff,-7.39709553547713e-10,-0.000345209850171244
amended,primary_unscreened,CENTER,full_pre,8866d32ac9fffff,-3.66921459968666e-10,-0.000217436721526215
amended,primary_unscreened,CENTER,full_pre,8866d32acbfffff,-6.06788398885369e-10,-2.12844809573944e-05
amended,primary_unscreened,CENTER,full_pre,8866d32ad9fffff,-7.39031740654534e-10,-0.000177438585910111
amended,primary_unscreened,CENTER,full_pre,8866d32addfffff,-1.0475382748885e-09,-0.000218150998970013
amended,primary_unscreened,CENTER,full_pre,8866d32f45fffff,-3.97895764499188e-11,-0.000742282779821597
amended,primary_unscreened,CENTER,full_pre,8866d32f49fffff,3.6441943310133e-12,0.000342977053022551
amended,primary_unscreened,CENTER,full_pre,8866d32f4dfffff,3.78074518854839e-11,0.000260258411336878
amended,primary_unscreened,CENTER,full_pre,8866d32f61fffff,0.26213426279889,0.26253571907077
amended,primary_unscreened,CENTER,full_pre,8866d32f67fffff,-1.29904732634253e-10,-0.000381782483607999
amended,primary_unscreened,CENTER,full_pre,8866d32f69fffff,-3.10835896287256e-10,-6.13779338676511e-05
amended,primary_unscreened,CENTER,full_pre,8866d32f6bfffff,-1.10050484811504e-10,0.000204319114268102
amended,primary_unscreened,CENTER,full_pre,8866d3300dfffff,-4.05192685524861e-10,-9.43504458427619e-05
amended,primary_unscreened,CENTER,full_pre,8866d33011fffff,-3.43770192860663e-10,4.7990781755506e-05
amended,primary_unscreened,CENTER,full_pre,8866d33013fffff,-3.4564670437503e-10,8.12351834377304e-05
amended,primary_unscreened,CENTER,full_pre,8866d33019fffff,-3.49279818667846e-10,2.44008972925619e-05
amended,primary_unscreened,CENTER,full_pre,8866d33067fffff,-3.61561687739703e-10,-4.93778993145164e-05
amended,primary_unscreened,CENTER,full_pre,8866d33081fffff,-3.73456634508139e-10,-0.000113298881178466
amended,primary_unscreened,CENTER,full_pre,8866d33083fffff,-3.70655168283805e-10,-4.82000032761792e-05
amended,primary_unscreened,CENTER,full_pre,8866d33095fffff,-3.67020877909729e-10,-4.60503863476796e-05
amended,primary_unscreened,CENTER,full_pre,8866d3309bfffff,-1.07438944348171e-10,0.000315445564734318
amended,primary_unscreened,CENTER,full_pre,8866d330bbfffff,-3.72911149148508e-10,-5.39852373933997e-05
amended,primary_unscreened,CENTER,full_pre,8866d330c5fffff,-4.59949461930499e-10,-0.000119910103098462
amended,primary_unscreened,CENTER,full_pre,8866d330e9fffff,-3.82861169936807e-10,-1.71664986338047e-05
amended,primary_unscreened,CENTER,full_pre,8866d330ebfffff,-3.80914548256894e-10,-7.14982740742974e-05
amended,primary_unscreened,CENTER,full_pre,8866d33101fffff,-4.4637396373128e-11,6.90854042345006e-05
amended,primary_unscreened,CENTER,full_pre,8866d33103fffff,-4.07525779688647e-10,4.04699787131999e-05
amended,primary_unscreened,CENTER,full_pre,8866d33105fffff,-3.56508942632885e-10,-0.000184457238414959
amended,primary_unscreened,CENTER,full_pre,8866d33107fffff,-3.9058467889544e-10,0.000231369519518101
amended,primary_unscreened,CENTER,full_pre,8866d33109fffff,-6.59918352122903e-11,0.00030249100226999
amended,primary_unscreened,CENTER,full_pre,8866d3310bfffff,-1.83417037681363e-10,0.000135697443718751
amended,primary_unscreened,CENTER,full_pre,8866d3310dfffff,-2.5889504474171e-10,0.000225490391195711
amended,primary_unscreened,CENTER,full_pre,8866d3311dfffff,-6.7772007586332e-10,-6.63428777529092e-05
amended,primary_unscreened,CENTER,full_pre,8866d33121fffff,-3.8181479664869e-10,-2.75652880447106e-05
amended,primary_unscreened,CENTER,full_pre,8866d33123fffff,-4.27762782185912e-10,2.20027669997557e-05
amended,primary_unscreened,CENTER,full_pre,8866d33125fffff,-1.54101912299906e-10,-1.9562355304662e-05
amended,primary_unscreened,CENTER,full_pre,8866d33127fffff,-3.47630577261125e-10,0.000109893370480356
amended,primary_unscreened,CENTER,full_pre,8866d33129fffff,-1.25105283298548e-09,-0.000107011299156633
amended,primary_unscreened,CENTER,full_pre,8866d3312bfffff,-3.84297747950193e-10,-4.7849321791214e-06
amended,primary_unscreened,CENTER,full_pre,8866d3312dfffff,-3.09249277366424e-10,-0.000152775122185038
amended,primary_unscreened,CENTER,full_pre,8866d33131fffff,-3.50962670940571e-10,4.07614947522163e-05
amended,primary_unscreened,CENTER,full_pre,8866d33133fffff,-3.73320338995569e-10,-5.08492369133041e-05
amended,primary_unscreened,CENTER,full_pre,8866d33139fffff,-9.81343084551789e-11,0.000330615249703373
amended,primary_unscreened,CENTER,full_pre,8866d33141fffff,-4.1378598428174e-10,-2.67424424031488e-05
amended,primary_unscreened,CENTER,full_pre,8866d33143fffff,-2.65118347232578e-10,0.000127828904090786
amended,primary_unscreened,CENTER,full_pre,8866d33147fffff,-4.32058206349652e-10,0.000117776714823717
amended,primary_unscreened,CENTER,full_pre,8866d3314bfffff,-5.00729980541566e-10,-2.88449151199168e-05
amended,primary_unscreened,CENTER,full_pre,8866d3314dfffff,-4.23605807481819e-10,-8.50985248085135e-05
amended,primary_unscreened,CENTER,full_pre,8866d33151fffff,-3.87126601156226e-10,2.07203348804219e-05
amended,primary_unscreened,CENTER,full_pre,8866d33153fffff,-4.80978897493386e-10,0.00015879153467002
amended,primary_unscreened,CENTER,full_pre,8866d33155fffff,-4.0047016599114e-11,0.000183082925634166
amended,primary_unscreened,CENTER,full_pre,8866d33157fffff,-2.96340066206543e-10,6.99043231718621e-05
amended,primary_unscreened,CENTER,full_pre,8866d33159fffff,-2.53680947256266e-10,6.25441695717302e-05
amended,primary_unscreened,CENTER,full_pre,8866d3315bfffff,-2.35109062917441e-10,-3.18476450706823e-05
amended,primary_unscreened,CENTER,full_pre,8866d3315dfffff,-6.44848310418253e-12,0.000156896389410448
amended,primary_unscreened,CENTER,full_pre,8866d33161fffff,-4.61226561118259e-10,1.3273502763914e-05
amended,primary_unscreened,CENTER,full_pre,8866d33163fffff,-3.93825236729098e-10,0.000118953943824573
amended,primary_unscreened,CENTER,full_pre,8866d33165fffff,-3.50563799267086e-10,7.25559531060188e-05
amended,primary_unscreened,CENTER,full_pre,8866d33167fffff,-6.0212343320377e-10,-4.95834380110793e-05
amended,primary_unscreened,CENTER,full_pre,8866d33169fffff,-4.00725973662251e-10,-0.00010756014005893
amended,primary_unscreened,CENTER,full_pre,8866d3316bfffff,-3.92221357827962e-10,-5.01003851449076e-05
amended,primary_unscreened,CENTER,full_pre,8866d3316dfffff,-3.66919743934202e-10,-2.63179830981983e-06
amended,primary_unscreened,CENTER,full_pre,8866d331e5fffff,-5.2000681875414e-10,-7.17787333489977e-05
amended,primary_unscreened,CENTER,full_pre,8866d33231fffff,-3.560459686454e-10,1.63064178885822e-05
amended,primary_unscreened,CENTER,full_pre,8866d33253fffff,-2.74913804885152e-10,-8.30756667957362e-05
amended,primary_unscreened,CENTER,full_pre,8866d33257fffff,-4.29457658726764e-10,-2.96682535620113e-05
amended,primary_unscreened,CENTER,full_pre,8866d33259fffff,-2.80855923888405e-10,-0.000148478124149928
amended,primary_unscreened,CENTER,full_pre,8866d3325bfffff,-2.72572414910354e-10,-0.000136710290005041
amended,primary_unscreened,CENTER,full_pre,8866d33325fffff,-5.417180702597e-10,-0.000108390313885693
amended,primary_unscreened,CENTER,full_pre,8866d3332dfffff,-5.35446310286709e-10,7.34271076159543e-05
amended,primary_unscreened,CENTER,full_pre,8866d33333fffff,-4.53381235188123e-10,2.5576826429657e-05
amended,primary_unscreened,CENTER,full_pre,8866d33335fffff,-4.01135584262408e-10,-2.89916636158957e-05
amended,primary_unscreened,CENTER,full_pre,8866d3333dfffff,-3.95501414968781e-10,1.83325163129111e-05
amended,primary_unscreened,CENTER,full_pre,8866d33521fffff,-3.80861009527431e-10,-3.39220765875969e-05
amended,primary_unscreened,CENTER,full_pre,8866d33527fffff,-4.09408284938723e-10,-2.20835608684617e-05
amended,primary_unscreened,CENTER,full_pre,8866d33565fffff,-3.83744122251171e-10,-1.76662771652936e-05
amended,primary_unscreened,CENTER,full_pre,8866d33569fffff,-4.23516558551352e-10,0.000131149007558289
amended,primary_unscreened,CENTER,full_pre,8866d3356dfffff,-3.73800119932184e-10,-4.26109751056377e-05
amended,primary_unscreened,CENTER,full_pre,8866d33725fffff,-2.34867896537395e-10,1.84996569530951e-06
amended,primary_unscreened,CENTER,full_pre,8866d33761fffff,-4.8216623984924e-10,7.75316401451266e-05
amended,primary_unscreened,CENTER,full_pre,8866d33767fffff,0.0396234137927116,0.0400376903031371
amended,primary_unscreened,CENTER,full_pre,8866d3376bfffff,-4.12907943084099e-10,0.000138065251244487
amended,primary_unscreened,CENTER,full_pre,8866d3381bfffff,-5.20695845244294e-11,0.000357472221693526
amended,primary_unscreened,CENTER,full_pre,8866d33891fffff,-1.47080165900866e-10,0.000265962136712192
amended,primary_unscreened,CENTER,full_pre,8866d33895fffff,-5.59457917000769e-10,6.67003343659613e-05
amended,primary_unscreened,CENTER,full_pre,8866d33897fffff,-2.54834922525628e-10,0.000120026972184091
amended,primary_unscreened,CENTER,full_pre,8866d338b1fffff,0.0904067614723402,0.0907906161212582
amended,primary_unscreened,CENTER,full_pre,8866d338b3fffff,-4.17949213024251e-10,-3.83640784698478e-05
amended,primary_unscreened,CENTER,full_pre,8866d338bbfffff,-5.6086291538406e-10,3.44932918624145e-05
amended,primary_unscreened,CENTER,full_pre,8866d338d1fffff,-3.11581913075445e-10,7.64068508541631e-05
amended,primary_unscreened,CENTER,full_pre,8866d33a03fffff,-6.70447887905788e-10,-0.000183578383560286
amended,primary_unscreened,CENTER,full_pre,8866d33a09fffff,-3.96623661233437e-10,-4.31299759670026e-05
amended,primary_unscreened,CENTER,full_pre,8866d33a0bfffff,-5.22995692772402e-10,-6.75938917847738e-05
amended,primary_unscreened,CENTER,full_pre,8866d33a11fffff,-6.59681316629801e-10,-5.23553057458978e-05
amended,primary_unscreened,CENTER,full_pre,8866d33a13fffff,-3.92459384926039e-10,3.16938458375949e-05
amended,primary_unscreened,CENTER,full_pre,8866d33a15fffff,-4.78678124332777e-10,-0.000120803557642315
amended,primary_unscreened,CENTER,full_pre,8866d33a17fffff,-1.47838962647427e-10,0.000191836423790793
amended,primary_unscreened,CENTER,full_pre,8866d33a19fffff,-2.52880584755411e-10,0.000140150378288401
amended,primary_unscreened,CENTER,full_pre,8866d33a1bfffff,-2.73599553974054e-10,7.5258420264606e-05
amended,primary_unscreened,CENTER,full_pre,8866d33a1dfffff,-3.64944181861851e-10,0.000100108174306473
amended,primary_unscreened,CENTER,full_pre,8866d33a33fffff,-3.88280469231826e-10,-2.58779837983543e-05
amended,primary_unscreened,CENTER,full_pre,8866d33a39fffff,-4.01326891650416e-10,-2.79446836833305e-05
amended,primary_unscreened,CENTER,full_pre,8866d33a3bfffff,-2.00271342194489e-10,0.000221783016573919
amended,primary_unscreened,CENTER,full_pre,8866d33a51fffff,-7.86164863632044e-10,-9.53709560363204e-05
amended,primary_unscreened,CENTER,full_pre,8866d33a53fffff,-6.15984744827859e-10,-5.14360867714913e-05
amended,primary_unscreened,CENTER,full_pre,8866d33a55fffff,-1.52439973182205e-10,5.88892938734292e-05
amended,primary_unscreened,CENTER,full_pre,8866d33a57fffff,5.72866883048147e-11,0.000164690176595068
amended,primary_unscreened,CENTER,full_pre,8866d33a59fffff,-5.57530124828361e-10,-8.13497987904958e-05
amended,primary_unscreened,CENTER,full_pre,8866d33a5bfffff,-4.08325366798978e-10,-3.32342281611467e-05
amended,primary_unscreened,CENTER,full_pre,8866d33a5dfffff,-2.78182776263469e-10,-7.93944149868927e-05
amended,primary_unscreened,CENTER,full_pre,8866d33a8bfffff,-1.254982996764e-10,4.97926281756201e-05
amended,primary_unscreened,CENTER,full_pre,8866d33a91fffff,-2.45227897015159e-10,-0.00020354348231832
amended,primary_unscreened,CENTER,full_pre,8866d33a93fffff,-1.64603138075088e-10,-2.36796824245515e-05
amended,primary_unscreened,CENTER,full_pre,8866d33a99fffff,-1.6433455218628e-10,-0.000194462585326909
amended,primary_unscreened,CENTER,full_pre,8866d33ac1fffff,1.27194436470781e-11,0.000310237555442752
amended,primary_unscreened,CENTER,full_pre,8866d33ac3fffff,0.147748855573382,0.14807222733169
amended,primary_unscreened,CENTER,full_pre,8866d33ac9fffff,-3.22147512677948e-10,-7.31699669221645e-05
amended,primary_unscreened,CENTER,full_pre,8866d33acbfffff,-4.63962080333563e-10,-0.000110507077177891
amended,primary_unscreened,CENTER,full_pre,8866d33acdfffff,0.05945397885395,0.0598460279269794
amended,primary_unscreened,CENTER,full_pre,8866d33ad1fffff,-8.45212365921654e-11,0.000188865390512613
amended,primary_unscreened,CENTER,full_pre,8866d33ad3fffff,-3.16210024652993e-10,-0.000543182016689282
amended,primary_unscreened,CENTER,full_pre,8866d33ad5fffff,-2.12827283772079e-10,0.000278174368787788
amended,primary_unscreened,CENTER,full_pre,8866d33ad7fffff,-6.85820863910323e-11,0.000251695037850512
amended,primary_unscreened,CENTER,full_pre,8866d33addfffff,-4.05358135599756e-10,-6.55561944908419e-05
amended,primary_unscreened,CENTER,full_pre,8866d3a891fffff,-1.98671061689056e-11,0.000345118553512864
amended,primary_unscreened,CENTER,full_pre,8866d3a897fffff,-3.05903665317146e-10,-0.000272612789372722
amended,primary_unscreened,CENTER,full_pre,8866d3a89bfffff,0.0600480441380986,0.0604681923235954
amended,primary_unscreened,CENTER,full_pre,8866d3a8b3fffff,-2.18778380853892e-10,-0.000423451547709933
amended,primary_unscreened,CENTER,full_pre,8866d3a8bbfffff,-3.66526804727621e-10,-7.08483950804584e-05
amended,primary_unscreened,CENTER,full_pre,8866d3ad6dfffff,-1.03525461478626e-10,0.000157980041777717
amended,primary_unscreened,CENTER,full_pre,8866d3af25fffff,0.0155194848391819,0.0159221042037087
amended,primary_unscreened,CENTER,full_pre,888f2d9205fffff,-6.49393630355828e-11,3.05581601322999e-05
amended,primary_unscreened,CENTER,full_pre,888f2d920dfffff,-4.30882580800099e-11,4.00696700756338e-05
amended,primary_unscreened,CENTER,full_pre,888f2d9223fffff,-2.46847419061603e-10,-4.64575423529865e-05
amended,primary_unscreened,CENTER,full_pre,888f2d922bfffff,-5.72202128182758e-11,0.000331001797694596
amended,primary_unscreened,CENTER,full_pre,888f2d9245fffff,-3.05391424925251e-10,5.11006481245983e-05
amended,primary_unscreened,CENTER,full_pre,888f2d9249fffff,-5.26121270344806e-10,-0.000178371142230437
amended,primary_unscreened,CENTER,full_pre,888f2d924dfffff,-3.62011607365322e-10,3.94271136460205e-05
amended,primary_unscreened,CENTER,full_pre,888f2d926bfffff,-1.90158054592855e-10,-1.76623058727488e-05
amended,primary_unscreened,CENTER,training,8866d3045bfffff,-1.31925382110353e-09,-0.00017061513120508
amended,primary_unscreened,CENTER,training,8866d30491fffff,-2.27073561670577e-09,-0.000117160496096906
amended,primary_unscreened,CENTER,training,8866d30495fffff,-2.88383737571586e-09,3.1315426362339e-05
amended,primary_unscreened,CENTER,training,8866d3049bfffff,-1.93356209229984e-09,-0.000103100373274241
amended,primary_unscreened,CENTER,training,8866d304b3fffff,-1.75192343328994e-09,-0.000174296242655736
amended,primary_unscreened,CENTER,training,8866d304bbfffff,-1.87667756183772e-09,-5.86768842556932e-05
amended,primary_unscreened,CENTER,training,8866d304d3fffff,-2.24464011504858e-09,-0.000105296037623536
amended,primary_unscreened,CENTER,training,8866d304dbfffff,-1.53478382332639e-09,-2.66398482778997e-05
amended,primary_unscreened,CENTER,training,8866d30681fffff,-2.02051932775233e-09,-0.000105788983590322
amended,primary_unscreened,CENTER,training,8866d30683fffff,-1.64993926271549e-09,-4.62972229852349e-05
amended,primary_unscreened,CENTER,training,8866d3068dfffff,-1.78541199867672e-09,-9.54080181420917e-05
amended,primary_unscreened,CENTER,training,8866d30695fffff,-1.73145792950622e-09,4.45788055386137e-05
amended,primary_unscreened,CENTER,training,8866d3069dfffff,-1.9406143181183e-09,1.5797675098017e-05
amended,primary_unscreened,CENTER,training,8866d306b3fffff,-1.50581811150597e-09,-2.49289573912975e-05
amended,primary_unscreened,CENTER,training,8866d306bbfffff,-1.50561610756995e-09,-1.42588338548947e-05
amended,primary_unscreened,CENTER,training,8866d306e1fffff,-1.51707320075544e-09,-7.44916375883836e-05
amended,primary_unscreened,CENTER,training,8866d306e5fffff,-1.55013120197323e-09,-0.000209306230657998
amended,primary_unscreened,CENTER,training,8866d306e7fffff,-1.41934794796731e-09,-2.57694280667932e-05
amended,primary_unscreened,CENTER,training,8866d306e9fffff,-1.4347424727748e-09,-2.65011261100318e-05
amended,primary_unscreened,CENTER,training,8866d306ebfffff,-1.61660460702177e-09,-8.53360008213843e-05
amended,primary_unscreened,CENTER,training,8866d32081fffff,-1.5019098865256e-09,-6.85728069121851e-05
amended,primary_unscreened,CENTER,training,8866d320a3fffff,-1.4055789378937e-09,-8.68629327965821e-06
amended,primary_unscreened,CENTER,training,8866d320a5fffff,-1.41473887967206e-09,-2.19839858969457e-05
amended,primary_unscreened,CENTER,training,8866d32113fffff,-8.24265866066014e-10,0.00013087340609769
amended,primary_unscreened,CENTER,training,8866d32117fffff,-3.21347205288483e-09,-0.000175681076033581
amended,primary_unscreened,CENTER,training,8866d32121fffff,-8.85526471164925e-10,-3.86342158777835e-05
amended,primary_unscreened,CENTER,training,8866d32125fffff,-1.99775193093912e-09,-6.88277482245294e-05
amended,primary_unscreened,CENTER,training,8866d32127fffff,-1.38099806069272e-09,-0.000118165078464647
amended,primary_unscreened,CENTER,training,8866d3212bfffff,-1.23880527962663e-09,-3.84734711473629e-05
amended,primary_unscreened,CENTER,training,8866d3212dfffff,-1.03308398981883e-09,-1.60738493418299e-05
amended,primary_unscreened,CENTER,training,8866d32131fffff,-2.27573560074742e-10,0.000194637397380749
amended,primary_unscreened,CENTER,training,8866d32133fffff,0.109640684551921,0.109933584197242
amended,primary_unscreened,CENTER,training,8866d32135fffff,-1.735946491781e-09,-7.8709083781006e-05
amended,primary_unscreened,CENTER,training,8866d3213dfffff,-6.47775967655746e-10,-3.28443981863859e-05
amended,primary_unscreened,CENTER,training,8866d32161fffff,-3.52243302495121e-10,0.000182431059210115
amended,primary_unscreened,CENTER,training,8866d32165fffff,-1.43383388133993e-09,-3.62860062890177e-05
amended,primary_unscreened,CENTER,training,8866d32167fffff,-3.72828638249502e-10,7.98179959435681e-05
amended,primary_unscreened,CENTER,training,8866d32169fffff,-3.21669499025486e-10,7.68585723421598e-05
amended,primary_unscreened,CENTER,training,8866d32183fffff,-1.152856897981e-09,-2.6855033352635e-05
amended,primary_unscreened,CENTER,training,8866d32187fffff,-1.26520987629467e-09,-1.57250875440868e-05
amended,primary_unscreened,CENTER,training,8866d32199fffff,-1.07619990579549e-09,-4.69398137419354e-05
amended,primary_unscreened,CENTER,training,8866d3219dfffff,-1.00612771058431e-09,-2.95306015116912e-05
amended,primary_unscreened,CENTER,training,8866d321a1fffff,-1.15259346528798e-09,9.56276383623576e-05
amended,primary_unscreened,CENTER,training,8866d321a3fffff,-4.90784685533079e-11,0.000249854273289103
amended,primary_unscreened,CENTER,training,8866d321a9fffff,-1.00713334730777e-09,-5.7950613562828e-05
amended,primary_unscreened,CENTER,training,8866d321abfffff,-5.13664664156977e-10,0.000243201875869018
amended,primary_unscreened,CENTER,training,8866d321bdfffff,-6.41118194963996e-10,0.000156335583895938
amended,primary_unscreened,CENTER,training,8866d321e1fffff,-5.72936678657122e-10,3.62281342417484e-05
amended,primary_unscreened,CENTER,training,8866d321e3fffff,0.0581795767582344,0.0584743339613481
amended,primary_unscreened,CENTER,training,8866d321e5fffff,-2.22857754893832e-10,-0.000437221136651069
amended,primary_unscreened,CENTER,training,8866d321e7fffff,-2.71353028003043e-10,9.96141818021516e-05
amended,primary_unscreened,CENTER,training,8866d321edfffff,-1.03318325321942e-09,-9.22983679157251e-05
amended,primary_unscreened,CENTER,training,8866d32201fffff,-1.00712411814387e-09,-1.09345327328923e-05
amended,primary_unscreened,CENTER,training,8866d32205fffff,-1.066682828872e-09,-1.38244590935657e-05
amended,primary_unscreened,CENTER,training,8866d32207fffff,-1.11654725210997e-09,2.04821605691351e-07
amended,primary_unscreened,CENTER,training,8866d3220bfffff,-9.82868529256596e-10,2.37529964886888e-05
amended,primary_unscreened,CENTER,training,8866d32211fffff,0.0479309297893471,0.0482158373389474
amended,primary_unscreened,CENTER,training,8866d32219fffff,-7.44970022013076e-10,3.5514896880683e-05
amended,primary_unscreened,CENTER,training,8866d3221bfffff,-5.88329347633973e-10,8.8444141632714e-05
amended,primary_unscreened,CENTER,training,8866d3221dfffff,-1.16282624231547e-11,0.000250058106803763
amended,primary_unscreened,CENTER,training,8866d32221fffff,-4.71796279932349e-10,0.000142754351178146
amended,primary_unscreened,CENTER,training,8866d32225fffff,-5.14663522116179e-10,0.000181341427407634
amended,primary_unscreened,CENTER,training,8866d32227fffff,-1.00315178982165e-09,-1.52947044098103e-05
amended,primary_unscreened,CENTER,training,8866d3222bfffff,-1.149736955559e-09,-2.34621825231165e-05
amended,primary_unscreened,CENTER,training,8866d3222dfffff,-1.56485357651485e-09,-4.36884210544087e-05
amended,primary_unscreened,CENTER,training,8866d322c1fffff,-9.42370534649015e-10,-5.80436223122746e-06
amended,primary_unscreened,CENTER,training,8866d322c3fffff,-9.48332735784439e-10,-1.4859150008564e-05
amended,primary_unscreened,CENTER,training,8866d322cbfffff,-8.86485659671489e-10,-6.22746465871329e-06
amended,primary_unscreened,CENTER,training,8866d322cdfffff,-1.02900362113362e-09,-1.90046815379716e-05
amended,primary_unscreened,CENTER,training,8866d32301fffff,-1.88730200054939e-09,-0.000238661874986816
amended,primary_unscreened,CENTER,training,8866d32303fffff,-9.75664577550919e-10,-7.78887803415315e-06
amended,primary_unscreened,CENTER,training,8866d32305fffff,-1.30120403424004e-09,-5.43811965769777e-05
amended,primary_unscreened,CENTER,training,8866d32309fffff,-1.1409436840061e-09,-2.2725630601974e-05
amended,primary_unscreened,CENTER,training,8866d3230bfffff,-1.21673793456341e-09,-5.70482306937126e-05
amended,primary_unscreened,CENTER,training,8866d32319fffff,-1.07392059275992e-09,-2.63880780532359e-05
amended,primary_unscreened,CENTER,training,8866d3231bfffff,-1.24657160103431e-09,-1.13275709960067e-06
amended,primary_unscreened,CENTER,training,8866d3231dfffff,-1.20748439029699e-09,-3.45788222626825e-05
amended,primary_unscreened,CENTER,training,8866d3232dfffff,-4.22759236413594e-10,0.000166258116335914
amended,primary_unscreened,CENTER,training,8866d32343fffff,-1.24789672365476e-09,-0.000338273088101213
amended,primary_unscreened,CENTER,training,8866d32347fffff,-5.67274745283375e-10,2.85883162345824e-05
amended,primary_unscreened,CENTER,training,8866d32353fffff,-7.6771248887541e-10,1.07747633435675e-05
amended,primary_unscreened,CENTER,training,8866d32355fffff,-1.65149404198715e-09,-7.55931012626995e-05
amended,primary_unscreened,CENTER,training,8866d32357fffff,-1.94915741874727e-09,-3.23252852910746e-05
amended,primary_unscreened,CENTER,training,8866d32361fffff,-9.67477463350291e-11,0.000116607421270526
amended,primary_unscreened,CENTER,training,8866d32365fffff,0.0278983504342842,0.0281010392371744
amended,primary_unscreened,CENTER,training,8866d32367fffff,-6.2662071441937e-11,0.00016688068047253
amended,primary_unscreened,CENTER,training,8866d32369fffff,1.18255114711147e-11,3.2382580713994e-05
amended,primary_unscreened,CENTER,training,8866d3236bfffff,-7.10572880761001e-10,-9.54193050062624e-06
amended,primary_unscreened,CENTER,training,8866d3236dfffff,0.0351418646395646,0.0353571688756105
amended,primary_unscreened,CENTER,training,8866d32801fffff,-2.53208206339122e-10,0.000226082367467494
amended,primary_unscreened,CENTER,training,8866d32803fffff,-7.96866678426734e-10,4.02293743521488e-05
amended,primary_unscreened,CENTER,training,8866d32809fffff,-6.73981523219268e-10,0.000162022680343024
amended,primary_unscreened,CENTER,training,8866d3280bfffff,-7.38271609670525e-10,-8.58772934927466e-06
amended,primary_unscreened,CENTER,training,8866d3280dfffff,-9.37811785233837e-10,6.43875808772489e-05
amended,primary_unscreened,CENTER,training,8866d32833fffff,-7.09508497235863e-10,2.73626709598698e-06
amended,primary_unscreened,CENTER,training,8866d32839fffff,-6.70762561355272e-10,2.61054513511876e-05
amended,primary_unscreened,CENTER,training,8866d3283bfffff,-6.19178924558357e-10,7.34656046510922e-05
amended,primary_unscreened,CENTER,training,8866d32843fffff,-5.6221293558359e-10,0.00010926754887546
amended,primary_unscreened,CENTER,training,8866d32847fffff,-1.06708872151798e-09,-5.64584539689162e-06
amended,primary_unscreened,CENTER,training,8866d32857fffff,-7.17609721859947e-10,-6.84625215418831e-06
amended,primary_unscreened,CENTER,training,8866d3286bfffff,-6.58666685983755e-10,-6.10350391439199e-07
amended,primary_unscreened,CENTER,training,8866d32883fffff,-3.87794776340951e-10,6.23898810941267e-05
amended,primary_unscreened,CENTER,training,8866d32887fffff,-9.52787170900099e-10,-5.47084119798241e-05
amended,primary_unscreened,CENTER,training,8866d3288bfffff,-7.06242897122085e-10,-3.62143533475589e-05
amended,primary_unscreened,CENTER,training,8866d3289dfffff,-5.69234685309313e-10,6.11700954961408e-05
amended,primary_unscreened,CENTER,training,8866d328a1fffff,-6.35933747263167e-10,-1.43986605620292e-05
amended,primary_unscreened,CENTER,training,8866d328a3fffff,-8.81200443508086e-10,-4.23055392072067e-05
amended,primary_unscreened,CENTER,training,8866d328a5fffff,-6.64914162707128e-10,-2.41164673081043e-05
amended,primary_unscreened,CENTER,training,8866d328a9fffff,-6.40356610797524e-10,-1.34090117018916e-05
amended,primary_unscreened,CENTER,training,8866d328abfffff,-5.45140118625924e-10,2.54853105549821e-05
amended,primary_unscreened,CENTER,training,8866d328bdfffff,-5.37531276128258e-10,-0.000229228726215877
amended,primary_unscreened,CENTER,training,8866d328c5fffff,-7.47972861298681e-10,-4.20496821493511e-05
amended,primary_unscreened,CENTER,training,8866d328d3fffff,-1.06853355011448e-09,-0.000174673750506697
amended,primary_unscreened,CENTER,training,8866d328d7fffff,-4.4316358092289e-10,9.88547647711589e-05
amended,primary_unscreened,CENTER,training,8866d328dbfffff,-7.16967981988488e-10,-0.000170440383305477
amended,primary_unscreened,CENTER,training,8866d328e9fffff,-7.04912242351497e-10,-2.09439439013615e-05
amended,primary_unscreened,CENTER,training,8866d329d3fffff,-6.59394077216988e-10,-1.55268921763387e-05
amended,primary_unscreened,CENTER,training,8866d329d9fffff,-7.38120234993335e-10,6.89870101598435e-06
amended,primary_unscreened,CENTER,training,8866d329dbfffff,-6.68111311106707e-10,-7.49702808812287e-06
amended,primary_unscreened,CENTER,training,8866d32a15fffff,-1.47103193612724e-09,-9.29629512622616e-05
amended,primary_unscreened,CENTER,training,8866d32a17fffff,-8.82532333262017e-10,3.88868786698798e-05
amended,primary_unscreened,CENTER,training,8866d32a1dfffff,-2.02189711925305e-09,-0.000136242065097281
amended,primary_unscreened,CENTER,training,8866d32a35fffff,-3.50808488985059e-10,0.000108366142772806
amended,primary_unscreened,CENTER,training,8866d32a37fffff,-6.80041110237132e-10,-2.25727722466883e-05
amended,primary_unscreened,CENTER,training,8866d32a3bfffff,-8.64339720714639e-10,-7.3011368664748e-05
amended,primary_unscreened,CENTER,training,8866d32a51fffff,-1.27179506822803e-09,-5.21775837838365e-05
amended,primary_unscreened,CENTER,training,8866d32a57fffff,-1.72329184000049e-09,-0.000183100798963481
amended,primary_unscreened,CENTER,training,8866d32a59fffff,-1.36702943104072e-09,-0.000104125367810858
amended,primary_unscreened,CENTER,training,8866d32a5bfffff,-7.14837469997016e-10,-8.17665773213855e-06
amended,primary_unscreened,CENTER,training,8866d32a9dfffff,-6.91649576260265e-10,2.9116767796883e-06
amended,primary_unscreened,CENTER,training,8866d32ac1fffff,-3.62005014455416e-10,8.61515622194122e-05
amended,primary_unscreened,CENTER,training,8866d32ac3fffff,-1.67962624190825e-09,-0.000381258977764868
amended,primary_unscreened,CENTER,training,8866d32ac9fffff,-5.43493073680654e-10,-3.58562544479364e-05
amended,primary_unscreened,CENTER,training,8866d32acbfffff,-7.66181282267749e-10,6.99580520784978e-05
amended,primary_unscreened,CENTER,training,8866d32ad9fffff,-8.69683319826034e-10,-5.84619713462175e-05
amended,primary_unscreened,CENTER,training,8866d32addfffff,-1.25767555431096e-09,-8.70387987094868e-05
amended,primary_unscreened,CENTER,training,8866d32f45fffff,-1.05734623255148e-10,-0.000715177121249585
amended,primary_unscreened,CENTER,training,8866d32f49fffff,0.0937022963036647,0.0939766423574315
amended,primary_unscreened,CENTER,training,8866d32f4dfffff,-2.63604140794929e-10,-0.000360453163161645
amended,primary_unscreened,CENTER,training,8866d32f61fffff,0.316800880721267,0.317109714313941
amended,primary_unscreened,CENTER,training,8866d32f67fffff,-2.14840436565695e-10,3.12189781616548e-05
amended,primary_unscreened,CENTER,training,8866d32f69fffff,-4.91940475204824e-10,-5.76271839909217e-05
amended,primary_unscreened,CENTER,training,8866d32f6bfffff,-1.68013987856542e-10,6.29728356801835e-05
amended,primary_unscreened,CENTER,training,8866d3300dfffff,-6.53534194116339e-10,-7.67794599242366e-05
amended,primary_unscreened,CENTER,training,8866d33011fffff,-3.47069743731473e-10,8.16999568388219e-05
amended,primary_unscreened,CENTER,training,8866d33013fffff,-4.20083402675642e-10,6.08731147286737e-05
amended,primary_unscreened,CENTER,training,8866d33019fffff,-4.17577095958054e-10,5.63673243705957e-05
amended,primary_unscreened,CENTER,training,8866d33067fffff,-5.87504520644937e-10,-2.4450030919683e-05
amended,primary_unscreened,CENTER,training,8866d33081fffff,-6.02750282820992e-10,-7.90717563924618e-05
amended,primary_unscreened,CENTER,training,8866d33083fffff,-6.22658501566314e-10,-5.23713073927532e-05
amended,primary_unscreened,CENTER,training,8866d33095fffff,-6.15042375713041e-10,-5.68387886807886e-05
amended,primary_unscreened,CENTER,training,8866d3309bfffff,-1.77415097066975e-10,0.000159631511059598
amended,primary_unscreened,CENTER,training,8866d330bbfffff,-6.17084641377468e-10,-5.74192033430025e-05
amended,primary_unscreened,CENTER,training,8866d330c5fffff,-6.33721812473468e-10,-4.65632022363068e-05
amended,primary_unscreened,CENTER,training,8866d330e9fffff,-4.32183400975488e-10,2.35552748404547e-05
amended,primary_unscreened,CENTER,training,8866d330ebfffff,-5.67964889466665e-10,-4.77194070950578e-05
amended,primary_unscreened,CENTER,training,8866d33101fffff,-4.25460387726505e-10,-0.000376233365704337
amended,primary_unscreened,CENTER,training,8866d33103fffff,-7.63395091210058e-10,4.17305294512056e-05
amended,primary_unscreened,CENTER,training,8866d33105fffff,-6.29673327829457e-10,-0.000242364761337588
amended,primary_unscreened,CENTER,training,8866d33107fffff,-6.17008674252925e-10,0.000113219979686404
amended,primary_unscreened,CENTER,training,8866d33109fffff,-2.65648376226104e-10,0.000193372274673564
amended,primary_unscreened,CENTER,training,8866d3310bfffff,-7.00187676319318e-10,-0.000121606252976219
amended,primary_unscreened,CENTER,training,8866d3310dfffff,-7.21386468286083e-10,5.27645340058429e-05
amended,primary_unscreened,CENTER,training,8866d3311dfffff,-1.0975545084583e-09,-6.94684260777768e-05
amended,primary_unscreened,CENTER,training,8866d33121fffff,-6.52492152710538e-10,-2.49232236407048e-05
amended,primary_unscreened,CENTER,training,8866d33123fffff,-6.0155806748064e-10,2.03625954616196e-05
amended,primary_unscreened,CENTER,training,8866d33125fffff,-3.8218895771892e-10,-9.92825401880125e-05
amended,primary_unscreened,CENTER,training,8866d33127fffff,-9.39662366867264e-10,3.81156024746547e-05
amended,primary_unscreened,CENTER,training,8866d33129fffff,-6.48781720307754e-10,-1.10649186264261e-05
amended,primary_unscreened,CENTER,training,8866d3312bfffff,-6.57343689110251e-10,-7.0128078672169e-06
amended,primary_unscreened,CENTER,training,8866d3312dfffff,-9.05049492011866e-10,-0.000109070574645879
amended,primary_unscreened,CENTER,training,8866d33131fffff,-8.08663507345412e-10,-2.68787682137018e-05
amended,primary_unscreened,CENTER,training,8866d33133fffff,-8.77463156916873e-10,-0.000175694977075141
amended,primary_unscreened,CENTER,training,8866d33139fffff,-5.83858592567893e-10,0.000105378775978363
amended,primary_unscreened,CENTER,training,8866d33141fffff,-7.73504447331514e-10,-6.97756095869766e-05
amended,primary_unscreened,CENTER,training,8866d33143fffff,-4.07528496715939e-10,6.75633808417942e-05
amended,primary_unscreened,CENTER,training,8866d33147fffff,-7.8346843386804e-10,2.20471466532843e-05
amended,primary_unscreened,CENTER,training,8866d3314bfffff,-9.25983751479155e-10,2.38569918695365e-06
amended,primary_unscreened,CENTER,training,8866d3314dfffff,-7.53008435737079e-10,-0.000110886453439725
amended,primary_unscreened,CENTER,training,8866d33151fffff,-5.92260890064135e-10,9.29372260410913e-06
amended,primary_unscreened,CENTER,training,8866d33153fffff,-8.41460850271543e-10,4.40048587604795e-05
amended,primary_unscreened,CENTER,training,8866d33155fffff,-5.0837487952626e-10,0.000227449838424673
amended,primary_unscreened,CENTER,training,8866d33157fffff,-5.47590903523596e-10,-2.78015062248179e-05
amended,primary_unscreened,CENTER,training,8866d33159fffff,-6.82791208526768e-10,4.08112166868366e-05
amended,primary_unscreened,CENTER,training,8866d3315bfffff,-6.1203303945376e-10,-4.93883908991199e-05
amended,primary_unscreened,CENTER,training,8866d3315dfffff,-7.10026875506959e-10,0.000178934434177961
amended,primary_unscreened,CENTER,training,8866d33161fffff,-7.88450313905926e-10,5.71613864045359e-05
amended,primary_unscreened,CENTER,training,8866d33163fffff,0.00452075547954508,0.00479882505733957
amended,primary_unscreened,CENTER,training,8866d33165fffff,-1.20079607449681e-09,-4.24939735149787e-05
amended,primary_unscreened,CENTER,training,8866d33167fffff,-9.64985534285387e-10,-2.97083194796923e-06
amended,primary_unscreened,CENTER,training,8866d33169fffff,-6.48280684353066e-10,-5.47973979999216e-05
amended,primary_unscreened,CENTER,training,8866d3316bfffff,-6.23623538317648e-10,-3.89233292376763e-05
amended,primary_unscreened,CENTER,training,8866d3316dfffff,-5.99332406956728e-10,5.37052440828967e-08
amended,primary_unscreened,CENTER,training,8866d331e5fffff,-8.38351837597147e-10,-5.9423907285094e-05
amended,primary_unscreened,CENTER,training,8866d33231fffff,-6.16415850413086e-10,-1.6160705426624e-05
amended,primary_unscreened,CENTER,training,8866d33253fffff,-8.77826582842406e-10,-6.52743180834625e-06
amended,primary_unscreened,CENTER,training,8866d33257fffff,-9.17969775288724e-10,-6.01252614506956e-06
amended,primary_unscreened,CENTER,training,8866d33259fffff,-8.41035484625415e-10,-2.35006832778399e-05
amended,primary_unscreened,CENTER,training,8866d3325bfffff,-9.41803022395037e-10,-7.62911984657203e-05
amended,primary_unscreened,CENTER,training,8866d33325fffff,-9.41002058049899e-10,-7.09141078897017e-05
amended,primary_unscreened,CENTER,training,8866d3332dfffff,-1.25082116174439e-09,9.57532411843447e-06
amended,primary_unscreened,CENTER,training,8866d33333fffff,-8.85526041577888e-10,8.19295612225437e-06
amended,primary_unscreened,CENTER,training,8866d33335fffff,-5.86461266161129e-10,-1.90513866583372e-05
amended,primary_unscreened,CENTER,training,8866d3333dfffff,-6.19462130834268e-10,1.38469147639182e-05
amended,primary_unscreened,CENTER,training,8866d33521fffff,-5.77623923055786e-10,-2.07940983231053e-05
amended,primary_unscreened,CENTER,training,8866d33527fffff,-6.77470138226405e-10,-2.12456130730523e-05
amended,primary_unscreened,CENTER,training,8866d33565fffff,-5.87278239616208e-10,-1.55106067248834e-05
amended,primary_unscreened,CENTER,training,8866d33569fffff,-1.0831372380002e-09,-1.64817697355523e-06
amended,primary_unscreened,CENTER,training,8866d3356dfffff,-6.05169590159939e-10,-4.56837960046292e-05
amended,primary_unscreened,CENTER,training,8866d33725fffff,-4.28683004838508e-10,0.000127689365029406
amended,primary_unscreened,CENTER,training,8866d33761fffff,-6.04079439295921e-10,6.71001382324869e-05
amended,primary_unscreened,CENTER,training,8866d33767fffff,0.0453817124100092,0.0456906067400547
amended,primary_unscreened,CENTER,training,8866d3376bfffff,-6.44666748362381e-10,7.90012169243695e-05
amended,primary_unscreened,CENTER,training,8866d3381bfffff,-3.05424747615908e-10,0.000155806853906495
amended,primary_unscreened,CENTER,training,8866d33891fffff,-1.20338331837972e-10,0.000215061926075464
amended,primary_unscreened,CENTER,training,8866d33895fffff,-5.59722169503856e-10,7.39875896969631e-05
amended,primary_unscreened,CENTER,training,8866d33897fffff,-3.32606202132962e-10,0.000103952953876318
amended,primary_unscreened,CENTER,training,8866d338b1fffff,-4.22613482251876e-10,0.000154866867984065
amended,primary_unscreened,CENTER,training,8866d338b3fffff,-7.87296462256473e-10,-1.67095210306277e-05
amended,primary_unscreened,CENTER,training,8866d338bbfffff,-8.3336123360093e-10,3.49586778394872e-05
amended,primary_unscreened,CENTER,training,8866d338d1fffff,-2.67993783795033e-10,0.000113258488423075
amended,primary_unscreened,CENTER,training,8866d33a03fffff,-7.65898436891287e-10,-4.76872360661415e-05
amended,primary_unscreened,CENTER,training,8866d33a09fffff,-7.84827193287564e-10,-1.86652911074454e-05
amended,primary_unscreened,CENTER,training,8866d33a0bfffff,-6.47769771060101e-10,3.89060415703433e-05
amended,primary_unscreened,CENTER,training,8866d33a11fffff,-1.16641907637189e-09,-0.000209581305897143
amended,primary_unscreened,CENTER,training,8866d33a13fffff,-9.75851163760305e-10,-8.35683922762474e-05
amended,primary_unscreened,CENTER,training,8866d33a15fffff,-9.50182664268403e-10,-0.000166745371432595
amended,primary_unscreened,CENTER,training,8866d33a17fffff,-4.25924174117464e-10,1.02163223415014e-05
amended,primary_unscreened,CENTER,training,8866d33a19fffff,-6.07280018386165e-10,3.99967576327555e-05
amended,primary_unscreened,CENTER,training,8866d33a1bfffff,-7.97968224282868e-10,4.4013716471353e-05
amended,primary_unscreened,CENTER,training,8866d33a1dfffff,-1.14787502396896e-09,8.05442262595964e-05
amended,primary_unscreened,CENTER,training,8866d33a33fffff,-6.06230782152315e-10,-1.63833114824068e-05
amended,primary_unscreened,CENTER,training,8866d33a39fffff,-6.1697298182387e-10,-1.79410654463382e-05
amended,primary_unscreened,CENTER,training,8866d33a3bfffff,-4.92260571356813e-10,0.000135744643031826
amended,primary_unscreened,CENTER,training,8866d33a51fffff,-2.94796012936387e-09,-7.48171045481609e-05
amended,primary_unscreened,CENTER,training,8866d33a53fffff,-6.92374845782437e-10,-2.53369943346061e-06
amended,primary_unscreened,CENTER,training,8866d33a55fffff,-7.04939525317442e-10,2.22133495990675e-05
amended,primary_unscreened,CENTER,training,8866d33a57fffff,-4.72772682945533e-10,0.000134017809532406
amended,primary_unscreened,CENTER,training,8866d33a59fffff,-1.03317847767681e-09,-0.00010839414306738
amended,primary_unscreened,CENTER,training,8866d33a5bfffff,-6.0357970100096e-10,-1.9930357139025e-05
amended,primary_unscreened,CENTER,training,8866d33a5dfffff,-4.27573923635762e-10,0.000140647984973287
amended,primary_unscreened,CENTER,training,8866d33a8bfffff,-5.36528590619159e-11,0.000105940199490013
amended,primary_unscreened,CENTER,training,8866d33a91fffff,-6.79377871096553e-10,-0.000232923408408361
amended,primary_unscreened,CENTER,training,8866d33a93fffff,-6.71572647559368e-10,-0.000154118045864128
amended,primary_unscreened,CENTER,training,8866d33a99fffff,-3.55716256618423e-10,-0.000238320153686118
amended,primary_unscreened,CENTER,training,8866d33ac1fffff,0.0345901774661297,0.0348581066778495
amended,primary_unscreened,CENTER,training,8866d33ac3fffff,0.0957115512577391,0.0959708048651614
amended,primary_unscreened,CENTER,training,8866d33ac9fffff,-9.81698459933603e-10,8.69212526391505e-05
amended,primary_unscreened,CENTER,training,8866d33acbfffff,-9.48924486504879e-10,-4.84004839212044e-05
amended,primary_unscreened,CENTER,training,8866d33acdfffff,0.0880007635601344,0.0882813200207208
amended,primary_unscreened,CENTER,training,8866d33ad1fffff,-1.13473164483535e-10,0.000168612998467088
amended,primary_unscreened,CENTER,training,8866d33ad3fffff,-5.12972662946258e-10,-0.000215223957891181
amended,primary_unscreened,CENTER,training,8866d33ad5fffff,-2.45340244455817e-10,0.00021374239182685
amended,primary_unscreened,CENTER,training,8866d33ad7fffff,-2.5821340998849e-10,9.80246895178672e-05
amended,primary_unscreened,CENTER,training,8866d33addfffff,-6.41200080920726e-10,-3.82880471187526e-05
amended,primary_unscreened,CENTER,training,8866d3a891fffff,-4.6115706186238e-10,0.000172279290954106
amended,primary_unscreened,CENTER,training,8866d3a897fffff,-9.83246881238838e-10,-7.78656726367374e-05
amended,primary_unscreened,CENTER,training,8866d3a89bfffff,0.0425006740130432,0.0427979940880705
amended,primary_unscreened,CENTER,training,8866d3a8b3fffff,-6.93034552054146e-10,-7.136694021954e-05
amended,primary_unscreened,CENTER,training,8866d3a8bbfffff,-8.88601372603886e-10,1.97769308467311e-05
amended,primary_unscreened,CENTER,training,8866d3ad6dfffff,9.2955217242419e-11,0.000275485830897246
amended,primary_unscreened,CENTER,training,8866d3af25fffff,-1.30573998100272e-10,0.000100707770442413
amended,primary_unscreened,CENTER,training,888f2d9205fffff,-8.65948852343197e-10,-0.000330939989989866
amended,primary_unscreened,CENTER,training,888f2d920dfffff,-4.479478120167e-10,-0.000335330610227115
amended,primary_unscreened,CENTER,training,888f2d9223fffff,-9.45010379895356e-10,-0.000137118067947645
amended,primary_unscreened,CENTER,training,888f2d922bfffff,-4.17691743843914e-10,3.80267754708118e-05
amended,primary_unscreened,CENTER,training,888f2d9245fffff,-5.87107151061613e-10,-1.94665775504527e-06
amended,primary_unscreened,CENTER,training,888f2d9249fffff,-1.04846298582109e-09,-7.89659815689342e-05
amended,primary_unscreened,CENTER,training,888f2d924dfffff,-5.27759486497794e-10,3.44179858105344e-05
amended,primary_unscreened,CENTER,training,888f2d926bfffff,-6.34712307579627e-10,-0.000131891895284711
amended,primary_unscreened,BELISARIO,full_pre,8866d3045bfffff,-3.7932204870616e-10,-0.00211783192204814
amended,primary_unscreened,BELISARIO,full_pre,8866d30491fffff,-9.57251232559644e-10,-0.000772825325568476
amended,primary_unscreened,BELISARIO,full_pre,8866d30495fffff,-5.40993490381617e-10,0.000189780242329051
amended,primary_unscreened,BELISARIO,full_pre,8866d3049bfffff,-7.74594754401327e-10,-0.000739344043644683
amended,primary_unscreened,BELISARIO,full_pre,8866d304b3fffff,-5.89871826233642e-10,-0.00127285046319044
amended,primary_unscreened,BELISARIO,full_pre,8866d304bbfffff,-5.30703281752518e-10,-0.00045035561577915
amended,primary_unscreened,BELISARIO,full_pre,8866d304d3fffff,-8.59930676328492e-10,-0.00100635051309167
amended,primary_unscreened,BELISARIO,full_pre,8866d304dbfffff,-6.49164833915475e-10,-0.000273594808187231
amended,primary_unscreened,BELISARIO,full_pre,8866d30681fffff,-6.30153105339859e-10,-0.00167824834103605
amended,primary_unscreened,BELISARIO,full_pre,8866d30683fffff,-6.88692218217912e-10,-0.000808853796774528
amended,primary_unscreened,BELISARIO,full_pre,8866d3068dfffff,-4.82103770026218e-10,-0.00127878098827234
amended,primary_unscreened,BELISARIO,full_pre,8866d30695fffff,-7.33968785924892e-10,0.00035272445792939
amended,primary_unscreened,BELISARIO,full_pre,8866d3069dfffff,-7.37723289543237e-10,0.000187871589442854
amended,primary_unscreened,BELISARIO,full_pre,8866d306b3fffff,-6.64659933766163e-10,-0.000542617228001911
amended,primary_unscreened,BELISARIO,full_pre,8866d306bbfffff,-6.79052025273011e-10,-0.000521146957686057
amended,primary_unscreened,BELISARIO,full_pre,8866d306e1fffff,-5.57664233911132e-10,-0.000970793854231701
amended,primary_unscreened,BELISARIO,full_pre,8866d306e5fffff,-4.13835978121254e-10,-0.00203921735046823
amended,primary_unscreened,BELISARIO,full_pre,8866d306e7fffff,-6.19135486616331e-10,-0.000580532912227438
amended,primary_unscreened,BELISARIO,full_pre,8866d306e9fffff,-6.17152571184578e-10,-0.000555899415134688
amended,primary_unscreened,BELISARIO,full_pre,8866d306ebfffff,-5.12199160901036e-10,-0.000862007802583212
amended,primary_unscreened,BELISARIO,full_pre,8866d32081fffff,-6.53573770976285e-10,-0.00107892098751952
amended,primary_unscreened,BELISARIO,full_pre,8866d320a3fffff,-6.4781396051077e-10,-0.00047832275115942
amended,primary_unscreened,BELISARIO,full_pre,8866d320a5fffff,-6.3229756980861e-10,-0.00055325750104629
amended,primary_unscreened,BELISARIO,full_pre,8866d32113fffff,-3.8357831033299e-10,0.000277675624569349
amended,primary_unscreened,BELISARIO,full_pre,8866d32117fffff,-8.75611315349601e-10,-0.000299552567121973
amended,primary_unscreened,BELISARIO,full_pre,8866d32121fffff,-3.32853652933413e-10,0.000848795787626272
amended,primary_unscreened,BELISARIO,full_pre,8866d32125fffff,-8.39859806417655e-10,-0.00022581534396234
amended,primary_unscreened,BELISARIO,full_pre,8866d32127fffff,-5.67154408317846e-10,-0.00194005443711584
amended,primary_unscreened,BELISARIO,full_pre,8866d3212bfffff,-5.1500572026865e-10,0.00048498423695468
amended,primary_unscreened,BELISARIO,full_pre,8866d3212dfffff,-3.96559629417061e-10,0.000825328080431125
amended,primary_unscreened,BELISARIO,full_pre,8866d32131fffff,-2.87507359698718e-10,0.00214308975326814
amended,primary_unscreened,BELISARIO,full_pre,8866d32133fffff,-1.39773251978448e-10,0.00120386767876579
amended,primary_unscreened,BELISARIO,full_pre,8866d32135fffff,-5.18827725719266e-10,-0.00111784071572207
amended,primary_unscreened,BELISARIO,full_pre,8866d3213dfffff,-2.05998073048009e-10,0.00133144219309434
amended,primary_unscreened,BELISARIO,full_pre,8866d32161fffff,-1.55542075301436e-10,0.000861036796886474
amended,primary_unscreened,BELISARIO,full_pre,8866d32165fffff,-6.53228186754322e-10,-0.000702062586920187
amended,primary_unscreened,BELISARIO,full_pre,8866d32167fffff,-5.79437515817576e-11,0.00155134329770361
amended,primary_unscreened,BELISARIO,full_pre,8866d32169fffff,-1.32016174831783e-10,0.000176175596632356
amended,primary_unscreened,BELISARIO,full_pre,8866d32183fffff,-5.71745014649822e-10,-0.000773468296690642
amended,primary_unscreened,BELISARIO,full_pre,8866d32187fffff,-5.97134170192743e-10,-0.00040532545549118
amended,primary_unscreened,BELISARIO,full_pre,8866d32199fffff,-5.0368795567801e-10,-0.000744887056654053
amended,primary_unscreened,BELISARIO,full_pre,8866d3219dfffff,-4.97731701959702e-10,-0.000681225309170216
amended,primary_unscreened,BELISARIO,full_pre,8866d321a1fffff,-3.29244988491679e-10,0.00150248709929757
amended,primary_unscreened,BELISARIO,full_pre,8866d321a3fffff,-9.3190112249239e-11,0.00289837499402591
amended,primary_unscreened,BELISARIO,full_pre,8866d321a9fffff,-5.30978266785805e-10,-0.00138404290619885
amended,primary_unscreened,BELISARIO,full_pre,8866d321abfffff,-3.42506406215989e-10,0.00142715290595621
amended,primary_unscreened,BELISARIO,full_pre,8866d321bdfffff,-3.05028381902813e-10,0.000564002528110565
amended,primary_unscreened,BELISARIO,full_pre,8866d321e1fffff,-2.91117246238786e-10,-0.00130997927504941
amended,primary_unscreened,BELISARIO,full_pre,8866d321e3fffff,-1.8111832496972e-10,0.00297511685339646
amended,primary_unscreened,BELISARIO,full_pre,8866d321e5fffff,-2.15730882311118e-11,0.00208685401034328
amended,primary_unscreened,BELISARIO,full_pre,8866d321e7fffff,-3.22250215361763e-10,0.000664616255905798
amended,primary_unscreened,BELISARIO,full_pre,8866d321edfffff,-3.01118136743312e-10,0.00117561759828619
amended,primary_unscreened,BELISARIO,full_pre,8866d32201fffff,-5.27163707149277e-10,-0.000325848602303635
amended,primary_unscreened,BELISARIO,full_pre,8866d32205fffff,-5.57958703197055e-10,-0.000325590340516395
amended,primary_unscreened,BELISARIO,full_pre,8866d32207fffff,-5.23907433132357e-10,-0.000180454571294071
amended,primary_unscreened,BELISARIO,full_pre,8866d3220bfffff,-5.28973360348919e-10,-0.000591130991381634
amended,primary_unscreened,BELISARIO,full_pre,8866d32211fffff,0.180197617952925,0.182345272773319
amended,primary_unscreened,BELISARIO,full_pre,8866d32219fffff,-3.16066451403575e-10,0.000236244701178063
amended,primary_unscreened,BELISARIO,full_pre,8866d3221bfffff,-2.41387455856186e-10,0.000513769149154186
amended,primary_unscreened,BELISARIO,full_pre,8866d3221dfffff,-1.46178145839064e-11,0.00164976931748207
amended,primary_unscreened,BELISARIO,full_pre,8866d32221fffff,-2.16707699508614e-10,0.00153477655672159
amended,primary_unscreened,BELISARIO,full_pre,8866d32225fffff,-1.19607585996451e-10,0.000488874119810779
amended,primary_unscreened,BELISARIO,full_pre,8866d32227fffff,-4.62390198165506e-10,-0.000559612058884292
amended,primary_unscreened,BELISARIO,full_pre,8866d3222bfffff,-5.35094045351305e-10,0.000247736212215177
amended,primary_unscreened,BELISARIO,full_pre,8866d3222dfffff,-4.93650049699034e-10,-0.000446680646354711
amended,primary_unscreened,BELISARIO,full_pre,8866d322c1fffff,-4.34934819644762e-10,-0.000366757510218405
amended,primary_unscreened,BELISARIO,full_pre,8866d322c3fffff,-4.27866086340114e-10,-0.000421887664954202
amended,primary_unscreened,BELISARIO,full_pre,8866d322cbfffff,-4.50064995643004e-10,-0.000282207223403725
amended,primary_unscreened,BELISARIO,full_pre,8866d322cdfffff,-4.88138793616045e-10,-0.000618940859895771
amended,primary_unscreened,BELISARIO,full_pre,8866d32301fffff,-3.40613284169868e-10,-0.00158777986156564
amended,primary_unscreened,BELISARIO,full_pre,8866d32303fffff,-4.49770898273358e-10,-0.00043040883434756
amended,primary_unscreened,BELISARIO,full_pre,8866d32305fffff,-5.0364529280669e-10,-0.000847018518291341
amended,primary_unscreened,BELISARIO,full_pre,8866d32309fffff,-1.67890798700762e-10,0.00058915908214134
amended,primary_unscreened,BELISARIO,full_pre,8866d3230bfffff,-4.57791749669021e-10,-0.000648198123272117
amended,primary_unscreened,BELISARIO,full_pre,8866d32319fffff,-4.70958852325445e-10,-0.000522723632110065
amended,primary_unscreened,BELISARIO,full_pre,8866d3231bfffff,-4.45156080692386e-10,-0.000388074719187968
amended,primary_unscreened,BELISARIO,full_pre,8866d3231dfffff,-5.09904248510962e-10,-0.000489929012307776
amended,primary_unscreened,BELISARIO,full_pre,8866d3232dfffff,-1.18079141851259e-10,0.00151138733156695
amended,primary_unscreened,BELISARIO,full_pre,8866d32343fffff,-1.41760144944564e-10,-0.000892734364503042
amended,primary_unscreened,BELISARIO,full_pre,8866d32347fffff,-1.47214099276607e-10,0.000227754554698401
amended,primary_unscreened,BELISARIO,full_pre,8866d32353fffff,-2.94869604360956e-10,0.000736693036758611
amended,primary_unscreened,BELISARIO,full_pre,8866d32355fffff,-2.55328589071434e-10,-0.000745550997063906
amended,primary_unscreened,BELISARIO,full_pre,8866d32357fffff,-7.13265623345638e-10,0.00039012527636763
amended,primary_unscreened,BELISARIO,full_pre,8866d32361fffff,-2.75443276435896e-11,-0.000236284460174505
amended,primary_unscreened,BELISARIO,full_pre,8866d32365fffff,1.67753881822711e-11,-0.00106524747728093
amended,primary_unscreened,BELISARIO,full_pre,8866d32367fffff,-1.00235963120041e-10,-1.55851711797616e-05
amended,primary_unscreened,BELISARIO,full_pre,8866d32369fffff,0.0763042523386649,0.0772887519417165
amended,primary_unscreened,BELISARIO,full_pre,8866d3236bfffff,-3.6229436247741e-10,-0.000605468737894584
amended,primary_unscreened,BELISARIO,full_pre,8866d3236dfffff,0.161387066731434,0.163007807342763
amended,primary_unscreened,BELISARIO,full_pre,8866d32801fffff,-1.08380817646869e-10,0.000773915624654544
amended,primary_unscreened,BELISARIO,full_pre,8866d32803fffff,-4.67659076605011e-10,-0.000622056435506562
amended,primary_unscreened,BELISARIO,full_pre,8866d32809fffff,-2.59571060891446e-10,0.00061623611996656
amended,primary_unscreened,BELISARIO,full_pre,8866d3280bfffff,-3.33705539615089e-10,-0.000476594027146981
amended,primary_unscreened,BELISARIO,full_pre,8866d3280dfffff,-4.52576769934569e-10,-7.20591123384268e-05
amended,primary_unscreened,BELISARIO,full_pre,8866d32833fffff,-3.39613928581742e-10,-0.000475478475258328
amended,primary_unscreened,BELISARIO,full_pre,8866d32839fffff,-3.7828433017705e-10,-0.0003632321887493
amended,primary_unscreened,BELISARIO,full_pre,8866d3283bfffff,-3.80713314989747e-10,-3.45990069298421e-05
amended,primary_unscreened,BELISARIO,full_pre,8866d32843fffff,-3.98903281889301e-10,0.000454955161621645
amended,primary_unscreened,BELISARIO,full_pre,8866d32847fffff,-4.14247912437062e-10,0.000139413476427336
amended,primary_unscreened,BELISARIO,full_pre,8866d32857fffff,-3.23883467612876e-10,-0.00050205971596098
amended,primary_unscreened,BELISARIO,full_pre,8866d3286bfffff,-3.18268548561857e-10,-0.000560855927998354
amended,primary_unscreened,BELISARIO,full_pre,8866d32883fffff,-8.14206280887531e-11,0.00059320566462612
amended,primary_unscreened,BELISARIO,full_pre,8866d32887fffff,-3.93075914609851e-10,-0.000385666141213554
amended,primary_unscreened,BELISARIO,full_pre,8866d3288bfffff,-3.27927388562574e-10,-0.000737214102461283
amended,primary_unscreened,BELISARIO,full_pre,8866d3289dfffff,-3.23752067595427e-10,-0.000298274979512343
amended,primary_unscreened,BELISARIO,full_pre,8866d328a1fffff,-2.91248308963345e-10,-0.000593851527384799
amended,primary_unscreened,BELISARIO,full_pre,8866d328a3fffff,-2.35827692190495e-10,-0.00120920118098822
amended,primary_unscreened,BELISARIO,full_pre,8866d328a5fffff,-2.95925730539476e-10,-0.000565680529593711
amended,primary_unscreened,BELISARIO,full_pre,8866d328a9fffff,-2.85605309175143e-10,-0.000564270669541684
amended,primary_unscreened,BELISARIO,full_pre,8866d328abfffff,-2.85788270557883e-10,-0.000631343110327459
amended,primary_unscreened,BELISARIO,full_pre,8866d328bdfffff,-5.02461808902303e-11,-0.00232588740135817
amended,primary_unscreened,BELISARIO,full_pre,8866d328c5fffff,-2.70789514000094e-10,-0.000525548974059262
amended,primary_unscreened,BELISARIO,full_pre,8866d328d3fffff,-2.50016236224064e-10,-0.00108858931494642
amended,primary_unscreened,BELISARIO,full_pre,8866d328d7fffff,-1.19839838434483e-10,-0.000164163156419711
amended,primary_unscreened,BELISARIO,full_pre,8866d328dbfffff,-7.80585389247181e-11,-0.00102310856280414
amended,primary_unscreened,BELISARIO,full_pre,8866d328e9fffff,-2.88528599774128e-10,-0.000514236887268555
amended,primary_unscreened,BELISARIO,full_pre,8866d329d3fffff,-2.94654369571571e-10,-0.000546884035797369
amended,primary_unscreened,BELISARIO,full_pre,8866d329d9fffff,-3.69578223097395e-10,-0.000666666701579581
amended,primary_unscreened,BELISARIO,full_pre,8866d329dbfffff,-2.97394687454062e-10,-0.000450121772939846
amended,primary_unscreened,BELISARIO,full_pre,8866d32a15fffff,-2.71450791678819e-10,-0.000648228517988589
amended,primary_unscreened,BELISARIO,full_pre,8866d32a17fffff,-2.61489026979042e-10,0.000489275155855156
amended,primary_unscreened,BELISARIO,full_pre,8866d32a1dfffff,-5.61186076909932e-10,-0.000509904539218183
amended,primary_unscreened,BELISARIO,full_pre,8866d32a35fffff,-1.04642969141327e-10,0.00210725499596035
amended,primary_unscreened,BELISARIO,full_pre,8866d32a37fffff,-2.90649675565625e-10,-0.000496067694869424
amended,primary_unscreened,BELISARIO,full_pre,8866d32a3bfffff,-2.96218155446754e-10,-0.000626128694282468
amended,primary_unscreened,BELISARIO,full_pre,8866d32a51fffff,-4.54281731688171e-10,-0.00141949205439944
amended,primary_unscreened,BELISARIO,full_pre,8866d32a57fffff,-5.24334861688828e-10,-0.00104455295100037
amended,primary_unscreened,BELISARIO,full_pre,8866d32a59fffff,-3.43332591623649e-10,-0.00135021420261523
amended,primary_unscreened,BELISARIO,full_pre,8866d32a5bfffff,-2.98551959124225e-10,-0.000502170342504356
amended,primary_unscreened,BELISARIO,full_pre,8866d32a9dfffff,-2.78004549472368e-10,-0.000140985972078078
amended,primary_unscreened,BELISARIO,full_pre,8866d32ac1fffff,-1.80040003301671e-10,0.00153421611462486
amended,primary_unscreened,BELISARIO,full_pre,8866d32ac3fffff,-3.23036191182101e-10,-0.00119122984093634
amended,primary_unscreened,BELISARIO,full_pre,8866d32ac9fffff,-1.97423582604823e-10,0.000224932749652879
amended,primary_unscreened,BELISARIO,full_pre,8866d32acbfffff,-6.44395696669816e-10,-0.00104178029972184
amended,primary_unscreened,BELISARIO,full_pre,8866d32ad9fffff,-4.27347970762015e-10,-0.000978247596712852
amended,primary_unscreened,BELISARIO,full_pre,8866d32addfffff,-5.37336592129229e-10,-0.000397134774374923
amended,primary_unscreened,BELISARIO,full_pre,8866d32f45fffff,0.0318084952981162,0.0317803750698425
amended,primary_unscreened,BELISARIO,full_pre,8866d32f49fffff,-8.72541387844283e-11,0.00279129554732804
amended,primary_unscreened,BELISARIO,full_pre,8866d32f4dfffff,0.0252387843547328,0.0268155386010036
amended,primary_unscreened,BELISARIO,full_pre,8866d32f61fffff,0.219865665966891,0.222309645793468
amended,primary_unscreened,BELISARIO,full_pre,8866d32f67fffff,-1.39984095954029e-11,0.000419002507428696
amended,primary_unscreened,BELISARIO,full_pre,8866d32f69fffff,-1.72219791738914e-10,-2.29839730784531e-05
amended,primary_unscreened,BELISARIO,full_pre,8866d32f6bfffff,-6.19839497302227e-11,0.00121656926304608
amended,primary_unscreened,BELISARIO,full_pre,8866d3300dfffff,-2.4569386584595e-10,-0.000800981623105441
amended,primary_unscreened,BELISARIO,full_pre,8866d33011fffff,-2.33129999102201e-10,-0.000656254064026314
amended,primary_unscreened,BELISARIO,full_pre,8866d33013fffff,-2.40080706467884e-10,-0.00056813342729931
amended,primary_unscreened,BELISARIO,full_pre,8866d33019fffff,-2.31188073011587e-10,-0.00062115539607426
amended,primary_unscreened,BELISARIO,full_pre,8866d33067fffff,-2.3102395008742e-10,-0.000458058345305693
amended,primary_unscreened,BELISARIO,full_pre,8866d33081fffff,-2.31883409407059e-10,-0.000885202597131903
amended,primary_unscreened,BELISARIO,full_pre,8866d33083fffff,-2.38451536193094e-10,-0.000601388301325956
amended,primary_unscreened,BELISARIO,full_pre,8866d33095fffff,-2.39051421135693e-10,-0.000643360391722246
amended,primary_unscreened,BELISARIO,full_pre,8866d3309bfffff,-3.93617516657815e-11,0.00227292415396071
amended,primary_unscreened,BELISARIO,full_pre,8866d330bbfffff,-2.40811412289704e-10,-0.000689074334582183
amended,primary_unscreened,BELISARIO,full_pre,8866d330c5fffff,-2.32770775825111e-10,-0.000435412116514279
amended,primary_unscreened,BELISARIO,full_pre,8866d330e9fffff,-2.38289131784292e-10,-0.000642625524782592
amended,primary_unscreened,BELISARIO,full_pre,8866d330ebfffff,-2.34205437114119e-10,-0.000782592092195996
amended,primary_unscreened,BELISARIO,full_pre,8866d33101fffff,0.0135985588692397,0.0156825426714769
amended,primary_unscreened,BELISARIO,full_pre,8866d33103fffff,-2.05936060434324e-10,0.000479999048251919
amended,primary_unscreened,BELISARIO,full_pre,8866d33105fffff,-7.82229418522408e-11,0.000772271948010967
amended,primary_unscreened,BELISARIO,full_pre,8866d33107fffff,-2.64951342196086e-10,0.00129884990512925
amended,primary_unscreened,BELISARIO,full_pre,8866d33109fffff,-1.33194718380606e-10,0.00209792982528195
amended,primary_unscreened,BELISARIO,full_pre,8866d3310bfffff,-1.13953816986077e-10,0.00162229349984516
amended,primary_unscreened,BELISARIO,full_pre,8866d3310dfffff,-2.30804192900102e-10,0.00127179915593714
amended,primary_unscreened,BELISARIO,full_pre,8866d3311dfffff,-3.75375996252741e-10,0.000207484672415328
amended,primary_unscreened,BELISARIO,full_pre,8866d33121fffff,-2.47074023755992e-10,-0.000426980694781413
amended,primary_unscreened,BELISARIO,full_pre,8866d33123fffff,-2.84057088869278e-10,-0.00022463195247829
amended,primary_unscreened,BELISARIO,full_pre,8866d33125fffff,-9.93649288491571e-11,5.39185963770763e-05
amended,primary_unscreened,BELISARIO,full_pre,8866d33127fffff,-2.38911150594792e-10,0.000453431452124931
amended,primary_unscreened,BELISARIO,full_pre,8866d33129fffff,-4.55350309576696e-10,9.4585203084765e-06
amended,primary_unscreened,BELISARIO,full_pre,8866d3312bfffff,-2.46819462636664e-10,-0.000326792209370993
amended,primary_unscreened,BELISARIO,full_pre,8866d3312dfffff,-1.57630217789728e-10,0.000300068811240027
amended,primary_unscreened,BELISARIO,full_pre,8866d33131fffff,-2.34366461022982e-10,0.000366816892035135
amended,primary_unscreened,BELISARIO,full_pre,8866d33133fffff,-1.50216109669488e-10,0.000504437440647653
amended,primary_unscreened,BELISARIO,full_pre,8866d33139fffff,-1.34655456963992e-10,0.00207592699928103
amended,primary_unscreened,BELISARIO,full_pre,8866d33141fffff,-2.21797344621801e-10,0.000146404429997352
amended,primary_unscreened,BELISARIO,full_pre,8866d33143fffff,-2.1343855166376e-10,0.000333490223132707
amended,primary_unscreened,BELISARIO,full_pre,8866d33147fffff,-3.16007858006917e-10,0.000207781819571073
amended,primary_unscreened,BELISARIO,full_pre,8866d3314bfffff,-3.0017036146529e-10,-0.000231185627058205
amended,primary_unscreened,BELISARIO,full_pre,8866d3314dfffff,-2.37890708658906e-10,-0.000331377839644398
amended,primary_unscreened,BELISARIO,full_pre,8866d33151fffff,-2.62383422108763e-10,-0.000226040321138314
amended,primary_unscreened,BELISARIO,full_pre,8866d33153fffff,-2.79196399795743e-10,0.00159175613485953
amended,primary_unscreened,BELISARIO,full_pre,8866d33155fffff,-1.5389813098705e-10,0.00105544981604821
amended,primary_unscreened,BELISARIO,full_pre,8866d33157fffff,-1.71467519847808e-10,0.00133255196165473
amended,primary_unscreened,BELISARIO,full_pre,8866d33159fffff,-1.68918348981244e-10,-0.000353481125237479
amended,primary_unscreened,BELISARIO,full_pre,8866d3315bfffff,-1.62161236148971e-10,0.000609154549798058
amended,primary_unscreened,BELISARIO,full_pre,8866d3315dfffff,-1.07190511933249e-10,0.000540954614630666
amended,primary_unscreened,BELISARIO,full_pre,8866d33161fffff,-2.38814209022073e-10,-2.74299106549164e-05
amended,primary_unscreened,BELISARIO,full_pre,8866d33163fffff,-7.55111685108832e-11,0.000311022655240744
amended,primary_unscreened,BELISARIO,full_pre,8866d33165fffff,-1.44951480075616e-10,1.09376096308104e-05
amended,primary_unscreened,BELISARIO,full_pre,8866d33167fffff,-3.71109276882774e-10,0.000111970369947828
amended,primary_unscreened,BELISARIO,full_pre,8866d33169fffff,-2.51627598392405e-10,-0.000740427213364983
amended,primary_unscreened,BELISARIO,full_pre,8866d3316bfffff,-2.41280719068364e-10,-0.000518982939599261
amended,primary_unscreened,BELISARIO,full_pre,8866d3316dfffff,-2.33269802318946e-10,-0.000441542577866567
amended,primary_unscreened,BELISARIO,full_pre,8866d331e5fffff,-2.43897167856824e-10,-0.000342157808204642
amended,primary_unscreened,BELISARIO,full_pre,8866d33231fffff,-2.31651990423852e-10,-0.000370199679499003
amended,primary_unscreened,BELISARIO,full_pre,8866d33253fffff,-1.35146190616999e-10,-0.000496315569803087
amended,primary_unscreened,BELISARIO,full_pre,8866d33257fffff,-2.66720962917601e-10,-0.000465075435318987
amended,primary_unscreened,BELISARIO,full_pre,8866d33259fffff,-1.55196036943865e-10,-0.0008243438452998
amended,primary_unscreened,BELISARIO,full_pre,8866d3325bfffff,-1.70767881799531e-10,-0.000850755293824659
amended,primary_unscreened,BELISARIO,full_pre,8866d33325fffff,-3.2054182410957e-10,-0.000609215888654961
amended,primary_unscreened,BELISARIO,full_pre,8866d3332dfffff,-3.03156655189101e-10,0.000401312170231431
amended,primary_unscreened,BELISARIO,full_pre,8866d33333fffff,-3.33628102391196e-10,-0.000210932667991778
amended,primary_unscreened,BELISARIO,full_pre,8866d33335fffff,-2.52989326965088e-10,-0.000510662246627479
amended,primary_unscreened,BELISARIO,full_pre,8866d3333dfffff,-2.67532314752531e-10,-0.000392344959244126
amended,primary_unscreened,BELISARIO,full_pre,8866d33521fffff,-2.46614900883084e-10,-0.000590030789465152
amended,primary_unscreened,BELISARIO,full_pre,8866d33527fffff,-2.68084778664017e-10,-0.000433570465136087
amended,primary_unscreened,BELISARIO,full_pre,8866d33565fffff,-2.48117593774534e-10,-0.000583701592229514
amended,primary_unscreened,BELISARIO,full_pre,8866d33569fffff,-2.535079658174e-10,0.00109217346611891
amended,primary_unscreened,BELISARIO,full_pre,8866d3356dfffff,-2.41618598072009e-10,-0.000660355721627048
amended,primary_unscreened,BELISARIO,full_pre,8866d33725fffff,-1.14112939409869e-10,0.000110396775696557
amended,primary_unscreened,BELISARIO,full_pre,8866d33761fffff,-3.07088689557708e-10,0.000274045944845958
amended,primary_unscreened,BELISARIO,full_pre,8866d33767fffff,-2.04194323937754e-11,0.00264239768657054
amended,primary_unscreened,BELISARIO,full_pre,8866d3376bfffff,-3.12972427612478e-10,5.3533406544179e-05
amended,primary_unscreened,BELISARIO,full_pre,8866d3381bfffff,-1.58879452335962e-10,0.00136750183037731
amended,primary_unscreened,BELISARIO,full_pre,8866d33891fffff,-9.51470329398985e-11,0.00260378545306876
amended,primary_unscreened,BELISARIO,full_pre,8866d33895fffff,-3.30996286936264e-10,-7.4112478665152e-05
amended,primary_unscreened,BELISARIO,full_pre,8866d33897fffff,-2.15345628777795e-10,-0.000776235021576676
amended,primary_unscreened,BELISARIO,full_pre,8866d338b1fffff,-9.91727716636449e-11,-0.00029967117889149
amended,primary_unscreened,BELISARIO,full_pre,8866d338b3fffff,-2.71279391299891e-10,-0.00077148047365692
amended,primary_unscreened,BELISARIO,full_pre,8866d338bbfffff,-3.20125460322891e-10,-0.000463117558499681
amended,primary_unscreened,BELISARIO,full_pre,8866d338d1fffff,-1.74426033125385e-10,0.000240775524475582
amended,primary_unscreened,BELISARIO,full_pre,8866d33a03fffff,-2.72432466553668e-10,-0.000427671294150586
amended,primary_unscreened,BELISARIO,full_pre,8866d33a09fffff,-2.53272140907889e-10,-0.000343951879227467
amended,primary_unscreened,BELISARIO,full_pre,8866d33a0bfffff,-2.49007410834989e-10,0.000168092911498183
amended,primary_unscreened,BELISARIO,full_pre,8866d33a11fffff,-1.92512640634798e-10,0.000939683123081441
amended,primary_unscreened,BELISARIO,full_pre,8866d33a13fffff,-1.7168879725821e-10,0.00050709742742724
amended,primary_unscreened,BELISARIO,full_pre,8866d33a15fffff,-2.04211081683618e-10,0.000351882109434561
amended,primary_unscreened,BELISARIO,full_pre,8866d33a17fffff,-2.12880815125558e-11,0.00193608871371272
amended,primary_unscreened,BELISARIO,full_pre,8866d33a19fffff,-1.4483885986334e-10,0.00103651018261471
amended,primary_unscreened,BELISARIO,full_pre,8866d33a1bfffff,-2.03543305480401e-10,0.000166479434908227
amended,primary_unscreened,BELISARIO,full_pre,8866d33a1dfffff,-4.14471954332897e-10,-0.000367567969364352
amended,primary_unscreened,BELISARIO,full_pre,8866d33a33fffff,-2.49635370445012e-10,-0.000510588153093812
amended,primary_unscreened,BELISARIO,full_pre,8866d33a39fffff,-2.52979581505561e-10,-0.000519351364291939
amended,primary_unscreened,BELISARIO,full_pre,8866d33a3bfffff,-1.17368545392618e-10,0.000691062735980214
amended,primary_unscreened,BELISARIO,full_pre,8866d33a51fffff,-5.0026863436689e-10,5.42793679827033e-05
amended,primary_unscreened,BELISARIO,full_pre,8866d33a53fffff,-3.76549913849569e-10,-0.000205623912165017
amended,primary_unscreened,BELISARIO,full_pre,8866d33a55fffff,-5.60764033559422e-11,0.00138303624714804
amended,primary_unscreened,BELISARIO,full_pre,8866d33a57fffff,-4.17130955190811e-11,0.00102897872277899
amended,primary_unscreened,BELISARIO,full_pre,8866d33a59fffff,-3.18064086467055e-10,-0.000752013475429648
amended,primary_unscreened,BELISARIO,full_pre,8866d33a5bfffff,-2.60028103614888e-10,-0.000576481583414903
amended,primary_unscreened,BELISARIO,full_pre,8866d33a5dfffff,-1.74509962679249e-10,-0.000108834467058848
amended,primary_unscreened,BELISARIO,full_pre,8866d33a8bfffff,-2.08153004813004e-11,0.0013751000168809
amended,primary_unscreened,BELISARIO,full_pre,8866d33a91fffff,-8.38596591485327e-11,0.000385159523295244
amended,primary_unscreened,BELISARIO,full_pre,8866d33a93fffff,-9.56103942018413e-11,0.000512475090184556
amended,primary_unscreened,BELISARIO,full_pre,8866d33a99fffff,-7.26005985135936e-11,-0.00028529466676104
amended,primary_unscreened,BELISARIO,full_pre,8866d33ac1fffff,-6.8436876028912e-12,0.0011507543332781
amended,primary_unscreened,BELISARIO,full_pre,8866d33ac3fffff,0.2020881704804,0.204119805591872
amended,primary_unscreened,BELISARIO,full_pre,8866d33ac9fffff,-2.17359009664355e-10,-0.00060634499262107
amended,primary_unscreened,BELISARIO,full_pre,8866d33acbfffff,-2.98480124119481e-10,-0.000732118054954758
amended,primary_unscreened,BELISARIO,full_pre,8866d33acdfffff,-1.13058170288272e-10,3.13932484377927e-05
amended,primary_unscreened,BELISARIO,full_pre,8866d33ad1fffff,-3.03619931772826e-11,0.00146298262520362
amended,primary_unscreened,BELISARIO,full_pre,8866d33ad3fffff,-1.13554904005497e-10,-0.000883089837708482
amended,primary_unscreened,BELISARIO,full_pre,8866d33ad5fffff,-2.12961150261084e-10,0.000251243845849393
amended,primary_unscreened,BELISARIO,full_pre,8866d33ad7fffff,-1.77953876422236e-10,6.06792064416177e-05
amended,primary_unscreened,BELISARIO,full_pre,8866d33addfffff,-2.40885251014766e-10,-0.000535038136989999
amended,primary_unscreened,BELISARIO,full_pre,8866d3a891fffff,-1.97588484757278e-10,-0.00119079422908288
amended,primary_unscreened,BELISARIO,full_pre,8866d3a897fffff,-2.45282815701586e-10,-0.00206837208396978
amended,primary_unscreened,BELISARIO,full_pre,8866d3a89bfffff,-9.01860022860372e-11,-0.000585719782798291
amended,primary_unscreened,BELISARIO,full_pre,8866d3a8b3fffff,-1.87154682395635e-10,-0.00178108910565722
amended,primary_unscreened,BELISARIO,full_pre,8866d3a8bbfffff,-2.53179492556897e-10,-0.00106178084714241
amended,primary_unscreened,BELISARIO,full_pre,8866d3ad6dfffff,-2.0731138478699e-10,-0.00131839210352126
amended,primary_unscreened,BELISARIO,full_pre,8866d3af25fffff,-1.33932042268785e-10,-0.00108494810650672
amended,primary_unscreened,BELISARIO,full_pre,888f2d9205fffff,-5.15845966847311e-11,0.000995606265729257
amended,primary_unscreened,BELISARIO,full_pre,888f2d920dfffff,5.37300601995458e-12,0.00295440087881085
amended,primary_unscreened,BELISARIO,full_pre,888f2d9223fffff,-1.30390928891961e-10,-0.0013680313617581
amended,primary_unscreened,BELISARIO,full_pre,888f2d922bfffff,0.0895114658821871,0.0927773664022408
amended,primary_unscreened,BELISARIO,full_pre,888f2d9245fffff,-2.03391611214528e-10,-5.63595059181722e-05
amended,primary_unscreened,BELISARIO,full_pre,888f2d9249fffff,-2.58980360463326e-10,-0.00102883948119773
amended,primary_unscreened,BELISARIO,full_pre,888f2d924dfffff,-2.39776960424426e-10,-0.000509924055621338
amended,primary_unscreened,BELISARIO,full_pre,888f2d926bfffff,-1.10095848859381e-10,0.00118249718674587
amended,primary_unscreened,BELISARIO,training,8866d3045bfffff,-1.28878934017933e-10,-0.00222605680054075
amended,primary_unscreened,BELISARIO,training,8866d30491fffff,-2.3130545073039e-10,-0.00067381904182832
amended,primary_unscreened,BELISARIO,training,8866d30495fffff,-3.11156082003971e-10,5.82125737361133e-05
amended,primary_unscreened,BELISARIO,training,8866d3049bfffff,-2.32986348594194e-10,-0.000818348267286058
amended,primary_unscreened,BELISARIO,training,8866d304b3fffff,-2.55723983873965e-10,-0.00141537694104922
amended,primary_unscreened,BELISARIO,training,8866d304bbfffff,-2.60077452402244e-10,-0.000701638466911134
amended,primary_unscreened,BELISARIO,training,8866d304d3fffff,-2.39853724397751e-10,-0.000885025926488981
amended,primary_unscreened,BELISARIO,training,8866d304dbfffff,-2.02881692307561e-10,-0.000490078764136653
amended,primary_unscreened,BELISARIO,training,8866d30681fffff,-1.71065776836554e-10,-0.000890809838334077
amended,primary_unscreened,BELISARIO,training,8866d30683fffff,-2.09664425944998e-10,-0.0007180218203716
amended,primary_unscreened,BELISARIO,training,8866d3068dfffff,-1.31942144478596e-10,-0.000814690009351045
amended,primary_unscreened,BELISARIO,training,8866d30695fffff,-2.3321087809736e-10,0.000235221218278007
amended,primary_unscreened,BELISARIO,training,8866d3069dfffff,-2.36907358002142e-10,0.000206104506711071
amended,primary_unscreened,BELISARIO,training,8866d306b3fffff,-2.13264130920105e-10,-0.000651838570853101
amended,primary_unscreened,BELISARIO,training,8866d306bbfffff,-2.08053911445821e-10,-0.000576772901257087
amended,primary_unscreened,BELISARIO,training,8866d306e1fffff,-1.8576119664199e-10,-0.000986852414160319
amended,primary_unscreened,BELISARIO,training,8866d306e5fffff,-1.53991239757526e-10,-0.00216136823774216
amended,primary_unscreened,BELISARIO,training,8866d306e7fffff,-1.9752552099167e-10,-0.000652996337544656
amended,primary_unscreened,BELISARIO,training,8866d306e9fffff,-1.94576799794969e-10,-0.000615404907814704
amended,primary_unscreened,BELISARIO,training,8866d306ebfffff,-1.54762373600044e-10,-0.000842315047243423
amended,primary_unscreened,BELISARIO,training,8866d32081fffff,-2.08317955003928e-10,-0.00104232021715565
amended,primary_unscreened,BELISARIO,training,8866d320a3fffff,-2.00967284752252e-10,-0.000519409702196837
amended,primary_unscreened,BELISARIO,training,8866d320a5fffff,-2.00105087843696e-10,-0.000600940505010894
amended,primary_unscreened,BELISARIO,training,8866d32113fffff,-1.96076298133483e-10,0.000219225779457016
amended,primary_unscreened,BELISARIO,training,8866d32117fffff,-2.83418398154252e-10,-0.000552992962520194
amended,primary_unscreened,BELISARIO,training,8866d32121fffff,-1.1086007379353e-10,0.00034551626669156
amended,primary_unscreened,BELISARIO,training,8866d32125fffff,-2.39226019604836e-10,-0.000467802520332078
amended,primary_unscreened,BELISARIO,training,8866d32127fffff,-1.70502527531691e-10,-0.00152237323677259
amended,primary_unscreened,BELISARIO,training,8866d3212bfffff,-1.48436409986214e-10,0.000147709279946681
amended,primary_unscreened,BELISARIO,training,8866d3212dfffff,-1.24026372869251e-10,0.000321818039092466
amended,primary_unscreened,BELISARIO,training,8866d32131fffff,-1.02329863109849e-10,0.00114165696408826
amended,primary_unscreened,BELISARIO,training,8866d32133fffff,-3.58380965745613e-11,0.000982277803859068
amended,primary_unscreened,BELISARIO,training,8866d32135fffff,-1.79385570882066e-10,-0.000136589432740849
amended,primary_unscreened,BELISARIO,training,8866d3213dfffff,-8.64273441368111e-11,0.000539005389273437
amended,primary_unscreened,BELISARIO,training,8866d32161fffff,-6.47679471043072e-11,0.00118225612951777
amended,primary_unscreened,BELISARIO,training,8866d32165fffff,-1.92159406220456e-10,-0.000666980753522139
amended,primary_unscreened,BELISARIO,training,8866d32167fffff,-3.1971701993017e-11,0.00143805261241455
amended,primary_unscreened,BELISARIO,training,8866d32169fffff,-4.7201759844588e-11,0.000785383870076127
amended,primary_unscreened,BELISARIO,training,8866d32183fffff,-1.56813257717006e-10,-0.000520476955391127
amended,primary_unscreened,BELISARIO,training,8866d32187fffff,-1.66215126645842e-10,-0.000291003438949578
amended,primary_unscreened,BELISARIO,training,8866d32199fffff,-1.51227419807932e-10,-0.000699956299029845
amended,primary_unscreened,BELISARIO,training,8866d3219dfffff,-1.4247804550311e-10,-0.000642317320135969
amended,primary_unscreened,BELISARIO,training,8866d321a1fffff,-4.5649943676644e-11,0.00137238362218245
amended,primary_unscreened,BELISARIO,training,8866d321a3fffff,5.9397433523002e-11,0.0026461500198108
amended,primary_unscreened,BELISARIO,training,8866d321a9fffff,-1.18580224832711e-10,-0.00129408512098686
amended,primary_unscreened,BELISARIO,training,8866d321abfffff,-5.5500988536062e-11,0.00190297553538445
amended,primary_unscreened,BELISARIO,training,8866d321bdfffff,-7.16409374775472e-11,0.00129830186169555
amended,primary_unscreened,BELISARIO,training,8866d321e1fffff,-9.5659210642083e-11,-0.000449874971511358
amended,primary_unscreened,BELISARIO,training,8866d321e3fffff,2.35253455888338e-11,0.00270571686936508
amended,primary_unscreened,BELISARIO,training,8866d321e5fffff,1.05017383694227e-12,0.00107980557202032
amended,primary_unscreened,BELISARIO,training,8866d321e7fffff,-4.76374092287359e-11,0.000479328762651405
amended,primary_unscreened,BELISARIO,training,8866d321edfffff,-9.32698715228415e-11,0.00049120829018297
amended,primary_unscreened,BELISARIO,training,8866d32201fffff,-1.50530325659934e-10,-0.000424721090479999
amended,primary_unscreened,BELISARIO,training,8866d32205fffff,-1.60081281340075e-10,-0.00043414397240183
amended,primary_unscreened,BELISARIO,training,8866d32207fffff,-1.60962632607184e-10,-0.000356961615269941
amended,primary_unscreened,BELISARIO,training,8866d3220bfffff,-1.54907098271403e-10,-0.000492012074524084
amended,primary_unscreened,BELISARIO,training,8866d32211fffff,0.299482137451269,0.302131584919138
amended,primary_unscreened,BELISARIO,training,8866d32219fffff,-1.3474529364592e-10,-0.000140429300615737
amended,primary_unscreened,BELISARIO,training,8866d3221bfffff,-7.38898814249252e-11,0.000589009323456901
amended,primary_unscreened,BELISARIO,training,8866d3221dfffff,1.55350855445223e-12,0.00197335398327242
amended,primary_unscreened,BELISARIO,training,8866d32221fffff,-9.30234150646265e-11,0.00109207347797633
amended,primary_unscreened,BELISARIO,training,8866d32225fffff,-6.7384820365402e-11,0.000708017084833755
amended,primary_unscreened,BELISARIO,training,8866d32227fffff,-1.52248927930616e-10,-0.000658060068473049
amended,primary_unscreened,BELISARIO,training,8866d3222bfffff,-1.46108285164278e-10,-6.18677822391766e-05
amended,primary_unscreened,BELISARIO,training,8866d3222dfffff,-1.91572945706443e-10,-0.000466389030124148
amended,primary_unscreened,BELISARIO,training,8866d322c1fffff,-1.41075062142297e-10,-0.000487793779207608
amended,primary_unscreened,BELISARIO,training,8866d322c3fffff,-1.27739846267762e-10,-0.000493745487618428
amended,primary_unscreened,BELISARIO,training,8866d322cbfffff,-1.34453522957791e-10,-0.000456129933735787
amended,primary_unscreened,BELISARIO,training,8866d322cdfffff,-1.43236883638257e-10,-0.000591751736145904
amended,primary_unscreened,BELISARIO,training,8866d32301fffff,-1.6689877951968e-10,-0.0012104395475073
amended,primary_unscreened,BELISARIO,training,8866d32303fffff,-1.42865051396813e-10,-0.000568258398823655
amended,primary_unscreened,BELISARIO,training,8866d32305fffff,-1.72258575830937e-10,-0.000728022366380395
amended,primary_unscreened,BELISARIO,training,8866d32309fffff,-6.70860759772636e-11,0.000693139370495482
amended,primary_unscreened,BELISARIO,training,8866d3230bfffff,-1.47558148935113e-10,-0.000664093171833798
amended,primary_unscreened,BELISARIO,training,8866d32319fffff,-1.43844300657926e-10,-0.000585025318068955
amended,primary_unscreened,BELISARIO,training,8866d3231bfffff,-1.6398507683169e-10,-0.000512511912544218
amended,primary_unscreened,BELISARIO,training,8866d3231dfffff,-1.66037600818007e-10,-0.000538447334552439
amended,primary_unscreened,BELISARIO,training,8866d3232dfffff,3.51036595814442e-11,0.00183306047814451
amended,primary_unscreened,BELISARIO,training,8866d32343fffff,-1.00393385095503e-10,-0.000584502550101863
amended,primary_unscreened,BELISARIO,training,8866d32347fffff,-9.08216875282897e-11,0.00073118085347553
amended,primary_unscreened,BELISARIO,training,8866d32353fffff,-1.02834943223008e-10,0.000335040286809477
amended,primary_unscreened,BELISARIO,training,8866d32355fffff,-6.75554611278378e-11,-0.000132293209744212
amended,primary_unscreened,BELISARIO,training,8866d32357fffff,-1.86487403280065e-10,-4.69943872941162e-06
amended,primary_unscreened,BELISARIO,training,8866d32361fffff,-1.66801046871231e-11,0.000885573572940374
amended,primary_unscreened,BELISARIO,training,8866d32365fffff,0.00114424929994683,0.00303031211239548
amended,primary_unscreened,BELISARIO,training,8866d32367fffff,-4.10280551276417e-11,0.000387689309552624
amended,primary_unscreened,BELISARIO,training,8866d32369fffff,0.22997452914357,0.231422695507369
amended,primary_unscreened,BELISARIO,training,8866d3236bfffff,-1.01414806407874e-10,-0.000281842403587411
amended,primary_unscreened,BELISARIO,training,8866d3236dfffff,0.0876027908143721,0.0892274255316946
amended,primary_unscreened,BELISARIO,training,8866d32801fffff,-4.89028661170943e-11,0.000976386863180054
amended,primary_unscreened,BELISARIO,training,8866d32803fffff,-1.33947430437599e-10,-0.000442129614604878
amended,primary_unscreened,BELISARIO,training,8866d32809fffff,-8.5449938838228e-11,0.00073065913970589
amended,primary_unscreened,BELISARIO,training,8866d3280bfffff,-1.06519395928117e-10,-0.000480352500716878
amended,primary_unscreened,BELISARIO,training,8866d3280dfffff,-1.08005818386329e-10,0.000117456320110017
amended,primary_unscreened,BELISARIO,training,8866d32833fffff,-1.00614591840091e-10,-0.0004896609529774
amended,primary_unscreened,BELISARIO,training,8866d32839fffff,-9.94159970138314e-11,-0.00017113527271707
amended,primary_unscreened,BELISARIO,training,8866d3283bfffff,-9.2556390614968e-11,7.4867164183599e-06
amended,primary_unscreened,BELISARIO,training,8866d32843fffff,-9.35862217456533e-11,0.000467623905341441
amended,primary_unscreened,BELISARIO,training,8866d32847fffff,-1.01622194597821e-10,0.000178331353935525
amended,primary_unscreened,BELISARIO,training,8866d32857fffff,-1.03372961205983e-10,-0.000538229696308999
amended,primary_unscreened,BELISARIO,training,8866d3286bfffff,-9.12511269098265e-11,-0.000490722675278655
amended,primary_unscreened,BELISARIO,training,8866d32883fffff,-4.28461458025594e-11,0.000867385773962171
amended,primary_unscreened,BELISARIO,training,8866d32887fffff,-1.02340756753654e-10,-0.000275181232509447
amended,primary_unscreened,BELISARIO,training,8866d3288bfffff,-9.20215197706876e-11,-0.000516250821724439
amended,primary_unscreened,BELISARIO,training,8866d3289dfffff,-8.61465272667044e-11,-7.74713147310992e-05
amended,primary_unscreened,BELISARIO,training,8866d328a1fffff,-9.53118027955572e-11,-0.000631440693550972
amended,primary_unscreened,BELISARIO,training,8866d328a3fffff,-1.11529434423741e-10,-0.000400200810496341
amended,primary_unscreened,BELISARIO,training,8866d328a5fffff,-9.3373691139111e-11,-0.000622950671168325
amended,primary_unscreened,BELISARIO,training,8866d328a9fffff,-9.24324352185526e-11,-0.000595950682538348
amended,primary_unscreened,BELISARIO,training,8866d328abfffff,-9.30972160749294e-11,-0.000545444458944399
amended,primary_unscreened,BELISARIO,training,8866d328bdfffff,-4.32902624504246e-11,-0.000520522943916904
amended,primary_unscreened,BELISARIO,training,8866d328c5fffff,-9.4319403880251e-11,-0.00066129875507595
amended,primary_unscreened,BELISARIO,training,8866d328d3fffff,-9.1298121976636e-11,-0.000704324827990323
amended,primary_unscreened,BELISARIO,training,8866d328d7fffff,-4.5932476095008e-11,0.000651881548799514
amended,primary_unscreened,BELISARIO,training,8866d328dbfffff,-6.2703383771213e-11,-0.000199709058246905
amended,primary_unscreened,BELISARIO,training,8866d328e9fffff,-9.38999608106795e-11,-0.000635611538811089
amended,primary_unscreened,BELISARIO,training,8866d329d3fffff,-9.13015192357259e-11,-0.000557111493575373
amended,primary_unscreened,BELISARIO,training,8866d329d9fffff,-1.02112482610792e-10,-0.000457627631223569
amended,primary_unscreened,BELISARIO,training,8866d329dbfffff,-9.10983266566133e-11,-0.000447101977457732
amended,primary_unscreened,BELISARIO,training,8866d32a15fffff,-1.27076299996627e-10,-0.000458132357947543
amended,primary_unscreened,BELISARIO,training,8866d32a17fffff,-8.47043582468904e-11,0.000105132886559033
amended,primary_unscreened,BELISARIO,training,8866d32a1dfffff,-1.52001572948486e-10,-0.000692184874344095
amended,primary_unscreened,BELISARIO,training,8866d32a35fffff,-4.71480469536911e-11,0.00119668887793519
amended,primary_unscreened,BELISARIO,training,8866d32a37fffff,-9.43291838532173e-11,-0.000566024635612713
amended,primary_unscreened,BELISARIO,training,8866d32a3bfffff,-1.07334869243125e-10,-0.000725879037020034
amended,primary_unscreened,BELISARIO,training,8866d32a51fffff,-1.67602612836985e-10,-0.00112226894930408
amended,primary_unscreened,BELISARIO,training,8866d32a57fffff,-1.95846360005578e-10,-0.00113284750660713
amended,primary_unscreened,BELISARIO,training,8866d32a59fffff,-1.64356932791949e-10,-0.00118935192864488
amended,primary_unscreened,BELISARIO,training,8866d32a5bfffff,-1.00316854215452e-10,-0.000572451319848241
amended,primary_unscreened,BELISARIO,training,8866d32a9dfffff,-7.91689419102725e-11,-0.000192347289808779
amended,primary_unscreened,BELISARIO,training,8866d32ac1fffff,-8.020004265352e-11,0.000862851997161212
amended,primary_unscreened,BELISARIO,training,8866d32ac3fffff,-2.26150635003042e-10,-0.00222067813478102
amended,primary_unscreened,BELISARIO,training,8866d32ac9fffff,-1.05535234540055e-10,0.000237717719389462
amended,primary_unscreened,BELISARIO,training,8866d32acbfffff,-1.17266749113582e-10,-8.52562270618305e-05
amended,primary_unscreened,BELISARIO,training,8866d32ad9fffff,-1.09922413792954e-10,-0.000671546269515241
amended,primary_unscreened,BELISARIO,training,8866d32addfffff,-1.3485649551592e-10,-0.000267501948776049
amended,primary_unscreened,BELISARIO,training,8866d32f45fffff,0.015254647075914,0.0160931864473834
amended,primary_unscreened,BELISARIO,training,8866d32f49fffff,4.34665843338057e-11,0.00251213180229398
amended,primary_unscreened,BELISARIO,training,8866d32f4dfffff,0.189645144674785,0.191764377445932
amended,primary_unscreened,BELISARIO,training,8866d32f61fffff,0.1191522500988,0.121803203596708
amended,primary_unscreened,BELISARIO,training,8866d32f67fffff,-1.99900584587676e-12,0.00144948778517539
amended,primary_unscreened,BELISARIO,training,8866d32f69fffff,-4.65354526676606e-11,-3.62954735203105e-05
amended,primary_unscreened,BELISARIO,training,8866d32f6bfffff,-1.29743838863203e-11,0.0010051662049627
amended,primary_unscreened,BELISARIO,training,8866d3300dfffff,-8.99402425873368e-11,-0.000883879504436179
amended,primary_unscreened,BELISARIO,training,8866d33011fffff,-8.26065306560359e-11,-0.00051163799499477
amended,primary_unscreened,BELISARIO,training,8866d33013fffff,-9.12996431446522e-11,-0.00042138279162843
amended,primary_unscreened,BELISARIO,training,8866d33019fffff,-8.11198884517508e-11,-0.000527101882794766
amended,primary_unscreened,BELISARIO,training,8866d33067fffff,-7.78284301048468e-11,-0.000546528881728836
amended,primary_unscreened,BELISARIO,training,8866d33081fffff,-8.44909571306834e-11,-0.00100704803463691
amended,primary_unscreened,BELISARIO,training,8866d33083fffff,-8.53102810780616e-11,-0.000738228766659243
amended,primary_unscreened,BELISARIO,training,8866d33095fffff,-8.5764972389317e-11,-0.000780430962291175
amended,primary_unscreened,BELISARIO,training,8866d3309bfffff,-2.42238946119141e-12,0.00177196654208041
amended,primary_unscreened,BELISARIO,training,8866d330bbfffff,-8.70273909487122e-11,-0.000815457140862322
amended,primary_unscreened,BELISARIO,training,8866d330c5fffff,-1.06231595047877e-10,-0.000600530734788305
amended,primary_unscreened,BELISARIO,training,8866d330e9fffff,-8.54014381349153e-11,-0.000655819824585862
amended,primary_unscreened,BELISARIO,training,8866d330ebfffff,-8.60411060050814e-11,-0.000861228359714184
amended,primary_unscreened,BELISARIO,training,8866d33101fffff,-1.46925430646186e-11,0.00102278542535774
amended,primary_unscreened,BELISARIO,training,8866d33103fffff,-8.57149595347717e-11,0.000572158587609912
amended,primary_unscreened,BELISARIO,training,8866d33105fffff,-3.57306464452647e-11,0.000329082757042217
amended,primary_unscreened,BELISARIO,training,8866d33107fffff,-3.4326700673288e-11,0.000883005717114451
amended,primary_unscreened,BELISARIO,training,8866d33109fffff,1.01681837810763e-11,0.00181207168561607
amended,primary_unscreened,BELISARIO,training,8866d3310bfffff,-5.41199071552533e-11,0.000781375696957414
amended,primary_unscreened,BELISARIO,training,8866d3310dfffff,-6.90815678906893e-11,0.000618223446802657
amended,primary_unscreened,BELISARIO,training,8866d3311dfffff,-1.13783913761568e-10,-7.28877339891348e-05
amended,primary_unscreened,BELISARIO,training,8866d33121fffff,-8.88561934056565e-11,-0.000547606263228284
amended,primary_unscreened,BELISARIO,training,8866d33123fffff,-8.44266549820561e-11,-0.000294922515570407
amended,primary_unscreened,BELISARIO,training,8866d33125fffff,-5.93193174770904e-11,-0.000631659271564379
amended,primary_unscreened,BELISARIO,training,8866d33127fffff,-9.65026874084437e-11,2.3657381014763e-05
amended,primary_unscreened,BELISARIO,training,8866d33129fffff,-1.10357571694424e-10,-0.000325500408052353
amended,primary_unscreened,BELISARIO,training,8866d3312bfffff,-8.6203198768328e-11,-0.000396107968177751
amended,primary_unscreened,BELISARIO,training,8866d3312dfffff,-8.37024421733845e-11,0.000177441827604171
amended,primary_unscreened,BELISARIO,training,8866d33131fffff,-7.24069644035076e-11,0.000143307366321828
amended,primary_unscreened,BELISARIO,training,8866d33133fffff,-6.13209791776322e-11,0.000290160012419862
amended,primary_unscreened,BELISARIO,training,8866d33139fffff,-1.02916585591339e-11,0.00130471982473784
amended,primary_unscreened,BELISARIO,training,8866d33141fffff,-7.59083550990553e-11,-5.63288377282849e-05
amended,primary_unscreened,BELISARIO,training,8866d33143fffff,-4.8786480090551e-11,0.000322468808214288
amended,primary_unscreened,BELISARIO,training,8866d33147fffff,-8.92291183695923e-11,1.37841803422595e-05
amended,primary_unscreened,BELISARIO,training,8866d3314bfffff,-1.13015906715362e-10,-0.000271254661884228
amended,primary_unscreened,BELISARIO,training,8866d3314dfffff,-8.53616060889499e-11,-0.000487937422088862
amended,primary_unscreened,BELISARIO,training,8866d33151fffff,-8.6952877865814e-11,-0.000355766280404109
amended,primary_unscreened,BELISARIO,training,8866d33153fffff,-3.61529504783752e-11,0.00119728911520761
amended,primary_unscreened,BELISARIO,training,8866d33155fffff,-6.82492655034569e-11,0.00136354120259682
amended,primary_unscreened,BELISARIO,training,8866d33157fffff,-2.97308142880536e-11,0.000795855725079694
amended,primary_unscreened,BELISARIO,training,8866d33159fffff,-6.82641226269504e-11,-0.000214269635518991
amended,primary_unscreened,BELISARIO,training,8866d3315bfffff,-4.10419617286278e-11,0.000186607668741535
amended,primary_unscreened,BELISARIO,training,8866d3315dfffff,-7.31040494830519e-11,0.000976410400429949
amended,primary_unscreened,BELISARIO,training,8866d33161fffff,-1.13165607596677e-10,-3.20059059278752e-06
amended,primary_unscreened,BELISARIO,training,8866d33163fffff,-4.47003541998495e-11,0.00036209220935146
amended,primary_unscreened,BELISARIO,training,8866d33165fffff,-9.18318426770646e-11,-0.000182497076618659
amended,primary_unscreened,BELISARIO,training,8866d33167fffff,-8.63819354472895e-11,0.000224135433816487
amended,primary_unscreened,BELISARIO,training,8866d33169fffff,-9.11789137478005e-11,-0.000694978224511825
amended,primary_unscreened,BELISARIO,training,8866d3316bfffff,-8.44509287835839e-11,-0.000607871246449134
amended,primary_unscreened,BELISARIO,training,8866d3316dfffff,-8.15777634596569e-11,-0.000493164316600151
amended,primary_unscreened,BELISARIO,training,8866d331e5fffff,-9.68269060765231e-11,-0.000370289610676809
amended,primary_unscreened,BELISARIO,training,8866d33231fffff,-8.45664278675124e-11,-0.000565275763549376
amended,primary_unscreened,BELISARIO,training,8866d33253fffff,-5.66356029792129e-13,-0.000530123124809884
amended,primary_unscreened,BELISARIO,training,8866d33257fffff,-9.42967193600172e-11,-0.00050850133213383
amended,primary_unscreened,BELISARIO,training,8866d33259fffff,1.97201178273777e-11,-0.000136308279951187
amended,primary_unscreened,BELISARIO,training,8866d3325bfffff,8.22758470161833e-12,-0.000638217203217112
amended,primary_unscreened,BELISARIO,training,8866d33325fffff,-1.04744156688873e-10,-0.000583372649588714
amended,primary_unscreened,BELISARIO,training,8866d3332dfffff,-1.29629669710548e-10,0.000272280234522402
amended,primary_unscreened,BELISARIO,training,8866d33333fffff,-9.83591106564743e-11,-0.000150025428425226
amended,primary_unscreened,BELISARIO,training,8866d33335fffff,-8.76444151154241e-11,-0.000599035898763874
amended,primary_unscreened,BELISARIO,training,8866d3333dfffff,-9.47711310631256e-11,-0.000403948899400883
amended,primary_unscreened,BELISARIO,training,8866d33521fffff,-8.45180885837173e-11,-0.000624372689152368
amended,primary_unscreened,BELISARIO,training,8866d33527fffff,-9.04664657318963e-11,-0.000449553883440537
amended,primary_unscreened,BELISARIO,training,8866d33565fffff,-8.51688848304439e-11,-0.000600443474160063
amended,primary_unscreened,BELISARIO,training,8866d33569fffff,-8.66317775212522e-11,0.000482072373691514
amended,primary_unscreened,BELISARIO,training,8866d3356dfffff,-8.74257375965133e-11,-0.00076797515759279
amended,primary_unscreened,BELISARIO,training,8866d33725fffff,-5.04149425542148e-11,0.000786439890379275
amended,primary_unscreened,BELISARIO,training,8866d33761fffff,-9.01184937771162e-11,0.000415148578179421
amended,primary_unscreened,BELISARIO,training,8866d33767fffff,0.0577442761579666,0.0609612195295204
amended,primary_unscreened,BELISARIO,training,8866d3376bfffff,-8.26780811540514e-11,0.000350650384250794
amended,primary_unscreened,BELISARIO,training,8866d3381bfffff,-5.39743812742881e-11,0.00072954511688438
amended,primary_unscreened,BELISARIO,training,8866d33891fffff,-9.61026899386334e-12,0.00237090779693934
amended,primary_unscreened,BELISARIO,training,8866d33895fffff,-8.70238704855179e-11,0.000224292336773918
amended,primary_unscreened,BELISARIO,training,8866d33897fffff,-6.34123139153979e-11,-7.78568410522671e-05
amended,primary_unscreened,BELISARIO,training,8866d338b1fffff,-5.2501948707038e-11,0.000170527728898041
amended,primary_unscreened,BELISARIO,training,8866d338b3fffff,-8.27562369310836e-11,-0.00056672432781805
amended,primary_unscreened,BELISARIO,training,8866d338bbfffff,-9.93490570528826e-11,-0.000297841803508636
amended,primary_unscreened,BELISARIO,training,8866d338d1fffff,-7.36824997281059e-11,6.6873771069056e-06
amended,primary_unscreened,BELISARIO,training,8866d33a03fffff,-8.27716538142816e-11,-0.000362823874217849
amended,primary_unscreened,BELISARIO,training,8866d33a09fffff,-1.02416393796936e-10,-0.00043823399336843
amended,primary_unscreened,BELISARIO,training,8866d33a0bfffff,-7.43657739238097e-11,0.00019601767004041
amended,primary_unscreened,BELISARIO,training,8866d33a11fffff,-4.66843836877788e-11,0.000294582345006529
amended,primary_unscreened,BELISARIO,training,8866d33a13fffff,-8.27303222228236e-11,0.0001107326652964
amended,primary_unscreened,BELISARIO,training,8866d33a15fffff,-7.15732754018753e-11,-0.000197098208380737
amended,primary_unscreened,BELISARIO,training,8866d33a17fffff,-1.99593200824445e-11,0.00130259462709162
amended,primary_unscreened,BELISARIO,training,8866d33a19fffff,-2.5932843921683e-11,0.000685296181214289
amended,primary_unscreened,BELISARIO,training,8866d33a1bfffff,-7.88979177825429e-11,-9.91166905987015e-05
amended,primary_unscreened,BELISARIO,training,8866d33a1dfffff,-8.92533893945527e-11,0.000106551811985872
amended,primary_unscreened,BELISARIO,training,8866d33a33fffff,-8.48962950376715e-11,-0.000560321856503176
amended,primary_unscreened,BELISARIO,training,8866d33a39fffff,-8.83805417465837e-11,-0.000580391318594252
amended,primary_unscreened,BELISARIO,training,8866d33a3bfffff,-5.34672891571952e-11,0.000831548082885875
amended,primary_unscreened,BELISARIO,training,8866d33a51fffff,-2.05738193307329e-10,1.12488344956489e-05
amended,primary_unscreened,BELISARIO,training,8866d33a53fffff,-9.71043501779938e-11,-0.000196435301835581
amended,primary_unscreened,BELISARIO,training,8866d33a55fffff,-1.64365142496626e-11,0.00107677148202149
amended,primary_unscreened,BELISARIO,training,8866d33a57fffff,-2.90946610052588e-12,0.00179493712103287
amended,primary_unscreened,BELISARIO,training,8866d33a59fffff,-1.40487891952736e-10,-0.000917584498935791
amended,primary_unscreened,BELISARIO,training,8866d33a5bfffff,-8.88781526905921e-11,-0.000624923815884378
amended,primary_unscreened,BELISARIO,training,8866d33a5dfffff,-4.92450015776126e-11,5.44095941595444e-05
amended,primary_unscreened,BELISARIO,training,8866d33a8bfffff,-2.71802142838711e-11,0.000716383616786889
amended,primary_unscreened,BELISARIO,training,8866d33a91fffff,-3.22175602598581e-11,-0.000881391837839432
amended,primary_unscreened,BELISARIO,training,8866d33a93fffff,-5.04492541374036e-11,-0.000340394959297502
amended,primary_unscreened,BELISARIO,training,8866d33a99fffff,-2.93606753677634e-11,-0.000625782046134787
amended,primary_unscreened,BELISARIO,training,8866d33ac1fffff,-3.8029768255247e-12,0.00146878458276746
amended,primary_unscreened,BELISARIO,training,8866d33ac3fffff,-9.65503653812394e-12,0.00195148271085925
amended,primary_unscreened,BELISARIO,training,8866d33ac9fffff,-1.02373738579924e-10,8.67170997917264e-05
amended,primary_unscreened,BELISARIO,training,8866d33acbfffff,-1.28299174744756e-10,-0.000819380185581843
amended,primary_unscreened,BELISARIO,training,8866d33acdfffff,-1.64223372473438e-11,0.000480422258658231
amended,primary_unscreened,BELISARIO,training,8866d33ad1fffff,-1.61312810175561e-11,0.00141500027632338
amended,primary_unscreened,BELISARIO,training,8866d33ad3fffff,-5.5001783900743e-11,-0.000794261604605409
amended,primary_unscreened,BELISARIO,training,8866d33ad5fffff,-6.60451731411255e-11,0.000422688340118019
amended,primary_unscreened,BELISARIO,training,8866d33ad7fffff,-5.95310062131465e-11,0.000188312604665615
amended,primary_unscreened,BELISARIO,training,8866d33addfffff,-9.31983227109484e-11,-0.000607747244754374
amended,primary_unscreened,BELISARIO,training,8866d3a891fffff,-1.59992108202723e-11,-0.000512623836112671
amended,primary_unscreened,BELISARIO,training,8866d3a897fffff,-8.84456750747622e-11,-0.00198322568551251
amended,primary_unscreened,BELISARIO,training,8866d3a89bfffff,3.15389215881571e-11,-5.85044380611147e-05
amended,primary_unscreened,BELISARIO,training,8866d3a8b3fffff,-1.65251980924728e-11,-0.00149034136487157
amended,primary_unscreened,BELISARIO,training,8866d3a8bbfffff,-1.01627830179042e-10,-0.00109822096559367
amended,primary_unscreened,BELISARIO,training,8866d3ad6dfffff,-1.15724921699489e-11,-0.00157504788536923
amended,primary_unscreened,BELISARIO,training,8866d3af25fffff,3.13253222080166e-11,0.000857723890184447
amended,primary_unscreened,BELISARIO,training,888f2d9205fffff,1.700094240758e-12,0.000112708555773851
amended,primary_unscreened,BELISARIO,training,888f2d920dfffff,2.79664867167873e-11,0.00121963002841887
amended,primary_unscreened,BELISARIO,training,888f2d9223fffff,-7.15461310588819e-11,-0.000953516332276103
amended,primary_unscreened,BELISARIO,training,888f2d922bfffff,1.39023659667133e-11,0.00207627172829529
amended,primary_unscreened,BELISARIO,training,888f2d9245fffff,-6.73641367923447e-11,-0.000157134253770387
amended,primary_unscreened,BELISARIO,training,888f2d9249fffff,-1.07690740828834e-10,-0.000546110412082063
amended,primary_unscreened,BELISARIO,training,888f2d924dfffff,-8.8100205232776e-11,-0.00047912289611147
amended,primary_unscreened,BELISARIO,training,888f2d926bfffff,-2.04184608199923e-12,0.00050235240284469
amended,primary_screened,CENTER,full_pre,8866d304b3fffff,-1.13124194605466e-09,-0.0151532308074528
amended,primary_screened,CENTER,full_pre,8866d3069dfffff,-1.39226684003473e-09,0.0023757522322312
amended,primary_screened,CENTER,full_pre,8866d306bbfffff,-1.21750658784696e-09,-0.00197860188833223
amended,primary_screened,CENTER,full_pre,8866d306e1fffff,-1.03875311330239e-09,-0.012394333887099
amended,primary_screened,CENTER,full_pre,8866d306e5fffff,-5.75385707660995e-10,-0.0455969726428807
amended,primary_screened,CENTER,full_pre,8866d306ebfffff,-7.9738046065493e-10,-0.0133957673823883
amended,primary_screened,CENTER,full_pre,8866d32081fffff,-1.00735413241259e-09,-0.00546298556945902
amended,primary_screened,CENTER,full_pre,8866d320a3fffff,-1.06091080131314e-09,0.00178866397015729
amended,primary_screened,CENTER,full_pre,8866d320a5fffff,-1.08110305021532e-09,-0.0021888376656083
amended,primary_screened,CENTER,full_pre,8866d32113fffff,-7.02195405223414e-10,0.0209356788307487
amended,primary_screened,CENTER,full_pre,8866d32117fffff,-2.02190333466417e-09,-0.00968894118553979
amended,primary_screened,CENTER,full_pre,8866d32125fffff,-1.42641505348334e-09,-0.011537370684871
amended,primary_screened,CENTER,full_pre,8866d3212dfffff,-9.64100546239681e-10,-0.0119864914334514
amended,primary_screened,CENTER,full_pre,8866d32133fffff,0.112596202877916,0.135576062324659
amended,primary_screened,CENTER,full_pre,8866d32135fffff,-9.91462330847502e-10,-0.00700807360880851
amended,primary_screened,CENTER,full_pre,8866d3213dfffff,-3.79586958917721e-10,-0.00908080046907065
amended,primary_screened,CENTER,full_pre,8866d32161fffff,-3.02825520326751e-10,0.00820771617402767
amended,primary_screened,CENTER,full_pre,8866d32165fffff,-1.04595834030789e-09,-0.00154776230968163
amended,primary_screened,CENTER,full_pre,8866d32167fffff,-9.71985556941051e-11,-0.00123254062903492
amended,primary_screened,CENTER,full_pre,8866d32169fffff,-2.02875517263589e-10,-0.00218382591361504
amended,primary_screened,CENTER,full_pre,8866d321a3fffff,0.221368888374076,0.239042185793312
amended,primary_screened,CENTER,full_pre,8866d321a9fffff,-7.92236973649477e-10,-0.0326115206071969
amended,primary_screened,CENTER,full_pre,8866d321abfffff,-6.38038770363981e-10,0.0253093372636773
amended,primary_screened,CENTER,full_pre,8866d321bdfffff,-4.06464383179835e-10,0.00230151590120681
amended,primary_screened,CENTER,full_pre,8866d321e3fffff,-1.85383573448884e-10,0.0255101974493888
amended,primary_screened,CENTER,full_pre,8866d321e5fffff,0.00851471042579408,-0.000354424899148833
amended,primary_screened,CENTER,full_pre,8866d321edfffff,-6.29344577477712e-10,-0.00563056773970576
amended,primary_screened,CENTER,full_pre,8866d32201fffff,-9.23788465707439e-10,0.000982594586925931
amended,primary_screened,CENTER,full_pre,8866d32205fffff,-9.80404037018675e-10,0.000333433356009388
amended,primary_screened,CENTER,full_pre,8866d32207fffff,-1.00259285691907e-09,-0.0021378809861903
amended,primary_screened,CENTER,full_pre,8866d3220bfffff,-9.72030638586629e-10,-0.00208550864746346
amended,primary_screened,CENTER,full_pre,8866d32211fffff,0.0247182035143716,0.0278225208860762
amended,primary_screened,CENTER,full_pre,8866d32219fffff,-7.73284271250451e-10,0.000268107123576307
amended,primary_screened,CENTER,full_pre,8866d3221dfffff,-3.33964892715873e-11,0.00173379072698001
amended,primary_screened,CENTER,full_pre,8866d32221fffff,-3.72471679698438e-10,0.0173991624261524
amended,primary_screened,CENTER,full_pre,8866d32225fffff,-1.76695622458722e-10,0.0175431481605403
amended,primary_screened,CENTER,full_pre,8866d32227fffff,-8.25932455681215e-10,-0.00363244275301098
amended,primary_screened,CENTER,full_pre,8866d3222bfffff,-9.89317882191152e-10,0.00290638417277277
amended,primary_screened,CENTER,full_pre,8866d3222dfffff,-8.82262383142674e-10,-0.00409383497173543
amended,primary_screened,CENTER,full_pre,8866d322cdfffff,-8.20007764409286e-10,-0.0025774590780178
amended,primary_screened,CENTER,full_pre,8866d32301fffff,-6.60702473456413e-10,-0.0245866305589652
amended,primary_screened,CENTER,full_pre,8866d32303fffff,-7.72062545846812e-10,-0.000433204591631751
amended,primary_screened,CENTER,full_pre,8866d32309fffff,-2.9598869119196e-10,-0.00503995024155333
amended,primary_screened,CENTER,full_pre,8866d32319fffff,-8.23437258465539e-10,-0.00331126065193984
amended,primary_screened,CENTER,full_pre,8866d3231bfffff,-7.52041758634203e-10,0.000505619736671352
amended,primary_screened,CENTER,full_pre,8866d3232dfffff,-1.59243238572054e-10,0.0204865458994452
amended,primary_screened,CENTER,full_pre,8866d32343fffff,-2.87050316710371e-10,-0.0377316752313656
amended,primary_screened,CENTER,full_pre,8866d32347fffff,-2.54468774819049e-10,0.0154769278735618
amended,primary_screened,CENTER,full_pre,8866d32353fffff,-6.80993452962464e-10,0.0182170795249273
amended,primary_screened,CENTER,full_pre,8866d32355fffff,-3.17440947165579e-10,-0.0215713681047663
amended,primary_screened,CENTER,full_pre,8866d32357fffff,-1.35931597742757e-09,0.00110012908421968
amended,primary_screened,CENTER,full_pre,8866d32367fffff,-1.08800268054015e-10,0.0177061878080723
amended,primary_screened,CENTER,full_pre,8866d32801fffff,0.0784274320980338,0.100881727830627
amended,primary_screened,CENTER,full_pre,8866d32803fffff,-9.28837307486027e-10,0.00461940063560781
amended,primary_screened,CENTER,full_pre,8866d32809fffff,-2.46913779515903e-10,0.0147832577327541
amended,primary_screened,CENTER,full_pre,8866d32839fffff,-8.31735691881423e-10,0.00471896249700902
amended,primary_screened,CENTER,full_pre,8866d3283bfffff,-7.4895226737668e-10,0.00426717555751939
amended,primary_screened,CENTER,full_pre,8866d32843fffff,-6.50654464403838e-10,0.0191998048390738
amended,primary_screened,CENTER,full_pre,8866d32847fffff,-1.04830973750087e-09,0.00536861046279357
amended,primary_screened,CENTER,full_pre,8866d32883fffff,-1.19552944153953e-10,0.00531607418430292
amended,primary_screened,CENTER,full_pre,8866d328a1fffff,-7.33964504351874e-10,0.000160114640217096
amended,primary_screened,CENTER,full_pre,8866d328a3fffff,-6.31867540609236e-10,-0.00693824683265506
amended,primary_screened,CENTER,full_pre,8866d328a9fffff,-7.41954990969744e-10,-0.000120777259755568
amended,primary_screened,CENTER,full_pre,8866d328c5fffff,-7.97733086228711e-10,-0.00198547916933782
amended,primary_screened,CENTER,full_pre,8866d328d3fffff,-8.03898800080337e-10,-0.0153553057261964
amended,primary_screened,CENTER,full_pre,8866d328dbfffff,-2.22672624418421e-10,-0.0234852587678292
amended,primary_screened,CENTER,full_pre,8866d328e9fffff,-8.52125785779367e-10,0.00178610494161417
amended,primary_screened,CENTER,full_pre,8866d329d9fffff,-9.87222599022638e-10,-0.00446761796830174
amended,primary_screened,CENTER,full_pre,8866d329dbfffff,-7.61159743507632e-10,0.00189739916531109
amended,primary_screened,CENTER,full_pre,8866d32a17fffff,-6.1103355240243e-10,0.00575765801760789
amended,primary_screened,CENTER,full_pre,8866d32a1dfffff,-1.25990381839125e-09,-0.024373704944492
amended,primary_screened,CENTER,full_pre,8866d32a59fffff,-6.67303449027308e-10,-0.0184595614300961
amended,primary_screened,CENTER,full_pre,8866d32a5bfffff,-7.03361423714799e-10,-0.000893834381095336
amended,primary_screened,CENTER,full_pre,8866d32ac1fffff,-5.68315005138799e-10,0.0115860092387272
amended,primary_screened,CENTER,full_pre,8866d32ac9fffff,-3.99942002858021e-10,-0.0148858046183556
amended,primary_screened,CENTER,full_pre,8866d32acbfffff,-1.34775967887459e-09,-0.00801699287161559
amended,primary_screened,CENTER,full_pre,8866d32f45fffff,0.0540392022821723,0.0373688028554845
amended,primary_screened,CENTER,full_pre,8866d32f67fffff,-4.14608333447538e-11,0.0135159010532043
amended,primary_screened,CENTER,full_pre,8866d32f6bfffff,0.0447787223587497,0.0743747964345208
amended,primary_screened,CENTER,full_pre,8866d33067fffff,-4.17093841136328e-10,-0.0029911641228931
amended,primary_screened,CENTER,full_pre,8866d33081fffff,-4.12970276868048e-10,-0.00357640585899071
amended,primary_screened,CENTER,full_pre,8866d33095fffff,-4.11665694975583e-10,-0.00153667358296255
amended,primary_screened,CENTER,full_pre,8866d330bbfffff,-4.16888090899192e-10,-0.00166874342856011
amended,primary_screened,CENTER,full_pre,8866d330e9fffff,-4.05771629193943e-10,0.00872888200699627
amended,primary_screened,CENTER,full_pre,8866d330ebfffff,-4.13558657546693e-10,-0.000258054234337437
amended,primary_screened,CENTER,full_pre,8866d33101fffff,-9.17832053084444e-11,-0.00850974974031549
amended,primary_screened,CENTER,full_pre,8866d33103fffff,-4.36138619308456e-10,-0.000511644852995244
amended,primary_screened,CENTER,full_pre,8866d33105fffff,-2.69938744618483e-10,-0.00697484237028369
amended,primary_screened,CENTER,full_pre,8866d33109fffff,-4.16547625398172e-10,0.0293839525828086
amended,primary_screened,CENTER,full_pre,8866d3310bfffff,-3.84403900883337e-10,0.00595105289354248
amended,primary_screened,CENTER,full_pre,8866d3311dfffff,-1.08038341632998e-09,-0.000284967748388537
amended,primary_screened,CENTER,full_pre,8866d33121fffff,-4.23926076961413e-10,0.000471050476143314
amended,primary_screened,CENTER,full_pre,8866d33123fffff,-4.71264088199141e-10,0.0042771459644827
amended,primary_screened,CENTER,full_pre,8866d33127fffff,-4.337179805261e-10,0.0136905964008912
amended,primary_screened,CENTER,full_pre,8866d3312bfffff,-4.18076328859949e-10,0.000838014683518079
amended,primary_screened,CENTER,full_pre,8866d3312dfffff,-4.01100521950717e-10,-0.0160975263740618
amended,primary_screened,CENTER,full_pre,8866d33131fffff,-4.5810201663281e-10,-0.00137830998693809
amended,primary_screened,CENTER,full_pre,8866d33133fffff,-6.72241616006332e-10,-0.0163159800354009
amended,primary_screened,CENTER,full_pre,8866d33141fffff,-4.02661993678657e-10,-0.00355211551165366
amended,primary_screened,CENTER,full_pre,8866d33143fffff,-3.51597229541403e-10,0.011587125878349
amended,primary_screened,CENTER,full_pre,8866d3314bfffff,-4.85525042768656e-10,-0.000863856646707347
amended,primary_screened,CENTER,full_pre,8866d3314dfffff,-4.42582595125689e-10,-0.00730762409079899
amended,primary_screened,CENTER,full_pre,8866d33151fffff,-4.44408591942071e-10,0.00387546142376441
amended,primary_screened,CENTER,full_pre,8866d33153fffff,-7.93149877087202e-10,0.0122753284113713
amended,primary_screened,CENTER,full_pre,8866d33155fffff,-3.82882998567345e-10,-0.000503220302951463
amended,primary_screened,CENTER,full_pre,8866d33157fffff,-4.04082220241063e-10,0.00710849331822544
amended,primary_screened,CENTER,full_pre,8866d33159fffff,-2.39929279109336e-10,-0.0004164926244984
amended,primary_screened,CENTER,full_pre,8866d3315bfffff,-3.45769531053783e-10,-0.00720880239058268
amended,primary_screened,CENTER,full_pre,8866d33161fffff,-7.22619172423392e-10,-0.00521338317737875
amended,primary_screened,CENTER,full_pre,8866d33165fffff,-1.96867516862685e-10,0.000896404753943747
amended,primary_screened,CENTER,full_pre,8866d33167fffff,-7.28090079749839e-10,-0.0075152382390384
amended,primary_screened,CENTER,full_pre,8866d33169fffff,-4.7529412196068e-10,-0.00911014087626987
amended,primary_screened,CENTER,full_pre,8866d3316dfffff,-3.91876435423572e-10,-0.00120710426658444
amended,primary_screened,CENTER,full_pre,8866d331e5fffff,-4.3853889589256e-10,-0.00883043433104551
amended,primary_screened,CENTER,full_pre,8866d33231fffff,-3.92125991999571e-10,0.00236772648885742
amended,primary_screened,CENTER,full_pre,8866d33257fffff,-3.82044607167947e-10,0.000872655404278171
amended,primary_screened,CENTER,full_pre,8866d33325fffff,-5.90122109885361e-10,-0.010589999615183
amended,primary_screened,CENTER,full_pre,8866d3332dfffff,-7.20911173295792e-10,-0.00561541443698042
amended,primary_screened,CENTER,full_pre,8866d33333fffff,-5.63761702549766e-10,0.00337244731547317
amended,primary_screened,CENTER,full_pre,8866d3333dfffff,-4.52814858784721e-10,0.00285406843681791
amended,primary_screened,CENTER,full_pre,8866d33521fffff,-4.30825347401277e-10,-0.00128849041669758
amended,primary_screened,CENTER,full_pre,8866d33527fffff,-4.80551922277265e-10,-0.00177639290224362
amended,primary_screened,CENTER,full_pre,8866d33565fffff,-4.20637442750016e-10,-1.4477417828012e-05
amended,primary_screened,CENTER,full_pre,8866d3356dfffff,-4.1621458010168e-10,-0.00111411354285826
amended,primary_screened,CENTER,full_pre,8866d33725fffff,-2.28663665291186e-10,0.00153066592620939
amended,primary_screened,CENTER,full_pre,8866d33761fffff,-7.48721795991352e-10,-0.00247596711458626
amended,primary_screened,CENTER,full_pre,8866d3381bfffff,-4.03716048821407e-10,0.0108341584647656
amended,primary_screened,CENTER,full_pre,8866d33891fffff,-2.92776533684916e-10,0.0210716631832882
amended,primary_screened,CENTER,full_pre,8866d33895fffff,-1.03352907507122e-09,0.00790962621445298
amended,primary_screened,CENTER,full_pre,8866d33897fffff,-5.66794530493258e-10,0.00957293422250871
amended,primary_screened,CENTER,full_pre,8866d338b1fffff,0.0545913749726359,0.0645068503678663
amended,primary_screened,CENTER,full_pre,8866d338b3fffff,-4.26978469782972e-10,-0.00508696954137001
amended,primary_screened,CENTER,full_pre,8866d338bbfffff,-7.20895810010505e-10,0.00192727980711974
amended,primary_screened,CENTER,full_pre,8866d338d1fffff,-5.09553502204975e-10,-0.00222560373584828
amended,primary_screened,CENTER,full_pre,8866d33a03fffff,-8.99574926737271e-10,-0.00465755462303802
amended,primary_screened,CENTER,full_pre,8866d33a0bfffff,-7.51007693606183e-10,0.00162865594288145
amended,primary_screened,CENTER,full_pre,8866d33a11fffff,-4.10552862452908e-10,0.00147336170429782
amended,primary_screened,CENTER,full_pre,8866d33a13fffff,-4.18211011302775e-10,-0.00165507100013941
amended,primary_screened,CENTER,full_pre,8866d33a15fffff,-4.5283035084383e-10,-0.0056067682069339
amended,primary_screened,CENTER,full_pre,8866d33a17fffff,-5.18587343955192e-11,0.00721420044771517
amended,primary_screened,CENTER,full_pre,8866d33a19fffff,-2.63491105857477e-10,0.00892180488785053
amended,primary_screened,CENTER,full_pre,8866d33a1bfffff,-3.77474780751379e-10,-0.00277393595238338
amended,primary_screened,CENTER,full_pre,8866d33a1dfffff,-7.35833424712153e-10,0.00462736178088889
amended,primary_screened,CENTER,full_pre,8866d33a33fffff,-4.1656374743139e-10,0.000493080975737858
amended,primary_screened,CENTER,full_pre,8866d33a39fffff,-4.29593232788138e-10,-0.000591458324084799
amended,primary_screened,CENTER,full_pre,8866d33a3bfffff,-2.24672857091287e-10,0.0182463811109252
amended,primary_screened,CENTER,full_pre,8866d33a51fffff,-1.04878602308202e-09,-0.0107282368880526
amended,primary_screened,CENTER,full_pre,8866d33a55fffff,-1.81145523245411e-10,0.00379530948233781
amended,primary_screened,CENTER,full_pre,8866d33a5bfffff,-4.38441568845702e-10,-0.00111935534186873
amended,primary_screened,CENTER,full_pre,8866d33a8bfffff,-2.99999855388725e-12,-0.010250225364669
amended,primary_screened,CENTER,full_pre,8866d33a99fffff,-3.51433840532311e-10,-0.00630606222886845
amended,primary_screened,CENTER,full_pre,8866d33ac1fffff,0.232303452202673,0.232543323948381
amended,primary_screened,CENTER,full_pre,8866d33ac9fffff,-3.9446830324922e-10,-0.00317093238612125
amended,primary_screened,CENTER,full_pre,8866d33acbfffff,-5.14255945752734e-10,-0.0088851480802553
amended,primary_screened,CENTER,full_pre,8866d33acdfffff,-1.4239178401317e-10,0.025292538394704
amended,primary_screened,CENTER,full_pre,8866d33ad1fffff,0.00941715170647607,0.0144794190784141
amended,primary_screened,CENTER,full_pre,8866d33ad3fffff,-4.20373816042477e-10,-0.0308528953725644
amended,primary_screened,CENTER,full_pre,8866d33ad5fffff,-3.55951586253285e-10,0.0196665010614624
amended,primary_screened,CENTER,full_pre,8866d33ad7fffff,-5.65735103874472e-10,0.00935286199621965
amended,primary_screened,CENTER,full_pre,8866d33addfffff,-4.4367813484935e-10,-0.00217596644290494
amended,primary_screened,CENTER,full_pre,8866d3a891fffff,0.1411384410175,0.167276669363393
amended,primary_screened,CENTER,full_pre,888f2d922bfffff,0.0181063072731791,0.0245807670517029
amended,primary_screened,CENTER,full_pre,888f2d9245fffff,-3.12366562665002e-10,0.000365468842314466
amended,primary_screened,CENTER,full_pre,888f2d9249fffff,-5.40179784429404e-10,-0.0109177682499527
amended,primary_screened,CENTER,full_pre,888f2d924dfffff,-3.88082113667144e-10,0.0052132695626083
amended,primary_screened,CENTER,full_pre,888f2d926bfffff,-8.87760053272362e-11,-0.023276970558937
amended,primary_screened,CENTER,training,8866d304b3fffff,-9.78436213856769e-10,-0.017164241614508
amended,primary_screened,CENTER,training,8866d3069dfffff,-7.87800728642921e-10,0.00557980799540662
amended,primary_screened,CENTER,training,8866d306bbfffff,-7.9252594301084e-10,-0.00142504119502024
amended,primary_screened,CENTER,training,8866d306e1fffff,-7.53009071931822e-10,-0.00736062074882268
amended,primary_screened,CENTER,training,8866d306e5fffff,-5.36104559433628e-10,-0.0329423037925161
amended,primary_screened,CENTER,training,8866d306ebfffff,-5.8828979562731e-10,-0.00639333127506152
amended,primary_screened,CENTER,training,8866d32081fffff,-7.23854529491527e-10,-0.00344674596808946
amended,primary_screened,CENTER,training,8866d320a3fffff,-7.1439426069107e-10,0.00180867199376705
amended,primary_screened,CENTER,training,8866d320a5fffff,-7.17211550666394e-10,-0.00132360480196829
amended,primary_screened,CENTER,training,8866d32113fffff,-5.05166070736961e-10,0.0119572493232049
amended,primary_screened,CENTER,training,8866d32117fffff,-1.52999446153877e-09,-0.0119959143093445
amended,primary_screened,CENTER,training,8866d32125fffff,-8.92008878912793e-10,-0.00726679595136823
amended,primary_screened,CENTER,training,8866d3212dfffff,-5.85705819341558e-10,-0.00853107578014847
amended,primary_screened,CENTER,training,8866d32133fffff,0.108722494363234,0.131795784665252
amended,primary_screened,CENTER,training,8866d32135fffff,-4.73436201526098e-10,-0.0083664771919118
amended,primary_screened,CENTER,training,8866d3213dfffff,-2.66586743456073e-10,-0.0106949782623034
amended,primary_screened,CENTER,training,8866d32161fffff,-1.43431087759792e-10,0.00599644360994611
amended,primary_screened,CENTER,training,8866d32165fffff,-6.95021525008337e-10,-0.00195739125032126
amended,primary_screened,CENTER,training,8866d32167fffff,-6.5704283245657e-11,-0.00427092257508979
amended,primary_screened,CENTER,training,8866d32169fffff,-1.40782621426679e-10,-0.00048122309536602
amended,primary_screened,CENTER,training,8866d321a3fffff,0.246559418508964,0.270920388055778
amended,primary_screened,CENTER,training,8866d321a9fffff,-4.42475670896922e-10,-0.0288119160026647
amended,primary_screened,CENTER,training,8866d321abfffff,-4.41684230810334e-11,0.0165464859573898
amended,primary_screened,CENTER,training,8866d321bdfffff,-7.82410008780067e-11,0.00741626152884593
amended,primary_screened,CENTER,training,8866d321e3fffff,0.00318112226563868,0.0297342588646293
amended,primary_screened,CENTER,training,8866d321e5fffff,0.00290251490986231,-0.000764618452607259
amended,primary_screened,CENTER,training,8866d321edfffff,-4.06341074549622e-10,-0.0130087142332485
amended,primary_screened,CENTER,training,8866d32201fffff,-5.47233980645269e-10,0.000537173944786676
amended,primary_screened,CENTER,training,8866d32205fffff,-5.76444604091056e-10,0.000303626982738931
amended,primary_screened,CENTER,training,8866d32207fffff,-5.76124633885004e-10,-0.00381752413383984
amended,primary_screened,CENTER,training,8866d3220bfffff,-5.44065531387755e-10,-0.00047607838523415
amended,primary_screened,CENTER,training,8866d32211fffff,0.0339642111862014,0.0419456133647858
amended,primary_screened,CENTER,training,8866d32219fffff,-6.04261620346568e-10,0.00138298655737768
amended,primary_screened,CENTER,training,8866d3221dfffff,-3.2486758852392e-11,0.00528515191678373
amended,primary_screened,CENTER,training,8866d32221fffff,-2.39039561513083e-10,0.0155321276134989
amended,primary_screened,CENTER,training,8866d32225fffff,-3.95956165769584e-11,0.0152280354610036
amended,primary_screened,CENTER,training,8866d32227fffff,-5.32703933279911e-10,-0.00273684266336881
amended,primary_screened,CENTER,training,8866d3222bfffff,-5.93710131694762e-10,0.000183099869804075
amended,primary_screened,CENTER,training,8866d3222dfffff,-4.94811204952215e-10,0.000137061285011759
amended,primary_screened,CENTER,training,8866d322cdfffff,-5.1640539533139e-10,-0.000619733648037479
amended,primary_screened,CENTER,training,8866d32301fffff,-5.26510374611038e-10,-0.0208773431309206
amended,primary_screened,CENTER,training,8866d32303fffff,-5.30191042495098e-10,-0.000248559991437807
amended,primary_screened,CENTER,training,8866d32309fffff,-3.6893644790875e-10,-0.00227051361835249
amended,primary_screened,CENTER,training,8866d32319fffff,-5.39235097978018e-10,-0.00218744460936921
amended,primary_screened,CENTER,training,8866d3231bfffff,-5.69120112893817e-10,-0.00136813363660956
amended,primary_screened,CENTER,training,8866d3232dfffff,-1.04353910601506e-10,0.0196988684852521
amended,primary_screened,CENTER,training,8866d32343fffff,-3.67799406950657e-10,-0.0350244522046776
amended,primary_screened,CENTER,training,8866d32347fffff,-3.00419826705981e-10,0.0113690478734451
amended,primary_screened,CENTER,training,8866d32353fffff,-3.74238537045132e-10,0.00975550476508757
amended,primary_screened,CENTER,training,8866d32355fffff,-3.78746331567013e-10,-0.0149102189600135
amended,primary_screened,CENTER,training,8866d32357fffff,-9.01898279658338e-10,-0.002200459935475
amended,primary_screened,CENTER,training,8866d32367fffff,-9.24409171771338e-11,0.0230773427054316
amended,primary_screened,CENTER,training,8866d32801fffff,0.148571142049385,0.17270296746373
amended,primary_screened,CENTER,training,8866d32803fffff,-5.56541206312137e-10,0.0057895227245168
amended,primary_screened,CENTER,training,8866d32809fffff,-1.91991188812761e-10,0.0143872885947726
amended,primary_screened,CENTER,training,8866d32839fffff,-5.11706248989666e-10,0.00341719992172001
amended,primary_screened,CENTER,training,8866d3283bfffff,-4.2166343321926e-10,0.00591250902303606
amended,primary_screened,CENTER,training,8866d32843fffff,-3.41369267204519e-10,0.0163159943335279
amended,primary_screened,CENTER,training,8866d32847fffff,-5.52477549216006e-10,0.00413044114811981
amended,primary_screened,CENTER,training,8866d32883fffff,-1.18971870085192e-10,0.00870788224311524
amended,primary_screened,CENTER,training,8866d328a1fffff,-5.31513655772083e-10,0.000894234753181763
amended,primary_screened,CENTER,training,8866d328a3fffff,-4.78614167330276e-10,-0.00382538851642411
amended,primary_screened,CENTER,training,8866d328a9fffff,-5.11636835219593e-10,0.00030076772547924
amended,primary_screened,CENTER,training,8866d328c5fffff,-5.73725026094512e-10,-0.00452009062103038
amended,primary_screened,CENTER,training,8866d328d3fffff,-7.58783385251762e-10,-0.0146076203679614
amended,primary_screened,CENTER,training,8866d328dbfffff,-2.47270978287493e-10,-0.0135486592654885
amended,primary_screened,CENTER,training,8866d328e9fffff,-5.63227577344402e-10,-0.00284068206968305
amended,primary_screened,CENTER,training,8866d329d9fffff,-5.7521094146393e-10,-0.00104875662982816
amended,primary_screened,CENTER,training,8866d329dbfffff,-5.17052198576077e-10,0.00174663229807414
amended,primary_screened,CENTER,training,8866d32a17fffff,-4.34742504046871e-10,-0.00296200799098858
amended,primary_screened,CENTER,training,8866d32a1dfffff,-7.12152087900842e-10,-0.0229569010845968
amended,primary_screened,CENTER,training,8866d32a59fffff,-6.49514928179498e-10,-0.0134265895511363
amended,primary_screened,CENTER,training,8866d32a5bfffff,-5.43698031019255e-10,-0.00102042022374684
amended,primary_screened,CENTER,training,8866d32ac1fffff,-2.71395588752439e-10,0.00268627174698881
amended,primary_screened,CENTER,training,8866d32ac9fffff,-1.78166456526593e-10,-0.00738094558525272
amended,primary_screened,CENTER,training,8866d32acbfffff,-3.25798143410142e-10,0.00699650401237397
amended,primary_screened,CENTER,training,8866d32f45fffff,0.046125872079531,0.0310887802812331
amended,primary_screened,CENTER,training,8866d32f67fffff,0.0823250120777912,0.0992877486046794
amended,primary_screened,CENTER,training,8866d32f6bfffff,-1.74610141769716e-11,0.0212131276550003
amended,primary_screened,CENTER,training,8866d33067fffff,-2.94558473702239e-10,-0.00329202374106792
amended,primary_screened,CENTER,training,8866d33081fffff,-3.14725547688169e-10,-0.00400155282620289
amended,primary_screened,CENTER,training,8866d33095fffff,-3.14027082793134e-10,-0.00290624252268302
amended,primary_screened,CENTER,training,8866d330bbfffff,-3.19534574124018e-10,-0.00282527563244656
amended,primary_screened,CENTER,training,8866d330e9fffff,-2.92154349022092e-10,0.00711254245092074
amended,primary_screened,CENTER,training,8866d330ebfffff,-3.12740715145505e-10,-0.00137899105501665
amended,primary_screened,CENTER,training,8866d33101fffff,-1.35261264399873e-10,-0.0208313657302769
amended,primary_screened,CENTER,training,8866d33103fffff,-4.35161375565537e-10,0.00107172783353891
amended,primary_screened,CENTER,training,8866d33105fffff,-1.94118472698107e-10,-0.0103013658463369
amended,primary_screened,CENTER,training,8866d33109fffff,-2.63317422082846e-10,0.0265857321436398
amended,primary_screened,CENTER,training,8866d3310bfffff,-2.38480260898684e-10,-0.00945318913649143
amended,primary_screened,CENTER,training,8866d3311dfffff,-5.65495581571181e-10,-0.00343890505961058
amended,primary_screened,CENTER,training,8866d33121fffff,-3.2007486155658e-10,-0.000910685241844724
amended,primary_screened,CENTER,training,8866d33123fffff,-3.38320889902415e-10,0.00367942417698993
amended,primary_screened,CENTER,training,8866d33127fffff,-4.94738113375128e-10,0.00395610892810214
amended,primary_screened,CENTER,training,8866d3312bfffff,-3.13163345549226e-10,0.000700872861312373
amended,primary_screened,CENTER,training,8866d3312dfffff,-3.47972431909259e-10,-0.010442117978417
amended,primary_screened,CENTER,training,8866d33131fffff,-3.22579559764444e-10,-0.00369491508159146
amended,primary_screened,CENTER,training,8866d33133fffff,-4.28254180263671e-10,-0.020380298457482
amended,primary_screened,CENTER,training,8866d33141fffff,-3.3805097819932e-10,-0.0019650999603947
amended,primary_screened,CENTER,training,8866d33143fffff,-2.27904255666614e-10,0.0127168848943407
amended,primary_screened,CENTER,training,8866d3314bfffff,-3.77103123559774e-10,-0.000493961425161799
amended,primary_screened,CENTER,training,8866d3314dfffff,-3.60752788841609e-10,-0.00610449430375053
amended,primary_screened,CENTER,training,8866d33151fffff,-3.1574140173515e-10,0.00358072912845286
amended,primary_screened,CENTER,training,8866d33153fffff,-4.16666371758863e-10,0.00655404493892329
amended,primary_screened,CENTER,training,8866d33155fffff,-1.59984312461011e-10,0.000523600124584315
amended,primary_screened,CENTER,training,8866d33157fffff,-2.64634973136826e-10,0.0058165496102216
amended,primary_screened,CENTER,training,8866d33159fffff,-2.23588723140756e-10,0.00801766836257473
amended,primary_screened,CENTER,training,8866d3315bfffff,-2.52820151609671e-10,-0.0101297259845302
amended,primary_screened,CENTER,training,8866d33161fffff,-4.48012238160484e-10,0.000159573770096418
amended,primary_screened,CENTER,training,8866d33165fffff,-4.49783116929439e-10,-0.00432476721429348
amended,primary_screened,CENTER,training,8866d33167fffff,-4.64175329782736e-10,9.32354676263383e-05
amended,primary_screened,CENTER,training,8866d33169fffff,-3.15187614504627e-10,-0.0071780101693303
amended,primary_screened,CENTER,training,8866d3316dfffff,-2.88486361795816e-10,-0.000378436915954559
amended,primary_screened,CENTER,training,8866d331e5fffff,-3.73170291891646e-10,-0.00761272115620972
amended,primary_screened,CENTER,training,8866d33231fffff,-3.18677126223163e-10,-0.000274240621189865
amended,primary_screened,CENTER,training,8866d33257fffff,-3.20907580414014e-10,8.19365530639557e-05
amended,primary_screened,CENTER,training,8866d33325fffff,-4.33239591447974e-10,-0.0089233515737341
amended,primary_screened,CENTER,training,8866d3332dfffff,-6.00301010776935e-10,-0.00485043901453129
amended,primary_screened,CENTER,training,8866d33333fffff,-4.32576335443033e-10,0.00163895171172958
amended,primary_screened,CENTER,training,8866d3333dfffff,-3.16643499878296e-10,0.00289811985162622
amended,primary_screened,CENTER,training,8866d33521fffff,-3.03819170785063e-10,-0.000749761614742414
amended,primary_screened,CENTER,training,8866d33527fffff,-3.23521382218532e-10,-0.00219611432392291
amended,primary_screened,CENTER,training,8866d33565fffff,-3.10968724954103e-10,0.000298972381525586
amended,primary_screened,CENTER,training,8866d3356dfffff,-3.16984957041365e-10,-0.00178175031291401
amended,primary_screened,CENTER,training,8866d33725fffff,-1.17890948521314e-10,0.00548992884970631
amended,primary_screened,CENTER,training,8866d33761fffff,-2.89633688799841e-10,0.000611199084218471
amended,primary_screened,CENTER,training,8866d3381bfffff,-2.21162887366615e-10,0.00834778380083613
amended,primary_screened,CENTER,training,8866d33891fffff,-4.41846314015694e-11,0.0174687038395766
amended,primary_screened,CENTER,training,8866d33895fffff,-4.83591724394772e-10,0.00590310929927836
amended,primary_screened,CENTER,training,8866d33897fffff,-2.70997792256106e-10,0.0133178386602472
amended,primary_screened,CENTER,training,8866d338b1fffff,-3.39092831243307e-11,0.0130026795844726
amended,primary_screened,CENTER,training,8866d338b3fffff,-3.28670441342987e-10,-0.00540447733426654
amended,primary_screened,CENTER,training,8866d338bbfffff,-3.39199267163197e-10,0.00230034891203223
amended,primary_screened,CENTER,training,8866d338d1fffff,-2.3413682286367e-10,0.00703050148610793
amended,primary_screened,CENTER,training,8866d33a03fffff,-5.26551109004891e-10,-0.00324078078621674
amended,primary_screened,CENTER,training,8866d33a0bfffff,-4.3438761108359e-10,0.00220762605561636
amended,primary_screened,CENTER,training,8866d33a11fffff,-3.25230439775595e-10,-0.0128472494245587
amended,primary_screened,CENTER,training,8866d33a13fffff,-4.34301256399588e-10,-0.0109884063063971
amended,primary_screened,CENTER,training,8866d33a15fffff,-5.62954842181828e-10,-0.0127058372731543
amended,primary_screened,CENTER,training,8866d33a17fffff,-1.06442433847763e-10,-0.00290729888588315
amended,primary_screened,CENTER,training,8866d33a19fffff,-2.57204701392692e-10,0.00293157174834391
amended,primary_screened,CENTER,training,8866d33a1bfffff,-3.64846745861772e-10,-0.00378016487023709
amended,primary_screened,CENTER,training,8866d33a1dfffff,-4.27844598349776e-10,0.00216286090909372
amended,primary_screened,CENTER,training,8866d33a33fffff,-3.07387689799893e-10,0.00144205743804535
amended,primary_screened,CENTER,training,8866d33a39fffff,-3.15495195251207e-10,0.000146077602883562
amended,primary_screened,CENTER,training,8866d33a3bfffff,-9.53984682115014e-11,0.0116770498625931
amended,primary_screened,CENTER,training,8866d33a51fffff,-8.09424799965415e-10,-0.00430242287210962
amended,primary_screened,CENTER,training,8866d33a55fffff,-1.77804892421813e-10,-0.00452801473511414
amended,primary_screened,CENTER,training,8866d33a5bfffff,-3.2382541123496e-10,0.000250752250656348
amended,primary_screened,CENTER,training,8866d33a8bfffff,-5.94528215858311e-11,0.00411690986150739
amended,primary_screened,CENTER,training,8866d33a99fffff,-2.94530573892155e-10,-0.0112444448416431
amended,primary_screened,CENTER,training,8866d33ac1fffff,0.210089996783445,0.218096837385543
amended,primary_screened,CENTER,training,8866d33ac9fffff,-4.22380326615386e-10,0.00487479211764864
amended,primary_screened,CENTER,training,8866d33acbfffff,-4.60055806078815e-10,-0.00654349221539603
amended,primary_screened,CENTER,training,8866d33acdfffff,-1.64137091909675e-10,0.0243823923078193
amended,primary_screened,CENTER,training,8866d33ad1fffff,-2.32468128827744e-11,0.00240023581324571
amended,primary_screened,CENTER,training,8866d33ad3fffff,-2.68465404459671e-10,-0.0243368468441917
amended,primary_screened,CENTER,training,8866d33ad5fffff,-2.14218439466339e-10,0.0175024647291659
amended,primary_screened,CENTER,training,8866d33ad7fffff,-1.94607730730892e-10,0.00789230431532931
amended,primary_screened,CENTER,training,8866d33addfffff,-3.56502761322836e-10,-0.00285656065798624
amended,primary_screened,CENTER,training,8866d3a891fffff,0.0945983474942691,0.113367797466561
amended,primary_screened,CENTER,training,888f2d922bfffff,0.0229599289093156,0.0204648416913889
amended,primary_screened,CENTER,training,888f2d9245fffff,-2.60899902909569e-10,5.73375313531898e-05
amended,primary_screened,CENTER,training,888f2d9249fffff,-6.67241394957701e-10,-0.00615541654235589
amended,primary_screened,CENTER,training,888f2d924dfffff,-3.05865934679115e-10,0.00422015728020516
amended,primary_screened,CENTER,training,888f2d926bfffff,-1.08054041495194e-10,-0.0151792006070767
amended,primary_screened,BELISARIO,full_pre,8866d304b3fffff,-2.26364058542783e-10,-0.00257093972780111
amended,primary_screened,BELISARIO,full_pre,8866d3069dfffff,-3.67474303493775e-10,-0.000263021442288605
amended,primary_screened,BELISARIO,full_pre,8866d306bbfffff,-3.19201471862181e-10,-0.00189573013369001
amended,primary_screened,BELISARIO,full_pre,8866d306e1fffff,-2.74355141625007e-10,-0.0024587332717923
amended,primary_screened,BELISARIO,full_pre,8866d306e5fffff,-1.72320524367319e-10,-0.00413864487643272
amended,primary_screened,BELISARIO,full_pre,8866d306ebfffff,-2.16315083230196e-10,-0.00169773748601168
amended,primary_screened,BELISARIO,full_pre,8866d32081fffff,-2.78426138690751e-10,-0.00273083876583685
amended,primary_screened,BELISARIO,full_pre,8866d320a3fffff,-2.80749948659653e-10,-0.00156856010677869
amended,primary_screened,BELISARIO,full_pre,8866d320a5fffff,-2.76463072578937e-10,-0.00192954432284421
amended,primary_screened,BELISARIO,full_pre,8866d32113fffff,-2.37829205892035e-10,-7.56886915380855e-06
amended,primary_screened,BELISARIO,full_pre,8866d32117fffff,-4.29111275851141e-10,-0.00127058281565423
amended,primary_screened,BELISARIO,full_pre,8866d32125fffff,-3.44404924869559e-10,-0.00108552337394977
amended,primary_screened,BELISARIO,full_pre,8866d3212dfffff,-1.76570418164572e-10,0.00113435169705075
amended,primary_screened,BELISARIO,full_pre,8866d32133fffff,-6.204993566591e-11,0.00373512356778301
amended,primary_screened,BELISARIO,full_pre,8866d32135fffff,-2.4235351044765e-10,-0.0025999955709921
amended,primary_screened,BELISARIO,full_pre,8866d3213dfffff,-7.54331270725759e-11,0.00231790480651511
amended,primary_screened,BELISARIO,full_pre,8866d32161fffff,-4.84384845921228e-11,0.0027921573595243
amended,primary_screened,BELISARIO,full_pre,8866d32165fffff,-2.77952240711099e-10,-0.00196910199898296
amended,primary_screened,BELISARIO,full_pre,8866d32167fffff,0.0952278179118716,0.100013562403154
amended,primary_screened,BELISARIO,full_pre,8866d32169fffff,-1.31750511248413e-11,0.0027178989069313
amended,primary_screened,BELISARIO,full_pre,8866d321a3fffff,-5.49658724392921e-11,0.00661675550169926
amended,primary_screened,BELISARIO,full_pre,8866d321a9fffff,-2.53598169147531e-10,-0.00476185049758308
amended,primary_screened,BELISARIO,full_pre,8866d321abfffff,-1.85639249468379e-10,0.00221728718387823
amended,primary_screened,BELISARIO,full_pre,8866d321bdfffff,-1.41933455381633e-10,0.00115104532117551
amended,primary_screened,BELISARIO,full_pre,8866d321e3fffff,-9.3498906332505e-11,0.00510895777018732
amended,primary_screened,BELISARIO,full_pre,8866d321e5fffff,0.0286556269766635,0.0349723246954382
amended,primary_screened,BELISARIO,full_pre,8866d321edfffff,-1.30155972019205e-10,0.00146262560804087
amended,primary_screened,BELISARIO,full_pre,8866d32201fffff,-2.31683208418616e-10,-0.00120281670814157
amended,primary_screened,BELISARIO,full_pre,8866d32205fffff,-2.42233705247668e-10,-0.00112770240036585
amended,primary_screened,BELISARIO,full_pre,8866d32207fffff,-2.38232486593811e-10,-0.00137246393481463
amended,primary_screened,BELISARIO,full_pre,8866d3220bfffff,-2.38164685028331e-10,-0.0020040231112433
amended,primary_screened,BELISARIO,full_pre,8866d32211fffff,0.105562055355396,0.110478230358558
amended,primary_screened,BELISARIO,full_pre,8866d32219fffff,-1.76135361814955e-10,-0.000665920077152221
amended,primary_screened,BELISARIO,full_pre,8866d3221dfffff,-3.97362106970694e-12,0.00398080195951373
amended,primary_screened,BELISARIO,full_pre,8866d32221fffff,-1.13721960220412e-10,0.0029615043190529
amended,primary_screened,BELISARIO,full_pre,8866d32225fffff,-1.03997548765345e-10,0.000144251433150077
amended,primary_screened,BELISARIO,full_pre,8866d32227fffff,-2.02114322541799e-10,-0.00182684862322827
amended,primary_screened,BELISARIO,full_pre,8866d3222bfffff,-2.30695983389059e-10,0.000188683178829841
amended,primary_screened,BELISARIO,full_pre,8866d3222dfffff,-2.84129343582448e-10,-0.00155944774276878
amended,primary_screened,BELISARIO,full_pre,8866d322cdfffff,-2.16153132444929e-10,-0.00183401312911261
amended,primary_screened,BELISARIO,full_pre,8866d32301fffff,-1.54574483148675e-10,-0.00327090502858708
amended,primary_screened,BELISARIO,full_pre,8866d32303fffff,-2.00655974628566e-10,-0.00159148770161231
amended,primary_screened,BELISARIO,full_pre,8866d32309fffff,-9.68609455790906e-11,0.00122025675721973
amended,primary_screened,BELISARIO,full_pre,8866d32319fffff,-2.0565106158413e-10,-0.00165363859632413
amended,primary_screened,BELISARIO,full_pre,8866d3231bfffff,-2.02551667797765e-10,-0.00141370400572003
amended,primary_screened,BELISARIO,full_pre,8866d3232dfffff,-7.19111113483854e-11,0.00375805721742067
amended,primary_screened,BELISARIO,full_pre,8866d32343fffff,-7.19880303397406e-11,-0.00253749967889091
amended,primary_screened,BELISARIO,full_pre,8866d32347fffff,-8.42429051557965e-11,0.000335119173146756
amended,primary_screened,BELISARIO,full_pre,8866d32353fffff,-1.65470839629163e-10,0.000755283710045493
amended,primary_screened,BELISARIO,full_pre,8866d32355fffff,-1.40154211076225e-10,-0.00149896836799022
amended,primary_screened,BELISARIO,full_pre,8866d32357fffff,-3.15588976724901e-10,-0.000145338617983202
amended,primary_screened,BELISARIO,full_pre,8866d32367fffff,-1.64848105173197e-11,0.00321754247886193
amended,primary_screened,BELISARIO,full_pre,8866d32801fffff,-1.03587228480009e-10,0.00172788490782788
amended,primary_screened,BELISARIO,full_pre,8866d32803fffff,-2.68898289327482e-10,-0.00151876337030794
amended,primary_screened,BELISARIO,full_pre,8866d32809fffff,-1.87372594033926e-10,0.000578187063482929
amended,primary_screened,BELISARIO,full_pre,8866d32839fffff,-2.07004190543319e-10,-0.00109809311038069
amended,primary_screened,BELISARIO,full_pre,8866d3283bfffff,-2.02315114787795e-10,-0.000586541223347335
amended,primary_screened,BELISARIO,full_pre,8866d32843fffff,-2.67000478236315e-10,0.000353914942873223
amended,primary_screened,BELISARIO,full_pre,8866d32847fffff,-3.21067648190444e-10,-0.000171164842680133
amended,primary_screened,BELISARIO,full_pre,8866d32883fffff,-5.2919781971624e-11,0.00112019519725451
amended,primary_screened,BELISARIO,full_pre,8866d328a1fffff,-1.96571273170702e-10,-0.00183649297588334
amended,primary_screened,BELISARIO,full_pre,8866d328a3fffff,-1.39602392855591e-10,-0.00267638245314466
amended,primary_screened,BELISARIO,full_pre,8866d328a9fffff,-1.91323221148617e-10,-0.00183711365403254
amended,primary_screened,BELISARIO,full_pre,8866d328c5fffff,-2.02323488837365e-10,-0.00180325917243719
amended,primary_screened,BELISARIO,full_pre,8866d328d3fffff,-1.4266493474896e-10,-0.00283632104431281
amended,primary_screened,BELISARIO,full_pre,8866d328dbfffff,-4.31282802538907e-11,-0.00275489052158736
amended,primary_screened,BELISARIO,full_pre,8866d328e9fffff,-2.2010542910994e-10,-0.00194916021991228
amended,primary_screened,BELISARIO,full_pre,8866d329d9fffff,-2.533781821881e-10,-0.00201418605582241
amended,primary_screened,BELISARIO,full_pre,8866d329dbfffff,-2.00484058246577e-10,-0.0014975969945303
amended,primary_screened,BELISARIO,full_pre,8866d32a17fffff,-1.55044574946565e-10,0.000450294562227609
amended,primary_screened,BELISARIO,full_pre,8866d32a1dfffff,-2.41869973478465e-10,-0.00111632204342963
amended,primary_screened,BELISARIO,full_pre,8866d32a59fffff,-1.74969343223852e-10,-0.0028878612818536
amended,primary_screened,BELISARIO,full_pre,8866d32a5bfffff,-1.874419931382e-10,-0.00172594337379139
amended,primary_screened,BELISARIO,full_pre,8866d32ac1fffff,-1.42791214290781e-10,0.00175472391181578
amended,primary_screened,BELISARIO,full_pre,8866d32ac9fffff,-9.97571830722388e-11,0.000122491565944269
amended,primary_screened,BELISARIO,full_pre,8866d32acbfffff,-3.44970146445275e-10,-0.00177564992133122
amended,primary_screened,BELISARIO,full_pre,8866d32f45fffff,0.0810489961763233,0.0804110031577545
amended,primary_screened,BELISARIO,full_pre,8866d32f67fffff,-1.92922156614602e-11,0.00120168770199121
amended,primary_screened,BELISARIO,full_pre,8866d32f6bfffff,-4.81279567208184e-11,0.00184955561545617
amended,primary_screened,BELISARIO,full_pre,8866d33067fffff,-1.05669991938254e-10,-0.00180520078275717
amended,primary_screened,BELISARIO,full_pre,8866d33081fffff,-1.04023769525951e-10,-0.00267104262089723
amended,primary_screened,BELISARIO,full_pre,8866d33095fffff,-1.08335846098357e-10,-0.0021283313966843
amended,primary_screened,BELISARIO,full_pre,8866d330bbfffff,-1.09053973615395e-10,-0.00223281230088642
amended,primary_screened,BELISARIO,full_pre,8866d330e9fffff,-1.08666116957359e-10,-0.00215199577012391
amended,primary_screened,BELISARIO,full_pre,8866d330ebfffff,-1.05437128106206e-10,-0.00241237422997336
amended,primary_screened,BELISARIO,full_pre,8866d33101fffff,0.0313226102289792,0.0361285984452505
amended,primary_screened,BELISARIO,full_pre,8866d33103fffff,-1.05721828832527e-10,0.000581798025621208
amended,primary_screened,BELISARIO,full_pre,8866d33105fffff,-2.05761592619827e-11,0.00297025471918338
amended,primary_screened,BELISARIO,full_pre,8866d33109fffff,-1.10646376400707e-10,0.0038673280697617
amended,primary_screened,BELISARIO,full_pre,8866d3310bfffff,-6.06174809663881e-11,0.00181961717635422
amended,primary_screened,BELISARIO,full_pre,8866d3311dfffff,-2.53079357443737e-10,-0.000250805683446449
amended,primary_screened,BELISARIO,full_pre,8866d33121fffff,-1.12080988712193e-10,-0.00155592696766176
amended,primary_screened,BELISARIO,full_pre,8866d33123fffff,-1.33610271619269e-10,-0.00125201667486161
amended,primary_screened,BELISARIO,full_pre,8866d33127fffff,-1.23716158438314e-10,-9.80291317045006e-05
amended,primary_screened,BELISARIO,full_pre,8866d3312bfffff,-1.12398565213985e-10,-0.00121111329430842
amended,primary_screened,BELISARIO,full_pre,8866d3312dfffff,-6.90404981816948e-11,0.00018833503540394
amended,primary_screened,BELISARIO,full_pre,8866d33131fffff,-1.04941149299143e-10,0.000375048525643156
amended,primary_screened,BELISARIO,full_pre,8866d33133fffff,-8.93240644671873e-11,0.000976949332423311
amended,primary_screened,BELISARIO,full_pre,8866d33141fffff,-9.79882846015289e-11,-5.21279833814365e-05
amended,primary_screened,BELISARIO,full_pre,8866d33143fffff,-1.00527584488856e-10,0.000374966390536961
amended,primary_screened,BELISARIO,full_pre,8866d3314bfffff,-1.41193762579332e-10,-0.00129047678507016
amended,primary_screened,BELISARIO,full_pre,8866d3314dfffff,-1.01630505926215e-10,-0.00111788265881646
amended,primary_screened,BELISARIO,full_pre,8866d33151fffff,-1.1981015808194e-10,-0.00111833954165501
amended,primary_screened,BELISARIO,full_pre,8866d33153fffff,-2.07625888789137e-10,0.00230084623767146
amended,primary_screened,BELISARIO,full_pre,8866d33155fffff,-7.48159409556136e-11,0.00113226187889376
amended,primary_screened,BELISARIO,full_pre,8866d33157fffff,-8.19346848359647e-11,0.00217788671835962
amended,primary_screened,BELISARIO,full_pre,8866d33159fffff,-8.43798759172459e-11,-0.000958837172226189
amended,primary_screened,BELISARIO,full_pre,8866d3315bfffff,-7.92617448087555e-11,-0.000137904523774304
amended,primary_screened,BELISARIO,full_pre,8866d33161fffff,-1.77657092725659e-10,-0.00037881363742274
amended,primary_screened,BELISARIO,full_pre,8866d33165fffff,-7.79508084914717e-11,4.10198882714051e-05
amended,primary_screened,BELISARIO,full_pre,8866d33167fffff,-1.94819531629533e-10,-3.0583652093902e-05
amended,primary_screened,BELISARIO,full_pre,8866d33169fffff,-1.07948427922738e-10,-0.00225018785295238
amended,primary_screened,BELISARIO,full_pre,8866d3316dfffff,-1.08666573104631e-10,-0.00161303575996567
amended,primary_screened,BELISARIO,full_pre,8866d331e5fffff,-1.03169086280077e-10,-0.000818315607411766
amended,primary_screened,BELISARIO,full_pre,8866d33231fffff,-1.08068476410646e-10,-0.00156366419282488
amended,primary_screened,BELISARIO,full_pre,8866d33257fffff,-1.28399623170793e-10,-0.00131600794210675
amended,primary_screened,BELISARIO,full_pre,8866d33325fffff,-1.40082282060587e-10,-0.00192832539997598
amended,primary_screened,BELISARIO,full_pre,8866d3332dfffff,-2.24538469323636e-10,-5.80347123015265e-06
amended,primary_screened,BELISARIO,full_pre,8866d33333fffff,-1.6261849916216e-10,-0.00121792180050166
amended,primary_screened,BELISARIO,full_pre,8866d3333dfffff,-1.21962753394315e-10,-0.00145248953924938
amended,primary_screened,BELISARIO,full_pre,8866d33521fffff,-1.10876476224941e-10,-0.00187748959854508
amended,primary_screened,BELISARIO,full_pre,8866d33527fffff,-1.20591646792459e-10,-0.00159246137226704
amended,primary_screened,BELISARIO,full_pre,8866d33565fffff,-1.13792148226508e-10,-0.00193402004341088
amended,primary_screened,BELISARIO,full_pre,8866d3356dfffff,-1.10019124349799e-10,-0.00220589519319795
amended,primary_screened,BELISARIO,full_pre,8866d33725fffff,-6.28984250224402e-11,-0.000512990906382156
amended,primary_screened,BELISARIO,full_pre,8866d33761fffff,-2.08088325628921e-10,-0.000176632290079536
amended,primary_screened,BELISARIO,full_pre,8866d3381bfffff,-1.12839299609707e-10,0.00338438011572196
amended,primary_screened,BELISARIO,full_pre,8866d33891fffff,-3.50284905057718e-11,0.00601986616587885
amended,primary_screened,BELISARIO,full_pre,8866d33895fffff,-1.95175723996059e-10,0.000659480724007313
amended,primary_screened,BELISARIO,full_pre,8866d33897fffff,-1.08303064499417e-10,0.000507411520104736
amended,primary_screened,BELISARIO,full_pre,8866d338b1fffff,-4.00733738801906e-11,0.00188263091359812
amended,primary_screened,BELISARIO,full_pre,8866d338b3fffff,-1.18790733758974e-10,-0.00166188905737225
amended,primary_screened,BELISARIO,full_pre,8866d338bbfffff,-1.96516104716992e-10,-0.000207258162875531
amended,primary_screened,BELISARIO,full_pre,8866d338d1fffff,-1.26957722844224e-10,0.000554068235028236
amended,primary_screened,BELISARIO,full_pre,8866d33a03fffff,-1.88839421989889e-10,-0.000767118135726032
amended,primary_screened,BELISARIO,full_pre,8866d33a0bfffff,-1.7178790418409e-10,0.000373787070914293
amended,primary_screened,BELISARIO,full_pre,8866d33a11fffff,-1.15565854708326e-10,0.00115659769424456
amended,primary_screened,BELISARIO,full_pre,8866d33a13fffff,-9.55416201742324e-11,-0.000313187501804505
amended,primary_screened,BELISARIO,full_pre,8866d33a15fffff,-8.02087324722083e-11,0.000709539833226693
amended,primary_screened,BELISARIO,full_pre,8866d33a17fffff,-1.35229151272131e-11,0.0039186346786648
amended,primary_screened,BELISARIO,full_pre,8866d33a19fffff,-1.07175691933502e-10,0.000902486622961212
amended,primary_screened,BELISARIO,full_pre,8866d33a1bfffff,-1.10261782214242e-10,2.08173311465115e-05
amended,primary_screened,BELISARIO,full_pre,8866d33a1dfffff,-2.59746188238429e-10,-0.00100725523801721
amended,primary_screened,BELISARIO,full_pre,8866d33a33fffff,-1.13615918473299e-10,-0.00164065195177678
amended,primary_screened,BELISARIO,full_pre,8866d33a39fffff,-1.15219179108998e-10,-0.00171842069126023
amended,primary_screened,BELISARIO,full_pre,8866d33a3bfffff,-8.602154572477e-11,0.00220156171624879
amended,primary_screened,BELISARIO,full_pre,8866d33a51fffff,-2.8679577020641e-10,0.000146850383972309
amended,primary_screened,BELISARIO,full_pre,8866d33a55fffff,-7.04596906912401e-11,0.00272964638396802
amended,primary_screened,BELISARIO,full_pre,8866d33a5bfffff,-1.18160082452656e-10,-0.00187281162491923
amended,primary_screened,BELISARIO,full_pre,8866d33a8bfffff,-5.21013782694218e-12,0.0039379652186109
amended,primary_screened,BELISARIO,full_pre,8866d33a99fffff,-4.27623467154331e-12,0.00250593431824315
amended,primary_screened,BELISARIO,full_pre,8866d33ac1fffff,0.198471908616986,0.202708045693911
amended,primary_screened,BELISARIO,full_pre,8866d33ac9fffff,-1.13881430770681e-10,-0.00140573700072337
amended,primary_screened,BELISARIO,full_pre,8866d33acbfffff,-1.27399993516217e-10,-0.00176225328092965
amended,primary_screened,BELISARIO,full_pre,8866d33acdfffff,-8.12710725372463e-11,0.000679282888435541
amended,primary_screened,BELISARIO,full_pre,8866d33ad1fffff,0.428694101874154,0.433606528443326
amended,primary_screened,BELISARIO,full_pre,8866d33ad3fffff,-3.63147292841778e-11,-6.71617268718482e-05
amended,primary_screened,BELISARIO,full_pre,8866d33ad5fffff,-1.47669844003318e-10,0.000954127888455732
amended,primary_screened,BELISARIO,full_pre,8866d33ad7fffff,-7.93054784542314e-11,0.00213851950735299
amended,primary_screened,BELISARIO,full_pre,8866d33addfffff,-1.04022746971569e-10,-0.00156182161951188
amended,primary_screened,BELISARIO,full_pre,8866d3a891fffff,-1.16820887221803e-10,-0.00082154962412935
amended,primary_screened,BELISARIO,full_pre,888f2d922bfffff,0.0310169061109505,0.0384944649272216
amended,primary_screened,BELISARIO,full_pre,888f2d9245fffff,-9.17699235231886e-11,-0.000569878376821223
amended,primary_screened,BELISARIO,full_pre,888f2d9249fffff,-1.19414678067423e-10,-0.00230438786999698
amended,primary_screened,BELISARIO,full_pre,888f2d924dfffff,-1.1301390457034e-10,-0.0019431089382445
amended,primary_screened,BELISARIO,full_pre,888f2d926bfffff,-3.55261959607724e-11,0.00370603706931886
amended,primary_screened,BELISARIO,training,8866d304b3fffff,-3.60778272619153e-10,-0.00270790130634506
amended,primary_screened,BELISARIO,training,8866d3069dfffff,-5.29368272833404e-10,-0.000129020106824072
amended,primary_screened,BELISARIO,training,8866d306bbfffff,-4.38560789319957e-10,-0.00213532644380253
amended,primary_screened,BELISARIO,training,8866d306e1fffff,-3.91634567521953e-10,-0.00268792630802744
amended,primary_screened,BELISARIO,training,8866d306e5fffff,-2.57754579048173e-10,-0.00443365063668763
amended,primary_screened,BELISARIO,training,8866d306ebfffff,-3.25998590669549e-10,-0.00169614980112062
amended,primary_screened,BELISARIO,training,8866d32081fffff,-3.85738272179934e-10,-0.00302056882193063
amended,primary_screened,BELISARIO,training,8866d320a3fffff,-4.1761597699824e-10,-0.00196289196454589
amended,primary_screened,BELISARIO,training,8866d320a5fffff,-3.97068772851938e-10,-0.00217896747168005
amended,primary_screened,BELISARIO,training,8866d32113fffff,-2.96049879844477e-10,-0.000403572089741001
amended,primary_screened,BELISARIO,training,8866d32117fffff,-5.69738126041557e-10,-0.0014367727381917
amended,primary_screened,BELISARIO,training,8866d32125fffff,-4.58353743709595e-10,-0.00123572323723273
amended,primary_screened,BELISARIO,training,8866d3212dfffff,-1.97519757350831e-10,0.00126158111814932
amended,primary_screened,BELISARIO,training,8866d32133fffff,-3.68334674543526e-11,0.00262924625988058
amended,primary_screened,BELISARIO,training,8866d32135fffff,-2.74742221443035e-10,-0.00187217853473116
amended,primary_screened,BELISARIO,training,8866d3213dfffff,-6.5842895547608e-11,0.00181429468796364
amended,primary_screened,BELISARIO,training,8866d32161fffff,-5.63508371254547e-11,0.00305778219206192
amended,primary_screened,BELISARIO,training,8866d32165fffff,-3.7430654066451e-10,-0.00214890389345769
amended,primary_screened,BELISARIO,training,8866d32167fffff,3.09672973584428e-14,0.00475631549066628
amended,primary_screened,BELISARIO,training,8866d32169fffff,-3.80369487772548e-11,0.00355803271099973
amended,primary_screened,BELISARIO,training,8866d321a3fffff,-9.42941799390568e-11,0.00807490997444681
amended,primary_screened,BELISARIO,training,8866d321a9fffff,-2.48850822018394e-10,-0.00487407194428463
amended,primary_screened,BELISARIO,training,8866d321abfffff,-2.49690880494725e-10,0.00297830806936609
amended,primary_screened,BELISARIO,training,8866d321bdfffff,-2.10854864628051e-10,0.0025788331105157
amended,primary_screened,BELISARIO,training,8866d321e3fffff,-1.58871746547116e-10,0.00562186282812517
amended,primary_screened,BELISARIO,training,8866d321e5fffff,0.0099522387898187,0.0160124331239293
amended,primary_screened,BELISARIO,training,8866d321edfffff,-1.81683242690135e-10,0.000865463130150694
amended,primary_screened,BELISARIO,training,8866d32201fffff,-3.02063171682873e-10,-0.00157103363054521
amended,primary_screened,BELISARIO,training,8866d32205fffff,-3.14034674168321e-10,-0.00144133148541711
amended,primary_screened,BELISARIO,training,8866d32207fffff,-3.04470247013899e-10,-0.00163995713526368
amended,primary_screened,BELISARIO,training,8866d3220bfffff,-2.98191161411374e-10,-0.00222883644094065
amended,primary_screened,BELISARIO,training,8866d32211fffff,0.181389776193691,0.187287289652518
amended,primary_screened,BELISARIO,training,8866d32219fffff,-2.41997188047199e-10,-0.000562446083144219
amended,primary_screened,BELISARIO,training,8866d3221dfffff,-5.04758960752532e-12,0.00469730512204637
amended,primary_screened,BELISARIO,training,8866d32221fffff,-2.12116497059962e-10,0.00260266923447973
amended,primary_screened,BELISARIO,training,8866d32225fffff,-1.50452108833755e-10,0.00012358557854122
amended,primary_screened,BELISARIO,training,8866d32227fffff,-2.91867748851001e-10,-0.00217795192759838
amended,primary_screened,BELISARIO,training,8866d3222bfffff,-3.10655952681965e-10,-0.000138999039750477
amended,primary_screened,BELISARIO,training,8866d3222dfffff,-3.16193191670734e-10,-0.00124246564255749
amended,primary_screened,BELISARIO,training,8866d322cdfffff,-2.95884457913691e-10,-0.00205293172510217
amended,primary_screened,BELISARIO,training,8866d32301fffff,-2.00499511629782e-10,-0.00304053358962338
amended,primary_screened,BELISARIO,training,8866d32303fffff,-2.95955356318581e-10,-0.00196728212778944
amended,primary_screened,BELISARIO,training,8866d32309fffff,-1.2603185432655e-10,0.00198203591967407
amended,primary_screened,BELISARIO,training,8866d32319fffff,-2.99583004107186e-10,-0.0020278577587456
amended,primary_screened,BELISARIO,training,8866d3231bfffff,-3.23863288264071e-10,-0.00196376387162107
amended,primary_screened,BELISARIO,training,8866d3232dfffff,-8.25381448039432e-11,0.00431169625302544
amended,primary_screened,BELISARIO,training,8866d32343fffff,-5.05090063346835e-11,-0.00158428691627025
amended,primary_screened,BELISARIO,training,8866d32347fffff,-7.92100455920101e-11,0.00120133192497444
amended,primary_screened,BELISARIO,training,8866d32353fffff,-2.11703583678213e-10,0.000330932288205577
amended,primary_screened,BELISARIO,training,8866d32355fffff,-1.78092301225087e-10,-0.000884262095212005
amended,primary_screened,BELISARIO,training,8866d32357fffff,-5.08608984873497e-10,-0.000599493472002242
amended,primary_screened,BELISARIO,training,8866d32367fffff,-1.99690189993433e-11,0.00369701771023441
amended,primary_screened,BELISARIO,training,8866d32801fffff,-1.65581343416367e-10,0.00213199680973561
amended,primary_screened,BELISARIO,training,8866d32803fffff,-3.48644713305964e-10,-0.00153840539868317
amended,primary_screened,BELISARIO,training,8866d32809fffff,-2.50838044428381e-10,0.00109567564586038
amended,primary_screened,BELISARIO,training,8866d32839fffff,-2.97365175544609e-10,-0.000880308679150731
amended,primary_screened,BELISARIO,training,8866d3283bfffff,-2.74256448695359e-10,-0.000518654175619188
amended,primary_screened,BELISARIO,training,8866d32843fffff,-3.65217619890171e-10,0.000536629887930915
amended,primary_screened,BELISARIO,training,8866d32847fffff,-3.87294799410959e-10,-0.000122226588505379
amended,primary_screened,BELISARIO,training,8866d32883fffff,-1.34297424679648e-10,0.00152047896468442
amended,primary_screened,BELISARIO,training,8866d328a1fffff,-2.94816710716144e-10,-0.00212106222003532
amended,primary_screened,BELISARIO,training,8866d328a3fffff,-2.83680304929815e-10,-0.00199458089344265
amended,primary_screened,BELISARIO,training,8866d328a9fffff,-2.83954188442564e-10,-0.00211641638352457
amended,primary_screened,BELISARIO,training,8866d328c5fffff,-3.01148388271142e-10,-0.00219843896228649
amended,primary_screened,BELISARIO,training,8866d328d3fffff,-3.03628997725297e-10,-0.00259926667657207
amended,primary_screened,BELISARIO,training,8866d328dbfffff,-1.05185359503483e-10,-0.0017968369545552
amended,primary_screened,BELISARIO,training,8866d328e9fffff,-3.11755014518136e-10,-0.00233072693626365
amended,primary_screened,BELISARIO,training,8866d329d9fffff,-3.22321411125081e-10,-0.00160782388367771
amended,primary_screened,BELISARIO,training,8866d329dbfffff,-2.96612619439971e-10,-0.00171620492071493
amended,primary_screened,BELISARIO,training,8866d32a17fffff,-2.25144049939934e-10,-2.98139921592724e-05
amended,primary_screened,BELISARIO,training,8866d32a1dfffff,-3.0141581943919e-10,-0.00145896863100328
amended,primary_screened,BELISARIO,training,8866d32a59fffff,-3.00740763500885e-10,-0.00287113305044735
amended,primary_screened,BELISARIO,training,8866d32a5bfffff,-3.00361876868959e-10,-0.0020701101876002
amended,primary_screened,BELISARIO,training,8866d32ac1fffff,-1.71791127409148e-10,0.000650144768203008
amended,primary_screened,BELISARIO,training,8866d32ac9fffff,-9.7064447969737e-11,-9.89724666323601e-05
amended,primary_screened,BELISARIO,training,8866d32acbfffff,-2.88171997456335e-10,-0.000771802937958242
amended,primary_screened,BELISARIO,training,8866d32f45fffff,0.0868060593903744,0.0882470611144923
amended,primary_screened,BELISARIO,training,8866d32f67fffff,-3.09961555116495e-11,0.00189054973284727
amended,primary_screened,BELISARIO,training,8866d32f6bfffff,-6.63846345740584e-11,0.00170806886198956
amended,primary_screened,BELISARIO,training,8866d33067fffff,-1.6403672169098e-10,-0.00214220911155389
amended,primary_screened,BELISARIO,training,8866d33081fffff,-1.62244859899823e-10,-0.00299469876895797
amended,primary_screened,BELISARIO,training,8866d33095fffff,-1.71336885041888e-10,-0.00244695678971141
amended,primary_screened,BELISARIO,training,8866d330bbfffff,-1.72360939335175e-10,-0.0025719392005437
amended,primary_screened,BELISARIO,training,8866d330e9fffff,-1.67545596458582e-10,-0.00263646285929881
amended,primary_screened,BELISARIO,training,8866d330ebfffff,-1.65406155306574e-10,-0.00278675658095935
amended,primary_screened,BELISARIO,training,8866d33101fffff,0.00199448191331012,0.00763189219796504
amended,primary_screened,BELISARIO,training,8866d33103fffff,-2.56192238124583e-10,0.000880592747393746
amended,primary_screened,BELISARIO,training,8866d33105fffff,-3.41876901101383e-11,0.00233182385032591
amended,primary_screened,BELISARIO,training,8866d33109fffff,-1.91599630750803e-10,0.00431934403717395
amended,primary_screened,BELISARIO,training,8866d3310bfffff,-1.00509251833509e-10,0.0013943512372376
amended,primary_screened,BELISARIO,training,8866d3311dfffff,-3.1208587938028e-10,-0.000484316491101377
amended,primary_screened,BELISARIO,training,8866d33121fffff,-1.7884403028954e-10,-0.00188895895300573
amended,primary_screened,BELISARIO,training,8866d33123fffff,-2.12981696633416e-10,-0.00153956877614506
amended,primary_screened,BELISARIO,training,8866d33127fffff,-2.59103023646309e-10,-0.000836741303474963
amended,primary_screened,BELISARIO,training,8866d3312bfffff,-1.82022189478504e-10,-0.00153496170184801
amended,primary_screened,BELISARIO,training,8866d3312dfffff,-1.47582324793582e-10,0.000745281255625689
amended,primary_screened,BELISARIO,training,8866d33131fffff,-1.6642613830819e-10,0.000212318550148412
amended,primary_screened,BELISARIO,training,8866d33133fffff,-1.33261434549397e-10,0.00130651980256286
amended,primary_screened,BELISARIO,training,8866d33141fffff,-1.77928561700154e-10,-0.000176991775681931
amended,primary_screened,BELISARIO,training,8866d33143fffff,-1.61513009704735e-10,0.000537657969568241
amended,primary_screened,BELISARIO,training,8866d3314bfffff,-2.15436997414067e-10,-0.00135231664042259
amended,primary_screened,BELISARIO,training,8866d3314dfffff,-1.69865805072372e-10,-0.0012288781014429
amended,primary_screened,BELISARIO,training,8866d33151fffff,-1.88169848585204e-10,-0.00146378979672727
amended,primary_screened,BELISARIO,training,8866d33153fffff,-2.77851300033529e-10,0.00264472362246419
amended,primary_screened,BELISARIO,training,8866d33155fffff,-2.05779264733792e-10,0.00153038196620488
amended,primary_screened,BELISARIO,training,8866d33157fffff,-1.41978421788282e-10,0.00211896127169591
amended,primary_screened,BELISARIO,training,8866d33159fffff,-1.44865592215896e-10,-0.000489687776000718
amended,primary_screened,BELISARIO,training,8866d3315bfffff,-1.37452608703491e-10,-0.00011442015164301
amended,primary_screened,BELISARIO,training,8866d33161fffff,-2.64296466601558e-10,-0.000142746064228671
amended,primary_screened,BELISARIO,training,8866d33165fffff,-2.51747244080136e-10,-0.000140381469729336
amended,primary_screened,BELISARIO,training,8866d33167fffff,-3.41128892027581e-10,0.000360908921271925
amended,primary_screened,BELISARIO,training,8866d33169fffff,-1.60151386657772e-10,-0.00224700040834931
amended,primary_screened,BELISARIO,training,8866d3316dfffff,-1.71787741178749e-10,-0.00180598557279321
amended,primary_screened,BELISARIO,training,8866d331e5fffff,-1.63742790371814e-10,-0.000717814047300879
amended,primary_screened,BELISARIO,training,8866d33231fffff,-1.76498784036974e-10,-0.00198120925390751
amended,primary_screened,BELISARIO,training,8866d33257fffff,-2.22841557318727e-10,-0.00177882770741811
amended,primary_screened,BELISARIO,training,8866d33325fffff,-2.06874166595662e-10,-0.0020313222859008
amended,primary_screened,BELISARIO,training,8866d3332dfffff,-3.58228103531713e-10,-4.91751582628759e-05
amended,primary_screened,BELISARIO,training,8866d33333fffff,-2.53963129613834e-10,-0.00124293695187409
amended,primary_screened,BELISARIO,training,8866d3333dfffff,-1.91626949856624e-10,-0.0017354433245563
amended,primary_screened,BELISARIO,training,8866d33521fffff,-1.6969051467769e-10,-0.00215160757591613
amended,primary_screened,BELISARIO,training,8866d33527fffff,-1.82833487054553e-10,-0.00184463612443145
amended,primary_screened,BELISARIO,training,8866d33565fffff,-1.76374265293495e-10,-0.00214979716495634
amended,primary_screened,BELISARIO,training,8866d3356dfffff,-1.74054320316087e-10,-0.0025268421796438
amended,primary_screened,BELISARIO,training,8866d33725fffff,-1.13399962884967e-10,0.00040450603348939
amended,primary_screened,BELISARIO,training,8866d33761fffff,-2.70192241819244e-10,-0.000196021675414997
amended,primary_screened,BELISARIO,training,8866d3381bfffff,-2.18744885157174e-10,0.00245898203008739
amended,primary_screened,BELISARIO,training,8866d33891fffff,-6.12650703608833e-11,0.0057631114117288
amended,primary_screened,BELISARIO,training,8866d33895fffff,-2.46850837666174e-10,0.000591650811973817
amended,primary_screened,BELISARIO,training,8866d33897fffff,-1.35586190638193e-10,0.000882213628695231
amended,primary_screened,BELISARIO,training,8866d338b1fffff,-8.63070676471065e-11,0.00128018162542689
amended,primary_screened,BELISARIO,training,8866d338b3fffff,-1.57940411753623e-10,-0.00146458399080327
amended,primary_screened,BELISARIO,training,8866d338bbfffff,-1.98597483413211e-10,-0.000309302426007981
amended,primary_screened,BELISARIO,training,8866d338d1fffff,-1.9031998250005e-10,0.000783160858789695
amended,primary_screened,BELISARIO,training,8866d33a03fffff,-1.84463487860249e-10,-0.000906975976723112
amended,primary_screened,BELISARIO,training,8866d33a0bfffff,-1.97108110780711e-10,0.000442211281792069
amended,primary_screened,BELISARIO,training,8866d33a11fffff,-1.19192110132427e-10,0.000978917553604632
amended,primary_screened,BELISARIO,training,8866d33a13fffff,-1.60716862552541e-10,-0.000473232656820879
amended,primary_screened,BELISARIO,training,8866d33a15fffff,-1.74722679176614e-10,0.000315637767148645
amended,primary_screened,BELISARIO,training,8866d33a17fffff,-4.4524629505423e-11,0.00424354289618381
amended,primary_screened,BELISARIO,training,8866d33a19fffff,-1.74858859948598e-10,0.00127473711650969
amended,primary_screened,BELISARIO,training,8866d33a1bfffff,-1.82306707200058e-10,-0.000445728812737531
amended,primary_screened,BELISARIO,training,8866d33a1dfffff,-3.96579407787887e-10,-0.00104779879106131
amended,primary_screened,BELISARIO,training,8866d33a33fffff,-1.78217152948107e-10,-0.00193938444087799
amended,primary_screened,BELISARIO,training,8866d33a39fffff,-1.80035469242302e-10,-0.00201216665959426
amended,primary_screened,BELISARIO,training,8866d33a3bfffff,-1.0386472230283e-10,0.00162961600513407
amended,primary_screened,BELISARIO,training,8866d33a51fffff,-5.02967383957275e-10,0.000649650165418383
amended,primary_screened,BELISARIO,training,8866d33a55fffff,-7.77446839476924e-11,0.00278154424234288
amended,primary_screened,BELISARIO,training,8866d33a5bfffff,-1.81276197795569e-10,-0.00208167619151908
amended,primary_screened,BELISARIO,training,8866d33a8bfffff,-2.85683612274718e-12,0.00482269675262274
amended,primary_screened,BELISARIO,training,8866d33a99fffff,-3.75734659322749e-11,0.00233724637171704
amended,primary_screened,BELISARIO,training,8866d33ac1fffff,0.213115795669141,0.218212221221639
amended,primary_screened,BELISARIO,training,8866d33ac9fffff,-2.62804789653834e-10,-0.000537001921888627
amended,primary_screened,BELISARIO,training,8866d33acbfffff,-1.88179963440783e-10,-0.00190772681052566
amended,primary_screened,BELISARIO,training,8866d33acdfffff,-1.61048767545477e-10,0.00139786559259015
amended,primary_screened,BELISARIO,training,8866d33ad1fffff,0.506741682349738,0.512076226084151
amended,primary_screened,BELISARIO,training,8866d33ad3fffff,-5.63133497383883e-11,0.000113783055532084
amended,primary_screened,BELISARIO,training,8866d33ad5fffff,-1.5443812157351e-10,0.000790778578876186
amended,primary_screened,BELISARIO,training,8866d33ad7fffff,-1.39444645598555e-10,0.00161402881294528
amended,primary_screened,BELISARIO,training,8866d33addfffff,-1.60288755452794e-10,-0.00178778673366217
amended,primary_screened,BELISARIO,training,8866d3a891fffff,-2.14770569405217e-10,-0.0017263367078938
amended,primary_screened,BELISARIO,training,888f2d922bfffff,-1.10138654806596e-10,0.00613381472620616
amended,primary_screened,BELISARIO,training,888f2d9245fffff,-1.74955739557899e-10,-0.000920791706394366
amended,primary_screened,BELISARIO,training,888f2d9249fffff,-3.56855235579247e-10,-0.00199344421640765
amended,primary_screened,BELISARIO,training,888f2d924dfffff,-1.91211723390977e-10,-0.00223069935503005
amended,primary_screened,BELISARIO,training,888f2d926bfffff,-1.4768242874854e-10,0.00288823710083264
plan,primary_unscreened,CENTER,full_pre,8866d30495fffff,-2.48564423317242e-10,0.000468450065605272
plan,primary_unscreened,CENTER,full_pre,8866d3049bfffff,-1.65274405115231e-09,-0.000349626800733436
plan,primary_unscreened,CENTER,full_pre,8866d304b3fffff,-1.19875784406418e-09,-0.000397536345611303
plan,primary_unscreened,CENTER,full_pre,8866d304bbfffff,-7.86164225656578e-10,7.90477728645838e-05
plan,primary_unscreened,CENTER,full_pre,8866d304d3fffff,-2.16057666078865e-09,-0.000405935415128811
plan,primary_unscreened,CENTER,full_pre,8866d304dbfffff,-1.21956693402827e-09,-5.87981733732262e-05
plan,primary_unscreened,CENTER,full_pre,8866d30683fffff,-1.35802450865513e-09,-0.000188337072990412
plan,primary_unscreened,CENTER,full_pre,8866d30695fffff,-1.06201753776362e-09,0.000167320381653902
plan,primary_unscreened,CENTER,full_pre,8866d306b3fffff,-1.25266781979858e-09,-0.000101340767448507
plan,primary_unscreened,CENTER,full_pre,8866d306bbfffff,-1.2565595301319e-09,-0.0001114276088847
plan,primary_unscreened,CENTER,full_pre,8866d32081fffff,-1.2154172205857e-09,-0.000146952086400293
plan,primary_unscreened,CENTER,full_pre,8866d320a5fffff,-1.32169858966703e-09,-0.000193286982014466
plan,primary_unscreened,CENTER,full_pre,8866d32113fffff,-6.35000653586154e-10,0.000633357131614722
plan,primary_unscreened,CENTER,full_pre,8866d32117fffff,-2.53292545582459e-09,-0.000483404680298033
plan,primary_unscreened,CENTER,full_pre,8866d32125fffff,-1.87803992844957e-09,-0.000258694964912814
plan,primary_unscreened,CENTER,full_pre,8866d32127fffff,-1.23769324195999e-09,-0.00100178066772877
plan,primary_unscreened,CENTER,full_pre,8866d32133fffff,0.112322592236975,0.113230934909903
plan,primary_unscreened,CENTER,full_pre,8866d32135fffff,-1.03999543649573e-09,-0.000330505564476269
plan,primary_unscreened,CENTER,full_pre,8866d3213dfffff,-3.77298383998309e-10,9.85346433179166e-05
plan,primary_unscreened,CENTER,full_pre,8866d32165fffff,-1.3265253046597e-09,-6.56448280729192e-05
plan,primary_unscreened,CENTER,full_pre,8866d32167fffff,-1.28967776150881e-10,0.000462117272188075
plan,primary_unscreened,CENTER,full_pre,8866d32183fffff,-1.02339243931828e-09,-0.00024658087210813
plan,primary_unscreened,CENTER,full_pre,8866d32199fffff,-1.0489100107367e-09,-0.000338410823469328
plan,primary_unscreened,CENTER,full_pre,8866d321a1fffff,-5.18968512891766e-10,0.000329846935194713
plan,primary_unscreened,CENTER,full_pre,8866d321a3fffff,0.0776681922555761,0.0784764227805007
plan,primary_unscreened,CENTER,full_pre,8866d321a9fffff,-9.47358962198282e-10,-0.000975367251076824
plan,primary_unscreened,CENTER,full_pre,8866d321abfffff,-3.49786462480214e-10,0.000685905315340068
plan,primary_unscreened,CENTER,full_pre,8866d321bdfffff,-2.22712919522146e-10,0.000300600397515661
plan,primary_unscreened,CENTER,full_pre,8866d321e1fffff,-4.72502189035239e-10,-0.000828341437382627
plan,primary_unscreened,CENTER,full_pre,8866d321e3fffff,0.0596237471988001,0.0606053360585941
plan,primary_unscreened,CENTER,full_pre,8866d321e5fffff,-2.35048729893338e-10,-0.000910330175183438
plan,primary_unscreened,CENTER,full_pre,8866d321e7fffff,-6.03509268624459e-10,-0.000264097463226039
plan,primary_unscreened,CENTER,full_pre,8866d321edfffff,-6.25827905608111e-10,-2.80726419250383e-05
plan,primary_unscreened,CENTER,full_pre,8866d32201fffff,-8.55536242032771e-10,1.23737374409369e-05
plan,primary_unscreened,CENTER,full_pre,8866d32205fffff,-9.33909601703206e-10,1.29184723626711e-05
plan,primary_unscreened,CENTER,full_pre,8866d32207fffff,-9.80368949953763e-10,-5.75423555291293e-05
plan,primary_unscreened,CENTER,full_pre,8866d32221fffff,-4.05287532981131e-10,0.000567905087288159
plan,primary_unscreened,CENTER,full_pre,8866d32225fffff,-3.83678169736895e-10,-1.19105346237729e-05
plan,primary_unscreened,CENTER,full_pre,8866d32227fffff,-8.30696980691815e-10,-9.64169783301666e-05
plan,primary_unscreened,CENTER,full_pre,8866d3222bfffff,-8.49084319881209e-10,0.000206432348368457
plan,primary_unscreened,CENTER,full_pre,8866d3222dfffff,-1.27870094694465e-09,-0.000460209357173988
plan,primary_unscreened,CENTER,full_pre,8866d322c1fffff,-7.91848150459178e-10,-4.91773611512548e-05
plan,primary_unscreened,CENTER,full_pre,8866d322cbfffff,-7.63977084940384e-10,-5.61253383985538e-06
plan,primary_unscreened,CENTER,full_pre,8866d322cdfffff,-8.32267652849848e-10,-9.37592628798835e-05
plan,primary_unscreened,CENTER,full_pre,8866d32301fffff,-9.66100421881887e-10,-0.000752491837700969
plan,primary_unscreened,CENTER,full_pre,8866d32303fffff,-8.47849504276894e-10,-9.08665800699666e-05
plan,primary_unscreened,CENTER,full_pre,8866d32305fffff,-1.08377146854894e-09,-0.000323270567710899
plan,primary_unscreened,CENTER,full_pre,8866d32309fffff,-4.39364560858379e-10,0.000127923211846665
plan,primary_unscreened,CENTER,full_pre,8866d3230bfffff,-8.56233701389348e-10,-0.000192846366873708
plan,primary_unscreened,CENTER,full_pre,8866d32319fffff,-8.3131088627476e-10,-0.00012732095190396
plan,primary_unscreened,CENTER,full_pre,8866d3231bfffff,-8.93348370437746e-10,-5.6228446520475e-05
plan,primary_unscreened,CENTER,full_pre,8866d3231dfffff,-9.98318016078255e-10,-0.000176797322001902
plan,primary_unscreened,CENTER,full_pre,8866d32343fffff,-7.10145581322559e-10,-0.00126441648369031
plan,primary_unscreened,CENTER,full_pre,8866d32347fffff,-7.02219676994088e-10,0.000266143910422741
plan,primary_unscreened,CENTER,full_pre,8866d32353fffff,-5.52948137714421e-10,5.64749388003309e-05
plan,primary_unscreened,CENTER,full_pre,8866d32355fffff,-4.76162482266542e-10,-0.000543427199660557
plan,primary_unscreened,CENTER,full_pre,8866d32357fffff,-1.00176908384184e-09,-0.000268853750836594
plan,primary_unscreened,CENTER,full_pre,8866d32367fffff,-1.9851495915679e-10,0.000570066574616709
plan,primary_unscreened,CENTER,full_pre,8866d32369fffff,0.0124019248912762,0.0130192843340521
plan,primary_unscreened,CENTER,full_pre,8866d3236bfffff,-9.12817320050272e-10,7.4565347360731e-05
plan,primary_unscreened,CENTER,full_pre,8866d32801fffff,-5.93690714279435e-11,0.000649386649555236
plan,primary_unscreened,CENTER,full_pre,8866d32803fffff,-1.06084381165571e-09,4.7999008484306e-05
plan,primary_unscreened,CENTER,full_pre,8866d32809fffff,-3.86278463971507e-10,0.000386649945599003
plan,primary_unscreened,CENTER,full_pre,8866d3280bfffff,-6.41114966593639e-10,4.32025244285684e-05
plan,primary_unscreened,CENTER,full_pre,8866d3280dfffff,-9.33613639075561e-10,8.70033751551192e-05
plan,primary_unscreened,CENTER,full_pre,8866d32833fffff,-7.83235415443201e-10,-0.000155615914970892
plan,primary_unscreened,CENTER,full_pre,8866d32839fffff,-7.37935025311796e-10,0.000250765178203534
plan,primary_unscreened,CENTER,full_pre,8866d3283bfffff,-6.77051686413681e-10,0.000176456003112854
plan,primary_unscreened,CENTER,full_pre,8866d32843fffff,-4.75898139823701e-10,0.000490506502852226
plan,primary_unscreened,CENTER,full_pre,8866d32847fffff,-8.77918507256154e-10,-2.50428483895037e-05
plan,primary_unscreened,CENTER,full_pre,8866d32857fffff,-6.3210442940429e-10,-1.21690608975222e-05
plan,primary_unscreened,CENTER,full_pre,8866d3286bfffff,-5.877051119325e-10,-7.37230206474425e-05
plan,primary_unscreened,CENTER,full_pre,8866d328a1fffff,-5.94781568538388e-10,-4.86247574289124e-05
plan,primary_unscreened,CENTER,full_pre,8866d328a5fffff,-5.9238429144753e-10,-8.97571215338447e-05
plan,primary_unscreened,CENTER,full_pre,8866d328a9fffff,-5.67764687367579e-10,-5.20768323863121e-05
plan,primary_unscreened,CENTER,full_pre,8866d328abfffff,-5.43516367654485e-10,9.29405491217169e-05
plan,primary_unscreened,CENTER,full_pre,8866d328d7fffff,-1.85097999316407e-10,0.00036832593769245
plan,primary_unscreened,CENTER,full_pre,8866d328dbfffff,-2.77748740600706e-10,-0.00143976479496304
plan,primary_unscreened,CENTER,full_pre,8866d328e9fffff,-6.15382854539053e-10,-1.29590102693843e-05
plan,primary_unscreened,CENTER,full_pre,8866d329d3fffff,-5.7944103169035e-10,-6.6623313888407e-05
plan,primary_unscreened,CENTER,full_pre,8866d329d9fffff,-8.49335144411446e-10,-0.000257137068081004
plan,primary_unscreened,CENTER,full_pre,8866d329dbfffff,-5.86721818814255e-10,-2.25683500806633e-05
plan,primary_unscreened,CENTER,full_pre,8866d32a1dfffff,-1.25918755180314e-09,-0.000583433753698728
plan,primary_unscreened,CENTER,full_pre,8866d32a35fffff,-2.57079776306835e-10,0.000251369844066873
plan,primary_unscreened,CENTER,full_pre,8866d32a37fffff,-5.80234699279982e-10,-9.78691771900855e-05
plan,primary_unscreened,CENTER,full_pre,8866d32a5bfffff,-6.14211945685311e-10,-9.11969024469649e-05
plan,primary_unscreened,CENTER,full_pre,8866d32a9dfffff,-5.50095151582256e-10,5.20514001650395e-05
plan,primary_unscreened,CENTER,full_pre,8866d32ac1fffff,-4.74121357709462e-10,0.000107908519332551
plan,primary_unscreened,CENTER,full_pre,8866d32ac3fffff,-8.45876705514858e-10,-0.000898419265916083
plan,primary_unscreened,CENTER,full_pre,8866d32ac9fffff,-5.32907595351827e-10,-0.000526499168117053
plan,primary_unscreened,CENTER,full_pre,8866d32acbfffff,-6.42604001335666e-10,-0.000320166499655209
plan,primary_unscreened,CENTER,full_pre,8866d32ad9fffff,-8.94449731905459e-10,-0.000416664039765228
plan,primary_unscreened,CENTER,full_pre,8866d32addfffff,-1.23112578761186e-09,-0.000510168285670556
plan,primary_unscreened,CENTER,full_pre,8866d32f49fffff,-2.47969200315641e-11,0.00060483814684417
plan,primary_unscreened,CENTER,full_pre,8866d32f4dfffff,0.0238706708068845,0.0242039003733631
plan,primary_unscreened,CENTER,full_pre,8866d32f61fffff,0.264121822341236,0.264799599183095
plan,primary_unscreened,CENTER,full_pre,8866d32f67fffff,-1.89239901799349e-10,-0.000948524607655107
plan,primary_unscreened,CENTER,full_pre,8866d33011fffff,-5.14621219902562e-10,0.00013129474872341
plan,primary_unscreened,CENTER,full_pre,8866d33019fffff,-5.22631235276969e-10,5.26946942235369e-05
plan,primary_unscreened,CENTER,full_pre,8866d33081fffff,-5.93920493138144e-10,-0.000210620530099149
plan,primary_unscreened,CENTER,full_pre,8866d33083fffff,-5.84600528997575e-10,-0.000103127570224981
plan,primary_unscreened,CENTER,full_pre,8866d33095fffff,-5.7917740093457e-10,-8.94329236253624e-05
plan,primary_unscreened,CENTER,full_pre,8866d3309bfffff,-1.24339768397549e-10,0.000626246072969259
plan,primary_unscreened,CENTER,full_pre,8866d330bbfffff,-5.83695037193902e-10,-0.000106256382384715
plan,primary_unscreened,CENTER,full_pre,8866d330c5fffff,-6.91719628196162e-10,-0.000161188881744099
plan,primary_unscreened,CENTER,full_pre,8866d330ebfffff,-5.89667954631836e-10,-0.0001270501435295
plan,primary_unscreened,CENTER,full_pre,8866d33101fffff,-7.75744707768245e-11,9.24286985301802e-06
plan,primary_unscreened,CENTER,full_pre,8866d33103fffff,-4.83191581071103e-10,1.38564728986178e-05
plan,primary_unscreened,CENTER,full_pre,8866d33105fffff,-4.80168222816898e-10,-0.000576029293674276
plan,primary_unscreened,CENTER,full_pre,8866d33107fffff,-6.4309712999664e-10,0.000295182299055077
plan,primary_unscreened,CENTER,full_pre,8866d33109fffff,-1.755157098026e-10,0.000724606891306757
plan,primary_unscreened,CENTER,full_pre,8866d3310bfffff,-3.88478811972299e-10,7.36261583414309e-05
plan,primary_unscreened,CENTER,full_pre,8866d3310dfffff,-3.7105127186773e-10,0.000439231724517235
plan,primary_unscreened,CENTER,full_pre,8866d3311dfffff,-9.24828488064396e-10,-0.000139420139559491
plan,primary_unscreened,CENTER,full_pre,8866d33121fffff,-6.03905332764599e-10,-5.82097662224149e-05
plan,primary_unscreened,CENTER,full_pre,8866d33123fffff,-5.3590063681658e-10,2.18712459361143e-05
plan,primary_unscreened,CENTER,full_pre,8866d33125fffff,-1.5200917932252e-10,-7.52239302993672e-05
plan,primary_unscreened,CENTER,full_pre,8866d33127fffff,-6.31583185900294e-10,0.000143578542354692
plan,primary_unscreened,CENTER,full_pre,8866d3312bfffff,-5.99164409631723e-10,-3.58929631741398e-05
plan,primary_unscreened,CENTER,full_pre,8866d3312dfffff,-4.57674588185848e-10,-0.000312529663272681
plan,primary_unscreened,CENTER,full_pre,8866d33133fffff,-6.28417710517231e-10,-0.000312756565333921
plan,primary_unscreened,CENTER,full_pre,8866d33141fffff,-5.39008830305051e-10,-0.000112430521166603
plan,primary_unscreened,CENTER,full_pre,8866d33143fffff,-3.81742158225272e-10,0.000271692414869208
plan,primary_unscreened,CENTER,full_pre,8866d33147fffff,-5.46368587530233e-10,0.000252428676937392
plan,primary_unscreened,CENTER,full_pre,8866d3314bfffff,-6.94204011250136e-10,-0.000101750424003002
plan,primary_unscreened,CENTER,full_pre,8866d3314dfffff,-6.3941481248161e-10,-0.00018249158983108
plan,primary_unscreened,CENTER,full_pre,8866d33151fffff,-5.4518762653458e-10,4.06081091984213e-05
plan,primary_unscreened,CENTER,full_pre,8866d33153fffff,-5.02732041009758e-10,0.000154487943281536
plan,primary_unscreened,CENTER,full_pre,8866d33155fffff,-2.19185266103717e-10,0.000260320103561691
plan,primary_unscreened,CENTER,full_pre,8866d33157fffff,-4.4129662608941e-10,1.73380818119248e-05
plan,primary_unscreened,CENTER,full_pre,8866d33159fffff,-3.88923830352574e-10,0.000178612268137397
plan,primary_unscreened,CENTER,full_pre,8866d3315bfffff,-4.04890387984925e-10,-0.000192603547863391
plan,primary_unscreened,CENTER,full_pre,8866d3315dfffff,-1.17078774499801e-10,0.000121035643704463
plan,primary_unscreened,CENTER,full_pre,8866d33161fffff,-7.33554791040736e-10,5.14490893835319e-05
plan,primary_unscreened,CENTER,full_pre,8866d33165fffff,-5.40294871540463e-10,0.000181402128380277
plan,primary_unscreened,CENTER,full_pre,8866d33167fffff,-7.08278972318493e-10,-0.00017495784257542
plan,primary_unscreened,CENTER,full_pre,8866d33169fffff,-6.95536233686582e-10,-0.000200373806121991
plan,primary_unscreened,CENTER,full_pre,8866d3316bfffff,-6.01100304445153e-10,-0.000114003115585245
plan,primary_unscreened,CENTER,full_pre,8866d3316dfffff,-5.55680334346681e-10,-1.03441917210383e-05
plan,primary_unscreened,CENTER,full_pre,8866d331e5fffff,-9.40145304460237e-10,-0.000179386960481575
plan,primary_unscreened,CENTER,full_pre,8866d33231fffff,-5.62706731296685e-10,2.85095185141248e-05
plan,primary_unscreened,CENTER,full_pre,8866d33325fffff,-8.15827257550625e-10,-0.000266806936064363
plan,primary_unscreened,CENTER,full_pre,8866d3332dfffff,-5.46502657578759e-10,0.000252610129833414
plan,primary_unscreened,CENTER,full_pre,8866d33333fffff,-7.25691295235325e-10,2.5480551978956e-05
plan,primary_unscreened,CENTER,full_pre,8866d33335fffff,-5.89457421710065e-10,-5.65778393202722e-05
plan,primary_unscreened,CENTER,full_pre,8866d3333dfffff,-5.58764903729299e-10,2.88590511219368e-06
plan,primary_unscreened,CENTER,full_pre,8866d33521fffff,-5.77770257911988e-10,-7.35131594875066e-05
plan,primary_unscreened,CENTER,full_pre,8866d33527fffff,-5.67762471116078e-10,-6.30959730291437e-05
plan,primary_unscreened,CENTER,full_pre,8866d33569fffff,-5.75565696593936e-10,9.76101697042953e-05
plan,primary_unscreened,CENTER,full_pre,8866d3356dfffff,-5.67950420116959e-10,-8.63774307089267e-05
plan,primary_unscreened,CENTER,full_pre,8866d33725fffff,-4.10320371179241e-10,-7.42568407446316e-05
plan,primary_unscreened,CENTER,full_pre,8866d33761fffff,-4.53856456622038e-10,0.000263465933608416
plan,primary_unscreened,CENTER,full_pre,8866d33767fffff,0.0362493467030561,0.0370585130300466
plan,primary_unscreened,CENTER,full_pre,8866d3381bfffff,-1.45541811210992e-10,0.000753802550429858
plan,primary_unscreened,CENTER,full_pre,8866d33891fffff,-3.63592954389696e-10,0.000513602837816162
plan,primary_unscreened,CENTER,full_pre,8866d33895fffff,-7.86108588946984e-10,0.000221726961434643
plan,primary_unscreened,CENTER,full_pre,8866d33897fffff,-3.43161603798986e-10,0.000449107171811579
plan,primary_unscreened,CENTER,full_pre,8866d338b1fffff,0.112119064906119,0.112879814752717
plan,primary_unscreened,CENTER,full_pre,8866d338b3fffff,-9.45583009025278e-10,7.50275297601424e-06
plan,primary_unscreened,CENTER,full_pre,8866d338bbfffff,-8.54400477840693e-10,0.000178146075212752
plan,primary_unscreened,CENTER,full_pre,8866d338d1fffff,-4.15581145248814e-10,0.000225358977179515
plan,primary_unscreened,CENTER,full_pre,8866d33a03fffff,-7.11108182252536e-10,-0.000436966281223136
plan,primary_unscreened,CENTER,full_pre,8866d33a09fffff,-6.6824277408985e-10,-0.000167186871725253
plan,primary_unscreened,CENTER,full_pre,8866d33a0bfffff,-7.19717146934176e-10,-0.000223352184917344
plan,primary_unscreened,CENTER,full_pre,8866d33a11fffff,-7.14419305005118e-10,1.5860532537189e-05
plan,primary_unscreened,CENTER,full_pre,8866d33a13fffff,-5.67001039927454e-10,0.000146468098957542
plan,primary_unscreened,CENTER,full_pre,8866d33a15fffff,-7.50757257665424e-10,-0.000230924243163135
plan,primary_unscreened,CENTER,full_pre,8866d33a17fffff,-3.17654387670211e-10,0.00064481010919099
plan,primary_unscreened,CENTER,full_pre,8866d33a19fffff,-3.6875893503612e-10,0.000276839888739961
plan,primary_unscreened,CENTER,full_pre,8866d33a1bfffff,-4.05337835346247e-10,0.000146472893324756
plan,primary_unscreened,CENTER,full_pre,8866d33a1dfffff,-4.99111923017365e-10,-9.5603621275485e-06
plan,primary_unscreened,CENTER,full_pre,8866d33a33fffff,-5.57294913636676e-10,-5.06050728450096e-05
plan,primary_unscreened,CENTER,full_pre,8866d33a39fffff,-5.90426729372138e-10,-7.24360697270761e-05
plan,primary_unscreened,CENTER,full_pre,8866d33a3bfffff,-3.53675995870702e-10,0.000340242654810984
plan,primary_unscreened,CENTER,full_pre,8866d33a51fffff,-8.67468624537394e-10,-0.000234959657650119
plan,primary_unscreened,CENTER,full_pre,8866d33a53fffff,-8.20805361002251e-10,-4.25199674100437e-05
plan,primary_unscreened,CENTER,full_pre,8866d33a55fffff,-4.34073383299165e-10,-0.000149215551118006
plan,primary_unscreened,CENTER,full_pre,8866d33a57fffff,6.20876428114098e-11,0.000447635574948428
plan,primary_unscreened,CENTER,full_pre,8866d33a59fffff,-1.02866959664943e-09,-0.000143241654768683
plan,primary_unscreened,CENTER,full_pre,8866d33a5bfffff,-6.03738250733634e-10,-5.43299373308226e-05
plan,primary_unscreened,CENTER,full_pre,8866d33a5dfffff,-6.23177929223161e-10,-0.000689629986172934
plan,primary_unscreened,CENTER,full_pre,8866d33a8bfffff,-1.46498940610099e-10,0.000214358477173005
plan,primary_unscreened,CENTER,full_pre,8866d33a91fffff,-3.41138929962218e-10,-0.000341760553979388
plan,primary_unscreened,CENTER,full_pre,8866d33a99fffff,-3.15037814315591e-10,-0.000315125056346817
plan,primary_unscreened,CENTER,full_pre,8866d33ac1fffff,4.45636397410831e-11,0.00069760579219104
plan,primary_unscreened,CENTER,full_pre,8866d33ac3fffff,0.122308462599877,0.123065854560958
plan,primary_unscreened,CENTER,full_pre,8866d33ac9fffff,-5.54003039257965e-10,-0.000343922777825602
plan,primary_unscreened,CENTER,full_pre,8866d33acbfffff,-8.23556355000508e-10,-0.000406690490140695
plan,primary_unscreened,CENTER,full_pre,8866d33acdfffff,0.128316512340752,0.129089414405062
plan,primary_unscreened,CENTER,full_pre,8866d33ad1fffff,-2.61114140049494e-10,0.000363285547328738
plan,primary_unscreened,CENTER,full_pre,8866d33ad3fffff,-4.80441495726129e-10,-0.00114526230831963
plan,primary_unscreened,CENTER,full_pre,8866d33ad5fffff,-3.10522279552482e-10,0.000576831175391296
plan,primary_unscreened,CENTER,full_pre,8866d33ad7fffff,-1.93799556697923e-10,0.000312481188660019
plan,primary_unscreened,CENTER,full_pre,8866d33addfffff,-6.93182835532419e-10,-0.000150799640648168
plan,primary_unscreened,CENTER,full_pre,8866d3a89bfffff,0.0509977849643253,0.0517552282987777
plan,primary_unscreened,CENTER,full_pre,888f2d9245fffff,-4.78836635418106e-10,9.2649099846458e-05
plan,primary_unscreened,CENTER,full_pre,888f2d924dfffff,-5.57887685594293e-10,3.99753439798073e-05
plan,primary_unscreened,CENTER,training,8866d30495fffff,-2.5365046341057e-09,1.67414686694466e-05
plan,primary_unscreened,CENTER,training,8866d3049bfffff,-2.22063965337689e-09,-0.000131032181295196
plan,primary_unscreened,CENTER,training,8866d304b3fffff,-2.33600225727822e-09,-0.00017262780990356
plan,primary_unscreened,CENTER,training,8866d304bbfffff,-2.53030841720009e-09,-8.96030467988685e-05
plan,primary_unscreened,CENTER,training,8866d304d3fffff,-3.27227290927339e-09,-0.000241479310120812
plan,primary_unscreened,CENTER,training,8866d304dbfffff,-1.48776919490976e-09,-3.26532423395044e-05
plan,primary_unscreened,CENTER,training,8866d30683fffff,-1.97891656246027e-09,-8.84816249008847e-05
plan,primary_unscreened,CENTER,training,8866d30695fffff,-6.00285491510643e-10,0.000120472093414058
plan,primary_unscreened,CENTER,training,8866d306b3fffff,-1.61671528319351e-09,-3.18298048664942e-05
plan,primary_unscreened,CENTER,training,8866d306bbfffff,-1.58673546574411e-09,-1.92004050868451e-05
plan,primary_unscreened,CENTER,training,8866d32081fffff,-1.92064464319523e-09,-9.11688116298872e-05
plan,primary_unscreened,CENTER,training,8866d320a5fffff,-1.54958969631883e-09,-2.77676544272811e-05
plan,primary_unscreened,CENTER,training,8866d32113fffff,-3.30264383299412e-10,0.000157138906228579
plan,primary_unscreened,CENTER,training,8866d32117fffff,-3.56514470812139e-09,-0.000280728542455654
plan,primary_unscreened,CENTER,training,8866d32125fffff,-2.28998284783752e-09,-6.12019434498582e-05
plan,primary_unscreened,CENTER,training,8866d32127fffff,-1.99919030844292e-09,-0.000245932190052679
plan,primary_unscreened,CENTER,training,8866d32133fffff,-2.51015468035491e-10,0.000285505771940529
plan,primary_unscreened,CENTER,training,8866d32135fffff,-1.74650924491034e-09,-0.000243151951390092
plan,primary_unscreened,CENTER,training,8866d3213dfffff,-1.49357541304904e-10,7.4726066079579e-05
plan,primary_unscreened,CENTER,training,8866d32165fffff,-1.18263008341825e-09,-5.40361486790622e-05
plan,primary_unscreened,CENTER,training,8866d32167fffff,3.70706319375262e-11,0.000105040647375299
plan,primary_unscreened,CENTER,training,8866d32183fffff,-1.30971457947791e-09,-2.98101397983054e-05
plan,primary_unscreened,CENTER,training,8866d32199fffff,-1.08952115464101e-09,-5.57505204928635e-05
plan,primary_unscreened,CENTER,training,8866d321a1fffff,-6.83161467928783e-10,1.40676539658775e-05
plan,primary_unscreened,CENTER,training,8866d321a3fffff,3.60895133089141e-11,0.000242479257806023
plan,primary_unscreened,CENTER,training,8866d321a9fffff,-1.75742237165855e-09,-0.000352382477704084
plan,primary_unscreened,CENTER,training,8866d321abfffff,-2.1203652013362e-10,0.000299305175338824
plan,primary_unscreened,CENTER,training,8866d321bdfffff,-9.76659309643278e-10,0.00020905877481156
plan,primary_unscreened,CENTER,training,8866d321e1fffff,-8.36245896690917e-10,-0.00010493732196824
plan,primary_unscreened,CENTER,training,8866d321e3fffff,0.0309040461783054,0.0312669097462526
plan,primary_unscreened,CENTER,training,8866d321e5fffff,-5.11780812788462e-10,-0.000818970343005202
plan,primary_unscreened,CENTER,training,8866d321e7fffff,-3.27880088616255e-10,0.000192066345999907
plan,primary_unscreened,CENTER,training,8866d321edfffff,-1.05035156793453e-09,-0.000104910777063987
plan,primary_unscreened,CENTER,training,8866d32201fffff,-8.94383050581083e-10,1.99325295779971e-05
plan,primary_unscreened,CENTER,training,8866d32205fffff,-9.31695286928442e-10,2.73823868366173e-05
plan,primary_unscreened,CENTER,training,8866d32207fffff,-7.86710584013656e-10,1.09613321856426e-05
plan,primary_unscreened,CENTER,training,8866d32221fffff,3.40151700072247e-10,0.000336063566181394
plan,primary_unscreened,CENTER,training,8866d32225fffff,-4.27882877793919e-10,0.00010421411659405
plan,primary_unscreened,CENTER,training,8866d32227fffff,-9.31149088931316e-10,-1.25690968511964e-05
plan,primary_unscreened,CENTER,training,8866d3222bfffff,-8.08953470318355e-10,2.05742206680847e-05
plan,primary_unscreened,CENTER,training,8866d3222dfffff,-1.60844648622983e-09,-0.000133408591302933
plan,primary_unscreened,CENTER,training,8866d322c1fffff,-8.4977928684634e-10,2.25165937639719e-05
plan,primary_unscreened,CENTER,training,8866d322cbfffff,-8.12497613800006e-10,3.10712298558408e-05
plan,primary_unscreened,CENTER,training,8866d322cdfffff,-9.91540821686067e-10,-2.78681702019522e-05
plan,primary_unscreened,CENTER,training,8866d32301fffff,-2.12602142436185e-09,-0.000534762194421506
plan,primary_unscreened,CENTER,training,8866d32303fffff,-9.06398303115931e-10,5.08115943449008e-07
plan,primary_unscreened,CENTER,training,8866d32305fffff,-1.36804487485243e-09,-9.00351952689771e-05
plan,primary_unscreened,CENTER,training,8866d32309fffff,-7.33605176470061e-10,-0.000218523650077787
plan,primary_unscreened,CENTER,training,8866d3230bfffff,-1.27318308771375e-09,-0.000107894813439678
plan,primary_unscreened,CENTER,training,8866d32319fffff,-9.99991070364096e-10,-3.82267097000957e-05
plan,primary_unscreened,CENTER,training,8866d3231bfffff,-1.25269419626047e-09,-6.73975806914933e-05
plan,primary_unscreened,CENTER,training,8866d3231dfffff,-1.04984873644003e-09,-2.30110761554314e-05
plan,primary_unscreened,CENTER,training,8866d32343fffff,-1.52011560212417e-09,-0.000798063855273475
plan,primary_unscreened,CENTER,training,8866d32347fffff,-3.95551202257414e-10,-0.000112529548868333
plan,primary_unscreened,CENTER,training,8866d32353fffff,-4.3871445502873e-10,0.000133565555317686
plan,primary_unscreened,CENTER,training,8866d32355fffff,-2.08839939551301e-09,-0.000511109675121484
plan,primary_unscreened,CENTER,training,8866d32357fffff,-1.49124420010707e-09,-1.17665926630721e-05
plan,primary_unscreened,CENTER,training,8866d32367fffff,0.0997856055177012,0.100142080439268
plan,primary_unscreened,CENTER,training,8866d32369fffff,0.00972184614628377,0.0100541193283573
plan,primary_unscreened,CENTER,training,8866d3236bfffff,-5.93331591909232e-10,1.5849789162625e-05
plan,primary_unscreened,CENTER,training,8866d32801fffff,-2.29753023207822e-10,0.000338387076632109
plan,primary_unscreened,CENTER,training,8866d32803fffff,-9.18382036640711e-10,9.75353340212109e-05
plan,primary_unscreened,CENTER,training,8866d32809fffff,-4.78927407298791e-10,0.000208898248928692
plan,primary_unscreened,CENTER,training,8866d3280bfffff,-7.80244256703231e-10,1.9524510374459e-05
plan,primary_unscreened,CENTER,training,8866d3280dfffff,-9.87127340536635e-10,7.75541034319635e-05
plan,primary_unscreened,CENTER,training,8866d32833fffff,-7.17971873385251e-10,6.10878889101656e-06
plan,primary_unscreened,CENTER,training,8866d32839fffff,-5.26888870583036e-10,0.000110853210077098
plan,primary_unscreened,CENTER,training,8866d3283bfffff,-3.51600970733404e-10,0.000163532198472997
plan,primary_unscreened,CENTER,training,8866d32843fffff,-4.6739623280191e-10,0.000290507966980102
plan,primary_unscreened,CENTER,training,8866d32847fffff,-1.0376861514739e-09,1.00680356370748e-06
plan,primary_unscreened,CENTER,training,8866d32857fffff,-7.50266213272702e-10,1.46107807843279e-05
plan,primary_unscreened,CENTER,training,8866d3286bfffff,-7.24509897515854e-10,4.49806166319774e-06
plan,primary_unscreened,CENTER,training,8866d328a1fffff,-7.16171818749863e-10,-1.07148404392882e-05
plan,primary_unscreened,CENTER,training,8866d328a5fffff,-7.57326706103305e-10,-2.40328115995784e-05
plan,primary_unscreened,CENTER,training,8866d328a9fffff,-6.33621717716716e-10,-1.6159353633725e-05
plan,primary_unscreened,CENTER,training,8866d328abfffff,-5.7973753534027e-10,4.5641560362995e-05
plan,primary_unscreened,CENTER,training,8866d328d7fffff,6.37129934293476e-11,0.000130110439306244
plan,primary_unscreened,CENTER,training,8866d328dbfffff,-4.61026366243954e-10,-0.00022578975478845
plan,primary_unscreened,CENTER,training,8866d328e9fffff,-6.67357386870236e-10,-4.22648870819984e-05
plan,primary_unscreened,CENTER,training,8866d329d3fffff,-7.2122977131659e-10,-1.89726675594375e-05
plan,primary_unscreened,CENTER,training,8866d329d9fffff,-7.72897778069869e-10,-1.06814168353089e-05
plan,primary_unscreened,CENTER,training,8866d329dbfffff,-6.81792896225103e-10,-5.05420358150961e-06
plan,primary_unscreened,CENTER,training,8866d32a1dfffff,-1.67006464319104e-09,-0.000354807604413427
plan,primary_unscreened,CENTER,training,8866d32a35fffff,0.0100668154574066,0.0104207519202908
plan,primary_unscreened,CENTER,training,8866d32a37fffff,-7.5391188822756e-10,-1.95832840034171e-05
plan,primary_unscreened,CENTER,training,8866d32a5bfffff,-7.43169945953824e-10,-1.87925483293829e-05
plan,primary_unscreened,CENTER,training,8866d32a9dfffff,-7.2307422096654e-10,-2.38045248565556e-05
plan,primary_unscreened,CENTER,training,8866d32ac1fffff,-6.19959063528434e-10,0.000293834751887165
plan,primary_unscreened,CENTER,training,8866d32ac3fffff,-2.5731596033262e-09,-0.00033800424621281
plan,primary_unscreened,CENTER,training,8866d32ac9fffff,-7.66583421814046e-10,2.23299376836599e-05
plan,primary_unscreened,CENTER,training,8866d32acbfffff,-1.85436790891259e-09,0.000156333154969814
plan,primary_unscreened,CENTER,training,8866d32ad9fffff,-1.15916056309774e-09,-6.70215396828878e-05
plan,primary_unscreened,CENTER,training,8866d32addfffff,-1.67997380814703e-09,-6.54782047310462e-05
plan,primary_unscreened,CENTER,training,8866d32f49fffff,0.111626599234625,0.111965605856323
plan,primary_unscreened,CENTER,training,8866d32f4dfffff,-3.76445814203112e-10,-0.000263181511453395
plan,primary_unscreened,CENTER,training,8866d32f61fffff,0.471964460102434,0.472317169772086
plan,primary_unscreened,CENTER,training,8866d32f67fffff,-3.0963831276192e-10,-0.000151984713550568
plan,primary_unscreened,CENTER,training,8866d33011fffff,-3.650381169302e-10,0.000192591674513445
plan,primary_unscreened,CENTER,training,8866d33019fffff,-4.58239668238016e-10,0.000117791365964938
plan,primary_unscreened,CENTER,training,8866d33081fffff,-7.1979663465926e-10,-5.98494415664575e-05
plan,primary_unscreened,CENTER,training,8866d33083fffff,-7.73322157189301e-10,-4.04789578642869e-05
plan,primary_unscreened,CENTER,training,8866d33095fffff,-7.8102292365532e-10,-3.73898867862167e-05
plan,primary_unscreened,CENTER,training,8866d3309bfffff,-5.89275399082928e-11,0.000192139450820457
plan,primary_unscreened,CENTER,training,8866d330bbfffff,-7.6485357229234e-10,-3.94127471347798e-05
plan,primary_unscreened,CENTER,training,8866d330c5fffff,-5.86441937205958e-10,2.02053405364577e-05
plan,primary_unscreened,CENTER,training,8866d330ebfffff,-6.97679426164584e-10,-2.2723119505058e-05
plan,primary_unscreened,CENTER,training,8866d33101fffff,-5.04516824697594e-11,-0.000241413111410579
plan,primary_unscreened,CENTER,training,8866d33103fffff,-1.0036286727176e-09,1.30869190068875e-05
plan,primary_unscreened,CENTER,training,8866d33105fffff,-7.08247118648323e-10,-0.000312499838445231
plan,primary_unscreened,CENTER,training,8866d33107fffff,-8.18997557594247e-10,1.81735419296036e-05
plan,primary_unscreened,CENTER,training,8866d33109fffff,7.27935521755332e-10,0.000331612294652843
plan,primary_unscreened,CENTER,training,8866d3310bfffff,-2.66294788586391e-10,3.56381835873488e-05
plan,primary_unscreened,CENTER,training,8866d3310dfffff,-2.87371428278482e-10,5.68616472844485e-05
plan,primary_unscreened,CENTER,training,8866d3311dfffff,-9.87342369615281e-10,-1.32370208896889e-05
plan,primary_unscreened,CENTER,training,8866d33121fffff,-8.51602214851605e-10,-5.36147346041518e-06
plan,primary_unscreened,CENTER,training,8866d33123fffff,-5.73457172388903e-10,3.71767959834858e-05
plan,primary_unscreened,CENTER,training,8866d33125fffff,-2.3160564764139e-10,1.36984703926913e-05
plan,primary_unscreened,CENTER,training,8866d33127fffff,-6.24697850087017e-10,1.93400118356891e-05
plan,primary_unscreened,CENTER,training,8866d3312bfffff,-7.99582387061233e-10,-1.50844824217692e-05
plan,primary_unscreened,CENTER,training,8866d3312dfffff,-7.60972295092136e-10,-3.09501235076485e-05
plan,primary_unscreened,CENTER,training,8866d33133fffff,-1.05058052607869e-09,-0.000270088846817862
plan,primary_unscreened,CENTER,training,8866d33141fffff,-1.06373505429711e-09,-9.53362569173533e-05
plan,primary_unscreened,CENTER,training,8866d33143fffff,-3.63685625407799e-10,9.95605572957941e-05
plan,primary_unscreened,CENTER,training,8866d33147fffff,-7.78954717807869e-10,1.67157497561308e-05
plan,primary_unscreened,CENTER,training,8866d3314bfffff,-8.40969811749942e-10,-5.29396978580629e-06
plan,primary_unscreened,CENTER,training,8866d3314dfffff,-1.12336844187502e-09,-0.000121194873353645
plan,primary_unscreened,CENTER,training,8866d33151fffff,-5.65545771639677e-10,5.75149532612855e-05
plan,primary_unscreened,CENTER,training,8866d33153fffff,-4.30328617111419e-10,2.13101376162526e-05
plan,primary_unscreened,CENTER,training,8866d33155fffff,0.0317753855084089,0.0321224632179434
plan,primary_unscreened,CENTER,training,8866d33157fffff,-3.40311883522496e-10,4.13711240310095e-06
plan,primary_unscreened,CENTER,training,8866d33159fffff,7.55314142079223e-11,5.92159996865835e-05
plan,primary_unscreened,CENTER,training,8866d3315bfffff,-6.3136977831236e-10,-0.000124256163250819
plan,primary_unscreened,CENTER,training,8866d3315dfffff,7.06267965020658e-11,0.000155139143046762
plan,primary_unscreened,CENTER,training,8866d33161fffff,-3.21957102413663e-10,9.64520988437356e-05
plan,primary_unscreened,CENTER,training,8866d33165fffff,-1.016655296689e-09,-0.000278757938336267
plan,primary_unscreened,CENTER,training,8866d33167fffff,-9.13744741190014e-10,-3.90507396964642e-05
plan,primary_unscreened,CENTER,training,8866d33169fffff,-7.8918755553485e-10,-3.78710883242876e-05
plan,primary_unscreened,CENTER,training,8866d3316bfffff,-7.6925959860248e-10,-4.25846306887657e-05
plan,primary_unscreened,CENTER,training,8866d3316dfffff,-6.4453299695483e-10,-2.09056324132305e-05
plan,primary_unscreened,CENTER,training,8866d331e5fffff,-1.54476516649178e-09,-0.000129708326953669
plan,primary_unscreened,CENTER,training,8866d33231fffff,-6.47522539282341e-10,-1.874703290939e-05
plan,primary_unscreened,CENTER,training,8866d33325fffff,-1.04865700615682e-09,-0.000141223148520298
plan,primary_unscreened,CENTER,training,8866d3332dfffff,-6.88072663234383e-10,-6.31967757709702e-05
plan,primary_unscreened,CENTER,training,8866d33333fffff,-8.52254327168605e-10,2.22942609434162e-06
plan,primary_unscreened,CENTER,training,8866d33335fffff,-7.12365254277446e-10,6.55568912722235e-06
plan,primary_unscreened,CENTER,training,8866d3333dfffff,-6.5899693372445e-10,4.06881682700612e-05
plan,primary_unscreened,CENTER,training,8866d33521fffff,-6.90871322542838e-10,-1.24842629911987e-05
plan,primary_unscreened,CENTER,training,8866d33527fffff,-6.9409427607232e-10,-3.2490907958166e-05
plan,primary_unscreened,CENTER,training,8866d33569fffff,-8.98083925248371e-10,-4.53624869026335e-05
plan,primary_unscreened,CENTER,training,8866d3356dfffff,-6.96460470826567e-10,-2.44641477651985e-05
plan,primary_unscreened,CENTER,training,8866d33725fffff,-5.37823177225796e-10,0.000146318919273186
plan,primary_unscreened,CENTER,training,8866d33761fffff,-3.87852080815702e-10,0.000117094075596291
plan,primary_unscreened,CENTER,training,8866d33767fffff,0.0355648594578045,0.0359402720254379
plan,primary_unscreened,CENTER,training,8866d3381bfffff,1.23581974319874e-10,0.000284566282821318
plan,primary_unscreened,CENTER,training,8866d33891fffff,-1.66021591902175e-11,0.000304336783929398
plan,primary_unscreened,CENTER,training,8866d33895fffff,-4.01080571377164e-10,0.000108392187386444
plan,primary_unscreened,CENTER,training,8866d33897fffff,-1.16174377732018e-10,0.000178287471647285
plan,primary_unscreened,CENTER,training,8866d338b1fffff,-2.81035142276432e-10,0.000117343414095922
plan,primary_unscreened,CENTER,training,8866d338b3fffff,-9.27210094753197e-10,-0.000110526640448913
plan,primary_unscreened,CENTER,training,8866d338bbfffff,-5.94618465326041e-10,-1.16093593475846e-05
plan,primary_unscreened,CENTER,training,8866d338d1fffff,2.20280545853001e-11,0.000261134960786147
plan,primary_unscreened,CENTER,training,8866d33a03fffff,-7.3164069641803e-10,-0.000124523408586034
plan,primary_unscreened,CENTER,training,8866d33a09fffff,-1.02270533502741e-09,-9.4646108560155e-06
plan,primary_unscreened,CENTER,training,8866d33a0bfffff,-6.16078988791819e-10,2.32082016529346e-05
plan,primary_unscreened,CENTER,training,8866d33a11fffff,-8.1463836683314e-10,-0.000358240508297833
plan,primary_unscreened,CENTER,training,8866d33a13fffff,-3.57058194444741e-10,-0.000125949682439513
plan,primary_unscreened,CENTER,training,8866d33a15fffff,-9.11136190610823e-10,-0.000231353989477918
plan,primary_unscreened,CENTER,training,8866d33a17fffff,6.23901330162453e-11,-7.41780978614568e-06
plan,primary_unscreened,CENTER,training,8866d33a19fffff,-6.4205457539174e-10,-2.73372471916526e-05
plan,primary_unscreened,CENTER,training,8866d33a1bfffff,-6.01806278217518e-10,-5.10019665392378e-05
plan,primary_unscreened,CENTER,training,8866d33a1dfffff,-1.41685861201882e-09,-0.000101503602438421
plan,primary_unscreened,CENTER,training,8866d33a33fffff,-6.84090167083488e-10,-1.03765120648028e-05
plan,primary_unscreened,CENTER,training,8866d33a39fffff,-7.40897490744715e-10,-1.23764485233688e-05
plan,primary_unscreened,CENTER,training,8866d33a3bfffff,-5.70571730388303e-10,8.35959154739664e-07
plan,primary_unscreened,CENTER,training,8866d33a51fffff,-2.19192774546039e-09,-0.000139674569920984
plan,primary_unscreened,CENTER,training,8866d33a53fffff,-5.40684823407721e-10,6.71182795861593e-05
plan,primary_unscreened,CENTER,training,8866d33a55fffff,-6.18150447224241e-10,-0.000237099929593196
plan,primary_unscreened,CENTER,training,8866d33a57fffff,-1.67410382717672e-10,9.2569583571164e-05
plan,primary_unscreened,CENTER,training,8866d33a59fffff,-1.39516663823874e-09,-5.74676577054427e-05
plan,primary_unscreened,CENTER,training,8866d33a5bfffff,-6.96213780869576e-10,2.94067331002277e-06
plan,primary_unscreened,CENTER,training,8866d33a5dfffff,-6.01008179882915e-10,0.000122380517066295
plan,primary_unscreened,CENTER,training,8866d33a8bfffff,0.0356062491684177,0.0359459356969703
plan,primary_unscreened,CENTER,training,8866d33a91fffff,-2.23582102842907e-10,-0.000381729664533701
plan,primary_unscreened,CENTER,training,8866d33a99fffff,-2.04539161124665e-10,-0.000302998136701499
plan,primary_unscreened,CENTER,training,8866d33ac1fffff,-6.42841403597733e-11,0.000214469359376446
plan,primary_unscreened,CENTER,training,8866d33ac3fffff,0.0339075760941863,0.034281767897103
plan,primary_unscreened,CENTER,training,8866d33ac9fffff,-1.50199227890209e-09,1.09111727567418e-05
plan,primary_unscreened,CENTER,training,8866d33acbfffff,-1.46617676300837e-09,-5.59968829692654e-05
plan,primary_unscreened,CENTER,training,8866d33acdfffff,0.129076712306636,0.129427395768793
plan,primary_unscreened,CENTER,training,8866d33ad1fffff,-2.90933010948424e-10,0.000110471078253932
plan,primary_unscreened,CENTER,training,8866d33ad3fffff,-5.32697281392816e-10,-0.000316862675346868
plan,primary_unscreened,CENTER,training,8866d33ad5fffff,-2.74043519107937e-10,0.000293251002198459
plan,primary_unscreened,CENTER,training,8866d33ad7fffff,-2.92562398874904e-10,0.00030222010920681
plan,primary_unscreened,CENTER,training,8866d33addfffff,-1.0850935649331e-09,-2.89927893900741e-05
plan,primary_unscreened,CENTER,training,8866d3a89bfffff,-3.76473314139683e-10,-5.1214720041465e-05
plan,primary_unscreened,CENTER,training,888f2d9245fffff,-8.57132587808925e-10,-4.09405290247278e-05
plan,primary_unscreened,CENTER,training,888f2d924dfffff,-6.54207700182283e-10,6.65629279907992e-05
plan,primary_unscreened,BELISARIO,full_pre,8866d30495fffff,-6.97736605106661e-10,0.000356448988825043
plan,primary_unscreened,BELISARIO,full_pre,8866d3049bfffff,-1.04874421343556e-09,-0.00152174818292699
plan,primary_unscreened,BELISARIO,full_pre,8866d304b3fffff,-7.00751301310822e-10,-0.0027867256929911
plan,primary_unscreened,BELISARIO,full_pre,8866d304bbfffff,-7.03695693020462e-10,-0.0011793253447459
plan,primary_unscreened,BELISARIO,full_pre,8866d304d3fffff,-1.356705334615e-09,-0.00152021311509626
plan,primary_unscreened,BELISARIO,full_pre,8866d304dbfffff,-8.81431657999201e-10,-0.000548865831084415
plan,primary_unscreened,BELISARIO,full_pre,8866d30683fffff,-9.35187949395128e-10,-0.00135043593820681
plan,primary_unscreened,BELISARIO,full_pre,8866d30695fffff,-8.83101036987232e-10,0.00065629547767218
plan,primary_unscreened,BELISARIO,full_pre,8866d306b3fffff,-8.73679343734385e-10,-0.000994387223605681
plan,primary_unscreened,BELISARIO,full_pre,8866d306bbfffff,-8.95862929051417e-10,-0.00102395996045307
plan,primary_unscreened,BELISARIO,full_pre,8866d32081fffff,-8.80087755063868e-10,-0.0017652299304248
plan,primary_unscreened,BELISARIO,full_pre,8866d320a5fffff,-8.46770345705459e-10,-0.0010424977009706
plan,primary_unscreened,BELISARIO,full_pre,8866d32113fffff,-4.82582526357403e-10,0.000670815192755194
plan,primary_unscreened,BELISARIO,full_pre,8866d32117fffff,-1.20579053089778e-09,-0.000811210818966781
plan,primary_unscreened,BELISARIO,full_pre,8866d32125fffff,-1.06550686366391e-09,-0.000510846985387182
plan,primary_unscreened,BELISARIO,full_pre,8866d32127fffff,-6.67019633637841e-10,-0.0036376709494765
plan,primary_unscreened,BELISARIO,full_pre,8866d32133fffff,2.43752895182543e-11,0.00293814639323977
plan,primary_unscreened,BELISARIO,full_pre,8866d32135fffff,-4.19685516348563e-10,-0.00185496229194121
plan,primary_unscreened,BELISARIO,full_pre,8866d3213dfffff,-6.83444450068192e-11,0.00283838943038883
plan,primary_unscreened,BELISARIO,full_pre,8866d32165fffff,-8.96246341919416e-10,-0.0011228845917884
plan,primary_unscreened,BELISARIO,full_pre,8866d32167fffff,0.0831518724013599,0.0867868779181077
plan,primary_unscreened,BELISARIO,full_pre,8866d32183fffff,-6.76282298005213e-10,-0.00150779231339594
plan,primary_unscreened,BELISARIO,full_pre,8866d32199fffff,-5.92688057523671e-10,-0.0013770737776907
plan,primary_unscreened,BELISARIO,full_pre,8866d321a1fffff,-4.22902260896063e-10,0.00230007949434873
plan,primary_unscreened,BELISARIO,full_pre,8866d321a3fffff,-4.21530785727042e-10,0.00360920838491796
plan,primary_unscreened,BELISARIO,full_pre,8866d321a9fffff,-6.2892733866699e-10,-0.00231568497530359
plan,primary_unscreened,BELISARIO,full_pre,8866d321abfffff,-4.46432943291726e-10,0.00211137234481824
plan,primary_unscreened,BELISARIO,full_pre,8866d321bdfffff,-3.80672491863496e-10,0.000427282744590584
plan,primary_unscreened,BELISARIO,full_pre,8866d321e1fffff,-1.34557274636085e-10,-0.00111143007631163
plan,primary_unscreened,BELISARIO,full_pre,8866d321e3fffff,-3.07784688466022e-10,0.003971010312185
plan,primary_unscreened,BELISARIO,full_pre,8866d321e5fffff,6.7164546284214e-11,0.00389982154985562
plan,primary_unscreened,BELISARIO,full_pre,8866d321e7fffff,-4.28421539391422e-10,0.000713608896255226
plan,primary_unscreened,BELISARIO,full_pre,8866d321edfffff,-2.3585638291683e-10,0.00226893387693033
plan,primary_unscreened,BELISARIO,full_pre,8866d32201fffff,-6.23965659210164e-10,-0.000473357972186867
plan,primary_unscreened,BELISARIO,full_pre,8866d32205fffff,-6.53213918552926e-10,-0.000478675133133773
plan,primary_unscreened,BELISARIO,full_pre,8866d32207fffff,-6.1401658157633e-10,-0.000195360154965342
plan,primary_unscreened,BELISARIO,full_pre,8866d32221fffff,-3.02477416161053e-10,0.00324175280482881
plan,primary_unscreened,BELISARIO,full_pre,8866d32225fffff,-1.5360829200082e-10,0.000909800906805791
plan,primary_unscreened,BELISARIO,full_pre,8866d32227fffff,-6.2003812325942e-10,-0.00099700420050805
plan,primary_unscreened,BELISARIO,full_pre,8866d3222bfffff,-6.8357580285121e-10,0.000473966269941383
plan,primary_unscreened,BELISARIO,full_pre,8866d3222dfffff,-5.96272479612656e-10,-0.00101014753564941
plan,primary_unscreened,BELISARIO,full_pre,8866d322c1fffff,-6.02799923883544e-10,-0.000728253920979087
plan,primary_unscreened,BELISARIO,full_pre,8866d322cbfffff,-5.99131099248212e-10,-0.000486230342381225
plan,primary_unscreened,BELISARIO,full_pre,8866d322cdfffff,-6.04032128391975e-10,-0.000994255962029796
plan,primary_unscreened,BELISARIO,full_pre,8866d32301fffff,-3.45930875194239e-10,-0.00281963702241288
plan,primary_unscreened,BELISARIO,full_pre,8866d32303fffff,-6.08345318676747e-10,-0.000810409243384035
plan,primary_unscreened,BELISARIO,full_pre,8866d32305fffff,-6.98200239376165e-10,-0.00145280039630397
plan,primary_unscreened,BELISARIO,full_pre,8866d32309fffff,-2.38436715379952e-10,0.000941541504548272
plan,primary_unscreened,BELISARIO,full_pre,8866d3230bfffff,-6.10958189218122e-10,-0.00118632186342154
plan,primary_unscreened,BELISARIO,full_pre,8866d32319fffff,-6.28212191860903e-10,-0.000940545857107671
plan,primary_unscreened,BELISARIO,full_pre,8866d3231bfffff,-6.37526245448968e-10,-0.000476670103341652
plan,primary_unscreened,BELISARIO,full_pre,8866d3231dfffff,-6.75612816276595e-10,-0.00115454349739294
plan,primary_unscreened,BELISARIO,full_pre,8866d32343fffff,-1.46516330376912e-10,-0.00198954062104887
plan,primary_unscreened,BELISARIO,full_pre,8866d32347fffff,-1.66503465798727e-10,0.00114130582131091
plan,primary_unscreened,BELISARIO,full_pre,8866d32353fffff,-2.74179923153756e-10,0.000431054387464933
plan,primary_unscreened,BELISARIO,full_pre,8866d32355fffff,-3.41713800595229e-10,-0.00151247569585445
plan,primary_unscreened,BELISARIO,full_pre,8866d32357fffff,-8.77354679838859e-10,-0.000428924118007506
plan,primary_unscreened,BELISARIO,full_pre,8866d32367fffff,-2.18588535780929e-10,-0.000506106946576349
plan,primary_unscreened,BELISARIO,full_pre,8866d32369fffff,0.201144079444121,0.202725122253861
plan,primary_unscreened,BELISARIO,full_pre,8866d3236bfffff,-5.18098795171534e-10,-0.0011946944567001
plan,primary_unscreened,BELISARIO,full_pre,8866d32801fffff,-2.23170554437526e-10,0.000886196170880942
plan,primary_unscreened,BELISARIO,full_pre,8866d32803fffff,-6.98038371354081e-10,-0.00103115646365347
plan,primary_unscreened,BELISARIO,full_pre,8866d32809fffff,-3.99187817026138e-10,0.000666994008288787
plan,primary_unscreened,BELISARIO,full_pre,8866d3280bfffff,-4.45942395965032e-10,-0.000852024001101513
plan,primary_unscreened,BELISARIO,full_pre,8866d3280dfffff,-6.76625033734706e-10,-0.000278128502946552
plan,primary_unscreened,BELISARIO,full_pre,8866d32833fffff,-4.54360412006083e-10,-0.000838308214614157
plan,primary_unscreened,BELISARIO,full_pre,8866d32839fffff,-5.52784897485885e-10,-0.000654629833911202
plan,primary_unscreened,BELISARIO,full_pre,8866d3283bfffff,-5.80724490352708e-10,-0.000159371461042697
plan,primary_unscreened,BELISARIO,full_pre,8866d32843fffff,-6.21974904949573e-10,0.000433142883483169
plan,primary_unscreened,BELISARIO,full_pre,8866d32847fffff,-5.69578362513796e-10,-8.05406994255046e-05
plan,primary_unscreened,BELISARIO,full_pre,8866d32857fffff,-4.3115788692095e-10,-0.000822048998580088
plan,primary_unscreened,BELISARIO,full_pre,8866d3286bfffff,-4.06859147547791e-10,-0.00106718430528461
plan,primary_unscreened,BELISARIO,full_pre,8866d328a1fffff,-4.10310663238834e-10,-0.00104536647376715
plan,primary_unscreened,BELISARIO,full_pre,8866d328a5fffff,-4.15400642702249e-10,-0.00103244046975147
plan,primary_unscreened,BELISARIO,full_pre,8866d328a9fffff,-3.96418786437297e-10,-0.00100821373800357
plan,primary_unscreened,BELISARIO,full_pre,8866d328abfffff,-3.9730954901241e-10,-0.00108552939940865
plan,primary_unscreened,BELISARIO,full_pre,8866d328d7fffff,-1.19736295300272e-10,0.000100863964335717
plan,primary_unscreened,BELISARIO,full_pre,8866d328dbfffff,-4.43995042077262e-11,-0.0020858995886279
plan,primary_unscreened,BELISARIO,full_pre,8866d328e9fffff,-3.93477407232299e-10,-0.000819514886409957
plan,primary_unscreened,BELISARIO,full_pre,8866d329d3fffff,-4.0910311569575e-10,-0.000992033179972154
plan,primary_unscreened,BELISARIO,full_pre,8866d329d9fffff,-4.70393353645679e-10,-0.00134157189985662
plan,primary_unscreened,BELISARIO,full_pre,8866d329dbfffff,-4.08224205563021e-10,-0.000846319858393915
plan,primary_unscreened,BELISARIO,full_pre,8866d32a1dfffff,-7.51660188593911e-10,-0.000711089168753142
plan,primary_unscreened,BELISARIO,full_pre,8866d32a35fffff,-1.10101641301733e-10,0.00402023579408782
plan,primary_unscreened,BELISARIO,full_pre,8866d32a37fffff,-4.03976450511695e-10,-0.000926984047693068
plan,primary_unscreened,BELISARIO,full_pre,8866d32a5bfffff,-4.28566222754104e-10,-0.000820190134224387
plan,primary_unscreened,BELISARIO,full_pre,8866d32a9dfffff,-3.95446413702512e-10,-0.000232653119977323
plan,primary_unscreened,BELISARIO,full_pre,8866d32ac1fffff,-2.20158409638325e-10,0.00224357969643691
plan,primary_unscreened,BELISARIO,full_pre,8866d32ac3fffff,-4.34261609543753e-10,-0.00266103846462736
plan,primary_unscreened,BELISARIO,full_pre,8866d32ac9fffff,-7.1760267202554e-11,0.000464450165006991
plan,primary_unscreened,BELISARIO,full_pre,8866d32acbfffff,-7.81747067772256e-10,-0.00311635756819341
plan,primary_unscreened,BELISARIO,full_pre,8866d32ad9fffff,-5.23306120058963e-10,-0.0019794709570799
plan,primary_unscreened,BELISARIO,full_pre,8866d32addfffff,-7.12537409538809e-10,-0.00112979687330826
plan,primary_unscreened,BELISARIO,full_pre,8866d32f49fffff,-3.95216513475527e-10,0.00314264982470854
plan,primary_unscreened,BELISARIO,full_pre,8866d32f4dfffff,0.0598024769540946,0.0610387126122781
plan,primary_unscreened,BELISARIO,full_pre,8866d32f61fffff,0.352647082390748,0.355803324078281
plan,primary_unscreened,BELISARIO,full_pre,8866d32f67fffff,2.22654182084487e-11,0.000505165597579308
plan,primary_unscreened,BELISARIO,full_pre,8866d33011fffff,-3.87118467363719e-10,-0.00113367244171857
plan,primary_unscreened,BELISARIO,full_pre,8866d33019fffff,-3.85959302299656e-10,-0.0010651702504367
plan,primary_unscreened,BELISARIO,full_pre,8866d33081fffff,-4.09605419792709e-10,-0.00166706483311294
plan,primary_unscreened,BELISARIO,full_pre,8866d33083fffff,-4.07395038316189e-10,-0.00111130908826429
plan,primary_unscreened,BELISARIO,full_pre,8866d33095fffff,-4.08951293044511e-10,-0.00118935455714957
plan,primary_unscreened,BELISARIO,full_pre,8866d3309bfffff,-1.0074644060333e-10,0.00387840991077091
plan,primary_unscreened,BELISARIO,full_pre,8866d330bbfffff,-4.04235817631468e-10,-0.00125620767539945
plan,primary_unscreened,BELISARIO,full_pre,8866d330c5fffff,-3.57432543101829e-10,-0.000407215526591801
plan,primary_unscreened,BELISARIO,full_pre,8866d330ebfffff,-4.01017020008496e-10,-0.0013958241425606
plan,primary_unscreened,BELISARIO,full_pre,8866d33101fffff,0.000662147433866531,0.00329439775791261
plan,primary_unscreened,BELISARIO,full_pre,8866d33103fffff,-3.09666388765223e-10,0.000839547385476676
plan,primary_unscreened,BELISARIO,full_pre,8866d33105fffff,-4.10148452225887e-11,0.00132362287575644
plan,primary_unscreened,BELISARIO,full_pre,8866d33107fffff,-5.92329122167578e-10,0.00221491659296406
plan,primary_unscreened,BELISARIO,full_pre,8866d33109fffff,-3.40686714043533e-10,0.00278524718165299
plan,primary_unscreened,BELISARIO,full_pre,8866d3310bfffff,-1.43957733810512e-10,0.0022707488844886
plan,primary_unscreened,BELISARIO,full_pre,8866d3310dfffff,-3.41584293542049e-10,0.00224176325588446
plan,primary_unscreened,BELISARIO,full_pre,8866d3311dfffff,-4.72252277970562e-10,0.000333887139723137
plan,primary_unscreened,BELISARIO,full_pre,8866d33121fffff,-4.24131277741084e-10,-0.000737299363628276
plan,primary_unscreened,BELISARIO,full_pre,8866d33123fffff,-3.80189666340776e-10,-0.000444050808166443
plan,primary_unscreened,BELISARIO,full_pre,8866d33125fffff,-1.19189445366034e-10,-0.000849790806238658
plan,primary_unscreened,BELISARIO,full_pre,8866d33127fffff,-4.88805564024023e-10,0.000684231880545156
plan,primary_unscreened,BELISARIO,full_pre,8866d3312bfffff,-4.2751721618285e-10,-0.000587105340246454
plan,primary_unscreened,BELISARIO,full_pre,8866d3312dfffff,-2.39279726883624e-10,-5.55693298742027e-05
plan,primary_unscreened,BELISARIO,full_pre,8866d33133fffff,-2.19762206401169e-10,0.000326475131654461
plan,primary_unscreened,BELISARIO,full_pre,8866d33141fffff,-4.47886492206538e-10,-0.000172386796407544
plan,primary_unscreened,BELISARIO,full_pre,8866d33143fffff,-3.8792286682131e-10,7.18948243133034e-05
plan,primary_unscreened,BELISARIO,full_pre,8866d33147fffff,-4.32933753275912e-10,0.000442164174294277
plan,primary_unscreened,BELISARIO,full_pre,8866d3314bfffff,-4.50221829898313e-10,-0.000395490942010282
plan,primary_unscreened,BELISARIO,full_pre,8866d3314dfffff,-4.39959642714537e-10,-0.000841095684523197
plan,primary_unscreened,BELISARIO,full_pre,8866d33151fffff,-3.96459384124832e-10,-0.000470331852336967
plan,primary_unscreened,BELISARIO,full_pre,8866d33153fffff,-4.63313710297461e-10,0.00156712639228712
plan,primary_unscreened,BELISARIO,full_pre,8866d33155fffff,-1.43201180829066e-10,0.0020310172737168
plan,primary_unscreened,BELISARIO,full_pre,8866d33157fffff,-3.58788240011491e-10,0.00118108989578306
plan,primary_unscreened,BELISARIO,full_pre,8866d33159fffff,-4.54932636579695e-10,-0.000851921901911764
plan,primary_unscreened,BELISARIO,full_pre,8866d3315bfffff,-3.2926629257577e-10,0.000185495028689863
plan,primary_unscreened,BELISARIO,full_pre,8866d3315dfffff,-1.0928224246118e-10,0.00138046404150235
plan,primary_unscreened,BELISARIO,full_pre,8866d33161fffff,-5.23217161388848e-10,5.96190789608992e-05
plan,primary_unscreened,BELISARIO,full_pre,8866d33165fffff,-4.38606548788195e-10,0.000432852389478063
plan,primary_unscreened,BELISARIO,full_pre,8866d33167fffff,-6.03126569154909e-10,-0.000229373185408319
plan,primary_unscreened,BELISARIO,full_pre,8866d33169fffff,-4.52894613455502e-10,-0.00133081969993364
plan,primary_unscreened,BELISARIO,full_pre,8866d3316bfffff,-3.99349950870591e-10,-0.000929389409582518
plan,primary_unscreened,BELISARIO,full_pre,8866d3316dfffff,-4.09048447868158e-10,-0.000743959739880987
plan,primary_unscreened,BELISARIO,full_pre,8866d331e5fffff,-5.89797264621548e-10,-0.000599674430595738
plan,primary_unscreened,BELISARIO,full_pre,8866d33231fffff,-3.98473849729342e-10,-0.000586291353683459
plan,primary_unscreened,BELISARIO,full_pre,8866d33325fffff,-4.55719634292557e-10,-0.00100282255001695
plan,primary_unscreened,BELISARIO,full_pre,8866d3332dfffff,-4.17204147863794e-10,0.00131740682677471
plan,primary_unscreened,BELISARIO,full_pre,8866d33333fffff,-4.8199305262372e-10,-0.000516114785649874
plan,primary_unscreened,BELISARIO,full_pre,8866d33335fffff,-4.07370895696611e-10,-0.000923427461122872
plan,primary_unscreened,BELISARIO,full_pre,8866d3333dfffff,-3.97883336721826e-10,-0.000748663340547713
plan,primary_unscreened,BELISARIO,full_pre,8866d33521fffff,-3.96857075761251e-10,-0.00101631310119354
plan,primary_unscreened,BELISARIO,full_pre,8866d33527fffff,-3.76732961125691e-10,-0.00066448874520756
plan,primary_unscreened,BELISARIO,full_pre,8866d33569fffff,-3.89180924467886e-10,0.00173980181910728
plan,primary_unscreened,BELISARIO,full_pre,8866d3356dfffff,-3.93841196658744e-10,-0.00121264186938872
plan,primary_unscreened,BELISARIO,full_pre,8866d33725fffff,-1.61422434824748e-10,0.000143685004094435
plan,primary_unscreened,BELISARIO,full_pre,8866d33761fffff,-3.7029422772981e-10,0.00105333829577805
plan,primary_unscreened,BELISARIO,full_pre,8866d33767fffff,0.00820372251809918,0.0124365615249436
plan,primary_unscreened,BELISARIO,full_pre,8866d3381bfffff,-3.8712674176752e-10,0.00262573958799501
plan,primary_unscreened,BELISARIO,full_pre,8866d33891fffff,0.111381445655689,0.115826116699672
plan,primary_unscreened,BELISARIO,full_pre,8866d33895fffff,-3.13683275438576e-10,0.000414013183229448
plan,primary_unscreened,BELISARIO,full_pre,8866d33897fffff,-2.6916152550729e-10,-0.00104860615862096
plan,primary_unscreened,BELISARIO,full_pre,8866d338b1fffff,-1.75104238969604e-10,0.000626627749282808
plan,primary_unscreened,BELISARIO,full_pre,8866d338b3fffff,-7.01373542178158e-10,-0.00102543060972873
plan,primary_unscreened,BELISARIO,full_pre,8866d338bbfffff,-6.54511953241439e-10,-0.000100520199112945
plan,primary_unscreened,BELISARIO,full_pre,8866d338d1fffff,-4.38793416928516e-10,0.000186412386550774
plan,primary_unscreened,BELISARIO,full_pre,8866d33a03fffff,-2.70239901215487e-10,-0.000846129663348047
plan,primary_unscreened,BELISARIO,full_pre,8866d33a09fffff,-4.67817274679487e-10,-0.00086344116811545
plan,primary_unscreened,BELISARIO,full_pre,8866d33a0bfffff,-2.81640260115385e-10,-1.66215777377352e-05
plan,primary_unscreened,BELISARIO,full_pre,8866d33a11fffff,-3.45173418395764e-10,0.00177083012559266
plan,primary_unscreened,BELISARIO,full_pre,8866d33a13fffff,-2.87651057488069e-10,0.00152050688788461
plan,primary_unscreened,BELISARIO,full_pre,8866d33a15fffff,-3.27105995961128e-10,0.000431642325381999
plan,primary_unscreened,BELISARIO,full_pre,8866d33a17fffff,-7.60522312764211e-11,0.00371297218603048
plan,primary_unscreened,BELISARIO,full_pre,8866d33a19fffff,-3.97528778977203e-10,0.00107806556755491
plan,primary_unscreened,BELISARIO,full_pre,8866d33a1bfffff,-3.7180840204573e-10,0.000711809184133481
plan,primary_unscreened,BELISARIO,full_pre,8866d33a1dfffff,-5.975499475559e-10,-0.000770030493638936
plan,primary_unscreened,BELISARIO,full_pre,8866d33a33fffff,-3.99097147858992e-10,-0.000895471770852054
plan,primary_unscreened,BELISARIO,full_pre,8866d33a39fffff,-4.09030184901736e-10,-0.000931082434046342
plan,primary_unscreened,BELISARIO,full_pre,8866d33a3bfffff,-1.7020280902073e-10,0.00150889316358638
plan,primary_unscreened,BELISARIO,full_pre,8866d33a51fffff,-7.30418226814295e-10,-0.000548218213516346
plan,primary_unscreened,BELISARIO,full_pre,8866d33a53fffff,-5.73537340733763e-10,-0.000752298170657968
plan,primary_unscreened,BELISARIO,full_pre,8866d33a55fffff,-1.5557452738682e-10,0.00192872899543598
plan,primary_unscreened,BELISARIO,full_pre,8866d33a57fffff,-8.0293186912867e-11,0.00175943439738205
plan,primary_unscreened,BELISARIO,full_pre,8866d33a59fffff,-6.46774914021002e-10,-0.0014368117206621
plan,primary_unscreened,BELISARIO,full_pre,8866d33a5bfffff,-4.17993354808796e-10,-0.00104994934147593
plan,primary_unscreened,BELISARIO,full_pre,8866d33a5dfffff,-2.96516510437274e-10,-0.00155427406922335
plan,primary_unscreened,BELISARIO,full_pre,8866d33a8bfffff,-4.86771086591207e-11,0.0016005908139792
plan,primary_unscreened,BELISARIO,full_pre,8866d33a91fffff,-2.24178572439149e-10,-8.22125365265311e-05
plan,primary_unscreened,BELISARIO,full_pre,8866d33a99fffff,-1.07718960475542e-10,-0.00158909866885396
plan,primary_unscreened,BELISARIO,full_pre,8866d33ac1fffff,2.69936396094104e-12,0.00183985406560577
plan,primary_unscreened,BELISARIO,full_pre,8866d33ac3fffff,0.183007255493627,0.186171724263459
plan,primary_unscreened,BELISARIO,full_pre,8866d33ac9fffff,-3.37254153230603e-10,-0.00173588680931637
plan,primary_unscreened,BELISARIO,full_pre,8866d33acbfffff,-6.19480526511137e-10,-0.00187078668500193
plan,primary_unscreened,BELISARIO,full_pre,8866d33acdfffff,-2.89401903239486e-10,-0.00088506566375799
plan,primary_unscreened,BELISARIO,full_pre,8866d33ad1fffff,-9.59216508914303e-11,0.0027509736434676
plan,primary_unscreened,BELISARIO,full_pre,8866d33ad3fffff,-1.4047856054947e-10,-0.00209981856863691
plan,primary_unscreened,BELISARIO,full_pre,8866d33ad5fffff,-3.24665030930355e-10,0.000560952106501164
plan,primary_unscreened,BELISARIO,full_pre,8866d33ad7fffff,-1.93672079286958e-10,-0.000914581499012955
plan,primary_unscreened,BELISARIO,full_pre,8866d33addfffff,-4.49236120175918e-10,-0.0010931434552597
plan,primary_unscreened,BELISARIO,full_pre,8866d3a89bfffff,-2.3377126218216e-10,-0.000202712594441088
plan,primary_unscreened,BELISARIO,full_pre,888f2d9245fffff,-4.31630442078392e-10,-8.27657485664314e-05
plan,primary_unscreened,BELISARIO,full_pre,888f2d924dfffff,-4.10815123185265e-10,-0.00101323976140987
plan,primary_unscreened,BELISARIO,training,8866d30495fffff,-6.64343495838247e-10,-0.000238034524174196
plan,primary_unscreened,BELISARIO,training,8866d3049bfffff,-5.32800681624363e-10,-0.0016036573093271
plan,primary_unscreened,BELISARIO,training,8866d304b3fffff,-4.0089947230072e-10,-0.0034704565536633
plan,primary_unscreened,BELISARIO,training,8866d304bbfffff,-5.31849213267354e-10,-0.00207110965154024
plan,primary_unscreened,BELISARIO,training,8866d304d3fffff,-5.67298951086406e-10,-0.00167323162755188
plan,primary_unscreened,BELISARIO,training,8866d304dbfffff,-4.59791025058924e-10,-0.00103633971863793
plan,primary_unscreened,BELISARIO,training,8866d30683fffff,-4.80520764714774e-10,-0.00165100366877633
plan,primary_unscreened,BELISARIO,training,8866d30695fffff,-4.8151955065931e-10,0.000733190642141842
plan,primary_unscreened,BELISARIO,training,8866d306b3fffff,-4.68675804424259e-10,-0.00144429475501049
plan,primary_unscreened,BELISARIO,training,8866d306bbfffff,-4.71541969534351e-10,-0.0013398935465483
plan,primary_unscreened,BELISARIO,training,8866d32081fffff,-4.41705999478442e-10,-0.00224564434154859
plan,primary_unscreened,BELISARIO,training,8866d320a5fffff,-4.42592578388295e-10,-0.00140413443982322
plan,primary_unscreened,BELISARIO,training,8866d32113fffff,-2.37237448996121e-10,0.00131763464815254
plan,primary_unscreened,BELISARIO,training,8866d32117fffff,-6.40942831683284e-10,-0.00109296657136843
plan,primary_unscreened,BELISARIO,training,8866d32125fffff,-5.05458441115373e-10,-0.000721478232789066
plan,primary_unscreened,BELISARIO,training,8866d32127fffff,-2.74463626218829e-10,-0.00386004359774525
plan,primary_unscreened,BELISARIO,training,8866d32133fffff,-3.90168987878928e-11,0.00281299776445068
plan,primary_unscreened,BELISARIO,training,8866d32135fffff,-2.04069596965748e-10,-0.000885068041804774
plan,primary_unscreened,BELISARIO,training,8866d3213dfffff,-5.75821457627751e-11,0.0029830552804173
plan,primary_unscreened,BELISARIO,training,8866d32165fffff,-4.06705110713513e-10,-0.00150247959688367
plan,primary_unscreened,BELISARIO,training,8866d32167fffff,0.150892212695437,0.155528199481468
plan,primary_unscreened,BELISARIO,training,8866d32183fffff,-3.2689827230915e-10,-0.00128221993454076
plan,primary_unscreened,BELISARIO,training,8866d32199fffff,-3.04471098393288e-10,-0.00148830744512429
plan,primary_unscreened,BELISARIO,training,8866d321a1fffff,-2.45067731802904e-10,0.00243521720734391
plan,primary_unscreened,BELISARIO,training,8866d321a3fffff,-1.8472624142876e-10,0.00336866024557728
plan,primary_unscreened,BELISARIO,training,8866d321a9fffff,-2.3547817798474e-10,-0.00233800363087335
plan,primary_unscreened,BELISARIO,training,8866d321abfffff,-2.10967037152499e-10,0.00339411627305681
plan,primary_unscreened,BELISARIO,training,8866d321bdfffff,-1.95337529371403e-10,0.00161141145815346
plan,primary_unscreened,BELISARIO,training,8866d321e1fffff,-4.25067911732787e-11,-0.000774333874143934
plan,primary_unscreened,BELISARIO,training,8866d321e3fffff,-1.70872034822757e-10,0.00385050410954559
plan,primary_unscreened,BELISARIO,training,8866d321e5fffff,-7.68822408198929e-12,0.00287818426743634
plan,primary_unscreened,BELISARIO,training,8866d321e7fffff,-1.92982312159047e-10,0.000494829511083704
plan,primary_unscreened,BELISARIO,training,8866d321edfffff,-1.71332905450091e-10,0.00128301860059323
plan,primary_unscreened,BELISARIO,training,8866d32201fffff,-3.25749517498174e-10,-0.000901406832808187
plan,primary_unscreened,BELISARIO,training,8866d32205fffff,-3.37358882606928e-10,-0.000764728453299676
plan,primary_unscreened,BELISARIO,training,8866d32207fffff,-3.1782163414386e-10,-0.000388942473220514
plan,primary_unscreened,BELISARIO,training,8866d32221fffff,-2.12791049734083e-10,0.00280449768563707
plan,primary_unscreened,BELISARIO,training,8866d32225fffff,-4.75325680931613e-11,0.00176991619948462
plan,primary_unscreened,BELISARIO,training,8866d32227fffff,-3.15592832470277e-10,-0.0012869419460944
plan,primary_unscreened,BELISARIO,training,8866d3222bfffff,-3.49172532977326e-10,4.50204347409391e-05
plan,primary_unscreened,BELISARIO,training,8866d3222dfffff,-2.5695675113082e-10,-0.000448023303709034
plan,primary_unscreened,BELISARIO,training,8866d322c1fffff,-3.12579957270839e-10,-0.00126364320439891
plan,primary_unscreened,BELISARIO,training,8866d322cbfffff,-3.04990138661519e-10,-0.00103342836503894
plan,primary_unscreened,BELISARIO,training,8866d322cdfffff,-3.1038093306784e-10,-0.00137008413786223
plan,primary_unscreened,BELISARIO,training,8866d32301fffff,-1.63276729600409e-10,-0.00167900897683594
plan,primary_unscreened,BELISARIO,training,8866d32303fffff,-3.15539610109942e-10,-0.00125727118045914
plan,primary_unscreened,BELISARIO,training,8866d32305fffff,-3.36361908039928e-10,-0.00163216220597138
plan,primary_unscreened,BELISARIO,training,8866d32309fffff,-1.46741828403511e-10,0.0021506043567842
plan,primary_unscreened,BELISARIO,training,8866d3230bfffff,-3.12866765988178e-10,-0.00150329171471099
plan,primary_unscreened,BELISARIO,training,8866d32319fffff,-3.19267331041282e-10,-0.0013492526713621
plan,primary_unscreened,BELISARIO,training,8866d3231bfffff,-3.4200058173442e-10,-0.000860593203132928
plan,primary_unscreened,BELISARIO,training,8866d3231dfffff,-3.25192139378949e-10,-0.00108479222554473
plan,primary_unscreened,BELISARIO,training,8866d32343fffff,-6.67769431951075e-11,-0.000913622660595202
plan,primary_unscreened,BELISARIO,training,8866d32347fffff,-8.21909716284954e-11,0.00304751966301641
plan,primary_unscreened,BELISARIO,training,8866d32353fffff,-1.406985255958e-10,0.0007117328700898
plan,primary_unscreened,BELISARIO,training,8866d32355fffff,-1.65558801923452e-10,-0.000437366209433874
plan,primary_unscreened,BELISARIO,training,8866d32357fffff,-3.61094415709334e-10,-0.000284516442207991
plan,primary_unscreened,BELISARIO,training,8866d32367fffff,-9.03379988550081e-11,-0.000160743697330442
plan,primary_unscreened,BELISARIO,training,8866d32369fffff,0.258598133231554,0.2611166668449
plan,primary_unscreened,BELISARIO,training,8866d3236bfffff,-2.25785728770275e-10,-0.00053174323689338
plan,primary_unscreened,BELISARIO,training,8866d32801fffff,-9.61816984076528e-11,0.00151173570584359
plan,primary_unscreened,BELISARIO,training,8866d32803fffff,-2.32306022289663e-10,-0.000653131187569501
plan,primary_unscreened,BELISARIO,training,8866d32809fffff,-1.76974027369157e-10,0.00111253606162864
plan,primary_unscreened,BELISARIO,training,8866d3280bfffff,-2.23199379129678e-10,-0.00127971710501735
plan,primary_unscreened,BELISARIO,training,8866d3280dfffff,-2.33413898867521e-10,-0.000156768529138777
plan,primary_unscreened,BELISARIO,training,8866d32833fffff,-2.26253200277111e-10,-0.000983887479121284
plan,primary_unscreened,BELISARIO,training,8866d32839fffff,-2.08253904841697e-10,-0.000137717372187104
plan,primary_unscreened,BELISARIO,training,8866d3283bfffff,-2.21213802999743e-10,4.41952068830131e-05
plan,primary_unscreened,BELISARIO,training,8866d32843fffff,-2.26941415549875e-10,0.000606374325402549
plan,primary_unscreened,BELISARIO,training,8866d32847fffff,-2.35641864925667e-10,-0.000109169174729312
plan,primary_unscreened,BELISARIO,training,8866d32857fffff,-2.15632448978107e-10,-0.00124541911498871
plan,primary_unscreened,BELISARIO,training,8866d3286bfffff,-1.98638006924433e-10,-0.00128108075285036
plan,primary_unscreened,BELISARIO,training,8866d328a1fffff,-2.12379430648036e-10,-0.00148256255127954
plan,primary_unscreened,BELISARIO,training,8866d328a5fffff,-2.13870715089556e-10,-0.00153173258545074
plan,primary_unscreened,BELISARIO,training,8866d328a9fffff,-2.06787643857434e-10,-0.00140317825521296
plan,primary_unscreened,BELISARIO,training,8866d328abfffff,-2.04887232114069e-10,-0.00135263319895333
plan,primary_unscreened,BELISARIO,training,8866d328d7fffff,-8.21728101841013e-11,0.00231403419101366
plan,primary_unscreened,BELISARIO,training,8866d328dbfffff,-1.17469732867397e-11,0.000983089266027879
plan,primary_unscreened,BELISARIO,training,8866d328e9fffff,-1.91449713763104e-10,-0.0011146713163289
plan,primary_unscreened,BELISARIO,training,8866d329d3fffff,-2.09625714397461e-10,-0.001401586603924
plan,primary_unscreened,BELISARIO,training,8866d329d9fffff,-2.24398337665143e-10,-0.000957224271821849
plan,primary_unscreened,BELISARIO,training,8866d329dbfffff,-2.10440231973685e-10,-0.00116261946699553
plan,primary_unscreened,BELISARIO,training,8866d32a1dfffff,-3.25506549954926e-10,-0.00101903457336367
plan,primary_unscreened,BELISARIO,training,8866d32a35fffff,-6.44627288334759e-11,0.00238605703026008
plan,primary_unscreened,BELISARIO,training,8866d32a37fffff,-2.11091288744515e-10,-0.00143989667403063
plan,primary_unscreened,BELISARIO,training,8866d32a5bfffff,-2.17985268248717e-10,-0.00132317703064291
plan,primary_unscreened,BELISARIO,training,8866d32a9dfffff,-2.06292049411281e-10,-0.000616362509591716
plan,primary_unscreened,BELISARIO,training,8866d32ac1fffff,-1.51104046351679e-10,0.000968752398476404
plan,primary_unscreened,BELISARIO,training,8866d32ac3fffff,-2.84319225661588e-10,-0.00426150394966107
plan,primary_unscreened,BELISARIO,training,8866d32ac9fffff,-7.13943976081666e-11,0.00025505112942257
plan,primary_unscreened,BELISARIO,training,8866d32acbfffff,-3.39159075304147e-10,-0.00216161560318516
plan,primary_unscreened,BELISARIO,training,8866d32ad9fffff,-2.38534577422445e-10,-0.00188123919342265
plan,primary_unscreened,BELISARIO,training,8866d32addfffff,-3.34456412134344e-10,-0.00101717002409737
plan,primary_unscreened,BELISARIO,training,8866d32f49fffff,-1.6562194555908e-10,0.00300701676697107
plan,primary_unscreened,BELISARIO,training,8866d32f4dfffff,0.151790133056934,0.155139757506161
plan,primary_unscreened,BELISARIO,training,8866d32f61fffff,0.285393635002043,0.289704524203559
plan,primary_unscreened,BELISARIO,training,8866d32f67fffff,2.96768923133855e-11,0.00261957458517335
plan,primary_unscreened,BELISARIO,training,8866d33011fffff,-2.00916429308592e-10,-0.00151873580949699
plan,primary_unscreened,BELISARIO,training,8866d33019fffff,-2.02618718836241e-10,-0.0015070591938575
plan,primary_unscreened,BELISARIO,training,8866d33081fffff,-2.02708310006901e-10,-0.00210613288117111
plan,primary_unscreened,BELISARIO,training,8866d33083fffff,-2.07791058448375e-10,-0.00170023507409952
plan,primary_unscreened,BELISARIO,training,8866d33095fffff,-2.07116922782945e-10,-0.00179386667241263
plan,primary_unscreened,BELISARIO,training,8866d3309bfffff,-6.48512628626782e-11,0.00342287674549238
plan,primary_unscreened,BELISARIO,training,8866d330bbfffff,-2.04178350568348e-10,-0.0018211096699495
plan,primary_unscreened,BELISARIO,training,8866d330c5fffff,-1.88552682578053e-10,-0.00134204022882748
plan,primary_unscreened,BELISARIO,training,8866d330ebfffff,-2.04316284957452e-10,-0.00188321501761482
plan,primary_unscreened,BELISARIO,training,8866d33101fffff,-1.88683077491864e-11,0.00298866607361834
plan,primary_unscreened,BELISARIO,training,8866d33103fffff,-2.06380907503377e-10,0.00096376073078749
plan,primary_unscreened,BELISARIO,training,8866d33105fffff,-3.73923348793864e-11,0.000111496823271493
plan,primary_unscreened,BELISARIO,training,8866d33107fffff,-2.39749733041026e-10,0.00120268861482447
plan,primary_unscreened,BELISARIO,training,8866d33109fffff,-2.00692638768838e-10,0.00374897721358232
plan,primary_unscreened,BELISARIO,training,8866d3310bfffff,-8.8886399395015e-11,0.00198600075593939
plan,primary_unscreened,BELISARIO,training,8866d3310dfffff,-2.01266097945428e-10,0.00176234012739262
plan,primary_unscreened,BELISARIO,training,8866d3311dfffff,-2.36424691726639e-10,-0.000274318455273372
plan,primary_unscreened,BELISARIO,training,8866d33121fffff,-2.24004898146783e-10,-0.0013106629245649
plan,primary_unscreened,BELISARIO,training,8866d33123fffff,-1.90896611355593e-10,-0.000736756134592179
plan,primary_unscreened,BELISARIO,training,8866d33125fffff,-4.46843875110829e-11,0.000311473206627307
plan,primary_unscreened,BELISARIO,training,8866d33127fffff,-2.50598264781369e-10,0.000126222566427806
plan,primary_unscreened,BELISARIO,training,8866d3312bfffff,-2.24000780961796e-10,-0.00111364233945711
plan,primary_unscreened,BELISARIO,training,8866d3312dfffff,-1.52876652609881e-10,0.000884809397623207
plan,primary_unscreened,BELISARIO,training,8866d33133fffff,-1.14535024200347e-10,-0.000110944147665251
plan,primary_unscreened,BELISARIO,training,8866d33141fffff,-2.71593149417323e-10,-0.000847846277441466
plan,primary_unscreened,BELISARIO,training,8866d33143fffff,-2.09456434729259e-10,0.000102622852511205
plan,primary_unscreened,BELISARIO,training,8866d33147fffff,-2.31306823608663e-10,4.61905005891212e-05
plan,primary_unscreened,BELISARIO,training,8866d3314bfffff,-2.29368324774168e-10,-0.000740482950009468
plan,primary_unscreened,BELISARIO,training,8866d3314dfffff,-2.48854292219182e-10,-0.00136277375095356
plan,primary_unscreened,BELISARIO,training,8866d33151fffff,-2.0434850191218e-10,-0.00092147519692669
plan,primary_unscreened,BELISARIO,training,8866d33153fffff,-2.62981199732716e-10,0.00178618004504226
plan,primary_unscreened,BELISARIO,training,8866d33155fffff,-1.18829517160687e-10,0.0036146079872998
plan,primary_unscreened,BELISARIO,training,8866d33157fffff,-2.38345733831777e-10,0.000613510454748414
plan,primary_unscreened,BELISARIO,training,8866d33159fffff,-2.44026251829505e-10,-0.00107150444409558
plan,primary_unscreened,BELISARIO,training,8866d3315bfffff,-2.0277370419953e-10,-5.59226687109129e-05
plan,primary_unscreened,BELISARIO,training,8866d3315dfffff,-9.09711782925112e-11,0.00358252937391821
plan,primary_unscreened,BELISARIO,training,8866d33161fffff,-2.58254509400373e-10,0.000284403589257427
plan,primary_unscreened,BELISARIO,training,8866d33165fffff,-1.97290274135163e-10,-0.000138589011062147
plan,primary_unscreened,BELISARIO,training,8866d33167fffff,-2.28517309911317e-10,0.00016769732581268
plan,primary_unscreened,BELISARIO,training,8866d33169fffff,-2.19076112866313e-10,-0.00137225487996562
plan,primary_unscreened,BELISARIO,training,8866d3316bfffff,-2.1068190517915e-10,-0.00146259980145257
plan,primary_unscreened,BELISARIO,training,8866d3316dfffff,-2.08716887334801e-10,-0.00115699010940835
plan,primary_unscreened,BELISARIO,training,8866d331e5fffff,-3.47710551338586e-10,-0.00118936855224591
plan,primary_unscreened,BELISARIO,training,8866d33231fffff,-2.02961286747908e-10,-0.00117902758165504
plan,primary_unscreened,BELISARIO,training,8866d33325fffff,-2.14149760147708e-10,-0.00108449397850046
plan,primary_unscreened,BELISARIO,training,8866d3332dfffff,-2.63545397794352e-10,0.00101507786977033
plan,primary_unscreened,BELISARIO,training,8866d33333fffff,-2.24493141695375e-10,-0.000533760791659374
plan,primary_unscreened,BELISARIO,training,8866d33335fffff,-2.11151039653061e-10,-0.00142751084494137
plan,primary_unscreened,BELISARIO,training,8866d3333dfffff,-2.04463686233744e-10,-0.00108117986040505
plan,primary_unscreened,BELISARIO,training,8866d33521fffff,-2.05356017476706e-10,-0.00141134616089103
plan,primary_unscreened,BELISARIO,training,8866d33527fffff,-1.96216313671125e-10,-0.00096376967735948
plan,primary_unscreened,BELISARIO,training,8866d33569fffff,-2.20181045832834e-10,0.000455509873297243
plan,primary_unscreened,BELISARIO,training,8866d3356dfffff,-1.98807017700634e-10,-0.00172275873449745
plan,primary_unscreened,BELISARIO,training,8866d33725fffff,-1.07063909611644e-10,0.00146181586735874
plan,primary_unscreened,BELISARIO,training,8866d33761fffff,-1.70504317764737e-10,0.00059847770060809
plan,primary_unscreened,BELISARIO,training,8866d33767fffff,0.0878868218511854,0.0936251843701163
plan,primary_unscreened,BELISARIO,training,8866d3381bfffff,-1.62006432531479e-10,0.00172647964228781
plan,primary_unscreened,BELISARIO,training,8866d33891fffff,-5.11101605334045e-11,0.00452155561110968
plan,primary_unscreened,BELISARIO,training,8866d33895fffff,-1.45816749755166e-10,0.000425077136624033
plan,primary_unscreened,BELISARIO,training,8866d33897fffff,-1.25067998607514e-10,-0.000568952814684255
plan,primary_unscreened,BELISARIO,training,8866d338b1fffff,-5.56575406436019e-11,-0.000393453141230292
plan,primary_unscreened,BELISARIO,training,8866d338b3fffff,-2.84422689381424e-10,-0.000912858936921498
plan,primary_unscreened,BELISARIO,training,8866d338bbfffff,-2.21289190536115e-10,-0.000511245600490078
plan,primary_unscreened,BELISARIO,training,8866d338d1fffff,-1.89328769971543e-10,0.000652583988864477
plan,primary_unscreened,BELISARIO,training,8866d33a03fffff,-1.21531833373593e-10,-0.000755501355700538
plan,primary_unscreened,BELISARIO,training,8866d33a09fffff,-2.70569816340686e-10,-0.00119646986655052
plan,primary_unscreened,BELISARIO,training,8866d33a0bfffff,-1.23440210624129e-10,5.6458380840668e-05
plan,primary_unscreened,BELISARIO,training,8866d33a11fffff,-1.39803129328608e-10,0.001085071705366
plan,primary_unscreened,BELISARIO,training,8866d33a13fffff,-1.40737244318701e-10,0.00151537618215433
plan,primary_unscreened,BELISARIO,training,8866d33a15fffff,-1.51027891205834e-10,-0.000331859025888971
plan,primary_unscreened,BELISARIO,training,8866d33a17fffff,-4.12329670282031e-11,0.00382908396108693
plan,primary_unscreened,BELISARIO,training,8866d33a19fffff,-2.05812075381111e-10,0.0015928117651739
plan,primary_unscreened,BELISARIO,training,8866d33a1bfffff,-1.840411367569e-10,0.00102168204665015
plan,primary_unscreened,BELISARIO,training,8866d33a1dfffff,-2.67034051630745e-10,-0.000463412600483416
plan,primary_unscreened,BELISARIO,training,8866d33a33fffff,-2.05861705212794e-10,-0.0013537369069545
plan,primary_unscreened,BELISARIO,training,8866d33a39fffff,-2.08962336073312e-10,-0.00139742913858521
plan,primary_unscreened,BELISARIO,training,8866d33a3bfffff,-7.00032976943254e-11,0.00131334510334366
plan,primary_unscreened,BELISARIO,training,8866d33a51fffff,-5.74200142153882e-10,-0.000254196214031656
plan,primary_unscreened,BELISARIO,training,8866d33a53fffff,-2.21611871478132e-10,-0.000235222391610767
plan,primary_unscreened,BELISARIO,training,8866d33a55fffff,-5.44959235537032e-11,0.00154641997296711
plan,primary_unscreened,BELISARIO,training,8866d33a57fffff,-4.95038604644287e-11,0.00394097603174045
plan,primary_unscreened,BELISARIO,training,8866d33a59fffff,-3.64666649643503e-10,-0.00177700166335344
plan,primary_unscreened,BELISARIO,training,8866d33a5bfffff,-2.08231681043638e-10,-0.00142253028803228
plan,primary_unscreened,BELISARIO,training,8866d33a5dfffff,-9.30339210709686e-11,-0.00193117676695593
plan,primary_unscreened,BELISARIO,training,8866d33a8bfffff,-1.26093454981505e-11,0.00188850224532674
plan,primary_unscreened,BELISARIO,training,8866d33a91fffff,-8.58126886705615e-11,0.000316219742542635
plan,primary_unscreened,BELISARIO,training,8866d33a99fffff,-5.58368683191652e-11,-4.06873161228169e-05
plan,primary_unscreened,BELISARIO,training,8866d33ac1fffff,-1.1442551967366e-12,0.0033343152559552
plan,primary_unscreened,BELISARIO,training,8866d33ac3fffff,0.0654391056966325,0.0693942365559824
plan,primary_unscreened,BELISARIO,training,8866d33ac9fffff,-2.77195327119621e-10,-0.000224702879684373
plan,primary_unscreened,BELISARIO,training,8866d33acbfffff,-2.98048830979774e-10,-0.00199591356475177
plan,primary_unscreened,BELISARIO,training,8866d33acdfffff,-1.30608656637659e-10,0.000732650739533444
plan,primary_unscreened,BELISARIO,training,8866d33ad1fffff,-2.20800885897182e-11,0.0019073930163029
plan,primary_unscreened,BELISARIO,training,8866d33ad3fffff,-4.27026771404082e-11,-0.0011760468898952
plan,primary_unscreened,BELISARIO,training,8866d33ad5fffff,-1.14248388210434e-10,0.000264521499876554
plan,primary_unscreened,BELISARIO,training,8866d33ad7fffff,-8.95339487402656e-11,-0.00106946113674957
plan,primary_unscreened,BELISARIO,training,8866d33addfffff,-2.92707939727724e-10,-0.00131109862713092
plan,primary_unscreened,BELISARIO,training,8866d3a89bfffff,-6.53735953017756e-11,-0.000756758527643122
plan,primary_unscreened,BELISARIO,training,888f2d9245fffff,-2.2892132667589e-10,-0.00107414553052789
plan,primary_unscreened,BELISARIO,training,888f2d924dfffff,-2.04852792293284e-10,-0.00157395883836414
plan,primary_screened,CENTER,full_pre,8866d304b3fffff,-5.19059769514916e-10,-0.0145528695179415
plan,primary_screened,CENTER,full_pre,8866d306bbfffff,-7.94198005424149e-10,-0.00527254228994339
plan,primary_screened,CENTER,full_pre,8866d32081fffff,-7.25010480080822e-10,-0.00617017636131273
plan,primary_screened,CENTER,full_pre,8866d320a5fffff,-7.6097255112387e-10,-0.00754660697719768
plan,primary_screened,CENTER,full_pre,8866d32113fffff,-5.20372665297994e-10,0.0323820521964302
plan,primary_screened,CENTER,full_pre,8866d32117fffff,-1.27786243993276e-09,-0.0121071662082577
plan,primary_screened,CENTER,full_pre,8866d32125fffff,-1.01828720881375e-09,-0.0259421539478897
plan,primary_screened,CENTER,full_pre,8866d32133fffff,0.0630956796956254,0.143717508953003
plan,primary_screened,CENTER,full_pre,8866d32135fffff,-4.64232163905334e-10,-0.0220558474896072
plan,primary_screened,CENTER,full_pre,8866d3213dfffff,-2.69743179773065e-10,-0.0189768843428187
plan,primary_screened,CENTER,full_pre,8866d32165fffff,-7.43525241276021e-10,-0.00192937504519424
plan,primary_screened,CENTER,full_pre,8866d32167fffff,-9.56431864028206e-12,0.0174730946625295
plan,primary_screened,CENTER,full_pre,8866d321a3fffff,0.0624393531898789,0.10755821010078
plan,primary_screened,CENTER,full_pre,8866d321a9fffff,-5.16740233249697e-10,-0.0188943995329117
plan,primary_screened,CENTER,full_pre,8866d321abfffff,-1.26346294221537e-10,0.0400476602463865
plan,primary_screened,CENTER,full_pre,8866d321bdfffff,-1.13918674108688e-10,0.000915290808683209
plan,primary_screened,CENTER,full_pre,8866d321e3fffff,0.0171147844642996,0.0675371406117357
plan,primary_screened,CENTER,full_pre,8866d321e5fffff,0.0483679914354213,0.0497187060941705
plan,primary_screened,CENTER,full_pre,8866d321edfffff,-3.23498412834104e-10,-0.00209407335174775
plan,primary_screened,CENTER,full_pre,8866d32201fffff,-4.7030649203566e-10,0.00647123820014933
plan,primary_screened,CENTER,full_pre,8866d32205fffff,-4.84794288207169e-10,0.00481673497174471
plan,primary_screened,CENTER,full_pre,8866d32207fffff,-5.92706716051792e-10,-0.00657663797111232
plan,primary_screened,CENTER,full_pre,8866d32221fffff,-2.73825624160228e-10,0.025704226271539
plan,primary_screened,CENTER,full_pre,8866d32225fffff,-2.38722374729198e-10,0.00417234366661362
plan,primary_screened,CENTER,full_pre,8866d32227fffff,-5.01682895234952e-10,-0.0112378257089854
plan,primary_screened,CENTER,full_pre,8866d3222bfffff,-4.29963810421885e-10,0.0111856441162064
plan,primary_screened,CENTER,full_pre,8866d3222dfffff,-7.14898757546531e-10,-0.0464191671007151
plan,primary_screened,CENTER,full_pre,8866d322cdfffff,-4.77488069645492e-10,-0.00245280619287361
plan,primary_screened,CENTER,full_pre,8866d32301fffff,-5.0572963173004e-10,-0.0596512135612238
plan,primary_screened,CENTER,full_pre,8866d32303fffff,-4.76263404058732e-10,-0.000576822786507706
plan,primary_screened,CENTER,full_pre,8866d32309fffff,-3.3864512664471e-10,-0.00153472135774915
plan,primary_screened,CENTER,full_pre,8866d32319fffff,-4.71393794929191e-10,-0.0049853789529448
plan,primary_screened,CENTER,full_pre,8866d3231bfffff,-5.44347627768619e-10,0.00237633700000366
plan,primary_screened,CENTER,full_pre,8866d32343fffff,-4.16093042466143e-10,-0.0803378620723657
plan,primary_screened,CENTER,full_pre,8866d32347fffff,-2.92562064794939e-10,0.0328943356125088
plan,primary_screened,CENTER,full_pre,8866d32353fffff,-2.25845116500098e-10,0.0179667899909096
plan,primary_screened,CENTER,full_pre,8866d32355fffff,-3.49464899791675e-10,-0.00984915324393081
plan,primary_screened,CENTER,full_pre,8866d32357fffff,-5.0835749122447e-10,-0.0141109308703974
plan,primary_screened,CENTER,full_pre,8866d32367fffff,-4.05261988513202e-11,0.0313354771447397
plan,primary_screened,CENTER,full_pre,8866d32801fffff,0.489623423375781,0.518382488768491
plan,primary_screened,CENTER,full_pre,8866d32803fffff,-4.60983184325197e-10,0.00534189940703442
plan,primary_screened,CENTER,full_pre,8866d32809fffff,-2.72214298566243e-10,0.0166224246037959
plan,primary_screened,CENTER,full_pre,8866d32839fffff,-3.16742600378995e-10,0.016789526645964
plan,primary_screened,CENTER,full_pre,8866d3283bfffff,-3.74188941133962e-10,0.00895882545594159
plan,primary_screened,CENTER,full_pre,8866d32843fffff,-2.48384273597208e-10,0.0233396375897449
plan,primary_screened,CENTER,full_pre,8866d32847fffff,-5.78869085762611e-10,-0.00401084916521384
plan,primary_screened,CENTER,full_pre,8866d328a1fffff,-4.68796373656445e-10,0.00273522033793385
plan,primary_screened,CENTER,full_pre,8866d328a9fffff,-4.6072214919581e-10,-0.00100574127415002
plan,primary_screened,CENTER,full_pre,8866d328dbfffff,-4.84993036722453e-11,-0.0382814470757865
plan,primary_screened,CENTER,full_pre,8866d328e9fffff,-4.68594712429282e-10,0.00178775225571236
plan,primary_screened,CENTER,full_pre,8866d329d9fffff,-6.16376804650659e-10,-0.0103728419839372
plan,primary_screened,CENTER,full_pre,8866d329dbfffff,-3.94876166360178e-10,0.00376682889205142
plan,primary_screened,CENTER,full_pre,8866d32a1dfffff,-5.90918706333909e-10,-0.0316420527758053
plan,primary_screened,CENTER,full_pre,8866d32a5bfffff,-4.16950483654838e-10,-0.00330968212065827
plan,primary_screened,CENTER,full_pre,8866d32ac1fffff,-2.80718282718029e-10,-0.015573500394925
plan,primary_screened,CENTER,full_pre,8866d32ac9fffff,-2.88619639340391e-10,-0.0657635831440394
plan,primary_screened,CENTER,full_pre,8866d32acbfffff,-2.47507438424531e-10,-0.0123738875953352
plan,primary_screened,CENTER,full_pre,8866d32f67fffff,0.0647482720294241,0.0840154196262466
plan,primary_screened,CENTER,full_pre,8866d33081fffff,-3.76584740450047e-10,-0.013435132348439
plan,primary_screened,CENTER,full_pre,8866d33095fffff,-3.71314769222304e-10,-0.00731708694282438
plan,primary_screened,CENTER,full_pre,8866d330bbfffff,-3.74696704982482e-10,-0.00657329934903607
plan,primary_screened,CENTER,full_pre,8866d330ebfffff,-3.76824635486322e-10,-0.00274265836651215
plan,primary_screened,CENTER,full_pre,8866d33101fffff,0.0049323286819575,-0.0111371047367132
plan,primary_screened,CENTER,full_pre,8866d33103fffff,-3.1999807553965e-10,0.00999155237910462
plan,primary_screened,CENTER,full_pre,8866d33105fffff,-1.03141104998685e-10,0.00556427151304068
plan,primary_screened,CENTER,full_pre,8866d33109fffff,-6.78674410308827e-11,0.0608515679709805
plan,primary_screened,CENTER,full_pre,8866d3310bfffff,-2.00326172841062e-10,-0.0202408579210706
plan,primary_screened,CENTER,full_pre,8866d3311dfffff,-6.37672346502656e-10,-0.0149718426945263
plan,primary_screened,CENTER,full_pre,8866d33121fffff,-3.90569253299038e-10,-0.00107514211010693
plan,primary_screened,CENTER,full_pre,8866d33123fffff,-4.34485846123571e-10,0.00483871270801446
plan,primary_screened,CENTER,full_pre,8866d33127fffff,-4.57982919573386e-10,0.0246578334604299
plan,primary_screened,CENTER,full_pre,8866d3312bfffff,-3.82656421642885e-10,0.00147455750042446
plan,primary_screened,CENTER,full_pre,8866d3312dfffff,-2.2080960101238e-10,-0.0511576675880229
plan,primary_screened,CENTER,full_pre,8866d33133fffff,-3.89406966049399e-10,-0.0349168526389229
plan,primary_screened,CENTER,full_pre,8866d33141fffff,-3.24611053471966e-10,-0.00175847575036604
plan,primary_screened,CENTER,full_pre,8866d33143fffff,-2.34311743923316e-10,0.0209031294919341
plan,primary_screened,CENTER,full_pre,8866d3314bfffff,-5.54643905567133e-10,-0.00890427431501577
plan,primary_screened,CENTER,full_pre,8866d3314dfffff,-3.52003103911669e-10,-0.00845089184101253
plan,primary_screened,CENTER,full_pre,8866d33151fffff,-3.76120845235407e-10,0.00604598145841254
plan,primary_screened,CENTER,full_pre,8866d33153fffff,-3.57108250146344e-10,0.0131511786186859
plan,primary_screened,CENTER,full_pre,8866d33155fffff,-1.40266574358282e-10,-0.00362501023671079
plan,primary_screened,CENTER,full_pre,8866d33157fffff,-2.43892715963596e-10,0.00630242080032769
plan,primary_screened,CENTER,full_pre,8866d33159fffff,-4.27145707915901e-10,-0.0414557408153018
plan,primary_screened,CENTER,full_pre,8866d3315bfffff,-3.05040465477662e-10,-0.0100238611824775
plan,primary_screened,CENTER,full_pre,8866d33161fffff,-4.86360896244645e-10,-0.0284125892623501
plan,primary_screened,CENTER,full_pre,8866d33165fffff,-4.54699457838232e-10,-0.0216105427530487
plan,primary_screened,CENTER,full_pre,8866d33167fffff,-3.8791355954655e-10,-0.025372371600314
plan,primary_screened,CENTER,full_pre,8866d33169fffff,-4.30118408558576e-10,-0.0243791168277475
plan,primary_screened,CENTER,full_pre,8866d3316dfffff,-4.01944183386148e-10,-0.00678971457100046
plan,primary_screened,CENTER,full_pre,8866d331e5fffff,-4.97258244493024e-10,-0.00959921063252466
plan,primary_screened,CENTER,full_pre,8866d33231fffff,-3.72406932286032e-10,0.00450922324384827
plan,primary_screened,CENTER,full_pre,8866d33325fffff,-5.31356017159962e-10,-0.00832975872318801
plan,primary_screened,CENTER,full_pre,8866d3332dfffff,-7.54601542686525e-10,-0.0225279533762122
plan,primary_screened,CENTER,full_pre,8866d33333fffff,-5.71599131036364e-10,0.00436124277316555
plan,primary_screened,CENTER,full_pre,8866d3333dfffff,-3.96032311902582e-10,0.00119478825807071
plan,primary_screened,CENTER,full_pre,8866d33521fffff,-3.81374209413577e-10,-0.00300569085489397
plan,primary_screened,CENTER,full_pre,8866d33527fffff,-4.10441086862594e-10,-0.00158713241389075
plan,primary_screened,CENTER,full_pre,8866d3356dfffff,-3.7684385932358e-10,-0.00585611195678098
plan,primary_screened,CENTER,full_pre,8866d33725fffff,-1.83370994786826e-10,-0.000657180121798418
plan,primary_screened,CENTER,full_pre,8866d33761fffff,-4.44485840413598e-10,-0.00836248807612489
plan,primary_screened,CENTER,full_pre,8866d3381bfffff,-1.26047900037776e-10,0.013333764302828
plan,primary_screened,CENTER,full_pre,8866d33891fffff,0.0562898650106973,0.112849407722711
plan,primary_screened,CENTER,full_pre,8866d33895fffff,-3.67344376220725e-10,0.0382719238703121
plan,primary_screened,CENTER,full_pre,8866d33897fffff,-9.91628707339851e-11,0.0417573018765001
plan,primary_screened,CENTER,full_pre,8866d338b1fffff,0.0933576711571737,0.113264013930437
plan,primary_screened,CENTER,full_pre,8866d338b3fffff,-5.40647476128339e-10,0.00696805736250247
plan,primary_screened,CENTER,full_pre,8866d338bbfffff,-3.8256872784488e-10,0.0109576874006238
plan,primary_screened,CENTER,full_pre,8866d338d1fffff,-2.55194832838417e-10,-0.0291521296656967
plan,primary_screened,CENTER,full_pre,8866d33a03fffff,-5.23215912594317e-10,-0.0010469409887039
plan,primary_screened,CENTER,full_pre,8866d33a0bfffff,-5.59114270511517e-10,-0.00195319146029841
plan,primary_screened,CENTER,full_pre,8866d33a11fffff,-3.45733245228272e-10,0.00356612080309469
plan,primary_screened,CENTER,full_pre,8866d33a13fffff,-3.65891500631089e-10,0.00893618311878652
plan,primary_screened,CENTER,full_pre,8866d33a15fffff,-3.17524540435694e-10,0.0130808759509057
plan,primary_screened,CENTER,full_pre,8866d33a17fffff,-9.53770914440654e-11,0.0215470612324377
plan,primary_screened,CENTER,full_pre,8866d33a19fffff,-2.53983397090935e-10,0.0176282064860198
plan,primary_screened,CENTER,full_pre,8866d33a1bfffff,-2.94318265038107e-10,0.00990657600082907
plan,primary_screened,CENTER,full_pre,8866d33a1dfffff,-5.15746618590513e-10,0.0184201264631997
plan,primary_screened,CENTER,full_pre,8866d33a33fffff,-3.76799623101559e-10,-9.27028797319162e-05
plan,primary_screened,CENTER,full_pre,8866d33a39fffff,-3.96793559226866e-10,-0.00293336252049567
plan,primary_screened,CENTER,full_pre,8866d33a3bfffff,-2.82589834311952e-10,0.0157815186307892
plan,primary_screened,CENTER,full_pre,8866d33a51fffff,-3.96660387349313e-10,-0.0364824969063835
plan,primary_screened,CENTER,full_pre,8866d33a55fffff,-3.21632095045126e-10,-0.0147279992796713
plan,primary_screened,CENTER,full_pre,8866d33a5bfffff,-4.0588107675713e-10,-0.00303633432101458
plan,primary_screened,CENTER,full_pre,8866d33a8bfffff,-7.73533374152802e-11,-0.0431708873122165
plan,primary_screened,CENTER,full_pre,8866d33a99fffff,4.28448039369284e-11,0.0132859913221978
plan,primary_screened,CENTER,full_pre,8866d33ac1fffff,0.0319585275235632,0.0757571823560291
plan,primary_screened,CENTER,full_pre,8866d33ac9fffff,-2.76498966059189e-10,-0.00551626341055238
plan,primary_screened,CENTER,full_pre,8866d33acbfffff,-5.0287089311259e-10,-0.015648873926277
plan,primary_screened,CENTER,full_pre,8866d33acdfffff,0.0680721516545315,0.14720066454823
plan,primary_screened,CENTER,full_pre,8866d33ad1fffff,-9.29940947353666e-11,0.0126472078418966
plan,primary_screened,CENTER,full_pre,8866d33ad3fffff,-1.37704127100602e-10,-0.0671975339898863
plan,primary_screened,CENTER,full_pre,8866d33ad5fffff,-3.37609101978382e-10,0.0260817735698068
plan,primary_screened,CENTER,full_pre,8866d33ad7fffff,9.22392350078331e-12,-0.000837324334060764
plan,primary_screened,CENTER,full_pre,8866d33addfffff,-4.04443792004197e-10,0.00131881160831429
plan,primary_screened,CENTER,full_pre,888f2d9245fffff,-2.72795644920636e-10,0.0080833156841504
plan,primary_screened,CENTER,full_pre,888f2d924dfffff,-3.73803643144568e-10,0.00917695492623181
plan,primary_screened,CENTER,training,8866d304b3fffff,-3.24059735849008e-10,-0.0198390477905902
plan,primary_screened,CENTER,training,8866d306bbfffff,7.49356302865495e-11,-0.00156922271615292
plan,primary_screened,CENTER,training,8866d32081fffff,2.08165973084052e-10,-0.014529591879072
plan,primary_screened,CENTER,training,8866d320a5fffff,5.59999018861268e-11,-0.00298157786882215
plan,primary_screened,CENTER,training,8866d32113fffff,-2.63596641131824e-10,0.0225954965035131
plan,primary_screened,CENTER,training,8866d32117fffff,-1.13428595849728e-09,-0.00857630417921563
plan,primary_screened,CENTER,training,8866d32125fffff,-8.23214046962212e-11,-0.0178596989190561
plan,primary_screened,CENTER,training,8866d32133fffff,0.0367619656792575,0.0765917933167722
plan,primary_screened,CENTER,training,8866d32135fffff,-5.28761963309051e-10,-0.03169687730732
plan,primary_screened,CENTER,training,8866d3213dfffff,1.28431335678767e-10,-0.00128800177078303
plan,primary_screened,CENTER,training,8866d32165fffff,1.27020867549438e-10,-0.00526597877754656
plan,primary_screened,CENTER,training,8866d32167fffff,3.90685062116667e-10,0.00797731124098339
plan,primary_screened,CENTER,training,8866d321a3fffff,0.164477504318363,0.211832727313363
plan,primary_screened,CENTER,training,8866d321a9fffff,-8.64583855665845e-11,-0.0311131104499277
plan,primary_screened,CENTER,training,8866d321abfffff,-6.15296493274697e-10,0.0363328432055047
plan,primary_screened,CENTER,training,8866d321bdfffff,-1.05873695482888e-09,0.0046599228623836
plan,primary_screened,CENTER,training,8866d321e3fffff,0.0658864829418591,0.101836837276702
plan,primary_screened,CENTER,training,8866d321e5fffff,-3.6747710884399e-10,-0.00633727110510613
plan,primary_screened,CENTER,training,8866d321edfffff,-2.13143353807976e-10,-0.00944721927581689
plan,primary_screened,CENTER,training,8866d32201fffff,4.28737529453877e-11,0.000488946646722409
plan,primary_screened,CENTER,training,8866d32205fffff,8.45865560760717e-11,-0.00187929942257594
plan,primary_screened,CENTER,training,8866d32207fffff,-7.58360136267163e-11,-0.00277918278049223
plan,primary_screened,CENTER,training,8866d32221fffff,-3.81089537494075e-10,0.0133905804644932
plan,primary_screened,CENTER,training,8866d32225fffff,-5.83889244865545e-10,0.022220945464171
plan,primary_screened,CENTER,training,8866d32227fffff,1.29335359464051e-11,-0.00950864776647953
plan,primary_screened,CENTER,training,8866d3222bfffff,1.70259646024904e-11,-0.00383309038280371
plan,primary_screened,CENTER,training,8866d3222dfffff,-1.04686048682623e-09,-0.0191986459971527
plan,primary_screened,CENTER,training,8866d322cdfffff,1.83952185990576e-11,-0.00508293484556656
plan,primary_screened,CENTER,training,8866d32301fffff,-8.48575012272575e-10,-0.0443323830419617
plan,primary_screened,CENTER,training,8866d32303fffff,9.59981991032959e-11,-0.00130565369696219
plan,primary_screened,CENTER,training,8866d32309fffff,-1.54775416789919e-10,-0.00410537158022855
plan,primary_screened,CENTER,training,8866d32319fffff,1.09571297583128e-10,-0.00770807333878949
plan,primary_screened,CENTER,training,8866d3231bfffff,2.78605195424864e-11,-0.00286429902360498
plan,primary_screened,CENTER,training,8866d32343fffff,-3.69955129737726e-10,-0.0572790209754312
plan,primary_screened,CENTER,training,8866d32347fffff,4.09184182485583e-10,0.00611667719038571
plan,primary_screened,CENTER,training,8866d32353fffff,-5.49151022096812e-10,0.0383657908216671
plan,primary_screened,CENTER,training,8866d32355fffff,-4.79619651764851e-10,-0.0142437672604025
plan,primary_screened,CENTER,training,8866d32357fffff,-4.47006266316089e-10,0.0062589863577933
plan,primary_screened,CENTER,training,8866d32367fffff,9.57461231956865e-11,0.0654459962494958
plan,primary_screened,CENTER,training,8866d32801fffff,0.329202399172862,0.358771389315063
plan,primary_screened,CENTER,training,8866d32803fffff,-9.91759967912549e-11,0.00768286122840963
plan,primary_screened,CENTER,training,8866d32809fffff,-1.67941232090959e-10,0.0214603548946923
plan,primary_screened,CENTER,training,8866d32839fffff,-1.5619028154821e-10,0.0100383275159544
plan,primary_screened,CENTER,training,8866d3283bfffff,-9.88112668073442e-12,0.0194137607863632
plan,primary_screened,CENTER,training,8866d32843fffff,-2.08992503220828e-10,0.019565613452813
plan,primary_screened,CENTER,training,8866d32847fffff,-2.83772028139547e-10,-0.00136456966114907
plan,primary_screened,CENTER,training,8866d328a1fffff,1.17988987110027e-10,-0.000509788660196295
plan,primary_screened,CENTER,training,8866d328a9fffff,9.07352323237976e-11,-0.00143793256891054
plan,primary_screened,CENTER,training,8866d328dbfffff,8.33795421923431e-11,-0.0168412848429586
plan,primary_screened,CENTER,training,8866d328e9fffff,2.07136182435843e-11,-0.00657485711531421
plan,primary_screened,CENTER,training,8866d329d9fffff,9.96202718878305e-11,-0.00484428723316777
plan,primary_screened,CENTER,training,8866d329dbfffff,1.17970867715097e-10,-0.00037849869215087
plan,primary_screened,CENTER,training,8866d32a1dfffff,3.82393618642486e-10,-0.0494974675969608
plan,primary_screened,CENTER,training,8866d32a5bfffff,8.8826453219691e-11,-0.002004299654368
plan,primary_screened,CENTER,training,8866d32ac1fffff,-3.48526097203556e-11,0.000225816003848115
plan,primary_screened,CENTER,training,8866d32ac9fffff,-1.84936752983604e-10,-0.0257276243355645
plan,primary_screened,CENTER,training,8866d32acbfffff,-8.43484918719855e-10,0.0123862039072002
plan,primary_screened,CENTER,training,8866d32f67fffff,0.286285123400878,0.291821949071534
plan,primary_screened,CENTER,training,8866d33081fffff,8.0233422514836e-11,-0.0060014986886769
plan,primary_screened,CENTER,training,8866d33095fffff,6.6026284410906e-11,-0.00926295810320309
plan,primary_screened,CENTER,training,8866d330bbfffff,6.422030604288e-11,-0.00761588758034249
plan,primary_screened,CENTER,training,8866d330ebfffff,2.35708007989874e-11,0.00133477866325319
plan,primary_screened,CENTER,training,8866d33101fffff,-3.80188868455371e-10,-0.0285509205285129
plan,primary_screened,CENTER,training,8866d33103fffff,-2.61709928370695e-10,-0.0152713012376347
plan,primary_screened,CENTER,training,8866d33105fffff,-5.45359439322954e-10,-0.00490334166630444
plan,primary_screened,CENTER,training,8866d33109fffff,7.06026629896114e-10,0.0583255656756756
plan,primary_screened,CENTER,training,8866d3310bfffff,-6.89766020814489e-10,-0.0158044563288763
plan,primary_screened,CENTER,training,8866d3311dfffff,-1.01872873299075e-10,-0.0141764964357251
plan,primary_screened,CENTER,training,8866d33121fffff,7.86785031572087e-11,-0.00103865581028238
plan,primary_screened,CENTER,training,8866d33123fffff,4.83669024215517e-11,0.00314538511525335
plan,primary_screened,CENTER,training,8866d33127fffff,5.63333703117657e-10,0.0162489443624074
plan,primary_screened,CENTER,training,8866d3312bfffff,4.50259893376861e-11,-0.000871507042358156
plan,primary_screened,CENTER,training,8866d3312dfffff,-2.37761923802607e-10,-0.0249073435477158
plan,primary_screened,CENTER,training,8866d33133fffff,-5.43403332010222e-10,-0.0443675099640658
plan,primary_screened,CENTER,training,8866d33141fffff,-4.72179943238671e-10,0.00300097340435065
plan,primary_screened,CENTER,training,8866d33143fffff,1.62540797614726e-10,0.0154976363897047
plan,primary_screened,CENTER,training,8866d3314bfffff,-1.61694012294214e-10,0.00137898349604015
plan,primary_screened,CENTER,training,8866d3314dfffff,-2.33240892383664e-10,-0.00759134888152747
plan,primary_screened,CENTER,training,8866d33151fffff,3.92694905703455e-11,0.00613066226272596
plan,primary_screened,CENTER,training,8866d33153fffff,-5.17367886743148e-10,0.0174744692590088
plan,primary_screened,CENTER,training,8866d33155fffff,-4.00621944460783e-10,0.00523719201229414
plan,primary_screened,CENTER,training,8866d33157fffff,-3.00012837383345e-10,0.0207062623254062
plan,primary_screened,CENTER,training,8866d33159fffff,1.68380051365796e-11,0.00919824278838519
plan,primary_screened,CENTER,training,8866d3315bfffff,-3.85189547078341e-10,0.0115157838045385
plan,primary_screened,CENTER,training,8866d33161fffff,-2.08402380656446e-10,-0.00436784322432797
plan,primary_screened,CENTER,training,8866d33165fffff,7.69446056507642e-10,-0.0424922823221545
plan,primary_screened,CENTER,training,8866d33167fffff,-1.69295655537261e-10,-0.0188545934442631
plan,primary_screened,CENTER,training,8866d33169fffff,4.86083696426225e-11,-0.0128082937133473
plan,primary_screened,CENTER,training,8866d3316dfffff,7.959454707319e-11,-0.00676380445526066
plan,primary_screened,CENTER,training,8866d331e5fffff,-1.03017790989058e-10,-0.0130692799910063
plan,primary_screened,CENTER,training,8866d33231fffff,1.14167659188718e-10,-0.00159770157423028
plan,primary_screened,CENTER,training,8866d33325fffff,1.10847720790392e-10,-0.0120867775547711
plan,primary_screened,CENTER,training,8866d3332dfffff,1.80410293567386e-11,-0.0238751537420416
plan,primary_screened,CENTER,training,8866d33333fffff,2.8167366054731e-10,0.00286161436863033
plan,primary_screened,CENTER,training,8866d3333dfffff,-2.12094499479471e-11,0.000707321528390078
plan,primary_screened,CENTER,training,8866d33521fffff,2.50737544500077e-11,-0.00363902939808188
plan,primary_screened,CENTER,training,8866d33527fffff,-4.78472915474731e-11,-0.00682816063292336
plan,primary_screened,CENTER,training,8866d3356dfffff,1.84845073423822e-11,-0.00475005643553894
plan,primary_screened,CENTER,training,8866d33725fffff,-5.60102032162224e-10,0.0247971106401071
plan,primary_screened,CENTER,training,8866d33761fffff,-3.19423584815803e-10,-0.00604763478086528
plan,primary_screened,CENTER,training,8866d3381bfffff,3.13825734009393e-10,-0.00933088323882559
plan,primary_screened,CENTER,training,8866d33891fffff,-6.71800092274708e-11,0.0482798265758814
plan,primary_screened,CENTER,training,8866d33895fffff,2.80387160144379e-10,0.0177654430826115
plan,primary_screened,CENTER,training,8866d33897fffff,5.3463615819141e-10,0.0219387982952616
plan,primary_screened,CENTER,training,8866d338b1fffff,1.87350881295969e-11,-0.00999318542050456
plan,primary_screened,CENTER,training,8866d338b3fffff,3.72977045312628e-10,-0.0026615148533967
plan,primary_screened,CENTER,training,8866d338bbfffff,3.91327746400399e-10,-0.0110564555276948
plan,primary_screened,CENTER,training,8866d338d1fffff,-1.32010110873304e-10,-0.0118173029343743
plan,primary_screened,CENTER,training,8866d33a03fffff,-1.83021241222407e-10,0.018366174386939
plan,primary_screened,CENTER,training,8866d33a0bfffff,2.99887650576218e-11,0.0167429054494695
plan,primary_screened,CENTER,training,8866d33a11fffff,-2.45897686628289e-10,-0.0150681584783031
plan,primary_screened,CENTER,training,8866d33a13fffff,-2.31747499058845e-10,-0.0045338550450682
plan,primary_screened,CENTER,training,8866d33a15fffff,-3.431869311029e-10,0.00629482007190171
plan,primary_screened,CENTER,training,8866d33a17fffff,-2.77408201764685e-11,-0.00380118551181185
plan,primary_screened,CENTER,training,8866d33a19fffff,4.26476908697394e-10,0.00244300917907714
plan,primary_screened,CENTER,training,8866d33a1bfffff,3.04233004183078e-10,-0.00896380890748844
plan,primary_screened,CENTER,training,8866d33a1dfffff,-4.20656685184338e-10,0.00286953269224365
plan,primary_screened,CENTER,training,8866d33a33fffff,6.20333175646467e-11,-0.00124825077093584
plan,primary_screened,CENTER,training,8866d33a39fffff,2.41959671822554e-11,-0.00323648086546122
plan,primary_screened,CENTER,training,8866d33a3bfffff,-2.27233108781912e-10,0.00750530485001401
plan,primary_screened,CENTER,training,8866d33a51fffff,6.63165061556144e-10,-0.0390824148383932
plan,primary_screened,CENTER,training,8866d33a55fffff,4.67934252536803e-10,-0.0201885690733444
plan,primary_screened,CENTER,training,8866d33a5bfffff,1.15652434987942e-10,-0.00226779141425675
plan,primary_screened,CENTER,training,8866d33a8bfffff,0.0694132644304208,0.0753888242156465
plan,primary_screened,CENTER,training,8866d33a99fffff,6.22104568101192e-10,-0.0244747826685848
plan,primary_screened,CENTER,training,8866d33ac1fffff,0.0315289505662814,0.0777187814199414
plan,primary_screened,CENTER,training,8866d33ac9fffff,-5.4362112190747e-11,0.0152098470364114
plan,primary_screened,CENTER,training,8866d33acbfffff,-2.85374590621406e-10,0.00325238620091071
plan,primary_screened,CENTER,training,8866d33acdfffff,0.0164443176137274,0.0850346838553751
plan,primary_screened,CENTER,training,8866d33ad1fffff,2.59358333682621e-10,-0.00441623191532749
plan,primary_screened,CENTER,training,8866d33ad3fffff,3.39731971536381e-10,-0.0448123375654237
plan,primary_screened,CENTER,training,8866d33ad5fffff,5.08887421345516e-10,0.0216150242541797
plan,primary_screened,CENTER,training,8866d33ad7fffff,1.06882911070789e-10,-0.000223786958518783
plan,primary_screened,CENTER,training,8866d33addfffff,-2.30184431320164e-11,0.00746765799216704
plan,primary_screened,CENTER,training,888f2d9245fffff,1.40928848095513e-10,-0.00304074906321694
plan,primary_screened,CENTER,training,888f2d924dfffff,1.33146870498781e-10,0.0106313879036886
plan,primary_screened,BELISARIO,full_pre,8866d304b3fffff,-4.14815849616043e-10,-0.182050954238244
plan,primary_screened,BELISARIO,full_pre,8866d306bbfffff,-5.95633181556448e-10,-0.0178597966599951
plan,primary_screened,BELISARIO,full_pre,8866d32081fffff,-5.32947445005221e-10,-0.0804384999623078
plan,primary_screened,BELISARIO,full_pre,8866d320a5fffff,-5.4651214206491e-10,-0.0405063449405616
plan,primary_screened,BELISARIO,full_pre,8866d32113fffff,-3.98647461775986e-10,0.0429570569942921
plan,primary_screened,BELISARIO,full_pre,8866d32117fffff,-8.21786192086875e-10,0.00655824157090217
plan,primary_screened,BELISARIO,full_pre,8866d32125fffff,-6.65706610495869e-10,0.00672677772262541
plan,primary_screened,BELISARIO,full_pre,8866d32133fffff,-4.26639485867278e-11,0.0880990556448287
plan,primary_screened,BELISARIO,full_pre,8866d32135fffff,-3.18975785400575e-10,-0.188298182065626
plan,primary_screened,BELISARIO,full_pre,8866d3213dfffff,-1.02598885836428e-10,-0.0546995290110782
plan,primary_screened,BELISARIO,full_pre,8866d32165fffff,-5.47442903041664e-10,-0.0163984500389302
plan,primary_screened,BELISARIO,full_pre,8866d32167fffff,0.21861881056003,0.255351154078223
plan,primary_screened,BELISARIO,full_pre,8866d321a3fffff,-1.8158801187826e-10,0.182758801726105
plan,primary_screened,BELISARIO,full_pre,8866d321a9fffff,-3.66509848918521e-10,-0.0880581604443023
plan,primary_screened,BELISARIO,full_pre,8866d321abfffff,-3.31476813738991e-10,0.0822054114150044
plan,primary_screened,BELISARIO,full_pre,8866d321bdfffff,-2.06886113559198e-10,-0.0437886291951964
plan,primary_screened,BELISARIO,full_pre,8866d321e3fffff,-2.48614300330164e-10,0.188017423759467
plan,primary_screened,BELISARIO,full_pre,8866d321e5fffff,0.054850071329274,0.0836630237310444
plan,primary_screened,BELISARIO,full_pre,8866d321edfffff,-2.330118949719e-10,0.0954422583094957
plan,primary_screened,BELISARIO,full_pre,8866d32201fffff,-4.13382342483641e-10,0.000938798452059913
plan,primary_screened,BELISARIO,full_pre,8866d32205fffff,-4.30370099742259e-10,-0.00106379610105135
plan,primary_screened,BELISARIO,full_pre,8866d32207fffff,-4.3458165758892e-10,-0.0133762974282689
plan,primary_screened,BELISARIO,full_pre,8866d32221fffff,-2.48641209655919e-10,0.060188352826895
plan,primary_screened,BELISARIO,full_pre,8866d32225fffff,-1.57754358106927e-10,0.0696059385706932
plan,primary_screened,BELISARIO,full_pre,8866d32227fffff,-4.07953792925463e-10,-0.00496894749698977
plan,primary_screened,BELISARIO,full_pre,8866d3222bfffff,-4.54503569818214e-10,0.0490429059738315
plan,primary_screened,BELISARIO,full_pre,8866d3222dfffff,-4.29424045818864e-10,-0.0589484138478213
plan,primary_screened,BELISARIO,full_pre,8866d322cdfffff,-3.9719006208316e-10,-0.0108121098475326
plan,primary_screened,BELISARIO,full_pre,8866d32301fffff,-2.32508978542366e-10,-0.146857388185654
plan,primary_screened,BELISARIO,full_pre,8866d32303fffff,-3.98836932160917e-10,-0.0104461623184282
plan,primary_screened,BELISARIO,full_pre,8866d32309fffff,-1.6399986596293e-10,-0.0579405122238458
plan,primary_screened,BELISARIO,full_pre,8866d32319fffff,-4.07714976833951e-10,-0.00134620768536502
plan,primary_screened,BELISARIO,full_pre,8866d3231bfffff,-4.35469226710872e-10,0.0043754842368506
plan,primary_screened,BELISARIO,full_pre,8866d32343fffff,-5.19909758547519e-11,-0.182597036126856
plan,primary_screened,BELISARIO,full_pre,8866d32347fffff,-8.54864052858165e-11,-0.000413940498078746
plan,primary_screened,BELISARIO,full_pre,8866d32353fffff,-2.63535322812616e-10,0.0873876618350143
plan,primary_screened,BELISARIO,full_pre,8866d32355fffff,-1.91246978968625e-10,-0.0976900443948034
plan,primary_screened,BELISARIO,full_pre,8866d32357fffff,-6.77611052602929e-10,0.0615243771178893
plan,primary_screened,BELISARIO,full_pre,8866d32367fffff,-3.72084605382817e-11,0.0804464258267199
plan,primary_screened,BELISARIO,full_pre,8866d32801fffff,-1.56113283893378e-10,0.0757068814409966
plan,primary_screened,BELISARIO,full_pre,8866d32803fffff,-4.24122072196524e-10,0.0298561138474326
plan,primary_screened,BELISARIO,full_pre,8866d32809fffff,-2.84637413059205e-10,-0.00561192288527415
plan,primary_screened,BELISARIO,full_pre,8866d32839fffff,-3.59075534804695e-10,0.0439297301292191
plan,primary_screened,BELISARIO,full_pre,8866d3283bfffff,-3.62648232240847e-10,0.101437110237743
plan,primary_screened,BELISARIO,full_pre,8866d32843fffff,-3.98324816686517e-10,0.047250552077252
plan,primary_screened,BELISARIO,full_pre,8866d32847fffff,-5.27271938985909e-10,0.00754173792617683
plan,primary_screened,BELISARIO,full_pre,8866d328a1fffff,-3.95058284600288e-10,-0.0225398271591275
plan,primary_screened,BELISARIO,full_pre,8866d328a9fffff,-3.93336470848432e-10,-0.0192974050022604
plan,primary_screened,BELISARIO,full_pre,8866d328dbfffff,-3.83068752526292e-11,-0.0418681050697622
plan,primary_screened,BELISARIO,full_pre,8866d328e9fffff,-4.10624475196563e-10,-0.0023181483524003
plan,primary_screened,BELISARIO,full_pre,8866d329d9fffff,-4.36551501236982e-10,-0.107664804597379
plan,primary_screened,BELISARIO,full_pre,8866d329dbfffff,-3.81757016237889e-10,-0.0145858425365788
plan,primary_screened,BELISARIO,full_pre,8866d32a1dfffff,-4.4810450199169e-10,-0.0751763644915843
plan,primary_screened,BELISARIO,full_pre,8866d32a5bfffff,-3.48538061006132e-10,-0.0101260720400651
plan,primary_screened,BELISARIO,full_pre,8866d32ac1fffff,-2.13409153331225e-10,0.122906813819157
plan,primary_screened,BELISARIO,full_pre,8866d32ac9fffff,-1.0671887408669e-10,-0.118569449361354
plan,primary_screened,BELISARIO,full_pre,8866d32acbfffff,-5.14953246075779e-10,-0.130465777310547
plan,primary_screened,BELISARIO,full_pre,8866d32f67fffff,0.169559893148551,0.1556755207688
plan,primary_screened,BELISARIO,full_pre,8866d33081fffff,-3.06897874565392e-10,-0.0529461292859184
plan,primary_screened,BELISARIO,full_pre,8866d33095fffff,-3.16583172209615e-10,-0.0322321138604401
plan,primary_screened,BELISARIO,full_pre,8866d330bbfffff,-3.17336636035045e-10,-0.0318887638053532
plan,primary_screened,BELISARIO,full_pre,8866d330ebfffff,-3.09407914514434e-10,-0.0328818713785044
plan,primary_screened,BELISARIO,full_pre,8866d33101fffff,0.112724305603951,0.0328796087137379
plan,primary_screened,BELISARIO,full_pre,8866d33103fffff,-2.49764201845929e-10,-0.0238560743811339
plan,primary_screened,BELISARIO,full_pre,8866d33105fffff,-4.33471366209291e-11,0.0432761356215036
plan,primary_screened,BELISARIO,full_pre,8866d33109fffff,-2.58155295406981e-10,0.158545967341501
plan,primary_screened,BELISARIO,full_pre,8866d3310bfffff,-1.59496980748122e-10,0.1018023811663
plan,primary_screened,BELISARIO,full_pre,8866d3311dfffff,-4.54041462830501e-10,0.00138036052140116
plan,primary_screened,BELISARIO,full_pre,8866d33121fffff,-3.33097030936858e-10,0.0124525407620618
plan,primary_screened,BELISARIO,full_pre,8866d33123fffff,-3.80382584988666e-10,0.00126265486861194
plan,primary_screened,BELISARIO,full_pre,8866d33127fffff,-4.05459386381092e-10,0.116484890705394
plan,primary_screened,BELISARIO,full_pre,8866d3312bfffff,-3.40469914218721e-10,0.00148835472469072
plan,primary_screened,BELISARIO,full_pre,8866d3312dfffff,-1.71778031091031e-10,0.0172746043462089
plan,primary_screened,BELISARIO,full_pre,8866d33133fffff,-1.79123839298982e-10,-0.0840444160515352
plan,primary_screened,BELISARIO,full_pre,8866d33141fffff,-3.13711787871784e-10,-0.00684710832657913
plan,primary_screened,BELISARIO,full_pre,8866d33143fffff,-3.1405307573264e-10,0.0115860043632364
plan,primary_screened,BELISARIO,full_pre,8866d3314bfffff,-4.11070610964203e-10,-0.0214901263001931
plan,primary_screened,BELISARIO,full_pre,8866d3314dfffff,-3.09528242285652e-10,-0.0287690390247582
plan,primary_screened,BELISARIO,full_pre,8866d33151fffff,-3.54179740169477e-10,0.0157943975258351
plan,primary_screened,BELISARIO,full_pre,8866d33153fffff,-4.4822734915714e-10,-0.0401584231838146
plan,primary_screened,BELISARIO,full_pre,8866d33155fffff,-1.90934273018493e-10,0.0430087859553971
plan,primary_screened,BELISARIO,full_pre,8866d33157fffff,-3.08975047331992e-10,0.0880171696113902
plan,primary_screened,BELISARIO,full_pre,8866d33159fffff,-3.48675766803295e-10,-0.0465004000612905
plan,primary_screened,BELISARIO,full_pre,8866d3315bfffff,-2.79412832441638e-10,-0.0194957250545659
plan,primary_screened,BELISARIO,full_pre,8866d33161fffff,-3.46548548057368e-10,-0.00762976237828057
plan,primary_screened,BELISARIO,full_pre,8866d33165fffff,-2.99320719466421e-10,-0.0932884676894047
plan,primary_screened,BELISARIO,full_pre,8866d33167fffff,-4.14215121889495e-10,-0.0207754262461535
plan,primary_screened,BELISARIO,full_pre,8866d33169fffff,-3.31223957316165e-10,-0.0496475170157179
plan,primary_screened,BELISARIO,full_pre,8866d3316dfffff,-3.37816161288796e-10,-0.0261887953377705
plan,primary_screened,BELISARIO,full_pre,8866d331e5fffff,-3.56162527445822e-10,-0.0598665447397475
plan,primary_screened,BELISARIO,full_pre,8866d33231fffff,-3.21635952700833e-10,0.00676513055957203
plan,primary_screened,BELISARIO,full_pre,8866d33325fffff,-4.25886836561832e-10,-0.0105427697736769
plan,primary_screened,BELISARIO,full_pre,8866d3332dfffff,-5.3284123196532e-10,0.0237219883214048
plan,primary_screened,BELISARIO,full_pre,8866d33333fffff,-4.88029705493643e-10,-0.00804254255877517
plan,primary_screened,BELISARIO,full_pre,8866d3333dfffff,-3.52309275585334e-10,-0.0127392992921106
plan,primary_screened,BELISARIO,full_pre,8866d33521fffff,-3.27316203794217e-10,-0.0206399720515719
plan,primary_screened,BELISARIO,full_pre,8866d33527fffff,-3.55440103901631e-10,-0.0193713782494986
plan,primary_screened,BELISARIO,full_pre,8866d3356dfffff,-3.19640418186616e-10,-0.0297117154616295
plan,primary_screened,BELISARIO,full_pre,8866d33725fffff,-1.41988842793771e-10,0.0518151611046133
plan,primary_screened,BELISARIO,full_pre,8866d33761fffff,-4.06651734746211e-10,0.0652757559044125
plan,primary_screened,BELISARIO,full_pre,8866d3381bfffff,-2.6470406943566e-10,0.0928108652553608
plan,primary_screened,BELISARIO,full_pre,8866d33891fffff,-1.00979723034301e-10,0.214445247860333
plan,primary_screened,BELISARIO,full_pre,8866d33895fffff,-3.67209652695804e-10,0.0089967208378048
plan,primary_screened,BELISARIO,full_pre,8866d33897fffff,-2.2203051269394e-10,-0.0902541562406012
plan,primary_screened,BELISARIO,full_pre,8866d338b1fffff,-1.09756533508647e-10,0.0555004819291419
plan,primary_screened,BELISARIO,full_pre,8866d338b3fffff,-4.3343559036524e-10,-0.0532585847229242
plan,primary_screened,BELISARIO,full_pre,8866d338bbfffff,-3.63317548227153e-10,-0.0130971431336089
plan,primary_screened,BELISARIO,full_pre,8866d338d1fffff,-2.81517046758813e-10,-0.0746128908865702
plan,primary_screened,BELISARIO,full_pre,8866d33a03fffff,-2.8887192949921e-10,0.0157914440351623
plan,primary_screened,BELISARIO,full_pre,8866d33a0bfffff,-2.89316260101122e-10,-0.00984881887384506
plan,primary_screened,BELISARIO,full_pre,8866d33a11fffff,-2.40944884326046e-10,-0.026776040625583
plan,primary_screened,BELISARIO,full_pre,8866d33a13fffff,-2.28184600960926e-10,0.0768050417277913
plan,primary_screened,BELISARIO,full_pre,8866d33a15fffff,-2.34305086943005e-10,0.0392313231051552
plan,primary_screened,BELISARIO,full_pre,8866d33a17fffff,-8.24329921779649e-11,-0.0178138793999986
plan,primary_screened,BELISARIO,full_pre,8866d33a19fffff,-2.69632152031101e-10,0.00341574591285842
plan,primary_screened,BELISARIO,full_pre,8866d33a1bfffff,-2.45825185533719e-10,0.0842482972044347
plan,primary_screened,BELISARIO,full_pre,8866d33a1dfffff,-6.19543666422855e-10,-0.071795854192638
plan,primary_screened,BELISARIO,full_pre,8866d33a33fffff,-3.34501139748587e-10,-0.0141934178990791
plan,primary_screened,BELISARIO,full_pre,8866d33a39fffff,-3.39816983858116e-10,-0.00990800054957526
plan,primary_screened,BELISARIO,full_pre,8866d33a3bfffff,-1.46403162628676e-10,0.0730874980464126
plan,primary_screened,BELISARIO,full_pre,8866d33a51fffff,-4.49099201797879e-10,-0.0568179168835801
plan,primary_screened,BELISARIO,full_pre,8866d33a55fffff,-1.17671801308103e-10,0.0587937554268252
plan,primary_screened,BELISARIO,full_pre,8866d33a5bfffff,-3.486530910893e-10,-0.0172201629387998
plan,primary_screened,BELISARIO,full_pre,8866d33a8bfffff,0.0557452366409119,0.0955521283001516
plan,primary_screened,BELISARIO,full_pre,8866d33a99fffff,-4.38156873072274e-11,-0.0285311505414232
plan,primary_screened,BELISARIO,full_pre,8866d33ac1fffff,0.177146272421413,0.196733795599377
plan,primary_screened,BELISARIO,full_pre,8866d33ac9fffff,-2.32507335891075e-10,-0.117699826077292
plan,primary_screened,BELISARIO,full_pre,8866d33acbfffff,-3.46207471895568e-10,-0.0931038727283142
plan,primary_screened,BELISARIO,full_pre,8866d33acdfffff,-1.68498925540967e-10,0.026033354547678
plan,primary_screened,BELISARIO,full_pre,8866d33ad1fffff,0.211355451168418,0.34997495250036
plan,primary_screened,BELISARIO,full_pre,8866d33ad3fffff,-5.4131449828373e-11,-0.085538284576947
plan,primary_screened,BELISARIO,full_pre,8866d33ad5fffff,-2.20003648527484e-10,0.109283263592731
plan,primary_screened,BELISARIO,full_pre,8866d33ad7fffff,-1.62761978759955e-10,0.0520412109824277
plan,primary_screened,BELISARIO,full_pre,8866d33addfffff,-3.07404082005778e-10,-0.027661675667286
plan,primary_screened,BELISARIO,full_pre,888f2d9245fffff,-2.94341238311754e-10,0.0535753217085648
plan,primary_screened,BELISARIO,full_pre,888f2d924dfffff,-3.28045750704448e-10,0.00572322823595815
plan,primary_screened,BELISARIO,training,8866d304b3fffff,-2.40888065748184e-10,-0.117047891867255
plan,primary_screened,BELISARIO,training,8866d306bbfffff,-2.95498104850735e-10,-0.0202687480185356
plan,primary_screened,BELISARIO,training,8866d32081fffff,-2.68080519101721e-10,-0.0483935439409634
plan,primary_screened,BELISARIO,training,8866d320a5fffff,-2.72488521741467e-10,-0.0198659630121844
plan,primary_screened,BELISARIO,training,8866d32113fffff,-1.90828209825321e-10,0.0192801527567063
plan,primary_screened,BELISARIO,training,8866d32117fffff,-3.9035092184066e-10,-0.0447700800672978
plan,primary_screened,BELISARIO,training,8866d32125fffff,-3.07633349832739e-10,-0.0258947268534011
plan,primary_screened,BELISARIO,training,8866d32133fffff,-1.8754851188843e-11,0.0347732633386205
plan,primary_screened,BELISARIO,training,8866d32135fffff,-1.43819582026675e-10,-0.0673509946790859
plan,primary_screened,BELISARIO,training,8866d3213dfffff,-4.1794113279433e-11,0.0647521650361341
plan,primary_screened,BELISARIO,training,8866d32165fffff,-2.52337217293887e-10,-0.0186553782205312
plan,primary_screened,BELISARIO,training,8866d32167fffff,0.123843280629237,0.258629403132136
plan,primary_screened,BELISARIO,training,8866d321a3fffff,-8.60974959075844e-11,0.173030836588141
plan,primary_screened,BELISARIO,training,8866d321a9fffff,-1.60721114815359e-10,-0.122846348655622
plan,primary_screened,BELISARIO,training,8866d321abfffff,-1.62541737019032e-10,0.148407569894919
plan,primary_screened,BELISARIO,training,8866d321bdfffff,-1.32001966474999e-10,0.0525777693016408
plan,primary_screened,BELISARIO,training,8866d321e3fffff,-1.14556724449192e-10,0.194684113655252
plan,primary_screened,BELISARIO,training,8866d321e5fffff,0.0755940716020599,0.066719822366738
plan,primary_screened,BELISARIO,training,8866d321edfffff,-1.13976614082551e-10,0.0353329718264614
plan,primary_screened,BELISARIO,training,8866d32201fffff,-2.0041472691995e-10,-0.00411147327933162
plan,primary_screened,BELISARIO,training,8866d32205fffff,-2.07524973065191e-10,-0.00635294990005362
plan,primary_screened,BELISARIO,training,8866d32207fffff,-2.05028898479363e-10,-0.0132858876765686
plan,primary_screened,BELISARIO,training,8866d32221fffff,-1.63418323059477e-10,0.0766848721591193
plan,primary_screened,BELISARIO,training,8866d32225fffff,-7.06246758576981e-11,0.00333024295525641
plan,primary_screened,BELISARIO,training,8866d32227fffff,-1.9586203738688e-10,-0.0316518403687239
plan,primary_screened,BELISARIO,training,8866d3222bfffff,-2.08791235599414e-10,0.00573074156606035
plan,primary_screened,BELISARIO,training,8866d3222dfffff,-1.82673458293872e-10,-0.0790678654673691
plan,primary_screened,BELISARIO,training,8866d322cdfffff,-1.95332341911153e-10,-0.0256483959601604
plan,primary_screened,BELISARIO,training,8866d32301fffff,-1.13585720797161e-10,-0.144611446204657
plan,primary_screened,BELISARIO,training,8866d32303fffff,-1.9732761766588e-10,-0.019032355497986
plan,primary_screened,BELISARIO,training,8866d32309fffff,-8.42844806698116e-11,0.00549709754411692
plan,primary_screened,BELISARIO,training,8866d32319fffff,-1.98064993209652e-10,-0.0236766065223686
plan,primary_screened,BELISARIO,training,8866d3231bfffff,-2.13372316692637e-10,-0.0237888907015836
plan,primary_screened,BELISARIO,training,8866d32343fffff,-2.08428817577956e-11,-0.150571597752082
plan,primary_screened,BELISARIO,training,8866d32347fffff,-4.41917386803569e-11,0.0485526265827076
plan,primary_screened,BELISARIO,training,8866d32353fffff,-1.13243567790735e-10,0.0418629830946902
plan,primary_screened,BELISARIO,training,8866d32355fffff,-1.0424597534594e-10,-0.0739786147886806
plan,primary_screened,BELISARIO,training,8866d32357fffff,-2.76252007276021e-10,-0.00181330124333594
plan,primary_screened,BELISARIO,training,8866d32367fffff,-2.26665532056074e-11,0.0948498734782361
plan,primary_screened,BELISARIO,training,8866d32801fffff,-8.96240643378448e-11,0.0569200390760758
plan,primary_screened,BELISARIO,training,8866d32803fffff,-2.26818990586929e-10,-0.00951630457186248
plan,primary_screened,BELISARIO,training,8866d32809fffff,-1.38476985305485e-10,0.0388996243299427
plan,primary_screened,BELISARIO,training,8866d32839fffff,-1.95581085684498e-10,0.0127786483462627
plan,primary_screened,BELISARIO,training,8866d3283bfffff,-1.8302969761924e-10,0.0397346938495185
plan,primary_screened,BELISARIO,training,8866d32843fffff,-2.1703497771487e-10,0.0732338214410535
plan,primary_screened,BELISARIO,training,8866d32847fffff,-2.43664894090466e-10,0.0175479390869572
plan,primary_screened,BELISARIO,training,8866d328a1fffff,-1.95951644438866e-10,-0.020963494441729
plan,primary_screened,BELISARIO,training,8866d328a9fffff,-1.89917821809018e-10,-0.0215368227662694
plan,primary_screened,BELISARIO,training,8866d328dbfffff,-3.93372004935817e-11,-0.0251483142793065
plan,primary_screened,BELISARIO,training,8866d328e9fffff,-2.03128300934841e-10,-0.0270345191327927
plan,primary_screened,BELISARIO,training,8866d329d9fffff,-2.13108704440526e-10,-0.0267048756398792
plan,primary_screened,BELISARIO,training,8866d329dbfffff,-1.95638059577105e-10,-0.0103000148487369
plan,primary_screened,BELISARIO,training,8866d32a1dfffff,-2.02408782691747e-10,-0.0859227495271263
plan,primary_screened,BELISARIO,training,8866d32a5bfffff,-2.01266175553605e-10,-0.0132581776666086
plan,primary_screened,BELISARIO,training,8866d32ac1fffff,-9.70338003236925e-11,0.0635169210131689
plan,primary_screened,BELISARIO,training,8866d32ac9fffff,-4.80952800080874e-11,-0.0375311417169905
plan,primary_screened,BELISARIO,training,8866d32acbfffff,-2.23212140833333e-10,-0.0328854186258753
plan,primary_screened,BELISARIO,training,8866d32f67fffff,0.146022191144529,0.207293521231699
plan,primary_screened,BELISARIO,training,8866d33081fffff,-1.70218366691456e-10,-0.0267892117177818
plan,primary_screened,BELISARIO,training,8866d33095fffff,-1.76750857164564e-10,-0.0232904575330802
plan,primary_screened,BELISARIO,training,8866d330bbfffff,-1.77122730983164e-10,-0.0241984748751268
plan,primary_screened,BELISARIO,training,8866d330ebfffff,-1.73743897575852e-10,-0.0178533117297199
plan,primary_screened,BELISARIO,training,8866d33101fffff,0.0728031502903201,0.0440749361412006
plan,primary_screened,BELISARIO,training,8866d33103fffff,-1.59831145615409e-10,-0.00681440135021688
plan,primary_screened,BELISARIO,training,8866d33105fffff,-1.70973226287732e-11,-0.0579918470387509
plan,primary_screened,BELISARIO,training,8866d33109fffff,-1.3626815307044e-10,0.184106515391985
plan,primary_screened,BELISARIO,training,8866d3310bfffff,-7.38858770862733e-11,0.0243865898333641
plan,primary_screened,BELISARIO,training,8866d3311dfffff,-1.99062051263715e-10,0.00558832183982331
plan,primary_screened,BELISARIO,training,8866d33121fffff,-1.82971073212905e-10,-0.00767066292004875
plan,primary_screened,BELISARIO,training,8866d33123fffff,-1.95419673579653e-10,-0.000298333761458471
plan,primary_screened,BELISARIO,training,8866d33127fffff,-1.659721105949e-10,0.0399378687485417
plan,primary_screened,BELISARIO,training,8866d3312bfffff,-1.92043469997022e-10,-0.0128052062557713
plan,primary_screened,BELISARIO,training,8866d3312dfffff,-1.11515953285191e-10,0.000552631448981707
plan,primary_screened,BELISARIO,training,8866d33133fffff,-8.05397659963176e-11,-0.0805687705011052
plan,primary_screened,BELISARIO,training,8866d33141fffff,-1.79998711596397e-10,-0.0182657161182056
plan,primary_screened,BELISARIO,training,8866d33143fffff,-1.56215989757475e-10,0.0389750377726917
plan,primary_screened,BELISARIO,training,8866d3314bfffff,-2.19280513875495e-10,-0.0121422815767995
plan,primary_screened,BELISARIO,training,8866d3314dfffff,-1.78687061492702e-10,-0.0312574987640123
plan,primary_screened,BELISARIO,training,8866d33151fffff,-1.88611420609231e-10,0.00458274607322735
plan,primary_screened,BELISARIO,training,8866d33153fffff,-1.86306920862371e-10,0.0428961065766399
plan,primary_screened,BELISARIO,training,8866d33155fffff,-1.49037433504983e-10,0.0652261779946886
plan,primary_screened,BELISARIO,training,8866d33157fffff,-1.53779882619312e-10,0.0443768531120396
plan,primary_screened,BELISARIO,training,8866d33159fffff,-1.56378573226018e-10,-0.0262305752478501
plan,primary_screened,BELISARIO,training,8866d3315bfffff,-1.58150155556981e-10,0.00919632203480295
plan,primary_screened,BELISARIO,training,8866d33161fffff,-1.80748186174975e-10,-0.0230049258877689
plan,primary_screened,BELISARIO,training,8866d33165fffff,-2.11668605410923e-10,-0.0765996953731928
plan,primary_screened,BELISARIO,training,8866d33167fffff,-2.10974160909204e-10,-0.0188466417367712
plan,primary_screened,BELISARIO,training,8866d33169fffff,-1.72302844559894e-10,-0.0291379152524202
plan,primary_screened,BELISARIO,training,8866d3316dfffff,-1.82829334014556e-10,-0.0266897237255446
plan,primary_screened,BELISARIO,training,8866d331e5fffff,-2.16438480020422e-10,-0.0546369064621573
plan,primary_screened,BELISARIO,training,8866d33231fffff,-1.81646860483902e-10,-0.014416859412294
plan,primary_screened,BELISARIO,training,8866d33325fffff,-2.08069792937146e-10,-0.0402192265923034
plan,primary_screened,BELISARIO,training,8866d3332dfffff,-2.1161650100114e-10,-0.0148951242543121
plan,primary_screened,BELISARIO,training,8866d33333fffff,-2.04654890546101e-10,0.0127396424496716
plan,primary_screened,BELISARIO,training,8866d3333dfffff,-1.91247185035211e-10,-0.0109532890740743
plan,primary_screened,BELISARIO,training,8866d33521fffff,-1.75902891328307e-10,-0.0217188747144669
plan,primary_screened,BELISARIO,training,8866d33527fffff,-1.84969458352017e-10,-0.02097649035899
plan,primary_screened,BELISARIO,training,8866d3356dfffff,-1.77333127687941e-10,-0.0227390678173642
plan,primary_screened,BELISARIO,training,8866d33725fffff,-1.04179270100431e-10,0.0390530033399128
plan,primary_screened,BELISARIO,training,8866d33761fffff,-1.73880956822903e-10,0.0223763725580417
plan,primary_screened,BELISARIO,training,8866d3381bfffff,-1.48613651874085e-10,0.0291061498144128
plan,primary_screened,BELISARIO,training,8866d33891fffff,-4.05938564745266e-11,0.129286598309368
plan,primary_screened,BELISARIO,training,8866d33895fffff,-1.60983768420685e-10,0.0190377514456294
plan,primary_screened,BELISARIO,training,8866d33897fffff,-1.09245269268724e-10,0.0166843097713285
plan,primary_screened,BELISARIO,training,8866d338b1fffff,-5.57340111568088e-11,-0.0578528925870519
plan,primary_screened,BELISARIO,training,8866d338b3fffff,-1.93957933120935e-10,-0.0186982758672917
plan,primary_screened,BELISARIO,training,8866d338bbfffff,-1.91640913519671e-10,-0.0248021930761377
plan,primary_screened,BELISARIO,training,8866d338d1fffff,-1.36595576790551e-10,-0.027439272150496
plan,primary_screened,BELISARIO,training,8866d33a03fffff,-1.09784335204094e-10,-0.0177795813600077
plan,primary_screened,BELISARIO,training,8866d33a0bfffff,-1.24416729179894e-10,0.0108476498293274
plan,primary_screened,BELISARIO,training,8866d33a11fffff,-1.0252619325908e-10,0.0195667176342072
plan,primary_screened,BELISARIO,training,8866d33a13fffff,-1.11756892663171e-10,0.0110316808222929
plan,primary_screened,BELISARIO,training,8866d33a15fffff,-1.14418834932903e-10,-0.00345396287427572
plan,primary_screened,BELISARIO,training,8866d33a17fffff,-4.97317143280703e-11,0.0538210180299844
plan,primary_screened,BELISARIO,training,8866d33a19fffff,-1.63691843457001e-10,0.0468680502837483
plan,primary_screened,BELISARIO,training,8866d33a1bfffff,-1.33099466671946e-10,-0.0101780799639023
plan,primary_screened,BELISARIO,training,8866d33a1dfffff,-2.42689021298922e-10,-0.0181106698341478
plan,primary_screened,BELISARIO,training,8866d33a33fffff,-1.82417679645291e-10,-0.0157155243930829
plan,primary_screened,BELISARIO,training,8866d33a39fffff,-1.84489811212538e-10,-0.0209744391260331
plan,primary_screened,BELISARIO,training,8866d33a3bfffff,-6.68692886226783e-11,0.0172470825348195
plan,primary_screened,BELISARIO,training,8866d33a51fffff,-3.14782770607452e-10,-0.0301634813109158
plan,primary_screened,BELISARIO,training,8866d33a55fffff,-4.19342025763747e-11,0.0054203821323326
plan,primary_screened,BELISARIO,training,8866d33a5bfffff,-1.85028475639077e-10,-0.0171741558852565
plan,primary_screened,BELISARIO,training,8866d33a8bfffff,0.215419362827929,0.213611326977086
plan,primary_screened,BELISARIO,training,8866d33a99fffff,-2.61967604353347e-11,-0.0386426722343992
plan,primary_screened,BELISARIO,training,8866d33ac1fffff,0.169744707515897,0.202116676855102
plan,primary_screened,BELISARIO,training,8866d33ac9fffff,-1.98776358623148e-10,-0.0160502391958972
plan,primary_screened,BELISARIO,training,8866d33acbfffff,-1.76391940999376e-10,-0.0524100697260085
plan,primary_screened,BELISARIO,training,8866d33acdfffff,-1.04813630509248e-10,0.0855244621666589
plan,primary_screened,BELISARIO,training,8866d33ad1fffff,0.196573256627011,0.239337245142736
plan,primary_screened,BELISARIO,training,8866d33ad3fffff,-3.01489689429534e-11,-0.0653477902124308
plan,primary_screened,BELISARIO,training,8866d33ad5fffff,-9.28281970119719e-11,0.0612050133054235
plan,primary_screened,BELISARIO,training,8866d33ad7fffff,-8.07727425883607e-11,-0.00150472499004729
plan,primary_screened,BELISARIO,training,8866d33addfffff,-1.81481260463994e-10,-0.0146347876832803
plan,primary_screened,BELISARIO,training,888f2d9245fffff,-1.62064776381317e-10,-0.00473119670718184
plan,primary_screened,BELISARIO,training,888f2d924dfffff,-1.7734448955716e-10,-0.00324072089693308
