rule,grid_id,km_to_nearest_station,t20,t12,in_coverage_range,missing_pre_months,missing_train,missing_holdout,missing_reasons,pool_primary_unscreened,pool_primary_screened,pool_threshold12_unscreened,pool_threshold12_screened,pool_all_rest_unscreened,pool_all_rest_screened,pool_low_exposure_unscreened,pool_low_exposure_screened
amended,8866d30095fffff,24.2650932548874,FALSE,FALSE,FALSE,22,16,6,negative ratio,FALSE,FALSE,FALSE,FALSE,FALSE,FALSE,FALSE,FALSE
amended,8866d300b1fffff,24.3021124739513,FALSE,FALSE,FALSE,15,12,3,negative ratio,FALSE,FALSE,FALSE,FALSE,FALSE,FALSE,FALSE,FALSE
amended,8866d300b9fffff,24.7638562719061,FALSE,FALSE,FALSE,0,0,0,"",FALSE,FALSE,FALSE,FALSE,TRUE,FALSE,FALSE,FALSE
amended,8866d300bbfffff,23.7737218256906,FALSE,FALSE,FALSE,0,0,0,"",FALSE,FALSE,FALSE,FALSE,TRUE,FALSE,FALSE,FALSE
amended,8866d30401fffff,17.0874637135708,FALSE,TRUE,TRUE,0,0,0,"",FALSE,FALSE,TRUE,TRUE,TRUE,TRUE,FALSE,FALSE
amended,8866d30403fffff,16.17964731371,FALSE,TRUE,TRUE,0,0,0,"",FALSE,FALSE,TRUE,TRUE,TRUE,TRUE,FALSE,FALSE
amended,8866d30405fffff,17.2542368032769,FALSE,TRUE,FALSE,0,0,0,"",FALSE,FALSE,TRUE,FALSE,TRUE,FALSE,FALSE,FALSE
amended,8866d30409fffff,17.8707093388303,FALSE,FALSE,FALSE,0,0,0,"",FALSE,FALSE,FALSE,FALSE,TRUE,FALSE,FALSE,FALSE
amended,8866d3040bfffff,16.9767196332541,FALSE,TRUE,TRUE,0,0,0,"",FALSE,FALSE,TRUE,TRUE,TRUE,TRUE,FALSE,FALSE
amended,8866d3040dfffff,18.0039436873127,FALSE,FALSE,FALSE,0,0,0,"",FALSE,FALSE,FALSE,FALSE,TRUE,FALSE,FALSE,FALSE
amended,8866d30413fffff,14.3704818898455,FALSE,FALSE,TRUE,0,0,0,"",FALSE,FALSE,FALSE,FALSE,TRUE,TRUE,FALSE,FALSE
amended,8866d30415fffff,15.282043912069,FALSE,FALSE,TRUE,0,0,0,"",FALSE,FALSE,FALSE,FALSE,TRUE,TRUE,FALSE,FALSE
amended,8866d30417fffff,14.3965696377516,FALSE,FALSE,FALSE,0,0,0,"",FALSE,FALSE,FALSE,FALSE,TRUE,FALSE,FALSE,FALSE
amended,8866d30419fffff,16.0687733462445,FALSE,FALSE,FALSE,0,0,0,"",FALSE,FALSE,FALSE,FALSE,TRUE,FALSE,FALSE,FALSE
amended,8866d3041dfffff,16.0939709788156,FALSE,FALSE,FALSE,0,0,0,"",FALSE,FALSE,FALSE,FALSE,TRUE,FALSE,FALSE,FALSE
amended,8866d30421fffff,16.7870823522826,FALSE,FALSE,FALSE,0,0,0,"",FALSE,FALSE,FALSE,FALSE,TRUE,FALSE,FALSE,FALSE
amended,8866d30423fffff,15.828581882017,FALSE,FALSE,FALSE,0,0,0,"",FALSE,FALSE,FALSE,FALSE,TRUE,FALSE,FALSE,FALSE
amended,8866d30425fffff,17.0994674634076,FALSE,FALSE,FALSE,0,0,0,"",FALSE,FALSE,FALSE,FALSE,TRUE,FALSE,FALSE,FALSE
amended,8866d30427fffff,16.1283073965612,FALSE,FALSE,FALSE,3,3,0,negative ratio,FALSE,FALSE,FALSE,FALSE,FALSE,FALSE,FALSE,FALSE
amended,8866d3042dfffff,17.7490449001875,FALSE,FALSE,TRUE,0,0,0,"",FALSE,FALSE,FALSE,FALSE,TRUE,TRUE,FALSE,FALSE
amended,8866d30443fffff,18.6719866851386,FALSE,FALSE,FALSE,0,0,0,"",FALSE,FALSE,FALSE,FALSE,TRUE,FALSE,FALSE,FALSE
amended,8866d3044bfffff,19.4890628789067,FALSE,FALSE,FALSE,0,0,0,"",FALSE,FALSE,FALSE,FALSE,TRUE,FALSE,FALSE,FALSE
amended,8866d30451fffff,17.7670098091731,FALSE,TRUE,FALSE,0,0,0,"",FALSE,FALSE,TRUE,FALSE,TRUE,FALSE,FALSE,FALSE
amended,8866d30455fffff,17.791492340507,FALSE,FALSE,FALSE,0,0,0,"",FALSE,FALSE,FALSE,FALSE,TRUE,FALSE,FALSE,FALSE
amended,8866d30457fffff,16.9230988542184,FALSE,TRUE,FALSE,0,0,0,"",FALSE,FALSE,TRUE,FALSE,TRUE,FALSE,FALSE,FALSE
amended,8866d30459fffff,18.6236849818629,FALSE,FALSE,FALSE,0,0,0,"",FALSE,FALSE,FALSE,FALSE,TRUE,FALSE,FALSE,FALSE
amended,8866d3045bfffff,17.7974821944477,TRUE,TRUE,FALSE,0,0,0,"",TRUE,FALSE,TRUE,FALSE,TRUE,FALSE,TRUE,FALSE
amended,8866d3045dfffff,18.6216328547498,FALSE,FALSE,FALSE,0,0,0,"",FALSE,FALSE,FALSE,FALSE,TRUE,FALSE,FALSE,FALSE
amended,8866d30461fffff,19.1312440507234,FALSE,FALSE,FALSE,0,0,0,"",FALSE,FALSE,FALSE,FALSE,TRUE,FALSE,FALSE,FALSE
amended,8866d30463fffff,18.1900137558639,FALSE,TRUE,TRUE,0,0,0,"",FALSE,FALSE,TRUE,TRUE,TRUE,TRUE,FALSE,FALSE
amended,8866d30465fffff,19.3830219180242,FALSE,TRUE,FALSE,0,0,0,"",FALSE,FALSE,TRUE,FALSE,TRUE,FALSE,FALSE,FALSE
amended,8866d30467fffff,18.4273243041534,FALSE,TRUE,FALSE,0,0,0,"",FALSE,FALSE,TRUE,FALSE,TRUE,FALSE,FALSE,FALSE
amended,8866d3046dfffff,20.0771566081878,FALSE,FALSE,FALSE,0,0,0,"",FALSE,FALSE,FALSE,FALSE,TRUE,FALSE,FALSE,FALSE
amended,8866d30481fffff,11.0340663148896,FALSE,FALSE,FALSE,0,0,0,"",FALSE,FALSE,FALSE,FALSE,TRUE,FALSE,FALSE,FALSE
amended,8866d30485fffff,10.9739116684308,FALSE,FALSE,TRUE,0,0,0,"",FALSE,FALSE,FALSE,FALSE,TRUE,TRUE,FALSE,FALSE
amended,8866d30487fffff,10.1461633296879,FALSE,FALSE,TRUE,0,0,0,"",FALSE,FALSE,FALSE,FALSE,TRUE,TRUE,FALSE,FALSE
amended,8866d3048dfffff,11.8400482590161,FALSE,FALSE,FALSE,0,0,0,"",FALSE,FALSE,FALSE,FALSE,TRUE,FALSE,FALSE,FALSE
amended,8866d30491fffff,9.80079449974594,TRUE,TRUE,FALSE,0,0,0,"",TRUE,FALSE,TRUE,FALSE,TRUE,FALSE,TRUE,FALSE
amended,8866d30493fffff,9.19298871763338,FALSE,TRUE,FALSE,0,0,0,"",FALSE,FALSE,TRUE,FALSE,TRUE,FALSE,FALSE,FALSE
amended,8866d30495fffff,9.5269302950631,TRUE,TRUE,FALSE,0,0,0,"",TRUE,FALSE,TRUE,FALSE,TRUE,FALSE,TRUE,FALSE
amended,8866d30497fffff,8.84367737834502,FALSE,TRUE,FALSE,0,0,0,"",FALSE,FALSE,TRUE,FALSE,TRUE,FALSE,FALSE,FALSE
amended,8866d30499fffff,10.7611431678814,FALSE,TRUE,FALSE,0,0,0,"",FALSE,FALSE,TRUE,FALSE,TRUE,FALSE,FALSE,FALSE
amended,8866d3049bfffff,10.1638233390446,TRUE,TRUE,FALSE,0,0,0,"",TRUE,FALSE,TRUE,FALSE,TRUE,FALSE,TRUE,FALSE
amended,8866d3049dfffff,10.4671728215385,FALSE,FALSE,FALSE,0,0,0,"",FALSE,FALSE,FALSE,FALSE,TRUE,FALSE,FALSE,FALSE
amended,8866d304a1fffff,10.2052633754734,FALSE,FALSE,TRUE,0,0,0,"",FALSE,FALSE,FALSE,FALSE,TRUE,TRUE,FALSE,FALSE
amended,8866d304a3fffff,9.30656702953517,FALSE,FALSE,TRUE,0,0,0,"",FALSE,FALSE,FALSE,FALSE,TRUE,TRUE,FALSE,FALSE
amended,8866d304a5fffff,10.3769799236286,FALSE,FALSE,FALSE,0,0,0,"",FALSE,FALSE,FALSE,FALSE,TRUE,FALSE,FALSE,FALSE
amended,8866d304a7fffff,9.44135588523048,FALSE,FALSE,TRUE,0,0,0,"",FALSE,FALSE,FALSE,FALSE,TRUE,TRUE,FALSE,FALSE
amended,8866d304a9fffff,11.0026283034315,FALSE,FALSE,TRUE,0,0,0,"",FALSE,FALSE,FALSE,FALSE,TRUE,TRUE,FALSE,FALSE
amended,8866d304abfffff,10.1276076976835,FALSE,FALSE,FALSE,0,0,0,"",FALSE,FALSE,FALSE,FALSE,TRUE,FALSE,FALSE,FALSE
amended,8866d304adfffff,11.1195364022782,FALSE,FALSE,FALSE,0,0,0,"",FALSE,FALSE,FALSE,FALSE,TRUE,FALSE,FALSE,FALSE
amended,8866d304b1fffff,8.45424299183375,FALSE,FALSE,TRUE,0,0,0,"",FALSE,FALSE,FALSE,FALSE,TRUE,TRUE,FALSE,FALSE
amended,8866d304b3fffff,7.67266103822903,TRUE,TRUE,TRUE,0,0,0,"",TRUE,TRUE,TRUE,TRUE,TRUE,TRUE,TRUE,TRUE
amended,8866d304b5fffff,8.4284411456968,FALSE,FALSE,FALSE,0,0,0,"",FALSE,FALSE,FALSE,FALSE,TRUE,FALSE,FALSE,FALSE
amended,8866d304b7fffff,7.57805076639718,FALSE,TRUE,FALSE,0,0,0,"",FALSE,FALSE,TRUE,FALSE,TRUE,FALSE,FALSE,FALSE
amended,8866d304b9fffff,9.35007933483434,FALSE,FALSE,TRUE,0,0,0,"",FALSE,FALSE,FALSE,FALSE,TRUE,TRUE,FALSE,FALSE
amended,8866d304bbfffff,8.59447258884584,TRUE,TRUE,FALSE,0,0,0,"",TRUE,FALSE,TRUE,FALSE,TRUE,FALSE,TRUE,FALSE
amended,8866d304bdfffff,9.2758026752011,FALSE,FALSE,TRUE,0,0,0,"",FALSE,FALSE,FALSE,FALSE,TRUE,TRUE,FALSE,FALSE
amended,8866d304d1fffff,12.3638394896689,FALSE,FALSE,FALSE,1,1,0,negative ratio,FALSE,FALSE,FALSE,FALSE,FALSE,FALSE,FALSE,FALSE
amended,8866d304d3fffff,11.7239145195782,TRUE,TRUE,FALSE,0,0,0,"",TRUE,FALSE,TRUE,FALSE,TRUE,FALSE,TRUE,FALSE
amended,8866d304d7fffff,11.4132611922287,FALSE,FALSE,FALSE,0,0,0,"",FALSE,FALSE,FALSE,FALSE,TRUE,FALSE,FALSE,FALSE
amended,8866d304d9fffff,13.3179333162552,FALSE,FALSE,FALSE,7,4,3,negative ratio,FALSE,FALSE,FALSE,FALSE,FALSE,FALSE,FALSE,FALSE
amended,8866d304dbfffff,12.6885434314102,TRUE,TRUE,FALSE,0,0,0,"",TRUE,FALSE,TRUE,FALSE,TRUE,FALSE,TRUE,FALSE
amended,8866d304e1fffff,12.6993969217174,FALSE,FALSE,FALSE,0,0,0,"",FALSE,FALSE,FALSE,FALSE,TRUE,FALSE,FALSE,FALSE
amended,8866d304e3fffff,11.8266707984232,FALSE,FALSE,FALSE,0,0,0,"",FALSE,FALSE,FALSE,FALSE,TRUE,FALSE,FALSE,FALSE
amended,8866d304e5fffff,12.8031391158912,FALSE,FALSE,FALSE,0,0,0,"",FALSE,FALSE,FALSE,FALSE,TRUE,FALSE,FALSE,FALSE
amended,8866d304e7fffff,11.8957357238217,FALSE,FALSE,FALSE,0,0,0,"",FALSE,FALSE,FALSE,FALSE,TRUE,FALSE,FALSE,FALSE
amended,8866d304e9fffff,13.5256129181773,FALSE,FALSE,TRUE,0,0,0,"",FALSE,FALSE,FALSE,FALSE,TRUE,TRUE,FALSE,FALSE
amended,8866d30513fffff,15.9003835148871,FALSE,FALSE,FALSE,0,0,0,"",FALSE,FALSE,FALSE,FALSE,TRUE,FALSE,FALSE,FALSE
amended,8866d3051bfffff,16.4819964123114,FALSE,FALSE,FALSE,0,0,0,"",FALSE,FALSE,FALSE,FALSE,TRUE,FALSE,FALSE,FALSE
amended,8866d30521fffff,19.9243683539772,FALSE,FALSE,FALSE,0,0,0,"",FALSE,FALSE,FALSE,FALSE,TRUE,FALSE,FALSE,FALSE
amended,8866d30527fffff,19.5432386060319,FALSE,FALSE,FALSE,0,0,0,"",FALSE,FALSE,FALSE,FALSE,TRUE,FALSE,FALSE,FALSE
amended,8866d3052dfffff,20.9106359235689,FALSE,FALSE,FALSE,0,0,0,"",FALSE,FALSE,FALSE,FALSE,TRUE,FALSE,FALSE,FALSE
amended,8866d30545fffff,21.8212963456907,FALSE,FALSE,FALSE,0,0,0,"",FALSE,FALSE,FALSE,FALSE,TRUE,FALSE,FALSE,FALSE
amended,8866d30569fffff,22.2856836696407,FALSE,FALSE,FALSE,0,0,0,"",FALSE,FALSE,FALSE,FALSE,TRUE,FALSE,FALSE,FALSE
amended,8866d30591fffff,10.00299979962,FALSE,FALSE,FALSE,0,0,0,"",FALSE,FALSE,FALSE,FALSE,TRUE,FALSE,FALSE,FALSE
amended,8866d30593fffff,9.02576995693586,FALSE,FALSE,FALSE,0,0,0,"",FALSE,FALSE,FALSE,FALSE,TRUE,FALSE,FALSE,FALSE
amended,8866d30595fffff,10.4141338236954,FALSE,FALSE,FALSE,0,0,0,"",FALSE,FALSE,FALSE,FALSE,TRUE,FALSE,FALSE,FALSE
amended,8866d30597fffff,9.42610064338243,FALSE,FALSE,FALSE,0,0,0,"",FALSE,FALSE,FALSE,FALSE,TRUE,FALSE,FALSE,FALSE
amended,8866d30599fffff,10.63821253817,FALSE,FALSE,FALSE,0,0,0,"",FALSE,FALSE,FALSE,FALSE,TRUE,FALSE,FALSE,FALSE
amended,8866d3059bfffff,9.67583286889,FALSE,FALSE,FALSE,0,0,0,"",FALSE,FALSE,FALSE,FALSE,TRUE,FALSE,FALSE,FALSE
amended,8866d3059dfffff,10.9825841327017,FALSE,FALSE,FALSE,0,0,0,"",FALSE,FALSE,FALSE,FALSE,TRUE,FALSE,FALSE,FALSE
amended,8866d305a5fffff,13.681660405666,FALSE,FALSE,FALSE,0,0,0,"",FALSE,FALSE,FALSE,FALSE,TRUE,FALSE,FALSE,FALSE
amended,8866d305a7fffff,12.7119583097201,FALSE,FALSE,TRUE,0,0,0,"",FALSE,FALSE,FALSE,FALSE,TRUE,TRUE,FALSE,FALSE
amended,8866d305adfffff,14.0181594735397,FALSE,FALSE,FALSE,0,0,0,"",FALSE,FALSE,FALSE,FALSE,TRUE,FALSE,FALSE,FALSE
amended,8866d305b3fffff,9.47828598677738,FALSE,FALSE,FALSE,0,0,0,"",FALSE,FALSE,FALSE,FALSE,TRUE,FALSE,FALSE,FALSE
amended,8866d305bbfffff,9.90930465259959,FALSE,FALSE,FALSE,0,0,0,"",FALSE,FALSE,FALSE,FALSE,TRUE,FALSE,FALSE,FALSE
amended,8866d305c5fffff,14.9150649093556,FALSE,FALSE,FALSE,0,0,0,"",FALSE,FALSE,FALSE,FALSE,TRUE,FALSE,FALSE,FALSE
amended,8866d305c9fffff,15.1595948335382,FALSE,FALSE,FALSE,0,0,0,"",FALSE,FALSE,FALSE,FALSE,TRUE,FALSE,FALSE,FALSE
amended,8866d305d1fffff,12.273998304167,FALSE,FALSE,FALSE,0,0,0,"",FALSE,FALSE,FALSE,FALSE,TRUE,FALSE,FALSE,FALSE
amended,8866d305d3fffff,11.321912874274,FALSE,FALSE,FALSE,0,0,0,"",FALSE,FALSE,FALSE,FALSE,TRUE,FALSE,FALSE,FALSE
amended,8866d305d7fffff,11.605295618414,FALSE,FALSE,FALSE,0,0,0,"",FALSE,FALSE,FALSE,FALSE,TRUE,FALSE,FALSE,FALSE
amended,8866d305dbfffff,12.0458330894242,FALSE,FALSE,FALSE,0,0,0,"",FALSE,FALSE,FALSE,FALSE,TRUE,FALSE,FALSE,FALSE
amended,8866d305e1fffff,14.86136859557,FALSE,FALSE,FALSE,0,0,0,"",FALSE,FALSE,FALSE,FALSE,TRUE,FALSE,FALSE,FALSE
amended,8866d305e7fffff,14.4129475949596,FALSE,FALSE,TRUE,0,0,0,"",FALSE,FALSE,FALSE,FALSE,TRUE,TRUE,FALSE,FALSE
amended,8866d305e9fffff,15.3587142767598,FALSE,FALSE,FALSE,0,0,0,"",FALSE,FALSE,FALSE,FALSE,TRUE,FALSE,FALSE,FALSE
amended,8866d30603fffff,22.060564192021,FALSE,FALSE,FALSE,0,0,0,"",FALSE,FALSE,FALSE,FALSE,TRUE,FALSE,FALSE,FALSE
amended,8866d30605fffff,22.8611749168713,FALSE,FALSE,FALSE,0,0,0,"",FALSE,FALSE,FALSE,FALSE,TRUE,FALSE,FALSE,FALSE
amended,8866d30607fffff,22.0172534418394,FALSE,FALSE,FALSE,0,0,0,"",FALSE,FALSE,FALSE,FALSE,TRUE,FALSE,FALSE,FALSE
amended,8866d30615fffff,21.2546707035658,FALSE,FALSE,FALSE,0,0,0,"",FALSE,FALSE,FALSE,FALSE,TRUE,FALSE,FALSE,FALSE
amended,8866d3061dfffff,22.1479370630913,FALSE,FALSE,FALSE,0,0,0,"",FALSE,FALSE,FALSE,FALSE,TRUE,FALSE,FALSE,FALSE
amended,8866d30623fffff,21.1866343868317,FALSE,FALSE,FALSE,0,0,0,"",FALSE,FALSE,FALSE,FALSE,TRUE,FALSE,FALSE,FALSE
amended,8866d3062bfffff,22.0182692310596,FALSE,FALSE,FALSE,0,0,0,"",FALSE,FALSE,FALSE,FALSE,TRUE,FALSE,FALSE,FALSE
amended,8866d30635fffff,20.3200236124017,FALSE,FALSE,FALSE,0,0,0,"",FALSE,FALSE,FALSE,FALSE,TRUE,FALSE,FALSE,FALSE
amended,8866d30637fffff,19.4651661444283,FALSE,FALSE,TRUE,0,0,0,"",FALSE,FALSE,FALSE,FALSE,TRUE,TRUE,FALSE,FALSE
amended,8866d30639fffff,21.1859548476794,FALSE,FALSE,FALSE,0,0,0,"",FALSE,FALSE,FALSE,FALSE,TRUE,FALSE,FALSE,FALSE
amended,8866d3063dfffff,21.1632252164214,FALSE,FALSE,FALSE,0,0,0,"",FALSE,FALSE,FALSE,FALSE,TRUE,FALSE,FALSE,FALSE
amended,8866d30681fffff,17.5104513328132,TRUE,TRUE,FALSE,0,0,0,"",TRUE,FALSE,TRUE,FALSE,TRUE,FALSE,TRUE,FALSE
amended,8866d30683fffff,16.8364626434144,TRUE,TRUE,FALSE,0,0,0,"",TRUE,FALSE,TRUE,FALSE,TRUE,FALSE,TRUE,FALSE
amended,8866d30685fffff,17.2818744969285,FALSE,FALSE,FALSE,0,0,0,"",FALSE,FALSE,FALSE,FALSE,TRUE,FALSE,FALSE,FALSE
amended,8866d30687fffff,16.5682378728092,FALSE,FALSE,FALSE,0,0,0,"",FALSE,FALSE,FALSE,FALSE,TRUE,FALSE,FALSE,FALSE
amended,8866d30689fffff,18.4560126350471,FALSE,FALSE,TRUE,0,0,0,"",FALSE,FALSE,FALSE,FALSE,TRUE,TRUE,FALSE,FALSE
amended,8866d3068bfffff,17.7910689089141,FALSE,TRUE,TRUE,0,0,0,"",FALSE,FALSE,TRUE,TRUE,TRUE,TRUE,FALSE,FALSE
amended,8866d3068dfffff,18.2133308393543,TRUE,TRUE,FALSE,0,0,0,"",TRUE,FALSE,TRUE,FALSE,TRUE,FALSE,TRUE,FALSE
amended,8866d30691fffff,16.5589244071812,FALSE,FALSE,FALSE,0,0,0,"",FALSE,FALSE,FALSE,FALSE,TRUE,FALSE,FALSE,FALSE
amended,8866d30693fffff,15.9992630299998,FALSE,FALSE,FALSE,0,0,0,"",FALSE,FALSE,FALSE,FALSE,TRUE,FALSE,FALSE,FALSE
amended,8866d30695fffff,16.1949772768121,TRUE,TRUE,FALSE,0,0,0,"",TRUE,FALSE,TRUE,FALSE,TRUE,FALSE,TRUE,FALSE
amended,8866d30697fffff,15.5900132396837,FALSE,FALSE,TRUE,0,0,0,"",FALSE,FALSE,FALSE,FALSE,TRUE,TRUE,FALSE,FALSE
amended,8866d30699fffff,17.5284539644014,FALSE,FALSE,FALSE,0,0,0,"",FALSE,FALSE,FALSE,FALSE,TRUE,FALSE,FALSE,FALSE
amended,8866d3069bfffff,16.9726825132695,FALSE,FALSE,TRUE,0,0,0,"",FALSE,FALSE,FALSE,FALSE,TRUE,TRUE,FALSE,FALSE
amended,8866d3069dfffff,17.1575038079769,TRUE,TRUE,TRUE,0,0,0,"",TRUE,TRUE,TRUE,TRUE,TRUE,TRUE,TRUE,TRUE
amended,8866d306a5fffff,16.1043322970905,FALSE,FALSE,FALSE,0,0,0,"",FALSE,FALSE,FALSE,FALSE,TRUE,FALSE,FALSE,FALSE
amended,8866d306a7fffff,15.3013496518203,FALSE,FALSE,FALSE,0,0,0,"",FALSE,FALSE,FALSE,FALSE,TRUE,FALSE,FALSE,FALSE
amended,8866d306a9fffff,17.1074302183344,FALSE,FALSE,FALSE,0,0,0,"",FALSE,FALSE,FALSE,FALSE,TRUE,FALSE,FALSE,FALSE
amended,8866d306b3fffff,14.2748256278667,TRUE,TRUE,FALSE,0,0,0,"",TRUE,FALSE,TRUE,FALSE,TRUE,FALSE,TRUE,FALSE
amended,8866d306b9fffff,15.8842715248474,FALSE,TRUE,FALSE,0,0,0,"",FALSE,FALSE,TRUE,FALSE,TRUE,FALSE,FALSE,FALSE
amended,8866d306bbfffff,15.2339776912233,TRUE,TRUE,TRUE,0,0,0,"",TRUE,TRUE,TRUE,TRUE,TRUE,TRUE,TRUE,TRUE
amended,8866d306c3fffff,19.4044233940379,FALSE,FALSE,TRUE,0,0,0,"",FALSE,FALSE,FALSE,FALSE,TRUE,TRUE,FALSE,FALSE
amended,8866d306c5fffff,19.8672722664607,FALSE,FALSE,FALSE,0,0,0,"",FALSE,FALSE,FALSE,FALSE,TRUE,FALSE,FALSE,FALSE
amended,8866d306c7fffff,19.1490621651477,FALSE,FALSE,TRUE,0,0,0,"",FALSE,FALSE,FALSE,FALSE,TRUE,TRUE,FALSE,FALSE
amended,8866d306d1fffff,19.0861768157537,FALSE,FALSE,FALSE,0,0,0,"",FALSE,FALSE,FALSE,FALSE,TRUE,FALSE,FALSE,FALSE
amended,8866d306d3fffff,18.4984952650358,FALSE,FALSE,TRUE,0,0,0,"",FALSE,FALSE,FALSE,FALSE,TRUE,TRUE,FALSE,FALSE
amended,8866d306d5fffff,18.7477121080328,FALSE,FALSE,FALSE,0,0,0,"",FALSE,FALSE,FALSE,FALSE,TRUE,FALSE,FALSE,FALSE
amended,8866d306d7fffff,18.1213043650957,FALSE,TRUE,TRUE,0,0,0,"",FALSE,FALSE,TRUE,TRUE,TRUE,TRUE,FALSE,FALSE
amended,8866d306d9fffff,20.0519577300723,FALSE,FALSE,FALSE,0,0,0,"",FALSE,FALSE,FALSE,FALSE,TRUE,FALSE,FALSE,FALSE
amended,8866d306dbfffff,19.4689628633544,FALSE,FALSE,FALSE,0,0,0,"",FALSE,FALSE,FALSE,FALSE,TRUE,FALSE,FALSE,FALSE
amended,8866d306ddfffff,19.7060867454054,FALSE,FALSE,FALSE,0,0,0,"",FALSE,FALSE,FALSE,FALSE,TRUE,FALSE,FALSE,FALSE
amended,8866d306e1fffff,18.7844791833403,TRUE,TRUE,TRUE,0,0,0,"",TRUE,TRUE,TRUE,TRUE,TRUE,TRUE,TRUE,TRUE
amended,8866d306e3fffff,18.0216524794152,FALSE,FALSE,TRUE,0,0,0,"",FALSE,FALSE,FALSE,FALSE,TRUE,TRUE,FALSE,FALSE
amended,8866d306e5fffff,18.6781206122977,TRUE,TRUE,TRUE,0,0,0,"",TRUE,TRUE,TRUE,TRUE,TRUE,TRUE,TRUE,TRUE
amended,8866d306e7fffff,17.8826231484742,TRUE,TRUE,FALSE,0,0,0,"",TRUE,FALSE,TRUE,FALSE,TRUE,FALSE,TRUE,FALSE
amended,8866d306e9fffff,19.6932486501256,TRUE,TRUE,FALSE,0,0,0,"",TRUE,FALSE,TRUE,FALSE,TRUE,FALSE,TRUE,FALSE
amended,8866d306ebfffff,18.9418809465375,TRUE,TRUE,TRUE,0,0,0,"",TRUE,TRUE,TRUE,TRUE,TRUE,TRUE,TRUE,TRUE
amended,8866d306edfffff,19.5676549989975,FALSE,FALSE,FALSE,0,0,0,"",FALSE,FALSE,FALSE,FALSE,TRUE,FALSE,FALSE,FALSE
amended,8866d30701fffff,23.6275084699268,FALSE,FALSE,FALSE,0,0,0,"",FALSE,FALSE,FALSE,FALSE,TRUE,FALSE,FALSE,FALSE
amended,8866d30705fffff,23.8964006937206,FALSE,FALSE,FALSE,0,0,0,"",FALSE,FALSE,FALSE,FALSE,TRUE,FALSE,FALSE,FALSE
amended,8866d3070dfffff,24.5791799616257,FALSE,FALSE,FALSE,0,0,0,"",FALSE,FALSE,FALSE,FALSE,TRUE,FALSE,FALSE,FALSE
amended,8866d30731fffff,21.3037876842831,FALSE,FALSE,FALSE,0,0,0,"",FALSE,FALSE,FALSE,FALSE,TRUE,FALSE,FALSE,FALSE
amended,8866d30733fffff,20.3419916342005,FALSE,FALSE,FALSE,1,0,1,negative ratio,FALSE,FALSE,FALSE,FALSE,FALSE,FALSE,FALSE,FALSE
amended,8866d30737fffff,20.6508186614247,FALSE,TRUE,FALSE,0,0,0,"",FALSE,FALSE,TRUE,FALSE,TRUE,FALSE,FALSE,FALSE
amended,8866d30739fffff,21.9805925813939,FALSE,FALSE,FALSE,0,0,0,"",FALSE,FALSE,FALSE,FALSE,TRUE,FALSE,FALSE,FALSE
amended,8866d3073bfffff,21.0271155899779,FALSE,FALSE,FALSE,3,0,3,negative ratio,FALSE,FALSE,FALSE,FALSE,FALSE,FALSE,FALSE,FALSE
amended,8866d3073dfffff,22.2680401076492,FALSE,FALSE,FALSE,0,0,0,"",FALSE,FALSE,FALSE,FALSE,TRUE,FALSE,FALSE,FALSE
amended,8866d30e83fffff,15.8307076334175,FALSE,FALSE,FALSE,0,0,0,"",FALSE,FALSE,FALSE,FALSE,TRUE,FALSE,FALSE,FALSE
amended,8866d30e95fffff,14.8995015434763,FALSE,FALSE,FALSE,0,0,0,"",FALSE,FALSE,FALSE,FALSE,TRUE,FALSE,FALSE,FALSE
amended,8866d30e99fffff,14.3656483552953,FALSE,FALSE,TRUE,0,0,0,"",FALSE,FALSE,FALSE,FALSE,TRUE,TRUE,FALSE,FALSE
amended,8866d30e9dfffff,15.0835323110541,FALSE,FALSE,FALSE,0,0,0,"",FALSE,FALSE,FALSE,FALSE,TRUE,FALSE,FALSE,FALSE
amended,8866d30ebbfffff,14.7777429349221,FALSE,FALSE,FALSE,0,0,0,"",FALSE,FALSE,FALSE,FALSE,TRUE,FALSE,FALSE,FALSE
amended,8866d30ec1fffff,18.2315956567483,FALSE,FALSE,FALSE,0,0,0,"",FALSE,FALSE,FALSE,FALSE,TRUE,FALSE,FALSE,FALSE
amended,8866d30ec9fffff,18.5627971043375,FALSE,FALSE,FALSE,0,0,0,"",FALSE,FALSE,FALSE,FALSE,TRUE,FALSE,FALSE,FALSE
amended,8866d30ecbfffff,17.5834415294856,FALSE,FALSE,FALSE,0,0,0,"",FALSE,FALSE,FALSE,FALSE,TRUE,FALSE,FALSE,FALSE
amended,8866d30ed1fffff,15.6288257402438,FALSE,FALSE,FALSE,0,0,0,"",FALSE,FALSE,FALSE,FALSE,TRUE,FALSE,FALSE,FALSE
amended,8866d30ed3fffff,14.6541230681137,FALSE,FALSE,FALSE,0,0,0,"",FALSE,FALSE,FALSE,FALSE,TRUE,FALSE,FALSE,FALSE
amended,8866d30eddfffff,16.6053690140741,FALSE,FALSE,FALSE,0,0,0,"",FALSE,FALSE,FALSE,FALSE,TRUE,FALSE,FALSE,FALSE
amended,8866d32003fffff,13.0354971532915,FALSE,FALSE,FALSE,0,0,0,"",FALSE,FALSE,FALSE,FALSE,TRUE,FALSE,FALSE,FALSE
amended,8866d3200bfffff,12.9700466411455,FALSE,FALSE,FALSE,0,0,0,"",FALSE,FALSE,FALSE,FALSE,TRUE,FALSE,FALSE,FALSE
amended,8866d32011fffff,14.7556868324126,FALSE,FALSE,FALSE,0,0,0,"",FALSE,FALSE,FALSE,FALSE,TRUE,FALSE,FALSE,FALSE
amended,8866d32013fffff,15.6487498393083,FALSE,FALSE,FALSE,0,0,0,"",FALSE,FALSE,FALSE,FALSE,TRUE,FALSE,FALSE,FALSE
amended,8866d32015fffff,13.9321281259123,FALSE,FALSE,FALSE,0,0,0,"",FALSE,FALSE,FALSE,FALSE,TRUE,FALSE,FALSE,FALSE
amended,8866d32017fffff,14.8408239836555,FALSE,FALSE,FALSE,0,0,0,"",FALSE,FALSE,FALSE,FALSE,TRUE,FALSE,FALSE,FALSE
amended,8866d32019fffff,14.654685425878,FALSE,FALSE,TRUE,0,0,0,"",FALSE,FALSE,FALSE,FALSE,TRUE,TRUE,FALSE,FALSE
amended,8866d3201bfffff,15.57895605152,FALSE,FALSE,FALSE,0,0,0,"",FALSE,FALSE,FALSE,FALSE,TRUE,FALSE,FALSE,FALSE
amended,8866d3201dfffff,13.859891831217,FALSE,FALSE,FALSE,0,0,0,"",FALSE,FALSE,FALSE,FALSE,TRUE,FALSE,FALSE,FALSE
amended,8866d3202dfffff,9.72673905260468,FALSE,FALSE,TRUE,0,0,0,"",FALSE,FALSE,FALSE,FALSE,TRUE,TRUE,FALSE,FALSE
amended,8866d32031fffff,13.2985076543462,FALSE,FALSE,TRUE,0,0,0,"",FALSE,FALSE,FALSE,FALSE,TRUE,TRUE,FALSE,FALSE
amended,8866d32033fffff,14.2013410137845,FALSE,FALSE,FALSE,0,0,0,"",FALSE,FALSE,FALSE,FALSE,TRUE,FALSE,FALSE,FALSE
amended,8866d32035fffff,12.4892707166149,FALSE,FALSE,FALSE,0,0,0,"",FALSE,FALSE,FALSE,FALSE,TRUE,FALSE,FALSE,FALSE
amended,8866d32037fffff,13.3004493207929,FALSE,FALSE,FALSE,0,0,0,"",FALSE,FALSE,FALSE,FALSE,TRUE,FALSE,FALSE,FALSE
amended,8866d32039fffff,13.1314002317205,FALSE,FALSE,TRUE,0,0,0,"",FALSE,FALSE,FALSE,FALSE,TRUE,TRUE,FALSE,FALSE
amended,8866d3203bfffff,14.0560414789423,FALSE,FALSE,TRUE,0,0,0,"",FALSE,FALSE,FALSE,FALSE,TRUE,TRUE,FALSE,FALSE
amended,8866d3203dfffff,12.3579498766403,FALSE,FALSE,TRUE,0,0,0,"",FALSE,FALSE,FALSE,FALSE,TRUE,TRUE,FALSE,FALSE
amended,8866d32041fffff,10.9573223255553,FALSE,FALSE,FALSE,0,0,0,"",FALSE,FALSE,FALSE,FALSE,TRUE,FALSE,FALSE,FALSE
amended,8866d32043fffff,11.8654569331479,FALSE,FALSE,FALSE,0,0,0,"",FALSE,FALSE,FALSE,FALSE,TRUE,FALSE,FALSE,FALSE
amended,8866d32045fffff,10.1572219174273,FALSE,FALSE,FALSE,0,0,0,"",FALSE,FALSE,FALSE,FALSE,TRUE,FALSE,FALSE,FALSE
amended,8866d32049fffff,10.9153033255874,FALSE,FALSE,TRUE,0,0,0,"",FALSE,FALSE,FALSE,FALSE,TRUE,TRUE,FALSE,FALSE
amended,8866d3204bfffff,11.7860958891377,FALSE,FALSE,FALSE,0,0,0,"",FALSE,FALSE,FALSE,FALSE,TRUE,FALSE,FALSE,FALSE
amended,8866d3204dfffff,10.06488341912,FALSE,FALSE,TRUE,0,0,0,"",FALSE,FALSE,FALSE,FALSE,TRUE,TRUE,FALSE,FALSE
amended,8866d32051fffff,13.5773323515864,FALSE,FALSE,FALSE,0,0,0,"",FALSE,FALSE,FALSE,FALSE,TRUE,FALSE,FALSE,FALSE
amended,8866d32053fffff,14.4916510279721,FALSE,FALSE,TRUE,0,0,0,"",FALSE,FALSE,FALSE,FALSE,TRUE,TRUE,FALSE,FALSE
amended,8866d32055fffff,12.785949304572,FALSE,FALSE,FALSE,0,0,0,"",FALSE,FALSE,FALSE,FALSE,TRUE,FALSE,FALSE,FALSE
amended,8866d32057fffff,13.7163173139773,FALSE,FALSE,FALSE,0,0,0,"",FALSE,FALSE,FALSE,FALSE,TRUE,FALSE,FALSE,FALSE
amended,8866d32059fffff,13.5076590815488,FALSE,FALSE,TRUE,0,0,0,"",FALSE,FALSE,FALSE,FALSE,TRUE,TRUE,FALSE,FALSE
amended,8866d3205bfffff,14.3931429916284,FALSE,FALSE,TRUE,0,0,0,"",FALSE,FALSE,FALSE,FALSE,TRUE,TRUE,FALSE,FALSE
amended,8866d3205dfffff,12.6745956135298,FALSE,FALSE,FALSE,0,0,0,"",FALSE,FALSE,FALSE,FALSE,TRUE,FALSE,FALSE,FALSE
amended,8866d32069fffff,9.39313509647292,FALSE,FALSE,FALSE,3,1,2,negative ratio,FALSE,FALSE,FALSE,FALSE,FALSE,FALSE,FALSE,FALSE
amended,8866d3206bfffff,10.3413137094214,FALSE,FALSE,FALSE,0,0,0,"",FALSE,FALSE,FALSE,FALSE,TRUE,FALSE,FALSE,FALSE
amended,8866d3206dfffff,8.65563225231011,FALSE,FALSE,TRUE,0,0,0,"",FALSE,FALSE,FALSE,FALSE,TRUE,TRUE,FALSE,FALSE
amended,8866d32081fffff,18.4586274741062,TRUE,TRUE,TRUE,0,0,0,"",TRUE,TRUE,TRUE,TRUE,TRUE,TRUE,TRUE,TRUE
amended,8866d32083fffff,19.3009902097978,FALSE,FALSE,FALSE,0,0,0,"",FALSE,FALSE,FALSE,FALSE,TRUE,FALSE,FALSE,FALSE
amended,8866d32085fffff,17.5787221398221,FALSE,FALSE,FALSE,0,0,0,"",FALSE,FALSE,FALSE,FALSE,TRUE,FALSE,FALSE,FALSE
amended,8866d32087fffff,18.4339760012365,FALSE,TRUE,TRUE,0,0,0,"",FALSE,FALSE,TRUE,TRUE,TRUE,TRUE,FALSE,FALSE
amended,8866d32089fffff,18.3885609162943,FALSE,TRUE,FALSE,0,0,0,"",FALSE,FALSE,TRUE,FALSE,TRUE,FALSE,FALSE,FALSE
amended,8866d3208dfffff,17.6205646233589,FALSE,FALSE,TRUE,0,0,0,"",FALSE,FALSE,FALSE,FALSE,TRUE,TRUE,FALSE,FALSE
amended,8866d32091fffff,21.023355937448,FALSE,FALSE,TRUE,0,0,0,"",FALSE,FALSE,FALSE,FALSE,TRUE,TRUE,FALSE,FALSE
amended,8866d32093fffff,21.8798880952557,FALSE,FALSE,FALSE,0,0,0,"",FALSE,FALSE,FALSE,FALSE,TRUE,FALSE,FALSE,FALSE
amended,8866d32095fffff,20.1569386465017,FALSE,FALSE,TRUE,0,0,0,"",FALSE,FALSE,FALSE,FALSE,TRUE,TRUE,FALSE,FALSE
amended,8866d32097fffff,21.0248171635878,FALSE,FALSE,FALSE,0,0,0,"",FALSE,FALSE,FALSE,FALSE,TRUE,FALSE,FALSE,FALSE
amended,8866d32099fffff,21.0182336857608,FALSE,FALSE,TRUE,0,0,0,"",FALSE,FALSE,FALSE,FALSE,TRUE,TRUE,FALSE,FALSE
amended,8866d3209bfffff,21.9001347345989,FALSE,FALSE,FALSE,0,0,0,"",FALSE,FALSE,FALSE,FALSE,TRUE,FALSE,FALSE,FALSE
amended,8866d3209dfffff,20.179204145685,FALSE,FALSE,FALSE,0,0,0,"",FALSE,FALSE,FALSE,FALSE,TRUE,FALSE,FALSE,FALSE
amended,8866d320a1fffff,16.7405100786812,FALSE,FALSE,FALSE,0,0,0,"",FALSE,FALSE,FALSE,FALSE,TRUE,FALSE,FALSE,FALSE
amended,8866d320a3fffff,17.6350994852198,TRUE,TRUE,TRUE,0,0,0,"",TRUE,TRUE,TRUE,TRUE,TRUE,TRUE,TRUE,TRUE
amended,8866d320a5fffff,15.9183866247831,TRUE,TRUE,TRUE,0,0,0,"",TRUE,TRUE,TRUE,TRUE,TRUE,TRUE,TRUE,TRUE
amended,8866d320a7fffff,16.8267570962486,FALSE,TRUE,FALSE,0,0,0,"",FALSE,FALSE,TRUE,FALSE,TRUE,FALSE,FALSE,FALSE
amended,8866d320a9fffff,16.7110005008615,FALSE,FALSE,FALSE,0,0,0,"",FALSE,FALSE,FALSE,FALSE,TRUE,FALSE,FALSE,FALSE
amended,8866d320abfffff,17.579824323461,FALSE,TRUE,TRUE,0,0,0,"",FALSE,FALSE,TRUE,TRUE,TRUE,TRUE,FALSE,FALSE
amended,8866d320adfffff,15.8574690152703,FALSE,FALSE,FALSE,0,0,0,"",FALSE,FALSE,FALSE,FALSE,TRUE,FALSE,FALSE,FALSE
amended,8866d320b1fffff,19.3529276323675,FALSE,FALSE,FALSE,0,0,0,"",FALSE,FALSE,FALSE,FALSE,TRUE,FALSE,FALSE,FALSE
amended,8866d320b3fffff,20.2541109288469,FALSE,FALSE,FALSE,0,0,0,"",FALSE,FALSE,FALSE,FALSE,TRUE,FALSE,FALSE,FALSE
amended,8866d320b5fffff,18.5395696719618,FALSE,FALSE,TRUE,0,0,0,"",FALSE,FALSE,FALSE,FALSE,TRUE,TRUE,FALSE,FALSE
amended,8866d320b7fffff,19.4525463166791,FALSE,FALSE,TRUE,0,0,0,"",FALSE,FALSE,FALSE,FALSE,TRUE,TRUE,FALSE,FALSE
amended,8866d320b9fffff,19.3022833625992,FALSE,FALSE,TRUE,0,0,0,"",FALSE,FALSE,FALSE,FALSE,TRUE,TRUE,FALSE,FALSE
amended,8866d320bbfffff,20.1819632006106,FALSE,FALSE,FALSE,0,0,0,"",FALSE,FALSE,FALSE,FALSE,TRUE,FALSE,FALSE,FALSE
amended,8866d320bdfffff,18.4610291204781,FALSE,FALSE,FALSE,0,0,0,"",FALSE,FALSE,FALSE,FALSE,TRUE,FALSE,FALSE,FALSE
amended,8866d320c3fffff,18.2672025417944,FALSE,TRUE,TRUE,0,0,0,"",FALSE,FALSE,TRUE,TRUE,TRUE,TRUE,FALSE,FALSE
amended,8866d320c5fffff,16.5530191296096,FALSE,FALSE,FALSE,0,0,0,"",FALSE,FALSE,FALSE,FALSE,TRUE,FALSE,FALSE,FALSE
amended,8866d320c7fffff,17.4667586756665,FALSE,FALSE,FALSE,0,0,0,"",FALSE,FALSE,FALSE,FALSE,TRUE,FALSE,FALSE,FALSE
amended,8866d320cbfffff,18.192606729996,FALSE,TRUE,FALSE,0,0,0,"",FALSE,FALSE,TRUE,FALSE,TRUE,FALSE,FALSE,FALSE
amended,8866d320cdfffff,16.4758953541822,FALSE,FALSE,FALSE,0,0,0,"",FALSE,FALSE,FALSE,FALSE,TRUE,FALSE,FALSE,FALSE
amended,8866d320d1fffff,19.9828589426271,FALSE,FALSE,TRUE,0,0,0,"",FALSE,FALSE,FALSE,FALSE,TRUE,TRUE,FALSE,FALSE
amended,8866d320d3fffff,20.8889175149581,FALSE,FALSE,FALSE,0,0,0,"",FALSE,FALSE,FALSE,FALSE,TRUE,FALSE,FALSE,FALSE
amended,8866d320d5fffff,19.1767921419235,FALSE,FALSE,FALSE,0,0,0,"",FALSE,FALSE,FALSE,FALSE,TRUE,FALSE,FALSE,FALSE
amended,8866d320d7fffff,20.0941399253179,FALSE,FALSE,FALSE,0,0,0,"",FALSE,FALSE,FALSE,FALSE,TRUE,FALSE,FALSE,FALSE
amended,8866d320d9fffff,19.9103519600623,FALSE,FALSE,FALSE,5,4,1,negative ratio,FALSE,FALSE,FALSE,FALSE,FALSE,FALSE,FALSE,FALSE
amended,8866d320dbfffff,20.8046835410402,FALSE,FALSE,FALSE,0,0,0,"",FALSE,FALSE,FALSE,FALSE,TRUE,FALSE,FALSE,FALSE
amended,8866d320ddfffff,19.0853044846867,FALSE,FALSE,TRUE,0,0,0,"",FALSE,FALSE,FALSE,FALSE,TRUE,TRUE,FALSE,FALSE
amended,8866d320e1fffff,15.9157433125169,FALSE,FALSE,TRUE,0,0,0,"",FALSE,FALSE,FALSE,FALSE,TRUE,TRUE,FALSE,FALSE
amended,8866d320e3fffff,16.7385182746778,FALSE,FALSE,FALSE,0,0,0,"",FALSE,FALSE,FALSE,FALSE,TRUE,FALSE,FALSE,FALSE
amended,8866d320e5fffff,15.0190419704247,FALSE,FALSE,FALSE,0,0,0,"",FALSE,FALSE,FALSE,FALSE,TRUE,FALSE,FALSE,FALSE
amended,8866d320e7fffff,15.8565881554737,FALSE,FALSE,FALSE,0,0,0,"",FALSE,FALSE,FALSE,FALSE,TRUE,FALSE,FALSE,FALSE
amended,8866d320e9fffff,15.7595027273976,FALSE,FALSE,TRUE,0,0,0,"",FALSE,FALSE,FALSE,FALSE,TRUE,TRUE,FALSE,FALSE
amended,8866d320ebfffff,16.6865201837092,FALSE,FALSE,FALSE,0,0,0,"",FALSE,FALSE,FALSE,FALSE,TRUE,FALSE,FALSE,FALSE
amended,8866d320edfffff,14.989227910401,FALSE,FALSE,TRUE,0,0,0,"",FALSE,FALSE,FALSE,FALSE,TRUE,TRUE,FALSE,FALSE
amended,8866d32101fffff,6.4492633169689,FALSE,TRUE,TRUE,0,0,0,"",FALSE,FALSE,TRUE,TRUE,TRUE,TRUE,FALSE,FALSE
amended,8866d32103fffff,7.25160951188732,FALSE,TRUE,FALSE,0,0,0,"",FALSE,FALSE,TRUE,FALSE,TRUE,FALSE,FALSE,FALSE
amended,8866d32105fffff,5.53431397041598,FALSE,TRUE,FALSE,0,0,0,"",FALSE,FALSE,TRUE,FALSE,TRUE,FALSE,FALSE,FALSE
amended,8866d32107fffff,6.3729088621265,FALSE,TRUE,TRUE,0,0,0,"",FALSE,FALSE,TRUE,TRUE,TRUE,TRUE,FALSE,FALSE
amended,8866d32109fffff,6.66928490521105,FALSE,FALSE,FALSE,0,0,0,"",FALSE,FALSE,FALSE,FALSE,TRUE,FALSE,FALSE,FALSE
amended,8866d3210bfffff,7.38337198483599,FALSE,TRUE,FALSE,0,0,0,"",FALSE,FALSE,TRUE,FALSE,TRUE,FALSE,FALSE,FALSE
amended,8866d3210dfffff,5.70663476784457,FALSE,FALSE,FALSE,0,0,0,"",FALSE,FALSE,FALSE,FALSE,TRUE,FALSE,FALSE,FALSE
amended,8866d32111fffff,8.97109360241002,FALSE,TRUE,TRUE,0,0,0,"",FALSE,FALSE,TRUE,TRUE,TRUE,TRUE,FALSE,FALSE
amended,8866d32113fffff,9.81897897638588,TRUE,TRUE,TRUE,0,0,0,"",TRUE,TRUE,TRUE,TRUE,TRUE,TRUE,TRUE,TRUE
amended,8866d32115fffff,8.09594745787017,FALSE,TRUE,TRUE,0,0,0,"",FALSE,FALSE,TRUE,TRUE,TRUE,TRUE,FALSE,FALSE
amended,8866d32117fffff,8.97043624744233,TRUE,TRUE,TRUE,0,0,0,"",TRUE,TRUE,TRUE,TRUE,TRUE,TRUE,TRUE,TRUE
amended,8866d32119fffff,9.07743356997836,FALSE,TRUE,FALSE,0,0,0,"",FALSE,FALSE,TRUE,FALSE,TRUE,FALSE,FALSE,FALSE
amended,8866d3211bfffff,9.86778938641752,FALSE,FALSE,TRUE,0,0,0,"",FALSE,FALSE,FALSE,FALSE,TRUE,TRUE,FALSE,FALSE
amended,8866d3211dfffff,8.15564323546003,FALSE,TRUE,FALSE,0,0,0,"",FALSE,FALSE,TRUE,FALSE,TRUE,FALSE,FALSE,FALSE
amended,8866d32121fffff,4.74777942764556,TRUE,TRUE,FALSE,0,0,0,"",TRUE,FALSE,TRUE,FALSE,TRUE,FALSE,TRUE,FALSE
amended,8866d32123fffff,5.69889498922852,FALSE,TRUE,TRUE,0,0,0,"",FALSE,FALSE,TRUE,TRUE,TRUE,TRUE,FALSE,FALSE
amended,8866d32125fffff,4.05476432136936,TRUE,TRUE,TRUE,0,0,0,"",TRUE,TRUE,TRUE,TRUE,TRUE,TRUE,TRUE,TRUE
amended,8866d32127fffff,5.03682121906222,TRUE,TRUE,FALSE,0,0,0,"",TRUE,FALSE,TRUE,FALSE,TRUE,FALSE,TRUE,FALSE
amended,8866d32129fffff,4.64986860537133,FALSE,TRUE,FALSE,0,0,0,"",FALSE,FALSE,TRUE,FALSE,TRUE,FALSE,FALSE,FALSE
amended,8866d3212bfffff,5.53164461471767,TRUE,TRUE,FALSE,0,0,0,"",TRUE,FALSE,TRUE,FALSE,TRUE,FALSE,TRUE,FALSE
amended,8866d3212dfffff,3.81721528758702,TRUE,TRUE,TRUE,0,0,0,"",TRUE,TRUE,TRUE,TRUE,TRUE,TRUE,FALSE,FALSE
amended,8866d32131fffff,7.37915937907476,TRUE,TRUE,FALSE,0,0,0,"",TRUE,FALSE,TRUE,FALSE,TRUE,FALSE,TRUE,FALSE
amended,8866d32133fffff,8.32630712763209,TRUE,TRUE,TRUE,0,0,0,"",TRUE,TRUE,TRUE,TRUE,TRUE,TRUE,TRUE,TRUE
amended,8866d32135fffff,6.66177693410644,TRUE,TRUE,TRUE,0,0,0,"",TRUE,TRUE,TRUE,TRUE,TRUE,TRUE,TRUE,TRUE
amended,8866d32137fffff,7.63198323790183,FALSE,TRUE,TRUE,0,0,0,"",FALSE,FALSE,TRUE,TRUE,TRUE,TRUE,FALSE,FALSE
amended,8866d32139fffff,7.2501722314102,FALSE,TRUE,FALSE,0,0,0,"",FALSE,FALSE,TRUE,FALSE,TRUE,FALSE,FALSE,FALSE
amended,8866d3213bfffff,8.15364190641441,FALSE,TRUE,FALSE,0,0,0,"",FALSE,FALSE,TRUE,FALSE,TRUE,FALSE,FALSE,FALSE
amended,8866d3213dfffff,6.44535585184967,TRUE,TRUE,TRUE,0,0,0,"",TRUE,TRUE,TRUE,TRUE,TRUE,TRUE,TRUE,TRUE
amended,8866d32141fffff,5.40826833699801,FALSE,FALSE,TRUE,0,0,0,"",FALSE,FALSE,FALSE,FALSE,TRUE,TRUE,FALSE,FALSE
amended,8866d32143fffff,6.3663836122463,FALSE,FALSE,TRUE,0,0,0,"",FALSE,FALSE,FALSE,FALSE,TRUE,TRUE,FALSE,FALSE
amended,8866d32145fffff,4.73248895955975,FALSE,TRUE,FALSE,0,0,0,"",FALSE,FALSE,TRUE,FALSE,TRUE,FALSE,FALSE,FALSE
amended,8866d32147fffff,5.71581563985507,FALSE,FALSE,TRUE,0,0,0,"",FALSE,FALSE,FALSE,FALSE,TRUE,TRUE,FALSE,FALSE
amended,8866d32149fffff,5.26642367526013,FALSE,FALSE,FALSE,0,0,0,"",FALSE,FALSE,FALSE,FALSE,TRUE,FALSE,FALSE,FALSE
amended,8866d3214bfffff,6.16919123178965,FALSE,FALSE,FALSE,0,0,0,"",FALSE,FALSE,FALSE,FALSE,TRUE,FALSE,FALSE,FALSE
amended,8866d3214dfffff,4.46464313299191,FALSE,TRUE,TRUE,0,0,0,"",FALSE,FALSE,TRUE,TRUE,TRUE,TRUE,FALSE,FALSE
amended,8866d32151fffff,8.03752957705628,FALSE,TRUE,TRUE,0,0,0,"",FALSE,FALSE,TRUE,TRUE,TRUE,TRUE,FALSE,FALSE
amended,8866d32155fffff,7.33332229046614,FALSE,TRUE,TRUE,0,0,0,"",FALSE,FALSE,TRUE,TRUE,TRUE,TRUE,FALSE,FALSE
amended,8866d32157fffff,8.30601278716209,FALSE,TRUE,TRUE,0,0,0,"",FALSE,FALSE,TRUE,TRUE,TRUE,TRUE,FALSE,FALSE
amended,8866d32159fffff,7.88169406837237,FALSE,TRUE,TRUE,0,0,0,"",FALSE,FALSE,TRUE,TRUE,TRUE,TRUE,FALSE,FALSE
amended,8866d3215bfffff,8.79673581225572,FALSE,FALSE,TRUE,0,0,0,"",FALSE,FALSE,FALSE,FALSE,TRUE,TRUE,FALSE,FALSE
amended,8866d3215dfffff,7.09561529177358,FALSE,TRUE,TRUE,0,0,0,"",FALSE,FALSE,TRUE,TRUE,TRUE,TRUE,FALSE,FALSE
amended,8866d32161fffff,4.06871202159264,TRUE,TRUE,TRUE,0,0,0,"",TRUE,TRUE,TRUE,TRUE,TRUE,TRUE,TRUE,TRUE
amended,8866d32163fffff,4.75487467098164,FALSE,TRUE,FALSE,0,0,0,"",FALSE,FALSE,TRUE,FALSE,TRUE,FALSE,FALSE,FALSE
amended,8866d32165fffff,3.09227166455612,TRUE,TRUE,TRUE,0,0,0,"",TRUE,TRUE,TRUE,TRUE,TRUE,TRUE,FALSE,FALSE
amended,8866d32167fffff,3.82217399466199,TRUE,TRUE,TRUE,0,0,0,"",TRUE,TRUE,TRUE,TRUE,TRUE,TRUE,FALSE,FALSE
amended,8866d32169fffff,4.18334449867826,TRUE,TRUE,TRUE,0,0,0,"",TRUE,TRUE,TRUE,TRUE,TRUE,TRUE,TRUE,TRUE
amended,8866d3216bfffff,5.05012217152887,FALSE,FALSE,FALSE,0,0,0,"",FALSE,FALSE,FALSE,FALSE,TRUE,FALSE,FALSE,FALSE
amended,8866d3216dfffff,3.53061297758435,FALSE,TRUE,FALSE,0,0,0,"",FALSE,FALSE,TRUE,FALSE,TRUE,FALSE,FALSE,FALSE
amended,8866d32181fffff,12.6422949890701,FALSE,FALSE,FALSE,0,0,0,"",FALSE,FALSE,FALSE,FALSE,TRUE,FALSE,FALSE,FALSE
amended,8866d32183fffff,13.5861502179538,TRUE,TRUE,FALSE,0,0,0,"",TRUE,FALSE,TRUE,FALSE,TRUE,FALSE,TRUE,FALSE
amended,8866d32185fffff,11.9084411938525,FALSE,TRUE,FALSE,0,0,0,"",FALSE,FALSE,TRUE,FALSE,TRUE,FALSE,FALSE,FALSE
amended,8866d32187fffff,12.8669891466736,TRUE,TRUE,FALSE,0,0,0,"",TRUE,FALSE,TRUE,FALSE,TRUE,FALSE,TRUE,FALSE
amended,8866d32189fffff,12.4901687965074,FALSE,FALSE,FALSE,0,0,0,"",FALSE,FALSE,FALSE,FALSE,TRUE,FALSE,FALSE,FALSE
amended,8866d3218bfffff,13.4089887748614,FALSE,FALSE,FALSE,0,0,0,"",FALSE,FALSE,FALSE,FALSE,TRUE,FALSE,FALSE,FALSE
amended,8866d3218dfffff,11.7063390170333,FALSE,FALSE,FALSE,0,0,0,"",FALSE,FALSE,FALSE,FALSE,TRUE,FALSE,FALSE,FALSE
amended,8866d32191fffff,15.2739724914458,FALSE,FALSE,FALSE,0,0,0,"",FALSE,FALSE,FALSE,FALSE,TRUE,FALSE,FALSE,FALSE
amended,8866d32193fffff,16.2170013470732,FALSE,FALSE,TRUE,0,0,0,"",FALSE,FALSE,FALSE,FALSE,TRUE,TRUE,FALSE,FALSE
amended,8866d32195fffff,14.5363713280284,FALSE,TRUE,FALSE,0,0,0,"",FALSE,FALSE,TRUE,FALSE,TRUE,FALSE,FALSE,FALSE
amended,8866d32197fffff,15.4917918875857,FALSE,FALSE,TRUE,0,0,0,"",FALSE,FALSE,FALSE,FALSE,TRUE,TRUE,FALSE,FALSE
amended,8866d32199fffff,15.1162656162571,TRUE,TRUE,FALSE,0,0,0,"",TRUE,FALSE,TRUE,FALSE,TRUE,FALSE,TRUE,FALSE
amended,8866d3219bfffff,16.03866751835,FALSE,FALSE,TRUE,0,0,0,"",FALSE,FALSE,FALSE,FALSE,TRUE,TRUE,FALSE,FALSE
amended,8866d3219dfffff,14.3375114815987,TRUE,TRUE,FALSE,0,0,0,"",TRUE,FALSE,TRUE,FALSE,TRUE,FALSE,TRUE,FALSE
amended,8866d321a1fffff,11.5491180559418,TRUE,TRUE,FALSE,0,0,0,"",TRUE,FALSE,TRUE,FALSE,TRUE,FALSE,TRUE,FALSE
amended,8866d321a3fffff,12.533255003578,TRUE,TRUE,TRUE,0,0,0,"",TRUE,TRUE,TRUE,TRUE,TRUE,TRUE,TRUE,TRUE
amended,8866d321a5fffff,10.9649124836415,FALSE,TRUE,FALSE,0,0,0,"",FALSE,FALSE,TRUE,FALSE,TRUE,FALSE,FALSE,FALSE
amended,8866d321a7fffff,11.9550075590391,FALSE,TRUE,FALSE,0,0,0,"",FALSE,FALSE,TRUE,FALSE,TRUE,FALSE,FALSE,FALSE
amended,8866d321a9fffff,11.2138852936811,TRUE,TRUE,TRUE,0,0,0,"",TRUE,TRUE,TRUE,TRUE,TRUE,TRUE,TRUE,TRUE
amended,8866d321abfffff,12.1857387028582,TRUE,TRUE,TRUE,0,0,0,"",TRUE,TRUE,TRUE,TRUE,TRUE,TRUE,TRUE,TRUE
amended,8866d321adfffff,10.566388860668,FALSE,TRUE,TRUE,0,0,0,"",FALSE,FALSE,TRUE,TRUE,TRUE,TRUE,FALSE,FALSE
amended,8866d321b1fffff,14.1377065283438,FALSE,TRUE,FALSE,0,0,0,"",FALSE,FALSE,TRUE,FALSE,TRUE,FALSE,FALSE,FALSE
amended,8866d321b3fffff,15.116764364464,FALSE,TRUE,FALSE,0,0,0,"",FALSE,FALSE,TRUE,FALSE,TRUE,FALSE,FALSE,FALSE
amended,8866d321b5fffff,13.518497914758,FALSE,TRUE,FALSE,0,0,0,"",FALSE,FALSE,TRUE,FALSE,TRUE,FALSE,FALSE,FALSE
amended,8866d321b7fffff,14.5046266802512,FALSE,TRUE,FALSE,0,0,0,"",FALSE,FALSE,TRUE,FALSE,TRUE,FALSE,FALSE,FALSE
amended,8866d321b9fffff,13.8302067899049,FALSE,TRUE,FALSE,0,0,0,"",FALSE,FALSE,TRUE,FALSE,TRUE,FALSE,FALSE,FALSE
amended,8866d321bbfffff,14.797187391298,FALSE,FALSE,FALSE,0,0,0,"",FALSE,FALSE,FALSE,FALSE,TRUE,FALSE,FALSE,FALSE
amended,8866d321bdfffff,13.1605477714264,TRUE,TRUE,TRUE,0,0,0,"",TRUE,TRUE,TRUE,TRUE,TRUE,TRUE,TRUE,TRUE
amended,8866d321c1fffff,11.5420010852602,FALSE,TRUE,TRUE,0,0,0,"",FALSE,FALSE,TRUE,TRUE,TRUE,TRUE,FALSE,FALSE
amended,8866d321c3fffff,12.4132651456834,FALSE,TRUE,TRUE,0,0,0,"",FALSE,FALSE,TRUE,TRUE,TRUE,TRUE,FALSE,FALSE
amended,8866d321c5fffff,10.6915926838401,FALSE,TRUE,FALSE,0,0,0,"",FALSE,FALSE,TRUE,FALSE,TRUE,FALSE,FALSE,FALSE
amended,8866d321c7fffff,11.5833541073509,FALSE,TRUE,FALSE,0,0,0,"",FALSE,FALSE,TRUE,FALSE,TRUE,FALSE,FALSE,FALSE
amended,8866d321c9fffff,11.5831395878832,FALSE,FALSE,TRUE,0,0,0,"",FALSE,FALSE,FALSE,FALSE,TRUE,TRUE,FALSE,FALSE
amended,8866d321cbfffff,12.4129685120307,FALSE,FALSE,FALSE,0,0,0,"",FALSE,FALSE,FALSE,FALSE,TRUE,FALSE,FALSE,FALSE
amended,8866d321cdfffff,10.691704522231,FALSE,FALSE,FALSE,0,0,0,"",FALSE,FALSE,FALSE,FALSE,TRUE,FALSE,FALSE,FALSE
amended,8866d321d1fffff,14.1352604017819,FALSE,FALSE,TRUE,0,0,0,"",FALSE,FALSE,FALSE,FALSE,TRUE,TRUE,FALSE,FALSE
amended,8866d321d3fffff,15.0205535029052,FALSE,FALSE,TRUE,0,0,0,"",FALSE,FALSE,FALSE,FALSE,TRUE,TRUE,FALSE,FALSE
amended,8866d321d5fffff,13.301382883545,FALSE,FALSE,FALSE,0,0,0,"",FALSE,FALSE,FALSE,FALSE,TRUE,FALSE,FALSE,FALSE
amended,8866d321d7fffff,14.2031984864517,FALSE,FALSE,FALSE,0,0,0,"",FALSE,FALSE,FALSE,FALSE,TRUE,FALSE,FALSE,FALSE
amended,8866d321d9fffff,14.134642311955,FALSE,FALSE,FALSE,0,0,0,"",FALSE,FALSE,FALSE,FALSE,TRUE,FALSE,FALSE,FALSE
amended,8866d321dbfffff,14.9880125279639,FALSE,FALSE,FALSE,0,0,0,"",FALSE,FALSE,FALSE,FALSE,TRUE,FALSE,FALSE,FALSE
amended,8866d321ddfffff,13.2650125330556,FALSE,TRUE,FALSE,0,0,0,"",FALSE,FALSE,TRUE,FALSE,TRUE,FALSE,FALSE,FALSE
amended,8866d321e1fffff,10.0106842831792,TRUE,TRUE,FALSE,0,0,0,"",TRUE,FALSE,TRUE,FALSE,TRUE,FALSE,TRUE,FALSE
amended,8866d321e3fffff,10.9557817069394,TRUE,TRUE,TRUE,0,0,0,"",TRUE,TRUE,TRUE,TRUE,TRUE,TRUE,TRUE,TRUE
amended,8866d321e5fffff,9.28272365201885,TRUE,TRUE,TRUE,0,0,0,"",TRUE,TRUE,TRUE,TRUE,TRUE,TRUE,TRUE,TRUE
amended,8866d321e7fffff,10.2458211695596,TRUE,TRUE,FALSE,0,0,0,"",TRUE,FALSE,TRUE,FALSE,TRUE,FALSE,TRUE,FALSE
amended,8866d321e9fffff,9.86707042569347,FALSE,TRUE,TRUE,0,0,0,"",FALSE,FALSE,TRUE,TRUE,TRUE,TRUE,FALSE,FALSE
amended,8866d321ebfffff,10.7803328523165,FALSE,TRUE,FALSE,0,0,0,"",FALSE,FALSE,TRUE,FALSE,TRUE,FALSE,FALSE,FALSE
amended,8866d321edfffff,9.07550323727002,TRUE,TRUE,TRUE,0,0,0,"",TRUE,TRUE,TRUE,TRUE,TRUE,TRUE,TRUE,TRUE
amended,8866d32201fffff,12.2662286542029,TRUE,TRUE,TRUE,0,0,0,"",TRUE,TRUE,TRUE,TRUE,TRUE,TRUE,TRUE,TRUE
amended,8866d32203fffff,12.9754720200985,FALSE,TRUE,TRUE,0,0,0,"",FALSE,FALSE,TRUE,TRUE,TRUE,TRUE,FALSE,FALSE
amended,8866d32205fffff,11.3057578379001,TRUE,TRUE,TRUE,0,0,0,"",TRUE,TRUE,TRUE,TRUE,TRUE,TRUE,TRUE,TRUE
amended,8866d32207fffff,12.0297763891381,TRUE,TRUE,TRUE,0,0,0,"",TRUE,TRUE,TRUE,TRUE,TRUE,TRUE,TRUE,TRUE
amended,8866d32209fffff,12.5542553135237,FALSE,TRUE,FALSE,0,0,0,"",FALSE,FALSE,TRUE,FALSE,TRUE,FALSE,FALSE,FALSE
amended,8866d3220bfffff,13.2308365753946,TRUE,TRUE,TRUE,0,0,0,"",TRUE,TRUE,TRUE,TRUE,TRUE,TRUE,TRUE,TRUE
amended,8866d3220dfffff,11.5983745599674,FALSE,TRUE,TRUE,0,0,0,"",FALSE,FALSE,TRUE,TRUE,TRUE,TRUE,FALSE,FALSE
amended,8866d32211fffff,14.6573836498378,TRUE,TRUE,TRUE,0,0,0,"",TRUE,TRUE,TRUE,TRUE,TRUE,TRUE,TRUE,TRUE
amended,8866d32213fffff,15.4168039644786,FALSE,FALSE,FALSE,0,0,0,"",FALSE,FALSE,FALSE,FALSE,TRUE,FALSE,FALSE,FALSE
amended,8866d32215fffff,13.7196929072271,FALSE,FALSE,TRUE,0,0,0,"",FALSE,FALSE,FALSE,FALSE,TRUE,TRUE,FALSE,FALSE
amended,8866d32217fffff,14.4935095058408,FALSE,FALSE,FALSE,0,0,0,"",FALSE,FALSE,FALSE,FALSE,TRUE,FALSE,FALSE,FALSE
amended,8866d32219fffff,14.8835725403707,TRUE,TRUE,TRUE,0,0,0,"",TRUE,TRUE,TRUE,TRUE,TRUE,TRUE,TRUE,TRUE
amended,8866d3221bfffff,15.601347728205,TRUE,TRUE,FALSE,0,0,0,"",TRUE,FALSE,TRUE,FALSE,TRUE,FALSE,TRUE,FALSE
amended,8866d3221dfffff,13.9271202168943,TRUE,TRUE,TRUE,0,0,0,"",TRUE,TRUE,TRUE,TRUE,TRUE,TRUE,TRUE,TRUE
amended,8866d32221fffff,10.162920438324,TRUE,TRUE,TRUE,0,0,0,"",TRUE,TRUE,TRUE,TRUE,TRUE,TRUE,TRUE,TRUE
amended,8866d32223fffff,10.9604103224109,FALSE,TRUE,TRUE,0,0,0,"",FALSE,FALSE,TRUE,TRUE,TRUE,TRUE,FALSE,FALSE
amended,8866d32225fffff,9.24673635678483,TRUE,TRUE,TRUE,0,0,0,"",TRUE,TRUE,TRUE,TRUE,TRUE,TRUE,TRUE,TRUE
amended,8866d32227fffff,10.0668063765542,TRUE,TRUE,TRUE,0,0,0,"",TRUE,TRUE,TRUE,TRUE,TRUE,TRUE,TRUE,TRUE
amended,8866d32229fffff,10.3505854515646,FALSE,TRUE,TRUE,0,0,0,"",FALSE,FALSE,TRUE,TRUE,TRUE,TRUE,FALSE,FALSE
amended,8866d3222bfffff,11.0915649593169,TRUE,TRUE,TRUE,0,0,0,"",TRUE,TRUE,TRUE,TRUE,TRUE,TRUE,TRUE,TRUE
amended,8866d3222dfffff,9.40233693144467,TRUE,TRUE,TRUE,0,0,0,"",TRUE,TRUE,TRUE,TRUE,TRUE,TRUE,TRUE,TRUE
amended,8866d32231fffff,12.6764824937306,FALSE,FALSE,FALSE,0,0,0,"",FALSE,FALSE,FALSE,FALSE,TRUE,FALSE,FALSE,FALSE
amended,8866d32233fffff,13.50835736893,FALSE,FALSE,FALSE,0,0,0,"",FALSE,FALSE,FALSE,FALSE,TRUE,FALSE,FALSE,FALSE
amended,8866d32235fffff,11.7873246581668,FALSE,FALSE,FALSE,0,0,0,"",FALSE,FALSE,FALSE,FALSE,TRUE,FALSE,FALSE,FALSE
amended,8866d32237fffff,12.6378950374139,FALSE,FALSE,TRUE,0,0,0,"",FALSE,FALSE,FALSE,FALSE,TRUE,TRUE,FALSE,FALSE
amended,8866d32239fffff,12.7896631599853,FALSE,TRUE,TRUE,0,0,0,"",FALSE,FALSE,TRUE,TRUE,TRUE,TRUE,FALSE,FALSE
amended,8866d3223bfffff,13.5794037510633,FALSE,FALSE,FALSE,0,0,0,"",FALSE,FALSE,FALSE,FALSE,TRUE,FALSE,FALSE,FALSE
amended,8866d3223dfffff,11.8691037872668,FALSE,TRUE,FALSE,0,0,0,"",FALSE,FALSE,TRUE,FALSE,TRUE,FALSE,FALSE,FALSE
amended,8866d32241fffff,12.1711755251071,FALSE,FALSE,FALSE,0,0,0,"",FALSE,FALSE,FALSE,FALSE,TRUE,FALSE,FALSE,FALSE
amended,8866d32243fffff,12.818811268579,FALSE,TRUE,TRUE,0,0,0,"",FALSE,FALSE,TRUE,TRUE,TRUE,TRUE,FALSE,FALSE
amended,8866d32245fffff,11.1933266271333,FALSE,TRUE,TRUE,0,0,0,"",FALSE,FALSE,TRUE,TRUE,TRUE,TRUE,FALSE,FALSE
amended,8866d32247fffff,11.8519137249723,FALSE,TRUE,TRUE,0,0,0,"",FALSE,FALSE,TRUE,TRUE,TRUE,TRUE,FALSE,FALSE
amended,8866d32249fffff,12.5583077311247,FALSE,TRUE,FALSE,0,0,0,"",FALSE,FALSE,TRUE,FALSE,TRUE,FALSE,FALSE,FALSE
amended,8866d3224bfffff,13.1506124699235,FALSE,TRUE,TRUE,0,0,0,"",FALSE,FALSE,TRUE,TRUE,TRUE,TRUE,FALSE,FALSE
amended,8866d3224dfffff,11.5722558662958,FALSE,FALSE,TRUE,0,0,0,"",FALSE,FALSE,FALSE,FALSE,TRUE,TRUE,FALSE,FALSE
amended,8866d32251fffff,14.4667120192248,FALSE,FALSE,FALSE,0,0,0,"",FALSE,FALSE,FALSE,FALSE,TRUE,FALSE,FALSE,FALSE
amended,8866d32253fffff,15.1692775931877,FALSE,TRUE,TRUE,0,0,0,"",FALSE,FALSE,TRUE,TRUE,TRUE,TRUE,FALSE,FALSE
amended,8866d32255fffff,13.5081637264373,FALSE,TRUE,TRUE,0,0,0,"",FALSE,FALSE,TRUE,TRUE,TRUE,TRUE,FALSE,FALSE
amended,8866d32257fffff,14.1987314632791,FALSE,FALSE,TRUE,0,0,0,"",FALSE,FALSE,FALSE,FALSE,TRUE,TRUE,FALSE,FALSE
amended,8866d32259fffff,14.7611729424085,FALSE,TRUE,TRUE,0,0,0,"",FALSE,FALSE,TRUE,TRUE,TRUE,TRUE,FALSE,FALSE
amended,8866d3225bfffff,15.4290289962617,FALSE,FALSE,TRUE,0,0,0,"",FALSE,FALSE,FALSE,FALSE,TRUE,TRUE,FALSE,FALSE
amended,8866d3225dfffff,13.7887675710302,FALSE,TRUE,TRUE,0,0,0,"",FALSE,FALSE,TRUE,TRUE,TRUE,TRUE,FALSE,FALSE
amended,8866d32261fffff,9.93090636580745,FALSE,TRUE,FALSE,0,0,0,"",FALSE,FALSE,TRUE,FALSE,TRUE,FALSE,FALSE,FALSE
amended,8866d32263fffff,10.6249352798969,FALSE,TRUE,TRUE,0,0,0,"",FALSE,FALSE,TRUE,TRUE,TRUE,TRUE,FALSE,FALSE
amended,8866d32265fffff,8.97955469435132,FALSE,FALSE,FALSE,0,0,0,"",FALSE,FALSE,FALSE,FALSE,TRUE,FALSE,FALSE,FALSE
amended,8866d32267fffff,9.65457856925807,FALSE,TRUE,TRUE,0,0,0,"",FALSE,FALSE,TRUE,TRUE,TRUE,TRUE,FALSE,FALSE
amended,8866d32269fffff,10.2175314245205,FALSE,TRUE,TRUE,0,0,0,"",FALSE,FALSE,TRUE,TRUE,TRUE,TRUE,FALSE,FALSE
amended,8866d3226bfffff,10.888898900238,FALSE,TRUE,FALSE,0,0,0,"",FALSE,FALSE,TRUE,FALSE,TRUE,FALSE,FALSE,FALSE
amended,8866d3226dfffff,9.24445096882951,FALSE,FALSE,FALSE,0,0,0,"",FALSE,FALSE,FALSE,FALSE,TRUE,FALSE,FALSE,FALSE
amended,8866d32283fffff,18.673446216787,FALSE,TRUE,TRUE,0,0,0,"",FALSE,FALSE,TRUE,TRUE,TRUE,TRUE,FALSE,FALSE
amended,8866d32285fffff,16.9513941304936,FALSE,FALSE,TRUE,0,0,0,"",FALSE,FALSE,FALSE,FALSE,TRUE,TRUE,FALSE,FALSE
amended,8866d32287fffff,17.8325709175485,FALSE,FALSE,FALSE,0,0,0,"",FALSE,FALSE,FALSE,FALSE,TRUE,FALSE,FALSE,FALSE
amended,8866d32289fffff,17.8321231172526,FALSE,TRUE,FALSE,0,0,0,"",FALSE,FALSE,TRUE,FALSE,TRUE,FALSE,FALSE,FALSE
amended,8866d3228bfffff,18.6730828515223,FALSE,TRUE,TRUE,0,0,0,"",FALSE,FALSE,TRUE,TRUE,TRUE,TRUE,FALSE,FALSE
amended,8866d3228dfffff,16.9513232383968,FALSE,FALSE,TRUE,0,0,0,"",FALSE,FALSE,FALSE,FALSE,TRUE,TRUE,FALSE,FALSE
amended,8866d32295fffff,19.5530337871125,FALSE,TRUE,FALSE,0,0,0,"",FALSE,FALSE,TRUE,FALSE,TRUE,FALSE,FALSE,FALSE
amended,8866d3229dfffff,19.5281573169661,FALSE,FALSE,TRUE,17,13,4,negative ratio,FALSE,FALSE,FALSE,FALSE,FALSE,FALSE,FALSE,FALSE
amended,8866d322a1fffff,16.2009366065005,FALSE,FALSE,FALSE,0,0,0,"",FALSE,FALSE,FALSE,FALSE,TRUE,FALSE,FALSE,FALSE
amended,8866d322a3fffff,17.119366908941,FALSE,FALSE,FALSE,0,0,0,"",FALSE,FALSE,FALSE,FALSE,TRUE,FALSE,FALSE,FALSE
amended,8866d322a5fffff,15.4154959227132,FALSE,FALSE,TRUE,0,0,0,"",FALSE,FALSE,FALSE,FALSE,TRUE,TRUE,FALSE,FALSE
amended,8866d322a7fffff,16.3472567080929,FALSE,FALSE,FALSE,0,0,0,"",FALSE,FALSE,FALSE,FALSE,TRUE,FALSE,FALSE,FALSE
amended,8866d322a9fffff,16.1125525347632,FALSE,FALSE,FALSE,0,0,0,"",FALSE,FALSE,FALSE,FALSE,TRUE,FALSE,FALSE,FALSE
amended,8866d322abfffff,17.0075895867982,FALSE,FALSE,TRUE,0,0,0,"",FALSE,FALSE,FALSE,FALSE,TRUE,TRUE,FALSE,FALSE
amended,8866d322adfffff,15.2916211851803,FALSE,FALSE,TRUE,0,0,0,"",FALSE,FALSE,FALSE,FALSE,TRUE,TRUE,FALSE,FALSE
amended,8866d322b1fffff,18.8266525143098,FALSE,TRUE,TRUE,0,0,0,"",FALSE,FALSE,TRUE,TRUE,TRUE,TRUE,FALSE,FALSE
amended,8866d322b3fffff,19.7480160014453,FALSE,FALSE,FALSE,0,0,0,"",FALSE,FALSE,FALSE,FALSE,TRUE,FALSE,FALSE,FALSE
amended,8866d322b5fffff,18.0455246591177,FALSE,TRUE,FALSE,0,0,0,"",FALSE,FALSE,TRUE,FALSE,TRUE,FALSE,FALSE,FALSE
amended,8866d322b7fffff,18.9782825773381,FALSE,TRUE,TRUE,0,0,0,"",FALSE,FALSE,TRUE,TRUE,TRUE,TRUE,FALSE,FALSE
amended,8866d322b9fffff,18.7247720100115,FALSE,TRUE,FALSE,0,0,0,"",FALSE,FALSE,TRUE,FALSE,TRUE,FALSE,FALSE,FALSE
amended,8866d322bbfffff,19.6264978767697,FALSE,FALSE,FALSE,2,2,0,negative ratio,FALSE,FALSE,FALSE,FALSE,FALSE,FALSE,FALSE,FALSE
amended,8866d322bdfffff,17.9127762050928,FALSE,TRUE,TRUE,0,0,0,"",FALSE,FALSE,TRUE,TRUE,TRUE,TRUE,FALSE,FALSE
amended,8866d322c1fffff,17.1189659249318,TRUE,TRUE,FALSE,0,0,0,"",TRUE,FALSE,TRUE,FALSE,TRUE,FALSE,TRUE,FALSE
amended,8866d322c3fffff,17.9118654896211,TRUE,TRUE,FALSE,0,0,0,"",TRUE,FALSE,TRUE,FALSE,TRUE,FALSE,TRUE,FALSE
amended,8866d322c5fffff,16.2012863210276,FALSE,FALSE,FALSE,0,0,0,"",FALSE,FALSE,FALSE,FALSE,TRUE,FALSE,FALSE,FALSE
amended,8866d322c7fffff,17.0073675469963,FALSE,FALSE,FALSE,0,0,0,"",FALSE,FALSE,FALSE,FALSE,TRUE,FALSE,FALSE,FALSE
amended,8866d322c9fffff,17.2850324544462,FALSE,TRUE,TRUE,0,0,0,"",FALSE,FALSE,TRUE,TRUE,TRUE,TRUE,FALSE,FALSE
amended,8866d322cbfffff,18.0441211840384,TRUE,TRUE,FALSE,0,0,0,"",TRUE,FALSE,TRUE,FALSE,TRUE,FALSE,TRUE,FALSE
amended,8866d322cdfffff,16.347724224136,TRUE,TRUE,TRUE,0,0,0,"",TRUE,TRUE,TRUE,TRUE,TRUE,TRUE,TRUE,TRUE
amended,8866d322d1fffff,19.6245105546371,FALSE,FALSE,TRUE,0,0,0,"",FALSE,FALSE,FALSE,FALSE,TRUE,TRUE,FALSE,FALSE
amended,8866d322d3fffff,20.441009330184,FALSE,FALSE,FALSE,0,0,0,"",FALSE,FALSE,FALSE,FALSE,TRUE,FALSE,FALSE,FALSE
amended,8866d322d5fffff,18.7236757387088,FALSE,FALSE,FALSE,1,1,0,negative ratio,FALSE,FALSE,FALSE,FALSE,FALSE,FALSE,FALSE,FALSE
amended,8866d322d9fffff,19.7450099415175,FALSE,TRUE,FALSE,0,0,0,"",FALSE,FALSE,TRUE,FALSE,TRUE,FALSE,FALSE,FALSE
amended,8866d322dbfffff,20.5334010483654,FALSE,TRUE,FALSE,0,0,0,"",FALSE,FALSE,TRUE,FALSE,TRUE,FALSE,FALSE,FALSE
amended,8866d322ddfffff,18.8248049370032,FALSE,TRUE,TRUE,0,0,0,"",FALSE,FALSE,TRUE,TRUE,TRUE,TRUE,FALSE,FALSE
amended,8866d322e1fffff,15.2297256711639,FALSE,FALSE,FALSE,0,0,0,"",FALSE,FALSE,FALSE,FALSE,TRUE,FALSE,FALSE,FALSE
amended,8866d322e3fffff,16.0830490493966,FALSE,FALSE,FALSE,0,0,0,"",FALSE,FALSE,FALSE,FALSE,TRUE,FALSE,FALSE,FALSE
amended,8866d322e5fffff,14.3604773590759,FALSE,FALSE,FALSE,0,0,0,"",FALSE,FALSE,FALSE,FALSE,TRUE,FALSE,FALSE,FALSE
amended,8866d322e7fffff,15.2294496176337,FALSE,FALSE,FALSE,0,0,0,"",FALSE,FALSE,FALSE,FALSE,TRUE,FALSE,FALSE,FALSE
amended,8866d322e9fffff,15.292434769648,FALSE,FALSE,FALSE,0,0,0,"",FALSE,FALSE,FALSE,FALSE,TRUE,FALSE,FALSE,FALSE
amended,8866d322edfffff,14.3940905129717,FALSE,FALSE,TRUE,0,0,0,"",FALSE,FALSE,FALSE,FALSE,TRUE,TRUE,FALSE,FALSE
amended,8866d32301fffff,5.74750205475283,TRUE,TRUE,TRUE,0,0,0,"",TRUE,TRUE,TRUE,TRUE,TRUE,TRUE,TRUE,TRUE
amended,8866d32303fffff,6.62464370597668,TRUE,TRUE,TRUE,0,0,0,"",TRUE,TRUE,TRUE,TRUE,TRUE,TRUE,TRUE,TRUE
amended,8866d32305fffff,4.90717448731786,TRUE,TRUE,FALSE,0,0,0,"",TRUE,FALSE,TRUE,FALSE,TRUE,FALSE,TRUE,FALSE
amended,8866d32307fffff,5.82453645688316,FALSE,TRUE,TRUE,0,0,0,"",FALSE,FALSE,TRUE,TRUE,TRUE,TRUE,FALSE,FALSE
amended,8866d32309fffff,5.83508233820202,TRUE,TRUE,TRUE,0,0,0,"",TRUE,TRUE,TRUE,TRUE,TRUE,TRUE,TRUE,TRUE
amended,8866d3230bfffff,6.62895489329289,TRUE,TRUE,FALSE,0,0,0,"",TRUE,FALSE,TRUE,FALSE,TRUE,FALSE,TRUE,FALSE
amended,8866d3230dfffff,4.91387631434422,FALSE,TRUE,TRUE,0,0,0,"",FALSE,FALSE,TRUE,TRUE,TRUE,TRUE,FALSE,FALSE
amended,8866d32311fffff,8.3442466073025,FALSE,TRUE,FALSE,0,0,0,"",FALSE,FALSE,TRUE,FALSE,TRUE,FALSE,FALSE,FALSE
amended,8866d32313fffff,9.24204059942832,FALSE,TRUE,TRUE,0,0,0,"",FALSE,FALSE,TRUE,TRUE,TRUE,TRUE,FALSE,FALSE
amended,8866d32315fffff,7.53012016566101,FALSE,TRUE,TRUE,0,0,0,"",FALSE,FALSE,TRUE,TRUE,TRUE,TRUE,FALSE,FALSE
amended,8866d32317fffff,8.45484193390309,FALSE,FALSE,FALSE,0,0,0,"",FALSE,FALSE,FALSE,FALSE,TRUE,FALSE,FALSE,FALSE
amended,8866d32319fffff,8.34712852726081,TRUE,TRUE,TRUE,0,0,0,"",TRUE,TRUE,TRUE,TRUE,TRUE,TRUE,TRUE,TRUE
amended,8866d3231bfffff,9.19270420645309,TRUE,TRUE,TRUE,0,0,0,"",TRUE,TRUE,TRUE,TRUE,TRUE,TRUE,TRUE,TRUE
amended,8866d3231dfffff,7.47010125968994,TRUE,TRUE,FALSE,0,0,0,"",TRUE,FALSE,TRUE,FALSE,TRUE,FALSE,TRUE,FALSE
amended,8866d32321fffff,4.37640393456997,FALSE,FALSE,FALSE,0,0,0,"",FALSE,FALSE,FALSE,FALSE,TRUE,FALSE,FALSE,FALSE
amended,8866d32323fffff,5.21010086013815,FALSE,FALSE,TRUE,0,0,0,"",FALSE,FALSE,FALSE,FALSE,TRUE,TRUE,FALSE,FALSE
amended,8866d32325fffff,3.48732326532632,FALSE,TRUE,FALSE,0,0,0,"",FALSE,FALSE,TRUE,FALSE,TRUE,FALSE,FALSE,FALSE
amended,8866d32327fffff,4.37564855908899,FALSE,FALSE,FALSE,0,0,0,"",FALSE,FALSE,FALSE,FALSE,TRUE,FALSE,FALSE,FALSE
amended,8866d32329fffff,4.13315657159203,FALSE,TRUE,TRUE,0,0,0,"",FALSE,FALSE,TRUE,TRUE,TRUE,TRUE,FALSE,FALSE
amended,8866d3232bfffff,5.09122486984728,FALSE,TRUE,FALSE,0,0,0,"",FALSE,FALSE,TRUE,FALSE,TRUE,FALSE,FALSE,FALSE
amended,8866d3232dfffff,3.47013550597473,TRUE,TRUE,TRUE,0,0,0,"",TRUE,TRUE,TRUE,TRUE,TRUE,TRUE,FALSE,FALSE
amended,8866d32331fffff,6.93287147380613,FALSE,TRUE,TRUE,0,0,0,"",FALSE,FALSE,TRUE,TRUE,TRUE,TRUE,FALSE,FALSE
amended,8866d32333fffff,7.80987048605333,FALSE,FALSE,FALSE,0,0,0,"",FALSE,FALSE,FALSE,FALSE,TRUE,FALSE,FALSE,FALSE
amended,8866d32335fffff,6.09115883418259,FALSE,FALSE,TRUE,0,0,0,"",FALSE,FALSE,FALSE,FALSE,TRUE,TRUE,FALSE,FALSE
amended,8866d32337fffff,6.98748301210434,FALSE,TRUE,FALSE,0,0,0,"",FALSE,FALSE,TRUE,FALSE,TRUE,FALSE,FALSE,FALSE
amended,8866d32339fffff,6.76274956694798,FALSE,FALSE,FALSE,0,0,0,"",FALSE,FALSE,FALSE,FALSE,TRUE,FALSE,FALSE,FALSE
amended,8866d3233bfffff,7.7142198422926,FALSE,TRUE,TRUE,0,0,0,"",FALSE,FALSE,TRUE,TRUE,TRUE,TRUE,FALSE,FALSE
amended,8866d3233dfffff,6.05993922035557,FALSE,TRUE,FALSE,0,0,0,"",FALSE,FALSE,TRUE,FALSE,TRUE,FALSE,FALSE,FALSE
amended,8866d32341fffff,5.408964454589,FALSE,FALSE,FALSE,9,9,0,negative ratio,FALSE,FALSE,FALSE,FALSE,FALSE,FALSE,FALSE,FALSE
amended,8866d32343fffff,6.08013983864226,TRUE,TRUE,TRUE,0,0,0,"",TRUE,TRUE,TRUE,TRUE,TRUE,TRUE,TRUE,TRUE
amended,8866d32345fffff,4.48268503456475,FALSE,TRUE,FALSE,0,0,0,"",FALSE,FALSE,TRUE,FALSE,TRUE,FALSE,FALSE,FALSE
amended,8866d32347fffff,5.11054646974253,TRUE,TRUE,TRUE,0,0,0,"",TRUE,TRUE,TRUE,TRUE,TRUE,TRUE,TRUE,TRUE
amended,8866d32349fffff,5.67427735949373,FALSE,TRUE,FALSE,0,0,0,"",FALSE,FALSE,TRUE,FALSE,TRUE,FALSE,FALSE,FALSE
amended,8866d3234bfffff,6.35412064445191,FALSE,TRUE,FALSE,0,0,0,"",FALSE,FALSE,TRUE,FALSE,TRUE,FALSE,FALSE,FALSE
amended,8866d3234dfffff,4.69964775183669,FALSE,TRUE,FALSE,0,0,0,"",FALSE,FALSE,TRUE,FALSE,TRUE,FALSE,FALSE,FALSE
amended,8866d32351fffff,7.72780650182071,FALSE,TRUE,FALSE,0,0,0,"",FALSE,FALSE,TRUE,FALSE,TRUE,FALSE,FALSE,FALSE
amended,8866d32353fffff,8.46335154365658,TRUE,TRUE,TRUE,0,0,0,"",TRUE,TRUE,TRUE,TRUE,TRUE,TRUE,TRUE,TRUE
amended,8866d32355fffff,6.77538600683654,TRUE,TRUE,TRUE,0,0,0,"",TRUE,TRUE,TRUE,TRUE,TRUE,TRUE,TRUE,TRUE
amended,8866d32357fffff,7.53710520598328,TRUE,TRUE,TRUE,0,0,0,"",TRUE,TRUE,TRUE,TRUE,TRUE,TRUE,TRUE,TRUE
amended,8866d32359fffff,8.03337944557212,FALSE,TRUE,FALSE,0,0,0,"",FALSE,FALSE,TRUE,FALSE,TRUE,FALSE,FALSE,FALSE
amended,8866d3235bfffff,8.68834868389329,FALSE,FALSE,TRUE,0,0,0,"",FALSE,FALSE,FALSE,FALSE,TRUE,TRUE,FALSE,FALSE
amended,8866d3235dfffff,7.05506904471433,FALSE,TRUE,TRUE,0,0,0,"",FALSE,FALSE,TRUE,TRUE,TRUE,TRUE,FALSE,FALSE
amended,8866d32361fffff,3.2068814099886,TRUE,TRUE,FALSE,0,0,0,"",TRUE,FALSE,TRUE,FALSE,TRUE,FALSE,FALSE,FALSE
amended,8866d32363fffff,4.02492668860369,FALSE,TRUE,TRUE,0,0,0,"",FALSE,FALSE,TRUE,TRUE,TRUE,TRUE,FALSE,FALSE
amended,8866d32365fffff,2.30245464714449,TRUE,TRUE,FALSE,0,0,0,"",TRUE,FALSE,TRUE,FALSE,TRUE,FALSE,FALSE,FALSE
amended,8866d32367fffff,3.19530037299746,TRUE,TRUE,TRUE,0,0,0,"",TRUE,TRUE,TRUE,TRUE,TRUE,TRUE,FALSE,FALSE
amended,8866d32369fffff,3.50198939607556,TRUE,TRUE,FALSE,0,0,0,"",TRUE,FALSE,TRUE,FALSE,TRUE,FALSE,FALSE,FALSE
amended,8866d3236bfffff,4.15005413963304,TRUE,TRUE,FALSE,0,0,0,"",TRUE,FALSE,TRUE,FALSE,TRUE,FALSE,TRUE,FALSE
amended,8866d3236dfffff,2.51641906484329,TRUE,TRUE,FALSE,0,0,0,"",TRUE,FALSE,TRUE,FALSE,TRUE,FALSE,FALSE,FALSE
amended,8866d32505fffff,23.7890073334637,FALSE,FALSE,FALSE,0,0,0,"",FALSE,FALSE,FALSE,FALSE,TRUE,FALSE,FALSE,FALSE
amended,8866d32529fffff,23.0024359069003,FALSE,FALSE,FALSE,0,0,0,"",FALSE,FALSE,FALSE,FALSE,TRUE,FALSE,FALSE,FALSE
amended,8866d3252dfffff,22.2320227898195,FALSE,FALSE,FALSE,0,0,0,"",FALSE,FALSE,FALSE,FALSE,TRUE,FALSE,FALSE,FALSE
amended,8866d32537fffff,26.0056093682791,FALSE,FALSE,FALSE,0,0,0,"",FALSE,FALSE,FALSE,FALSE,TRUE,FALSE,FALSE,FALSE
amended,8866d32545fffff,22.7474054547522,FALSE,FALSE,FALSE,0,0,0,"",FALSE,FALSE,FALSE,FALSE,TRUE,FALSE,FALSE,FALSE
amended,8866d32561fffff,21.9699727854948,FALSE,FALSE,FALSE,0,0,0,"",FALSE,FALSE,FALSE,FALSE,TRUE,FALSE,FALSE,FALSE
amended,8866d32563fffff,22.8760699124712,FALSE,FALSE,TRUE,0,0,0,"",FALSE,FALSE,FALSE,FALSE,TRUE,TRUE,FALSE,FALSE
amended,8866d32567fffff,22.0797867809179,FALSE,FALSE,FALSE,0,0,0,"",FALSE,FALSE,FALSE,FALSE,TRUE,FALSE,FALSE,FALSE
amended,8866d32569fffff,21.9032111155826,FALSE,FALSE,TRUE,0,0,0,"",FALSE,FALSE,FALSE,FALSE,TRUE,TRUE,FALSE,FALSE
amended,8866d3256bfffff,22.7909079913134,FALSE,FALSE,TRUE,0,0,0,"",FALSE,FALSE,FALSE,FALSE,TRUE,TRUE,FALSE,FALSE
amended,8866d3256dfffff,21.0715948347715,FALSE,FALSE,FALSE,0,0,0,"",FALSE,FALSE,FALSE,FALSE,TRUE,FALSE,FALSE,FALSE
amended,8866d325e7fffff,28.6357660681682,FALSE,FALSE,FALSE,0,0,0,"",FALSE,FALSE,FALSE,FALSE,TRUE,FALSE,FALSE,FALSE
amended,8866d3270dfffff,23.1619288189718,FALSE,FALSE,FALSE,0,0,0,"",FALSE,FALSE,FALSE,FALSE,TRUE,FALSE,FALSE,FALSE
amended,8866d32721fffff,22.6026561162917,FALSE,FALSE,FALSE,0,0,0,"",FALSE,FALSE,FALSE,FALSE,TRUE,FALSE,FALSE,FALSE
amended,8866d32725fffff,21.8024234539545,FALSE,FALSE,FALSE,0,0,0,"",FALSE,FALSE,FALSE,FALSE,TRUE,FALSE,FALSE,FALSE
amended,8866d32729fffff,22.5245684515427,FALSE,FALSE,FALSE,0,0,0,"",FALSE,FALSE,FALSE,FALSE,TRUE,FALSE,FALSE,FALSE
amended,8866d3272bfffff,23.4172827699568,FALSE,FALSE,FALSE,0,0,0,"",FALSE,FALSE,FALSE,FALSE,TRUE,FALSE,FALSE,FALSE
amended,8866d3272dfffff,21.69963555233,FALSE,FALSE,FALSE,0,0,0,"",FALSE,FALSE,FALSE,FALSE,TRUE,FALSE,FALSE,FALSE
amended,8866d32743fffff,23.8809529069288,FALSE,FALSE,FALSE,0,0,0,"",FALSE,FALSE,FALSE,FALSE,TRUE,FALSE,FALSE,FALSE
amended,8866d32763fffff,22.3772856883733,FALSE,FALSE,FALSE,0,0,0,"",FALSE,FALSE,FALSE,FALSE,TRUE,FALSE,FALSE,FALSE
amended,8866d32765fffff,20.6758694177395,FALSE,FALSE,FALSE,0,0,0,"",FALSE,FALSE,FALSE,FALSE,TRUE,FALSE,FALSE,FALSE
amended,8866d32767fffff,21.6093802917325,FALSE,FALSE,TRUE,0,0,0,"",FALSE,FALSE,FALSE,FALSE,TRUE,TRUE,FALSE,FALSE
amended,8866d32801fffff,3.75207273097222,TRUE,TRUE,TRUE,0,0,0,"",TRUE,TRUE,TRUE,TRUE,TRUE,TRUE,FALSE,FALSE
amended,8866d32803fffff,4.63753190402149,TRUE,TRUE,TRUE,0,0,0,"",TRUE,TRUE,TRUE,TRUE,TRUE,TRUE,TRUE,TRUE
amended,8866d32805fffff,3.86512241241955,FALSE,TRUE,FALSE,0,0,0,"",FALSE,FALSE,TRUE,FALSE,TRUE,FALSE,FALSE,FALSE
amended,8866d32807fffff,4.62169083398243,FALSE,TRUE,TRUE,0,0,0,"",FALSE,FALSE,TRUE,TRUE,TRUE,TRUE,FALSE,FALSE
amended,8866d32809fffff,2.95064673913583,TRUE,TRUE,TRUE,0,0,0,"",TRUE,TRUE,TRUE,TRUE,TRUE,TRUE,FALSE,FALSE
amended,8866d3280bfffff,3.89564771264133,TRUE,TRUE,FALSE,0,0,0,"",TRUE,FALSE,TRUE,FALSE,TRUE,FALSE,FALSE,FALSE
amended,8866d3280dfffff,2.93531757081263,TRUE,TRUE,FALSE,0,0,0,"",TRUE,FALSE,TRUE,FALSE,TRUE,FALSE,FALSE,FALSE
amended,8866d32811fffff,5.83230477426527,FALSE,FALSE,FALSE,0,0,0,"",FALSE,FALSE,FALSE,FALSE,TRUE,FALSE,FALSE,FALSE
amended,8866d32813fffff,6.81072995744205,FALSE,FALSE,FALSE,0,0,0,"",FALSE,FALSE,FALSE,FALSE,TRUE,FALSE,FALSE,FALSE
amended,8866d32815fffff,5.55897491276976,FALSE,TRUE,TRUE,0,0,0,"",FALSE,FALSE,TRUE,TRUE,TRUE,TRUE,FALSE,FALSE
amended,8866d32817fffff,6.5011310448221,FALSE,TRUE,TRUE,0,0,0,"",FALSE,FALSE,TRUE,TRUE,TRUE,TRUE,FALSE,FALSE
amended,8866d32819fffff,5.26091704705653,FALSE,TRUE,TRUE,0,0,0,"",FALSE,FALSE,TRUE,TRUE,TRUE,TRUE,FALSE,FALSE
amended,8866d3281bfffff,6.25206189917405,FALSE,TRUE,FALSE,0,0,0,"",FALSE,FALSE,TRUE,FALSE,TRUE,FALSE,FALSE,FALSE
amended,8866d3281dfffff,4.85927019936279,FALSE,TRUE,TRUE,0,0,0,"",FALSE,FALSE,TRUE,TRUE,TRUE,TRUE,FALSE,FALSE
amended,8866d32821fffff,5.19084068215301,FALSE,FALSE,FALSE,0,0,0,"",FALSE,FALSE,FALSE,FALSE,TRUE,FALSE,FALSE,FALSE
amended,8866d32823fffff,5.77208154902774,FALSE,FALSE,FALSE,0,0,0,"",FALSE,FALSE,FALSE,FALSE,TRUE,FALSE,FALSE,FALSE
amended,8866d32825fffff,5.71635252967919,FALSE,FALSE,FALSE,0,0,0,"",FALSE,FALSE,FALSE,FALSE,TRUE,FALSE,FALSE,FALSE
amended,8866d32827fffff,6.1677351201996,FALSE,FALSE,FALSE,0,0,0,"",FALSE,FALSE,FALSE,FALSE,TRUE,FALSE,FALSE,FALSE
amended,8866d32829fffff,4.21421726009756,FALSE,TRUE,FALSE,0,0,0,"",FALSE,FALSE,TRUE,FALSE,TRUE,FALSE,FALSE,FALSE
amended,8866d3282bfffff,4.81380002086962,FALSE,FALSE,FALSE,0,0,0,"",FALSE,FALSE,FALSE,FALSE,TRUE,FALSE,FALSE,FALSE
amended,8866d3282dfffff,4.74758976078488,FALSE,FALSE,FALSE,0,0,0,"",FALSE,FALSE,FALSE,FALSE,TRUE,FALSE,FALSE,FALSE
amended,8866d32831fffff,6.31660680062456,FALSE,TRUE,TRUE,0,0,0,"",FALSE,FALSE,TRUE,TRUE,TRUE,TRUE,FALSE,FALSE
amended,8866d32833fffff,7.15637057859283,TRUE,TRUE,FALSE,0,0,0,"",TRUE,FALSE,TRUE,FALSE,TRUE,FALSE,TRUE,FALSE
amended,8866d32835fffff,6.45415058106217,FALSE,FALSE,FALSE,0,0,0,"",FALSE,FALSE,FALSE,FALSE,TRUE,FALSE,FALSE,FALSE
amended,8866d32837fffff,7.20849398173329,FALSE,FALSE,FALSE,0,0,0,"",FALSE,FALSE,FALSE,FALSE,TRUE,FALSE,FALSE,FALSE
amended,8866d32839fffff,5.45414884365593,TRUE,TRUE,TRUE,0,0,0,"",TRUE,TRUE,TRUE,TRUE,TRUE,TRUE,TRUE,TRUE
amended,8866d3283bfffff,6.33265087603986,TRUE,TRUE,TRUE,0,0,0,"",TRUE,TRUE,TRUE,TRUE,TRUE,TRUE,TRUE,TRUE
amended,8866d3283dfffff,5.52743914659929,FALSE,FALSE,FALSE,0,0,0,"",FALSE,FALSE,FALSE,FALSE,TRUE,FALSE,FALSE,FALSE
amended,8866d32843fffff,2.29008447146606,TRUE,TRUE,TRUE,0,0,0,"",TRUE,TRUE,TRUE,TRUE,TRUE,TRUE,FALSE,FALSE
amended,8866d32847fffff,2.05014298125593,TRUE,TRUE,TRUE,0,0,0,"",TRUE,TRUE,TRUE,TRUE,TRUE,TRUE,FALSE,FALSE
amended,8866d32851fffff,3.84232649889405,FALSE,TRUE,FALSE,0,0,0,"",FALSE,FALSE,TRUE,FALSE,TRUE,FALSE,FALSE,FALSE
amended,8866d32853fffff,4.82169826164042,FALSE,TRUE,FALSE,0,0,0,"",FALSE,FALSE,TRUE,FALSE,TRUE,FALSE,FALSE,FALSE
amended,8866d32855fffff,3.27955913208207,FALSE,TRUE,TRUE,0,0,0,"",FALSE,FALSE,TRUE,TRUE,TRUE,TRUE,FALSE,FALSE
amended,8866d32857fffff,4.27001678101801,TRUE,TRUE,FALSE,0,0,0,"",TRUE,FALSE,TRUE,FALSE,TRUE,FALSE,TRUE,FALSE
amended,8866d32859fffff,3.63365613905292,FALSE,FALSE,FALSE,0,0,0,"",FALSE,FALSE,FALSE,FALSE,TRUE,FALSE,FALSE,FALSE
amended,8866d3285bfffff,4.55302297461496,FALSE,TRUE,TRUE,0,0,0,"",FALSE,FALSE,TRUE,TRUE,TRUE,TRUE,FALSE,FALSE
amended,8866d3285dfffff,2.87135412868551,FALSE,TRUE,FALSE,0,0,0,"",FALSE,FALSE,TRUE,FALSE,TRUE,FALSE,FALSE,FALSE
amended,8866d32861fffff,2.82796979255014,FALSE,FALSE,FALSE,0,0,0,"",FALSE,FALSE,FALSE,FALSE,TRUE,FALSE,FALSE,FALSE
amended,8866d32863fffff,3.23805790726891,FALSE,TRUE,FALSE,0,0,0,"",FALSE,FALSE,TRUE,FALSE,TRUE,FALSE,FALSE,FALSE
amended,8866d32865fffff,3.58239073609598,FALSE,FALSE,FALSE,0,0,0,"",FALSE,FALSE,FALSE,FALSE,TRUE,FALSE,FALSE,FALSE
amended,8866d32867fffff,3.78329180087435,FALSE,FALSE,FALSE,0,0,0,"",FALSE,FALSE,FALSE,FALSE,TRUE,FALSE,FALSE,FALSE
amended,8866d3286bfffff,2.26288852769398,TRUE,TRUE,FALSE,0,0,0,"",TRUE,FALSE,TRUE,FALSE,TRUE,FALSE,FALSE,FALSE
amended,8866d3286dfffff,2.73426352858411,FALSE,FALSE,FALSE,0,0,0,"",FALSE,FALSE,FALSE,FALSE,TRUE,FALSE,FALSE,FALSE
amended,8866d32881fffff,10.3628103404859,FALSE,FALSE,TRUE,0,0,0,"",FALSE,FALSE,FALSE,FALSE,TRUE,TRUE,FALSE,FALSE
amended,8866d32883fffff,11.3396504432765,TRUE,TRUE,TRUE,0,0,0,"",TRUE,TRUE,TRUE,TRUE,TRUE,TRUE,TRUE,TRUE
amended,8866d32885fffff,10.0595534372881,FALSE,TRUE,FALSE,0,0,0,"",FALSE,FALSE,TRUE,FALSE,TRUE,FALSE,FALSE,FALSE
amended,8866d32887fffff,11.017564754807,TRUE,TRUE,FALSE,0,0,0,"",TRUE,FALSE,TRUE,FALSE,TRUE,FALSE,TRUE,FALSE
amended,8866d3288bfffff,10.7489581375156,TRUE,TRUE,FALSE,0,0,0,"",TRUE,FALSE,TRUE,FALSE,TRUE,FALSE,TRUE,FALSE
amended,8866d3288dfffff,9.38913084755689,FALSE,FALSE,TRUE,0,0,0,"",FALSE,FALSE,FALSE,FALSE,TRUE,TRUE,FALSE,FALSE
amended,8866d32891fffff,12.7249002022326,FALSE,FALSE,FALSE,0,0,0,"",FALSE,FALSE,FALSE,FALSE,TRUE,FALSE,FALSE,FALSE
amended,8866d32893fffff,13.7137376901515,FALSE,FALSE,FALSE,0,0,0,"",FALSE,FALSE,FALSE,FALSE,TRUE,FALSE,FALSE,FALSE
amended,8866d32895fffff,12.3189055215685,FALSE,FALSE,TRUE,0,0,0,"",FALSE,FALSE,FALSE,FALSE,TRUE,TRUE,FALSE,FALSE
amended,8866d32897fffff,13.3000478988824,FALSE,FALSE,TRUE,0,0,0,"",FALSE,FALSE,FALSE,FALSE,TRUE,TRUE,FALSE,FALSE
amended,8866d32899fffff,12.2010831780475,FALSE,FALSE,TRUE,0,0,0,"",FALSE,FALSE,FALSE,FALSE,TRUE,TRUE,FALSE,FALSE
amended,8866d3289bfffff,13.1927841025195,FALSE,FALSE,FALSE,0,0,0,"",FALSE,FALSE,FALSE,FALSE,TRUE,FALSE,FALSE,FALSE
amended,8866d3289dfffff,11.7365938786479,TRUE,TRUE,FALSE,0,0,0,"",TRUE,FALSE,TRUE,FALSE,TRUE,FALSE,TRUE,FALSE
amended,8866d328a1fffff,10.6236858560249,TRUE,TRUE,TRUE,0,0,0,"",TRUE,TRUE,TRUE,TRUE,TRUE,TRUE,TRUE,TRUE
amended,8866d328a3fffff,11.5328792830543,TRUE,TRUE,TRUE,0,0,0,"",TRUE,TRUE,TRUE,TRUE,TRUE,TRUE,TRUE,TRUE
amended,8866d328a5fffff,10.5612496163325,TRUE,TRUE,FALSE,0,0,0,"",TRUE,FALSE,TRUE,FALSE,TRUE,FALSE,TRUE,FALSE
amended,8866d328a7fffff,11.4313974325585,FALSE,TRUE,FALSE,0,0,0,"",FALSE,FALSE,TRUE,FALSE,TRUE,FALSE,FALSE,FALSE
amended,8866d328a9fffff,9.84685866652125,TRUE,TRUE,TRUE,0,0,0,"",TRUE,TRUE,TRUE,TRUE,TRUE,TRUE,TRUE,TRUE
amended,8866d328abfffff,10.7770595184227,TRUE,TRUE,FALSE,0,0,0,"",TRUE,FALSE,TRUE,FALSE,TRUE,FALSE,TRUE,FALSE
amended,8866d328adfffff,9.73067631040983,FALSE,FALSE,FALSE,0,0,0,"",FALSE,FALSE,FALSE,FALSE,TRUE,FALSE,FALSE,FALSE
amended,8866d328b1fffff,12.6656145735036,FALSE,FALSE,FALSE,0,0,0,"",FALSE,FALSE,FALSE,FALSE,TRUE,FALSE,FALSE,FALSE
amended,8866d328b5fffff,12.4547189838436,FALSE,FALSE,FALSE,0,0,0,"",FALSE,FALSE,FALSE,FALSE,TRUE,FALSE,FALSE,FALSE
amended,8866d328b7fffff,13.3865983492269,FALSE,FALSE,FALSE,0,0,0,"",FALSE,FALSE,FALSE,FALSE,TRUE,FALSE,FALSE,FALSE
amended,8866d328b9fffff,11.9811013829758,FALSE,FALSE,FALSE,0,0,0,"",FALSE,FALSE,FALSE,FALSE,TRUE,FALSE,FALSE,FALSE
amended,8866d328bbfffff,12.9489358622524,FALSE,FALSE,FALSE,0,0,0,"",FALSE,FALSE,FALSE,FALSE,TRUE,FALSE,FALSE,FALSE
amended,8866d328bdfffff,11.7173951795092,TRUE,TRUE,FALSE,0,0,0,"",TRUE,FALSE,TRUE,FALSE,TRUE,FALSE,TRUE,FALSE
amended,8866d328c1fffff,8.23476968684901,FALSE,FALSE,TRUE,0,0,0,"",FALSE,FALSE,FALSE,FALSE,TRUE,TRUE,FALSE,FALSE
amended,8866d328c3fffff,9.22625950888929,FALSE,FALSE,TRUE,0,0,0,"",FALSE,FALSE,FALSE,FALSE,TRUE,TRUE,FALSE,FALSE
amended,8866d328c5fffff,7.79252541510145,TRUE,TRUE,TRUE,0,0,0,"",TRUE,TRUE,TRUE,TRUE,TRUE,TRUE,TRUE,TRUE
amended,8866d328c7fffff,8.77656896178323,FALSE,FALSE,FALSE,0,0,0,"",FALSE,FALSE,FALSE,FALSE,TRUE,FALSE,FALSE,FALSE
amended,8866d328c9fffff,7.77851189936806,FALSE,FALSE,FALSE,0,0,0,"",FALSE,FALSE,FALSE,FALSE,TRUE,FALSE,FALSE,FALSE
amended,8866d328cbfffff,8.76687576855709,FALSE,FALSE,TRUE,0,0,0,"",FALSE,FALSE,FALSE,FALSE,TRUE,TRUE,FALSE,FALSE
amended,8866d328cdfffff,7.24336162836522,FALSE,TRUE,TRUE,0,0,0,"",FALSE,FALSE,TRUE,TRUE,TRUE,TRUE,FALSE,FALSE
amended,8866d328d1fffff,10.7455023332416,FALSE,TRUE,FALSE,0,0,0,"",FALSE,FALSE,TRUE,FALSE,TRUE,FALSE,FALSE,FALSE
amended,8866d328d3fffff,11.7354579602871,TRUE,TRUE,TRUE,0,0,0,"",TRUE,TRUE,TRUE,TRUE,TRUE,TRUE,TRUE,TRUE
amended,8866d328d5fffff,10.2178148195059,FALSE,TRUE,FALSE,0,0,0,"",FALSE,FALSE,TRUE,FALSE,TRUE,FALSE,FALSE,FALSE
amended,8866d328d7fffff,11.2094250844461,TRUE,TRUE,FALSE,0,0,0,"",TRUE,FALSE,TRUE,FALSE,TRUE,FALSE,TRUE,FALSE
amended,8866d328d9fffff,10.3533147915018,FALSE,TRUE,FALSE,0,0,0,"",FALSE,FALSE,TRUE,FALSE,TRUE,FALSE,FALSE,FALSE
amended,8866d328dbfffff,11.3351831065593,TRUE,TRUE,TRUE,0,0,0,"",TRUE,TRUE,TRUE,TRUE,TRUE,TRUE,TRUE,TRUE
amended,8866d328ddfffff,9.75593411950243,FALSE,FALSE,TRUE,0,0,0,"",FALSE,FALSE,FALSE,FALSE,TRUE,TRUE,FALSE,FALSE
amended,8866d328e1fffff,8.16783842763942,FALSE,FALSE,TRUE,0,0,0,"",FALSE,FALSE,FALSE,FALSE,TRUE,TRUE,FALSE,FALSE
amended,8866d328e3fffff,9.10880254120968,FALSE,TRUE,TRUE,0,0,0,"",FALSE,FALSE,TRUE,TRUE,TRUE,TRUE,FALSE,FALSE
amended,8866d328e5fffff,8.03088374077928,FALSE,FALSE,TRUE,0,0,0,"",FALSE,FALSE,FALSE,FALSE,TRUE,TRUE,FALSE,FALSE
amended,8866d328e7fffff,8.92995170698367,FALSE,FALSE,FALSE,0,0,0,"",FALSE,FALSE,FALSE,FALSE,TRUE,FALSE,FALSE,FALSE
amended,8866d328e9fffff,7.45616291793596,TRUE,TRUE,TRUE,0,0,0,"",TRUE,TRUE,TRUE,TRUE,TRUE,TRUE,TRUE,TRUE
amended,8866d328ebfffff,8.4196994279411,FALSE,TRUE,TRUE,0,0,0,"",FALSE,FALSE,TRUE,TRUE,TRUE,TRUE,FALSE,FALSE
amended,8866d328edfffff,7.24046710139994,FALSE,FALSE,TRUE,0,0,0,"",FALSE,FALSE,FALSE,FALSE,TRUE,TRUE,FALSE,FALSE
amended,8866d32901fffff,7.82678742173237,FALSE,FALSE,FALSE,0,0,0,"",FALSE,FALSE,FALSE,FALSE,TRUE,FALSE,FALSE,FALSE
amended,8866d32903fffff,7.85062968559845,FALSE,FALSE,FALSE,0,0,0,"",FALSE,FALSE,FALSE,FALSE,TRUE,FALSE,FALSE,FALSE
amended,8866d32909fffff,7.01596063223819,FALSE,FALSE,FALSE,0,0,0,"",FALSE,FALSE,FALSE,FALSE,TRUE,FALSE,FALSE,FALSE
amended,8866d3290bfffff,6.97413885947011,FALSE,FALSE,FALSE,0,0,0,"",FALSE,FALSE,FALSE,FALSE,TRUE,FALSE,FALSE,FALSE
amended,8866d32913fffff,7.66058028940358,FALSE,FALSE,FALSE,0,0,0,"",FALSE,FALSE,FALSE,FALSE,TRUE,FALSE,FALSE,FALSE
amended,8866d3291bfffff,6.68766534067805,FALSE,FALSE,TRUE,0,0,0,"",FALSE,FALSE,FALSE,FALSE,TRUE,TRUE,FALSE,FALSE
amended,8866d32939fffff,8.74858761247345,FALSE,FALSE,FALSE,0,0,0,"",FALSE,FALSE,FALSE,FALSE,TRUE,FALSE,FALSE,FALSE
amended,8866d3295bfffff,4.48342656508913,FALSE,FALSE,FALSE,0,0,0,"",FALSE,FALSE,FALSE,FALSE,TRUE,FALSE,FALSE,FALSE
amended,8866d32981fffff,10.2560177531165,FALSE,FALSE,FALSE,2,0,2,negative ratio,FALSE,FALSE,FALSE,FALSE,FALSE,FALSE,FALSE,FALSE
amended,8866d32983fffff,10.9238915714423,FALSE,FALSE,FALSE,0,0,0,"",FALSE,FALSE,FALSE,FALSE,TRUE,FALSE,FALSE,FALSE
amended,8866d32989fffff,9.29706274805438,FALSE,FALSE,FALSE,0,0,0,"",FALSE,FALSE,FALSE,FALSE,TRUE,FALSE,FALSE,FALSE
amended,8866d3298bfffff,9.98102415499821,FALSE,FALSE,TRUE,0,0,0,"",FALSE,FALSE,FALSE,FALSE,TRUE,TRUE,FALSE,FALSE
amended,8866d3298dfffff,9.644078418617,FALSE,FALSE,FALSE,0,0,0,"",FALSE,FALSE,FALSE,FALSE,TRUE,FALSE,FALSE,FALSE
amended,8866d32991fffff,11.4845750969848,FALSE,FALSE,FALSE,0,0,0,"",FALSE,FALSE,FALSE,FALSE,TRUE,FALSE,FALSE,FALSE
amended,8866d32993fffff,12.2875924386555,FALSE,FALSE,FALSE,0,0,0,"",FALSE,FALSE,FALSE,FALSE,TRUE,FALSE,FALSE,FALSE
amended,8866d32997fffff,12.3905853156373,FALSE,FALSE,FALSE,0,0,0,"",FALSE,FALSE,FALSE,FALSE,TRUE,FALSE,FALSE,FALSE
amended,8866d32999fffff,10.5913682212215,FALSE,FALSE,TRUE,0,0,0,"",FALSE,FALSE,FALSE,FALSE,TRUE,TRUE,FALSE,FALSE
amended,8866d3299bfffff,11.4151728047297,FALSE,FALSE,FALSE,0,0,0,"",FALSE,FALSE,FALSE,FALSE,TRUE,FALSE,FALSE,FALSE
amended,8866d3299dfffff,10.713270037004,FALSE,FALSE,FALSE,0,0,0,"",FALSE,FALSE,FALSE,FALSE,TRUE,FALSE,FALSE,FALSE
amended,8866d329a3fffff,12.5640833918141,FALSE,FALSE,FALSE,1,1,0,negative ratio,FALSE,FALSE,FALSE,FALSE,FALSE,FALSE,FALSE,FALSE
amended,8866d329b1fffff,12.8254110895003,FALSE,FALSE,FALSE,2,1,1,negative ratio,FALSE,FALSE,FALSE,FALSE,FALSE,FALSE,FALSE,FALSE
amended,8866d329b3fffff,13.510202934948,FALSE,FALSE,FALSE,0,0,0,"",FALSE,FALSE,FALSE,FALSE,TRUE,FALSE,FALSE,FALSE
amended,8866d329b5fffff,13.1496935292038,FALSE,FALSE,FALSE,0,0,0,"",FALSE,FALSE,FALSE,FALSE,TRUE,FALSE,FALSE,FALSE
amended,8866d329b7fffff,13.7819098761105,FALSE,FALSE,TRUE,0,0,0,"",FALSE,FALSE,FALSE,FALSE,TRUE,TRUE,FALSE,FALSE
amended,8866d329b9fffff,11.8724360277636,FALSE,FALSE,FALSE,5,3,2,negative ratio,FALSE,FALSE,FALSE,FALSE,FALSE,FALSE,FALSE,FALSE
amended,8866d329bbfffff,12.5709435346253,FALSE,FALSE,TRUE,0,0,0,"",FALSE,FALSE,FALSE,FALSE,TRUE,TRUE,FALSE,FALSE
amended,8866d329bdfffff,12.1829838836615,FALSE,FALSE,FALSE,0,0,0,"",FALSE,FALSE,FALSE,FALSE,TRUE,FALSE,FALSE,FALSE
amended,8866d329c1fffff,7.70318451986592,FALSE,FALSE,FALSE,0,0,0,"",FALSE,FALSE,FALSE,FALSE,TRUE,FALSE,FALSE,FALSE
amended,8866d329c3fffff,8.3424887595369,FALSE,FALSE,FALSE,0,0,0,"",FALSE,FALSE,FALSE,FALSE,TRUE,FALSE,FALSE,FALSE
amended,8866d329c7fffff,8.67280795846844,FALSE,FALSE,FALSE,0,0,0,"",FALSE,FALSE,FALSE,FALSE,TRUE,FALSE,FALSE,FALSE
amended,8866d329c9fffff,6.73589439492274,FALSE,FALSE,FALSE,0,0,0,"",FALSE,FALSE,FALSE,FALSE,TRUE,FALSE,FALSE,FALSE
amended,8866d329cbfffff,7.39396999974903,FALSE,FALSE,FALSE,0,0,0,"",FALSE,FALSE,FALSE,FALSE,TRUE,FALSE,FALSE,FALSE
amended,8866d329cdfffff,7.1448130330542,FALSE,FALSE,FALSE,4,4,0,negative ratio,FALSE,FALSE,FALSE,FALSE,FALSE,FALSE,FALSE,FALSE
amended,8866d329d1fffff,8.89775581008688,FALSE,FALSE,FALSE,0,0,0,"",FALSE,FALSE,FALSE,FALSE,TRUE,FALSE,FALSE,FALSE
amended,8866d329d3fffff,9.7144796648828,TRUE,TRUE,FALSE,0,0,0,"",TRUE,FALSE,TRUE,FALSE,TRUE,FALSE,TRUE,FALSE
amended,8866d329d5fffff,9.04559060319495,FALSE,FALSE,FALSE,0,0,0,"",FALSE,FALSE,FALSE,FALSE,TRUE,FALSE,FALSE,FALSE
amended,8866d329d7fffff,9.79877434000678,FALSE,FALSE,FALSE,0,0,0,"",FALSE,FALSE,FALSE,FALSE,TRUE,FALSE,FALSE,FALSE
amended,8866d329d9fffff,8.01474003811987,TRUE,TRUE,TRUE,0,0,0,"",TRUE,TRUE,TRUE,TRUE,TRUE,TRUE,TRUE,TRUE
amended,8866d329dbfffff,8.85873759182551,TRUE,TRUE,TRUE,0,0,0,"",TRUE,TRUE,TRUE,TRUE,TRUE,TRUE,TRUE,TRUE
amended,8866d329ddfffff,8.12013971990235,FALSE,FALSE,FALSE,0,0,0,"",FALSE,FALSE,FALSE,FALSE,TRUE,FALSE,FALSE,FALSE
amended,8866d32a03fffff,2.24752805560118,FALSE,TRUE,FALSE,0,0,0,"",FALSE,FALSE,TRUE,FALSE,TRUE,FALSE,FALSE,FALSE
amended,8866d32a0bfffff,2.14088415967424,FALSE,TRUE,TRUE,0,0,0,"",FALSE,FALSE,TRUE,TRUE,TRUE,TRUE,FALSE,FALSE
amended,8866d32a11fffff,3.91854587433113,FALSE,TRUE,TRUE,0,0,0,"",FALSE,FALSE,TRUE,TRUE,TRUE,TRUE,FALSE,FALSE
amended,8866d32a13fffff,4.86719351301753,FALSE,FALSE,FALSE,0,0,0,"",FALSE,FALSE,FALSE,FALSE,TRUE,FALSE,FALSE,FALSE
amended,8866d32a15fffff,3.22682771646954,TRUE,TRUE,FALSE,0,0,0,"",TRUE,FALSE,TRUE,FALSE,TRUE,FALSE,FALSE,FALSE
amended,8866d32a17fffff,4.2118115974509,TRUE,TRUE,TRUE,0,0,0,"",TRUE,TRUE,TRUE,TRUE,TRUE,TRUE,TRUE,TRUE
amended,8866d32a19fffff,3.50690728372679,FALSE,FALSE,TRUE,0,0,0,"",FALSE,FALSE,FALSE,FALSE,TRUE,TRUE,FALSE,FALSE
amended,8866d32a1bfffff,4.4965873577663,FALSE,TRUE,TRUE,0,0,0,"",FALSE,FALSE,TRUE,TRUE,TRUE,TRUE,FALSE,FALSE
amended,8866d32a1dfffff,2.99771989900204,TRUE,TRUE,TRUE,0,0,0,"",TRUE,TRUE,TRUE,TRUE,TRUE,TRUE,FALSE,FALSE
amended,8866d32a31fffff,2.75040395644235,FALSE,TRUE,TRUE,0,0,0,"",FALSE,FALSE,TRUE,TRUE,TRUE,TRUE,FALSE,FALSE
amended,8866d32a33fffff,3.68139325175213,FALSE,TRUE,FALSE,0,0,0,"",FALSE,FALSE,TRUE,FALSE,TRUE,FALSE,FALSE,FALSE
amended,8866d32a35fffff,2.01225888057894,TRUE,TRUE,FALSE,0,0,0,"",TRUE,FALSE,TRUE,FALSE,TRUE,FALSE,FALSE,FALSE
amended,8866d32a37fffff,2.76463948252308,TRUE,TRUE,FALSE,0,0,0,"",TRUE,FALSE,TRUE,FALSE,TRUE,FALSE,FALSE,FALSE
amended,8866d32a39fffff,2.67200520499968,FALSE,TRUE,FALSE,0,0,0,"",FALSE,FALSE,TRUE,FALSE,TRUE,FALSE,FALSE,FALSE
amended,8866d32a3bfffff,3.5267328037268,TRUE,TRUE,FALSE,0,0,0,"",TRUE,FALSE,TRUE,FALSE,TRUE,FALSE,FALSE,FALSE
amended,8866d32a51fffff,2.11689322937912,TRUE,TRUE,FALSE,0,0,0,"",TRUE,FALSE,TRUE,FALSE,TRUE,FALSE,FALSE,FALSE
amended,8866d32a53fffff,3.07869919388692,FALSE,TRUE,TRUE,0,0,0,"",FALSE,FALSE,TRUE,TRUE,TRUE,TRUE,FALSE,FALSE
amended,8866d32a57fffff,2.51857902444763,TRUE,TRUE,FALSE,0,0,0,"",TRUE,FALSE,TRUE,FALSE,TRUE,FALSE,FALSE,FALSE
amended,8866d32a59fffff,2.12770007271701,TRUE,TRUE,TRUE,0,0,0,"",TRUE,TRUE,TRUE,TRUE,TRUE,TRUE,FALSE,FALSE
amended,8866d32a5bfffff,2.92684426483423,TRUE,TRUE,TRUE,0,0,0,"",TRUE,TRUE,TRUE,TRUE,TRUE,TRUE,FALSE,FALSE
amended,8866d32a65fffff,2.19378179762103,FALSE,TRUE,TRUE,0,0,0,"",FALSE,FALSE,TRUE,TRUE,TRUE,TRUE,FALSE,FALSE
amended,8866d32a6dfffff,2.10549785877521,FALSE,FALSE,FALSE,0,0,0,"",FALSE,FALSE,FALSE,FALSE,TRUE,FALSE,FALSE,FALSE
amended,8866d32a81fffff,7.93066361005059,FALSE,TRUE,TRUE,0,0,0,"",FALSE,FALSE,TRUE,TRUE,TRUE,TRUE,FALSE,FALSE
amended,8866d32a83fffff,8.79649102651484,FALSE,TRUE,FALSE,0,0,0,"",FALSE,FALSE,TRUE,FALSE,TRUE,FALSE,FALSE,FALSE
amended,8866d32a85fffff,7.0743614575213,FALSE,FALSE,FALSE,0,0,0,"",FALSE,FALSE,FALSE,FALSE,TRUE,FALSE,FALSE,FALSE
amended,8866d32a87fffff,7.97005172073659,FALSE,FALSE,FALSE,0,0,0,"",FALSE,FALSE,FALSE,FALSE,TRUE,FALSE,FALSE,FALSE
amended,8866d32a89fffff,7.77754487050177,FALSE,TRUE,FALSE,0,0,0,"",FALSE,FALSE,TRUE,FALSE,TRUE,FALSE,FALSE,FALSE
amended,8866d32a8bfffff,8.75727723361042,FALSE,TRUE,TRUE,0,0,0,"",FALSE,FALSE,TRUE,TRUE,TRUE,TRUE,FALSE,FALSE
amended,8866d32a8dfffff,7.06991515490677,FALSE,FALSE,FALSE,0,0,0,"",FALSE,FALSE,FALSE,FALSE,TRUE,FALSE,FALSE,FALSE
amended,8866d32a91fffff,10.5190218896904,FALSE,FALSE,TRUE,0,0,0,"",FALSE,FALSE,FALSE,FALSE,TRUE,TRUE,FALSE,FALSE
amended,8866d32a93fffff,11.4049984053387,FALSE,TRUE,FALSE,0,0,0,"",FALSE,FALSE,TRUE,FALSE,TRUE,FALSE,FALSE,FALSE
amended,8866d32a95fffff,9.68647761362485,FALSE,TRUE,TRUE,0,0,0,"",FALSE,FALSE,TRUE,TRUE,TRUE,TRUE,FALSE,FALSE
amended,8866d32a97fffff,10.5945439618484,FALSE,FALSE,FALSE,0,0,0,"",FALSE,FALSE,FALSE,FALSE,TRUE,FALSE,FALSE,FALSE
amended,8866d32a99fffff,10.3827842590782,FALSE,TRUE,FALSE,0,0,0,"",FALSE,FALSE,TRUE,FALSE,TRUE,FALSE,FALSE,FALSE
amended,8866d32a9bfffff,11.3553046922342,FALSE,TRUE,FALSE,0,0,0,"",FALSE,FALSE,TRUE,FALSE,TRUE,FALSE,FALSE,FALSE
amended,8866d32a9dfffff,9.65362940433365,TRUE,TRUE,FALSE,0,0,0,"",TRUE,FALSE,TRUE,FALSE,TRUE,FALSE,TRUE,FALSE
amended,8866d32aa3fffff,7.42356190068871,FALSE,FALSE,FALSE,0,0,0,"",FALSE,FALSE,FALSE,FALSE,TRUE,FALSE,FALSE,FALSE
amended,8866d32aa5fffff,5.80523329424781,FALSE,TRUE,FALSE,0,0,0,"",FALSE,FALSE,TRUE,FALSE,TRUE,FALSE,FALSE,FALSE
amended,8866d32aa7fffff,6.7911344000891,FALSE,TRUE,FALSE,0,0,0,"",FALSE,FALSE,TRUE,FALSE,TRUE,FALSE,FALSE,FALSE
amended,8866d32aa9fffff,6.25745480723591,FALSE,FALSE,TRUE,0,0,0,"",FALSE,FALSE,FALSE,FALSE,TRUE,TRUE,FALSE,FALSE
amended,8866d32aabfffff,7.18492624200158,FALSE,FALSE,FALSE,0,0,0,"",FALSE,FALSE,FALSE,FALSE,TRUE,FALSE,FALSE,FALSE
amended,8866d32aadfffff,5.49755135587201,FALSE,TRUE,FALSE,0,0,0,"",FALSE,FALSE,TRUE,FALSE,TRUE,FALSE,FALSE,FALSE
amended,8866d32ab1fffff,9.08066832095158,FALSE,FALSE,TRUE,0,0,0,"",FALSE,FALSE,FALSE,FALSE,TRUE,TRUE,FALSE,FALSE
amended,8866d32ab3fffff,10.0412545555092,FALSE,TRUE,FALSE,0,0,0,"",FALSE,FALSE,TRUE,FALSE,TRUE,FALSE,FALSE,FALSE
amended,8866d32ab5fffff,8.39659028358847,FALSE,FALSE,FALSE,0,0,0,"",FALSE,FALSE,FALSE,FALSE,TRUE,FALSE,FALSE,FALSE
amended,8866d32ab7fffff,9.37354232692323,FALSE,FALSE,FALSE,0,0,0,"",FALSE,FALSE,FALSE,FALSE,TRUE,FALSE,FALSE,FALSE
amended,8866d32ab9fffff,8.88614856300536,FALSE,FALSE,FALSE,0,0,0,"",FALSE,FALSE,FALSE,FALSE,TRUE,FALSE,FALSE,FALSE
amended,8866d32abbfffff,9.81694859485196,FALSE,TRUE,TRUE,0,0,0,"",FALSE,FALSE,TRUE,TRUE,TRUE,TRUE,FALSE,FALSE
amended,8866d32abdfffff,8.12756908050706,FALSE,FALSE,FALSE,0,0,0,"",FALSE,FALSE,FALSE,FALSE,TRUE,FALSE,FALSE,FALSE
amended,8866d32ac1fffff,6.47757222847896,TRUE,TRUE,TRUE,0,0,0,"",TRUE,TRUE,TRUE,TRUE,TRUE,TRUE,TRUE,TRUE
amended,8866d32ac3fffff,7.46846689196195,TRUE,TRUE,FALSE,0,0,0,"",TRUE,FALSE,TRUE,FALSE,TRUE,FALSE,TRUE,FALSE
amended,8866d32ac5fffff,5.83011090590478,FALSE,FALSE,FALSE,0,0,0,"",FALSE,FALSE,FALSE,FALSE,TRUE,FALSE,FALSE,FALSE
amended,8866d32ac7fffff,6.80125125673068,FALSE,TRUE,FALSE,0,0,0,"",FALSE,FALSE,TRUE,FALSE,TRUE,FALSE,FALSE,FALSE
amended,8866d32ac9fffff,6.02195212144514,TRUE,TRUE,TRUE,0,0,0,"",TRUE,TRUE,TRUE,TRUE,TRUE,TRUE,TRUE,TRUE
amended,8866d32acbfffff,7.00887203247351,TRUE,TRUE,TRUE,0,0,0,"",TRUE,TRUE,TRUE,TRUE,TRUE,TRUE,TRUE,TRUE
amended,8866d32acdfffff,5.48690201879648,FALSE,FALSE,FALSE,0,0,0,"",FALSE,FALSE,FALSE,FALSE,TRUE,FALSE,FALSE,FALSE
amended,8866d32ad1fffff,8.98575471834356,FALSE,TRUE,FALSE,0,0,0,"",FALSE,FALSE,TRUE,FALSE,TRUE,FALSE,FALSE,FALSE
amended,8866d32ad3fffff,9.9751299571289,FALSE,TRUE,TRUE,0,0,0,"",FALSE,FALSE,TRUE,TRUE,TRUE,TRUE,FALSE,FALSE
amended,8866d32ad5fffff,8.45109548750925,FALSE,TRUE,FALSE,0,0,0,"",FALSE,FALSE,TRUE,FALSE,TRUE,FALSE,FALSE,FALSE
amended,8866d32ad7fffff,9.41425959142734,FALSE,TRUE,TRUE,0,0,0,"",FALSE,FALSE,TRUE,TRUE,TRUE,TRUE,FALSE,FALSE
amended,8866d32ad9fffff,8.60704639157418,TRUE,TRUE,FALSE,0,0,0,"",TRUE,FALSE,TRUE,FALSE,TRUE,FALSE,TRUE,FALSE
amended,8866d32adbfffff,9.58549240765866,FALSE,TRUE,FALSE,0,0,0,"",FALSE,FALSE,TRUE,FALSE,TRUE,FALSE,FALSE,FALSE
amended,8866d32addfffff,7.99692831362896,TRUE,TRUE,FALSE,0,0,0,"",TRUE,FALSE,TRUE,FALSE,TRUE,FALSE,TRUE,FALSE
amended,8866d32ae1fffff,5.37890332353066,FALSE,FALSE,TRUE,0,0,0,"",FALSE,FALSE,FALSE,FALSE,TRUE,TRUE,FALSE,FALSE
amended,8866d32ae3fffff,6.20790452501559,FALSE,FALSE,TRUE,0,0,0,"",FALSE,FALSE,FALSE,FALSE,TRUE,TRUE,FALSE,FALSE
amended,8866d32ae5fffff,4.48560380513216,FALSE,TRUE,FALSE,0,0,0,"",FALSE,FALSE,TRUE,FALSE,TRUE,FALSE,FALSE,FALSE
amended,8866d32ae7fffff,5.35303195860464,FALSE,FALSE,FALSE,0,0,0,"",FALSE,FALSE,FALSE,FALSE,TRUE,FALSE,FALSE,FALSE
amended,8866d32ae9fffff,5.19926512431193,FALSE,FALSE,FALSE,0,0,0,"",FALSE,FALSE,FALSE,FALSE,TRUE,FALSE,FALSE,FALSE
amended,8866d32aebfffff,6.14647860863094,FALSE,FALSE,TRUE,0,0,0,"",FALSE,FALSE,FALSE,FALSE,TRUE,TRUE,FALSE,FALSE
amended,8866d32aedfffff,4.43870724667677,FALSE,FALSE,FALSE,0,0,0,"",FALSE,FALSE,FALSE,FALSE,TRUE,FALSE,FALSE,FALSE
amended,8866d32b01fffff,4.13957601100191,FALSE,FALSE,FALSE,0,0,0,"",FALSE,FALSE,FALSE,FALSE,TRUE,FALSE,FALSE,FALSE
amended,8866d32b03fffff,3.28651627074493,FALSE,FALSE,FALSE,0,0,0,"",FALSE,FALSE,FALSE,FALSE,TRUE,FALSE,FALSE,FALSE
amended,8866d32b05fffff,5.00520576362705,FALSE,FALSE,FALSE,0,0,0,"",FALSE,FALSE,FALSE,FALSE,TRUE,FALSE,FALSE,FALSE
amended,8866d32b09fffff,4.29116761125291,FALSE,FALSE,FALSE,0,0,0,"",FALSE,FALSE,FALSE,FALSE,TRUE,FALSE,FALSE,FALSE
amended,8866d32b0bfffff,3.34355056981764,FALSE,FALSE,FALSE,0,0,0,"",FALSE,FALSE,FALSE,FALSE,TRUE,FALSE,FALSE,FALSE
amended,8866d32b15fffff,2.53614644608177,FALSE,FALSE,FALSE,0,0,0,"",FALSE,FALSE,FALSE,FALSE,TRUE,FALSE,FALSE,FALSE
amended,8866d32b17fffff,2.00718615193097,FALSE,TRUE,FALSE,0,0,0,"",FALSE,FALSE,TRUE,FALSE,TRUE,FALSE,FALSE,FALSE
amended,8866d32b1dfffff,2.41914989956481,FALSE,FALSE,FALSE,0,0,0,"",FALSE,FALSE,FALSE,FALSE,TRUE,FALSE,FALSE,FALSE
amended,8866d32b21fffff,6.11588089080833,FALSE,FALSE,TRUE,0,0,0,"",FALSE,FALSE,FALSE,FALSE,TRUE,TRUE,FALSE,FALSE
amended,8866d32b25fffff,7.08455616670212,FALSE,FALSE,FALSE,0,0,0,"",FALSE,FALSE,FALSE,FALSE,TRUE,FALSE,FALSE,FALSE
amended,8866d32b27fffff,6.46453964396352,FALSE,FALSE,FALSE,0,0,0,"",FALSE,FALSE,FALSE,FALSE,TRUE,FALSE,FALSE,FALSE
amended,8866d32b29fffff,5.90994975848382,FALSE,FALSE,FALSE,0,0,0,"",FALSE,FALSE,FALSE,FALSE,TRUE,FALSE,FALSE,FALSE
amended,8866d32b39fffff,3.51173828093432,FALSE,FALSE,FALSE,0,0,0,"",FALSE,FALSE,FALSE,FALSE,TRUE,FALSE,FALSE,FALSE
amended,8866d32b3bfffff,2.98684008632862,FALSE,FALSE,FALSE,1,1,0,negative ratio,FALSE,FALSE,FALSE,FALSE,FALSE,FALSE,FALSE,FALSE
amended,8866d32b45fffff,5.96540242709734,FALSE,FALSE,FALSE,0,0,0,"",FALSE,FALSE,FALSE,FALSE,TRUE,FALSE,FALSE,FALSE
amended,8866d32b49fffff,5.38953428857299,FALSE,FALSE,FALSE,0,0,0,"",FALSE,FALSE,FALSE,FALSE,TRUE,FALSE,FALSE,FALSE
amended,8866d32b4dfffff,6.09130093260819,FALSE,FALSE,FALSE,0,0,0,"",FALSE,FALSE,FALSE,FALSE,TRUE,FALSE,FALSE,FALSE
amended,8866d32b51fffff,2.52750631913906,FALSE,FALSE,FALSE,0,0,0,"",FALSE,FALSE,FALSE,FALSE,TRUE,FALSE,FALSE,FALSE
amended,8866d32b55fffff,3.37960614511978,FALSE,FALSE,FALSE,0,0,0,"",FALSE,FALSE,FALSE,FALSE,TRUE,FALSE,FALSE,FALSE
amended,8866d32b57fffff,2.60609026160354,FALSE,FALSE,FALSE,0,0,0,"",FALSE,FALSE,FALSE,FALSE,TRUE,FALSE,FALSE,FALSE
amended,8866d32b59fffff,2.80953550608342,FALSE,FALSE,FALSE,0,0,0,"",FALSE,FALSE,FALSE,FALSE,TRUE,FALSE,FALSE,FALSE
amended,8866d32b69fffff,6.82298932232144,FALSE,FALSE,FALSE,0,0,0,"",FALSE,FALSE,FALSE,FALSE,TRUE,FALSE,FALSE,FALSE
amended,8866d32c01fffff,21.087586755154,FALSE,FALSE,FALSE,0,0,0,"",FALSE,FALSE,FALSE,FALSE,TRUE,FALSE,FALSE,FALSE
amended,8866d32c03fffff,22.0616800877181,FALSE,FALSE,FALSE,0,0,0,"",FALSE,FALSE,FALSE,FALSE,TRUE,FALSE,FALSE,FALSE
amended,8866d32c05fffff,20.4384674467332,FALSE,FALSE,TRUE,0,0,0,"",FALSE,FALSE,FALSE,FALSE,TRUE,TRUE,FALSE,FALSE
amended,8866d32c07fffff,21.4185634722575,FALSE,FALSE,TRUE,3,3,0,negative ratio,FALSE,FALSE,FALSE,FALSE,FALSE,FALSE,FALSE,FALSE
amended,8866d32c09fffff,20.7973330032144,FALSE,FALSE,FALSE,0,0,0,"",FALSE,FALSE,FALSE,FALSE,TRUE,FALSE,FALSE,FALSE
amended,8866d32c0bfffff,21.7623352686334,FALSE,FALSE,TRUE,0,0,0,"",FALSE,FALSE,FALSE,FALSE,TRUE,TRUE,FALSE,FALSE
amended,8866d32c0dfffff,20.1152588678719,FALSE,FALSE,FALSE,0,0,0,"",FALSE,FALSE,FALSE,FALSE,TRUE,FALSE,FALSE,FALSE
amended,8866d32c13fffff,24.6702795577857,FALSE,FALSE,FALSE,0,0,0,"",FALSE,FALSE,FALSE,FALSE,TRUE,FALSE,FALSE,FALSE
amended,8866d32c1bfffff,24.3830085151357,FALSE,FALSE,FALSE,0,0,0,"",FALSE,FALSE,FALSE,FALSE,TRUE,FALSE,FALSE,FALSE
amended,8866d32c21fffff,20.2163926825173,FALSE,FALSE,TRUE,0,0,0,"",FALSE,FALSE,FALSE,FALSE,TRUE,TRUE,FALSE,FALSE
amended,8866d32c27fffff,20.6539028510808,FALSE,FALSE,FALSE,0,0,0,"",FALSE,FALSE,FALSE,FALSE,TRUE,FALSE,FALSE,FALSE
amended,8866d32c2bfffff,20.8026375873709,FALSE,FALSE,FALSE,0,0,0,"",FALSE,FALSE,FALSE,FALSE,TRUE,FALSE,FALSE,FALSE
amended,8866d32c2dfffff,19.2274201125722,FALSE,FALSE,FALSE,0,0,0,"",FALSE,FALSE,FALSE,FALSE,TRUE,FALSE,FALSE,FALSE
amended,8866d32c31fffff,22.7747536913287,FALSE,FALSE,TRUE,0,0,0,"",FALSE,FALSE,FALSE,FALSE,TRUE,TRUE,FALSE,FALSE
amended,8866d32c35fffff,22.1952061083369,FALSE,FALSE,FALSE,2,1,1,negative ratio,FALSE,FALSE,FALSE,FALSE,FALSE,FALSE,FALSE,FALSE
amended,8866d32c39fffff,22.3997248294872,FALSE,FALSE,FALSE,0,0,0,"",FALSE,FALSE,FALSE,FALSE,TRUE,FALSE,FALSE,FALSE
amended,8866d32c3dfffff,21.7884151626766,FALSE,FALSE,FALSE,0,0,0,"",FALSE,FALSE,FALSE,FALSE,TRUE,FALSE,FALSE,FALSE
amended,8866d32c41fffff,19.5995424923984,FALSE,FALSE,FALSE,0,0,0,"",FALSE,FALSE,FALSE,FALSE,TRUE,FALSE,FALSE,FALSE
amended,8866d32c43fffff,20.5495196661283,FALSE,FALSE,FALSE,0,0,0,"",FALSE,FALSE,FALSE,FALSE,TRUE,FALSE,FALSE,FALSE
amended,8866d32c45fffff,18.8757589617058,FALSE,FALSE,TRUE,0,0,0,"",FALSE,FALSE,FALSE,FALSE,TRUE,TRUE,FALSE,FALSE
amended,8866d32c47fffff,19.835005838462,FALSE,FALSE,TRUE,0,0,0,"",FALSE,FALSE,FALSE,FALSE,TRUE,TRUE,FALSE,FALSE
amended,8866d32c49fffff,19.4104901893134,FALSE,FALSE,TRUE,0,0,0,"",FALSE,FALSE,FALSE,FALSE,TRUE,TRUE,FALSE,FALSE
amended,8866d32c4bfffff,20.3456892944004,FALSE,FALSE,TRUE,0,0,0,"",FALSE,FALSE,FALSE,FALSE,TRUE,TRUE,FALSE,FALSE
amended,8866d32c4dfffff,18.6539441337494,FALSE,FALSE,FALSE,0,0,0,"",FALSE,FALSE,FALSE,FALSE,TRUE,FALSE,FALSE,FALSE
amended,8866d32c53fffff,23.1796670038101,FALSE,FALSE,FALSE,0,0,0,"",FALSE,FALSE,FALSE,FALSE,TRUE,FALSE,FALSE,FALSE
amended,8866d32c5bfffff,22.9780069636787,FALSE,FALSE,FALSE,0,0,0,"",FALSE,FALSE,FALSE,FALSE,TRUE,FALSE,FALSE,FALSE
amended,8866d32c61fffff,18.4821329767141,FALSE,FALSE,FALSE,0,0,0,"",FALSE,FALSE,FALSE,FALSE,TRUE,FALSE,FALSE,FALSE
amended,8866d32c63fffff,19.4595938854239,FALSE,FALSE,FALSE,4,2,2,negative ratio,FALSE,FALSE,FALSE,FALSE,FALSE,FALSE,FALSE,FALSE
amended,8866d32c65fffff,17.8495579009609,FALSE,FALSE,FALSE,1,1,0,negative ratio,FALSE,FALSE,FALSE,FALSE,FALSE,FALSE,FALSE,FALSE
amended,8866d32c67fffff,18.8331017433468,FALSE,FALSE,FALSE,0,0,0,"",FALSE,FALSE,FALSE,FALSE,TRUE,FALSE,FALSE,FALSE
amended,8866d32c69fffff,18.1770157404972,FALSE,FALSE,FALSE,0,0,0,"",FALSE,FALSE,FALSE,FALSE,TRUE,FALSE,FALSE,FALSE
amended,8866d32c6bfffff,19.1449615120904,FALSE,FALSE,TRUE,0,0,0,"",FALSE,FALSE,FALSE,FALSE,TRUE,TRUE,FALSE,FALSE
amended,8866d32c6dfffff,17.5063170616084,FALSE,FALSE,FALSE,0,0,0,"",FALSE,FALSE,FALSE,FALSE,TRUE,FALSE,FALSE,FALSE
amended,8866d32d41fffff,15.17630092185,FALSE,FALSE,FALSE,0,0,0,"",FALSE,FALSE,FALSE,FALSE,TRUE,FALSE,FALSE,FALSE
amended,8866d32d45fffff,14.7030043485696,FALSE,FALSE,FALSE,0,0,0,"",FALSE,FALSE,FALSE,FALSE,TRUE,FALSE,FALSE,FALSE
amended,8866d32d4bfffff,15.6977855468519,FALSE,FALSE,FALSE,0,0,0,"",FALSE,FALSE,FALSE,FALSE,TRUE,FALSE,FALSE,FALSE
amended,8866d32d4dfffff,14.1845242442916,FALSE,FALSE,TRUE,0,0,0,"",FALSE,FALSE,FALSE,FALSE,TRUE,TRUE,FALSE,FALSE
amended,8866d32d53fffff,18.6711588546535,FALSE,FALSE,TRUE,0,0,0,"",FALSE,FALSE,FALSE,FALSE,TRUE,TRUE,FALSE,FALSE
amended,8866d32d6dfffff,13.9201772453581,FALSE,FALSE,FALSE,1,1,0,negative ratio,FALSE,FALSE,FALSE,FALSE,FALSE,FALSE,FALSE,FALSE
amended,8866d32dc9fffff,21.6453929593535,FALSE,FALSE,FALSE,0,0,0,"",FALSE,FALSE,FALSE,FALSE,TRUE,FALSE,FALSE,FALSE
amended,8866d32e01fffff,19.350086744991,FALSE,FALSE,TRUE,0,0,0,"",FALSE,FALSE,FALSE,FALSE,TRUE,TRUE,FALSE,FALSE
amended,8866d32e03fffff,20.3212255662418,FALSE,FALSE,TRUE,0,0,0,"",FALSE,FALSE,FALSE,FALSE,TRUE,TRUE,FALSE,FALSE
amended,8866d32e07fffff,19.6691792779433,FALSE,FALSE,FALSE,0,0,0,"",FALSE,FALSE,FALSE,FALSE,TRUE,FALSE,FALSE,FALSE
amended,8866d32e09fffff,19.0757626576731,FALSE,FALSE,FALSE,0,0,0,"",FALSE,FALSE,FALSE,FALSE,TRUE,FALSE,FALSE,FALSE
amended,8866d32e0bfffff,20.0362351675276,FALSE,FALSE,TRUE,0,0,0,"",FALSE,FALSE,FALSE,FALSE,TRUE,TRUE,FALSE,FALSE
amended,8866d32e0dfffff,18.3811635308901,FALSE,FALSE,TRUE,0,0,0,"",FALSE,FALSE,FALSE,FALSE,TRUE,TRUE,FALSE,FALSE
amended,8866d32e11fffff,21.9655599420476,FALSE,FALSE,TRUE,0,0,0,"",FALSE,FALSE,FALSE,FALSE,TRUE,TRUE,FALSE,FALSE
amended,8866d32e13fffff,22.9337137915662,FALSE,FALSE,FALSE,0,0,0,"",FALSE,FALSE,FALSE,FALSE,TRUE,FALSE,FALSE,FALSE
amended,8866d32e15fffff,21.2942803900951,FALSE,FALSE,FALSE,0,0,0,"",FALSE,FALSE,FALSE,FALSE,TRUE,FALSE,FALSE,FALSE
amended,8866d32e17fffff,22.2690034190823,FALSE,FALSE,TRUE,0,0,0,"",FALSE,FALSE,FALSE,FALSE,TRUE,TRUE,FALSE,FALSE
amended,8866d32e19fffff,21.7019100890398,FALSE,FALSE,FALSE,0,0,0,"",FALSE,FALSE,FALSE,FALSE,TRUE,FALSE,FALSE,FALSE
amended,8866d32e1bfffff,22.6601328371603,FALSE,FALSE,FALSE,0,0,0,"",FALSE,FALSE,FALSE,FALSE,TRUE,FALSE,FALSE,FALSE
amended,8866d32e1dfffff,20.9996278673755,FALSE,FALSE,TRUE,0,0,0,"",FALSE,FALSE,FALSE,FALSE,TRUE,TRUE,FALSE,FALSE
amended,8866d32e21fffff,18.358945533234,FALSE,FALSE,FALSE,0,0,0,"",FALSE,FALSE,FALSE,FALSE,TRUE,FALSE,FALSE,FALSE
amended,8866d32e23fffff,19.2692062347091,FALSE,FALSE,FALSE,0,0,0,"",FALSE,FALSE,FALSE,FALSE,TRUE,FALSE,FALSE,FALSE
amended,8866d32e25fffff,17.5587975828755,FALSE,FALSE,TRUE,0,0,0,"",FALSE,FALSE,FALSE,FALSE,TRUE,TRUE,FALSE,FALSE
amended,8866d32e27fffff,18.4812142298598,FALSE,FALSE,TRUE,0,0,0,"",FALSE,FALSE,FALSE,FALSE,TRUE,TRUE,FALSE,FALSE
amended,8866d32e29fffff,18.0622834836697,FALSE,FALSE,FALSE,0,0,0,"",FALSE,FALSE,FALSE,FALSE,TRUE,FALSE,FALSE,FALSE
amended,8866d32e2bfffff,19.0462012797699,FALSE,FALSE,FALSE,0,0,0,"",FALSE,FALSE,FALSE,FALSE,TRUE,FALSE,FALSE,FALSE
amended,8866d32e2dfffff,17.4575837711321,FALSE,FALSE,TRUE,0,0,0,"",FALSE,FALSE,FALSE,FALSE,TRUE,TRUE,FALSE,FALSE
amended,8866d32e33fffff,21.8958431993681,FALSE,FALSE,FALSE,0,0,0,"",FALSE,FALSE,FALSE,FALSE,TRUE,FALSE,FALSE,FALSE
amended,8866d32e35fffff,20.1871658519943,FALSE,FALSE,FALSE,0,0,0,"",FALSE,FALSE,FALSE,FALSE,TRUE,FALSE,FALSE,FALSE
amended,8866d32e39fffff,20.6485708901364,FALSE,FALSE,FALSE,0,0,0,"",FALSE,FALSE,FALSE,FALSE,TRUE,FALSE,FALSE,FALSE
amended,8866d32e3bfffff,21.6291083612118,FALSE,FALSE,TRUE,0,0,0,"",FALSE,FALSE,FALSE,FALSE,TRUE,TRUE,FALSE,FALSE
amended,8866d32e3dfffff,20.030909338904,FALSE,FALSE,FALSE,0,0,0,"",FALSE,FALSE,FALSE,FALSE,TRUE,FALSE,FALSE,FALSE
amended,8866d32e41fffff,17.9057084304488,FALSE,FALSE,FALSE,0,0,0,"",FALSE,FALSE,FALSE,FALSE,TRUE,FALSE,FALSE,FALSE
amended,8866d32e43fffff,18.8481528613377,FALSE,FALSE,FALSE,0,0,0,"",FALSE,FALSE,FALSE,FALSE,TRUE,FALSE,FALSE,FALSE
amended,8866d32e45fffff,17.1655200432048,FALSE,FALSE,TRUE,0,0,0,"",FALSE,FALSE,FALSE,FALSE,TRUE,TRUE,FALSE,FALSE
amended,8866d32e47fffff,18.1186705939538,FALSE,FALSE,FALSE,0,0,0,"",FALSE,FALSE,FALSE,FALSE,TRUE,FALSE,FALSE,FALSE
amended,8866d32e49fffff,17.7440509531381,FALSE,FALSE,FALSE,0,0,0,"",FALSE,FALSE,FALSE,FALSE,TRUE,FALSE,FALSE,FALSE
amended,8866d32e4bfffff,18.6689569525018,FALSE,FALSE,FALSE,0,0,0,"",FALSE,FALSE,FALSE,FALSE,TRUE,FALSE,FALSE,FALSE
amended,8866d32e4dfffff,16.9688864681159,FALSE,FALSE,FALSE,0,0,0,"",FALSE,FALSE,FALSE,FALSE,TRUE,FALSE,FALSE,FALSE
amended,8866d32e51fffff,20.5374982713227,FALSE,FALSE,FALSE,0,0,0,"",FALSE,FALSE,FALSE,FALSE,TRUE,FALSE,FALSE,FALSE
amended,8866d32e53fffff,21.4795113605875,FALSE,FALSE,FALSE,0,0,0,"",FALSE,FALSE,FALSE,FALSE,TRUE,FALSE,FALSE,FALSE
amended,8866d32e55fffff,19.7954205435868,FALSE,FALSE,FALSE,0,0,0,"",FALSE,FALSE,FALSE,FALSE,TRUE,FALSE,FALSE,FALSE
amended,8866d32e57fffff,20.7468544490858,FALSE,FALSE,TRUE,0,0,0,"",FALSE,FALSE,FALSE,FALSE,TRUE,TRUE,FALSE,FALSE
amended,8866d32e59fffff,20.3728895454639,FALSE,FALSE,FALSE,0,0,0,"",FALSE,FALSE,FALSE,FALSE,TRUE,FALSE,FALSE,FALSE
amended,8866d32e5bfffff,21.2996479964927,FALSE,FALSE,FALSE,0,0,0,"",FALSE,FALSE,FALSE,FALSE,TRUE,FALSE,FALSE,FALSE
amended,8866d32e5dfffff,19.6004013686342,FALSE,FALSE,TRUE,0,0,0,"",FALSE,FALSE,FALSE,FALSE,TRUE,TRUE,FALSE,FALSE
amended,8866d32e61fffff,16.7398448886057,FALSE,FALSE,FALSE,0,0,0,"",FALSE,FALSE,FALSE,FALSE,TRUE,FALSE,FALSE,FALSE
amended,8866d32e63fffff,17.7145766969995,FALSE,FALSE,FALSE,0,0,0,"",FALSE,FALSE,FALSE,FALSE,TRUE,FALSE,FALSE,FALSE
amended,8866d32e65fffff,16.0973794943706,FALSE,TRUE,FALSE,0,0,0,"",FALSE,FALSE,TRUE,FALSE,TRUE,FALSE,FALSE,FALSE
amended,8866d32e67fffff,17.0792881219289,FALSE,FALSE,TRUE,0,0,0,"",FALSE,FALSE,FALSE,FALSE,TRUE,TRUE,FALSE,FALSE
amended,8866d32e69fffff,16.4515106678563,FALSE,FALSE,TRUE,0,0,0,"",FALSE,FALSE,FALSE,FALSE,TRUE,TRUE,FALSE,FALSE
amended,8866d32e6bfffff,17.4148214208435,FALSE,FALSE,TRUE,0,0,0,"",FALSE,FALSE,FALSE,FALSE,TRUE,TRUE,FALSE,FALSE
amended,8866d32e6dfffff,15.7672434632486,FALSE,FALSE,FALSE,0,0,0,"",FALSE,FALSE,FALSE,FALSE,TRUE,FALSE,FALSE,FALSE
amended,8866d32e81fffff,26.1809035586027,FALSE,FALSE,FALSE,0,0,0,"",FALSE,FALSE,FALSE,FALSE,TRUE,FALSE,FALSE,FALSE
amended,8866d32e83fffff,27.1524920204564,FALSE,FALSE,FALSE,0,0,0,"",FALSE,FALSE,FALSE,FALSE,TRUE,FALSE,FALSE,FALSE
amended,8866d32e85fffff,25.4464200254314,FALSE,FALSE,FALSE,0,0,0,"",FALSE,FALSE,FALSE,FALSE,TRUE,FALSE,FALSE,FALSE
amended,8866d32e87fffff,26.3741604141627,FALSE,FALSE,FALSE,0,0,0,"",FALSE,FALSE,FALSE,FALSE,TRUE,FALSE,FALSE,FALSE
amended,8866d32e89fffff,25.8490356289595,FALSE,FALSE,FALSE,0,0,0,"",FALSE,FALSE,FALSE,FALSE,TRUE,FALSE,FALSE,FALSE
amended,8866d32e8bfffff,26.8237831587275,FALSE,FALSE,FALSE,0,0,0,"",FALSE,FALSE,FALSE,FALSE,TRUE,FALSE,FALSE,FALSE
amended,8866d32e8dfffff,25.2012740990077,FALSE,FALSE,FALSE,0,0,0,"",FALSE,FALSE,FALSE,FALSE,TRUE,FALSE,FALSE,FALSE
amended,8866d32ea5fffff,24.1319451383443,FALSE,FALSE,FALSE,0,0,0,"",FALSE,FALSE,FALSE,FALSE,TRUE,FALSE,FALSE,FALSE
amended,8866d32ea9fffff,24.6743297362767,FALSE,FALSE,FALSE,0,0,0,"",FALSE,FALSE,FALSE,FALSE,TRUE,FALSE,FALSE,FALSE
amended,8866d32eabfffff,25.6103729357943,FALSE,FALSE,TRUE,0,0,0,"",FALSE,FALSE,FALSE,FALSE,TRUE,TRUE,FALSE,FALSE
amended,8866d32ec1fffff,24.584609308591,FALSE,FALSE,FALSE,0,0,0,"",FALSE,FALSE,FALSE,FALSE,TRUE,FALSE,FALSE,FALSE
amended,8866d32ec3fffff,25.5502639613177,FALSE,FALSE,FALSE,0,0,0,"",FALSE,FALSE,FALSE,FALSE,TRUE,FALSE,FALSE,FALSE
amended,8866d32ec7fffff,24.8756605802036,FALSE,FALSE,FALSE,0,0,0,"",FALSE,FALSE,FALSE,FALSE,TRUE,FALSE,FALSE,FALSE
amended,8866d32ecbfffff,25.2857550721317,FALSE,FALSE,FALSE,0,0,0,"",FALSE,FALSE,FALSE,FALSE,TRUE,FALSE,FALSE,FALSE
amended,8866d32ecdfffff,23.621140424909,FALSE,FALSE,FALSE,0,0,0,"",FALSE,FALSE,FALSE,FALSE,TRUE,FALSE,FALSE,FALSE
amended,8866d32ed3fffff,28.169756334574,FALSE,FALSE,TRUE,0,0,0,"",FALSE,FALSE,FALSE,FALSE,TRUE,TRUE,FALSE,FALSE
amended,8866d32ed5fffff,26.517868393989,FALSE,FALSE,FALSE,3,2,1,negative ratio,FALSE,FALSE,FALSE,FALSE,FALSE,FALSE,FALSE,FALSE
amended,8866d32ed7fffff,27.4872193894939,FALSE,FALSE,FALSE,0,0,0,"",FALSE,FALSE,FALSE,FALSE,TRUE,FALSE,FALSE,FALSE
amended,8866d32edbfffff,27.9126274620765,FALSE,FALSE,TRUE,0,0,0,"",FALSE,FALSE,FALSE,FALSE,TRUE,TRUE,FALSE,FALSE
amended,8866d32ee3fffff,24.5237209692127,FALSE,FALSE,FALSE,0,0,0,"",FALSE,FALSE,FALSE,FALSE,TRUE,FALSE,FALSE,FALSE
amended,8866d32ee5fffff,22.8164648961958,FALSE,FALSE,FALSE,0,0,0,"",FALSE,FALSE,FALSE,FALSE,TRUE,FALSE,FALSE,FALSE
amended,8866d32ee7fffff,23.7428421546477,FALSE,FALSE,FALSE,0,0,0,"",FALSE,FALSE,FALSE,FALSE,TRUE,FALSE,FALSE,FALSE
amended,8866d32ee9fffff,23.2451880132671,FALSE,FALSE,FALSE,0,0,0,"",FALSE,FALSE,FALSE,FALSE,TRUE,FALSE,FALSE,FALSE
amended,8866d32eebfffff,24.2226605445798,FALSE,FALSE,TRUE,0,0,0,"",FALSE,FALSE,FALSE,FALSE,TRUE,TRUE,FALSE,FALSE
amended,8866d32eedfffff,22.610645925595,FALSE,FALSE,FALSE,0,0,0,"",FALSE,FALSE,FALSE,FALSE,TRUE,FALSE,FALSE,FALSE
amended,8866d32f01fffff,14.3381543561635,FALSE,FALSE,FALSE,0,0,0,"",FALSE,FALSE,FALSE,FALSE,TRUE,FALSE,FALSE,FALSE
amended,8866d32f03fffff,15.291699532563,FALSE,FALSE,FALSE,0,0,0,"",FALSE,FALSE,FALSE,FALSE,TRUE,FALSE,FALSE,FALSE
amended,8866d32f05fffff,13.6264536392399,FALSE,TRUE,FALSE,0,0,0,"",FALSE,FALSE,TRUE,FALSE,TRUE,FALSE,FALSE,FALSE
amended,8866d32f07fffff,14.5919854388752,FALSE,FALSE,FALSE,0,0,0,"",FALSE,FALSE,FALSE,FALSE,TRUE,FALSE,FALSE,FALSE
amended,8866d32f09fffff,14.1474188207546,FALSE,FALSE,FALSE,0,0,0,"",FALSE,FALSE,FALSE,FALSE,TRUE,FALSE,FALSE,FALSE
amended,8866d32f0bfffff,15.0812062298351,FALSE,FALSE,FALSE,0,0,0,"",FALSE,FALSE,FALSE,FALSE,TRUE,FALSE,FALSE,FALSE
amended,8866d32f0dfffff,13.3901810739931,FALSE,FALSE,TRUE,0,0,0,"",FALSE,FALSE,FALSE,FALSE,TRUE,TRUE,FALSE,FALSE
amended,8866d32f11fffff,16.968576399899,FALSE,FALSE,TRUE,0,0,0,"",FALSE,FALSE,FALSE,FALSE,TRUE,TRUE,FALSE,FALSE
amended,8866d32f13fffff,17.9200828492154,FALSE,FALSE,FALSE,0,0,0,"",FALSE,FALSE,FALSE,FALSE,TRUE,FALSE,FALSE,FALSE
amended,8866d32f15fffff,16.2498404195918,FALSE,FALSE,FALSE,0,0,0,"",FALSE,FALSE,FALSE,FALSE,TRUE,FALSE,FALSE,FALSE
amended,8866d32f17fffff,17.2118139335869,FALSE,FALSE,FALSE,0,0,0,"",FALSE,FALSE,FALSE,FALSE,TRUE,FALSE,FALSE,FALSE
amended,8866d32f19fffff,16.7788240808786,FALSE,FALSE,FALSE,0,0,0,"",FALSE,FALSE,FALSE,FALSE,TRUE,FALSE,FALSE,FALSE
amended,8866d32f1bfffff,17.7134216290963,FALSE,FALSE,FALSE,0,0,0,"",FALSE,FALSE,FALSE,FALSE,TRUE,FALSE,FALSE,FALSE
amended,8866d32f21fffff,13.3033731836953,FALSE,FALSE,TRUE,0,0,0,"",FALSE,FALSE,FALSE,FALSE,TRUE,TRUE,FALSE,FALSE
amended,8866d32f23fffff,14.2890922094313,FALSE,FALSE,FALSE,0,0,0,"",FALSE,FALSE,FALSE,FALSE,TRUE,FALSE,FALSE,FALSE
amended,8866d32f25fffff,12.7257165949104,FALSE,FALSE,FALSE,0,0,0,"",FALSE,FALSE,FALSE,FALSE,TRUE,FALSE,FALSE,FALSE
amended,8866d32f27fffff,13.7162181686942,FALSE,FALSE,FALSE,4,4,0,negative ratio,FALSE,FALSE,FALSE,FALSE,FALSE,FALSE,FALSE,FALSE
amended,8866d32f29fffff,12.9512810997487,FALSE,TRUE,TRUE,0,0,0,"",FALSE,FALSE,TRUE,TRUE,TRUE,TRUE,FALSE,FALSE
amended,8866d32f2bfffff,13.927449937954,FALSE,FALSE,FALSE,0,0,0,"",FALSE,FALSE,FALSE,FALSE,TRUE,FALSE,FALSE,FALSE
amended,8866d32f2dfffff,12.3186523396068,FALSE,FALSE,FALSE,0,0,0,"",FALSE,FALSE,FALSE,FALSE,TRUE,FALSE,FALSE,FALSE
amended,8866d32f35fffff,15.2756211565362,FALSE,FALSE,FALSE,0,0,0,"",FALSE,FALSE,FALSE,FALSE,TRUE,FALSE,FALSE,FALSE
amended,8866d32f39fffff,15.5608382770882,FALSE,FALSE,FALSE,0,0,0,"",FALSE,FALSE,FALSE,FALSE,TRUE,FALSE,FALSE,FALSE
amended,8866d32f3dfffff,14.9057003712752,FALSE,FALSE,TRUE,0,0,0,"",FALSE,FALSE,FALSE,FALSE,TRUE,TRUE,FALSE,FALSE
amended,8866d32f41fffff,13.1247863500012,FALSE,TRUE,TRUE,0,0,0,"",FALSE,FALSE,TRUE,TRUE,TRUE,TRUE,FALSE,FALSE
amended,8866d32f43fffff,14.0223417248316,FALSE,FALSE,FALSE,0,0,0,"",FALSE,FALSE,FALSE,FALSE,TRUE,FALSE,FALSE,FALSE
amended,8866d32f45fffff,12.3071205146423,TRUE,TRUE,TRUE,0,0,0,"",TRUE,TRUE,TRUE,TRUE,TRUE,TRUE,TRUE,TRUE
amended,8866d32f47fffff,13.2220896499317,FALSE,FALSE,FALSE,0,0,0,"",FALSE,FALSE,FALSE,FALSE,TRUE,FALSE,FALSE,FALSE
amended,8866d32f49fffff,12.9453493858756,TRUE,TRUE,FALSE,0,0,0,"",TRUE,FALSE,TRUE,FALSE,TRUE,FALSE,TRUE,FALSE
amended,8866d32f4bfffff,13.9358908410766,FALSE,TRUE,FALSE,0,0,0,"",FALSE,FALSE,TRUE,FALSE,TRUE,FALSE,FALSE,FALSE
amended,8866d32f4dfffff,12.2417794984272,TRUE,TRUE,FALSE,0,0,0,"",TRUE,FALSE,TRUE,FALSE,TRUE,FALSE,TRUE,FALSE
amended,8866d32f51fffff,15.7393387694647,FALSE,FALSE,FALSE,0,0,0,"",FALSE,FALSE,FALSE,FALSE,TRUE,FALSE,FALSE,FALSE
amended,8866d32f53fffff,16.6443761700289,FALSE,FALSE,FALSE,0,0,0,"",FALSE,FALSE,FALSE,FALSE,TRUE,FALSE,FALSE,FALSE
amended,8866d32f55fffff,14.9318274115972,FALSE,FALSE,FALSE,0,0,0,"",FALSE,FALSE,FALSE,FALSE,TRUE,FALSE,FALSE,FALSE
amended,8866d32f57fffff,15.8511947810432,FALSE,FALSE,FALSE,0,0,0,"",FALSE,FALSE,FALSE,FALSE,TRUE,FALSE,FALSE,FALSE
amended,8866d32f59fffff,15.4914770440179,FALSE,FALSE,FALSE,0,0,0,"",FALSE,FALSE,FALSE,FALSE,TRUE,FALSE,FALSE,FALSE
amended,8866d32f5bfffff,16.4789239743329,FALSE,FALSE,TRUE,0,0,0,"",FALSE,FALSE,FALSE,FALSE,TRUE,TRUE,FALSE,FALSE
amended,8866d32f5dfffff,14.8453966437238,FALSE,FALSE,FALSE,0,0,0,"",FALSE,FALSE,FALSE,FALSE,TRUE,FALSE,FALSE,FALSE
amended,8866d32f61fffff,11.7086111883427,TRUE,TRUE,FALSE,0,0,0,"",TRUE,FALSE,TRUE,FALSE,TRUE,FALSE,TRUE,FALSE
amended,8866d32f63fffff,12.6649964539643,FALSE,FALSE,FALSE,0,0,0,"",FALSE,FALSE,FALSE,FALSE,TRUE,FALSE,FALSE,FALSE
amended,8866d32f65fffff,11.0073748198571,FALSE,FALSE,TRUE,0,0,0,"",FALSE,FALSE,FALSE,FALSE,TRUE,TRUE,FALSE,FALSE
amended,8866d32f67fffff,11.9776964605456,TRUE,TRUE,TRUE,0,0,0,"",TRUE,TRUE,TRUE,TRUE,TRUE,TRUE,TRUE,TRUE
amended,8866d32f69fffff,11.5164207780034,TRUE,TRUE,FALSE,0,0,0,"",TRUE,FALSE,TRUE,FALSE,TRUE,FALSE,TRUE,FALSE
amended,8866d32f6bfffff,12.4490465126938,TRUE,TRUE,TRUE,0,0,0,"",TRUE,TRUE,TRUE,TRUE,TRUE,TRUE,TRUE,TRUE
amended,8866d32f6dfffff,10.7586434310822,FALSE,TRUE,FALSE,0,0,0,"",FALSE,FALSE,TRUE,FALSE,TRUE,FALSE,FALSE,FALSE
amended,8866d33001fffff,12.6872071127154,FALSE,TRUE,TRUE,0,0,0,"",FALSE,FALSE,TRUE,TRUE,TRUE,TRUE,FALSE,FALSE
amended,8866d33003fffff,12.8558911397245,FALSE,TRUE,TRUE,0,0,0,"",FALSE,FALSE,TRUE,TRUE,TRUE,TRUE,FALSE,FALSE
amended,8866d33005fffff,11.7860915733159,FALSE,FALSE,FALSE,1,0,1,negative ratio,FALSE,FALSE,FALSE,FALSE,FALSE,FALSE,FALSE,FALSE
amended,8866d33007fffff,11.9253330567313,FALSE,FALSE,FALSE,0,0,0,"",FALSE,FALSE,FALSE,FALSE,TRUE,FALSE,FALSE,FALSE
amended,8866d3300bfffff,13.6004339629184,FALSE,TRUE,FALSE,0,0,0,"",FALSE,FALSE,TRUE,FALSE,TRUE,FALSE,FALSE,FALSE
amended,8866d3300dfffff,12.594397483426,TRUE,TRUE,FALSE,0,0,0,"",TRUE,FALSE,TRUE,FALSE,TRUE,FALSE,TRUE,FALSE
amended,8866d33011fffff,14.0290440174484,TRUE,TRUE,FALSE,0,0,0,"",TRUE,FALSE,TRUE,FALSE,TRUE,FALSE,TRUE,FALSE
amended,8866d33013fffff,14.2695948553332,TRUE,TRUE,FALSE,0,0,0,"",TRUE,FALSE,TRUE,FALSE,TRUE,FALSE,TRUE,FALSE
amended,8866d33019fffff,14.7395508328753,TRUE,TRUE,FALSE,0,0,0,"",TRUE,FALSE,TRUE,FALSE,TRUE,FALSE,TRUE,FALSE
amended,8866d3301dfffff,13.7944771502493,FALSE,FALSE,FALSE,22,17,5,negative ratio,FALSE,FALSE,FALSE,FALSE,FALSE,FALSE,FALSE,FALSE
amended,8866d33023fffff,10.2568712229142,FALSE,FALSE,FALSE,0,0,0,"",FALSE,FALSE,FALSE,FALSE,TRUE,FALSE,FALSE,FALSE
amended,8866d33025fffff,9.20620481530087,FALSE,FALSE,FALSE,0,0,0,"",FALSE,FALSE,FALSE,FALSE,TRUE,FALSE,FALSE,FALSE
amended,8866d33027fffff,9.3272169303809,FALSE,FALSE,FALSE,0,0,0,"",FALSE,FALSE,FALSE,FALSE,TRUE,FALSE,FALSE,FALSE
amended,8866d33029fffff,10.9001005731028,FALSE,TRUE,FALSE,0,0,0,"",FALSE,FALSE,TRUE,FALSE,TRUE,FALSE,FALSE,FALSE
amended,8866d3302bfffff,11.0048485841958,FALSE,FALSE,FALSE,0,0,0,"",FALSE,FALSE,FALSE,FALSE,TRUE,FALSE,FALSE,FALSE
amended,8866d3302dfffff,10.0332514926616,FALSE,TRUE,TRUE,0,0,0,"",FALSE,FALSE,TRUE,TRUE,TRUE,TRUE,FALSE,FALSE
amended,8866d33033fffff,11.6788905951448,FALSE,FALSE,FALSE,0,0,0,"",FALSE,FALSE,FALSE,FALSE,TRUE,FALSE,FALSE,FALSE
amended,8866d33035fffff,10.4990642572778,FALSE,FALSE,FALSE,0,0,0,"",FALSE,FALSE,FALSE,FALSE,TRUE,FALSE,FALSE,FALSE
amended,8866d33039fffff,12.1440392447757,FALSE,FALSE,FALSE,0,0,0,"",FALSE,FALSE,FALSE,FALSE,TRUE,FALSE,FALSE,FALSE
amended,8866d3303dfffff,11.1965937202085,FALSE,FALSE,FALSE,0,0,0,"",FALSE,FALSE,FALSE,FALSE,TRUE,FALSE,FALSE,FALSE
amended,8866d33041fffff,14.2736170267773,FALSE,TRUE,TRUE,0,0,0,"",FALSE,FALSE,TRUE,TRUE,TRUE,TRUE,FALSE,FALSE
amended,8866d33047fffff,13.4248659695964,FALSE,TRUE,FALSE,0,0,0,"",FALSE,FALSE,TRUE,FALSE,TRUE,FALSE,FALSE,FALSE
amended,8866d33049fffff,15.1375642463653,FALSE,TRUE,TRUE,0,0,0,"",FALSE,FALSE,TRUE,TRUE,TRUE,TRUE,FALSE,FALSE
amended,8866d3304bfffff,15.1204338120647,FALSE,TRUE,TRUE,0,0,0,"",FALSE,FALSE,TRUE,TRUE,TRUE,TRUE,FALSE,FALSE
amended,8866d33053fffff,15.4545818513935,FALSE,TRUE,TRUE,0,0,0,"",FALSE,FALSE,TRUE,TRUE,TRUE,TRUE,FALSE,FALSE
amended,8866d33061fffff,11.7556630116527,FALSE,TRUE,FALSE,0,0,0,"",FALSE,FALSE,TRUE,FALSE,TRUE,FALSE,FALSE,FALSE
amended,8866d33063fffff,11.7291384570706,FALSE,TRUE,FALSE,0,0,0,"",FALSE,FALSE,TRUE,FALSE,TRUE,FALSE,FALSE,FALSE
amended,8866d33065fffff,10.959475996322,FALSE,TRUE,TRUE,0,0,0,"",FALSE,FALSE,TRUE,TRUE,TRUE,TRUE,FALSE,FALSE
amended,8866d33067fffff,10.8848542823733,TRUE,TRUE,TRUE,0,0,0,"",TRUE,TRUE,TRUE,TRUE,TRUE,TRUE,TRUE,TRUE
amended,8866d33069fffff,12.6416956753464,FALSE,FALSE,FALSE,0,0,0,"",FALSE,FALSE,FALSE,FALSE,TRUE,FALSE,FALSE,FALSE
amended,8866d3306bfffff,12.5791354775518,FALSE,TRUE,TRUE,0,0,0,"",FALSE,FALSE,TRUE,TRUE,TRUE,TRUE,FALSE,FALSE
amended,8866d3306dfffff,11.8650986983376,FALSE,TRUE,FALSE,0,0,0,"",FALSE,FALSE,TRUE,FALSE,TRUE,FALSE,FALSE,FALSE
amended,8866d33081fffff,14.8382332568563,TRUE,TRUE,TRUE,0,0,0,"",TRUE,TRUE,TRUE,TRUE,TRUE,TRUE,TRUE,TRUE
amended,8866d33083fffff,15.3554104463249,TRUE,TRUE,FALSE,0,0,0,"",TRUE,FALSE,TRUE,FALSE,TRUE,FALSE,TRUE,FALSE
amended,8866d33085fffff,13.8499200536919,FALSE,FALSE,TRUE,0,0,0,"",FALSE,FALSE,FALSE,FALSE,TRUE,TRUE,FALSE,FALSE
amended,8866d33087fffff,14.3676271233943,FALSE,FALSE,TRUE,0,0,0,"",FALSE,FALSE,FALSE,FALSE,TRUE,TRUE,FALSE,FALSE
amended,8866d33089fffff,15.3564364337797,FALSE,FALSE,TRUE,0,0,0,"",FALSE,FALSE,FALSE,FALSE,TRUE,TRUE,FALSE,FALSE
amended,8866d3308bfffff,15.8265368691862,FALSE,FALSE,TRUE,0,0,0,"",FALSE,FALSE,FALSE,FALSE,TRUE,TRUE,FALSE,FALSE
amended,8866d3308dfffff,14.370841091063,FALSE,TRUE,FALSE,0,0,0,"",FALSE,FALSE,TRUE,FALSE,TRUE,FALSE,FALSE,FALSE
amended,8866d33091fffff,16.9023003386701,FALSE,FALSE,TRUE,0,0,0,"",FALSE,FALSE,FALSE,FALSE,TRUE,TRUE,FALSE,FALSE
amended,8866d33093fffff,17.4924684609884,FALSE,TRUE,FALSE,0,0,0,"",FALSE,FALSE,TRUE,FALSE,TRUE,FALSE,FALSE,FALSE
amended,8866d33095fffff,15.9175255865004,TRUE,TRUE,TRUE,0,0,0,"",TRUE,TRUE,TRUE,TRUE,TRUE,TRUE,TRUE,TRUE
amended,8866d33097fffff,16.5052917268888,FALSE,FALSE,TRUE,0,0,0,"",FALSE,FALSE,FALSE,FALSE,TRUE,TRUE,FALSE,FALSE
amended,8866d33099fffff,17.3311248515812,FALSE,FALSE,TRUE,0,0,0,"",FALSE,FALSE,FALSE,FALSE,TRUE,TRUE,FALSE,FALSE
amended,8866d3309bfffff,17.8874503870565,TRUE,TRUE,FALSE,0,0,0,"",TRUE,FALSE,TRUE,FALSE,TRUE,FALSE,TRUE,FALSE
amended,8866d3309dfffff,16.3432480354737,FALSE,FALSE,TRUE,0,0,0,"",FALSE,FALSE,FALSE,FALSE,TRUE,TRUE,FALSE,FALSE
amended,8866d330a1fffff,12.3923073330595,FALSE,TRUE,TRUE,0,0,0,"",FALSE,FALSE,TRUE,TRUE,TRUE,TRUE,FALSE,FALSE
amended,8866d330a3fffff,12.9663850685653,FALSE,TRUE,FALSE,0,0,0,"",FALSE,FALSE,TRUE,FALSE,TRUE,FALSE,FALSE,FALSE
amended,8866d330a5fffff,11.4048310495943,FALSE,FALSE,FALSE,0,0,0,"",FALSE,FALSE,FALSE,FALSE,TRUE,FALSE,FALSE,FALSE
amended,8866d330a7fffff,11.9841960706864,FALSE,TRUE,FALSE,0,0,0,"",FALSE,FALSE,TRUE,FALSE,TRUE,FALSE,FALSE,FALSE
amended,8866d330a9fffff,12.8616027890338,FALSE,FALSE,TRUE,0,0,0,"",FALSE,FALSE,FALSE,FALSE,TRUE,TRUE,FALSE,FALSE
amended,8866d330abfffff,13.3799175332202,FALSE,TRUE,FALSE,0,0,0,"",FALSE,FALSE,TRUE,FALSE,TRUE,FALSE,FALSE,FALSE
amended,8866d330adfffff,11.8732888182344,FALSE,FALSE,FALSE,0,0,0,"",FALSE,FALSE,FALSE,FALSE,TRUE,FALSE,FALSE,FALSE
amended,8866d330b1fffff,14.5313712099604,FALSE,FALSE,FALSE,0,0,0,"",FALSE,FALSE,FALSE,FALSE,TRUE,FALSE,FALSE,FALSE
amended,8866d330b3fffff,15.1129887639976,FALSE,FALSE,TRUE,0,0,0,"",FALSE,FALSE,FALSE,FALSE,TRUE,TRUE,FALSE,FALSE
amended,8866d330b5fffff,13.5447052539905,FALSE,TRUE,FALSE,0,0,0,"",FALSE,FALSE,TRUE,FALSE,TRUE,FALSE,FALSE,FALSE
amended,8866d330b7fffff,14.1313002415884,FALSE,TRUE,FALSE,0,0,0,"",FALSE,FALSE,TRUE,FALSE,TRUE,FALSE,FALSE,FALSE
amended,8866d330b9fffff,14.9332070694237,FALSE,TRUE,TRUE,0,0,0,"",FALSE,FALSE,TRUE,TRUE,TRUE,TRUE,FALSE,FALSE
amended,8866d330bbfffff,15.5182479858024,TRUE,TRUE,TRUE,0,0,0,"",TRUE,TRUE,TRUE,TRUE,TRUE,TRUE,TRUE,TRUE
amended,8866d330bdfffff,13.9494485188765,FALSE,FALSE,TRUE,0,0,0,"",FALSE,FALSE,FALSE,FALSE,TRUE,TRUE,FALSE,FALSE
amended,8866d330c1fffff,15.5444316799149,FALSE,FALSE,FALSE,0,0,0,"",FALSE,FALSE,FALSE,FALSE,TRUE,FALSE,FALSE,FALSE
amended,8866d330c3fffff,15.917577862914,FALSE,FALSE,TRUE,0,0,0,"",FALSE,FALSE,FALSE,FALSE,TRUE,TRUE,FALSE,FALSE
amended,8866d330c5fffff,14.5736519258836,TRUE,TRUE,FALSE,0,0,0,"",TRUE,FALSE,TRUE,FALSE,TRUE,FALSE,TRUE,FALSE
amended,8866d330c9fffff,16.1875309805129,FALSE,FALSE,TRUE,0,0,0,"",FALSE,FALSE,FALSE,FALSE,TRUE,TRUE,FALSE,FALSE
amended,8866d330cbfffff,16.5172714365315,FALSE,FALSE,FALSE,0,0,0,"",FALSE,FALSE,FALSE,FALSE,TRUE,FALSE,FALSE,FALSE
amended,8866d330d1fffff,17.3285080783313,FALSE,FALSE,FALSE,0,0,0,"",FALSE,FALSE,FALSE,FALSE,TRUE,FALSE,FALSE,FALSE
amended,8866d330d3fffff,17.8030992928996,FALSE,FALSE,FALSE,0,0,0,"",FALSE,FALSE,FALSE,FALSE,TRUE,FALSE,FALSE,FALSE
amended,8866d330d5fffff,16.3423451806501,FALSE,FALSE,TRUE,0,0,0,"",FALSE,FALSE,FALSE,FALSE,TRUE,TRUE,FALSE,FALSE
amended,8866d330d7fffff,16.8148266507064,FALSE,FALSE,FALSE,0,0,0,"",FALSE,FALSE,FALSE,FALSE,TRUE,FALSE,FALSE,FALSE
amended,8866d330d9fffff,17.880654390383,FALSE,FALSE,FALSE,0,0,0,"",FALSE,FALSE,FALSE,FALSE,TRUE,FALSE,FALSE,FALSE
amended,8866d330dbfffff,18.3148786133153,FALSE,TRUE,FALSE,0,0,0,"",FALSE,FALSE,TRUE,FALSE,TRUE,FALSE,FALSE,FALSE
amended,8866d330ddfffff,16.8987341126994,FALSE,FALSE,TRUE,0,0,0,"",FALSE,FALSE,FALSE,FALSE,TRUE,TRUE,FALSE,FALSE
amended,8866d330e3fffff,13.3856358245463,FALSE,FALSE,FALSE,7,7,0,negative ratio,FALSE,FALSE,FALSE,FALSE,FALSE,FALSE,FALSE,FALSE
amended,8866d330e5fffff,12.0045045371852,FALSE,FALSE,TRUE,0,0,0,"",FALSE,FALSE,FALSE,FALSE,TRUE,TRUE,FALSE,FALSE
amended,8866d330e7fffff,12.4009216246781,FALSE,FALSE,FALSE,0,0,0,"",FALSE,FALSE,FALSE,FALSE,TRUE,FALSE,FALSE,FALSE
amended,8866d330e9fffff,13.6053804632877,TRUE,TRUE,TRUE,0,0,0,"",TRUE,TRUE,TRUE,TRUE,TRUE,TRUE,TRUE,TRUE
amended,8866d330ebfffff,13.9582304138212,TRUE,TRUE,TRUE,0,0,0,"",TRUE,TRUE,TRUE,TRUE,TRUE,TRUE,TRUE,TRUE
amended,8866d330edfffff,12.6402015966792,FALSE,FALSE,FALSE,0,0,0,"",FALSE,FALSE,FALSE,FALSE,TRUE,FALSE,FALSE,FALSE
amended,8866d33101fffff,6.90093428709632,TRUE,TRUE,TRUE,0,0,0,"",TRUE,TRUE,TRUE,TRUE,TRUE,TRUE,TRUE,TRUE
amended,8866d33103fffff,6.69937311851332,TRUE,TRUE,TRUE,0,0,0,"",TRUE,TRUE,TRUE,TRUE,TRUE,TRUE,TRUE,TRUE
amended,8866d33105fffff,6.26484725074682,TRUE,TRUE,TRUE,0,0,0,"",TRUE,TRUE,TRUE,TRUE,TRUE,TRUE,TRUE,TRUE
amended,8866d33107fffff,5.9581721355534,TRUE,TRUE,FALSE,0,0,0,"",TRUE,FALSE,TRUE,FALSE,TRUE,FALSE,TRUE,FALSE
amended,8866d33109fffff,7.85166702676084,TRUE,TRUE,TRUE,0,0,0,"",TRUE,TRUE,TRUE,TRUE,TRUE,TRUE,TRUE,TRUE
amended,8866d3310bfffff,7.61263185502008,TRUE,TRUE,TRUE,0,0,0,"",TRUE,TRUE,TRUE,TRUE,TRUE,TRUE,TRUE,TRUE
amended,8866d3310dfffff,7.23371302047071,TRUE,TRUE,FALSE,0,0,0,"",TRUE,FALSE,TRUE,FALSE,TRUE,FALSE,TRUE,FALSE
amended,8866d33111fffff,7.51308967929691,FALSE,TRUE,TRUE,0,0,0,"",FALSE,FALSE,TRUE,TRUE,TRUE,TRUE,FALSE,FALSE
amended,8866d33113fffff,7.6575256509928,FALSE,FALSE,FALSE,0,0,0,"",FALSE,FALSE,FALSE,FALSE,TRUE,FALSE,FALSE,FALSE
amended,8866d33115fffff,6.64100008380692,FALSE,TRUE,TRUE,0,0,0,"",FALSE,FALSE,TRUE,TRUE,TRUE,TRUE,FALSE,FALSE
amended,8866d33117fffff,6.72955415137861,FALSE,FALSE,FALSE,0,0,0,"",FALSE,FALSE,FALSE,FALSE,TRUE,FALSE,FALSE,FALSE
amended,8866d33119fffff,8.33720529503739,FALSE,TRUE,FALSE,0,0,0,"",FALSE,FALSE,TRUE,FALSE,TRUE,FALSE,FALSE,FALSE
amended,8866d3311bfffff,8.41098170081719,FALSE,FALSE,FALSE,0,0,0,"",FALSE,FALSE,FALSE,FALSE,TRUE,FALSE,FALSE,FALSE
amended,8866d3311dfffff,7.4978702153294,TRUE,TRUE,TRUE,0,0,0,"",TRUE,TRUE,TRUE,TRUE,TRUE,TRUE,TRUE,TRUE
amended,8866d33121fffff,4.75405558704132,TRUE,TRUE,TRUE,0,0,0,"",TRUE,TRUE,TRUE,TRUE,TRUE,TRUE,TRUE,TRUE
amended,8866d33123fffff,4.33597862141101,TRUE,TRUE,TRUE,0,0,0,"",TRUE,TRUE,TRUE,TRUE,TRUE,TRUE,TRUE,TRUE
amended,8866d33125fffff,4.36857513275944,TRUE,TRUE,FALSE,0,0,0,"",TRUE,FALSE,TRUE,FALSE,TRUE,FALSE,TRUE,FALSE
amended,8866d33127fffff,3.77847610701149,TRUE,TRUE,TRUE,0,0,0,"",TRUE,TRUE,TRUE,TRUE,TRUE,TRUE,FALSE,FALSE
amended,8866d33129fffff,5.72962565505347,TRUE,TRUE,FALSE,0,0,0,"",TRUE,FALSE,TRUE,FALSE,TRUE,FALSE,TRUE,FALSE
amended,8866d3312bfffff,5.29838638419552,TRUE,TRUE,TRUE,0,0,0,"",TRUE,TRUE,TRUE,TRUE,TRUE,TRUE,TRUE,TRUE
amended,8866d3312dfffff,5.32578502748943,TRUE,TRUE,TRUE,0,0,0,"",TRUE,TRUE,TRUE,TRUE,TRUE,TRUE,TRUE,TRUE
amended,8866d33131fffff,4.94463608091747,TRUE,TRUE,TRUE,0,0,0,"",TRUE,TRUE,TRUE,TRUE,TRUE,TRUE,TRUE,TRUE
amended,8866d33133fffff,5.05786362623847,TRUE,TRUE,TRUE,0,0,0,"",TRUE,TRUE,TRUE,TRUE,TRUE,TRUE,TRUE,TRUE
amended,8866d33135fffff,4.11863378373491,FALSE,TRUE,TRUE,0,0,0,"",FALSE,FALSE,TRUE,TRUE,TRUE,TRUE,FALSE,FALSE
amended,8866d33137fffff,4.13382449060873,FALSE,TRUE,TRUE,0,0,0,"",FALSE,FALSE,TRUE,TRUE,TRUE,TRUE,FALSE,FALSE
amended,8866d33139fffff,5.80636770625059,TRUE,TRUE,FALSE,0,0,0,"",TRUE,FALSE,TRUE,FALSE,TRUE,FALSE,TRUE,FALSE
amended,8866d3313bfffff,5.82157562433279,FALSE,TRUE,TRUE,0,0,0,"",FALSE,FALSE,TRUE,TRUE,TRUE,TRUE,FALSE,FALSE
amended,8866d3313dfffff,5.02790052308815,FALSE,FALSE,FALSE,0,0,0,"",FALSE,FALSE,FALSE,FALSE,TRUE,FALSE,FALSE,FALSE
amended,8866d33141fffff,9.1755353724397,TRUE,TRUE,TRUE,0,0,0,"",TRUE,TRUE,TRUE,TRUE,TRUE,TRUE,TRUE,TRUE
amended,8866d33143fffff,8.8077700361975,TRUE,TRUE,TRUE,0,0,0,"",TRUE,TRUE,TRUE,TRUE,TRUE,TRUE,TRUE,TRUE
amended,8866d33145fffff,8.65611196375421,FALSE,TRUE,FALSE,0,0,0,"",FALSE,FALSE,TRUE,FALSE,TRUE,FALSE,FALSE,FALSE
amended,8866d33147fffff,8.20411067721213,TRUE,TRUE,FALSE,0,0,0,"",TRUE,FALSE,TRUE,FALSE,TRUE,FALSE,TRUE,FALSE
amended,8866d33149fffff,10.1476751199786,FALSE,TRUE,TRUE,0,0,0,"",FALSE,FALSE,TRUE,TRUE,TRUE,TRUE,FALSE,FALSE
amended,8866d3314bfffff,9.76764874960346,TRUE,TRUE,TRUE,0,0,0,"",TRUE,TRUE,TRUE,TRUE,TRUE,TRUE,TRUE,TRUE
amended,8866d3314dfffff,9.63151079613628,TRUE,TRUE,TRUE,0,0,0,"",TRUE,TRUE,TRUE,TRUE,TRUE,TRUE,TRUE,TRUE
amended,8866d33151fffff,9.28203303832987,TRUE,TRUE,TRUE,0,0,0,"",TRUE,TRUE,TRUE,TRUE,TRUE,TRUE,TRUE,TRUE
amended,8866d33153fffff,9.1909727808632,TRUE,TRUE,TRUE,0,0,0,"",TRUE,TRUE,TRUE,TRUE,TRUE,TRUE,TRUE,TRUE
amended,8866d33155fffff,8.53962829680082,TRUE,TRUE,TRUE,0,0,0,"",TRUE,TRUE,TRUE,TRUE,TRUE,TRUE,TRUE,TRUE
amended,8866d33157fffff,8.38068759875799,TRUE,TRUE,TRUE,0,0,0,"",TRUE,TRUE,TRUE,TRUE,TRUE,TRUE,TRUE,TRUE
amended,8866d33159fffff,10.1969775025259,TRUE,TRUE,TRUE,0,0,0,"",TRUE,TRUE,TRUE,TRUE,TRUE,TRUE,TRUE,TRUE
amended,8866d3315bfffff,10.0668334937335,TRUE,TRUE,TRUE,0,0,0,"",TRUE,TRUE,TRUE,TRUE,TRUE,TRUE,TRUE,TRUE
amended,8866d3315dfffff,9.47631350891505,TRUE,TRUE,FALSE,0,0,0,"",TRUE,FALSE,TRUE,FALSE,TRUE,FALSE,TRUE,FALSE
amended,8866d33161fffff,7.25482067902068,TRUE,TRUE,TRUE,0,0,0,"",TRUE,TRUE,TRUE,TRUE,TRUE,TRUE,TRUE,TRUE
amended,8866d33163fffff,6.70516470817672,TRUE,TRUE,FALSE,0,0,0,"",TRUE,FALSE,TRUE,FALSE,TRUE,FALSE,TRUE,FALSE
amended,8866d33165fffff,6.94457956057656,TRUE,TRUE,TRUE,0,0,0,"",TRUE,TRUE,TRUE,TRUE,TRUE,TRUE,TRUE,TRUE
amended,8866d33167fffff,6.28862141266183,TRUE,TRUE,TRUE,0,0,0,"",TRUE,TRUE,TRUE,TRUE,TRUE,TRUE,TRUE,TRUE
amended,8866d33169fffff,8.22317653703928,TRUE,TRUE,TRUE,0,0,0,"",TRUE,TRUE,TRUE,TRUE,TRUE,TRUE,TRUE,TRUE
amended,8866d3316bfffff,7.68066209943199,TRUE,TRUE,FALSE,0,0,0,"",TRUE,FALSE,TRUE,FALSE,TRUE,FALSE,TRUE,FALSE
amended,8866d3316dfffff,7.89098970306251,TRUE,TRUE,TRUE,0,0,0,"",TRUE,TRUE,TRUE,TRUE,TRUE,TRUE,TRUE,TRUE
amended,8866d33181fffff,7.92034068634252,FALSE,FALSE,FALSE,0,0,0,"",FALSE,FALSE,FALSE,FALSE,TRUE,FALSE,FALSE,FALSE
amended,8866d33183fffff,8.44379280073858,FALSE,FALSE,FALSE,0,0,0,"",FALSE,FALSE,FALSE,FALSE,TRUE,FALSE,FALSE,FALSE
amended,8866d33185fffff,6.93231762460419,FALSE,FALSE,FALSE,0,0,0,"",FALSE,FALSE,FALSE,FALSE,TRUE,FALSE,FALSE,FALSE
amended,8866d33187fffff,7.45759447961355,FALSE,FALSE,FALSE,0,0,0,"",FALSE,FALSE,FALSE,FALSE,TRUE,FALSE,FALSE,FALSE
amended,8866d33189fffff,8.47063428585263,FALSE,FALSE,FALSE,0,0,0,"",FALSE,FALSE,FALSE,FALSE,TRUE,FALSE,FALSE,FALSE
amended,8866d33191fffff,10.0235090710201,FALSE,FALSE,FALSE,0,0,0,"",FALSE,FALSE,FALSE,FALSE,TRUE,FALSE,FALSE,FALSE
amended,8866d33193fffff,10.586655609504,FALSE,TRUE,FALSE,0,0,0,"",FALSE,FALSE,TRUE,FALSE,TRUE,FALSE,FALSE,FALSE
amended,8866d33195fffff,9.04583300796479,FALSE,FALSE,FALSE,0,0,0,"",FALSE,FALSE,FALSE,FALSE,TRUE,FALSE,FALSE,FALSE
amended,8866d33197fffff,9.60165633999094,FALSE,FALSE,TRUE,0,0,0,"",FALSE,FALSE,FALSE,FALSE,TRUE,TRUE,FALSE,FALSE
amended,8866d33199fffff,10.417536279121,FALSE,FALSE,FALSE,0,0,0,"",FALSE,FALSE,FALSE,FALSE,TRUE,FALSE,FALSE,FALSE
amended,8866d3319bfffff,11.0031247176966,FALSE,FALSE,FALSE,0,0,0,"",FALSE,FALSE,FALSE,FALSE,TRUE,FALSE,FALSE,FALSE
amended,8866d3319dfffff,9.43049052193082,FALSE,FALSE,FALSE,0,0,0,"",FALSE,FALSE,FALSE,FALSE,TRUE,FALSE,FALSE,FALSE
amended,8866d331a1fffff,5.48784465521218,FALSE,TRUE,TRUE,0,0,0,"",FALSE,FALSE,TRUE,TRUE,TRUE,TRUE,FALSE,FALSE
amended,8866d331a3fffff,6.08627784203896,FALSE,TRUE,FALSE,0,0,0,"",FALSE,FALSE,TRUE,FALSE,TRUE,FALSE,FALSE,FALSE
amended,8866d331a5fffff,4.50549403257283,FALSE,TRUE,TRUE,0,0,0,"",FALSE,FALSE,TRUE,TRUE,TRUE,TRUE,FALSE,FALSE
amended,8866d331a7fffff,5.0974422699993,FALSE,FALSE,FALSE,0,0,0,"",FALSE,FALSE,FALSE,FALSE,TRUE,FALSE,FALSE,FALSE
amended,8866d331a9fffff,5.94449863019403,FALSE,TRUE,FALSE,0,0,0,"",FALSE,FALSE,TRUE,FALSE,TRUE,FALSE,FALSE,FALSE
amended,8866d331abfffff,6.47213905691118,FALSE,TRUE,FALSE,0,0,0,"",FALSE,FALSE,TRUE,FALSE,TRUE,FALSE,FALSE,FALSE
amended,8866d331adfffff,4.95702549800764,FALSE,TRUE,TRUE,0,0,0,"",FALSE,FALSE,TRUE,TRUE,TRUE,TRUE,FALSE,FALSE
amended,8866d331b1fffff,7.63444289333572,FALSE,FALSE,FALSE,0,0,0,"",FALSE,FALSE,FALSE,FALSE,TRUE,FALSE,FALSE,FALSE
amended,8866d331b3fffff,8.27505494248723,FALSE,TRUE,FALSE,0,0,0,"",FALSE,FALSE,TRUE,FALSE,TRUE,FALSE,FALSE,FALSE
amended,8866d331b5fffff,6.65308189480817,FALSE,TRUE,FALSE,0,0,0,"",FALSE,FALSE,TRUE,FALSE,TRUE,FALSE,FALSE,FALSE
amended,8866d331b7fffff,7.3108226089644,FALSE,TRUE,TRUE,0,0,0,"",FALSE,FALSE,TRUE,TRUE,TRUE,TRUE,FALSE,FALSE
amended,8866d331b9fffff,8.06385647439486,FALSE,FALSE,FALSE,0,0,0,"",FALSE,FALSE,FALSE,FALSE,TRUE,FALSE,FALSE,FALSE
amended,8866d331bbfffff,8.61747560678629,FALSE,FALSE,FALSE,0,0,0,"",FALSE,FALSE,FALSE,FALSE,TRUE,FALSE,FALSE,FALSE
amended,8866d331bdfffff,7.07508289126807,FALSE,FALSE,FALSE,0,0,0,"",FALSE,FALSE,FALSE,FALSE,TRUE,FALSE,FALSE,FALSE
amended,8866d331c1fffff,8.83089204854898,FALSE,FALSE,FALSE,0,0,0,"",FALSE,FALSE,FALSE,FALSE,TRUE,FALSE,FALSE,FALSE
amended,8866d331c3fffff,9.09257482080783,FALSE,FALSE,FALSE,0,0,0,"",FALSE,FALSE,FALSE,FALSE,TRUE,FALSE,FALSE,FALSE
amended,8866d331c5fffff,7.90077860870171,FALSE,FALSE,FALSE,0,0,0,"",FALSE,FALSE,FALSE,FALSE,TRUE,FALSE,FALSE,FALSE
amended,8866d331c7fffff,8.1305231844343,FALSE,FALSE,FALSE,0,0,0,"",FALSE,FALSE,FALSE,FALSE,TRUE,FALSE,FALSE,FALSE
amended,8866d331c9fffff,9.54999712046926,FALSE,FALSE,FALSE,6,5,1,negative ratio,FALSE,FALSE,FALSE,FALSE,FALSE,FALSE,FALSE,FALSE
amended,8866d331cbfffff,9.77247496254142,FALSE,FALSE,FALSE,0,0,0,"",FALSE,FALSE,FALSE,FALSE,TRUE,FALSE,FALSE,FALSE
amended,8866d331cdfffff,8.59900846574721,FALSE,FALSE,FALSE,0,0,0,"",FALSE,FALSE,FALSE,FALSE,TRUE,FALSE,FALSE,FALSE
amended,8866d331d1fffff,10.433560575122,FALSE,FALSE,FALSE,0,0,0,"",FALSE,FALSE,FALSE,FALSE,TRUE,FALSE,FALSE,FALSE
amended,8866d331d3fffff,10.884988151628,FALSE,FALSE,FALSE,0,0,0,"",FALSE,FALSE,FALSE,FALSE,TRUE,FALSE,FALSE,FALSE
amended,8866d331d9fffff,11.030706020089,FALSE,FALSE,TRUE,0,0,0,"",FALSE,FALSE,FALSE,FALSE,TRUE,TRUE,FALSE,FALSE
amended,8866d331dbfffff,11.416834252918,FALSE,FALSE,FALSE,0,0,0,"",FALSE,FALSE,FALSE,FALSE,TRUE,FALSE,FALSE,FALSE
amended,8866d331e1fffff,6.23136516754415,FALSE,TRUE,TRUE,0,0,0,"",FALSE,FALSE,TRUE,TRUE,TRUE,TRUE,FALSE,FALSE
amended,8866d331e3fffff,6.5162728891935,FALSE,FALSE,TRUE,0,0,0,"",FALSE,FALSE,FALSE,FALSE,TRUE,TRUE,FALSE,FALSE
amended,8866d331e5fffff,5.30323663975976,TRUE,TRUE,TRUE,0,0,0,"",TRUE,TRUE,TRUE,TRUE,TRUE,TRUE,TRUE,TRUE
amended,8866d331e7fffff,5.54518063135826,FALSE,FALSE,FALSE,0,0,0,"",FALSE,FALSE,FALSE,FALSE,TRUE,FALSE,FALSE,FALSE
amended,8866d331e9fffff,6.95944034741728,FALSE,FALSE,FALSE,0,0,0,"",FALSE,FALSE,FALSE,FALSE,TRUE,FALSE,FALSE,FALSE
amended,8866d331ebfffff,7.1756769753723,FALSE,FALSE,FALSE,0,0,0,"",FALSE,FALSE,FALSE,FALSE,TRUE,FALSE,FALSE,FALSE
amended,8866d331edfffff,6.00253985441236,FALSE,TRUE,TRUE,0,0,0,"",FALSE,FALSE,TRUE,TRUE,TRUE,TRUE,FALSE,FALSE
amended,8866d33201fffff,18.5862329739346,FALSE,FALSE,TRUE,0,0,0,"",FALSE,FALSE,FALSE,FALSE,TRUE,TRUE,FALSE,FALSE
amended,8866d33203fffff,18.522246036775,FALSE,TRUE,TRUE,0,0,0,"",FALSE,FALSE,TRUE,TRUE,TRUE,TRUE,FALSE,FALSE
amended,8866d33205fffff,17.7981755467147,FALSE,FALSE,FALSE,0,0,0,"",FALSE,FALSE,FALSE,FALSE,TRUE,FALSE,FALSE,FALSE
amended,8866d33207fffff,17.7029240502701,FALSE,FALSE,FALSE,0,0,0,"",FALSE,FALSE,FALSE,FALSE,TRUE,FALSE,FALSE,FALSE
amended,8866d33209fffff,19.4782343559704,FALSE,FALSE,TRUE,0,0,0,"",FALSE,FALSE,FALSE,FALSE,TRUE,TRUE,FALSE,FALSE
amended,8866d3320bfffff,19.3926039555667,FALSE,FALSE,FALSE,0,0,0,"",FALSE,FALSE,FALSE,FALSE,TRUE,FALSE,FALSE,FALSE
amended,8866d3320dfffff,18.7025039263381,FALSE,FALSE,FALSE,0,0,0,"",FALSE,FALSE,FALSE,FALSE,TRUE,FALSE,FALSE,FALSE
amended,8866d33211fffff,19.3726502367403,FALSE,FALSE,FALSE,0,0,0,"",FALSE,FALSE,FALSE,FALSE,TRUE,FALSE,FALSE,FALSE
amended,8866d33213fffff,19.4384904163474,FALSE,FALSE,FALSE,0,0,0,"",FALSE,FALSE,FALSE,FALSE,TRUE,FALSE,FALSE,FALSE
amended,8866d33215fffff,18.5110896155763,FALSE,TRUE,TRUE,0,0,0,"",FALSE,FALSE,TRUE,TRUE,TRUE,TRUE,FALSE,FALSE
amended,8866d33217fffff,18.5528633021292,FALSE,FALSE,FALSE,0,0,0,"",FALSE,FALSE,FALSE,FALSE,TRUE,FALSE,FALSE,FALSE
amended,8866d33219fffff,20.2061771415242,FALSE,TRUE,TRUE,0,0,0,"",FALSE,FALSE,TRUE,TRUE,TRUE,TRUE,FALSE,FALSE
amended,8866d3321bfffff,20.2457529698912,FALSE,FALSE,TRUE,0,0,0,"",FALSE,FALSE,FALSE,FALSE,TRUE,TRUE,FALSE,FALSE
amended,8866d3321dfffff,19.3573161786064,FALSE,TRUE,FALSE,0,0,0,"",FALSE,FALSE,TRUE,FALSE,TRUE,FALSE,FALSE,FALSE
amended,8866d33223fffff,16.014237541364,FALSE,TRUE,TRUE,0,0,0,"",FALSE,FALSE,TRUE,TRUE,TRUE,TRUE,FALSE,FALSE
amended,8866d3322bfffff,16.9016464807992,FALSE,FALSE,TRUE,0,0,0,"",FALSE,FALSE,FALSE,FALSE,TRUE,TRUE,FALSE,FALSE
amended,8866d33231fffff,16.8158417666056,TRUE,TRUE,TRUE,0,0,0,"",TRUE,TRUE,TRUE,TRUE,TRUE,TRUE,TRUE,TRUE
amended,8866d33233fffff,16.8602596815867,FALSE,FALSE,TRUE,0,0,0,"",FALSE,FALSE,FALSE,FALSE,TRUE,TRUE,FALSE,FALSE
amended,8866d33235fffff,15.9681841006028,FALSE,TRUE,TRUE,0,0,0,"",FALSE,FALSE,TRUE,TRUE,TRUE,TRUE,FALSE,FALSE
amended,8866d33237fffff,15.9834807232956,FALSE,FALSE,FALSE,4,2,2,negative ratio,FALSE,FALSE,FALSE,FALSE,FALSE,FALSE,FALSE,FALSE
amended,8866d33239fffff,17.6627658543952,FALSE,TRUE,TRUE,0,0,0,"",FALSE,FALSE,TRUE,TRUE,TRUE,TRUE,FALSE,FALSE
amended,8866d3323bfffff,17.6780809225016,FALSE,TRUE,TRUE,0,0,0,"",FALSE,FALSE,TRUE,TRUE,TRUE,TRUE,FALSE,FALSE
amended,8866d3323dfffff,16.8296866601959,FALSE,TRUE,TRUE,0,0,0,"",FALSE,FALSE,TRUE,TRUE,TRUE,TRUE,FALSE,FALSE
amended,8866d33247fffff,19.6135439539305,FALSE,FALSE,FALSE,0,0,0,"",FALSE,FALSE,FALSE,FALSE,TRUE,FALSE,FALSE,FALSE
amended,8866d33249fffff,21.4523000491925,FALSE,FALSE,FALSE,0,0,0,"",FALSE,FALSE,FALSE,FALSE,TRUE,FALSE,FALSE,FALSE
amended,8866d3324bfffff,21.2838999761539,FALSE,FALSE,FALSE,0,0,0,"",FALSE,FALSE,FALSE,FALSE,TRUE,FALSE,FALSE,FALSE
amended,8866d33251fffff,21.0829995546569,FALSE,FALSE,FALSE,0,0,0,"",FALSE,FALSE,FALSE,FALSE,TRUE,FALSE,FALSE,FALSE
amended,8866d33253fffff,21.0518037435769,TRUE,TRUE,FALSE,0,0,0,"",TRUE,FALSE,TRUE,FALSE,TRUE,FALSE,TRUE,FALSE
amended,8866d33255fffff,20.2724300251838,FALSE,FALSE,FALSE,0,0,0,"",FALSE,FALSE,FALSE,FALSE,TRUE,FALSE,FALSE,FALSE
amended,8866d33257fffff,20.2150921245996,TRUE,TRUE,TRUE,0,0,0,"",TRUE,TRUE,TRUE,TRUE,TRUE,TRUE,TRUE,TRUE
amended,8866d33259fffff,21.9598292970668,TRUE,TRUE,FALSE,0,0,0,"",TRUE,FALSE,TRUE,FALSE,TRUE,FALSE,TRUE,FALSE
amended,8866d3325bfffff,21.9081210322801,TRUE,TRUE,FALSE,0,0,0,"",TRUE,FALSE,TRUE,FALSE,TRUE,FALSE,TRUE,FALSE
amended,8866d33263fffff,17.9476387480068,FALSE,FALSE,FALSE,3,2,1,negative ratio,FALSE,FALSE,FALSE,FALSE,FALSE,FALSE,FALSE,FALSE
amended,8866d3326bfffff,18.8700882180148,FALSE,FALSE,FALSE,2,1,1,negative ratio,FALSE,FALSE,FALSE,FALSE,FALSE,FALSE,FALSE,FALSE
amended,8866d33281fffff,19.2259062226881,FALSE,FALSE,FALSE,0,0,0,"",FALSE,FALSE,FALSE,FALSE,TRUE,FALSE,FALSE,FALSE
amended,8866d33283fffff,19.4566206300938,FALSE,FALSE,FALSE,0,0,0,"",FALSE,FALSE,FALSE,FALSE,TRUE,FALSE,FALSE,FALSE
amended,8866d33287fffff,18.5089345972354,FALSE,FALSE,TRUE,0,0,0,"",FALSE,FALSE,FALSE,FALSE,TRUE,TRUE,FALSE,FALSE
amended,8866d33289fffff,19.9321639384333,FALSE,FALSE,FALSE,0,0,0,"",FALSE,FALSE,FALSE,FALSE,TRUE,FALSE,FALSE,FALSE
amended,8866d3328bfffff,20.1633286107615,FALSE,FALSE,TRUE,0,0,0,"",FALSE,FALSE,FALSE,FALSE,TRUE,TRUE,FALSE,FALSE
amended,8866d3328dfffff,18.9901016298166,FALSE,FALSE,FALSE,0,0,0,"",FALSE,FALSE,FALSE,FALSE,TRUE,FALSE,FALSE,FALSE
amended,8866d33291fffff,20.6974727388651,FALSE,FALSE,FALSE,0,0,0,"",FALSE,FALSE,FALSE,FALSE,TRUE,FALSE,FALSE,FALSE
amended,8866d33293fffff,21.0295458873253,FALSE,FALSE,FALSE,0,0,0,"",FALSE,FALSE,FALSE,FALSE,TRUE,FALSE,FALSE,FALSE
amended,8866d33295fffff,19.7344126158231,FALSE,FALSE,TRUE,0,0,0,"",FALSE,FALSE,FALSE,FALSE,TRUE,TRUE,FALSE,FALSE
amended,8866d33297fffff,20.0573301188395,FALSE,FALSE,FALSE,0,0,0,"",FALSE,FALSE,FALSE,FALSE,TRUE,FALSE,FALSE,FALSE
amended,8866d33299fffff,21.3629237291701,FALSE,FALSE,FALSE,0,0,0,"",FALSE,FALSE,FALSE,FALSE,TRUE,FALSE,FALSE,FALSE
amended,8866d3329bfffff,21.6627657556025,FALSE,TRUE,TRUE,0,0,0,"",FALSE,FALSE,TRUE,TRUE,TRUE,TRUE,FALSE,FALSE
amended,8866d3329dfffff,20.4081218320457,FALSE,FALSE,TRUE,0,0,0,"",FALSE,FALSE,FALSE,FALSE,TRUE,TRUE,FALSE,FALSE
amended,8866d332a1fffff,16.6276390459929,FALSE,FALSE,TRUE,0,0,0,"",FALSE,FALSE,FALSE,FALSE,TRUE,TRUE,FALSE,FALSE
amended,8866d332a7fffff,15.9127234812545,FALSE,FALSE,TRUE,0,0,0,"",FALSE,FALSE,FALSE,FALSE,TRUE,TRUE,FALSE,FALSE
amended,8866d332adfffff,16.3923585690885,FALSE,FALSE,TRUE,0,0,0,"",FALSE,FALSE,FALSE,FALSE,TRUE,TRUE,FALSE,FALSE
amended,8866d332b1fffff,18.117995025712,FALSE,FALSE,TRUE,0,0,0,"",FALSE,FALSE,FALSE,FALSE,TRUE,TRUE,FALSE,FALSE
amended,8866d332b3fffff,18.4678064999301,FALSE,FALSE,TRUE,0,0,0,"",FALSE,FALSE,FALSE,FALSE,TRUE,TRUE,FALSE,FALSE
amended,8866d332b5fffff,17.1514636693302,FALSE,FALSE,FALSE,0,0,0,"",FALSE,FALSE,FALSE,FALSE,TRUE,FALSE,FALSE,FALSE
amended,8866d332b7fffff,17.4918217817161,FALSE,FALSE,FALSE,0,0,0,"",FALSE,FALSE,FALSE,FALSE,TRUE,FALSE,FALSE,FALSE
amended,8866d332b9fffff,18.7739343691293,FALSE,FALSE,FALSE,3,3,0,negative ratio,FALSE,FALSE,FALSE,FALSE,FALSE,FALSE,FALSE,FALSE
amended,8866d332bbfffff,19.0867250308013,FALSE,FALSE,TRUE,0,0,0,"",FALSE,FALSE,FALSE,FALSE,TRUE,TRUE,FALSE,FALSE
amended,8866d332bdfffff,17.8164611975152,FALSE,FALSE,TRUE,0,0,0,"",FALSE,FALSE,FALSE,FALSE,TRUE,TRUE,FALSE,FALSE
amended,8866d332c1fffff,20.4689229184686,FALSE,FALSE,FALSE,0,0,0,"",FALSE,FALSE,FALSE,FALSE,TRUE,FALSE,FALSE,FALSE
amended,8866d332c3fffff,20.6509683807901,FALSE,FALSE,FALSE,2,2,0,negative ratio,FALSE,FALSE,FALSE,FALSE,FALSE,FALSE,FALSE,FALSE
amended,8866d332c7fffff,19.7192936688832,FALSE,FALSE,FALSE,0,0,0,"",FALSE,FALSE,FALSE,FALSE,TRUE,FALSE,FALSE,FALSE
amended,8866d332c9fffff,21.2368170872403,FALSE,FALSE,FALSE,0,0,0,"",FALSE,FALSE,FALSE,FALSE,TRUE,FALSE,FALSE,FALSE
amended,8866d332cbfffff,21.3900287561377,FALSE,FALSE,FALSE,0,0,0,"",FALSE,FALSE,FALSE,FALSE,TRUE,FALSE,FALSE,FALSE
amended,8866d332cdfffff,20.3335403743618,FALSE,FALSE,FALSE,0,0,0,"",FALSE,FALSE,FALSE,FALSE,TRUE,FALSE,FALSE,FALSE
amended,8866d332d1fffff,21.8238428825969,FALSE,FALSE,TRUE,0,0,0,"",FALSE,FALSE,FALSE,FALSE,TRUE,TRUE,FALSE,FALSE
amended,8866d332d3fffff,22.0513841204681,FALSE,FALSE,FALSE,0,0,0,"",FALSE,FALSE,FALSE,FALSE,TRUE,FALSE,FALSE,FALSE
amended,8866d332d5fffff,20.8784599657922,FALSE,FALSE,FALSE,0,0,0,"",FALSE,FALSE,FALSE,FALSE,TRUE,FALSE,FALSE,FALSE
amended,8866d332d7fffff,21.1053526739192,FALSE,FALSE,FALSE,0,0,0,"",FALSE,FALSE,FALSE,FALSE,TRUE,FALSE,FALSE,FALSE
amended,8866d332d9fffff,22.5286671352927,FALSE,FALSE,FALSE,0,0,0,"",FALSE,FALSE,FALSE,FALSE,TRUE,FALSE,FALSE,FALSE
amended,8866d332ddfffff,21.587635243455,FALSE,FALSE,FALSE,0,0,0,"",FALSE,FALSE,FALSE,FALSE,TRUE,FALSE,FALSE,FALSE
amended,8866d332e1fffff,17.8740617775573,FALSE,FALSE,FALSE,0,0,0,"",FALSE,FALSE,FALSE,FALSE,TRUE,FALSE,FALSE,FALSE
amended,8866d332e3fffff,18.0529413914365,FALSE,FALSE,FALSE,0,0,0,"",FALSE,FALSE,FALSE,FALSE,TRUE,FALSE,FALSE,FALSE
amended,8866d332e5fffff,16.9624873883072,FALSE,FALSE,FALSE,0,0,0,"",FALSE,FALSE,FALSE,FALSE,TRUE,FALSE,FALSE,FALSE
amended,8866d332e7fffff,17.1214940423426,FALSE,FALSE,FALSE,0,0,0,"",FALSE,FALSE,FALSE,FALSE,TRUE,FALSE,FALSE,FALSE
amended,8866d332e9fffff,18.6472156300653,FALSE,FALSE,FALSE,0,0,0,"",FALSE,FALSE,FALSE,FALSE,TRUE,FALSE,FALSE,FALSE
amended,8866d332ebfffff,18.7933589116474,FALSE,FALSE,FALSE,0,0,0,"",FALSE,FALSE,FALSE,FALSE,TRUE,FALSE,FALSE,FALSE
amended,8866d332edfffff,17.7487301294369,FALSE,FALSE,FALSE,0,0,0,"",FALSE,FALSE,FALSE,FALSE,TRUE,FALSE,FALSE,FALSE
amended,8866d33301fffff,13.6286736851839,FALSE,FALSE,FALSE,0,0,0,"",FALSE,FALSE,FALSE,FALSE,TRUE,FALSE,FALSE,FALSE
amended,8866d33303fffff,13.2784203833577,FALSE,FALSE,FALSE,0,0,0,"",FALSE,FALSE,FALSE,FALSE,TRUE,FALSE,FALSE,FALSE
amended,8866d33305fffff,13.0666557401589,FALSE,FALSE,FALSE,0,0,0,"",FALSE,FALSE,FALSE,FALSE,TRUE,FALSE,FALSE,FALSE
amended,8866d33307fffff,12.6612011771924,FALSE,FALSE,FALSE,0,0,0,"",FALSE,FALSE,FALSE,FALSE,TRUE,FALSE,FALSE,FALSE
amended,8866d33309fffff,14.5971146458876,FALSE,FALSE,FALSE,0,0,0,"",FALSE,FALSE,FALSE,FALSE,TRUE,FALSE,FALSE,FALSE
amended,8866d3330bfffff,14.2371841991906,FALSE,FALSE,FALSE,0,0,0,"",FALSE,FALSE,FALSE,FALSE,TRUE,FALSE,FALSE,FALSE
amended,8866d3330dfffff,14.0401660784384,FALSE,FALSE,FALSE,0,0,0,"",FALSE,FALSE,FALSE,FALSE,TRUE,FALSE,FALSE,FALSE
amended,8866d33311fffff,13.7049083794554,FALSE,FALSE,FALSE,0,0,0,"",FALSE,FALSE,FALSE,FALSE,TRUE,FALSE,FALSE,FALSE
amended,8866d33315fffff,12.9943652661607,FALSE,FALSE,TRUE,0,0,0,"",FALSE,FALSE,FALSE,FALSE,TRUE,TRUE,FALSE,FALSE
amended,8866d33317fffff,12.7809291215985,FALSE,FALSE,TRUE,0,0,0,"",FALSE,FALSE,FALSE,FALSE,TRUE,TRUE,FALSE,FALSE
amended,8866d33319fffff,14.6354813233839,FALSE,FALSE,FALSE,2,1,1,negative ratio,FALSE,FALSE,FALSE,FALSE,FALSE,FALSE,FALSE,FALSE
amended,8866d3331dfffff,13.9384460980897,FALSE,FALSE,FALSE,0,0,0,"",FALSE,FALSE,FALSE,FALSE,TRUE,FALSE,FALSE,FALSE
amended,8866d33321fffff,11.582147181746,FALSE,FALSE,FALSE,0,0,0,"",FALSE,FALSE,FALSE,FALSE,TRUE,FALSE,FALSE,FALSE
amended,8866d33323fffff,11.120326829574,FALSE,FALSE,FALSE,0,0,0,"",FALSE,FALSE,FALSE,FALSE,TRUE,FALSE,FALSE,FALSE
amended,8866d33325fffff,11.1353974402652,TRUE,TRUE,TRUE,0,0,0,"",TRUE,TRUE,TRUE,TRUE,TRUE,TRUE,TRUE,TRUE
amended,8866d33327fffff,10.606856366278,FALSE,TRUE,FALSE,0,0,0,"",FALSE,FALSE,TRUE,FALSE,TRUE,FALSE,FALSE,FALSE
amended,8866d33329fffff,12.5573822013599,FALSE,FALSE,FALSE,0,0,0,"",FALSE,FALSE,FALSE,FALSE,TRUE,FALSE,FALSE,FALSE
amended,8866d3332bfffff,12.0933526504536,FALSE,FALSE,FALSE,0,0,0,"",FALSE,FALSE,FALSE,FALSE,TRUE,FALSE,FALSE,FALSE
amended,8866d3332dfffff,12.1075186972322,TRUE,TRUE,TRUE,0,0,0,"",TRUE,TRUE,TRUE,TRUE,TRUE,TRUE,TRUE,TRUE
amended,8866d33331fffff,11.3690897810168,FALSE,TRUE,FALSE,0,0,0,"",FALSE,FALSE,TRUE,FALSE,TRUE,FALSE,FALSE,FALSE
amended,8866d33333fffff,11.1221498484873,TRUE,TRUE,TRUE,0,0,0,"",TRUE,TRUE,TRUE,TRUE,TRUE,TRUE,TRUE,TRUE
amended,8866d33335fffff,10.7302738262775,TRUE,TRUE,FALSE,0,0,0,"",TRUE,FALSE,TRUE,FALSE,TRUE,FALSE,TRUE,FALSE
amended,8866d33337fffff,10.4200583854914,FALSE,TRUE,TRUE,0,0,0,"",FALSE,FALSE,TRUE,TRUE,TRUE,TRUE,FALSE,FALSE
amended,8866d33339fffff,12.3221722268701,FALSE,TRUE,FALSE,0,0,0,"",FALSE,FALSE,TRUE,FALSE,TRUE,FALSE,FALSE,FALSE
amended,8866d3333bfffff,12.0551811377279,FALSE,TRUE,TRUE,0,0,0,"",FALSE,FALSE,TRUE,TRUE,TRUE,TRUE,FALSE,FALSE
amended,8866d3333dfffff,11.6949523138463,TRUE,TRUE,TRUE,0,0,0,"",TRUE,TRUE,TRUE,TRUE,TRUE,TRUE,TRUE,TRUE
amended,8866d33345fffff,15.4827458569756,FALSE,FALSE,FALSE,0,0,0,"",FALSE,FALSE,FALSE,FALSE,TRUE,FALSE,FALSE,FALSE
amended,8866d33347fffff,15.0138317851509,FALSE,FALSE,FALSE,0,0,0,"",FALSE,FALSE,FALSE,FALSE,TRUE,FALSE,FALSE,FALSE
amended,8866d3334dfffff,16.4577518030532,FALSE,FALSE,TRUE,0,0,0,"",FALSE,FALSE,FALSE,FALSE,TRUE,TRUE,FALSE,FALSE
amended,8866d33361fffff,14.0528990702018,FALSE,TRUE,FALSE,0,0,0,"",FALSE,FALSE,TRUE,FALSE,TRUE,FALSE,FALSE,FALSE
amended,8866d33363fffff,13.5325606725542,FALSE,FALSE,FALSE,3,2,1,negative ratio,FALSE,FALSE,FALSE,FALSE,FALSE,FALSE,FALSE,FALSE
amended,8866d33365fffff,13.6546235271358,FALSE,TRUE,TRUE,0,0,0,"",FALSE,FALSE,TRUE,TRUE,TRUE,TRUE,FALSE,FALSE
amended,8866d33367fffff,13.0800518619992,FALSE,FALSE,FALSE,0,0,0,"",FALSE,FALSE,FALSE,FALSE,TRUE,FALSE,FALSE,FALSE
amended,8866d33369fffff,15.0259877679756,FALSE,TRUE,FALSE,0,0,0,"",FALSE,FALSE,TRUE,FALSE,TRUE,FALSE,FALSE,FALSE
amended,8866d3336bfffff,14.5076820343413,FALSE,FALSE,FALSE,0,0,0,"",FALSE,FALSE,FALSE,FALSE,TRUE,FALSE,FALSE,FALSE
amended,8866d3336dfffff,14.6218552955214,FALSE,TRUE,FALSE,0,0,0,"",FALSE,FALSE,TRUE,FALSE,TRUE,FALSE,FALSE,FALSE
amended,8866d33501fffff,19.0061036069855,FALSE,FALSE,FALSE,0,0,0,"",FALSE,FALSE,FALSE,FALSE,TRUE,FALSE,FALSE,FALSE
amended,8866d33505fffff,18.0442585272756,FALSE,FALSE,TRUE,0,0,0,"",FALSE,FALSE,FALSE,FALSE,TRUE,TRUE,FALSE,FALSE
amended,8866d3350dfffff,18.3325922192917,FALSE,FALSE,TRUE,0,0,0,"",FALSE,FALSE,FALSE,FALSE,TRUE,TRUE,FALSE,FALSE
amended,8866d33521fffff,16.8075814863772,TRUE,TRUE,TRUE,0,0,0,"",TRUE,TRUE,TRUE,TRUE,TRUE,TRUE,TRUE,TRUE
amended,8866d33523fffff,17.5040071257128,FALSE,TRUE,TRUE,0,0,0,"",FALSE,FALSE,TRUE,TRUE,TRUE,TRUE,FALSE,FALSE
amended,8866d33525fffff,15.8439527041544,FALSE,TRUE,TRUE,0,0,0,"",FALSE,FALSE,TRUE,TRUE,TRUE,TRUE,FALSE,FALSE
amended,8866d33527fffff,16.5505057556126,TRUE,TRUE,TRUE,0,0,0,"",TRUE,TRUE,TRUE,TRUE,TRUE,TRUE,TRUE,TRUE
amended,8866d33529fffff,17.0854280161436,FALSE,TRUE,TRUE,0,0,0,"",FALSE,FALSE,TRUE,TRUE,TRUE,TRUE,FALSE,FALSE
amended,8866d3352bfffff,17.7739248986315,FALSE,TRUE,TRUE,0,0,0,"",FALSE,FALSE,TRUE,TRUE,TRUE,TRUE,FALSE,FALSE
amended,8866d3352dfffff,16.1301558746977,FALSE,FALSE,TRUE,0,0,0,"",FALSE,FALSE,FALSE,FALSE,TRUE,TRUE,FALSE,FALSE
amended,8866d33535fffff,18.2277377564835,FALSE,TRUE,FALSE,0,0,0,"",FALSE,FALSE,TRUE,FALSE,TRUE,FALSE,FALSE,FALSE
amended,8866d33537fffff,18.9756534397833,FALSE,FALSE,FALSE,0,0,0,"",FALSE,FALSE,FALSE,FALSE,TRUE,FALSE,FALSE,FALSE
amended,8866d3353dfffff,18.4611734502339,FALSE,FALSE,TRUE,0,0,0,"",FALSE,FALSE,FALSE,FALSE,TRUE,TRUE,FALSE,FALSE
amended,8866d33541fffff,19.0465487289297,FALSE,FALSE,FALSE,0,0,0,"",FALSE,FALSE,FALSE,FALSE,TRUE,FALSE,FALSE,FALSE
amended,8866d33543fffff,19.6470029887726,FALSE,FALSE,FALSE,0,0,0,"",FALSE,FALSE,FALSE,FALSE,TRUE,FALSE,FALSE,FALSE
amended,8866d33545fffff,18.0623711722482,FALSE,FALSE,FALSE,0,0,0,"",FALSE,FALSE,FALSE,FALSE,TRUE,FALSE,FALSE,FALSE
amended,8866d33547fffff,18.6675110797517,FALSE,FALSE,FALSE,0,0,0,"",FALSE,FALSE,FALSE,FALSE,TRUE,FALSE,FALSE,FALSE
amended,8866d33549fffff,19.4615107880312,FALSE,FALSE,FALSE,0,0,0,"",FALSE,FALSE,FALSE,FALSE,TRUE,FALSE,FALSE,FALSE
amended,8866d3354bfffff,20.0311140422226,FALSE,FALSE,TRUE,0,0,0,"",FALSE,FALSE,FALSE,FALSE,TRUE,TRUE,FALSE,FALSE
amended,8866d3354dfffff,18.4797514619195,FALSE,FALSE,FALSE,0,0,0,"",FALSE,FALSE,FALSE,FALSE,TRUE,FALSE,FALSE,FALSE
amended,8866d3355dfffff,20.6273170859914,FALSE,FALSE,FALSE,0,0,0,"",FALSE,FALSE,FALSE,FALSE,TRUE,FALSE,FALSE,FALSE
amended,8866d33561fffff,16.7115960139086,FALSE,TRUE,TRUE,0,0,0,"",FALSE,FALSE,TRUE,TRUE,TRUE,TRUE,FALSE,FALSE
amended,8866d33563fffff,17.3624372121079,FALSE,FALSE,TRUE,0,0,0,"",FALSE,FALSE,FALSE,FALSE,TRUE,TRUE,FALSE,FALSE
amended,8866d33565fffff,15.7355670324439,TRUE,TRUE,TRUE,0,0,0,"",TRUE,TRUE,TRUE,TRUE,TRUE,TRUE,TRUE,TRUE
amended,8866d33567fffff,16.394444955356,FALSE,FALSE,TRUE,0,0,0,"",FALSE,FALSE,FALSE,FALSE,TRUE,TRUE,FALSE,FALSE
amended,8866d33569fffff,17.0786542803515,TRUE,TRUE,FALSE,0,0,0,"",TRUE,FALSE,TRUE,FALSE,TRUE,FALSE,TRUE,FALSE
amended,8866d3356bfffff,17.6889836166926,FALSE,FALSE,FALSE,0,0,0,"",FALSE,FALSE,FALSE,FALSE,TRUE,FALSE,FALSE,FALSE
amended,8866d3356dfffff,16.0954887385469,TRUE,TRUE,TRUE,0,0,0,"",TRUE,TRUE,TRUE,TRUE,TRUE,TRUE,TRUE,TRUE
amended,8866d335a1fffff,22.1591265532044,FALSE,FALSE,TRUE,0,0,0,"",FALSE,FALSE,FALSE,FALSE,TRUE,TRUE,FALSE,FALSE
amended,8866d335a9fffff,22.2441155896472,FALSE,TRUE,FALSE,0,0,0,"",FALSE,FALSE,TRUE,FALSE,TRUE,FALSE,FALSE,FALSE
amended,8866d335adfffff,21.3387206431871,FALSE,FALSE,FALSE,0,0,0,"",FALSE,FALSE,FALSE,FALSE,TRUE,FALSE,FALSE,FALSE
amended,8866d335e1fffff,21.6034773141249,FALSE,FALSE,TRUE,0,0,0,"",FALSE,FALSE,FALSE,FALSE,TRUE,TRUE,FALSE,FALSE
amended,8866d335e5fffff,20.6715053855237,FALSE,FALSE,FALSE,0,0,0,"",FALSE,FALSE,FALSE,FALSE,TRUE,FALSE,FALSE,FALSE
amended,8866d335edfffff,20.8544059628233,FALSE,FALSE,FALSE,12,10,2,negative ratio,FALSE,FALSE,FALSE,FALSE,FALSE,FALSE,FALSE,FALSE
amended,8866d33705fffff,20.767790615668,FALSE,FALSE,FALSE,0,0,0,"",FALSE,FALSE,FALSE,FALSE,TRUE,FALSE,FALSE,FALSE
amended,8866d33721fffff,19.3069513505156,FALSE,FALSE,FALSE,0,0,0,"",FALSE,FALSE,FALSE,FALSE,TRUE,FALSE,FALSE,FALSE
amended,8866d33723fffff,19.8586327672298,FALSE,FALSE,FALSE,0,0,0,"",FALSE,FALSE,FALSE,FALSE,TRUE,FALSE,FALSE,FALSE
amended,8866d33725fffff,18.3190290893974,TRUE,TRUE,TRUE,0,0,0,"",TRUE,TRUE,TRUE,TRUE,TRUE,TRUE,TRUE,TRUE
amended,8866d33727fffff,18.872911657177,FALSE,FALSE,FALSE,0,0,0,"",FALSE,FALSE,FALSE,FALSE,TRUE,FALSE,FALSE,FALSE
amended,8866d33729fffff,19.7795831862098,FALSE,FALSE,FALSE,0,0,0,"",FALSE,FALSE,FALSE,FALSE,TRUE,FALSE,FALSE,FALSE
amended,8866d3372bfffff,20.2948840577003,FALSE,FALSE,FALSE,0,0,0,"",FALSE,FALSE,FALSE,FALSE,TRUE,FALSE,FALSE,FALSE
amended,8866d3372dfffff,18.7913521737495,FALSE,TRUE,TRUE,0,0,0,"",FALSE,FALSE,TRUE,TRUE,TRUE,TRUE,FALSE,FALSE
amended,8866d33735fffff,20.443479300532,FALSE,FALSE,FALSE,0,0,0,"",FALSE,FALSE,FALSE,FALSE,TRUE,FALSE,FALSE,FALSE
amended,8866d3373dfffff,20.8445720349586,FALSE,FALSE,FALSE,0,0,0,"",FALSE,FALSE,FALSE,FALSE,TRUE,FALSE,FALSE,FALSE
amended,8866d33761fffff,19.8463131549921,TRUE,TRUE,TRUE,0,0,0,"",TRUE,TRUE,TRUE,TRUE,TRUE,TRUE,TRUE,TRUE
amended,8866d33763fffff,20.2881016924949,FALSE,FALSE,TRUE,0,0,0,"",FALSE,FALSE,FALSE,FALSE,TRUE,TRUE,FALSE,FALSE
amended,8866d33765fffff,18.8632140775822,FALSE,TRUE,FALSE,0,0,0,"",FALSE,FALSE,TRUE,FALSE,TRUE,FALSE,FALSE,FALSE
amended,8866d33767fffff,19.3014197630894,TRUE,TRUE,FALSE,0,0,0,"",TRUE,FALSE,TRUE,FALSE,TRUE,FALSE,TRUE,FALSE
amended,8866d33769fffff,20.4232365984845,FALSE,FALSE,FALSE,0,0,0,"",FALSE,FALSE,FALSE,FALSE,TRUE,FALSE,FALSE,FALSE
amended,8866d3376bfffff,20.8298704295076,TRUE,TRUE,FALSE,0,0,0,"",TRUE,FALSE,TRUE,FALSE,TRUE,FALSE,TRUE,FALSE
amended,8866d3376dfffff,19.4450044597625,FALSE,FALSE,TRUE,0,0,0,"",FALSE,FALSE,FALSE,FALSE,TRUE,TRUE,FALSE,FALSE
amended,8866d33811fffff,2.80157152537051,FALSE,FALSE,TRUE,0,0,0,"",FALSE,FALSE,FALSE,FALSE,TRUE,TRUE,FALSE,FALSE
amended,8866d33817fffff,2.62857889364825,FALSE,FALSE,FALSE,0,0,0,"",FALSE,FALSE,FALSE,FALSE,TRUE,FALSE,FALSE,FALSE
amended,8866d33819fffff,3.27018318705941,FALSE,FALSE,FALSE,4,4,0,negative ratio,FALSE,FALSE,FALSE,FALSE,FALSE,FALSE,FALSE,FALSE
amended,8866d3381bfffff,2.28945775800362,TRUE,TRUE,TRUE,0,0,0,"",TRUE,TRUE,TRUE,TRUE,TRUE,TRUE,FALSE,FALSE
amended,8866d33831fffff,4.46032784734734,FALSE,FALSE,FALSE,0,0,0,"",FALSE,FALSE,FALSE,FALSE,TRUE,FALSE,FALSE,FALSE
amended,8866d33837fffff,4.11129007896388,FALSE,FALSE,TRUE,0,0,0,"",FALSE,FALSE,FALSE,FALSE,TRUE,TRUE,FALSE,FALSE
amended,8866d33851fffff,3.09338212600411,FALSE,FALSE,FALSE,1,0,1,negative ratio,FALSE,FALSE,FALSE,FALSE,FALSE,FALSE,FALSE,FALSE
amended,8866d33853fffff,2.74340693984063,FALSE,FALSE,TRUE,0,0,0,"",FALSE,FALSE,FALSE,FALSE,TRUE,TRUE,FALSE,FALSE
amended,8866d33859fffff,2.72558984389855,FALSE,FALSE,TRUE,0,0,0,"",FALSE,FALSE,FALSE,FALSE,TRUE,TRUE,FALSE,FALSE
amended,8866d3385bfffff,2.1047344384558,FALSE,TRUE,FALSE,0,0,0,"",FALSE,FALSE,TRUE,FALSE,TRUE,FALSE,FALSE,FALSE
amended,8866d33891fffff,2.78272794558633,TRUE,TRUE,TRUE,0,0,0,"",TRUE,TRUE,TRUE,TRUE,TRUE,TRUE,FALSE,FALSE
amended,8866d33893fffff,3.7533335426046,FALSE,TRUE,TRUE,0,0,0,"",FALSE,FALSE,TRUE,TRUE,TRUE,TRUE,FALSE,FALSE
amended,8866d33895fffff,2.20506538503313,TRUE,TRUE,TRUE,0,0,0,"",TRUE,TRUE,TRUE,TRUE,TRUE,TRUE,FALSE,FALSE
amended,8866d33897fffff,3.19356164174733,TRUE,TRUE,TRUE,0,0,0,"",TRUE,TRUE,TRUE,TRUE,TRUE,TRUE,FALSE,FALSE
amended,8866d33899fffff,2.66954115123396,FALSE,FALSE,FALSE,0,0,0,"",FALSE,FALSE,FALSE,FALSE,TRUE,FALSE,FALSE,FALSE
amended,8866d3389bfffff,3.54706918443536,FALSE,TRUE,TRUE,0,0,0,"",FALSE,FALSE,TRUE,TRUE,TRUE,TRUE,FALSE,FALSE
amended,8866d338b1fffff,2.27804579701314,TRUE,TRUE,TRUE,0,0,0,"",TRUE,TRUE,TRUE,TRUE,TRUE,TRUE,FALSE,FALSE
amended,8866d338b3fffff,2.54568489684988,TRUE,TRUE,TRUE,0,0,0,"",TRUE,TRUE,TRUE,TRUE,TRUE,TRUE,FALSE,FALSE
amended,8866d338bbfffff,2.87527429660548,TRUE,TRUE,TRUE,0,0,0,"",TRUE,TRUE,TRUE,TRUE,TRUE,TRUE,FALSE,FALSE
amended,8866d338d1fffff,2.02127544646867,TRUE,TRUE,TRUE,0,0,0,"",TRUE,TRUE,TRUE,TRUE,TRUE,TRUE,FALSE,FALSE
amended,8866d338dbfffff,2.4851769116835,FALSE,FALSE,FALSE,0,0,0,"",FALSE,FALSE,FALSE,FALSE,TRUE,FALSE,FALSE,FALSE
amended,8866d338e1fffff,2.12270053651173,FALSE,FALSE,TRUE,0,0,0,"",FALSE,FALSE,FALSE,FALSE,TRUE,TRUE,FALSE,FALSE
amended,8866d338e5fffff,2.50092402438813,FALSE,FALSE,FALSE,0,0,0,"",FALSE,FALSE,FALSE,FALSE,TRUE,FALSE,FALSE,FALSE
amended,8866d338edfffff,2.80647684633027,FALSE,FALSE,TRUE,0,0,0,"",FALSE,FALSE,FALSE,FALSE,TRUE,TRUE,FALSE,FALSE
amended,8866d33983fffff,3.97184790593581,FALSE,FALSE,FALSE,0,0,0,"",FALSE,FALSE,FALSE,FALSE,TRUE,FALSE,FALSE,FALSE
amended,8866d33987fffff,4.87824869748468,FALSE,FALSE,FALSE,0,0,0,"",FALSE,FALSE,FALSE,FALSE,TRUE,FALSE,FALSE,FALSE
amended,8866d33991fffff,2.28077229839493,FALSE,FALSE,FALSE,0,0,0,"",FALSE,FALSE,FALSE,FALSE,TRUE,FALSE,FALSE,FALSE
amended,8866d33995fffff,3.24683297718606,FALSE,FALSE,TRUE,0,0,0,"",FALSE,FALSE,FALSE,FALSE,TRUE,TRUE,FALSE,FALSE
amended,8866d33997fffff,2.27099267170535,FALSE,TRUE,TRUE,0,0,0,"",FALSE,FALSE,TRUE,TRUE,TRUE,TRUE,FALSE,FALSE
amended,8866d33999fffff,2.24463289534198,FALSE,FALSE,FALSE,0,0,0,"",FALSE,FALSE,FALSE,FALSE,TRUE,FALSE,FALSE,FALSE
amended,8866d3399dfffff,3.07049711915926,FALSE,FALSE,FALSE,0,0,0,"",FALSE,FALSE,FALSE,FALSE,TRUE,FALSE,FALSE,FALSE
amended,8866d339a1fffff,6.42139673659236,FALSE,FALSE,FALSE,0,0,0,"",FALSE,FALSE,FALSE,FALSE,TRUE,FALSE,FALSE,FALSE
amended,8866d339a5fffff,7.27260938928276,FALSE,FALSE,FALSE,0,0,0,"",FALSE,FALSE,FALSE,FALSE,TRUE,FALSE,FALSE,FALSE
amended,8866d339a7fffff,6.36633075729224,FALSE,FALSE,TRUE,0,0,0,"",FALSE,FALSE,FALSE,FALSE,TRUE,TRUE,FALSE,FALSE
amended,8866d339adfffff,7.32353062597863,FALSE,FALSE,TRUE,0,0,0,"",FALSE,FALSE,FALSE,FALSE,TRUE,TRUE,FALSE,FALSE
amended,8866d339b1fffff,3.82710423588182,FALSE,FALSE,FALSE,0,0,0,"",FALSE,FALSE,FALSE,FALSE,TRUE,FALSE,FALSE,FALSE
amended,8866d339b3fffff,3.02477186900081,FALSE,FALSE,TRUE,0,0,0,"",FALSE,FALSE,FALSE,FALSE,TRUE,TRUE,FALSE,FALSE
amended,8866d339b5fffff,4.72536355966251,FALSE,FALSE,FALSE,0,0,0,"",FALSE,FALSE,FALSE,FALSE,TRUE,FALSE,FALSE,FALSE
amended,8866d339b7fffff,3.7998263102125,FALSE,FALSE,FALSE,0,0,0,"",FALSE,FALSE,FALSE,FALSE,TRUE,FALSE,FALSE,FALSE
amended,8866d339b9fffff,3.92143964167264,FALSE,FALSE,FALSE,0,0,0,"",FALSE,FALSE,FALSE,FALSE,TRUE,FALSE,FALSE,FALSE
amended,8866d339bbfffff,2.9871234060413,FALSE,FALSE,FALSE,0,0,0,"",FALSE,FALSE,FALSE,FALSE,TRUE,FALSE,FALSE,FALSE
amended,8866d339bdfffff,4.70204382790761,FALSE,FALSE,FALSE,0,0,0,"",FALSE,FALSE,FALSE,FALSE,TRUE,FALSE,FALSE,FALSE
amended,8866d339d3fffff,2.37034333071085,FALSE,FALSE,FALSE,1,1,0,negative ratio,FALSE,FALSE,FALSE,FALSE,FALSE,FALSE,FALSE,FALSE
amended,8866d339d9fffff,3.15606940693107,FALSE,FALSE,FALSE,0,0,0,"",FALSE,FALSE,FALSE,FALSE,TRUE,FALSE,FALSE,FALSE
amended,8866d339dbfffff,2.23228844571024,FALSE,FALSE,FALSE,0,0,0,"",FALSE,FALSE,FALSE,FALSE,TRUE,FALSE,FALSE,FALSE
amended,8866d339ddfffff,3.95278499044826,FALSE,FALSE,FALSE,0,0,0,"",FALSE,FALSE,FALSE,FALSE,TRUE,FALSE,FALSE,FALSE
amended,8866d339e5fffff,8.23895468026199,FALSE,FALSE,FALSE,0,0,0,"",FALSE,FALSE,FALSE,FALSE,TRUE,FALSE,FALSE,FALSE
amended,8866d339e7fffff,7.39849161346309,FALSE,FALSE,TRUE,0,0,0,"",FALSE,FALSE,FALSE,FALSE,TRUE,TRUE,FALSE,FALSE
amended,8866d33a01fffff,5.48271331286627,FALSE,TRUE,FALSE,0,0,0,"",FALSE,FALSE,TRUE,FALSE,TRUE,FALSE,FALSE,FALSE
amended,8866d33a03fffff,4.50201630529814,TRUE,TRUE,TRUE,0,0,0,"",TRUE,TRUE,TRUE,TRUE,TRUE,TRUE,TRUE,TRUE
amended,8866d33a05fffff,5.94758918400058,FALSE,TRUE,FALSE,0,0,0,"",FALSE,FALSE,TRUE,FALSE,TRUE,FALSE,FALSE,FALSE
amended,8866d33a07fffff,4.95727011376981,FALSE,TRUE,FALSE,0,0,0,"",FALSE,FALSE,TRUE,FALSE,TRUE,FALSE,FALSE,FALSE
amended,8866d33a09fffff,6.11961667450627,TRUE,TRUE,FALSE,0,0,0,"",TRUE,FALSE,TRUE,FALSE,TRUE,FALSE,TRUE,FALSE
amended,8866d33a0bfffff,5.16744807047917,TRUE,TRUE,TRUE,0,0,0,"",TRUE,TRUE,TRUE,TRUE,TRUE,TRUE,TRUE,TRUE
amended,8866d33a0dfffff,6.46642299187894,FALSE,TRUE,FALSE,0,0,0,"",FALSE,FALSE,TRUE,FALSE,TRUE,FALSE,FALSE,FALSE
amended,8866d33a11fffff,3.33102601446377,TRUE,TRUE,TRUE,0,0,0,"",TRUE,TRUE,TRUE,TRUE,TRUE,TRUE,FALSE,FALSE
amended,8866d33a13fffff,2.49729032931396,TRUE,TRUE,TRUE,0,0,0,"",TRUE,TRUE,TRUE,TRUE,TRUE,TRUE,FALSE,FALSE
amended,8866d33a15fffff,3.52686885833353,TRUE,TRUE,TRUE,0,0,0,"",TRUE,TRUE,TRUE,TRUE,TRUE,TRUE,FALSE,FALSE
amended,8866d33a17fffff,2.56364297522172,TRUE,TRUE,TRUE,0,0,0,"",TRUE,TRUE,TRUE,TRUE,TRUE,TRUE,FALSE,FALSE
amended,8866d33a19fffff,4.18608470586782,TRUE,TRUE,TRUE,0,0,0,"",TRUE,TRUE,TRUE,TRUE,TRUE,TRUE,TRUE,TRUE
amended,8866d33a1bfffff,3.42176730882075,TRUE,TRUE,TRUE,0,0,0,"",TRUE,TRUE,TRUE,TRUE,TRUE,TRUE,FALSE,FALSE
amended,8866d33a1dfffff,4.23294318180288,TRUE,TRUE,TRUE,0,0,0,"",TRUE,TRUE,TRUE,TRUE,TRUE,TRUE,TRUE,TRUE
amended,8866d33a23fffff,5.31082924380628,FALSE,FALSE,FALSE,0,0,0,"",FALSE,FALSE,FALSE,FALSE,TRUE,FALSE,FALSE,FALSE
amended,8866d33a29fffff,6.53021652132807,FALSE,FALSE,FALSE,2,1,1,negative ratio,FALSE,FALSE,FALSE,FALSE,FALSE,FALSE,FALSE,FALSE
amended,8866d33a2bfffff,5.55311889331772,FALSE,FALSE,FALSE,0,0,0,"",FALSE,FALSE,FALSE,FALSE,TRUE,FALSE,FALSE,FALSE
amended,8866d33a2dfffff,7.20208787901607,FALSE,FALSE,TRUE,0,0,0,"",FALSE,FALSE,FALSE,FALSE,TRUE,TRUE,FALSE,FALSE
amended,8866d33a31fffff,3.62106239174442,FALSE,FALSE,FALSE,0,0,0,"",FALSE,FALSE,FALSE,FALSE,TRUE,FALSE,FALSE,FALSE
amended,8866d33a33fffff,2.68215889386652,TRUE,TRUE,TRUE,0,0,0,"",TRUE,TRUE,TRUE,TRUE,TRUE,TRUE,FALSE,FALSE
amended,8866d33a35fffff,4.39505408614418,FALSE,FALSE,FALSE,0,0,0,"",FALSE,FALSE,FALSE,FALSE,TRUE,FALSE,FALSE,FALSE
amended,8866d33a37fffff,3.52009817545568,FALSE,FALSE,TRUE,0,0,0,"",FALSE,FALSE,FALSE,FALSE,TRUE,TRUE,FALSE,FALSE
amended,8866d33a39fffff,3.96710145259235,TRUE,TRUE,TRUE,0,0,0,"",TRUE,TRUE,TRUE,TRUE,TRUE,TRUE,FALSE,FALSE
amended,8866d33a3bfffff,2.97726028506741,TRUE,TRUE,TRUE,0,0,0,"",TRUE,TRUE,TRUE,TRUE,TRUE,TRUE,FALSE,FALSE
amended,8866d33a3dfffff,4.58183341467412,FALSE,TRUE,FALSE,0,0,0,"",FALSE,FALSE,TRUE,FALSE,TRUE,FALSE,FALSE,FALSE
amended,8866d33a41fffff,7.77220896609928,FALSE,TRUE,TRUE,0,0,0,"",FALSE,FALSE,TRUE,TRUE,TRUE,TRUE,FALSE,FALSE
amended,8866d33a43fffff,6.83687586062672,FALSE,TRUE,TRUE,0,0,0,"",FALSE,FALSE,TRUE,TRUE,TRUE,TRUE,FALSE,FALSE
amended,8866d33a45fffff,8.05176203351246,FALSE,TRUE,FALSE,0,0,0,"",FALSE,FALSE,TRUE,FALSE,TRUE,FALSE,FALSE,FALSE
amended,8866d33a47fffff,7.08231691263524,FALSE,TRUE,TRUE,0,0,0,"",FALSE,FALSE,TRUE,TRUE,TRUE,TRUE,FALSE,FALSE
amended,8866d33a49fffff,8.51811831263401,FALSE,FALSE,TRUE,0,0,0,"",FALSE,FALSE,FALSE,FALSE,TRUE,TRUE,FALSE,FALSE
amended,8866d33a4bfffff,7.61178628743664,FALSE,TRUE,TRUE,0,0,0,"",FALSE,FALSE,TRUE,TRUE,TRUE,TRUE,FALSE,FALSE
amended,8866d33a4dfffff,8.71972340703121,FALSE,FALSE,FALSE,0,0,0,"",FALSE,FALSE,FALSE,FALSE,TRUE,FALSE,FALSE,FALSE
amended,8866d33a51fffff,5.88109481281319,TRUE,TRUE,TRUE,0,0,0,"",TRUE,TRUE,TRUE,TRUE,TRUE,TRUE,TRUE,TRUE
amended,8866d33a53fffff,5.08474519149399,TRUE,TRUE,FALSE,0,0,0,"",TRUE,FALSE,TRUE,FALSE,TRUE,FALSE,TRUE,FALSE
amended,8866d33a55fffff,5.91951484209767,TRUE,TRUE,TRUE,0,0,0,"",TRUE,TRUE,TRUE,TRUE,TRUE,TRUE,TRUE,TRUE
amended,8866d33a57fffff,5.02998477642293,TRUE,TRUE,FALSE,0,0,0,"",TRUE,FALSE,TRUE,FALSE,TRUE,FALSE,TRUE,FALSE
amended,8866d33a59fffff,6.76587402820698,TRUE,TRUE,FALSE,0,0,0,"",TRUE,FALSE,TRUE,FALSE,TRUE,FALSE,TRUE,FALSE
amended,8866d33a5bfffff,6.00744332459323,TRUE,TRUE,TRUE,0,0,0,"",TRUE,TRUE,TRUE,TRUE,TRUE,TRUE,TRUE,TRUE
amended,8866d33a5dfffff,6.72920615817043,TRUE,TRUE,FALSE,0,0,0,"",TRUE,FALSE,TRUE,FALSE,TRUE,FALSE,TRUE,FALSE
amended,8866d33a61fffff,7.92841241192248,FALSE,FALSE,FALSE,0,0,0,"",FALSE,FALSE,FALSE,FALSE,TRUE,FALSE,FALSE,FALSE
amended,8866d33a63fffff,6.9379826383717,FALSE,FALSE,FALSE,0,0,0,"",FALSE,FALSE,FALSE,FALSE,TRUE,FALSE,FALSE,FALSE
amended,8866d33a65fffff,8.49377876291237,FALSE,FALSE,FALSE,0,0,0,"",FALSE,FALSE,FALSE,FALSE,TRUE,FALSE,FALSE,FALSE
amended,8866d33a67fffff,7.5108475653355,FALSE,FALSE,TRUE,0,0,0,"",FALSE,FALSE,FALSE,FALSE,TRUE,TRUE,FALSE,FALSE
amended,8866d33a69fffff,8.43862561484304,FALSE,TRUE,FALSE,0,0,0,"",FALSE,FALSE,TRUE,FALSE,TRUE,FALSE,FALSE,FALSE
amended,8866d33a6bfffff,7.45194152926036,FALSE,TRUE,FALSE,0,0,0,"",FALSE,FALSE,TRUE,FALSE,TRUE,FALSE,FALSE,FALSE
amended,8866d33a6dfffff,8.91885732655213,FALSE,FALSE,FALSE,0,0,0,"",FALSE,FALSE,FALSE,FALSE,TRUE,FALSE,FALSE,FALSE
amended,8866d33a8bfffff,2.00229405129969,TRUE,TRUE,TRUE,0,0,0,"",TRUE,TRUE,TRUE,TRUE,TRUE,TRUE,FALSE,FALSE
amended,8866d33a91fffff,3.1196890197112,TRUE,TRUE,FALSE,0,0,0,"",TRUE,FALSE,TRUE,FALSE,TRUE,FALSE,FALSE,FALSE
amended,8866d33a93fffff,3.73249123212073,TRUE,TRUE,FALSE,0,0,0,"",TRUE,FALSE,TRUE,FALSE,TRUE,FALSE,FALSE,FALSE
amended,8866d33a95fffff,2.13078683846994,FALSE,FALSE,FALSE,6,4,2,negative ratio,FALSE,FALSE,FALSE,FALSE,FALSE,FALSE,FALSE,FALSE
amended,8866d33a97fffff,2.78065179350961,FALSE,TRUE,FALSE,0,0,0,"",FALSE,FALSE,TRUE,FALSE,TRUE,FALSE,FALSE,FALSE
amended,8866d33a99fffff,3.52673960765107,TRUE,TRUE,TRUE,0,0,0,"",TRUE,TRUE,TRUE,TRUE,TRUE,TRUE,FALSE,FALSE
amended,8866d33a9bfffff,4.10857798238137,FALSE,TRUE,TRUE,0,0,0,"",FALSE,FALSE,TRUE,TRUE,TRUE,TRUE,FALSE,FALSE
amended,8866d33a9dfffff,2.55575462143789,FALSE,TRUE,FALSE,0,0,0,"",FALSE,FALSE,TRUE,FALSE,TRUE,FALSE,FALSE,FALSE
amended,8866d33aa5fffff,2.47669703528039,FALSE,TRUE,TRUE,0,0,0,"",FALSE,FALSE,TRUE,TRUE,TRUE,TRUE,FALSE,FALSE
amended,8866d33ac1fffff,2.44282396679743,TRUE,TRUE,TRUE,0,0,0,"",TRUE,TRUE,TRUE,TRUE,TRUE,TRUE,FALSE,FALSE
amended,8866d33ac3fffff,2.45792989800292,TRUE,TRUE,FALSE,0,0,0,"",TRUE,FALSE,TRUE,FALSE,TRUE,FALSE,FALSE,FALSE
amended,8866d33ac9fffff,3.38113778297999,TRUE,TRUE,TRUE,0,0,0,"",TRUE,TRUE,TRUE,TRUE,TRUE,TRUE,FALSE,FALSE
amended,8866d33acbfffff,3.24811351642458,TRUE,TRUE,TRUE,0,0,0,"",TRUE,TRUE,TRUE,TRUE,TRUE,TRUE,FALSE,FALSE
amended,8866d33acdfffff,2.8029388410195,TRUE,TRUE,TRUE,0,0,0,"",TRUE,TRUE,TRUE,TRUE,TRUE,TRUE,FALSE,FALSE
amended,8866d33ad1fffff,3.63162564438545,TRUE,TRUE,TRUE,0,0,0,"",TRUE,TRUE,TRUE,TRUE,TRUE,TRUE,FALSE,FALSE
amended,8866d33ad3fffff,3.97018098000795,TRUE,TRUE,TRUE,0,0,0,"",TRUE,TRUE,TRUE,TRUE,TRUE,TRUE,FALSE,FALSE
amended,8866d33ad5fffff,2.70953069342599,TRUE,TRUE,TRUE,0,0,0,"",TRUE,TRUE,TRUE,TRUE,TRUE,TRUE,FALSE,FALSE
amended,8866d33ad7fffff,2.98462144676909,TRUE,TRUE,TRUE,0,0,0,"",TRUE,TRUE,TRUE,TRUE,TRUE,TRUE,FALSE,FALSE
amended,8866d33ad9fffff,4.37914965938393,FALSE,TRUE,TRUE,0,0,0,"",FALSE,FALSE,TRUE,TRUE,TRUE,TRUE,FALSE,FALSE
amended,8866d33adbfffff,4.58162203662696,FALSE,TRUE,FALSE,0,0,0,"",FALSE,FALSE,TRUE,FALSE,TRUE,FALSE,FALSE,FALSE
amended,8866d33addfffff,3.41049660974014,TRUE,TRUE,TRUE,0,0,0,"",TRUE,TRUE,TRUE,TRUE,TRUE,TRUE,FALSE,FALSE
amended,8866d33b09fffff,10.4445246397251,FALSE,FALSE,FALSE,0,0,0,"",FALSE,FALSE,FALSE,FALSE,TRUE,FALSE,FALSE,FALSE
amended,8866d33b0bfffff,9.55455923740949,FALSE,FALSE,FALSE,0,0,0,"",FALSE,FALSE,FALSE,FALSE,TRUE,FALSE,FALSE,FALSE
amended,8866d33b0dfffff,11.2760567286615,FALSE,FALSE,FALSE,0,0,0,"",FALSE,FALSE,FALSE,FALSE,TRUE,FALSE,FALSE,FALSE
amended,8866d33b49fffff,11.7457075024577,FALSE,FALSE,FALSE,0,0,0,"",FALSE,FALSE,FALSE,FALSE,TRUE,FALSE,FALSE,FALSE
amended,8866d33b51fffff,8.87900949298463,FALSE,FALSE,FALSE,0,0,0,"",FALSE,FALSE,FALSE,FALSE,TRUE,FALSE,FALSE,FALSE
amended,8866d33b53fffff,7.94059413098017,FALSE,FALSE,FALSE,1,1,0,negative ratio,FALSE,FALSE,FALSE,FALSE,FALSE,FALSE,FALSE,FALSE
amended,8866d33b55fffff,9.6428182231073,FALSE,FALSE,FALSE,0,0,0,"",FALSE,FALSE,FALSE,FALSE,TRUE,FALSE,FALSE,FALSE
amended,8866d33b59fffff,9.13155449335056,FALSE,FALSE,FALSE,0,0,0,"",FALSE,FALSE,FALSE,FALSE,TRUE,FALSE,FALSE,FALSE
amended,8866d33b5bfffff,8.16373092987349,FALSE,FALSE,TRUE,0,0,0,"",FALSE,FALSE,FALSE,FALSE,TRUE,TRUE,FALSE,FALSE
amended,8866d33b63fffff,12.1312907348456,FALSE,FALSE,FALSE,0,0,0,"",FALSE,FALSE,FALSE,FALSE,TRUE,FALSE,FALSE,FALSE
amended,8866d37691fffff,7.78579044545893,FALSE,FALSE,FALSE,0,0,0,"",FALSE,FALSE,FALSE,FALSE,TRUE,FALSE,FALSE,FALSE
amended,8866d37693fffff,6.86438519925401,FALSE,FALSE,FALSE,0,0,0,"",FALSE,FALSE,FALSE,FALSE,TRUE,FALSE,FALSE,FALSE
amended,8866d37695fffff,8.57912457979322,FALSE,FALSE,FALSE,0,0,0,"",FALSE,FALSE,FALSE,FALSE,TRUE,FALSE,FALSE,FALSE
amended,8866d37697fffff,7.68731300257669,FALSE,FALSE,FALSE,0,0,0,"",FALSE,FALSE,FALSE,FALSE,TRUE,FALSE,FALSE,FALSE
amended,8866d37699fffff,8.00316144266188,FALSE,FALSE,FALSE,0,0,0,"",FALSE,FALSE,FALSE,FALSE,TRUE,FALSE,FALSE,FALSE
amended,8866d3769bfffff,7.04236175240978,FALSE,FALSE,FALSE,0,0,0,"",FALSE,FALSE,FALSE,FALSE,TRUE,FALSE,FALSE,FALSE
amended,8866d3769dfffff,8.72250608340564,FALSE,FALSE,FALSE,0,0,0,"",FALSE,FALSE,FALSE,FALSE,TRUE,FALSE,FALSE,FALSE
amended,8866d376dbfffff,8.24611447868076,FALSE,FALSE,TRUE,0,0,0,"",FALSE,FALSE,FALSE,FALSE,TRUE,TRUE,FALSE,FALSE
amended,8866d3a803fffff,26.803585485043,FALSE,FALSE,FALSE,1,1,0,negative ratio,FALSE,FALSE,FALSE,FALSE,FALSE,FALSE,FALSE,FALSE
amended,8866d3a807fffff,26.2524442127764,FALSE,FALSE,FALSE,0,0,0,"",FALSE,FALSE,FALSE,FALSE,TRUE,FALSE,FALSE,FALSE
amended,8866d3a811fffff,27.0152720001304,FALSE,FALSE,FALSE,0,0,0,"",FALSE,FALSE,FALSE,FALSE,TRUE,FALSE,FALSE,FALSE
amended,8866d3a813fffff,26.6830389041473,FALSE,FALSE,TRUE,0,0,0,"",FALSE,FALSE,FALSE,FALSE,TRUE,TRUE,FALSE,FALSE
amended,8866d3a815fffff,26.4126034245584,FALSE,FALSE,TRUE,0,0,0,"",FALSE,FALSE,FALSE,FALSE,TRUE,TRUE,FALSE,FALSE
amended,8866d3a817fffff,26.053371569962,FALSE,FALSE,FALSE,0,0,0,"",FALSE,FALSE,FALSE,FALSE,TRUE,FALSE,FALSE,FALSE
amended,8866d3a819fffff,27.9779773965772,FALSE,FALSE,FALSE,0,0,0,"",FALSE,FALSE,FALSE,FALSE,TRUE,FALSE,FALSE,FALSE
amended,8866d3a81bfffff,27.6400947606018,FALSE,FALSE,TRUE,0,0,0,"",FALSE,FALSE,FALSE,FALSE,TRUE,TRUE,FALSE,FALSE
amended,8866d3a81dfffff,27.3792693826657,FALSE,FALSE,FALSE,0,0,0,"",FALSE,FALSE,FALSE,FALSE,TRUE,FALSE,FALSE,FALSE
amended,8866d3a821fffff,25.2301679484813,FALSE,FALSE,FALSE,0,0,0,"",FALSE,FALSE,FALSE,FALSE,TRUE,FALSE,FALSE,FALSE
amended,8866d3a823fffff,24.7534522866357,FALSE,FALSE,FALSE,0,0,0,"",FALSE,FALSE,FALSE,FALSE,TRUE,FALSE,FALSE,FALSE
amended,8866d3a825fffff,24.7623441244038,FALSE,FALSE,FALSE,0,0,0,"",FALSE,FALSE,FALSE,FALSE,TRUE,FALSE,FALSE,FALSE
amended,8866d3a827fffff,24.2556911016529,FALSE,FALSE,FALSE,0,0,0,"",FALSE,FALSE,FALSE,FALSE,TRUE,FALSE,FALSE,FALSE
amended,8866d3a831fffff,24.863989627643,FALSE,FALSE,TRUE,0,0,0,"",FALSE,FALSE,FALSE,FALSE,TRUE,TRUE,FALSE,FALSE
amended,8866d3a833fffff,24.4809233934793,FALSE,FALSE,TRUE,0,0,0,"",FALSE,FALSE,FALSE,FALSE,TRUE,TRUE,FALSE,FALSE
amended,8866d3a837fffff,23.8946665020477,FALSE,FALSE,TRUE,0,0,0,"",FALSE,FALSE,FALSE,FALSE,TRUE,TRUE,FALSE,FALSE
amended,8866d3a839fffff,25.8336434325973,FALSE,FALSE,FALSE,0,0,0,"",FALSE,FALSE,FALSE,FALSE,TRUE,FALSE,FALSE,FALSE
amended,8866d3a83bfffff,25.4464648908743,FALSE,FALSE,FALSE,0,0,0,"",FALSE,FALSE,FALSE,FALSE,TRUE,FALSE,FALSE,FALSE
amended,8866d3a83dfffff,25.280024926149,FALSE,FALSE,FALSE,0,0,0,"",FALSE,FALSE,FALSE,FALSE,TRUE,FALSE,FALSE,FALSE
amended,8866d3a881fffff,24.9596248194688,FALSE,FALSE,TRUE,0,0,0,"",FALSE,FALSE,FALSE,FALSE,TRUE,TRUE,FALSE,FALSE
amended,8866d3a883fffff,24.7776810543695,FALSE,FALSE,FALSE,0,0,0,"",FALSE,FALSE,FALSE,FALSE,TRUE,FALSE,FALSE,FALSE
amended,8866d3a885fffff,24.2425031106628,FALSE,FALSE,TRUE,0,0,0,"",FALSE,FALSE,FALSE,FALSE,TRUE,TRUE,FALSE,FALSE
amended,8866d3a887fffff,24.0341946767661,FALSE,FALSE,FALSE,0,0,0,"",FALSE,FALSE,FALSE,FALSE,TRUE,FALSE,FALSE,FALSE
amended,8866d3a889fffff,25.8886037574459,FALSE,FALSE,FALSE,0,0,0,"",FALSE,FALSE,FALSE,FALSE,TRUE,FALSE,FALSE,FALSE
amended,8866d3a88bfffff,25.6946983827828,FALSE,FALSE,FALSE,0,0,0,"",FALSE,FALSE,FALSE,FALSE,TRUE,FALSE,FALSE,FALSE
amended,8866d3a88dfffff,25.1792016900593,FALSE,FALSE,FALSE,0,0,0,"",FALSE,FALSE,FALSE,FALSE,TRUE,FALSE,FALSE,FALSE
amended,8866d3a891fffff,25.41835737824,TRUE,TRUE,TRUE,0,0,0,"",TRUE,TRUE,TRUE,TRUE,TRUE,TRUE,TRUE,TRUE
amended,8866d3a895fffff,24.6342075214448,FALSE,FALSE,FALSE,0,0,0,"",FALSE,FALSE,FALSE,FALSE,TRUE,FALSE,FALSE,FALSE
amended,8866d3a897fffff,24.5298825240975,TRUE,TRUE,FALSE,0,0,0,"",TRUE,FALSE,TRUE,FALSE,TRUE,FALSE,TRUE,FALSE
amended,8866d3a899fffff,26.3128747919408,TRUE,TRUE,FALSE,1,0,1,negative ratio,FALSE,FALSE,FALSE,FALSE,FALSE,FALSE,FALSE,FALSE
amended,8866d3a89bfffff,26.2162566181663,TRUE,TRUE,FALSE,0,0,0,"",TRUE,FALSE,TRUE,FALSE,TRUE,FALSE,TRUE,FALSE
amended,8866d3a89dfffff,25.5377204796676,FALSE,FALSE,FALSE,1,0,1,negative ratio,FALSE,FALSE,FALSE,FALSE,FALSE,FALSE,FALSE,FALSE
amended,8866d3a8a1fffff,22.6033970320715,FALSE,FALSE,FALSE,0,0,0,"",FALSE,FALSE,FALSE,FALSE,TRUE,FALSE,FALSE,FALSE
amended,8866d3a8a3fffff,22.3786303645638,FALSE,FALSE,FALSE,0,0,0,"",FALSE,FALSE,FALSE,FALSE,TRUE,FALSE,FALSE,FALSE
amended,8866d3a8a5fffff,21.9197619739929,FALSE,FALSE,TRUE,0,0,0,"",FALSE,FALSE,FALSE,FALSE,TRUE,TRUE,FALSE,FALSE
amended,8866d3a8a7fffff,21.6646813933023,FALSE,FALSE,TRUE,0,0,0,"",FALSE,FALSE,FALSE,FALSE,TRUE,TRUE,FALSE,FALSE
amended,8866d3a8a9fffff,23.5449778678442,FALSE,FALSE,FALSE,0,0,0,"",FALSE,FALSE,FALSE,FALSE,TRUE,FALSE,FALSE,FALSE
amended,8866d3a8adfffff,22.8688466684118,FALSE,FALSE,TRUE,0,0,0,"",FALSE,FALSE,FALSE,FALSE,TRUE,TRUE,FALSE,FALSE
amended,8866d3a8b1fffff,22.9576995965356,FALSE,FALSE,FALSE,0,0,0,"",FALSE,FALSE,FALSE,FALSE,TRUE,FALSE,FALSE,FALSE
amended,8866d3a8b3fffff,22.8445463555183,TRUE,TRUE,FALSE,0,0,0,"",TRUE,FALSE,TRUE,FALSE,TRUE,FALSE,TRUE,FALSE
amended,8866d3a8b5fffff,22.1957862563884,FALSE,FALSE,TRUE,0,0,0,"",FALSE,FALSE,FALSE,FALSE,TRUE,TRUE,FALSE,FALSE
amended,8866d3a8b7fffff,22.055910986467,FALSE,FALSE,TRUE,0,0,0,"",FALSE,FALSE,FALSE,FALSE,TRUE,TRUE,FALSE,FALSE
amended,8866d3a8b9fffff,23.865166603482,FALSE,FALSE,TRUE,0,0,0,"",FALSE,FALSE,FALSE,FALSE,TRUE,TRUE,FALSE,FALSE
amended,8866d3a8bbfffff,23.7362614412731,TRUE,TRUE,FALSE,0,0,0,"",TRUE,FALSE,TRUE,FALSE,TRUE,FALSE,TRUE,FALSE
amended,8866d3a8bdfffff,23.1127471884571,FALSE,FALSE,FALSE,0,0,0,"",FALSE,FALSE,FALSE,FALSE,TRUE,FALSE,FALSE,FALSE
amended,8866d3a8c1fffff,27.0604425072619,FALSE,FALSE,FALSE,0,0,0,"",FALSE,FALSE,FALSE,FALSE,TRUE,FALSE,FALSE,FALSE
amended,8866d3a8c5fffff,26.3837731544217,FALSE,FALSE,FALSE,0,0,0,"",FALSE,FALSE,FALSE,FALSE,TRUE,FALSE,FALSE,FALSE
amended,8866d3a8c7fffff,26.1186110879723,FALSE,FALSE,FALSE,0,0,0,"",FALSE,FALSE,FALSE,FALSE,TRUE,FALSE,FALSE,FALSE
amended,8866d3a8c9fffff,28.0044453149925,FALSE,FALSE,FALSE,0,0,0,"",FALSE,FALSE,FALSE,FALSE,TRUE,FALSE,FALSE,FALSE
amended,8866d3a8cbfffff,27.755756107415,FALSE,FALSE,FALSE,0,0,0,"",FALSE,FALSE,FALSE,FALSE,TRUE,FALSE,FALSE,FALSE
amended,8866d3a8cdfffff,27.3338903355763,FALSE,FALSE,TRUE,0,0,0,"",FALSE,FALSE,FALSE,FALSE,TRUE,TRUE,FALSE,FALSE
amended,8866d3a8d1fffff,27.3592120262826,FALSE,FALSE,TRUE,0,0,0,"",FALSE,FALSE,FALSE,FALSE,TRUE,TRUE,FALSE,FALSE
amended,8866d3a8d3fffff,27.2128324571781,FALSE,FALSE,FALSE,0,0,0,"",FALSE,FALSE,FALSE,FALSE,TRUE,FALSE,FALSE,FALSE
amended,8866d3a8d5fffff,26.6157465859575,FALSE,FALSE,TRUE,0,0,0,"",FALSE,FALSE,FALSE,FALSE,TRUE,TRUE,FALSE,FALSE
amended,8866d3a8d9fffff,28.2762463875182,FALSE,FALSE,FALSE,0,0,0,"",FALSE,FALSE,FALSE,FALSE,TRUE,FALSE,FALSE,FALSE
amended,8866d3a8dbfffff,28.117701768925,FALSE,FALSE,FALSE,0,0,0,"",FALSE,FALSE,FALSE,FALSE,TRUE,FALSE,FALSE,FALSE
amended,8866d3a8ddfffff,27.5404148814831,FALSE,FALSE,TRUE,0,0,0,"",FALSE,FALSE,FALSE,FALSE,TRUE,TRUE,FALSE,FALSE
amended,8866d3a8e1fffff,24.7727979850592,FALSE,FALSE,FALSE,0,0,0,"",FALSE,FALSE,FALSE,FALSE,TRUE,FALSE,FALSE,FALSE
amended,8866d3a8e3fffff,24.4890862669794,FALSE,FALSE,FALSE,0,0,0,"",FALSE,FALSE,FALSE,FALSE,TRUE,FALSE,FALSE,FALSE
amended,8866d3a8e5fffff,24.1323996456716,FALSE,FALSE,TRUE,0,0,0,"",FALSE,FALSE,FALSE,FALSE,TRUE,TRUE,FALSE,FALSE
amended,8866d3a8e7fffff,23.8199380694346,FALSE,FALSE,FALSE,0,0,0,"",FALSE,FALSE,FALSE,FALSE,TRUE,FALSE,FALSE,FALSE
amended,8866d3a8e9fffff,25.7272231056841,FALSE,FALSE,FALSE,0,0,0,"",FALSE,FALSE,FALSE,FALSE,TRUE,FALSE,FALSE,FALSE
amended,8866d3a8ebfffff,25.4354338940018,FALSE,FALSE,FALSE,0,0,0,"",FALSE,FALSE,FALSE,FALSE,TRUE,FALSE,FALSE,FALSE
amended,8866d3a8edfffff,25.0923756755085,FALSE,FALSE,TRUE,0,0,0,"",FALSE,FALSE,FALSE,FALSE,TRUE,TRUE,FALSE,FALSE
amended,8866d3a913fffff,22.814766395687,FALSE,FALSE,FALSE,0,0,0,"",FALSE,FALSE,FALSE,FALSE,TRUE,FALSE,FALSE,FALSE
amended,8866d3a919fffff,24.3256576650286,FALSE,FALSE,FALSE,0,0,0,"",FALSE,FALSE,FALSE,FALSE,TRUE,FALSE,FALSE,FALSE
amended,8866d3a91bfffff,23.7885541877513,FALSE,FALSE,TRUE,0,0,0,"",FALSE,FALSE,FALSE,FALSE,TRUE,TRUE,FALSE,FALSE
amended,8866d3a921fffff,22.6680066521607,FALSE,FALSE,FALSE,0,0,0,"",FALSE,FALSE,FALSE,FALSE,TRUE,FALSE,FALSE,FALSE
amended,8866d3a923fffff,21.9763541830861,FALSE,FALSE,FALSE,0,0,0,"",FALSE,FALSE,FALSE,FALSE,TRUE,FALSE,FALSE,FALSE
amended,8866d3a929fffff,23.6081282556858,FALSE,FALSE,FALSE,0,0,0,"",FALSE,FALSE,FALSE,FALSE,TRUE,FALSE,FALSE,FALSE
amended,8866d3a92bfffff,22.9240817745358,FALSE,FALSE,FALSE,0,0,0,"",FALSE,FALSE,FALSE,FALSE,TRUE,FALSE,FALSE,FALSE
amended,8866d3a931fffff,21.6270769512313,FALSE,FALSE,FALSE,0,0,0,"",FALSE,FALSE,FALSE,FALSE,TRUE,FALSE,FALSE,FALSE
amended,8866d3a933fffff,21.018513575851,FALSE,FALSE,TRUE,0,0,0,"",FALSE,FALSE,FALSE,FALSE,TRUE,TRUE,FALSE,FALSE
amended,8866d3a935fffff,21.3082375322934,FALSE,FALSE,TRUE,0,0,0,"",FALSE,FALSE,FALSE,FALSE,TRUE,TRUE,FALSE,FALSE
amended,8866d3a937fffff,20.6659434966679,FALSE,FALSE,FALSE,0,0,0,"",FALSE,FALSE,FALSE,FALSE,TRUE,FALSE,FALSE,FALSE
amended,8866d3a939fffff,22.5893164098774,FALSE,FALSE,FALSE,0,0,0,"",FALSE,FALSE,FALSE,FALSE,TRUE,FALSE,FALSE,FALSE
amended,8866d3a93dfffff,22.263027263456,FALSE,FALSE,FALSE,0,0,0,"",FALSE,FALSE,FALSE,FALSE,TRUE,FALSE,FALSE,FALSE
amended,8866d3a981fffff,20.4198967425372,FALSE,FALSE,FALSE,0,0,0,"",FALSE,FALSE,FALSE,FALSE,TRUE,FALSE,FALSE,FALSE
amended,8866d3a983fffff,20.0218160856589,FALSE,FALSE,FALSE,0,0,0,"",FALSE,FALSE,FALSE,FALSE,TRUE,FALSE,FALSE,FALSE
amended,8866d3a987fffff,19.4484654760672,FALSE,FALSE,FALSE,0,0,0,"",FALSE,FALSE,FALSE,FALSE,TRUE,FALSE,FALSE,FALSE
amended,8866d3a98dfffff,20.8574029946992,FALSE,FALSE,FALSE,0,0,0,"",FALSE,FALSE,FALSE,FALSE,TRUE,FALSE,FALSE,FALSE
amended,8866d3a991fffff,20.3057575085202,FALSE,FALSE,FALSE,0,0,0,"",FALSE,FALSE,FALSE,FALSE,TRUE,FALSE,FALSE,FALSE
amended,8866d3a995fffff,19.6655595090728,FALSE,FALSE,FALSE,0,0,0,"",FALSE,FALSE,FALSE,FALSE,TRUE,FALSE,FALSE,FALSE
amended,8866d3a99bfffff,20.9729647535353,FALSE,FALSE,TRUE,0,0,0,"",FALSE,FALSE,FALSE,FALSE,TRUE,TRUE,FALSE,FALSE
amended,8866d3a9a5fffff,17.946213049276,FALSE,FALSE,TRUE,0,0,0,"",FALSE,FALSE,FALSE,FALSE,TRUE,TRUE,FALSE,FALSE
amended,8866d3a9a9fffff,19.3824199052974,FALSE,FALSE,FALSE,0,0,0,"",FALSE,FALSE,FALSE,FALSE,TRUE,FALSE,FALSE,FALSE
amended,8866d3a9adfffff,18.9198282861983,FALSE,FALSE,FALSE,3,3,0,negative ratio,FALSE,FALSE,FALSE,FALSE,FALSE,FALSE,FALSE,FALSE
amended,8866d3a9b9fffff,19.0550984577304,FALSE,FALSE,FALSE,0,0,0,"",FALSE,FALSE,FALSE,FALSE,TRUE,FALSE,FALSE,FALSE
amended,8866d3a9bbfffff,18.7059106343046,FALSE,FALSE,TRUE,0,0,0,"",FALSE,FALSE,FALSE,FALSE,TRUE,TRUE,FALSE,FALSE
amended,8866d3a9c5fffff,22.3065597267245,FALSE,FALSE,FALSE,0,0,0,"",FALSE,FALSE,FALSE,FALSE,TRUE,FALSE,FALSE,FALSE
amended,8866d3a9c7fffff,21.8314260397605,FALSE,FALSE,FALSE,0,0,0,"",FALSE,FALSE,FALSE,FALSE,TRUE,FALSE,FALSE,FALSE
amended,8866d3a9cbfffff,23.3355082839498,FALSE,FALSE,FALSE,0,0,0,"",FALSE,FALSE,FALSE,FALSE,TRUE,FALSE,FALSE,FALSE
amended,8866d3a9cdfffff,23.2811549987822,FALSE,FALSE,FALSE,0,0,0,"",FALSE,FALSE,FALSE,FALSE,TRUE,FALSE,FALSE,FALSE
amended,8866d3a9d1fffff,22.5519692909616,FALSE,FALSE,FALSE,1,1,0,negative ratio,FALSE,FALSE,FALSE,FALSE,FALSE,FALSE,FALSE,FALSE
amended,8866d3a9d3fffff,22.2160674240083,FALSE,FALSE,TRUE,0,0,0,"",FALSE,FALSE,FALSE,FALSE,TRUE,TRUE,FALSE,FALSE
amended,8866d3a9d5fffff,21.9572193717452,FALSE,FALSE,FALSE,0,0,0,"",FALSE,FALSE,FALSE,FALSE,TRUE,FALSE,FALSE,FALSE
amended,8866d3a9d7fffff,21.5887631247211,FALSE,FALSE,FALSE,1,1,0,negative ratio,FALSE,FALSE,FALSE,FALSE,FALSE,FALSE,FALSE,FALSE
amended,8866d3a9d9fffff,23.516059928633,FALSE,FALSE,FALSE,0,0,0,"",FALSE,FALSE,FALSE,FALSE,TRUE,FALSE,FALSE,FALSE
amended,8866d3a9dbfffff,23.1735777882298,FALSE,FALSE,TRUE,0,0,0,"",FALSE,FALSE,FALSE,FALSE,TRUE,TRUE,FALSE,FALSE
amended,8866d3a9ddfffff,22.9257236444265,FALSE,FALSE,TRUE,0,0,0,"",FALSE,FALSE,FALSE,FALSE,TRUE,TRUE,FALSE,FALSE
amended,8866d3a9e1fffff,20.8672320053095,FALSE,FALSE,FALSE,0,0,0,"",FALSE,FALSE,FALSE,FALSE,TRUE,FALSE,FALSE,FALSE
amended,8866d3a9e5fffff,20.4397875035229,FALSE,FALSE,FALSE,1,1,0,negative ratio,FALSE,FALSE,FALSE,FALSE,FALSE,FALSE,FALSE,FALSE
amended,8866d3a9e7fffff,19.8935070223108,FALSE,FALSE,FALSE,0,0,0,"",FALSE,FALSE,FALSE,FALSE,TRUE,FALSE,FALSE,FALSE
amended,8866d3aa95fffff,31.0479734423554,FALSE,FALSE,FALSE,0,0,0,"",FALSE,FALSE,FALSE,FALSE,TRUE,FALSE,FALSE,FALSE
amended,8866d3aaa3fffff,28.9504010350222,FALSE,FALSE,FALSE,0,0,0,"",FALSE,FALSE,FALSE,FALSE,TRUE,FALSE,FALSE,FALSE
amended,8866d3aaa7fffff,28.2856000704974,FALSE,FALSE,FALSE,0,0,0,"",FALSE,FALSE,FALSE,FALSE,TRUE,FALSE,FALSE,FALSE
amended,8866d3aab1fffff,29.3992202521923,FALSE,FALSE,FALSE,0,0,0,"",FALSE,FALSE,FALSE,FALSE,TRUE,FALSE,FALSE,FALSE
amended,8866d3aab3fffff,29.1969390250769,FALSE,FALSE,FALSE,0,0,0,"",FALSE,FALSE,FALSE,FALSE,TRUE,FALSE,FALSE,FALSE
amended,8866d3aab5fffff,28.6933189865033,FALSE,FALSE,FALSE,0,0,0,"",FALSE,FALSE,FALSE,FALSE,TRUE,FALSE,FALSE,FALSE
amended,8866d3aab7fffff,28.468344360288,FALSE,FALSE,FALSE,0,0,0,"",FALSE,FALSE,FALSE,FALSE,TRUE,FALSE,FALSE,FALSE
amended,8866d3aab9fffff,30.3327654989024,FALSE,FALSE,FALSE,0,0,0,"",FALSE,FALSE,FALSE,FALSE,TRUE,FALSE,FALSE,FALSE
amended,8866d3aabbfffff,30.1209486462518,FALSE,FALSE,FALSE,0,0,0,"",FALSE,FALSE,FALSE,FALSE,TRUE,FALSE,FALSE,FALSE
amended,8866d3aabdfffff,29.6331956455931,FALSE,FALSE,FALSE,0,0,0,"",FALSE,FALSE,FALSE,FALSE,TRUE,FALSE,FALSE,FALSE
amended,8866d3ad01fffff,24.5113177915765,FALSE,TRUE,TRUE,0,0,0,"",FALSE,FALSE,TRUE,TRUE,TRUE,TRUE,FALSE,FALSE
amended,8866d3ad05fffff,23.6320056773009,FALSE,FALSE,TRUE,0,0,0,"",FALSE,FALSE,FALSE,FALSE,TRUE,TRUE,FALSE,FALSE
amended,8866d3ad07fffff,23.7094780671543,FALSE,TRUE,TRUE,0,0,0,"",FALSE,FALSE,TRUE,TRUE,TRUE,TRUE,FALSE,FALSE
amended,8866d3ad0dfffff,24.4559017472877,FALSE,FALSE,FALSE,0,0,0,"",FALSE,FALSE,FALSE,FALSE,TRUE,FALSE,FALSE,FALSE
amended,8866d3ad21fffff,21.9388250866164,FALSE,TRUE,TRUE,0,0,0,"",FALSE,FALSE,TRUE,TRUE,TRUE,TRUE,FALSE,FALSE
amended,8866d3ad23fffff,22.0210576115144,FALSE,FALSE,TRUE,0,0,0,"",FALSE,FALSE,FALSE,FALSE,TRUE,TRUE,FALSE,FALSE
amended,8866d3ad25fffff,21.0671572256245,FALSE,TRUE,FALSE,0,0,0,"",FALSE,FALSE,TRUE,FALSE,TRUE,FALSE,FALSE,FALSE
amended,8866d3ad27fffff,21.1289622826567,FALSE,TRUE,FALSE,0,0,0,"",FALSE,FALSE,TRUE,FALSE,TRUE,FALSE,FALSE,FALSE
amended,8866d3ad29fffff,22.7615797496213,FALSE,FALSE,FALSE,0,0,0,"",FALSE,FALSE,FALSE,FALSE,TRUE,FALSE,FALSE,FALSE
amended,8866d3ad2bfffff,22.819951621643,FALSE,TRUE,FALSE,0,0,0,"",FALSE,FALSE,TRUE,FALSE,TRUE,FALSE,FALSE,FALSE
amended,8866d3ad31fffff,23.0641586285421,FALSE,FALSE,FALSE,0,0,0,"",FALSE,FALSE,FALSE,FALSE,TRUE,FALSE,FALSE,FALSE
amended,8866d3ad33fffff,23.2486616998188,FALSE,FALSE,FALSE,0,0,0,"",FALSE,FALSE,FALSE,FALSE,TRUE,FALSE,FALSE,FALSE
amended,8866d3ad37fffff,22.316837119398,FALSE,FALSE,FALSE,0,0,0,"",FALSE,FALSE,FALSE,FALSE,TRUE,FALSE,FALSE,FALSE
amended,8866d3ad3dfffff,22.9209970592091,FALSE,FALSE,FALSE,0,0,0,"",FALSE,FALSE,FALSE,FALSE,TRUE,FALSE,FALSE,FALSE
amended,8866d3ad41fffff,26.134697655131,FALSE,FALSE,FALSE,0,0,0,"",FALSE,FALSE,FALSE,FALSE,TRUE,FALSE,FALSE,FALSE
amended,8866d3ad61fffff,23.6012586135965,FALSE,FALSE,FALSE,0,0,0,"",FALSE,FALSE,FALSE,FALSE,TRUE,FALSE,FALSE,FALSE
amended,8866d3ad63fffff,23.5958703553537,FALSE,FALSE,FALSE,0,0,0,"",FALSE,FALSE,FALSE,FALSE,TRUE,FALSE,FALSE,FALSE
amended,8866d3ad65fffff,22.7739154455995,FALSE,FALSE,FALSE,0,0,0,"",FALSE,FALSE,FALSE,FALSE,TRUE,FALSE,FALSE,FALSE
amended,8866d3ad67fffff,22.7462064936745,FALSE,FALSE,TRUE,0,0,0,"",FALSE,FALSE,FALSE,FALSE,TRUE,TRUE,FALSE,FALSE
amended,8866d3ad6dfffff,23.6481387083379,TRUE,TRUE,FALSE,0,0,0,"",TRUE,FALSE,TRUE,FALSE,TRUE,FALSE,TRUE,FALSE
amended,8866d3af25fffff,27.101843389198,TRUE,TRUE,FALSE,0,0,0,"",TRUE,FALSE,TRUE,FALSE,TRUE,FALSE,TRUE,FALSE
amended,8866d3af2dfffff,27.9932834818628,FALSE,FALSE,FALSE,0,0,0,"",FALSE,FALSE,FALSE,FALSE,TRUE,FALSE,FALSE,FALSE
amended,8866d3af6dfffff,29.940368223773,FALSE,FALSE,FALSE,0,0,0,"",FALSE,FALSE,FALSE,FALSE,TRUE,FALSE,FALSE,FALSE
amended,8866de5b69fffff,29.9386257881796,FALSE,FALSE,FALSE,0,0,0,"",FALSE,FALSE,FALSE,FALSE,TRUE,FALSE,FALSE,FALSE
amended,888f2d9201fffff,15.6696533623381,FALSE,FALSE,FALSE,0,0,0,"",FALSE,FALSE,FALSE,FALSE,TRUE,FALSE,FALSE,FALSE
amended,888f2d9203fffff,16.5367117668135,FALSE,FALSE,FALSE,0,0,0,"",FALSE,FALSE,FALSE,FALSE,TRUE,FALSE,FALSE,FALSE
amended,888f2d9205fffff,15.684673526809,TRUE,TRUE,FALSE,0,0,0,"",TRUE,FALSE,TRUE,FALSE,TRUE,FALSE,TRUE,FALSE
amended,888f2d9207fffff,16.5204735371832,FALSE,FALSE,FALSE,0,0,0,"",FALSE,FALSE,FALSE,FALSE,TRUE,FALSE,FALSE,FALSE
amended,888f2d9209fffff,14.8345463417208,FALSE,FALSE,TRUE,0,0,0,"",FALSE,FALSE,FALSE,FALSE,TRUE,TRUE,FALSE,FALSE
amended,888f2d920bfffff,15.7171043760092,FALSE,FALSE,FALSE,0,0,0,"",FALSE,FALSE,FALSE,FALSE,TRUE,FALSE,FALSE,FALSE
amended,888f2d920dfffff,14.8183050997572,TRUE,TRUE,FALSE,0,0,0,"",TRUE,FALSE,TRUE,FALSE,TRUE,FALSE,TRUE,FALSE
amended,888f2d9221fffff,16.6653541458449,FALSE,FALSE,FALSE,0,0,0,"",FALSE,FALSE,FALSE,FALSE,TRUE,FALSE,FALSE,FALSE
amended,888f2d9223fffff,17.4529277986184,TRUE,TRUE,FALSE,0,0,0,"",TRUE,FALSE,TRUE,FALSE,TRUE,FALSE,TRUE,FALSE
amended,888f2d9225fffff,16.8249572009019,FALSE,FALSE,FALSE,0,0,0,"",FALSE,FALSE,FALSE,FALSE,TRUE,FALSE,FALSE,FALSE
amended,888f2d9227fffff,17.5767481130691,FALSE,FALSE,FALSE,0,0,0,"",FALSE,FALSE,FALSE,FALSE,TRUE,FALSE,FALSE,FALSE
amended,888f2d9229fffff,15.7619923617689,FALSE,FALSE,FALSE,0,0,0,"",FALSE,FALSE,FALSE,FALSE,TRUE,FALSE,FALSE,FALSE
amended,888f2d922bfffff,16.5635054540889,TRUE,TRUE,TRUE,0,0,0,"",TRUE,TRUE,TRUE,TRUE,TRUE,TRUE,TRUE,TRUE
amended,888f2d922dfffff,15.9007071116733,FALSE,FALSE,TRUE,0,0,0,"",FALSE,FALSE,FALSE,FALSE,TRUE,TRUE,FALSE,FALSE
amended,888f2d9239fffff,17.372743065156,FALSE,FALSE,FALSE,0,0,0,"",FALSE,FALSE,FALSE,FALSE,TRUE,FALSE,FALSE,FALSE
amended,888f2d9241fffff,13.1327424734555,FALSE,TRUE,FALSE,0,0,0,"",FALSE,FALSE,TRUE,FALSE,TRUE,FALSE,FALSE,FALSE
amended,888f2d9243fffff,14.0179490864408,FALSE,FALSE,FALSE,0,0,0,"",FALSE,FALSE,FALSE,FALSE,TRUE,FALSE,FALSE,FALSE
amended,888f2d9245fffff,13.1165047476527,TRUE,TRUE,TRUE,0,0,0,"",TRUE,TRUE,TRUE,TRUE,TRUE,TRUE,TRUE,TRUE
amended,888f2d9247fffff,13.966707734017,FALSE,FALSE,FALSE,0,0,0,"",FALSE,FALSE,FALSE,FALSE,TRUE,FALSE,FALSE,FALSE
amended,888f2d9249fffff,12.3199768711532,TRUE,TRUE,TRUE,0,0,0,"",TRUE,TRUE,TRUE,TRUE,TRUE,TRUE,TRUE,TRUE
amended,888f2d924bfffff,13.2232785329997,FALSE,FALSE,FALSE,0,0,0,"",FALSE,FALSE,FALSE,FALSE,TRUE,FALSE,FALSE,FALSE
amended,888f2d924dfffff,12.2639064085537,TRUE,TRUE,TRUE,0,0,0,"",TRUE,TRUE,TRUE,TRUE,TRUE,TRUE,TRUE,TRUE
amended,888f2d9251fffff,15.0634352898779,FALSE,FALSE,FALSE,0,0,0,"",FALSE,FALSE,FALSE,FALSE,TRUE,FALSE,FALSE,FALSE
amended,888f2d9255fffff,14.9166171826931,FALSE,FALSE,FALSE,0,0,0,"",FALSE,FALSE,FALSE,FALSE,TRUE,FALSE,FALSE,FALSE
amended,888f2d925dfffff,14.1384863131455,FALSE,FALSE,TRUE,0,0,0,"",FALSE,FALSE,FALSE,FALSE,TRUE,TRUE,FALSE,FALSE
amended,888f2d9261fffff,14.0741440481772,FALSE,FALSE,FALSE,0,0,0,"",FALSE,FALSE,FALSE,FALSE,TRUE,FALSE,FALSE,FALSE
amended,888f2d9263fffff,14.8681156417953,FALSE,FALSE,FALSE,0,0,0,"",FALSE,FALSE,FALSE,FALSE,TRUE,FALSE,FALSE,FALSE
amended,888f2d9265fffff,14.2312505176062,FALSE,FALSE,TRUE,0,0,0,"",FALSE,FALSE,FALSE,FALSE,TRUE,TRUE,FALSE,FALSE
amended,888f2d9267fffff,14.9833256287796,FALSE,FALSE,FALSE,0,0,0,"",FALSE,FALSE,FALSE,FALSE,TRUE,FALSE,FALSE,FALSE
amended,888f2d9269fffff,13.1748473561565,FALSE,FALSE,TRUE,0,0,0,"",FALSE,FALSE,FALSE,FALSE,TRUE,TRUE,FALSE,FALSE
amended,888f2d926bfffff,13.9855308218907,TRUE,TRUE,TRUE,0,0,0,"",TRUE,TRUE,TRUE,TRUE,TRUE,TRUE,TRUE,TRUE
amended,888f2d926dfffff,13.3067965580092,FALSE,FALSE,FALSE,0,0,0,"",FALSE,FALSE,FALSE,FALSE,TRUE,FALSE,FALSE,FALSE
amended,888f2d9301fffff,17.0297174199498,FALSE,TRUE,TRUE,0,0,0,"",FALSE,FALSE,TRUE,TRUE,TRUE,TRUE,FALSE,FALSE
amended,888f2d9303fffff,17.6318348738243,FALSE,TRUE,TRUE,0,0,0,"",FALSE,FALSE,TRUE,TRUE,TRUE,TRUE,FALSE,FALSE
amended,888f2d9305fffff,17.4416036322412,FALSE,TRUE,TRUE,0,0,0,"",FALSE,FALSE,TRUE,TRUE,TRUE,TRUE,FALSE,FALSE
amended,888f2d9309fffff,16.0581903595213,FALSE,FALSE,FALSE,0,0,0,"",FALSE,FALSE,FALSE,FALSE,TRUE,FALSE,FALSE,FALSE
amended,888f2d930dfffff,16.4654171086862,FALSE,FALSE,FALSE,0,0,0,"",FALSE,FALSE,FALSE,FALSE,TRUE,FALSE,FALSE,FALSE
amended,888f2d9311fffff,17.9861081015754,FALSE,FALSE,FALSE,0,0,0,"",FALSE,FALSE,FALSE,FALSE,TRUE,FALSE,FALSE,FALSE
amended,888f2d9315fffff,18.2680346705888,FALSE,TRUE,TRUE,0,0,0,"",FALSE,FALSE,TRUE,TRUE,TRUE,TRUE,FALSE,FALSE
amended,888f2d9319fffff,17.0406975170547,FALSE,FALSE,FALSE,0,0,0,"",FALSE,FALSE,FALSE,FALSE,TRUE,FALSE,FALSE,FALSE
amended,888f2d931bfffff,17.755012699035,FALSE,FALSE,FALSE,0,0,0,"",FALSE,FALSE,FALSE,FALSE,TRUE,FALSE,FALSE,FALSE
amended,888f2d931dfffff,17.3104818111925,FALSE,FALSE,FALSE,0,0,0,"",FALSE,FALSE,FALSE,FALSE,TRUE,FALSE,FALSE,FALSE
amended,888f2d9329fffff,17.8988715873821,FALSE,TRUE,FALSE,0,0,0,"",FALSE,FALSE,TRUE,FALSE,TRUE,FALSE,FALSE,FALSE
amended,888f2d932bfffff,18.4180410584331,FALSE,FALSE,TRUE,0,0,0,"",FALSE,FALSE,FALSE,FALSE,TRUE,TRUE,FALSE,FALSE
amended,888f2d9351fffff,15.4032672575544,FALSE,FALSE,FALSE,0,0,0,"",FALSE,FALSE,FALSE,FALSE,TRUE,FALSE,FALSE,FALSE
amended,888f2d9353fffff,16.099236784534,FALSE,FALSE,FALSE,0,0,0,"",FALSE,FALSE,FALSE,FALSE,TRUE,FALSE,FALSE,FALSE
amended,888f2d9355fffff,15.702943506654,FALSE,FALSE,FALSE,0,0,0,"",FALSE,FALSE,FALSE,FALSE,TRUE,FALSE,FALSE,FALSE
amended,888f2d9357fffff,16.355409169987,FALSE,FALSE,FALSE,0,0,0,"",FALSE,FALSE,FALSE,FALSE,TRUE,FALSE,FALSE,FALSE
amended,888f2d935bfffff,15.1624506514812,FALSE,FALSE,FALSE,0,0,0,"",FALSE,FALSE,FALSE,FALSE,TRUE,FALSE,FALSE,FALSE
amended,888f2d9363fffff,16.9208768401859,FALSE,FALSE,FALSE,0,0,0,"",FALSE,FALSE,FALSE,FALSE,TRUE,FALSE,FALSE,FALSE
amended,888f2d936bfffff,15.9429452362964,FALSE,FALSE,FALSE,0,0,0,"",FALSE,FALSE,FALSE,FALSE,TRUE,FALSE,FALSE,FALSE
plan,8866d30095fffff,24.2650932548874,FALSE,FALSE,FALSE,22,16,6,negative ratio,FALSE,FALSE,FALSE,FALSE,FALSE,FALSE,FALSE,FALSE
plan,8866d300b1fffff,24.3021124739513,FALSE,FALSE,FALSE,15,12,3,negative ratio,FALSE,FALSE,FALSE,FALSE,FALSE,FALSE,FALSE,FALSE
plan,8866d300b9fffff,24.7638562719061,FALSE,FALSE,FALSE,0,0,0,"",FALSE,FALSE,FALSE,FALSE,TRUE,FALSE,FALSE,FALSE
plan,8866d300bbfffff,23.7737218256906,FALSE,FALSE,FALSE,0,0,0,"",FALSE,FALSE,FALSE,FALSE,TRUE,FALSE,FALSE,FALSE
plan,8866d30401fffff,17.0874637135708,FALSE,TRUE,TRUE,0,0,0,"",FALSE,FALSE,TRUE,TRUE,TRUE,TRUE,FALSE,FALSE
plan,8866d30403fffff,16.17964731371,FALSE,TRUE,TRUE,1,0,1,persistence only,FALSE,FALSE,FALSE,FALSE,FALSE,FALSE,FALSE,FALSE
plan,8866d30405fffff,17.2542368032769,FALSE,TRUE,FALSE,4,2,2,persistence only,FALSE,FALSE,FALSE,FALSE,FALSE,FALSE,FALSE,FALSE
plan,8866d30409fffff,17.8707093388303,FALSE,FALSE,FALSE,0,0,0,"",FALSE,FALSE,FALSE,FALSE,TRUE,FALSE,FALSE,FALSE
plan,8866d3040bfffff,16.9767196332541,FALSE,TRUE,TRUE,1,1,0,persistence only,FALSE,FALSE,FALSE,FALSE,FALSE,FALSE,FALSE,FALSE
plan,8866d3040dfffff,18.0039436873127,FALSE,FALSE,FALSE,0,0,0,"",FALSE,FALSE,FALSE,FALSE,TRUE,FALSE,FALSE,FALSE
plan,8866d30413fffff,14.3704818898455,FALSE,FALSE,TRUE,0,0,0,"",FALSE,FALSE,FALSE,FALSE,TRUE,TRUE,FALSE,FALSE
plan,8866d30415fffff,15.282043912069,FALSE,FALSE,TRUE,0,0,0,"",FALSE,FALSE,FALSE,FALSE,TRUE,TRUE,FALSE,FALSE
plan,8866d30417fffff,14.3965696377516,FALSE,FALSE,FALSE,0,0,0,"",FALSE,FALSE,FALSE,FALSE,TRUE,FALSE,FALSE,FALSE
plan,8866d30419fffff,16.0687733462445,FALSE,FALSE,FALSE,0,0,0,"",FALSE,FALSE,FALSE,FALSE,TRUE,FALSE,FALSE,FALSE
plan,8866d3041dfffff,16.0939709788156,FALSE,FALSE,FALSE,0,0,0,"",FALSE,FALSE,FALSE,FALSE,TRUE,FALSE,FALSE,FALSE
plan,8866d30421fffff,16.7870823522826,FALSE,FALSE,FALSE,0,0,0,"",FALSE,FALSE,FALSE,FALSE,TRUE,FALSE,FALSE,FALSE
plan,8866d30423fffff,15.828581882017,FALSE,FALSE,FALSE,0,0,0,"",FALSE,FALSE,FALSE,FALSE,TRUE,FALSE,FALSE,FALSE
plan,8866d30425fffff,17.0994674634076,FALSE,FALSE,FALSE,0,0,0,"",FALSE,FALSE,FALSE,FALSE,TRUE,FALSE,FALSE,FALSE
plan,8866d30427fffff,16.1283073965612,FALSE,FALSE,FALSE,3,3,0,negative ratio,FALSE,FALSE,FALSE,FALSE,FALSE,FALSE,FALSE,FALSE
plan,8866d3042dfffff,17.7490449001875,FALSE,FALSE,TRUE,1,0,1,persistence only,FALSE,FALSE,FALSE,FALSE,FALSE,FALSE,FALSE,FALSE
plan,8866d30443fffff,18.6719866851386,FALSE,FALSE,FALSE,0,0,0,"",FALSE,FALSE,FALSE,FALSE,TRUE,FALSE,FALSE,FALSE
plan,8866d3044bfffff,19.4890628789067,FALSE,FALSE,FALSE,0,0,0,"",FALSE,FALSE,FALSE,FALSE,TRUE,FALSE,FALSE,FALSE
plan,8866d30451fffff,17.7670098091731,FALSE,TRUE,FALSE,1,0,1,persistence only,FALSE,FALSE,FALSE,FALSE,FALSE,FALSE,FALSE,FALSE
plan,8866d30455fffff,17.791492340507,FALSE,FALSE,FALSE,0,0,0,"",FALSE,FALSE,FALSE,FALSE,TRUE,FALSE,FALSE,FALSE
plan,8866d30457fffff,16.9230988542184,FALSE,TRUE,FALSE,2,2,0,persistence only,FALSE,FALSE,FALSE,FALSE,FALSE,FALSE,FALSE,FALSE
plan,8866d30459fffff,18.6236849818629,FALSE,FALSE,FALSE,0,0,0,"",FALSE,FALSE,FALSE,FALSE,TRUE,FALSE,FALSE,FALSE
plan,8866d3045bfffff,17.7974821944477,TRUE,TRUE,FALSE,3,2,1,persistence only,FALSE,FALSE,FALSE,FALSE,FALSE,FALSE,FALSE,FALSE
plan,8866d3045dfffff,18.6216328547498,FALSE,FALSE,FALSE,0,0,0,"",FALSE,FALSE,FALSE,FALSE,TRUE,FALSE,FALSE,FALSE
plan,8866d30461fffff,19.1312440507234,FALSE,FALSE,FALSE,0,0,0,"",FALSE,FALSE,FALSE,FALSE,TRUE,FALSE,FALSE,FALSE
plan,8866d30463fffff,18.1900137558639,FALSE,TRUE,TRUE,1,1,0,persistence only,FALSE,FALSE,FALSE,FALSE,FALSE,FALSE,FALSE,FALSE
plan,8866d30465fffff,19.3830219180242,FALSE,TRUE,FALSE,0,0,0,"",FALSE,FALSE,TRUE,FALSE,TRUE,FALSE,FALSE,FALSE
plan,8866d30467fffff,18.4273243041534,FALSE,TRUE,FALSE,0,0,0,"",FALSE,FALSE,TRUE,FALSE,TRUE,FALSE,FALSE,FALSE
plan,8866d3046dfffff,20.0771566081878,FALSE,FALSE,FALSE,0,0,0,"",FALSE,FALSE,FALSE,FALSE,TRUE,FALSE,FALSE,FALSE
plan,8866d30481fffff,11.0340663148896,FALSE,FALSE,FALSE,0,0,0,"",FALSE,FALSE,FALSE,FALSE,TRUE,FALSE,FALSE,FALSE
plan,8866d30485fffff,10.9739116684308,FALSE,FALSE,TRUE,0,0,0,"",FALSE,FALSE,FALSE,FALSE,TRUE,TRUE,FALSE,FALSE
plan,8866d30487fffff,10.1461633296879,FALSE,FALSE,TRUE,0,0,0,"",FALSE,FALSE,FALSE,FALSE,TRUE,TRUE,FALSE,FALSE
plan,8866d3048dfffff,11.8400482590161,FALSE,FALSE,FALSE,0,0,0,"",FALSE,FALSE,FALSE,FALSE,TRUE,FALSE,FALSE,FALSE
plan,8866d30491fffff,9.80079449974594,TRUE,TRUE,FALSE,1,1,0,persistence only,FALSE,FALSE,FALSE,FALSE,FALSE,FALSE,FALSE,FALSE
plan,8866d30493fffff,9.19298871763338,FALSE,TRUE,FALSE,1,0,1,persistence only,FALSE,FALSE,FALSE,FALSE,FALSE,FALSE,FALSE,FALSE
plan,8866d30495fffff,9.5269302950631,TRUE,TRUE,FALSE,0,0,0,"",TRUE,FALSE,TRUE,FALSE,TRUE,FALSE,TRUE,FALSE
plan,8866d30497fffff,8.84367737834502,FALSE,TRUE,FALSE,0,0,0,"",FALSE,FALSE,TRUE,FALSE,TRUE,FALSE,FALSE,FALSE
plan,8866d30499fffff,10.7611431678814,FALSE,TRUE,FALSE,0,0,0,"",FALSE,FALSE,TRUE,FALSE,TRUE,FALSE,FALSE,FALSE
plan,8866d3049bfffff,10.1638233390446,TRUE,TRUE,FALSE,0,0,0,"",TRUE,FALSE,TRUE,FALSE,TRUE,FALSE,TRUE,FALSE
plan,8866d3049dfffff,10.4671728215385,FALSE,FALSE,FALSE,0,0,0,"",FALSE,FALSE,FALSE,FALSE,TRUE,FALSE,FALSE,FALSE
plan,8866d304a1fffff,10.2052633754734,FALSE,FALSE,TRUE,0,0,0,"",FALSE,FALSE,FALSE,FALSE,TRUE,TRUE,FALSE,FALSE
plan,8866d304a3fffff,9.30656702953517,FALSE,FALSE,TRUE,0,0,0,"",FALSE,FALSE,FALSE,FALSE,TRUE,TRUE,FALSE,FALSE
plan,8866d304a5fffff,10.3769799236286,FALSE,FALSE,FALSE,0,0,0,"",FALSE,FALSE,FALSE,FALSE,TRUE,FALSE,FALSE,FALSE
plan,8866d304a7fffff,9.44135588523048,FALSE,FALSE,TRUE,0,0,0,"",FALSE,FALSE,FALSE,FALSE,TRUE,TRUE,FALSE,FALSE
plan,8866d304a9fffff,11.0026283034315,FALSE,FALSE,TRUE,0,0,0,"",FALSE,FALSE,FALSE,FALSE,TRUE,TRUE,FALSE,FALSE
plan,8866d304abfffff,10.1276076976835,FALSE,FALSE,FALSE,0,0,0,"",FALSE,FALSE,FALSE,FALSE,TRUE,FALSE,FALSE,FALSE
plan,8866d304adfffff,11.1195364022782,FALSE,FALSE,FALSE,0,0,0,"",FALSE,FALSE,FALSE,FALSE,TRUE,FALSE,FALSE,FALSE
plan,8866d304b1fffff,8.45424299183375,FALSE,FALSE,TRUE,0,0,0,"",FALSE,FALSE,FALSE,FALSE,TRUE,TRUE,FALSE,FALSE
plan,8866d304b3fffff,7.67266103822903,TRUE,TRUE,TRUE,0,0,0,"",TRUE,TRUE,TRUE,TRUE,TRUE,TRUE,TRUE,TRUE
plan,8866d304b5fffff,8.4284411456968,FALSE,FALSE,FALSE,0,0,0,"",FALSE,FALSE,FALSE,FALSE,TRUE,FALSE,FALSE,FALSE
plan,8866d304b7fffff,7.57805076639718,FALSE,TRUE,FALSE,1,0,1,persistence only,FALSE,FALSE,FALSE,FALSE,FALSE,FALSE,FALSE,FALSE
plan,8866d304b9fffff,9.35007933483434,FALSE,FALSE,TRUE,0,0,0,"",FALSE,FALSE,FALSE,FALSE,TRUE,TRUE,FALSE,FALSE
plan,8866d304bbfffff,8.59447258884584,TRUE,TRUE,FALSE,0,0,0,"",TRUE,FALSE,TRUE,FALSE,TRUE,FALSE,TRUE,FALSE
plan,8866d304bdfffff,9.2758026752011,FALSE,FALSE,TRUE,0,0,0,"",FALSE,FALSE,FALSE,FALSE,TRUE,TRUE,FALSE,FALSE
plan,8866d304d1fffff,12.3638394896689,FALSE,FALSE,FALSE,1,1,0,negative ratio,FALSE,FALSE,FALSE,FALSE,FALSE,FALSE,FALSE,FALSE
plan,8866d304d3fffff,11.7239145195782,TRUE,TRUE,FALSE,0,0,0,"",TRUE,FALSE,TRUE,FALSE,TRUE,FALSE,TRUE,FALSE
plan,8866d304d7fffff,11.4132611922287,FALSE,FALSE,FALSE,0,0,0,"",FALSE,FALSE,FALSE,FALSE,TRUE,FALSE,FALSE,FALSE
plan,8866d304d9fffff,13.3179333162552,FALSE,FALSE,FALSE,7,4,3,negative ratio,FALSE,FALSE,FALSE,FALSE,FALSE,FALSE,FALSE,FALSE
plan,8866d304dbfffff,12.6885434314102,TRUE,TRUE,FALSE,0,0,0,"",TRUE,FALSE,TRUE,FALSE,TRUE,FALSE,TRUE,FALSE
plan,8866d304e1fffff,12.6993969217174,FALSE,FALSE,FALSE,0,0,0,"",FALSE,FALSE,FALSE,FALSE,TRUE,FALSE,FALSE,FALSE
plan,8866d304e3fffff,11.8266707984232,FALSE,FALSE,FALSE,0,0,0,"",FALSE,FALSE,FALSE,FALSE,TRUE,FALSE,FALSE,FALSE
plan,8866d304e5fffff,12.8031391158912,FALSE,FALSE,FALSE,0,0,0,"",FALSE,FALSE,FALSE,FALSE,TRUE,FALSE,FALSE,FALSE
plan,8866d304e7fffff,11.8957357238217,FALSE,FALSE,FALSE,0,0,0,"",FALSE,FALSE,FALSE,FALSE,TRUE,FALSE,FALSE,FALSE
plan,8866d304e9fffff,13.5256129181773,FALSE,FALSE,TRUE,0,0,0,"",FALSE,FALSE,FALSE,FALSE,TRUE,TRUE,FALSE,FALSE
plan,8866d30513fffff,15.9003835148871,FALSE,FALSE,FALSE,0,0,0,"",FALSE,FALSE,FALSE,FALSE,TRUE,FALSE,FALSE,FALSE
plan,8866d3051bfffff,16.4819964123114,FALSE,FALSE,FALSE,0,0,0,"",FALSE,FALSE,FALSE,FALSE,TRUE,FALSE,FALSE,FALSE
plan,8866d30521fffff,19.9243683539772,FALSE,FALSE,FALSE,0,0,0,"",FALSE,FALSE,FALSE,FALSE,TRUE,FALSE,FALSE,FALSE
plan,8866d30527fffff,19.5432386060319,FALSE,FALSE,FALSE,0,0,0,"",FALSE,FALSE,FALSE,FALSE,TRUE,FALSE,FALSE,FALSE
plan,8866d3052dfffff,20.9106359235689,FALSE,FALSE,FALSE,0,0,0,"",FALSE,FALSE,FALSE,FALSE,TRUE,FALSE,FALSE,FALSE
plan,8866d30545fffff,21.8212963456907,FALSE,FALSE,FALSE,0,0,0,"",FALSE,FALSE,FALSE,FALSE,TRUE,FALSE,FALSE,FALSE
plan,8866d30569fffff,22.2856836696407,FALSE,FALSE,FALSE,0,0,0,"",FALSE,FALSE,FALSE,FALSE,TRUE,FALSE,FALSE,FALSE
plan,8866d30591fffff,10.00299979962,FALSE,FALSE,FALSE,0,0,0,"",FALSE,FALSE,FALSE,FALSE,TRUE,FALSE,FALSE,FALSE
plan,8866d30593fffff,9.02576995693586,FALSE,FALSE,FALSE,0,0,0,"",FALSE,FALSE,FALSE,FALSE,TRUE,FALSE,FALSE,FALSE
plan,8866d30595fffff,10.4141338236954,FALSE,FALSE,FALSE,0,0,0,"",FALSE,FALSE,FALSE,FALSE,TRUE,FALSE,FALSE,FALSE
plan,8866d30597fffff,9.42610064338243,FALSE,FALSE,FALSE,0,0,0,"",FALSE,FALSE,FALSE,FALSE,TRUE,FALSE,FALSE,FALSE
plan,8866d30599fffff,10.63821253817,FALSE,FALSE,FALSE,0,0,0,"",FALSE,FALSE,FALSE,FALSE,TRUE,FALSE,FALSE,FALSE
plan,8866d3059bfffff,9.67583286889,FALSE,FALSE,FALSE,0,0,0,"",FALSE,FALSE,FALSE,FALSE,TRUE,FALSE,FALSE,FALSE
plan,8866d3059dfffff,10.9825841327017,FALSE,FALSE,FALSE,0,0,0,"",FALSE,FALSE,FALSE,FALSE,TRUE,FALSE,FALSE,FALSE
plan,8866d305a5fffff,13.681660405666,FALSE,FALSE,FALSE,0,0,0,"",FALSE,FALSE,FALSE,FALSE,TRUE,FALSE,FALSE,FALSE
plan,8866d305a7fffff,12.7119583097201,FALSE,FALSE,TRUE,0,0,0,"",FALSE,FALSE,FALSE,FALSE,TRUE,TRUE,FALSE,FALSE
plan,8866d305adfffff,14.0181594735397,FALSE,FALSE,FALSE,0,0,0,"",FALSE,FALSE,FALSE,FALSE,TRUE,FALSE,FALSE,FALSE
plan,8866d305b3fffff,9.47828598677738,FALSE,FALSE,FALSE,0,0,0,"",FALSE,FALSE,FALSE,FALSE,TRUE,FALSE,FALSE,FALSE
plan,8866d305bbfffff,9.90930465259959,FALSE,FALSE,FALSE,0,0,0,"",FALSE,FALSE,FALSE,FALSE,TRUE,FALSE,FALSE,FALSE
plan,8866d305c5fffff,14.9150649093556,FALSE,FALSE,FALSE,0,0,0,"",FALSE,FALSE,FALSE,FALSE,TRUE,FALSE,FALSE,FALSE
plan,8866d305c9fffff,15.1595948335382,FALSE,FALSE,FALSE,0,0,0,"",FALSE,FALSE,FALSE,FALSE,TRUE,FALSE,FALSE,FALSE
plan,8866d305d1fffff,12.273998304167,FALSE,FALSE,FALSE,0,0,0,"",FALSE,FALSE,FALSE,FALSE,TRUE,FALSE,FALSE,FALSE
plan,8866d305d3fffff,11.321912874274,FALSE,FALSE,FALSE,0,0,0,"",FALSE,FALSE,FALSE,FALSE,TRUE,FALSE,FALSE,FALSE
plan,8866d305d7fffff,11.605295618414,FALSE,FALSE,FALSE,0,0,0,"",FALSE,FALSE,FALSE,FALSE,TRUE,FALSE,FALSE,FALSE
plan,8866d305dbfffff,12.0458330894242,FALSE,FALSE,FALSE,0,0,0,"",FALSE,FALSE,FALSE,FALSE,TRUE,FALSE,FALSE,FALSE
plan,8866d305e1fffff,14.86136859557,FALSE,FALSE,FALSE,0,0,0,"",FALSE,FALSE,FALSE,FALSE,TRUE,FALSE,FALSE,FALSE
plan,8866d305e7fffff,14.4129475949596,FALSE,FALSE,TRUE,0,0,0,"",FALSE,FALSE,FALSE,FALSE,TRUE,TRUE,FALSE,FALSE
plan,8866d305e9fffff,15.3587142767598,FALSE,FALSE,FALSE,0,0,0,"",FALSE,FALSE,FALSE,FALSE,TRUE,FALSE,FALSE,FALSE
plan,8866d30603fffff,22.060564192021,FALSE,FALSE,FALSE,0,0,0,"",FALSE,FALSE,FALSE,FALSE,TRUE,FALSE,FALSE,FALSE
plan,8866d30605fffff,22.8611749168713,FALSE,FALSE,FALSE,0,0,0,"",FALSE,FALSE,FALSE,FALSE,TRUE,FALSE,FALSE,FALSE
plan,8866d30607fffff,22.0172534418394,FALSE,FALSE,FALSE,0,0,0,"",FALSE,FALSE,FALSE,FALSE,TRUE,FALSE,FALSE,FALSE
plan,8866d30615fffff,21.2546707035658,FALSE,FALSE,FALSE,0,0,0,"",FALSE,FALSE,FALSE,FALSE,TRUE,FALSE,FALSE,FALSE
plan,8866d3061dfffff,22.1479370630913,FALSE,FALSE,FALSE,0,0,0,"",FALSE,FALSE,FALSE,FALSE,TRUE,FALSE,FALSE,FALSE
plan,8866d30623fffff,21.1866343868317,FALSE,FALSE,FALSE,0,0,0,"",FALSE,FALSE,FALSE,FALSE,TRUE,FALSE,FALSE,FALSE
plan,8866d3062bfffff,22.0182692310596,FALSE,FALSE,FALSE,0,0,0,"",FALSE,FALSE,FALSE,FALSE,TRUE,FALSE,FALSE,FALSE
plan,8866d30635fffff,20.3200236124017,FALSE,FALSE,FALSE,0,0,0,"",FALSE,FALSE,FALSE,FALSE,TRUE,FALSE,FALSE,FALSE
plan,8866d30637fffff,19.4651661444283,FALSE,FALSE,TRUE,0,0,0,"",FALSE,FALSE,FALSE,FALSE,TRUE,TRUE,FALSE,FALSE
plan,8866d30639fffff,21.1859548476794,FALSE,FALSE,FALSE,0,0,0,"",FALSE,FALSE,FALSE,FALSE,TRUE,FALSE,FALSE,FALSE
plan,8866d3063dfffff,21.1632252164214,FALSE,FALSE,FALSE,0,0,0,"",FALSE,FALSE,FALSE,FALSE,TRUE,FALSE,FALSE,FALSE
plan,8866d30681fffff,17.5104513328132,TRUE,TRUE,FALSE,2,1,1,persistence only,FALSE,FALSE,FALSE,FALSE,FALSE,FALSE,FALSE,FALSE
plan,8866d30683fffff,16.8364626434144,TRUE,TRUE,FALSE,0,0,0,"",TRUE,FALSE,TRUE,FALSE,TRUE,FALSE,TRUE,FALSE
plan,8866d30685fffff,17.2818744969285,FALSE,FALSE,FALSE,0,0,0,"",FALSE,FALSE,FALSE,FALSE,TRUE,FALSE,FALSE,FALSE
plan,8866d30687fffff,16.5682378728092,FALSE,FALSE,FALSE,0,0,0,"",FALSE,FALSE,FALSE,FALSE,TRUE,FALSE,FALSE,FALSE
plan,8866d30689fffff,18.4560126350471,FALSE,FALSE,TRUE,1,1,0,persistence only,FALSE,FALSE,FALSE,FALSE,FALSE,FALSE,FALSE,FALSE
plan,8866d3068bfffff,17.7910689089141,FALSE,TRUE,TRUE,2,2,0,persistence only,FALSE,FALSE,FALSE,FALSE,FALSE,FALSE,FALSE,FALSE
plan,8866d3068dfffff,18.2133308393543,TRUE,TRUE,FALSE,4,3,1,persistence only,FALSE,FALSE,FALSE,FALSE,FALSE,FALSE,FALSE,FALSE
plan,8866d30691fffff,16.5589244071812,FALSE,FALSE,FALSE,0,0,0,"",FALSE,FALSE,FALSE,FALSE,TRUE,FALSE,FALSE,FALSE
plan,8866d30693fffff,15.9992630299998,FALSE,FALSE,FALSE,0,0,0,"",FALSE,FALSE,FALSE,FALSE,TRUE,FALSE,FALSE,FALSE
plan,8866d30695fffff,16.1949772768121,TRUE,TRUE,FALSE,0,0,0,"",TRUE,FALSE,TRUE,FALSE,TRUE,FALSE,TRUE,FALSE
plan,8866d30697fffff,15.5900132396837,FALSE,FALSE,TRUE,0,0,0,"",FALSE,FALSE,FALSE,FALSE,TRUE,TRUE,FALSE,FALSE
plan,8866d30699fffff,17.5284539644014,FALSE,FALSE,FALSE,0,0,0,"",FALSE,FALSE,FALSE,FALSE,TRUE,FALSE,FALSE,FALSE
plan,8866d3069bfffff,16.9726825132695,FALSE,FALSE,TRUE,0,0,0,"",FALSE,FALSE,FALSE,FALSE,TRUE,TRUE,FALSE,FALSE
plan,8866d3069dfffff,17.1575038079769,TRUE,TRUE,TRUE,1,0,1,persistence only,FALSE,FALSE,FALSE,FALSE,FALSE,FALSE,FALSE,FALSE
plan,8866d306a5fffff,16.1043322970905,FALSE,FALSE,FALSE,0,0,0,"",FALSE,FALSE,FALSE,FALSE,TRUE,FALSE,FALSE,FALSE
plan,8866d306a7fffff,15.3013496518203,FALSE,FALSE,FALSE,0,0,0,"",FALSE,FALSE,FALSE,FALSE,TRUE,FALSE,FALSE,FALSE
plan,8866d306a9fffff,17.1074302183344,FALSE,FALSE,FALSE,0,0,0,"",FALSE,FALSE,FALSE,FALSE,TRUE,FALSE,FALSE,FALSE
plan,8866d306b3fffff,14.2748256278667,TRUE,TRUE,FALSE,0,0,0,"",TRUE,FALSE,TRUE,FALSE,TRUE,FALSE,TRUE,FALSE
plan,8866d306b9fffff,15.8842715248474,FALSE,TRUE,FALSE,0,0,0,"",FALSE,FALSE,TRUE,FALSE,TRUE,FALSE,FALSE,FALSE
plan,8866d306bbfffff,15.2339776912233,TRUE,TRUE,TRUE,0,0,0,"",TRUE,TRUE,TRUE,TRUE,TRUE,TRUE,TRUE,TRUE
plan,8866d306c3fffff,19.4044233940379,FALSE,FALSE,TRUE,0,0,0,"",FALSE,FALSE,FALSE,FALSE,TRUE,TRUE,FALSE,FALSE
plan,8866d306c5fffff,19.8672722664607,FALSE,FALSE,FALSE,0,0,0,"",FALSE,FALSE,FALSE,FALSE,TRUE,FALSE,FALSE,FALSE
plan,8866d306c7fffff,19.1490621651477,FALSE,FALSE,TRUE,0,0,0,"",FALSE,FALSE,FALSE,FALSE,TRUE,TRUE,FALSE,FALSE
plan,8866d306d1fffff,19.0861768157537,FALSE,FALSE,FALSE,0,0,0,"",FALSE,FALSE,FALSE,FALSE,TRUE,FALSE,FALSE,FALSE
plan,8866d306d3fffff,18.4984952650358,FALSE,FALSE,TRUE,0,0,0,"",FALSE,FALSE,FALSE,FALSE,TRUE,TRUE,FALSE,FALSE
plan,8866d306d5fffff,18.7477121080328,FALSE,FALSE,FALSE,0,0,0,"",FALSE,FALSE,FALSE,FALSE,TRUE,FALSE,FALSE,FALSE
plan,8866d306d7fffff,18.1213043650957,FALSE,TRUE,TRUE,0,0,0,"",FALSE,FALSE,TRUE,TRUE,TRUE,TRUE,FALSE,FALSE
plan,8866d306d9fffff,20.0519577300723,FALSE,FALSE,FALSE,0,0,0,"",FALSE,FALSE,FALSE,FALSE,TRUE,FALSE,FALSE,FALSE
plan,8866d306dbfffff,19.4689628633544,FALSE,FALSE,FALSE,0,0,0,"",FALSE,FALSE,FALSE,FALSE,TRUE,FALSE,FALSE,FALSE
plan,8866d306ddfffff,19.7060867454054,FALSE,FALSE,FALSE,0,0,0,"",FALSE,FALSE,FALSE,FALSE,TRUE,FALSE,FALSE,FALSE
plan,8866d306e1fffff,18.7844791833403,TRUE,TRUE,TRUE,3,2,1,persistence only,FALSE,FALSE,FALSE,FALSE,FALSE,FALSE,FALSE,FALSE
plan,8866d306e3fffff,18.0216524794152,FALSE,FALSE,TRUE,0,0,0,"",FALSE,FALSE,FALSE,FALSE,TRUE,TRUE,FALSE,FALSE
plan,8866d306e5fffff,18.6781206122977,TRUE,TRUE,TRUE,5,1,4,persistence only,FALSE,FALSE,FALSE,FALSE,FALSE,FALSE,FALSE,FALSE
plan,8866d306e7fffff,17.8826231484742,TRUE,TRUE,FALSE,4,3,1,persistence only,FALSE,FALSE,FALSE,FALSE,FALSE,FALSE,FALSE,FALSE
plan,8866d306e9fffff,19.6932486501256,TRUE,TRUE,FALSE,2,1,1,persistence only,FALSE,FALSE,FALSE,FALSE,FALSE,FALSE,FALSE,FALSE
plan,8866d306ebfffff,18.9418809465375,TRUE,TRUE,TRUE,4,3,1,persistence only,FALSE,FALSE,FALSE,FALSE,FALSE,FALSE,FALSE,FALSE
plan,8866d306edfffff,19.5676549989975,FALSE,FALSE,FALSE,0,0,0,"",FALSE,FALSE,FALSE,FALSE,TRUE,FALSE,FALSE,FALSE
plan,8866d30701fffff,23.6275084699268,FALSE,FALSE,FALSE,0,0,0,"",FALSE,FALSE,FALSE,FALSE,TRUE,FALSE,FALSE,FALSE
plan,8866d30705fffff,23.8964006937206,FALSE,FALSE,FALSE,0,0,0,"",FALSE,FALSE,FALSE,FALSE,TRUE,FALSE,FALSE,FALSE
plan,8866d3070dfffff,24.5791799616257,FALSE,FALSE,FALSE,0,0,0,"",FALSE,FALSE,FALSE,FALSE,TRUE,FALSE,FALSE,FALSE
plan,8866d30731fffff,21.3037876842831,FALSE,FALSE,FALSE,0,0,0,"",FALSE,FALSE,FALSE,FALSE,TRUE,FALSE,FALSE,FALSE
plan,8866d30733fffff,20.3419916342005,FALSE,FALSE,FALSE,1,0,1,negative ratio,FALSE,FALSE,FALSE,FALSE,FALSE,FALSE,FALSE,FALSE
plan,8866d30737fffff,20.6508186614247,FALSE,TRUE,FALSE,1,0,1,persistence only,FALSE,FALSE,FALSE,FALSE,FALSE,FALSE,FALSE,FALSE
plan,8866d30739fffff,21.9805925813939,FALSE,FALSE,FALSE,0,0,0,"",FALSE,FALSE,FALSE,FALSE,TRUE,FALSE,FALSE,FALSE
plan,8866d3073bfffff,21.0271155899779,FALSE,FALSE,FALSE,3,0,3,negative ratio,FALSE,FALSE,FALSE,FALSE,FALSE,FALSE,FALSE,FALSE
plan,8866d3073dfffff,22.2680401076492,FALSE,FALSE,FALSE,0,0,0,"",FALSE,FALSE,FALSE,FALSE,TRUE,FALSE,FALSE,FALSE
plan,8866d30e83fffff,15.8307076334175,FALSE,FALSE,FALSE,0,0,0,"",FALSE,FALSE,FALSE,FALSE,TRUE,FALSE,FALSE,FALSE
plan,8866d30e95fffff,14.8995015434763,FALSE,FALSE,FALSE,0,0,0,"",FALSE,FALSE,FALSE,FALSE,TRUE,FALSE,FALSE,FALSE
plan,8866d30e99fffff,14.3656483552953,FALSE,FALSE,TRUE,0,0,0,"",FALSE,FALSE,FALSE,FALSE,TRUE,TRUE,FALSE,FALSE
plan,8866d30e9dfffff,15.0835323110541,FALSE,FALSE,FALSE,0,0,0,"",FALSE,FALSE,FALSE,FALSE,TRUE,FALSE,FALSE,FALSE
plan,8866d30ebbfffff,14.7777429349221,FALSE,FALSE,FALSE,0,0,0,"",FALSE,FALSE,FALSE,FALSE,TRUE,FALSE,FALSE,FALSE
plan,8866d30ec1fffff,18.2315956567483,FALSE,FALSE,FALSE,0,0,0,"",FALSE,FALSE,FALSE,FALSE,TRUE,FALSE,FALSE,FALSE
plan,8866d30ec9fffff,18.5627971043375,FALSE,FALSE,FALSE,0,0,0,"",FALSE,FALSE,FALSE,FALSE,TRUE,FALSE,FALSE,FALSE
plan,8866d30ecbfffff,17.5834415294856,FALSE,FALSE,FALSE,0,0,0,"",FALSE,FALSE,FALSE,FALSE,TRUE,FALSE,FALSE,FALSE
plan,8866d30ed1fffff,15.6288257402438,FALSE,FALSE,FALSE,0,0,0,"",FALSE,FALSE,FALSE,FALSE,TRUE,FALSE,FALSE,FALSE
plan,8866d30ed3fffff,14.6541230681137,FALSE,FALSE,FALSE,0,0,0,"",FALSE,FALSE,FALSE,FALSE,TRUE,FALSE,FALSE,FALSE
plan,8866d30eddfffff,16.6053690140741,FALSE,FALSE,FALSE,0,0,0,"",FALSE,FALSE,FALSE,FALSE,TRUE,FALSE,FALSE,FALSE
plan,8866d32003fffff,13.0354971532915,FALSE,FALSE,FALSE,0,0,0,"",FALSE,FALSE,FALSE,FALSE,TRUE,FALSE,FALSE,FALSE
plan,8866d3200bfffff,12.9700466411455,FALSE,FALSE,FALSE,1,1,0,persistence only,FALSE,FALSE,FALSE,FALSE,FALSE,FALSE,FALSE,FALSE
plan,8866d32011fffff,14.7556868324126,FALSE,FALSE,FALSE,0,0,0,"",FALSE,FALSE,FALSE,FALSE,TRUE,FALSE,FALSE,FALSE
plan,8866d32013fffff,15.6487498393083,FALSE,FALSE,FALSE,0,0,0,"",FALSE,FALSE,FALSE,FALSE,TRUE,FALSE,FALSE,FALSE
plan,8866d32015fffff,13.9321281259123,FALSE,FALSE,FALSE,0,0,0,"",FALSE,FALSE,FALSE,FALSE,TRUE,FALSE,FALSE,FALSE
plan,8866d32017fffff,14.8408239836555,FALSE,FALSE,FALSE,0,0,0,"",FALSE,FALSE,FALSE,FALSE,TRUE,FALSE,FALSE,FALSE
plan,8866d32019fffff,14.654685425878,FALSE,FALSE,TRUE,0,0,0,"",FALSE,FALSE,FALSE,FALSE,TRUE,TRUE,FALSE,FALSE
plan,8866d3201bfffff,15.57895605152,FALSE,FALSE,FALSE,0,0,0,"",FALSE,FALSE,FALSE,FALSE,TRUE,FALSE,FALSE,FALSE
plan,8866d3201dfffff,13.859891831217,FALSE,FALSE,FALSE,0,0,0,"",FALSE,FALSE,FALSE,FALSE,TRUE,FALSE,FALSE,FALSE
plan,8866d3202dfffff,9.72673905260468,FALSE,FALSE,TRUE,0,0,0,"",FALSE,FALSE,FALSE,FALSE,TRUE,TRUE,FALSE,FALSE
plan,8866d32031fffff,13.2985076543462,FALSE,FALSE,TRUE,0,0,0,"",FALSE,FALSE,FALSE,FALSE,TRUE,TRUE,FALSE,FALSE
plan,8866d32033fffff,14.2013410137845,FALSE,FALSE,FALSE,0,0,0,"",FALSE,FALSE,FALSE,FALSE,TRUE,FALSE,FALSE,FALSE
plan,8866d32035fffff,12.4892707166149,FALSE,FALSE,FALSE,0,0,0,"",FALSE,FALSE,FALSE,FALSE,TRUE,FALSE,FALSE,FALSE
plan,8866d32037fffff,13.3004493207929,FALSE,FALSE,FALSE,0,0,0,"",FALSE,FALSE,FALSE,FALSE,TRUE,FALSE,FALSE,FALSE
plan,8866d32039fffff,13.1314002317205,FALSE,FALSE,TRUE,0,0,0,"",FALSE,FALSE,FALSE,FALSE,TRUE,TRUE,FALSE,FALSE
plan,8866d3203bfffff,14.0560414789423,FALSE,FALSE,TRUE,0,0,0,"",FALSE,FALSE,FALSE,FALSE,TRUE,TRUE,FALSE,FALSE
plan,8866d3203dfffff,12.3579498766403,FALSE,FALSE,TRUE,0,0,0,"",FALSE,FALSE,FALSE,FALSE,TRUE,TRUE,FALSE,FALSE
plan,8866d32041fffff,10.9573223255553,FALSE,FALSE,FALSE,0,0,0,"",FALSE,FALSE,FALSE,FALSE,TRUE,FALSE,FALSE,FALSE
plan,8866d32043fffff,11.8654569331479,FALSE,FALSE,FALSE,0,0,0,"",FALSE,FALSE,FALSE,FALSE,TRUE,FALSE,FALSE,FALSE
plan,8866d32045fffff,10.1572219174273,FALSE,FALSE,FALSE,0,0,0,"",FALSE,FALSE,FALSE,FALSE,TRUE,FALSE,FALSE,FALSE
plan,8866d32049fffff,10.9153033255874,FALSE,FALSE,TRUE,1,1,0,persistence only,FALSE,FALSE,FALSE,FALSE,FALSE,FALSE,FALSE,FALSE
plan,8866d3204bfffff,11.7860958891377,FALSE,FALSE,FALSE,0,0,0,"",FALSE,FALSE,FALSE,FALSE,TRUE,FALSE,FALSE,FALSE
plan,8866d3204dfffff,10.06488341912,FALSE,FALSE,TRUE,0,0,0,"",FALSE,FALSE,FALSE,FALSE,TRUE,TRUE,FALSE,FALSE
plan,8866d32051fffff,13.5773323515864,FALSE,FALSE,FALSE,0,0,0,"",FALSE,FALSE,FALSE,FALSE,TRUE,FALSE,FALSE,FALSE
plan,8866d32053fffff,14.4916510279721,FALSE,FALSE,TRUE,0,0,0,"",FALSE,FALSE,FALSE,FALSE,TRUE,TRUE,FALSE,FALSE
plan,8866d32055fffff,12.785949304572,FALSE,FALSE,FALSE,0,0,0,"",FALSE,FALSE,FALSE,FALSE,TRUE,FALSE,FALSE,FALSE
plan,8866d32057fffff,13.7163173139773,FALSE,FALSE,FALSE,0,0,0,"",FALSE,FALSE,FALSE,FALSE,TRUE,FALSE,FALSE,FALSE
plan,8866d32059fffff,13.5076590815488,FALSE,FALSE,TRUE,0,0,0,"",FALSE,FALSE,FALSE,FALSE,TRUE,TRUE,FALSE,FALSE
plan,8866d3205bfffff,14.3931429916284,FALSE,FALSE,TRUE,0,0,0,"",FALSE,FALSE,FALSE,FALSE,TRUE,TRUE,FALSE,FALSE
plan,8866d3205dfffff,12.6745956135298,FALSE,FALSE,FALSE,0,0,0,"",FALSE,FALSE,FALSE,FALSE,TRUE,FALSE,FALSE,FALSE
plan,8866d32069fffff,9.39313509647292,FALSE,FALSE,FALSE,3,1,2,negative ratio,FALSE,FALSE,FALSE,FALSE,FALSE,FALSE,FALSE,FALSE
plan,8866d3206bfffff,10.3413137094214,FALSE,FALSE,FALSE,0,0,0,"",FALSE,FALSE,FALSE,FALSE,TRUE,FALSE,FALSE,FALSE
plan,8866d3206dfffff,8.65563225231011,FALSE,FALSE,TRUE,0,0,0,"",FALSE,FALSE,FALSE,FALSE,TRUE,TRUE,FALSE,FALSE
plan,8866d32081fffff,18.4586274741062,TRUE,TRUE,TRUE,0,0,0,"",TRUE,TRUE,TRUE,TRUE,TRUE,TRUE,TRUE,TRUE
plan,8866d32083fffff,19.3009902097978,FALSE,FALSE,FALSE,0,0,0,"",FALSE,FALSE,FALSE,FALSE,TRUE,FALSE,FALSE,FALSE
plan,8866d32085fffff,17.5787221398221,FALSE,FALSE,FALSE,0,0,0,"",FALSE,FALSE,FALSE,FALSE,TRUE,FALSE,FALSE,FALSE
plan,8866d32087fffff,18.4339760012365,FALSE,TRUE,TRUE,0,0,0,"",FALSE,FALSE,TRUE,TRUE,TRUE,TRUE,FALSE,FALSE
plan,8866d32089fffff,18.3885609162943,FALSE,TRUE,FALSE,0,0,0,"",FALSE,FALSE,TRUE,FALSE,TRUE,FALSE,FALSE,FALSE
plan,8866d3208dfffff,17.6205646233589,FALSE,FALSE,TRUE,0,0,0,"",FALSE,FALSE,FALSE,FALSE,TRUE,TRUE,FALSE,FALSE
plan,8866d32091fffff,21.023355937448,FALSE,FALSE,TRUE,0,0,0,"",FALSE,FALSE,FALSE,FALSE,TRUE,TRUE,FALSE,FALSE
plan,8866d32093fffff,21.8798880952557,FALSE,FALSE,FALSE,0,0,0,"",FALSE,FALSE,FALSE,FALSE,TRUE,FALSE,FALSE,FALSE
plan,8866d32095fffff,20.1569386465017,FALSE,FALSE,TRUE,0,0,0,"",FALSE,FALSE,FALSE,FALSE,TRUE,TRUE,FALSE,FALSE
plan,8866d32097fffff,21.0248171635878,FALSE,FALSE,FALSE,1,1,0,persistence only,FALSE,FALSE,FALSE,FALSE,FALSE,FALSE,FALSE,FALSE
plan,8866d32099fffff,21.0182336857608,FALSE,FALSE,TRUE,0,0,0,"",FALSE,FALSE,FALSE,FALSE,TRUE,TRUE,FALSE,FALSE
plan,8866d3209bfffff,21.9001347345989,FALSE,FALSE,FALSE,0,0,0,"",FALSE,FALSE,FALSE,FALSE,TRUE,FALSE,FALSE,FALSE
plan,8866d3209dfffff,20.179204145685,FALSE,FALSE,FALSE,0,0,0,"",FALSE,FALSE,FALSE,FALSE,TRUE,FALSE,FALSE,FALSE
plan,8866d320a1fffff,16.7405100786812,FALSE,FALSE,FALSE,0,0,0,"",FALSE,FALSE,FALSE,FALSE,TRUE,FALSE,FALSE,FALSE
plan,8866d320a3fffff,17.6350994852198,TRUE,TRUE,TRUE,1,1,0,persistence only,FALSE,FALSE,FALSE,FALSE,FALSE,FALSE,FALSE,FALSE
plan,8866d320a5fffff,15.9183866247831,TRUE,TRUE,TRUE,0,0,0,"",TRUE,TRUE,TRUE,TRUE,TRUE,TRUE,TRUE,TRUE
plan,8866d320a7fffff,16.8267570962486,FALSE,TRUE,FALSE,3,2,1,persistence only,FALSE,FALSE,FALSE,FALSE,FALSE,FALSE,FALSE,FALSE
plan,8866d320a9fffff,16.7110005008615,FALSE,FALSE,FALSE,0,0,0,"",FALSE,FALSE,FALSE,FALSE,TRUE,FALSE,FALSE,FALSE
plan,8866d320abfffff,17.579824323461,FALSE,TRUE,TRUE,2,0,2,persistence only,FALSE,FALSE,FALSE,FALSE,FALSE,FALSE,FALSE,FALSE
plan,8866d320adfffff,15.8574690152703,FALSE,FALSE,FALSE,0,0,0,"",FALSE,FALSE,FALSE,FALSE,TRUE,FALSE,FALSE,FALSE
plan,8866d320b1fffff,19.3529276323675,FALSE,FALSE,FALSE,0,0,0,"",FALSE,FALSE,FALSE,FALSE,TRUE,FALSE,FALSE,FALSE
plan,8866d320b3fffff,20.2541109288469,FALSE,FALSE,FALSE,0,0,0,"",FALSE,FALSE,FALSE,FALSE,TRUE,FALSE,FALSE,FALSE
plan,8866d320b5fffff,18.5395696719618,FALSE,FALSE,TRUE,0,0,0,"",FALSE,FALSE,FALSE,FALSE,TRUE,TRUE,FALSE,FALSE
plan,8866d320b7fffff,19.4525463166791,FALSE,FALSE,TRUE,0,0,0,"",FALSE,FALSE,FALSE,FALSE,TRUE,TRUE,FALSE,FALSE
plan,8866d320b9fffff,19.3022833625992,FALSE,FALSE,TRUE,0,0,0,"",FALSE,FALSE,FALSE,FALSE,TRUE,TRUE,FALSE,FALSE
plan,8866d320bbfffff,20.1819632006106,FALSE,FALSE,FALSE,0,0,0,"",FALSE,FALSE,FALSE,FALSE,TRUE,FALSE,FALSE,FALSE
plan,8866d320bdfffff,18.4610291204781,FALSE,FALSE,FALSE,0,0,0,"",FALSE,FALSE,FALSE,FALSE,TRUE,FALSE,FALSE,FALSE
plan,8866d320c3fffff,18.2672025417944,FALSE,TRUE,TRUE,0,0,0,"",FALSE,FALSE,TRUE,TRUE,TRUE,TRUE,FALSE,FALSE
plan,8866d320c5fffff,16.5530191296096,FALSE,FALSE,FALSE,0,0,0,"",FALSE,FALSE,FALSE,FALSE,TRUE,FALSE,FALSE,FALSE
plan,8866d320c7fffff,17.4667586756665,FALSE,FALSE,FALSE,0,0,0,"",FALSE,FALSE,FALSE,FALSE,TRUE,FALSE,FALSE,FALSE
plan,8866d320cbfffff,18.192606729996,FALSE,TRUE,FALSE,0,0,0,"",FALSE,FALSE,TRUE,FALSE,TRUE,FALSE,FALSE,FALSE
plan,8866d320cdfffff,16.4758953541822,FALSE,FALSE,FALSE,0,0,0,"",FALSE,FALSE,FALSE,FALSE,TRUE,FALSE,FALSE,FALSE
plan,8866d320d1fffff,19.9828589426271,FALSE,FALSE,TRUE,0,0,0,"",FALSE,FALSE,FALSE,FALSE,TRUE,TRUE,FALSE,FALSE
plan,8866d320d3fffff,20.8889175149581,FALSE,FALSE,FALSE,0,0,0,"",FALSE,FALSE,FALSE,FALSE,TRUE,FALSE,FALSE,FALSE
plan,8866d320d5fffff,19.1767921419235,FALSE,FALSE,FALSE,0,0,0,"",FALSE,FALSE,FALSE,FALSE,TRUE,FALSE,FALSE,FALSE
plan,8866d320d7fffff,20.0941399253179,FALSE,FALSE,FALSE,0,0,0,"",FALSE,FALSE,FALSE,FALSE,TRUE,FALSE,FALSE,FALSE
plan,8866d320d9fffff,19.9103519600623,FALSE,FALSE,FALSE,5,4,1,negative ratio,FALSE,FALSE,FALSE,FALSE,FALSE,FALSE,FALSE,FALSE
plan,8866d320dbfffff,20.8046835410402,FALSE,FALSE,FALSE,0,0,0,"",FALSE,FALSE,FALSE,FALSE,TRUE,FALSE,FALSE,FALSE
plan,8866d320ddfffff,19.0853044846867,FALSE,FALSE,TRUE,0,0,0,"",FALSE,FALSE,FALSE,FALSE,TRUE,TRUE,FALSE,FALSE
plan,8866d320e1fffff,15.9157433125169,FALSE,FALSE,TRUE,0,0,0,"",FALSE,FALSE,FALSE,FALSE,TRUE,TRUE,FALSE,FALSE
plan,8866d320e3fffff,16.7385182746778,FALSE,FALSE,FALSE,0,0,0,"",FALSE,FALSE,FALSE,FALSE,TRUE,FALSE,FALSE,FALSE
plan,8866d320e5fffff,15.0190419704247,FALSE,FALSE,FALSE,0,0,0,"",FALSE,FALSE,FALSE,FALSE,TRUE,FALSE,FALSE,FALSE
plan,8866d320e7fffff,15.8565881554737,FALSE,FALSE,FALSE,0,0,0,"",FALSE,FALSE,FALSE,FALSE,TRUE,FALSE,FALSE,FALSE
plan,8866d320e9fffff,15.7595027273976,FALSE,FALSE,TRUE,0,0,0,"",FALSE,FALSE,FALSE,FALSE,TRUE,TRUE,FALSE,FALSE
plan,8866d320ebfffff,16.6865201837092,FALSE,FALSE,FALSE,0,0,0,"",FALSE,FALSE,FALSE,FALSE,TRUE,FALSE,FALSE,FALSE
plan,8866d320edfffff,14.989227910401,FALSE,FALSE,TRUE,0,0,0,"",FALSE,FALSE,FALSE,FALSE,TRUE,TRUE,FALSE,FALSE
plan,8866d32101fffff,6.4492633169689,FALSE,TRUE,TRUE,0,0,0,"",FALSE,FALSE,TRUE,TRUE,TRUE,TRUE,FALSE,FALSE
plan,8866d32103fffff,7.25160951188732,FALSE,TRUE,FALSE,0,0,0,"",FALSE,FALSE,TRUE,FALSE,TRUE,FALSE,FALSE,FALSE
plan,8866d32105fffff,5.53431397041598,FALSE,TRUE,FALSE,1,1,0,persistence only,FALSE,FALSE,FALSE,FALSE,FALSE,FALSE,FALSE,FALSE
plan,8866d32107fffff,6.3729088621265,FALSE,TRUE,TRUE,0,0,0,"",FALSE,FALSE,TRUE,TRUE,TRUE,TRUE,FALSE,FALSE
plan,8866d32109fffff,6.66928490521105,FALSE,FALSE,FALSE,0,0,0,"",FALSE,FALSE,FALSE,FALSE,TRUE,FALSE,FALSE,FALSE
plan,8866d3210bfffff,7.38337198483599,FALSE,TRUE,FALSE,0,0,0,"",FALSE,FALSE,TRUE,FALSE,TRUE,FALSE,FALSE,FALSE
plan,8866d3210dfffff,5.70663476784457,FALSE,FALSE,FALSE,0,0,0,"",FALSE,FALSE,FALSE,FALSE,TRUE,FALSE,FALSE,FALSE
plan,8866d32111fffff,8.97109360241002,FALSE,TRUE,TRUE,0,0,0,"",FALSE,FALSE,TRUE,TRUE,TRUE,TRUE,FALSE,FALSE
plan,8866d32113fffff,9.81897897638588,TRUE,TRUE,TRUE,0,0,0,"",TRUE,TRUE,TRUE,TRUE,TRUE,TRUE,TRUE,TRUE
plan,8866d32115fffff,8.09594745787017,FALSE,TRUE,TRUE,0,0,0,"",FALSE,FALSE,TRUE,TRUE,TRUE,TRUE,FALSE,FALSE
plan,8866d32117fffff,8.97043624744233,TRUE,TRUE,TRUE,0,0,0,"",TRUE,TRUE,TRUE,TRUE,TRUE,TRUE,TRUE,TRUE
plan,8866d32119fffff,9.07743356997836,FALSE,TRUE,FALSE,0,0,0,"",FALSE,FALSE,TRUE,FALSE,TRUE,FALSE,FALSE,FALSE
plan,8866d3211bfffff,9.86778938641752,FALSE,FALSE,TRUE,0,0,0,"",FALSE,FALSE,FALSE,FALSE,TRUE,TRUE,FALSE,FALSE
plan,8866d3211dfffff,8.15564323546003,FALSE,TRUE,FALSE,0,0,0,"",FALSE,FALSE,TRUE,FALSE,TRUE,FALSE,FALSE,FALSE
plan,8866d32121fffff,4.74777942764556,TRUE,TRUE,FALSE,9,7,2,persistence only,FALSE,FALSE,FALSE,FALSE,FALSE,FALSE,FALSE,FALSE
plan,8866d32123fffff,5.69889498922852,FALSE,TRUE,TRUE,0,0,0,"",FALSE,FALSE,TRUE,TRUE,TRUE,TRUE,FALSE,FALSE
plan,8866d32125fffff,4.05476432136936,TRUE,TRUE,TRUE,0,0,0,"",TRUE,TRUE,TRUE,TRUE,TRUE,TRUE,TRUE,TRUE
plan,8866d32127fffff,5.03682121906222,TRUE,TRUE,FALSE,0,0,0,"",TRUE,FALSE,TRUE,FALSE,TRUE,FALSE,TRUE,FALSE
plan,8866d32129fffff,4.64986860537133,FALSE,TRUE,FALSE,3,2,1,persistence only,FALSE,FALSE,FALSE,FALSE,FALSE,FALSE,FALSE,FALSE
plan,8866d3212bfffff,5.53164461471767,TRUE,TRUE,FALSE,2,0,2,persistence only,FALSE,FALSE,FALSE,FALSE,FALSE,FALSE,FALSE,FALSE
plan,8866d3212dfffff,3.81721528758702,TRUE,TRUE,TRUE,1,0,1,persistence only,FALSE,FALSE,FALSE,FALSE,FALSE,FALSE,FALSE,FALSE
plan,8866d32131fffff,7.37915937907476,TRUE,TRUE,FALSE,1,1,0,persistence only,FALSE,FALSE,FALSE,FALSE,FALSE,FALSE,FALSE,FALSE
plan,8866d32133fffff,8.32630712763209,TRUE,TRUE,TRUE,0,0,0,"",TRUE,TRUE,TRUE,TRUE,TRUE,TRUE,TRUE,TRUE
plan,8866d32135fffff,6.66177693410644,TRUE,TRUE,TRUE,0,0,0,"",TRUE,TRUE,TRUE,TRUE,TRUE,TRUE,TRUE,TRUE
plan,8866d32137fffff,7.63198323790183,FALSE,TRUE,TRUE,0,0,0,"",FALSE,FALSE,TRUE,TRUE,TRUE,TRUE,FALSE,FALSE
plan,8866d32139fffff,7.2501722314102,FALSE,TRUE,FALSE,0,0,0,"",FALSE,FALSE,TRUE,FALSE,TRUE,FALSE,FALSE,FALSE
plan,8866d3213bfffff,8.15364190641441,FALSE,TRUE,FALSE,0,0,0,"",FALSE,FALSE,TRUE,FALSE,TRUE,FALSE,FALSE,FALSE
plan,8866d3213dfffff,6.44535585184967,TRUE,TRUE,TRUE,0,0,0,"",TRUE,TRUE,TRUE,TRUE,TRUE,TRUE,TRUE,TRUE
plan,8866d32141fffff,5.40826833699801,FALSE,FALSE,TRUE,0,0,0,"",FALSE,FALSE,FALSE,FALSE,TRUE,TRUE,FALSE,FALSE
plan,8866d32143fffff,6.3663836122463,FALSE,FALSE,TRUE,0,0,0,"",FALSE,FALSE,FALSE,FALSE,TRUE,TRUE,FALSE,FALSE
plan,8866d32145fffff,4.73248895955975,FALSE,TRUE,FALSE,8,4,4,persistence only,FALSE,FALSE,FALSE,FALSE,FALSE,FALSE,FALSE,FALSE
plan,8866d32147fffff,5.71581563985507,FALSE,FALSE,TRUE,0,0,0,"",FALSE,FALSE,FALSE,FALSE,TRUE,TRUE,FALSE,FALSE
plan,8866d32149fffff,5.26642367526013,FALSE,FALSE,FALSE,0,0,0,"",FALSE,FALSE,FALSE,FALSE,TRUE,FALSE,FALSE,FALSE
plan,8866d3214bfffff,6.16919123178965,FALSE,FALSE,FALSE,0,0,0,"",FALSE,FALSE,FALSE,FALSE,TRUE,FALSE,FALSE,FALSE
plan,8866d3214dfffff,4.46464313299191,FALSE,TRUE,TRUE,13,10,3,persistence only,FALSE,FALSE,FALSE,FALSE,FALSE,FALSE,FALSE,FALSE
plan,8866d32151fffff,8.03752957705628,FALSE,TRUE,TRUE,0,0,0,"",FALSE,FALSE,TRUE,TRUE,TRUE,TRUE,FALSE,FALSE
plan,8866d32155fffff,7.33332229046614,FALSE,TRUE,TRUE,2,1,1,persistence only,FALSE,FALSE,FALSE,FALSE,FALSE,FALSE,FALSE,FALSE
plan,8866d32157fffff,8.30601278716209,FALSE,TRUE,TRUE,1,1,0,persistence only,FALSE,FALSE,FALSE,FALSE,FALSE,FALSE,FALSE,FALSE
plan,8866d32159fffff,7.88169406837237,FALSE,TRUE,TRUE,0,0,0,"",FALSE,FALSE,TRUE,TRUE,TRUE,TRUE,FALSE,FALSE
plan,8866d3215bfffff,8.79673581225572,FALSE,FALSE,TRUE,0,0,0,"",FALSE,FALSE,FALSE,FALSE,TRUE,TRUE,FALSE,FALSE
plan,8866d3215dfffff,7.09561529177358,FALSE,TRUE,TRUE,0,0,0,"",FALSE,FALSE,TRUE,TRUE,TRUE,TRUE,FALSE,FALSE
plan,8866d32161fffff,4.06871202159264,TRUE,TRUE,TRUE,1,0,1,persistence only,FALSE,FALSE,FALSE,FALSE,FALSE,FALSE,FALSE,FALSE
plan,8866d32163fffff,4.75487467098164,FALSE,TRUE,FALSE,0,0,0,"",FALSE,FALSE,TRUE,FALSE,TRUE,FALSE,FALSE,FALSE
plan,8866d32165fffff,3.09227166455612,TRUE,TRUE,TRUE,0,0,0,"",TRUE,TRUE,TRUE,TRUE,TRUE,TRUE,FALSE,FALSE
plan,8866d32167fffff,3.82217399466199,TRUE,TRUE,TRUE,0,0,0,"",TRUE,TRUE,TRUE,TRUE,TRUE,TRUE,FALSE,FALSE
plan,8866d32169fffff,4.18334449867826,TRUE,TRUE,TRUE,1,1,0,persistence only,FALSE,FALSE,FALSE,FALSE,FALSE,FALSE,FALSE,FALSE
plan,8866d3216bfffff,5.05012217152887,FALSE,FALSE,FALSE,0,0,0,"",FALSE,FALSE,FALSE,FALSE,TRUE,FALSE,FALSE,FALSE
plan,8866d3216dfffff,3.53061297758435,FALSE,TRUE,FALSE,0,0,0,"",FALSE,FALSE,TRUE,FALSE,TRUE,FALSE,FALSE,FALSE
plan,8866d32181fffff,12.6422949890701,FALSE,FALSE,FALSE,0,0,0,"",FALSE,FALSE,FALSE,FALSE,TRUE,FALSE,FALSE,FALSE
plan,8866d32183fffff,13.5861502179538,TRUE,TRUE,FALSE,0,0,0,"",TRUE,FALSE,TRUE,FALSE,TRUE,FALSE,TRUE,FALSE
plan,8866d32185fffff,11.9084411938525,FALSE,TRUE,FALSE,0,0,0,"",FALSE,FALSE,TRUE,FALSE,TRUE,FALSE,FALSE,FALSE
plan,8866d32187fffff,12.8669891466736,TRUE,TRUE,FALSE,1,0,1,persistence only,FALSE,FALSE,FALSE,FALSE,FALSE,FALSE,FALSE,FALSE
plan,8866d32189fffff,12.4901687965074,FALSE,FALSE,FALSE,0,0,0,"",FALSE,FALSE,FALSE,FALSE,TRUE,FALSE,FALSE,FALSE
plan,8866d3218bfffff,13.4089887748614,FALSE,FALSE,FALSE,0,0,0,"",FALSE,FALSE,FALSE,FALSE,TRUE,FALSE,FALSE,FALSE
plan,8866d3218dfffff,11.7063390170333,FALSE,FALSE,FALSE,0,0,0,"",FALSE,FALSE,FALSE,FALSE,TRUE,FALSE,FALSE,FALSE
plan,8866d32191fffff,15.2739724914458,FALSE,FALSE,FALSE,0,0,0,"",FALSE,FALSE,FALSE,FALSE,TRUE,FALSE,FALSE,FALSE
plan,8866d32193fffff,16.2170013470732,FALSE,FALSE,TRUE,0,0,0,"",FALSE,FALSE,FALSE,FALSE,TRUE,TRUE,FALSE,FALSE
plan,8866d32195fffff,14.5363713280284,FALSE,TRUE,FALSE,0,0,0,"",FALSE,FALSE,TRUE,FALSE,TRUE,FALSE,FALSE,FALSE
plan,8866d32197fffff,15.4917918875857,FALSE,FALSE,TRUE,0,0,0,"",FALSE,FALSE,FALSE,FALSE,TRUE,TRUE,FALSE,FALSE
plan,8866d32199fffff,15.1162656162571,TRUE,TRUE,FALSE,0,0,0,"",TRUE,FALSE,TRUE,FALSE,TRUE,FALSE,TRUE,FALSE
plan,8866d3219bfffff,16.03866751835,FALSE,FALSE,TRUE,0,0,0,"",FALSE,FALSE,FALSE,FALSE,TRUE,TRUE,FALSE,FALSE
plan,8866d3219dfffff,14.3375114815987,TRUE,TRUE,FALSE,2,2,0,persistence only,FALSE,FALSE,FALSE,FALSE,FALSE,FALSE,FALSE,FALSE
plan,8866d321a1fffff,11.5491180559418,TRUE,TRUE,FALSE,0,0,0,"",TRUE,FALSE,TRUE,FALSE,TRUE,FALSE,TRUE,FALSE
plan,8866d321a3fffff,12.533255003578,TRUE,TRUE,TRUE,0,0,0,"",TRUE,TRUE,TRUE,TRUE,TRUE,TRUE,TRUE,TRUE
plan,8866d321a5fffff,10.9649124836415,FALSE,TRUE,FALSE,0,0,0,"",FALSE,FALSE,TRUE,FALSE,TRUE,FALSE,FALSE,FALSE
plan,8866d321a7fffff,11.9550075590391,FALSE,TRUE,FALSE,0,0,0,"",FALSE,FALSE,TRUE,FALSE,TRUE,FALSE,FALSE,FALSE
plan,8866d321a9fffff,11.2138852936811,TRUE,TRUE,TRUE,0,0,0,"",TRUE,TRUE,TRUE,TRUE,TRUE,TRUE,TRUE,TRUE
plan,8866d321abfffff,12.1857387028582,TRUE,TRUE,TRUE,0,0,0,"",TRUE,TRUE,TRUE,TRUE,TRUE,TRUE,TRUE,TRUE
plan,8866d321adfffff,10.566388860668,FALSE,TRUE,TRUE,0,0,0,"",FALSE,FALSE,TRUE,TRUE,TRUE,TRUE,FALSE,FALSE
plan,8866d321b1fffff,14.1377065283438,FALSE,TRUE,FALSE,0,0,0,"",FALSE,FALSE,TRUE,FALSE,TRUE,FALSE,FALSE,FALSE
plan,8866d321b3fffff,15.116764364464,FALSE,TRUE,FALSE,0,0,0,"",FALSE,FALSE,TRUE,FALSE,TRUE,FALSE,FALSE,FALSE
plan,8866d321b5fffff,13.518497914758,FALSE,TRUE,FALSE,0,0,0,"",FALSE,FALSE,TRUE,FALSE,TRUE,FALSE,FALSE,FALSE
plan,8866d321b7fffff,14.5046266802512,FALSE,TRUE,FALSE,0,0,0,"",FALSE,FALSE,TRUE,FALSE,TRUE,FALSE,FALSE,FALSE
plan,8866d321b9fffff,13.8302067899049,FALSE,TRUE,FALSE,0,0,0,"",FALSE,FALSE,TRUE,FALSE,TRUE,FALSE,FALSE,FALSE
plan,8866d321bbfffff,14.797187391298,FALSE,FALSE,FALSE,0,0,0,"",FALSE,FALSE,FALSE,FALSE,TRUE,FALSE,FALSE,FALSE
plan,8866d321bdfffff,13.1605477714264,TRUE,TRUE,TRUE,0,0,0,"",TRUE,TRUE,TRUE,TRUE,TRUE,TRUE,TRUE,TRUE
plan,8866d321c1fffff,11.5420010852602,FALSE,TRUE,TRUE,1,1,0,persistence only,FALSE,FALSE,FALSE,FALSE,FALSE,FALSE,FALSE,FALSE
plan,8866d321c3fffff,12.4132651456834,FALSE,TRUE,TRUE,2,2,0,persistence only,FALSE,FALSE,FALSE,FALSE,FALSE,FALSE,FALSE,FALSE
plan,8866d321c5fffff,10.6915926838401,FALSE,TRUE,FALSE,0,0,0,"",FALSE,FALSE,TRUE,FALSE,TRUE,FALSE,FALSE,FALSE
plan,8866d321c7fffff,11.5833541073509,FALSE,TRUE,FALSE,0,0,0,"",FALSE,FALSE,TRUE,FALSE,TRUE,FALSE,FALSE,FALSE
plan,8866d321c9fffff,11.5831395878832,FALSE,FALSE,TRUE,1,1,0,persistence only,FALSE,FALSE,FALSE,FALSE,FALSE,FALSE,FALSE,FALSE
plan,8866d321cbfffff,12.4129685120307,FALSE,FALSE,FALSE,0,0,0,"",FALSE,FALSE,FALSE,FALSE,TRUE,FALSE,FALSE,FALSE
plan,8866d321cdfffff,10.691704522231,FALSE,FALSE,FALSE,0,0,0,"",FALSE,FALSE,FALSE,FALSE,TRUE,FALSE,FALSE,FALSE
plan,8866d321d1fffff,14.1352604017819,FALSE,FALSE,TRUE,0,0,0,"",FALSE,FALSE,FALSE,FALSE,TRUE,TRUE,FALSE,FALSE
plan,8866d321d3fffff,15.0205535029052,FALSE,FALSE,TRUE,0,0,0,"",FALSE,FALSE,FALSE,FALSE,TRUE,TRUE,FALSE,FALSE
plan,8866d321d5fffff,13.301382883545,FALSE,FALSE,FALSE,0,0,0,"",FALSE,FALSE,FALSE,FALSE,TRUE,FALSE,FALSE,FALSE
plan,8866d321d7fffff,14.2031984864517,FALSE,FALSE,FALSE,0,0,0,"",FALSE,FALSE,FALSE,FALSE,TRUE,FALSE,FALSE,FALSE
plan,8866d321d9fffff,14.134642311955,FALSE,FALSE,FALSE,0,0,0,"",FALSE,FALSE,FALSE,FALSE,TRUE,FALSE,FALSE,FALSE
plan,8866d321dbfffff,14.9880125279639,FALSE,FALSE,FALSE,0,0,0,"",FALSE,FALSE,FALSE,FALSE,TRUE,FALSE,FALSE,FALSE
plan,8866d321ddfffff,13.2650125330556,FALSE,TRUE,FALSE,0,0,0,"",FALSE,FALSE,TRUE,FALSE,TRUE,FALSE,FALSE,FALSE
plan,8866d321e1fffff,10.0106842831792,TRUE,TRUE,FALSE,0,0,0,"",TRUE,FALSE,TRUE,FALSE,TRUE,FALSE,TRUE,FALSE
plan,8866d321e3fffff,10.9557817069394,TRUE,TRUE,TRUE,0,0,0,"",TRUE,TRUE,TRUE,TRUE,TRUE,TRUE,TRUE,TRUE
plan,8866d321e5fffff,9.28272365201885,TRUE,TRUE,TRUE,0,0,0,"",TRUE,TRUE,TRUE,TRUE,TRUE,TRUE,TRUE,TRUE
plan,8866d321e7fffff,10.2458211695596,TRUE,TRUE,FALSE,0,0,0,"",TRUE,FALSE,TRUE,FALSE,TRUE,FALSE,TRUE,FALSE
plan,8866d321e9fffff,9.86707042569347,FALSE,TRUE,TRUE,0,0,0,"",FALSE,FALSE,TRUE,TRUE,TRUE,TRUE,FALSE,FALSE
plan,8866d321ebfffff,10.7803328523165,FALSE,TRUE,FALSE,0,0,0,"",FALSE,FALSE,TRUE,FALSE,TRUE,FALSE,FALSE,FALSE
plan,8866d321edfffff,9.07550323727002,TRUE,TRUE,TRUE,0,0,0,"",TRUE,TRUE,TRUE,TRUE,TRUE,TRUE,TRUE,TRUE
plan,8866d32201fffff,12.2662286542029,TRUE,TRUE,TRUE,0,0,0,"",TRUE,TRUE,TRUE,TRUE,TRUE,TRUE,TRUE,TRUE
plan,8866d32203fffff,12.9754720200985,FALSE,TRUE,TRUE,0,0,0,"",FALSE,FALSE,TRUE,TRUE,TRUE,TRUE,FALSE,FALSE
plan,8866d32205fffff,11.3057578379001,TRUE,TRUE,TRUE,0,0,0,"",TRUE,TRUE,TRUE,TRUE,TRUE,TRUE,TRUE,TRUE
plan,8866d32207fffff,12.0297763891381,TRUE,TRUE,TRUE,0,0,0,"",TRUE,TRUE,TRUE,TRUE,TRUE,TRUE,TRUE,TRUE
plan,8866d32209fffff,12.5542553135237,FALSE,TRUE,FALSE,0,0,0,"",FALSE,FALSE,TRUE,FALSE,TRUE,FALSE,FALSE,FALSE
plan,8866d3220bfffff,13.2308365753946,TRUE,TRUE,TRUE,1,1,0,persistence only,FALSE,FALSE,FALSE,FALSE,FALSE,FALSE,FALSE,FALSE
plan,8866d3220dfffff,11.5983745599674,FALSE,TRUE,TRUE,0,0,0,"",FALSE,FALSE,TRUE,TRUE,TRUE,TRUE,FALSE,FALSE
plan,8866d32211fffff,14.6573836498378,FALSE,TRUE,TRUE,10,6,4,persistence only,FALSE,FALSE,FALSE,FALSE,FALSE,FALSE,FALSE,FALSE
plan,8866d32213fffff,15.4168039644786,FALSE,FALSE,FALSE,0,0,0,"",FALSE,FALSE,FALSE,FALSE,TRUE,FALSE,FALSE,FALSE
plan,8866d32215fffff,13.7196929072271,FALSE,FALSE,TRUE,0,0,0,"",FALSE,FALSE,FALSE,FALSE,TRUE,TRUE,FALSE,FALSE
plan,8866d32217fffff,14.4935095058408,FALSE,FALSE,FALSE,0,0,0,"",FALSE,FALSE,FALSE,FALSE,TRUE,FALSE,FALSE,FALSE
plan,8866d32219fffff,14.8835725403707,FALSE,TRUE,TRUE,6,2,4,persistence only,FALSE,FALSE,FALSE,FALSE,FALSE,FALSE,FALSE,FALSE
plan,8866d3221bfffff,15.601347728205,TRUE,TRUE,FALSE,6,4,2,persistence only,FALSE,FALSE,FALSE,FALSE,FALSE,FALSE,FALSE,FALSE
plan,8866d3221dfffff,13.9271202168943,TRUE,TRUE,TRUE,8,5,3,persistence only,FALSE,FALSE,FALSE,FALSE,FALSE,FALSE,FALSE,FALSE
plan,8866d32221fffff,10.162920438324,TRUE,TRUE,TRUE,0,0,0,"",TRUE,TRUE,TRUE,TRUE,TRUE,TRUE,TRUE,TRUE
plan,8866d32223fffff,10.9604103224109,FALSE,TRUE,TRUE,0,0,0,"",FALSE,FALSE,TRUE,TRUE,TRUE,TRUE,FALSE,FALSE
plan,8866d32225fffff,9.24673635678483,TRUE,TRUE,TRUE,0,0,0,"",TRUE,TRUE,TRUE,TRUE,TRUE,TRUE,TRUE,TRUE
plan,8866d32227fffff,10.0668063765542,TRUE,TRUE,TRUE,0,0,0,"",TRUE,TRUE,TRUE,TRUE,TRUE,TRUE,TRUE,TRUE
plan,8866d32229fffff,10.3505854515646,FALSE,TRUE,TRUE,0,0,0,"",FALSE,FALSE,TRUE,TRUE,TRUE,TRUE,FALSE,FALSE
plan,8866d3222bfffff,11.0915649593169,TRUE,TRUE,TRUE,0,0,0,"",TRUE,TRUE,TRUE,TRUE,TRUE,TRUE,TRUE,TRUE
plan,8866d3222dfffff,9.40233693144467,TRUE,TRUE,TRUE,0,0,0,"",TRUE,TRUE,TRUE,TRUE,TRUE,TRUE,TRUE,TRUE
plan,8866d32231fffff,12.6764824937306,FALSE,FALSE,FALSE,0,0,0,"",FALSE,FALSE,FALSE,FALSE,TRUE,FALSE,FALSE,FALSE
plan,8866d32233fffff,13.50835736893,FALSE,FALSE,FALSE,0,0,0,"",FALSE,FALSE,FALSE,FALSE,TRUE,FALSE,FALSE,FALSE
plan,8866d32235fffff,11.7873246581668,FALSE,FALSE,FALSE,1,1,0,persistence only,FALSE,FALSE,FALSE,FALSE,FALSE,FALSE,FALSE,FALSE
plan,8866d32237fffff,12.6378950374139,FALSE,FALSE,TRUE,0,0,0,"",FALSE,FALSE,FALSE,FALSE,TRUE,TRUE,FALSE,FALSE
plan,8866d32239fffff,12.7896631599853,FALSE,TRUE,TRUE,0,0,0,"",FALSE,FALSE,TRUE,TRUE,TRUE,TRUE,FALSE,FALSE
plan,8866d3223bfffff,13.5794037510633,FALSE,FALSE,FALSE,0,0,0,"",FALSE,FALSE,FALSE,FALSE,TRUE,FALSE,FALSE,FALSE
plan,8866d3223dfffff,11.8691037872668,FALSE,TRUE,FALSE,0,0,0,"",FALSE,FALSE,TRUE,FALSE,TRUE,FALSE,FALSE,FALSE
plan,8866d32241fffff,12.1711755251071,FALSE,FALSE,FALSE,0,0,0,"",FALSE,FALSE,FALSE,FALSE,TRUE,FALSE,FALSE,FALSE
plan,8866d32243fffff,12.818811268579,FALSE,TRUE,TRUE,0,0,0,"",FALSE,FALSE,TRUE,TRUE,TRUE,TRUE,FALSE,FALSE
plan,8866d32245fffff,11.1933266271333,FALSE,TRUE,TRUE,0,0,0,"",FALSE,FALSE,TRUE,TRUE,TRUE,TRUE,FALSE,FALSE
plan,8866d32247fffff,11.8519137249723,FALSE,TRUE,TRUE,0,0,0,"",FALSE,FALSE,TRUE,TRUE,TRUE,TRUE,FALSE,FALSE
plan,8866d32249fffff,12.5583077311247,FALSE,TRUE,FALSE,0,0,0,"",FALSE,FALSE,TRUE,FALSE,TRUE,FALSE,FALSE,FALSE
plan,8866d3224bfffff,13.1506124699235,FALSE,TRUE,TRUE,0,0,0,"",FALSE,FALSE,TRUE,TRUE,TRUE,TRUE,FALSE,FALSE
plan,8866d3224dfffff,11.5722558662958,FALSE,FALSE,TRUE,0,0,0,"",FALSE,FALSE,FALSE,FALSE,TRUE,TRUE,FALSE,FALSE
plan,8866d32251fffff,14.4667120192248,FALSE,FALSE,FALSE,0,0,0,"",FALSE,FALSE,FALSE,FALSE,TRUE,FALSE,FALSE,FALSE
plan,8866d32253fffff,15.1692775931877,FALSE,TRUE,TRUE,1,1,0,persistence only,FALSE,FALSE,FALSE,FALSE,FALSE,FALSE,FALSE,FALSE
plan,8866d32255fffff,13.5081637264373,FALSE,TRUE,TRUE,0,0,0,"",FALSE,FALSE,TRUE,TRUE,TRUE,TRUE,FALSE,FALSE
plan,8866d32257fffff,14.1987314632791,FALSE,FALSE,TRUE,1,0,1,persistence only,FALSE,FALSE,FALSE,FALSE,FALSE,FALSE,FALSE,FALSE
plan,8866d32259fffff,14.7611729424085,FALSE,TRUE,TRUE,0,0,0,"",FALSE,FALSE,TRUE,TRUE,TRUE,TRUE,FALSE,FALSE
plan,8866d3225bfffff,15.4290289962617,FALSE,FALSE,TRUE,0,0,0,"",FALSE,FALSE,FALSE,FALSE,TRUE,TRUE,FALSE,FALSE
plan,8866d3225dfffff,13.7887675710302,FALSE,TRUE,TRUE,0,0,0,"",FALSE,FALSE,TRUE,TRUE,TRUE,TRUE,FALSE,FALSE
plan,8866d32261fffff,9.93090636580745,FALSE,TRUE,FALSE,0,0,0,"",FALSE,FALSE,TRUE,FALSE,TRUE,FALSE,FALSE,FALSE
plan,8866d32263fffff,10.6249352798969,FALSE,TRUE,TRUE,0,0,0,"",FALSE,FALSE,TRUE,TRUE,TRUE,TRUE,FALSE,FALSE
plan,8866d32265fffff,8.97955469435132,FALSE,FALSE,FALSE,1,1,0,persistence only,FALSE,FALSE,FALSE,FALSE,FALSE,FALSE,FALSE,FALSE
plan,8866d32267fffff,9.65457856925807,FALSE,TRUE,TRUE,1,1,0,persistence only,FALSE,FALSE,FALSE,FALSE,FALSE,FALSE,FALSE,FALSE
plan,8866d32269fffff,10.2175314245205,FALSE,TRUE,TRUE,0,0,0,"",FALSE,FALSE,TRUE,TRUE,TRUE,TRUE,FALSE,FALSE
plan,8866d3226bfffff,10.888898900238,FALSE,TRUE,FALSE,0,0,0,"",FALSE,FALSE,TRUE,FALSE,TRUE,FALSE,FALSE,FALSE
plan,8866d3226dfffff,9.24445096882951,FALSE,FALSE,FALSE,0,0,0,"",FALSE,FALSE,FALSE,FALSE,TRUE,FALSE,FALSE,FALSE
plan,8866d32283fffff,18.673446216787,FALSE,TRUE,TRUE,0,0,0,"",FALSE,FALSE,TRUE,TRUE,TRUE,TRUE,FALSE,FALSE
plan,8866d32285fffff,16.9513941304936,FALSE,FALSE,TRUE,0,0,0,"",FALSE,FALSE,FALSE,FALSE,TRUE,TRUE,FALSE,FALSE
plan,8866d32287fffff,17.8325709175485,FALSE,FALSE,FALSE,0,0,0,"",FALSE,FALSE,FALSE,FALSE,TRUE,FALSE,FALSE,FALSE
plan,8866d32289fffff,17.8321231172526,FALSE,TRUE,FALSE,1,1,0,persistence only,FALSE,FALSE,FALSE,FALSE,FALSE,FALSE,FALSE,FALSE
plan,8866d3228bfffff,18.6730828515223,FALSE,TRUE,TRUE,0,0,0,"",FALSE,FALSE,TRUE,TRUE,TRUE,TRUE,FALSE,FALSE
plan,8866d3228dfffff,16.9513232383968,FALSE,FALSE,TRUE,0,0,0,"",FALSE,FALSE,FALSE,FALSE,TRUE,TRUE,FALSE,FALSE
plan,8866d32295fffff,19.5530337871125,FALSE,TRUE,FALSE,0,0,0,"",FALSE,FALSE,TRUE,FALSE,TRUE,FALSE,FALSE,FALSE
plan,8866d3229dfffff,19.5281573169661,FALSE,FALSE,TRUE,17,13,4,negative ratio,FALSE,FALSE,FALSE,FALSE,FALSE,FALSE,FALSE,FALSE
plan,8866d322a1fffff,16.2009366065005,FALSE,FALSE,FALSE,0,0,0,"",FALSE,FALSE,FALSE,FALSE,TRUE,FALSE,FALSE,FALSE
plan,8866d322a3fffff,17.119366908941,FALSE,FALSE,FALSE,0,0,0,"",FALSE,FALSE,FALSE,FALSE,TRUE,FALSE,FALSE,FALSE
plan,8866d322a5fffff,15.4154959227132,FALSE,FALSE,TRUE,0,0,0,"",FALSE,FALSE,FALSE,FALSE,TRUE,TRUE,FALSE,FALSE
plan,8866d322a7fffff,16.3472567080929,FALSE,FALSE,FALSE,0,0,0,"",FALSE,FALSE,FALSE,FALSE,TRUE,FALSE,FALSE,FALSE
plan,8866d322a9fffff,16.1125525347632,FALSE,FALSE,FALSE,0,0,0,"",FALSE,FALSE,FALSE,FALSE,TRUE,FALSE,FALSE,FALSE
plan,8866d322abfffff,17.0075895867982,FALSE,FALSE,TRUE,0,0,0,"",FALSE,FALSE,FALSE,FALSE,TRUE,TRUE,FALSE,FALSE
plan,8866d322adfffff,15.2916211851803,FALSE,FALSE,TRUE,0,0,0,"",FALSE,FALSE,FALSE,FALSE,TRUE,TRUE,FALSE,FALSE
plan,8866d322b1fffff,18.8266525143098,FALSE,TRUE,TRUE,0,0,0,"",FALSE,FALSE,TRUE,TRUE,TRUE,TRUE,FALSE,FALSE
plan,8866d322b3fffff,19.7480160014453,FALSE,FALSE,FALSE,0,0,0,"",FALSE,FALSE,FALSE,FALSE,TRUE,FALSE,FALSE,FALSE
plan,8866d322b5fffff,18.0455246591177,FALSE,TRUE,FALSE,0,0,0,"",FALSE,FALSE,TRUE,FALSE,TRUE,FALSE,FALSE,FALSE
plan,8866d322b7fffff,18.9782825773381,FALSE,TRUE,TRUE,0,0,0,"",FALSE,FALSE,TRUE,TRUE,TRUE,TRUE,FALSE,FALSE
plan,8866d322b9fffff,18.7247720100115,FALSE,TRUE,FALSE,1,1,0,persistence only,FALSE,FALSE,FALSE,FALSE,FALSE,FALSE,FALSE,FALSE
plan,8866d322bbfffff,19.6264978767697,FALSE,FALSE,FALSE,2,2,0,negative ratio,FALSE,FALSE,FALSE,FALSE,FALSE,FALSE,FALSE,FALSE
plan,8866d322bdfffff,17.9127762050928,FALSE,TRUE,TRUE,0,0,0,"",FALSE,FALSE,TRUE,TRUE,TRUE,TRUE,FALSE,FALSE
plan,8866d322c1fffff,17.1189659249318,TRUE,TRUE,FALSE,0,0,0,"",TRUE,FALSE,TRUE,FALSE,TRUE,FALSE,TRUE,FALSE
plan,8866d322c3fffff,17.9118654896211,TRUE,TRUE,FALSE,1,1,0,persistence only,FALSE,FALSE,FALSE,FALSE,FALSE,FALSE,FALSE,FALSE
plan,8866d322c5fffff,16.2012863210276,FALSE,FALSE,FALSE,0,0,0,"",FALSE,FALSE,FALSE,FALSE,TRUE,FALSE,FALSE,FALSE
plan,8866d322c7fffff,17.0073675469963,FALSE,FALSE,FALSE,0,0,0,"",FALSE,FALSE,FALSE,FALSE,TRUE,FALSE,FALSE,FALSE
plan,8866d322c9fffff,17.2850324544462,FALSE,TRUE,TRUE,0,0,0,"",FALSE,FALSE,TRUE,TRUE,TRUE,TRUE,FALSE,FALSE
plan,8866d322cbfffff,18.0441211840384,TRUE,TRUE,FALSE,0,0,0,"",TRUE,FALSE,TRUE,FALSE,TRUE,FALSE,TRUE,FALSE
plan,8866d322cdfffff,16.347724224136,TRUE,TRUE,TRUE,0,0,0,"",TRUE,TRUE,TRUE,TRUE,TRUE,TRUE,TRUE,TRUE
plan,8866d322d1fffff,19.6245105546371,FALSE,FALSE,TRUE,0,0,0,"",FALSE,FALSE,FALSE,FALSE,TRUE,TRUE,FALSE,FALSE
plan,8866d322d3fffff,20.441009330184,FALSE,FALSE,FALSE,0,0,0,"",FALSE,FALSE,FALSE,FALSE,TRUE,FALSE,FALSE,FALSE
plan,8866d322d5fffff,18.7236757387088,FALSE,FALSE,FALSE,1,1,0,negative ratio,FALSE,FALSE,FALSE,FALSE,FALSE,FALSE,FALSE,FALSE
plan,8866d322d9fffff,19.7450099415175,FALSE,TRUE,FALSE,0,0,0,"",FALSE,FALSE,TRUE,FALSE,TRUE,FALSE,FALSE,FALSE
plan,8866d322dbfffff,20.5334010483654,FALSE,TRUE,FALSE,0,0,0,"",FALSE,FALSE,TRUE,FALSE,TRUE,FALSE,FALSE,FALSE
plan,8866d322ddfffff,18.8248049370032,FALSE,TRUE,TRUE,0,0,0,"",FALSE,FALSE,TRUE,TRUE,TRUE,TRUE,FALSE,FALSE
plan,8866d322e1fffff,15.2297256711639,FALSE,FALSE,FALSE,0,0,0,"",FALSE,FALSE,FALSE,FALSE,TRUE,FALSE,FALSE,FALSE
plan,8866d322e3fffff,16.0830490493966,FALSE,FALSE,FALSE,0,0,0,"",FALSE,FALSE,FALSE,FALSE,TRUE,FALSE,FALSE,FALSE
plan,8866d322e5fffff,14.3604773590759,FALSE,FALSE,FALSE,0,0,0,"",FALSE,FALSE,FALSE,FALSE,TRUE,FALSE,FALSE,FALSE
plan,8866d322e7fffff,15.2294496176337,FALSE,FALSE,FALSE,0,0,0,"",FALSE,FALSE,FALSE,FALSE,TRUE,FALSE,FALSE,FALSE
plan,8866d322e9fffff,15.292434769648,FALSE,FALSE,FALSE,0,0,0,"",FALSE,FALSE,FALSE,FALSE,TRUE,FALSE,FALSE,FALSE
plan,8866d322edfffff,14.3940905129717,FALSE,FALSE,TRUE,0,0,0,"",FALSE,FALSE,FALSE,FALSE,TRUE,TRUE,FALSE,FALSE
plan,8866d32301fffff,5.74750205475283,TRUE,TRUE,TRUE,0,0,0,"",TRUE,TRUE,TRUE,TRUE,TRUE,TRUE,TRUE,TRUE
plan,8866d32303fffff,6.62464370597668,TRUE,TRUE,TRUE,0,0,0,"",TRUE,TRUE,TRUE,TRUE,TRUE,TRUE,TRUE,TRUE
plan,8866d32305fffff,4.90717448731786,TRUE,TRUE,FALSE,0,0,0,"",TRUE,FALSE,TRUE,FALSE,TRUE,FALSE,TRUE,FALSE
plan,8866d32307fffff,5.82453645688316,FALSE,TRUE,TRUE,0,0,0,"",FALSE,FALSE,TRUE,TRUE,TRUE,TRUE,FALSE,FALSE
plan,8866d32309fffff,5.83508233820202,TRUE,TRUE,TRUE,0,0,0,"",TRUE,TRUE,TRUE,TRUE,TRUE,TRUE,TRUE,TRUE
plan,8866d3230bfffff,6.62895489329289,TRUE,TRUE,FALSE,0,0,0,"",TRUE,FALSE,TRUE,FALSE,TRUE,FALSE,TRUE,FALSE
plan,8866d3230dfffff,4.91387631434422,FALSE,TRUE,TRUE,0,0,0,"",FALSE,FALSE,TRUE,TRUE,TRUE,TRUE,FALSE,FALSE
plan,8866d32311fffff,8.3442466073025,FALSE,TRUE,FALSE,0,0,0,"",FALSE,FALSE,TRUE,FALSE,TRUE,FALSE,FALSE,FALSE
plan,8866d32313fffff,9.24204059942832,FALSE,TRUE,TRUE,0,0,0,"",FALSE,FALSE,TRUE,TRUE,TRUE,TRUE,FALSE,FALSE
plan,8866d32315fffff,7.53012016566101,FALSE,TRUE,TRUE,1,1,0,persistence only,FALSE,FALSE,FALSE,FALSE,FALSE,FALSE,FALSE,FALSE
plan,8866d32317fffff,8.45484193390309,FALSE,FALSE,FALSE,0,0,0,"",FALSE,FALSE,FALSE,FALSE,TRUE,FALSE,FALSE,FALSE
plan,8866d32319fffff,8.34712852726081,TRUE,TRUE,TRUE,0,0,0,"",TRUE,TRUE,TRUE,TRUE,TRUE,TRUE,TRUE,TRUE
plan,8866d3231bfffff,9.19270420645309,TRUE,TRUE,TRUE,0,0,0,"",TRUE,TRUE,TRUE,TRUE,TRUE,TRUE,TRUE,TRUE
plan,8866d3231dfffff,7.47010125968994,TRUE,TRUE,FALSE,0,0,0,"",TRUE,FALSE,TRUE,FALSE,TRUE,FALSE,TRUE,FALSE
plan,8866d32321fffff,4.37640393456997,FALSE,FALSE,FALSE,0,0,0,"",FALSE,FALSE,FALSE,FALSE,TRUE,FALSE,FALSE,FALSE
plan,8866d32323fffff,5.21010086013815,FALSE,FALSE,TRUE,0,0,0,"",FALSE,FALSE,FALSE,FALSE,TRUE,TRUE,FALSE,FALSE
plan,8866d32325fffff,3.48732326532632,FALSE,TRUE,FALSE,19,15,4,persistence only,FALSE,FALSE,FALSE,FALSE,FALSE,FALSE,FALSE,FALSE
plan,8866d32327fffff,4.37564855908899,FALSE,FALSE,FALSE,0,0,0,"",FALSE,FALSE,FALSE,FALSE,TRUE,FALSE,FALSE,FALSE
plan,8866d32329fffff,4.13315657159203,FALSE,TRUE,TRUE,1,0,1,persistence only,FALSE,FALSE,FALSE,FALSE,FALSE,FALSE,FALSE,FALSE
plan,8866d3232bfffff,5.09122486984728,FALSE,TRUE,FALSE,0,0,0,"",FALSE,FALSE,TRUE,FALSE,TRUE,FALSE,FALSE,FALSE
plan,8866d3232dfffff,3.47013550597473,FALSE,TRUE,TRUE,11,8,3,persistence only,FALSE,FALSE,FALSE,FALSE,FALSE,FALSE,FALSE,FALSE
plan,8866d32331fffff,6.93287147380613,FALSE,TRUE,TRUE,0,0,0,"",FALSE,FALSE,TRUE,TRUE,TRUE,TRUE,FALSE,FALSE
plan,8866d32333fffff,7.80987048605333,FALSE,FALSE,FALSE,0,0,0,"",FALSE,FALSE,FALSE,FALSE,TRUE,FALSE,FALSE,FALSE
plan,8866d32335fffff,6.09115883418259,FALSE,FALSE,TRUE,0,0,0,"",FALSE,FALSE,FALSE,FALSE,TRUE,TRUE,FALSE,FALSE
plan,8866d32337fffff,6.98748301210434,FALSE,TRUE,FALSE,1,1,0,persistence only,FALSE,FALSE,FALSE,FALSE,FALSE,FALSE,FALSE,FALSE
plan,8866d32339fffff,6.76274956694798,FALSE,FALSE,FALSE,0,0,0,"",FALSE,FALSE,FALSE,FALSE,TRUE,FALSE,FALSE,FALSE
plan,8866d3233bfffff,7.7142198422926,FALSE,TRUE,TRUE,2,2,0,persistence only,FALSE,FALSE,FALSE,FALSE,FALSE,FALSE,FALSE,FALSE
plan,8866d3233dfffff,6.05993922035557,FALSE,TRUE,FALSE,0,0,0,"",FALSE,FALSE,TRUE,FALSE,TRUE,FALSE,FALSE,FALSE
plan,8866d32341fffff,5.408964454589,FALSE,FALSE,FALSE,9,9,0,negative ratio,FALSE,FALSE,FALSE,FALSE,FALSE,FALSE,FALSE,FALSE
plan,8866d32343fffff,6.08013983864226,TRUE,TRUE,TRUE,0,0,0,"",TRUE,TRUE,TRUE,TRUE,TRUE,TRUE,TRUE,TRUE
plan,8866d32345fffff,4.48268503456475,FALSE,TRUE,FALSE,0,0,0,"",FALSE,FALSE,TRUE,FALSE,TRUE,FALSE,FALSE,FALSE
plan,8866d32347fffff,5.11054646974253,TRUE,TRUE,TRUE,0,0,0,"",TRUE,TRUE,TRUE,TRUE,TRUE,TRUE,TRUE,TRUE
plan,8866d32349fffff,5.67427735949373,FALSE,TRUE,FALSE,0,0,0,"",FALSE,FALSE,TRUE,FALSE,TRUE,FALSE,FALSE,FALSE
plan,8866d3234bfffff,6.35412064445191,FALSE,TRUE,FALSE,0,0,0,"",FALSE,FALSE,TRUE,FALSE,TRUE,FALSE,FALSE,FALSE
plan,8866d3234dfffff,4.69964775183669,FALSE,TRUE,FALSE,0,0,0,"",FALSE,FALSE,TRUE,FALSE,TRUE,FALSE,FALSE,FALSE
plan,8866d32351fffff,7.72780650182071,FALSE,TRUE,FALSE,0,0,0,"",FALSE,FALSE,TRUE,FALSE,TRUE,FALSE,FALSE,FALSE
plan,8866d32353fffff,8.46335154365658,TRUE,TRUE,TRUE,0,0,0,"",TRUE,TRUE,TRUE,TRUE,TRUE,TRUE,TRUE,TRUE
plan,8866d32355fffff,6.77538600683654,TRUE,TRUE,TRUE,0,0,0,"",TRUE,TRUE,TRUE,TRUE,TRUE,TRUE,TRUE,TRUE
plan,8866d32357fffff,7.53710520598328,TRUE,TRUE,TRUE,0,0,0,"",TRUE,TRUE,TRUE,TRUE,TRUE,TRUE,TRUE,TRUE
plan,8866d32359fffff,8.03337944557212,FALSE,TRUE,FALSE,1,1,0,persistence only,FALSE,FALSE,FALSE,FALSE,FALSE,FALSE,FALSE,FALSE
plan,8866d3235bfffff,8.68834868389329,FALSE,FALSE,TRUE,0,0,0,"",FALSE,FALSE,FALSE,FALSE,TRUE,TRUE,FALSE,FALSE
plan,8866d3235dfffff,7.05506904471433,FALSE,TRUE,TRUE,0,0,0,"",FALSE,FALSE,TRUE,TRUE,TRUE,TRUE,FALSE,FALSE
plan,8866d32361fffff,3.2068814099886,TRUE,TRUE,FALSE,3,3,0,persistence only,FALSE,FALSE,FALSE,FALSE,FALSE,FALSE,FALSE,FALSE
plan,8866d32363fffff,4.02492668860369,FALSE,TRUE,TRUE,0,0,0,"",FALSE,FALSE,TRUE,TRUE,TRUE,TRUE,FALSE,FALSE
plan,8866d32365fffff,2.30245464714449,TRUE,TRUE,FALSE,3,2,1,persistence only,FALSE,FALSE,FALSE,FALSE,FALSE,FALSE,FALSE,FALSE
plan,8866d32367fffff,3.19530037299746,TRUE,TRUE,TRUE,0,0,0,"",TRUE,TRUE,TRUE,TRUE,TRUE,TRUE,FALSE,FALSE
plan,8866d32369fffff,3.50198939607556,TRUE,TRUE,FALSE,0,0,0,"",TRUE,FALSE,TRUE,FALSE,TRUE,FALSE,FALSE,FALSE
plan,8866d3236bfffff,4.15005413963304,TRUE,TRUE,FALSE,0,0,0,"",TRUE,FALSE,TRUE,FALSE,TRUE,FALSE,TRUE,FALSE
plan,8866d3236dfffff,2.51641906484329,TRUE,TRUE,FALSE,1,1,0,persistence only,FALSE,FALSE,FALSE,FALSE,FALSE,FALSE,FALSE,FALSE
plan,8866d32505fffff,23.7890073334637,FALSE,FALSE,FALSE,0,0,0,"",FALSE,FALSE,FALSE,FALSE,TRUE,FALSE,FALSE,FALSE
plan,8866d32529fffff,23.0024359069003,FALSE,FALSE,FALSE,0,0,0,"",FALSE,FALSE,FALSE,FALSE,TRUE,FALSE,FALSE,FALSE
plan,8866d3252dfffff,22.2320227898195,FALSE,FALSE,FALSE,0,0,0,"",FALSE,FALSE,FALSE,FALSE,TRUE,FALSE,FALSE,FALSE
plan,8866d32537fffff,26.0056093682791,FALSE,FALSE,FALSE,0,0,0,"",FALSE,FALSE,FALSE,FALSE,TRUE,FALSE,FALSE,FALSE
plan,8866d32545fffff,22.7474054547522,FALSE,FALSE,FALSE,0,0,0,"",FALSE,FALSE,FALSE,FALSE,TRUE,FALSE,FALSE,FALSE
plan,8866d32561fffff,21.9699727854948,FALSE,FALSE,FALSE,0,0,0,"",FALSE,FALSE,FALSE,FALSE,TRUE,FALSE,FALSE,FALSE
plan,8866d32563fffff,22.8760699124712,FALSE,FALSE,TRUE,0,0,0,"",FALSE,FALSE,FALSE,FALSE,TRUE,TRUE,FALSE,FALSE
plan,8866d32567fffff,22.0797867809179,FALSE,FALSE,FALSE,0,0,0,"",FALSE,FALSE,FALSE,FALSE,TRUE,FALSE,FALSE,FALSE
plan,8866d32569fffff,21.9032111155826,FALSE,FALSE,TRUE,0,0,0,"",FALSE,FALSE,FALSE,FALSE,TRUE,TRUE,FALSE,FALSE
plan,8866d3256bfffff,22.7909079913134,FALSE,FALSE,TRUE,0,0,0,"",FALSE,FALSE,FALSE,FALSE,TRUE,TRUE,FALSE,FALSE
plan,8866d3256dfffff,21.0715948347715,FALSE,FALSE,FALSE,0,0,0,"",FALSE,FALSE,FALSE,FALSE,TRUE,FALSE,FALSE,FALSE
plan,8866d325e7fffff,28.6357660681682,FALSE,FALSE,FALSE,0,0,0,"",FALSE,FALSE,FALSE,FALSE,TRUE,FALSE,FALSE,FALSE
plan,8866d3270dfffff,23.1619288189718,FALSE,FALSE,FALSE,0,0,0,"",FALSE,FALSE,FALSE,FALSE,TRUE,FALSE,FALSE,FALSE
plan,8866d32721fffff,22.6026561162917,FALSE,FALSE,FALSE,0,0,0,"",FALSE,FALSE,FALSE,FALSE,TRUE,FALSE,FALSE,FALSE
plan,8866d32725fffff,21.8024234539545,FALSE,FALSE,FALSE,0,0,0,"",FALSE,FALSE,FALSE,FALSE,TRUE,FALSE,FALSE,FALSE
plan,8866d32729fffff,22.5245684515427,FALSE,FALSE,FALSE,0,0,0,"",FALSE,FALSE,FALSE,FALSE,TRUE,FALSE,FALSE,FALSE
plan,8866d3272bfffff,23.4172827699568,FALSE,FALSE,FALSE,0,0,0,"",FALSE,FALSE,FALSE,FALSE,TRUE,FALSE,FALSE,FALSE
plan,8866d3272dfffff,21.69963555233,FALSE,FALSE,FALSE,0,0,0,"",FALSE,FALSE,FALSE,FALSE,TRUE,FALSE,FALSE,FALSE
plan,8866d32743fffff,23.8809529069288,FALSE,FALSE,FALSE,0,0,0,"",FALSE,FALSE,FALSE,FALSE,TRUE,FALSE,FALSE,FALSE
plan,8866d32763fffff,22.3772856883733,FALSE,FALSE,FALSE,0,0,0,"",FALSE,FALSE,FALSE,FALSE,TRUE,FALSE,FALSE,FALSE
plan,8866d32765fffff,20.6758694177395,FALSE,FALSE,FALSE,0,0,0,"",FALSE,FALSE,FALSE,FALSE,TRUE,FALSE,FALSE,FALSE
plan,8866d32767fffff,21.6093802917325,FALSE,FALSE,TRUE,0,0,0,"",FALSE,FALSE,FALSE,FALSE,TRUE,TRUE,FALSE,FALSE
plan,8866d32801fffff,3.75207273097222,TRUE,TRUE,TRUE,0,0,0,"",TRUE,TRUE,TRUE,TRUE,TRUE,TRUE,FALSE,FALSE
plan,8866d32803fffff,4.63753190402149,TRUE,TRUE,TRUE,0,0,0,"",TRUE,TRUE,TRUE,TRUE,TRUE,TRUE,TRUE,TRUE
plan,8866d32805fffff,3.86512241241955,FALSE,TRUE,FALSE,0,0,0,"",FALSE,FALSE,TRUE,FALSE,TRUE,FALSE,FALSE,FALSE
plan,8866d32807fffff,4.62169083398243,FALSE,TRUE,TRUE,0,0,0,"",FALSE,FALSE,TRUE,TRUE,TRUE,TRUE,FALSE,FALSE
plan,8866d32809fffff,2.95064673913583,TRUE,TRUE,TRUE,0,0,0,"",TRUE,TRUE,TRUE,TRUE,TRUE,TRUE,FALSE,FALSE
plan,8866d3280bfffff,3.89564771264133,TRUE,TRUE,FALSE,0,0,0,"",TRUE,FALSE,TRUE,FALSE,TRUE,FALSE,FALSE,FALSE
plan,8866d3280dfffff,2.93531757081263,TRUE,TRUE,FALSE,0,0,0,"",TRUE,FALSE,TRUE,FALSE,TRUE,FALSE,FALSE,FALSE
plan,8866d32811fffff,5.83230477426527,FALSE,FALSE,FALSE,0,0,0,"",FALSE,FALSE,FALSE,FALSE,TRUE,FALSE,FALSE,FALSE
plan,8866d32813fffff,6.81072995744205,FALSE,FALSE,FALSE,0,0,0,"",FALSE,FALSE,FALSE,FALSE,TRUE,FALSE,FALSE,FALSE
plan,8866d32815fffff,5.55897491276976,FALSE,TRUE,TRUE,0,0,0,"",FALSE,FALSE,TRUE,TRUE,TRUE,TRUE,FALSE,FALSE
plan,8866d32817fffff,6.5011310448221,FALSE,TRUE,TRUE,0,0,0,"",FALSE,FALSE,TRUE,TRUE,TRUE,TRUE,FALSE,FALSE
plan,8866d32819fffff,5.26091704705653,FALSE,TRUE,TRUE,0,0,0,"",FALSE,FALSE,TRUE,TRUE,TRUE,TRUE,FALSE,FALSE
plan,8866d3281bfffff,6.25206189917405,FALSE,TRUE,FALSE,1,1,0,persistence only,FALSE,FALSE,FALSE,FALSE,FALSE,FALSE,FALSE,FALSE
plan,8866d3281dfffff,4.85927019936279,FALSE,TRUE,TRUE,0,0,0,"",FALSE,FALSE,TRUE,TRUE,TRUE,TRUE,FALSE,FALSE
plan,8866d32821fffff,5.19084068215301,FALSE,FALSE,FALSE,0,0,0,"",FALSE,FALSE,FALSE,FALSE,TRUE,FALSE,FALSE,FALSE
plan,8866d32823fffff,5.77208154902774,FALSE,FALSE,FALSE,0,0,0,"",FALSE,FALSE,FALSE,FALSE,TRUE,FALSE,FALSE,FALSE
plan,8866d32825fffff,5.71635252967919,FALSE,FALSE,FALSE,0,0,0,"",FALSE,FALSE,FALSE,FALSE,TRUE,FALSE,FALSE,FALSE
plan,8866d32827fffff,6.1677351201996,FALSE,FALSE,FALSE,0,0,0,"",FALSE,FALSE,FALSE,FALSE,TRUE,FALSE,FALSE,FALSE
plan,8866d32829fffff,4.21421726009756,FALSE,TRUE,FALSE,0,0,0,"",FALSE,FALSE,TRUE,FALSE,TRUE,FALSE,FALSE,FALSE
plan,8866d3282bfffff,4.81380002086962,FALSE,FALSE,FALSE,0,0,0,"",FALSE,FALSE,FALSE,FALSE,TRUE,FALSE,FALSE,FALSE
plan,8866d3282dfffff,4.74758976078488,FALSE,FALSE,FALSE,0,0,0,"",FALSE,FALSE,FALSE,FALSE,TRUE,FALSE,FALSE,FALSE
plan,8866d32831fffff,6.31660680062456,FALSE,TRUE,TRUE,0,0,0,"",FALSE,FALSE,TRUE,TRUE,TRUE,TRUE,FALSE,FALSE
plan,8866d32833fffff,7.15637057859283,TRUE,TRUE,FALSE,0,0,0,"",TRUE,FALSE,TRUE,FALSE,TRUE,FALSE,TRUE,FALSE
plan,8866d32835fffff,6.45415058106217,FALSE,FALSE,FALSE,0,0,0,"",FALSE,FALSE,FALSE,FALSE,TRUE,FALSE,FALSE,FALSE
plan,8866d32837fffff,7.20849398173329,FALSE,FALSE,FALSE,0,0,0,"",FALSE,FALSE,FALSE,FALSE,TRUE,FALSE,FALSE,FALSE
plan,8866d32839fffff,5.45414884365593,TRUE,TRUE,TRUE,0,0,0,"",TRUE,TRUE,TRUE,TRUE,TRUE,TRUE,TRUE,TRUE
plan,8866d3283bfffff,6.33265087603986,TRUE,TRUE,TRUE,0,0,0,"",TRUE,TRUE,TRUE,TRUE,TRUE,TRUE,TRUE,TRUE
plan,8866d3283dfffff,5.52743914659929,FALSE,FALSE,FALSE,0,0,0,"",FALSE,FALSE,FALSE,FALSE,TRUE,FALSE,FALSE,FALSE
plan,8866d32843fffff,2.29008447146606,TRUE,TRUE,TRUE,0,0,0,"",TRUE,TRUE,TRUE,TRUE,TRUE,TRUE,FALSE,FALSE
plan,8866d32847fffff,2.05014298125593,TRUE,TRUE,TRUE,0,0,0,"",TRUE,TRUE,TRUE,TRUE,TRUE,TRUE,FALSE,FALSE
plan,8866d32851fffff,3.84232649889405,FALSE,TRUE,FALSE,0,0,0,"",FALSE,FALSE,TRUE,FALSE,TRUE,FALSE,FALSE,FALSE
plan,8866d32853fffff,4.82169826164042,FALSE,TRUE,FALSE,0,0,0,"",FALSE,FALSE,TRUE,FALSE,TRUE,FALSE,FALSE,FALSE
plan,8866d32855fffff,3.27955913208207,FALSE,TRUE,TRUE,0,0,0,"",FALSE,FALSE,TRUE,TRUE,TRUE,TRUE,FALSE,FALSE
plan,8866d32857fffff,4.27001678101801,TRUE,TRUE,FALSE,0,0,0,"",TRUE,FALSE,TRUE,FALSE,TRUE,FALSE,TRUE,FALSE
plan,8866d32859fffff,3.63365613905292,FALSE,FALSE,FALSE,0,0,0,"",FALSE,FALSE,FALSE,FALSE,TRUE,FALSE,FALSE,FALSE
plan,8866d3285bfffff,4.55302297461496,FALSE,TRUE,TRUE,0,0,0,"",FALSE,FALSE,TRUE,TRUE,TRUE,TRUE,FALSE,FALSE
plan,8866d3285dfffff,2.87135412868551,FALSE,TRUE,FALSE,0,0,0,"",FALSE,FALSE,TRUE,FALSE,TRUE,FALSE,FALSE,FALSE
plan,8866d32861fffff,2.82796979255014,FALSE,FALSE,FALSE,0,0,0,"",FALSE,FALSE,FALSE,FALSE,TRUE,FALSE,FALSE,FALSE
plan,8866d32863fffff,3.23805790726891,FALSE,TRUE,FALSE,0,0,0,"",FALSE,FALSE,TRUE,FALSE,TRUE,FALSE,FALSE,FALSE
plan,8866d32865fffff,3.58239073609598,FALSE,FALSE,FALSE,0,0,0,"",FALSE,FALSE,FALSE,FALSE,TRUE,FALSE,FALSE,FALSE
plan,8866d32867fffff,3.78329180087435,FALSE,FALSE,FALSE,0,0,0,"",FALSE,FALSE,FALSE,FALSE,TRUE,FALSE,FALSE,FALSE
plan,8866d3286bfffff,2.26288852769398,TRUE,TRUE,FALSE,0,0,0,"",TRUE,FALSE,TRUE,FALSE,TRUE,FALSE,FALSE,FALSE
plan,8866d3286dfffff,2.73426352858411,FALSE,FALSE,FALSE,0,0,0,"",FALSE,FALSE,FALSE,FALSE,TRUE,FALSE,FALSE,FALSE
plan,8866d32881fffff,10.3628103404859,FALSE,FALSE,TRUE,0,0,0,"",FALSE,FALSE,FALSE,FALSE,TRUE,TRUE,FALSE,FALSE
plan,8866d32883fffff,11.3396504432765,TRUE,TRUE,TRUE,2,1,1,persistence only,FALSE,FALSE,FALSE,FALSE,FALSE,FALSE,FALSE,FALSE
plan,8866d32885fffff,10.0595534372881,FALSE,TRUE,FALSE,1,1,0,persistence only,FALSE,FALSE,FALSE,FALSE,FALSE,FALSE,FALSE,FALSE
plan,8866d32887fffff,11.017564754807,TRUE,TRUE,FALSE,1,0,1,persistence only,FALSE,FALSE,FALSE,FALSE,FALSE,FALSE,FALSE,FALSE
plan,8866d3288bfffff,10.7489581375156,TRUE,TRUE,FALSE,6,5,1,persistence only,FALSE,FALSE,FALSE,FALSE,FALSE,FALSE,FALSE,FALSE
plan,8866d3288dfffff,9.38913084755689,FALSE,FALSE,TRUE,0,0,0,"",FALSE,FALSE,FALSE,FALSE,TRUE,TRUE,FALSE,FALSE
plan,8866d32891fffff,12.7249002022326,FALSE,FALSE,FALSE,0,0,0,"",FALSE,FALSE,FALSE,FALSE,TRUE,FALSE,FALSE,FALSE
plan,8866d32893fffff,13.7137376901515,FALSE,FALSE,FALSE,0,0,0,"",FALSE,FALSE,FALSE,FALSE,TRUE,FALSE,FALSE,FALSE
plan,8866d32895fffff,12.3189055215685,FALSE,FALSE,TRUE,0,0,0,"",FALSE,FALSE,FALSE,FALSE,TRUE,TRUE,FALSE,FALSE
plan,8866d32897fffff,13.3000478988824,FALSE,FALSE,TRUE,0,0,0,"",FALSE,FALSE,FALSE,FALSE,TRUE,TRUE,FALSE,FALSE
plan,8866d32899fffff,12.2010831780475,FALSE,FALSE,TRUE,1,1,0,persistence only,FALSE,FALSE,FALSE,FALSE,FALSE,FALSE,FALSE,FALSE
plan,8866d3289bfffff,13.1927841025195,FALSE,FALSE,FALSE,0,0,0,"",FALSE,FALSE,FALSE,FALSE,TRUE,FALSE,FALSE,FALSE
plan,8866d3289dfffff,11.7365938786479,TRUE,TRUE,FALSE,6,5,1,persistence only,FALSE,FALSE,FALSE,FALSE,FALSE,FALSE,FALSE,FALSE
plan,8866d328a1fffff,10.6236858560249,TRUE,TRUE,TRUE,0,0,0,"",TRUE,TRUE,TRUE,TRUE,TRUE,TRUE,TRUE,TRUE
plan,8866d328a3fffff,11.5328792830543,TRUE,TRUE,TRUE,6,3,3,persistence only,FALSE,FALSE,FALSE,FALSE,FALSE,FALSE,FALSE,FALSE
plan,8866d328a5fffff,10.5612496163325,TRUE,TRUE,FALSE,0,0,0,"",TRUE,FALSE,TRUE,FALSE,TRUE,FALSE,TRUE,FALSE
plan,8866d328a7fffff,11.4313974325585,FALSE,TRUE,FALSE,1,1,0,persistence only,FALSE,FALSE,FALSE,FALSE,FALSE,FALSE,FALSE,FALSE
plan,8866d328a9fffff,9.84685866652125,TRUE,TRUE,TRUE,0,0,0,"",TRUE,TRUE,TRUE,TRUE,TRUE,TRUE,TRUE,TRUE
plan,8866d328abfffff,10.7770595184227,TRUE,TRUE,FALSE,0,0,0,"",TRUE,FALSE,TRUE,FALSE,TRUE,FALSE,TRUE,FALSE
plan,8866d328adfffff,9.73067631040983,FALSE,FALSE,FALSE,0,0,0,"",FALSE,FALSE,FALSE,FALSE,TRUE,FALSE,FALSE,FALSE
plan,8866d328b1fffff,12.6656145735036,FALSE,FALSE,FALSE,0,0,0,"",FALSE,FALSE,FALSE,FALSE,TRUE,FALSE,FALSE,FALSE
plan,8866d328b5fffff,12.4547189838436,FALSE,FALSE,FALSE,0,0,0,"",FALSE,FALSE,FALSE,FALSE,TRUE,FALSE,FALSE,FALSE
plan,8866d328b7fffff,13.3865983492269,FALSE,FALSE,FALSE,0,0,0,"",FALSE,FALSE,FALSE,FALSE,TRUE,FALSE,FALSE,FALSE
plan,8866d328b9fffff,11.9811013829758,FALSE,FALSE,FALSE,0,0,0,"",FALSE,FALSE,FALSE,FALSE,TRUE,FALSE,FALSE,FALSE
plan,8866d328bbfffff,12.9489358622524,FALSE,FALSE,FALSE,0,0,0,"",FALSE,FALSE,FALSE,FALSE,TRUE,FALSE,FALSE,FALSE
plan,8866d328bdfffff,11.7173951795092,TRUE,TRUE,FALSE,4,2,2,persistence only,FALSE,FALSE,FALSE,FALSE,FALSE,FALSE,FALSE,FALSE
plan,8866d328c1fffff,8.23476968684901,FALSE,FALSE,TRUE,0,0,0,"",FALSE,FALSE,FALSE,FALSE,TRUE,TRUE,FALSE,FALSE
plan,8866d328c3fffff,9.22625950888929,FALSE,FALSE,TRUE,0,0,0,"",FALSE,FALSE,FALSE,FALSE,TRUE,TRUE,FALSE,FALSE
plan,8866d328c5fffff,7.79252541510145,TRUE,TRUE,TRUE,2,1,1,persistence only,FALSE,FALSE,FALSE,FALSE,FALSE,FALSE,FALSE,FALSE
plan,8866d328c7fffff,8.77656896178323,FALSE,FALSE,FALSE,0,0,0,"",FALSE,FALSE,FALSE,FALSE,TRUE,FALSE,FALSE,FALSE
plan,8866d328c9fffff,7.77851189936806,FALSE,FALSE,FALSE,0,0,0,"",FALSE,FALSE,FALSE,FALSE,TRUE,FALSE,FALSE,FALSE
plan,8866d328cbfffff,8.76687576855709,FALSE,FALSE,TRUE,0,0,0,"",FALSE,FALSE,FALSE,FALSE,TRUE,TRUE,FALSE,FALSE
plan,8866d328cdfffff,7.24336162836522,FALSE,TRUE,TRUE,1,1,0,persistence only,FALSE,FALSE,FALSE,FALSE,FALSE,FALSE,FALSE,FALSE
plan,8866d328d1fffff,10.7455023332416,FALSE,TRUE,FALSE,0,0,0,"",FALSE,FALSE,TRUE,FALSE,TRUE,FALSE,FALSE,FALSE
plan,8866d328d3fffff,11.7354579602871,TRUE,TRUE,TRUE,2,2,0,persistence only,FALSE,FALSE,FALSE,FALSE,FALSE,FALSE,FALSE,FALSE
plan,8866d328d5fffff,10.2178148195059,FALSE,TRUE,FALSE,0,0,0,"",FALSE,FALSE,TRUE,FALSE,TRUE,FALSE,FALSE,FALSE
plan,8866d328d7fffff,11.2094250844461,TRUE,TRUE,FALSE,0,0,0,"",TRUE,FALSE,TRUE,FALSE,TRUE,FALSE,TRUE,FALSE
plan,8866d328d9fffff,10.3533147915018,FALSE,TRUE,FALSE,1,0,1,persistence only,FALSE,FALSE,FALSE,FALSE,FALSE,FALSE,FALSE,FALSE
plan,8866d328dbfffff,11.3351831065593,TRUE,TRUE,TRUE,0,0,0,"",TRUE,TRUE,TRUE,TRUE,TRUE,TRUE,TRUE,TRUE
plan,8866d328ddfffff,9.75593411950243,FALSE,FALSE,TRUE,0,0,0,"",FALSE,FALSE,FALSE,FALSE,TRUE,TRUE,FALSE,FALSE
plan,8866d328e1fffff,8.16783842763942,FALSE,FALSE,TRUE,0,0,0,"",FALSE,FALSE,FALSE,FALSE,TRUE,TRUE,FALSE,FALSE
plan,8866d328e3fffff,9.10880254120968,FALSE,TRUE,TRUE,0,0,0,"",FALSE,FALSE,TRUE,TRUE,TRUE,TRUE,FALSE,FALSE
plan,8866d328e5fffff,8.03088374077928,FALSE,FALSE,TRUE,0,0,0,"",FALSE,FALSE,FALSE,FALSE,TRUE,TRUE,FALSE,FALSE
plan,8866d328e7fffff,8.92995170698367,FALSE,FALSE,FALSE,0,0,0,"",FALSE,FALSE,FALSE,FALSE,TRUE,FALSE,FALSE,FALSE
plan,8866d328e9fffff,7.45616291793596,TRUE,TRUE,TRUE,0,0,0,"",TRUE,TRUE,TRUE,TRUE,TRUE,TRUE,TRUE,TRUE
plan,8866d328ebfffff,8.4196994279411,FALSE,TRUE,TRUE,0,0,0,"",FALSE,FALSE,TRUE,TRUE,TRUE,TRUE,FALSE,FALSE
plan,8866d328edfffff,7.24046710139994,FALSE,FALSE,TRUE,0,0,0,"",FALSE,FALSE,FALSE,FALSE,TRUE,TRUE,FALSE,FALSE
plan,8866d32901fffff,7.82678742173237,FALSE,FALSE,FALSE,0,0,0,"",FALSE,FALSE,FALSE,FALSE,TRUE,FALSE,FALSE,FALSE
plan,8866d32903fffff,7.85062968559845,FALSE,FALSE,FALSE,0,0,0,"",FALSE,FALSE,FALSE,FALSE,TRUE,FALSE,FALSE,FALSE
plan,8866d32909fffff,7.01596063223819,FALSE,FALSE,FALSE,0,0,0,"",FALSE,FALSE,FALSE,FALSE,TRUE,FALSE,FALSE,FALSE
plan,8866d3290bfffff,6.97413885947011,FALSE,FALSE,FALSE,0,0,0,"",FALSE,FALSE,FALSE,FALSE,TRUE,FALSE,FALSE,FALSE
plan,8866d32913fffff,7.66058028940358,FALSE,FALSE,FALSE,0,0,0,"",FALSE,FALSE,FALSE,FALSE,TRUE,FALSE,FALSE,FALSE
plan,8866d3291bfffff,6.68766534067805,FALSE,FALSE,TRUE,0,0,0,"",FALSE,FALSE,FALSE,FALSE,TRUE,TRUE,FALSE,FALSE
plan,8866d32939fffff,8.74858761247345,FALSE,FALSE,FALSE,0,0,0,"",FALSE,FALSE,FALSE,FALSE,TRUE,FALSE,FALSE,FALSE
plan,8866d3295bfffff,4.48342656508913,FALSE,FALSE,FALSE,0,0,0,"",FALSE,FALSE,FALSE,FALSE,TRUE,FALSE,FALSE,FALSE
plan,8866d32981fffff,10.2560177531165,FALSE,FALSE,FALSE,2,0,2,negative ratio,FALSE,FALSE,FALSE,FALSE,FALSE,FALSE,FALSE,FALSE
plan,8866d32983fffff,10.9238915714423,FALSE,FALSE,FALSE,0,0,0,"",FALSE,FALSE,FALSE,FALSE,TRUE,FALSE,FALSE,FALSE
plan,8866d32989fffff,9.29706274805438,FALSE,FALSE,FALSE,0,0,0,"",FALSE,FALSE,FALSE,FALSE,TRUE,FALSE,FALSE,FALSE
plan,8866d3298bfffff,9.98102415499821,FALSE,FALSE,TRUE,0,0,0,"",FALSE,FALSE,FALSE,FALSE,TRUE,TRUE,FALSE,FALSE
plan,8866d3298dfffff,9.644078418617,FALSE,FALSE,FALSE,0,0,0,"",FALSE,FALSE,FALSE,FALSE,TRUE,FALSE,FALSE,FALSE
plan,8866d32991fffff,11.4845750969848,FALSE,FALSE,FALSE,0,0,0,"",FALSE,FALSE,FALSE,FALSE,TRUE,FALSE,FALSE,FALSE
plan,8866d32993fffff,12.2875924386555,FALSE,FALSE,FALSE,0,0,0,"",FALSE,FALSE,FALSE,FALSE,TRUE,FALSE,FALSE,FALSE
plan,8866d32997fffff,12.3905853156373,FALSE,FALSE,FALSE,0,0,0,"",FALSE,FALSE,FALSE,FALSE,TRUE,FALSE,FALSE,FALSE
plan,8866d32999fffff,10.5913682212215,FALSE,FALSE,TRUE,0,0,0,"",FALSE,FALSE,FALSE,FALSE,TRUE,TRUE,FALSE,FALSE
plan,8866d3299bfffff,11.4151728047297,FALSE,FALSE,FALSE,0,0,0,"",FALSE,FALSE,FALSE,FALSE,TRUE,FALSE,FALSE,FALSE
plan,8866d3299dfffff,10.713270037004,FALSE,FALSE,FALSE,0,0,0,"",FALSE,FALSE,FALSE,FALSE,TRUE,FALSE,FALSE,FALSE
plan,8866d329a3fffff,12.5640833918141,FALSE,FALSE,FALSE,1,1,0,negative ratio,FALSE,FALSE,FALSE,FALSE,FALSE,FALSE,FALSE,FALSE
plan,8866d329b1fffff,12.8254110895003,FALSE,FALSE,FALSE,2,1,1,negative ratio,FALSE,FALSE,FALSE,FALSE,FALSE,FALSE,FALSE,FALSE
plan,8866d329b3fffff,13.510202934948,FALSE,FALSE,FALSE,0,0,0,"",FALSE,FALSE,FALSE,FALSE,TRUE,FALSE,FALSE,FALSE
plan,8866d329b5fffff,13.1496935292038,FALSE,FALSE,FALSE,0,0,0,"",FALSE,FALSE,FALSE,FALSE,TRUE,FALSE,FALSE,FALSE
plan,8866d329b7fffff,13.7819098761105,FALSE,FALSE,TRUE,0,0,0,"",FALSE,FALSE,FALSE,FALSE,TRUE,TRUE,FALSE,FALSE
plan,8866d329b9fffff,11.8724360277636,FALSE,FALSE,FALSE,5,3,2,negative ratio,FALSE,FALSE,FALSE,FALSE,FALSE,FALSE,FALSE,FALSE
plan,8866d329bbfffff,12.5709435346253,FALSE,FALSE,TRUE,0,0,0,"",FALSE,FALSE,FALSE,FALSE,TRUE,TRUE,FALSE,FALSE
plan,8866d329bdfffff,12.1829838836615,FALSE,FALSE,FALSE,0,0,0,"",FALSE,FALSE,FALSE,FALSE,TRUE,FALSE,FALSE,FALSE
plan,8866d329c1fffff,7.70318451986592,FALSE,FALSE,FALSE,0,0,0,"",FALSE,FALSE,FALSE,FALSE,TRUE,FALSE,FALSE,FALSE
plan,8866d329c3fffff,8.3424887595369,FALSE,FALSE,FALSE,0,0,0,"",FALSE,FALSE,FALSE,FALSE,TRUE,FALSE,FALSE,FALSE
plan,8866d329c7fffff,8.67280795846844,FALSE,FALSE,FALSE,0,0,0,"",FALSE,FALSE,FALSE,FALSE,TRUE,FALSE,FALSE,FALSE
plan,8866d329c9fffff,6.73589439492274,FALSE,FALSE,FALSE,0,0,0,"",FALSE,FALSE,FALSE,FALSE,TRUE,FALSE,FALSE,FALSE
plan,8866d329cbfffff,7.39396999974903,FALSE,FALSE,FALSE,0,0,0,"",FALSE,FALSE,FALSE,FALSE,TRUE,FALSE,FALSE,FALSE
plan,8866d329cdfffff,7.1448130330542,FALSE,FALSE,FALSE,4,4,0,negative ratio,FALSE,FALSE,FALSE,FALSE,FALSE,FALSE,FALSE,FALSE
plan,8866d329d1fffff,8.89775581008688,FALSE,FALSE,FALSE,0,0,0,"",FALSE,FALSE,FALSE,FALSE,TRUE,FALSE,FALSE,FALSE
plan,8866d329d3fffff,9.7144796648828,TRUE,TRUE,FALSE,0,0,0,"",TRUE,FALSE,TRUE,FALSE,TRUE,FALSE,TRUE,FALSE
plan,8866d329d5fffff,9.04559060319495,FALSE,FALSE,FALSE,0,0,0,"",FALSE,FALSE,FALSE,FALSE,TRUE,FALSE,FALSE,FALSE
plan,8866d329d7fffff,9.79877434000678,FALSE,FALSE,FALSE,0,0,0,"",FALSE,FALSE,FALSE,FALSE,TRUE,FALSE,FALSE,FALSE
plan,8866d329d9fffff,8.01474003811987,TRUE,TRUE,TRUE,0,0,0,"",TRUE,TRUE,TRUE,TRUE,TRUE,TRUE,TRUE,TRUE
plan,8866d329dbfffff,8.85873759182551,TRUE,TRUE,TRUE,0,0,0,"",TRUE,TRUE,TRUE,TRUE,TRUE,TRUE,TRUE,TRUE
plan,8866d329ddfffff,8.12013971990235,FALSE,FALSE,FALSE,0,0,0,"",FALSE,FALSE,FALSE,FALSE,TRUE,FALSE,FALSE,FALSE
plan,8866d32a03fffff,2.24752805560118,FALSE,TRUE,FALSE,0,0,0,"",FALSE,FALSE,TRUE,FALSE,TRUE,FALSE,FALSE,FALSE
plan,8866d32a0bfffff,2.14088415967424,FALSE,TRUE,TRUE,0,0,0,"",FALSE,FALSE,TRUE,TRUE,TRUE,TRUE,FALSE,FALSE
plan,8866d32a11fffff,3.91854587433113,FALSE,TRUE,TRUE,2,0,2,persistence only,FALSE,FALSE,FALSE,FALSE,FALSE,FALSE,FALSE,FALSE
plan,8866d32a13fffff,4.86719351301753,FALSE,FALSE,FALSE,0,0,0,"",FALSE,FALSE,FALSE,FALSE,TRUE,FALSE,FALSE,FALSE
plan,8866d32a15fffff,3.22682771646954,TRUE,TRUE,FALSE,7,5,2,persistence only,FALSE,FALSE,FALSE,FALSE,FALSE,FALSE,FALSE,FALSE
plan,8866d32a17fffff,4.2118115974509,FALSE,TRUE,TRUE,5,4,1,persistence only,FALSE,FALSE,FALSE,FALSE,FALSE,FALSE,FALSE,FALSE
plan,8866d32a19fffff,3.50690728372679,FALSE,FALSE,TRUE,0,0,0,"",FALSE,FALSE,FALSE,FALSE,TRUE,TRUE,FALSE,FALSE
plan,8866d32a1bfffff,4.4965873577663,FALSE,TRUE,TRUE,0,0,0,"",FALSE,FALSE,TRUE,TRUE,TRUE,TRUE,FALSE,FALSE
plan,8866d32a1dfffff,2.99771989900204,TRUE,TRUE,TRUE,0,0,0,"",TRUE,TRUE,TRUE,TRUE,TRUE,TRUE,FALSE,FALSE
plan,8866d32a31fffff,2.75040395644235,FALSE,TRUE,TRUE,0,0,0,"",FALSE,FALSE,TRUE,TRUE,TRUE,TRUE,FALSE,FALSE
plan,8866d32a33fffff,3.68139325175213,FALSE,TRUE,FALSE,0,0,0,"",FALSE,FALSE,TRUE,FALSE,TRUE,FALSE,FALSE,FALSE
plan,8866d32a35fffff,2.01225888057894,TRUE,TRUE,FALSE,0,0,0,"",TRUE,FALSE,TRUE,FALSE,TRUE,FALSE,FALSE,FALSE
plan,8866d32a37fffff,2.76463948252308,TRUE,TRUE,FALSE,0,0,0,"",TRUE,FALSE,TRUE,FALSE,TRUE,FALSE,FALSE,FALSE
plan,8866d32a39fffff,2.67200520499968,FALSE,TRUE,FALSE,1,1,0,persistence only,FALSE,FALSE,FALSE,FALSE,FALSE,FALSE,FALSE,FALSE
plan,8866d32a3bfffff,3.5267328037268,TRUE,TRUE,FALSE,3,2,1,persistence only,FALSE,FALSE,FALSE,FALSE,FALSE,FALSE,FALSE,FALSE
plan,8866d32a51fffff,2.11689322937912,TRUE,TRUE,FALSE,7,5,2,persistence only,FALSE,FALSE,FALSE,FALSE,FALSE,FALSE,FALSE,FALSE
plan,8866d32a53fffff,3.07869919388692,FALSE,TRUE,TRUE,3,2,1,persistence only,FALSE,FALSE,FALSE,FALSE,FALSE,FALSE,FALSE,FALSE
plan,8866d32a57fffff,2.51857902444763,TRUE,TRUE,FALSE,6,5,1,persistence only,FALSE,FALSE,FALSE,FALSE,FALSE,FALSE,FALSE,FALSE
plan,8866d32a59fffff,2.12770007271701,TRUE,TRUE,TRUE,1,1,0,persistence only,FALSE,FALSE,FALSE,FALSE,FALSE,FALSE,FALSE,FALSE
plan,8866d32a5bfffff,2.92684426483423,TRUE,TRUE,TRUE,0,0,0,"",TRUE,TRUE,TRUE,TRUE,TRUE,TRUE,FALSE,FALSE
plan,8866d32a65fffff,2.19378179762103,FALSE,TRUE,TRUE,0,0,0,"",FALSE,FALSE,TRUE,TRUE,TRUE,TRUE,FALSE,FALSE
plan,8866d32a6dfffff,2.10549785877521,FALSE,FALSE,FALSE,0,0,0,"",FALSE,FALSE,FALSE,FALSE,TRUE,FALSE,FALSE,FALSE
plan,8866d32a81fffff,7.93066361005059,FALSE,TRUE,TRUE,0,0,0,"",FALSE,FALSE,TRUE,TRUE,TRUE,TRUE,FALSE,FALSE
plan,8866d32a83fffff,8.79649102651484,FALSE,TRUE,FALSE,0,0,0,"",FALSE,FALSE,TRUE,FALSE,TRUE,FALSE,FALSE,FALSE
plan,8866d32a85fffff,7.0743614575213,FALSE,FALSE,FALSE,0,0,0,"",FALSE,FALSE,FALSE,FALSE,TRUE,FALSE,FALSE,FALSE
plan,8866d32a87fffff,7.97005172073659,FALSE,FALSE,FALSE,0,0,0,"",FALSE,FALSE,FALSE,FALSE,TRUE,FALSE,FALSE,FALSE
plan,8866d32a89fffff,7.77754487050177,FALSE,TRUE,FALSE,0,0,0,"",FALSE,FALSE,TRUE,FALSE,TRUE,FALSE,FALSE,FALSE
plan,8866d32a8bfffff,8.75727723361042,FALSE,TRUE,TRUE,0,0,0,"",FALSE,FALSE,TRUE,TRUE,TRUE,TRUE,FALSE,FALSE
plan,8866d32a8dfffff,7.06991515490677,FALSE,FALSE,FALSE,0,0,0,"",FALSE,FALSE,FALSE,FALSE,TRUE,FALSE,FALSE,FALSE
plan,8866d32a91fffff,10.5190218896904,FALSE,FALSE,TRUE,0,0,0,"",FALSE,FALSE,FALSE,FALSE,TRUE,TRUE,FALSE,FALSE
plan,8866d32a93fffff,11.4049984053387,FALSE,TRUE,FALSE,0,0,0,"",FALSE,FALSE,TRUE,FALSE,TRUE,FALSE,FALSE,FALSE
plan,8866d32a95fffff,9.68647761362485,FALSE,TRUE,TRUE,0,0,0,"",FALSE,FALSE,TRUE,TRUE,TRUE,TRUE,FALSE,FALSE
plan,8866d32a97fffff,10.5945439618484,FALSE,FALSE,FALSE,0,0,0,"",FALSE,FALSE,FALSE,FALSE,TRUE,FALSE,FALSE,FALSE
plan,8866d32a99fffff,10.3827842590782,FALSE,TRUE,FALSE,0,0,0,"",FALSE,FALSE,TRUE,FALSE,TRUE,FALSE,FALSE,FALSE
plan,8866d32a9bfffff,11.3553046922342,FALSE,TRUE,FALSE,0,0,0,"",FALSE,FALSE,TRUE,FALSE,TRUE,FALSE,FALSE,FALSE
plan,8866d32a9dfffff,9.65362940433365,TRUE,TRUE,FALSE,0,0,0,"",TRUE,FALSE,TRUE,FALSE,TRUE,FALSE,TRUE,FALSE
plan,8866d32aa3fffff,7.42356190068871,FALSE,FALSE,FALSE,0,0,0,"",FALSE,FALSE,FALSE,FALSE,TRUE,FALSE,FALSE,FALSE
plan,8866d32aa5fffff,5.80523329424781,FALSE,TRUE,FALSE,0,0,0,"",FALSE,FALSE,TRUE,FALSE,TRUE,FALSE,FALSE,FALSE
plan,8866d32aa7fffff,6.7911344000891,FALSE,TRUE,FALSE,1,1,0,persistence only,FALSE,FALSE,FALSE,FALSE,FALSE,FALSE,FALSE,FALSE
plan,8866d32aa9fffff,6.25745480723591,FALSE,FALSE,TRUE,0,0,0,"",FALSE,FALSE,FALSE,FALSE,TRUE,TRUE,FALSE,FALSE
plan,8866d32aabfffff,7.18492624200158,FALSE,FALSE,FALSE,0,0,0,"",FALSE,FALSE,FALSE,FALSE,TRUE,FALSE,FALSE,FALSE
plan,8866d32aadfffff,5.49755135587201,FALSE,TRUE,FALSE,0,0,0,"",FALSE,FALSE,TRUE,FALSE,TRUE,FALSE,FALSE,FALSE
plan,8866d32ab1fffff,9.08066832095158,FALSE,FALSE,TRUE,0,0,0,"",FALSE,FALSE,FALSE,FALSE,TRUE,TRUE,FALSE,FALSE
plan,8866d32ab3fffff,10.0412545555092,FALSE,TRUE,FALSE,1,0,1,persistence only,FALSE,FALSE,FALSE,FALSE,FALSE,FALSE,FALSE,FALSE
plan,8866d32ab5fffff,8.39659028358847,FALSE,FALSE,FALSE,0,0,0,"",FALSE,FALSE,FALSE,FALSE,TRUE,FALSE,FALSE,FALSE
plan,8866d32ab7fffff,9.37354232692323,FALSE,FALSE,FALSE,0,0,0,"",FALSE,FALSE,FALSE,FALSE,TRUE,FALSE,FALSE,FALSE
plan,8866d32ab9fffff,8.88614856300536,FALSE,FALSE,FALSE,0,0,0,"",FALSE,FALSE,FALSE,FALSE,TRUE,FALSE,FALSE,FALSE
plan,8866d32abbfffff,9.81694859485196,FALSE,TRUE,TRUE,0,0,0,"",FALSE,FALSE,TRUE,TRUE,TRUE,TRUE,FALSE,FALSE
plan,8866d32abdfffff,8.12756908050706,FALSE,FALSE,FALSE,0,0,0,"",FALSE,FALSE,FALSE,FALSE,TRUE,FALSE,FALSE,FALSE
plan,8866d32ac1fffff,6.47757222847896,TRUE,TRUE,TRUE,0,0,0,"",TRUE,TRUE,TRUE,TRUE,TRUE,TRUE,TRUE,TRUE
plan,8866d32ac3fffff,7.46846689196195,TRUE,TRUE,FALSE,0,0,0,"",TRUE,FALSE,TRUE,FALSE,TRUE,FALSE,TRUE,FALSE
plan,8866d32ac5fffff,5.83011090590478,FALSE,FALSE,FALSE,0,0,0,"",FALSE,FALSE,FALSE,FALSE,TRUE,FALSE,FALSE,FALSE
plan,8866d32ac7fffff,6.80125125673068,FALSE,TRUE,FALSE,1,0,1,persistence only,FALSE,FALSE,FALSE,FALSE,FALSE,FALSE,FALSE,FALSE
plan,8866d32ac9fffff,6.02195212144514,TRUE,TRUE,TRUE,0,0,0,"",TRUE,TRUE,TRUE,TRUE,TRUE,TRUE,TRUE,TRUE
plan,8866d32acbfffff,7.00887203247351,TRUE,TRUE,TRUE,0,0,0,"",TRUE,TRUE,TRUE,TRUE,TRUE,TRUE,TRUE,TRUE
plan,8866d32acdfffff,5.48690201879648,FALSE,FALSE,FALSE,0,0,0,"",FALSE,FALSE,FALSE,FALSE,TRUE,FALSE,FALSE,FALSE
plan,8866d32ad1fffff,8.98575471834356,FALSE,TRUE,FALSE,0,0,0,"",FALSE,FALSE,TRUE,FALSE,TRUE,FALSE,FALSE,FALSE
plan,8866d32ad3fffff,9.9751299571289,FALSE,TRUE,TRUE,0,0,0,"",FALSE,FALSE,TRUE,TRUE,TRUE,TRUE,FALSE,FALSE
plan,8866d32ad5fffff,8.45109548750925,FALSE,TRUE,FALSE,0,0,0,"",FALSE,FALSE,TRUE,FALSE,TRUE,FALSE,FALSE,FALSE
plan,8866d32ad7fffff,9.41425959142734,FALSE,TRUE,TRUE,0,0,0,"",FALSE,FALSE,TRUE,TRUE,TRUE,TRUE,FALSE,FALSE
plan,8866d32ad9fffff,8.60704639157418,TRUE,TRUE,FALSE,0,0,0,"",TRUE,FALSE,TRUE,FALSE,TRUE,FALSE,TRUE,FALSE
plan,8866d32adbfffff,9.58549240765866,FALSE,TRUE,FALSE,0,0,0,"",FALSE,FALSE,TRUE,FALSE,TRUE,FALSE,FALSE,FALSE
plan,8866d32addfffff,7.99692831362896,TRUE,TRUE,FALSE,0,0,0,"",TRUE,FALSE,TRUE,FALSE,TRUE,FALSE,TRUE,FALSE
plan,8866d32ae1fffff,5.37890332353066,FALSE,FALSE,TRUE,0,0,0,"",FALSE,FALSE,FALSE,FALSE,TRUE,TRUE,FALSE,FALSE
plan,8866d32ae3fffff,6.20790452501559,FALSE,FALSE,TRUE,1,0,1,persistence only,FALSE,FALSE,FALSE,FALSE,FALSE,FALSE,FALSE,FALSE
plan,8866d32ae5fffff,4.48560380513216,FALSE,TRUE,FALSE,2,2,0,persistence only,FALSE,FALSE,FALSE,FALSE,FALSE,FALSE,FALSE,FALSE
plan,8866d32ae7fffff,5.35303195860464,FALSE,FALSE,FALSE,0,0,0,"",FALSE,FALSE,FALSE,FALSE,TRUE,FALSE,FALSE,FALSE
plan,8866d32ae9fffff,5.19926512431193,FALSE,FALSE,FALSE,0,0,0,"",FALSE,FALSE,FALSE,FALSE,TRUE,FALSE,FALSE,FALSE
plan,8866d32aebfffff,6.14647860863094,FALSE,FALSE,TRUE,0,0,0,"",FALSE,FALSE,FALSE,FALSE,TRUE,TRUE,FALSE,FALSE
plan,8866d32aedfffff,4.43870724667677,FALSE,FALSE,FALSE,0,0,0,"",FALSE,FALSE,FALSE,FALSE,TRUE,FALSE,FALSE,FALSE
plan,8866d32b01fffff,4.13957601100191,FALSE,FALSE,FALSE,0,0,0,"",FALSE,FALSE,FALSE,FALSE,TRUE,FALSE,FALSE,FALSE
plan,8866d32b03fffff,3.28651627074493,FALSE,FALSE,FALSE,0,0,0,"",FALSE,FALSE,FALSE,FALSE,TRUE,FALSE,FALSE,FALSE
plan,8866d32b05fffff,5.00520576362705,FALSE,FALSE,FALSE,0,0,0,"",FALSE,FALSE,FALSE,FALSE,TRUE,FALSE,FALSE,FALSE
plan,8866d32b09fffff,4.29116761125291,FALSE,FALSE,FALSE,0,0,0,"",FALSE,FALSE,FALSE,FALSE,TRUE,FALSE,FALSE,FALSE
plan,8866d32b0bfffff,3.34355056981764,FALSE,FALSE,FALSE,0,0,0,"",FALSE,FALSE,FALSE,FALSE,TRUE,FALSE,FALSE,FALSE
plan,8866d32b15fffff,2.53614644608177,FALSE,FALSE,FALSE,0,0,0,"",FALSE,FALSE,FALSE,FALSE,TRUE,FALSE,FALSE,FALSE
plan,8866d32b17fffff,2.00718615193097,FALSE,TRUE,FALSE,0,0,0,"",FALSE,FALSE,TRUE,FALSE,TRUE,FALSE,FALSE,FALSE
plan,8866d32b1dfffff,2.41914989956481,FALSE,FALSE,FALSE,0,0,0,"",FALSE,FALSE,FALSE,FALSE,TRUE,FALSE,FALSE,FALSE
plan,8866d32b21fffff,6.11588089080833,FALSE,FALSE,TRUE,0,0,0,"",FALSE,FALSE,FALSE,FALSE,TRUE,TRUE,FALSE,FALSE
plan,8866d32b25fffff,7.08455616670212,FALSE,FALSE,FALSE,0,0,0,"",FALSE,FALSE,FALSE,FALSE,TRUE,FALSE,FALSE,FALSE
plan,8866d32b27fffff,6.46453964396352,FALSE,FALSE,FALSE,0,0,0,"",FALSE,FALSE,FALSE,FALSE,TRUE,FALSE,FALSE,FALSE
plan,8866d32b29fffff,5.90994975848382,FALSE,FALSE,FALSE,0,0,0,"",FALSE,FALSE,FALSE,FALSE,TRUE,FALSE,FALSE,FALSE
plan,8866d32b39fffff,3.51173828093432,FALSE,FALSE,FALSE,0,0,0,"",FALSE,FALSE,FALSE,FALSE,TRUE,FALSE,FALSE,FALSE
plan,8866d32b3bfffff,2.98684008632862,FALSE,FALSE,FALSE,1,1,0,negative ratio,FALSE,FALSE,FALSE,FALSE,FALSE,FALSE,FALSE,FALSE
plan,8866d32b45fffff,5.96540242709734,FALSE,FALSE,FALSE,0,0,0,"",FALSE,FALSE,FALSE,FALSE,TRUE,FALSE,FALSE,FALSE
plan,8866d32b49fffff,5.38953428857299,FALSE,FALSE,FALSE,0,0,0,"",FALSE,FALSE,FALSE,FALSE,TRUE,FALSE,FALSE,FALSE
plan,8866d32b4dfffff,6.09130093260819,FALSE,FALSE,FALSE,0,0,0,"",FALSE,FALSE,FALSE,FALSE,TRUE,FALSE,FALSE,FALSE
plan,8866d32b51fffff,2.52750631913906,FALSE,FALSE,FALSE,0,0,0,"",FALSE,FALSE,FALSE,FALSE,TRUE,FALSE,FALSE,FALSE
plan,8866d32b55fffff,3.37960614511978,FALSE,FALSE,FALSE,0,0,0,"",FALSE,FALSE,FALSE,FALSE,TRUE,FALSE,FALSE,FALSE
plan,8866d32b57fffff,2.60609026160354,FALSE,FALSE,FALSE,0,0,0,"",FALSE,FALSE,FALSE,FALSE,TRUE,FALSE,FALSE,FALSE
plan,8866d32b59fffff,2.80953550608342,FALSE,FALSE,FALSE,0,0,0,"",FALSE,FALSE,FALSE,FALSE,TRUE,FALSE,FALSE,FALSE
plan,8866d32b69fffff,6.82298932232144,FALSE,FALSE,FALSE,0,0,0,"",FALSE,FALSE,FALSE,FALSE,TRUE,FALSE,FALSE,FALSE
plan,8866d32c01fffff,21.087586755154,FALSE,FALSE,FALSE,0,0,0,"",FALSE,FALSE,FALSE,FALSE,TRUE,FALSE,FALSE,FALSE
plan,8866d32c03fffff,22.0616800877181,FALSE,FALSE,FALSE,1,1,0,persistence only,FALSE,FALSE,FALSE,FALSE,FALSE,FALSE,FALSE,FALSE
plan,8866d32c05fffff,20.4384674467332,FALSE,FALSE,TRUE,0,0,0,"",FALSE,FALSE,FALSE,FALSE,TRUE,TRUE,FALSE,FALSE
plan,8866d32c07fffff,21.4185634722575,FALSE,FALSE,TRUE,3,3,0,negative ratio,FALSE,FALSE,FALSE,FALSE,FALSE,FALSE,FALSE,FALSE
plan,8866d32c09fffff,20.7973330032144,FALSE,FALSE,FALSE,0,0,0,"",FALSE,FALSE,FALSE,FALSE,TRUE,FALSE,FALSE,FALSE
plan,8866d32c0bfffff,21.7623352686334,FALSE,FALSE,TRUE,0,0,0,"",FALSE,FALSE,FALSE,FALSE,TRUE,TRUE,FALSE,FALSE
plan,8866d32c0dfffff,20.1152588678719,FALSE,FALSE,FALSE,0,0,0,"",FALSE,FALSE,FALSE,FALSE,TRUE,FALSE,FALSE,FALSE
plan,8866d32c13fffff,24.6702795577857,FALSE,FALSE,FALSE,0,0,0,"",FALSE,FALSE,FALSE,FALSE,TRUE,FALSE,FALSE,FALSE
plan,8866d32c1bfffff,24.3830085151357,FALSE,FALSE,FALSE,0,0,0,"",FALSE,FALSE,FALSE,FALSE,TRUE,FALSE,FALSE,FALSE
plan,8866d32c21fffff,20.2163926825173,FALSE,FALSE,TRUE,0,0,0,"",FALSE,FALSE,FALSE,FALSE,TRUE,TRUE,FALSE,FALSE
plan,8866d32c27fffff,20.6539028510808,FALSE,FALSE,FALSE,0,0,0,"",FALSE,FALSE,FALSE,FALSE,TRUE,FALSE,FALSE,FALSE
plan,8866d32c2bfffff,20.8026375873709,FALSE,FALSE,FALSE,0,0,0,"",FALSE,FALSE,FALSE,FALSE,TRUE,FALSE,FALSE,FALSE
plan,8866d32c2dfffff,19.2274201125722,FALSE,FALSE,FALSE,0,0,0,"",FALSE,FALSE,FALSE,FALSE,TRUE,FALSE,FALSE,FALSE
plan,8866d32c31fffff,22.7747536913287,FALSE,FALSE,TRUE,0,0,0,"",FALSE,FALSE,FALSE,FALSE,TRUE,TRUE,FALSE,FALSE
plan,8866d32c35fffff,22.1952061083369,FALSE,FALSE,FALSE,2,1,1,negative ratio,FALSE,FALSE,FALSE,FALSE,FALSE,FALSE,FALSE,FALSE
plan,8866d32c39fffff,22.3997248294872,FALSE,FALSE,FALSE,0,0,0,"",FALSE,FALSE,FALSE,FALSE,TRUE,FALSE,FALSE,FALSE
plan,8866d32c3dfffff,21.7884151626766,FALSE,FALSE,FALSE,0,0,0,"",FALSE,FALSE,FALSE,FALSE,TRUE,FALSE,FALSE,FALSE
plan,8866d32c41fffff,19.5995424923984,FALSE,FALSE,FALSE,0,0,0,"",FALSE,FALSE,FALSE,FALSE,TRUE,FALSE,FALSE,FALSE
plan,8866d32c43fffff,20.5495196661283,FALSE,FALSE,FALSE,0,0,0,"",FALSE,FALSE,FALSE,FALSE,TRUE,FALSE,FALSE,FALSE
plan,8866d32c45fffff,18.8757589617058,FALSE,FALSE,TRUE,0,0,0,"",FALSE,FALSE,FALSE,FALSE,TRUE,TRUE,FALSE,FALSE
plan,8866d32c47fffff,19.835005838462,FALSE,FALSE,TRUE,0,0,0,"",FALSE,FALSE,FALSE,FALSE,TRUE,TRUE,FALSE,FALSE
plan,8866d32c49fffff,19.4104901893134,FALSE,FALSE,TRUE,0,0,0,"",FALSE,FALSE,FALSE,FALSE,TRUE,TRUE,FALSE,FALSE
plan,8866d32c4bfffff,20.3456892944004,FALSE,FALSE,TRUE,0,0,0,"",FALSE,FALSE,FALSE,FALSE,TRUE,TRUE,FALSE,FALSE
plan,8866d32c4dfffff,18.6539441337494,FALSE,FALSE,FALSE,0,0,0,"",FALSE,FALSE,FALSE,FALSE,TRUE,FALSE,FALSE,FALSE
plan,8866d32c53fffff,23.1796670038101,FALSE,FALSE,FALSE,0,0,0,"",FALSE,FALSE,FALSE,FALSE,TRUE,FALSE,FALSE,FALSE
plan,8866d32c5bfffff,22.9780069636787,FALSE,FALSE,FALSE,0,0,0,"",FALSE,FALSE,FALSE,FALSE,TRUE,FALSE,FALSE,FALSE
plan,8866d32c61fffff,18.4821329767141,FALSE,FALSE,FALSE,0,0,0,"",FALSE,FALSE,FALSE,FALSE,TRUE,FALSE,FALSE,FALSE
plan,8866d32c63fffff,19.4595938854239,FALSE,FALSE,FALSE,4,2,2,negative ratio,FALSE,FALSE,FALSE,FALSE,FALSE,FALSE,FALSE,FALSE
plan,8866d32c65fffff,17.8495579009609,FALSE,FALSE,FALSE,1,1,0,negative ratio,FALSE,FALSE,FALSE,FALSE,FALSE,FALSE,FALSE,FALSE
plan,8866d32c67fffff,18.8331017433468,FALSE,FALSE,FALSE,0,0,0,"",FALSE,FALSE,FALSE,FALSE,TRUE,FALSE,FALSE,FALSE
plan,8866d32c69fffff,18.1770157404972,FALSE,FALSE,FALSE,0,0,0,"",FALSE,FALSE,FALSE,FALSE,TRUE,FALSE,FALSE,FALSE
plan,8866d32c6bfffff,19.1449615120904,FALSE,FALSE,TRUE,0,0,0,"",FALSE,FALSE,FALSE,FALSE,TRUE,TRUE,FALSE,FALSE
plan,8866d32c6dfffff,17.5063170616084,FALSE,FALSE,FALSE,0,0,0,"",FALSE,FALSE,FALSE,FALSE,TRUE,FALSE,FALSE,FALSE
plan,8866d32d41fffff,15.17630092185,FALSE,FALSE,FALSE,0,0,0,"",FALSE,FALSE,FALSE,FALSE,TRUE,FALSE,FALSE,FALSE
plan,8866d32d45fffff,14.7030043485696,FALSE,FALSE,FALSE,0,0,0,"",FALSE,FALSE,FALSE,FALSE,TRUE,FALSE,FALSE,FALSE
plan,8866d32d4bfffff,15.6977855468519,FALSE,FALSE,FALSE,0,0,0,"",FALSE,FALSE,FALSE,FALSE,TRUE,FALSE,FALSE,FALSE
plan,8866d32d4dfffff,14.1845242442916,FALSE,FALSE,TRUE,0,0,0,"",FALSE,FALSE,FALSE,FALSE,TRUE,TRUE,FALSE,FALSE
plan,8866d32d53fffff,18.6711588546535,FALSE,FALSE,TRUE,0,0,0,"",FALSE,FALSE,FALSE,FALSE,TRUE,TRUE,FALSE,FALSE
plan,8866d32d6dfffff,13.9201772453581,FALSE,FALSE,FALSE,1,1,0,negative ratio,FALSE,FALSE,FALSE,FALSE,FALSE,FALSE,FALSE,FALSE
plan,8866d32dc9fffff,21.6453929593535,FALSE,FALSE,FALSE,0,0,0,"",FALSE,FALSE,FALSE,FALSE,TRUE,FALSE,FALSE,FALSE
plan,8866d32e01fffff,19.350086744991,FALSE,FALSE,TRUE,0,0,0,"",FALSE,FALSE,FALSE,FALSE,TRUE,TRUE,FALSE,FALSE
plan,8866d32e03fffff,20.3212255662418,FALSE,FALSE,TRUE,0,0,0,"",FALSE,FALSE,FALSE,FALSE,TRUE,TRUE,FALSE,FALSE
plan,8866d32e07fffff,19.6691792779433,FALSE,FALSE,FALSE,0,0,0,"",FALSE,FALSE,FALSE,FALSE,TRUE,FALSE,FALSE,FALSE
plan,8866d32e09fffff,19.0757626576731,FALSE,FALSE,FALSE,0,0,0,"",FALSE,FALSE,FALSE,FALSE,TRUE,FALSE,FALSE,FALSE
plan,8866d32e0bfffff,20.0362351675276,FALSE,FALSE,TRUE,0,0,0,"",FALSE,FALSE,FALSE,FALSE,TRUE,TRUE,FALSE,FALSE
plan,8866d32e0dfffff,18.3811635308901,FALSE,FALSE,TRUE,0,0,0,"",FALSE,FALSE,FALSE,FALSE,TRUE,TRUE,FALSE,FALSE
plan,8866d32e11fffff,21.9655599420476,FALSE,FALSE,TRUE,1,1,0,persistence only,FALSE,FALSE,FALSE,FALSE,FALSE,FALSE,FALSE,FALSE
plan,8866d32e13fffff,22.9337137915662,FALSE,FALSE,FALSE,1,1,0,persistence only,FALSE,FALSE,FALSE,FALSE,FALSE,FALSE,FALSE,FALSE
plan,8866d32e15fffff,21.2942803900951,FALSE,FALSE,FALSE,0,0,0,"",FALSE,FALSE,FALSE,FALSE,TRUE,FALSE,FALSE,FALSE
plan,8866d32e17fffff,22.2690034190823,FALSE,FALSE,TRUE,0,0,0,"",FALSE,FALSE,FALSE,FALSE,TRUE,TRUE,FALSE,FALSE
plan,8866d32e19fffff,21.7019100890398,FALSE,FALSE,FALSE,0,0,0,"",FALSE,FALSE,FALSE,FALSE,TRUE,FALSE,FALSE,FALSE
plan,8866d32e1bfffff,22.6601328371603,FALSE,FALSE,FALSE,0,0,0,"",FALSE,FALSE,FALSE,FALSE,TRUE,FALSE,FALSE,FALSE
plan,8866d32e1dfffff,20.9996278673755,FALSE,FALSE,TRUE,0,0,0,"",FALSE,FALSE,FALSE,FALSE,TRUE,TRUE,FALSE,FALSE
plan,8866d32e21fffff,18.358945533234,FALSE,FALSE,FALSE,1,1,0,persistence only,FALSE,FALSE,FALSE,FALSE,FALSE,FALSE,FALSE,FALSE
plan,8866d32e23fffff,19.2692062347091,FALSE,FALSE,FALSE,0,0,0,"",FALSE,FALSE,FALSE,FALSE,TRUE,FALSE,FALSE,FALSE
plan,8866d32e25fffff,17.5587975828755,FALSE,FALSE,TRUE,1,1,0,persistence only,FALSE,FALSE,FALSE,FALSE,FALSE,FALSE,FALSE,FALSE
plan,8866d32e27fffff,18.4812142298598,FALSE,FALSE,TRUE,1,0,1,persistence only,FALSE,FALSE,FALSE,FALSE,FALSE,FALSE,FALSE,FALSE
plan,8866d32e29fffff,18.0622834836697,FALSE,FALSE,FALSE,0,0,0,"",FALSE,FALSE,FALSE,FALSE,TRUE,FALSE,FALSE,FALSE
plan,8866d32e2bfffff,19.0462012797699,FALSE,FALSE,FALSE,0,0,0,"",FALSE,FALSE,FALSE,FALSE,TRUE,FALSE,FALSE,FALSE
plan,8866d32e2dfffff,17.4575837711321,FALSE,FALSE,TRUE,0,0,0,"",FALSE,FALSE,FALSE,FALSE,TRUE,TRUE,FALSE,FALSE
plan,8866d32e33fffff,21.8958431993681,FALSE,FALSE,FALSE,0,0,0,"",FALSE,FALSE,FALSE,FALSE,TRUE,FALSE,FALSE,FALSE
plan,8866d32e35fffff,20.1871658519943,FALSE,FALSE,FALSE,0,0,0,"",FALSE,FALSE,FALSE,FALSE,TRUE,FALSE,FALSE,FALSE
plan,8866d32e39fffff,20.6485708901364,FALSE,FALSE,FALSE,0,0,0,"",FALSE,FALSE,FALSE,FALSE,TRUE,FALSE,FALSE,FALSE
plan,8866d32e3bfffff,21.6291083612118,FALSE,FALSE,TRUE,0,0,0,"",FALSE,FALSE,FALSE,FALSE,TRUE,TRUE,FALSE,FALSE
plan,8866d32e3dfffff,20.030909338904,FALSE,FALSE,FALSE,0,0,0,"",FALSE,FALSE,FALSE,FALSE,TRUE,FALSE,FALSE,FALSE
plan,8866d32e41fffff,17.9057084304488,FALSE,FALSE,FALSE,0,0,0,"",FALSE,FALSE,FALSE,FALSE,TRUE,FALSE,FALSE,FALSE
plan,8866d32e43fffff,18.8481528613377,FALSE,FALSE,FALSE,0,0,0,"",FALSE,FALSE,FALSE,FALSE,TRUE,FALSE,FALSE,FALSE
plan,8866d32e45fffff,17.1655200432048,FALSE,FALSE,TRUE,0,0,0,"",FALSE,FALSE,FALSE,FALSE,TRUE,TRUE,FALSE,FALSE
plan,8866d32e47fffff,18.1186705939538,FALSE,FALSE,FALSE,0,0,0,"",FALSE,FALSE,FALSE,FALSE,TRUE,FALSE,FALSE,FALSE
plan,8866d32e49fffff,17.7440509531381,FALSE,FALSE,FALSE,0,0,0,"",FALSE,FALSE,FALSE,FALSE,TRUE,FALSE,FALSE,FALSE
plan,8866d32e4bfffff,18.6689569525018,FALSE,FALSE,FALSE,0,0,0,"",FALSE,FALSE,FALSE,FALSE,TRUE,FALSE,FALSE,FALSE
plan,8866d32e4dfffff,16.9688864681159,FALSE,FALSE,FALSE,0,0,0,"",FALSE,FALSE,FALSE,FALSE,TRUE,FALSE,FALSE,FALSE
plan,8866d32e51fffff,20.5374982713227,FALSE,FALSE,FALSE,0,0,0,"",FALSE,FALSE,FALSE,FALSE,TRUE,FALSE,FALSE,FALSE
plan,8866d32e53fffff,21.4795113605875,FALSE,FALSE,FALSE,1,1,0,persistence only,FALSE,FALSE,FALSE,FALSE,FALSE,FALSE,FALSE,FALSE
plan,8866d32e55fffff,19.7954205435868,FALSE,FALSE,FALSE,0,0,0,"",FALSE,FALSE,FALSE,FALSE,TRUE,FALSE,FALSE,FALSE
plan,8866d32e57fffff,20.7468544490858,FALSE,FALSE,TRUE,0,0,0,"",FALSE,FALSE,FALSE,FALSE,TRUE,TRUE,FALSE,FALSE
plan,8866d32e59fffff,20.3728895454639,FALSE,FALSE,FALSE,0,0,0,"",FALSE,FALSE,FALSE,FALSE,TRUE,FALSE,FALSE,FALSE
plan,8866d32e5bfffff,21.2996479964927,FALSE,FALSE,FALSE,0,0,0,"",FALSE,FALSE,FALSE,FALSE,TRUE,FALSE,FALSE,FALSE
plan,8866d32e5dfffff,19.6004013686342,FALSE,FALSE,TRUE,0,0,0,"",FALSE,FALSE,FALSE,FALSE,TRUE,TRUE,FALSE,FALSE
plan,8866d32e61fffff,16.7398448886057,FALSE,FALSE,FALSE,0,0,0,"",FALSE,FALSE,FALSE,FALSE,TRUE,FALSE,FALSE,FALSE
plan,8866d32e63fffff,17.7145766969995,FALSE,FALSE,FALSE,0,0,0,"",FALSE,FALSE,FALSE,FALSE,TRUE,FALSE,FALSE,FALSE
plan,8866d32e65fffff,16.0973794943706,FALSE,TRUE,FALSE,1,0,1,persistence only,FALSE,FALSE,FALSE,FALSE,FALSE,FALSE,FALSE,FALSE
plan,8866d32e67fffff,17.0792881219289,FALSE,FALSE,TRUE,0,0,0,"",FALSE,FALSE,FALSE,FALSE,TRUE,TRUE,FALSE,FALSE
plan,8866d32e69fffff,16.4515106678563,FALSE,FALSE,TRUE,0,0,0,"",FALSE,FALSE,FALSE,FALSE,TRUE,TRUE,FALSE,FALSE
plan,8866d32e6bfffff,17.4148214208435,FALSE,FALSE,TRUE,0,0,0,"",FALSE,FALSE,FALSE,FALSE,TRUE,TRUE,FALSE,FALSE
plan,8866d32e6dfffff,15.7672434632486,FALSE,FALSE,FALSE,0,0,0,"",FALSE,FALSE,FALSE,FALSE,TRUE,FALSE,FALSE,FALSE
plan,8866d32e81fffff,26.1809035586027,FALSE,FALSE,FALSE,0,0,0,"",FALSE,FALSE,FALSE,FALSE,TRUE,FALSE,FALSE,FALSE
plan,8866d32e83fffff,27.1524920204564,FALSE,FALSE,FALSE,0,0,0,"",FALSE,FALSE,FALSE,FALSE,TRUE,FALSE,FALSE,FALSE
plan,8866d32e85fffff,25.4464200254314,FALSE,FALSE,FALSE,0,0,0,"",FALSE,FALSE,FALSE,FALSE,TRUE,FALSE,FALSE,FALSE
plan,8866d32e87fffff,26.3741604141627,FALSE,FALSE,FALSE,0,0,0,"",FALSE,FALSE,FALSE,FALSE,TRUE,FALSE,FALSE,FALSE
plan,8866d32e89fffff,25.8490356289595,FALSE,FALSE,FALSE,0,0,0,"",FALSE,FALSE,FALSE,FALSE,TRUE,FALSE,FALSE,FALSE
plan,8866d32e8bfffff,26.8237831587275,FALSE,FALSE,FALSE,0,0,0,"",FALSE,FALSE,FALSE,FALSE,TRUE,FALSE,FALSE,FALSE
plan,8866d32e8dfffff,25.2012740990077,FALSE,FALSE,FALSE,0,0,0,"",FALSE,FALSE,FALSE,FALSE,TRUE,FALSE,FALSE,FALSE
plan,8866d32ea5fffff,24.1319451383443,FALSE,FALSE,FALSE,0,0,0,"",FALSE,FALSE,FALSE,FALSE,TRUE,FALSE,FALSE,FALSE
plan,8866d32ea9fffff,24.6743297362767,FALSE,FALSE,FALSE,0,0,0,"",FALSE,FALSE,FALSE,FALSE,TRUE,FALSE,FALSE,FALSE
plan,8866d32eabfffff,25.6103729357943,FALSE,FALSE,TRUE,0,0,0,"",FALSE,FALSE,FALSE,FALSE,TRUE,TRUE,FALSE,FALSE
plan,8866d32ec1fffff,24.584609308591,FALSE,FALSE,FALSE,0,0,0,"",FALSE,FALSE,FALSE,FALSE,TRUE,FALSE,FALSE,FALSE
plan,8866d32ec3fffff,25.5502639613177,FALSE,FALSE,FALSE,0,0,0,"",FALSE,FALSE,FALSE,FALSE,TRUE,FALSE,FALSE,FALSE
plan,8866d32ec7fffff,24.8756605802036,FALSE,FALSE,FALSE,0,0,0,"",FALSE,FALSE,FALSE,FALSE,TRUE,FALSE,FALSE,FALSE
plan,8866d32ecbfffff,25.2857550721317,FALSE,FALSE,FALSE,0,0,0,"",FALSE,FALSE,FALSE,FALSE,TRUE,FALSE,FALSE,FALSE
plan,8866d32ecdfffff,23.621140424909,FALSE,FALSE,FALSE,0,0,0,"",FALSE,FALSE,FALSE,FALSE,TRUE,FALSE,FALSE,FALSE
plan,8866d32ed3fffff,28.169756334574,FALSE,FALSE,TRUE,0,0,0,"",FALSE,FALSE,FALSE,FALSE,TRUE,TRUE,FALSE,FALSE
plan,8866d32ed5fffff,26.517868393989,FALSE,FALSE,FALSE,3,2,1,negative ratio,FALSE,FALSE,FALSE,FALSE,FALSE,FALSE,FALSE,FALSE
plan,8866d32ed7fffff,27.4872193894939,FALSE,FALSE,FALSE,0,0,0,"",FALSE,FALSE,FALSE,FALSE,TRUE,FALSE,FALSE,FALSE
plan,8866d32edbfffff,27.9126274620765,FALSE,FALSE,TRUE,0,0,0,"",FALSE,FALSE,FALSE,FALSE,TRUE,TRUE,FALSE,FALSE
plan,8866d32ee3fffff,24.5237209692127,FALSE,FALSE,FALSE,0,0,0,"",FALSE,FALSE,FALSE,FALSE,TRUE,FALSE,FALSE,FALSE
plan,8866d32ee5fffff,22.8164648961958,FALSE,FALSE,FALSE,0,0,0,"",FALSE,FALSE,FALSE,FALSE,TRUE,FALSE,FALSE,FALSE
plan,8866d32ee7fffff,23.7428421546477,FALSE,FALSE,FALSE,0,0,0,"",FALSE,FALSE,FALSE,FALSE,TRUE,FALSE,FALSE,FALSE
plan,8866d32ee9fffff,23.2451880132671,FALSE,FALSE,FALSE,0,0,0,"",FALSE,FALSE,FALSE,FALSE,TRUE,FALSE,FALSE,FALSE
plan,8866d32eebfffff,24.2226605445798,FALSE,FALSE,TRUE,0,0,0,"",FALSE,FALSE,FALSE,FALSE,TRUE,TRUE,FALSE,FALSE
plan,8866d32eedfffff,22.610645925595,FALSE,FALSE,FALSE,0,0,0,"",FALSE,FALSE,FALSE,FALSE,TRUE,FALSE,FALSE,FALSE
plan,8866d32f01fffff,14.3381543561635,FALSE,FALSE,FALSE,0,0,0,"",FALSE,FALSE,FALSE,FALSE,TRUE,FALSE,FALSE,FALSE
plan,8866d32f03fffff,15.291699532563,FALSE,FALSE,FALSE,0,0,0,"",FALSE,FALSE,FALSE,FALSE,TRUE,FALSE,FALSE,FALSE
plan,8866d32f05fffff,13.6264536392399,FALSE,TRUE,FALSE,0,0,0,"",FALSE,FALSE,TRUE,FALSE,TRUE,FALSE,FALSE,FALSE
plan,8866d32f07fffff,14.5919854388752,FALSE,FALSE,FALSE,0,0,0,"",FALSE,FALSE,FALSE,FALSE,TRUE,FALSE,FALSE,FALSE
plan,8866d32f09fffff,14.1474188207546,FALSE,FALSE,FALSE,0,0,0,"",FALSE,FALSE,FALSE,FALSE,TRUE,FALSE,FALSE,FALSE
plan,8866d32f0bfffff,15.0812062298351,FALSE,FALSE,FALSE,0,0,0,"",FALSE,FALSE,FALSE,FALSE,TRUE,FALSE,FALSE,FALSE
plan,8866d32f0dfffff,13.3901810739931,FALSE,FALSE,TRUE,0,0,0,"",FALSE,FALSE,FALSE,FALSE,TRUE,TRUE,FALSE,FALSE
plan,8866d32f11fffff,16.968576399899,FALSE,FALSE,TRUE,0,0,0,"",FALSE,FALSE,FALSE,FALSE,TRUE,TRUE,FALSE,FALSE
plan,8866d32f13fffff,17.9200828492154,FALSE,FALSE,FALSE,0,0,0,"",FALSE,FALSE,FALSE,FALSE,TRUE,FALSE,FALSE,FALSE
plan,8866d32f15fffff,16.2498404195918,FALSE,FALSE,FALSE,0,0,0,"",FALSE,FALSE,FALSE,FALSE,TRUE,FALSE,FALSE,FALSE
plan,8866d32f17fffff,17.2118139335869,FALSE,FALSE,FALSE,0,0,0,"",FALSE,FALSE,FALSE,FALSE,TRUE,FALSE,FALSE,FALSE
plan,8866d32f19fffff,16.7788240808786,FALSE,FALSE,FALSE,0,0,0,"",FALSE,FALSE,FALSE,FALSE,TRUE,FALSE,FALSE,FALSE
plan,8866d32f1bfffff,17.7134216290963,FALSE,FALSE,FALSE,1,1,0,persistence only,FALSE,FALSE,FALSE,FALSE,FALSE,FALSE,FALSE,FALSE
plan,8866d32f21fffff,13.3033731836953,FALSE,FALSE,TRUE,0,0,0,"",FALSE,FALSE,FALSE,FALSE,TRUE,TRUE,FALSE,FALSE
plan,8866d32f23fffff,14.2890922094313,FALSE,FALSE,FALSE,0,0,0,"",FALSE,FALSE,FALSE,FALSE,TRUE,FALSE,FALSE,FALSE
plan,8866d32f25fffff,12.7257165949104,FALSE,FALSE,FALSE,0,0,0,"",FALSE,FALSE,FALSE,FALSE,TRUE,FALSE,FALSE,FALSE
plan,8866d32f27fffff,13.7162181686942,FALSE,FALSE,FALSE,4,4,0,negative ratio,FALSE,FALSE,FALSE,FALSE,FALSE,FALSE,FALSE,FALSE
plan,8866d32f29fffff,12.9512810997487,FALSE,TRUE,TRUE,0,0,0,"",FALSE,FALSE,TRUE,TRUE,TRUE,TRUE,FALSE,FALSE
plan,8866d32f2bfffff,13.927449937954,FALSE,FALSE,FALSE,0,0,0,"",FALSE,FALSE,FALSE,FALSE,TRUE,FALSE,FALSE,FALSE
plan,8866d32f2dfffff,12.3186523396068,FALSE,FALSE,FALSE,0,0,0,"",FALSE,FALSE,FALSE,FALSE,TRUE,FALSE,FALSE,FALSE
plan,8866d32f35fffff,15.2756211565362,FALSE,FALSE,FALSE,0,0,0,"",FALSE,FALSE,FALSE,FALSE,TRUE,FALSE,FALSE,FALSE
plan,8866d32f39fffff,15.5608382770882,FALSE,FALSE,FALSE,0,0,0,"",FALSE,FALSE,FALSE,FALSE,TRUE,FALSE,FALSE,FALSE
plan,8866d32f3dfffff,14.9057003712752,FALSE,FALSE,TRUE,0,0,0,"",FALSE,FALSE,FALSE,FALSE,TRUE,TRUE,FALSE,FALSE
plan,8866d32f41fffff,13.1247863500012,FALSE,TRUE,TRUE,0,0,0,"",FALSE,FALSE,TRUE,TRUE,TRUE,TRUE,FALSE,FALSE
plan,8866d32f43fffff,14.0223417248316,FALSE,FALSE,FALSE,0,0,0,"",FALSE,FALSE,FALSE,FALSE,TRUE,FALSE,FALSE,FALSE
plan,8866d32f45fffff,12.3071205146423,TRUE,TRUE,TRUE,1,0,1,persistence only,FALSE,FALSE,FALSE,FALSE,FALSE,FALSE,FALSE,FALSE
plan,8866d32f47fffff,13.2220896499317,FALSE,FALSE,FALSE,1,1,0,persistence only,FALSE,FALSE,FALSE,FALSE,FALSE,FALSE,FALSE,FALSE
plan,8866d32f49fffff,12.9453493858756,TRUE,TRUE,FALSE,0,0,0,"",TRUE,FALSE,TRUE,FALSE,TRUE,FALSE,TRUE,FALSE
plan,8866d32f4bfffff,13.9358908410766,FALSE,TRUE,FALSE,0,0,0,"",FALSE,FALSE,TRUE,FALSE,TRUE,FALSE,FALSE,FALSE
plan,8866d32f4dfffff,12.2417794984272,TRUE,TRUE,FALSE,0,0,0,"",TRUE,FALSE,TRUE,FALSE,TRUE,FALSE,TRUE,FALSE
plan,8866d32f51fffff,15.7393387694647,FALSE,FALSE,FALSE,0,0,0,"",FALSE,FALSE,FALSE,FALSE,TRUE,FALSE,FALSE,FALSE
plan,8866d32f53fffff,16.6443761700289,FALSE,FALSE,FALSE,1,1,0,persistence only,FALSE,FALSE,FALSE,FALSE,FALSE,FALSE,FALSE,FALSE
plan,8866d32f55fffff,14.9318274115972,FALSE,FALSE,FALSE,1,0,1,persistence only,FALSE,FALSE,FALSE,FALSE,FALSE,FALSE,FALSE,FALSE
plan,8866d32f57fffff,15.8511947810432,FALSE,FALSE,FALSE,0,0,0,"",FALSE,FALSE,FALSE,FALSE,TRUE,FALSE,FALSE,FALSE
plan,8866d32f59fffff,15.4914770440179,FALSE,FALSE,FALSE,0,0,0,"",FALSE,FALSE,FALSE,FALSE,TRUE,FALSE,FALSE,FALSE
plan,8866d32f5bfffff,16.4789239743329,FALSE,FALSE,TRUE,1,1,0,persistence only,FALSE,FALSE,FALSE,FALSE,FALSE,FALSE,FALSE,FALSE
plan,8866d32f5dfffff,14.8453966437238,FALSE,FALSE,FALSE,0,0,0,"",FALSE,FALSE,FALSE,FALSE,TRUE,FALSE,FALSE,FALSE
plan,8866d32f61fffff,11.7086111883427,TRUE,TRUE,FALSE,0,0,0,"",TRUE,FALSE,TRUE,FALSE,TRUE,FALSE,TRUE,FALSE
plan,8866d32f63fffff,12.6649964539643,FALSE,FALSE,FALSE,1,1,0,persistence only,FALSE,FALSE,FALSE,FALSE,FALSE,FALSE,FALSE,FALSE
plan,8866d32f65fffff,11.0073748198571,FALSE,FALSE,TRUE,0,0,0,"",FALSE,FALSE,FALSE,FALSE,TRUE,TRUE,FALSE,FALSE
plan,8866d32f67fffff,11.9776964605456,TRUE,TRUE,TRUE,0,0,0,"",TRUE,TRUE,TRUE,TRUE,TRUE,TRUE,TRUE,TRUE
plan,8866d32f69fffff,11.5164207780034,TRUE,TRUE,FALSE,1,0,1,persistence only,FALSE,FALSE,FALSE,FALSE,FALSE,FALSE,FALSE,FALSE
plan,8866d32f6bfffff,12.4490465126938,TRUE,TRUE,TRUE,1,1,0,persistence only,FALSE,FALSE,FALSE,FALSE,FALSE,FALSE,FALSE,FALSE
plan,8866d32f6dfffff,10.7586434310822,FALSE,TRUE,FALSE,0,0,0,"",FALSE,FALSE,TRUE,FALSE,TRUE,FALSE,FALSE,FALSE
plan,8866d33001fffff,12.6872071127154,FALSE,TRUE,TRUE,0,0,0,"",FALSE,FALSE,TRUE,TRUE,TRUE,TRUE,FALSE,FALSE
plan,8866d33003fffff,12.8558911397245,FALSE,TRUE,TRUE,1,0,1,persistence only,FALSE,FALSE,FALSE,FALSE,FALSE,FALSE,FALSE,FALSE
plan,8866d33005fffff,11.7860915733159,FALSE,FALSE,FALSE,2,0,2,negative ratio; persistence only,FALSE,FALSE,FALSE,FALSE,FALSE,FALSE,FALSE,FALSE
plan,8866d33007fffff,11.9253330567313,FALSE,FALSE,FALSE,0,0,0,"",FALSE,FALSE,FALSE,FALSE,TRUE,FALSE,FALSE,FALSE
plan,8866d3300bfffff,13.6004339629184,FALSE,TRUE,FALSE,0,0,0,"",FALSE,FALSE,TRUE,FALSE,TRUE,FALSE,FALSE,FALSE
plan,8866d3300dfffff,12.594397483426,TRUE,TRUE,FALSE,1,1,0,persistence only,FALSE,FALSE,FALSE,FALSE,FALSE,FALSE,FALSE,FALSE
plan,8866d33011fffff,14.0290440174484,TRUE,TRUE,FALSE,0,0,0,"",TRUE,FALSE,TRUE,FALSE,TRUE,FALSE,TRUE,FALSE
plan,8866d33013fffff,14.2695948553332,TRUE,TRUE,FALSE,1,0,1,persistence only,FALSE,FALSE,FALSE,FALSE,FALSE,FALSE,FALSE,FALSE
plan,8866d33019fffff,14.7395508328753,TRUE,TRUE,FALSE,0,0,0,"",TRUE,FALSE,TRUE,FALSE,TRUE,FALSE,TRUE,FALSE
plan,8866d3301dfffff,13.7944771502493,FALSE,FALSE,FALSE,22,17,5,negative ratio,FALSE,FALSE,FALSE,FALSE,FALSE,FALSE,FALSE,FALSE
plan,8866d33023fffff,10.2568712229142,FALSE,FALSE,FALSE,0,0,0,"",FALSE,FALSE,FALSE,FALSE,TRUE,FALSE,FALSE,FALSE
plan,8866d33025fffff,9.20620481530087,FALSE,FALSE,FALSE,0,0,0,"",FALSE,FALSE,FALSE,FALSE,TRUE,FALSE,FALSE,FALSE
plan,8866d33027fffff,9.3272169303809,FALSE,FALSE,FALSE,0,0,0,"",FALSE,FALSE,FALSE,FALSE,TRUE,FALSE,FALSE,FALSE
plan,8866d33029fffff,10.9001005731028,FALSE,TRUE,FALSE,0,0,0,"",FALSE,FALSE,TRUE,FALSE,TRUE,FALSE,FALSE,FALSE
plan,8866d3302bfffff,11.0048485841958,FALSE,FALSE,FALSE,0,0,0,"",FALSE,FALSE,FALSE,FALSE,TRUE,FALSE,FALSE,FALSE
plan,8866d3302dfffff,10.0332514926616,FALSE,TRUE,TRUE,1,0,1,persistence only,FALSE,FALSE,FALSE,FALSE,FALSE,FALSE,FALSE,FALSE
plan,8866d33033fffff,11.6788905951448,FALSE,FALSE,FALSE,0,0,0,"",FALSE,FALSE,FALSE,FALSE,TRUE,FALSE,FALSE,FALSE
plan,8866d33035fffff,10.4990642572778,FALSE,FALSE,FALSE,0,0,0,"",FALSE,FALSE,FALSE,FALSE,TRUE,FALSE,FALSE,FALSE
plan,8866d33039fffff,12.1440392447757,FALSE,FALSE,FALSE,0,0,0,"",FALSE,FALSE,FALSE,FALSE,TRUE,FALSE,FALSE,FALSE
plan,8866d3303dfffff,11.1965937202085,FALSE,FALSE,FALSE,0,0,0,"",FALSE,FALSE,FALSE,FALSE,TRUE,FALSE,FALSE,FALSE
plan,8866d33041fffff,14.2736170267773,FALSE,TRUE,TRUE,1,1,0,persistence only,FALSE,FALSE,FALSE,FALSE,FALSE,FALSE,FALSE,FALSE
plan,8866d33047fffff,13.4248659695964,FALSE,TRUE,FALSE,0,0,0,"",FALSE,FALSE,TRUE,FALSE,TRUE,FALSE,FALSE,FALSE
plan,8866d33049fffff,15.1375642463653,FALSE,TRUE,TRUE,1,1,0,persistence only,FALSE,FALSE,FALSE,FALSE,FALSE,FALSE,FALSE,FALSE
plan,8866d3304bfffff,15.1204338120647,FALSE,TRUE,TRUE,1,1,0,persistence only,FALSE,FALSE,FALSE,FALSE,FALSE,FALSE,FALSE,FALSE
plan,8866d33053fffff,15.4545818513935,FALSE,TRUE,TRUE,0,0,0,"",FALSE,FALSE,TRUE,TRUE,TRUE,TRUE,FALSE,FALSE
plan,8866d33061fffff,11.7556630116527,FALSE,TRUE,FALSE,0,0,0,"",FALSE,FALSE,TRUE,FALSE,TRUE,FALSE,FALSE,FALSE
plan,8866d33063fffff,11.7291384570706,FALSE,TRUE,FALSE,1,1,0,persistence only,FALSE,FALSE,FALSE,FALSE,FALSE,FALSE,FALSE,FALSE
plan,8866d33065fffff,10.959475996322,FALSE,TRUE,TRUE,0,0,0,"",FALSE,FALSE,TRUE,TRUE,TRUE,TRUE,FALSE,FALSE
plan,8866d33067fffff,10.8848542823733,TRUE,TRUE,TRUE,1,0,1,persistence only,FALSE,FALSE,FALSE,FALSE,FALSE,FALSE,FALSE,FALSE
plan,8866d33069fffff,12.6416956753464,FALSE,FALSE,FALSE,0,0,0,"",FALSE,FALSE,FALSE,FALSE,TRUE,FALSE,FALSE,FALSE
plan,8866d3306bfffff,12.5791354775518,FALSE,TRUE,TRUE,1,1,0,persistence only,FALSE,FALSE,FALSE,FALSE,FALSE,FALSE,FALSE,FALSE
plan,8866d3306dfffff,11.8650986983376,FALSE,TRUE,FALSE,0,0,0,"",FALSE,FALSE,TRUE,FALSE,TRUE,FALSE,FALSE,FALSE
plan,8866d33081fffff,14.8382332568563,TRUE,TRUE,TRUE,0,0,0,"",TRUE,TRUE,TRUE,TRUE,TRUE,TRUE,TRUE,TRUE
plan,8866d33083fffff,15.3554104463249,TRUE,TRUE,FALSE,0,0,0,"",TRUE,FALSE,TRUE,FALSE,TRUE,FALSE,TRUE,FALSE
plan,8866d33085fffff,13.8499200536919,FALSE,FALSE,TRUE,0,0,0,"",FALSE,FALSE,FALSE,FALSE,TRUE,TRUE,FALSE,FALSE
plan,8866d33087fffff,14.3676271233943,FALSE,FALSE,TRUE,0,0,0,"",FALSE,FALSE,FALSE,FALSE,TRUE,TRUE,FALSE,FALSE
plan,8866d33089fffff,15.3564364337797,FALSE,FALSE,TRUE,0,0,0,"",FALSE,FALSE,FALSE,FALSE,TRUE,TRUE,FALSE,FALSE
plan,8866d3308bfffff,15.8265368691862,FALSE,FALSE,TRUE,0,0,0,"",FALSE,FALSE,FALSE,FALSE,TRUE,TRUE,FALSE,FALSE
plan,8866d3308dfffff,14.370841091063,FALSE,TRUE,FALSE,0,0,0,"",FALSE,FALSE,TRUE,FALSE,TRUE,FALSE,FALSE,FALSE
plan,8866d33091fffff,16.9023003386701,FALSE,FALSE,TRUE,0,0,0,"",FALSE,FALSE,FALSE,FALSE,TRUE,TRUE,FALSE,FALSE
plan,8866d33093fffff,17.4924684609884,FALSE,TRUE,FALSE,0,0,0,"",FALSE,FALSE,TRUE,FALSE,TRUE,FALSE,FALSE,FALSE
plan,8866d33095fffff,15.9175255865004,TRUE,TRUE,TRUE,0,0,0,"",TRUE,TRUE,TRUE,TRUE,TRUE,TRUE,TRUE,TRUE
plan,8866d33097fffff,16.5052917268888,FALSE,FALSE,TRUE,0,0,0,"",FALSE,FALSE,FALSE,FALSE,TRUE,TRUE,FALSE,FALSE
plan,8866d33099fffff,17.3311248515812,FALSE,FALSE,TRUE,0,0,0,"",FALSE,FALSE,FALSE,FALSE,TRUE,TRUE,FALSE,FALSE
plan,8866d3309bfffff,17.8874503870565,TRUE,TRUE,FALSE,0,0,0,"",TRUE,FALSE,TRUE,FALSE,TRUE,FALSE,TRUE,FALSE
plan,8866d3309dfffff,16.3432480354737,FALSE,FALSE,TRUE,0,0,0,"",FALSE,FALSE,FALSE,FALSE,TRUE,TRUE,FALSE,FALSE
plan,8866d330a1fffff,12.3923073330595,FALSE,TRUE,TRUE,0,0,0,"",FALSE,FALSE,TRUE,TRUE,TRUE,TRUE,FALSE,FALSE
plan,8866d330a3fffff,12.9663850685653,FALSE,TRUE,FALSE,0,0,0,"",FALSE,FALSE,TRUE,FALSE,TRUE,FALSE,FALSE,FALSE
plan,8866d330a5fffff,11.4048310495943,FALSE,FALSE,FALSE,0,0,0,"",FALSE,FALSE,FALSE,FALSE,TRUE,FALSE,FALSE,FALSE
plan,8866d330a7fffff,11.9841960706864,FALSE,TRUE,FALSE,0,0,0,"",FALSE,FALSE,TRUE,FALSE,TRUE,FALSE,FALSE,FALSE
plan,8866d330a9fffff,12.8616027890338,FALSE,FALSE,TRUE,0,0,0,"",FALSE,FALSE,FALSE,FALSE,TRUE,TRUE,FALSE,FALSE
plan,8866d330abfffff,13.3799175332202,FALSE,TRUE,FALSE,0,0,0,"",FALSE,FALSE,TRUE,FALSE,TRUE,FALSE,FALSE,FALSE
plan,8866d330adfffff,11.8732888182344,FALSE,FALSE,FALSE,0,0,0,"",FALSE,FALSE,FALSE,FALSE,TRUE,FALSE,FALSE,FALSE
plan,8866d330b1fffff,14.5313712099604,FALSE,FALSE,FALSE,0,0,0,"",FALSE,FALSE,FALSE,FALSE,TRUE,FALSE,FALSE,FALSE
plan,8866d330b3fffff,15.1129887639976,FALSE,FALSE,TRUE,0,0,0,"",FALSE,FALSE,FALSE,FALSE,TRUE,TRUE,FALSE,FALSE
plan,8866d330b5fffff,13.5447052539905,FALSE,TRUE,FALSE,0,0,0,"",FALSE,FALSE,TRUE,FALSE,TRUE,FALSE,FALSE,FALSE
plan,8866d330b7fffff,14.1313002415884,FALSE,TRUE,FALSE,0,0,0,"",FALSE,FALSE,TRUE,FALSE,TRUE,FALSE,FALSE,FALSE
plan,8866d330b9fffff,14.9332070694237,FALSE,TRUE,TRUE,0,0,0,"",FALSE,FALSE,TRUE,TRUE,TRUE,TRUE,FALSE,FALSE
plan,8866d330bbfffff,15.5182479858024,TRUE,TRUE,TRUE,0,0,0,"",TRUE,TRUE,TRUE,TRUE,TRUE,TRUE,TRUE,TRUE
plan,8866d330bdfffff,13.9494485188765,FALSE,FALSE,TRUE,0,0,0,"",FALSE,FALSE,FALSE,FALSE,TRUE,TRUE,FALSE,FALSE
plan,8866d330c1fffff,15.5444316799149,FALSE,FALSE,FALSE,0,0,0,"",FALSE,FALSE,FALSE,FALSE,TRUE,FALSE,FALSE,FALSE
plan,8866d330c3fffff,15.917577862914,FALSE,FALSE,TRUE,0,0,0,"",FALSE,FALSE,FALSE,FALSE,TRUE,TRUE,FALSE,FALSE
plan,8866d330c5fffff,14.5736519258836,TRUE,TRUE,FALSE,0,0,0,"",TRUE,FALSE,TRUE,FALSE,TRUE,FALSE,TRUE,FALSE
plan,8866d330c9fffff,16.1875309805129,FALSE,FALSE,TRUE,0,0,0,"",FALSE,FALSE,FALSE,FALSE,TRUE,TRUE,FALSE,FALSE
plan,8866d330cbfffff,16.5172714365315,FALSE,FALSE,FALSE,0,0,0,"",FALSE,FALSE,FALSE,FALSE,TRUE,FALSE,FALSE,FALSE
plan,8866d330d1fffff,17.3285080783313,FALSE,FALSE,FALSE,0,0,0,"",FALSE,FALSE,FALSE,FALSE,TRUE,FALSE,FALSE,FALSE
plan,8866d330d3fffff,17.8030992928996,FALSE,FALSE,FALSE,0,0,0,"",FALSE,FALSE,FALSE,FALSE,TRUE,FALSE,FALSE,FALSE
plan,8866d330d5fffff,16.3423451806501,FALSE,FALSE,TRUE,0,0,0,"",FALSE,FALSE,FALSE,FALSE,TRUE,TRUE,FALSE,FALSE
plan,8866d330d7fffff,16.8148266507064,FALSE,FALSE,FALSE,0,0,0,"",FALSE,FALSE,FALSE,FALSE,TRUE,FALSE,FALSE,FALSE
plan,8866d330d9fffff,17.880654390383,FALSE,FALSE,FALSE,0,0,0,"",FALSE,FALSE,FALSE,FALSE,TRUE,FALSE,FALSE,FALSE
plan,8866d330dbfffff,18.3148786133153,FALSE,TRUE,FALSE,0,0,0,"",FALSE,FALSE,TRUE,FALSE,TRUE,FALSE,FALSE,FALSE
plan,8866d330ddfffff,16.8987341126994,FALSE,FALSE,TRUE,0,0,0,"",FALSE,FALSE,FALSE,FALSE,TRUE,TRUE,FALSE,FALSE
plan,8866d330e3fffff,13.3856358245463,FALSE,FALSE,FALSE,7,7,0,negative ratio,FALSE,FALSE,FALSE,FALSE,FALSE,FALSE,FALSE,FALSE
plan,8866d330e5fffff,12.0045045371852,FALSE,FALSE,TRUE,1,1,0,persistence only,FALSE,FALSE,FALSE,FALSE,FALSE,FALSE,FALSE,FALSE
plan,8866d330e7fffff,12.4009216246781,FALSE,FALSE,FALSE,0,0,0,"",FALSE,FALSE,FALSE,FALSE,TRUE,FALSE,FALSE,FALSE
plan,8866d330e9fffff,13.6053804632877,TRUE,TRUE,TRUE,2,2,0,persistence only,FALSE,FALSE,FALSE,FALSE,FALSE,FALSE,FALSE,FALSE
plan,8866d330ebfffff,13.9582304138212,TRUE,TRUE,TRUE,0,0,0,"",TRUE,TRUE,TRUE,TRUE,TRUE,TRUE,TRUE,TRUE
plan,8866d330edfffff,12.6402015966792,FALSE,FALSE,FALSE,0,0,0,"",FALSE,FALSE,FALSE,FALSE,TRUE,FALSE,FALSE,FALSE
plan,8866d33101fffff,6.90093428709632,TRUE,TRUE,TRUE,0,0,0,"",TRUE,TRUE,TRUE,TRUE,TRUE,TRUE,TRUE,TRUE
plan,8866d33103fffff,6.69937311851332,TRUE,TRUE,TRUE,0,0,0,"",TRUE,TRUE,TRUE,TRUE,TRUE,TRUE,TRUE,TRUE
plan,8866d33105fffff,6.26484725074682,TRUE,TRUE,TRUE,0,0,0,"",TRUE,TRUE,TRUE,TRUE,TRUE,TRUE,TRUE,TRUE
plan,8866d33107fffff,5.9581721355534,TRUE,TRUE,FALSE,0,0,0,"",TRUE,FALSE,TRUE,FALSE,TRUE,FALSE,TRUE,FALSE
plan,8866d33109fffff,7.85166702676084,TRUE,TRUE,TRUE,0,0,0,"",TRUE,TRUE,TRUE,TRUE,TRUE,TRUE,TRUE,TRUE
plan,8866d3310bfffff,7.61263185502008,TRUE,TRUE,TRUE,0,0,0,"",TRUE,TRUE,TRUE,TRUE,TRUE,TRUE,TRUE,TRUE
plan,8866d3310dfffff,7.23371302047071,TRUE,TRUE,FALSE,0,0,0,"",TRUE,FALSE,TRUE,FALSE,TRUE,FALSE,TRUE,FALSE
plan,8866d33111fffff,7.51308967929691,FALSE,TRUE,TRUE,0,0,0,"",FALSE,FALSE,TRUE,TRUE,TRUE,TRUE,FALSE,FALSE
plan,8866d33113fffff,7.6575256509928,FALSE,FALSE,FALSE,0,0,0,"",FALSE,FALSE,FALSE,FALSE,TRUE,FALSE,FALSE,FALSE
plan,8866d33115fffff,6.64100008380692,FALSE,TRUE,TRUE,0,0,0,"",FALSE,FALSE,TRUE,TRUE,TRUE,TRUE,FALSE,FALSE
plan,8866d33117fffff,6.72955415137861,FALSE,FALSE,FALSE,0,0,0,"",FALSE,FALSE,FALSE,FALSE,TRUE,FALSE,FALSE,FALSE
plan,8866d33119fffff,8.33720529503739,FALSE,TRUE,FALSE,1,0,1,persistence only,FALSE,FALSE,FALSE,FALSE,FALSE,FALSE,FALSE,FALSE
plan,8866d3311bfffff,8.41098170081719,FALSE,FALSE,FALSE,0,0,0,"",FALSE,FALSE,FALSE,FALSE,TRUE,FALSE,FALSE,FALSE
plan,8866d3311dfffff,7.4978702153294,TRUE,TRUE,TRUE,0,0,0,"",TRUE,TRUE,TRUE,TRUE,TRUE,TRUE,TRUE,TRUE
plan,8866d33121fffff,4.75405558704132,TRUE,TRUE,TRUE,0,0,0,"",TRUE,TRUE,TRUE,TRUE,TRUE,TRUE,TRUE,TRUE
plan,8866d33123fffff,4.33597862141101,TRUE,TRUE,TRUE,0,0,0,"",TRUE,TRUE,TRUE,TRUE,TRUE,TRUE,TRUE,TRUE
plan,8866d33125fffff,4.36857513275944,TRUE,TRUE,FALSE,0,0,0,"",TRUE,FALSE,TRUE,FALSE,TRUE,FALSE,TRUE,FALSE
plan,8866d33127fffff,3.77847610701149,TRUE,TRUE,TRUE,0,0,0,"",TRUE,TRUE,TRUE,TRUE,TRUE,TRUE,FALSE,FALSE
plan,8866d33129fffff,5.72962565505347,TRUE,TRUE,FALSE,1,1,0,persistence only,FALSE,FALSE,FALSE,FALSE,FALSE,FALSE,FALSE,FALSE
plan,8866d3312bfffff,5.29838638419552,TRUE,TRUE,TRUE,0,0,0,"",TRUE,TRUE,TRUE,TRUE,TRUE,TRUE,TRUE,TRUE
plan,8866d3312dfffff,5.32578502748943,TRUE,TRUE,TRUE,0,0,0,"",TRUE,TRUE,TRUE,TRUE,TRUE,TRUE,TRUE,TRUE
plan,8866d33131fffff,4.94463608091747,TRUE,TRUE,TRUE,1,1,0,persistence only,FALSE,FALSE,FALSE,FALSE,FALSE,FALSE,FALSE,FALSE
plan,8866d33133fffff,5.05786362623847,TRUE,TRUE,TRUE,0,0,0,"",TRUE,TRUE,TRUE,TRUE,TRUE,TRUE,TRUE,TRUE
plan,8866d33135fffff,4.11863378373491,FALSE,TRUE,TRUE,0,0,0,"",FALSE,FALSE,TRUE,TRUE,TRUE,TRUE,FALSE,FALSE
plan,8866d33137fffff,4.13382449060873,FALSE,TRUE,TRUE,0,0,0,"",FALSE,FALSE,TRUE,TRUE,TRUE,TRUE,FALSE,FALSE
plan,8866d33139fffff,5.80636770625059,TRUE,TRUE,FALSE,3,2,1,persistence only,FALSE,FALSE,FALSE,FALSE,FALSE,FALSE,FALSE,FALSE
plan,8866d3313bfffff,5.82157562433279,FALSE,TRUE,TRUE,0,0,0,"",FALSE,FALSE,TRUE,TRUE,TRUE,TRUE,FALSE,FALSE
plan,8866d3313dfffff,5.02790052308815,FALSE,FALSE,FALSE,1,0,1,persistence only,FALSE,FALSE,FALSE,FALSE,FALSE,FALSE,FALSE,FALSE
plan,8866d33141fffff,9.1755353724397,TRUE,TRUE,TRUE,0,0,0,"",TRUE,TRUE,TRUE,TRUE,TRUE,TRUE,TRUE,TRUE
plan,8866d33143fffff,8.8077700361975,TRUE,TRUE,TRUE,0,0,0,"",TRUE,TRUE,TRUE,TRUE,TRUE,TRUE,TRUE,TRUE
plan,8866d33145fffff,8.65611196375421,FALSE,TRUE,FALSE,0,0,0,"",FALSE,FALSE,TRUE,FALSE,TRUE,FALSE,FALSE,FALSE
plan,8866d33147fffff,8.20411067721213,TRUE,TRUE,FALSE,0,0,0,"",TRUE,FALSE,TRUE,FALSE,TRUE,FALSE,TRUE,FALSE
plan,8866d33149fffff,10.1476751199786,FALSE,TRUE,TRUE,0,0,0,"",FALSE,FALSE,TRUE,TRUE,TRUE,TRUE,FALSE,FALSE
plan,8866d3314bfffff,9.76764874960346,TRUE,TRUE,TRUE,0,0,0,"",TRUE,TRUE,TRUE,TRUE,TRUE,TRUE,TRUE,TRUE
plan,8866d3314dfffff,9.63151079613628,TRUE,TRUE,TRUE,0,0,0,"",TRUE,TRUE,TRUE,TRUE,TRUE,TRUE,TRUE,TRUE
plan,8866d33151fffff,9.28203303832987,TRUE,TRUE,TRUE,0,0,0,"",TRUE,TRUE,TRUE,TRUE,TRUE,TRUE,TRUE,TRUE
plan,8866d33153fffff,9.1909727808632,TRUE,TRUE,TRUE,0,0,0,"",TRUE,TRUE,TRUE,TRUE,TRUE,TRUE,TRUE,TRUE
plan,8866d33155fffff,8.53962829680082,TRUE,TRUE,TRUE,0,0,0,"",TRUE,TRUE,TRUE,TRUE,TRUE,TRUE,TRUE,TRUE
plan,8866d33157fffff,8.38068759875799,TRUE,TRUE,TRUE,0,0,0,"",TRUE,TRUE,TRUE,TRUE,TRUE,TRUE,TRUE,TRUE
plan,8866d33159fffff,10.1969775025259,TRUE,TRUE,TRUE,0,0,0,"",TRUE,TRUE,TRUE,TRUE,TRUE,TRUE,TRUE,TRUE
plan,8866d3315bfffff,10.0668334937335,TRUE,TRUE,TRUE,0,0,0,"",TRUE,TRUE,TRUE,TRUE,TRUE,TRUE,TRUE,TRUE
plan,8866d3315dfffff,9.47631350891505,TRUE,TRUE,FALSE,0,0,0,"",TRUE,FALSE,TRUE,FALSE,TRUE,FALSE,TRUE,FALSE
plan,8866d33161fffff,7.25482067902068,TRUE,TRUE,TRUE,0,0,0,"",TRUE,TRUE,TRUE,TRUE,TRUE,TRUE,TRUE,TRUE
plan,8866d33163fffff,6.70516470817672,TRUE,TRUE,FALSE,5,3,2,persistence only,FALSE,FALSE,FALSE,FALSE,FALSE,FALSE,FALSE,FALSE
plan,8866d33165fffff,6.94457956057656,TRUE,TRUE,TRUE,0,0,0,"",TRUE,TRUE,TRUE,TRUE,TRUE,TRUE,TRUE,TRUE
plan,8866d33167fffff,6.28862141266183,TRUE,TRUE,TRUE,0,0,0,"",TRUE,TRUE,TRUE,TRUE,TRUE,TRUE,TRUE,TRUE
plan,8866d33169fffff,8.22317653703928,TRUE,TRUE,TRUE,0,0,0,"",TRUE,TRUE,TRUE,TRUE,TRUE,TRUE,TRUE,TRUE
plan,8866d3316bfffff,7.68066209943199,TRUE,TRUE,FALSE,0,0,0,"",TRUE,FALSE,TRUE,FALSE,TRUE,FALSE,TRUE,FALSE
plan,8866d3316dfffff,7.89098970306251,TRUE,TRUE,TRUE,0,0,0,"",TRUE,TRUE,TRUE,TRUE,TRUE,TRUE,TRUE,TRUE
plan,8866d33181fffff,7.92034068634252,FALSE,FALSE,FALSE,0,0,0,"",FALSE,FALSE,FALSE,FALSE,TRUE,FALSE,FALSE,FALSE
plan,8866d33183fffff,8.44379280073858,FALSE,FALSE,FALSE,0,0,0,"",FALSE,FALSE,FALSE,FALSE,TRUE,FALSE,FALSE,FALSE
plan,8866d33185fffff,6.93231762460419,FALSE,FALSE,FALSE,0,0,0,"",FALSE,FALSE,FALSE,FALSE,TRUE,FALSE,FALSE,FALSE
plan,8866d33187fffff,7.45759447961355,FALSE,FALSE,FALSE,0,0,0,"",FALSE,FALSE,FALSE,FALSE,TRUE,FALSE,FALSE,FALSE
plan,8866d33189fffff,8.47063428585263,FALSE,FALSE,FALSE,0,0,0,"",FALSE,FALSE,FALSE,FALSE,TRUE,FALSE,FALSE,FALSE
plan,8866d33191fffff,10.0235090710201,FALSE,FALSE,FALSE,0,0,0,"",FALSE,FALSE,FALSE,FALSE,TRUE,FALSE,FALSE,FALSE
plan,8866d33193fffff,10.586655609504,FALSE,TRUE,FALSE,0,0,0,"",FALSE,FALSE,TRUE,FALSE,TRUE,FALSE,FALSE,FALSE
plan,8866d33195fffff,9.04583300796479,FALSE,FALSE,FALSE,0,0,0,"",FALSE,FALSE,FALSE,FALSE,TRUE,FALSE,FALSE,FALSE
plan,8866d33197fffff,9.60165633999094,FALSE,FALSE,TRUE,0,0,0,"",FALSE,FALSE,FALSE,FALSE,TRUE,TRUE,FALSE,FALSE
plan,8866d33199fffff,10.417536279121,FALSE,FALSE,FALSE,0,0,0,"",FALSE,FALSE,FALSE,FALSE,TRUE,FALSE,FALSE,FALSE
plan,8866d3319bfffff,11.0031247176966,FALSE,FALSE,FALSE,0,0,0,"",FALSE,FALSE,FALSE,FALSE,TRUE,FALSE,FALSE,FALSE
plan,8866d3319dfffff,9.43049052193082,FALSE,FALSE,FALSE,0,0,0,"",FALSE,FALSE,FALSE,FALSE,TRUE,FALSE,FALSE,FALSE
plan,8866d331a1fffff,5.48784465521218,FALSE,TRUE,TRUE,0,0,0,"",FALSE,FALSE,TRUE,TRUE,TRUE,TRUE,FALSE,FALSE
plan,8866d331a3fffff,6.08627784203896,FALSE,TRUE,FALSE,0,0,0,"",FALSE,FALSE,TRUE,FALSE,TRUE,FALSE,FALSE,FALSE
plan,8866d331a5fffff,4.50549403257283,FALSE,TRUE,TRUE,0,0,0,"",FALSE,FALSE,TRUE,TRUE,TRUE,TRUE,FALSE,FALSE
plan,8866d331a7fffff,5.0974422699993,FALSE,FALSE,FALSE,0,0,0,"",FALSE,FALSE,FALSE,FALSE,TRUE,FALSE,FALSE,FALSE
plan,8866d331a9fffff,5.94449863019403,FALSE,TRUE,FALSE,0,0,0,"",FALSE,FALSE,TRUE,FALSE,TRUE,FALSE,FALSE,FALSE
plan,8866d331abfffff,6.47213905691118,FALSE,TRUE,FALSE,1,1,0,persistence only,FALSE,FALSE,FALSE,FALSE,FALSE,FALSE,FALSE,FALSE
plan,8866d331adfffff,4.95702549800764,FALSE,TRUE,TRUE,0,0,0,"",FALSE,FALSE,TRUE,TRUE,TRUE,TRUE,FALSE,FALSE
plan,8866d331b1fffff,7.63444289333572,FALSE,FALSE,FALSE,1,1,0,persistence only,FALSE,FALSE,FALSE,FALSE,FALSE,FALSE,FALSE,FALSE
plan,8866d331b3fffff,8.27505494248723,FALSE,TRUE,FALSE,1,0,1,persistence only,FALSE,FALSE,FALSE,FALSE,FALSE,FALSE,FALSE,FALSE
plan,8866d331b5fffff,6.65308189480817,FALSE,TRUE,FALSE,0,0,0,"",FALSE,FALSE,TRUE,FALSE,TRUE,FALSE,FALSE,FALSE
plan,8866d331b7fffff,7.3108226089644,FALSE,TRUE,TRUE,2,2,0,persistence only,FALSE,FALSE,FALSE,FALSE,FALSE,FALSE,FALSE,FALSE
plan,8866d331b9fffff,8.06385647439486,FALSE,FALSE,FALSE,0,0,0,"",FALSE,FALSE,FALSE,FALSE,TRUE,FALSE,FALSE,FALSE
plan,8866d331bbfffff,8.61747560678629,FALSE,FALSE,FALSE,0,0,0,"",FALSE,FALSE,FALSE,FALSE,TRUE,FALSE,FALSE,FALSE
plan,8866d331bdfffff,7.07508289126807,FALSE,FALSE,FALSE,0,0,0,"",FALSE,FALSE,FALSE,FALSE,TRUE,FALSE,FALSE,FALSE
plan,8866d331c1fffff,8.83089204854898,FALSE,FALSE,FALSE,0,0,0,"",FALSE,FALSE,FALSE,FALSE,TRUE,FALSE,FALSE,FALSE
plan,8866d331c3fffff,9.09257482080783,FALSE,FALSE,FALSE,0,0,0,"",FALSE,FALSE,FALSE,FALSE,TRUE,FALSE,FALSE,FALSE
plan,8866d331c5fffff,7.90077860870171,FALSE,FALSE,FALSE,0,0,0,"",FALSE,FALSE,FALSE,FALSE,TRUE,FALSE,FALSE,FALSE
plan,8866d331c7fffff,8.1305231844343,FALSE,FALSE,FALSE,0,0,0,"",FALSE,FALSE,FALSE,FALSE,TRUE,FALSE,FALSE,FALSE
plan,8866d331c9fffff,9.54999712046926,FALSE,FALSE,FALSE,6,5,1,negative ratio,FALSE,FALSE,FALSE,FALSE,FALSE,FALSE,FALSE,FALSE
plan,8866d331cbfffff,9.77247496254142,FALSE,FALSE,FALSE,0,0,0,"",FALSE,FALSE,FALSE,FALSE,TRUE,FALSE,FALSE,FALSE
plan,8866d331cdfffff,8.59900846574721,FALSE,FALSE,FALSE,0,0,0,"",FALSE,FALSE,FALSE,FALSE,TRUE,FALSE,FALSE,FALSE
plan,8866d331d1fffff,10.433560575122,FALSE,FALSE,FALSE,0,0,0,"",FALSE,FALSE,FALSE,FALSE,TRUE,FALSE,FALSE,FALSE
plan,8866d331d3fffff,10.884988151628,FALSE,FALSE,FALSE,0,0,0,"",FALSE,FALSE,FALSE,FALSE,TRUE,FALSE,FALSE,FALSE
plan,8866d331d9fffff,11.030706020089,FALSE,FALSE,TRUE,0,0,0,"",FALSE,FALSE,FALSE,FALSE,TRUE,TRUE,FALSE,FALSE
plan,8866d331dbfffff,11.416834252918,FALSE,FALSE,FALSE,1,0,1,persistence only,FALSE,FALSE,FALSE,FALSE,FALSE,FALSE,FALSE,FALSE
plan,8866d331e1fffff,6.23136516754415,FALSE,TRUE,TRUE,1,1,0,persistence only,FALSE,FALSE,FALSE,FALSE,FALSE,FALSE,FALSE,FALSE
plan,8866d331e3fffff,6.5162728891935,FALSE,FALSE,TRUE,0,0,0,"",FALSE,FALSE,FALSE,FALSE,TRUE,TRUE,FALSE,FALSE
plan,8866d331e5fffff,5.30323663975976,TRUE,TRUE,TRUE,0,0,0,"",TRUE,TRUE,TRUE,TRUE,TRUE,TRUE,TRUE,TRUE
plan,8866d331e7fffff,5.54518063135826,FALSE,FALSE,FALSE,0,0,0,"",FALSE,FALSE,FALSE,FALSE,TRUE,FALSE,FALSE,FALSE
plan,8866d331e9fffff,6.95944034741728,FALSE,FALSE,FALSE,0,0,0,"",FALSE,FALSE,FALSE,FALSE,TRUE,FALSE,FALSE,FALSE
plan,8866d331ebfffff,7.1756769753723,FALSE,FALSE,FALSE,0,0,0,"",FALSE,FALSE,FALSE,FALSE,TRUE,FALSE,FALSE,FALSE
plan,8866d331edfffff,6.00253985441236,FALSE,TRUE,TRUE,0,0,0,"",FALSE,FALSE,TRUE,TRUE,TRUE,TRUE,FALSE,FALSE
plan,8866d33201fffff,18.5862329739346,FALSE,FALSE,TRUE,0,0,0,"",FALSE,FALSE,FALSE,FALSE,TRUE,TRUE,FALSE,FALSE
plan,8866d33203fffff,18.522246036775,FALSE,TRUE,TRUE,0,0,0,"",FALSE,FALSE,TRUE,TRUE,TRUE,TRUE,FALSE,FALSE
plan,8866d33205fffff,17.7981755467147,FALSE,FALSE,FALSE,0,0,0,"",FALSE,FALSE,FALSE,FALSE,TRUE,FALSE,FALSE,FALSE
plan,8866d33207fffff,17.7029240502701,FALSE,FALSE,FALSE,0,0,0,"",FALSE,FALSE,FALSE,FALSE,TRUE,FALSE,FALSE,FALSE
plan,8866d33209fffff,19.4782343559704,FALSE,FALSE,TRUE,0,0,0,"",FALSE,FALSE,FALSE,FALSE,TRUE,TRUE,FALSE,FALSE
plan,8866d3320bfffff,19.3926039555667,FALSE,FALSE,FALSE,0,0,0,"",FALSE,FALSE,FALSE,FALSE,TRUE,FALSE,FALSE,FALSE
plan,8866d3320dfffff,18.7025039263381,FALSE,FALSE,FALSE,0,0,0,"",FALSE,FALSE,FALSE,FALSE,TRUE,FALSE,FALSE,FALSE
plan,8866d33211fffff,19.3726502367403,FALSE,FALSE,FALSE,0,0,0,"",FALSE,FALSE,FALSE,FALSE,TRUE,FALSE,FALSE,FALSE
plan,8866d33213fffff,19.4384904163474,FALSE,FALSE,FALSE,0,0,0,"",FALSE,FALSE,FALSE,FALSE,TRUE,FALSE,FALSE,FALSE
plan,8866d33215fffff,18.5110896155763,FALSE,TRUE,TRUE,0,0,0,"",FALSE,FALSE,TRUE,TRUE,TRUE,TRUE,FALSE,FALSE
plan,8866d33217fffff,18.5528633021292,FALSE,FALSE,FALSE,0,0,0,"",FALSE,FALSE,FALSE,FALSE,TRUE,FALSE,FALSE,FALSE
plan,8866d33219fffff,20.2061771415242,FALSE,TRUE,TRUE,3,3,0,persistence only,FALSE,FALSE,FALSE,FALSE,FALSE,FALSE,FALSE,FALSE
plan,8866d3321bfffff,20.2457529698912,FALSE,FALSE,TRUE,0,0,0,"",FALSE,FALSE,FALSE,FALSE,TRUE,TRUE,FALSE,FALSE
plan,8866d3321dfffff,19.3573161786064,FALSE,TRUE,FALSE,0,0,0,"",FALSE,FALSE,TRUE,FALSE,TRUE,FALSE,FALSE,FALSE
plan,8866d33223fffff,16.014237541364,FALSE,TRUE,TRUE,0,0,0,"",FALSE,FALSE,TRUE,TRUE,TRUE,TRUE,FALSE,FALSE
plan,8866d3322bfffff,16.9016464807992,FALSE,FALSE,TRUE,0,0,0,"",FALSE,FALSE,FALSE,FALSE,TRUE,TRUE,FALSE,FALSE
plan,8866d33231fffff,16.8158417666056,TRUE,TRUE,TRUE,0,0,0,"",TRUE,TRUE,TRUE,TRUE,TRUE,TRUE,TRUE,TRUE
plan,8866d33233fffff,16.8602596815867,FALSE,FALSE,TRUE,0,0,0,"",FALSE,FALSE,FALSE,FALSE,TRUE,TRUE,FALSE,FALSE
plan,8866d33235fffff,15.9681841006028,FALSE,TRUE,TRUE,3,2,1,persistence only,FALSE,FALSE,FALSE,FALSE,FALSE,FALSE,FALSE,FALSE
plan,8866d33237fffff,15.9834807232956,FALSE,FALSE,FALSE,4,2,2,negative ratio,FALSE,FALSE,FALSE,FALSE,FALSE,FALSE,FALSE,FALSE
plan,8866d33239fffff,17.6627658543952,FALSE,TRUE,TRUE,0,0,0,"",FALSE,FALSE,TRUE,TRUE,TRUE,TRUE,FALSE,FALSE
plan,8866d3323bfffff,17.6780809225016,FALSE,TRUE,TRUE,0,0,0,"",FALSE,FALSE,TRUE,TRUE,TRUE,TRUE,FALSE,FALSE
plan,8866d3323dfffff,16.8296866601959,FALSE,TRUE,TRUE,2,2,0,persistence only,FALSE,FALSE,FALSE,FALSE,FALSE,FALSE,FALSE,FALSE
plan,8866d33247fffff,19.6135439539305,FALSE,FALSE,FALSE,0,0,0,"",FALSE,FALSE,FALSE,FALSE,TRUE,FALSE,FALSE,FALSE
plan,8866d33249fffff,21.4523000491925,FALSE,FALSE,FALSE,0,0,0,"",FALSE,FALSE,FALSE,FALSE,TRUE,FALSE,FALSE,FALSE
plan,8866d3324bfffff,21.2838999761539,FALSE,FALSE,FALSE,0,0,0,"",FALSE,FALSE,FALSE,FALSE,TRUE,FALSE,FALSE,FALSE
plan,8866d33251fffff,21.0829995546569,FALSE,FALSE,FALSE,0,0,0,"",FALSE,FALSE,FALSE,FALSE,TRUE,FALSE,FALSE,FALSE
plan,8866d33253fffff,21.0518037435769,TRUE,TRUE,FALSE,11,8,3,persistence only,FALSE,FALSE,FALSE,FALSE,FALSE,FALSE,FALSE,FALSE
plan,8866d33255fffff,20.2724300251838,FALSE,FALSE,FALSE,0,0,0,"",FALSE,FALSE,FALSE,FALSE,TRUE,FALSE,FALSE,FALSE
plan,8866d33257fffff,20.2150921245996,TRUE,TRUE,TRUE,6,4,2,persistence only,FALSE,FALSE,FALSE,FALSE,FALSE,FALSE,FALSE,FALSE
plan,8866d33259fffff,21.9598292970668,TRUE,TRUE,FALSE,5,4,1,persistence only,FALSE,FALSE,FALSE,FALSE,FALSE,FALSE,FALSE,FALSE
plan,8866d3325bfffff,21.9081210322801,TRUE,TRUE,FALSE,9,6,3,persistence only,FALSE,FALSE,FALSE,FALSE,FALSE,FALSE,FALSE,FALSE
plan,8866d33263fffff,17.9476387480068,FALSE,FALSE,FALSE,3,2,1,negative ratio,FALSE,FALSE,FALSE,FALSE,FALSE,FALSE,FALSE,FALSE
plan,8866d3326bfffff,18.8700882180148,FALSE,FALSE,FALSE,2,1,1,negative ratio,FALSE,FALSE,FALSE,FALSE,FALSE,FALSE,FALSE,FALSE
plan,8866d33281fffff,19.2259062226881,FALSE,FALSE,FALSE,0,0,0,"",FALSE,FALSE,FALSE,FALSE,TRUE,FALSE,FALSE,FALSE
plan,8866d33283fffff,19.4566206300938,FALSE,FALSE,FALSE,0,0,0,"",FALSE,FALSE,FALSE,FALSE,TRUE,FALSE,FALSE,FALSE
plan,8866d33287fffff,18.5089345972354,FALSE,FALSE,TRUE,0,0,0,"",FALSE,FALSE,FALSE,FALSE,TRUE,TRUE,FALSE,FALSE
plan,8866d33289fffff,19.9321639384333,FALSE,FALSE,FALSE,0,0,0,"",FALSE,FALSE,FALSE,FALSE,TRUE,FALSE,FALSE,FALSE
plan,8866d3328bfffff,20.1633286107615,FALSE,FALSE,TRUE,0,0,0,"",FALSE,FALSE,FALSE,FALSE,TRUE,TRUE,FALSE,FALSE
plan,8866d3328dfffff,18.9901016298166,FALSE,FALSE,FALSE,0,0,0,"",FALSE,FALSE,FALSE,FALSE,TRUE,FALSE,FALSE,FALSE
plan,8866d33291fffff,20.6974727388651,FALSE,FALSE,FALSE,0,0,0,"",FALSE,FALSE,FALSE,FALSE,TRUE,FALSE,FALSE,FALSE
plan,8866d33293fffff,21.0295458873253,FALSE,FALSE,FALSE,1,0,1,persistence only,FALSE,FALSE,FALSE,FALSE,FALSE,FALSE,FALSE,FALSE
plan,8866d33295fffff,19.7344126158231,FALSE,FALSE,TRUE,0,0,0,"",FALSE,FALSE,FALSE,FALSE,TRUE,TRUE,FALSE,FALSE
plan,8866d33297fffff,20.0573301188395,FALSE,FALSE,FALSE,0,0,0,"",FALSE,FALSE,FALSE,FALSE,TRUE,FALSE,FALSE,FALSE
plan,8866d33299fffff,21.3629237291701,FALSE,FALSE,FALSE,0,0,0,"",FALSE,FALSE,FALSE,FALSE,TRUE,FALSE,FALSE,FALSE
plan,8866d3329bfffff,21.6627657556025,FALSE,TRUE,TRUE,0,0,0,"",FALSE,FALSE,TRUE,TRUE,TRUE,TRUE,FALSE,FALSE
plan,8866d3329dfffff,20.4081218320457,FALSE,FALSE,TRUE,0,0,0,"",FALSE,FALSE,FALSE,FALSE,TRUE,TRUE,FALSE,FALSE
plan,8866d332a1fffff,16.6276390459929,FALSE,FALSE,TRUE,0,0,0,"",FALSE,FALSE,FALSE,FALSE,TRUE,TRUE,FALSE,FALSE
plan,8866d332a7fffff,15.9127234812545,FALSE,FALSE,TRUE,0,0,0,"",FALSE,FALSE,FALSE,FALSE,TRUE,TRUE,FALSE,FALSE
plan,8866d332adfffff,16.3923585690885,FALSE,FALSE,TRUE,0,0,0,"",FALSE,FALSE,FALSE,FALSE,TRUE,TRUE,FALSE,FALSE
plan,8866d332b1fffff,18.117995025712,FALSE,FALSE,TRUE,0,0,0,"",FALSE,FALSE,FALSE,FALSE,TRUE,TRUE,FALSE,FALSE
plan,8866d332b3fffff,18.4678064999301,FALSE,FALSE,TRUE,0,0,0,"",FALSE,FALSE,FALSE,FALSE,TRUE,TRUE,FALSE,FALSE
plan,8866d332b5fffff,17.1514636693302,FALSE,FALSE,FALSE,0,0,0,"",FALSE,FALSE,FALSE,FALSE,TRUE,FALSE,FALSE,FALSE
plan,8866d332b7fffff,17.4918217817161,FALSE,FALSE,FALSE,0,0,0,"",FALSE,FALSE,FALSE,FALSE,TRUE,FALSE,FALSE,FALSE
plan,8866d332b9fffff,18.7739343691293,FALSE,FALSE,FALSE,3,3,0,negative ratio,FALSE,FALSE,FALSE,FALSE,FALSE,FALSE,FALSE,FALSE
plan,8866d332bbfffff,19.0867250308013,FALSE,FALSE,TRUE,0,0,0,"",FALSE,FALSE,FALSE,FALSE,TRUE,TRUE,FALSE,FALSE
plan,8866d332bdfffff,17.8164611975152,FALSE,FALSE,TRUE,0,0,0,"",FALSE,FALSE,FALSE,FALSE,TRUE,TRUE,FALSE,FALSE
plan,8866d332c1fffff,20.4689229184686,FALSE,FALSE,FALSE,0,0,0,"",FALSE,FALSE,FALSE,FALSE,TRUE,FALSE,FALSE,FALSE
plan,8866d332c3fffff,20.6509683807901,FALSE,FALSE,FALSE,2,2,0,negative ratio,FALSE,FALSE,FALSE,FALSE,FALSE,FALSE,FALSE,FALSE
plan,8866d332c7fffff,19.7192936688832,FALSE,FALSE,FALSE,0,0,0,"",FALSE,FALSE,FALSE,FALSE,TRUE,FALSE,FALSE,FALSE
plan,8866d332c9fffff,21.2368170872403,FALSE,FALSE,FALSE,0,0,0,"",FALSE,FALSE,FALSE,FALSE,TRUE,FALSE,FALSE,FALSE
plan,8866d332cbfffff,21.3900287561377,FALSE,FALSE,FALSE,0,0,0,"",FALSE,FALSE,FALSE,FALSE,TRUE,FALSE,FALSE,FALSE
plan,8866d332cdfffff,20.3335403743618,FALSE,FALSE,FALSE,0,0,0,"",FALSE,FALSE,FALSE,FALSE,TRUE,FALSE,FALSE,FALSE
plan,8866d332d1fffff,21.8238428825969,FALSE,FALSE,TRUE,1,1,0,persistence only,FALSE,FALSE,FALSE,FALSE,FALSE,FALSE,FALSE,FALSE
plan,8866d332d3fffff,22.0513841204681,FALSE,FALSE,FALSE,0,0,0,"",FALSE,FALSE,FALSE,FALSE,TRUE,FALSE,FALSE,FALSE
plan,8866d332d5fffff,20.8784599657922,FALSE,FALSE,FALSE,0,0,0,"",FALSE,FALSE,FALSE,FALSE,TRUE,FALSE,FALSE,FALSE
plan,8866d332d7fffff,21.1053526739192,FALSE,FALSE,FALSE,0,0,0,"",FALSE,FALSE,FALSE,FALSE,TRUE,FALSE,FALSE,FALSE
plan,8866d332d9fffff,22.5286671352927,FALSE,FALSE,FALSE,0,0,0,"",FALSE,FALSE,FALSE,FALSE,TRUE,FALSE,FALSE,FALSE
plan,8866d332ddfffff,21.587635243455,FALSE,FALSE,FALSE,0,0,0,"",FALSE,FALSE,FALSE,FALSE,TRUE,FALSE,FALSE,FALSE
plan,8866d332e1fffff,17.8740617775573,FALSE,FALSE,FALSE,0,0,0,"",FALSE,FALSE,FALSE,FALSE,TRUE,FALSE,FALSE,FALSE
plan,8866d332e3fffff,18.0529413914365,FALSE,FALSE,FALSE,0,0,0,"",FALSE,FALSE,FALSE,FALSE,TRUE,FALSE,FALSE,FALSE
plan,8866d332e5fffff,16.9624873883072,FALSE,FALSE,FALSE,0,0,0,"",FALSE,FALSE,FALSE,FALSE,TRUE,FALSE,FALSE,FALSE
plan,8866d332e7fffff,17.1214940423426,FALSE,FALSE,FALSE,0,0,0,"",FALSE,FALSE,FALSE,FALSE,TRUE,FALSE,FALSE,FALSE
plan,8866d332e9fffff,18.6472156300653,FALSE,FALSE,FALSE,0,0,0,"",FALSE,FALSE,FALSE,FALSE,TRUE,FALSE,FALSE,FALSE
plan,8866d332ebfffff,18.7933589116474,FALSE,FALSE,FALSE,0,0,0,"",FALSE,FALSE,FALSE,FALSE,TRUE,FALSE,FALSE,FALSE
plan,8866d332edfffff,17.7487301294369,FALSE,FALSE,FALSE,1,1,0,persistence only,FALSE,FALSE,FALSE,FALSE,FALSE,FALSE,FALSE,FALSE
plan,8866d33301fffff,13.6286736851839,FALSE,FALSE,FALSE,0,0,0,"",FALSE,FALSE,FALSE,FALSE,TRUE,FALSE,FALSE,FALSE
plan,8866d33303fffff,13.2784203833577,FALSE,FALSE,FALSE,0,0,0,"",FALSE,FALSE,FALSE,FALSE,TRUE,FALSE,FALSE,FALSE
plan,8866d33305fffff,13.0666557401589,FALSE,FALSE,FALSE,0,0,0,"",FALSE,FALSE,FALSE,FALSE,TRUE,FALSE,FALSE,FALSE
plan,8866d33307fffff,12.6612011771924,FALSE,FALSE,FALSE,0,0,0,"",FALSE,FALSE,FALSE,FALSE,TRUE,FALSE,FALSE,FALSE
plan,8866d33309fffff,14.5971146458876,FALSE,FALSE,FALSE,0,0,0,"",FALSE,FALSE,FALSE,FALSE,TRUE,FALSE,FALSE,FALSE
plan,8866d3330bfffff,14.2371841991906,FALSE,FALSE,FALSE,0,0,0,"",FALSE,FALSE,FALSE,FALSE,TRUE,FALSE,FALSE,FALSE
plan,8866d3330dfffff,14.0401660784384,FALSE,FALSE,FALSE,0,0,0,"",FALSE,FALSE,FALSE,FALSE,TRUE,FALSE,FALSE,FALSE
plan,8866d33311fffff,13.7049083794554,FALSE,FALSE,FALSE,0,0,0,"",FALSE,FALSE,FALSE,FALSE,TRUE,FALSE,FALSE,FALSE
plan,8866d33315fffff,12.9943652661607,FALSE,FALSE,TRUE,0,0,0,"",FALSE,FALSE,FALSE,FALSE,TRUE,TRUE,FALSE,FALSE
plan,8866d33317fffff,12.7809291215985,FALSE,FALSE,TRUE,0,0,0,"",FALSE,FALSE,FALSE,FALSE,TRUE,TRUE,FALSE,FALSE
plan,8866d33319fffff,14.6354813233839,FALSE,FALSE,FALSE,2,1,1,negative ratio,FALSE,FALSE,FALSE,FALSE,FALSE,FALSE,FALSE,FALSE
plan,8866d3331dfffff,13.9384460980897,FALSE,FALSE,FALSE,0,0,0,"",FALSE,FALSE,FALSE,FALSE,TRUE,FALSE,FALSE,FALSE
plan,8866d33321fffff,11.582147181746,FALSE,FALSE,FALSE,0,0,0,"",FALSE,FALSE,FALSE,FALSE,TRUE,FALSE,FALSE,FALSE
plan,8866d33323fffff,11.120326829574,FALSE,FALSE,FALSE,0,0,0,"",FALSE,FALSE,FALSE,FALSE,TRUE,FALSE,FALSE,FALSE
plan,8866d33325fffff,11.1353974402652,TRUE,TRUE,TRUE,0,0,0,"",TRUE,TRUE,TRUE,TRUE,TRUE,TRUE,TRUE,TRUE
plan,8866d33327fffff,10.606856366278,FALSE,TRUE,FALSE,0,0,0,"",FALSE,FALSE,TRUE,FALSE,TRUE,FALSE,FALSE,FALSE
plan,8866d33329fffff,12.5573822013599,FALSE,FALSE,FALSE,0,0,0,"",FALSE,FALSE,FALSE,FALSE,TRUE,FALSE,FALSE,FALSE
plan,8866d3332bfffff,12.0933526504536,FALSE,FALSE,FALSE,0,0,0,"",FALSE,FALSE,FALSE,FALSE,TRUE,FALSE,FALSE,FALSE
plan,8866d3332dfffff,12.1075186972322,TRUE,TRUE,TRUE,0,0,0,"",TRUE,TRUE,TRUE,TRUE,TRUE,TRUE,TRUE,TRUE
plan,8866d33331fffff,11.3690897810168,FALSE,TRUE,FALSE,0,0,0,"",FALSE,FALSE,TRUE,FALSE,TRUE,FALSE,FALSE,FALSE
plan,8866d33333fffff,11.1221498484873,TRUE,TRUE,TRUE,0,0,0,"",TRUE,TRUE,TRUE,TRUE,TRUE,TRUE,TRUE,TRUE
plan,8866d33335fffff,10.7302738262775,TRUE,TRUE,FALSE,0,0,0,"",TRUE,FALSE,TRUE,FALSE,TRUE,FALSE,TRUE,FALSE
plan,8866d33337fffff,10.4200583854914,FALSE,TRUE,TRUE,0,0,0,"",FALSE,FALSE,TRUE,TRUE,TRUE,TRUE,FALSE,FALSE
plan,8866d33339fffff,12.3221722268701,FALSE,TRUE,FALSE,0,0,0,"",FALSE,FALSE,TRUE,FALSE,TRUE,FALSE,FALSE,FALSE
plan,8866d3333bfffff,12.0551811377279,FALSE,TRUE,TRUE,0,0,0,"",FALSE,FALSE,TRUE,TRUE,TRUE,TRUE,FALSE,FALSE
plan,8866d3333dfffff,11.6949523138463,TRUE,TRUE,TRUE,0,0,0,"",TRUE,TRUE,TRUE,TRUE,TRUE,TRUE,TRUE,TRUE
plan,8866d33345fffff,15.4827458569756,FALSE,FALSE,FALSE,0,0,0,"",FALSE,FALSE,FALSE,FALSE,TRUE,FALSE,FALSE,FALSE
plan,8866d33347fffff,15.0138317851509,FALSE,FALSE,FALSE,0,0,0,"",FALSE,FALSE,FALSE,FALSE,TRUE,FALSE,FALSE,FALSE
plan,8866d3334dfffff,16.4577518030532,FALSE,FALSE,TRUE,0,0,0,"",FALSE,FALSE,FALSE,FALSE,TRUE,TRUE,FALSE,FALSE
plan,8866d33361fffff,14.0528990702018,FALSE,TRUE,FALSE,0,0,0,"",FALSE,FALSE,TRUE,FALSE,TRUE,FALSE,FALSE,FALSE
plan,8866d33363fffff,13.5325606725542,FALSE,FALSE,FALSE,3,2,1,negative ratio,FALSE,FALSE,FALSE,FALSE,FALSE,FALSE,FALSE,FALSE
plan,8866d33365fffff,13.6546235271358,FALSE,TRUE,TRUE,0,0,0,"",FALSE,FALSE,TRUE,TRUE,TRUE,TRUE,FALSE,FALSE
plan,8866d33367fffff,13.0800518619992,FALSE,FALSE,FALSE,0,0,0,"",FALSE,FALSE,FALSE,FALSE,TRUE,FALSE,FALSE,FALSE
plan,8866d33369fffff,15.0259877679756,FALSE,TRUE,FALSE,1,1,0,persistence only,FALSE,FALSE,FALSE,FALSE,FALSE,FALSE,FALSE,FALSE
plan,8866d3336bfffff,14.5076820343413,FALSE,FALSE,FALSE,0,0,0,"",FALSE,FALSE,FALSE,FALSE,TRUE,FALSE,FALSE,FALSE
plan,8866d3336dfffff,14.6218552955214,FALSE,TRUE,FALSE,0,0,0,"",FALSE,FALSE,TRUE,FALSE,TRUE,FALSE,FALSE,FALSE
plan,8866d33501fffff,19.0061036069855,FALSE,FALSE,FALSE,0,0,0,"",FALSE,FALSE,FALSE,FALSE,TRUE,FALSE,FALSE,FALSE
plan,8866d33505fffff,18.0442585272756,FALSE,FALSE,TRUE,0,0,0,"",FALSE,FALSE,FALSE,FALSE,TRUE,TRUE,FALSE,FALSE
plan,8866d3350dfffff,18.3325922192917,FALSE,FALSE,TRUE,0,0,0,"",FALSE,FALSE,FALSE,FALSE,TRUE,TRUE,FALSE,FALSE
plan,8866d33521fffff,16.8075814863772,TRUE,TRUE,TRUE,0,0,0,"",TRUE,TRUE,TRUE,TRUE,TRUE,TRUE,TRUE,TRUE
plan,8866d33523fffff,17.5040071257128,FALSE,TRUE,TRUE,2,2,0,persistence only,FALSE,FALSE,FALSE,FALSE,FALSE,FALSE,FALSE,FALSE
plan,8866d33525fffff,15.8439527041544,FALSE,TRUE,TRUE,0,0,0,"",FALSE,FALSE,TRUE,TRUE,TRUE,TRUE,FALSE,FALSE
plan,8866d33527fffff,16.5505057556126,TRUE,TRUE,TRUE,0,0,0,"",TRUE,TRUE,TRUE,TRUE,TRUE,TRUE,TRUE,TRUE
plan,8866d33529fffff,17.0854280161436,FALSE,TRUE,TRUE,2,1,1,persistence only,FALSE,FALSE,FALSE,FALSE,FALSE,FALSE,FALSE,FALSE
plan,8866d3352bfffff,17.7739248986315,FALSE,FALSE,TRUE,0,0,0,"",FALSE,FALSE,FALSE,FALSE,TRUE,TRUE,FALSE,FALSE
plan,8866d3352dfffff,16.1301558746977,FALSE,FALSE,TRUE,0,0,0,"",FALSE,FALSE,FALSE,FALSE,TRUE,TRUE,FALSE,FALSE
plan,8866d33535fffff,18.2277377564835,FALSE,TRUE,FALSE,0,0,0,"",FALSE,FALSE,TRUE,FALSE,TRUE,FALSE,FALSE,FALSE
plan,8866d33537fffff,18.9756534397833,FALSE,FALSE,FALSE,0,0,0,"",FALSE,FALSE,FALSE,FALSE,TRUE,FALSE,FALSE,FALSE
plan,8866d3353dfffff,18.4611734502339,FALSE,FALSE,TRUE,0,0,0,"",FALSE,FALSE,FALSE,FALSE,TRUE,TRUE,FALSE,FALSE
plan,8866d33541fffff,19.0465487289297,FALSE,FALSE,FALSE,0,0,0,"",FALSE,FALSE,FALSE,FALSE,TRUE,FALSE,FALSE,FALSE
plan,8866d33543fffff,19.6470029887726,FALSE,FALSE,FALSE,0,0,0,"",FALSE,FALSE,FALSE,FALSE,TRUE,FALSE,FALSE,FALSE
plan,8866d33545fffff,18.0623711722482,FALSE,FALSE,FALSE,0,0,0,"",FALSE,FALSE,FALSE,FALSE,TRUE,FALSE,FALSE,FALSE
plan,8866d33547fffff,18.6675110797517,FALSE,FALSE,FALSE,0,0,0,"",FALSE,FALSE,FALSE,FALSE,TRUE,FALSE,FALSE,FALSE
plan,8866d33549fffff,19.4615107880312,FALSE,FALSE,FALSE,0,0,0,"",FALSE,FALSE,FALSE,FALSE,TRUE,FALSE,FALSE,FALSE
plan,8866d3354bfffff,20.0311140422226,FALSE,FALSE,TRUE,0,0,0,"",FALSE,FALSE,FALSE,FALSE,TRUE,TRUE,FALSE,FALSE
plan,8866d3354dfffff,18.4797514619195,FALSE,FALSE,FALSE,0,0,0,"",FALSE,FALSE,FALSE,FALSE,TRUE,FALSE,FALSE,FALSE
plan,8866d3355dfffff,20.6273170859914,FALSE,FALSE,FALSE,0,0,0,"",FALSE,FALSE,FALSE,FALSE,TRUE,FALSE,FALSE,FALSE
plan,8866d33561fffff,16.7115960139086,FALSE,TRUE,TRUE,0,0,0,"",FALSE,FALSE,TRUE,TRUE,TRUE,TRUE,FALSE,FALSE
plan,8866d33563fffff,17.3624372121079,FALSE,FALSE,TRUE,0,0,0,"",FALSE,FALSE,FALSE,FALSE,TRUE,TRUE,FALSE,FALSE
plan,8866d33565fffff,15.7355670324439,TRUE,TRUE,TRUE,1,1,0,persistence only,FALSE,FALSE,FALSE,FALSE,FALSE,FALSE,FALSE,FALSE
plan,8866d33567fffff,16.394444955356,FALSE,FALSE,TRUE,0,0,0,"",FALSE,FALSE,FALSE,FALSE,TRUE,TRUE,FALSE,FALSE
plan,8866d33569fffff,17.0786542803515,TRUE,TRUE,FALSE,0,0,0,"",TRUE,FALSE,TRUE,FALSE,TRUE,FALSE,TRUE,FALSE
plan,8866d3356bfffff,17.6889836166926,FALSE,FALSE,FALSE,0,0,0,"",FALSE,FALSE,FALSE,FALSE,TRUE,FALSE,FALSE,FALSE
plan,8866d3356dfffff,16.0954887385469,TRUE,TRUE,TRUE,0,0,0,"",TRUE,TRUE,TRUE,TRUE,TRUE,TRUE,TRUE,TRUE
plan,8866d335a1fffff,22.1591265532044,FALSE,FALSE,TRUE,0,0,0,"",FALSE,FALSE,FALSE,FALSE,TRUE,TRUE,FALSE,FALSE
plan,8866d335a9fffff,22.2441155896472,FALSE,TRUE,FALSE,0,0,0,"",FALSE,FALSE,TRUE,FALSE,TRUE,FALSE,FALSE,FALSE
plan,8866d335adfffff,21.3387206431871,FALSE,FALSE,FALSE,0,0,0,"",FALSE,FALSE,FALSE,FALSE,TRUE,FALSE,FALSE,FALSE
plan,8866d335e1fffff,21.6034773141249,FALSE,FALSE,TRUE,0,0,0,"",FALSE,FALSE,FALSE,FALSE,TRUE,TRUE,FALSE,FALSE
plan,8866d335e5fffff,20.6715053855237,FALSE,FALSE,FALSE,0,0,0,"",FALSE,FALSE,FALSE,FALSE,TRUE,FALSE,FALSE,FALSE
plan,8866d335edfffff,20.8544059628233,FALSE,FALSE,FALSE,12,10,2,negative ratio,FALSE,FALSE,FALSE,FALSE,FALSE,FALSE,FALSE,FALSE
plan,8866d33705fffff,20.767790615668,FALSE,FALSE,FALSE,0,0,0,"",FALSE,FALSE,FALSE,FALSE,TRUE,FALSE,FALSE,FALSE
plan,8866d33721fffff,19.3069513505156,FALSE,FALSE,FALSE,1,1,0,persistence only,FALSE,FALSE,FALSE,FALSE,FALSE,FALSE,FALSE,FALSE
plan,8866d33723fffff,19.8586327672298,FALSE,FALSE,FALSE,0,0,0,"",FALSE,FALSE,FALSE,FALSE,TRUE,FALSE,FALSE,FALSE
plan,8866d33725fffff,18.3190290893974,TRUE,TRUE,TRUE,0,0,0,"",TRUE,TRUE,TRUE,TRUE,TRUE,TRUE,TRUE,TRUE
plan,8866d33727fffff,18.872911657177,FALSE,FALSE,FALSE,0,0,0,"",FALSE,FALSE,FALSE,FALSE,TRUE,FALSE,FALSE,FALSE
plan,8866d33729fffff,19.7795831862098,FALSE,FALSE,FALSE,0,0,0,"",FALSE,FALSE,FALSE,FALSE,TRUE,FALSE,FALSE,FALSE
plan,8866d3372bfffff,20.2948840577003,FALSE,FALSE,FALSE,0,0,0,"",FALSE,FALSE,FALSE,FALSE,TRUE,FALSE,FALSE,FALSE
plan,8866d3372dfffff,18.7913521737495,FALSE,TRUE,TRUE,0,0,0,"",FALSE,FALSE,TRUE,TRUE,TRUE,TRUE,FALSE,FALSE
plan,8866d33735fffff,20.443479300532,FALSE,FALSE,FALSE,0,0,0,"",FALSE,FALSE,FALSE,FALSE,TRUE,FALSE,FALSE,FALSE
plan,8866d3373dfffff,20.8445720349586,FALSE,FALSE,FALSE,0,0,0,"",FALSE,FALSE,FALSE,FALSE,TRUE,FALSE,FALSE,FALSE
plan,8866d33761fffff,19.8463131549921,TRUE,TRUE,TRUE,0,0,0,"",TRUE,TRUE,TRUE,TRUE,TRUE,TRUE,TRUE,TRUE
plan,8866d33763fffff,20.2881016924949,FALSE,FALSE,TRUE,0,0,0,"",FALSE,FALSE,FALSE,FALSE,TRUE,TRUE,FALSE,FALSE
plan,8866d33765fffff,18.8632140775822,FALSE,TRUE,FALSE,1,1,0,persistence only,FALSE,FALSE,FALSE,FALSE,FALSE,FALSE,FALSE,FALSE
plan,8866d33767fffff,19.3014197630894,TRUE,TRUE,FALSE,0,0,0,"",TRUE,FALSE,TRUE,FALSE,TRUE,FALSE,TRUE,FALSE
plan,8866d33769fffff,20.4232365984845,FALSE,FALSE,FALSE,0,0,0,"",FALSE,FALSE,FALSE,FALSE,TRUE,FALSE,FALSE,FALSE
plan,8866d3376bfffff,20.8298704295076,TRUE,TRUE,FALSE,1,1,0,persistence only,FALSE,FALSE,FALSE,FALSE,FALSE,FALSE,FALSE,FALSE
plan,8866d3376dfffff,19.4450044597625,FALSE,FALSE,TRUE,0,0,0,"",FALSE,FALSE,FALSE,FALSE,TRUE,TRUE,FALSE,FALSE
plan,8866d33811fffff,2.80157152537051,FALSE,FALSE,TRUE,0,0,0,"",FALSE,FALSE,FALSE,FALSE,TRUE,TRUE,FALSE,FALSE
plan,8866d33817fffff,2.62857889364825,FALSE,FALSE,FALSE,0,0,0,"",FALSE,FALSE,FALSE,FALSE,TRUE,FALSE,FALSE,FALSE
plan,8866d33819fffff,3.27018318705941,FALSE,FALSE,FALSE,4,4,0,negative ratio,FALSE,FALSE,FALSE,FALSE,FALSE,FALSE,FALSE,FALSE
plan,8866d3381bfffff,2.28945775800362,TRUE,TRUE,TRUE,0,0,0,"",TRUE,TRUE,TRUE,TRUE,TRUE,TRUE,FALSE,FALSE
plan,8866d33831fffff,4.46032784734734,FALSE,FALSE,FALSE,0,0,0,"",FALSE,FALSE,FALSE,FALSE,TRUE,FALSE,FALSE,FALSE
plan,8866d33837fffff,4.11129007896388,FALSE,FALSE,TRUE,0,0,0,"",FALSE,FALSE,FALSE,FALSE,TRUE,TRUE,FALSE,FALSE
plan,8866d33851fffff,3.09338212600411,FALSE,FALSE,FALSE,1,0,1,negative ratio,FALSE,FALSE,FALSE,FALSE,FALSE,FALSE,FALSE,FALSE
plan,8866d33853fffff,2.74340693984063,FALSE,FALSE,TRUE,0,0,0,"",FALSE,FALSE,FALSE,FALSE,TRUE,TRUE,FALSE,FALSE
plan,8866d33859fffff,2.72558984389855,FALSE,FALSE,TRUE,0,0,0,"",FALSE,FALSE,FALSE,FALSE,TRUE,TRUE,FALSE,FALSE
plan,8866d3385bfffff,2.1047344384558,FALSE,TRUE,FALSE,2,2,0,persistence only,FALSE,FALSE,FALSE,FALSE,FALSE,FALSE,FALSE,FALSE
plan,8866d33891fffff,2.78272794558633,TRUE,TRUE,TRUE,0,0,0,"",TRUE,TRUE,TRUE,TRUE,TRUE,TRUE,FALSE,FALSE
plan,8866d33893fffff,3.7533335426046,FALSE,TRUE,TRUE,16,11,5,persistence only,FALSE,FALSE,FALSE,FALSE,FALSE,FALSE,FALSE,FALSE
plan,8866d33895fffff,2.20506538503313,TRUE,TRUE,TRUE,0,0,0,"",TRUE,TRUE,TRUE,TRUE,TRUE,TRUE,FALSE,FALSE
plan,8866d33897fffff,3.19356164174733,TRUE,TRUE,TRUE,0,0,0,"",TRUE,TRUE,TRUE,TRUE,TRUE,TRUE,FALSE,FALSE
plan,8866d33899fffff,2.66954115123396,FALSE,FALSE,FALSE,0,0,0,"",FALSE,FALSE,FALSE,FALSE,TRUE,FALSE,FALSE,FALSE
plan,8866d3389bfffff,3.54706918443536,FALSE,TRUE,TRUE,10,8,2,persistence only,FALSE,FALSE,FALSE,FALSE,FALSE,FALSE,FALSE,FALSE
plan,8866d338b1fffff,2.27804579701314,TRUE,TRUE,TRUE,0,0,0,"",TRUE,TRUE,TRUE,TRUE,TRUE,TRUE,FALSE,FALSE
plan,8866d338b3fffff,2.54568489684988,TRUE,TRUE,TRUE,0,0,0,"",TRUE,TRUE,TRUE,TRUE,TRUE,TRUE,FALSE,FALSE
plan,8866d338bbfffff,2.87527429660548,TRUE,TRUE,TRUE,0,0,0,"",TRUE,TRUE,TRUE,TRUE,TRUE,TRUE,FALSE,FALSE
plan,8866d338d1fffff,2.02127544646867,TRUE,TRUE,TRUE,0,0,0,"",TRUE,TRUE,TRUE,TRUE,TRUE,TRUE,FALSE,FALSE
plan,8866d338dbfffff,2.4851769116835,FALSE,FALSE,FALSE,0,0,0,"",FALSE,FALSE,FALSE,FALSE,TRUE,FALSE,FALSE,FALSE
plan,8866d338e1fffff,2.12270053651173,FALSE,FALSE,TRUE,0,0,0,"",FALSE,FALSE,FALSE,FALSE,TRUE,TRUE,FALSE,FALSE
plan,8866d338e5fffff,2.50092402438813,FALSE,FALSE,FALSE,0,0,0,"",FALSE,FALSE,FALSE,FALSE,TRUE,FALSE,FALSE,FALSE
plan,8866d338edfffff,2.80647684633027,FALSE,FALSE,TRUE,0,0,0,"",FALSE,FALSE,FALSE,FALSE,TRUE,TRUE,FALSE,FALSE
plan,8866d33983fffff,3.97184790593581,FALSE,FALSE,FALSE,0,0,0,"",FALSE,FALSE,FALSE,FALSE,TRUE,FALSE,FALSE,FALSE
plan,8866d33987fffff,4.87824869748468,FALSE,FALSE,FALSE,0,0,0,"",FALSE,FALSE,FALSE,FALSE,TRUE,FALSE,FALSE,FALSE
plan,8866d33991fffff,2.28077229839493,FALSE,FALSE,FALSE,0,0,0,"",FALSE,FALSE,FALSE,FALSE,TRUE,FALSE,FALSE,FALSE
plan,8866d33995fffff,3.24683297718606,FALSE,FALSE,TRUE,0,0,0,"",FALSE,FALSE,FALSE,FALSE,TRUE,TRUE,FALSE,FALSE
plan,8866d33997fffff,2.27099267170535,FALSE,TRUE,TRUE,0,0,0,"",FALSE,FALSE,TRUE,TRUE,TRUE,TRUE,FALSE,FALSE
plan,8866d33999fffff,2.24463289534198,FALSE,FALSE,FALSE,0,0,0,"",FALSE,FALSE,FALSE,FALSE,TRUE,FALSE,FALSE,FALSE
plan,8866d3399dfffff,3.07049711915926,FALSE,FALSE,FALSE,0,0,0,"",FALSE,FALSE,FALSE,FALSE,TRUE,FALSE,FALSE,FALSE
plan,8866d339a1fffff,6.42139673659236,FALSE,FALSE,FALSE,0,0,0,"",FALSE,FALSE,FALSE,FALSE,TRUE,FALSE,FALSE,FALSE
plan,8866d339a5fffff,7.27260938928276,FALSE,FALSE,FALSE,0,0,0,"",FALSE,FALSE,FALSE,FALSE,TRUE,FALSE,FALSE,FALSE
plan,8866d339a7fffff,6.36633075729224,FALSE,FALSE,TRUE,0,0,0,"",FALSE,FALSE,FALSE,FALSE,TRUE,TRUE,FALSE,FALSE
plan,8866d339adfffff,7.32353062597863,FALSE,FALSE,TRUE,0,0,0,"",FALSE,FALSE,FALSE,FALSE,TRUE,TRUE,FALSE,FALSE
plan,8866d339b1fffff,3.82710423588182,FALSE,FALSE,FALSE,0,0,0,"",FALSE,FALSE,FALSE,FALSE,TRUE,FALSE,FALSE,FALSE
plan,8866d339b3fffff,3.02477186900081,FALSE,FALSE,TRUE,0,0,0,"",FALSE,FALSE,FALSE,FALSE,TRUE,TRUE,FALSE,FALSE
plan,8866d339b5fffff,4.72536355966251,FALSE,FALSE,FALSE,0,0,0,"",FALSE,FALSE,FALSE,FALSE,TRUE,FALSE,FALSE,FALSE
plan,8866d339b7fffff,3.7998263102125,FALSE,FALSE,FALSE,0,0,0,"",FALSE,FALSE,FALSE,FALSE,TRUE,FALSE,FALSE,FALSE
plan,8866d339b9fffff,3.92143964167264,FALSE,FALSE,FALSE,0,0,0,"",FALSE,FALSE,FALSE,FALSE,TRUE,FALSE,FALSE,FALSE
plan,8866d339bbfffff,2.9871234060413,FALSE,FALSE,FALSE,0,0,0,"",FALSE,FALSE,FALSE,FALSE,TRUE,FALSE,FALSE,FALSE
plan,8866d339bdfffff,4.70204382790761,FALSE,FALSE,FALSE,0,0,0,"",FALSE,FALSE,FALSE,FALSE,TRUE,FALSE,FALSE,FALSE
plan,8866d339d3fffff,2.37034333071085,FALSE,FALSE,FALSE,1,1,0,negative ratio,FALSE,FALSE,FALSE,FALSE,FALSE,FALSE,FALSE,FALSE
plan,8866d339d9fffff,3.15606940693107,FALSE,FALSE,FALSE,0,0,0,"",FALSE,FALSE,FALSE,FALSE,TRUE,FALSE,FALSE,FALSE
plan,8866d339dbfffff,2.23228844571024,FALSE,FALSE,FALSE,0,0,0,"",FALSE,FALSE,FALSE,FALSE,TRUE,FALSE,FALSE,FALSE
plan,8866d339ddfffff,3.95278499044826,FALSE,FALSE,FALSE,0,0,0,"",FALSE,FALSE,FALSE,FALSE,TRUE,FALSE,FALSE,FALSE
plan,8866d339e5fffff,8.23895468026199,FALSE,FALSE,FALSE,0,0,0,"",FALSE,FALSE,FALSE,FALSE,TRUE,FALSE,FALSE,FALSE
plan,8866d339e7fffff,7.39849161346309,FALSE,FALSE,TRUE,0,0,0,"",FALSE,FALSE,FALSE,FALSE,TRUE,TRUE,FALSE,FALSE
plan,8866d33a01fffff,5.48271331286627,FALSE,TRUE,FALSE,0,0,0,"",FALSE,FALSE,TRUE,FALSE,TRUE,FALSE,FALSE,FALSE
plan,8866d33a03fffff,4.50201630529814,TRUE,TRUE,TRUE,0,0,0,"",TRUE,TRUE,TRUE,TRUE,TRUE,TRUE,TRUE,TRUE
plan,8866d33a05fffff,5.94758918400058,FALSE,TRUE,FALSE,0,0,0,"",FALSE,FALSE,TRUE,FALSE,TRUE,FALSE,FALSE,FALSE
plan,8866d33a07fffff,4.95727011376981,FALSE,TRUE,FALSE,0,0,0,"",FALSE,FALSE,TRUE,FALSE,TRUE,FALSE,FALSE,FALSE
plan,8866d33a09fffff,6.11961667450627,TRUE,TRUE,FALSE,0,0,0,"",TRUE,FALSE,TRUE,FALSE,TRUE,FALSE,TRUE,FALSE
plan,8866d33a0bfffff,5.16744807047917,TRUE,TRUE,TRUE,0,0,0,"",TRUE,TRUE,TRUE,TRUE,TRUE,TRUE,TRUE,TRUE
plan,8866d33a0dfffff,6.46642299187894,FALSE,TRUE,FALSE,0,0,0,"",FALSE,FALSE,TRUE,FALSE,TRUE,FALSE,FALSE,FALSE
plan,8866d33a11fffff,3.33102601446377,TRUE,TRUE,TRUE,0,0,0,"",TRUE,TRUE,TRUE,TRUE,TRUE,TRUE,FALSE,FALSE
plan,8866d33a13fffff,2.49729032931396,TRUE,TRUE,TRUE,0,0,0,"",TRUE,TRUE,TRUE,TRUE,TRUE,TRUE,FALSE,FALSE
plan,8866d33a15fffff,3.52686885833353,TRUE,TRUE,TRUE,0,0,0,"",TRUE,TRUE,TRUE,TRUE,TRUE,TRUE,FALSE,FALSE
plan,8866d33a17fffff,2.56364297522172,TRUE,TRUE,TRUE,0,0,0,"",TRUE,TRUE,TRUE,TRUE,TRUE,TRUE,FALSE,FALSE
plan,8866d33a19fffff,4.18608470586782,TRUE,TRUE,TRUE,0,0,0,"",TRUE,TRUE,TRUE,TRUE,TRUE,TRUE,TRUE,TRUE
plan,8866d33a1bfffff,3.42176730882075,TRUE,TRUE,TRUE,0,0,0,"",TRUE,TRUE,TRUE,TRUE,TRUE,TRUE,FALSE,FALSE
plan,8866d33a1dfffff,4.23294318180288,TRUE,TRUE,TRUE,0,0,0,"",TRUE,TRUE,TRUE,TRUE,TRUE,TRUE,TRUE,TRUE
plan,8866d33a23fffff,5.31082924380628,FALSE,FALSE,FALSE,0,0,0,"",FALSE,FALSE,FALSE,FALSE,TRUE,FALSE,FALSE,FALSE
plan,8866d33a29fffff,6.53021652132807,FALSE,FALSE,FALSE,2,1,1,negative ratio,FALSE,FALSE,FALSE,FALSE,FALSE,FALSE,FALSE,FALSE
plan,8866d33a2bfffff,5.55311889331772,FALSE,FALSE,FALSE,0,0,0,"",FALSE,FALSE,FALSE,FALSE,TRUE,FALSE,FALSE,FALSE
plan,8866d33a2dfffff,7.20208787901607,FALSE,FALSE,TRUE,0,0,0,"",FALSE,FALSE,FALSE,FALSE,TRUE,TRUE,FALSE,FALSE
plan,8866d33a31fffff,3.62106239174442,FALSE,FALSE,FALSE,0,0,0,"",FALSE,FALSE,FALSE,FALSE,TRUE,FALSE,FALSE,FALSE
plan,8866d33a33fffff,2.68215889386652,TRUE,TRUE,TRUE,0,0,0,"",TRUE,TRUE,TRUE,TRUE,TRUE,TRUE,FALSE,FALSE
plan,8866d33a35fffff,4.39505408614418,FALSE,FALSE,FALSE,0,0,0,"",FALSE,FALSE,FALSE,FALSE,TRUE,FALSE,FALSE,FALSE
plan,8866d33a37fffff,3.52009817545568,FALSE,FALSE,TRUE,0,0,0,"",FALSE,FALSE,FALSE,FALSE,TRUE,TRUE,FALSE,FALSE
plan,8866d33a39fffff,3.96710145259235,TRUE,TRUE,TRUE,0,0,0,"",TRUE,TRUE,TRUE,TRUE,TRUE,TRUE,FALSE,FALSE
plan,8866d33a3bfffff,2.97726028506741,TRUE,TRUE,TRUE,0,0,0,"",TRUE,TRUE,TRUE,TRUE,TRUE,TRUE,FALSE,FALSE
plan,8866d33a3dfffff,4.58183341467412,FALSE,TRUE,FALSE,0,0,0,"",FALSE,FALSE,TRUE,FALSE,TRUE,FALSE,FALSE,FALSE
plan,8866d33a41fffff,7.77220896609928,FALSE,TRUE,TRUE,0,0,0,"",FALSE,FALSE,TRUE,TRUE,TRUE,TRUE,FALSE,FALSE
plan,8866d33a43fffff,6.83687586062672,FALSE,TRUE,TRUE,0,0,0,"",FALSE,FALSE,TRUE,TRUE,TRUE,TRUE,FALSE,FALSE
plan,8866d33a45fffff,8.05176203351246,FALSE,TRUE,FALSE,0,0,0,"",FALSE,FALSE,TRUE,FALSE,TRUE,FALSE,FALSE,FALSE
plan,8866d33a47fffff,7.08231691263524,FALSE,TRUE,TRUE,0,0,0,"",FALSE,FALSE,TRUE,TRUE,TRUE,TRUE,FALSE,FALSE
plan,8866d33a49fffff,8.51811831263401,FALSE,FALSE,TRUE,0,0,0,"",FALSE,FALSE,FALSE,FALSE,TRUE,TRUE,FALSE,FALSE
plan,8866d33a4bfffff,7.61178628743664,FALSE,TRUE,TRUE,0,0,0,"",FALSE,FALSE,TRUE,TRUE,TRUE,TRUE,FALSE,FALSE
plan,8866d33a4dfffff,8.71972340703121,FALSE,FALSE,FALSE,0,0,0,"",FALSE,FALSE,FALSE,FALSE,TRUE,FALSE,FALSE,FALSE
plan,8866d33a51fffff,5.88109481281319,TRUE,TRUE,TRUE,0,0,0,"",TRUE,TRUE,TRUE,TRUE,TRUE,TRUE,TRUE,TRUE
plan,8866d33a53fffff,5.08474519149399,TRUE,TRUE,FALSE,0,0,0,"",TRUE,FALSE,TRUE,FALSE,TRUE,FALSE,TRUE,FALSE
plan,8866d33a55fffff,5.91951484209767,TRUE,TRUE,TRUE,0,0,0,"",TRUE,TRUE,TRUE,TRUE,TRUE,TRUE,TRUE,TRUE
plan,8866d33a57fffff,5.02998477642293,TRUE,TRUE,FALSE,0,0,0,"",TRUE,FALSE,TRUE,FALSE,TRUE,FALSE,TRUE,FALSE
plan,8866d33a59fffff,6.76587402820698,TRUE,TRUE,FALSE,0,0,0,"",TRUE,FALSE,TRUE,FALSE,TRUE,FALSE,TRUE,FALSE
plan,8866d33a5bfffff,6.00744332459323,TRUE,TRUE,TRUE,0,0,0,"",TRUE,TRUE,TRUE,TRUE,TRUE,TRUE,TRUE,TRUE
plan,8866d33a5dfffff,6.72920615817043,TRUE,TRUE,FALSE,0,0,0,"",TRUE,FALSE,TRUE,FALSE,TRUE,FALSE,TRUE,FALSE
plan,8866d33a61fffff,7.92841241192248,FALSE,FALSE,FALSE,0,0,0,"",FALSE,FALSE,FALSE,FALSE,TRUE,FALSE,FALSE,FALSE
plan,8866d33a63fffff,6.9379826383717,FALSE,FALSE,FALSE,0,0,0,"",FALSE,FALSE,FALSE,FALSE,TRUE,FALSE,FALSE,FALSE
plan,8866d33a65fffff,8.49377876291237,FALSE,FALSE,FALSE,0,0,0,"",FALSE,FALSE,FALSE,FALSE,TRUE,FALSE,FALSE,FALSE
plan,8866d33a67fffff,7.5108475653355,FALSE,FALSE,TRUE,0,0,0,"",FALSE,FALSE,FALSE,FALSE,TRUE,TRUE,FALSE,FALSE
plan,8866d33a69fffff,8.43862561484304,FALSE,TRUE,FALSE,0,0,0,"",FALSE,FALSE,TRUE,FALSE,TRUE,FALSE,FALSE,FALSE
plan,8866d33a6bfffff,7.45194152926036,FALSE,TRUE,FALSE,0,0,0,"",FALSE,FALSE,TRUE,FALSE,TRUE,FALSE,FALSE,FALSE
plan,8866d33a6dfffff,8.91885732655213,FALSE,FALSE,FALSE,0,0,0,"",FALSE,FALSE,FALSE,FALSE,TRUE,FALSE,FALSE,FALSE
plan,8866d33a8bfffff,2.00229405129969,TRUE,TRUE,TRUE,0,0,0,"",TRUE,TRUE,TRUE,TRUE,TRUE,TRUE,FALSE,FALSE
plan,8866d33a91fffff,3.1196890197112,TRUE,TRUE,FALSE,0,0,0,"",TRUE,FALSE,TRUE,FALSE,TRUE,FALSE,FALSE,FALSE
plan,8866d33a93fffff,3.73249123212073,TRUE,TRUE,FALSE,2,2,0,persistence only,FALSE,FALSE,FALSE,FALSE,FALSE,FALSE,FALSE,FALSE
plan,8866d33a95fffff,2.13078683846994,FALSE,FALSE,FALSE,6,4,2,negative ratio,FALSE,FALSE,FALSE,FALSE,FALSE,FALSE,FALSE,FALSE
plan,8866d33a97fffff,2.78065179350961,FALSE,TRUE,FALSE,3,3,0,persistence only,FALSE,FALSE,FALSE,FALSE,FALSE,FALSE,FALSE,FALSE
plan,8866d33a99fffff,3.52673960765107,TRUE,TRUE,TRUE,0,0,0,"",TRUE,TRUE,TRUE,TRUE,TRUE,TRUE,FALSE,FALSE
plan,8866d33a9bfffff,4.10857798238137,FALSE,TRUE,TRUE,0,0,0,"",FALSE,FALSE,TRUE,TRUE,TRUE,TRUE,FALSE,FALSE
plan,8866d33a9dfffff,2.55575462143789,FALSE,TRUE,FALSE,0,0,0,"",FALSE,FALSE,TRUE,FALSE,TRUE,FALSE,FALSE,FALSE
plan,8866d33aa5fffff,2.47669703528039,FALSE,TRUE,TRUE,1,1,0,persistence only,FALSE,FALSE,FALSE,FALSE,FALSE,FALSE,FALSE,FALSE
plan,8866d33ac1fffff,2.44282396679743,TRUE,TRUE,TRUE,0,0,0,"",TRUE,TRUE,TRUE,TRUE,TRUE,TRUE,FALSE,FALSE
plan,8866d33ac3fffff,2.45792989800292,TRUE,TRUE,FALSE,0,0,0,"",TRUE,FALSE,TRUE,FALSE,TRUE,FALSE,FALSE,FALSE
plan,8866d33ac9fffff,3.38113778297999,TRUE,TRUE,TRUE,0,0,0,"",TRUE,TRUE,TRUE,TRUE,TRUE,TRUE,FALSE,FALSE
plan,8866d33acbfffff,3.24811351642458,TRUE,TRUE,TRUE,0,0,0,"",TRUE,TRUE,TRUE,TRUE,TRUE,TRUE,FALSE,FALSE
plan,8866d33acdfffff,2.8029388410195,TRUE,TRUE,TRUE,0,0,0,"",TRUE,TRUE,TRUE,TRUE,TRUE,TRUE,FALSE,FALSE
plan,8866d33ad1fffff,3.63162564438545,TRUE,TRUE,TRUE,0,0,0,"",TRUE,TRUE,TRUE,TRUE,TRUE,TRUE,FALSE,FALSE
plan,8866d33ad3fffff,3.97018098000795,TRUE,TRUE,TRUE,0,0,0,"",TRUE,TRUE,TRUE,TRUE,TRUE,TRUE,FALSE,FALSE
plan,8866d33ad5fffff,2.70953069342599,TRUE,TRUE,TRUE,0,0,0,"",TRUE,TRUE,TRUE,TRUE,TRUE,TRUE,FALSE,FALSE
plan,8866d33ad7fffff,2.98462144676909,TRUE,TRUE,TRUE,0,0,0,"",TRUE,TRUE,TRUE,TRUE,TRUE,TRUE,FALSE,FALSE
plan,8866d33ad9fffff,4.37914965938393,FALSE,TRUE,TRUE,6,4,2,persistence only,FALSE,FALSE,FALSE,FALSE,FALSE,FALSE,FALSE,FALSE
plan,8866d33adbfffff,4.58162203662696,FALSE,TRUE,FALSE,0,0,0,"",FALSE,FALSE,TRUE,FALSE,TRUE,FALSE,FALSE,FALSE
plan,8866d33addfffff,3.41049660974014,TRUE,TRUE,TRUE,0,0,0,"",TRUE,TRUE,TRUE,TRUE,TRUE,TRUE,FALSE,FALSE
plan,8866d33b09fffff,10.4445246397251,FALSE,FALSE,FALSE,0,0,0,"",FALSE,FALSE,FALSE,FALSE,TRUE,FALSE,FALSE,FALSE
plan,8866d33b0bfffff,9.55455923740949,FALSE,FALSE,FALSE,0,0,0,"",FALSE,FALSE,FALSE,FALSE,TRUE,FALSE,FALSE,FALSE
plan,8866d33b0dfffff,11.2760567286615,FALSE,FALSE,FALSE,0,0,0,"",FALSE,FALSE,FALSE,FALSE,TRUE,FALSE,FALSE,FALSE
plan,8866d33b49fffff,11.7457075024577,FALSE,FALSE,FALSE,0,0,0,"",FALSE,FALSE,FALSE,FALSE,TRUE,FALSE,FALSE,FALSE
plan,8866d33b51fffff,8.87900949298463,FALSE,FALSE,FALSE,0,0,0,"",FALSE,FALSE,FALSE,FALSE,TRUE,FALSE,FALSE,FALSE
plan,8866d33b53fffff,7.94059413098017,FALSE,FALSE,FALSE,1,1,0,negative ratio,FALSE,FALSE,FALSE,FALSE,FALSE,FALSE,FALSE,FALSE
plan,8866d33b55fffff,9.6428182231073,FALSE,FALSE,FALSE,0,0,0,"",FALSE,FALSE,FALSE,FALSE,TRUE,FALSE,FALSE,FALSE
plan,8866d33b59fffff,9.13155449335056,FALSE,FALSE,FALSE,0,0,0,"",FALSE,FALSE,FALSE,FALSE,TRUE,FALSE,FALSE,FALSE
plan,8866d33b5bfffff,8.16373092987349,FALSE,FALSE,TRUE,0,0,0,"",FALSE,FALSE,FALSE,FALSE,TRUE,TRUE,FALSE,FALSE
plan,8866d33b63fffff,12.1312907348456,FALSE,FALSE,FALSE,0,0,0,"",FALSE,FALSE,FALSE,FALSE,TRUE,FALSE,FALSE,FALSE
plan,8866d37691fffff,7.78579044545893,FALSE,FALSE,FALSE,0,0,0,"",FALSE,FALSE,FALSE,FALSE,TRUE,FALSE,FALSE,FALSE
plan,8866d37693fffff,6.86438519925401,FALSE,FALSE,FALSE,0,0,0,"",FALSE,FALSE,FALSE,FALSE,TRUE,FALSE,FALSE,FALSE
plan,8866d37695fffff,8.57912457979322,FALSE,FALSE,FALSE,0,0,0,"",FALSE,FALSE,FALSE,FALSE,TRUE,FALSE,FALSE,FALSE
plan,8866d37697fffff,7.68731300257669,FALSE,FALSE,FALSE,0,0,0,"",FALSE,FALSE,FALSE,FALSE,TRUE,FALSE,FALSE,FALSE
plan,8866d37699fffff,8.00316144266188,FALSE,FALSE,FALSE,0,0,0,"",FALSE,FALSE,FALSE,FALSE,TRUE,FALSE,FALSE,FALSE
plan,8866d3769bfffff,7.04236175240978,FALSE,FALSE,FALSE,0,0,0,"",FALSE,FALSE,FALSE,FALSE,TRUE,FALSE,FALSE,FALSE
plan,8866d3769dfffff,8.72250608340564,FALSE,FALSE,FALSE,0,0,0,"",FALSE,FALSE,FALSE,FALSE,TRUE,FALSE,FALSE,FALSE
plan,8866d376dbfffff,8.24611447868076,FALSE,FALSE,TRUE,0,0,0,"",FALSE,FALSE,FALSE,FALSE,TRUE,TRUE,FALSE,FALSE
plan,8866d3a803fffff,26.803585485043,FALSE,FALSE,FALSE,1,1,0,negative ratio,FALSE,FALSE,FALSE,FALSE,FALSE,FALSE,FALSE,FALSE
plan,8866d3a807fffff,26.2524442127764,FALSE,FALSE,FALSE,0,0,0,"",FALSE,FALSE,FALSE,FALSE,TRUE,FALSE,FALSE,FALSE
plan,8866d3a811fffff,27.0152720001304,FALSE,FALSE,FALSE,0,0,0,"",FALSE,FALSE,FALSE,FALSE,TRUE,FALSE,FALSE,FALSE
plan,8866d3a813fffff,26.6830389041473,FALSE,FALSE,TRUE,0,0,0,"",FALSE,FALSE,FALSE,FALSE,TRUE,TRUE,FALSE,FALSE
plan,8866d3a815fffff,26.4126034245584,FALSE,FALSE,TRUE,0,0,0,"",FALSE,FALSE,FALSE,FALSE,TRUE,TRUE,FALSE,FALSE
plan,8866d3a817fffff,26.053371569962,FALSE,FALSE,FALSE,0,0,0,"",FALSE,FALSE,FALSE,FALSE,TRUE,FALSE,FALSE,FALSE
plan,8866d3a819fffff,27.9779773965772,FALSE,FALSE,FALSE,0,0,0,"",FALSE,FALSE,FALSE,FALSE,TRUE,FALSE,FALSE,FALSE
plan,8866d3a81bfffff,27.6400947606018,FALSE,FALSE,TRUE,0,0,0,"",FALSE,FALSE,FALSE,FALSE,TRUE,TRUE,FALSE,FALSE
plan,8866d3a81dfffff,27.3792693826657,FALSE,FALSE,FALSE,0,0,0,"",FALSE,FALSE,FALSE,FALSE,TRUE,FALSE,FALSE,FALSE
plan,8866d3a821fffff,25.2301679484813,FALSE,FALSE,FALSE,0,0,0,"",FALSE,FALSE,FALSE,FALSE,TRUE,FALSE,FALSE,FALSE
plan,8866d3a823fffff,24.7534522866357,FALSE,FALSE,FALSE,0,0,0,"",FALSE,FALSE,FALSE,FALSE,TRUE,FALSE,FALSE,FALSE
plan,8866d3a825fffff,24.7623441244038,FALSE,FALSE,FALSE,0,0,0,"",FALSE,FALSE,FALSE,FALSE,TRUE,FALSE,FALSE,FALSE
plan,8866d3a827fffff,24.2556911016529,FALSE,FALSE,FALSE,0,0,0,"",FALSE,FALSE,FALSE,FALSE,TRUE,FALSE,FALSE,FALSE
plan,8866d3a831fffff,24.863989627643,FALSE,FALSE,TRUE,0,0,0,"",FALSE,FALSE,FALSE,FALSE,TRUE,TRUE,FALSE,FALSE
plan,8866d3a833fffff,24.4809233934793,FALSE,FALSE,TRUE,2,2,0,persistence only,FALSE,FALSE,FALSE,FALSE,FALSE,FALSE,FALSE,FALSE
plan,8866d3a837fffff,23.8946665020477,FALSE,FALSE,TRUE,0,0,0,"",FALSE,FALSE,FALSE,FALSE,TRUE,TRUE,FALSE,FALSE
plan,8866d3a839fffff,25.8336434325973,FALSE,FALSE,FALSE,0,0,0,"",FALSE,FALSE,FALSE,FALSE,TRUE,FALSE,FALSE,FALSE
plan,8866d3a83bfffff,25.4464648908743,FALSE,FALSE,FALSE,0,0,0,"",FALSE,FALSE,FALSE,FALSE,TRUE,FALSE,FALSE,FALSE
plan,8866d3a83dfffff,25.280024926149,FALSE,FALSE,FALSE,0,0,0,"",FALSE,FALSE,FALSE,FALSE,TRUE,FALSE,FALSE,FALSE
plan,8866d3a881fffff,24.9596248194688,FALSE,FALSE,TRUE,0,0,0,"",FALSE,FALSE,FALSE,FALSE,TRUE,TRUE,FALSE,FALSE
plan,8866d3a883fffff,24.7776810543695,FALSE,FALSE,FALSE,0,0,0,"",FALSE,FALSE,FALSE,FALSE,TRUE,FALSE,FALSE,FALSE
plan,8866d3a885fffff,24.2425031106628,FALSE,FALSE,TRUE,0,0,0,"",FALSE,FALSE,FALSE,FALSE,TRUE,TRUE,FALSE,FALSE
plan,8866d3a887fffff,24.0341946767661,FALSE,FALSE,FALSE,0,0,0,"",FALSE,FALSE,FALSE,FALSE,TRUE,FALSE,FALSE,FALSE
plan,8866d3a889fffff,25.8886037574459,FALSE,FALSE,FALSE,0,0,0,"",FALSE,FALSE,FALSE,FALSE,TRUE,FALSE,FALSE,FALSE
plan,8866d3a88bfffff,25.6946983827828,FALSE,FALSE,FALSE,0,0,0,"",FALSE,FALSE,FALSE,FALSE,TRUE,FALSE,FALSE,FALSE
plan,8866d3a88dfffff,25.1792016900593,FALSE,FALSE,FALSE,0,0,0,"",FALSE,FALSE,FALSE,FALSE,TRUE,FALSE,FALSE,FALSE
plan,8866d3a891fffff,25.41835737824,TRUE,TRUE,TRUE,10,8,2,persistence only,FALSE,FALSE,FALSE,FALSE,FALSE,FALSE,FALSE,FALSE
plan,8866d3a895fffff,24.6342075214448,FALSE,FALSE,FALSE,0,0,0,"",FALSE,FALSE,FALSE,FALSE,TRUE,FALSE,FALSE,FALSE
plan,8866d3a897fffff,24.5298825240975,TRUE,TRUE,FALSE,10,8,2,persistence only,FALSE,FALSE,FALSE,FALSE,FALSE,FALSE,FALSE,FALSE
plan,8866d3a899fffff,26.3128747919408,TRUE,TRUE,FALSE,2,1,1,negative ratio+persistence only; persistence only,FALSE,FALSE,FALSE,FALSE,FALSE,FALSE,FALSE,FALSE
plan,8866d3a89bfffff,26.2162566181663,TRUE,TRUE,FALSE,0,0,0,"",TRUE,FALSE,TRUE,FALSE,TRUE,FALSE,TRUE,FALSE
plan,8866d3a89dfffff,25.5377204796676,FALSE,FALSE,FALSE,1,0,1,negative ratio,FALSE,FALSE,FALSE,FALSE,FALSE,FALSE,FALSE,FALSE
plan,8866d3a8a1fffff,22.6033970320715,FALSE,FALSE,FALSE,0,0,0,"",FALSE,FALSE,FALSE,FALSE,TRUE,FALSE,FALSE,FALSE
plan,8866d3a8a3fffff,22.3786303645638,FALSE,FALSE,FALSE,0,0,0,"",FALSE,FALSE,FALSE,FALSE,TRUE,FALSE,FALSE,FALSE
plan,8866d3a8a5fffff,21.9197619739929,FALSE,FALSE,TRUE,0,0,0,"",FALSE,FALSE,FALSE,FALSE,TRUE,TRUE,FALSE,FALSE
plan,8866d3a8a7fffff,21.6646813933023,FALSE,FALSE,TRUE,0,0,0,"",FALSE,FALSE,FALSE,FALSE,TRUE,TRUE,FALSE,FALSE
plan,8866d3a8a9fffff,23.5449778678442,FALSE,FALSE,FALSE,0,0,0,"",FALSE,FALSE,FALSE,FALSE,TRUE,FALSE,FALSE,FALSE
plan,8866d3a8adfffff,22.8688466684118,FALSE,FALSE,TRUE,0,0,0,"",FALSE,FALSE,FALSE,FALSE,TRUE,TRUE,FALSE,FALSE
plan,8866d3a8b1fffff,22.9576995965356,FALSE,FALSE,FALSE,0,0,0,"",FALSE,FALSE,FALSE,FALSE,TRUE,FALSE,FALSE,FALSE
plan,8866d3a8b3fffff,22.8445463555183,TRUE,TRUE,FALSE,9,7,2,persistence only,FALSE,FALSE,FALSE,FALSE,FALSE,FALSE,FALSE,FALSE
plan,8866d3a8b5fffff,22.1957862563884,FALSE,FALSE,TRUE,0,0,0,"",FALSE,FALSE,FALSE,FALSE,TRUE,TRUE,FALSE,FALSE
plan,8866d3a8b7fffff,22.055910986467,FALSE,FALSE,TRUE,0,0,0,"",FALSE,FALSE,FALSE,FALSE,TRUE,TRUE,FALSE,FALSE
plan,8866d3a8b9fffff,23.865166603482,FALSE,FALSE,TRUE,0,0,0,"",FALSE,FALSE,FALSE,FALSE,TRUE,TRUE,FALSE,FALSE
plan,8866d3a8bbfffff,23.7362614412731,TRUE,TRUE,FALSE,5,3,2,persistence only,FALSE,FALSE,FALSE,FALSE,FALSE,FALSE,FALSE,FALSE
plan,8866d3a8bdfffff,23.1127471884571,FALSE,FALSE,FALSE,0,0,0,"",FALSE,FALSE,FALSE,FALSE,TRUE,FALSE,FALSE,FALSE
plan,8866d3a8c1fffff,27.0604425072619,FALSE,FALSE,FALSE,0,0,0,"",FALSE,FALSE,FALSE,FALSE,TRUE,FALSE,FALSE,FALSE
plan,8866d3a8c5fffff,26.3837731544217,FALSE,FALSE,FALSE,0,0,0,"",FALSE,FALSE,FALSE,FALSE,TRUE,FALSE,FALSE,FALSE
plan,8866d3a8c7fffff,26.1186110879723,FALSE,FALSE,FALSE,0,0,0,"",FALSE,FALSE,FALSE,FALSE,TRUE,FALSE,FALSE,FALSE
plan,8866d3a8c9fffff,28.0044453149925,FALSE,FALSE,FALSE,0,0,0,"",FALSE,FALSE,FALSE,FALSE,TRUE,FALSE,FALSE,FALSE
plan,8866d3a8cbfffff,27.755756107415,FALSE,FALSE,FALSE,0,0,0,"",FALSE,FALSE,FALSE,FALSE,TRUE,FALSE,FALSE,FALSE
plan,8866d3a8cdfffff,27.3338903355763,FALSE,FALSE,TRUE,0,0,0,"",FALSE,FALSE,FALSE,FALSE,TRUE,TRUE,FALSE,FALSE
plan,8866d3a8d1fffff,27.3592120262826,FALSE,FALSE,TRUE,0,0,0,"",FALSE,FALSE,FALSE,FALSE,TRUE,TRUE,FALSE,FALSE
plan,8866d3a8d3fffff,27.2128324571781,FALSE,FALSE,FALSE,0,0,0,"",FALSE,FALSE,FALSE,FALSE,TRUE,FALSE,FALSE,FALSE
plan,8866d3a8d5fffff,26.6157465859575,FALSE,FALSE,TRUE,0,0,0,"",FALSE,FALSE,FALSE,FALSE,TRUE,TRUE,FALSE,FALSE
plan,8866d3a8d9fffff,28.2762463875182,FALSE,FALSE,FALSE,0,0,0,"",FALSE,FALSE,FALSE,FALSE,TRUE,FALSE,FALSE,FALSE
plan,8866d3a8dbfffff,28.117701768925,FALSE,FALSE,FALSE,0,0,0,"",FALSE,FALSE,FALSE,FALSE,TRUE,FALSE,FALSE,FALSE
plan,8866d3a8ddfffff,27.5404148814831,FALSE,FALSE,TRUE,0,0,0,"",FALSE,FALSE,FALSE,FALSE,TRUE,TRUE,FALSE,FALSE
plan,8866d3a8e1fffff,24.7727979850592,FALSE,FALSE,FALSE,0,0,0,"",FALSE,FALSE,FALSE,FALSE,TRUE,FALSE,FALSE,FALSE
plan,8866d3a8e3fffff,24.4890862669794,FALSE,FALSE,FALSE,0,0,0,"",FALSE,FALSE,FALSE,FALSE,TRUE,FALSE,FALSE,FALSE
plan,8866d3a8e5fffff,24.1323996456716,FALSE,FALSE,TRUE,0,0,0,"",FALSE,FALSE,FALSE,FALSE,TRUE,TRUE,FALSE,FALSE
plan,8866d3a8e7fffff,23.8199380694346,FALSE,FALSE,FALSE,0,0,0,"",FALSE,FALSE,FALSE,FALSE,TRUE,FALSE,FALSE,FALSE
plan,8866d3a8e9fffff,25.7272231056841,FALSE,FALSE,FALSE,0,0,0,"",FALSE,FALSE,FALSE,FALSE,TRUE,FALSE,FALSE,FALSE
plan,8866d3a8ebfffff,25.4354338940018,FALSE,FALSE,FALSE,0,0,0,"",FALSE,FALSE,FALSE,FALSE,TRUE,FALSE,FALSE,FALSE
plan,8866d3a8edfffff,25.0923756755085,FALSE,FALSE,TRUE,0,0,0,"",FALSE,FALSE,FALSE,FALSE,TRUE,TRUE,FALSE,FALSE
plan,8866d3a913fffff,22.814766395687,FALSE,FALSE,FALSE,0,0,0,"",FALSE,FALSE,FALSE,FALSE,TRUE,FALSE,FALSE,FALSE
plan,8866d3a919fffff,24.3256576650286,FALSE,FALSE,FALSE,0,0,0,"",FALSE,FALSE,FALSE,FALSE,TRUE,FALSE,FALSE,FALSE
plan,8866d3a91bfffff,23.7885541877513,FALSE,FALSE,TRUE,0,0,0,"",FALSE,FALSE,FALSE,FALSE,TRUE,TRUE,FALSE,FALSE
plan,8866d3a921fffff,22.6680066521607,FALSE,FALSE,FALSE,0,0,0,"",FALSE,FALSE,FALSE,FALSE,TRUE,FALSE,FALSE,FALSE
plan,8866d3a923fffff,21.9763541830861,FALSE,FALSE,FALSE,0,0,0,"",FALSE,FALSE,FALSE,FALSE,TRUE,FALSE,FALSE,FALSE
plan,8866d3a929fffff,23.6081282556858,FALSE,FALSE,FALSE,0,0,0,"",FALSE,FALSE,FALSE,FALSE,TRUE,FALSE,FALSE,FALSE
plan,8866d3a92bfffff,22.9240817745358,FALSE,FALSE,FALSE,0,0,0,"",FALSE,FALSE,FALSE,FALSE,TRUE,FALSE,FALSE,FALSE
plan,8866d3a931fffff,21.6270769512313,FALSE,FALSE,FALSE,0,0,0,"",FALSE,FALSE,FALSE,FALSE,TRUE,FALSE,FALSE,FALSE
plan,8866d3a933fffff,21.018513575851,FALSE,FALSE,TRUE,0,0,0,"",FALSE,FALSE,FALSE,FALSE,TRUE,TRUE,FALSE,FALSE
plan,8866d3a935fffff,21.3082375322934,FALSE,FALSE,TRUE,0,0,0,"",FALSE,FALSE,FALSE,FALSE,TRUE,TRUE,FALSE,FALSE
plan,8866d3a937fffff,20.6659434966679,FALSE,FALSE,FALSE,0,0,0,"",FALSE,FALSE,FALSE,FALSE,TRUE,FALSE,FALSE,FALSE
plan,8866d3a939fffff,22.5893164098774,FALSE,FALSE,FALSE,0,0,0,"",FALSE,FALSE,FALSE,FALSE,TRUE,FALSE,FALSE,FALSE
plan,8866d3a93dfffff,22.263027263456,FALSE,FALSE,FALSE,0,0,0,"",FALSE,FALSE,FALSE,FALSE,TRUE,FALSE,FALSE,FALSE
plan,8866d3a981fffff,20.4198967425372,FALSE,FALSE,FALSE,0,0,0,"",FALSE,FALSE,FALSE,FALSE,TRUE,FALSE,FALSE,FALSE
plan,8866d3a983fffff,20.0218160856589,FALSE,FALSE,FALSE,0,0,0,"",FALSE,FALSE,FALSE,FALSE,TRUE,FALSE,FALSE,FALSE
plan,8866d3a987fffff,19.4484654760672,FALSE,FALSE,FALSE,0,0,0,"",FALSE,FALSE,FALSE,FALSE,TRUE,FALSE,FALSE,FALSE
plan,8866d3a98dfffff,20.8574029946992,FALSE,FALSE,FALSE,0,0,0,"",FALSE,FALSE,FALSE,FALSE,TRUE,FALSE,FALSE,FALSE
plan,8866d3a991fffff,20.3057575085202,FALSE,FALSE,FALSE,0,0,0,"",FALSE,FALSE,FALSE,FALSE,TRUE,FALSE,FALSE,FALSE
plan,8866d3a995fffff,19.6655595090728,FALSE,FALSE,FALSE,0,0,0,"",FALSE,FALSE,FALSE,FALSE,TRUE,FALSE,FALSE,FALSE
plan,8866d3a99bfffff,20.9729647535353,FALSE,FALSE,TRUE,0,0,0,"",FALSE,FALSE,FALSE,FALSE,TRUE,TRUE,FALSE,FALSE
plan,8866d3a9a5fffff,17.946213049276,FALSE,FALSE,TRUE,0,0,0,"",FALSE,FALSE,FALSE,FALSE,TRUE,TRUE,FALSE,FALSE
plan,8866d3a9a9fffff,19.3824199052974,FALSE,FALSE,FALSE,0,0,0,"",FALSE,FALSE,FALSE,FALSE,TRUE,FALSE,FALSE,FALSE
plan,8866d3a9adfffff,18.9198282861983,FALSE,FALSE,FALSE,3,3,0,negative ratio,FALSE,FALSE,FALSE,FALSE,FALSE,FALSE,FALSE,FALSE
plan,8866d3a9b9fffff,19.0550984577304,FALSE,FALSE,FALSE,0,0,0,"",FALSE,FALSE,FALSE,FALSE,TRUE,FALSE,FALSE,FALSE
plan,8866d3a9bbfffff,18.7059106343046,FALSE,FALSE,TRUE,0,0,0,"",FALSE,FALSE,FALSE,FALSE,TRUE,TRUE,FALSE,FALSE
plan,8866d3a9c5fffff,22.3065597267245,FALSE,FALSE,FALSE,0,0,0,"",FALSE,FALSE,FALSE,FALSE,TRUE,FALSE,FALSE,FALSE
plan,8866d3a9c7fffff,21.8314260397605,FALSE,FALSE,FALSE,0,0,0,"",FALSE,FALSE,FALSE,FALSE,TRUE,FALSE,FALSE,FALSE
plan,8866d3a9cbfffff,23.3355082839498,FALSE,FALSE,FALSE,0,0,0,"",FALSE,FALSE,FALSE,FALSE,TRUE,FALSE,FALSE,FALSE
plan,8866d3a9cdfffff,23.2811549987822,FALSE,FALSE,FALSE,0,0,0,"",FALSE,FALSE,FALSE,FALSE,TRUE,FALSE,FALSE,FALSE
plan,8866d3a9d1fffff,22.5519692909616,FALSE,FALSE,FALSE,1,1,0,negative ratio,FALSE,FALSE,FALSE,FALSE,FALSE,FALSE,FALSE,FALSE
plan,8866d3a9d3fffff,22.2160674240083,FALSE,FALSE,TRUE,0,0,0,"",FALSE,FALSE,FALSE,FALSE,TRUE,TRUE,FALSE,FALSE
plan,8866d3a9d5fffff,21.9572193717452,FALSE,FALSE,FALSE,0,0,0,"",FALSE,FALSE,FALSE,FALSE,TRUE,FALSE,FALSE,FALSE
plan,8866d3a9d7fffff,21.5887631247211,FALSE,FALSE,FALSE,1,1,0,negative ratio,FALSE,FALSE,FALSE,FALSE,FALSE,FALSE,FALSE,FALSE
plan,8866d3a9d9fffff,23.516059928633,FALSE,FALSE,FALSE,0,0,0,"",FALSE,FALSE,FALSE,FALSE,TRUE,FALSE,FALSE,FALSE
plan,8866d3a9dbfffff,23.1735777882298,FALSE,FALSE,TRUE,0,0,0,"",FALSE,FALSE,FALSE,FALSE,TRUE,TRUE,FALSE,FALSE
plan,8866d3a9ddfffff,22.9257236444265,FALSE,FALSE,TRUE,0,0,0,"",FALSE,FALSE,FALSE,FALSE,TRUE,TRUE,FALSE,FALSE
plan,8866d3a9e1fffff,20.8672320053095,FALSE,FALSE,FALSE,0,0,0,"",FALSE,FALSE,FALSE,FALSE,TRUE,FALSE,FALSE,FALSE
plan,8866d3a9e5fffff,20.4397875035229,FALSE,FALSE,FALSE,1,1,0,negative ratio,FALSE,FALSE,FALSE,FALSE,FALSE,FALSE,FALSE,FALSE
plan,8866d3a9e7fffff,19.8935070223108,FALSE,FALSE,FALSE,0,0,0,"",FALSE,FALSE,FALSE,FALSE,TRUE,FALSE,FALSE,FALSE
plan,8866d3aa95fffff,31.0479734423554,FALSE,FALSE,FALSE,0,0,0,"",FALSE,FALSE,FALSE,FALSE,TRUE,FALSE,FALSE,FALSE
plan,8866d3aaa3fffff,28.9504010350222,FALSE,FALSE,FALSE,0,0,0,"",FALSE,FALSE,FALSE,FALSE,TRUE,FALSE,FALSE,FALSE
plan,8866d3aaa7fffff,28.2856000704974,FALSE,FALSE,FALSE,0,0,0,"",FALSE,FALSE,FALSE,FALSE,TRUE,FALSE,FALSE,FALSE
plan,8866d3aab1fffff,29.3992202521923,FALSE,FALSE,FALSE,0,0,0,"",FALSE,FALSE,FALSE,FALSE,TRUE,FALSE,FALSE,FALSE
plan,8866d3aab3fffff,29.1969390250769,FALSE,FALSE,FALSE,0,0,0,"",FALSE,FALSE,FALSE,FALSE,TRUE,FALSE,FALSE,FALSE
plan,8866d3aab5fffff,28.6933189865033,FALSE,FALSE,FALSE,0,0,0,"",FALSE,FALSE,FALSE,FALSE,TRUE,FALSE,FALSE,FALSE
plan,8866d3aab7fffff,28.468344360288,FALSE,FALSE,FALSE,0,0,0,"",FALSE,FALSE,FALSE,FALSE,TRUE,FALSE,FALSE,FALSE
plan,8866d3aab9fffff,30.3327654989024,FALSE,FALSE,FALSE,0,0,0,"",FALSE,FALSE,FALSE,FALSE,TRUE,FALSE,FALSE,FALSE
plan,8866d3aabbfffff,30.1209486462518,FALSE,FALSE,FALSE,0,0,0,"",FALSE,FALSE,FALSE,FALSE,TRUE,FALSE,FALSE,FALSE
plan,8866d3aabdfffff,29.6331956455931,FALSE,FALSE,FALSE,0,0,0,"",FALSE,FALSE,FALSE,FALSE,TRUE,FALSE,FALSE,FALSE
plan,8866d3ad01fffff,24.5113177915765,FALSE,TRUE,TRUE,0,0,0,"",FALSE,FALSE,TRUE,TRUE,TRUE,TRUE,FALSE,FALSE
plan,8866d3ad05fffff,23.6320056773009,FALSE,FALSE,TRUE,1,0,1,persistence only,FALSE,FALSE,FALSE,FALSE,FALSE,FALSE,FALSE,FALSE
plan,8866d3ad07fffff,23.7094780671543,FALSE,TRUE,TRUE,1,1,0,persistence only,FALSE,FALSE,FALSE,FALSE,FALSE,FALSE,FALSE,FALSE
plan,8866d3ad0dfffff,24.4559017472877,FALSE,FALSE,FALSE,0,0,0,"",FALSE,FALSE,FALSE,FALSE,TRUE,FALSE,FALSE,FALSE
plan,8866d3ad21fffff,21.9388250866164,FALSE,TRUE,TRUE,2,2,0,persistence only,FALSE,FALSE,FALSE,FALSE,FALSE,FALSE,FALSE,FALSE
plan,8866d3ad23fffff,22.0210576115144,FALSE,FALSE,TRUE,0,0,0,"",FALSE,FALSE,FALSE,FALSE,TRUE,TRUE,FALSE,FALSE
plan,8866d3ad25fffff,21.0671572256245,FALSE,TRUE,FALSE,0,0,0,"",FALSE,FALSE,TRUE,FALSE,TRUE,FALSE,FALSE,FALSE
plan,8866d3ad27fffff,21.1289622826567,FALSE,TRUE,FALSE,1,1,0,persistence only,FALSE,FALSE,FALSE,FALSE,FALSE,FALSE,FALSE,FALSE
plan,8866d3ad29fffff,22.7615797496213,FALSE,FALSE,FALSE,0,0,0,"",FALSE,FALSE,FALSE,FALSE,TRUE,FALSE,FALSE,FALSE
plan,8866d3ad2bfffff,22.819951621643,FALSE,TRUE,FALSE,1,1,0,persistence only,FALSE,FALSE,FALSE,FALSE,FALSE,FALSE,FALSE,FALSE
plan,8866d3ad31fffff,23.0641586285421,FALSE,FALSE,FALSE,0,0,0,"",FALSE,FALSE,FALSE,FALSE,TRUE,FALSE,FALSE,FALSE
plan,8866d3ad33fffff,23.2486616998188,FALSE,FALSE,FALSE,0,0,0,"",FALSE,FALSE,FALSE,FALSE,TRUE,FALSE,FALSE,FALSE
plan,8866d3ad37fffff,22.316837119398,FALSE,FALSE,FALSE,0,0,0,"",FALSE,FALSE,FALSE,FALSE,TRUE,FALSE,FALSE,FALSE
plan,8866d3ad3dfffff,22.9209970592091,FALSE,FALSE,FALSE,0,0,0,"",FALSE,FALSE,FALSE,FALSE,TRUE,FALSE,FALSE,FALSE
plan,8866d3ad41fffff,26.134697655131,FALSE,FALSE,FALSE,0,0,0,"",FALSE,FALSE,FALSE,FALSE,TRUE,FALSE,FALSE,FALSE
plan,8866d3ad61fffff,23.6012586135965,FALSE,FALSE,FALSE,1,0,1,persistence only,FALSE,FALSE,FALSE,FALSE,FALSE,FALSE,FALSE,FALSE
plan,8866d3ad63fffff,23.5958703553537,FALSE,FALSE,FALSE,0,0,0,"",FALSE,FALSE,FALSE,FALSE,TRUE,FALSE,FALSE,FALSE
plan,8866d3ad65fffff,22.7739154455995,FALSE,FALSE,FALSE,0,0,0,"",FALSE,FALSE,FALSE,FALSE,TRUE,FALSE,FALSE,FALSE
plan,8866d3ad67fffff,22.7462064936745,FALSE,FALSE,TRUE,0,0,0,"",FALSE,FALSE,FALSE,FALSE,TRUE,TRUE,FALSE,FALSE
plan,8866d3ad6dfffff,23.6481387083379,TRUE,TRUE,FALSE,2,2,0,persistence only,FALSE,FALSE,FALSE,FALSE,FALSE,FALSE,FALSE,FALSE
plan,8866d3af25fffff,27.101843389198,TRUE,TRUE,FALSE,2,1,1,persistence only,FALSE,FALSE,FALSE,FALSE,FALSE,FALSE,FALSE,FALSE
plan,8866d3af2dfffff,27.9932834818628,FALSE,FALSE,FALSE,0,0,0,"",FALSE,FALSE,FALSE,FALSE,TRUE,FALSE,FALSE,FALSE
plan,8866d3af6dfffff,29.940368223773,FALSE,FALSE,FALSE,0,0,0,"",FALSE,FALSE,FALSE,FALSE,TRUE,FALSE,FALSE,FALSE
plan,8866de5b69fffff,29.9386257881796,FALSE,FALSE,FALSE,0,0,0,"",FALSE,FALSE,FALSE,FALSE,TRUE,FALSE,FALSE,FALSE
plan,888f2d9201fffff,15.6696533623381,FALSE,FALSE,FALSE,0,0,0,"",FALSE,FALSE,FALSE,FALSE,TRUE,FALSE,FALSE,FALSE
plan,888f2d9203fffff,16.5367117668135,FALSE,FALSE,FALSE,1,1,0,persistence only,FALSE,FALSE,FALSE,FALSE,FALSE,FALSE,FALSE,FALSE
plan,888f2d9205fffff,15.684673526809,TRUE,TRUE,FALSE,5,2,3,persistence only,FALSE,FALSE,FALSE,FALSE,FALSE,FALSE,FALSE,FALSE
plan,888f2d9207fffff,16.5204735371832,FALSE,FALSE,FALSE,1,1,0,persistence only,FALSE,FALSE,FALSE,FALSE,FALSE,FALSE,FALSE,FALSE
plan,888f2d9209fffff,14.8345463417208,FALSE,FALSE,TRUE,0,0,0,"",FALSE,FALSE,FALSE,FALSE,TRUE,TRUE,FALSE,FALSE
plan,888f2d920bfffff,15.7171043760092,FALSE,FALSE,FALSE,0,0,0,"",FALSE,FALSE,FALSE,FALSE,TRUE,FALSE,FALSE,FALSE
plan,888f2d920dfffff,14.8183050997572,TRUE,TRUE,FALSE,12,8,4,persistence only,FALSE,FALSE,FALSE,FALSE,FALSE,FALSE,FALSE,FALSE
plan,888f2d9221fffff,16.6653541458449,FALSE,FALSE,FALSE,0,0,0,"",FALSE,FALSE,FALSE,FALSE,TRUE,FALSE,FALSE,FALSE
plan,888f2d9223fffff,17.4529277986184,TRUE,TRUE,FALSE,5,3,2,persistence only,FALSE,FALSE,FALSE,FALSE,FALSE,FALSE,FALSE,FALSE
plan,888f2d9225fffff,16.8249572009019,FALSE,FALSE,FALSE,2,2,0,persistence only,FALSE,FALSE,FALSE,FALSE,FALSE,FALSE,FALSE,FALSE
plan,888f2d9227fffff,17.5767481130691,FALSE,FALSE,FALSE,1,0,1,persistence only,FALSE,FALSE,FALSE,FALSE,FALSE,FALSE,FALSE,FALSE
plan,888f2d9229fffff,15.7619923617689,FALSE,FALSE,FALSE,0,0,0,"",FALSE,FALSE,FALSE,FALSE,TRUE,FALSE,FALSE,FALSE
plan,888f2d922bfffff,16.5635054540889,TRUE,TRUE,TRUE,3,3,0,persistence only,FALSE,FALSE,FALSE,FALSE,FALSE,FALSE,FALSE,FALSE
plan,888f2d922dfffff,15.9007071116733,FALSE,FALSE,TRUE,1,1,0,persistence only,FALSE,FALSE,FALSE,FALSE,FALSE,FALSE,FALSE,FALSE
plan,888f2d9239fffff,17.372743065156,FALSE,FALSE,FALSE,0,0,0,"",FALSE,FALSE,FALSE,FALSE,TRUE,FALSE,FALSE,FALSE
plan,888f2d9241fffff,13.1327424734555,FALSE,TRUE,FALSE,3,1,2,persistence only,FALSE,FALSE,FALSE,FALSE,FALSE,FALSE,FALSE,FALSE
plan,888f2d9243fffff,14.0179490864408,FALSE,FALSE,FALSE,0,0,0,"",FALSE,FALSE,FALSE,FALSE,TRUE,FALSE,FALSE,FALSE
plan,888f2d9245fffff,13.1165047476527,TRUE,TRUE,TRUE,0,0,0,"",TRUE,TRUE,TRUE,TRUE,TRUE,TRUE,TRUE,TRUE
plan,888f2d9247fffff,13.966707734017,FALSE,FALSE,FALSE,0,0,0,"",FALSE,FALSE,FALSE,FALSE,TRUE,FALSE,FALSE,FALSE
plan,888f2d9249fffff,12.3199768711532,TRUE,TRUE,TRUE,2,1,1,persistence only,FALSE,FALSE,FALSE,FALSE,FALSE,FALSE,FALSE,FALSE
plan,888f2d924bfffff,13.2232785329997,FALSE,FALSE,FALSE,1,1,0,persistence only,FALSE,FALSE,FALSE,FALSE,FALSE,FALSE,FALSE,FALSE
plan,888f2d924dfffff,12.2639064085537,TRUE,TRUE,TRUE,0,0,0,"",TRUE,TRUE,TRUE,TRUE,TRUE,TRUE,TRUE,TRUE
plan,888f2d9251fffff,15.0634352898779,FALSE,FALSE,FALSE,0,0,0,"",FALSE,FALSE,FALSE,FALSE,TRUE,FALSE,FALSE,FALSE
plan,888f2d9255fffff,14.9166171826931,FALSE,FALSE,FALSE,0,0,0,"",FALSE,FALSE,FALSE,FALSE,TRUE,FALSE,FALSE,FALSE
plan,888f2d925dfffff,14.1384863131455,FALSE,FALSE,TRUE,0,0,0,"",FALSE,FALSE,FALSE,FALSE,TRUE,TRUE,FALSE,FALSE
plan,888f2d9261fffff,14.0741440481772,FALSE,FALSE,FALSE,0,0,0,"",FALSE,FALSE,FALSE,FALSE,TRUE,FALSE,FALSE,FALSE
plan,888f2d9263fffff,14.8681156417953,FALSE,FALSE,FALSE,0,0,0,"",FALSE,FALSE,FALSE,FALSE,TRUE,FALSE,FALSE,FALSE
plan,888f2d9265fffff,14.2312505176062,FALSE,FALSE,TRUE,0,0,0,"",FALSE,FALSE,FALSE,FALSE,TRUE,TRUE,FALSE,FALSE
plan,888f2d9267fffff,14.9833256287796,FALSE,FALSE,FALSE,1,1,0,persistence only,FALSE,FALSE,FALSE,FALSE,FALSE,FALSE,FALSE,FALSE
plan,888f2d9269fffff,13.1748473561565,FALSE,FALSE,TRUE,0,0,0,"",FALSE,FALSE,FALSE,FALSE,TRUE,TRUE,FALSE,FALSE
plan,888f2d926bfffff,13.9855308218907,TRUE,TRUE,TRUE,3,3,0,persistence only,FALSE,FALSE,FALSE,FALSE,FALSE,FALSE,FALSE,FALSE
plan,888f2d926dfffff,13.3067965580092,FALSE,FALSE,FALSE,0,0,0,"",FALSE,FALSE,FALSE,FALSE,TRUE,FALSE,FALSE,FALSE
plan,888f2d9301fffff,17.0297174199498,FALSE,TRUE,TRUE,0,0,0,"",FALSE,FALSE,TRUE,TRUE,TRUE,TRUE,FALSE,FALSE
plan,888f2d9303fffff,17.6318348738243,FALSE,TRUE,TRUE,1,1,0,persistence only,FALSE,FALSE,FALSE,FALSE,FALSE,FALSE,FALSE,FALSE
plan,888f2d9305fffff,17.4416036322412,FALSE,TRUE,TRUE,0,0,0,"",FALSE,FALSE,TRUE,TRUE,TRUE,TRUE,FALSE,FALSE
plan,888f2d9309fffff,16.0581903595213,FALSE,FALSE,FALSE,0,0,0,"",FALSE,FALSE,FALSE,FALSE,TRUE,FALSE,FALSE,FALSE
plan,888f2d930dfffff,16.4654171086862,FALSE,FALSE,FALSE,0,0,0,"",FALSE,FALSE,FALSE,FALSE,TRUE,FALSE,FALSE,FALSE
plan,888f2d9311fffff,17.9861081015754,FALSE,FALSE,FALSE,0,0,0,"",FALSE,FALSE,FALSE,FALSE,TRUE,FALSE,FALSE,FALSE
plan,888f2d9315fffff,18.2680346705888,FALSE,TRUE,TRUE,1,0,1,persistence only,FALSE,FALSE,FALSE,FALSE,FALSE,FALSE,FALSE,FALSE
plan,888f2d9319fffff,17.0406975170547,FALSE,FALSE,FALSE,0,0,0,"",FALSE,FALSE,FALSE,FALSE,TRUE,FALSE,FALSE,FALSE
plan,888f2d931bfffff,17.755012699035,FALSE,FALSE,FALSE,1,1,0,persistence only,FALSE,FALSE,FALSE,FALSE,FALSE,FALSE,FALSE,FALSE
plan,888f2d931dfffff,17.3104818111925,FALSE,FALSE,FALSE,0,0,0,"",FALSE,FALSE,FALSE,FALSE,TRUE,FALSE,FALSE,FALSE
plan,888f2d9329fffff,17.8988715873821,FALSE,TRUE,FALSE,0,0,0,"",FALSE,FALSE,TRUE,FALSE,TRUE,FALSE,FALSE,FALSE
plan,888f2d932bfffff,18.4180410584331,FALSE,FALSE,TRUE,0,0,0,"",FALSE,FALSE,FALSE,FALSE,TRUE,TRUE,FALSE,FALSE
plan,888f2d9351fffff,15.4032672575544,FALSE,FALSE,FALSE,0,0,0,"",FALSE,FALSE,FALSE,FALSE,TRUE,FALSE,FALSE,FALSE
plan,888f2d9353fffff,16.099236784534,FALSE,FALSE,FALSE,0,0,0,"",FALSE,FALSE,FALSE,FALSE,TRUE,FALSE,FALSE,FALSE
plan,888f2d9355fffff,15.702943506654,FALSE,FALSE,FALSE,0,0,0,"",FALSE,FALSE,FALSE,FALSE,TRUE,FALSE,FALSE,FALSE
plan,888f2d9357fffff,16.355409169987,FALSE,FALSE,FALSE,0,0,0,"",FALSE,FALSE,FALSE,FALSE,TRUE,FALSE,FALSE,FALSE
plan,888f2d935bfffff,15.1624506514812,FALSE,FALSE,FALSE,1,1,0,persistence only,FALSE,FALSE,FALSE,FALSE,FALSE,FALSE,FALSE,FALSE
plan,888f2d9363fffff,16.9208768401859,FALSE,FALSE,FALSE,0,0,0,"",FALSE,FALSE,FALSE,FALSE,TRUE,FALSE,FALSE,FALSE
plan,888f2d936bfffff,15.9429452362964,FALSE,FALSE,FALSE,0,0,0,"",FALSE,FALSE,FALSE,FALSE,TRUE,FALSE,FALSE,FALSE
