rule,pool,target,estimator,fit,month,period,actual,synthetic,gap
amended,primary_unscreened,CENTER,ascm,holdout,202201,fit,5.69451247165533,5.8924475909159,-0.197935119260575
amended,primary_unscreened,CENTER,ascm,holdout,202202,fit,8.25904761904762,8.46435008634222,-0.205302467294603
amended,primary_unscreened,CENTER,ascm,holdout,202203,fit,9.8705900621118,9.57764798054686,0.292942081564942
amended,primary_unscreened,CENTER,ascm,holdout,202204,fit,10.0415532879819,10.0486978919071,-0.00714460392526384
amended,primary_unscreened,CENTER,ascm,holdout,202205,fit,9.47,9.48878084957575,-0.0187808495757515
amended,primary_unscreened,CENTER,ascm,holdout,202206,fit,5.27515151515152,5.29880783568817,-0.0236563205366531
amended,primary_unscreened,CENTER,ascm,holdout,202207,fit,9.89151927437642,9.71624381522193,0.175275459154486
amended,primary_unscreened,CENTER,ascm,holdout,202208,fit,9.27933747412008,9.20797050692044,0.0713669671996371
amended,primary_unscreened,CENTER,ascm,holdout,202209,fit,10.7700757575758,11.0071979872173,-0.237122229641566
amended,primary_unscreened,CENTER,ascm,holdout,202210,fit,10.9086961451247,11.2243137602933,-0.315617615168607
amended,primary_unscreened,CENTER,ascm,holdout,202211,fit,11.0715476190476,10.7198283239167,0.351719295130966
amended,primary_unscreened,CENTER,ascm,holdout,202212,fit,10.9319372294372,11.0261891926607,-0.0942519632234351
amended,primary_unscreened,CENTER,ascm,holdout,202301,fit,11.3795454545455,11.1442270436453,0.235318410900131
amended,primary_unscreened,CENTER,ascm,holdout,202302,fit,10.3055595238095,10.4255816396201,-0.12002211581053
amended,primary_unscreened,CENTER,ascm,holdout,202303,fit,12.9309730848861,12.8213475940295,0.109625490856653
amended,primary_unscreened,CENTER,ascm,holdout,202304,fit,11.6421904761905,11.6612781689516,-0.0190876927611399
amended,primary_unscreened,CENTER,ascm,holdout,202305,fit,12.1628985507246,12.1602252783333,0.00267327239130033
amended,primary_unscreened,CENTER,ascm,holdout,202306,post,12.1728787878788,12.2491000564478,-0.0762212685690606
amended,primary_unscreened,CENTER,ascm,holdout,202307,post,8.73681405895692,9.08770013740352,-0.350886078446601
amended,primary_unscreened,CENTER,ascm,holdout,202308,post,10.4528053830228,11.4397902891177,-0.986984906094925
amended,primary_unscreened,CENTER,ascm,holdout,202309,post,12.6972902494331,13.5619183934677,-0.864628144034642
amended,primary_unscreened,CENTER,ascm,holdout,202310,post,12.5672943722944,13.513836405294,-0.946542032999609
amended,primary_unscreened,CENTER,ascm,holdout,202311,post,13.297987012987,13.4433933661016,-0.1454063531146
amended,primary_unscreened,CENTER,scm,holdout,202201,fit,5.69451247165533,5.95067467878623,-0.256162207130902
amended,primary_unscreened,CENTER,scm,holdout,202202,fit,8.25904761904762,8.52889772466234,-0.269850105614724
amended,primary_unscreened,CENTER,scm,holdout,202203,fit,9.8705900621118,9.57498253017948,0.295607531932326
amended,primary_unscreened,CENTER,scm,holdout,202204,fit,10.0415532879819,9.99683136326355,0.0447219247183099
amended,primary_unscreened,CENTER,scm,holdout,202205,fit,9.47,9.53555999103879,-0.065559991038791
amended,primary_unscreened,CENTER,scm,holdout,202206,fit,5.27515151515152,5.3430689004128,-0.0679173852612882
amended,primary_unscreened,CENTER,scm,holdout,202207,fit,9.89151927437642,9.69793493902237,0.193584335354048
amended,primary_unscreened,CENTER,scm,holdout,202208,fit,9.27933747412008,9.21498532575901,0.0643521483610741
amended,primary_unscreened,CENTER,scm,holdout,202209,fit,10.7700757575758,10.9777394587675,-0.207663701191748
amended,primary_unscreened,CENTER,scm,holdout,202210,fit,10.9086961451247,11.2304855340445,-0.321789388919806
amended,primary_unscreened,CENTER,scm,holdout,202211,fit,11.0715476190476,10.7576233875248,0.313924231522812
amended,primary_unscreened,CENTER,scm,holdout,202212,fit,10.9319372294372,10.9302896738486,0.00164755558864549
amended,primary_unscreened,CENTER,scm,holdout,202301,fit,11.3795454545455,11.1144840491849,0.265061405360596
amended,primary_unscreened,CENTER,scm,holdout,202302,fit,10.3055595238095,10.5100937245243,-0.204534200714759
amended,primary_unscreened,CENTER,scm,holdout,202303,fit,12.9309730848861,12.8216915969588,0.109281487927335
amended,primary_unscreened,CENTER,scm,holdout,202304,fit,11.6421904761905,11.6506278865458,-0.00843741035527579
amended,primary_unscreened,CENTER,scm,holdout,202305,fit,12.1628985507246,12.1223019343865,0.0405966163381226
amended,primary_unscreened,CENTER,scm,holdout,202306,post,12.1728787878788,12.2945840706011,-0.121705282722353
amended,primary_unscreened,CENTER,scm,holdout,202307,post,8.73681405895692,9.2795646990498,-0.542750640092887
amended,primary_unscreened,CENTER,scm,holdout,202308,post,10.4528053830228,11.5872179828159,-1.13441259979313
amended,primary_unscreened,CENTER,scm,holdout,202309,post,12.6972902494331,13.4293411567272,-0.732050907294127
amended,primary_unscreened,CENTER,scm,holdout,202310,post,12.5672943722944,13.4112880347046,-0.843993662410266
amended,primary_unscreened,CENTER,scm,holdout,202311,post,13.297987012987,13.3502557108613,-0.0522686978743217
amended,primary_unscreened,CENTER,did,holdout,202201,fit,5.69451247165533,8.29388790159894,-2.59937542994361
amended,primary_unscreened,CENTER,did,holdout,202202,fit,8.25904761904762,9.62296298978236,-1.36391537073474
amended,primary_unscreened,CENTER,did,holdout,202203,fit,9.8705900621118,9.7515439479144,0.119046114197399
amended,primary_unscreened,CENTER,did,holdout,202204,fit,10.0415532879819,10.0573705588594,-0.0158172708775091
amended,primary_unscreened,CENTER,did,holdout,202205,fit,9.47,10.060195341073,-0.590195341073041
amended,primary_unscreened,CENTER,did,holdout,202206,fit,5.27515151515152,8.47599809079246,-3.20084657564094
amended,primary_unscreened,CENTER,did,holdout,202207,fit,9.89151927437642,9.49107837778941,0.400440896587005
amended,primary_unscreened,CENTER,did,holdout,202208,fit,9.27933747412008,9.22271115134972,0.0566263227703594
amended,primary_unscreened,CENTER,did,holdout,202209,fit,10.7700757575758,10.4701995498273,0.299876207748506
amended,primary_unscreened,CENTER,did,holdout,202210,fit,10.9086961451247,10.7717641508641,0.136931994260642
amended,primary_unscreened,CENTER,did,holdout,202211,fit,11.0715476190476,10.1561240728351,0.915423546212512
amended,primary_unscreened,CENTER,did,holdout,202212,fit,10.9319372294372,10.1718746340023,0.760062595434896
amended,primary_unscreened,CENTER,did,holdout,202301,fit,11.3795454545455,10.3068042075152,1.07274124703021
amended,primary_unscreened,CENTER,did,holdout,202302,fit,10.3055595238095,10.228329656449,0.0772298673605008
amended,primary_unscreened,CENTER,did,holdout,202303,fit,12.9309730848861,11.0655146940228,1.8654583908633
amended,primary_unscreened,CENTER,did,holdout,202304,fit,11.6421904761905,10.9503855206466,0.691804955543923
amended,primary_unscreened,CENTER,did,holdout,202305,fit,12.1628985507246,10.7883907004641,1.37450785026058
amended,primary_unscreened,CENTER,did,holdout,202306,post,12.1728787878788,10.9021860818138,1.270692706065
amended,primary_unscreened,CENTER,did,holdout,202307,post,8.73681405895692,9.66042758413862,-0.923613525181702
amended,primary_unscreened,CENTER,did,holdout,202308,post,10.4528053830228,10.4440809849514,0.00872439807133496
amended,primary_unscreened,CENTER,did,holdout,202309,post,12.6972902494331,11.3270325224102,1.37025772702288
amended,primary_unscreened,CENTER,did,holdout,202310,post,12.5672943722944,11.5411069572347,1.02618741505971
amended,primary_unscreened,CENTER,did,holdout,202311,post,13.297987012987,11.4171296845074,1.88085732847963
amended,primary_unscreened,CENTER,ascm_dec22,holdout,202212,fit,10.9319372294372,10.9319372287369,7.003535529293e-10
amended,primary_unscreened,CENTER,ascm_dec22,holdout,202301,fit,11.3795454545455,11.3795454540691,4.76390482617717e-10
amended,primary_unscreened,CENTER,ascm_dec22,holdout,202302,fit,10.3055595238095,10.3055595232181,5.91406035255204e-10
amended,primary_unscreened,CENTER,ascm_dec22,holdout,202303,fit,12.9309730848861,12.9309730856699,-7.83796139103288e-10
amended,primary_unscreened,CENTER,ascm_dec22,holdout,202304,fit,11.6421904761905,11.6421904768586,-6.68169519713047e-10
amended,primary_unscreened,CENTER,ascm_dec22,holdout,202305,fit,12.1628985507246,12.1628985510408,-3.16184411985887e-10
amended,primary_unscreened,CENTER,ascm_dec22,holdout,202306,post,12.1728787878788,11.9078234518607,0.265055336018071
amended,primary_unscreened,CENTER,ascm_dec22,holdout,202307,post,8.73681405895692,10.1468472546389,-1.41003319568194
amended,primary_unscreened,CENTER,ascm_dec22,holdout,202308,post,10.4528053830228,10.8406358317765,-0.38783044875372
amended,primary_unscreened,CENTER,ascm_dec22,holdout,202309,post,12.6972902494331,12.8762749629631,-0.178984713529957
amended,primary_unscreened,CENTER,ascm_dec22,holdout,202310,post,12.5672943722944,13.1299409701599,-0.562646597865532
amended,primary_unscreened,CENTER,ascm_dec22,holdout,202311,post,13.297987012987,12.9196011111154,0.378385901871654
amended,primary_unscreened,CENTER,ascm,full pre 2022-01 to 2023-11,202201,fit,5.69451247165533,5.80103565802544,-0.106523186370107
amended,primary_unscreened,CENTER,ascm,full pre 2022-01 to 2023-11,202202,fit,8.25904761904762,8.61891733965062,-0.359869720602996
amended,primary_unscreened,CENTER,ascm,full pre 2022-01 to 2023-11,202203,fit,9.8705900621118,9.77183846886744,0.0987515932443586
amended,primary_unscreened,CENTER,ascm,full pre 2022-01 to 2023-11,202204,fit,10.0415532879819,9.87558579368178,0.165967494300078
amended,primary_unscreened,CENTER,ascm,full pre 2022-01 to 2023-11,202205,fit,9.47,9.51239778988524,-0.0423977898852375
amended,primary_unscreened,CENTER,ascm,full pre 2022-01 to 2023-11,202206,fit,5.27515151515152,5.3713632533692,-0.0962117382176837
amended,primary_unscreened,CENTER,ascm,full pre 2022-01 to 2023-11,202207,fit,9.89151927437642,9.56827522069424,0.323244053682172
amended,primary_unscreened,CENTER,ascm,full pre 2022-01 to 2023-11,202208,fit,9.27933747412008,9.15379197365971,0.125545500460369
amended,primary_unscreened,CENTER,ascm,full pre 2022-01 to 2023-11,202209,fit,10.7700757575758,10.982282399181,-0.212206641605219
amended,primary_unscreened,CENTER,ascm,full pre 2022-01 to 2023-11,202210,fit,10.9086961451247,11.3568357734175,-0.448139628292738
amended,primary_unscreened,CENTER,ascm,full pre 2022-01 to 2023-11,202211,fit,11.0715476190476,10.778235782136,0.293311836911625
amended,primary_unscreened,CENTER,ascm,full pre 2022-01 to 2023-11,202212,fit,10.9319372294372,11.0854817850005,-0.153544555563299
amended,primary_unscreened,CENTER,ascm,full pre 2022-01 to 2023-11,202301,fit,11.3795454545455,11.0056562137342,0.373889240811206
amended,primary_unscreened,CENTER,ascm,full pre 2022-01 to 2023-11,202302,fit,10.3055595238095,10.443529187576,-0.137969663766453
amended,primary_unscreened,CENTER,ascm,full pre 2022-01 to 2023-11,202303,fit,12.9309730848861,12.6586090069623,0.272364077923781
amended,primary_unscreened,CENTER,ascm,full pre 2022-01 to 2023-11,202304,fit,11.6421904761905,11.47382395521,0.168366520980527
amended,primary_unscreened,CENTER,ascm,full pre 2022-01 to 2023-11,202305,fit,12.1628985507246,12.099840027961,0.0630585227636757
amended,primary_unscreened,CENTER,ascm,full pre 2022-01 to 2023-11,202306,fit,12.1728787878788,12.1300817896759,0.0427969982028653
amended,primary_unscreened,CENTER,ascm,full pre 2022-01 to 2023-11,202307,fit,8.73681405895692,8.75420938674234,-0.0173953277854277
amended,primary_unscreened,CENTER,ascm,full pre 2022-01 to 2023-11,202308,fit,10.4528053830228,10.6743566722675,-0.221551289244726
amended,primary_unscreened,CENTER,ascm,full pre 2022-01 to 2023-11,202309,fit,12.6972902494331,12.823104567809,-0.125814318375898
amended,primary_unscreened,CENTER,ascm,full pre 2022-01 to 2023-11,202310,fit,12.5672943722944,12.7773292575501,-0.21003488525573
amended,primary_unscreened,CENTER,ascm,full pre 2022-01 to 2023-11,202311,fit,13.297987012987,13.0936241073021,0.204362905684867
amended,primary_unscreened,CENTER,ascm_dec22,full pre 2022-12 to 2023-11,202212,fit,10.9319372294372,10.931402376497,0.000534852940194952
amended,primary_unscreened,CENTER,ascm_dec22,full pre 2022-12 to 2023-11,202301,fit,11.3795454545455,11.3773028574189,0.00224259712650721
amended,primary_unscreened,CENTER,ascm_dec22,full pre 2022-12 to 2023-11,202302,fit,10.3055595238095,10.3097688995502,-0.00420937574065228
amended,primary_unscreened,CENTER,ascm_dec22,full pre 2022-12 to 2023-11,202303,fit,12.9309730848861,12.9265618222828,0.00441126260336588
amended,primary_unscreened,CENTER,ascm_dec22,full pre 2022-12 to 2023-11,202304,fit,11.6421904761905,11.6387919752088,0.00339850098167105
amended,primary_unscreened,CENTER,ascm_dec22,full pre 2022-12 to 2023-11,202305,fit,12.1628985507246,12.1639723950127,-0.00107384428805624
amended,primary_unscreened,CENTER,ascm_dec22,full pre 2022-12 to 2023-11,202306,fit,12.1728787878788,12.1726604526536,0.000218335225214972
amended,primary_unscreened,CENTER,ascm_dec22,full pre 2022-12 to 2023-11,202307,fit,8.73681405895692,8.74016713470976,-0.0033530757528446
amended,primary_unscreened,CENTER,ascm_dec22,full pre 2022-12 to 2023-11,202308,fit,10.4528053830228,10.4510986479946,0.00170673502816143
amended,primary_unscreened,CENTER,ascm_dec22,full pre 2022-12 to 2023-11,202309,fit,12.6972902494331,12.6980951713,-0.000804921866942365
amended,primary_unscreened,CENTER,ascm_dec22,full pre 2022-12 to 2023-11,202310,fit,12.5672943722944,12.5738152366831,-0.00652086438871002
amended,primary_unscreened,CENTER,ascm_dec22,full pre 2022-12 to 2023-11,202311,fit,13.297987012987,13.2945372148549,0.00344979813208646
amended,primary_unscreened,BELISARIO,ascm,holdout,202201,fit,4.83609977324263,6.28957247905113,-1.4534727058085
amended,primary_unscreened,BELISARIO,ascm,holdout,202202,fit,9.19028571428571,10.789127485063,-1.59884177077733
amended,primary_unscreened,BELISARIO,ascm,holdout,202203,fit,13.0995134575569,12.2585115008816,0.841001956675328
amended,primary_unscreened,BELISARIO,ascm,holdout,202204,fit,13.9129024943311,14.308620936534,-0.395718442202927
amended,primary_unscreened,BELISARIO,ascm,holdout,202205,fit,12.7398701298701,13.0224093863234,-0.282539256453267
amended,primary_unscreened,BELISARIO,ascm,holdout,202206,fit,7.33573593073593,7.39173648980541,-0.0560005590694823
amended,primary_unscreened,BELISARIO,ascm,holdout,202207,fit,13.1927097505669,11.8853384889387,1.30737126162822
amended,primary_unscreened,BELISARIO,ascm,holdout,202208,fit,11.9105279503106,11.069043942691,0.841484007619538
amended,primary_unscreened,BELISARIO,ascm,holdout,202209,fit,16.0625216450216,16.3846552723471,-0.322133627325428
amended,primary_unscreened,BELISARIO,ascm,holdout,202210,fit,16.7917233560091,17.7330154380378,-0.941292082028738
amended,primary_unscreened,BELISARIO,ascm,holdout,202211,fit,14.4812337662338,14.1292443102087,0.351989456025104
amended,primary_unscreened,BELISARIO,ascm,holdout,202212,fit,12.652987012987,12.8243505814118,-0.171363568424743
amended,primary_unscreened,BELISARIO,ascm,holdout,202301,fit,16.2524025974026,15.3342709741102,0.91813162329237
amended,primary_unscreened,BELISARIO,ascm,holdout,202302,fit,14.5856904761905,14.451802249527,0.133888226663478
amended,primary_unscreened,BELISARIO,ascm,holdout,202303,fit,19.2214389233954,18.6077197048812,0.613719218514209
amended,primary_unscreened,BELISARIO,ascm,holdout,202304,fit,16.7874523809524,15.9178045875653,0.86964779338706
amended,primary_unscreened,BELISARIO,ascm,holdout,202305,fit,15.9332401656315,16.5891116973463,-0.655871531714878
amended,primary_unscreened,BELISARIO,ascm,holdout,202306,post,16.5359307359307,18.3398927883251,-1.80396205239432
amended,primary_unscreened,BELISARIO,ascm,holdout,202307,post,12.3969614512472,14.2774307663389,-1.88046931509175
amended,primary_unscreened,BELISARIO,ascm,holdout,202308,post,14.1104244306418,15.3844501404643,-1.27402570982252
amended,primary_unscreened,BELISARIO,ascm,holdout,202309,post,17.4716213151927,20.0940298154862,-2.6224085002935
amended,primary_unscreened,BELISARIO,ascm,holdout,202310,post,17.9756818181818,19.985447851951,-2.00976603376919
amended,primary_unscreened,BELISARIO,ascm,holdout,202311,post,16.9797186147186,21.0017710211072,-4.02205240638858
amended,primary_unscreened,BELISARIO,scm,holdout,202201,fit,4.83609977324263,6.43944264534449,-1.60334287210186
amended,primary_unscreened,BELISARIO,scm,holdout,202202,fit,9.19028571428571,10.7863843167983,-1.59609860251262
amended,primary_unscreened,BELISARIO,scm,holdout,202203,fit,13.0995134575569,12.2097697180171,0.889743739539819
amended,primary_unscreened,BELISARIO,scm,holdout,202204,fit,13.9129024943311,14.3254002811212,-0.412497786790151
amended,primary_unscreened,BELISARIO,scm,holdout,202205,fit,12.7398701298701,13.0035222007399,-0.263652070869789
amended,primary_unscreened,BELISARIO,scm,holdout,202206,fit,7.33573593073593,6.72236224252985,0.613373688206085
amended,primary_unscreened,BELISARIO,scm,holdout,202207,fit,13.1927097505669,11.5770995530429,1.61561019752402
amended,primary_unscreened,BELISARIO,scm,holdout,202208,fit,11.9105279503106,10.9493623068814,0.961165643429164
amended,primary_unscreened,BELISARIO,scm,holdout,202209,fit,16.0625216450216,16.3844883910569,-0.321966746035283
amended,primary_unscreened,BELISARIO,scm,holdout,202210,fit,16.7917233560091,17.641307881741,-0.84958452573197
amended,primary_unscreened,BELISARIO,scm,holdout,202211,fit,14.4812337662338,14.4120488581903,0.0691849080434412
amended,primary_unscreened,BELISARIO,scm,holdout,202212,fit,12.652987012987,13.1040814268859,-0.451094413898909
amended,primary_unscreened,BELISARIO,scm,holdout,202301,fit,16.2524025974026,15.2347059776849,1.01769661971769
amended,primary_unscreened,BELISARIO,scm,holdout,202302,fit,14.5856904761905,14.4333575353143,0.152332940876187
amended,primary_unscreened,BELISARIO,scm,holdout,202303,fit,19.2214389233954,17.9169707456133,1.30446817778216
amended,primary_unscreened,BELISARIO,scm,holdout,202304,fit,16.7874523809524,16.0207137848678,0.766738596084618
amended,primary_unscreened,BELISARIO,scm,holdout,202305,fit,15.9332401656315,16.7757137479091,-0.842473582277629
amended,primary_unscreened,BELISARIO,scm,holdout,202306,post,16.5359307359307,18.1024465622053,-1.56651582627459
amended,primary_unscreened,BELISARIO,scm,holdout,202307,post,12.3969614512472,13.6269528066798,-1.22999135543268
amended,primary_unscreened,BELISARIO,scm,holdout,202308,post,14.1104244306418,15.3394624767048,-1.22903804606294
amended,primary_unscreened,BELISARIO,scm,holdout,202309,post,17.4716213151927,19.6976921779102,-2.22607086271742
amended,primary_unscreened,BELISARIO,scm,holdout,202310,post,17.9756818181818,19.7340956050279,-1.75841378684607
amended,primary_unscreened,BELISARIO,scm,holdout,202311,post,16.9797186147186,20.1780310056857,-3.19831239096708
amended,primary_unscreened,BELISARIO,did,holdout,202201,fit,4.83609977324263,11.7704290768306,-6.93432930358793
amended,primary_unscreened,BELISARIO,did,holdout,202202,fit,9.19028571428571,13.099504165014,-3.90921845072826
amended,primary_unscreened,BELISARIO,did,holdout,202203,fit,13.0995134575569,13.228085123146,-0.128571665589085
amended,primary_unscreened,BELISARIO,did,holdout,202204,fit,13.9129024943311,13.533911734091,0.378990760240075
amended,primary_unscreened,BELISARIO,did,holdout,202205,fit,12.7398701298701,13.5367365163047,-0.796866386434532
amended,primary_unscreened,BELISARIO,did,holdout,202206,fit,7.33573593073593,11.9525392660241,-4.61680333528815
amended,primary_unscreened,BELISARIO,did,holdout,202207,fit,13.1927097505669,12.967619553021,0.22509019754586
amended,primary_unscreened,BELISARIO,did,holdout,202208,fit,11.9105279503106,12.6992523265813,-0.788724376270784
amended,primary_unscreened,BELISARIO,did,holdout,202209,fit,16.0625216450216,13.9467407250589,2.11578091996277
amended,primary_unscreened,BELISARIO,did,holdout,202210,fit,16.7917233560091,14.2483053260957,2.54341802991338
amended,primary_unscreened,BELISARIO,did,holdout,202211,fit,14.4812337662338,13.6326652480667,0.84856851816704
amended,primary_unscreened,BELISARIO,did,holdout,202212,fit,12.652987012987,13.648415809234,-0.995428796246941
amended,primary_unscreened,BELISARIO,did,holdout,202301,fit,16.2524025974026,13.7833453827469,2.46905721465574
amended,primary_unscreened,BELISARIO,did,holdout,202302,fit,14.5856904761905,13.7048708316806,0.880819644509831
amended,primary_unscreened,BELISARIO,did,holdout,202303,fit,19.2214389233954,14.5420558692545,4.67938305414099
amended,primary_unscreened,BELISARIO,did,holdout,202304,fit,16.7874523809524,14.4269266958782,2.36052568507421
amended,primary_unscreened,BELISARIO,did,holdout,202305,fit,15.9332401656315,14.2649318756957,1.66830828993579
amended,primary_unscreened,BELISARIO,did,holdout,202306,post,16.5359307359307,14.3787272570454,2.15720347888533
amended,primary_unscreened,BELISARIO,did,holdout,202307,post,12.3969614512472,13.1369687593702,-0.740007308123074
amended,primary_unscreened,BELISARIO,did,holdout,202308,post,14.1104244306418,13.9206221601831,0.189802270458763
amended,primary_unscreened,BELISARIO,did,holdout,202309,post,17.4716213151927,14.8035736976418,2.6680476175509
amended,primary_unscreened,BELISARIO,did,holdout,202310,post,17.9756818181818,15.0176481324663,2.95803368571554
amended,primary_unscreened,BELISARIO,did,holdout,202311,post,16.9797186147186,14.893670859739,2.08604775497961
amended,primary_unscreened,BELISARIO,ascm_dec22,holdout,202212,fit,12.652987012987,12.7242133773102,-0.0712263643231896
amended,primary_unscreened,BELISARIO,ascm_dec22,holdout,202301,fit,16.2524025974026,16.2463799587568,0.00602263864583463
amended,primary_unscreened,BELISARIO,ascm_dec22,holdout,202302,fit,14.5856904761905,14.552183912345,0.0335065638455188
amended,primary_unscreened,BELISARIO,ascm_dec22,holdout,202303,fit,19.2214389233954,19.1701187224421,0.0513202009533842
amended,primary_unscreened,BELISARIO,ascm_dec22,holdout,202304,fit,16.7874523809524,16.7250351518945,0.0624172290578926
amended,primary_unscreened,BELISARIO,ascm_dec22,holdout,202305,fit,15.9332401656315,16.0152804338109,-0.0820402681794459
amended,primary_unscreened,BELISARIO,ascm_dec22,holdout,202306,post,16.5359307359307,17.7042037537009,-1.1682730177702
amended,primary_unscreened,BELISARIO,ascm_dec22,holdout,202307,post,12.3969614512472,13.7047122271282,-1.30775077588103
amended,primary_unscreened,BELISARIO,ascm_dec22,holdout,202308,post,14.1104244306418,14.1045892540623,0.00583517657956989
amended,primary_unscreened,BELISARIO,ascm_dec22,holdout,202309,post,17.4716213151927,18.8276050458574,-1.35598373066465
amended,primary_unscreened,BELISARIO,ascm_dec22,holdout,202310,post,17.9756818181818,19.472502680254,-1.49682086207213
amended,primary_unscreened,BELISARIO,ascm_dec22,holdout,202311,post,16.9797186147186,18.2444101058102,-1.26469149109158
amended,primary_unscreened,BELISARIO,ascm,full pre 2022-01 to 2023-11,202201,fit,4.83609977324263,6.22008234051814,-1.38398256727551
amended,primary_unscreened,BELISARIO,ascm,full pre 2022-01 to 2023-11,202202,fit,9.19028571428571,10.7878801171458,-1.59759440286008
amended,primary_unscreened,BELISARIO,ascm,full pre 2022-01 to 2023-11,202203,fit,13.0995134575569,12.7321245251816,0.367388932375341
amended,primary_unscreened,BELISARIO,ascm,full pre 2022-01 to 2023-11,202204,fit,13.9129024943311,14.3193958714241,-0.406493377093062
amended,primary_unscreened,BELISARIO,ascm,full pre 2022-01 to 2023-11,202205,fit,12.7398701298701,13.0582519899766,-0.318381860106483
amended,primary_unscreened,BELISARIO,ascm,full pre 2022-01 to 2023-11,202206,fit,7.33573593073593,7.414114385611,-0.078378454875069
amended,primary_unscreened,BELISARIO,ascm,full pre 2022-01 to 2023-11,202207,fit,13.1927097505669,11.4383734518909,1.75433629867601
amended,primary_unscreened,BELISARIO,ascm,full pre 2022-01 to 2023-11,202208,fit,11.9105279503106,11.0991975174961,0.811330432814476
amended,primary_unscreened,BELISARIO,ascm,full pre 2022-01 to 2023-11,202209,fit,16.0625216450216,16.1081128662516,-0.0455912212299303
amended,primary_unscreened,BELISARIO,ascm,full pre 2022-01 to 2023-11,202210,fit,16.7917233560091,17.3939108869348,-0.602187530925733
amended,primary_unscreened,BELISARIO,ascm,full pre 2022-01 to 2023-11,202211,fit,14.4812337662338,14.8175614915318,-0.336327725298045
amended,primary_unscreened,BELISARIO,ascm,full pre 2022-01 to 2023-11,202212,fit,12.652987012987,13.2304260682626,-0.577439055275583
amended,primary_unscreened,BELISARIO,ascm,full pre 2022-01 to 2023-11,202301,fit,16.2524025974026,15.0069778617206,1.245424735682
amended,primary_unscreened,BELISARIO,ascm,full pre 2022-01 to 2023-11,202302,fit,14.5856904761905,14.4729424127334,0.112748063457126
amended,primary_unscreened,BELISARIO,ascm,full pre 2022-01 to 2023-11,202303,fit,19.2214389233954,17.7816500811342,1.43978884226129
amended,primary_unscreened,BELISARIO,ascm,full pre 2022-01 to 2023-11,202304,fit,16.7874523809524,15.5408959376619,1.24655644329052
amended,primary_unscreened,BELISARIO,ascm,full pre 2022-01 to 2023-11,202305,fit,15.9332401656315,16.0662569565962,-0.13301679096474
amended,primary_unscreened,BELISARIO,ascm,full pre 2022-01 to 2023-11,202306,fit,16.5359307359307,16.8890220586778,-0.353091322747101
amended,primary_unscreened,BELISARIO,ascm,full pre 2022-01 to 2023-11,202307,fit,12.3969614512472,12.4011075562342,-0.00414610498701151
amended,primary_unscreened,BELISARIO,ascm,full pre 2022-01 to 2023-11,202308,fit,14.1104244306418,13.9633870794372,0.147037351204645
amended,primary_unscreened,BELISARIO,ascm,full pre 2022-01 to 2023-11,202309,fit,17.4716213151927,18.0484434278123,-0.576822112619517
amended,primary_unscreened,BELISARIO,ascm,full pre 2022-01 to 2023-11,202310,fit,17.9756818181818,17.8590551315743,0.116626686607482
amended,primary_unscreened,BELISARIO,ascm,full pre 2022-01 to 2023-11,202311,fit,16.9797186147186,17.8075038748296,-0.827785260111018
amended,primary_unscreened,BELISARIO,ascm_dec22,full pre 2022-12 to 2023-11,202212,fit,12.652987012987,12.9282119516564,-0.275224938669348
amended,primary_unscreened,BELISARIO,ascm_dec22,full pre 2022-12 to 2023-11,202301,fit,16.2524025974026,16.0660376710201,0.186364926382534
amended,primary_unscreened,BELISARIO,ascm_dec22,full pre 2022-12 to 2023-11,202302,fit,14.5856904761905,14.7694469005107,-0.183756424320235
amended,primary_unscreened,BELISARIO,ascm_dec22,full pre 2022-12 to 2023-11,202303,fit,19.2214389233954,18.5112168288192,0.71022209457626
amended,primary_unscreened,BELISARIO,ascm_dec22,full pre 2022-12 to 2023-11,202304,fit,16.7874523809524,16.5729316218238,0.214520759128629
amended,primary_unscreened,BELISARIO,ascm_dec22,full pre 2022-12 to 2023-11,202305,fit,15.9332401656315,15.8717780614926,0.0614621041389167
amended,primary_unscreened,BELISARIO,ascm_dec22,full pre 2022-12 to 2023-11,202306,fit,16.5359307359307,16.6383253351796,-0.102394599248893
amended,primary_unscreened,BELISARIO,ascm_dec22,full pre 2022-12 to 2023-11,202307,fit,12.3969614512472,12.6964552598868,-0.299493808639618
amended,primary_unscreened,BELISARIO,ascm_dec22,full pre 2022-12 to 2023-11,202308,fit,14.1104244306418,13.9431360288498,0.167288401791989
amended,primary_unscreened,BELISARIO,ascm_dec22,full pre 2022-12 to 2023-11,202309,fit,17.4716213151927,17.741933832858,-0.2703125176653
amended,primary_unscreened,BELISARIO,ascm_dec22,full pre 2022-12 to 2023-11,202310,fit,17.9756818181818,18.3078388451547,-0.332157026972883
amended,primary_unscreened,BELISARIO,ascm_dec22,full pre 2022-12 to 2023-11,202311,fit,16.9797186147186,16.8562375852207,0.123481029497938
amended,primary_screened,CENTER,ascm,holdout,202201,fit,5.69451247165533,5.70573823473342,-0.0112257630780865
amended,primary_screened,CENTER,ascm,holdout,202202,fit,8.25904761904762,8.48938563412429,-0.230338015076667
amended,primary_screened,CENTER,ascm,holdout,202203,fit,9.8705900621118,9.63071280512137,0.239877256990432
amended,primary_screened,CENTER,ascm,holdout,202204,fit,10.0415532879819,10.0998947543983,-0.0583414664164206
amended,primary_screened,CENTER,ascm,holdout,202205,fit,9.47,9.43508162165504,0.03491837834496
amended,primary_screened,CENTER,ascm,holdout,202206,fit,5.27515151515152,5.38192471846815,-0.106773203316637
amended,primary_screened,CENTER,ascm,holdout,202207,fit,9.89151927437642,9.86578502278777,0.025734251588645
amended,primary_screened,CENTER,ascm,holdout,202208,fit,9.27933747412008,9.12078569269256,0.158551781427525
amended,primary_screened,CENTER,ascm,holdout,202209,fit,10.7700757575758,10.8555729544284,-0.0854971968526002
amended,primary_screened,CENTER,ascm,holdout,202210,fit,10.9086961451247,11.0534270022037,-0.144730857078963
amended,primary_screened,CENTER,ascm,holdout,202211,fit,11.0715476190476,10.8920997326016,0.179447886446015
amended,primary_screened,CENTER,ascm,holdout,202212,fit,10.9319372294372,10.9893453472366,-0.0574081177993389
amended,primary_screened,CENTER,ascm,holdout,202301,fit,11.3795454545455,11.3013801055284,0.0781653490170413
amended,primary_screened,CENTER,ascm,holdout,202302,fit,10.3055595238095,10.3730113998582,-0.0674518760486471
amended,primary_screened,CENTER,ascm,holdout,202303,fit,12.9309730848861,12.8823635599232,0.0486095249629024
amended,primary_screened,CENTER,ascm,holdout,202304,fit,11.6421904761905,11.6695462138013,-0.0273557376108098
amended,primary_screened,CENTER,ascm,holdout,202305,fit,12.1628985507246,12.139080746224,0.023817804500645
amended,primary_screened,CENTER,ascm,holdout,202306,post,12.1728787878788,12.243836505743,-0.0709577178641894
amended,primary_screened,CENTER,ascm,holdout,202307,post,8.73681405895692,9.21614908844329,-0.479335029486375
amended,primary_screened,CENTER,ascm,holdout,202308,post,10.4528053830228,11.2384314759551,-0.785626092932326
amended,primary_screened,CENTER,ascm,holdout,202309,post,12.6972902494331,13.7502651926683,-1.05297494323523
amended,primary_screened,CENTER,ascm,holdout,202310,post,12.5672943722944,13.3870557799393,-0.819761407644922
amended,primary_screened,CENTER,ascm,holdout,202311,post,13.297987012987,13.6359563094577,-0.337969296470716
amended,primary_screened,CENTER,scm,holdout,202201,fit,5.69451247165533,6.16977624552841,-0.475263773873083
amended,primary_screened,CENTER,scm,holdout,202202,fit,8.25904761904762,8.91641562116354,-0.657368002115925
amended,primary_screened,CENTER,scm,holdout,202203,fit,9.8705900621118,9.4371623905405,0.433427671571305
amended,primary_screened,CENTER,scm,holdout,202204,fit,10.0415532879819,9.98777155216179,0.0537817358200741
amended,primary_screened,CENTER,scm,holdout,202205,fit,9.47,9.44569937944784,0.0243006205521628
amended,primary_screened,CENTER,scm,holdout,202206,fit,5.27515151515152,5.81878902652859,-0.543637511377076
amended,primary_screened,CENTER,scm,holdout,202207,fit,9.89151927437642,9.47942558738035,0.412093686996069
amended,primary_screened,CENTER,scm,holdout,202208,fit,9.27933747412008,8.78871416302139,0.490623311098696
amended,primary_screened,CENTER,scm,holdout,202209,fit,10.7700757575758,11.0976177793252,-0.327542021749453
amended,primary_screened,CENTER,scm,holdout,202210,fit,10.9086961451247,11.1848973977538,-0.276201252629077
amended,primary_screened,CENTER,scm,holdout,202211,fit,11.0715476190476,10.6587955623343,0.412752056713293
amended,primary_screened,CENTER,scm,holdout,202212,fit,10.9319372294372,10.9693503517766,-0.0374131223393253
amended,primary_screened,CENTER,scm,holdout,202301,fit,11.3795454545455,11.0335065815897,0.346038872955736
amended,primary_screened,CENTER,scm,holdout,202302,fit,10.3055595238095,10.5914723705021,-0.285912846692526
amended,primary_screened,CENTER,scm,holdout,202303,fit,12.9309730848861,12.7410703300468,0.1899027548393
amended,primary_screened,CENTER,scm,holdout,202304,fit,11.6421904761905,11.7550169177181,-0.112826441527654
amended,primary_screened,CENTER,scm,holdout,202305,fit,12.1628985507246,11.9207979396774,0.242100611047249
amended,primary_screened,CENTER,scm,holdout,202306,post,12.1728787878788,11.9409107977247,0.231967990154111
amended,primary_screened,CENTER,scm,holdout,202307,post,8.73681405895692,9.31031433405593,-0.57350027509901
amended,primary_screened,CENTER,scm,holdout,202308,post,10.4528053830228,11.2807593345335,-0.827953951510773
amended,primary_screened,CENTER,scm,holdout,202309,post,12.6972902494331,13.5699284773836,-0.87263822795048
amended,primary_screened,CENTER,scm,holdout,202310,post,12.5672943722944,13.3701006929715,-0.802806320677162
amended,primary_screened,CENTER,scm,holdout,202311,post,13.297987012987,13.2757645919498,0.0222224210371973
amended,primary_screened,CENTER,did,holdout,202201,fit,5.69451247165533,8.30245797113391,-2.60794549947858
amended,primary_screened,CENTER,did,holdout,202202,fit,8.25904761904762,9.44852633984686,-1.18947872079924
amended,primary_screened,CENTER,did,holdout,202203,fit,9.8705900621118,9.6836744103899,0.186915651721902
amended,primary_screened,CENTER,did,holdout,202204,fit,10.0415532879819,9.93923125474454,0.102322033237316
amended,primary_screened,CENTER,did,holdout,202205,fit,9.47,9.86444903060991,-0.394449030609911
amended,primary_screened,CENTER,did,holdout,202206,fit,5.27515151515152,8.68891872757961,-3.41376721242809
amended,primary_screened,CENTER,did,holdout,202207,fit,9.89151927437642,9.34288252649823,0.548636747878192
amended,primary_screened,CENTER,did,holdout,202208,fit,9.27933747412008,9.13910788341243,0.140229590707657
amended,primary_screened,CENTER,did,holdout,202209,fit,10.7700757575758,10.5568897023879,0.213186055187826
amended,primary_screened,CENTER,did,holdout,202210,fit,10.9086961451247,10.7620319814609,0.146664163663784
amended,primary_screened,CENTER,did,holdout,202211,fit,11.0715476190476,10.2291327655497,0.842414853497949
amended,primary_screened,CENTER,did,holdout,202212,fit,10.9319372294372,10.2008450693102,0.731092160127064
amended,primary_screened,CENTER,did,holdout,202301,fit,11.3795454545455,10.3434956717198,1.03604978282565
amended,primary_screened,CENTER,did,holdout,202302,fit,10.3055595238095,10.3034214201681,0.00213810364138034
amended,primary_screened,CENTER,did,holdout,202303,fit,12.9309730848861,11.243585795059,1.68738728982712
amended,primary_screened,CENTER,did,holdout,202304,fit,11.6421904761905,11.0297256370356,0.612464839154862
amended,primary_screened,CENTER,did,holdout,202305,fit,12.1628985507246,10.8067593588795,1.35613919184513
amended,primary_screened,CENTER,did,holdout,202306,post,12.1728787878788,10.8503823091787,1.32249647870006
amended,primary_screened,CENTER,did,holdout,202307,post,8.73681405895692,9.61681635705856,-0.880002298101646
amended,primary_screened,CENTER,did,holdout,202308,post,10.4528053830228,10.3901533697054,0.0626520133173507
amended,primary_screened,CENTER,did,holdout,202309,post,12.6972902494331,11.4646993174716,1.23259093196146
amended,primary_screened,CENTER,did,holdout,202310,post,12.5672943722944,11.5767628312671,0.990531541027288
amended,primary_screened,CENTER,did,holdout,202311,post,13.297987012987,11.3981862522236,1.89980076076338
amended,primary_screened,CENTER,ascm_dec22,holdout,202212,fit,10.9319372294372,10.931937228642,7.9522166629431e-10
amended,primary_screened,CENTER,ascm_dec22,holdout,202301,fit,11.3795454545455,11.379545453998,5.47414558127457e-10
amended,primary_screened,CENTER,ascm_dec22,holdout,202302,fit,10.3055595238095,10.305559523218,5.91551696516035e-10
amended,primary_screened,CENTER,ascm_dec22,holdout,202303,fit,12.9309730848861,12.9309730858985,-1.01237418448363e-09
amended,primary_screened,CENTER,ascm_dec22,holdout,202304,fit,11.6421904761905,11.6421904768571,-6.66632971046965e-10
amended,primary_screened,CENTER,ascm_dec22,holdout,202305,fit,12.1628985507246,12.1628985509798,-2.55180765407204e-10
amended,primary_screened,CENTER,ascm_dec22,holdout,202306,post,12.1728787878788,11.9040387985515,0.268839989327308
amended,primary_screened,CENTER,ascm_dec22,holdout,202307,post,8.73681405895692,9.84654192140204,-1.10972786244512
amended,primary_screened,CENTER,ascm_dec22,holdout,202308,post,10.4528053830228,10.7672875585457,-0.314482175522898
amended,primary_screened,CENTER,ascm_dec22,holdout,202309,post,12.6972902494331,13.3608618104897,-0.663571561056575
amended,primary_screened,CENTER,ascm_dec22,holdout,202310,post,12.5672943722944,13.2286833753626,-0.661389003068187
amended,primary_screened,CENTER,ascm_dec22,holdout,202311,post,13.297987012987,12.9600633603844,0.337923652602575
amended,primary_screened,CENTER,ascm,full pre 2022-01 to 2023-11,202201,fit,5.69451247165533,5.69016861022484,0.00434386143049093
amended,primary_screened,CENTER,ascm,full pre 2022-01 to 2023-11,202202,fit,8.25904761904762,8.5353812420674,-0.276333623019783
amended,primary_screened,CENTER,ascm,full pre 2022-01 to 2023-11,202203,fit,9.8705900621118,9.61606371528392,0.254526346827879
amended,primary_screened,CENTER,ascm,full pre 2022-01 to 2023-11,202204,fit,10.0415532879819,10.0746284081786,-0.0330751201967505
amended,primary_screened,CENTER,ascm,full pre 2022-01 to 2023-11,202205,fit,9.47,9.49730913990108,-0.0273091399010816
amended,primary_screened,CENTER,ascm,full pre 2022-01 to 2023-11,202206,fit,5.27515151515152,5.35827184932561,-0.0831203341740894
amended,primary_screened,CENTER,ascm,full pre 2022-01 to 2023-11,202207,fit,9.89151927437642,9.84542299719577,0.046096277180645
amended,primary_screened,CENTER,ascm,full pre 2022-01 to 2023-11,202208,fit,9.27933747412008,9.14186811462868,0.137469359491401
amended,primary_screened,CENTER,ascm,full pre 2022-01 to 2023-11,202209,fit,10.7700757575758,10.8573757945893,-0.0873000370135557
amended,primary_screened,CENTER,ascm,full pre 2022-01 to 2023-11,202210,fit,10.9086961451247,11.0764079997478,-0.16771185462307
amended,primary_screened,CENTER,ascm,full pre 2022-01 to 2023-11,202211,fit,11.0715476190476,10.8783655791217,0.193182039925897
amended,primary_screened,CENTER,ascm,full pre 2022-01 to 2023-11,202212,fit,10.9319372294372,10.9918065823208,-0.059869352883565
amended,primary_screened,CENTER,ascm,full pre 2022-01 to 2023-11,202301,fit,11.3795454545455,11.2969472179467,0.082598236598761
amended,primary_screened,CENTER,ascm,full pre 2022-01 to 2023-11,202302,fit,10.3055595238095,10.363907041823,-0.0583475180134698
amended,primary_screened,CENTER,ascm,full pre 2022-01 to 2023-11,202303,fit,12.9309730848861,12.797251175593,0.133721909293087
amended,primary_screened,CENTER,ascm,full pre 2022-01 to 2023-11,202304,fit,11.6421904761905,11.5607194865459,0.0814709896445773
amended,primary_screened,CENTER,ascm,full pre 2022-01 to 2023-11,202305,fit,12.1628985507246,12.1520411213792,0.0108574293454051
amended,primary_screened,CENTER,ascm,full pre 2022-01 to 2023-11,202306,fit,12.1728787878788,12.1765005672498,-0.00362177937105201
amended,primary_screened,CENTER,ascm,full pre 2022-01 to 2023-11,202307,fit,8.73681405895692,8.78692490335592,-0.0501108443990042
amended,primary_screened,CENTER,ascm,full pre 2022-01 to 2023-11,202308,fit,10.4528053830228,10.4327485967589,0.020056786263881
amended,primary_screened,CENTER,ascm,full pre 2022-01 to 2023-11,202309,fit,12.6972902494331,12.8074613932487,-0.11017114381556
amended,primary_screened,CENTER,ascm,full pre 2022-01 to 2023-11,202310,fit,12.5672943722944,12.6126230333315,-0.0453286610370896
amended,primary_screened,CENTER,ascm,full pre 2022-01 to 2023-11,202311,fit,13.297987012987,13.260010840541,0.037976172446049
amended,primary_screened,CENTER,ascm_dec22,full pre 2022-12 to 2023-11,202212,fit,10.9319372294372,10.9329428321698,-0.00100560273252626
amended,primary_screened,CENTER,ascm_dec22,full pre 2022-12 to 2023-11,202301,fit,11.3795454545455,11.3587888888411,0.0207565657043762
amended,primary_screened,CENTER,ascm_dec22,full pre 2022-12 to 2023-11,202302,fit,10.3055595238095,10.3303464303208,-0.0247869065112969
amended,primary_screened,CENTER,ascm_dec22,full pre 2022-12 to 2023-11,202303,fit,12.9309730848861,12.920353093781,0.0106199911051483
amended,primary_screened,CENTER,ascm_dec22,full pre 2022-12 to 2023-11,202304,fit,11.6421904761905,11.619333072114,0.0228574040764613
amended,primary_screened,CENTER,ascm_dec22,full pre 2022-12 to 2023-11,202305,fit,12.1628985507246,12.1625477438192,0.000350806905455414
amended,primary_screened,CENTER,ascm_dec22,full pre 2022-12 to 2023-11,202306,fit,12.1728787878788,12.1854649635952,-0.0125861757164252
amended,primary_screened,CENTER,ascm_dec22,full pre 2022-12 to 2023-11,202307,fit,8.73681405895692,8.76246254960745,-0.0256484906505339
amended,primary_screened,CENTER,ascm_dec22,full pre 2022-12 to 2023-11,202308,fit,10.4528053830228,10.4257118217327,0.0270935612900765
amended,primary_screened,CENTER,ascm_dec22,full pre 2022-12 to 2023-11,202309,fit,12.6972902494331,12.696115697633,0.00117455180011383
amended,primary_screened,CENTER,ascm_dec22,full pre 2022-12 to 2023-11,202310,fit,12.5672943722944,12.6256613790343,-0.05836700673993
amended,primary_screened,CENTER,ascm_dec22,full pre 2022-12 to 2023-11,202311,fit,13.297987012987,13.2584457115179,0.03954130146907
amended,primary_screened,BELISARIO,ascm,holdout,202201,fit,4.83609977324263,6.82707909705626,-1.99097932381363
amended,primary_screened,BELISARIO,ascm,holdout,202202,fit,9.19028571428571,11.5232983314842,-2.33301261719848
amended,primary_screened,BELISARIO,ascm,holdout,202203,fit,13.0995134575569,12.6952026220963,0.404310835460612
amended,primary_screened,BELISARIO,ascm,holdout,202204,fit,13.9129024943311,13.9569158687226,-0.0440133743915112
amended,primary_screened,BELISARIO,ascm,holdout,202205,fit,12.7398701298701,12.5050706142749,0.234799515595221
amended,primary_screened,BELISARIO,ascm,holdout,202206,fit,7.33573593073593,7.99848003158988,-0.662744100853945
amended,primary_screened,BELISARIO,ascm,holdout,202207,fit,13.1927097505669,11.5015621013274,1.69114764923954
amended,primary_screened,BELISARIO,ascm,holdout,202208,fit,11.9105279503106,10.1358830620282,1.7746448882824
amended,primary_screened,BELISARIO,ascm,holdout,202209,fit,16.0625216450216,15.7795701625499,0.282951482471791
amended,primary_screened,BELISARIO,ascm,holdout,202210,fit,16.7917233560091,17.1852430524766,-0.393519696467489
amended,primary_screened,BELISARIO,ascm,holdout,202211,fit,14.4812337662338,15.1318016793564,-0.650567913122593
amended,primary_screened,BELISARIO,ascm,holdout,202212,fit,12.652987012987,13.3666801114117,-0.713693098424658
amended,primary_screened,BELISARIO,ascm,holdout,202301,fit,16.2524025974026,14.8352915725428,1.41711102485978
amended,primary_screened,BELISARIO,ascm,holdout,202302,fit,14.5856904761905,14.800575327813,-0.21488485162249
amended,primary_screened,BELISARIO,ascm,holdout,202303,fit,19.2214389233954,18.2102762644265,1.01116265896893
amended,primary_screened,BELISARIO,ascm,holdout,202304,fit,16.7874523809524,16.3116385407695,0.475813840182894
amended,primary_screened,BELISARIO,ascm,holdout,202305,fit,15.9332401656315,16.2217670847978,-0.288526919166374
amended,primary_screened,BELISARIO,ascm,holdout,202306,post,16.5359307359307,16.7472818168787,-0.21135108094796
amended,primary_screened,BELISARIO,ascm,holdout,202307,post,12.3969614512472,12.4406379418161,-0.0436764905689149
amended,primary_screened,BELISARIO,ascm,holdout,202308,post,14.1104244306418,14.7566953109093,-0.646270880267519
amended,primary_screened,BELISARIO,ascm,holdout,202309,post,17.4716213151927,19.1936418042449,-1.72202048905214
amended,primary_screened,BELISARIO,ascm,holdout,202310,post,17.9756818181818,17.9265794828532,0.0491023353286622
amended,primary_screened,BELISARIO,ascm,holdout,202311,post,16.9797186147186,18.2603865369612,-1.2806679222426
amended,primary_screened,BELISARIO,scm,holdout,202201,fit,4.83609977324263,7.27946306348284,-2.44336329024021
amended,primary_screened,BELISARIO,scm,holdout,202202,fit,9.19028571428571,11.4696694482561,-2.27938373397035
amended,primary_screened,BELISARIO,scm,holdout,202203,fit,13.0995134575569,12.4117880058879,0.687725451669023
amended,primary_screened,BELISARIO,scm,holdout,202204,fit,13.9129024943311,13.8360679337305,0.076834560600533
amended,primary_screened,BELISARIO,scm,holdout,202205,fit,12.7398701298701,12.3851843734153,0.354685756454867
amended,primary_screened,BELISARIO,scm,holdout,202206,fit,7.33573593073593,8.01940073624494,-0.683664805509011
amended,primary_screened,BELISARIO,scm,holdout,202207,fit,13.1927097505669,11.4122196090592,1.78049014150774
amended,primary_screened,BELISARIO,scm,holdout,202208,fit,11.9105279503106,10.1836053077765,1.72692264253403
amended,primary_screened,BELISARIO,scm,holdout,202209,fit,16.0625216450216,15.9427140147432,0.119807630278444
amended,primary_screened,BELISARIO,scm,holdout,202210,fit,16.7917233560091,16.9312201055256,-0.139496749516532
amended,primary_screened,BELISARIO,scm,holdout,202211,fit,14.4812337662338,15.3295941706526,-0.848360404418784
amended,primary_screened,BELISARIO,scm,holdout,202212,fit,12.652987012987,13.8231303583539,-1.17014334536686
amended,primary_screened,BELISARIO,scm,holdout,202301,fit,16.2524025974026,14.6411924921129,1.61121010528972
amended,primary_screened,BELISARIO,scm,holdout,202302,fit,14.5856904761905,14.1509174868392,0.434772989351314
amended,primary_screened,BELISARIO,scm,holdout,202303,fit,19.2214389233954,17.4055002755096,1.81593864788584
amended,primary_screened,BELISARIO,scm,holdout,202304,fit,16.7874523809524,16.4246200929393,0.362832288013106
amended,primary_screened,BELISARIO,scm,holdout,202305,fit,15.9332401656315,16.5344290344858,-0.601188868854282
amended,primary_screened,BELISARIO,scm,holdout,202306,post,16.5359307359307,16.6295050294719,-0.093574293541117
amended,primary_screened,BELISARIO,scm,holdout,202307,post,12.3969614512472,11.913135586907,0.48382586434014
amended,primary_screened,BELISARIO,scm,holdout,202308,post,14.1104244306418,14.4771267407537,-0.36670231011192
amended,primary_screened,BELISARIO,scm,holdout,202309,post,17.4716213151927,19.0188807349054,-1.54725941971263
amended,primary_screened,BELISARIO,scm,holdout,202310,post,17.9756818181818,17.9549763081492,0.020705510032581
amended,primary_screened,BELISARIO,scm,holdout,202311,post,16.9797186147186,17.6570393070767,-0.677320692358101
amended,primary_screened,BELISARIO,did,holdout,202201,fit,4.83609977324263,11.7789991463655,-6.9428993731229
amended,primary_screened,BELISARIO,did,holdout,202202,fit,9.19028571428571,12.9250675150785,-3.73478180079276
amended,primary_screened,BELISARIO,did,holdout,202203,fit,13.0995134575569,13.1602155856215,-0.0607021280645856
amended,primary_screened,BELISARIO,did,holdout,202204,fit,13.9129024943311,13.4157724299762,0.4971300643549
amended,primary_screened,BELISARIO,did,holdout,202205,fit,12.7398701298701,13.3409902058415,-0.601120075971402
amended,primary_screened,BELISARIO,did,holdout,202206,fit,7.33573593073593,12.1654599028112,-4.8297239720753
amended,primary_screened,BELISARIO,did,holdout,202207,fit,13.1927097505669,12.8194237017298,0.373286048837047
amended,primary_screened,BELISARIO,did,holdout,202208,fit,11.9105279503106,12.615649058644,-0.705121108333486
amended,primary_screened,BELISARIO,did,holdout,202209,fit,16.0625216450216,14.0334308776196,2.02909076740209
amended,primary_screened,BELISARIO,did,holdout,202210,fit,16.7917233560091,14.2385731566926,2.55315019931652
amended,primary_screened,BELISARIO,did,holdout,202211,fit,14.4812337662338,13.7056739407813,0.775559825452479
amended,primary_screened,BELISARIO,did,holdout,202212,fit,12.652987012987,13.6773862445418,-1.02439923155477
amended,primary_screened,BELISARIO,did,holdout,202301,fit,16.2524025974026,13.8200368469514,2.43236575045117
amended,primary_screened,BELISARIO,did,holdout,202302,fit,14.5856904761905,13.7799625953998,0.805727880790714
amended,primary_screened,BELISARIO,did,holdout,202303,fit,19.2214389233954,14.7201269702906,4.50131195310481
amended,primary_screened,BELISARIO,did,holdout,202304,fit,16.7874523809524,14.5062668122672,2.28118556868515
amended,primary_screened,BELISARIO,did,holdout,202305,fit,15.9332401656315,14.2833005341111,1.64993963152034
amended,primary_screened,BELISARIO,did,holdout,202306,post,16.5359307359307,14.3269234844104,2.20900725152039
amended,primary_screened,BELISARIO,did,holdout,202307,post,12.3969614512472,13.0933575322902,-0.696396081043019
amended,primary_screened,BELISARIO,did,holdout,202308,post,14.1104244306418,13.866694544937,0.243729885704779
amended,primary_screened,BELISARIO,did,holdout,202309,post,17.4716213151927,14.9412404927033,2.53038082248948
amended,primary_screened,BELISARIO,did,holdout,202310,post,17.9756818181818,15.0533040064987,2.92237781168311
amended,primary_screened,BELISARIO,did,holdout,202311,post,16.9797186147186,14.8747274274553,2.10499118726336
amended,primary_screened,BELISARIO,ascm_dec22,holdout,202212,fit,12.652987012987,12.8642458763174,-0.211258863330341
amended,primary_screened,BELISARIO,ascm_dec22,holdout,202301,fit,16.2524025974026,16.0870592018353,0.165343395567341
amended,primary_screened,BELISARIO,ascm_dec22,holdout,202302,fit,14.5856904761905,14.6798295595092,-0.0941390833187263
amended,primary_screened,BELISARIO,ascm_dec22,holdout,202303,fit,19.2214389233954,19.015525565971,0.205913357424489
amended,primary_screened,BELISARIO,ascm_dec22,holdout,202304,fit,16.7874523809524,16.6132270615827,0.174225319369658
amended,primary_screened,BELISARIO,ascm_dec22,holdout,202305,fit,15.9332401656315,16.1733242913439,-0.24008412571243
amended,primary_screened,BELISARIO,ascm_dec22,holdout,202306,post,16.5359307359307,16.8727076138329,-0.336776877902171
amended,primary_screened,BELISARIO,ascm_dec22,holdout,202307,post,12.3969614512472,13.3581266844759,-0.961165233228691
amended,primary_screened,BELISARIO,ascm_dec22,holdout,202308,post,14.1104244306418,14.9651062017402,-0.854681771098345
amended,primary_screened,BELISARIO,ascm_dec22,holdout,202309,post,17.4716213151927,18.8987355692117,-1.42711425401897
amended,primary_screened,BELISARIO,ascm_dec22,holdout,202310,post,17.9756818181818,18.9318413117884,-0.95615949360662
amended,primary_screened,BELISARIO,ascm_dec22,holdout,202311,post,16.9797186147186,18.0997400031379,-1.12002138841925
amended,primary_screened,BELISARIO,ascm,full pre 2022-01 to 2023-11,202201,fit,4.83609977324263,6.88637194751268,-2.05027217427005
amended,primary_screened,BELISARIO,ascm,full pre 2022-01 to 2023-11,202202,fit,9.19028571428571,11.4711356428462,-2.28084992856049
amended,primary_screened,BELISARIO,ascm,full pre 2022-01 to 2023-11,202203,fit,13.0995134575569,12.6633992328493,0.43611422470765
amended,primary_screened,BELISARIO,ascm,full pre 2022-01 to 2023-11,202204,fit,13.9129024943311,13.8865538804193,0.0263486139117894
amended,primary_screened,BELISARIO,ascm,full pre 2022-01 to 2023-11,202205,fit,12.7398701298701,12.7074027688034,0.0324673610667432
amended,primary_screened,BELISARIO,ascm,full pre 2022-01 to 2023-11,202206,fit,7.33573593073593,8.09574120610789,-0.760005275371961
amended,primary_screened,BELISARIO,ascm,full pre 2022-01 to 2023-11,202207,fit,13.1927097505669,11.4712100898384,1.72149966072853
amended,primary_screened,BELISARIO,ascm,full pre 2022-01 to 2023-11,202208,fit,11.9105279503106,10.2509639599584,1.65956399035215
amended,primary_screened,BELISARIO,ascm,full pre 2022-01 to 2023-11,202209,fit,16.0625216450216,15.9073256998758,0.155195945145872
amended,primary_screened,BELISARIO,ascm,full pre 2022-01 to 2023-11,202210,fit,16.7917233560091,17.1432815632594,-0.351558207250282
amended,primary_screened,BELISARIO,ascm,full pre 2022-01 to 2023-11,202211,fit,14.4812337662338,14.9204941731106,-0.439260406876819
amended,primary_screened,BELISARIO,ascm,full pre 2022-01 to 2023-11,202212,fit,12.652987012987,13.3582925213475,-0.705305508360439
amended,primary_screened,BELISARIO,ascm,full pre 2022-01 to 2023-11,202301,fit,16.2524025974026,14.778305181198,1.47409741620457
amended,primary_screened,BELISARIO,ascm,full pre 2022-01 to 2023-11,202302,fit,14.5856904761905,14.6981225657397,-0.11243208954925
amended,primary_screened,BELISARIO,ascm,full pre 2022-01 to 2023-11,202303,fit,19.2214389233954,17.7440527206471,1.47738620274837
amended,primary_screened,BELISARIO,ascm,full pre 2022-01 to 2023-11,202304,fit,16.7874523809524,16.1734197746743,0.614032606278109
amended,primary_screened,BELISARIO,ascm,full pre 2022-01 to 2023-11,202305,fit,15.9332401656315,15.9564117449442,-0.0231715793127663
amended,primary_screened,BELISARIO,ascm,full pre 2022-01 to 2023-11,202306,fit,16.5359307359307,16.487966969889,0.0479637660417609
amended,primary_screened,BELISARIO,ascm,full pre 2022-01 to 2023-11,202307,fit,12.3969614512472,11.9215693369198,0.47539211432737
amended,primary_screened,BELISARIO,ascm,full pre 2022-01 to 2023-11,202308,fit,14.1104244306418,14.249357933439,-0.138933502797157
amended,primary_screened,BELISARIO,ascm,full pre 2022-01 to 2023-11,202309,fit,17.4716213151927,18.3894588599418,-0.917837544749062
amended,primary_screened,BELISARIO,ascm,full pre 2022-01 to 2023-11,202310,fit,17.9756818181818,17.6613235510465,0.314358267135347
amended,primary_screened,BELISARIO,ascm,full pre 2022-01 to 2023-11,202311,fit,16.9797186147186,17.6345125662686,-0.654793951549969
amended,primary_screened,BELISARIO,ascm_dec22,full pre 2022-12 to 2023-11,202212,fit,12.652987012987,12.8242199658441,-0.171232952857038
amended,primary_screened,BELISARIO,ascm_dec22,full pre 2022-12 to 2023-11,202301,fit,16.2524025974026,16.1224377904299,0.129964806972733
amended,primary_screened,BELISARIO,ascm_dec22,full pre 2022-12 to 2023-11,202302,fit,14.5856904761905,14.8207451611997,-0.235054685009262
amended,primary_screened,BELISARIO,ascm_dec22,full pre 2022-12 to 2023-11,202303,fit,19.2214389233954,18.2920257635974,0.929413159798056
amended,primary_screened,BELISARIO,ascm_dec22,full pre 2022-12 to 2023-11,202304,fit,16.7874523809524,16.4714822302707,0.315970150681643
amended,primary_screened,BELISARIO,ascm_dec22,full pre 2022-12 to 2023-11,202305,fit,15.9332401656315,15.7423635093981,0.190876656233373
amended,primary_screened,BELISARIO,ascm_dec22,full pre 2022-12 to 2023-11,202306,fit,16.5359307359307,16.7761860419473,-0.240255306016511
amended,primary_screened,BELISARIO,ascm_dec22,full pre 2022-12 to 2023-11,202307,fit,12.3969614512472,12.530465886334,-0.133504435086799
amended,primary_screened,BELISARIO,ascm_dec22,full pre 2022-12 to 2023-11,202308,fit,14.1104244306418,14.1707282401049,-0.0603038094630346
amended,primary_screened,BELISARIO,ascm_dec22,full pre 2022-12 to 2023-11,202309,fit,17.4716213151927,17.7763337556008,-0.304712440408025
amended,primary_screened,BELISARIO,ascm_dec22,full pre 2022-12 to 2023-11,202310,fit,17.9756818181818,18.2767830311724,-0.301101212990599
amended,primary_screened,BELISARIO,ascm_dec22,full pre 2022-12 to 2023-11,202311,fit,16.9797186147186,17.0997785465732,-0.120059931854541
plan,primary_unscreened,CENTER,ascm,holdout,202202,fit,8.25904761904762,8.51211086169254,-0.253063242644924
plan,primary_unscreened,CENTER,ascm,holdout,202203,fit,9.8705900621118,9.62794268706165,0.242647375050153
plan,primary_unscreened,CENTER,ascm,holdout,202204,fit,10.0415532879819,10.1510231285597,-0.109469840577836
plan,primary_unscreened,CENTER,ascm,holdout,202205,fit,9.47,9.47869826765541,-0.00869826765540793
plan,primary_unscreened,CENTER,ascm,holdout,202206,fit,5.27515151515152,5.3174829813611,-0.0423314662095837
plan,primary_unscreened,CENTER,ascm,holdout,202207,fit,9.89151927437642,9.74410434672613,0.147414927650292
plan,primary_unscreened,CENTER,ascm,holdout,202208,fit,9.27933747412008,9.24125681926989,0.0380806548501891
plan,primary_unscreened,CENTER,ascm,holdout,202209,fit,10.7700757575758,10.8776329314326,-0.107557173856815
plan,primary_unscreened,CENTER,ascm,holdout,202210,fit,10.9086961451247,11.0531210918421,-0.144424946717367
plan,primary_unscreened,CENTER,ascm,holdout,202211,fit,11.0715476190476,10.8664711200424,0.205076499005253
plan,primary_unscreened,CENTER,ascm,holdout,202212,fit,10.9319372294372,11.1580837668812,-0.226146537443935
plan,primary_unscreened,CENTER,ascm,holdout,202301,fit,11.3795454545455,11.1540379669629,0.225507487582567
plan,primary_unscreened,CENTER,ascm,holdout,202302,fit,10.3055595238095,10.3904644949432,-0.0849049711336498
plan,primary_unscreened,CENTER,ascm,holdout,202303,fit,12.9309730848861,12.8905654429406,0.0404076419455119
plan,primary_unscreened,CENTER,ascm,holdout,202305,fit,12.1628985507246,12.0854366905691,0.0774618601555517
plan,primary_unscreened,CENTER,ascm,holdout,202306,post,12.1728787878788,12.1142398580099,0.0586389298688435
plan,primary_unscreened,CENTER,ascm,holdout,202308,post,10.4528053830228,12.4647314745249,-2.01192609150213
plan,primary_unscreened,CENTER,ascm,holdout,202309,post,12.6972902494331,13.8815012491126,-1.18421099967953
plan,primary_unscreened,CENTER,ascm,holdout,202310,post,12.5672943722944,14.2408410374909,-1.67354666519657
plan,primary_unscreened,CENTER,ascm,holdout,202311,post,13.297987012987,13.6896894326121,-0.391702419625071
plan,primary_unscreened,CENTER,scm,holdout,202202,fit,8.25904761904762,8.50176778455627,-0.242720165508647
plan,primary_unscreened,CENTER,scm,holdout,202203,fit,9.8705900621118,9.60203843403655,0.268551628075253
plan,primary_unscreened,CENTER,scm,holdout,202204,fit,10.0415532879819,10.1563401143507,-0.114786826368819
plan,primary_unscreened,CENTER,scm,holdout,202205,fit,9.47,9.51892775512237,-0.0489277551223708
plan,primary_unscreened,CENTER,scm,holdout,202206,fit,5.27515151515152,5.37237729340388,-0.0972257782523673
plan,primary_unscreened,CENTER,scm,holdout,202207,fit,9.89151927437642,9.73325862517722,0.158260649199192
plan,primary_unscreened,CENTER,scm,holdout,202208,fit,9.27933747412008,9.23773071936933,0.0416067547507524
plan,primary_unscreened,CENTER,scm,holdout,202209,fit,10.7700757575758,10.8780071774098,-0.107931419834005
plan,primary_unscreened,CENTER,scm,holdout,202210,fit,10.9086961451247,11.0362775411173,-0.127581395992605
plan,primary_unscreened,CENTER,scm,holdout,202211,fit,11.0715476190476,10.8476667995458,0.223880819501774
plan,primary_unscreened,CENTER,scm,holdout,202212,fit,10.9319372294372,11.1622329519794,-0.230295722542135
plan,primary_unscreened,CENTER,scm,holdout,202301,fit,11.3795454545455,11.1437690848737,0.235776369671735
plan,primary_unscreened,CENTER,scm,holdout,202302,fit,10.3055595238095,10.4286420292474,-0.123082505437903
plan,primary_unscreened,CENTER,scm,holdout,202303,fit,12.9309730848861,12.8694975903167,0.0614754945694074
plan,primary_unscreened,CENTER,scm,holdout,202305,fit,12.1628985507246,12.0976281428307,0.0652704078939657
plan,primary_unscreened,CENTER,scm,holdout,202306,post,12.1728787878788,12.1561911612146,0.0166876266641776
plan,primary_unscreened,CENTER,scm,holdout,202308,post,10.4528053830228,12.5334615922668,-2.08065620924402
plan,primary_unscreened,CENTER,scm,holdout,202309,post,12.6972902494331,13.772376817415,-1.07508656798185
plan,primary_unscreened,CENTER,scm,holdout,202310,post,12.5672943722944,14.2158164298644,-1.64852205757007
plan,primary_unscreened,CENTER,scm,holdout,202311,post,13.297987012987,13.7181241489063,-0.420137135919271
plan,primary_unscreened,CENTER,did,holdout,202202,fit,8.25904761904762,9.63347343929736,-1.37442582024974
plan,primary_unscreened,CENTER,did,holdout,202203,fit,9.8705900621118,9.97273451117259,-0.102144449060788
plan,primary_unscreened,CENTER,did,holdout,202204,fit,10.0415532879819,10.1285024659673,-0.0869491779853888
plan,primary_unscreened,CENTER,did,holdout,202205,fit,9.47,10.0070771541105,-0.537077154110465
plan,primary_unscreened,CENTER,did,holdout,202206,fit,5.27515151515152,8.90842271633166,-3.63327120118015
plan,primary_unscreened,CENTER,did,holdout,202207,fit,9.89151927437642,9.53932794336633,0.352191331010086
plan,primary_unscreened,CENTER,did,holdout,202208,fit,9.27933747412008,9.36187892373788,-0.0825414496177981
plan,primary_unscreened,CENTER,did,holdout,202209,fit,10.7700757575758,10.7315879985959,0.0384877589798283
plan,primary_unscreened,CENTER,did,holdout,202210,fit,10.9086961451247,10.7942618729449,0.114434272179786
plan,primary_unscreened,CENTER,did,holdout,202211,fit,11.0715476190476,10.2582135177468,0.813334101300791
plan,primary_unscreened,CENTER,did,holdout,202212,fit,10.9319372294372,10.294593690028,0.637343539409214
plan,primary_unscreened,CENTER,did,holdout,202301,fit,11.3795454545455,10.4552266695696,0.92431878497583
plan,primary_unscreened,CENTER,did,holdout,202302,fit,10.3055595238095,10.3085406981806,-0.00298117437108303
plan,primary_unscreened,CENTER,did,holdout,202303,fit,12.9309730848861,11.17904584789,1.75192723699611
plan,primary_unscreened,CENTER,did,holdout,202305,fit,12.1628985507246,10.9755451490009,1.18735340172375
plan,primary_unscreened,CENTER,did,holdout,202306,post,12.1728787878788,10.8783796460348,1.294499141844
plan,primary_unscreened,CENTER,did,holdout,202308,post,10.4528053830228,10.3661553895659,0.0866499934568932
plan,primary_unscreened,CENTER,did,holdout,202309,post,12.6972902494331,11.4620823547756,1.23520789465754
plan,primary_unscreened,CENTER,did,holdout,202310,post,12.5672943722944,11.5851639869054,0.982130385388954
plan,primary_unscreened,CENTER,did,holdout,202311,post,13.297987012987,11.3843794922123,1.91360752077472
plan,primary_unscreened,CENTER,ascm_dec22,holdout,202212,fit,10.9319372294372,10.931937228867,5.70226532659035e-10
plan,primary_unscreened,CENTER,ascm_dec22,holdout,202301,fit,11.3795454545455,11.379545454224,3.21470849939942e-10
plan,primary_unscreened,CENTER,ascm_dec22,holdout,202302,fit,10.3055595238095,10.3055595232258,5.83707304713244e-10
plan,primary_unscreened,CENTER,ascm_dec22,holdout,202303,fit,12.9309730848861,12.9309730857992,-9.13063402663283e-10
plan,primary_unscreened,CENTER,ascm_dec22,holdout,202305,fit,12.1628985507246,12.162898551287,-5.62344837362616e-10
plan,primary_unscreened,CENTER,ascm_dec22,holdout,202306,post,12.1728787878788,11.9047709413607,0.268107846518125
plan,primary_unscreened,CENTER,ascm_dec22,holdout,202308,post,10.4528053830228,10.9798217732949,-0.527016390272141
plan,primary_unscreened,CENTER,ascm_dec22,holdout,202309,post,12.6972902494331,13.2325955331657,-0.53530528373258
plan,primary_unscreened,CENTER,ascm_dec22,holdout,202310,post,12.5672943722944,13.6531501137549,-1.08585574146055
plan,primary_unscreened,CENTER,ascm_dec22,holdout,202311,post,13.297987012987,12.8616835543302,0.436303458656797
plan,primary_unscreened,CENTER,ascm,full pre 2022-01 to 2023-11,202202,fit,8.25904761904762,8.72756029335267,-0.468512674305046
plan,primary_unscreened,CENTER,ascm,full pre 2022-01 to 2023-11,202203,fit,9.8705900621118,9.75462298605187,0.115967076059933
plan,primary_unscreened,CENTER,ascm,full pre 2022-01 to 2023-11,202204,fit,10.0415532879819,9.89795118563862,0.143602102343239
plan,primary_unscreened,CENTER,ascm,full pre 2022-01 to 2023-11,202205,fit,9.47,9.45743289389525,0.0125671061047488
plan,primary_unscreened,CENTER,ascm,full pre 2022-01 to 2023-11,202206,fit,5.27515151515152,5.40123969980275,-0.126088184651235
plan,primary_unscreened,CENTER,ascm,full pre 2022-01 to 2023-11,202207,fit,9.89151927437642,9.55255188365568,0.338967390720732
plan,primary_unscreened,CENTER,ascm,full pre 2022-01 to 2023-11,202208,fit,9.27933747412008,9.1464645198738,0.132872954246279
plan,primary_unscreened,CENTER,ascm,full pre 2022-01 to 2023-11,202209,fit,10.7700757575758,10.9602973006605,-0.190221543084725
plan,primary_unscreened,CENTER,ascm,full pre 2022-01 to 2023-11,202210,fit,10.9086961451247,11.2472854733546,-0.338589328229856
plan,primary_unscreened,CENTER,ascm,full pre 2022-01 to 2023-11,202211,fit,11.0715476190476,10.8283485368178,0.243199082229848
plan,primary_unscreened,CENTER,ascm,full pre 2022-01 to 2023-11,202212,fit,10.9319372294372,11.2115089357561,-0.279571706318828
plan,primary_unscreened,CENTER,ascm,full pre 2022-01 to 2023-11,202301,fit,11.3795454545455,11.107678175999,0.27186727854644
plan,primary_unscreened,CENTER,ascm,full pre 2022-01 to 2023-11,202302,fit,10.3055595238095,10.3811435513564,-0.0755840275468565
plan,primary_unscreened,CENTER,ascm,full pre 2022-01 to 2023-11,202303,fit,12.9309730848861,12.5440400990084,0.38693298587769
plan,primary_unscreened,CENTER,ascm,full pre 2022-01 to 2023-11,202305,fit,12.1628985507246,12.120590510232,0.0423080404926157
plan,primary_unscreened,CENTER,ascm,full pre 2022-01 to 2023-11,202306,fit,12.1728787878788,12.0909113152058,0.0819674726729822
plan,primary_unscreened,CENTER,ascm,full pre 2022-01 to 2023-11,202308,fit,10.4528053830228,10.6678758268021,-0.215070443779359
plan,primary_unscreened,CENTER,ascm,full pre 2022-01 to 2023-11,202309,fit,12.6972902494331,12.7152967710674,-0.0180065216342573
plan,primary_unscreened,CENTER,ascm,full pre 2022-01 to 2023-11,202310,fit,12.5672943722944,12.8655407967344,-0.298246424440004
plan,primary_unscreened,CENTER,ascm,full pre 2022-01 to 2023-11,202311,fit,13.297987012987,13.0583476482914,0.239639364695661
plan,primary_unscreened,CENTER,ascm_dec22,full pre 2022-12 to 2023-11,202212,fit,10.9319372294372,10.9526286861535,-0.0206914567162801
plan,primary_unscreened,CENTER,ascm_dec22,full pre 2022-12 to 2023-11,202301,fit,11.3795454545455,11.3552940147097,0.0242514398357994
plan,primary_unscreened,CENTER,ascm_dec22,full pre 2022-12 to 2023-11,202302,fit,10.3055595238095,10.3405869982703,-0.0350274744607741
plan,primary_unscreened,CENTER,ascm_dec22,full pre 2022-12 to 2023-11,202303,fit,12.9309730848861,12.8921567116976,0.0388163731884941
plan,primary_unscreened,CENTER,ascm_dec22,full pre 2022-12 to 2023-11,202305,fit,12.1628985507246,12.1686284493823,-0.0057298986576928
plan,primary_unscreened,CENTER,ascm_dec22,full pre 2022-12 to 2023-11,202306,fit,12.1728787878788,12.1964991189915,-0.0236203311127294
plan,primary_unscreened,CENTER,ascm_dec22,full pre 2022-12 to 2023-11,202308,fit,10.4528053830228,10.4338437428359,0.0189616401868875
plan,primary_unscreened,CENTER,ascm_dec22,full pre 2022-12 to 2023-11,202309,fit,12.6972902494331,12.6668137715499,0.0304764778832318
plan,primary_unscreened,CENTER,ascm_dec22,full pre 2022-12 to 2023-11,202310,fit,12.5672943722944,12.6715096153671,-0.104215243072725
plan,primary_unscreened,CENTER,ascm_dec22,full pre 2022-12 to 2023-11,202311,fit,13.297987012987,13.2212085400612,0.0767784729257794
plan,primary_unscreened,BELISARIO,ascm,holdout,202201,fit,4.83609977324263,6.48476464548778,-1.64866487224515
plan,primary_unscreened,BELISARIO,ascm,holdout,202202,fit,9.19028571428571,10.8293526691268,-1.63906695484104
plan,primary_unscreened,BELISARIO,ascm,holdout,202203,fit,13.0995134575569,12.6538042981675,0.445709159389462
plan,primary_unscreened,BELISARIO,ascm,holdout,202204,fit,13.9129024943311,14.3608632421074,-0.447960747776298
plan,primary_unscreened,BELISARIO,ascm,holdout,202205,fit,12.7398701298701,13.384026873647,-0.644156743776902
plan,primary_unscreened,BELISARIO,ascm,holdout,202206,fit,7.33573593073593,6.93283415752821,0.402901773207723
plan,primary_unscreened,BELISARIO,ascm,holdout,202207,fit,13.1927097505669,11.8260449045058,1.36666484606106
plan,primary_unscreened,BELISARIO,ascm,holdout,202208,fit,11.9105279503106,11.1339754282194,0.776552522091125
plan,primary_unscreened,BELISARIO,ascm,holdout,202209,fit,16.0625216450216,16.6488042676301,-0.586282622608504
plan,primary_unscreened,BELISARIO,ascm,holdout,202210,fit,16.7917233560091,17.5828427980606,-0.791119442051507
plan,primary_unscreened,BELISARIO,ascm,holdout,202211,fit,14.4812337662338,14.4721499911897,0.00908377504406488
plan,primary_unscreened,BELISARIO,ascm,holdout,202212,fit,12.652987012987,13.2577041769084,-0.604717163921377
plan,primary_unscreened,BELISARIO,ascm,holdout,202301,fit,16.2524025974026,15.4348568753202,0.817545722082395
plan,primary_unscreened,BELISARIO,ascm,holdout,202302,fit,14.5856904761905,13.990284344588,0.595406131602436
plan,primary_unscreened,BELISARIO,ascm,holdout,202303,fit,19.2214389233954,17.2425291577858,1.97890976560966
plan,primary_unscreened,BELISARIO,ascm,holdout,202304,fit,16.7874523809524,16.4770646186429,0.310387762309528
plan,primary_unscreened,BELISARIO,ascm,holdout,202305,fit,15.9332401656315,16.2744330758081,-0.341192910176668
plan,primary_unscreened,BELISARIO,ascm,holdout,202306,post,16.5359307359307,17.2848412757292,-0.748910539798427
plan,primary_unscreened,BELISARIO,ascm,holdout,202307,post,12.3969614512472,12.2455180824152,0.151443368832012
plan,primary_unscreened,BELISARIO,ascm,holdout,202308,post,14.1104244306418,14.4969331670595,-0.386508736417666
plan,primary_unscreened,BELISARIO,ascm,holdout,202309,post,17.4716213151927,18.9387450534375,-1.46712373824475
plan,primary_unscreened,BELISARIO,ascm,holdout,202310,post,17.9756818181818,19.8440866058504,-1.86840478766861
plan,primary_unscreened,BELISARIO,ascm,holdout,202311,post,16.9797186147186,19.4744806051932,-2.49476199047458
plan,primary_unscreened,BELISARIO,scm,holdout,202201,fit,4.83609977324263,6.78500133644511,-1.94890156320248
plan,primary_unscreened,BELISARIO,scm,holdout,202202,fit,9.19028571428571,10.8864721065019,-1.69618639221617
plan,primary_unscreened,BELISARIO,scm,holdout,202203,fit,13.0995134575569,12.7166199214551,0.382893536101884
plan,primary_unscreened,BELISARIO,scm,holdout,202204,fit,13.9129024943311,14.4294532621075,-0.516550767776463
plan,primary_unscreened,BELISARIO,scm,holdout,202205,fit,12.7398701298701,13.4034697182457,-0.663599588375586
plan,primary_unscreened,BELISARIO,scm,holdout,202206,fit,7.33573593073593,6.9087822576898,0.426953673046127
plan,primary_unscreened,BELISARIO,scm,holdout,202207,fit,13.1927097505669,11.768290991599,1.42441875896793
plan,primary_unscreened,BELISARIO,scm,holdout,202208,fit,11.9105279503106,11.3209678882227,0.589560062087873
plan,primary_unscreened,BELISARIO,scm,holdout,202209,fit,16.0625216450216,16.637697932925,-0.575176287903382
plan,primary_unscreened,BELISARIO,scm,holdout,202210,fit,16.7917233560091,17.4172539287697,-0.625530572760663
plan,primary_unscreened,BELISARIO,scm,holdout,202211,fit,14.4812337662338,14.6616060707562,-0.180372304522463
plan,primary_unscreened,BELISARIO,scm,holdout,202212,fit,12.652987012987,13.3103481028164,-0.65736108982934
plan,primary_unscreened,BELISARIO,scm,holdout,202301,fit,16.2524025974026,15.2993831335048,0.953019463897814
plan,primary_unscreened,BELISARIO,scm,holdout,202302,fit,14.5856904761905,13.7359465958943,0.849743880296202
plan,primary_unscreened,BELISARIO,scm,holdout,202303,fit,19.2214389233954,16.8609533289719,2.3604855944235
plan,primary_unscreened,BELISARIO,scm,holdout,202304,fit,16.7874523809524,16.2623711125656,0.52508126838681
plan,primary_unscreened,BELISARIO,scm,holdout,202305,fit,15.9332401656315,16.1999962815407,-0.266756115909248
plan,primary_unscreened,BELISARIO,scm,holdout,202306,post,16.5359307359307,16.8462706996924,-0.310339963761638
plan,primary_unscreened,BELISARIO,scm,holdout,202307,post,12.3969614512472,12.2114864837901,0.185474967457024
plan,primary_unscreened,BELISARIO,scm,holdout,202308,post,14.1104244306418,14.3894286223504,-0.279004191708543
plan,primary_unscreened,BELISARIO,scm,holdout,202309,post,17.4716213151927,18.6552237201939,-1.18360240500118
plan,primary_unscreened,BELISARIO,scm,holdout,202310,post,17.9756818181818,19.4323363346708,-1.45665451648896
plan,primary_unscreened,BELISARIO,scm,holdout,202311,post,16.9797186147186,18.9848114293431,-2.00509281462447
plan,primary_unscreened,BELISARIO,did,holdout,202201,fit,4.83609977324263,11.8391511339613,-7.00305136071871
plan,primary_unscreened,BELISARIO,did,holdout,202202,fit,9.19028571428571,12.97735190344,-3.78706618915431
plan,primary_unscreened,BELISARIO,did,holdout,202203,fit,13.0995134575569,13.3166129753153,-0.217099517758319
plan,primary_unscreened,BELISARIO,did,holdout,202204,fit,13.9129024943311,13.4723809301099,0.440521564221148
plan,primary_unscreened,BELISARIO,did,holdout,202205,fit,12.7398701298701,13.3509556182531,-0.611085488383001
plan,primary_unscreened,BELISARIO,did,holdout,202206,fit,7.33573593073593,12.2523011804743,-4.9165652497384
plan,primary_unscreened,BELISARIO,did,holdout,202207,fit,13.1927097505669,12.883206407509,0.309503343057896
plan,primary_unscreened,BELISARIO,did,holdout,202208,fit,11.9105279503106,12.7057573878806,-0.79522943756999
plan,primary_unscreened,BELISARIO,did,holdout,202209,fit,16.0625216450216,14.0754664627386,1.98705518228305
plan,primary_unscreened,BELISARIO,did,holdout,202210,fit,16.7917233560091,14.1381403370876,2.65358301892147
plan,primary_unscreened,BELISARIO,did,holdout,202211,fit,14.4812337662338,13.6020919818895,0.87914178434427
plan,primary_unscreened,BELISARIO,did,holdout,202212,fit,12.652987012987,13.6384721541707,-0.985485141183668
plan,primary_unscreened,BELISARIO,did,holdout,202301,fit,16.2524025974026,13.7991051337123,2.45329746369031
plan,primary_unscreened,BELISARIO,did,holdout,202302,fit,14.5856904761905,13.6524191623233,0.9332713138672
plan,primary_unscreened,BELISARIO,did,holdout,202303,fit,19.2214389233954,14.5229243120327,4.69851461136276
plan,primary_unscreened,BELISARIO,did,holdout,202304,fit,16.7874523809524,14.440574830682,2.34687755027039
plan,primary_unscreened,BELISARIO,did,holdout,202305,fit,15.9332401656315,14.3194236131436,1.61381655248792
plan,primary_unscreened,BELISARIO,did,holdout,202306,post,16.5359307359307,14.2222581101775,2.31367262575328
plan,primary_unscreened,BELISARIO,did,holdout,202307,post,12.3969614512472,13.0244029267258,-0.627441475478658
plan,primary_unscreened,BELISARIO,did,holdout,202308,post,14.1104244306418,13.7100338537085,0.400390576933274
plan,primary_unscreened,BELISARIO,did,holdout,202309,post,17.4716213151927,14.8059608189182,2.66566049627451
plan,primary_unscreened,BELISARIO,did,holdout,202310,post,17.9756818181818,14.9290424510481,3.04663936713373
plan,primary_unscreened,BELISARIO,did,holdout,202311,post,16.9797186147186,14.728257956355,2.25146065836365
plan,primary_unscreened,BELISARIO,ascm_dec22,holdout,202212,fit,12.652987012987,12.8534135579301,-0.200426544943049
plan,primary_unscreened,BELISARIO,ascm_dec22,holdout,202301,fit,16.2524025974026,16.3078185061354,-0.055415908732801
plan,primary_unscreened,BELISARIO,ascm_dec22,holdout,202302,fit,14.5856904761905,14.4618325253768,0.123857950813646
plan,primary_unscreened,BELISARIO,ascm_dec22,holdout,202303,fit,19.2214389233954,19.0183807081062,0.203058215289225
plan,primary_unscreened,BELISARIO,ascm_dec22,holdout,202304,fit,16.7874523809524,16.758570178522,0.0288822024303883
plan,primary_unscreened,BELISARIO,ascm_dec22,holdout,202305,fit,15.9332401656315,16.0331960804889,-0.0999559148574161
plan,primary_unscreened,BELISARIO,ascm_dec22,holdout,202306,post,16.5359307359307,15.7692137206895,0.766717015241191
plan,primary_unscreened,BELISARIO,ascm_dec22,holdout,202307,post,12.3969614512472,13.5968922660897,-1.1999308148425
plan,primary_unscreened,BELISARIO,ascm_dec22,holdout,202308,post,14.1104244306418,13.7173813612712,0.393043069370643
plan,primary_unscreened,BELISARIO,ascm_dec22,holdout,202309,post,17.4716213151927,18.6354077532515,-1.16378643805874
plan,primary_unscreened,BELISARIO,ascm_dec22,holdout,202310,post,17.9756818181818,20.4610393910422,-2.48535757286042
plan,primary_unscreened,BELISARIO,ascm_dec22,holdout,202311,post,16.9797186147186,17.9051126371793,-0.925394022460718
plan,primary_unscreened,BELISARIO,ascm,full pre 2022-01 to 2023-11,202201,fit,4.83609977324263,6.63766389277209,-1.80156411952946
plan,primary_unscreened,BELISARIO,ascm,full pre 2022-01 to 2023-11,202202,fit,9.19028571428571,10.6982515331391,-1.50796581885337
plan,primary_unscreened,BELISARIO,ascm,full pre 2022-01 to 2023-11,202203,fit,13.0995134575569,12.8589453363236,0.240568121233375
plan,primary_unscreened,BELISARIO,ascm,full pre 2022-01 to 2023-11,202204,fit,13.9129024943311,14.1238698224027,-0.210967328071622
plan,primary_unscreened,BELISARIO,ascm,full pre 2022-01 to 2023-11,202205,fit,12.7398701298701,13.1483260172534,-0.408455887383225
plan,primary_unscreened,BELISARIO,ascm,full pre 2022-01 to 2023-11,202206,fit,7.33573593073593,7.34737334471522,-0.0116374139792885
plan,primary_unscreened,BELISARIO,ascm,full pre 2022-01 to 2023-11,202207,fit,13.1927097505669,11.2869936674511,1.90571608311583
plan,primary_unscreened,BELISARIO,ascm,full pre 2022-01 to 2023-11,202208,fit,11.9105279503106,11.4402429452635,0.470285005047028
plan,primary_unscreened,BELISARIO,ascm,full pre 2022-01 to 2023-11,202209,fit,16.0625216450216,16.3930365108555,-0.330514865833838
plan,primary_unscreened,BELISARIO,ascm,full pre 2022-01 to 2023-11,202210,fit,16.7917233560091,17.2131895277056,-0.421466171696558
plan,primary_unscreened,BELISARIO,ascm,full pre 2022-01 to 2023-11,202211,fit,14.4812337662338,14.7991909563412,-0.317957190107419
plan,primary_unscreened,BELISARIO,ascm,full pre 2022-01 to 2023-11,202212,fit,12.652987012987,13.428477034216,-0.775490021229018
plan,primary_unscreened,BELISARIO,ascm,full pre 2022-01 to 2023-11,202301,fit,16.2524025974026,15.3788031625645,0.873599434838068
plan,primary_unscreened,BELISARIO,ascm,full pre 2022-01 to 2023-11,202302,fit,14.5856904761905,13.8623556027766,0.723334873413906
plan,primary_unscreened,BELISARIO,ascm,full pre 2022-01 to 2023-11,202303,fit,19.2214389233954,17.0693224589962,2.15211646439924
plan,primary_unscreened,BELISARIO,ascm,full pre 2022-01 to 2023-11,202304,fit,16.7874523809524,16.0237859231114,0.763666457841005
plan,primary_unscreened,BELISARIO,ascm,full pre 2022-01 to 2023-11,202305,fit,15.9332401656315,15.9984905762927,-0.0652504106611982
plan,primary_unscreened,BELISARIO,ascm,full pre 2022-01 to 2023-11,202306,fit,16.5359307359307,16.6799478050999,-0.144017069169152
plan,primary_unscreened,BELISARIO,ascm,full pre 2022-01 to 2023-11,202307,fit,12.3969614512472,11.7326583883942,0.664303062852969
plan,primary_unscreened,BELISARIO,ascm,full pre 2022-01 to 2023-11,202308,fit,14.1104244306418,13.9716420825502,0.138782348091592
plan,primary_unscreened,BELISARIO,ascm,full pre 2022-01 to 2023-11,202309,fit,17.4716213151927,18.1369609010351,-0.665339585842357
plan,primary_unscreened,BELISARIO,ascm,full pre 2022-01 to 2023-11,202310,fit,17.9756818181818,18.4833552995969,-0.507673481415104
plan,primary_unscreened,BELISARIO,ascm,full pre 2022-01 to 2023-11,202311,fit,16.9797186147186,17.74379110178,-0.764072487061412
plan,primary_unscreened,BELISARIO,ascm_dec22,full pre 2022-12 to 2023-11,202212,fit,12.652987012987,13.0082860222503,-0.355299009263264
plan,primary_unscreened,BELISARIO,ascm_dec22,full pre 2022-12 to 2023-11,202301,fit,16.2524025974026,16.0906409391634,0.161761658239211
plan,primary_unscreened,BELISARIO,ascm_dec22,full pre 2022-12 to 2023-11,202302,fit,14.5856904761905,14.7137420602537,-0.128051584063176
plan,primary_unscreened,BELISARIO,ascm_dec22,full pre 2022-12 to 2023-11,202303,fit,19.2214389233954,18.3925350807416,0.828903842653883
plan,primary_unscreened,BELISARIO,ascm_dec22,full pre 2022-12 to 2023-11,202304,fit,16.7874523809524,16.7174104209598,0.0700419599925795
plan,primary_unscreened,BELISARIO,ascm_dec22,full pre 2022-12 to 2023-11,202305,fit,15.9332401656315,15.837780999006,0.0954591666254583
plan,primary_unscreened,BELISARIO,ascm_dec22,full pre 2022-12 to 2023-11,202306,fit,16.5359307359307,16.6546907148963,-0.118759978965535
plan,primary_unscreened,BELISARIO,ascm_dec22,full pre 2022-12 to 2023-11,202307,fit,12.3969614512472,12.560504906745,-0.163543455497859
plan,primary_unscreened,BELISARIO,ascm_dec22,full pre 2022-12 to 2023-11,202308,fit,14.1104244306418,13.9616212124529,0.148803218188972
plan,primary_unscreened,BELISARIO,ascm_dec22,full pre 2022-12 to 2023-11,202309,fit,17.4716213151927,17.6672267876851,-0.195605472492328
plan,primary_unscreened,BELISARIO,ascm_dec22,full pre 2022-12 to 2023-11,202310,fit,17.9756818181818,18.3998004955479,-0.424118677366124
plan,primary_unscreened,BELISARIO,ascm_dec22,full pre 2022-12 to 2023-11,202311,fit,16.9797186147186,16.8993102827704,0.0804083319481741
plan,primary_screened,CENTER,ascm,holdout,202202,fit,8.25904761904762,8.25904782075934,-2.01711715774877e-07
plan,primary_screened,CENTER,ascm,holdout,202203,fit,9.8705900621118,9.8705897260439,3.36067904171955e-07
plan,primary_screened,CENTER,ascm,holdout,202204,fit,10.0415532879819,10.0415534832188,-1.95236962596823e-07
plan,primary_screened,CENTER,ascm,holdout,202205,fit,9.47,9.469999998186,1.81400139354082e-09
plan,primary_screened,CENTER,ascm,holdout,202206,fit,5.27515151515152,5.27515156391195,-4.8760430360062e-08
plan,primary_screened,CENTER,ascm,holdout,202207,fit,9.89151927437642,9.89151922381261,5.056381091606e-08
plan,primary_screened,CENTER,ascm,holdout,202208,fit,9.27933747412008,9.27933740896563,6.51544542762395e-08
plan,primary_screened,CENTER,ascm,holdout,202209,fit,10.7700757575758,10.7700757593902,-1.81440107382969e-09
plan,primary_screened,CENTER,ascm,holdout,202210,fit,10.9086961451247,10.908696319915,-1.74790248053114e-07
plan,primary_screened,CENTER,ascm,holdout,202211,fit,11.0715476190476,11.0715473922308,2.26816842641142e-07
plan,primary_screened,CENTER,ascm,holdout,202212,fit,10.9319372294372,10.9319372898606,-6.04233232337492e-08
plan,primary_screened,CENTER,ascm,holdout,202301,fit,11.3795454545455,11.3795453611726,9.33729022989382e-08
plan,primary_screened,CENTER,ascm,holdout,202302,fit,10.3055595238095,10.3055596888619,-1.65052366440932e-07
plan,primary_screened,CENTER,ascm,holdout,202303,fit,12.9309730848861,12.9309729431785,1.41707678480429e-07
plan,primary_screened,CENTER,ascm,holdout,202305,fit,12.1628985507246,12.1628986184328,-6.77081484212749e-08
plan,primary_screened,CENTER,ascm,holdout,202306,post,12.1728787878788,12.1653203755731,0.00755841230565757
plan,primary_screened,CENTER,ascm,holdout,202308,post,10.4528053830228,12.3981591982869,-1.94535381526411
plan,primary_screened,CENTER,ascm,holdout,202309,post,12.6972902494331,14.5935898487228,-1.8962995992897
plan,primary_screened,CENTER,ascm,holdout,202310,post,12.5672943722944,14.3971742465253,-1.8298798742309
plan,primary_screened,CENTER,ascm,holdout,202311,post,13.297987012987,13.86420230343,-0.566215290442948
plan,primary_screened,CENTER,scm,holdout,202202,fit,8.25904761904762,8.76110804909077,-0.50206043004315
plan,primary_screened,CENTER,scm,holdout,202203,fit,9.8705900621118,9.61570475498664,0.254885307125162
plan,primary_screened,CENTER,scm,holdout,202204,fit,10.0415532879819,10.1215383092243,-0.0799850212424644
plan,primary_screened,CENTER,scm,holdout,202205,fit,9.47,9.47045401619044,-0.000454016190440498
plan,primary_screened,CENTER,scm,holdout,202206,fit,5.27515151515152,5.64998050314427,-0.374828987992754
plan,primary_screened,CENTER,scm,holdout,202207,fit,9.89151927437642,9.38821556274631,0.503303711630103
plan,primary_screened,CENTER,scm,holdout,202208,fit,9.27933747412008,8.78174065600228,0.497596818117799
plan,primary_screened,CENTER,scm,holdout,202209,fit,10.7700757575758,11.1119872843459,-0.34191152677014
plan,primary_screened,CENTER,scm,holdout,202210,fit,10.9086961451247,11.116053172933,-0.207357027808277
plan,primary_screened,CENTER,scm,holdout,202211,fit,11.0715476190476,10.7962644383105,0.275283180737155
plan,primary_screened,CENTER,scm,holdout,202212,fit,10.9319372294372,11.2147969729072,-0.282859743469933
plan,primary_screened,CENTER,scm,holdout,202301,fit,11.3795454545455,10.7616118818655,0.617933572679947
plan,primary_screened,CENTER,scm,holdout,202302,fit,10.3055595238095,10.652896575071,-0.347337051261427
plan,primary_screened,CENTER,scm,holdout,202303,fit,12.9309730848861,12.6496285329004,0.281344551985768
plan,primary_screened,CENTER,scm,holdout,202305,fit,12.1628985507246,12.1772648073323,-0.0143662566076443
plan,primary_screened,CENTER,scm,holdout,202306,post,12.1728787878788,11.9669641159908,0.205914671888019
plan,primary_screened,CENTER,scm,holdout,202308,post,10.4528053830228,12.1881910273467,-1.73538564432394
plan,primary_screened,CENTER,scm,holdout,202309,post,12.6972902494331,14.233309458777,-1.5360192093439
plan,primary_screened,CENTER,scm,holdout,202310,post,12.5672943722944,14.1327045973145,-1.56541022502011
plan,primary_screened,CENTER,scm,holdout,202311,post,13.297987012987,13.4521924338543,-0.154205420867269
plan,primary_screened,CENTER,did,holdout,202202,fit,8.25904761904762,9.54218088174664,-1.28313326269902
plan,primary_screened,CENTER,did,holdout,202203,fit,9.8705900621118,9.92457716797852,-0.053987105866721
plan,primary_screened,CENTER,did,holdout,202204,fit,10.0415532879819,10.1452378670408,-0.103684579058895
plan,primary_screened,CENTER,did,holdout,202205,fit,9.47,10.0160439053652,-0.546043905365176
plan,primary_screened,CENTER,did,holdout,202206,fit,5.27515151515152,8.96126393655947,-3.68611242140796
plan,primary_screened,CENTER,did,holdout,202207,fit,9.89151927437642,9.43350117236288,0.458018102013533
plan,primary_screened,CENTER,did,holdout,202208,fit,9.27933747412008,9.25117350216437,0.0281639719557116
plan,primary_screened,CENTER,did,holdout,202209,fit,10.7700757575758,10.8136547565238,-0.0435789989480639
plan,primary_screened,CENTER,did,holdout,202210,fit,10.9086961451247,10.8366226709623,0.0720734741623925
plan,primary_screened,CENTER,did,holdout,202211,fit,11.0715476190476,10.3241711335292,0.74737648551845
plan,primary_screened,CENTER,did,holdout,202212,fit,10.9319372294372,10.2936809374507,0.638256291986492
plan,primary_screened,CENTER,did,holdout,202301,fit,11.3795454545455,10.4724782859356,0.907067168609867
plan,primary_screened,CENTER,did,holdout,202302,fit,10.3055595238095,10.3507672788055,-0.0452077549959356
plan,primary_screened,CENTER,did,holdout,202303,fit,12.9309730848861,11.2446448363502,1.68632824853591
plan,primary_screened,CENTER,did,holdout,202305,fit,12.1628985507246,10.9384342651652,1.22446428555941
plan,primary_screened,CENTER,did,holdout,202306,post,12.1728787878788,10.8384748322814,1.33440395559739
plan,primary_screened,CENTER,did,holdout,202308,post,10.4528053830228,10.2965736513545,0.156231731668292
plan,primary_screened,CENTER,did,holdout,202309,post,12.6972902494331,11.5025633805795,1.1947268688536
plan,primary_screened,CENTER,did,holdout,202310,post,12.5672943722944,11.5906094133866,0.976684958907807
plan,primary_screened,CENTER,did,holdout,202311,post,13.297987012987,11.3561386023349,1.94184841065214
plan,primary_screened,CENTER,ascm_dec22,holdout,202212,fit,10.9319372294372,10.931937228803,6.34278407574129e-10
plan,primary_screened,CENTER,ascm_dec22,holdout,202301,fit,11.3795454545455,11.3795454542208,3.24693161246614e-10
plan,primary_screened,CENTER,ascm_dec22,holdout,202302,fit,10.3055595238095,10.3055595232741,5.35433031245702e-10
plan,primary_screened,CENTER,ascm_dec22,holdout,202303,fit,12.9309730848861,12.9309730858984,-1.01230313021006e-09
plan,primary_screened,CENTER,ascm_dec22,holdout,202305,fit,12.1628985507246,12.1628985512067,-4.82103246213228e-10
plan,primary_screened,CENTER,ascm_dec22,holdout,202306,post,12.1728787878788,12.0124551895576,0.160423598321172
plan,primary_screened,CENTER,ascm_dec22,holdout,202308,post,10.4528053830228,10.9264511664705,-0.473645783447719
plan,primary_screened,CENTER,ascm_dec22,holdout,202309,post,12.6972902494331,13.3219562939414,-0.624666044508286
plan,primary_screened,CENTER,ascm_dec22,holdout,202310,post,12.5672943722944,13.6120746240733,-1.04478025177889
plan,primary_screened,CENTER,ascm_dec22,holdout,202311,post,13.297987012987,12.8870041568265,0.410982856160471
plan,primary_screened,CENTER,ascm,full pre 2022-01 to 2023-11,202202,fit,8.25904761904762,8.25904775596793,-1.36920306204047e-07
plan,primary_screened,CENTER,ascm,full pre 2022-01 to 2023-11,202203,fit,9.8705900621118,9.87058990293514,1.59176666514327e-07
plan,primary_screened,CENTER,ascm,full pre 2022-01 to 2023-11,202204,fit,10.0415532879819,10.041553264554,2.34278250133002e-08
plan,primary_screened,CENTER,ascm,full pre 2022-01 to 2023-11,202205,fit,9.47,9.47000010716117,-1.07161172380188e-07
plan,primary_screened,CENTER,ascm,full pre 2022-01 to 2023-11,202206,fit,5.27515151515152,5.27515160808817,-9.29366503754636e-08
plan,primary_screened,CENTER,ascm,full pre 2022-01 to 2023-11,202207,fit,9.89151927437642,9.89151921262616,6.17502600164244e-08
plan,primary_screened,CENTER,ascm,full pre 2022-01 to 2023-11,202208,fit,9.27933747412008,9.27933735949748,1.14622599411973e-07
plan,primary_screened,CENTER,ascm,full pre 2022-01 to 2023-11,202209,fit,10.7700757575758,10.7700757762485,-1.86727149298349e-08
plan,primary_screened,CENTER,ascm,full pre 2022-01 to 2023-11,202210,fit,10.9086961451247,10.9086963337848,-1.88660060018719e-07
plan,primary_screened,CENTER,ascm,full pre 2022-01 to 2023-11,202211,fit,11.0715476190476,11.0715473836632,2.35384399971395e-07
plan,primary_screened,CENTER,ascm,full pre 2022-01 to 2023-11,202212,fit,10.9319372294372,10.9319372726068,-4.31695763580819e-08
plan,primary_screened,CENTER,ascm,full pre 2022-01 to 2023-11,202301,fit,11.3795454545455,11.379545401876,5.26694581282072e-08
plan,primary_screened,CENTER,ascm,full pre 2022-01 to 2023-11,202302,fit,10.3055595238095,10.305559686199,-1.62389465430124e-07
plan,primary_screened,CENTER,ascm,full pre 2022-01 to 2023-11,202303,fit,12.9309730848861,12.9309728477271,2.37159021310163e-07
plan,primary_screened,CENTER,ascm,full pre 2022-01 to 2023-11,202305,fit,12.1628985507246,12.1628986713175,-1.20592853036783e-07
plan,primary_screened,CENTER,ascm,full pre 2022-01 to 2023-11,202306,fit,12.1728787878788,12.1728786890777,9.8801088199707e-08
plan,primary_screened,CENTER,ascm,full pre 2022-01 to 2023-11,202308,fit,10.4528053830228,10.4528053988774,-1.58546242801094e-08
plan,primary_screened,CENTER,ascm,full pre 2022-01 to 2023-11,202309,fit,12.6972902494331,12.6972903504143,-1.00981157657998e-07
plan,primary_screened,CENTER,ascm,full pre 2022-01 to 2023-11,202310,fit,12.5672943722944,12.5672944723754,-1.00081036791266e-07
plan,primary_screened,CENTER,ascm,full pre 2022-01 to 2023-11,202311,fit,13.297987012987,13.2979869085587,1.04428300673476e-07
plan,primary_screened,CENTER,ascm_dec22,full pre 2022-12 to 2023-11,202212,fit,10.9319372294372,10.9319372439035,-1.44662735124257e-08
plan,primary_screened,CENTER,ascm_dec22,full pre 2022-12 to 2023-11,202301,fit,11.3795454545455,11.3795454254162,2.9129299861097e-08
plan,primary_screened,CENTER,ascm_dec22,full pre 2022-12 to 2023-11,202302,fit,10.3055595238095,10.3055595716485,-4.7838934591482e-08
plan,primary_screened,CENTER,ascm_dec22,full pre 2022-12 to 2023-11,202303,fit,12.9309730848861,12.9309730380826,4.68035263878619e-08
plan,primary_screened,CENTER,ascm_dec22,full pre 2022-12 to 2023-11,202305,fit,12.1628985507246,12.1628985531173,-2.39266562118701e-09
plan,primary_screened,CENTER,ascm_dec22,full pre 2022-12 to 2023-11,202306,fit,12.1728787878788,12.1728788315307,-4.36519087543275e-08
plan,primary_screened,CENTER,ascm_dec22,full pre 2022-12 to 2023-11,202308,fit,10.4528053830228,10.4528053632092,1.98135783335829e-08
plan,primary_screened,CENTER,ascm_dec22,full pre 2022-12 to 2023-11,202309,fit,12.6972902494331,12.6972902262379,2.31952466123175e-08
plan,primary_screened,CENTER,ascm_dec22,full pre 2022-12 to 2023-11,202310,fit,12.5672943722944,12.5672944946171,-1.22322752815762e-07
plan,primary_screened,CENTER,ascm_dec22,full pre 2022-12 to 2023-11,202311,fit,13.297987012987,13.2979869012561,1.11730878771255e-07
plan,primary_screened,BELISARIO,ascm,holdout,202201,fit,4.83609977324263,4.83609979888608,-2.56434535828021e-08
plan,primary_screened,BELISARIO,ascm,holdout,202202,fit,9.19028571428571,9.19028654983584,-8.35550121536244e-07
plan,primary_screened,BELISARIO,ascm,holdout,202203,fit,13.0995134575569,13.0995126013488,8.56208114186075e-07
plan,primary_screened,BELISARIO,ascm,holdout,202204,fit,13.9129024943311,13.9129028338048,-3.39473750443631e-07
plan,primary_screened,BELISARIO,ascm,holdout,202205,fit,12.7398701298701,12.7398702788959,-1.49025721540852e-07
plan,primary_screened,BELISARIO,ascm,holdout,202206,fit,7.33573593073593,7.33573605673921,-1.26003283362763e-07
plan,primary_screened,BELISARIO,ascm,holdout,202207,fit,13.1927097505669,13.1927093504448,4.0012204927109e-07
plan,primary_screened,BELISARIO,ascm,holdout,202208,fit,11.9105279503106,11.9105277008475,2.49463010248974e-07
plan,primary_screened,BELISARIO,ascm,holdout,202209,fit,16.0625216450216,16.0625217868951,-1.41873478298749e-07
plan,primary_screened,BELISARIO,ascm,holdout,202210,fit,16.7917233560091,16.791723552108,-1.96098930871358e-07
plan,primary_screened,BELISARIO,ascm,holdout,202211,fit,14.4812337662338,14.4812335670179,1.99215868690317e-07
plan,primary_screened,BELISARIO,ascm,holdout,202212,fit,12.652987012987,12.6529872975449,-2.84557895469106e-07
plan,primary_screened,BELISARIO,ascm,holdout,202301,fit,16.2524025974026,16.2524023476378,2.49764781301565e-07
plan,primary_screened,BELISARIO,ascm,holdout,202302,fit,14.5856904761905,14.585690575589,-9.93984823338678e-08
plan,primary_screened,BELISARIO,ascm,holdout,202303,fit,19.2214389233954,19.2214385092419,4.14153550565288e-07
plan,primary_screened,BELISARIO,ascm,holdout,202304,fit,16.7874523809524,16.7874522150601,1.65892267034451e-07
plan,primary_screened,BELISARIO,ascm,holdout,202305,fit,15.9332401656315,15.933240502826,-3.37194517641137e-07
plan,primary_screened,BELISARIO,ascm,holdout,202306,post,16.5359307359307,17.1100570594155,-0.574126323484808
plan,primary_screened,BELISARIO,ascm,holdout,202307,post,12.3969614512472,11.3522908666878,1.04467058455937
plan,primary_screened,BELISARIO,ascm,holdout,202308,post,14.1104244306418,15.3986886528211,-1.28826422217926
plan,primary_screened,BELISARIO,ascm,holdout,202309,post,17.4716213151927,19.8805556878063,-2.40893437261355
plan,primary_screened,BELISARIO,ascm,holdout,202310,post,17.9756818181818,19.553919098401,-1.57823728021913
plan,primary_screened,BELISARIO,ascm,holdout,202311,post,16.9797186147186,18.5594588691268,-1.57974025440816
plan,primary_screened,BELISARIO,scm,holdout,202201,fit,4.83609977324263,7.37607684019496,-2.53997706695233
plan,primary_screened,BELISARIO,scm,holdout,202202,fit,9.19028571428571,10.9031185491033,-1.7128328348176
plan,primary_screened,BELISARIO,scm,holdout,202203,fit,13.0995134575569,12.0682539075559,1.03125955000103
plan,primary_screened,BELISARIO,scm,holdout,202204,fit,13.9129024943311,13.7404052150258,0.172497279305253
plan,primary_screened,BELISARIO,scm,holdout,202205,fit,12.7398701298701,13.3851589553653,-0.645288825495122
plan,primary_screened,BELISARIO,scm,holdout,202206,fit,7.33573593073593,8.91038535352634,-1.57464942279041
plan,primary_screened,BELISARIO,scm,holdout,202207,fit,13.1927097505669,11.1859386944177,2.00677105614916
plan,primary_screened,BELISARIO,scm,holdout,202208,fit,11.9105279503106,10.0850234805701,1.8255044697405
plan,primary_screened,BELISARIO,scm,holdout,202209,fit,16.0625216450216,16.4032425934237,-0.340720948402005
plan,primary_screened,BELISARIO,scm,holdout,202210,fit,16.7917233560091,16.8581339807751,-0.066410624765993
plan,primary_screened,BELISARIO,scm,holdout,202211,fit,14.4812337662338,15.558515479106,-1.07728171287219
plan,primary_screened,BELISARIO,scm,holdout,202212,fit,12.652987012987,13.9625062331137,-1.3095192201267
plan,primary_screened,BELISARIO,scm,holdout,202301,fit,16.2524025974026,14.872953646082,1.37944895132061
plan,primary_screened,BELISARIO,scm,holdout,202302,fit,14.5856904761905,13.1845923972213,1.40109807896917
plan,primary_screened,BELISARIO,scm,holdout,202303,fit,19.2214389233954,17.0212604369723,2.20017848642319
plan,primary_screened,BELISARIO,scm,holdout,202304,fit,16.7874523809524,15.1996532072275,1.5877991737249
plan,primary_screened,BELISARIO,scm,holdout,202305,fit,15.9332401656315,15.8645723136946,0.0686678519368709
plan,primary_screened,BELISARIO,scm,holdout,202306,post,16.5359307359307,14.7237994755374,1.81213126039338
plan,primary_screened,BELISARIO,scm,holdout,202307,post,12.3969614512472,11.2327088607371,1.16425259051003
plan,primary_screened,BELISARIO,scm,holdout,202308,post,14.1104244306418,13.5826503340629,0.527774096578908
plan,primary_screened,BELISARIO,scm,holdout,202309,post,17.4716213151927,18.3772587207107,-0.90563740551794
plan,primary_screened,BELISARIO,scm,holdout,202310,post,17.9756818181818,17.5193637683148,0.456318049867029
plan,primary_screened,BELISARIO,scm,holdout,202311,post,16.9797186147186,16.1202207816374,0.859497833081171
plan,primary_screened,BELISARIO,did,holdout,202201,fit,4.83609977324263,11.7450710763632,-6.90897130312057
plan,primary_screened,BELISARIO,did,holdout,202202,fit,9.19028571428571,12.8898513926564,-3.69956567837067
plan,primary_screened,BELISARIO,did,holdout,202203,fit,13.0995134575569,13.2722476788883,-0.17273422133133
plan,primary_screened,BELISARIO,did,holdout,202204,fit,13.9129024943311,13.4929083779505,0.419994116380567
plan,primary_screened,BELISARIO,did,holdout,202205,fit,12.7398701298701,13.3637144162749,-0.62384428640479
plan,primary_screened,BELISARIO,did,holdout,202206,fit,7.33573593073593,12.3089344474692,-4.97319851673329
plan,primary_screened,BELISARIO,did,holdout,202207,fit,13.1927097505669,12.7811716832726,0.411538067294265
plan,primary_screened,BELISARIO,did,holdout,202208,fit,11.9105279503106,12.5988440130741,-0.688316062763555
plan,primary_screened,BELISARIO,did,holdout,202209,fit,16.0625216450216,14.1613252674336,1.90119637758808
plan,primary_screened,BELISARIO,did,holdout,202210,fit,16.7917233560091,14.1842931818721,2.607430174137
plan,primary_screened,BELISARIO,did,holdout,202211,fit,14.4812337662338,13.6718416444389,0.809392121794854
plan,primary_screened,BELISARIO,did,holdout,202212,fit,12.652987012987,13.6413514483605,-0.988364435373468
plan,primary_screened,BELISARIO,did,holdout,202301,fit,16.2524025974026,13.8201487968453,2.43225380055727
plan,primary_screened,BELISARIO,did,holdout,202302,fit,14.5856904761905,13.6984377897152,0.887252686475273
plan,primary_screened,BELISARIO,did,holdout,202303,fit,19.2214389233954,14.59231534726,4.62912357613548
plan,primary_screened,BELISARIO,did,holdout,202304,fit,16.7874523809524,14.477774186774,2.30967819417835
plan,primary_screened,BELISARIO,did,holdout,202305,fit,15.9332401656315,14.286104776075,1.6471353895565
plan,primary_screened,BELISARIO,did,holdout,202306,post,16.5359307359307,14.1861453431911,2.3497853927396
plan,primary_screened,BELISARIO,did,holdout,202307,post,12.3969614512472,12.9481511417227,-0.551189690475511
plan,primary_screened,BELISARIO,did,holdout,202308,post,14.1104244306418,13.6442441622642,0.466180268377597
plan,primary_screened,BELISARIO,did,holdout,202309,post,17.4716213151927,14.8502338914893,2.6213874237035
plan,primary_screened,BELISARIO,did,holdout,202310,post,17.9756818181818,14.9382799242963,3.03740189388551
plan,primary_screened,BELISARIO,did,holdout,202311,post,16.9797186147186,14.7038091132446,2.275909501474
plan,primary_screened,BELISARIO,ascm_dec22,holdout,202212,fit,12.652987012987,12.6529870450755,-3.20884918636466e-08
plan,primary_screened,BELISARIO,ascm_dec22,holdout,202301,fit,16.2524025974026,16.252402586981,1.04215871488123e-08
plan,primary_screened,BELISARIO,ascm_dec22,holdout,202302,fit,14.5856904761905,14.5856905190518,-4.2861278970463e-08
plan,primary_screened,BELISARIO,ascm_dec22,holdout,202303,fit,19.2214389233954,19.2214388021064,1.21289044585637e-07
plan,primary_screened,BELISARIO,ascm_dec22,holdout,202304,fit,16.7874523809524,16.7874524591065,-7.81541338312763e-08
plan,primary_screened,BELISARIO,ascm_dec22,holdout,202305,fit,15.9332401656315,15.9332401442382,2.13932658255089e-08
plan,primary_screened,BELISARIO,ascm_dec22,holdout,202306,post,16.5359307359307,17.0219034051736,-0.485972669242813
plan,primary_screened,BELISARIO,ascm_dec22,holdout,202307,post,12.3969614512472,11.8049400275626,0.592021423684525
plan,primary_screened,BELISARIO,ascm_dec22,holdout,202308,post,14.1104244306418,13.8000331118013,0.310391318840567
plan,primary_screened,BELISARIO,ascm_dec22,holdout,202309,post,17.4716213151927,18.01800120827,-0.546379893077294
plan,primary_screened,BELISARIO,ascm_dec22,holdout,202310,post,17.9756818181818,19.6765281613677,-1.70084634318591
plan,primary_screened,BELISARIO,ascm_dec22,holdout,202311,post,16.9797186147186,18.1183064752481,-1.13858786052944
plan,primary_screened,BELISARIO,ascm,full pre 2022-01 to 2023-11,202201,fit,4.83609977324263,4.83610037714422,-6.03901591844647e-07
plan,primary_screened,BELISARIO,ascm,full pre 2022-01 to 2023-11,202202,fit,9.19028571428571,9.19028648894446,-7.74658747815238e-07
plan,primary_screened,BELISARIO,ascm,full pre 2022-01 to 2023-11,202203,fit,13.0995134575569,13.0995123797957,1.07776125979342e-06
plan,primary_screened,BELISARIO,ascm,full pre 2022-01 to 2023-11,202204,fit,13.9129024943311,13.9129029561521,-4.61821073827196e-07
plan,primary_screened,BELISARIO,ascm,full pre 2022-01 to 2023-11,202205,fit,12.7398701298701,12.7398702614956,-1.3162545009493e-07
plan,primary_screened,BELISARIO,ascm,full pre 2022-01 to 2023-11,202206,fit,7.33573593073593,7.33573626645018,-3.35714245736085e-07
plan,primary_screened,BELISARIO,ascm,full pre 2022-01 to 2023-11,202207,fit,13.1927097505669,13.1927091261645,6.24402369808763e-07
plan,primary_screened,BELISARIO,ascm,full pre 2022-01 to 2023-11,202208,fit,11.9105279503106,11.9105278248971,1.25413439633348e-07
plan,primary_screened,BELISARIO,ascm,full pre 2022-01 to 2023-11,202209,fit,16.0625216450216,16.0625217857369,-1.40715208374331e-07
plan,primary_screened,BELISARIO,ascm,full pre 2022-01 to 2023-11,202210,fit,16.7917233560091,16.7917234717714,-1.15762304631062e-07
plan,primary_screened,BELISARIO,ascm,full pre 2022-01 to 2023-11,202211,fit,14.4812337662338,14.4812337030953,6.31385148608388e-08
plan,primary_screened,BELISARIO,ascm,full pre 2022-01 to 2023-11,202212,fit,12.652987012987,12.6529872616947,-2.48707733518927e-07
plan,primary_screened,BELISARIO,ascm,full pre 2022-01 to 2023-11,202301,fit,16.2524025974026,16.2524022590956,3.38307000191662e-07
plan,primary_screened,BELISARIO,ascm,full pre 2022-01 to 2023-11,202302,fit,14.5856904761905,14.5856906035865,-1.27396042159944e-07
plan,primary_screened,BELISARIO,ascm,full pre 2022-01 to 2023-11,202303,fit,19.2214389233954,19.2214381140153,8.09380154009887e-07
plan,primary_screened,BELISARIO,ascm,full pre 2022-01 to 2023-11,202304,fit,16.7874523809524,16.7874521069526,2.73999823718896e-07
plan,primary_screened,BELISARIO,ascm,full pre 2022-01 to 2023-11,202305,fit,15.9332401656315,15.9332402731016,-1.07470095045414e-07
plan,primary_screened,BELISARIO,ascm,full pre 2022-01 to 2023-11,202306,fit,16.5359307359307,16.5359316107889,-8.74858201882489e-07
plan,primary_screened,BELISARIO,ascm,full pre 2022-01 to 2023-11,202307,fit,12.3969614512472,12.3969599456451,1.50560209988271e-06
plan,primary_screened,BELISARIO,ascm,full pre 2022-01 to 2023-11,202308,fit,14.1104244306418,14.1104249431043,-5.12462451141005e-07
plan,primary_screened,BELISARIO,ascm,full pre 2022-01 to 2023-11,202309,fit,17.4716213151927,17.4716215907771,-2.75584330466927e-07
plan,primary_screened,BELISARIO,ascm,full pre 2022-01 to 2023-11,202310,fit,17.9756818181818,17.9756817702866,4.78952522087184e-08
plan,primary_screened,BELISARIO,ascm,full pre 2022-01 to 2023-11,202311,fit,16.9797186147186,16.979718769941,-1.55222426911905e-07
plan,primary_screened,BELISARIO,ascm_dec22,full pre 2022-12 to 2023-11,202212,fit,12.652987012987,12.6529870883183,-7.53312772161507e-08
plan,primary_screened,BELISARIO,ascm_dec22,full pre 2022-12 to 2023-11,202301,fit,16.2524025974026,16.2524025183464,7.90562246777427e-08
plan,primary_screened,BELISARIO,ascm_dec22,full pre 2022-12 to 2023-11,202302,fit,14.5856904761905,14.5856906939101,-2.17719588135878e-07
plan,primary_screened,BELISARIO,ascm_dec22,full pre 2022-12 to 2023-11,202303,fit,19.2214389233954,19.2214385234563,3.99939182216258e-07
plan,primary_screened,BELISARIO,ascm_dec22,full pre 2022-12 to 2023-11,202304,fit,16.7874523809524,16.787452337343,4.36094005351606e-08
plan,primary_screened,BELISARIO,ascm_dec22,full pre 2022-12 to 2023-11,202305,fit,15.9332401656315,15.9332401439965,2.16349693715756e-08
plan,primary_screened,BELISARIO,ascm_dec22,full pre 2022-12 to 2023-11,202306,fit,16.5359307359307,16.5359309831201,-2.47189387181379e-07
plan,primary_screened,BELISARIO,ascm_dec22,full pre 2022-12 to 2023-11,202307,fit,12.3969614512472,12.3969613403092,1.10938010777772e-07
plan,primary_screened,BELISARIO,ascm_dec22,full pre 2022-12 to 2023-11,202308,fit,14.1104244306418,14.1104243949656,3.56762690501e-08
plan,primary_screened,BELISARIO,ascm_dec22,full pre 2022-12 to 2023-11,202309,fit,17.4716213151927,17.4716213216564,-6.46360476252994e-09
plan,primary_screened,BELISARIO,ascm_dec22,full pre 2022-12 to 2023-11,202310,fit,17.9756818181818,17.9756821263601,-3.08178307761864e-07
plan,primary_screened,BELISARIO,ascm_dec22,full pre 2022-12 to 2023-11,202311,fit,16.9797186147186,16.9797184506905,1.64028097771052e-07
