time,estimate,ci_lower,ci_upper,p_val,pollutant,model,method,week_label,week_date
1,0.031667624486904966,NA,NA,NA,no2,M4: AugSynth Centro+Belisario,AugSynth,2022w48,2022-11-28
2,-0.011740486171739839,NA,NA,NA,no2,M4: AugSynth Centro+Belisario,AugSynth,2022w49,2022-12-05
3,-0.08559215794495945,NA,NA,NA,no2,M4: AugSynth Centro+Belisario,AugSynth,2022w50,2022-12-12
4,0.14324963358760145,NA,NA,NA,no2,M4: AugSynth Centro+Belisario,AugSynth,2022w51,2022-12-19
5,-0.05398971331007596,NA,NA,NA,no2,M4: AugSynth Centro+Belisario,AugSynth,2022w52,2022-12-26
6,-0.10870130571891234,NA,NA,NA,no2,M4: AugSynth Centro+Belisario,AugSynth,2023w01,2023-01-02
7,0.0038016306358139573,NA,NA,NA,no2,M4: AugSynth Centro+Belisario,AugSynth,2023w02,2023-01-09
8,-0.0378115709639375,NA,NA,NA,no2,M4: AugSynth Centro+Belisario,AugSynth,2023w03,2023-01-16
9,-0.11808634175253907,NA,NA,NA,no2,M4: AugSynth Centro+Belisario,AugSynth,2023w04,2023-01-23
10,0.07166428879478914,NA,NA,NA,no2,M4: AugSynth Centro+Belisario,AugSynth,2023w05,2023-01-30
11,0.016653125745098585,NA,NA,NA,no2,M4: AugSynth Centro+Belisario,AugSynth,2023w06,2023-02-06
12,0.023543151663986794,NA,NA,NA,no2,M4: AugSynth Centro+Belisario,AugSynth,2023w07,2023-02-13
13,-0.037465725426792496,NA,NA,NA,no2,M4: AugSynth Centro+Belisario,AugSynth,2023w08,2023-02-20
14,0.040540893613011164,NA,NA,NA,no2,M4: AugSynth Centro+Belisario,AugSynth,2023w09,2023-02-27
15,0.05725436788816829,NA,NA,NA,no2,M4: AugSynth Centro+Belisario,AugSynth,2023w10,2023-03-06
16,-0.07626532637773753,NA,NA,NA,no2,M4: AugSynth Centro+Belisario,AugSynth,2023w11,2023-03-13
17,-0.0012008112296411078,NA,NA,NA,no2,M4: AugSynth Centro+Belisario,AugSynth,2023w12,2023-03-20
18,0.009984909807596587,NA,NA,NA,no2,M4: AugSynth Centro+Belisario,AugSynth,2023w13,2023-03-27
19,-0.02046385781934612,NA,NA,NA,no2,M4: AugSynth Centro+Belisario,AugSynth,2023w14,2023-04-03
20,0.0412723390042089,NA,NA,NA,no2,M4: AugSynth Centro+Belisario,AugSynth,2023w15,2023-04-10
21,0.042620488463350537,NA,NA,NA,no2,M4: AugSynth Centro+Belisario,AugSynth,2023w16,2023-04-17
22,0.03103189656147709,NA,NA,NA,no2,M4: AugSynth Centro+Belisario,AugSynth,2023w17,2023-04-24
23,-0.09370502639761336,NA,NA,NA,no2,M4: AugSynth Centro+Belisario,AugSynth,2023w18,2023-05-01
24,-0.1566342160930665,NA,NA,NA,no2,M4: AugSynth Centro+Belisario,AugSynth,2023w19,2023-05-08
25,0.1029009487375081,NA,NA,NA,no2,M4: AugSynth Centro+Belisario,AugSynth,2023w20,2023-05-15
26,0.037640544220191696,NA,NA,NA,no2,M4: AugSynth Centro+Belisario,AugSynth,2023w21,2023-05-22
27,-0.07172415859362147,NA,NA,NA,no2,M4: AugSynth Centro+Belisario,AugSynth,2023w22,2023-05-29
28,-0.05146088338124555,NA,NA,NA,no2,M4: AugSynth Centro+Belisario,AugSynth,2023w23,2023-06-05
29,-0.10136432293503095,NA,NA,NA,no2,M4: AugSynth Centro+Belisario,AugSynth,2023w24,2023-06-12
30,0.03977363785026844,NA,NA,NA,no2,M4: AugSynth Centro+Belisario,AugSynth,2023w25,2023-06-19
31,-0.054257833920385856,NA,NA,NA,no2,M4: AugSynth Centro+Belisario,AugSynth,2023w26,2023-06-26
32,0.10989898735167314,NA,NA,NA,no2,M4: AugSynth Centro+Belisario,AugSynth,2023w27,2023-07-03
33,0.02076193223355771,NA,NA,NA,no2,M4: AugSynth Centro+Belisario,AugSynth,2023w28,2023-07-10
34,-0.13097027633233838,NA,NA,NA,no2,M4: AugSynth Centro+Belisario,AugSynth,2023w29,2023-07-17
35,0.06460928649197806,NA,NA,NA,no2,M4: AugSynth Centro+Belisario,AugSynth,2023w30,2023-07-24
36,0.024286037955885575,NA,NA,NA,no2,M4: AugSynth Centro+Belisario,AugSynth,2023w31,2023-07-31
37,-0.16035875967666202,NA,NA,NA,no2,M4: AugSynth Centro+Belisario,AugSynth,2023w32,2023-08-07
38,0.36946560067210976,NA,NA,NA,no2,M4: AugSynth Centro+Belisario,AugSynth,2023w33,2023-08-14
39,0.2504154247831383,NA,NA,NA,no2,M4: AugSynth Centro+Belisario,AugSynth,2023w34,2023-08-21
40,0.1276756666600618,NA,NA,NA,no2,M4: AugSynth Centro+Belisario,AugSynth,2023w35,2023-08-28
41,0.07342156384439491,NA,NA,NA,no2,M4: AugSynth Centro+Belisario,AugSynth,2023w36,2023-09-04
42,-0.047735116125102284,NA,NA,NA,no2,M4: AugSynth Centro+Belisario,AugSynth,2023w37,2023-09-11
43,-0.144542341316944,NA,NA,NA,no2,M4: AugSynth Centro+Belisario,AugSynth,2023w38,2023-09-18
44,0.05097570692930686,NA,NA,NA,no2,M4: AugSynth Centro+Belisario,AugSynth,2023w39,2023-09-25
45,0.003974512032270283,NA,NA,NA,no2,M4: AugSynth Centro+Belisario,AugSynth,2023w40,2023-10-02
46,0.03126545997592611,NA,NA,NA,no2,M4: AugSynth Centro+Belisario,AugSynth,2023w41,2023-10-09
47,0.05875759407685299,NA,NA,NA,no2,M4: AugSynth Centro+Belisario,AugSynth,2023w42,2023-10-16
48,0.021348036871815523,NA,NA,NA,no2,M4: AugSynth Centro+Belisario,AugSynth,2023w43,2023-10-23
49,-0.010462699666122788,NA,NA,NA,no2,M4: AugSynth Centro+Belisario,AugSynth,2023w44,2023-10-30
50,0.04237344642885432,NA,NA,NA,no2,M4: AugSynth Centro+Belisario,AugSynth,2023w45,2023-11-06
51,0.21855420085740285,NA,NA,NA,no2,M4: AugSynth Centro+Belisario,AugSynth,2023w46,2023-11-13
52,0.0877986031030571,NA,NA,NA,no2,M4: AugSynth Centro+Belisario,AugSynth,2023w47,2023-11-20
53,0.0720497415918171,-0.17565497914434486,0.3347668696453222,0.401,no2,M4: AugSynth Centro+Belisario,AugSynth,2023w48,2023-11-27
54,0.12001536441806193,-0.1727265782701295,0.36772008515422383,0.201,no2,M4: AugSynth Centro+Belisario,AugSynth,2023w49,2023-12-04
55,0.10689585463943851,-0.14080886609672344,0.3696129826929436,0.258,no2,M4: AugSynth Centro+Belisario,AugSynth,2023w50,2023-12-11
56,0.1107025134206272,-0.13700220731553475,0.3584072341567891,0.226,no2,M4: AugSynth Centro+Belisario,AugSynth,2023w51,2023-12-18
57,0.22416725553203198,-0.023537465204129984,0.4718719762681939,0.057,no2,M4: AugSynth Centro+Belisario,AugSynth,2023w52,2023-12-25
58,0.286533793976099,0.03882907323993705,0.5192261073949178,0.034,no2,M4: AugSynth Centro+Belisario,AugSynth,2024w01,2024-01-01
59,0.10853819679244303,-0.22924096784777784,0.37125532484594814,0.266,no2,M4: AugSynth Centro+Belisario,AugSynth,2024w02,2024-01-08
60,0.005269771313897831,-0.227422542104921,0.29801171400208926,0.943,no2,M4: AugSynth Centro+Belisario,AugSynth,2024w03,2024-01-15
61,0.07179381166070309,-0.29601016761420407,0.3345109397142082,0.424,no2,M4: AugSynth Centro+Belisario,AugSynth,2024w04,2024-01-22
62,0.1398723319550017,-0.10783238878116026,0.4025894600085068,0.125,no2,M4: AugSynth Centro+Belisario,AugSynth,2024w05,2024-01-29
63,0.05900914340942842,-0.18869557732673353,0.32172627146293353,0.47,no2,M4: AugSynth Centro+Belisario,AugSynth,2024w06,2024-02-05
64,0.03570745321878599,-0.22700967483471912,0.2984245812722911,0.726,no2,M4: AugSynth Centro+Belisario,AugSynth,2024w07,2024-02-12
65,0.029992194774584036,-0.23272493327892108,0.29270932282808915,0.765,no2,M4: AugSynth Centro+Belisario,AugSynth,2024w08,2024-02-19
66,0.1385087007784116,-0.10919601995775037,0.3862134215145735,0.178,no2,M4: AugSynth Centro+Belisario,AugSynth,2024w09,2024-02-26
67,0.0697181851883073,-0.16297412823051152,0.42250975714587125,0.42,no2,M4: AugSynth Centro+Belisario,AugSynth,2024w10,2024-03-04
68,0.0712370370473363,-0.1914800910061688,0.3189417577834982,0.417,no2,M4: AugSynth Centro+Belisario,AugSynth,2024w11,2024-03-11
69,0.18013154055202385,-0.06757318018413812,0.42783626128818575,0.075,no2,M4: AugSynth Centro+Belisario,AugSynth,2024w12,2024-03-18
70,0.28684449528265166,0.05415218186383283,0.5345492160188136,0.037,no2,M4: AugSynth Centro+Belisario,AugSynth,2024w13,2024-03-25
71,0.17605109207968717,-0.05664122133913166,0.42375581281584906,0.085,no2,M4: AugSynth Centro+Belisario,AugSynth,2024w14,2024-04-01
72,0.10892555947192939,-0.13877916126423256,0.3566302802080913,0.263,no2,M4: AugSynth Centro+Belisario,AugSynth,2024w15,2024-04-08
73,0.06754593588344848,-0.18015878485271347,0.3302630639369536,0.423,no2,M4: AugSynth Centro+Belisario,AugSynth,2024w16,2024-04-15
74,0.19705818627586158,-0.05064653446030039,0.4447629070120235,0.07,no2,M4: AugSynth Centro+Belisario,AugSynth,2024w17,2024-04-22
75,0.2452535533606519,-0.0174635746928532,0.507970681414157,0.058,no2,M4: AugSynth Centro+Belisario,AugSynth,2024w18,2024-04-29
76,0.16583474769096895,-0.08186997304519301,0.4735890976965035,0.101,no2,M4: AugSynth Centro+Belisario,AugSynth,2024w19,2024-05-06
77,0.11574563676776917,-0.1319590839683928,0.3934751721386174,0.203,no2,M4: AugSynth Centro+Belisario,AugSynth,2024w20,2024-05-13
78,0.17029387652248307,-0.06239843689633576,0.4330110045759882,0.072,no2,M4: AugSynth Centro+Belisario,AugSynth,2024w21,2024-05-20
79,0.21608134587796934,-0.031623374858192624,0.46378606661413124,0.072,no2,M4: AugSynth Centro+Belisario,AugSynth,2024w22,2024-05-27
80,0.2627209779822781,0,0.4804008840837537,0.065,no2,M4: AugSynth Centro+Belisario,AugSynth,2024w23,2024-06-03
81,0.35389386589701877,0.09117673784351366,0.6166109939505239,0.031,no2,M4: AugSynth Centro+Belisario,AugSynth,2024w24,2024-06-10
82,0.2046476439697038,-0.04305707676645816,0.4523523647058657,0.073,no2,M4: AugSynth Centro+Belisario,AugSynth,2024w25,2024-06-17
83,0.19664063152406497,-0.036051681894753856,0.44434535226022687,0.076,no2,M4: AugSynth Centro+Belisario,AugSynth,2024w26,2024-06-24
84,0.1450158636345189,-0.10268885710164306,0.3927205843706808,0.161,no2,M4: AugSynth Centro+Belisario,AugSynth,2024w27,2024-07-01
85,0.05080474291821968,-0.24193719976997174,0.2985094636543816,0.51,no2,M4: AugSynth Centro+Belisario,AugSynth,2024w28,2024-07-08
86,0.008760939356273756,-0.25395618869723136,0.27147806740977887,0.928,no2,M4: AugSynth Centro+Belisario,AugSynth,2024w29,2024-07-15
87,0.20569603243913148,-0.10205831756640307,0.4684131604926366,0.066,no2,M4: AugSynth Centro+Belisario,AugSynth,2024w30,2024-07-22
88,0.3513812854262679,0.10367656469010593,0.614098413479773,0.034,no2,M4: AugSynth Centro+Belisario,AugSynth,2024w31,2024-07-29
89,0.1895220381699927,-0.07319508988351242,0.4372267589061546,0.073,no2,M4: AugSynth Centro+Belisario,AugSynth,2024w32,2024-08-05
90,0.07805183338833688,-0.15464048003048195,0.340768961441842,0.306,no2,M4: AugSynth Centro+Belisario,AugSynth,2024w33,2024-08-12
91,0.1047491270127403,-0.14295559372342165,0.45754069897030425,0.291,no2,M4: AugSynth Centro+Belisario,AugSynth,2024w34,2024-08-19
92,0.16739947637045383,-0.18539209558711017,0.43011660442395894,0.089,no2,M4: AugSynth Centro+Belisario,AugSynth,2024w35,2024-08-26
93,-0.011699686659413011,-0.25940440739557497,0.2510174413940921,0.891,no2,M4: AugSynth Centro+Belisario,AugSynth,2024w36,2024-09-02
94,0.1085213634889981,-0.154195764564507,0.3862508988598463,0.263,no2,M4: AugSynth Centro+Belisario,AugSynth,2024w37,2024-09-09
95,0.0025401371431370556,-0.35025143481442694,0.26525726519664217,0.971,no2,M4: AugSynth Centro+Belisario,AugSynth,2024w38,2024-09-16
96,-0.12220380373704565,-0.38492093179055076,0.14051332431645946,0.22,no2,M4: AugSynth Centro+Belisario,AugSynth,2024w39,2024-09-23
97,0.08088344740777664,-0.1668212733283853,0.32858816814393854,0.344,no2,M4: AugSynth Centro+Belisario,AugSynth,2024w40,2024-09-30
98,0.0461796503236398,-0.20152507041252216,0.2938843710598017,0.558,no2,M4: AugSynth Centro+Belisario,AugSynth,2024w41,2024-10-07
99,0.10490758617390927,-0.12778472724490955,0.3826371215447575,0.327,no2,M4: AugSynth Centro+Belisario,AugSynth,2024w42,2024-10-14
100,0.035417415511367345,-0.2122873052247946,0.29813454356487246,0.681,no2,M4: AugSynth Centro+Belisario,AugSynth,2024w43,2024-10-21
101,0.011044434623201926,-0.26668510074764634,0.28877396999405014,0.893,no2,M4: AugSynth Centro+Belisario,AugSynth,2024w44,2024-10-28
102,-0.038476825484643484,-0.31620636085549175,0.22424030256886163,0.731,no2,M4: AugSynth Centro+Belisario,AugSynth,2024w45,2024-11-04
103,-0.05913952140998413,-0.3068442421461461,0.20357760664352098,0.476,no2,M4: AugSynth Centro+Belisario,AugSynth,2024w46,2024-11-11
104,0.14343497613674483,-0.10426974459941714,0.39113969687290673,0.127,no2,M4: AugSynth Centro+Belisario,AugSynth,2024w47,2024-11-18
105,0.1821615435668189,-0.1406052137560588,0.444878671620324,0.08,no2,M4: AugSynth Centro+Belisario,AugSynth,2024w48,2024-11-25
106,0.17306276124971465,-0.10466677412113362,0.5258543332072786,0.086,no2,M4: AugSynth Centro+Belisario,AugSynth,2024w49,2024-12-02
107,0.2067620059471249,-0.02593030747169392,0.4844915413179731,0.063,no2,M4: AugSynth Centro+Belisario,AugSynth,2024w50,2024-12-09
108,0.10218643996607879,-0.26561753930882837,0.3498911607022407,0.284,no2,M4: AugSynth Centro+Belisario,AugSynth,2024w51,2024-12-16
109,0.15596777616764168,-0.09173694456852029,0.3886600895864605,0.109,no2,M4: AugSynth Centro+Belisario,AugSynth,2024w52,2024-12-23
110,0.26809634707715624,-0.00963318829369203,0.5458258824480045,0.057,no2,M4: AugSynth Centro+Belisario,AugSynth,2025w01,2024-12-30
111,0.10157910031621808,-0.16113802773728703,0.3642962283697232,0.283,no2,M4: AugSynth Centro+Belisario,AugSynth,2025w02,2025-01-06
112,0.1742958732297848,-0.05839644018903403,0.4069881866486036,0.078,no2,M4: AugSynth Centro+Belisario,AugSynth,2025w03,2025-01-13
113,0.06707579155779575,-0.19564133649570936,0.3748301415633303,0.413,no2,M4: AugSynth Centro+Belisario,AugSynth,2025w04,2025-01-20
114,0.197174955541485,-0.05052976519467696,0.4448796762776469,0.066,no2,M4: AugSynth Centro+Belisario,AugSynth,2025w05,2025-01-27
115,0.3246823576514015,0.07697763691523955,0.5723870783875634,0.046,no2,M4: AugSynth Centro+Belisario,AugSynth,2025w06,2025-02-03
116,0.15018589907378876,-0.20260567288377523,0.427915434444637,0.148,no2,M4: AugSynth Centro+Belisario,AugSynth,2025w07,2025-02-10
117,0.12740482069298764,-0.16533712199520378,0.43515917069852217,0.224,no2,M4: AugSynth Centro+Belisario,AugSynth,2025w08,2025-02-17
118,0.4451947821598994,0.07739080288499223,0.8129987614348065,0.041,no2,M4: AugSynth Centro+Belisario,AugSynth,2025w09,2025-02-24
119,0.39611778628953154,0.02831380701462438,0.7639217655644387,0.045,no2,M4: AugSynth Centro+Belisario,AugSynth,2025w10,2025-03-03
120,0.3381576384562872,-0.029646340818619943,0.7059616177311944,0.08,no2,M4: AugSynth Centro+Belisario,AugSynth,2025w11,2025-03-10
121,0.24666865131270654,-0.12113532796220061,0.6144726305876137,0.067,no2,M4: AugSynth Centro+Belisario,AugSynth,2025w12,2025-03-17
122,0.4130715419956221,0.04526756272071497,0.7808755212705293,0.036,no2,M4: AugSynth Centro+Belisario,AugSynth,2025w13,2025-03-24
123,0.30502849246095565,-0.06277548681395151,0.6728324717358628,0.088,no2,M4: AugSynth Centro+Belisario,AugSynth,2025w14,2025-03-31
124,0.0990835875699303,-0.22368316975294741,0.43686275221015114,0.359,no2,M4: AugSynth Centro+Belisario,AugSynth,2025w15,2025-04-07
125,0.070380845437922,-0.1923362826155831,0.3330979734914271,0.416,no2,M4: AugSynth Centro+Belisario,AugSynth,2025w16,2025-04-14
126,6.389831755519992e-4,-0.3071153668299826,0.2483437039117139,1,no2,M4: AugSynth Centro+Belisario,AugSynth,2025w17,2025-04-21
127,0.1793934521686129,-0.09833608320223536,0.4270981729047748,0.071,no2,M4: AugSynth Centro+Belisario,AugSynth,2025w18,2025-04-28
128,-0.0408928986115642,-0.3036100266650693,0.2218242294419409,0.715,no2,M4: AugSynth Centro+Belisario,AugSynth,2025w19,2025-05-05
129,0.22209666129824646,-0.025608059437915512,0.46980138203440835,0.068,no2,M4: AugSynth Centro+Belisario,AugSynth,2025w20,2025-05-12
130,0.100410160373952,-0.1623069676795531,0.3631272884274571,0.301,no2,M4: AugSynth Centro+Belisario,AugSynth,2025w21,2025-05-19
131,0.1388206861847916,-0.10888403455137037,0.4015378142382967,0.175,no2,M4: AugSynth Centro+Belisario,AugSynth,2025w22,2025-05-26
132,0.07897337428966056,-0.18374375376384455,0.34169050234316567,0.347,no2,M4: AugSynth Centro+Belisario,AugSynth,2025w23,2025-06-02
133,0.23110716732470982,-0.031609960728795294,0.49382429537821493,0.083,no2,M4: AugSynth Centro+Belisario,AugSynth,2025w24,2025-06-09
134,-0.3287871566808729,-0.5764918774170349,-0.08108243594471098,0.038,no2,M4: AugSynth Centro+Belisario,AugSynth,2025w25,2025-06-16
1,6.629337399717272e-4,NA,NA,NA,no2,M5: AugSynth Centro (Bel. dropped),AugSynth,2022w48,2022-11-28
2,0.09579177702575947,NA,NA,NA,no2,M5: AugSynth Centro (Bel. dropped),AugSynth,2022w49,2022-12-05
3,-0.11523943280629068,NA,NA,NA,no2,M5: AugSynth Centro (Bel. dropped),AugSynth,2022w50,2022-12-12
4,0.18081478837294052,NA,NA,NA,no2,M5: AugSynth Centro (Bel. dropped),AugSynth,2022w51,2022-12-19
5,0.028944829714682374,NA,NA,NA,no2,M5: AugSynth Centro (Bel. dropped),AugSynth,2022w52,2022-12-26
6,-0.045740139372764776,NA,NA,NA,no2,M5: AugSynth Centro (Bel. dropped),AugSynth,2023w01,2023-01-02
7,0.04666935802667327,NA,NA,NA,no2,M5: AugSynth Centro (Bel. dropped),AugSynth,2023w02,2023-01-09
8,-0.05026610038176571,NA,NA,NA,no2,M5: AugSynth Centro (Bel. dropped),AugSynth,2023w03,2023-01-16
9,-0.14068337492886007,NA,NA,NA,no2,M5: AugSynth Centro (Bel. dropped),AugSynth,2023w04,2023-01-23
10,0.0585546588150514,NA,NA,NA,no2,M5: AugSynth Centro (Bel. dropped),AugSynth,2023w05,2023-01-30
11,0.0905954858958049,NA,NA,NA,no2,M5: AugSynth Centro (Bel. dropped),AugSynth,2023w06,2023-02-06
12,-0.0029906134489974256,NA,NA,NA,no2,M5: AugSynth Centro (Bel. dropped),AugSynth,2023w07,2023-02-13
13,-0.0532565999142709,NA,NA,NA,no2,M5: AugSynth Centro (Bel. dropped),AugSynth,2023w08,2023-02-20
14,0.010905567904824665,NA,NA,NA,no2,M5: AugSynth Centro (Bel. dropped),AugSynth,2023w09,2023-02-27
15,0.0380007405507814,NA,NA,NA,no2,M5: AugSynth Centro (Bel. dropped),AugSynth,2023w10,2023-03-06
16,-0.0913105256136908,NA,NA,NA,no2,M5: AugSynth Centro (Bel. dropped),AugSynth,2023w11,2023-03-13
17,-0.03683405050082289,NA,NA,NA,no2,M5: AugSynth Centro (Bel. dropped),AugSynth,2023w12,2023-03-20
18,-0.003903451718000106,NA,NA,NA,no2,M5: AugSynth Centro (Bel. dropped),AugSynth,2023w13,2023-03-27
19,-0.028491511401817604,NA,NA,NA,no2,M5: AugSynth Centro (Bel. dropped),AugSynth,2023w14,2023-04-03
20,0.019342308842670963,NA,NA,NA,no2,M5: AugSynth Centro (Bel. dropped),AugSynth,2023w15,2023-04-10
21,-0.03853750751607388,NA,NA,NA,no2,M5: AugSynth Centro (Bel. dropped),AugSynth,2023w16,2023-04-17
22,0.012718773794619498,NA,NA,NA,no2,M5: AugSynth Centro (Bel. dropped),AugSynth,2023w17,2023-04-24
23,-0.14152097408713038,NA,NA,NA,no2,M5: AugSynth Centro (Bel. dropped),AugSynth,2023w18,2023-05-01
24,-0.1931275908533876,NA,NA,NA,no2,M5: AugSynth Centro (Bel. dropped),AugSynth,2023w19,2023-05-08
25,0.11558183903775099,NA,NA,NA,no2,M5: AugSynth Centro (Bel. dropped),AugSynth,2023w20,2023-05-15
26,0.017484673699318165,NA,NA,NA,no2,M5: AugSynth Centro (Bel. dropped),AugSynth,2023w21,2023-05-22
27,-0.06618872583899904,NA,NA,NA,no2,M5: AugSynth Centro (Bel. dropped),AugSynth,2023w22,2023-05-29
28,-0.01658102349153001,NA,NA,NA,no2,M5: AugSynth Centro (Bel. dropped),AugSynth,2023w23,2023-06-05
29,-0.008638765181200103,NA,NA,NA,no2,M5: AugSynth Centro (Bel. dropped),AugSynth,2023w24,2023-06-12
30,0.14231291675088453,NA,NA,NA,no2,M5: AugSynth Centro (Bel. dropped),AugSynth,2023w25,2023-06-19
31,0.017119934802634962,NA,NA,NA,no2,M5: AugSynth Centro (Bel. dropped),AugSynth,2023w26,2023-06-26
32,0.2076575595334238,NA,NA,NA,no2,M5: AugSynth Centro (Bel. dropped),AugSynth,2023w27,2023-07-03
33,0.054391726713721944,NA,NA,NA,no2,M5: AugSynth Centro (Bel. dropped),AugSynth,2023w28,2023-07-10
34,-0.1556624467979968,NA,NA,NA,no2,M5: AugSynth Centro (Bel. dropped),AugSynth,2023w29,2023-07-17
35,0.07919921939903407,NA,NA,NA,no2,M5: AugSynth Centro (Bel. dropped),AugSynth,2023w30,2023-07-24
36,-0.01748350668434906,NA,NA,NA,no2,M5: AugSynth Centro (Bel. dropped),AugSynth,2023w31,2023-07-31
37,-0.23172131648538796,NA,NA,NA,no2,M5: AugSynth Centro (Bel. dropped),AugSynth,2023w32,2023-08-07
38,0.36745907012466716,NA,NA,NA,no2,M5: AugSynth Centro (Bel. dropped),AugSynth,2023w33,2023-08-14
39,0.27174911656716505,NA,NA,NA,no2,M5: AugSynth Centro (Bel. dropped),AugSynth,2023w34,2023-08-21
40,0.08164948765066127,NA,NA,NA,no2,M5: AugSynth Centro (Bel. dropped),AugSynth,2023w35,2023-08-28
41,0.010516291994334015,NA,NA,NA,no2,M5: AugSynth Centro (Bel. dropped),AugSynth,2023w36,2023-09-04
42,-0.11422225289817778,NA,NA,NA,no2,M5: AugSynth Centro (Bel. dropped),AugSynth,2023w37,2023-09-11
43,-0.14280192721956197,NA,NA,NA,no2,M5: AugSynth Centro (Bel. dropped),AugSynth,2023w38,2023-09-18
44,-0.00432732887120002,NA,NA,NA,no2,M5: AugSynth Centro (Bel. dropped),AugSynth,2023w39,2023-09-25
45,-0.03405555717249431,NA,NA,NA,no2,M5: AugSynth Centro (Bel. dropped),AugSynth,2023w40,2023-10-02
46,0.04730564730620612,NA,NA,NA,no2,M5: AugSynth Centro (Bel. dropped),AugSynth,2023w41,2023-10-09
47,0.1180607388398367,NA,NA,NA,no2,M5: AugSynth Centro (Bel. dropped),AugSynth,2023w42,2023-10-16
48,-0.004273258364980936,NA,NA,NA,no2,M5: AugSynth Centro (Bel. dropped),AugSynth,2023w43,2023-10-23
49,-0.04322872698489233,NA,NA,NA,no2,M5: AugSynth Centro (Bel. dropped),AugSynth,2023w44,2023-10-30
50,0.04112445735685144,NA,NA,NA,no2,M5: AugSynth Centro (Bel. dropped),AugSynth,2023w45,2023-11-06
51,0.2284030212507524,NA,NA,NA,no2,M5: AugSynth Centro (Bel. dropped),AugSynth,2023w46,2023-11-13
52,-0.024841490964352175,NA,NA,NA,no2,M5: AugSynth Centro (Bel. dropped),AugSynth,2023w47,2023-11-20
53,0.054144346563514745,-0.2132669586695255,0.3360103169442869,0.506,no2,M5: AugSynth Centro (Bel. dropped),AugSynth,2023w48,2023-11-27
54,0.031094735697986042,-0.2363165695350542,0.3129607060787582,0.692,no2,M5: AugSynth Centro (Bel. dropped),AugSynth,2023w49,2023-12-04
55,0.1571208732857845,-0.11029043194725575,0.48235083910975224,0.179,no2,M5: AugSynth Centro (Bel. dropped),AugSynth,2023w50,2023-12-11
56,0.13125539202296155,-0.1361559132100787,0.44203069269919754,0.255,no2,M5: AugSynth Centro (Bel. dropped),AugSynth,2023w51,2023-12-18
57,0.22079107143600618,-0.061074898944765976,0.5026570418167782,0.091,no2,M5: AugSynth Centro (Bel. dropped),AugSynth,2023w52,2023-12-25
58,0.26703815436321365,0,0.5489041247439856,0.053,no2,M5: AugSynth Centro (Bel. dropped),AugSynth,2024w01,2024-01-01
59,0.0781074976706666,-0.20375847271010555,0.3744281331991706,0.395,no2,M5: AugSynth Centro (Bel. dropped),AugSynth,2024w02,2024-01-08
60,0.004221170151934128,-0.2631901350811061,0.2860871405327063,0.959,no2,M5: AugSynth Centro (Bel. dropped),AugSynth,2024w03,2024-01-15
61,0.03159713544551135,-0.2358141697875289,0.3134631058262835,0.682,no2,M5: AugSynth Centro (Bel. dropped),AugSynth,2024w04,2024-01-22
62,0.06518563047443271,-0.20222567475860753,0.34705160085520487,0.459,no2,M5: AugSynth Centro (Bel. dropped),AugSynth,2024w05,2024-01-29
63,0.03135386432947884,-0.2360574409035614,0.313219834710251,0.685,no2,M5: AugSynth Centro (Bel. dropped),AugSynth,2024w06,2024-02-05
64,-0.05544021164930113,-0.4095795077687328,0.22642575873147103,0.481,no2,M5: AugSynth Centro (Bel. dropped),AugSynth,2024w07,2024-02-12
65,-0.07708228498198455,-0.3589482553627567,0.19032902025105564,0.422,no2,M5: AugSynth Centro (Bel. dropped),AugSynth,2024w08,2024-02-19
66,0.10060630004307303,-0.16680500518996721,0.3824722704238452,0.331,no2,M5: AugSynth Centro (Bel. dropped),AugSynth,2024w09,2024-02-26
67,0.03696941545636534,-0.2304418897766749,0.3043807206894055,0.703,no2,M5: AugSynth Centro (Bel. dropped),AugSynth,2024w10,2024-03-04
68,-0.009991796197519776,-0.36413109231695145,0.2574195090355204,0.899,no2,M5: AugSynth Centro (Bel. dropped),AugSynth,2024w11,2024-03-11
69,0.13972431373316718,-0.12768699149987306,0.42159028411393934,0.256,no2,M5: AugSynth Centro (Bel. dropped),AugSynth,2024w12,2024-03-18
70,0.25868425890777624,-0.008727046325264012,0.5260955641408165,0.069,no2,M5: AugSynth Centro (Bel. dropped),AugSynth,2024w13,2024-03-25
71,0.09219550220816108,-0.18967046817261107,0.3885161377366651,0.371,no2,M5: AugSynth Centro (Bel. dropped),AugSynth,2024w14,2024-04-01
72,0.12818090917929315,-0.1392303960537471,0.38113754926460147,0.25,no2,M5: AugSynth Centro (Bel. dropped),AugSynth,2024w15,2024-04-08
73,0.008141962798170699,-0.25926934243486954,0.29000793317894286,0.896,no2,M5: AugSynth Centro (Bel. dropped),AugSynth,2024w16,2024-04-15
74,0.12060476599406167,-0.14680653923897857,0.38801607122710186,0.289,no2,M5: AugSynth Centro (Bel. dropped),AugSynth,2024w17,2024-04-22
75,0.22055049518014647,-0.06131547520062569,0.5024164655609185,0.097,no2,M5: AugSynth Centro (Bel. dropped),AugSynth,2024w18,2024-04-29
76,0.1955405327236175,-0.11523476795261847,0.47740650310438953,0.125,no2,M5: AugSynth Centro (Bel. dropped),AugSynth,2024w19,2024-05-06
77,0.056218399790130213,-0.21119290544291003,0.33808437017090237,0.476,no2,M5: AugSynth Centro (Bel. dropped),AugSynth,2024w20,2024-05-13
78,0.17040377171585464,-0.11146219866491752,0.4378150769488948,0.146,no2,M5: AugSynth Centro (Bel. dropped),AugSynth,2024w21,2024-05-20
79,0.2082917705950651,-0.05911953463797516,0.4612484106803733,0.105,no2,M5: AugSynth Centro (Bel. dropped),AugSynth,2024w22,2024-05-27
80,0.1837557711205755,-0.09811019926019665,0.4800764066490795,0.167,no2,M5: AugSynth Centro (Bel. dropped),AugSynth,2024w23,2024-06-03
81,0.25673254518914757,-0.025133425191624592,0.5385985155699196,0.047,no2,M5: AugSynth Centro (Bel. dropped),AugSynth,2024w24,2024-06-10
82,0.17792465905849042,-0.08948664617454984,0.4453359642915306,0.15,no2,M5: AugSynth Centro (Bel. dropped),AugSynth,2024w25,2024-06-17
83,0.128227570891982,-0.15363839948879016,0.41009354127275416,0.272,no2,M5: AugSynth Centro (Bel. dropped),AugSynth,2024w26,2024-06-24
84,0.0828881990773267,-0.19897777130344546,0.36475416945809885,0.399,no2,M5: AugSynth Centro (Bel. dropped),AugSynth,2024w27,2024-07-01
85,0.03826554878137545,-0.2291457564516648,0.33458618430987946,0.644,no2,M5: AugSynth Centro (Bel. dropped),AugSynth,2024w28,2024-07-08
86,-0.03397260911368427,-0.31583857949445643,0.26234802641481975,0.699,no2,M5: AugSynth Centro (Bel. dropped),AugSynth,2024w29,2024-07-15
87,0.1942190505504895,-0.14546558042121027,0.47608502093126154,0.13,no2,M5: AugSynth Centro (Bel. dropped),AugSynth,2024w30,2024-07-22
88,0.35228001832013467,0.027050052496166797,0.6052366584054429,0.032,no2,M5: AugSynth Centro (Bel. dropped),AugSynth,2024w31,2024-07-29
89,0.18550283587272576,-0.0674538042125826,0.45291414110576594,0.135,no2,M5: AugSynth Centro (Bel. dropped),AugSynth,2024w32,2024-08-05
90,0.07904079009711173,-0.1883705151359285,0.3609067604778839,0.415,no2,M5: AugSynth Centro (Bel. dropped),AugSynth,2024w33,2024-08-12
91,0.06508665265440738,-0.18786998743090094,0.3614072881829114,0.44,no2,M5: AugSynth Centro (Bel. dropped),AugSynth,2024w34,2024-08-19
92,0.1752764838436467,-0.10658948653712547,0.45714245422441874,0.167,no2,M5: AugSynth Centro (Bel. dropped),AugSynth,2024w35,2024-08-26
93,-0.09290259378945853,-0.34585923387476686,0.18896337659131363,0.334,no2,M5: AugSynth Centro (Bel. dropped),AugSynth,2024w36,2024-09-02
94,0.05239657698980826,-0.2294693933909639,0.3487172125183123,0.524,no2,M5: AugSynth Centro (Bel. dropped),AugSynth,2024w37,2024-09-09
95,-0.012089041655495958,-0.3517736726271957,0.2697769287252762,0.839,no2,M5: AugSynth Centro (Bel. dropped),AugSynth,2024w38,2024-09-16
96,-0.1903812813339396,-0.4722472517147117,0.09148468904683249,0.153,no2,M5: AugSynth Centro (Bel. dropped),AugSynth,2024w39,2024-09-23
97,0.046637961310741716,-0.19186401362683472,0.3140492665437819,0.531,no2,M5: AugSynth Centro (Bel. dropped),AugSynth,2024w40,2024-09-30
98,-0.0033313469845897004,-0.27074265221762994,0.350807949134842,0.957,no2,M5: AugSynth Centro (Bel. dropped),AugSynth,2024w41,2024-10-07
99,0.032911006892495376,-0.2634096286360087,0.3292316424209994,0.692,no2,M5: AugSynth Centro (Bel. dropped),AugSynth,2024w42,2024-10-14
100,-0.06624689284118546,-0.3336581980742257,0.20116441239185473,0.427,no2,M5: AugSynth Centro (Bel. dropped),AugSynth,2024w43,2024-10-21
101,-0.037963793285835656,-0.3776484242575354,0.2439021770949365,0.682,no2,M5: AugSynth Centro (Bel. dropped),AugSynth,2024w44,2024-10-28
102,-0.0615476684319205,-0.4156869645513522,0.2781369625397793,0.439,no2,M5: AugSynth Centro (Bel. dropped),AugSynth,2024w45,2024-11-04
103,-0.04680599521985851,-0.31421730045289875,0.2495146403086455,0.552,no2,M5: AugSynth Centro (Bel. dropped),AugSynth,2024w46,2024-11-11
104,0.05768320999052534,-0.2097280952425149,0.2961851849281018,0.447,no2,M5: AugSynth Centro (Bel. dropped),AugSynth,2024w47,2024-11-18
105,0.09312421292921469,-0.18874175745155747,0.37499018330998685,0.378,no2,M5: AugSynth Centro (Bel. dropped),AugSynth,2024w48,2024-11-25
106,0.15573029574264652,-0.11168100949039374,0.4231416009756867,0.162,no2,M5: AugSynth Centro (Bel. dropped),AugSynth,2024w49,2024-12-02
107,0.16771595769123504,-0.09969534754180522,0.4495819280720071,0.158,no2,M5: AugSynth Centro (Bel. dropped),AugSynth,2024w50,2024-12-09
108,0.024346844588225558,-0.24306446064481468,0.29175814982126574,0.732,no2,M5: AugSynth Centro (Bel. dropped),AugSynth,2024w51,2024-12-16
109,0.13183490135062614,-0.1355764038824141,0.4137008717313983,0.257,no2,M5: AugSynth Centro (Bel. dropped),AugSynth,2024w52,2024-12-23
110,0.25026017798426636,-0.0460604575442377,0.589944808955966,0.09,no2,M5: AugSynth Centro (Bel. dropped),AugSynth,2025w01,2024-12-30
111,0.022045291010121648,-0.2598206793706505,0.28945659624316183,0.736,no2,M5: AugSynth Centro (Bel. dropped),AugSynth,2025w02,2025-01-06
112,0.10820202934544776,-0.15920927588759248,0.37561333457848795,0.327,no2,M5: AugSynth Centro (Bel. dropped),AugSynth,2025w03,2025-01-13
113,0.04130730164382346,-0.2405586687369487,0.3231732720245956,0.613,no2,M5: AugSynth Centro (Bel. dropped),AugSynth,2025w04,2025-01-20
114,0.20050820759790478,-0.05244843248740358,0.46791951283094496,0.118,no2,M5: AugSynth Centro (Bel. dropped),AugSynth,2025w05,2025-01-27
115,0.32660711082540406,0.0591958055923638,0.5940184160584443,0.045,no2,M5: AugSynth Centro (Bel. dropped),AugSynth,2025w06,2025-02-03
116,0.1393106189327047,-0.15701001659579938,0.4356312544612087,0.247,no2,M5: AugSynth Centro (Bel. dropped),AugSynth,2025w07,2025-02-10
117,0.12229007325568597,-0.18848522742055,0.43306537393192196,0.317,no2,M5: AugSynth Centro (Bel. dropped),AugSynth,2025w08,2025-02-17
118,0.4378383579022409,0.08369906178280923,0.7919776540216725,0.034,no2,M5: AugSynth Centro (Bel. dropped),AugSynth,2025w09,2025-02-24
119,0.35613201690134044,0,0.7102713130207721,0.071,no2,M5: AugSynth Centro (Bel. dropped),AugSynth,2025w10,2025-03-03
120,0.27742050786619155,-0.07671878825324013,0.6315598039856232,0.122,no2,M5: AugSynth Centro (Bel. dropped),AugSynth,2025w11,2025-03-10
121,0.18480420155199706,-0.16933509456743462,0.5389434976714287,0.227,no2,M5: AugSynth Centro (Bel. dropped),AugSynth,2025w12,2025-03-17
122,0.3881568785299345,0,0.7422961746493661,0.055,no2,M5: AugSynth Centro (Bel. dropped),AugSynth,2025w13,2025-03-24
123,0.24516755997018436,-0.10897173614924732,0.599306856089616,0.157,no2,M5: AugSynth Centro (Bel. dropped),AugSynth,2025w14,2025-03-31
124,0.05933634458753545,-0.2803482863841643,0.41347564070696713,0.476,no2,M5: AugSynth Centro (Bel. dropped),AugSynth,2025w15,2025-04-07
125,-0.018047354504722612,-0.29991332488549477,0.26381861587604954,0.834,no2,M5: AugSynth Centro (Bel. dropped),AugSynth,2025w16,2025-04-14
126,-0.09172400921818147,-0.3735899795989536,0.1901419611625907,0.389,no2,M5: AugSynth Centro (Bel. dropped),AugSynth,2025w17,2025-04-21
127,0.09429493579194226,-0.17311636944109798,0.36170624102498244,0.363,no2,M5: AugSynth Centro (Bel. dropped),AugSynth,2025w18,2025-04-28
128,-0.10663293577089217,-0.3884989061516643,0.17523303460988,0.338,no2,M5: AugSynth Centro (Bel. dropped),AugSynth,2025w19,2025-05-05
129,0.1537520247350912,-0.12811394564568096,0.43561799511586324,0.196,no2,M5: AugSynth Centro (Bel. dropped),AugSynth,2025w20,2025-05-12
130,0.002837628514809065,-0.2790283418659631,0.2847035988955812,0.974,no2,M5: AugSynth Centro (Bel. dropped),AugSynth,2025w21,2025-05-19
131,0.07131685171621704,-0.1960944535168232,0.3531828220969892,0.43,no2,M5: AugSynth Centro (Bel. dropped),AugSynth,2025w22,2025-05-26
132,0.01593597818285053,-0.2659299921979216,0.3411659440068184,0.838,no2,M5: AugSynth Centro (Bel. dropped),AugSynth,2025w23,2025-06-02
133,0.13224700379468057,-0.14961896658609158,0.41411297417545273,0.214,no2,M5: AugSynth Centro (Bel. dropped),AugSynth,2025w24,2025-06-09
134,-0.7527549184422857,-1.005711558527594,-0.4708889480615136,0.015,no2,M5: AugSynth Centro (Bel. dropped),AugSynth,2025w25,2025-06-16
1,-0.04999324132155181,NA,NA,NA,no2,M5b: AugSynth Centro (Bel. in pool),AugSynth,2022w48,2022-11-28
2,0.20671844957728513,NA,NA,NA,no2,M5b: AugSynth Centro (Bel. in pool),AugSynth,2022w49,2022-12-05
3,-0.07228663856703221,NA,NA,NA,no2,M5b: AugSynth Centro (Bel. in pool),AugSynth,2022w50,2022-12-12
4,0.0817062070916279,NA,NA,NA,no2,M5b: AugSynth Centro (Bel. in pool),AugSynth,2022w51,2022-12-19
5,0.1546331036286741,NA,NA,NA,no2,M5b: AugSynth Centro (Bel. in pool),AugSynth,2022w52,2022-12-26
6,0.11097735048954416,NA,NA,NA,no2,M5b: AugSynth Centro (Bel. in pool),AugSynth,2023w01,2023-01-02
7,0.06891667789306188,NA,NA,NA,no2,M5b: AugSynth Centro (Bel. in pool),AugSynth,2023w02,2023-01-09
8,-0.019761906540219698,NA,NA,NA,no2,M5b: AugSynth Centro (Bel. in pool),AugSynth,2023w03,2023-01-16
9,-0.05198225873260087,NA,NA,NA,no2,M5b: AugSynth Centro (Bel. in pool),AugSynth,2023w04,2023-01-23
10,0.008752502252381777,NA,NA,NA,no2,M5b: AugSynth Centro (Bel. in pool),AugSynth,2023w05,2023-01-30
11,0.1536881273929307,NA,NA,NA,no2,M5b: AugSynth Centro (Bel. in pool),AugSynth,2023w06,2023-02-06
12,-0.005271369904259249,NA,NA,NA,no2,M5b: AugSynth Centro (Bel. in pool),AugSynth,2023w07,2023-02-13
13,0.011639023782826552,NA,NA,NA,no2,M5b: AugSynth Centro (Bel. in pool),AugSynth,2023w08,2023-02-20
14,-0.024878762840252477,NA,NA,NA,no2,M5b: AugSynth Centro (Bel. in pool),AugSynth,2023w09,2023-02-27
15,-0.006673280369609014,NA,NA,NA,no2,M5b: AugSynth Centro (Bel. in pool),AugSynth,2023w10,2023-03-06
16,-0.021225252733870548,NA,NA,NA,no2,M5b: AugSynth Centro (Bel. in pool),AugSynth,2023w11,2023-03-13
17,-0.03716620283426142,NA,NA,NA,no2,M5b: AugSynth Centro (Bel. in pool),AugSynth,2023w12,2023-03-20
18,0.004485107502306018,NA,NA,NA,no2,M5b: AugSynth Centro (Bel. in pool),AugSynth,2023w13,2023-03-27
19,0.005718526240492849,NA,NA,NA,no2,M5b: AugSynth Centro (Bel. in pool),AugSynth,2023w14,2023-04-03
20,0.0041082149554534375,NA,NA,NA,no2,M5b: AugSynth Centro (Bel. in pool),AugSynth,2023w15,2023-04-10
21,-0.1272704565986844,NA,NA,NA,no2,M5b: AugSynth Centro (Bel. in pool),AugSynth,2023w16,2023-04-17
22,-0.01495281277121796,NA,NA,NA,no2,M5b: AugSynth Centro (Bel. in pool),AugSynth,2023w17,2023-04-24
23,-0.11029976721902246,NA,NA,NA,no2,M5b: AugSynth Centro (Bel. in pool),AugSynth,2023w18,2023-05-01
24,-0.08632907837533788,NA,NA,NA,no2,M5b: AugSynth Centro (Bel. in pool),AugSynth,2023w19,2023-05-08
25,0.05152620275408237,NA,NA,NA,no2,M5b: AugSynth Centro (Bel. in pool),AugSynth,2023w20,2023-05-15
26,-0.005723596625489602,NA,NA,NA,no2,M5b: AugSynth Centro (Bel. in pool),AugSynth,2023w21,2023-05-22
27,0.02972547936930603,NA,NA,NA,no2,M5b: AugSynth Centro (Bel. in pool),AugSynth,2023w22,2023-05-29
28,0.06839681036570289,NA,NA,NA,no2,M5b: AugSynth Centro (Bel. in pool),AugSynth,2023w23,2023-06-05
29,0.15210160241600112,NA,NA,NA,no2,M5b: AugSynth Centro (Bel. in pool),AugSynth,2023w24,2023-06-12
30,0.19835465727246993,NA,NA,NA,no2,M5b: AugSynth Centro (Bel. in pool),AugSynth,2023w25,2023-06-19
31,0.12676946306342352,NA,NA,NA,no2,M5b: AugSynth Centro (Bel. in pool),AugSynth,2023w26,2023-06-26
32,0.2398462040074243,NA,NA,NA,no2,M5b: AugSynth Centro (Bel. in pool),AugSynth,2023w27,2023-07-03
33,0.08517062639705086,NA,NA,NA,no2,M5b: AugSynth Centro (Bel. in pool),AugSynth,2023w28,2023-07-10
34,-0.06929148815748887,NA,NA,NA,no2,M5b: AugSynth Centro (Bel. in pool),AugSynth,2023w29,2023-07-17
35,0.05794487656548508,NA,NA,NA,no2,M5b: AugSynth Centro (Bel. in pool),AugSynth,2023w30,2023-07-24
36,-0.0789979203514446,NA,NA,NA,no2,M5b: AugSynth Centro (Bel. in pool),AugSynth,2023w31,2023-07-31
37,-0.14778480963345375,NA,NA,NA,no2,M5b: AugSynth Centro (Bel. in pool),AugSynth,2023w32,2023-08-07
38,0.09124211024905327,NA,NA,NA,no2,M5b: AugSynth Centro (Bel. in pool),AugSynth,2023w33,2023-08-14
39,0.08369148390902348,NA,NA,NA,no2,M5b: AugSynth Centro (Bel. in pool),AugSynth,2023w34,2023-08-21
40,-0.08583431381789142,NA,NA,NA,no2,M5b: AugSynth Centro (Bel. in pool),AugSynth,2023w35,2023-08-28
41,-0.12230764583270126,NA,NA,NA,no2,M5b: AugSynth Centro (Bel. in pool),AugSynth,2023w36,2023-09-04
42,-0.14403434725776787,NA,NA,NA,no2,M5b: AugSynth Centro (Bel. in pool),AugSynth,2023w37,2023-09-11
43,-0.056273702001628845,NA,NA,NA,no2,M5b: AugSynth Centro (Bel. in pool),AugSynth,2023w38,2023-09-18
44,-0.10661029471412053,NA,NA,NA,no2,M5b: AugSynth Centro (Bel. in pool),AugSynth,2023w39,2023-09-25
45,-0.04356854990719672,NA,NA,NA,no2,M5b: AugSynth Centro (Bel. in pool),AugSynth,2023w40,2023-10-02
46,0.0181036723742789,NA,NA,NA,no2,M5b: AugSynth Centro (Bel. in pool),AugSynth,2023w41,2023-10-09
47,0.12325633743177944,NA,NA,NA,no2,M5b: AugSynth Centro (Bel. in pool),AugSynth,2023w42,2023-10-16
48,-0.04432470670326172,NA,NA,NA,no2,M5b: AugSynth Centro (Bel. in pool),AugSynth,2023w43,2023-10-23
49,-0.04553609848314988,NA,NA,NA,no2,M5b: AugSynth Centro (Bel. in pool),AugSynth,2023w44,2023-10-30
50,0.005855827572283978,NA,NA,NA,no2,M5b: AugSynth Centro (Bel. in pool),AugSynth,2023w45,2023-11-06
51,0.05744237679243813,NA,NA,NA,no2,M5b: AugSynth Centro (Bel. in pool),AugSynth,2023w46,2023-11-13
52,-0.19378434277769907,NA,NA,NA,no2,M5b: AugSynth Centro (Bel. in pool),AugSynth,2023w47,2023-11-20
53,-0.016736180589273175,-0.21808801209746947,0.18461565091892312,0.818,no2,M5b: AugSynth Centro (Bel. in pool),AugSynth,2023w48,2023-11-27
54,-0.14437791758337637,-0.3566136318757995,0.06785779670904674,0.194,no2,M5b: AugSynth Centro (Bel. in pool),AugSynth,2023w49,2023-12-04
55,0.11948057018684555,-0.09275514410557756,0.32083240169504185,0.252,no2,M5b: AugSynth Centro (Bel. in pool),AugSynth,2023w50,2023-12-11
56,0.07010909033910107,-0.13124274116909523,0.27146092184729737,0.523,no2,M5b: AugSynth Centro (Bel. in pool),AugSynth,2023w51,2023-12-18
57,0.036706064647517245,-0.1864135324291327,0.24894177893994035,0.71,no2,M5b: AugSynth Centro (Bel. in pool),AugSynth,2023w52,2023-12-25
58,0.02760903805452708,-0.22816220737480333,0.23984475234695019,0.756,no2,M5b: AugSynth Centro (Bel. in pool),AugSynth,2024w01,2024-01-01
59,-0.028545946573945713,-0.24078166086636882,0.1836897677184774,0.755,no2,M5b: AugSynth Centro (Bel. in pool),AugSynth,2024w02,2024-01-08
60,-0.008826843783714011,-0.2101786752919103,0.1925249877244823,0.867,no2,M5b: AugSynth Centro (Bel. in pool),AugSynth,2024w03,2024-01-15
61,-0.07778671329366427,-0.2900224275860874,0.12356511821453203,0.437,no2,M5b: AugSynth Centro (Bel. in pool),AugSynth,2024w04,2024-01-22
62,-0.10726130735504347,-0.33038090443169343,0.10497440693737964,0.336,no2,M5b: AugSynth Centro (Bel. in pool),AugSynth,2024w05,2024-01-29
63,-0.0575431258418444,-0.2588949573500407,0.1438087056663519,0.572,no2,M5b: AugSynth Centro (Bel. in pool),AugSynth,2024w06,2024-02-05
64,-0.1803054700178488,-0.3816573015260451,0.031930244274574304,0.088,no2,M5b: AugSynth Centro (Bel. in pool),AugSynth,2024w07,2024-02-12
65,-0.185767327667409,-0.3871191591756053,0.026468386625014106,0.092,no2,M5b: AugSynth Centro (Bel. in pool),AugSynth,2024w08,2024-02-19
66,-0.04977456464308938,-0.2620102789355125,0.16246114964933372,0.657,no2,M5b: AugSynth Centro (Bel. in pool),AugSynth,2024w09,2024-02-26
67,-0.04067501264036455,-0.25291072693278766,0.17156070165205856,0.719,no2,M5b: AugSynth Centro (Bel. in pool),AugSynth,2024w10,2024-03-04
68,-0.15605490087713214,-0.36829061516955525,0.056180813415290964,0.13,no2,M5b: AugSynth Centro (Bel. in pool),AugSynth,2024w11,2024-03-11
69,-0.04218127670626526,-0.2653008737829152,0.17005443758615785,0.707,no2,M5b: AugSynth Centro (Bel. in pool),AugSynth,2024w12,2024-03-18
70,0.007024255868355311,-0.22697922399252146,0.24102773572923214,0.965,no2,M5b: AugSynth Centro (Bel. in pool),AugSynth,2024w13,2024-03-25
71,-0.1130166371660799,-0.33613623424272987,0.0992190771263432,0.307,no2,M5b: AugSynth Centro (Bel. in pool),AugSynth,2024w14,2024-04-01
72,0.04710028147068135,-0.15425155003751495,0.24845211297887765,0.691,no2,M5b: AugSynth Centro (Bel. in pool),AugSynth,2024w15,2024-04-08
73,-0.10275332634025558,-0.3149890406326787,0.09859850516794072,0.343,no2,M5b: AugSynth Centro (Bel. in pool),AugSynth,2024w16,2024-04-15
74,-0.11318679864037318,-0.3254225129327963,0.10993279843627679,0.299,no2,M5b: AugSynth Centro (Bel. in pool),AugSynth,2024w17,2024-04-22
75,-0.0021910407550209676,-0.2253106378316709,0.21004467353740214,1,no2,M5b: AugSynth Centro (Bel. in pool),AugSynth,2024w18,2024-04-29
76,0.07563208546317934,-0.13660362882924376,0.27698391697137564,0.478,no2,M5b: AugSynth Centro (Bel. in pool),AugSynth,2024w19,2024-05-06
77,-0.08968249943121975,-0.30191821372364286,0.12255321486120335,0.393,no2,M5b: AugSynth Centro (Bel. in pool),AugSynth,2024w20,2024-05-13
78,0.02284415942540141,-0.1785076720827949,0.23507987371782452,0.759,no2,M5b: AugSynth Centro (Bel. in pool),AugSynth,2024w21,2024-05-20
79,0.015620964228189482,-0.19661475006423362,0.21697279573638578,0.829,no2,M5b: AugSynth Centro (Bel. in pool),AugSynth,2024w22,2024-05-27
80,-0.11151631857586075,-0.3346359156525107,0.10071939571656235,0.307,no2,M5b: AugSynth Centro (Bel. in pool),AugSynth,2024w23,2024-06-03
81,-0.11742799854637909,-0.3731992439757095,0.11657548131449774,0.317,no2,M5b: AugSynth Centro (Bel. in pool),AugSynth,2024w24,2024-06-10
82,-0.019043166235084286,-0.2312788805275074,0.23672807919424615,0.764,no2,M5b: AugSynth Centro (Bel. in pool),AugSynth,2024w25,2024-06-17
83,-0.08494922404488614,-0.3080688211215361,0.12728649024753697,0.443,no2,M5b: AugSynth Centro (Bel. in pool),AugSynth,2024w26,2024-06-24
84,-0.08960489796681603,-0.312724495043466,0.12263081632560707,0.395,no2,M5b: AugSynth Centro (Bel. in pool),AugSynth,2024w27,2024-07-01
85,-0.02734017810505973,-0.22869200961325603,0.17401165340313657,0.731,no2,M5b: AugSynth Centro (Bel. in pool),AugSynth,2024w28,2024-07-08
86,-0.10735323065154123,-0.30870506215973753,0.10488248364088187,0.3,no2,M5b: AugSynth Centro (Bel. in pool),AugSynth,2024w29,2024-07-15
87,-0.006897783778330613,-0.23001738085498055,0.2053379305140925,0.878,no2,M5b: AugSynth Centro (Bel. in pool),AugSynth,2024w30,2024-07-22
88,0.03325963751585359,-0.20074384234502318,0.2672631173767304,0.721,no2,M5b: AugSynth Centro (Bel. in pool),AugSynth,2024w31,2024-07-29
89,0.024259065365787258,-0.18797664892663585,0.22561089687398356,0.762,no2,M5b: AugSynth Centro (Bel. in pool),AugSynth,2024w32,2024-08-05
90,-0.008535901257315182,-0.20988773276551148,0.19281593025088112,0.868,no2,M5b: AugSynth Centro (Bel. in pool),AugSynth,2024w33,2024-08-12
91,-0.07655736698667548,-0.2887930812790986,0.12479446452152082,0.456,no2,M5b: AugSynth Centro (Bel. in pool),AugSynth,2024w34,2024-08-19
92,0.00798972657309438,-0.20424598771932873,0.20934155808129068,0.868,no2,M5b: AugSynth Centro (Bel. in pool),AugSynth,2024w35,2024-08-26
93,-0.17359831857223895,-0.37495015008043525,0.027753512935957347,0.096,no2,M5b: AugSynth Centro (Bel. in pool),AugSynth,2024w36,2024-09-02
94,-0.11356935180494876,-0.3366889488815987,0.09866636248747435,0.306,no2,M5b: AugSynth Centro (Bel. in pool),AugSynth,2024w37,2024-09-09
95,-0.045067531231449465,-0.24641936273964576,0.15628430027674683,0.66,no2,M5b: AugSynth Centro (Bel. in pool),AugSynth,2024w38,2024-09-16
96,-0.16563226077621218,-0.3778679750686353,0.046603453516210924,0.083,no2,M5b: AugSynth Centro (Bel. in pool),AugSynth,2024w39,2024-09-23
97,-0.04687526492492289,-0.26999486200157286,0.1544765665832734,0.647,no2,M5b: AugSynth Centro (Bel. in pool),AugSynth,2024w40,2024-09-30
98,-0.07592231552523687,-0.28815802981766,0.15808116433563996,0.428,no2,M5b: AugSynth Centro (Bel. in pool),AugSynth,2024w41,2024-10-07
99,-0.12703760260121966,-0.33927331689364276,0.08519811169120345,0.24,no2,M5b: AugSynth Centro (Bel. in pool),AugSynth,2024w42,2024-10-14
100,-0.18733389986873128,-0.3995696141611544,0.01401793163946502,0.085,no2,M5b: AugSynth Centro (Bel. in pool),AugSynth,2024w43,2024-10-21
101,-0.11392613229024517,-0.3261618465826683,0.08742569921795112,0.303,no2,M5b: AugSynth Centro (Bel. in pool),AugSynth,2024w44,2024-10-28
102,-0.05633660835199805,-0.25768843986019435,0.14501522315619825,0.616,no2,M5b: AugSynth Centro (Bel. in pool),AugSynth,2024w45,2024-11-04
103,-6.249132716962258e-4,-0.20197674477989253,0.21161080102072688,1,no2,M5b: AugSynth Centro (Bel. in pool),AugSynth,2024w46,2024-11-11
104,-0.13789823423348313,-0.35013394852590624,0.06345359727471317,0.178,no2,M5b: AugSynth Centro (Bel. in pool),AugSynth,2024w47,2024-11-18
105,-0.15110340440344983,-0.36333911869587293,0.06113230988897328,0.171,no2,M5b: AugSynth Centro (Bel. in pool),AugSynth,2024w48,2024-11-25
106,0.007795819268062942,-0.20443989502436016,0.24179929912893977,0.864,no2,M5b: AugSynth Centro (Bel. in pool),AugSynth,2024w49,2024-12-02
107,-0.036556849294369975,-0.24879256358679308,0.16479498221382632,0.724,no2,M5b: AugSynth Centro (Bel. in pool),AugSynth,2024w50,2024-12-09
108,-0.1317243710577185,-0.3330762025659148,0.0696274604504778,0.203,no2,M5b: AugSynth Centro (Bel. in pool),AugSynth,2024w51,2024-12-16
109,-0.012581405446055793,-0.2574687680911594,0.1887704260621405,0.817,no2,M5b: AugSynth Centro (Bel. in pool),AugSynth,2024w52,2024-12-23
110,0.0024547836766402042,-0.22066481340000973,0.2146904979690633,1,no2,M5b: AugSynth Centro (Bel. in pool),AugSynth,2025w01,2024-12-30
111,-0.14023483881986554,-0.35247055311228864,0.07200087547255757,0.172,no2,M5b: AugSynth Centro (Bel. in pool),AugSynth,2025w02,2025-01-06
112,-0.09234400643565932,-0.3045797207280824,0.11989170785676379,0.34,no2,M5b: AugSynth Centro (Bel. in pool),AugSynth,2025w03,2025-01-13
113,-0.05544677610985449,-0.2567986076180508,0.1459050553983418,0.582,no2,M5b: AugSynth Centro (Bel. in pool),AugSynth,2025w04,2025-01-20
114,0.03069788623649794,-0.17065394527169836,0.23204971774469424,0.728,no2,M5b: AugSynth Centro (Bel. in pool),AugSynth,2025w05,2025-01-27
115,0.056264148137485925,-0.16685544893916401,0.26849986242990903,0.596,no2,M5b: AugSynth Centro (Bel. in pool),AugSynth,2025w06,2025-02-03
116,-0.014850251145221982,-0.2270859654376451,0.19738546314720112,0.819,no2,M5b: AugSynth Centro (Bel. in pool),AugSynth,2025w07,2025-02-10
117,-7.33553626789174e-4,-0.21296926791921228,0.21150216066563393,1,no2,M5b: AugSynth Centro (Bel. in pool),AugSynth,2025w08,2025-02-17
118,0.03562337261443593,-0.19838010724644084,0.26962685247531276,0.697,no2,M5b: AugSynth Centro (Bel. in pool),AugSynth,2025w09,2025-02-24
119,-0.031617685070986834,-0.2656211649318636,0.2132696775741168,0.754,no2,M5b: AugSynth Centro (Bel. in pool),AugSynth,2025w10,2025-03-03
120,-0.0791000543929461,-0.31310353425382287,0.18755507382061115,0.505,no2,M5b: AugSynth Centro (Bel. in pool),AugSynth,2025w11,2025-03-10
121,-0.11976772831197735,-0.3537712081728541,0.12511963433312628,0.317,no2,M5b: AugSynth Centro (Bel. in pool),AugSynth,2025w12,2025-03-17
122,-0.04295140984350798,-0.2987226552728384,0.20193595280159565,0.713,no2,M5b: AugSynth Centro (Bel. in pool),AugSynth,2025w13,2025-03-24
123,-0.10526461805368603,-0.328384215130336,0.1505066273756444,0.35,no2,M5b: AugSynth Centro (Bel. in pool),AugSynth,2025w14,2025-03-31
124,-0.11315952447817823,-0.32539523877060134,0.10996007259847174,0.29,no2,M5b: AugSynth Centro (Bel. in pool),AugSynth,2025w15,2025-04-07
125,-0.13119162521801275,-0.34342733951043586,0.08104408907441035,0.236,no2,M5b: AugSynth Centro (Bel. in pool),AugSynth,2025w16,2025-04-14
126,-0.15032469288300332,-0.3625604071754264,0.05102713862519298,0.159,no2,M5b: AugSynth Centro (Bel. in pool),AugSynth,2025w17,2025-04-21
127,-0.12800591031012098,-0.3402416246025441,0.08422980398230212,0.256,no2,M5b: AugSynth Centro (Bel. in pool),AugSynth,2025w18,2025-04-28
128,-0.1390051191520003,-0.3403569506601966,0.0732305951404228,0.22,no2,M5b: AugSynth Centro (Bel. in pool),AugSynth,2025w19,2025-05-05
129,-0.09185973337674103,-0.314979330453391,0.12037598091568208,0.378,no2,M5b: AugSynth Centro (Bel. in pool),AugSynth,2025w20,2025-05-12
130,-0.18170283337705273,-0.38305466488524903,0.030532880915370375,0.103,no2,M5b: AugSynth Centro (Bel. in pool),AugSynth,2025w21,2025-05-19
131,-0.11176039291827511,-0.3239961072106982,0.08959143858992119,0.291,no2,M5b: AugSynth Centro (Bel. in pool),AugSynth,2025w22,2025-05-26
132,-0.11832832890382017,-0.3305640431962433,0.08302350260437613,0.271,no2,M5b: AugSynth Centro (Bel. in pool),AugSynth,2025w23,2025-06-02
133,-0.14810498087287405,-0.371224577949524,0.06413073341954906,0.192,no2,M5b: AugSynth Centro (Bel. in pool),AugSynth,2025w24,2025-06-09
134,-0.8504059306097469,-1.0517577621179433,-0.6490540991015508,0.023,no2,M5b: AugSynth Centro (Bel. in pool),AugSynth,2025w25,2025-06-16
1,0.066500769393536,NA,NA,NA,no2,M6: AugSynth Belisario (Centro dropped),AugSynth,2022w48,2022-11-28
2,-0.11853479531111732,NA,NA,NA,no2,M6: AugSynth Belisario (Centro dropped),AugSynth,2022w49,2022-12-05
3,-0.07116219078817165,NA,NA,NA,no2,M6: AugSynth Belisario (Centro dropped),AugSynth,2022w50,2022-12-12
4,0.06938753146593335,NA,NA,NA,no2,M6: AugSynth Belisario (Centro dropped),AugSynth,2022w51,2022-12-19
5,-0.1071408776607723,NA,NA,NA,no2,M6: AugSynth Belisario (Centro dropped),AugSynth,2022w52,2022-12-26
6,-0.15433242228674482,NA,NA,NA,no2,M6: AugSynth Belisario (Centro dropped),AugSynth,2023w01,2023-01-02
7,-0.05253962453528471,NA,NA,NA,no2,M6: AugSynth Belisario (Centro dropped),AugSynth,2023w02,2023-01-09
8,2.9379940525364745e-4,NA,NA,NA,no2,M6: AugSynth Belisario (Centro dropped),AugSynth,2023w03,2023-01-16
9,-0.09718998659285294,NA,NA,NA,no2,M6: AugSynth Belisario (Centro dropped),AugSynth,2023w04,2023-01-23
10,0.10583546337047567,NA,NA,NA,no2,M6: AugSynth Belisario (Centro dropped),AugSynth,2023w05,2023-01-30
11,-0.022543023819083796,NA,NA,NA,no2,M6: AugSynth Belisario (Centro dropped),AugSynth,2023w06,2023-02-06
12,0.10081629269829451,NA,NA,NA,no2,M6: AugSynth Belisario (Centro dropped),AugSynth,2023w07,2023-02-13
13,0.02500722845013703,NA,NA,NA,no2,M6: AugSynth Belisario (Centro dropped),AugSynth,2023w08,2023-02-20
14,0.10414316652271749,NA,NA,NA,no2,M6: AugSynth Belisario (Centro dropped),AugSynth,2023w09,2023-02-27
15,0.07269297691395371,NA,NA,NA,no2,M6: AugSynth Belisario (Centro dropped),AugSynth,2023w10,2023-03-06
16,-0.08084226069795841,NA,NA,NA,no2,M6: AugSynth Belisario (Centro dropped),AugSynth,2023w11,2023-03-13
17,0.04026878778309184,NA,NA,NA,no2,M6: AugSynth Belisario (Centro dropped),AugSynth,2023w12,2023-03-20
18,0.032538607309641865,NA,NA,NA,no2,M6: AugSynth Belisario (Centro dropped),AugSynth,2023w13,2023-03-27
19,-0.020479290910476955,NA,NA,NA,no2,M6: AugSynth Belisario (Centro dropped),AugSynth,2023w14,2023-04-03
20,0.10554884886774651,NA,NA,NA,no2,M6: AugSynth Belisario (Centro dropped),AugSynth,2023w15,2023-04-10
21,0.10478823400821735,NA,NA,NA,no2,M6: AugSynth Belisario (Centro dropped),AugSynth,2023w16,2023-04-17
22,0.05922684786085908,NA,NA,NA,no2,M6: AugSynth Belisario (Centro dropped),AugSynth,2023w17,2023-04-24
23,-0.04992719183879624,NA,NA,NA,no2,M6: AugSynth Belisario (Centro dropped),AugSynth,2023w18,2023-05-01
24,-0.1279343719407673,NA,NA,NA,no2,M6: AugSynth Belisario (Centro dropped),AugSynth,2023w19,2023-05-08
25,0.09830354508453043,NA,NA,NA,no2,M6: AugSynth Belisario (Centro dropped),AugSynth,2023w20,2023-05-15
26,0.05951587131332614,NA,NA,NA,no2,M6: AugSynth Belisario (Centro dropped),AugSynth,2023w21,2023-05-22
27,-0.03578593317442147,NA,NA,NA,no2,M6: AugSynth Belisario (Centro dropped),AugSynth,2023w22,2023-05-29
28,-0.08009337741591782,NA,NA,NA,no2,M6: AugSynth Belisario (Centro dropped),AugSynth,2023w23,2023-06-05
29,-0.22107709450425705,NA,NA,NA,no2,M6: AugSynth Belisario (Centro dropped),AugSynth,2023w24,2023-06-12
30,-0.060150372819446574,NA,NA,NA,no2,M6: AugSynth Belisario (Centro dropped),AugSynth,2023w25,2023-06-19
31,-0.12817114881115765,NA,NA,NA,no2,M6: AugSynth Belisario (Centro dropped),AugSynth,2023w26,2023-06-26
32,0.06103403518485084,NA,NA,NA,no2,M6: AugSynth Belisario (Centro dropped),AugSynth,2023w27,2023-07-03
33,0.0017581772668742168,NA,NA,NA,no2,M6: AugSynth Belisario (Centro dropped),AugSynth,2023w28,2023-07-10
34,-0.10577616915606747,NA,NA,NA,no2,M6: AugSynth Belisario (Centro dropped),AugSynth,2023w29,2023-07-17
35,0.07366464978945864,NA,NA,NA,no2,M6: AugSynth Belisario (Centro dropped),AugSynth,2023w30,2023-07-24
36,0.057571328029533575,NA,NA,NA,no2,M6: AugSynth Belisario (Centro dropped),AugSynth,2023w31,2023-07-31
37,-0.06985201099746563,NA,NA,NA,no2,M6: AugSynth Belisario (Centro dropped),AugSynth,2023w32,2023-08-07
38,0.39920585787939267,NA,NA,NA,no2,M6: AugSynth Belisario (Centro dropped),AugSynth,2023w33,2023-08-14
39,0.24400646197870124,NA,NA,NA,no2,M6: AugSynth Belisario (Centro dropped),AugSynth,2023w34,2023-08-21
40,0.18083124934892458,NA,NA,NA,no2,M6: AugSynth Belisario (Centro dropped),AugSynth,2023w35,2023-08-28
41,0.14415223020320322,NA,NA,NA,no2,M6: AugSynth Belisario (Centro dropped),AugSynth,2023w36,2023-09-04
42,0.022723558114661646,NA,NA,NA,no2,M6: AugSynth Belisario (Centro dropped),AugSynth,2023w37,2023-09-11
43,-0.19000267618852362,NA,NA,NA,no2,M6: AugSynth Belisario (Centro dropped),AugSynth,2023w38,2023-09-18
44,0.09148580094996639,NA,NA,NA,no2,M6: AugSynth Belisario (Centro dropped),AugSynth,2023w39,2023-09-25
45,0.09038334059666431,NA,NA,NA,no2,M6: AugSynth Belisario (Centro dropped),AugSynth,2023w40,2023-10-02
46,0.013262269560402995,NA,NA,NA,no2,M6: AugSynth Belisario (Centro dropped),AugSynth,2023w41,2023-10-09
47,0.03945931545306802,NA,NA,NA,no2,M6: AugSynth Belisario (Centro dropped),AugSynth,2023w42,2023-10-16
48,0.05536920898902897,NA,NA,NA,no2,M6: AugSynth Belisario (Centro dropped),AugSynth,2023w43,2023-10-23
49,0.07172583960622436,NA,NA,NA,no2,M6: AugSynth Belisario (Centro dropped),AugSynth,2023w44,2023-10-30
50,0.06522854858363303,NA,NA,NA,no2,M6: AugSynth Belisario (Centro dropped),AugSynth,2023w45,2023-11-06
51,0.2467384122633982,NA,NA,NA,no2,M6: AugSynth Belisario (Centro dropped),AugSynth,2023w46,2023-11-13
52,0.1962552554325323,NA,NA,NA,no2,M6: AugSynth Belisario (Centro dropped),AugSynth,2023w47,2023-11-20
53,0.1284030464526853,-0.11241247709421912,0.38475505538971255,0.226,no2,M6: AugSynth Belisario (Centro dropped),AugSynth,2023w48,2023-11-27
54,0.21704591922142535,-0.02376960432547906,0.5821533258893127,0.106,no2,M6: AugSynth Belisario (Centro dropped),AugSynth,2023w49,2023-12-04
55,0.09463836078852639,-0.14617716275837803,0.3354538843354308,0.396,no2,M6: AugSynth Belisario (Centro dropped),AugSynth,2023w50,2023-12-11
56,0.11019230284811865,-0.13062322069878576,0.35100782639502304,0.286,no2,M6: AugSynth Belisario (Centro dropped),AugSynth,2023w51,2023-12-18
57,0.25022901195606506,0,0.5065810208930923,0.056,no2,M6: AugSynth Belisario (Centro dropped),AugSynth,2023w52,2023-12-25
58,0.3281117880861397,0.08729626453923531,0.5689273116330441,0.039,no2,M6: AugSynth Belisario (Centro dropped),AugSynth,2024w01,2024-01-01
59,0.16450357053092857,-0.07631195301597585,0.40531909407783295,0.166,no2,M6: AugSynth Belisario (Centro dropped),AugSynth,2024w02,2024-01-08
60,-0.0035739935304865966,-0.244389517077391,0.2838509861867864,0.96,no2,M6: AugSynth Belisario (Centro dropped),AugSynth,2024w03,2024-01-15
61,0.0845538163061863,-0.1562617072407181,0.34090582524321356,0.508,no2,M6: AugSynth Belisario (Centro dropped),AugSynth,2024w04,2024-01-22
62,0.24581436421583502,-0.1192930424520523,0.5953852854935995,0.079,no2,M6: AugSynth Belisario (Centro dropped),AugSynth,2024w05,2024-01-29
63,0.06327090333904195,-0.2396905617683539,0.3196229122760692,0.692,no2,M6: AugSynth Belisario (Centro dropped),AugSynth,2024w06,2024-02-05
64,0.08215085870710892,-0.29849303335090127,0.3385028676441362,0.484,no2,M6: AugSynth Belisario (Centro dropped),AugSynth,2024w07,2024-02-12
65,0.13851206165031327,-0.117839947286714,0.47254649753795486,0.197,no2,M6: AugSynth Belisario (Centro dropped),AugSynth,2024w08,2024-02-19
66,0.17769923025087664,-0.15633520563676495,0.4340512391879039,0.163,no2,M6: AugSynth Belisario (Centro dropped),AugSynth,2024w09,2024-02-26
67,0.1376431426804574,-0.103172380866447,0.44060460778785326,0.184,no2,M6: AugSynth Belisario (Centro dropped),AugSynth,2024w10,2024-03-04
68,0.13420482460699512,-0.10661069893990929,0.3905568335440224,0.243,no2,M6: AugSynth Belisario (Centro dropped),AugSynth,2024w11,2024-03-11
69,0.2380678876351512,-0.0027476359117532267,0.4788834111820556,0.077,no2,M6: AugSynth Belisario (Centro dropped),AugSynth,2024w12,2024-03-18
70,0.32981326404726685,0.08899774050036244,0.5706287875941712,0.041,no2,M6: AugSynth Belisario (Centro dropped),AugSynth,2024w13,2024-03-25
71,0.2676620799658047,-0.004226414361345424,0.5084776035127091,0.039,no2,M6: AugSynth Belisario (Centro dropped),AugSynth,2024w14,2024-04-01
72,0.09880817097209427,-0.14200735257481015,0.33962369451899865,0.372,no2,M6: AugSynth Belisario (Centro dropped),AugSynth,2024w15,2024-04-08
73,0.13230625725501843,-0.10850926629188598,0.3731217808019228,0.228,no2,M6: AugSynth Belisario (Centro dropped),AugSynth,2024w16,2024-04-15
74,0.24224913291105654,0,0.48306465645796093,0.057,no2,M6: AugSynth Belisario (Centro dropped),AugSynth,2024w17,2024-04-22
75,0.27413296748879423,0.03331744394188982,0.5149484910356986,0.032,no2,M6: AugSynth Belisario (Centro dropped),AugSynth,2024w18,2024-04-29
76,0.12803054450769835,-0.11278497903920606,0.4465284950052171,0.22,no2,M6: AugSynth Belisario (Centro dropped),AugSynth,2024w19,2024-05-06
77,0.18754869347810432,-0.11541277162929155,0.4283642170250087,0.135,no2,M6: AugSynth Belisario (Centro dropped),AugSynth,2024w20,2024-05-13
78,0.1720186123409002,-0.0687969112060042,0.5060530482285418,0.151,no2,M6: AugSynth Belisario (Centro dropped),AugSynth,2024w21,2024-05-20
79,0.23608170069240852,-0.004733822854495889,0.4768972242393129,0.075,no2,M6: AugSynth Belisario (Centro dropped),AugSynth,2024w22,2024-05-27
80,0.3092795006743616,-0.07136439138364858,0.550095024221266,0.031,no2,M6: AugSynth Belisario (Centro dropped),AugSynth,2024w23,2024-06-03
81,0.4374963403187744,0.18114433138174713,0.6783118638656788,0.022,no2,M6: AugSynth Belisario (Centro dropped),AugSynth,2024w24,2024-06-10
82,0.2156036702210602,-0.02521185332584422,0.4564191937679646,0.103,no2,M6: AugSynth Belisario (Centro dropped),AugSynth,2024w25,2024-06-17
83,0.27004722562573136,-0.03291423948166451,0.5885451761232501,0.046,no2,M6: AugSynth Belisario (Centro dropped),AugSynth,2024w26,2024-06-24
84,0.20731473277597257,-0.03350079077093185,0.44813025632287695,0.086,no2,M6: AugSynth Belisario (Centro dropped),AugSynth,2024w27,2024-07-01
85,0.06409171958676296,-0.17672380396014145,0.30490724313366735,0.637,no2,M6: AugSynth Belisario (Centro dropped),AugSynth,2024w28,2024-07-08
86,0.012822651713921385,-0.3367482695638431,0.26917466065094864,0.967,no2,M6: AugSynth Belisario (Centro dropped),AugSynth,2024w29,2024-07-15
87,0.21622868390226335,-0.024586839644641062,0.5347266343997821,0.086,no2,M6: AugSynth Belisario (Centro dropped),AugSynth,2024w30,2024-07-22
88,0.33994938156014864,0.09913385801324423,0.580764905107053,0.033,no2,M6: AugSynth Belisario (Centro dropped),AugSynth,2024w31,2024-07-29
89,0.20266590703121334,-0.03814961651569107,0.44348143057811773,0.087,no2,M6: AugSynth Belisario (Centro dropped),AugSynth,2024w32,2024-08-05
90,0.07201123488827132,-0.1688042886586331,0.3128267584351757,0.568,no2,M6: AugSynth Belisario (Centro dropped),AugSynth,2024w33,2024-08-12
91,0.1203538926218295,-0.12046163092507492,0.3611694161687339,0.257,no2,M6: AugSynth Belisario (Centro dropped),AugSynth,2024w34,2024-08-19
92,0.13718258885025936,-0.10363293469664506,0.37799811239716374,0.181,no2,M6: AugSynth Belisario (Centro dropped),AugSynth,2024w35,2024-08-26
93,0.0601162371111883,-0.18069928643571612,0.3009317606580927,0.69,no2,M6: AugSynth Belisario (Centro dropped),AugSynth,2024w36,2024-09-02
94,0.16600713460584604,-0.07480838894105837,0.4223591435428733,0.166,no2,M6: AugSynth Belisario (Centro dropped),AugSynth,2024w37,2024-09-09
95,0.015670168516981775,-0.3339007527607827,0.31863163362437763,0.94,no2,M6: AugSynth Belisario (Centro dropped),AugSynth,2024w38,2024-09-16
96,-0.0826932731117096,-0.33904528204873685,0.17365873582531766,0.459,no2,M6: AugSynth Belisario (Centro dropped),AugSynth,2024w39,2024-09-23
97,0.11177463187430581,-0.1290408916725986,0.3525901554212102,0.24,no2,M6: AugSynth Belisario (Centro dropped),AugSynth,2024w40,2024-09-30
98,0.10614881656071784,-0.13466670698618657,0.3469643401076222,0.305,no2,M6: AugSynth Belisario (Centro dropped),AugSynth,2024w41,2024-10-07
99,0.13930998346148105,-0.11704202547554622,0.3956619923985083,0.203,no2,M6: AugSynth Belisario (Centro dropped),AugSynth,2024w42,2024-10-14
100,0.12127815883845194,-0.11953736470845247,0.3776301677754792,0.254,no2,M6: AugSynth Belisario (Centro dropped),AugSynth,2024w43,2024-10-21
101,-0.003841138569824043,-0.2601931475068513,0.2525108703672032,0.964,no2,M6: AugSynth Belisario (Centro dropped),AugSynth,2024w44,2024-10-28
102,-0.03131514715095962,-0.2876671560879869,0.20950037639594477,0.858,no2,M6: AugSynth Belisario (Centro dropped),AugSynth,2024w45,2024-11-04
103,-0.10360914884596673,-0.4531800701237312,0.13720637470093766,0.388,no2,M6: AugSynth Belisario (Centro dropped),AugSynth,2024w46,2024-11-11
104,0.20731191257980086,-0.15779549408808646,0.44812743612670525,0.089,no2,M6: AugSynth Belisario (Centro dropped),AugSynth,2024w47,2024-11-18
105,0.23206793646558088,-0.008747587081323532,0.5661023723532225,0.102,no2,M6: AugSynth Belisario (Centro dropped),AugSynth,2024w48,2024-11-25
106,0.1910345858815119,-0.049780937665392516,0.5406055071592764,0.115,no2,M6: AugSynth Belisario (Centro dropped),AugSynth,2024w49,2024-12-02
107,0.25111169192423377,-0.12953220013377642,0.49192721547113816,0.04,no2,M6: AugSynth Belisario (Centro dropped),AugSynth,2024w50,2024-12-09
108,0.18401691605310377,-0.05679860749380064,0.42483243960000816,0.128,no2,M6: AugSynth Belisario (Centro dropped),AugSynth,2024w51,2024-12-16
109,0.19912273525830537,-0.18152115679970482,0.43993825880520976,0.077,no2,M6: AugSynth Belisario (Centro dropped),AugSynth,2024w52,2024-12-23
110,0.23939306832452178,-0.0946413675631198,0.49574507726154904,0.087,no2,M6: AugSynth Belisario (Centro dropped),AugSynth,2025w01,2024-12-30
111,0.14592288266113806,-0.1104291262758892,0.4022748915981653,0.193,no2,M6: AugSynth Belisario (Centro dropped),AugSynth,2025w02,2025-01-06
112,0.2200541783131702,-0.020761345233734213,0.4608697018600746,0.089,no2,M6: AugSynth Belisario (Centro dropped),AugSynth,2025w03,2025-01-13
113,0.045806175899794965,-0.2571552892076009,0.4109135825676823,0.806,no2,M6: AugSynth Belisario (Centro dropped),AugSynth,2025w04,2025-01-20
114,0.1785567950456488,-0.062258728501255606,0.4193723185925532,0.158,no2,M6: AugSynth Belisario (Centro dropped),AugSynth,2025w05,2025-01-27
115,0.29132859860373506,0.05051307505683064,0.5321441221506394,0.039,no2,M6: AugSynth Belisario (Centro dropped),AugSynth,2025w06,2025-02-03
116,0.10852153917802188,-0.16336695514912825,0.36487354811504913,0.39,no2,M6: AugSynth Belisario (Centro dropped),AugSynth,2025w07,2025-02-10
117,0.07943696828079894,-0.19245152604635118,0.46008086033880913,0.553,no2,M6: AugSynth Belisario (Centro dropped),AugSynth,2025w08,2025-02-17
118,0.29562870002890174,-0.03840573585873986,0.6296631359165433,0.091,no2,M6: AugSynth Belisario (Centro dropped),AugSynth,2025w09,2025-02-24
119,0.25898920046135476,-0.10611820620653256,0.6240966071292421,0.155,no2,M6: AugSynth Belisario (Centro dropped),AugSynth,2025w10,2025-03-03
120,0.21275504606647022,-0.16788884599153997,0.5933989381244804,0.193,no2,M6: AugSynth Belisario (Centro dropped),AugSynth,2025w11,2025-03-10
121,0.1539836424403811,-0.2266602496176291,0.5190910491082684,0.285,no2,M6: AugSynth Belisario (Centro dropped),AugSynth,2025w12,2025-03-17
122,0.2712030827874661,-0.07836783849029838,0.6518469748454763,0.118,no2,M6: AugSynth Belisario (Centro dropped),AugSynth,2025w13,2025-03-24
123,0.17599454299580364,-0.1891128636720837,0.5566384350538138,0.226,no2,M6: AugSynth Belisario (Centro dropped),AugSynth,2025w14,2025-03-31
124,0.019848164638727184,-0.2675768150785458,0.30727314435600017,0.928,no2,M6: AugSynth Belisario (Centro dropped),AugSynth,2025w15,2025-04-07
125,0.16701340969173462,-0.0738021138551698,0.42336541862876187,0.154,no2,M6: AugSynth Belisario (Centro dropped),AugSynth,2025w16,2025-04-14
126,0.09885193406008153,-0.25071898721768293,0.3396674576069859,0.395,no2,M6: AugSynth Belisario (Centro dropped),AugSynth,2025w17,2025-04-21
127,0.2370502138448809,-0.01930179509214637,0.4778657373917853,0.068,no2,M6: AugSynth Belisario (Centro dropped),AugSynth,2025w18,2025-04-28
128,-0.01767349780878469,-0.27402550674581194,0.25421499651836543,0.939,no2,M6: AugSynth Belisario (Centro dropped),AugSynth,2025w19,2025-05-05
129,0.27130221048676173,0.030486686939857316,0.6519461025447719,0.036,no2,M6: AugSynth Belisario (Centro dropped),AugSynth,2025w20,2025-05-12
130,0.1668951701583512,-0.19821223650953612,0.42324717909537846,0.142,no2,M6: AugSynth Belisario (Centro dropped),AugSynth,2025w21,2025-05-19
131,0.17176700522428945,-0.06904851832261497,0.45919198494156244,0.165,no2,M6: AugSynth Belisario (Centro dropped),AugSynth,2025w22,2025-05-26
132,0.10316582973214139,-0.21533212076537733,0.3439813532790458,0.394,no2,M6: AugSynth Belisario (Centro dropped),AugSynth,2025w23,2025-06-02
133,0.2858643967723098,0.029512387835282525,0.5266799203192142,0.036,no2,M6: AugSynth Belisario (Centro dropped),AugSynth,2025w24,2025-06-09
134,0.06224449656989561,-0.1785710269770088,0.3030600201168,0.698,no2,M6: AugSynth Belisario (Centro dropped),AugSynth,2025w25,2025-06-16
1,0.028321335868835007,NA,NA,NA,no2,M7: AugSynth_FE Centro+Belisario,AugSynth_FE,2022w48,2022-11-28
2,-0.08528174619073203,NA,NA,NA,no2,M7: AugSynth_FE Centro+Belisario,AugSynth_FE,2022w49,2022-12-05
3,-0.0474709387023724,NA,NA,NA,no2,M7: AugSynth_FE Centro+Belisario,AugSynth_FE,2022w50,2022-12-12
4,0.12494567987925098,NA,NA,NA,no2,M7: AugSynth_FE Centro+Belisario,AugSynth_FE,2022w51,2022-12-19
5,-0.0957386135407039,NA,NA,NA,no2,M7: AugSynth_FE Centro+Belisario,AugSynth_FE,2022w52,2022-12-26
6,-0.10916198086492468,NA,NA,NA,no2,M7: AugSynth_FE Centro+Belisario,AugSynth_FE,2023w01,2023-01-02
7,-0.050508453044783685,NA,NA,NA,no2,M7: AugSynth_FE Centro+Belisario,AugSynth_FE,2023w02,2023-01-09
8,-0.08683068102111902,NA,NA,NA,no2,M7: AugSynth_FE Centro+Belisario,AugSynth_FE,2023w03,2023-01-16
9,-0.1347662953302322,NA,NA,NA,no2,M7: AugSynth_FE Centro+Belisario,AugSynth_FE,2023w04,2023-01-23
10,-0.020784645300832683,NA,NA,NA,no2,M7: AugSynth_FE Centro+Belisario,AugSynth_FE,2023w05,2023-01-30
11,-0.033920361257842924,NA,NA,NA,no2,M7: AugSynth_FE Centro+Belisario,AugSynth_FE,2023w06,2023-02-06
12,-6.482858663159341e-4,NA,NA,NA,no2,M7: AugSynth_FE Centro+Belisario,AugSynth_FE,2023w07,2023-02-13
13,-0.09372585286573676,NA,NA,NA,no2,M7: AugSynth_FE Centro+Belisario,AugSynth_FE,2023w08,2023-02-20
14,0.02759390092647429,NA,NA,NA,no2,M7: AugSynth_FE Centro+Belisario,AugSynth_FE,2023w09,2023-02-27
15,0.04856448905793176,NA,NA,NA,no2,M7: AugSynth_FE Centro+Belisario,AugSynth_FE,2023w10,2023-03-06
16,-0.10800172621696058,NA,NA,NA,no2,M7: AugSynth_FE Centro+Belisario,AugSynth_FE,2023w11,2023-03-13
17,0.00880624997354218,NA,NA,NA,no2,M7: AugSynth_FE Centro+Belisario,AugSynth_FE,2023w12,2023-03-20
18,0.015869778579586935,NA,NA,NA,no2,M7: AugSynth_FE Centro+Belisario,AugSynth_FE,2023w13,2023-03-27
19,0.037467488535675386,NA,NA,NA,no2,M7: AugSynth_FE Centro+Belisario,AugSynth_FE,2023w14,2023-04-03
20,0.02077484751473202,NA,NA,NA,no2,M7: AugSynth_FE Centro+Belisario,AugSynth_FE,2023w15,2023-04-10
21,0.05096017303078826,NA,NA,NA,no2,M7: AugSynth_FE Centro+Belisario,AugSynth_FE,2023w16,2023-04-17
22,-0.006573606786060893,NA,NA,NA,no2,M7: AugSynth_FE Centro+Belisario,AugSynth_FE,2023w17,2023-04-24
23,-0.1328023671122378,NA,NA,NA,no2,M7: AugSynth_FE Centro+Belisario,AugSynth_FE,2023w18,2023-05-01
24,-0.07959834125158372,NA,NA,NA,no2,M7: AugSynth_FE Centro+Belisario,AugSynth_FE,2023w19,2023-05-08
25,0.14084510566131225,NA,NA,NA,no2,M7: AugSynth_FE Centro+Belisario,AugSynth_FE,2023w20,2023-05-15
26,0.07001878739361356,NA,NA,NA,no2,M7: AugSynth_FE Centro+Belisario,AugSynth_FE,2023w21,2023-05-22
27,-0.053668536579587034,NA,NA,NA,no2,M7: AugSynth_FE Centro+Belisario,AugSynth_FE,2023w22,2023-05-29
28,0.09679042374014779,NA,NA,NA,no2,M7: AugSynth_FE Centro+Belisario,AugSynth_FE,2023w23,2023-06-05
29,-0.012970868055900642,NA,NA,NA,no2,M7: AugSynth_FE Centro+Belisario,AugSynth_FE,2023w24,2023-06-12
30,0.08066292291525201,NA,NA,NA,no2,M7: AugSynth_FE Centro+Belisario,AugSynth_FE,2023w25,2023-06-19
31,0.010148646741047873,NA,NA,NA,no2,M7: AugSynth_FE Centro+Belisario,AugSynth_FE,2023w26,2023-06-26
32,0.0778950130299898,NA,NA,NA,no2,M7: AugSynth_FE Centro+Belisario,AugSynth_FE,2023w27,2023-07-03
33,-0.0024016458314073397,NA,NA,NA,no2,M7: AugSynth_FE Centro+Belisario,AugSynth_FE,2023w28,2023-07-10
34,0.006637851734743627,NA,NA,NA,no2,M7: AugSynth_FE Centro+Belisario,AugSynth_FE,2023w29,2023-07-17
35,0.013710841034237031,NA,NA,NA,no2,M7: AugSynth_FE Centro+Belisario,AugSynth_FE,2023w30,2023-07-24
36,0.031109299841687754,NA,NA,NA,no2,M7: AugSynth_FE Centro+Belisario,AugSynth_FE,2023w31,2023-07-31
37,-0.17064956179629354,NA,NA,NA,no2,M7: AugSynth_FE Centro+Belisario,AugSynth_FE,2023w32,2023-08-07
38,0.22952911207103854,NA,NA,NA,no2,M7: AugSynth_FE Centro+Belisario,AugSynth_FE,2023w33,2023-08-14
39,0.10053347482514496,NA,NA,NA,no2,M7: AugSynth_FE Centro+Belisario,AugSynth_FE,2023w34,2023-08-21
40,0.03427543051826909,NA,NA,NA,no2,M7: AugSynth_FE Centro+Belisario,AugSynth_FE,2023w35,2023-08-28
41,-0.06764165500498631,NA,NA,NA,no2,M7: AugSynth_FE Centro+Belisario,AugSynth_FE,2023w36,2023-09-04
42,-0.08600891380811282,NA,NA,NA,no2,M7: AugSynth_FE Centro+Belisario,AugSynth_FE,2023w37,2023-09-11
43,-0.06187829179734017,NA,NA,NA,no2,M7: AugSynth_FE Centro+Belisario,AugSynth_FE,2023w38,2023-09-18
44,0.006438710944854709,NA,NA,NA,no2,M7: AugSynth_FE Centro+Belisario,AugSynth_FE,2023w39,2023-09-25
45,0.039262924408903555,NA,NA,NA,no2,M7: AugSynth_FE Centro+Belisario,AugSynth_FE,2023w40,2023-10-02
46,-0.019220811150838735,NA,NA,NA,no2,M7: AugSynth_FE Centro+Belisario,AugSynth_FE,2023w41,2023-10-09
47,0.0268231343147578,NA,NA,NA,no2,M7: AugSynth_FE Centro+Belisario,AugSynth_FE,2023w42,2023-10-16
48,0.028333421372970236,NA,NA,NA,no2,M7: AugSynth_FE Centro+Belisario,AugSynth_FE,2023w43,2023-10-23
49,-0.055492662571928086,NA,NA,NA,no2,M7: AugSynth_FE Centro+Belisario,AugSynth_FE,2023w44,2023-10-30
50,0.020043410768920022,NA,NA,NA,no2,M7: AugSynth_FE Centro+Belisario,AugSynth_FE,2023w45,2023-11-06
51,0.15024922335775148,NA,NA,NA,no2,M7: AugSynth_FE Centro+Belisario,AugSynth_FE,2023w46,2023-11-13
52,0.08913516390738208,NA,NA,NA,no2,M7: AugSynth_FE Centro+Belisario,AugSynth_FE,2023w47,2023-11-20
53,0.009048721768898371,-0.18096103110280296,0.24809324957523227,0.904,no2,M7: AugSynth_FE Centro+Belisario,AugSynth_FE,2023w48,2023-11-27
54,0.10336383824150852,-0.07438722089653466,0.2688562036458935,0.173,no2,M7: AugSynth_FE Centro+Belisario,AugSynth_FE,2023w49,2023-12-04
55,0.01689058721307246,-0.16086047192497072,0.20690034008477376,0.833,no2,M7: AugSynth_FE Centro+Belisario,AugSynth_FE,2023w50,2023-12-11
56,0.0587936609550499,-0.11895739818299328,0.2242860263594349,0.504,no2,M7: AugSynth_FE Centro+Belisario,AugSynth_FE,2023w51,2023-12-18
57,0.10406603842563822,-0.07368502071240496,0.28181709756368134,0.234,no2,M7: AugSynth_FE Centro+Belisario,AugSynth_FE,2023w52,2023-12-25
58,0.1352678306278836,-0.042483228510159565,0.31301888976592673,0.17,no2,M7: AugSynth_FE Centro+Belisario,AugSynth_FE,2024w01,2024-01-01
59,0.005946815059126198,-0.17180424407891698,0.2817674240664345,0.957,no2,M7: AugSynth_FE Centro+Belisario,AugSynth_FE,2024w02,2024-01-08
60,-0.09792463936346651,-0.2756756985015097,0.06756772604091849,0.225,no2,M7: AugSynth_FE Centro+Belisario,AugSynth_FE,2024w03,2024-01-15
61,0.07398373691211368,-0.10376732222592949,0.3007695709847894,0.386,no2,M7: AugSynth_FE Centro+Belisario,AugSynth_FE,2024w04,2024-01-22
62,0.04983015810816305,-0.12792090102988013,0.21532252351254805,0.58,no2,M7: AugSynth_FE Centro+Belisario,AugSynth_FE,2024w05,2024-01-29
63,0.05493168431996853,-0.12281937481807464,0.22042404972435353,0.484,no2,M7: AugSynth_FE Centro+Belisario,AugSynth_FE,2024w06,2024-02-05
64,0.01592398512968396,-0.16182707400835922,0.19367504426772708,0.837,no2,M7: AugSynth_FE Centro+Belisario,AugSynth_FE,2024w07,2024-02-12
65,-0.027846043671903242,-0.20559710280994642,0.14990501546613988,0.726,no2,M7: AugSynth_FE Centro+Belisario,AugSynth_FE,2024w08,2024-02-19
66,0.013026615671738462,-0.16472444346630472,0.19077767480978158,0.85,no2,M7: AugSynth_FE Centro+Belisario,AugSynth_FE,2024w09,2024-02-26
67,-0.022566311824383067,-0.20031737096242624,0.15518474731366005,0.742,no2,M7: AugSynth_FE Centro+Belisario,AugSynth_FE,2024w10,2024-03-04
68,0.05557801364175585,-0.12217304549628732,0.22107037904614085,0.503,no2,M7: AugSynth_FE Centro+Belisario,AugSynth_FE,2024w11,2024-03-11
69,-0.039294419151202575,-0.2293041720229039,0.15071533372049872,0.636,no2,M7: AugSynth_FE Centro+Belisario,AugSynth_FE,2024w12,2024-03-18
70,0.011082930474405561,-0.20344420986461206,0.21335137707976504,0.898,no2,M7: AugSynth_FE Centro+Belisario,AugSynth_FE,2024w13,2024-03-25
71,-0.04085402447062547,-0.24312247107598495,0.161414422134734,0.61,no2,M7: AugSynth_FE Centro+Belisario,AugSynth_FE,2024w14,2024-04-01
72,-0.0848294517936754,-0.2748392046653767,0.0806629136107096,0.401,no2,M7: AugSynth_FE Centro+Belisario,AugSynth_FE,2024w15,2024-04-08
73,-0.03906205304092447,-0.21681311217896765,0.163206393564435,0.608,no2,M7: AugSynth_FE Centro+Belisario,AugSynth_FE,2024w16,2024-04-15
74,0.07559509252555818,-0.102155966612485,0.2533461516636013,0.382,no2,M7: AugSynth_FE Centro+Belisario,AugSynth_FE,2024w17,2024-04-22
75,0.05120909365351922,-0.17557674041915655,0.24121884652522052,0.582,no2,M7: AugSynth_FE Centro+Belisario,AugSynth_FE,2024w18,2024-04-29
76,-0.007173645997047728,-0.19718339886874905,0.15831871940733727,0.945,no2,M7: AugSynth_FE Centro+Belisario,AugSynth_FE,2024w19,2024-05-06
77,-0.013397446064589147,-0.19114850520263232,0.16435361307345397,0.873,no2,M7: AugSynth_FE Centro+Belisario,AugSynth_FE,2024w20,2024-05-13
78,-0.007470908724631187,-0.1974806615963325,0.17028015041341193,0.912,no2,M7: AugSynth_FE Centro+Belisario,AugSynth_FE,2024w21,2024-05-20
79,0.019631379765271628,-0.1703783731064297,0.19738243890331475,0.828,no2,M7: AugSynth_FE Centro+Belisario,AugSynth_FE,2024w22,2024-05-27
80,0.13798693865673872,-0.039764120481304455,0.32799669152844,0.115,no2,M7: AugSynth_FE Centro+Belisario,AugSynth_FE,2024w23,2024-06-03
81,0.1963593557953076,0.018608296657264434,0.3863691086670089,0.036,no2,M7: AugSynth_FE Centro+Belisario,AugSynth_FE,2024w24,2024-06-10
82,0.04181903717047808,-0.1359320219675651,0.2195700963085212,0.571,no2,M7: AugSynth_FE Centro+Belisario,AugSynth_FE,2024w25,2024-06-17
83,0.019918535287851924,-0.1700912175838494,0.23444567562686958,0.795,no2,M7: AugSynth_FE Centro+Belisario,AugSynth_FE,2024w26,2024-06-24
84,0.023794823771023488,-0.16621492910067784,0.2015458829090666,0.724,no2,M7: AugSynth_FE Centro+Belisario,AugSynth_FE,2024w27,2024-07-01
85,-0.09188600338217823,-0.2573783687865633,0.07360636202220677,0.263,no2,M7: AugSynth_FE Centro+Belisario,AugSynth_FE,2024w28,2024-07-08
86,-0.015687853884923886,-0.1811802192893089,0.14980451151946111,0.812,no2,M7: AugSynth_FE Centro+Belisario,AugSynth_FE,2024w29,2024-07-15
87,0.05646316901534565,-0.13354658385635568,0.22195553441973065,0.513,no2,M7: AugSynth_FE Centro+Belisario,AugSynth_FE,2024w30,2024-07-22
88,0.13363948486274513,-0.0563702680089562,0.3236492377344464,0.158,no2,M7: AugSynth_FE Centro+Belisario,AugSynth_FE,2024w31,2024-07-29
89,-0.010195113607369688,-0.20020486647907101,0.16755594553067343,0.895,no2,M7: AugSynth_FE Centro+Belisario,AugSynth_FE,2024w32,2024-08-05
90,-0.10901599146044694,-0.3358018255331227,0.05647637394393806,0.209,no2,M7: AugSynth_FE Centro+Belisario,AugSynth_FE,2024w33,2024-08-12
91,-0.07451721778707565,-0.25226827692511883,0.09097514761730935,0.427,no2,M7: AugSynth_FE Centro+Belisario,AugSynth_FE,2024w34,2024-08-19
92,-0.10723561503602053,-0.2972453679077218,0.08277413783568077,0.214,no2,M7: AugSynth_FE Centro+Belisario,AugSynth_FE,2024w35,2024-08-26
93,-0.16775664754458708,-0.37002509414994655,0.009994411593456043,0.07,no2,M7: AugSynth_FE Centro+Belisario,AugSynth_FE,2024w36,2024-09-02
94,-0.037309683424650686,-0.227319436296352,0.14044137571339244,0.616,no2,M7: AugSynth_FE Centro+Belisario,AugSynth_FE,2024w37,2024-09-09
95,-0.09380808228589377,-0.28381783515759507,0.07168428311849123,0.307,no2,M7: AugSynth_FE Centro+Belisario,AugSynth_FE,2024w38,2024-09-16
96,-0.10539683942910028,-0.28314789856714345,0.060095525975284725,0.219,no2,M7: AugSynth_FE Centro+Belisario,AugSynth_FE,2024w39,2024-09-23
97,-0.07027853557860286,-0.24802959471664604,0.19328337969504727,0.402,no2,M7: AugSynth_FE Centro+Belisario,AugSynth_FE,2024w40,2024-09-30
98,-0.04805663845477026,-0.25032508506012974,0.11743572694961474,0.554,no2,M7: AugSynth_FE Centro+Belisario,AugSynth_FE,2024w41,2024-10-07
99,0.041932146777411194,-0.18485368729526458,0.21968320591545432,0.596,no2,M7: AugSynth_FE Centro+Belisario,AugSynth_FE,2024w42,2024-10-14
100,0.08837368126281753,-0.08937737787522565,0.26612474040086065,0.355,no2,M7: AugSynth_FE Centro+Belisario,AugSynth_FE,2024w43,2024-10-21
101,0.012454940426647187,-0.165296118711396,0.1902059995646903,0.863,no2,M7: AugSynth_FE Centro+Belisario,AugSynth_FE,2024w44,2024-10-28
102,-0.09225523025779436,-0.27000628939583754,0.08549582888024876,0.29,no2,M7: AugSynth_FE Centro+Belisario,AugSynth_FE,2024w45,2024-11-04
103,-0.059386796068917835,-0.2739139364079355,0.11836426306912529,0.455,no2,M7: AugSynth_FE Centro+Belisario,AugSynth_FE,2024w46,2024-11-11
104,0.07476730939414677,-0.1029837497438964,0.24025967479853177,0.394,no2,M7: AugSynth_FE Centro+Belisario,AugSynth_FE,2024w47,2024-11-18
105,0.11778645530909015,-0.05996460382895302,0.28327882071347515,0.165,no2,M7: AugSynth_FE Centro+Belisario,AugSynth_FE,2024w48,2024-11-25
106,0.07004407107329724,-0.10770698806474593,0.23553643647768224,0.445,no2,M7: AugSynth_FE Centro+Belisario,AugSynth_FE,2024w49,2024-12-02
107,0.09347861278250313,-0.08427244635554004,0.27122967192054626,0.289,no2,M7: AugSynth_FE Centro+Belisario,AugSynth_FE,2024w50,2024-12-09
108,-0.00225056065780338,-0.1677429260621884,0.16324180474658162,0.978,no2,M7: AugSynth_FE Centro+Belisario,AugSynth_FE,2024w51,2024-12-16
109,0.012969042777972284,-0.15252332262641274,0.1907201019160154,0.857,no2,M7: AugSynth_FE Centro+Belisario,AugSynth_FE,2024w52,2024-12-23
110,0.15607444805708326,-0.03393530481461807,0.35834289466244273,0.144,no2,M7: AugSynth_FE Centro+Belisario,AugSynth_FE,2025w01,2024-12-30
111,0.07206912946246868,-0.10568192967557449,0.26207888233417,0.399,no2,M7: AugSynth_FE Centro+Belisario,AugSynth_FE,2025w02,2025-01-06
112,0.040449596047977376,-0.1373014630900658,0.2182006551860205,0.59,no2,M7: AugSynth_FE Centro+Belisario,AugSynth_FE,2025w03,2025-01-13
113,0.04507708229375407,-0.16945005804526356,0.2228281414317972,0.547,no2,M7: AugSynth_FE Centro+Belisario,AugSynth_FE,2025w04,2025-01-20
114,0.04842529203087498,-0.11706707337351005,0.2261763511689181,0.564,no2,M7: AugSynth_FE Centro+Belisario,AugSynth_FE,2025w05,2025-01-27
115,0.20036148195221548,0.022610422814172304,0.3781125410902586,0.04,no2,M7: AugSynth_FE Centro+Belisario,AugSynth_FE,2025w06,2025-02-03
116,0.145017299421748,-0.09402722838458591,0.3350270522934493,0.122,no2,M7: AugSynth_FE Centro+Belisario,AugSynth_FE,2025w07,2025-02-10
117,0.12755958856278493,-0.07470885804257454,0.3420867289018026,0.191,no2,M7: AugSynth_FE Centro+Belisario,AugSynth_FE,2025w08,2025-02-17
118,0.45610167072217767,0.155763674247553,0.7564396671968023,0.021,no2,M7: AugSynth_FE Centro+Belisario,AugSynth_FE,2025w09,2025-02-24
119,0.4674384550430295,0.16710045856840483,0.7677764515176542,0.044,no2,M7: AugSynth_FE Centro+Belisario,AugSynth_FE,2025w10,2025-03-03
120,0.446644160333181,0,0.7469821568078057,0.06,no2,M7: AugSynth_FE Centro+Belisario,AugSynth_FE,2025w11,2025-03-10
121,0.3980865487000438,0.09774855222541912,0.6984245451746685,0.033,no2,M7: AugSynth_FE Centro+Belisario,AugSynth_FE,2025w12,2025-03-17
122,0.39498598688616715,0.09464799041154248,0.6953239833607918,0.033,no2,M7: AugSynth_FE Centro+Belisario,AugSynth_FE,2025w13,2025-03-24
123,0.3974224179927237,0,0.6977604144673484,0.056,no2,M7: AugSynth_FE Centro+Belisario,AugSynth_FE,2025w14,2025-03-31
124,0.12786534413165995,-0.09892048994101582,0.3423924844706776,0.187,no2,M7: AugSynth_FE Centro+Belisario,AugSynth_FE,2025w15,2025-04-07
125,0.053919302633787414,-0.1851252251725465,0.2439290555054887,0.521,no2,M7: AugSynth_FE Centro+Belisario,AugSynth_FE,2025w16,2025-04-14
126,0.04258047047108082,-0.13517058866696235,0.20807283587546582,0.572,no2,M7: AugSynth_FE Centro+Belisario,AugSynth_FE,2025w17,2025-04-21
127,0.09875752407717098,-0.0789935350608722,0.2765085832152141,0.255,no2,M7: AugSynth_FE Centro+Belisario,AugSynth_FE,2025w18,2025-04-28
128,-0.04294189948329041,-0.2206929586213336,0.1348091596547527,0.56,no2,M7: AugSynth_FE Centro+Belisario,AugSynth_FE,2025w19,2025-05-05
129,0.2125361739611078,-0.0019909663779098252,0.3657698456318347,0.043,no2,M7: AugSynth_FE Centro+Belisario,AugSynth_FE,2025w20,2025-05-12
130,0.07845135488459842,-0.09929970425344475,0.30523718895727414,0.393,no2,M7: AugSynth_FE Centro+Belisario,AugSynth_FE,2025w21,2025-05-19
131,0.09789771584240015,-0.06759464956198488,0.26339008124678515,0.235,no2,M7: AugSynth_FE Centro+Belisario,AugSynth_FE,2025w22,2025-05-26
132,0.06242680329716377,-0.11532425584087941,0.2401778624352069,0.469,no2,M7: AugSynth_FE Centro+Belisario,AugSynth_FE,2025w23,2025-06-02
133,0.16451709577929297,-0.013233963358750211,0.3913029298519687,0.087,no2,M7: AugSynth_FE Centro+Belisario,AugSynth_FE,2025w24,2025-06-09
134,-0.43845072200266966,-0.6162017811407128,-0.27295835659828466,0.019,no2,M7: AugSynth_FE Centro+Belisario,AugSynth_FE,2025w25,2025-06-16
1,-0.006345626153403394,NA,NA,NA,no2,M8: AugSynth_FE Centro (Bel. dropped),AugSynth_FE,2022w48,2022-11-28
2,0.018761638584162466,NA,NA,NA,no2,M8: AugSynth_FE Centro (Bel. dropped),AugSynth_FE,2022w49,2022-12-05
3,-0.0783156703222776,NA,NA,NA,no2,M8: AugSynth_FE Centro (Bel. dropped),AugSynth_FE,2022w50,2022-12-12
4,0.15667845007278158,NA,NA,NA,no2,M8: AugSynth_FE Centro (Bel. dropped),AugSynth_FE,2022w51,2022-12-19
5,-0.012585677178912569,NA,NA,NA,no2,M8: AugSynth_FE Centro (Bel. dropped),AugSynth_FE,2022w52,2022-12-26
6,-0.04337505315255852,NA,NA,NA,no2,M8: AugSynth_FE Centro (Bel. dropped),AugSynth_FE,2023w01,2023-01-02
7,-0.015117645711953731,NA,NA,NA,no2,M8: AugSynth_FE Centro (Bel. dropped),AugSynth_FE,2023w02,2023-01-09
8,-0.09993411482327774,NA,NA,NA,no2,M8: AugSynth_FE Centro (Bel. dropped),AugSynth_FE,2023w03,2023-01-16
9,-0.15559376179078654,NA,NA,NA,no2,M8: AugSynth_FE Centro (Bel. dropped),AugSynth_FE,2023w04,2023-01-23
10,-0.03239079423352109,NA,NA,NA,no2,M8: AugSynth_FE Centro (Bel. dropped),AugSynth_FE,2023w05,2023-01-30
11,0.04581544467269527,NA,NA,NA,no2,M8: AugSynth_FE Centro (Bel. dropped),AugSynth_FE,2023w06,2023-02-06
12,-0.01878903002067922,NA,NA,NA,no2,M8: AugSynth_FE Centro (Bel. dropped),AugSynth_FE,2023w07,2023-02-13
13,-0.10220998426999284,NA,NA,NA,no2,M8: AugSynth_FE Centro (Bel. dropped),AugSynth_FE,2023w08,2023-02-20
14,0.006055162455312679,NA,NA,NA,no2,M8: AugSynth_FE Centro (Bel. dropped),AugSynth_FE,2023w09,2023-02-27
15,0.030997757510438984,NA,NA,NA,no2,M8: AugSynth_FE Centro (Bel. dropped),AugSynth_FE,2023w10,2023-03-06
16,-0.12605273999493027,NA,NA,NA,no2,M8: AugSynth_FE Centro (Bel. dropped),AugSynth_FE,2023w11,2023-03-13
17,-0.025725245929428375,NA,NA,NA,no2,M8: AugSynth_FE Centro (Bel. dropped),AugSynth_FE,2023w12,2023-03-20
18,0.006147169943958808,NA,NA,NA,no2,M8: AugSynth_FE Centro (Bel. dropped),AugSynth_FE,2023w13,2023-03-27
19,0.0334259566827142,NA,NA,NA,no2,M8: AugSynth_FE Centro (Bel. dropped),AugSynth_FE,2023w14,2023-04-03
20,0.005268068295583905,NA,NA,NA,no2,M8: AugSynth_FE Centro (Bel. dropped),AugSynth_FE,2023w15,2023-04-10
21,-0.031514456366250165,NA,NA,NA,no2,M8: AugSynth_FE Centro (Bel. dropped),AugSynth_FE,2023w16,2023-04-17
22,-0.0261938682323013,NA,NA,NA,no2,M8: AugSynth_FE Centro (Bel. dropped),AugSynth_FE,2023w17,2023-04-24
23,-0.18071870017531344,NA,NA,NA,no2,M8: AugSynth_FE Centro (Bel. dropped),AugSynth_FE,2023w18,2023-05-01
24,-0.1069822924034125,NA,NA,NA,no2,M8: AugSynth_FE Centro (Bel. dropped),AugSynth_FE,2023w19,2023-05-08
25,0.1582149182329342,NA,NA,NA,no2,M8: AugSynth_FE Centro (Bel. dropped),AugSynth_FE,2023w20,2023-05-15
26,0.05480701930323084,NA,NA,NA,no2,M8: AugSynth_FE Centro (Bel. dropped),AugSynth_FE,2023w21,2023-05-22
27,-0.03800278414026659,NA,NA,NA,no2,M8: AugSynth_FE Centro (Bel. dropped),AugSynth_FE,2023w22,2023-05-29
28,0.1459904887756336,NA,NA,NA,no2,M8: AugSynth_FE Centro (Bel. dropped),AugSynth_FE,2023w23,2023-06-05
29,0.08544501525727899,NA,NA,NA,no2,M8: AugSynth_FE Centro (Bel. dropped),AugSynth_FE,2023w24,2023-06-12
30,0.19065397000489792,NA,NA,NA,no2,M8: AugSynth_FE Centro (Bel. dropped),AugSynth_FE,2023w25,2023-06-19
31,0.08851302924281068,NA,NA,NA,no2,M8: AugSynth_FE Centro (Bel. dropped),AugSynth_FE,2023w26,2023-06-26
32,0.18014937581384327,NA,NA,NA,no2,M8: AugSynth_FE Centro (Bel. dropped),AugSynth_FE,2023w27,2023-07-03
33,0.03564692762537813,NA,NA,NA,no2,M8: AugSynth_FE Centro (Bel. dropped),AugSynth_FE,2023w28,2023-07-10
34,-0.008618027530569616,NA,NA,NA,no2,M8: AugSynth_FE Centro (Bel. dropped),AugSynth_FE,2023w29,2023-07-17
35,0.03375110891514943,NA,NA,NA,no2,M8: AugSynth_FE Centro (Bel. dropped),AugSynth_FE,2023w30,2023-07-24
36,-0.008973501580252563,NA,NA,NA,no2,M8: AugSynth_FE Centro (Bel. dropped),AugSynth_FE,2023w31,2023-07-31
37,-0.2367499273592477,NA,NA,NA,no2,M8: AugSynth_FE Centro (Bel. dropped),AugSynth_FE,2023w32,2023-08-07
38,0.22422416181345417,NA,NA,NA,no2,M8: AugSynth_FE Centro (Bel. dropped),AugSynth_FE,2023w33,2023-08-14
39,0.11487276488764353,NA,NA,NA,no2,M8: AugSynth_FE Centro (Bel. dropped),AugSynth_FE,2023w34,2023-08-21
40,-0.018084796873574227,NA,NA,NA,no2,M8: AugSynth_FE Centro (Bel. dropped),AugSynth_FE,2023w35,2023-08-28
41,-0.14070691548692515,NA,NA,NA,no2,M8: AugSynth_FE Centro (Bel. dropped),AugSynth_FE,2023w36,2023-09-04
42,-0.15568026986620565,NA,NA,NA,no2,M8: AugSynth_FE Centro (Bel. dropped),AugSynth_FE,2023w37,2023-09-11
43,-0.0592218660968058,NA,NA,NA,no2,M8: AugSynth_FE Centro (Bel. dropped),AugSynth_FE,2023w38,2023-09-18
44,-0.05226979617081584,NA,NA,NA,no2,M8: AugSynth_FE Centro (Bel. dropped),AugSynth_FE,2023w39,2023-09-25
45,0.010433632931230896,NA,NA,NA,no2,M8: AugSynth_FE Centro (Bel. dropped),AugSynth_FE,2023w40,2023-10-02
46,-0.006343656417910015,NA,NA,NA,no2,M8: AugSynth_FE Centro (Bel. dropped),AugSynth_FE,2023w41,2023-10-09
47,0.09140209125933607,NA,NA,NA,no2,M8: AugSynth_FE Centro (Bel. dropped),AugSynth_FE,2023w42,2023-10-16
48,0.0019575287865865043,NA,NA,NA,no2,M8: AugSynth_FE Centro (Bel. dropped),AugSynth_FE,2023w43,2023-10-23
49,-0.08726598486038517,NA,NA,NA,no2,M8: AugSynth_FE Centro (Bel. dropped),AugSynth_FE,2023w44,2023-10-30
50,0.020245352921076876,NA,NA,NA,no2,M8: AugSynth_FE Centro (Bel. dropped),AugSynth_FE,2023w45,2023-11-06
51,0.1596286018972748,NA,NA,NA,no2,M8: AugSynth_FE Centro (Bel. dropped),AugSynth_FE,2023w46,2023-11-13
52,-0.02532344874345771,NA,NA,NA,no2,M8: AugSynth_FE Centro (Bel. dropped),AugSynth_FE,2023w47,2023-11-20
53,-0.0065533669108379655,-0.2345031840242915,0.23442215403767003,0.965,no2,M8: AugSynth_FE Centro (Bel. dropped),AugSynth_FE,2023w48,2023-11-27
54,0.01306557986135326,-0.21488423725210026,0.24101539697480684,0.817,no2,M8: AugSynth_FE Centro (Bel. dropped),AugSynth_FE,2023w49,2023-12-04
55,0.06763672113801222,-0.1603130959754413,0.3086122420865202,0.411,no2,M8: AugSynth_FE Centro (Bel. dropped),AugSynth_FE,2023w50,2023-12-11
56,0.07775658270613794,-0.13716753057226108,0.3057063998195915,0.412,no2,M8: AugSynth_FE Centro (Bel. dropped),AugSynth_FE,2023w51,2023-12-18
57,0.09105984262722178,-0.12386427065117725,0.3450610674107843,0.394,no2,M8: AugSynth_FE Centro (Bel. dropped),AugSynth_FE,2023w52,2023-12-25
58,0.10681263750259884,-0.10811147577580019,0.36081386228616136,0.37,no2,M8: AugSynth_FE Centro (Bel. dropped),AugSynth_FE,2024w01,2024-01-01
59,-0.033167480795052384,-0.2611172979085059,0.22083374398851013,0.672,no2,M8: AugSynth_FE Centro (Bel. dropped),AugSynth_FE,2024w02,2024-01-08
60,-0.1101286597521316,-0.3250527730305306,0.1308468611963764,0.342,no2,M8: AugSynth_FE Centro (Bel. dropped),AugSynth_FE,2024w03,2024-01-15
61,0.028915705815966586,-0.19903411129748694,0.25686552292942016,0.686,no2,M8: AugSynth_FE Centro (Bel. dropped),AugSynth_FE,2024w04,2024-01-22
62,-0.028260360878518576,-0.2431844741569176,0.21271516006998942,0.664,no2,M8: AugSynth_FE Centro (Bel. dropped),AugSynth_FE,2024w05,2024-01-29
63,0.02286160406320281,-0.2050882130502507,0.2508114211766564,0.728,no2,M8: AugSynth_FE Centro (Bel. dropped),AugSynth_FE,2024w06,2024-02-05
64,-0.08549604839526248,-0.3264715693437705,0.1554794725532455,0.392,no2,M8: AugSynth_FE Centro (Bel. dropped),AugSynth_FE,2024w07,2024-02-12
65,-0.14247578314159037,-0.3704256002550439,0.09849973780691762,0.269,no2,M8: AugSynth_FE Centro (Bel. dropped),AugSynth_FE,2024w08,2024-02-19
66,-0.03622901644300036,-0.25115312972139936,0.20474650450550763,0.597,no2,M8: AugSynth_FE Centro (Bel. dropped),AugSynth_FE,2024w09,2024-02-26
67,-0.06012529856285376,-0.27504941184125276,0.18085022238565424,0.448,no2,M8: AugSynth_FE Centro (Bel. dropped),AugSynth_FE,2024w10,2024-03-04
68,-0.03133648366777919,-0.2592863007812327,0.1966133334456744,0.652,no2,M8: AugSynth_FE Centro (Bel. dropped),AugSynth_FE,2024w11,2024-03-11
69,-0.09444851085218353,-0.32239832796563705,0.1725784177664335,0.387,no2,M8: AugSynth_FE Centro (Bel. dropped),AugSynth_FE,2024w12,2024-03-18
70,-0.03466048074767336,-0.27563600169618135,0.2584178555410526,0.63,no2,M8: AugSynth_FE Centro (Bel. dropped),AugSynth_FE,2024w13,2024-03-25
71,-0.14091292648296738,-0.3688627435964209,0.13913970597070408,0.272,no2,M8: AugSynth_FE Centro (Bel. dropped),AugSynth_FE,2024w14,2024-04-01
72,-0.0797553918662115,-0.2946795051446105,0.17424583291735102,0.413,no2,M8: AugSynth_FE Centro (Bel. dropped),AugSynth_FE,2024w15,2024-04-08
73,-0.1088980994920501,-0.3238222127704491,0.1320774214564579,0.302,no2,M8: AugSynth_FE Centro (Bel. dropped),AugSynth_FE,2024w16,2024-04-15
74,-0.012823559589298927,-0.24077337670275245,0.21512625752415465,0.825,no2,M8: AugSynth_FE Centro (Bel. dropped),AugSynth_FE,2024w17,2024-04-22
75,0.009656279772749965,-0.21829353734070356,0.276683208391367,0.832,no2,M8: AugSynth_FE Centro (Bel. dropped),AugSynth_FE,2024w18,2024-04-29
76,0.005958964026176794,-0.22199085308727673,0.2599601888097393,0.939,no2,M8: AugSynth_FE Centro (Bel. dropped),AugSynth_FE,2024w19,2024-05-06
77,-0.08318111551226837,-0.29810522879066736,0.15779440543623963,0.416,no2,M8: AugSynth_FE Centro (Bel. dropped),AugSynth_FE,2024w20,2024-05-13
78,-0.02340060618418338,-0.2513504232976369,0.23060061859937914,0.751,no2,M8: AugSynth_FE Centro (Bel. dropped),AugSynth_FE,2024w21,2024-05-20
79,-0.003497079266610914,-0.23144689638006444,0.2505041455169516,0.98,no2,M8: AugSynth_FE Centro (Bel. dropped),AugSynth_FE,2024w22,2024-05-27
80,0.042228218362856396,-0.18572159875059713,0.2962294431464189,0.552,no2,M8: AugSynth_FE Centro (Bel. dropped),AugSynth_FE,2024w23,2024-06-03
81,0.08184818411294348,-0.13307592916545555,0.32282370506145147,0.439,no2,M8: AugSynth_FE Centro (Bel. dropped),AugSynth_FE,2024w24,2024-06-10
82,-1.9784245702414438e-4,-0.24117336340553214,0.22775197465642943,1,no2,M8: AugSynth_FE Centro (Bel. dropped),AugSynth_FE,2024w25,2024-06-17
83,-0.06275815294307474,-0.29070797005652826,0.2042687756755423,0.483,no2,M8: AugSynth_FE Centro (Bel. dropped),AugSynth_FE,2024w26,2024-06-24
84,-0.05053197326050762,-0.25243038270385215,0.2034692515230549,0.491,no2,M8: AugSynth_FE Centro (Bel. dropped),AugSynth_FE,2024w27,2024-07-01
85,-0.11577089306408839,-0.3306950063424874,0.1252046278844196,0.32,no2,M8: AugSynth_FE Centro (Bel. dropped),AugSynth_FE,2024w28,2024-07-08
86,-0.06661802032586994,-0.30759354127437794,0.16133179678758364,0.431,no2,M8: AugSynth_FE Centro (Bel. dropped),AugSynth_FE,2024w29,2024-07-15
87,0.03490777832908476,-0.19304203878436876,0.27588329927759275,0.616,no2,M8: AugSynth_FE Centro (Bel. dropped),AugSynth_FE,2024w30,2024-07-22
88,0.11622975092290222,-0.11172006619055129,0.37023097570646474,0.302,no2,M8: AugSynth_FE Centro (Bel. dropped),AugSynth_FE,2024w31,2024-07-29
89,-0.027114211973692015,-0.25506402908714554,0.2268870128098705,0.726,no2,M8: AugSynth_FE Centro (Bel. dropped),AugSynth_FE,2024w32,2024-08-05
90,-0.12249395625581982,-0.35044377336927335,0.11848156469268817,0.28,no2,M8: AugSynth_FE Centro (Bel. dropped),AugSynth_FE,2024w33,2024-08-12
91,-0.13083166834990356,-0.37180718929841156,0.11014385259860443,0.275,no2,M8: AugSynth_FE Centro (Bel. dropped),AugSynth_FE,2024w34,2024-08-19
92,-0.1243844930801643,-0.35233431019361783,0.1296167317033982,0.3,no2,M8: AugSynth_FE Centro (Bel. dropped),AugSynth_FE,2024w35,2024-08-26
93,-0.26448105929716803,-0.4663794687405126,-0.023505538348659982,0.015,no2,M8: AugSynth_FE Centro (Bel. dropped),AugSynth_FE,2024w36,2024-09-02
94,-0.10407777744504454,-0.33202759455849806,0.14992344733851798,0.351,no2,M8: AugSynth_FE Centro (Bel. dropped),AugSynth_FE,2024w37,2024-09-09
95,-0.11472708745184779,-0.3426769045653013,0.11322272966160579,0.286,no2,M8: AugSynth_FE Centro (Bel. dropped),AugSynth_FE,2024w38,2024-09-16
96,-0.17409069237082564,-0.41506621331933363,0.05385912474262794,0.186,no2,M8: AugSynth_FE Centro (Bel. dropped),AugSynth_FE,2024w39,2024-09-23
97,-0.11554927416712601,-0.3695504989506885,0.12542624678138198,0.295,no2,M8: AugSynth_FE Centro (Bel. dropped),AugSynth_FE,2024w40,2024-09-30
98,-0.10226119721919336,-0.31718531049759235,0.13871432372931464,0.299,no2,M8: AugSynth_FE Centro (Bel. dropped),AugSynth_FE,2024w41,2024-10-07
99,-0.03311736116128339,-0.2740928821097914,0.2078581597872246,0.668,no2,M8: AugSynth_FE Centro (Bel. dropped),AugSynth_FE,2024w42,2024-10-14
100,-0.012942228259803734,-0.24089204537325726,0.20198188501859532,0.815,no2,M8: AugSynth_FE Centro (Bel. dropped),AugSynth_FE,2024w43,2024-10-21
101,-0.04230077015036082,-0.2963019949339233,0.18564904696309276,0.536,no2,M8: AugSynth_FE Centro (Bel. dropped),AugSynth_FE,2024w44,2024-10-28
102,-0.12459797811114282,-0.35254779522459634,0.11637754283736518,0.261,no2,M8: AugSynth_FE Centro (Bel. dropped),AugSynth_FE,2024w45,2024-11-04
103,-0.05179851278649439,-0.2797483298999479,0.16312560049190467,0.458,no2,M8: AugSynth_FE Centro (Bel. dropped),AugSynth_FE,2024w46,2024-11-11
104,-0.017820667456130757,-0.23274478073452978,0.21012914965732282,0.784,no2,M8: AugSynth_FE Centro (Bel. dropped),AugSynth_FE,2024w47,2024-11-18
105,0.017125995643862968,-0.21082382146959056,0.23205010892226202,0.792,no2,M8: AugSynth_FE Centro (Bel. dropped),AugSynth_FE,2024w48,2024-11-25
106,0.04747474787442707,-0.15442366156891746,0.28845026882293506,0.489,no2,M8: AugSynth_FE Centro (Bel. dropped),AugSynth_FE,2024w49,2024-12-02
107,0.044565516101723546,-0.17035859717667548,0.2725153332151771,0.542,no2,M8: AugSynth_FE Centro (Bel. dropped),AugSynth_FE,2024w50,2024-12-09
108,-0.08804106260044842,-0.3029651758788474,0.15293445834805958,0.357,no2,M8: AugSynth_FE Centro (Bel. dropped),AugSynth_FE,2024w51,2024-12-16
109,-0.02059332912007905,-0.23551744239847808,0.22038219182842894,0.759,no2,M8: AugSynth_FE Centro (Bel. dropped),AugSynth_FE,2024w52,2024-12-23
110,0.11820630481297245,-0.13579491997059004,0.3982589372666439,0.32,no2,M8: AugSynth_FE Centro (Bel. dropped),AugSynth_FE,2025w01,2024-12-30
111,-0.017203429924348868,-0.2321275432027479,0.22377209102415913,0.789,no2,M8: AugSynth_FE Centro (Bel. dropped),AugSynth_FE,2025w02,2025-01-06
112,-0.037997228762078894,-0.2789727497105869,0.21600399602148362,0.559,no2,M8: AugSynth_FE Centro (Bel. dropped),AugSynth_FE,2025w03,2025-01-13
113,0.00981875182661307,-0.23115676912189492,0.23776856894006665,0.84,no2,M8: AugSynth_FE Centro (Bel. dropped),AugSynth_FE,2025w04,2025-01-20
114,0.03867682182385623,-0.1762472914545428,0.2796523427723642,0.545,no2,M8: AugSynth_FE Centro (Bel. dropped),AugSynth_FE,2025w05,2025-01-27
115,0.18966946664049322,-0.03828035047296027,0.44367069142405585,0.087,no2,M8: AugSynth_FE Centro (Bel. dropped),AugSynth_FE,2025w06,2025-02-03
116,0.12135910851582032,-0.13264211626774217,0.37536033329938284,0.292,no2,M8: AugSynth_FE Centro (Bel. dropped),AugSynth_FE,2025w07,2025-02-10
117,0.10871388364076351,-0.15831304497785348,0.38876651609443497,0.368,no2,M8: AugSynth_FE Centro (Bel. dropped),AugSynth_FE,2025w08,2025-02-17
118,0.42445253815448947,0.10532279419565455,0.7435822821133244,0.023,no2,M8: AugSynth_FE Centro (Bel. dropped),AugSynth_FE,2025w09,2025-02-24
119,0.4062768443461766,0,0.7254065883050116,0.053,no2,M8: AugSynth_FE Centro (Bel. dropped),AugSynth_FE,2025w10,2025-03-03
120,0.36489778194069444,0,0.6840275258995294,0.118,no2,M8: AugSynth_FE Centro (Bel. dropped),AugSynth_FE,2025w11,2025-03-10
121,0.313241333817337,-0.005888410141497935,0.632371077776172,0.166,no2,M8: AugSynth_FE Centro (Bel. dropped),AugSynth_FE,2025w12,2025-03-17
122,0.33300834129180146,0,0.6521380852506364,0.079,no2,M8: AugSynth_FE Centro (Bel. dropped),AugSynth_FE,2025w13,2025-03-24
123,0.3142556466302464,-0.004874097328588511,0.6333853905890814,0.142,no2,M8: AugSynth_FE Centro (Bel. dropped),AugSynth_FE,2025w14,2025-03-31
124,0.06868102549097577,-0.23742301463280466,0.36175936177970175,0.488,no2,M8: AugSynth_FE Centro (Bel. dropped),AugSynth_FE,2025w15,2025-04-07
125,-0.026124505148593435,-0.25407432226204696,0.21485101579991456,0.712,no2,M8: AugSynth_FE Centro (Bel. dropped),AugSynth_FE,2025w16,2025-04-14
126,-0.04250869487886488,-0.2704585119923184,0.15938971456447965,0.528,no2,M8: AugSynth_FE Centro (Bel. dropped),AugSynth_FE,2025w17,2025-04-21
127,0.0034468781608198995,-0.22450293895263362,0.2444223991093279,0.978,no2,M8: AugSynth_FE Centro (Bel. dropped),AugSynth_FE,2025w18,2025-04-28
128,-0.11265956874495364,-0.35363508969346164,0.11529024836849994,0.292,no2,M8: AugSynth_FE Centro (Bel. dropped),AugSynth_FE,2025w19,2025-05-05
129,0.14144955974015883,-0.08650025737329468,0.3693993768536124,0.262,no2,M8: AugSynth_FE Centro (Bel. dropped),AugSynth_FE,2025w20,2025-05-12
130,-0.02467756759802997,-0.26565308854653796,0.2032722495154236,0.729,no2,M8: AugSynth_FE Centro (Bel. dropped),AugSynth_FE,2025w21,2025-05-19
131,0.024308746449854368,-0.20364107066359916,0.25225856356330795,0.711,no2,M8: AugSynth_FE Centro (Bel. dropped),AugSynth_FE,2025w22,2025-05-26
132,-0.007055531491040323,-0.23500534860449385,0.22089428562241326,0.884,no2,M8: AugSynth_FE Centro (Bel. dropped),AugSynth_FE,2025w23,2025-06-02
133,0.053746047703848276,-0.17420376940960525,0.29472156865235627,0.494,no2,M8: AugSynth_FE Centro (Bel. dropped),AugSynth_FE,2025w24,2025-06-09
134,-0.8741522568876059,-1.1021020740010594,-0.6331767359390978,0.019,no2,M8: AugSynth_FE Centro (Bel. dropped),AugSynth_FE,2025w25,2025-06-16
1,-0.03823478427624494,NA,NA,NA,no2,M8b: AugSynth_FE Centro (Bel. in pool),AugSynth_FE,2022w48,2022-11-28
2,0.11162238371983513,NA,NA,NA,no2,M8b: AugSynth_FE Centro (Bel. in pool),AugSynth_FE,2022w49,2022-12-05
3,-0.07062897433238158,NA,NA,NA,no2,M8b: AugSynth_FE Centro (Bel. in pool),AugSynth_FE,2022w50,2022-12-12
4,0.11050922434009314,NA,NA,NA,no2,M8b: AugSynth_FE Centro (Bel. in pool),AugSynth_FE,2022w51,2022-12-19
5,0.07542556408333789,NA,NA,NA,no2,M8b: AugSynth_FE Centro (Bel. in pool),AugSynth_FE,2022w52,2022-12-26
6,0.04260125214591781,NA,NA,NA,no2,M8b: AugSynth_FE Centro (Bel. in pool),AugSynth_FE,2023w01,2023-01-02
7,0.027009234089742762,NA,NA,NA,no2,M8b: AugSynth_FE Centro (Bel. in pool),AugSynth_FE,2023w02,2023-01-09
8,-0.06369085343880698,NA,NA,NA,no2,M8b: AugSynth_FE Centro (Bel. in pool),AugSynth_FE,2023w03,2023-01-16
9,-0.09935947659219391,NA,NA,NA,no2,M8b: AugSynth_FE Centro (Bel. in pool),AugSynth_FE,2023w04,2023-01-23
10,-0.027571315306735844,NA,NA,NA,no2,M8b: AugSynth_FE Centro (Bel. in pool),AugSynth_FE,2023w05,2023-01-30
11,0.10278500765242349,NA,NA,NA,no2,M8b: AugSynth_FE Centro (Bel. in pool),AugSynth_FE,2023w06,2023-02-06
12,-0.027767031318060464,NA,NA,NA,no2,M8b: AugSynth_FE Centro (Bel. in pool),AugSynth_FE,2023w07,2023-02-13
13,-0.06079685079782182,NA,NA,NA,no2,M8b: AugSynth_FE Centro (Bel. in pool),AugSynth_FE,2023w08,2023-02-20
14,-0.017661365406979268,NA,NA,NA,no2,M8b: AugSynth_FE Centro (Bel. in pool),AugSynth_FE,2023w09,2023-02-27
15,-0.002241267813202885,NA,NA,NA,no2,M8b: AugSynth_FE Centro (Bel. in pool),AugSynth_FE,2023w10,2023-03-06
16,-0.08304429114771494,NA,NA,NA,no2,M8b: AugSynth_FE Centro (Bel. in pool),AugSynth_FE,2023w11,2023-03-13
17,-0.0487167626660443,NA,NA,NA,no2,M8b: AugSynth_FE Centro (Bel. in pool),AugSynth_FE,2023w12,2023-03-20
18,-0.007369817644266252,NA,NA,NA,no2,M8b: AugSynth_FE Centro (Bel. in pool),AugSynth_FE,2023w13,2023-03-27
19,0.011621529996511892,NA,NA,NA,no2,M8b: AugSynth_FE Centro (Bel. in pool),AugSynth_FE,2023w14,2023-04-03
20,-0.01330773730667012,NA,NA,NA,no2,M8b: AugSynth_FE Centro (Bel. in pool),AugSynth_FE,2023w15,2023-04-10
21,-0.09849067717324056,NA,NA,NA,no2,M8b: AugSynth_FE Centro (Bel. in pool),AugSynth_FE,2023w16,2023-04-17
22,-0.03322311064923955,NA,NA,NA,no2,M8b: AugSynth_FE Centro (Bel. in pool),AugSynth_FE,2023w17,2023-04-24
23,-0.1379044823228499,NA,NA,NA,no2,M8b: AugSynth_FE Centro (Bel. in pool),AugSynth_FE,2023w18,2023-05-01
24,-0.08068237759221075,NA,NA,NA,no2,M8b: AugSynth_FE Centro (Bel. in pool),AugSynth_FE,2023w19,2023-05-08
25,0.09718644550561795,NA,NA,NA,no2,M8b: AugSynth_FE Centro (Bel. in pool),AugSynth_FE,2023w20,2023-05-15
26,0.01192752800168373,NA,NA,NA,no2,M8b: AugSynth_FE Centro (Bel. in pool),AugSynth_FE,2023w21,2023-05-22
27,-0.0038843677936624132,NA,NA,NA,no2,M8b: AugSynth_FE Centro (Bel. in pool),AugSynth_FE,2023w22,2023-05-29
28,0.12283765854247708,NA,NA,NA,no2,M8b: AugSynth_FE Centro (Bel. in pool),AugSynth_FE,2023w23,2023-06-05
29,0.14051857616661456,NA,NA,NA,no2,M8b: AugSynth_FE Centro (Bel. in pool),AugSynth_FE,2023w24,2023-06-12
30,0.2059641341958085,NA,NA,NA,no2,M8b: AugSynth_FE Centro (Bel. in pool),AugSynth_FE,2023w25,2023-06-19
31,0.12249746831360486,NA,NA,NA,no2,M8b: AugSynth_FE Centro (Bel. in pool),AugSynth_FE,2023w26,2023-06-26
32,0.19087516519427838,NA,NA,NA,no2,M8b: AugSynth_FE Centro (Bel. in pool),AugSynth_FE,2023w27,2023-07-03
33,0.05562368184833755,NA,NA,NA,no2,M8b: AugSynth_FE Centro (Bel. in pool),AugSynth_FE,2023w28,2023-07-10
34,-0.019085615553219526,NA,NA,NA,no2,M8b: AugSynth_FE Centro (Bel. in pool),AugSynth_FE,2023w29,2023-07-17
35,0.03747782175933656,NA,NA,NA,no2,M8b: AugSynth_FE Centro (Bel. in pool),AugSynth_FE,2023w30,2023-07-24
36,-0.04333999188113902,NA,NA,NA,no2,M8b: AugSynth_FE Centro (Bel. in pool),AugSynth_FE,2023w31,2023-07-31
37,-0.1845590587131447,NA,NA,NA,no2,M8b: AugSynth_FE Centro (Bel. in pool),AugSynth_FE,2023w32,2023-08-07
38,0.10760910062989293,NA,NA,NA,no2,M8b: AugSynth_FE Centro (Bel. in pool),AugSynth_FE,2023w33,2023-08-14
39,0.07273932886955459,NA,NA,NA,no2,M8b: AugSynth_FE Centro (Bel. in pool),AugSynth_FE,2023w34,2023-08-21
40,-0.059482387927698,NA,NA,NA,no2,M8b: AugSynth_FE Centro (Bel. in pool),AugSynth_FE,2023w35,2023-08-28
41,-0.1424823264336239,NA,NA,NA,no2,M8b: AugSynth_FE Centro (Bel. in pool),AugSynth_FE,2023w36,2023-09-04
42,-0.14692001850339498,NA,NA,NA,no2,M8b: AugSynth_FE Centro (Bel. in pool),AugSynth_FE,2023w37,2023-09-11
43,-0.02605265940846868,NA,NA,NA,no2,M8b: AugSynth_FE Centro (Bel. in pool),AugSynth_FE,2023w38,2023-09-18
44,-0.08360393057466986,NA,NA,NA,no2,M8b: AugSynth_FE Centro (Bel. in pool),AugSynth_FE,2023w39,2023-09-25
45,-0.023264111592376402,NA,NA,NA,no2,M8b: AugSynth_FE Centro (Bel. in pool),AugSynth_FE,2023w40,2023-10-02
46,0.01051701154876783,NA,NA,NA,no2,M8b: AugSynth_FE Centro (Bel. in pool),AugSynth_FE,2023w41,2023-10-09
47,0.1112320817121919,NA,NA,NA,no2,M8b: AugSynth_FE Centro (Bel. in pool),AugSynth_FE,2023w42,2023-10-16
48,-0.025214585756696994,NA,NA,NA,no2,M8b: AugSynth_FE Centro (Bel. in pool),AugSynth_FE,2023w43,2023-10-23
49,-0.07584997290823114,NA,NA,NA,no2,M8b: AugSynth_FE Centro (Bel. in pool),AugSynth_FE,2023w44,2023-10-30
50,0.010990411823086355,NA,NA,NA,no2,M8b: AugSynth_FE Centro (Bel. in pool),AugSynth_FE,2023w45,2023-11-06
51,0.0907853142106414,NA,NA,NA,no2,M8b: AugSynth_FE Centro (Bel. in pool),AugSynth_FE,2023w46,2023-11-13
52,-0.12592572151877368,NA,NA,NA,no2,M8b: AugSynth_FE Centro (Bel. in pool),AugSynth_FE,2023w47,2023-11-20
53,-0.017656396078209013,-0.21606381196298013,0.17002629462360147,0.853,no2,M8b: AugSynth_FE Centro (Bel. in pool),AugSynth_FE,2023w48,2023-11-27
54,-0.08236322058639711,-0.30222008683708945,0.1482183708472558,0.438,no2,M8b: AugSynth_FE Centro (Bel. in pool),AugSynth_FE,2023w49,2023-12-04
55,0.08501118262398677,-0.11339623326078435,0.2941433236917185,0.441,no2,M8b: AugSynth_FE Centro (Bel. in pool),AugSynth_FE,2023w50,2023-12-11
56,0.057603841354997964,-0.13007884934681255,0.2560112572397691,0.552,no2,M8b: AugSynth_FE Centro (Bel. in pool),AugSynth_FE,2023w51,2023-12-18
57,0.032528509019698504,-0.16587890686507262,0.2523853752703908,0.725,no2,M8b: AugSynth_FE Centro (Bel. in pool),AugSynth_FE,2023w52,2023-12-25
58,0.025256159123880018,-0.18387598194385169,0.2451130253745723,0.813,no2,M8b: AugSynth_FE Centro (Bel. in pool),AugSynth_FE,2024w01,2024-01-01
59,-0.056476408574300585,-0.2548838244590717,0.15265573249343112,0.578,no2,M8b: AugSynth_FE Centro (Bel. in pool),AugSynth_FE,2024w02,2024-01-08
60,-0.06838674157314673,-0.26679415745791785,0.14074539949458498,0.492,no2,M8b: AugSynth_FE Centro (Bel. in pool),AugSynth_FE,2024w03,2024-01-15
61,-0.029775877657156613,-0.21745856835896712,0.1686315382276145,0.732,no2,M8b: AugSynth_FE Centro (Bel. in pool),AugSynth_FE,2024w04,2024-01-22
62,-0.09125677775695529,-0.2896641936417264,0.11787536331077642,0.394,no2,M8b: AugSynth_FE Centro (Bel. in pool),AugSynth_FE,2024w05,2024-01-29
63,-0.0198212750554565,-0.21822869094022762,0.16786141564635398,0.815,no2,M8b: AugSynth_FE Centro (Bel. in pool),AugSynth_FE,2024w06,2024-02-05
64,-0.14399363894819261,-0.3531257800159243,0.06513850211953909,0.182,no2,M8b: AugSynth_FE Centro (Bel. in pool),AugSynth_FE,2024w07,2024-02-12
65,-0.1864296815382871,-0.40628654778897944,0.022702459529444607,0.08,no2,M8b: AugSynth_FE Centro (Bel. in pool),AugSynth_FE,2024w08,2024-02-19
66,-0.06745884908476052,-0.28731571533545286,0.14167329198297118,0.527,no2,M8b: AugSynth_FE Centro (Bel. in pool),AugSynth_FE,2024w09,2024-02-26
67,-0.06784596888423877,-0.2662533847690099,0.14128617218349293,0.508,no2,M8b: AugSynth_FE Centro (Bel. in pool),AugSynth_FE,2024w10,2024-03-04
68,-0.10135551372696483,-0.31048765479469653,0.09705190215780629,0.363,no2,M8b: AugSynth_FE Centro (Bel. in pool),AugSynth_FE,2024w11,2024-03-11
69,-0.10261192671664432,-0.311744067784376,0.1279696647170086,0.389,no2,M8b: AugSynth_FE Centro (Bel. in pool),AugSynth_FE,2024w12,2024-03-18
70,-0.06339830126196055,-0.2832551675126529,0.16718329017169237,0.582,no2,M8b: AugSynth_FE Centro (Bel. in pool),AugSynth_FE,2024w13,2024-03-25
71,-0.171349292366068,-0.3804814334337997,0.059232299067584926,0.085,no2,M8b: AugSynth_FE Centro (Bel. in pool),AugSynth_FE,2024w14,2024-04-01
72,-0.035501761591218095,-0.2446339026589498,0.1843551046594742,0.707,no2,M8b: AugSynth_FE Centro (Bel. in pool),AugSynth_FE,2024w15,2024-04-08
73,-0.12456459286876465,-0.32297200875353577,0.08456754819896706,0.209,no2,M8b: AugSynth_FE Centro (Bel. in pool),AugSynth_FE,2024w16,2024-04-15
74,-0.09413429286819675,-0.30326643393592845,0.11499784819953496,0.385,no2,M8b: AugSynth_FE Centro (Bel. in pool),AugSynth_FE,2024w17,2024-04-22
75,-0.03720487181824916,-0.24633701288598087,0.19337671961540376,0.725,no2,M8b: AugSynth_FE Centro (Bel. in pool),AugSynth_FE,2024w18,2024-04-29
76,0.015154267284927858,-0.18325314859984326,0.23501113353562014,0.827,no2,M8b: AugSynth_FE Centro (Bel. in pool),AugSynth_FE,2024w19,2024-05-06
77,-0.111460035579237,-0.29914272628104754,0.0976721054884947,0.285,no2,M8b: AugSynth_FE Centro (Bel. in pool),AugSynth_FE,2024w20,2024-05-13
78,-0.02826923087212485,-0.22667664675689597,0.19158763537856743,0.801,no2,M8b: AugSynth_FE Centro (Bel. in pool),AugSynth_FE,2024w21,2024-05-20
79,-0.024861180878015254,-0.22326859676278638,0.19499568537267703,0.805,no2,M8b: AugSynth_FE Centro (Bel. in pool),AugSynth_FE,2024w22,2024-05-27
80,-0.07417538670420676,-0.2940322529548991,0.15640620472944616,0.556,no2,M8b: AugSynth_FE Centro (Bel. in pool),AugSynth_FE,2024w23,2024-06-03
81,-0.07303424551833215,-0.3036158369519851,0.18972152146420257,0.57,no2,M8b: AugSynth_FE Centro (Bel. in pool),AugSynth_FE,2024w24,2024-06-10
82,-0.04230380011261836,-0.2728853915462713,0.17755306613807392,0.676,no2,M8b: AugSynth_FE Centro (Bel. in pool),AugSynth_FE,2024w25,2024-06-17
83,-0.11447441610435538,-0.3128818319891265,0.09465772496337632,0.33,no2,M8b: AugSynth_FE Centro (Bel. in pool),AugSynth_FE,2024w26,2024-06-24
84,-0.099880818173685,-0.2982882340584561,0.11997604807700729,0.37,no2,M8b: AugSynth_FE Centro (Bel. in pool),AugSynth_FE,2024w27,2024-07-01
85,-0.08197474046651854,-0.28038215635128966,0.12715740060121317,0.479,no2,M8b: AugSynth_FE Centro (Bel. in pool),AugSynth_FE,2024w28,2024-07-08
86,-0.08345530548743962,-0.28186272137221074,0.10422738521437086,0.415,no2,M8b: AugSynth_FE Centro (Bel. in pool),AugSynth_FE,2024w29,2024-07-15
87,-0.002430208863699601,-0.2115623499314313,0.19597720702107152,1,no2,M8b: AugSynth_FE Centro (Bel. in pool),AugSynth_FE,2024w30,2024-07-22
88,0.04248440418281563,-0.17737246206787669,0.2623412704335079,0.685,no2,M8b: AugSynth_FE Centro (Bel. in pool),AugSynth_FE,2024w31,2024-07-29
89,-0.030506154160745425,-0.22891357004551655,0.1679012617240257,0.751,no2,M8b: AugSynth_FE Centro (Bel. in pool),AugSynth_FE,2024w32,2024-08-05
90,-0.07453611366313195,-0.28366825473086366,0.13459602740459975,0.514,no2,M8b: AugSynth_FE Centro (Bel. in pool),AugSynth_FE,2024w33,2024-08-12
91,-0.12164838403832512,-0.32005579992309624,0.08748375702940658,0.268,no2,M8b: AugSynth_FE Centro (Bel. in pool),AugSynth_FE,2024w34,2024-08-19
92,-0.07950147821319575,-0.2993583444638881,0.14035538803749653,0.544,no2,M8b: AugSynth_FE Centro (Bel. in pool),AugSynth_FE,2024w35,2024-08-26
93,-0.22928647721739148,-0.4276938931021626,-0.02015433614965978,0.019,no2,M8b: AugSynth_FE Centro (Bel. in pool),AugSynth_FE,2024w36,2024-09-02
94,-0.11713398307549605,-0.32626612414322775,0.09199815799223565,0.302,no2,M8b: AugSynth_FE Centro (Bel. in pool),AugSynth_FE,2024w37,2024-09-09
95,-0.07768572578720478,-0.2760931416719759,0.12072169009756634,0.528,no2,M8b: AugSynth_FE Centro (Bel. in pool),AugSynth_FE,2024w38,2024-09-16
96,-0.15500713998796467,-0.3641392810556964,0.03267555071384581,0.088,no2,M8b: AugSynth_FE Centro (Bel. in pool),AugSynth_FE,2024w39,2024-09-23
97,-0.10367694192800592,-0.30208435781277704,0.10545519913972579,0.376,no2,M8b: AugSynth_FE Centro (Bel. in pool),AugSynth_FE,2024w40,2024-09-30
98,-0.10546557720888217,-0.2931482679106927,0.09294183867588895,0.272,no2,M8b: AugSynth_FE Centro (Bel. in pool),AugSynth_FE,2024w41,2024-10-07
99,-0.08967174268871725,-0.29880388375644895,0.10873567319605387,0.396,no2,M8b: AugSynth_FE Centro (Bel. in pool),AugSynth_FE,2024w42,2024-10-14
100,-0.10659612498190896,-0.3264529912326013,0.10253601608582275,0.362,no2,M8b: AugSynth_FE Centro (Bel. in pool),AugSynth_FE,2024w43,2024-10-21
101,-0.07492103250592441,-0.29477789875661675,0.12348638337884671,0.535,no2,M8b: AugSynth_FE Centro (Bel. in pool),AugSynth_FE,2024w44,2024-10-28
102,-0.09583829855517623,-0.29424571443994735,0.11329384251255548,0.355,no2,M8b: AugSynth_FE Centro (Bel. in pool),AugSynth_FE,2024w45,2024-11-04
103,-0.018905875327522192,-0.2173132912122933,0.1687768153742883,0.842,no2,M8b: AugSynth_FE Centro (Bel. in pool),AugSynth_FE,2024w46,2024-11-11
104,-0.10048485468581436,-0.2988922705705855,0.09792256119895676,0.336,no2,M8b: AugSynth_FE Centro (Bel. in pool),AugSynth_FE,2024w47,2024-11-18
105,-0.09094578790531305,-0.3108026541560054,0.12891107834537924,0.437,no2,M8b: AugSynth_FE Centro (Bel. in pool),AugSynth_FE,2024w48,2024-11-25
106,0.0014698417025704735,-0.18621284899924004,0.21060198277030218,1,no2,M8b: AugSynth_FE Centro (Bel. in pool),AugSynth_FE,2024w49,2024-12-02
107,-0.02623709105201444,-0.22464450693678556,0.18289505001571726,0.794,no2,M8b: AugSynth_FE Centro (Bel. in pool),AugSynth_FE,2024w50,2024-12-09
108,-0.1291320275908272,-0.31681471829263774,0.06927538829394392,0.167,no2,M8b: AugSynth_FE Centro (Bel. in pool),AugSynth_FE,2024w51,2024-12-16
109,-0.04399799963406403,-0.24240541551883515,0.1544094162507071,0.631,no2,M8b: AugSynth_FE Centro (Bel. in pool),AugSynth_FE,2024w52,2024-12-23
110,0.020504651310808253,-0.19935221493988406,0.27253569311038234,0.848,no2,M8b: AugSynth_FE Centro (Bel. in pool),AugSynth_FE,2025w01,2024-12-30
111,-0.09763569979406528,-0.306767840861797,0.11149644127366642,0.377,no2,M8b: AugSynth_FE Centro (Bel. in pool),AugSynth_FE,2025w02,2025-01-06
112,-0.09736444226200947,-0.2957718581467806,0.12249242398868282,0.374,no2,M8b: AugSynth_FE Centro (Bel. in pool),AugSynth_FE,2025w03,2025-01-13
113,-0.03021709237512704,-0.23934923344285874,0.16819032350964408,0.754,no2,M8b: AugSynth_FE Centro (Bel. in pool),AugSynth_FE,2025w04,2025-01-20
114,0.009760743793525872,-0.18864667209124525,0.21889288486125758,0.944,no2,M8b: AugSynth_FE Centro (Bel. in pool),AugSynth_FE,2025w05,2025-01-27
115,0.08479851849373743,-0.12433362257399429,0.3046553847444297,0.49,no2,M8b: AugSynth_FE Centro (Bel. in pool),AugSynth_FE,2025w06,2025-02-03
116,0.03687924179778301,-0.1829776244529093,0.26746083323143593,0.689,no2,M8b: AugSynth_FE Centro (Bel. in pool),AugSynth_FE,2025w07,2025-02-10
117,0.034475859880956694,-0.19610573155269623,0.2865069016805308,0.681,no2,M8b: AugSynth_FE Centro (Bel. in pool),AugSynth_FE,2025w08,2025-02-17
118,0.1805766252552008,-0.08217914172733393,0.4433323922377355,0.408,no2,M8b: AugSynth_FE Centro (Bel. in pool),AugSynth_FE,2025w09,2025-02-24
119,0.14212767720203523,-0.12062808978049949,0.40488344418456995,0.534,no2,M8b: AugSynth_FE Centro (Bel. in pool),AugSynth_FE,2025w10,2025-03-03
120,0.10038380469493857,-0.16237196228759615,0.3631395716774733,0.652,no2,M8b: AugSynth_FE Centro (Bel. in pool),AugSynth_FE,2025w11,2025-03-10
121,0.07144550372999792,-0.1913102632525368,0.33420127071253264,0.665,no2,M8b: AugSynth_FE Centro (Bel. in pool),AugSynth_FE,2025w12,2025-03-17
122,0.10443916691782373,-0.158316600064711,0.36719493390035846,0.563,no2,M8b: AugSynth_FE Centro (Bel. in pool),AugSynth_FE,2025w13,2025-03-24
123,0.07438942376811442,-0.1883663432144203,0.33714519075064914,0.672,no2,M8b: AugSynth_FE Centro (Bel. in pool),AugSynth_FE,2025w14,2025-03-31
124,-0.024344498334571085,-0.2871002653171058,0.23841126864796364,0.904,no2,M8b: AugSynth_FE Centro (Bel. in pool),AugSynth_FE,2025w15,2025-04-07
125,-0.09124716140097355,-0.30037930246870526,0.10716025448379757,0.397,no2,M8b: AugSynth_FE Centro (Bel. in pool),AugSynth_FE,2025w16,2025-04-14
126,-0.10556107758790123,-0.30396849347267235,0.09284633829686989,0.342,no2,M8b: AugSynth_FE Centro (Bel. in pool),AugSynth_FE,2025w17,2025-04-21
127,-0.09310985730912957,-0.3022419983768613,0.1267470089415627,0.397,no2,M8b: AugSynth_FE Centro (Bel. in pool),AugSynth_FE,2025w18,2025-04-28
128,-0.1258496865001537,-0.32425710238492483,0.06183300420165677,0.202,no2,M8b: AugSynth_FE Centro (Bel. in pool),AugSynth_FE,2025w19,2025-05-05
129,0.0015004433685876783,-0.22908114806506524,0.22135730961927996,1,no2,M8b: AugSynth_FE Centro (Bel. in pool),AugSynth_FE,2025w20,2025-05-12
130,-0.11377405380718786,-0.32290619487491956,0.09535808726054384,0.307,no2,M8b: AugSynth_FE Centro (Bel. in pool),AugSynth_FE,2025w21,2025-05-19
131,-0.0601739721110639,-0.2693061131787956,0.1489581689566678,0.602,no2,M8b: AugSynth_FE Centro (Bel. in pool),AugSynth_FE,2025w22,2025-05-26
132,-0.07214672934557997,-0.2705541452303511,0.12626068653919115,0.53,no2,M8b: AugSynth_FE Centro (Bel. in pool),AugSynth_FE,2025w23,2025-06-02
133,-0.08314512213391234,-0.31372671356756526,0.15816119448270122,0.521,no2,M8b: AugSynth_FE Centro (Bel. in pool),AugSynth_FE,2025w24,2025-06-09
134,-0.8726246727194211,-1.0710320886041922,-0.6527678064687288,0.014,no2,M8b: AugSynth_FE Centro (Bel. in pool),AugSynth_FE,2025w25,2025-06-16
1,0.054162309783207796,NA,NA,NA,no2,M9: AugSynth_FE Belisario (Centro dropped),AugSynth_FE,2022w48,2022-11-28
2,-0.19380351441671362,NA,NA,NA,no2,M9: AugSynth_FE Belisario (Centro dropped),AugSynth_FE,2022w49,2022-12-05
3,-0.022059174034896767,NA,NA,NA,no2,M9: AugSynth_FE Belisario (Centro dropped),AugSynth_FE,2022w50,2022-12-12
4,0.08398518599807447,NA,NA,NA,no2,M9: AugSynth_FE Belisario (Centro dropped),AugSynth_FE,2022w51,2022-12-19
5,-0.18142497725679485,NA,NA,NA,no2,M9: AugSynth_FE Belisario (Centro dropped),AugSynth_FE,2022w52,2022-12-26
6,-0.1739863933979371,NA,NA,NA,no2,M9: AugSynth_FE Belisario (Centro dropped),AugSynth_FE,2023w01,2023-01-02
7,-0.0977368625783881,NA,NA,NA,no2,M9: AugSynth_FE Belisario (Centro dropped),AugSynth_FE,2023w02,2023-01-09
8,-0.0772799287540793,NA,NA,NA,no2,M9: AugSynth_FE Belisario (Centro dropped),AugSynth_FE,2023w03,2023-01-16
9,-0.11282521090639186,NA,NA,NA,no2,M9: AugSynth_FE Belisario (Centro dropped),AugSynth_FE,2023w04,2023-01-23
10,-0.0067164858198274224,NA,NA,NA,no2,M9: AugSynth_FE Belisario (Centro dropped),AugSynth_FE,2023w05,2023-01-30
11,-0.10774271109884603,NA,NA,NA,no2,M9: AugSynth_FE Belisario (Centro dropped),AugSynth_FE,2023w06,2023-02-06
12,0.026601103774575918,NA,NA,NA,no2,M9: AugSynth_FE Belisario (Centro dropped),AugSynth_FE,2023w07,2023-02-13
13,-0.07547805480740966,NA,NA,NA,no2,M9: AugSynth_FE Belisario (Centro dropped),AugSynth_FE,2023w08,2023-02-20
14,0.05741683439276013,NA,NA,NA,no2,M9: AugSynth_FE Belisario (Centro dropped),AugSynth_FE,2023w09,2023-02-27
15,0.067456861242853,NA,NA,NA,no2,M9: AugSynth_FE Belisario (Centro dropped),AugSynth_FE,2023w10,2023-03-06
16,-0.09322141146374019,NA,NA,NA,no2,M9: AugSynth_FE Belisario (Centro dropped),AugSynth_FE,2023w11,2023-03-13
17,0.04302949279085366,NA,NA,NA,no2,M9: AugSynth_FE Belisario (Centro dropped),AugSynth_FE,2023w12,2023-03-20
18,0.029813377257570828,NA,NA,NA,no2,M9: AugSynth_FE Belisario (Centro dropped),AugSynth_FE,2023w13,2023-03-27
19,0.04448277919304244,NA,NA,NA,no2,M9: AugSynth_FE Belisario (Centro dropped),AugSynth_FE,2023w14,2023-04-03
20,0.042807331393948544,NA,NA,NA,no2,M9: AugSynth_FE Belisario (Centro dropped),AugSynth_FE,2023w15,2023-04-10
21,0.13039905968640575,NA,NA,NA,no2,M9: AugSynth_FE Belisario (Centro dropped),AugSynth_FE,2023w16,2023-04-17
22,0.009534527856709829,NA,NA,NA,no2,M9: AugSynth_FE Belisario (Centro dropped),AugSynth_FE,2023w17,2023-04-24
23,-0.08679735030520952,NA,NA,NA,no2,M9: AugSynth_FE Belisario (Centro dropped),AugSynth_FE,2023w18,2023-05-01
24,-0.043482480479616115,NA,NA,NA,no2,M9: AugSynth_FE Belisario (Centro dropped),AugSynth_FE,2023w19,2023-05-08
25,0.12584409613643333,NA,NA,NA,no2,M9: AugSynth_FE Belisario (Centro dropped),AugSynth_FE,2023w20,2023-05-15
26,0.08982545636820127,NA,NA,NA,no2,M9: AugSynth_FE Belisario (Centro dropped),AugSynth_FE,2023w21,2023-05-22
27,-0.05894158198442678,NA,NA,NA,no2,M9: AugSynth_FE Belisario (Centro dropped),AugSynth_FE,2023w22,2023-05-29
28,0.06057517768534337,NA,NA,NA,no2,M9: AugSynth_FE Belisario (Centro dropped),AugSynth_FE,2023w23,2023-06-05
29,-0.10711882105194981,NA,NA,NA,no2,M9: AugSynth_FE Belisario (Centro dropped),AugSynth_FE,2023w24,2023-06-12
30,-0.022809663121411194,NA,NA,NA,no2,M9: AugSynth_FE Belisario (Centro dropped),AugSynth_FE,2023w25,2023-06-19
31,-0.06271214448678686,NA,NA,NA,no2,M9: AugSynth_FE Belisario (Centro dropped),AugSynth_FE,2023w26,2023-06-26
32,-0.020344715274506875,NA,NA,NA,no2,M9: AugSynth_FE Belisario (Centro dropped),AugSynth_FE,2023w27,2023-07-03
33,-0.03575117381196913,NA,NA,NA,no2,M9: AugSynth_FE Belisario (Centro dropped),AugSynth_FE,2023w28,2023-07-10
34,0.027336099208112863,NA,NA,NA,no2,M9: AugSynth_FE Belisario (Centro dropped),AugSynth_FE,2023w29,2023-07-17
35,2.0409696809275957e-4,NA,NA,NA,no2,M9: AugSynth_FE Belisario (Centro dropped),AugSynth_FE,2023w30,2023-07-24
36,0.07035853713835172,NA,NA,NA,no2,M9: AugSynth_FE Belisario (Centro dropped),AugSynth_FE,2023w31,2023-07-31
37,-0.10012705120319243,NA,NA,NA,no2,M9: AugSynth_FE Belisario (Centro dropped),AugSynth_FE,2023w32,2023-08-07
38,0.23193708331702245,NA,NA,NA,no2,M9: AugSynth_FE Belisario (Centro dropped),AugSynth_FE,2023w33,2023-08-14
39,0.07711830482292781,NA,NA,NA,no2,M9: AugSynth_FE Belisario (Centro dropped),AugSynth_FE,2023w34,2023-08-21
40,0.07508919070997422,NA,NA,NA,no2,M9: AugSynth_FE Belisario (Centro dropped),AugSynth_FE,2023w35,2023-08-28
41,-0.009687346999963431,NA,NA,NA,no2,M9: AugSynth_FE Belisario (Centro dropped),AugSynth_FE,2023w36,2023-09-04
42,-0.02420045457179798,NA,NA,NA,no2,M9: AugSynth_FE Belisario (Centro dropped),AugSynth_FE,2023w37,2023-09-11
43,-0.06850649451778157,NA,NA,NA,no2,M9: AugSynth_FE Belisario (Centro dropped),AugSynth_FE,2023w38,2023-09-18
44,0.058630461180561255,NA,NA,NA,no2,M9: AugSynth_FE Belisario (Centro dropped),AugSynth_FE,2023w39,2023-09-25
45,0.07519442750992278,NA,NA,NA,no2,M9: AugSynth_FE Belisario (Centro dropped),AugSynth_FE,2023w40,2023-10-02
46,-0.039130685543737,NA,NA,NA,no2,M9: AugSynth_FE Belisario (Centro dropped),AugSynth_FE,2023w41,2023-10-09
47,-0.034684351354070664,NA,NA,NA,no2,M9: AugSynth_FE Belisario (Centro dropped),AugSynth_FE,2023w42,2023-10-16
48,0.04928822155853041,NA,NA,NA,no2,M9: AugSynth_FE Belisario (Centro dropped),AugSynth_FE,2023w43,2023-10-23
49,-0.026468447102460324,NA,NA,NA,no2,M9: AugSynth_FE Belisario (Centro dropped),AugSynth_FE,2023w44,2023-10-30
50,0.017962115554686076,NA,NA,NA,no2,M9: AugSynth_FE Belisario (Centro dropped),AugSynth_FE,2023w45,2023-11-06
51,0.13647508144540943,NA,NA,NA,no2,M9: AugSynth_FE Belisario (Centro dropped),AugSynth_FE,2023w46,2023-11-13
52,0.19751027337033156,NA,NA,NA,no2,M9: AugSynth_FE Belisario (Centro dropped),AugSynth_FE,2023w47,2023-11-20
53,0.024437854343412724,-0.17449591297693834,0.2370911918237879,0.849,no2,M9: AugSynth_FE Belisario (Centro dropped),AugSynth_FE,2023w48,2023-11-27
54,0.18797561728113044,-0.010958150039220627,0.3869093846014815,0.099,no2,M9: AugSynth_FE Belisario (Centro dropped),AugSynth_FE,2023w49,2023-12-04
55,-0.03515318530334577,-0.23408695262369683,0.1775001521770294,0.734,no2,M9: AugSynth_FE Belisario (Centro dropped),AugSynth_FE,2023w50,2023-12-11
56,0.0356069152687275,-0.16332685205162356,0.2894189632291754,0.759,no2,M9: AugSynth_FE Belisario (Centro dropped),AugSynth_FE,2023w51,2023-12-18
57,0.10244232519877494,-0.12393058244162453,0.3150956626791501,0.305,no2,M9: AugSynth_FE Belisario (Centro dropped),AugSynth_FE,2023w52,2023-12-25
58,0.15202106321652264,-0.07435184442387682,0.37839397085692206,0.103,no2,M9: AugSynth_FE Belisario (Centro dropped),AugSynth_FE,2024w01,2024-01-01
59,0.031337454691979794,-0.20875502310844388,0.2577103623323792,0.819,no2,M9: AugSynth_FE Belisario (Centro dropped),AugSynth_FE,2024w02,2024-01-08
60,-0.10129768856684018,-0.32767059620723965,0.12507521907355923,0.286,no2,M9: AugSynth_FE Belisario (Centro dropped),AugSynth_FE,2024w03,2024-01-15
61,0.10933313351944252,-0.10332020396093275,0.3219864709998177,0.233,no2,M9: AugSynth_FE Belisario (Centro dropped),AugSynth_FE,2024w04,2024-01-22
62,0.12079909186412952,-0.07813467545622155,0.3334524293445047,0.193,no2,M9: AugSynth_FE Belisario (Centro dropped),AugSynth_FE,2024w05,2024-01-29
63,0.07787841336555701,-0.12105535395479405,0.2905317508459322,0.402,no2,M9: AugSynth_FE Belisario (Centro dropped),AugSynth_FE,2024w06,2024-02-05
64,0.10156621183646175,-0.11108712564391351,0.3416586896368854,0.291,no2,M9: AugSynth_FE Belisario (Centro dropped),AugSynth_FE,2024w07,2024-02-12
65,0.07467019492652138,-0.15170271271387809,0.3010431025669208,0.478,no2,M9: AugSynth_FE Belisario (Centro dropped),AugSynth_FE,2024w08,2024-02-19
66,0.04644129288151433,-0.16621204459886094,0.27281420052191374,0.698,no2,M9: AugSynth_FE Belisario (Centro dropped),AugSynth_FE,2024w09,2024-02-26
67,0.005820716899720413,-0.20683262058065485,0.2184740543800956,0.984,no2,M9: AugSynth_FE Belisario (Centro dropped),AugSynth_FE,2024w10,2024-03-04
68,0.13122407785046963,-0.08142925962990563,0.35759698549086905,0.155,no2,M9: AugSynth_FE Belisario (Centro dropped),AugSynth_FE,2024w11,2024-03-11
69,-0.0023321076502380578,-0.25614415561068593,0.2514799403102098,0.982,no2,M9: AugSynth_FE Belisario (Centro dropped),AugSynth_FE,2024w12,2024-03-18
70,0.03737711014404299,-0.2301545079764291,0.3049087282645151,0.811,no2,M9: AugSynth_FE Belisario (Centro dropped),AugSynth_FE,2024w13,2024-03-25
71,0.04019084294987785,-0.21362120501057003,0.376320311870471,0.746,no2,M9: AugSynth_FE Belisario (Centro dropped),AugSynth_FE,2024w14,2024-04-01
72,-0.10799675013277144,-0.3480892279331951,0.1320957276676522,0.245,no2,M9: AugSynth_FE Belisario (Centro dropped),AugSynth_FE,2024w15,2024-04-08
73,0.015178065434975796,-0.21119484220542367,0.2415509730753752,0.917,no2,M9: AugSynth_FE Belisario (Centro dropped),AugSynth_FE,2024w16,2024-04-15
74,0.1494125346296742,-0.07696037301072528,0.3757854422700736,0.142,no2,M9: AugSynth_FE Belisario (Centro dropped),AugSynth_FE,2024w17,2024-04-22
75,0.07145378894192422,-0.18235825901852365,0.31154626674234787,0.558,no2,M9: AugSynth_FE Belisario (Centro dropped),AugSynth_FE,2024w18,2024-04-29
76,-0.041476992679905234,-0.2952890406403531,0.1986154851205184,0.732,no2,M9: AugSynth_FE Belisario (Centro dropped),AugSynth_FE,2024w19,2024-05-06
77,0.04170414298078695,-0.18466876465961252,0.26807705062118636,0.708,no2,M9: AugSynth_FE Belisario (Centro dropped),AugSynth_FE,2024w20,2024-05-13
78,-0.01253601901164858,-0.26634806697209645,0.22755645878877506,0.939,no2,M9: AugSynth_FE Belisario (Centro dropped),AugSynth_FE,2024w21,2024-05-20
79,0.02259246010756666,-0.23121958785288121,0.2626849379079903,0.922,no2,M9: AugSynth_FE Belisario (Centro dropped),AugSynth_FE,2024w22,2024-05-27
80,0.2116768579288606,-0.028415619871563075,0.45176933572928424,0.102,no2,M9: AugSynth_FE Belisario (Centro dropped),AugSynth_FE,2024w23,2024-06-03
81,0.28848525989385854,0.020953641773386433,0.5422973078543064,0.021,no2,M9: AugSynth_FE Belisario (Centro dropped),AugSynth_FE,2024w24,2024-06-10
82,0.06482504107023557,-0.1889870068902123,0.3049175188706592,0.581,no2,M9: AugSynth_FE Belisario (Centro dropped),AugSynth_FE,2024w25,2024-06-17
83,0.08482780382847688,-0.1552646739719468,0.3112007114688763,0.446,no2,M9: AugSynth_FE Belisario (Centro dropped),AugSynth_FE,2024w26,2024-06-24
84,0.08115323550293985,-0.14521967213745962,0.3212457133033635,0.464,no2,M9: AugSynth_FE Belisario (Centro dropped),AugSynth_FE,2024w27,2024-07-01
85,-0.0836398343762359,-0.31001274201663537,0.1427330732641635,0.402,no2,M9: AugSynth_FE Belisario (Centro dropped),AugSynth_FE,2024w28,2024-07-08
86,0.021524503610762302,-0.17740926370958876,0.24789741125116171,0.891,no2,M9: AugSynth_FE Belisario (Centro dropped),AugSynth_FE,2024w29,2024-07-15
87,0.06387078370182264,-0.16250212393857683,0.29024369134222205,0.572,no2,M9: AugSynth_FE Belisario (Centro dropped),AugSynth_FE,2024w30,2024-07-22
88,0.12735402089656178,-0.1264580270638861,0.3948856390170339,0.226,no2,M9: AugSynth_FE Belisario (Centro dropped),AugSynth_FE,2024w31,2024-07-29
89,-0.00889466830762009,-0.24898714610804376,0.23119780949280355,0.961,no2,M9: AugSynth_FE Belisario (Centro dropped),AugSynth_FE,2024w32,2024-08-05
90,-0.11443607393823463,-0.35452855173865827,0.12565640386218901,0.241,no2,M9: AugSynth_FE Belisario (Centro dropped),AugSynth_FE,2024w33,2024-08-12
91,-0.0390791247559914,-0.2928911727164393,0.20101335304443224,0.753,no2,M9: AugSynth_FE Belisario (Centro dropped),AugSynth_FE,2024w34,2024-08-19
92,-0.12086814510657184,-0.41583890354709235,0.1741026133339486,0.38,no2,M9: AugSynth_FE Belisario (Centro dropped),AugSynth_FE,2024w35,2024-08-26
93,-0.09232861487209831,-0.33242109267252196,0.14776386292832533,0.402,no2,M9: AugSynth_FE Belisario (Centro dropped),AugSynth_FE,2024w36,2024-09-02
94,0.013570953982960265,-0.2128019536574392,0.28110257210343237,0.934,no2,M9: AugSynth_FE Belisario (Centro dropped),AugSynth_FE,2024w37,2024-09-09
95,-0.08298656417122352,-0.2819203314915746,0.17082548378922435,0.391,no2,M9: AugSynth_FE Belisario (Centro dropped),AugSynth_FE,2024w38,2024-09-16
96,-0.04043630678312393,-0.239370074103475,0.15849746053722713,0.705,no2,M9: AugSynth_FE Belisario (Centro dropped),AugSynth_FE,2024w39,2024-09-23
97,-0.03841994899964174,-0.2647928566400412,0.18795295864075767,0.763,no2,M9: AugSynth_FE Belisario (Centro dropped),AugSynth_FE,2024w40,2024-09-30
98,-7.855638751625982e-4,-0.22715847151556207,0.21186777360521258,0.98,no2,M9: AugSynth_FE Belisario (Centro dropped),AugSynth_FE,2024w41,2024-10-07
99,0.11356497160272028,-0.11280793603767919,0.32621830908309546,0.256,no2,M9: AugSynth_FE Belisario (Centro dropped),AugSynth_FE,2024w42,2024-10-14
100,0.1854770262493437,-0.013456741071007361,0.3981303637297189,0.132,no2,M9: AugSynth_FE Belisario (Centro dropped),AugSynth_FE,2024w43,2024-10-21
101,0.058526088226121153,-0.16784681941427831,0.2986185660265448,0.596,no2,M9: AugSynth_FE Belisario (Centro dropped),AugSynth_FE,2024w44,2024-10-28
102,-0.07409297052668462,-0.3004658781670841,0.1522799371137148,0.484,no2,M9: AugSynth_FE Belisario (Centro dropped),AugSynth_FE,2024w45,2024-11-04
103,-0.07552541540959101,-0.2881787528899663,0.12340835191076005,0.461,no2,M9: AugSynth_FE Belisario (Centro dropped),AugSynth_FE,2024w46,2024-11-11
104,0.15773609234798514,-0.05491724513239013,0.3703894298283603,0.106,no2,M9: AugSynth_FE Belisario (Centro dropped),AugSynth_FE,2024w47,2024-11-18
105,0.20179951746161562,-0.02457339017878385,0.42817242510201503,0.11,no2,M9: AugSynth_FE Belisario (Centro dropped),AugSynth_FE,2024w48,2024-11-25
106,0.08613747121972182,-0.12651586626065345,0.298790808700097,0.335,no2,M9: AugSynth_FE Belisario (Centro dropped),AugSynth_FE,2024w49,2024-12-02
107,0.12815049233496012,-0.09822241530543935,0.35452339997535953,0.176,no2,M9: AugSynth_FE Belisario (Centro dropped),AugSynth_FE,2024w50,2024-12-09
108,0.07152579111142154,-0.12740797620892952,0.2841791285917967,0.473,no2,M9: AugSynth_FE Belisario (Centro dropped),AugSynth_FE,2024w51,2024-12-16
109,0.03349620625862393,-0.19287670138177554,0.25986911389902334,0.79,no2,M9: AugSynth_FE Belisario (Centro dropped),AugSynth_FE,2024w52,2024-12-23
110,0.16784369098418717,-0.12712706745633334,0.4490948792646835,0.158,no2,M9: AugSynth_FE Belisario (Centro dropped),AugSynth_FE,2025w01,2024-12-30
111,0.146476310849339,-0.07989659679106048,0.38656878864976263,0.12,no2,M9: AugSynth_FE Belisario (Centro dropped),AugSynth_FE,2025w02,2025-01-06
112,0.10379526396023486,-0.1225776436801646,0.31644860144061004,0.276,no2,M9: AugSynth_FE Belisario (Centro dropped),AugSynth_FE,2025w03,2025-01-13
113,0.06604464639298513,-0.16032826124741434,0.30613712419340877,0.55,no2,M9: AugSynth_FE Belisario (Centro dropped),AugSynth_FE,2025w04,2025-01-20
114,0.04162321534417979,-0.18474969229621968,0.2679961229845792,0.73,no2,M9: AugSynth_FE Belisario (Centro dropped),AugSynth_FE,2025w05,2025-01-27
115,0.1958659540245833,-0.04422652377584038,0.4222388616649827,0.106,no2,M9: AugSynth_FE Belisario (Centro dropped),AugSynth_FE,2025w06,2025-02-03
116,0.14908558033670083,-0.10472646762374706,0.4028976282971487,0.142,no2,M9: AugSynth_FE Belisario (Centro dropped),AugSynth_FE,2025w07,2025-02-10
117,0.12583426650393292,-0.15541692177656338,0.40708545478442926,0.276,no2,M9: AugSynth_FE Belisario (Centro dropped),AugSynth_FE,2025w08,2025-02-17
118,0.45796928941388915,0.121839820493296,0.7940987583344823,0.046,no2,M9: AugSynth_FE Belisario (Centro dropped),AugSynth_FE,2025w09,2025-02-24
119,0.5028207854670317,0,0.8389502543876248,0.07,no2,M9: AugSynth_FE Belisario (Centro dropped),AugSynth_FE,2025w10,2025-03-03
120,0.5022001658374009,0.16607069691680776,0.838329634757994,0.049,no2,M9: AugSynth_FE Belisario (Centro dropped),AugSynth_FE,2025w11,2025-03-10
121,0.44787501674506913,0,0.7840044856656623,0.068,no2,M9: AugSynth_FE Belisario (Centro dropped),AugSynth_FE,2025w12,2025-03-17
122,0.4069306078978743,0,0.7430600768184674,0.132,no2,M9: AugSynth_FE Belisario (Centro dropped),AugSynth_FE,2025w13,2025-03-24
123,0.45018912554305324,0.11405965662246009,0.7863185944636464,0.049,no2,M9: AugSynth_FE Belisario (Centro dropped),AugSynth_FE,2025w14,2025-03-31
124,0.15881904649080703,-0.16359085226976192,0.48122894525137594,0.25,no2,M9: AugSynth_FE Belisario (Centro dropped),AugSynth_FE,2025w15,2025-04-07
125,0.14451505069189086,-0.06813828678848441,0.35716838817226604,0.16,no2,M9: AugSynth_FE Belisario (Centro dropped),AugSynth_FE,2025w16,2025-04-14
126,0.13451749994746542,-0.06441626737288564,0.3334512672678165,0.151,no2,M9: AugSynth_FE Belisario (Centro dropped),AugSynth_FE,2025w17,2025-04-21
127,0.18047481732923965,-0.03217852015113562,0.40684772496963906,0.092,no2,M9: AugSynth_FE Belisario (Centro dropped),AugSynth_FE,2025w18,2025-04-28
128,0.020270028500711135,-0.17866373881963993,0.2192037958210622,0.908,no2,M9: AugSynth_FE Belisario (Centro dropped),AugSynth_FE,2025w19,2025-05-05
129,0.2775407406349606,0.07860697331460953,0.4901940781153358,0.018,no2,M9: AugSynth_FE Belisario (Centro dropped),AugSynth_FE,2025w20,2025-05-12
130,0.17168910404633353,-0.040964233434041736,0.39806201168673294,0.108,no2,M9: AugSynth_FE Belisario (Centro dropped),AugSynth_FE,2025w21,2025-05-19
131,0.16246649697963989,-0.05018684050073538,0.37511983446001507,0.117,no2,M9: AugSynth_FE Belisario (Centro dropped),AugSynth_FE,2025w22,2025-05-26
132,0.12147355823345496,-0.0911797792469203,0.34784646587385437,0.175,no2,M9: AugSynth_FE Belisario (Centro dropped),AugSynth_FE,2025w23,2025-06-02
133,0.2595864292047305,0.04693309172435525,0.49967890700515416,0.036,no2,M9: AugSynth_FE Belisario (Centro dropped),AugSynth_FE,2025w24,2025-06-09
134,-0.017996202255019966,-0.24436910989541943,0.20837670538537945,0.921,no2,M9: AugSynth_FE Belisario (Centro dropped),AugSynth_FE,2025w25,2025-06-16
