time,estimate,ci_lower,ci_upper,p_val,pollutant,model,method,week_label,week_date
1,0.08747479640023226,NA,NA,NA,pm25,M4: AugSynth Centro+Belisario,AugSynth,2022w48,2022-11-28
2,0.06307826019959872,NA,NA,NA,pm25,M4: AugSynth Centro+Belisario,AugSynth,2022w49,2022-12-05
3,0.09396862296820574,NA,NA,NA,pm25,M4: AugSynth Centro+Belisario,AugSynth,2022w50,2022-12-12
4,0.326829624839164,NA,NA,NA,pm25,M4: AugSynth Centro+Belisario,AugSynth,2022w51,2022-12-19
5,0.17315107993703993,NA,NA,NA,pm25,M4: AugSynth Centro+Belisario,AugSynth,2022w52,2022-12-26
6,0.011590110284590338,NA,NA,NA,pm25,M4: AugSynth Centro+Belisario,AugSynth,2023w01,2023-01-02
7,0.3447482815936209,NA,NA,NA,pm25,M4: AugSynth Centro+Belisario,AugSynth,2023w02,2023-01-09
8,0.1173914539884846,NA,NA,NA,pm25,M4: AugSynth Centro+Belisario,AugSynth,2023w03,2023-01-16
9,0.177240852276761,NA,NA,NA,pm25,M4: AugSynth Centro+Belisario,AugSynth,2023w04,2023-01-23
10,0.2132891610221006,NA,NA,NA,pm25,M4: AugSynth Centro+Belisario,AugSynth,2023w05,2023-01-30
11,0.1499127799051121,NA,NA,NA,pm25,M4: AugSynth Centro+Belisario,AugSynth,2023w06,2023-02-06
12,0.2314448578022752,NA,NA,NA,pm25,M4: AugSynth Centro+Belisario,AugSynth,2023w07,2023-02-13
13,0.01903701401573832,NA,NA,NA,pm25,M4: AugSynth Centro+Belisario,AugSynth,2023w08,2023-02-20
14,0.1574910597560435,NA,NA,NA,pm25,M4: AugSynth Centro+Belisario,AugSynth,2023w09,2023-02-27
15,0.19537446277052473,NA,NA,NA,pm25,M4: AugSynth Centro+Belisario,AugSynth,2023w10,2023-03-06
16,-0.03656519451828588,NA,NA,NA,pm25,M4: AugSynth Centro+Belisario,AugSynth,2023w11,2023-03-13
17,0.04647374567160423,NA,NA,NA,pm25,M4: AugSynth Centro+Belisario,AugSynth,2023w12,2023-03-20
18,0.1889714566352909,NA,NA,NA,pm25,M4: AugSynth Centro+Belisario,AugSynth,2023w13,2023-03-27
19,0.3332190770718406,NA,NA,NA,pm25,M4: AugSynth Centro+Belisario,AugSynth,2023w14,2023-04-03
20,-0.029713370496252,NA,NA,NA,pm25,M4: AugSynth Centro+Belisario,AugSynth,2023w15,2023-04-10
21,-0.021200920452378647,NA,NA,NA,pm25,M4: AugSynth Centro+Belisario,AugSynth,2023w16,2023-04-17
22,0.15969135130151058,NA,NA,NA,pm25,M4: AugSynth Centro+Belisario,AugSynth,2023w17,2023-04-24
23,-0.488513967471901,NA,NA,NA,pm25,M4: AugSynth Centro+Belisario,AugSynth,2023w18,2023-05-01
24,-0.0013119740204712294,NA,NA,NA,pm25,M4: AugSynth Centro+Belisario,AugSynth,2023w19,2023-05-08
25,0.18801962238233338,NA,NA,NA,pm25,M4: AugSynth Centro+Belisario,AugSynth,2023w20,2023-05-15
26,0.07453910033129718,NA,NA,NA,pm25,M4: AugSynth Centro+Belisario,AugSynth,2023w21,2023-05-22
27,0.04651896615551232,NA,NA,NA,pm25,M4: AugSynth Centro+Belisario,AugSynth,2023w22,2023-05-29
28,0.21119150520767427,NA,NA,NA,pm25,M4: AugSynth Centro+Belisario,AugSynth,2023w23,2023-06-05
29,-0.03708715904673099,NA,NA,NA,pm25,M4: AugSynth Centro+Belisario,AugSynth,2023w24,2023-06-12
30,-0.18365659705837745,NA,NA,NA,pm25,M4: AugSynth Centro+Belisario,AugSynth,2023w25,2023-06-19
31,-0.1434006352981756,NA,NA,NA,pm25,M4: AugSynth Centro+Belisario,AugSynth,2023w26,2023-06-26
32,0.2075164496972901,NA,NA,NA,pm25,M4: AugSynth Centro+Belisario,AugSynth,2023w27,2023-07-03
33,-0.01527271895904514,NA,NA,NA,pm25,M4: AugSynth Centro+Belisario,AugSynth,2023w28,2023-07-10
34,-0.3011453690845518,NA,NA,NA,pm25,M4: AugSynth Centro+Belisario,AugSynth,2023w29,2023-07-17
35,-0.03652496270353289,NA,NA,NA,pm25,M4: AugSynth Centro+Belisario,AugSynth,2023w30,2023-07-24
36,-0.12685825783459315,NA,NA,NA,pm25,M4: AugSynth Centro+Belisario,AugSynth,2023w31,2023-07-31
37,-0.38561232161958614,NA,NA,NA,pm25,M4: AugSynth Centro+Belisario,AugSynth,2023w32,2023-08-07
38,0.3717564368379853,NA,NA,NA,pm25,M4: AugSynth Centro+Belisario,AugSynth,2023w33,2023-08-14
39,0.19821391057869864,NA,NA,NA,pm25,M4: AugSynth Centro+Belisario,AugSynth,2023w34,2023-08-21
40,-0.2010447557590087,NA,NA,NA,pm25,M4: AugSynth Centro+Belisario,AugSynth,2023w35,2023-08-28
41,-0.06466682463518936,NA,NA,NA,pm25,M4: AugSynth Centro+Belisario,AugSynth,2023w36,2023-09-04
42,-0.04705336337638677,NA,NA,NA,pm25,M4: AugSynth Centro+Belisario,AugSynth,2023w37,2023-09-11
43,-0.060455080625922974,NA,NA,NA,pm25,M4: AugSynth Centro+Belisario,AugSynth,2023w38,2023-09-18
44,0.2929738293089761,NA,NA,NA,pm25,M4: AugSynth Centro+Belisario,AugSynth,2023w39,2023-09-25
45,0.2362858321202621,NA,NA,NA,pm25,M4: AugSynth Centro+Belisario,AugSynth,2023w40,2023-10-02
46,-0.08140887446317846,NA,NA,NA,pm25,M4: AugSynth Centro+Belisario,AugSynth,2023w41,2023-10-09
47,-0.011613960175275384,NA,NA,NA,pm25,M4: AugSynth Centro+Belisario,AugSynth,2023w42,2023-10-16
48,0.0012870456152729304,NA,NA,NA,pm25,M4: AugSynth Centro+Belisario,AugSynth,2023w43,2023-10-23
49,-0.03741720740707999,NA,NA,NA,pm25,M4: AugSynth Centro+Belisario,AugSynth,2023w44,2023-10-30
50,0.14693642993712253,NA,NA,NA,pm25,M4: AugSynth Centro+Belisario,AugSynth,2023w45,2023-11-06
51,0.39895054262350493,NA,NA,NA,pm25,M4: AugSynth Centro+Belisario,AugSynth,2023w46,2023-11-13
52,0.40502198758304475,NA,NA,NA,pm25,M4: AugSynth Centro+Belisario,AugSynth,2023w47,2023-11-20
53,-0.1197794347428669,-0.6188158638164954,0.41367329978411527,0.583,pm25,M4: AugSynth Centro+Belisario,AugSynth,2023w48,2023-11-27
54,-0.09475935364793342,-0.5593794772682084,0.404277075425695,0.619,pm25,M4: AugSynth Centro+Belisario,AugSynth,2023w49,2023-12-04
55,-0.017035526364147735,-0.5160719554377763,0.5164172081628344,0.885,pm25,M4: AugSynth Centro+Belisario,AugSynth,2023w50,2023-12-11
56,0.08184007298352958,-0.34836374518339164,0.5120438911504506,0.658,pm25,M4: AugSynth Centro+Belisario,AugSynth,2023w51,2023-12-18
57,-0.13574345279414146,-0.9789429364013069,0.5697908089996091,0.561,pm25,M4: AugSynth Centro+Belisario,AugSynth,2023w52,2023-12-25
58,0.027133971482891983,-0.40306984668402923,0.457337789649813,0.849,pm25,M4: AugSynth Centro+Belisario,AugSynth,2024w01,2024-01-01
59,-0.37988946369660237,-0.982174809130292,0.18797957628373352,0.164,pm25,M4: AugSynth Centro+Belisario,AugSynth,2024w02,2024-01-08
60,-0.22943693439372215,-0.8317222798274118,0.30401580013326,0.384,pm25,M4: AugSynth Centro+Belisario,AugSynth,2024w03,2024-01-15
61,-0.10868386544212205,-0.5388876836090433,0.32151995272479894,0.587,pm25,M4: AugSynth Centro+Belisario,AugSynth,2024w04,2024-01-22
62,-0.04292373981751929,-0.4731275579844405,0.3872800783494017,0.787,pm25,M4: AugSynth Centro+Belisario,AugSynth,2024w05,2024-01-29
63,0.11804492232378383,-0.3121588958431374,0.5826650459440585,0.585,pm25,M4: AugSynth Centro+Belisario,AugSynth,2024w06,2024-02-05
64,-0.2783572873413287,-0.7085611055082499,0.1518465308255923,0.223,pm25,M4: AugSynth Centro+Belisario,AugSynth,2024w07,2024-02-12
65,-0.07584135809295045,-0.5404614817132254,0.38877876552732427,0.643,pm25,M4: AugSynth Centro+Belisario,AugSynth,2024w08,2024-02-19
66,0.09521426578453163,-0.36940585783574326,0.5598343894048063,0.635,pm25,M4: AugSynth Centro+Belisario,AugSynth,2024w09,2024-02-26
67,-0.09592199748034824,-0.5605421211006232,0.3686981261399265,0.643,pm25,M4: AugSynth Centro+Belisario,AugSynth,2024w10,2024-03-04
68,0.1137521051766579,-0.3164517129902633,0.5095396178902252,0.598,pm25,M4: AugSynth Centro+Belisario,AugSynth,2024w11,2024-03-11
69,-0.05145153726720997,-0.44723904998077746,0.378752280899711,0.715,pm25,M4: AugSynth Centro+Belisario,AugSynth,2024w12,2024-03-18
70,0.4162068133037633,-0.15166222667657264,0.9152432423773917,0.158,pm25,M4: AugSynth Centro+Belisario,AugSynth,2024w13,2024-03-25
71,0.22446088235572148,-0.27457554671790707,0.6890810059759962,0.348,pm25,M4: AugSynth Centro+Belisario,AugSynth,2024w14,2024-04-01
72,-0.11977859111509925,-0.5155661038286667,0.276008921598468,0.568,pm25,M4: AugSynth Centro+Belisario,AugSynth,2024w15,2024-04-08
73,0.17846951772618436,-0.21731799498738313,0.6086733358931053,0.449,pm25,M4: AugSynth Centro+Belisario,AugSynth,2024w16,2024-04-15
74,0.01237750078547517,-0.4522426228347997,0.5114139298591036,0.966,pm25,M4: AugSynth Centro+Belisario,AugSynth,2024w17,2024-04-22
75,0.04168621739783429,-0.45735021167579426,0.4718900355647553,0.847,pm25,M4: AugSynth Centro+Belisario,AugSynth,2024w18,2024-04-29
76,0.0869350771760371,-0.3088524355375304,0.48272258988960437,0.612,pm25,M4: AugSynth Centro+Belisario,AugSynth,2024w19,2024-05-06
77,0.001929511417336105,-0.4282743067495851,0.4665496350376108,0.968,pm25,M4: AugSynth Centro+Belisario,AugSynth,2024w20,2024-05-13
78,-0.06221808397696904,-0.45800559669053653,0.36798573418995195,0.74,pm25,M4: AugSynth Centro+Belisario,AugSynth,2024w21,2024-05-20
79,0.19478815344288325,-0.20099935927068424,0.6249919716098042,0.382,pm25,M4: AugSynth Centro+Belisario,AugSynth,2024w22,2024-05-27
80,0.035947458267686194,-0.394256359899235,0.4661512764346072,0.858,pm25,M4: AugSynth Centro+Belisario,AugSynth,2024w23,2024-06-03
81,0.020642606144755327,-0.4095612120221659,0.4508464243116763,0.904,pm25,M4: AugSynth Centro+Belisario,AugSynth,2024w24,2024-06-10
82,0.1102663102951067,-0.3199375078718145,0.5404701284620277,0.591,pm25,M4: AugSynth Centro+Belisario,AugSynth,2024w25,2024-06-17
83,-0.11105683880981898,-0.5068443515233865,0.319146979357102,0.608,pm25,M4: AugSynth Centro+Belisario,AugSynth,2024w26,2024-06-24
84,-0.11227688372661548,-0.6801459237069514,0.35234323989365923,0.601,pm25,M4: AugSynth Centro+Belisario,AugSynth,2024w27,2024-07-01
85,-0.03968952260176284,-0.46989334076868405,0.39051429556515815,0.809,pm25,M4: AugSynth Centro+Belisario,AugSynth,2024w28,2024-07-08
86,-0.6227857767222957,-1.0874059003425707,-0.15816565310202102,0.02,pm25,M4: AugSynth Centro+Belisario,AugSynth,2024w29,2024-07-15
87,-0.23667532155093518,-0.6324628342645027,0.1935284966159858,0.239,pm25,M4: AugSynth Centro+Belisario,AugSynth,2024w30,2024-07-22
88,-0.14298698621210537,-0.5731908043790266,0.2872168319548156,0.544,pm25,M4: AugSynth Centro+Belisario,AugSynth,2024w31,2024-07-29
89,0.005160240171572017,-0.3906272725419955,0.4009477528851393,0.967,pm25,M4: AugSynth Centro+Belisario,AugSynth,2024w32,2024-08-05
90,-0.3731859106551445,-0.768973423368712,0.05701790751177649,0.11,pm25,M4: AugSynth Centro+Belisario,AugSynth,2024w33,2024-08-12
91,-0.34927558791489544,-0.7794794060818167,0.08092823025202556,0.161,pm25,M4: AugSynth Centro+Belisario,AugSynth,2024w34,2024-08-19
92,-0.2522521126961035,-0.7168722363163784,0.21236801092417124,0.256,pm25,M4: AugSynth Centro+Belisario,AugSynth,2024w35,2024-08-26
93,-0.20843936281510356,-0.604226875528671,0.1873481498984637,0.291,pm25,M4: AugSynth Centro+Belisario,AugSynth,2024w36,2024-09-02
94,-0.1529013305891791,-0.5486888433027466,0.2773024875777419,0.552,pm25,M4: AugSynth Centro+Belisario,AugSynth,2024w37,2024-09-09
95,-0.4039326739706821,-0.8341364921376033,0.026271144196238883,0.097,pm25,M4: AugSynth Centro+Belisario,AugSynth,2024w38,2024-09-16
96,-0.2671741274468151,-0.6629616401603826,0.12861338526675214,0.217,pm25,M4: AugSynth Centro+Belisario,AugSynth,2024w39,2024-09-23
97,3.0155131579676264,0,3.858712641574792,0.23,pm25,M4: AugSynth Centro+Belisario,AugSynth,2024w40,2024-09-30
98,0.15028811144691367,-0.3831646230800686,0.6837408459738958,0.577,pm25,M4: AugSynth Centro+Belisario,AugSynth,2024w41,2024-10-07
99,0.9689871506179879,0,1.8121866342251534,0.113,pm25,M4: AugSynth Centro+Belisario,AugSynth,2024w42,2024-10-14
100,1.106047132419346,0.2628476488121805,1.9492466160265114,0.044,pm25,M4: AugSynth Centro+Belisario,AugSynth,2024w43,2024-10-21
101,0.6736340079721108,-0.10073286472834726,1.5168334915792763,0.082,pm25,M4: AugSynth Centro+Belisario,AugSynth,2024w44,2024-10-28
102,0.3406773558685594,-0.12394276775171548,0.8397137849421878,0.194,pm25,M4: AugSynth Centro+Belisario,AugSynth,2024w45,2024-11-04
103,0.012461562412676486,-0.5209911721143058,0.5459142969396586,1,pm25,M4: AugSynth Centro+Belisario,AugSynth,2024w46,2024-11-11
104,0.19232078183144585,-0.20346673088212164,0.6569409054517206,0.441,pm25,M4: AugSynth Centro+Belisario,AugSynth,2024w47,2024-11-18
105,0.33198161467296927,-0.201471119854013,0.8998506546533052,0.216,pm25,M4: AugSynth Centro+Belisario,AugSynth,2024w48,2024-11-25
106,0.16760918611202769,-0.2281783266015398,0.5978130042789487,0.466,pm25,M4: AugSynth Centro+Belisario,AugSynth,2024w49,2024-12-02
107,0.10665057947102197,-0.3579695441492529,0.5712707030912967,0.572,pm25,M4: AugSynth Centro+Belisario,AugSynth,2024w50,2024-12-09
108,0.2772182103141967,-0.15298560785272453,0.7074220284811177,0.189,pm25,M4: AugSynth Centro+Belisario,AugSynth,2024w51,2024-12-16
109,0.16490418502838056,-0.334132244045248,0.5951080031953015,0.515,pm25,M4: AugSynth Centro+Belisario,AugSynth,2024w52,2024-12-23
110,-0.031017643978811016,-0.6677192948658544,0.5024350905481711,0.758,pm25,M4: AugSynth Centro+Belisario,AugSynth,2025w01,2024-12-30
111,0.19863317911773226,-0.3004032499558963,0.663253302738007,0.421,pm25,M4: AugSynth Centro+Belisario,AugSynth,2025w02,2025-01-06
112,0.05164701071613509,-0.3785568074507861,0.4818508288830561,0.71,pm25,M4: AugSynth Centro+Belisario,AugSynth,2025w03,2025-01-13
113,0.04896039538380892,-0.41565972823646596,0.4447479080973762,0.739,pm25,M4: AugSynth Centro+Belisario,AugSynth,2025w04,2025-01-20
114,-0.1653655868966566,-0.5955694050635778,0.2648382312702644,0.475,pm25,M4: AugSynth Centro+Belisario,AugSynth,2025w05,2025-01-27
115,0.23932717410776716,-0.19087664405915405,0.6695309922746882,0.247,pm25,M4: AugSynth Centro+Belisario,AugSynth,2025w06,2025-02-03
116,0.20627117023968866,-0.22393264792723255,0.6364749884066097,0.306,pm25,M4: AugSynth Centro+Belisario,AugSynth,2025w07,2025-02-10
117,0.03915337634314131,-0.3910504418237799,0.4693571945100623,0.837,pm25,M4: AugSynth Centro+Belisario,AugSynth,2025w08,2025-02-17
118,0.19816704922568862,-0.19762046348787887,0.5939545619392559,0.29,pm25,M4: AugSynth Centro+Belisario,AugSynth,2025w09,2025-02-24
119,0.09993512259802184,-0.36468500102225304,0.5301389407649428,0.609,pm25,M4: AugSynth Centro+Belisario,AugSynth,2025w10,2025-03-03
120,0.30634200374787124,-0.12386181441904998,0.7365458219147922,0.198,pm25,M4: AugSynth Centro+Belisario,AugSynth,2025w11,2025-03-10
121,0.0391308968880133,-0.5631544485456763,0.503751020508288,0.849,pm25,M4: AugSynth Centro+Belisario,AugSynth,2025w12,2025-03-17
122,-0.1005445743157165,-0.5995810033893451,0.3296592438512045,0.598,pm25,M4: AugSynth Centro+Belisario,AugSynth,2025w13,2025-03-24
123,-0.14554879695487877,-0.679001531481861,0.3534876321187497,0.544,pm25,M4: AugSynth Centro+Belisario,AugSynth,2025w14,2025-03-31
124,-0.3043831288665091,-0.769003252486784,0.19465330020711935,0.216,pm25,M4: AugSynth Centro+Belisario,AugSynth,2025w15,2025-04-07
125,0.10158142186899521,-0.328622396297926,0.5662015454892699,0.594,pm25,M4: AugSynth Centro+Belisario,AugSynth,2025w16,2025-04-14
126,-0.0065842317781261706,-0.40237174449169366,0.4236195863887948,0.969,pm25,M4: AugSynth Centro+Belisario,AugSynth,2025w17,2025-04-21
127,-0.01975663710806952,-0.4843767607283444,0.4104471810588515,0.866,pm25,M4: AugSynth Centro+Belisario,AugSynth,2025w18,2025-04-28
128,0.1818983395969087,-0.2827217840233662,0.6809347686705371,0.459,pm25,M4: AugSynth Centro+Belisario,AugSynth,2025w19,2025-05-05
129,0.09832564310269154,-0.29746186961087595,0.5285294612696125,0.576,pm25,M4: AugSynth Centro+Belisario,AugSynth,2025w20,2025-05-12
130,0.09609031870017715,-0.36852980492009774,0.5951267477738056,0.602,pm25,M4: AugSynth Centro+Belisario,AugSynth,2025w21,2025-05-19
131,-0.054278172423012805,-0.4500656851365803,0.4103419511972619,0.709,pm25,M4: AugSynth Centro+Belisario,AugSynth,2025w22,2025-05-26
132,0.12783182120379522,-0.302371996963126,0.5924519448240699,0.58,pm25,M4: AugSynth Centro+Belisario,AugSynth,2025w23,2025-06-02
133,0.1873025069528138,-0.20848500576075368,0.6175063251197348,0.441,pm25,M4: AugSynth Centro+Belisario,AugSynth,2025w24,2025-06-09
134,-0.18233670775158428,-0.5781242204651518,0.2478671104153367,0.432,pm25,M4: AugSynth Centro+Belisario,AugSynth,2025w25,2025-06-16
1,0.014034427965503582,NA,NA,NA,pm25,M5: AugSynth Centro (Bel. dropped),AugSynth,2022w48,2022-11-28
2,0.135962395690306,NA,NA,NA,pm25,M5: AugSynth Centro (Bel. dropped),AugSynth,2022w49,2022-12-05
3,0.038113471532200904,NA,NA,NA,pm25,M5: AugSynth Centro (Bel. dropped),AugSynth,2022w50,2022-12-12
4,0.331086112844333,NA,NA,NA,pm25,M5: AugSynth Centro (Bel. dropped),AugSynth,2022w51,2022-12-19
5,0.19106814466451505,NA,NA,NA,pm25,M5: AugSynth Centro (Bel. dropped),AugSynth,2022w52,2022-12-26
6,0.02487374266620135,NA,NA,NA,pm25,M5: AugSynth Centro (Bel. dropped),AugSynth,2023w01,2023-01-02
7,0.3360985587981733,NA,NA,NA,pm25,M5: AugSynth Centro (Bel. dropped),AugSynth,2023w02,2023-01-09
8,0.11197284260351381,NA,NA,NA,pm25,M5: AugSynth Centro (Bel. dropped),AugSynth,2023w03,2023-01-16
9,0.2599339000164145,NA,NA,NA,pm25,M5: AugSynth Centro (Bel. dropped),AugSynth,2023w04,2023-01-23
10,0.2645430055905149,NA,NA,NA,pm25,M5: AugSynth Centro (Bel. dropped),AugSynth,2023w05,2023-01-30
11,0.13450966348600124,NA,NA,NA,pm25,M5: AugSynth Centro (Bel. dropped),AugSynth,2023w06,2023-02-06
12,0.14236237840838095,NA,NA,NA,pm25,M5: AugSynth Centro (Bel. dropped),AugSynth,2023w07,2023-02-13
13,0.02478852342059268,NA,NA,NA,pm25,M5: AugSynth Centro (Bel. dropped),AugSynth,2023w08,2023-02-20
14,0.0696438830538999,NA,NA,NA,pm25,M5: AugSynth Centro (Bel. dropped),AugSynth,2023w09,2023-02-27
15,0.16031961515619608,NA,NA,NA,pm25,M5: AugSynth Centro (Bel. dropped),AugSynth,2023w10,2023-03-06
16,-0.10813208021124998,NA,NA,NA,pm25,M5: AugSynth Centro (Bel. dropped),AugSynth,2023w11,2023-03-13
17,-0.06800917092055192,NA,NA,NA,pm25,M5: AugSynth Centro (Bel. dropped),AugSynth,2023w12,2023-03-20
18,0.18269919559902714,NA,NA,NA,pm25,M5: AugSynth Centro (Bel. dropped),AugSynth,2023w13,2023-03-27
19,0.39655827071463,NA,NA,NA,pm25,M5: AugSynth Centro (Bel. dropped),AugSynth,2023w14,2023-04-03
20,0.08528113693845896,NA,NA,NA,pm25,M5: AugSynth Centro (Bel. dropped),AugSynth,2023w15,2023-04-10
21,-0.09079197021177565,NA,NA,NA,pm25,M5: AugSynth Centro (Bel. dropped),AugSynth,2023w16,2023-04-17
22,0.18146495190804046,NA,NA,NA,pm25,M5: AugSynth Centro (Bel. dropped),AugSynth,2023w17,2023-04-24
23,-0.5173181700214853,NA,NA,NA,pm25,M5: AugSynth Centro (Bel. dropped),AugSynth,2023w18,2023-05-01
24,0.03742223594713279,NA,NA,NA,pm25,M5: AugSynth Centro (Bel. dropped),AugSynth,2023w19,2023-05-08
25,0.11561049892633157,NA,NA,NA,pm25,M5: AugSynth Centro (Bel. dropped),AugSynth,2023w20,2023-05-15
26,0.05354609635121621,NA,NA,NA,pm25,M5: AugSynth Centro (Bel. dropped),AugSynth,2023w21,2023-05-22
27,0.08343467973485019,NA,NA,NA,pm25,M5: AugSynth Centro (Bel. dropped),AugSynth,2023w22,2023-05-29
28,0.27487125255495126,NA,NA,NA,pm25,M5: AugSynth Centro (Bel. dropped),AugSynth,2023w23,2023-06-05
29,-0.03686143254471874,NA,NA,NA,pm25,M5: AugSynth Centro (Bel. dropped),AugSynth,2023w24,2023-06-12
30,-0.13643457845754936,NA,NA,NA,pm25,M5: AugSynth Centro (Bel. dropped),AugSynth,2023w25,2023-06-19
31,-0.18851949586792438,NA,NA,NA,pm25,M5: AugSynth Centro (Bel. dropped),AugSynth,2023w26,2023-06-26
32,0.21021167054989398,NA,NA,NA,pm25,M5: AugSynth Centro (Bel. dropped),AugSynth,2023w27,2023-07-03
33,-0.03720365719876417,NA,NA,NA,pm25,M5: AugSynth Centro (Bel. dropped),AugSynth,2023w28,2023-07-10
34,-0.38040392471801354,NA,NA,NA,pm25,M5: AugSynth Centro (Bel. dropped),AugSynth,2023w29,2023-07-17
35,0.02163641040823361,NA,NA,NA,pm25,M5: AugSynth Centro (Bel. dropped),AugSynth,2023w30,2023-07-24
36,-0.15222030546706433,NA,NA,NA,pm25,M5: AugSynth Centro (Bel. dropped),AugSynth,2023w31,2023-07-31
37,-0.39510605968256085,NA,NA,NA,pm25,M5: AugSynth Centro (Bel. dropped),AugSynth,2023w32,2023-08-07
38,0.4465708928074723,NA,NA,NA,pm25,M5: AugSynth Centro (Bel. dropped),AugSynth,2023w33,2023-08-14
39,0.3287262645441382,NA,NA,NA,pm25,M5: AugSynth Centro (Bel. dropped),AugSynth,2023w34,2023-08-21
40,-0.292863536243849,NA,NA,NA,pm25,M5: AugSynth Centro (Bel. dropped),AugSynth,2023w35,2023-08-28
41,-0.13512000210488218,NA,NA,NA,pm25,M5: AugSynth Centro (Bel. dropped),AugSynth,2023w36,2023-09-04
42,-0.07091610169317919,NA,NA,NA,pm25,M5: AugSynth Centro (Bel. dropped),AugSynth,2023w37,2023-09-11
43,-0.09773781510704715,NA,NA,NA,pm25,M5: AugSynth Centro (Bel. dropped),AugSynth,2023w38,2023-09-18
44,0.36980416968074703,NA,NA,NA,pm25,M5: AugSynth Centro (Bel. dropped),AugSynth,2023w39,2023-09-25
45,0.25278007156649895,NA,NA,NA,pm25,M5: AugSynth Centro (Bel. dropped),AugSynth,2023w40,2023-10-02
46,4.984253121853577e-4,NA,NA,NA,pm25,M5: AugSynth Centro (Bel. dropped),AugSynth,2023w41,2023-10-09
47,-0.03197964941126186,NA,NA,NA,pm25,M5: AugSynth Centro (Bel. dropped),AugSynth,2023w42,2023-10-16
48,0.12521891256909212,NA,NA,NA,pm25,M5: AugSynth Centro (Bel. dropped),AugSynth,2023w43,2023-10-23
49,0.1504236344652461,NA,NA,NA,pm25,M5: AugSynth Centro (Bel. dropped),AugSynth,2023w44,2023-10-30
50,0.12466466075592608,NA,NA,NA,pm25,M5: AugSynth Centro (Bel. dropped),AugSynth,2023w45,2023-11-06
51,0.4831521863131085,NA,NA,NA,pm25,M5: AugSynth Centro (Bel. dropped),AugSynth,2023w46,2023-11-13
52,0.34887393926370347,NA,NA,NA,pm25,M5: AugSynth Centro (Bel. dropped),AugSynth,2023w47,2023-11-20
53,-0.07267252430546378,-0.6996483385206511,0.5221506840525346,0.723,pm25,M5: AugSynth Centro (Bel. dropped),AugSynth,2023w48,2023-11-27
54,-0.0901720880928929,-0.6528426905937021,0.5046511202651055,0.751,pm25,M5: AugSynth Centro (Bel. dropped),AugSynth,2023w49,2023-12-04
55,-0.04889206220068498,-0.6758678764158723,0.5459311461573134,0.824,pm25,M5: AugSynth Centro (Bel. dropped),AugSynth,2023w50,2023-12-11
56,0.14917745483940115,-0.38134054180421895,0.6475428456258322,0.558,pm25,M5: AugSynth Centro (Bel. dropped),AugSynth,2023w51,2023-12-18
57,0.05647901801979982,-0.7312598254813331,0.8442178615209327,0.904,pm25,M5: AugSynth Centro (Bel. dropped),AugSynth,2023w52,2023-12-25
58,0.10958832336469149,-0.3887770674217395,0.5758011082939335,0.643,pm25,M5: AugSynth Centro (Bel. dropped),AugSynth,2024w01,2024-01-01
59,-0.20630389606278854,-0.8332797102779759,0.4206719181523989,0.387,pm25,M5: AugSynth Centro (Bel. dropped),AugSynth,2024w02,2024-01-08
60,-0.0760785921978715,-0.7030544064130588,0.583049827874505,0.776,pm25,M5: AugSynth Centro (Bel. dropped),AugSynth,2024w03,2024-01-15
61,-0.15853619956762266,-0.6247489844968646,0.30767658536161935,0.441,pm25,M5: AugSynth Centro (Bel. dropped),AugSynth,2024w04,2024-01-22
62,-0.0637687533869773,-0.5942867500305974,0.43459663739945376,0.813,pm25,M5: AugSynth Centro (Bel. dropped),AugSynth,2024w05,2024-01-29
63,0.08531886643114239,-0.4130465243552886,0.6158368630747625,0.75,pm25,M5: AugSynth Centro (Bel. dropped),AugSynth,2024w06,2024-02-05
64,-0.35841143227164096,-0.824624217200883,0.17210656437197902,0.252,pm25,M5: AugSynth Centro (Bel. dropped),AugSynth,2024w07,2024-02-12
65,-0.1379915793867874,-0.7006621818875967,0.3925264172568327,0.58,pm25,M5: AugSynth Centro (Bel. dropped),AugSynth,2024w08,2024-02-19
66,0.13549827472596343,-0.39501972191765666,0.6660162713695835,0.642,pm25,M5: AugSynth Centro (Bel. dropped),AugSynth,2024w09,2024-02-26
67,-0.11474493611224412,-0.6452629327558642,0.41577306053137597,0.667,pm25,M5: AugSynth Centro (Bel. dropped),AugSynth,2024w10,2024-03-04
68,-0.02143176532264457,-0.48764455025188647,0.44478101960659744,0.954,pm25,M5: AugSynth Centro (Bel. dropped),AugSynth,2024w11,2024-03-11
69,-0.06556673322931372,-0.5639321240157447,0.4006460516999283,0.788,pm25,M5: AugSynth Centro (Bel. dropped),AugSynth,2024w12,2024-03-18
70,0.5079471094757095,-0.08687609888228875,1.134922923690897,0.097,pm25,M5: AugSynth Centro (Bel. dropped),AugSynth,2024w13,2024-03-25
71,0.3302783649657761,-0.23239223753503307,0.8929489674665853,0.241,pm25,M5: AugSynth Centro (Bel. dropped),AugSynth,2024w14,2024-04-01
72,-0.13168151479206092,-0.5978942997213028,0.36668387599437013,0.564,pm25,M5: AugSynth Centro (Bel. dropped),AugSynth,2024w15,2024-04-08
73,0.01815071737355911,-0.4802146734128719,0.4843635023028011,0.957,pm25,M5: AugSynth Centro (Bel. dropped),AugSynth,2024w16,2024-04-15
74,-0.05090378127572004,-0.549269172062151,0.47961421536790005,0.815,pm25,M5: AugSynth Centro (Bel. dropped),AugSynth,2024w17,2024-04-22
75,-0.11732136825612338,-0.5835341531853653,0.4131966283874967,0.641,pm25,M5: AugSynth Centro (Bel. dropped),AugSynth,2024w18,2024-04-29
76,0.03770820940695652,-0.4285045755222854,0.5360736001933876,0.884,pm25,M5: AugSynth Centro (Bel. dropped),AugSynth,2024w19,2024-05-06
77,-0.11342268936249633,-0.6439406860061164,0.41709530728112376,0.653,pm25,M5: AugSynth Centro (Bel. dropped),AugSynth,2024w20,2024-05-13
78,-0.014523215663380551,-0.48073600059262245,0.4838421751230505,0.969,pm25,M5: AugSynth Centro (Bel. dropped),AugSynth,2024w21,2024-05-20
79,0.12595983990407067,-0.3402529450251712,0.6243252306905017,0.563,pm25,M5: AugSynth Centro (Bel. dropped),AugSynth,2024w22,2024-05-27
80,-0.024309381212970216,-0.5226747719994012,0.47405600957346083,0.964,pm25,M5: AugSynth Centro (Bel. dropped),AugSynth,2024w23,2024-06-03
81,-0.11129649558855315,-0.6096618863749841,0.41922150105506695,0.652,pm25,M5: AugSynth Centro (Bel. dropped),AugSynth,2024w24,2024-06-10
82,0.08973603371479921,-0.4407819629288209,0.6202540303584193,0.674,pm25,M5: AugSynth Centro (Bel. dropped),AugSynth,2024w25,2024-06-17
83,-0.30394831258388955,-0.7701610975131316,0.1944170782025414,0.246,pm25,M5: AugSynth Centro (Bel. dropped),AugSynth,2024w26,2024-06-24
84,-0.22807569475815725,-0.7264410855445884,0.30244230188546273,0.369,pm25,M5: AugSynth Centro (Bel. dropped),AugSynth,2024w27,2024-07-01
85,-0.202131623980927,-0.7004970147673579,0.3283863726626931,0.365,pm25,M5: AugSynth Centro (Bel. dropped),AugSynth,2024w28,2024-07-08
86,-0.9094098657330829,-1.3756226506623248,-0.41104447494665197,0.024,pm25,M5: AugSynth Centro (Bel. dropped),AugSynth,2024w29,2024-07-15
87,-0.3656302120499215,-0.8318429969791635,0.13273517873650942,0.178,pm25,M5: AugSynth Centro (Bel. dropped),AugSynth,2024w30,2024-07-22
88,-0.2292868420919345,-0.7598048387355547,0.3333837604088745,0.346,pm25,M5: AugSynth Centro (Bel. dropped),AugSynth,2024w31,2024-07-29
89,-0.12245758074561408,-0.588670365674856,0.3437552041836279,0.597,pm25,M5: AugSynth Centro (Bel. dropped),AugSynth,2024w32,2024-08-05
90,-0.5625609723006111,-1.0287737572298532,-0.06419558151418014,0.022,pm25,M5: AugSynth Centro (Bel. dropped),AugSynth,2024w33,2024-08-12
91,-0.599591194601484,-1.0979565853879152,-0.10122580381505308,0.018,pm25,M5: AugSynth Centro (Bel. dropped),AugSynth,2024w34,2024-08-19
92,-0.35561091567401926,-0.8861289123176395,0.17490708096960073,0.24,pm25,M5: AugSynth Centro (Bel. dropped),AugSynth,2024w35,2024-08-26
93,-0.4117510104457325,-0.8779637953749745,0.08661438034069846,0.077,pm25,M5: AugSynth Centro (Bel. dropped),AugSynth,2024w36,2024-09-02
94,-0.48200970905910845,-0.9482224939883505,0,0.066,pm25,M5: AugSynth Centro (Bel. dropped),AugSynth,2024w37,2024-09-09
95,-0.541986318433223,-1.0403517092196541,-0.011468321789602998,0.044,pm25,M5: AugSynth Centro (Bel. dropped),AugSynth,2024w38,2024-09-16
96,-0.5545025949753755,-1.0207153799046176,-0.05613720418894452,0.022,pm25,M5: AugSynth Centro (Bel. dropped),AugSynth,2024w39,2024-09-23
97,2.625124462368066,0,3.412863305869199,0.34,pm25,M5: AugSynth Centro (Bel. dropped),AugSynth,2024w40,2024-09-30
98,-0.04430519319831072,-0.639128401556309,0.5505180151596877,0.798,pm25,M5: AugSynth Centro (Bel. dropped),AugSynth,2024w41,2024-10-07
99,0.5346295857739742,-0.25310925772715864,1.322368429275107,0.391,pm25,M5: AugSynth Centro (Bel. dropped),AugSynth,2024w42,2024-10-14
100,0.85427667337286906,0,1.642015516874002,0.185,pm25,M5: AugSynth Centro (Bel. dropped),AugSynth,2024w43,2024-10-21
101,0.39235953764273335,-0.39537930585839953,1.1800983811438663,0.283,pm25,M5: AugSynth Centro (Bel. dropped),AugSynth,2024w44,2024-10-28
102,0.30163360458228583,-0.29318960377571246,0.7678463895115278,0.278,pm25,M5: AugSynth Centro (Bel. dropped),AugSynth,2024w45,2024-11-04
103,0.12983949752160795,-0.5292889225507685,0.7568153117367954,0.699,pm25,M5: AugSynth Centro (Bel. dropped),AugSynth,2024w46,2024-11-11
104,-0.06212650626449223,-0.5604918970509232,0.5005440962363169,0.795,pm25,M5: AugSynth Centro (Bel. dropped),AugSynth,2024w47,2024-11-18
105,0.04333225523177253,-0.615796164840604,0.67030806944696,0.943,pm25,M5: AugSynth Centro (Bel. dropped),AugSynth,2024w48,2024-11-25
106,0.05444642035887659,-0.4439189704275544,0.5206592052881186,0.816,pm25,M5: AugSynth Centro (Bel. dropped),AugSynth,2024w49,2024-12-02
107,-0.044331553340803076,-0.6070021558416123,0.486186443302817,0.793,pm25,M5: AugSynth Centro (Bel. dropped),AugSynth,2024w50,2024-12-09
108,0.19643901708065004,-0.33407897956297006,0.7269570137242701,0.389,pm25,M5: AugSynth Centro (Bel. dropped),AugSynth,2024w51,2024-12-16
109,0.1336434225870664,-0.4290271799137428,0.6320088133734975,0.623,pm25,M5: AugSynth Centro (Bel. dropped),AugSynth,2024w52,2024-12-23
110,-0.0320426630643027,-0.6911710831366792,0.6270857570080738,0.835,pm25,M5: AugSynth Centro (Bel. dropped),AugSynth,2025w01,2024-12-30
111,0.05519552718575538,-0.4431698636006756,0.5535609179721864,0.793,pm25,M5: AugSynth Centro (Bel. dropped),AugSynth,2025w02,2025-01-06
112,-0.0369619168172961,-0.5996325193181054,0.4292508681119459,0.863,pm25,M5: AugSynth Centro (Bel. dropped),AugSynth,2025w03,2025-01-13
113,-0.06908631615400518,-0.5352991010832471,0.42927907463242587,0.778,pm25,M5: AugSynth Centro (Bel. dropped),AugSynth,2025w04,2025-01-20
114,-0.17903207196867577,-0.6773974627551067,0.3193333188177553,0.42,pm25,M5: AugSynth Centro (Bel. dropped),AugSynth,2025w05,2025-01-27
115,0.16229818035217924,-0.33606721043425175,0.6285109652814213,0.453,pm25,M5: AugSynth Centro (Bel. dropped),AugSynth,2025w06,2025-02-03
116,0.16785093762584546,-0.36266705901777463,0.6340637225550875,0.455,pm25,M5: AugSynth Centro (Bel. dropped),AugSynth,2025w07,2025-02-10
117,-0.07766386819659798,-0.6403344706974072,0.4528541284470221,0.746,pm25,M5: AugSynth Centro (Bel. dropped),AugSynth,2025w08,2025-02-17
118,0.13860158783214294,-0.32761119709709896,0.6048143727613849,0.534,pm25,M5: AugSynth Centro (Bel. dropped),AugSynth,2025w09,2025-02-24
119,0.008808023560157086,-0.521709973083463,0.5071734143465881,0.984,pm25,M5: AugSynth Centro (Bel. dropped),AugSynth,2025w10,2025-03-03
120,0.302119221830877,-0.22839877481274307,0.8004846126173081,0.245,pm25,M5: AugSynth Centro (Bel. dropped),AugSynth,2025w11,2025-03-10
121,-0.056905536148154745,-0.5874235327917748,0.47361246049546535,0.804,pm25,M5: AugSynth Centro (Bel. dropped),AugSynth,2025w12,2025-03-17
122,-0.2394355349670576,-0.8021061374678669,0.2910824616765624,0.345,pm25,M5: AugSynth Centro (Bel. dropped),AugSynth,2025w13,2025-03-24
123,-0.26346685356005306,-0.8582900619180515,0.29920374894075596,0.333,pm25,M5: AugSynth Centro (Bel. dropped),AugSynth,2025w14,2025-03-31
124,-0.3556724945542289,-0.8861904911978491,0.20699810794658013,0.232,pm25,M5: AugSynth Centro (Bel. dropped),AugSynth,2025w15,2025-04-07
125,-0.08503379599241834,-0.6477043984932276,0.4133315947940127,0.745,pm25,M5: AugSynth Centro (Bel. dropped),AugSynth,2025w16,2025-04-14
126,-0.1193065967281246,-0.5855193816573665,0.37905879405830645,0.647,pm25,M5: AugSynth Centro (Bel. dropped),AugSynth,2025w17,2025-04-21
127,-0.11275057386035714,-0.6432685705039772,0.3856148169260739,0.603,pm25,M5: AugSynth Centro (Bel. dropped),AugSynth,2025w18,2025-04-28
128,0.09416953316455201,-0.404195857621879,0.5925349239509831,0.746,pm25,M5: AugSynth Centro (Bel. dropped),AugSynth,2025w19,2025-05-05
129,-0.021067392633112192,-0.4872801775623541,0.47729799815331886,0.957,pm25,M5: AugSynth Centro (Bel. dropped),AugSynth,2025w20,2025-05-12
130,-0.008896166786437565,-0.5072615575728685,0.5216218298571825,0.983,pm25,M5: AugSynth Centro (Bel. dropped),AugSynth,2025w21,2025-05-19
131,-0.2454792052678938,-0.743844596054325,0.25288618551853714,0.347,pm25,M5: AugSynth Centro (Bel. dropped),AugSynth,2025w22,2025-05-26
132,0.059329713905361015,-0.43903567688107,0.5576951046917921,0.791,pm25,M5: AugSynth Centro (Bel. dropped),AugSynth,2025w23,2025-06-02
133,0.04375688776951181,-0.4546085030169192,0.5421222785559429,0.809,pm25,M5: AugSynth Centro (Bel. dropped),AugSynth,2025w24,2025-06-09
134,-0.3325196334106999,-0.7987324183399419,0.16584575737573104,0.211,pm25,M5: AugSynth Centro (Bel. dropped),AugSynth,2025w25,2025-06-16
1,-0.14429548122601554,NA,NA,NA,pm25,M5b: AugSynth Centro (Bel. in pool),AugSynth,2022w48,2022-11-28
2,0.14481121496935145,NA,NA,NA,pm25,M5b: AugSynth Centro (Bel. in pool),AugSynth,2022w49,2022-12-05
3,-0.07203810719899106,NA,NA,NA,pm25,M5b: AugSynth Centro (Bel. in pool),AugSynth,2022w50,2022-12-12
4,0.04435625303649049,NA,NA,NA,pm25,M5b: AugSynth Centro (Bel. in pool),AugSynth,2022w51,2022-12-19
5,0.05054491638640579,NA,NA,NA,pm25,M5b: AugSynth Centro (Bel. in pool),AugSynth,2022w52,2022-12-26
6,0.054888875765203515,NA,NA,NA,pm25,M5b: AugSynth Centro (Bel. in pool),AugSynth,2023w01,2023-01-02
7,0.01077459506272449,NA,NA,NA,pm25,M5b: AugSynth Centro (Bel. in pool),AugSynth,2023w02,2023-01-09
8,-0.0038193031403577216,NA,NA,NA,pm25,M5b: AugSynth Centro (Bel. in pool),AugSynth,2023w03,2023-01-16
9,0.18291229257545316,NA,NA,NA,pm25,M5b: AugSynth Centro (Bel. in pool),AugSynth,2023w04,2023-01-23
10,0.11096031888956714,NA,NA,NA,pm25,M5b: AugSynth Centro (Bel. in pool),AugSynth,2023w05,2023-01-30
11,-0.009622739356453192,NA,NA,NA,pm25,M5b: AugSynth Centro (Bel. in pool),AugSynth,2023w06,2023-02-06
12,-0.12588278865816172,NA,NA,NA,pm25,M5b: AugSynth Centro (Bel. in pool),AugSynth,2023w07,2023-02-13
13,-0.00918428548349759,NA,NA,NA,pm25,M5b: AugSynth Centro (Bel. in pool),AugSynth,2023w08,2023-02-20
14,-0.1292915203511611,NA,NA,NA,pm25,M5b: AugSynth Centro (Bel. in pool),AugSynth,2023w09,2023-02-27
15,-0.036170128355461184,NA,NA,NA,pm25,M5b: AugSynth Centro (Bel. in pool),AugSynth,2023w10,2023-03-06
16,-0.14322710099021352,NA,NA,NA,pm25,M5b: AugSynth Centro (Bel. in pool),AugSynth,2023w11,2023-03-13
17,-0.19556334332993464,NA,NA,NA,pm25,M5b: AugSynth Centro (Bel. in pool),AugSynth,2023w12,2023-03-20
18,0.0052575735616593455,NA,NA,NA,pm25,M5b: AugSynth Centro (Bel. in pool),AugSynth,2023w13,2023-03-27
19,0.16138929433949034,NA,NA,NA,pm25,M5b: AugSynth Centro (Bel. in pool),AugSynth,2023w14,2023-04-03
20,0.24273364017796029,NA,NA,NA,pm25,M5b: AugSynth Centro (Bel. in pool),AugSynth,2023w15,2023-04-10
21,-0.12809535594235166,NA,NA,NA,pm25,M5b: AugSynth Centro (Bel. in pool),AugSynth,2023w16,2023-04-17
22,0.08767161118480615,NA,NA,NA,pm25,M5b: AugSynth Centro (Bel. in pool),AugSynth,2023w17,2023-04-24
23,-0.07657074592533819,NA,NA,NA,pm25,M5b: AugSynth Centro (Bel. in pool),AugSynth,2023w18,2023-05-01
24,0.06728753408927446,NA,NA,NA,pm25,M5b: AugSynth Centro (Bel. in pool),AugSynth,2023w19,2023-05-08
25,-0.10315269831708473,NA,NA,NA,pm25,M5b: AugSynth Centro (Bel. in pool),AugSynth,2023w20,2023-05-15
26,-0.02061590587724238,NA,NA,NA,pm25,M5b: AugSynth Centro (Bel. in pool),AugSynth,2023w21,2023-05-22
27,0.07038511133607583,NA,NA,NA,pm25,M5b: AugSynth Centro (Bel. in pool),AugSynth,2023w22,2023-05-29
28,0.16141658636170453,NA,NA,NA,pm25,M5b: AugSynth Centro (Bel. in pool),AugSynth,2023w23,2023-06-05
29,0.02181157294074776,NA,NA,NA,pm25,M5b: AugSynth Centro (Bel. in pool),AugSynth,2023w24,2023-06-12
30,0.07529175807429844,NA,NA,NA,pm25,M5b: AugSynth Centro (Bel. in pool),AugSynth,2023w25,2023-06-19
31,-0.08056996157356089,NA,NA,NA,pm25,M5b: AugSynth Centro (Bel. in pool),AugSynth,2023w26,2023-06-26
32,0.04392978823908544,NA,NA,NA,pm25,M5b: AugSynth Centro (Bel. in pool),AugSynth,2023w27,2023-07-03
33,-0.04507259267139441,NA,NA,NA,pm25,M5b: AugSynth Centro (Bel. in pool),AugSynth,2023w28,2023-07-10
34,-0.18968726111262857,NA,NA,NA,pm25,M5b: AugSynth Centro (Bel. in pool),AugSynth,2023w29,2023-07-17
35,0.11975070745670635,NA,NA,NA,pm25,M5b: AugSynth Centro (Bel. in pool),AugSynth,2023w30,2023-07-24
36,-0.08720427938377506,NA,NA,NA,pm25,M5b: AugSynth Centro (Bel. in pool),AugSynth,2023w31,2023-07-31
37,-0.0948034421769508,NA,NA,NA,pm25,M5b: AugSynth Centro (Bel. in pool),AugSynth,2023w32,2023-08-07
38,0.14819849282818076,NA,NA,NA,pm25,M5b: AugSynth Centro (Bel. in pool),AugSynth,2023w33,2023-08-14
39,0.2545632503383648,NA,NA,NA,pm25,M5b: AugSynth Centro (Bel. in pool),AugSynth,2023w34,2023-08-21
40,-0.15869645005776922,NA,NA,NA,pm25,M5b: AugSynth Centro (Bel. in pool),AugSynth,2023w35,2023-08-28
41,-0.142731807517829,NA,NA,NA,pm25,M5b: AugSynth Centro (Bel. in pool),AugSynth,2023w36,2023-09-04
42,-0.034594082525245096,NA,NA,NA,pm25,M5b: AugSynth Centro (Bel. in pool),AugSynth,2023w37,2023-09-11
43,-0.07695922717116854,NA,NA,NA,pm25,M5b: AugSynth Centro (Bel. in pool),AugSynth,2023w38,2023-09-18
44,0.19518615182552823,NA,NA,NA,pm25,M5b: AugSynth Centro (Bel. in pool),AugSynth,2023w39,2023-09-25
45,0.0834684673776227,NA,NA,NA,pm25,M5b: AugSynth Centro (Bel. in pool),AugSynth,2023w40,2023-10-02
46,0.14526706493677777,NA,NA,NA,pm25,M5b: AugSynth Centro (Bel. in pool),AugSynth,2023w41,2023-10-09
47,-0.016970628928500986,NA,NA,NA,pm25,M5b: AugSynth Centro (Bel. in pool),AugSynth,2023w42,2023-10-16
48,0.26994292629792627,NA,NA,NA,pm25,M5b: AugSynth Centro (Bel. in pool),AugSynth,2023w43,2023-10-23
49,0.3590662098015276,NA,NA,NA,pm25,M5b: AugSynth Centro (Bel. in pool),AugSynth,2023w44,2023-10-30
50,0.004214836291471791,NA,NA,NA,pm25,M5b: AugSynth Centro (Bel. in pool),AugSynth,2023w45,2023-11-06
51,0.2442734720205193,NA,NA,NA,pm25,M5b: AugSynth Centro (Bel. in pool),AugSynth,2023w46,2023-11-13
52,-0.06574285731091178,NA,NA,NA,pm25,M5b: AugSynth Centro (Bel. in pool),AugSynth,2023w47,2023-11-20
53,0.16295374798183992,-0.09157165447517301,0.43784118263541394,0.236,pm25,M5b: AugSynth Centro (Bel. in pool),AugSynth,2023w48,2023-11-27
54,0.07632445606559557,-0.17820094639141737,0.3512118907191696,0.605,pm25,M5b: AugSynth Centro (Bel. in pool),AugSynth,2023w49,2023-12-04
55,0.015449845379654992,-0.259437589273919,0.290337280033229,0.896,pm25,M5b: AugSynth Centro (Bel. in pool),AugSynth,2023w50,2023-12-11
56,0.1381131533319171,-0.11641224912509585,0.4130005879854911,0.344,pm25,M5b: AugSynth Centro (Bel. in pool),AugSynth,2023w51,2023-12-18
57,0.30299129989437246,0.02810386524079847,0.5982407667445075,0.043,pm25,M5b: AugSynth Centro (Bel. in pool),AugSynth,2023w52,2023-12-25
58,0.14608852015947127,-0.16952297888722478,0.4209759548130453,0.308,pm25,M5b: AugSynth Centro (Bel. in pool),AugSynth,2024w01,2024-01-01
59,0.30792527758221944,0.0533998751252065,0.5828127122357935,0.04,pm25,M5b: AugSynth Centro (Bel. in pool),AugSynth,2024w02,2024-01-08
60,0.2207448779854575,-0.05414255666811649,0.4956323126390315,0.117,pm25,M5b: AugSynth Centro (Bel. in pool),AugSynth,2024w03,2024-01-15
61,-0.08340431010937133,-0.3990158091560674,0.1914831245442027,0.568,pm25,M5b: AugSynth Centro (Bel. in pool),AugSynth,2024w04,2024-01-22
62,-0.04675763966391999,-0.30128304212093293,0.22812979498965402,0.732,pm25,M5b: AugSynth Centro (Bel. in pool),AugSynth,2024w05,2024-01-29
63,-0.0034898645187730892,-0.25801526697578603,0.2713975701348009,1,pm25,M5b: AugSynth Centro (Bel. in pool),AugSynth,2024w06,2024-02-05
64,-0.13756130062671978,-0.3920867030837327,0.13732613402685423,0.343,pm25,M5b: AugSynth Centro (Bel. in pool),AugSynth,2024w07,2024-02-12
65,-0.12758112464315596,-0.3821065271001689,0.22875443879666224,0.397,pm25,M5b: AugSynth Centro (Bel. in pool),AugSynth,2024w08,2024-02-19
66,0.07986179818514705,-0.1746636042718659,0.43619736162496525,0.558,pm25,M5b: AugSynth Centro (Bel. in pool),AugSynth,2024w09,2024-02-26
67,-0.02442415469615078,-0.2789495571531637,0.3319114087436674,0.842,pm25,M5b: AugSynth Centro (Bel. in pool),AugSynth,2024w10,2024-03-04
68,-0.20803109042290346,-0.4625564928799164,0.12794244082035366,0.113,pm25,M5b: AugSynth Centro (Bel. in pool),AugSynth,2024w11,2024-03-11
69,-0.027850131827707347,-0.2823755342847203,0.2266752706293056,0.845,pm25,M5b: AugSynth Centro (Bel. in pool),AugSynth,2024w12,2024-03-18
70,0.15666684970311762,-0.09785855275389532,0.43155428435669163,0.231,pm25,M5b: AugSynth Centro (Bel. in pool),AugSynth,2024w13,2024-03-25
71,0.19954335803417766,-0.11606814101251839,0.4744307926877517,0.145,pm25,M5b: AugSynth Centro (Bel. in pool),AugSynth,2024w14,2024-04-01
72,-0.008689784803292522,-0.26321518726030546,0.2661976498502815,0.948,pm25,M5b: AugSynth Centro (Bel. in pool),AugSynth,2024w15,2024-04-08
73,-0.2917133147548454,-0.5462387172118583,-0.016825880101271395,0.039,pm25,M5b: AugSynth Centro (Bel. in pool),AugSynth,2024w16,2024-04-15
74,-0.04965386928269222,-0.30417927173970516,0.2252335653708818,0.754,pm25,M5b: AugSynth Centro (Bel. in pool),AugSynth,2024w17,2024-04-22
75,-0.24737826851660483,-0.5629897675633009,0.027509166136969188,0.107,pm25,M5b: AugSynth Centro (Bel. in pool),AugSynth,2024w18,2024-04-29
76,-0.057411651167279754,-0.3119370536242927,0.21747578348629426,0.701,pm25,M5b: AugSynth Centro (Bel. in pool),AugSynth,2024w19,2024-05-06
77,-0.1639899163708729,-0.41851531882788584,0.09053548608614004,0.218,pm25,M5b: AugSynth Centro (Bel. in pool),AugSynth,2024w20,2024-05-13
78,0.12104604802309282,-0.13347935443392012,0.37557145048010576,0.406,pm25,M5b: AugSynth Centro (Bel. in pool),AugSynth,2024w21,2024-05-20
79,-0.09198082709796385,-0.3465062295549768,0.18290660755561017,0.489,pm25,M5b: AugSynth Centro (Bel. in pool),AugSynth,2024w22,2024-05-27
80,-0.09730222840420177,-0.3518276308612147,0.17758520624937224,0.456,pm25,M5b: AugSynth Centro (Bel. in pool),AugSynth,2024w23,2024-06-03
81,-0.2173623103884741,-0.4922497450420481,0.057525124265099925,0.116,pm25,M5b: AugSynth Centro (Bel. in pool),AugSynth,2024w24,2024-06-10
82,0.006333317126858251,-0.2481920853301547,0.28122075178043227,0.936,pm25,M5b: AugSynth Centro (Bel. in pool),AugSynth,2024w25,2024-06-17
83,-0.352094041009154,-0.6066194434661669,-0.07720660635557997,0.049,pm25,M5b: AugSynth Centro (Bel. in pool),AugSynth,2024w26,2024-06-24
84,-0.1861598645355489,-0.44068526699256183,0.06836553792146405,0.211,pm25,M5b: AugSynth Centro (Bel. in pool),AugSynth,2024w27,2024-07-01
85,-0.3065876454647585,-0.5611130479217714,-0.03170021081118446,0.034,pm25,M5b: AugSynth Centro (Bel. in pool),AugSynth,2024w28,2024-07-08
86,-0.5838479692595027,-0.8587354039130767,-0.3293225668024897,0.018,pm25,M5b: AugSynth Centro (Bel. in pool),AugSynth,2024w29,2024-07-15
87,-0.26290286448328226,-0.5174282669402952,0.07307066675997487,0.066,pm25,M5b: AugSynth Centro (Bel. in pool),AugSynth,2024w30,2024-07-22
88,-0.20824769303599844,-0.48313512768957245,0.06663974161757558,0.11,pm25,M5b: AugSynth Centro (Bel. in pool),AugSynth,2024w31,2024-07-29
89,-0.23897479269767397,-0.5749483239409311,0.11736077074214424,0.112,pm25,M5b: AugSynth Centro (Bel. in pool),AugSynth,2024w32,2024-08-05
90,-0.3877505766965914,-0.6422759791536043,-0.13322517423957847,0.016,pm25,M5b: AugSynth Centro (Bel. in pool),AugSynth,2024w33,2024-08-12
91,-0.4780747560993035,-0.7326001585563164,-0.20318732144572949,0.019,pm25,M5b: AugSynth Centro (Bel. in pool),AugSynth,2024w34,2024-08-19
92,-0.2300091460260103,-0.48453454848302324,0.04487828862756371,0.124,pm25,M5b: AugSynth Centro (Bel. in pool),AugSynth,2024w35,2024-08-26
93,-0.4026590126796492,-0.6571844151366621,-0.14813361022263627,0.02,pm25,M5b: AugSynth Centro (Bel. in pool),AugSynth,2024w36,2024-09-02
94,-0.615600284978274,-0.9312117840249701,-0.3407128503247,0.024,pm25,M5b: AugSynth Centro (Bel. in pool),AugSynth,2024w37,2024-09-09
95,-0.2972962627885174,-0.5518216652455303,-0.02240882813494338,0.026,pm25,M5b: AugSynth Centro (Bel. in pool),AugSynth,2024w38,2024-09-16
96,-0.5639248939160941,-0.8184502963731071,-0.3093994914590812,0.025,pm25,M5b: AugSynth Centro (Bel. in pool),AugSynth,2024w39,2024-09-23
97,-0.2577529362624027,-0.7566227250781481,0.2411168525533427,0.734,pm25,M5b: AugSynth Centro (Bel. in pool),AugSynth,2024w40,2024-09-30
98,-0.28255446612074664,-0.5778039329708817,0,0.061,pm25,M5b: AugSynth Centro (Bel. in pool),AugSynth,2024w41,2024-10-07
99,-0.5958073519905764,-0.9317808832338336,-0.09693756317483104,0.034,pm25,M5b: AugSynth Centro (Bel. in pool),AugSynth,2024w42,2024-10-14
100,-0.30838150147039745,-0.6239930005170935,0.10904015855910387,0.121,pm25,M5b: AugSynth Centro (Bel. in pool),AugSynth,2024w43,2024-10-21
101,-0.41104949629414866,-0.7062989631442838,-0.09543799724745261,0.041,pm25,M5b: AugSynth Centro (Bel. in pool),AugSynth,2024w44,2024-10-28
102,-0.022212582697170635,-0.2767379851541836,0.2526748519564034,0.853,pm25,M5b: AugSynth Centro (Bel. in pool),AugSynth,2024w45,2024-11-04
103,0.2972319551007194,0.001982488250584391,0.6332054863439766,0.047,pm25,M5b: AugSynth Centro (Bel. in pool),AugSynth,2024w46,2024-11-11
104,-0.45173904915132423,-0.8080746125911424,-0.09540348571150603,0.017,pm25,M5b: AugSynth Centro (Bel. in pool),AugSynth,2024w47,2024-11-18
105,-0.4416533993311562,-0.7369028661812913,-0.14640393248102113,0.019,pm25,M5b: AugSynth Centro (Bel. in pool),AugSynth,2024w48,2024-11-25
106,-0.20125466866588093,-0.45578007112289387,0.05327073379113201,0.108,pm25,M5b: AugSynth Centro (Bel. in pool),AugSynth,2024w49,2024-12-02
107,-0.21889955804365702,-0.49378699269723103,0.055987876609917,0.102,pm25,M5b: AugSynth Centro (Bel. in pool),AugSynth,2024w50,2024-12-09
108,-0.09709363022492123,-0.37198106487849525,0.1574317722320917,0.497,pm25,M5b: AugSynth Centro (Bel. in pool),AugSynth,2024w51,2024-12-16
109,-0.05729001231478614,-0.33217744696836016,0.1972353901422268,0.715,pm25,M5b: AugSynth Centro (Bel. in pool),AugSynth,2024w52,2024-12-23
110,-0.03303132075592874,-0.30791875540950275,0.2214940817010842,0.834,pm25,M5b: AugSynth Centro (Bel. in pool),AugSynth,2025w01,2024-12-30
111,-0.21068003585922002,-0.48556747051279403,0.064207398794354,0.116,pm25,M5b: AugSynth Centro (Bel. in pool),AugSynth,2025w02,2025-01-06
112,-0.16413924736521057,-0.4390266820187846,0.11074818728836344,0.253,pm25,M5b: AugSynth Centro (Bel. in pool),AugSynth,2025w03,2025-01-13
113,-0.20261503085735866,-0.4571404333143716,0.07227240379621536,0.105,pm25,M5b: AugSynth Centro (Bel. in pool),AugSynth,2025w04,2025-01-20
114,-0.007312105710422845,-0.3025615725605579,0.26757532894315117,0.948,pm25,M5b: AugSynth Centro (Bel. in pool),AugSynth,2025w05,2025-01-27
115,-0.11797333294124179,-0.3928607675948158,0.13655206951577115,0.447,pm25,M5b: AugSynth Centro (Bel. in pool),AugSynth,2025w06,2025-02-03
116,-0.0729643242596385,-0.32748972671665144,0.2019231103939355,0.67,pm25,M5b: AugSynth Centro (Bel. in pool),AugSynth,2025w07,2025-02-10
117,-0.21697341683512184,-0.49186085148869585,0.05791401781845218,0.109,pm25,M5b: AugSynth Centro (Bel. in pool),AugSynth,2025w08,2025-02-17
118,-0.090893958857857,-0.34541936131486994,0.183993475795717,0.505,pm25,M5b: AugSynth Centro (Bel. in pool),AugSynth,2025w09,2025-02-24
119,-0.19472793642184927,-0.4492533388788622,0.12088356262484679,0.123,pm25,M5b: AugSynth Centro (Bel. in pool),AugSynth,2025w10,2025-03-03
120,0.004925782303326631,-0.2495996201536863,0.3205372813500227,0.958,pm25,M5b: AugSynth Centro (Bel. in pool),AugSynth,2025w11,2025-03-10
121,-0.12051968801157109,-0.3954071226651451,0.15436774664200292,0.416,pm25,M5b: AugSynth Centro (Bel. in pool),AugSynth,2025w12,2025-03-17
122,-0.2800940338301907,-0.5346194362872037,0,0.05,pm25,M5b: AugSynth Centro (Bel. in pool),AugSynth,2025w13,2025-03-24
123,-0.22875733119827268,-0.5443688302449687,0.04613010345530133,0.097,pm25,M5b: AugSynth Centro (Bel. in pool),AugSynth,2025w14,2025-03-31
124,-0.10307694101703868,-0.3576023434740516,0.17181049363653533,0.489,pm25,M5b: AugSynth Centro (Bel. in pool),AugSynth,2025w15,2025-04-07
125,-0.30229937614602376,-0.5568247786030367,-0.027411941492449743,0.033,pm25,M5b: AugSynth Centro (Bel. in pool),AugSynth,2025w16,2025-04-14
126,-0.1880565165882775,-0.44258191904529043,0.08683091806529653,0.191,pm25,M5b: AugSynth Centro (Bel. in pool),AugSynth,2025w17,2025-04-21
127,-0.18052200677894303,-0.5164955380222002,0.0740033956780699,0.192,pm25,M5b: AugSynth Centro (Bel. in pool),AugSynth,2025w18,2025-04-28
128,-0.09548840283031135,-0.3500138052873243,0.17939903182326267,0.487,pm25,M5b: AugSynth Centro (Bel. in pool),AugSynth,2025w19,2025-05-05
129,-0.1921398175777358,-0.44666522003474873,0.08274761707583822,0.176,pm25,M5b: AugSynth Centro (Bel. in pool),AugSynth,2025w20,2025-05-12
130,-0.1486097674536122,-0.40313516991062515,0.1262776671999618,0.284,pm25,M5b: AugSynth Centro (Bel. in pool),AugSynth,2025w21,2025-05-19
131,-0.3349883871078858,-0.5895137895648987,-0.060100952454311796,0.038,pm25,M5b: AugSynth Centro (Bel. in pool),AugSynth,2025w22,2025-05-26
132,-0.0765553562579715,-0.33108075871498444,0.19833207839560252,0.608,pm25,M5b: AugSynth Centro (Bel. in pool),AugSynth,2025w23,2025-06-02
133,-0.2572965672908438,-0.5118219697478568,0.01759086736273019,0.077,pm25,M5b: AugSynth Centro (Bel. in pool),AugSynth,2025w24,2025-06-09
134,-0.290350175337593,-0.605961674384289,0,0.052,pm25,M5b: AugSynth Centro (Bel. in pool),AugSynth,2025w25,2025-06-16
1,0.1607748018843944,NA,NA,NA,pm25,M6: AugSynth Belisario (Centro dropped),AugSynth,2022w48,2022-11-28
2,-0.008633773482003892,NA,NA,NA,pm25,M6: AugSynth Belisario (Centro dropped),AugSynth,2022w49,2022-12-05
3,0.15772860396055677,NA,NA,NA,pm25,M6: AugSynth Belisario (Centro dropped),AugSynth,2022w50,2022-12-12
4,0.32946433205085723,NA,NA,NA,pm25,M6: AugSynth Belisario (Centro dropped),AugSynth,2022w51,2022-12-19
5,0.16093488404375478,NA,NA,NA,pm25,M6: AugSynth Belisario (Centro dropped),AugSynth,2022w52,2022-12-26
6,0.007031308876102038,NA,NA,NA,pm25,M6: AugSynth Belisario (Centro dropped),AugSynth,2023w01,2023-01-02
7,0.35661670155055214,NA,NA,NA,pm25,M6: AugSynth Belisario (Centro dropped),AugSynth,2023w02,2023-01-09
8,0.12233032840403313,NA,NA,NA,pm25,M6: AugSynth Belisario (Centro dropped),AugSynth,2023w03,2023-01-16
9,0.10116648380165127,NA,NA,NA,pm25,M6: AugSynth Belisario (Centro dropped),AugSynth,2023w04,2023-01-23
10,0.16267599674534594,NA,NA,NA,pm25,M6: AugSynth Belisario (Centro dropped),AugSynth,2023w05,2023-01-30
11,0.16559292443781848,NA,NA,NA,pm25,M6: AugSynth Belisario (Centro dropped),AugSynth,2023w06,2023-02-06
12,0.32535821090855466,NA,NA,NA,pm25,M6: AugSynth Belisario (Centro dropped),AugSynth,2023w07,2023-02-13
13,0.006072426895041172,NA,NA,NA,pm25,M6: AugSynth Belisario (Centro dropped),AugSynth,2023w08,2023-02-20
14,0.24696296446013744,NA,NA,NA,pm25,M6: AugSynth Belisario (Centro dropped),AugSynth,2023w09,2023-02-27
15,0.23311003432542599,NA,NA,NA,pm25,M6: AugSynth Belisario (Centro dropped),AugSynth,2023w10,2023-03-06
16,0.030188220638862173,NA,NA,NA,pm25,M6: AugSynth Belisario (Centro dropped),AugSynth,2023w11,2023-03-13
17,0.163607885116011,NA,NA,NA,pm25,M6: AugSynth Belisario (Centro dropped),AugSynth,2023w12,2023-03-20
18,0.19249016916316952,NA,NA,NA,pm25,M6: AugSynth Belisario (Centro dropped),AugSynth,2023w13,2023-03-27
19,0.26956445167690557,NA,NA,NA,pm25,M6: AugSynth Belisario (Centro dropped),AugSynth,2023w14,2023-04-03
20,-0.13685930433127913,NA,NA,NA,pm25,M6: AugSynth Belisario (Centro dropped),AugSynth,2023w15,2023-04-10
21,0.04955181933032682,NA,NA,NA,pm25,M6: AugSynth Belisario (Centro dropped),AugSynth,2023w16,2023-04-17
22,0.14157286664711455,NA,NA,NA,pm25,M6: AugSynth Belisario (Centro dropped),AugSynth,2023w17,2023-04-24
23,-0.4513889744581925,NA,NA,NA,pm25,M6: AugSynth Belisario (Centro dropped),AugSynth,2023w18,2023-05-01
24,-0.039645001706076766,NA,NA,NA,pm25,M6: AugSynth Belisario (Centro dropped),AugSynth,2023w19,2023-05-08
25,0.2598997039625637,NA,NA,NA,pm25,M6: AugSynth Belisario (Centro dropped),AugSynth,2023w20,2023-05-15
26,0.0985786313922894,NA,NA,NA,pm25,M6: AugSynth Belisario (Centro dropped),AugSynth,2023w21,2023-05-22
27,0.004315012383388606,NA,NA,NA,pm25,M6: AugSynth Belisario (Centro dropped),AugSynth,2023w22,2023-05-29
28,0.14867511142978573,NA,NA,NA,pm25,M6: AugSynth Belisario (Centro dropped),AugSynth,2023w23,2023-06-05
29,-0.03236677757790396,NA,NA,NA,pm25,M6: AugSynth Belisario (Centro dropped),AugSynth,2023w24,2023-06-12
30,-0.23232600894726163,NA,NA,NA,pm25,M6: AugSynth Belisario (Centro dropped),AugSynth,2023w25,2023-06-19
31,-0.09693743408952749,NA,NA,NA,pm25,M6: AugSynth Belisario (Centro dropped),AugSynth,2023w26,2023-06-26
32,0.2039908643018813,NA,NA,NA,pm25,M6: AugSynth Belisario (Centro dropped),AugSynth,2023w27,2023-07-03
33,0.0015424565659669653,NA,NA,NA,pm25,M6: AugSynth Belisario (Centro dropped),AugSynth,2023w28,2023-07-10
34,-0.22696209892986685,NA,NA,NA,pm25,M6: AugSynth Belisario (Centro dropped),AugSynth,2023w29,2023-07-17
35,-0.09283738085686055,NA,NA,NA,pm25,M6: AugSynth Belisario (Centro dropped),AugSynth,2023w30,2023-07-24
36,-0.10895141283279886,NA,NA,NA,pm25,M6: AugSynth Belisario (Centro dropped),AugSynth,2023w31,2023-07-31
37,-0.38940946177706826,NA,NA,NA,pm25,M6: AugSynth Belisario (Centro dropped),AugSynth,2023w32,2023-08-07
38,0.2848244808904501,NA,NA,NA,pm25,M6: AugSynth Belisario (Centro dropped),AugSynth,2023w33,2023-08-14
39,0.06129535755559523,NA,NA,NA,pm25,M6: AugSynth Belisario (Centro dropped),AugSynth,2023w34,2023-08-21
40,-0.10267857418055382,NA,NA,NA,pm25,M6: AugSynth Belisario (Centro dropped),AugSynth,2023w35,2023-08-28
41,3.109334043571721e-6,NA,NA,NA,pm25,M6: AugSynth Belisario (Centro dropped),AugSynth,2023w36,2023-09-04
42,-0.025243805942531505,NA,NA,NA,pm25,M6: AugSynth Belisario (Centro dropped),AugSynth,2023w37,2023-09-11
43,-0.02576525058726231,NA,NA,NA,pm25,M6: AugSynth Belisario (Centro dropped),AugSynth,2023w38,2023-09-18
44,0.2138911128894354,NA,NA,NA,pm25,M6: AugSynth Belisario (Centro dropped),AugSynth,2023w39,2023-09-25
45,0.2214699268300362,NA,NA,NA,pm25,M6: AugSynth Belisario (Centro dropped),AugSynth,2023w40,2023-10-02
46,-0.16861775192215012,NA,NA,NA,pm25,M6: AugSynth Belisario (Centro dropped),AugSynth,2023w41,2023-10-09
47,0.010641986827435002,NA,NA,NA,pm25,M6: AugSynth Belisario (Centro dropped),AugSynth,2023w42,2023-10-16
48,-0.1206341950804215,NA,NA,NA,pm25,M6: AugSynth Belisario (Centro dropped),AugSynth,2023w43,2023-10-23
49,-0.2259833016328181,NA,NA,NA,pm25,M6: AugSynth Belisario (Centro dropped),AugSynth,2023w44,2023-10-30
50,0.166264465287282,NA,NA,NA,pm25,M6: AugSynth Belisario (Centro dropped),AugSynth,2023w45,2023-11-06
51,0.32313906163201844,NA,NA,NA,pm25,M6: AugSynth Belisario (Centro dropped),AugSynth,2023w46,2023-11-13
52,0.45385865835680406,NA,NA,NA,pm25,M6: AugSynth Belisario (Centro dropped),AugSynth,2023w47,2023-11-20
53,-0.1528079811073435,-0.6314551774991108,0.36746071062283847,0.592,pm25,M6: AugSynth Belisario (Centro dropped),AugSynth,2023w48,2023-11-27
54,-0.08987459184312341,-0.6101432835733053,0.43039409988705857,0.75,pm25,M6: AugSynth Belisario (Centro dropped),AugSynth,2023w49,2023-12-04
55,0.0260005962373131,-0.5358895908312833,0.5462692879674951,0.886,pm25,M6: AugSynth Belisario (Centro dropped),AugSynth,2023w50,2023-12-11
56,0.007634560728890349,-0.42939114032446235,0.4862817571206577,0.921,pm25,M6: AugSynth Belisario (Centro dropped),AugSynth,2023w51,2023-12-18
57,-0.35980855412790635,-1.1298062178885755,0.49343210030959206,0.267,pm25,M6: AugSynth Belisario (Centro dropped),AugSynth,2023w52,2023-12-25
58,-0.060074914687752834,-0.49710061574110553,0.4185722817040145,0.789,pm25,M6: AugSynth Belisario (Centro dropped),AugSynth,2024w01,2024-01-01
59,-0.563487613605739,-1.1253778006743353,0,0.059,pm25,M6: AugSynth Belisario (Centro dropped),AugSynth,2024w02,2024-01-08
60,-0.4028493644541431,-0.923118056184325,0.15904082261445351,0.107,pm25,M6: AugSynth Belisario (Centro dropped),AugSynth,2024w03,2024-01-15
61,-0.05773344436148031,-0.4531376500764185,0.3792922566918726,0.761,pm25,M6: AugSynth Belisario (Centro dropped),AugSynth,2024w04,2024-01-22
62,-0.029359347066955976,-0.4663850481203087,0.3660448586479823,0.828,pm25,M6: AugSynth Belisario (Centro dropped),AugSynth,2024w05,2024-01-29
63,0.1564459967054681,-0.2805797043478846,0.6350931930972354,0.6,pm25,M6: AugSynth Belisario (Centro dropped),AugSynth,2024w06,2024-02-05
64,-0.19281029722466636,-0.6714574936164337,0.24421540382868656,0.41,pm25,M6: AugSynth Belisario (Centro dropped),AugSynth,2024w07,2024-02-12
65,-0.021649819525859204,-0.5002970159176265,0.45699737686590813,0.877,pm25,M6: AugSynth Belisario (Centro dropped),AugSynth,2024w08,2024-02-19
66,0.04485063743242934,-0.39217506362092336,0.5651193291626113,0.8,pm25,M6: AugSynth Belisario (Centro dropped),AugSynth,2024w09,2024-02-26
67,-0.08042559203513511,-0.5590727884269024,0.3566001090182178,0.749,pm25,M6: AugSynth Belisario (Centro dropped),AugSynth,2024w10,2024-03-04
68,0.2568190501405807,-0.22182814625118663,0.6938447511939336,0.211,pm25,M6: AugSynth Belisario (Centro dropped),AugSynth,2024w11,2024-03-11
69,-0.040147770128314164,-0.47717347118166686,0.39687793092503876,0.782,pm25,M6: AugSynth Belisario (Centro dropped),AugSynth,2024w12,2024-03-18
70,0.30397560739885066,-0.2162930843313312,0.8242442991290326,0.22,pm25,M6: AugSynth Belisario (Centro dropped),AugSynth,2024w13,2024-03-25
71,0.10825400389909445,-0.3703931924926729,0.5869012002908618,0.718,pm25,M6: AugSynth Belisario (Centro dropped),AugSynth,2024w14,2024-04-01
72,-0.1039432609259121,-0.5409689619792648,0.2914609447890262,0.651,pm25,M6: AugSynth Belisario (Centro dropped),AugSynth,2024w15,2024-04-08
73,0.33259240832887516,-0.10443329272447754,0.7696181093822281,0.154,pm25,M6: AugSynth Belisario (Centro dropped),AugSynth,2024w16,2024-04-15
74,0.09263282156586916,-0.4276358701643127,0.5712800179576365,0.73,pm25,M6: AugSynth Belisario (Centro dropped),AugSynth,2024w17,2024-04-22
75,0.20996543439434578,-0.26868176199742155,0.6469911354476987,0.366,pm25,M6: AugSynth Belisario (Centro dropped),AugSynth,2024w18,2024-04-29
76,0.14066934590192082,-0.25473485981301736,0.5776950469552737,0.582,pm25,M6: AugSynth Belisario (Centro dropped),AugSynth,2024w19,2024-05-06
77,0.12693860926577338,-0.35170858712599395,0.6055858056575407,0.602,pm25,M6: AugSynth Belisario (Centro dropped),AugSynth,2024w20,2024-05-13
78,-0.10398052925145551,-0.5410062303048082,0.3330451718018974,0.681,pm25,M6: AugSynth Belisario (Centro dropped),AugSynth,2024w21,2024-05-20
79,0.2645852568666762,-0.17244044418667648,0.6599894625816145,0.217,pm25,M6: AugSynth Belisario (Centro dropped),AugSynth,2024w22,2024-05-27
80,0.09826174646668262,-0.3803854499250847,0.5352874475200355,0.717,pm25,M6: AugSynth Belisario (Centro dropped),AugSynth,2024w23,2024-06-03
81,0.15744437424974578,-0.32120282214202156,0.5528485799646841,0.531,pm25,M6: AugSynth Belisario (Centro dropped),AugSynth,2024w24,2024-06-10
82,0.13775282185830795,-0.29927287919504475,0.5747785229116609,0.565,pm25,M6: AugSynth Belisario (Centro dropped),AugSynth,2024w25,2024-06-17
83,0.08405588089273497,-0.35296982016061773,0.47946008660767325,0.735,pm25,M6: AugSynth Belisario (Centro dropped),AugSynth,2024w26,2024-06-24
84,0.011610087776402267,-0.46703710861536507,0.4486357888297552,0.905,pm25,M6: AugSynth Belisario (Centro dropped),AugSynth,2024w27,2024-07-01
85,0.11762883249278389,-0.3193968685605688,0.5546545335461368,0.629,pm25,M6: AugSynth Belisario (Centro dropped),AugSynth,2024w28,2024-07-08
86,-0.3345047612609089,-0.7715304623142616,0.10252093979244403,0.138,pm25,M6: AugSynth Belisario (Centro dropped),AugSynth,2024w29,2024-07-15
87,-0.10905982188895536,-0.546085522942308,0.32796587916439757,0.599,pm25,M6: AugSynth Belisario (Centro dropped),AugSynth,2024w30,2024-07-22
88,-0.06722139113136194,-0.5458685875231293,0.4114258052604054,0.781,pm25,M6: AugSynth Belisario (Centro dropped),AugSynth,2024w31,2024-07-29
89,0.1318011916527846,-0.2636030140621536,0.5688268927061375,0.584,pm25,M6: AugSynth Belisario (Centro dropped),AugSynth,2024w32,2024-08-05
90,-0.18658995050759053,-0.6236156515609432,0.2504357505457624,0.421,pm25,M6: AugSynth Belisario (Centro dropped),AugSynth,2024w33,2024-08-12
91,-0.09183982316012873,-0.5288655242134814,0.3451858778932242,0.712,pm25,M6: AugSynth Belisario (Centro dropped),AugSynth,2024w34,2024-08-19
92,-0.154149875187386,-0.5911755762407387,0.366118816542796,0.557,pm25,M6: AugSynth Belisario (Centro dropped),AugSynth,2024w35,2024-08-26
93,-0.005726550285000798,-0.4427522513383535,0.4312991507683521,0.927,pm25,M6: AugSynth Belisario (Centro dropped),AugSynth,2024w36,2024-09-02
94,0.17965975825668146,-0.25736594279667124,0.6166854593100344,0.371,pm25,M6: AugSynth Belisario (Centro dropped),AugSynth,2024w37,2024-09-09
95,-0.2705736951970872,-0.7075993962504399,0.16645200585626574,0.23,pm25,M6: AugSynth Belisario (Centro dropped),AugSynth,2024w38,2024-09-16
96,0.02034845823138065,-0.41667724282197205,0.4573741592847336,0.86,pm25,M6: AugSynth Belisario (Centro dropped),AugSynth,2024w39,2024-09-23
97,3.517078962811416,0,4.536805598602573,0.16,pm25,M6: AugSynth Belisario (Centro dropped),AugSynth,2024w40,2024-09-30
98,0.36655360406983606,-0.23695807833717492,0.886822295800018,0.157,pm25,M6: AugSynth Belisario (Centro dropped),AugSynth,2024w41,2024-10-07
99,1.4567427136273556,0,2.476469349418512,0.05,pm25,M6: AugSynth Belisario (Centro dropped),AugSynth,2024w42,2024-10-14
100,1.3961821327904236,0.37645549699926706,2.41590876858158,0.038,pm25,M6: AugSynth Belisario (Centro dropped),AugSynth,2024w43,2024-10-21
101,0.9823600965106327,0.08749794673471986,1.7939792556097167,0.037,pm25,M6: AugSynth Belisario (Centro dropped),AugSynth,2024w44,2024-10-28
102,0.3884113577721169,-0.13185733395806498,0.8670585541638842,0.099,pm25,M6: AugSynth Belisario (Centro dropped),AugSynth,2024w45,2024-11-04
103,-0.0920198888496988,-0.6539100759182952,0.4698702982188978,0.736,pm25,M6: AugSynth Belisario (Centro dropped),AugSynth,2024w46,2024-11-11
104,0.44442586175861276,-0.034221334633154576,0.9230730581503801,0.051,pm25,M6: AugSynth Belisario (Centro dropped),AugSynth,2024w47,2024-11-18
105,0.637067769501448,0.03355608709443697,1.15733646123163,0.013,pm25,M6: AugSynth Belisario (Centro dropped),AugSynth,2024w48,2024-11-25
106,0.27529222316764335,-0.16173347788570935,0.7123179242209963,0.193,pm25,M6: AugSynth Belisario (Centro dropped),AugSynth,2024w49,2024-12-02
107,0.27138130590241083,-0.2072658904893565,0.7500285022941782,0.236,pm25,M6: AugSynth Belisario (Centro dropped),AugSynth,2024w50,2024-12-09
108,0.36592341034954545,-0.11272378604222189,0.8445706067413128,0.103,pm25,M6: AugSynth Belisario (Centro dropped),AugSynth,2024w51,2024-12-16
109,0.1907161618936426,-0.2463095391597101,0.6693633582854099,0.363,pm25,M6: AugSynth Belisario (Centro dropped),AugSynth,2024w52,2024-12-23
110,-0.045290340849971855,-0.6071805279185682,0.5165998462186248,0.769,pm25,M6: AugSynth Belisario (Centro dropped),AugSynth,2025w01,2024-12-30
111,0.3549977805637927,-0.12364941582797462,0.7920234816171456,0.094,pm25,M6: AugSynth Belisario (Centro dropped),AugSynth,2025w02,2025-01-06
112,0.14321066563819107,-0.33543653075357627,0.580236366691544,0.583,pm25,M6: AugSynth Belisario (Centro dropped),AugSynth,2025w03,2025-01-13
113,0.17077748797734582,-0.2662482130760069,0.6078031890306987,0.42,pm25,M6: AugSynth Belisario (Centro dropped),AugSynth,2025w04,2025-01-20
114,-0.14022610026080917,-0.6188732966525765,0.29679960079254375,0.562,pm25,M6: AugSynth Belisario (Centro dropped),AugSynth,2025w05,2025-01-27
115,0.3126872274763559,-0.12433847357699679,0.7497129285297088,0.151,pm25,M6: AugSynth Belisario (Centro dropped),AugSynth,2025w06,2025-02-03
116,0.23917164297636662,-0.19785405807698608,0.6345758486913049,0.306,pm25,M6: AugSynth Belisario (Centro dropped),AugSynth,2025w07,2025-02-10
117,0.15731992757432955,-0.3629487641558523,0.5527241332892678,0.553,pm25,M6: AugSynth Belisario (Centro dropped),AugSynth,2025w08,2025-02-17
118,0.25708362243925986,-0.17994207861409284,0.6941093234926128,0.208,pm25,M6: AugSynth Belisario (Centro dropped),AugSynth,2025w09,2025-02-24
119,0.18313582213630397,-0.29551137425546337,0.6617830185280713,0.404,pm25,M6: AugSynth Belisario (Centro dropped),AugSynth,2025w10,2025-03-03
120,0.3080079540560723,-0.17063924233569505,0.7450336551094252,0.17,pm25,M6: AugSynth Belisario (Centro dropped),AugSynth,2025w11,2025-03-10
121,0.14733930045416876,-0.3313078959375986,0.6259864968459361,0.59,pm25,M6: AugSynth Belisario (Centro dropped),AugSynth,2025w12,2025-03-17
122,0.02731518399168209,-0.45133201240008525,0.464340885045035,0.858,pm25,M6: AugSynth Belisario (Centro dropped),AugSynth,2025w13,2025-03-24
123,-0.03649636722769367,-0.515143563619461,0.4837723245024883,0.785,pm25,M6: AugSynth Belisario (Centro dropped),AugSynth,2025w14,2025-03-31
124,-0.2576436550806087,-0.736290851472376,0.3042465319879879,0.3,pm25,M6: AugSynth Belisario (Centro dropped),AugSynth,2025w15,2025-04-07
125,0.29894096621564303,-0.13808473483770967,0.735966667268996,0.192,pm25,M6: AugSynth Belisario (Centro dropped),AugSynth,2025w16,2025-04-14
126,0.10783426559477594,-0.32919143545857676,0.5448599666481289,0.651,pm25,M6: AugSynth Belisario (Centro dropped),AugSynth,2025w17,2025-04-21
127,0.06707659448337422,-0.3699491065699785,0.5457237908751416,0.731,pm25,M6: AugSynth Belisario (Centro dropped),AugSynth,2025w18,2025-04-28
128,0.28595027500077297,-0.19269692139099437,0.7229759760541259,0.189,pm25,M6: AugSynth Belisario (Centro dropped),AugSynth,2025w19,2025-05-05
129,0.22322893199578742,-0.21379676905756528,0.6602546330491403,0.348,pm25,M6: AugSynth Belisario (Centro dropped),AugSynth,2025w20,2025-05-12
130,0.21507867242850853,-0.30519001930167333,0.6521043734818615,0.366,pm25,M6: AugSynth Belisario (Centro dropped),AugSynth,2025w21,2025-05-19
131,0.14432675730803846,-0.3343204390837289,0.5813524583613914,0.603,pm25,M6: AugSynth Belisario (Centro dropped),AugSynth,2025w22,2025-05-26
132,0.2067877364638906,-0.27185945992787675,0.6438134375172435,0.377,pm25,M6: AugSynth Belisario (Centro dropped),AugSynth,2025w23,2025-06-02
133,0.32928219689486804,-0.1493649994968993,0.766307897948221,0.152,pm25,M6: AugSynth Belisario (Centro dropped),AugSynth,2025w24,2025-06-09
134,-0.033421712999464503,-0.4288259187144027,0.4036039880538884,0.772,pm25,M6: AugSynth Belisario (Centro dropped),AugSynth,2025w25,2025-06-16
1,-0.06978221937941953,NA,NA,NA,pm25,M7: AugSynth_FE Centro+Belisario,AugSynth_FE,2022w48,2022-11-28
2,-0.09818966859902911,NA,NA,NA,pm25,M7: AugSynth_FE Centro+Belisario,AugSynth_FE,2022w49,2022-12-05
3,0.0024518785976934687,NA,NA,NA,pm25,M7: AugSynth_FE Centro+Belisario,AugSynth_FE,2022w50,2022-12-12
4,0.1337060890462003,NA,NA,NA,pm25,M7: AugSynth_FE Centro+Belisario,AugSynth_FE,2022w51,2022-12-19
5,0.056289871942148295,NA,NA,NA,pm25,M7: AugSynth_FE Centro+Belisario,AugSynth_FE,2022w52,2022-12-26
6,-0.0166915775274612,NA,NA,NA,pm25,M7: AugSynth_FE Centro+Belisario,AugSynth_FE,2023w01,2023-01-02
7,0.19719785006481327,NA,NA,NA,pm25,M7: AugSynth_FE Centro+Belisario,AugSynth_FE,2023w02,2023-01-09
8,-0.05715265045001816,NA,NA,NA,pm25,M7: AugSynth_FE Centro+Belisario,AugSynth_FE,2023w03,2023-01-16
9,0.05546200659564304,NA,NA,NA,pm25,M7: AugSynth_FE Centro+Belisario,AugSynth_FE,2023w04,2023-01-23
10,0.0015448407232310224,NA,NA,NA,pm25,M7: AugSynth_FE Centro+Belisario,AugSynth_FE,2023w05,2023-01-30
11,-0.03484493568786373,NA,NA,NA,pm25,M7: AugSynth_FE Centro+Belisario,AugSynth_FE,2023w06,2023-02-06
12,0.1875883356512631,NA,NA,NA,pm25,M7: AugSynth_FE Centro+Belisario,AugSynth_FE,2023w07,2023-02-13
13,-0.11319665037684024,NA,NA,NA,pm25,M7: AugSynth_FE Centro+Belisario,AugSynth_FE,2023w08,2023-02-20
14,0.00945998986486174,NA,NA,NA,pm25,M7: AugSynth_FE Centro+Belisario,AugSynth_FE,2023w09,2023-02-27
15,0.1662947944726496,NA,NA,NA,pm25,M7: AugSynth_FE Centro+Belisario,AugSynth_FE,2023w10,2023-03-06
16,-0.08620561639364333,NA,NA,NA,pm25,M7: AugSynth_FE Centro+Belisario,AugSynth_FE,2023w11,2023-03-13
17,0.15384869558151815,NA,NA,NA,pm25,M7: AugSynth_FE Centro+Belisario,AugSynth_FE,2023w12,2023-03-20
18,0.10835975448716484,NA,NA,NA,pm25,M7: AugSynth_FE Centro+Belisario,AugSynth_FE,2023w13,2023-03-27
19,0.30389312662932877,NA,NA,NA,pm25,M7: AugSynth_FE Centro+Belisario,AugSynth_FE,2023w14,2023-04-03
20,0.0033064858098237337,NA,NA,NA,pm25,M7: AugSynth_FE Centro+Belisario,AugSynth_FE,2023w15,2023-04-10
21,-0.010318141698015815,NA,NA,NA,pm25,M7: AugSynth_FE Centro+Belisario,AugSynth_FE,2023w16,2023-04-17
22,0.20508713639728926,NA,NA,NA,pm25,M7: AugSynth_FE Centro+Belisario,AugSynth_FE,2023w17,2023-04-24
23,-0.44287884707588354,NA,NA,NA,pm25,M7: AugSynth_FE Centro+Belisario,AugSynth_FE,2023w18,2023-05-01
24,-0.09966321861261385,NA,NA,NA,pm25,M7: AugSynth_FE Centro+Belisario,AugSynth_FE,2023w19,2023-05-08
25,0.20967417970115854,NA,NA,NA,pm25,M7: AugSynth_FE Centro+Belisario,AugSynth_FE,2023w20,2023-05-15
26,0.1362072380207242,NA,NA,NA,pm25,M7: AugSynth_FE Centro+Belisario,AugSynth_FE,2023w21,2023-05-22
27,-0.030030357725710832,NA,NA,NA,pm25,M7: AugSynth_FE Centro+Belisario,AugSynth_FE,2023w22,2023-05-29
28,0.18761579387716587,NA,NA,NA,pm25,M7: AugSynth_FE Centro+Belisario,AugSynth_FE,2023w23,2023-06-05
29,-0.04612803282393241,NA,NA,NA,pm25,M7: AugSynth_FE Centro+Belisario,AugSynth_FE,2023w24,2023-06-12
30,-0.26303464508376706,NA,NA,NA,pm25,M7: AugSynth_FE Centro+Belisario,AugSynth_FE,2023w25,2023-06-19
31,-0.19699002747704197,NA,NA,NA,pm25,M7: AugSynth_FE Centro+Belisario,AugSynth_FE,2023w26,2023-06-26
32,0.2599207935992447,NA,NA,NA,pm25,M7: AugSynth_FE Centro+Belisario,AugSynth_FE,2023w27,2023-07-03
33,-0.061126933826642915,NA,NA,NA,pm25,M7: AugSynth_FE Centro+Belisario,AugSynth_FE,2023w28,2023-07-10
34,-0.321554411231316,NA,NA,NA,pm25,M7: AugSynth_FE Centro+Belisario,AugSynth_FE,2023w29,2023-07-17
35,-0.10676064059748391,NA,NA,NA,pm25,M7: AugSynth_FE Centro+Belisario,AugSynth_FE,2023w30,2023-07-24
36,-0.17044255879437298,NA,NA,NA,pm25,M7: AugSynth_FE Centro+Belisario,AugSynth_FE,2023w31,2023-07-31
37,-0.5218800504146279,NA,NA,NA,pm25,M7: AugSynth_FE Centro+Belisario,AugSynth_FE,2023w32,2023-08-07
38,0.20696501647625443,NA,NA,NA,pm25,M7: AugSynth_FE Centro+Belisario,AugSynth_FE,2023w33,2023-08-14
39,0.06791029110948577,NA,NA,NA,pm25,M7: AugSynth_FE Centro+Belisario,AugSynth_FE,2023w34,2023-08-21
40,-0.15074443845414054,NA,NA,NA,pm25,M7: AugSynth_FE Centro+Belisario,AugSynth_FE,2023w35,2023-08-28
41,-0.17225354298924156,NA,NA,NA,pm25,M7: AugSynth_FE Centro+Belisario,AugSynth_FE,2023w36,2023-09-04
42,-0.1577584430430905,NA,NA,NA,pm25,M7: AugSynth_FE Centro+Belisario,AugSynth_FE,2023w37,2023-09-11
43,-0.18744812371047948,NA,NA,NA,pm25,M7: AugSynth_FE Centro+Belisario,AugSynth_FE,2023w38,2023-09-18
44,0.1741390760816528,NA,NA,NA,pm25,M7: AugSynth_FE Centro+Belisario,AugSynth_FE,2023w39,2023-09-25
45,0.24434656738712146,NA,NA,NA,pm25,M7: AugSynth_FE Centro+Belisario,AugSynth_FE,2023w40,2023-10-02
46,-0.26183318001052136,NA,NA,NA,pm25,M7: AugSynth_FE Centro+Belisario,AugSynth_FE,2023w41,2023-10-09
47,-0.14046363832970066,NA,NA,NA,pm25,M7: AugSynth_FE Centro+Belisario,AugSynth_FE,2023w42,2023-10-16
48,0.11008562684068668,NA,NA,NA,pm25,M7: AugSynth_FE Centro+Belisario,AugSynth_FE,2023w43,2023-10-23
49,-0.03902935075120917,NA,NA,NA,pm25,M7: AugSynth_FE Centro+Belisario,AugSynth_FE,2023w44,2023-10-30
50,-0.02324685181775532,NA,NA,NA,pm25,M7: AugSynth_FE Centro+Belisario,AugSynth_FE,2023w45,2023-11-06
51,0.35696925847204275,NA,NA,NA,pm25,M7: AugSynth_FE Centro+Belisario,AugSynth_FE,2023w46,2023-11-13
52,0.3413240554526542,NA,NA,NA,pm25,M7: AugSynth_FE Centro+Belisario,AugSynth_FE,2023w47,2023-11-20
53,-0.08434662645621493,-0.5908883875688336,0.42219513465640346,0.687,pm25,M7: AugSynth_FE Centro+Belisario,AugSynth_FE,2023w48,2023-11-27
54,0.005321372449163864,-0.5012203886634548,0.47133979267277304,0.948,pm25,M7: AugSynth_FE Centro+Belisario,AugSynth_FE,2023w49,2023-12-04
55,-0.07650937994255536,-0.6640978228331929,0.4705557220590726,0.712,pm25,M7: AugSynth_FE Centro+Belisario,AugSynth_FE,2023w50,2023-12-11
56,0.02375861060943718,-0.5638298322812004,0.48977703083304613,0.892,pm25,M7: AugSynth_FE Centro+Belisario,AugSynth_FE,2023w51,2023-12-18
57,-0.38469362522234896,-0.9722820681129865,0.40551152211333585,0.236,pm25,M7: AugSynth_FE Centro+Belisario,AugSynth_FE,2023w52,2023-12-25
58,-0.14394879963265472,-0.5694438789672543,0.32206962059095434,0.531,pm25,M7: AugSynth_FE Centro+Belisario,AugSynth_FE,2024w01,2024-01-01
59,-0.42753255290694314,-0.9340743140195618,0.1195325490946848,0.092,pm25,M7: AugSynth_FE Centro+Belisario,AugSynth_FE,2024w02,2024-01-08
60,-0.4145091129860914,-0.92105087409871,0.13255598901553656,0.114,pm25,M7: AugSynth_FE Centro+Belisario,AugSynth_FE,2024w03,2024-01-15
61,-0.1886672468148558,-0.7357323488164839,0.3178745142977626,0.38,pm25,M7: AugSynth_FE Centro+Belisario,AugSynth_FE,2024w04,2024-01-22
62,-0.16935050206421298,-0.5948455813988126,0.2966679181593961,0.461,pm25,M7: AugSynth_FE Centro+Belisario,AugSynth_FE,2024w05,2024-01-29
63,0.057457859925015065,-0.4085605602985941,0.48295293925961447,0.794,pm25,M7: AugSynth_FE Centro+Belisario,AugSynth_FE,2024w06,2024-02-05
64,-0.2942675563684758,-0.7602859765920849,0.13122752296612372,0.134,pm25,M7: AugSynth_FE Centro+Belisario,AugSynth_FE,2024w07,2024-02-12
65,-0.14629507437257638,-0.6123134945961854,0.360246686740042,0.53,pm25,M7: AugSynth_FE Centro+Belisario,AugSynth_FE,2024w08,2024-02-19
66,-0.04734123810570745,-0.5133596583293165,0.45920052300691094,0.783,pm25,M7: AugSynth_FE Centro+Belisario,AugSynth_FE,2024w09,2024-02-26
67,-0.17914965631743351,-0.6856914174300521,0.3273921047951849,0.45,pm25,M7: AugSynth_FE Centro+Belisario,AugSynth_FE,2024w10,2024-03-04
68,0.10003636389650339,-0.3659820563271058,0.5255314432311028,0.648,pm25,M7: AugSynth_FE Centro+Belisario,AugSynth_FE,2024w11,2024-03-11
69,-0.14498477722780656,-0.5704798565624062,0.3210336429958025,0.519,pm25,M7: AugSynth_FE Centro+Belisario,AugSynth_FE,2024w12,2024-03-18
70,0.18795277658045562,-0.31858898453216306,0.7350178785820835,0.479,pm25,M7: AugSynth_FE Centro+Belisario,AugSynth_FE,2024w13,2024-03-25
71,0.1545130199039404,-0.3115054003196688,0.6610547810165587,0.524,pm25,M7: AugSynth_FE Centro+Belisario,AugSynth_FE,2024w14,2024-04-01
72,-0.16235186940812518,-0.6283702896317342,0.26314320992647433,0.454,pm25,M7: AugSynth_FE Centro+Belisario,AugSynth_FE,2024w15,2024-04-08
73,0.0183552235387352,-0.40713985579586454,0.48437364376234415,0.888,pm25,M7: AugSynth_FE Centro+Belisario,AugSynth_FE,2024w16,2024-04-15
74,0.08069167809782662,-0.42585008301479205,0.506186757432426,0.675,pm25,M7: AugSynth_FE Centro+Belisario,AugSynth_FE,2024w17,2024-04-22
75,0.06510378651702986,-0.4009146337065793,0.49059886585162926,0.725,pm25,M7: AugSynth_FE Centro+Belisario,AugSynth_FE,2024w18,2024-04-29
76,0.07483452065478424,-0.39118389956882493,0.5003295999893836,0.653,pm25,M7: AugSynth_FE Centro+Belisario,AugSynth_FE,2024w19,2024-05-06
77,-0.00541965150055379,-0.47143807172416285,0.4605987687230554,0.954,pm25,M7: AugSynth_FE Centro+Belisario,AugSynth_FE,2024w20,2024-05-13
78,-0.07667475423509584,-0.5021698335696955,0.34882032509950367,0.703,pm25,M7: AugSynth_FE Centro+Belisario,AugSynth_FE,2024w21,2024-05-20
79,0.13459134665992423,-0.2909037326746755,0.5600864259945236,0.526,pm25,M7: AugSynth_FE Centro+Belisario,AugSynth_FE,2024w22,2024-05-27
80,0.0714546649472787,-0.3945637552763305,0.4969497442818781,0.694,pm25,M7: AugSynth_FE Centro+Belisario,AugSynth_FE,2024w23,2024-06-03
81,0.06227716939150252,-0.32269456905408767,0.4877722487261019,0.74,pm25,M7: AugSynth_FE Centro+Belisario,AugSynth_FE,2024w24,2024-06-10
82,0.11798112511907899,-0.30751395421552075,0.5434762044536784,0.527,pm25,M7: AugSynth_FE Centro+Belisario,AugSynth_FE,2024w25,2024-06-17
83,-0.1623550647511065,-0.5878501440857061,0.263140014583493,0.46,pm25,M7: AugSynth_FE Centro+Belisario,AugSynth_FE,2024w26,2024-06-24
84,-0.06408153519500237,-0.489576614529602,0.36141354413959714,0.727,pm25,M7: AugSynth_FE Centro+Belisario,AugSynth_FE,2024w27,2024-07-01
85,-0.17871847601045188,-0.6447368962340609,0.2872999442131572,0.451,pm25,M7: AugSynth_FE Centro+Belisario,AugSynth_FE,2024w28,2024-07-08
86,-0.63872936105723,-1.104747781280839,-0.21323428172263048,0.02,pm25,M7: AugSynth_FE Centro+Belisario,AugSynth_FE,2024w29,2024-07-15
87,-0.31800577397488894,-0.784024194198498,0.10748930535971057,0.137,pm25,M7: AugSynth_FE Centro+Belisario,AugSynth_FE,2024w30,2024-07-22
88,-0.2807846998869934,-0.7468031201106025,0.18523372033661567,0.173,pm25,M7: AugSynth_FE Centro+Belisario,AugSynth_FE,2024w31,2024-07-29
89,-0.09142398061488599,-0.638489082616514,0.3340710987197135,0.661,pm25,M7: AugSynth_FE Centro+Belisario,AugSynth_FE,2024w32,2024-08-05
90,-0.5060608540179938,-0.9720792742416029,-0.04004243379438477,0.036,pm25,M7: AugSynth_FE Centro+Belisario,AugSynth_FE,2024w33,2024-08-12
91,-0.38599035968569106,-0.8925321207983097,0.03950471964890845,0.077,pm25,M7: AugSynth_FE Centro+Belisario,AugSynth_FE,2024w34,2024-08-19
92,-0.2938473919822666,-0.7598658122058757,0.09112434646332335,0.139,pm25,M7: AugSynth_FE Centro+Belisario,AugSynth_FE,2024w35,2024-08-26
93,-0.3419473469108585,-0.7269190853564486,0.08354773242374103,0.076,pm25,M7: AugSynth_FE Centro+Belisario,AugSynth_FE,2024w36,2024-09-02
94,-0.22367509064993873,-0.6896935108735478,0.16129664779565123,0.189,pm25,M7: AugSynth_FE Centro+Belisario,AugSynth_FE,2024w37,2024-09-09
95,-0.4953138416601197,-0.9613322618837288,-0.11034210321452975,0.039,pm25,M7: AugSynth_FE Centro+Belisario,AugSynth_FE,2024w38,2024-09-16
96,-0.3894848470183714,-0.7744565854639615,0.03601023231622813,0.073,pm25,M7: AugSynth_FE Centro+Belisario,AugSynth_FE,2024w39,2024-09-23
97,3.6328838660554967,0,4.6257057178362295,0.179,pm25,M7: AugSynth_FE Centro+Belisario,AugSynth_FE,2024w40,2024-09-30
98,0.39380717221234507,-0.27482795245631153,0.9003489333249634,0.135,pm25,M7: AugSynth_FE Centro+Belisario,AugSynth_FE,2024w41,2024-10-07
99,1.197257343914494,0,2.027985832139189,0.085,pm25,M7: AugSynth_FE Centro+Belisario,AugSynth_FE,2024w42,2024-10-14
100,1.252856189013075,0.2600343372323425,2.0430613363487597,0.03,pm25,M7: AugSynth_FE Centro+Belisario,AugSynth_FE,2024w43,2024-10-21
101,0.6849541604251952,-0.14577432779949934,1.3130659442048422,0.063,pm25,M7: AugSynth_FE Centro+Belisario,AugSynth_FE,2024w44,2024-10-28
102,0.22099277160490516,-0.24502564861870402,0.6870111918285141,0.325,pm25,M7: AugSynth_FE Centro+Belisario,AugSynth_FE,2024w45,2024-11-04
103,-0.13246049496049128,-0.7200489378511288,0.4551279479301462,0.622,pm25,M7: AugSynth_FE Centro+Belisario,AugSynth_FE,2024w46,2024-11-11
104,-0.09627642805548087,-0.6028181891680995,0.49131201483515663,0.683,pm25,M7: AugSynth_FE Centro+Belisario,AugSynth_FE,2024w47,2024-11-18
105,0.19883612470624268,-0.3482289772953855,0.7459012267078705,0.507,pm25,M7: AugSynth_FE Centro+Belisario,AugSynth_FE,2024w48,2024-11-25
106,-0.036604756672824035,-0.5026231768964331,0.42941366355078503,0.836,pm25,M7: AugSynth_FE Centro+Belisario,AugSynth_FE,2024w49,2024-12-02
107,0.10021643364805755,-0.36580198657555163,0.5662348538716665,0.662,pm25,M7: AugSynth_FE Centro+Belisario,AugSynth_FE,2024w50,2024-12-09
108,0.11296574895111933,-0.35305267127248985,0.5384608282857187,0.626,pm25,M7: AugSynth_FE Centro+Belisario,AugSynth_FE,2024w51,2024-12-16
109,0.02098581966055546,-0.4450326005630537,0.5275275807731737,0.874,pm25,M7: AugSynth_FE Centro+Belisario,AugSynth_FE,2024w52,2024-12-23
110,-0.10846240925202455,-0.6150041703646432,0.47912603363861295,0.64,pm25,M7: AugSynth_FE Centro+Belisario,AugSynth_FE,2025w01,2024-12-30
111,0.24951509435218844,-0.25702666676043023,0.6344868327977783,0.214,pm25,M7: AugSynth_FE Centro+Belisario,AugSynth_FE,2025w02,2025-01-06
112,0.016718000507812913,-0.48982376060480576,0.36116639806439343,0.906,pm25,M7: AugSynth_FE Centro+Belisario,AugSynth_FE,2025w03,2025-01-13
113,0.003362970971656054,-0.462655449251953,0.4288580503062557,0.946,pm25,M7: AugSynth_FE Centro+Belisario,AugSynth_FE,2025w04,2025-01-20
114,-0.17825345769975298,-0.6847952188123716,0.24724162163484653,0.445,pm25,M7: AugSynth_FE Centro+Belisario,AugSynth_FE,2025w05,2025-01-27
115,0.08777881951795674,-0.337716259816643,0.5132738988525561,0.675,pm25,M7: AugSynth_FE Centro+Belisario,AugSynth_FE,2025w06,2025-02-03
116,0.1503394618435161,-0.3156789583800931,0.5758345411781155,0.473,pm25,M7: AugSynth_FE Centro+Belisario,AugSynth_FE,2025w07,2025-02-10
117,0.10277309332228501,-0.40376866779033366,0.5282681726568844,0.663,pm25,M7: AugSynth_FE Centro+Belisario,AugSynth_FE,2025w08,2025-02-17
118,0.1325174067807584,-0.29297767255384133,0.5580124861153578,0.548,pm25,M7: AugSynth_FE Centro+Belisario,AugSynth_FE,2025w09,2025-02-24
119,-0.012782595856984713,-0.4788010160805938,0.45323582436662435,0.912,pm25,M7: AugSynth_FE Centro+Belisario,AugSynth_FE,2025w10,2025-03-03
120,0.2418366537507981,-0.18365842558380163,0.6673317330853975,0.207,pm25,M7: AugSynth_FE Centro+Belisario,AugSynth_FE,2025w11,2025-03-10
121,0.157418685481574,-0.34912307563104467,0.7044837874832018,0.497,pm25,M7: AugSynth_FE Centro+Belisario,AugSynth_FE,2025w12,2025-03-17
122,-0.1336048162379715,-0.5996232364615806,0.3324136039856376,0.528,pm25,M7: AugSynth_FE Centro+Belisario,AugSynth_FE,2025w13,2025-03-24
123,-0.16645261690066127,-0.6324710371242703,0.34008914421195713,0.497,pm25,M7: AugSynth_FE Centro+Belisario,AugSynth_FE,2025w14,2025-03-31
124,-0.29551258624249455,-0.7615310064661036,0.21102917487012385,0.163,pm25,M7: AugSynth_FE Centro+Belisario,AugSynth_FE,2025w15,2025-04-07
125,0.0982683795440229,-0.4082733815685958,0.5237634588786223,0.653,pm25,M7: AugSynth_FE Centro+Belisario,AugSynth_FE,2025w16,2025-04-14
126,-0.010067330376099637,-0.43556240971069926,0.4154277489584999,0.913,pm25,M7: AugSynth_FE Centro+Belisario,AugSynth_FE,2025w17,2025-04-21
127,-0.04729909852070957,-0.5133175187443186,0.4187193217028995,0.82,pm25,M7: AugSynth_FE Centro+Belisario,AugSynth_FE,2025w18,2025-04-28
128,0.23739589231750724,-0.22862252790610194,0.6628909716521066,0.225,pm25,M7: AugSynth_FE Centro+Belisario,AugSynth_FE,2025w19,2025-05-05
129,0.13724682481296613,-0.32877159541064305,0.5627419041475655,0.505,pm25,M7: AugSynth_FE Centro+Belisario,AugSynth_FE,2025w20,2025-05-12
130,0.18933949783590887,-0.3577256041657193,0.6148345771705083,0.424,pm25,M7: AugSynth_FE Centro+Belisario,AugSynth_FE,2025w21,2025-05-19
131,-0.015660129394222455,-0.4411552087288221,0.40983494994037706,0.915,pm25,M7: AugSynth_FE Centro+Belisario,AugSynth_FE,2025w22,2025-05-26
132,0.15567219035480084,-0.35086957075781783,0.5811672696894002,0.469,pm25,M7: AugSynth_FE Centro+Belisario,AugSynth_FE,2025w23,2025-06-02
133,0.1622821108358803,-0.3442596502767384,0.5877771901704797,0.493,pm25,M7: AugSynth_FE Centro+Belisario,AugSynth_FE,2025w24,2025-06-09
134,-0.214514734536285,-0.6805331547598941,0.2109803447983145,0.256,pm25,M7: AugSynth_FE Centro+Belisario,AugSynth_FE,2025w25,2025-06-16
1,-0.1607464230043334,NA,NA,NA,pm25,M8: AugSynth_FE Centro (Bel. dropped),AugSynth_FE,2022w48,2022-11-28
2,-0.04428346911939984,NA,NA,NA,pm25,M8: AugSynth_FE Centro (Bel. dropped),AugSynth_FE,2022w49,2022-12-05
3,-0.07829121495471547,NA,NA,NA,pm25,M8: AugSynth_FE Centro (Bel. dropped),AugSynth_FE,2022w50,2022-12-12
4,0.10999098659975459,NA,NA,NA,pm25,M8: AugSynth_FE Centro (Bel. dropped),AugSynth_FE,2022w51,2022-12-19
5,0.05379907172286025,NA,NA,NA,pm25,M8: AugSynth_FE Centro (Bel. dropped),AugSynth_FE,2022w52,2022-12-26
6,-0.02192765649977302,NA,NA,NA,pm25,M8: AugSynth_FE Centro (Bel. dropped),AugSynth_FE,2023w01,2023-01-02
7,0.16971683269769056,NA,NA,NA,pm25,M8: AugSynth_FE Centro (Bel. dropped),AugSynth_FE,2023w02,2023-01-09
8,-0.08107718306820555,NA,NA,NA,pm25,M8: AugSynth_FE Centro (Bel. dropped),AugSynth_FE,2023w03,2023-01-16
9,0.11889282135062773,NA,NA,NA,pm25,M8: AugSynth_FE Centro (Bel. dropped),AugSynth_FE,2023w04,2023-01-23
10,0.031145984440092978,NA,NA,NA,pm25,M8: AugSynth_FE Centro (Bel. dropped),AugSynth_FE,2023w05,2023-01-30
11,-0.06781139665271274,NA,NA,NA,pm25,M8: AugSynth_FE Centro (Bel. dropped),AugSynth_FE,2023w06,2023-02-06
12,0.08243759792752492,NA,NA,NA,pm25,M8: AugSynth_FE Centro (Bel. dropped),AugSynth_FE,2023w07,2023-02-13
13,-0.10801725124542916,NA,NA,NA,pm25,M8: AugSynth_FE Centro (Bel. dropped),AugSynth_FE,2023w08,2023-02-20
14,-0.09023264287355914,NA,NA,NA,pm25,M8: AugSynth_FE Centro (Bel. dropped),AugSynth_FE,2023w09,2023-02-27
15,0.1236487216821307,NA,NA,NA,pm25,M8: AugSynth_FE Centro (Bel. dropped),AugSynth_FE,2023w10,2023-03-06
16,-0.1551730577520205,NA,NA,NA,pm25,M8: AugSynth_FE Centro (Bel. dropped),AugSynth_FE,2023w11,2023-03-13
17,0.04661251523520393,NA,NA,NA,pm25,M8: AugSynth_FE Centro (Bel. dropped),AugSynth_FE,2023w12,2023-03-20
18,0.10063144493188148,NA,NA,NA,pm25,M8: AugSynth_FE Centro (Bel. dropped),AugSynth_FE,2023w13,2023-03-27
19,0.36440740643886027,NA,NA,NA,pm25,M8: AugSynth_FE Centro (Bel. dropped),AugSynth_FE,2023w14,2023-04-03
20,0.10683468327990653,NA,NA,NA,pm25,M8: AugSynth_FE Centro (Bel. dropped),AugSynth_FE,2023w15,2023-04-10
21,-0.07973441071898657,NA,NA,NA,pm25,M8: AugSynth_FE Centro (Bel. dropped),AugSynth_FE,2023w16,2023-04-17
22,0.22828667615143328,NA,NA,NA,pm25,M8: AugSynth_FE Centro (Bel. dropped),AugSynth_FE,2023w17,2023-04-24
23,-0.4803704941151925,NA,NA,NA,pm25,M8: AugSynth_FE Centro (Bel. dropped),AugSynth_FE,2023w18,2023-05-01
24,-0.06978219526581864,NA,NA,NA,pm25,M8: AugSynth_FE Centro (Bel. dropped),AugSynth_FE,2023w19,2023-05-08
25,0.1455804377378742,NA,NA,NA,pm25,M8: AugSynth_FE Centro (Bel. dropped),AugSynth_FE,2023w20,2023-05-15
26,0.11703441233924439,NA,NA,NA,pm25,M8: AugSynth_FE Centro (Bel. dropped),AugSynth_FE,2023w21,2023-05-22
27,0.01124021104959283,NA,NA,NA,pm25,M8: AugSynth_FE Centro (Bel. dropped),AugSynth_FE,2023w22,2023-05-29
28,0.2488884692032749,NA,NA,NA,pm25,M8: AugSynth_FE Centro (Bel. dropped),AugSynth_FE,2023w23,2023-06-05
29,-0.0493648034431704,NA,NA,NA,pm25,M8: AugSynth_FE Centro (Bel. dropped),AugSynth_FE,2023w24,2023-06-12
30,-0.21396096007880194,NA,NA,NA,pm25,M8: AugSynth_FE Centro (Bel. dropped),AugSynth_FE,2023w25,2023-06-19
31,-0.2417447774807413,NA,NA,NA,pm25,M8: AugSynth_FE Centro (Bel. dropped),AugSynth_FE,2023w26,2023-06-26
32,0.27238224300238034,NA,NA,NA,pm25,M8: AugSynth_FE Centro (Bel. dropped),AugSynth_FE,2023w27,2023-07-03
33,-0.07550259108689783,NA,NA,NA,pm25,M8: AugSynth_FE Centro (Bel. dropped),AugSynth_FE,2023w28,2023-07-10
34,-0.38905274603098183,NA,NA,NA,pm25,M8: AugSynth_FE Centro (Bel. dropped),AugSynth_FE,2023w29,2023-07-17
35,-0.05411525998074662,NA,NA,NA,pm25,M8: AugSynth_FE Centro (Bel. dropped),AugSynth_FE,2023w30,2023-07-24
36,-0.1821507625585599,NA,NA,NA,pm25,M8: AugSynth_FE Centro (Bel. dropped),AugSynth_FE,2023w31,2023-07-31
37,-0.5170769928284611,NA,NA,NA,pm25,M8: AugSynth_FE Centro (Bel. dropped),AugSynth_FE,2023w32,2023-08-07
38,0.28958795471723686,NA,NA,NA,pm25,M8: AugSynth_FE Centro (Bel. dropped),AugSynth_FE,2023w33,2023-08-14
39,0.1967367113414542,NA,NA,NA,pm25,M8: AugSynth_FE Centro (Bel. dropped),AugSynth_FE,2023w34,2023-08-21
40,-0.24436551587108557,NA,NA,NA,pm25,M8: AugSynth_FE Centro (Bel. dropped),AugSynth_FE,2023w35,2023-08-28
41,-0.2360672242631967,NA,NA,NA,pm25,M8: AugSynth_FE Centro (Bel. dropped),AugSynth_FE,2023w36,2023-09-04
42,-0.18228263505676567,NA,NA,NA,pm25,M8: AugSynth_FE Centro (Bel. dropped),AugSynth_FE,2023w37,2023-09-11
43,-0.22512535679725287,NA,NA,NA,pm25,M8: AugSynth_FE Centro (Bel. dropped),AugSynth_FE,2023w38,2023-09-18
44,0.25269963428627396,NA,NA,NA,pm25,M8: AugSynth_FE Centro (Bel. dropped),AugSynth_FE,2023w39,2023-09-25
45,0.264025767365045,NA,NA,NA,pm25,M8: AugSynth_FE Centro (Bel. dropped),AugSynth_FE,2023w40,2023-10-02
46,-0.18228078490915234,NA,NA,NA,pm25,M8: AugSynth_FE Centro (Bel. dropped),AugSynth_FE,2023w41,2023-10-09
47,-0.17015052287992471,NA,NA,NA,pm25,M8: AugSynth_FE Centro (Bel. dropped),AugSynth_FE,2023w42,2023-10-16
48,0.24196318958994478,NA,NA,NA,pm25,M8: AugSynth_FE Centro (Bel. dropped),AugSynth_FE,2023w43,2023-10-23
49,0.1543380651552022,NA,NA,NA,pm25,M8: AugSynth_FE Centro (Bel. dropped),AugSynth_FE,2023w44,2023-10-30
50,-0.05216995528355106,NA,NA,NA,pm25,M8: AugSynth_FE Centro (Bel. dropped),AugSynth_FE,2023w45,2023-11-06
51,0.42604531378789856,NA,NA,NA,pm25,M8: AugSynth_FE Centro (Bel. dropped),AugSynth_FE,2023w46,2023-11-13
52,0.2959311317860558,NA,NA,NA,pm25,M8: AugSynth_FE Centro (Bel. dropped),AugSynth_FE,2023w47,2023-11-20
53,-0.05690722391112679,-0.6011485368450418,0.4873340890227884,0.882,pm25,M8: AugSynth_FE Centro (Bel. dropped),AugSynth_FE,2023w48,2023-11-27
54,0.0029935742212030547,-0.5412477387127119,0.5097010035045033,1,pm25,M8: AugSynth_FE Centro (Bel. dropped),AugSynth_FE,2023w49,2023-12-04
55,-0.13121910881272703,-0.7129943053972568,0.4505560877718029,0.645,pm25,M8: AugSynth_FE Centro (Bel. dropped),AugSynth_FE,2023w50,2023-12-11
56,0.09997521274202859,-0.36919833289065673,0.5691487583747139,0.657,pm25,M8: AugSynth_FE Centro (Bel. dropped),AugSynth_FE,2023w51,2023-12-18
57,-0.1631395891472338,-0.9701180876354526,0.5687711420397554,0.681,pm25,M8: AugSynth_FE Centro (Bel. dropped),AugSynth_FE,2023w52,2023-12-25
58,-0.06508178662442088,-0.5342553322571062,0.4416256426588794,0.832,pm25,M8: AugSynth_FE Centro (Bel. dropped),AugSynth_FE,2024w01,2024-01-01
59,-0.24576547232515145,-0.9776762035121406,0.3735436079099932,0.392,pm25,M8: AugSynth_FE Centro (Bel. dropped),AugSynth_FE,2024w02,2024-01-08
60,-0.24430377808105375,-0.7885450910149687,0.29993753485286145,0.362,pm25,M8: AugSynth_FE Centro (Bel. dropped),AugSynth_FE,2024w03,2024-01-15
61,-0.24572484191619592,-0.7524322711994961,0.2234487037164894,0.273,pm25,M8: AugSynth_FE Centro (Bel. dropped),AugSynth_FE,2024w04,2024-01-22
62,-0.18926887552196048,-0.6584424211546458,0.3174385537613398,0.423,pm25,M8: AugSynth_FE Centro (Bel. dropped),AugSynth_FE,2024w05,2024-01-29
63,0.013085067774386339,-0.5311562451595286,0.5197924970576866,0.978,pm25,M8: AugSynth_FE Centro (Bel. dropped),AugSynth_FE,2024w06,2024-02-05
64,-0.38604961296945195,-0.8927570422527521,0.15819169996446325,0.111,pm25,M8: AugSynth_FE Centro (Bel. dropped),AugSynth_FE,2024w07,2024-02-12
65,-0.20351929825396908,-0.7102267275372692,0.3031881310293312,0.367,pm25,M8: AugSynth_FE Centro (Bel. dropped),AugSynth_FE,2024w08,2024-02-19
66,-0.002524943839036009,-0.5092323731223362,0.5417163690948792,1,pm25,M8: AugSynth_FE Centro (Bel. dropped),AugSynth_FE,2024w09,2024-02-26
67,-0.20316017370549977,-0.7849353702900296,0.34108113922841543,0.41,pm25,M8: AugSynth_FE Centro (Bel. dropped),AugSynth_FE,2024w10,2024-03-04
68,-0.047910867005692026,-0.5546182962889922,0.4212626786269933,0.916,pm25,M8: AugSynth_FE Centro (Bel. dropped),AugSynth_FE,2024w11,2024-03-11
69,-0.16341955588172885,-0.6325931015144142,0.3432878734015714,0.513,pm25,M8: AugSynth_FE Centro (Bel. dropped),AugSynth_FE,2024w12,2024-03-18
70,0.2944531009440059,-0.24978821198990908,0.8386944138779211,0.269,pm25,M8: AugSynth_FE Centro (Bel. dropped),AugSynth_FE,2024w13,2024-03-25
71,0.2699202292868512,-0.23678719999644893,0.7766276585701515,0.246,pm25,M8: AugSynth_FE Centro (Bel. dropped),AugSynth_FE,2024w14,2024-04-01
72,-0.1832000631593984,-0.6899074924426986,0.2484395988226722,0.437,pm25,M8: AugSynth_FE Centro (Bel. dropped),AugSynth_FE,2024w15,2024-04-08
73,-0.14466605950952216,-0.5763057214915926,0.3620413697737781,0.568,pm25,M8: AugSynth_FE Centro (Bel. dropped),AugSynth_FE,2024w16,2024-04-15
74,-0.005444268631644267,-0.5121516979149444,0.5387970443022709,1,pm25,M8: AugSynth_FE Centro (Bel. dropped),AugSynth_FE,2024w17,2024-04-22
75,-0.10515871859348147,-0.6118661478767816,0.36401482703920385,0.706,pm25,M8: AugSynth_FE Centro (Bel. dropped),AugSynth_FE,2024w18,2024-04-29
76,0.02064440622327135,-0.4860630230600288,0.48981795185595667,0.985,pm25,M8: AugSynth_FE Centro (Bel. dropped),AugSynth_FE,2024w19,2024-05-06
77,-0.13865203313409635,-0.6078255787667817,0.33052151249858897,0.538,pm25,M8: AugSynth_FE Centro (Bel. dropped),AugSynth_FE,2024w20,2024-05-13
78,-0.041478912777716204,-0.4731185747597867,0.4276946328549691,0.932,pm25,M8: AugSynth_FE Centro (Bel. dropped),AugSynth_FE,2024w21,2024-05-20
79,0.05821783816372905,-0.37342182381834144,0.5273913837964144,0.855,pm25,M8: AugSynth_FE Centro (Bel. dropped),AugSynth_FE,2024w22,2024-05-27
80,0.00949304710768395,-0.4972143821756162,0.47866659274036927,1,pm25,M8: AugSynth_FE Centro (Bel. dropped),AugSynth_FE,2024w23,2024-06-03
81,-0.0772093249570962,-0.5088489869391667,0.3919642206755891,0.776,pm25,M8: AugSynth_FE Centro (Bel. dropped),AugSynth_FE,2024w24,2024-06-10
82,0.08649270237966622,-0.42021472690363393,0.5556662480123515,0.696,pm25,M8: AugSynth_FE Centro (Bel. dropped),AugSynth_FE,2024w25,2024-06-17
83,-0.3640705275476295,-0.8332440731803148,0.10510301808505584,0.109,pm25,M8: AugSynth_FE Centro (Bel. dropped),AugSynth_FE,2024w26,2024-06-24
84,-0.1910571059685906,-0.6977645352518907,0.2781164396640947,0.351,pm25,M8: AugSynth_FE Centro (Bel. dropped),AugSynth_FE,2024w27,2024-07-01
85,-0.3425222872949707,-0.8492297165782708,0.16418514198832956,0.107,pm25,M8: AugSynth_FE Centro (Bel. dropped),AugSynth_FE,2024w28,2024-07-08
86,-0.9285040735430161,-1.3601437355250865,-0.4593305279103308,0.021,pm25,M8: AugSynth_FE Centro (Bel. dropped),AugSynth_FE,2024w29,2024-07-15
87,-0.4507887370045518,-0.9199622826372371,0.01838480862813352,0.078,pm25,M8: AugSynth_FE Centro (Bel. dropped),AugSynth_FE,2024w30,2024-07-22
88,-0.36061809653809984,-0.8673255258214,0.14608933274520042,0.081,pm25,M8: AugSynth_FE Centro (Bel. dropped),AugSynth_FE,2024w31,2024-07-29
89,-0.2250900279677599,-0.6942635736004452,0.24408351766492542,0.341,pm25,M8: AugSynth_FE Centro (Bel. dropped),AugSynth_FE,2024w32,2024-08-05
90,-0.7008114151461942,-1.2075188444294942,-0.1941039858628939,0.018,pm25,M8: AugSynth_FE Centro (Bel. dropped),AugSynth_FE,2024w33,2024-08-12
91,-0.6516040822069931,-1.158311511490293,-0.18243053657430774,0.017,pm25,M8: AugSynth_FE Centro (Bel. dropped),AugSynth_FE,2024w34,2024-08-19
92,-0.3922889759365509,-0.898996405219851,0.07688456969613444,0.115,pm25,M8: AugSynth_FE Centro (Bel. dropped),AugSynth_FE,2024w35,2024-08-26
93,-0.5548915841173638,-0.9489973624488195,-0.12325192213529323,0.015,pm25,M8: AugSynth_FE Centro (Bel. dropped),AugSynth_FE,2024w36,2024-09-02
94,-0.5643136944997051,-1.0710211237830052,-0.09514014886701982,0.02,pm25,M8: AugSynth_FE Centro (Bel. dropped),AugSynth_FE,2024w37,2024-09-09
95,-0.6339625763609273,-1.065602238342998,-0.12725514707762708,0.022,pm25,M8: AugSynth_FE Centro (Bel. dropped),AugSynth_FE,2024w38,2024-09-16
96,-0.6874209535056508,-1.1565944991383361,-0.2557812915235802,0.03,pm25,M8: AugSynth_FE Centro (Bel. dropped),AugSynth_FE,2024w39,2024-09-23
97,3.151453782240439,0,4.071033931680502,0.238,pm25,M8: AugSynth_FE Centro (Bel. dropped),AugSynth_FE,2024w40,2024-09-30
98,0.1869730949869841,-0.4323359852481605,0.768748291571514,0.518,pm25,M8: AugSynth_FE Centro (Bel. dropped),AugSynth_FE,2024w41,2024-10-07
99,0.7080355916527898,-0.21154455778727344,1.6276157410928531,0.258,pm25,M8: AugSynth_FE Centro (Bel. dropped),AugSynth_FE,2024w42,2024-10-14
100,0.9649504982187844,0,1.8845306476588477,0.11,pm25,M8: AugSynth_FE Centro (Bel. dropped),AugSynth_FE,2024w43,2024-10-21
101,0.3713434615626139,-0.47316892057621973,1.1783219600508328,0.355,pm25,M8: AugSynth_FE Centro (Bel. dropped),AugSynth_FE,2024w44,2024-10-28
102,0.16243622640228272,-0.38180508653163225,0.7066775393361979,0.542,pm25,M8: AugSynth_FE Centro (Bel. dropped),AugSynth_FE,2024w45,2024-11-04
103,-0.049075165562740164,-0.6683842457978848,0.6453016819736344,0.935,pm25,M8: AugSynth_FE Centro (Bel. dropped),AugSynth_FE,2024w46,2024-11-11
104,-0.372974596739307,-0.917215909673222,0.24633448349583764,0.163,pm25,M8: AugSynth_FE Centro (Bel. dropped),AugSynth_FE,2024w47,2024-11-18
105,-0.13229361545820018,-0.7516026956933448,0.5245493484275594,0.67,pm25,M8: AugSynth_FE Centro (Bel. dropped),AugSynth_FE,2024w48,2024-11-25
106,-0.15686609613921831,-0.6260396417719036,0.312307449493467,0.56,pm25,M8: AugSynth_FE Centro (Bel. dropped),AugSynth_FE,2024w49,2024-12-02
107,-0.07783348522766342,-0.5845409145109636,0.42887394405563684,0.788,pm25,M8: AugSynth_FE Centro (Bel. dropped),AugSynth_FE,2024w50,2024-12-09
108,0.009192532280637877,-0.49751489700266227,0.5158999615639381,1,pm25,M8: AugSynth_FE Centro (Bel. dropped),AugSynth_FE,2024w51,2024-12-16
109,-0.016013939443348058,-0.5227213687266482,0.4906934898399522,0.983,pm25,M8: AugSynth_FE Centro (Bel. dropped),AugSynth_FE,2024w52,2024-12-23
110,-0.09535339481693184,-0.6771285914014616,0.4864218017675981,0.695,pm25,M8: AugSynth_FE Centro (Bel. dropped),AugSynth_FE,2025w01,2024-12-30
111,0.08871356705017552,-0.45552774588373945,0.5578871126828608,0.681,pm25,M8: AugSynth_FE Centro (Bel. dropped),AugSynth_FE,2025w02,2025-01-06
112,-0.07682337333321021,-0.6210646862671252,0.42988405595009005,0.785,pm25,M8: AugSynth_FE Centro (Bel. dropped),AugSynth_FE,2025w03,2025-01-13
113,-0.12253104103631518,-0.6292384703196153,0.34664250459637014,0.6,pm25,M8: AugSynth_FE Centro (Bel. dropped),AugSynth_FE,2025w04,2025-01-20
114,-0.21052233893168326,-0.7172297682149834,0.25865120670100206,0.363,pm25,M8: AugSynth_FE Centro (Bel. dropped),AugSynth_FE,2025w05,2025-01-27
115,0.003974749107481745,-0.4651987965252036,0.548216062041397,1,pm25,M8: AugSynth_FE Centro (Bel. dropped),AugSynth_FE,2025w06,2025-02-03
116,0.11826739748536053,-0.3884400317979396,0.5499070594674311,0.608,pm25,M8: AugSynth_FE Centro (Bel. dropped),AugSynth_FE,2025w07,2025-02-10
117,-0.013169588100628626,-0.5574109010345436,0.4560039575320567,0.981,pm25,M8: AugSynth_FE Centro (Bel. dropped),AugSynth_FE,2025w08,2025-02-17
118,0.06880977799268839,-0.4003637676399969,0.500449439974759,0.834,pm25,M8: AugSynth_FE Centro (Bel. dropped),AugSynth_FE,2025w09,2025-02-24
119,-0.09911123044862169,-0.6058186597319218,0.37006231518406363,0.715,pm25,M8: AugSynth_FE Centro (Bel. dropped),AugSynth_FE,2025w10,2025-03-03
120,0.24026997000264316,-0.266437459280657,0.7094435156353285,0.308,pm25,M8: AugSynth_FE Centro (Bel. dropped),AugSynth_FE,2025w11,2025-03-10
121,0.05150630434740444,-0.49273500858651054,0.5206798499800898,0.905,pm25,M8: AugSynth_FE Centro (Bel. dropped),AugSynth_FE,2025w12,2025-03-17
122,-0.25565327624105194,-0.7623607055243521,0.21352026939163338,0.276,pm25,M8: AugSynth_FE Centro (Bel. dropped),AugSynth_FE,2025w13,2025-03-24
123,-0.2733374154870032,-0.8926464957221478,0.270903897446912,0.266,pm25,M8: AugSynth_FE Centro (Bel. dropped),AugSynth_FE,2025w14,2025-03-31
124,-0.34118570559304384,-0.847893134876344,0.20305560734087136,0.168,pm25,M8: AugSynth_FE Centro (Bel. dropped),AugSynth_FE,2025w15,2025-04-07
125,-0.10445349814380922,-0.6111609274271094,0.3647200474888761,0.696,pm25,M8: AugSynth_FE Centro (Bel. dropped),AugSynth_FE,2025w16,2025-04-14
126,-0.12593957079782347,-0.5951131164305088,0.34323397483486184,0.534,pm25,M8: AugSynth_FE Centro (Bel. dropped),AugSynth_FE,2025w17,2025-04-21
127,-0.13334118067524114,-0.6025147263079265,0.3358323649574442,0.546,pm25,M8: AugSynth_FE Centro (Bel. dropped),AugSynth_FE,2025w18,2025-04-28
128,0.12768931074379086,-0.4165520021901241,0.6343967400270911,0.611,pm25,M8: AugSynth_FE Centro (Bel. dropped),AugSynth_FE,2025w19,2025-05-05
129,0.011116829888175417,-0.49559059939512473,0.442756491870246,1,pm25,M8: AugSynth_FE Centro (Bel. dropped),AugSynth_FE,2025w20,2025-05-12
130,0.06985844838868527,-0.4743828645452297,0.5765658776719855,0.838,pm25,M8: AugSynth_FE Centro (Bel. dropped),AugSynth_FE,2025w21,2025-05-19
131,-0.21616166851329366,-0.7228690977965938,0.25301187711939166,0.316,pm25,M8: AugSynth_FE Centro (Bel. dropped),AugSynth_FE,2025w22,2025-05-26
132,0.07302981530459451,-0.43367761397870563,0.5797372445878948,0.811,pm25,M8: AugSynth_FE Centro (Bel. dropped),AugSynth_FE,2025w23,2025-06-02
133,0.023325563726956933,-0.4833818655563432,0.49249910935964225,0.963,pm25,M8: AugSynth_FE Centro (Bel. dropped),AugSynth_FE,2025w24,2025-06-09
134,-0.36188680686165675,-0.8685942361449569,0.10728673877102857,0.109,pm25,M8: AugSynth_FE Centro (Bel. dropped),AugSynth_FE,2025w25,2025-06-16
1,-0.1828834535870354,NA,NA,NA,pm25,M8b: AugSynth_FE Centro (Bel. in pool),AugSynth_FE,2022w48,2022-11-28
2,0.0911844246684903,NA,NA,NA,pm25,M8b: AugSynth_FE Centro (Bel. in pool),AugSynth_FE,2022w49,2022-12-05
3,-0.11938852722797488,NA,NA,NA,pm25,M8b: AugSynth_FE Centro (Bel. in pool),AugSynth_FE,2022w50,2022-12-12
4,0.0024729032066295176,NA,NA,NA,pm25,M8b: AugSynth_FE Centro (Bel. in pool),AugSynth_FE,2022w51,2022-12-19
5,0.013930507951851023,NA,NA,NA,pm25,M8b: AugSynth_FE Centro (Bel. in pool),AugSynth_FE,2022w52,2022-12-26
6,0.011572652484102441,NA,NA,NA,pm25,M8b: AugSynth_FE Centro (Bel. in pool),AugSynth_FE,2023w01,2023-01-02
7,-0.014912141603203644,NA,NA,NA,pm25,M8b: AugSynth_FE Centro (Bel. in pool),AugSynth_FE,2023w02,2023-01-09
8,-0.05243750394443891,NA,NA,NA,pm25,M8b: AugSynth_FE Centro (Bel. in pool),AugSynth_FE,2023w03,2023-01-16
9,0.1458797300388266,NA,NA,NA,pm25,M8b: AugSynth_FE Centro (Bel. in pool),AugSynth_FE,2023w04,2023-01-23
10,0.06031418212809925,NA,NA,NA,pm25,M8b: AugSynth_FE Centro (Bel. in pool),AugSynth_FE,2023w05,2023-01-30
11,-0.05612384694043948,NA,NA,NA,pm25,M8b: AugSynth_FE Centro (Bel. in pool),AugSynth_FE,2023w06,2023-02-06
12,-0.15218085166092443,NA,NA,NA,pm25,M8b: AugSynth_FE Centro (Bel. in pool),AugSynth_FE,2023w07,2023-02-13
13,-0.03615345287979865,NA,NA,NA,pm25,M8b: AugSynth_FE Centro (Bel. in pool),AugSynth_FE,2023w08,2023-02-20
14,-0.16233384057852174,NA,NA,NA,pm25,M8b: AugSynth_FE Centro (Bel. in pool),AugSynth_FE,2023w09,2023-02-27
15,-0.053081024318480274,NA,NA,NA,pm25,M8b: AugSynth_FE Centro (Bel. in pool),AugSynth_FE,2023w10,2023-03-06
16,-0.16284701875395902,NA,NA,NA,pm25,M8b: AugSynth_FE Centro (Bel. in pool),AugSynth_FE,2023w11,2023-03-13
17,-0.18456141746534716,NA,NA,NA,pm25,M8b: AugSynth_FE Centro (Bel. in pool),AugSynth_FE,2023w12,2023-03-20
18,-0.009684124542127304,NA,NA,NA,pm25,M8b: AugSynth_FE Centro (Bel. in pool),AugSynth_FE,2023w13,2023-03-27
19,0.15179313062192001,NA,NA,NA,pm25,M8b: AugSynth_FE Centro (Bel. in pool),AugSynth_FE,2023w14,2023-04-03
20,0.20744916255114765,NA,NA,NA,pm25,M8b: AugSynth_FE Centro (Bel. in pool),AugSynth_FE,2023w15,2023-04-10
21,-0.1403983562168576,NA,NA,NA,pm25,M8b: AugSynth_FE Centro (Bel. in pool),AugSynth_FE,2023w16,2023-04-17
22,0.08264973792093055,NA,NA,NA,pm25,M8b: AugSynth_FE Centro (Bel. in pool),AugSynth_FE,2023w17,2023-04-24
23,-0.11906048532469349,NA,NA,NA,pm25,M8b: AugSynth_FE Centro (Bel. in pool),AugSynth_FE,2023w18,2023-05-01
24,0.03441687284302963,NA,NA,NA,pm25,M8b: AugSynth_FE Centro (Bel. in pool),AugSynth_FE,2023w19,2023-05-08
25,-0.09318538044876279,NA,NA,NA,pm25,M8b: AugSynth_FE Centro (Bel. in pool),AugSynth_FE,2023w20,2023-05-15
26,-0.023107977353360454,NA,NA,NA,pm25,M8b: AugSynth_FE Centro (Bel. in pool),AugSynth_FE,2023w21,2023-05-22
27,0.05127475905691048,NA,NA,NA,pm25,M8b: AugSynth_FE Centro (Bel. in pool),AugSynth_FE,2023w22,2023-05-29
28,0.1476661635346197,NA,NA,NA,pm25,M8b: AugSynth_FE Centro (Bel. in pool),AugSynth_FE,2023w23,2023-06-05
29,0.0016284920056723884,NA,NA,NA,pm25,M8b: AugSynth_FE Centro (Bel. in pool),AugSynth_FE,2023w24,2023-06-12
30,0.044796864543426906,NA,NA,NA,pm25,M8b: AugSynth_FE Centro (Bel. in pool),AugSynth_FE,2023w25,2023-06-19
31,-0.10524009594474748,NA,NA,NA,pm25,M8b: AugSynth_FE Centro (Bel. in pool),AugSynth_FE,2023w26,2023-06-26
32,0.05390838225710848,NA,NA,NA,pm25,M8b: AugSynth_FE Centro (Bel. in pool),AugSynth_FE,2023w27,2023-07-03
33,-0.05716361215357679,NA,NA,NA,pm25,M8b: AugSynth_FE Centro (Bel. in pool),AugSynth_FE,2023w28,2023-07-10
34,-0.19857354935678506,NA,NA,NA,pm25,M8b: AugSynth_FE Centro (Bel. in pool),AugSynth_FE,2023w29,2023-07-17
35,0.08998526581181787,NA,NA,NA,pm25,M8b: AugSynth_FE Centro (Bel. in pool),AugSynth_FE,2023w30,2023-07-24
36,-0.084296697071224,NA,NA,NA,pm25,M8b: AugSynth_FE Centro (Bel. in pool),AugSynth_FE,2023w31,2023-07-31
37,-0.11796581744358958,NA,NA,NA,pm25,M8b: AugSynth_FE Centro (Bel. in pool),AugSynth_FE,2023w32,2023-08-07
38,0.147445208433175,NA,NA,NA,pm25,M8b: AugSynth_FE Centro (Bel. in pool),AugSynth_FE,2023w33,2023-08-14
39,0.23253596637340967,NA,NA,NA,pm25,M8b: AugSynth_FE Centro (Bel. in pool),AugSynth_FE,2023w34,2023-08-21
40,-0.17411864179625702,NA,NA,NA,pm25,M8b: AugSynth_FE Centro (Bel. in pool),AugSynth_FE,2023w35,2023-08-28
41,-0.1563540552042033,NA,NA,NA,pm25,M8b: AugSynth_FE Centro (Bel. in pool),AugSynth_FE,2023w36,2023-09-04
42,-0.06235125052846113,NA,NA,NA,pm25,M8b: AugSynth_FE Centro (Bel. in pool),AugSynth_FE,2023w37,2023-09-11
43,-0.0989168451146778,NA,NA,NA,pm25,M8b: AugSynth_FE Centro (Bel. in pool),AugSynth_FE,2023w38,2023-09-18
44,0.18262345005829594,NA,NA,NA,pm25,M8b: AugSynth_FE Centro (Bel. in pool),AugSynth_FE,2023w39,2023-09-25
45,0.07972767210817899,NA,NA,NA,pm25,M8b: AugSynth_FE Centro (Bel. in pool),AugSynth_FE,2023w40,2023-10-02
46,0.10089767013070894,NA,NA,NA,pm25,M8b: AugSynth_FE Centro (Bel. in pool),AugSynth_FE,2023w41,2023-10-09
47,-0.05675833196886293,NA,NA,NA,pm25,M8b: AugSynth_FE Centro (Bel. in pool),AugSynth_FE,2023w42,2023-10-16
48,0.2625663378309673,NA,NA,NA,pm25,M8b: AugSynth_FE Centro (Bel. in pool),AugSynth_FE,2023w43,2023-10-23
49,0.3363978607529563,NA,NA,NA,pm25,M8b: AugSynth_FE Centro (Bel. in pool),AugSynth_FE,2023w44,2023-10-30
50,-0.032448116233943836,NA,NA,NA,pm25,M8b: AugSynth_FE Centro (Bel. in pool),AugSynth_FE,2023w45,2023-11-06
51,0.2233653527866104,NA,NA,NA,pm25,M8b: AugSynth_FE Centro (Bel. in pool),AugSynth_FE,2023w46,2023-11-13
52,-0.04995633443662806,NA,NA,NA,pm25,M8b: AugSynth_FE Centro (Bel. in pool),AugSynth_FE,2023w47,2023-11-20
53,0.10357776593170964,-0.18175544689899675,0.4100467723054313,0.507,pm25,M8b: AugSynth_FE Centro (Bel. in pool),AugSynth_FE,2023w48,2023-11-27
54,0.041255653733031306,-0.307484939726721,0.34772466010675296,0.817,pm25,M8b: AugSynth_FE Centro (Bel. in pool),AugSynth_FE,2023w49,2023-12-04
55,-0.045839358031407595,-0.331172570862114,0.23949385479929886,0.804,pm25,M8b: AugSynth_FE Centro (Bel. in pool),AugSynth_FE,2023w50,2023-12-11
56,0.12227332730900065,-0.14192409197869044,0.4076065401397071,0.426,pm25,M8b: AugSynth_FE Centro (Bel. in pool),AugSynth_FE,2023w51,2023-12-18
57,0.26646690392961725,-0.10340948307315029,0.6152074973893695,0.24,pm25,M8b: AugSynth_FE Centro (Bel. in pool),AugSynth_FE,2023w52,2023-12-25
58,0.10802963316614989,-0.1561677861215412,0.41449863953987154,0.439,pm25,M8b: AugSynth_FE Centro (Bel. in pool),AugSynth_FE,2024w01,2024-01-01
59,0.24998948590520653,-0.1410226946405763,0.535322698735913,0.186,pm25,M8b: AugSynth_FE Centro (Bel. in pool),AugSynth_FE,2024w02,2024-01-08
60,0.18786521939837986,-0.09746799343232654,0.4943342257721015,0.289,pm25,M8b: AugSynth_FE Centro (Bel. in pool),AugSynth_FE,2024w03,2024-01-15
61,-0.11871487024853389,-0.38291228953622497,0.14548254903915725,0.421,pm25,M8b: AugSynth_FE Centro (Bel. in pool),AugSynth_FE,2024w04,2024-01-22
62,-0.07765943300734612,-0.4052642329240831,0.20767377982336033,0.613,pm25,M8b: AugSynth_FE Centro (Bel. in pool),AugSynth_FE,2024w05,2024-01-29
63,-0.035906060048999766,-0.30010347933669085,0.3128345334107525,0.85,pm25,M8b: AugSynth_FE Centro (Bel. in pool),AugSynth_FE,2024w06,2024-02-05
64,-0.18528073389107558,-0.4283423596357514,0.10005247893963087,0.205,pm25,M8b: AugSynth_FE Centro (Bel. in pool),AugSynth_FE,2024w07,2024-02-12
65,-0.1524423703740494,-0.4377755832047558,0.19629822308570288,0.386,pm25,M8b: AugSynth_FE Centro (Bel. in pool),AugSynth_FE,2024w08,2024-02-19
66,0.05214368352900545,-0.2543253228447162,0.3374768963597119,0.782,pm25,M8b: AugSynth_FE Centro (Bel. in pool),AugSynth_FE,2024w09,2024-02-26
67,-0.06855922791571878,-0.3538924407464252,0.23790977845800287,0.633,pm25,M8b: AugSynth_FE Centro (Bel. in pool),AugSynth_FE,2024w10,2024-03-04
68,-0.22782906424656524,-0.4920264835342563,0.0363683550411259,0.088,pm25,M8b: AugSynth_FE Centro (Bel. in pool),AugSynth_FE,2024w11,2024-03-11
69,-0.06335246372351744,-0.30641408946819326,0.2008449555641737,0.666,pm25,M8b: AugSynth_FE Centro (Bel. in pool),AugSynth_FE,2024w12,2024-03-18
70,0.15881231532834184,-0.12652089750236456,0.4652813217020635,0.343,pm25,M8b: AugSynth_FE Centro (Bel. in pool),AugSynth_FE,2024w13,2024-03-25
71,0.19457542276452955,-0.06962199652316153,0.479908635595236,0.179,pm25,M8b: AugSynth_FE Centro (Bel. in pool),AugSynth_FE,2024w14,2024-04-01
72,-0.04664598079769533,-0.3108434000853864,0.2175514384899958,0.829,pm25,M8b: AugSynth_FE Centro (Bel. in pool),AugSynth_FE,2024w15,2024-04-08
73,-0.3089561627081987,-0.5731535819958897,-0.02362294987749225,0.039,pm25,M8b: AugSynth_FE Centro (Bel. in pool),AugSynth_FE,2024w16,2024-04-15
74,-0.08635931286137,-0.3294209386060458,0.19897389996933645,0.594,pm25,M8b: AugSynth_FE Centro (Bel. in pool),AugSynth_FE,2024w17,2024-04-22
75,-0.2683849584818292,-0.5325823777695202,0.03808404789189246,0.055,pm25,M8b: AugSynth_FE Centro (Bel. in pool),AugSynth_FE,2024w18,2024-04-29
76,-0.07340205026002611,-0.4010068501767631,0.23306695611369554,0.606,pm25,M8b: AugSynth_FE Centro (Bel. in pool),AugSynth_FE,2024w19,2024-05-06
77,-0.20393282266105128,-0.46813024194874236,0.060264596626639855,0.143,pm25,M8b: AugSynth_FE Centro (Bel. in pool),AugSynth_FE,2024w20,2024-05-13
78,0.0766773812140924,-0.18752003807359868,0.34087480050178354,0.61,pm25,M8b: AugSynth_FE Centro (Bel. in pool),AugSynth_FE,2024w21,2024-05-20
79,-0.11081864573993361,-0.3750160650276247,0.15337877354775753,0.427,pm25,M8b: AugSynth_FE Centro (Bel. in pool),AugSynth_FE,2024w22,2024-05-27
80,-0.10519369548619428,-0.36939111477388537,0.15900372380149685,0.45,pm25,M8b: AugSynth_FE Centro (Bel. in pool),AugSynth_FE,2024w23,2024-06-03
81,-0.23622837838307742,-0.5215615912137839,0.006833247361598405,0.094,pm25,M8b: AugSynth_FE Centro (Bel. in pool),AugSynth_FE,2024w24,2024-06-10
82,-0.016581469023876583,-0.28077888831156766,0.24761595026381455,0.876,pm25,M8b: AugSynth_FE Centro (Bel. in pool),AugSynth_FE,2024w25,2024-06-17
83,-0.3831236311333641,-0.6473210504210551,-0.11892621184567298,0.013,pm25,M8b: AugSynth_FE Centro (Bel. in pool),AugSynth_FE,2024w26,2024-06-24
84,-0.21558465972074403,-0.43751049192240454,0.048612759566947106,0.106,pm25,M8b: AugSynth_FE Centro (Bel. in pool),AugSynth_FE,2024w27,2024-07-01
85,-0.33043963116515584,-0.5946370504528469,-0.045106418334449394,0.029,pm25,M8b: AugSynth_FE Centro (Bel. in pool),AugSynth_FE,2024w28,2024-07-08
86,-0.6222432513544269,-0.886440670642118,-0.3369100385237205,0.023,pm25,M8b: AugSynth_FE Centro (Bel. in pool),AugSynth_FE,2024w29,2024-07-15
87,-0.2943184669222285,-0.5585158862099195,-0.03012104763453738,0.032,pm25,M8b: AugSynth_FE Centro (Bel. in pool),AugSynth_FE,2024w30,2024-07-22
88,-0.22576446577222642,-0.4899618850599175,0.05956874705848003,0.084,pm25,M8b: AugSynth_FE Centro (Bel. in pool),AugSynth_FE,2024w31,2024-07-29
89,-0.26302387314380926,-0.5272212924315003,-0.019962247399133437,0.049,pm25,M8b: AugSynth_FE Centro (Bel. in pool),AugSynth_FE,2024w32,2024-08-05
90,-0.43239963853954677,-0.6965970578272378,-0.14706642570884032,0.028,pm25,M8b: AugSynth_FE Centro (Bel. in pool),AugSynth_FE,2024w33,2024-08-12
91,-0.5194375730671403,-0.7836349923548314,-0.14956118606437274,0.016,pm25,M8b: AugSynth_FE Centro (Bel. in pool),AugSynth_FE,2024w34,2024-08-19
92,-0.24802513139150317,-0.4699509635931637,0.03730808143920328,0.083,pm25,M8b: AugSynth_FE Centro (Bel. in pool),AugSynth_FE,2024w35,2024-08-26
93,-0.44088399809195655,-0.7050814173796476,-0.11327919817521959,0.022,pm25,M8b: AugSynth_FE Centro (Bel. in pool),AugSynth_FE,2024w36,2024-09-02
94,-0.6423282381884108,-0.9065256574761018,-0.37813081890071965,0.015,pm25,M8b: AugSynth_FE Centro (Bel. in pool),AugSynth_FE,2024w37,2024-09-09
95,-0.33833577582637986,-0.6236689886570863,-0.05300256299567341,0.043,pm25,M8b: AugSynth_FE Centro (Bel. in pool),AugSynth_FE,2024w38,2024-09-16
96,-0.6023408237772383,-0.8665382430649293,-0.33814340448954716,0.023,pm25,M8b: AugSynth_FE Centro (Bel. in pool),AugSynth_FE,2024w39,2024-09-23
97,-0.053416229042444474,-0.571243170846319,0.4644107127614301,0.987,pm25,M8b: AugSynth_FE Centro (Bel. in pool),AugSynth_FE,2024w40,2024-09-30
98,-0.2710476407281064,-0.5563808535588128,0.0988287462746612,0.112,pm25,M8b: AugSynth_FE Centro (Bel. in pool),AugSynth_FE,2024w41,2024-10-07
99,-0.5558492158035797,-0.9891329834353931,0,0.261,pm25,M8b: AugSynth_FE Centro (Bel. in pool),AugSynth_FE,2024w42,2024-10-14
100,-0.24736076279831787,-0.659508736887116,0.2704661790055567,0.559,pm25,M8b: AugSynth_FE Centro (Bel. in pool),AugSynth_FE,2024w43,2024-10-21
101,-0.3918260604871815,-0.7194308604039185,0.10486508777367787,0.106,pm25,M8b: AugSynth_FE Centro (Bel. in pool),AugSynth_FE,2024w44,2024-10-28
102,-0.04197916020791492,-0.306176579495606,0.32789722679485267,0.81,pm25,M8b: AugSynth_FE Centro (Bel. in pool),AugSynth_FE,2024w45,2024-11-04
103,0.21324405377257616,-0.07208915905813024,0.5408488536893131,0.265,pm25,M8b: AugSynth_FE Centro (Bel. in pool),AugSynth_FE,2024w46,2024-11-11
104,-0.5015566236646078,-0.7868898364953143,-0.2162234108339014,0.026,pm25,M8b: AugSynth_FE Centro (Bel. in pool),AugSynth_FE,2024w47,2024-11-18
105,-0.4962559483416298,-0.8027249547153514,-0.18978694196790813,0.019,pm25,M8b: AugSynth_FE Centro (Bel. in pool),AugSynth_FE,2024w48,2024-11-25
106,-0.22951674846783776,-0.5571215483845747,0.05581646436286869,0.09,pm25,M8b: AugSynth_FE Centro (Bel. in pool),AugSynth_FE,2024w49,2024-12-02
107,-0.260388649569288,-0.5034502753139638,0.024944563261418473,0.053,pm25,M8b: AugSynth_FE Centro (Bel. in pool),AugSynth_FE,2024w50,2024-12-09
108,-0.13611282250760626,-0.4425818288813279,0.12808459678008488,0.365,pm25,M8b: AugSynth_FE Centro (Bel. in pool),AugSynth_FE,2024w51,2024-12-16
109,-0.0850353242490196,-0.370368537079726,0.20029788858168684,0.609,pm25,M8b: AugSynth_FE Centro (Bel. in pool),AugSynth_FE,2024w52,2024-12-23
110,-0.047750370682973386,-0.3330835835136798,0.2798544292337636,0.812,pm25,M8b: AugSynth_FE Centro (Bel. in pool),AugSynth_FE,2025w01,2024-12-30
111,-0.22390083794912385,-0.48809825723681494,0.061432374881582597,0.11,pm25,M8b: AugSynth_FE Centro (Bel. in pool),AugSynth_FE,2025w02,2025-01-06
112,-0.17793457871119145,-0.44213199799888253,0.08626284057649969,0.213,pm25,M8b: AugSynth_FE Centro (Bel. in pool),AugSynth_FE,2025w03,2025-01-13
113,-0.22176786478005717,-0.48596528406774825,0.04242955450763397,0.091,pm25,M8b: AugSynth_FE Centro (Bel. in pool),AugSynth_FE,2025w04,2025-01-20
114,-0.053493080805425475,-0.40223367426517775,0.23184013202528098,0.791,pm25,M8b: AugSynth_FE Centro (Bel. in pool),AugSynth_FE,2025w05,2025-01-27
115,-0.1449343994055674,-0.4302676122362738,0.11926301988212373,0.395,pm25,M8b: AugSynth_FE Centro (Bel. in pool),AugSynth_FE,2025w06,2025-02-03
116,-0.067771751612133,-0.3319691708998241,0.21756146121857345,0.629,pm25,M8b: AugSynth_FE Centro (Bel. in pool),AugSynth_FE,2025w07,2025-02-10
117,-0.21482997710913798,-0.47902739639682906,0.07050323572156847,0.122,pm25,M8b: AugSynth_FE Centro (Bel. in pool),AugSynth_FE,2025w08,2025-02-17
118,-0.10284034142730869,-0.3670377607149998,0.16135707786038245,0.482,pm25,M8b: AugSynth_FE Centro (Bel. in pool),AugSynth_FE,2025w09,2025-02-24
119,-0.199041244249627,-0.4632386635373181,0.06515617503806415,0.117,pm25,M8b: AugSynth_FE Centro (Bel. in pool),AugSynth_FE,2025w10,2025-03-03
120,0.010788115372269313,-0.2322735103724065,0.29612132820297576,0.963,pm25,M8b: AugSynth_FE Centro (Bel. in pool),AugSynth_FE,2025w11,2025-03-10
121,-0.1337793108832157,-0.3979767301709068,0.15155390194749074,0.37,pm25,M8b: AugSynth_FE Centro (Bel. in pool),AugSynth_FE,2025w12,2025-03-17
122,-0.282456719949121,-0.5677899327798275,0.002876492881585424,0.06,pm25,M8b: AugSynth_FE Centro (Bel. in pool),AugSynth_FE,2025w13,2025-03-24
123,-0.24582503470844763,-0.5522940410821693,0.03950817812225882,0.09,pm25,M8b: AugSynth_FE Centro (Bel. in pool),AugSynth_FE,2025w14,2025-03-31
124,-0.13735133038857628,-0.42268454321928267,0.14798188244213017,0.366,pm25,M8b: AugSynth_FE Centro (Bel. in pool),AugSynth_FE,2025w15,2025-04-07
125,-0.3202970653373636,-0.5844944846250546,-0.07723543959268775,0.04,pm25,M8b: AugSynth_FE Centro (Bel. in pool),AugSynth_FE,2025w16,2025-04-14
126,-0.2077968228071132,-0.4719942420948043,0.056400596480577936,0.096,pm25,M8b: AugSynth_FE Centro (Bel. in pool),AugSynth_FE,2025w17,2025-04-21
127,-0.19019314565652845,-0.45439056494421953,0.15854744780322383,0.16,pm25,M8b: AugSynth_FE Centro (Bel. in pool),AugSynth_FE,2025w18,2025-04-28
128,-0.11661621422616042,-0.3808136335138515,0.16871699860454603,0.44,pm25,M8b: AugSynth_FE Centro (Bel. in pool),AugSynth_FE,2025w19,2025-05-05
129,-0.200793393536145,-0.4649908128238361,0.08453981929456145,0.146,pm25,M8b: AugSynth_FE Centro (Bel. in pool),AugSynth_FE,2025w20,2025-05-12
130,-0.15759768273756114,-0.40065930848223696,0.1488713236361605,0.397,pm25,M8b: AugSynth_FE Centro (Bel. in pool),AugSynth_FE,2025w21,2025-05-19
131,-0.34996874058562266,-0.5930303663302985,-0.10690711484094684,0.044,pm25,M8b: AugSynth_FE Centro (Bel. in pool),AugSynth_FE,2025w22,2025-05-26
132,-0.09561981656796048,-0.35981723585565156,0.18971339626274597,0.543,pm25,M8b: AugSynth_FE Centro (Bel. in pool),AugSynth_FE,2025w23,2025-06-02
133,-0.2464037357176645,-0.5106011550053555,0.038929477113041955,0.099,pm25,M8b: AugSynth_FE Centro (Bel. in pool),AugSynth_FE,2025w24,2025-06-09
134,-0.30621766182381194,-0.5281434940254724,-0.0420202425361208,0.031,pm25,M8b: AugSynth_FE Centro (Bel. in pool),AugSynth_FE,2025w25,2025-06-16
1,0.021181984245491225,NA,NA,NA,pm25,M9: AugSynth_FE Belisario (Centro dropped),AugSynth_FE,2022w48,2022-11-28
2,-0.15209586807875075,NA,NA,NA,pm25,M9: AugSynth_FE Belisario (Centro dropped),AugSynth_FE,2022w49,2022-12-05
3,0.0831949721500429,NA,NA,NA,pm25,M9: AugSynth_FE Belisario (Centro dropped),AugSynth_FE,2022w50,2022-12-12
4,0.15742119149256073,NA,NA,NA,pm25,M9: AugSynth_FE Belisario (Centro dropped),AugSynth_FE,2022w51,2022-12-19
5,0.05878067216139904,NA,NA,NA,pm25,M9: AugSynth_FE Belisario (Centro dropped),AugSynth_FE,2022w52,2022-12-26
6,-0.011455498555259513,NA,NA,NA,pm25,M9: AugSynth_FE Belisario (Centro dropped),AugSynth_FE,2023w01,2023-01-02
7,0.22467886743192444,NA,NA,NA,pm25,M9: AugSynth_FE Belisario (Centro dropped),AugSynth_FE,2023w02,2023-01-09
8,-0.033228117831876514,NA,NA,NA,pm25,M9: AugSynth_FE Belisario (Centro dropped),AugSynth_FE,2023w03,2023-01-16
9,-0.007968808159365182,NA,NA,NA,pm25,M9: AugSynth_FE Belisario (Centro dropped),AugSynth_FE,2023w04,2023-01-23
10,-0.0280563029937011,NA,NA,NA,pm25,M9: AugSynth_FE Belisario (Centro dropped),AugSynth_FE,2023w05,2023-01-30
11,-0.0018784747231128662,NA,NA,NA,pm25,M9: AugSynth_FE Belisario (Centro dropped),AugSynth_FE,2023w06,2023-02-06
12,0.2927390733749906,NA,NA,NA,pm25,M9: AugSynth_FE Belisario (Centro dropped),AugSynth_FE,2023w07,2023-02-13
13,-0.11837604950826819,NA,NA,NA,pm25,M9: AugSynth_FE Belisario (Centro dropped),AugSynth_FE,2023w08,2023-02-20
14,0.10915262260317249,NA,NA,NA,pm25,M9: AugSynth_FE Belisario (Centro dropped),AugSynth_FE,2023w09,2023-02-27
15,0.20894086726321337,NA,NA,NA,pm25,M9: AugSynth_FE Belisario (Centro dropped),AugSynth_FE,2023w10,2023-03-06
16,-0.017238175035275916,NA,NA,NA,pm25,M9: AugSynth_FE Belisario (Centro dropped),AugSynth_FE,2023w11,2023-03-13
17,0.261084875927867,NA,NA,NA,pm25,M9: AugSynth_FE Belisario (Centro dropped),AugSynth_FE,2023w12,2023-03-20
18,0.1160880640424069,NA,NA,NA,pm25,M9: AugSynth_FE Belisario (Centro dropped),AugSynth_FE,2023w13,2023-03-27
19,0.2433788468198328,NA,NA,NA,pm25,M9: AugSynth_FE Belisario (Centro dropped),AugSynth_FE,2023w14,2023-04-03
20,-0.10022171166027638,NA,NA,NA,pm25,M9: AugSynth_FE Belisario (Centro dropped),AugSynth_FE,2023w15,2023-04-10
21,0.05909812732297093,NA,NA,NA,pm25,M9: AugSynth_FE Belisario (Centro dropped),AugSynth_FE,2023w16,2023-04-17
22,0.18188759664313325,NA,NA,NA,pm25,M9: AugSynth_FE Belisario (Centro dropped),AugSynth_FE,2023w17,2023-04-24
23,-0.4053872000365013,NA,NA,NA,pm25,M9: AugSynth_FE Belisario (Centro dropped),AugSynth_FE,2023w18,2023-05-01
24,-0.12954424195942993,NA,NA,NA,pm25,M9: AugSynth_FE Belisario (Centro dropped),AugSynth_FE,2023w19,2023-05-08
25,0.27376792166444286,NA,NA,NA,pm25,M9: AugSynth_FE Belisario (Centro dropped),AugSynth_FE,2023w20,2023-05-15
26,0.1553800637022369,NA,NA,NA,pm25,M9: AugSynth_FE Belisario (Centro dropped),AugSynth_FE,2023w21,2023-05-22
27,-0.0713009265010216,NA,NA,NA,pm25,M9: AugSynth_FE Belisario (Centro dropped),AugSynth_FE,2023w22,2023-05-29
28,0.12634311855107683,NA,NA,NA,pm25,M9: AugSynth_FE Belisario (Centro dropped),AugSynth_FE,2023w23,2023-06-05
29,-0.04289126220467798,NA,NA,NA,pm25,M9: AugSynth_FE Belisario (Centro dropped),AugSynth_FE,2023w24,2023-06-12
30,-0.31210833008869354,NA,NA,NA,pm25,M9: AugSynth_FE Belisario (Centro dropped),AugSynth_FE,2023w25,2023-06-19
31,-0.15223527747332666,NA,NA,NA,pm25,M9: AugSynth_FE Belisario (Centro dropped),AugSynth_FE,2023w26,2023-06-26
32,0.24745934419617033,NA,NA,NA,pm25,M9: AugSynth_FE Belisario (Centro dropped),AugSynth_FE,2023w27,2023-07-03
33,-0.04675127656635203,NA,NA,NA,pm25,M9: AugSynth_FE Belisario (Centro dropped),AugSynth_FE,2023w28,2023-07-10
34,-0.25405607643150274,NA,NA,NA,pm25,M9: AugSynth_FE Belisario (Centro dropped),AugSynth_FE,2023w29,2023-07-17
35,-0.159406021214187,NA,NA,NA,pm25,M9: AugSynth_FE Belisario (Centro dropped),AugSynth_FE,2023w30,2023-07-24
36,-0.15873435503000977,NA,NA,NA,pm25,M9: AugSynth_FE Belisario (Centro dropped),AugSynth_FE,2023w31,2023-07-31
37,-0.5266831080006873,NA,NA,NA,pm25,M9: AugSynth_FE Belisario (Centro dropped),AugSynth_FE,2023w32,2023-08-07
38,0.12434207823530707,NA,NA,NA,pm25,M9: AugSynth_FE Belisario (Centro dropped),AugSynth_FE,2023w33,2023-08-14
39,-0.06091612912241118,NA,NA,NA,pm25,M9: AugSynth_FE Belisario (Centro dropped),AugSynth_FE,2023w34,2023-08-21
40,-0.057123361037140885,NA,NA,NA,pm25,M9: AugSynth_FE Belisario (Centro dropped),AugSynth_FE,2023w35,2023-08-28
41,-0.10843986171526776,NA,NA,NA,pm25,M9: AugSynth_FE Belisario (Centro dropped),AugSynth_FE,2023w36,2023-09-04
42,-0.13323425102943842,NA,NA,NA,pm25,M9: AugSynth_FE Belisario (Centro dropped),AugSynth_FE,2023w37,2023-09-11
43,-0.14977089062370164,NA,NA,NA,pm25,M9: AugSynth_FE Belisario (Centro dropped),AugSynth_FE,2023w38,2023-09-18
44,0.09557851787696325,NA,NA,NA,pm25,M9: AugSynth_FE Belisario (Centro dropped),AugSynth_FE,2023w39,2023-09-25
45,0.22466736740914373,NA,NA,NA,pm25,M9: AugSynth_FE Belisario (Centro dropped),AugSynth_FE,2023w40,2023-10-02
46,-0.34138557511198364,NA,NA,NA,pm25,M9: AugSynth_FE Belisario (Centro dropped),AugSynth_FE,2023w41,2023-10-09
47,-0.11077675377956098,NA,NA,NA,pm25,M9: AugSynth_FE Belisario (Centro dropped),AugSynth_FE,2023w42,2023-10-16
48,-0.021791935908487936,NA,NA,NA,pm25,M9: AugSynth_FE Belisario (Centro dropped),AugSynth_FE,2023w43,2023-10-23
49,-0.23239676665760767,NA,NA,NA,pm25,M9: AugSynth_FE Belisario (Centro dropped),AugSynth_FE,2023w44,2023-10-30
50,0.005676251648016439,NA,NA,NA,pm25,M9: AugSynth_FE Belisario (Centro dropped),AugSynth_FE,2023w45,2023-11-06
51,0.2878932031561785,NA,NA,NA,pm25,M9: AugSynth_FE Belisario (Centro dropped),AugSynth_FE,2023w46,2023-11-13
52,0.3867169791193428,NA,NA,NA,pm25,M9: AugSynth_FE Belisario (Centro dropped),AugSynth_FE,2023w47,2023-11-20
53,-0.11178602900141055,-0.5602651123050673,0.33669305430224616,0.69,pm25,M9: AugSynth_FE Belisario (Centro dropped),AugSynth_FE,2023w48,2023-11-27
54,0.0076491706770744905,-0.4408299126265822,0.4089199294224517,0.959,pm25,M9: AugSynth_FE Belisario (Centro dropped),AugSynth_FE,2023w49,2023-12-04
55,-0.021799651072492487,-0.5174870589344289,0.47388775678944395,0.891,pm25,M9: AugSynth_FE Belisario (Centro dropped),AugSynth_FE,2023w50,2023-12-11
56,-0.05245799152317998,-0.4537287502685571,0.34881276722219723,0.804,pm25,M9: AugSynth_FE Belisario (Centro dropped),AugSynth_FE,2023w51,2023-12-18
57,-0.606247661297405,-1.1019350691593415,0.1726896939142093,0.081,pm25,M9: AugSynth_FE Belisario (Centro dropped),AugSynth_FE,2023w52,2023-12-25
58,-0.22281581264093875,-0.6240865713863158,0.17845494610443846,0.311,pm25,M9: AugSynth_FE Belisario (Centro dropped),AugSynth_FE,2024w01,2024-01-01
59,-0.6092996334888006,-1.0105703922341776,-0.0664039010685844,0.044,pm25,M9: AugSynth_FE Belisario (Centro dropped),AugSynth_FE,2024w02,2024-01-08
60,-0.5847144478910837,-1.0331935311947404,-0.041818715470867573,0.039,pm25,M9: AugSynth_FE Belisario (Centro dropped),AugSynth_FE,2024w03,2024-01-15
61,-0.1316096517135268,-0.6745053841337428,0.2696611070318504,0.54,pm25,M9: AugSynth_FE Belisario (Centro dropped),AugSynth_FE,2024w04,2024-01-22
62,-0.14943212860654143,-0.6451195364684779,0.2990469546971153,0.478,pm25,M9: AugSynth_FE Belisario (Centro dropped),AugSynth_FE,2024w05,2024-01-29
63,0.10183065207556519,-0.3466484312280915,0.5031014108209424,0.683,pm25,M9: AugSynth_FE Belisario (Centro dropped),AugSynth_FE,2024w06,2024-02-05
64,-0.20248549976746366,-0.6037562585128408,0.19878525897791355,0.322,pm25,M9: AugSynth_FE Belisario (Centro dropped),AugSynth_FE,2024w07,2024-02-12
65,-0.08907085049118635,-0.49034160923656345,0.35940823281247036,0.709,pm25,M9: AugSynth_FE Belisario (Centro dropped),AugSynth_FE,2024w08,2024-02-19
66,-0.09215753237245838,-0.4934282911178355,0.3563215509311983,0.701,pm25,M9: AugSynth_FE Belisario (Centro dropped),AugSynth_FE,2024w09,2024-02-26
67,-0.1551391389294432,-0.5564098976748203,0.2933399443742135,0.461,pm25,M9: AugSynth_FE Belisario (Centro dropped),AugSynth_FE,2024w10,2024-03-04
68,0.24798359479869303,-0.15328716394668407,0.6492543535440702,0.257,pm25,M9: AugSynth_FE Belisario (Centro dropped),AugSynth_FE,2024w11,2024-03-11
69,-0.12654999857396154,-0.480612432761059,0.27472076017141567,0.545,pm25,M9: AugSynth_FE Belisario (Centro dropped),AugSynth_FE,2024w12,2024-03-18
70,0.08145245221692576,-0.31981830652845133,0.5771398600788622,0.714,pm25,M9: AugSynth_FE Belisario (Centro dropped),AugSynth_FE,2024w13,2024-03-25
71,0.039105810521072204,-0.3621649482243049,0.4875848938247289,0.856,pm25,M9: AugSynth_FE Belisario (Centro dropped),AugSynth_FE,2024w14,2024-04-01
72,-0.14150367565695765,-0.5427744344023347,0.25976708308841956,0.464,pm25,M9: AugSynth_FE Belisario (Centro dropped),AugSynth_FE,2024w15,2024-04-08
73,0.18137650658694637,-0.21989425215843073,0.5826472653323236,0.354,pm25,M9: AugSynth_FE Belisario (Centro dropped),AugSynth_FE,2024w16,2024-04-15
74,0.16682762482723756,-0.3760681075929785,0.5680983835726148,0.474,pm25,M9: AugSynth_FE Belisario (Centro dropped),AugSynth_FE,2024w17,2024-04-22
75,0.23536629162751854,-0.21311279167613817,0.6366370503728958,0.273,pm25,M9: AugSynth_FE Belisario (Centro dropped),AugSynth_FE,2024w18,2024-04-29
76,0.12902463508623763,-0.27224612365913947,0.5302953938316148,0.52,pm25,M9: AugSynth_FE Belisario (Centro dropped),AugSynth_FE,2024w19,2024-05-06
77,0.12781273013290084,-0.4150830022873152,0.529083488878278,0.539,pm25,M9: AugSynth_FE Belisario (Centro dropped),AugSynth_FE,2024w20,2024-05-13
78,-0.11187059569246038,-0.5131413544378375,0.2894001630529168,0.609,pm25,M9: AugSynth_FE Belisario (Centro dropped),AugSynth_FE,2024w21,2024-05-20
79,0.21096485515614427,-0.19030590358923283,0.6122356139015215,0.325,pm25,M9: AugSynth_FE Belisario (Centro dropped),AugSynth_FE,2024w22,2024-05-27
80,0.1334162827869858,-0.2678544759583913,0.534687041532363,0.53,pm25,M9: AugSynth_FE Belisario (Centro dropped),AugSynth_FE,2024w23,2024-06-03
81,0.2017636637401572,-0.1995070950052199,0.6030344224855344,0.322,pm25,M9: AugSynth_FE Belisario (Centro dropped),AugSynth_FE,2024w24,2024-06-10
82,0.14946954785848865,-0.25180121088688845,0.5507403066038659,0.502,pm25,M9: AugSynth_FE Belisario (Centro dropped),AugSynth_FE,2024w25,2024-06-17
83,0.03936039804542313,-0.36191036069995397,0.44063115679080034,0.819,pm25,M9: AugSynth_FE Belisario (Centro dropped),AugSynth_FE,2024w26,2024-06-24
84,0.06289403557865603,-0.33837672316672107,0.46416479432403324,0.771,pm25,M9: AugSynth_FE Belisario (Centro dropped),AugSynth_FE,2024w27,2024-07-01
85,-0.014914664725915294,-0.4161854234712924,0.48077274313602114,0.915,pm25,M9: AugSynth_FE Belisario (Centro dropped),AugSynth_FE,2024w28,2024-07-08
86,-0.3489546485713655,-0.7502254073167426,0.05231611017401172,0.101,pm25,M9: AugSynth_FE Belisario (Centro dropped),AugSynth_FE,2024w29,2024-07-15
87,-0.18522281094519766,-0.5392852451322951,0.21604794780017955,0.316,pm25,M9: AugSynth_FE Belisario (Centro dropped),AugSynth_FE,2024w30,2024-07-22
88,-0.20095130323578525,-0.6022220619811623,0.20031945550959196,0.324,pm25,M9: AugSynth_FE Belisario (Centro dropped),AugSynth_FE,2024w31,2024-07-29
89,0.042242066737948836,-0.4062370165657079,0.44351282548332605,0.818,pm25,M9: AugSynth_FE Belisario (Centro dropped),AugSynth_FE,2024w32,2024-08-05
90,-0.31131029288977397,-0.7125810516351511,0.08996046585560324,0.152,pm25,M9: AugSynth_FE Belisario (Centro dropped),AugSynth_FE,2024w33,2024-08-12
91,-0.12037663716438907,-0.5688557204680458,0.28089412158098814,0.597,pm25,M9: AugSynth_FE Belisario (Centro dropped),AugSynth_FE,2024w34,2024-08-19
92,-0.1954058080279113,-0.5966765667732884,0.2058649507174659,0.316,pm25,M9: AugSynth_FE Belisario (Centro dropped),AugSynth_FE,2024w35,2024-08-26
93,-0.12900310970446371,-0.5302738684498408,0.2722676490409135,0.547,pm25,M9: AugSynth_FE Belisario (Centro dropped),AugSynth_FE,2024w36,2024-09-02
94,0.11696351319976905,-0.28430724554560804,0.5182342719451463,0.635,pm25,M9: AugSynth_FE Belisario (Centro dropped),AugSynth_FE,2024w37,2024-09-09
95,-0.35666510695934006,-0.7579358657047172,0.04460565178603715,0.07,pm25,M9: AugSynth_FE Belisario (Centro dropped),AugSynth_FE,2024w38,2024-09-16
96,-0.0915487405312212,-0.4456111747183187,0.309722018214156,0.634,pm25,M9: AugSynth_FE Belisario (Centro dropped),AugSynth_FE,2024w39,2024-09-23
97,4.114313949871036,0,5.270917901548888,0.108,pm25,M9: AugSynth_FE Belisario (Centro dropped),AugSynth_FE,2024w40,2024-09-30
98,0.6006412494377682,0,1.049120332741425,0.054,pm25,M9: AugSynth_FE Belisario (Centro dropped),AugSynth_FE,2024w41,2024-10-07
99,1.6864790961763363,0.5298751444984846,2.3237914777131117,0.03,pm25,M9: AugSynth_FE Belisario (Centro dropped),AugSynth_FE,2024w42,2024-10-14
100,1.540761879807463,0.38415792812961125,2.1780742613442383,0.039,pm25,M9: AugSynth_FE Belisario (Centro dropped),AugSynth_FE,2024w43,2024-10-21
101,0.9985648592878276,0.12521085495965384,1.5414605917080437,0.019,pm25,M9: AugSynth_FE Belisario (Centro dropped),AugSynth_FE,2024w44,2024-10-28
102,0.27954931680747874,-0.16892976649617797,0.680820075552856,0.184,pm25,M9: AugSynth_FE Belisario (Centro dropped),AugSynth_FE,2024w45,2024-11-04
103,-0.21584582435850486,-0.7587415567787209,0.3270499080617113,0.387,pm25,M9: AugSynth_FE Belisario (Centro dropped),AugSynth_FE,2024w46,2024-11-11
104,0.18042174062817473,-0.268057342675482,0.8177341221649501,0.521,pm25,M9: AugSynth_FE Belisario (Centro dropped),AugSynth_FE,2024w47,2024-11-18
105,0.5299658648705305,0,1.025653272732467,0.058,pm25,M9: AugSynth_FE Belisario (Centro dropped),AugSynth_FE,2024w48,2024-11-25
106,0.08365658279354093,-0.4592391496266751,0.5793439906554774,0.691,pm25,M9: AugSynth_FE Belisario (Centro dropped),AugSynth_FE,2024w49,2024-12-02
107,0.27826635252376386,-0.17021273077989285,0.6795371112691411,0.183,pm25,M9: AugSynth_FE Belisario (Centro dropped),AugSynth_FE,2024w50,2024-12-09
108,0.21673896562150707,-0.23174011768214964,0.6180097243668843,0.277,pm25,M9: AugSynth_FE Belisario (Centro dropped),AugSynth_FE,2024w51,2024-12-16
109,0.05798557876446697,-0.3432851799809101,0.5064646620681237,0.826,pm25,M9: AugSynth_FE Belisario (Centro dropped),AugSynth_FE,2024w52,2024-12-23
110,-0.12157142368694407,-0.5700505069906008,0.37411598417499237,0.661,pm25,M9: AugSynth_FE Belisario (Centro dropped),AugSynth_FE,2025w01,2024-12-30
111,0.4103166216542067,-0.03816246164945003,0.8115873803995839,0.064,pm25,M9: AugSynth_FE Belisario (Centro dropped),AugSynth_FE,2025w02,2025-01-06
112,0.11025937434886579,-0.3382197089547909,0.511530133094243,0.661,pm25,M9: AugSynth_FE Belisario (Centro dropped),AugSynth_FE,2025w03,2025-01-13
113,0.12925698297957222,-0.2720137757658049,0.5305277417249494,0.51,pm25,M9: AugSynth_FE Belisario (Centro dropped),AugSynth_FE,2025w04,2025-01-20
114,-0.14598457646786045,-0.5944636597715172,0.25528618227751676,0.473,pm25,M9: AugSynth_FE Belisario (Centro dropped),AugSynth_FE,2025w05,2025-01-27
115,0.17158288992838067,-0.22968786881699643,0.5728536486737579,0.421,pm25,M9: AugSynth_FE Belisario (Centro dropped),AugSynth_FE,2025w06,2025-02-03
116,0.18241152620179157,-0.21885923254358552,0.5836822849471688,0.324,pm25,M9: AugSynth_FE Belisario (Centro dropped),AugSynth_FE,2025w07,2025-02-10
117,0.21871577474534432,-0.2297633085583124,0.6199865334907215,0.334,pm25,M9: AugSynth_FE Belisario (Centro dropped),AugSynth_FE,2025w08,2025-02-17
118,0.1962250355688564,-0.1578373986182411,0.5974957943142336,0.356,pm25,M9: AugSynth_FE Belisario (Centro dropped),AugSynth_FE,2025w09,2025-02-24
119,0.07354603873475352,-0.3277247200106236,0.4748167974801307,0.743,pm25,M9: AugSynth_FE Belisario (Centro dropped),AugSynth_FE,2025w10,2025-03-03
120,0.24340333749898102,-0.2050757458046757,0.6446740962443582,0.257,pm25,M9: AugSynth_FE Belisario (Centro dropped),AugSynth_FE,2025w11,2025-03-10
121,0.2633310666157449,-0.1851480166879118,0.6646018253611221,0.234,pm25,M9: AugSynth_FE Belisario (Centro dropped),AugSynth_FE,2025w12,2025-03-17
122,-0.011556356234877718,-0.4128271149802548,0.436922727068779,0.949,pm25,M9: AugSynth_FE Belisario (Centro dropped),AugSynth_FE,2025w13,2025-03-24
123,-0.05956781831432467,-0.46083857705970177,0.38891126498933204,0.801,pm25,M9: AugSynth_FE Belisario (Centro dropped),AugSynth_FE,2025w14,2025-03-31
124,-0.24983946689196257,-0.745526874753899,0.19863961641169414,0.286,pm25,M9: AugSynth_FE Belisario (Centro dropped),AugSynth_FE,2025w15,2025-04-07
125,0.30099025723187856,-0.14748882607177816,0.7022610159772558,0.141,pm25,M9: AugSynth_FE Belisario (Centro dropped),AugSynth_FE,2025w16,2025-04-14
126,0.10580491004563974,-0.29546584869973735,0.507075668791017,0.644,pm25,M9: AugSynth_FE Belisario (Centro dropped),AugSynth_FE,2025w17,2025-04-21
127,0.03874298363386286,-0.36252777511151424,0.44001374237924007,0.84,pm25,M9: AugSynth_FE Belisario (Centro dropped),AugSynth_FE,2025w18,2025-04-28
128,0.3471024738912196,-0.14858493397071681,0.7483732326365968,0.102,pm25,M9: AugSynth_FE Belisario (Centro dropped),AugSynth_FE,2025w19,2025-05-05
129,0.2633768197378541,-0.09068561444924339,0.6646475784832313,0.167,pm25,M9: AugSynth_FE Belisario (Centro dropped),AugSynth_FE,2025w20,2025-05-12
130,0.30882054728318886,-0.18686686057874757,0.7100913060285661,0.135,pm25,M9: AugSynth_FE Belisario (Centro dropped),AugSynth_FE,2025w21,2025-05-19
131,0.18484140972492202,-0.2636376735787347,0.6805288175868585,0.371,pm25,M9: AugSynth_FE Belisario (Centro dropped),AugSynth_FE,2025w22,2025-05-26
132,0.2383145654050427,-0.210164517898614,0.6395853241504199,0.288,pm25,M9: AugSynth_FE Belisario (Centro dropped),AugSynth_FE,2025w23,2025-06-02
133,0.3012386579448756,-0.10003210080050151,0.7025094166902528,0.144,pm25,M9: AugSynth_FE Belisario (Centro dropped),AugSynth_FE,2025w24,2025-06-09
134,-0.06714266221081822,-0.4212050963979157,0.334128096534559,0.709,pm25,M9: AugSynth_FE Belisario (Centro dropped),AugSynth_FE,2025w25,2025-06-16
