time,estimate,ci_lower,ci_upper,p_val,pollutant,model,method,week_label,week_date
1,-0.059623109848155886,NA,NA,NA,so2,M4: AugSynth Centro+Belisario,AugSynth,2022w48,2022-11-28
2,-0.06248802258099673,NA,NA,NA,so2,M4: AugSynth Centro+Belisario,AugSynth,2022w49,2022-12-05
3,-0.20218883039689017,NA,NA,NA,so2,M4: AugSynth Centro+Belisario,AugSynth,2022w50,2022-12-12
4,-0.12119018916830115,NA,NA,NA,so2,M4: AugSynth Centro+Belisario,AugSynth,2022w51,2022-12-19
5,-0.34607072971211394,NA,NA,NA,so2,M4: AugSynth Centro+Belisario,AugSynth,2022w52,2022-12-26
6,-0.1937884938863017,NA,NA,NA,so2,M4: AugSynth Centro+Belisario,AugSynth,2023w01,2023-01-02
7,-0.04945477433603562,NA,NA,NA,so2,M4: AugSynth Centro+Belisario,AugSynth,2023w02,2023-01-09
8,-0.14551706238784967,NA,NA,NA,so2,M4: AugSynth Centro+Belisario,AugSynth,2023w03,2023-01-16
9,-0.21160801609736368,NA,NA,NA,so2,M4: AugSynth Centro+Belisario,AugSynth,2023w04,2023-01-23
10,0.09010022742649504,NA,NA,NA,so2,M4: AugSynth Centro+Belisario,AugSynth,2023w05,2023-01-30
11,0.1128740744867005,NA,NA,NA,so2,M4: AugSynth Centro+Belisario,AugSynth,2023w06,2023-02-06
12,0.1549599057668245,NA,NA,NA,so2,M4: AugSynth Centro+Belisario,AugSynth,2023w07,2023-02-13
13,0.15510136554210918,NA,NA,NA,so2,M4: AugSynth Centro+Belisario,AugSynth,2023w08,2023-02-20
14,-0.06783886729354727,NA,NA,NA,so2,M4: AugSynth Centro+Belisario,AugSynth,2023w09,2023-02-27
15,0.41339848701590465,NA,NA,NA,so2,M4: AugSynth Centro+Belisario,AugSynth,2023w10,2023-03-06
16,0.21009892083347181,NA,NA,NA,so2,M4: AugSynth Centro+Belisario,AugSynth,2023w11,2023-03-13
17,0.1276933111730285,NA,NA,NA,so2,M4: AugSynth Centro+Belisario,AugSynth,2023w12,2023-03-20
18,0.3699975242003739,NA,NA,NA,so2,M4: AugSynth Centro+Belisario,AugSynth,2023w13,2023-03-27
19,0.43000770662068155,NA,NA,NA,so2,M4: AugSynth Centro+Belisario,AugSynth,2023w14,2023-04-03
20,0.26447076515397216,NA,NA,NA,so2,M4: AugSynth Centro+Belisario,AugSynth,2023w15,2023-04-10
21,0.25712477811829104,NA,NA,NA,so2,M4: AugSynth Centro+Belisario,AugSynth,2023w16,2023-04-17
22,0.14967394864668604,NA,NA,NA,so2,M4: AugSynth Centro+Belisario,AugSynth,2023w17,2023-04-24
23,-0.3295077659088548,NA,NA,NA,so2,M4: AugSynth Centro+Belisario,AugSynth,2023w18,2023-05-01
24,-0.07602911226933173,NA,NA,NA,so2,M4: AugSynth Centro+Belisario,AugSynth,2023w19,2023-05-08
25,0.07087022026548273,NA,NA,NA,so2,M4: AugSynth Centro+Belisario,AugSynth,2023w20,2023-05-15
26,0.26725075056710623,NA,NA,NA,so2,M4: AugSynth Centro+Belisario,AugSynth,2023w21,2023-05-22
27,0.21345827076153845,NA,NA,NA,so2,M4: AugSynth Centro+Belisario,AugSynth,2023w22,2023-05-29
28,0.27332159820847046,NA,NA,NA,so2,M4: AugSynth Centro+Belisario,AugSynth,2023w23,2023-06-05
29,0.13117220298280574,NA,NA,NA,so2,M4: AugSynth Centro+Belisario,AugSynth,2023w24,2023-06-12
30,0.07096712184463505,NA,NA,NA,so2,M4: AugSynth Centro+Belisario,AugSynth,2023w25,2023-06-19
31,0.0873376443164855,NA,NA,NA,so2,M4: AugSynth Centro+Belisario,AugSynth,2023w26,2023-06-26
32,0.2788031181520545,NA,NA,NA,so2,M4: AugSynth Centro+Belisario,AugSynth,2023w27,2023-07-03
33,0.07625724347749085,NA,NA,NA,so2,M4: AugSynth Centro+Belisario,AugSynth,2023w28,2023-07-10
34,0.40861370925909246,NA,NA,NA,so2,M4: AugSynth Centro+Belisario,AugSynth,2023w29,2023-07-17
35,0.1366776938770915,NA,NA,NA,so2,M4: AugSynth Centro+Belisario,AugSynth,2023w30,2023-07-24
36,0.09597941269672727,NA,NA,NA,so2,M4: AugSynth Centro+Belisario,AugSynth,2023w31,2023-07-31
37,-0.48164297058271144,NA,NA,NA,so2,M4: AugSynth Centro+Belisario,AugSynth,2023w32,2023-08-07
38,-0.1298435894572756,NA,NA,NA,so2,M4: AugSynth Centro+Belisario,AugSynth,2023w33,2023-08-14
39,-0.043762105613496916,NA,NA,NA,so2,M4: AugSynth Centro+Belisario,AugSynth,2023w34,2023-08-21
40,-0.2860431949528519,NA,NA,NA,so2,M4: AugSynth Centro+Belisario,AugSynth,2023w35,2023-08-28
41,-0.3002364537085136,NA,NA,NA,so2,M4: AugSynth Centro+Belisario,AugSynth,2023w36,2023-09-04
42,-0.41867635460512864,NA,NA,NA,so2,M4: AugSynth Centro+Belisario,AugSynth,2023w37,2023-09-11
43,0.004108685145790325,NA,NA,NA,so2,M4: AugSynth Centro+Belisario,AugSynth,2023w38,2023-09-18
44,0.132745569020984,NA,NA,NA,so2,M4: AugSynth Centro+Belisario,AugSynth,2023w39,2023-09-25
45,0.25919843444191293,NA,NA,NA,so2,M4: AugSynth Centro+Belisario,AugSynth,2023w40,2023-10-02
46,-0.5402390328292079,NA,NA,NA,so2,M4: AugSynth Centro+Belisario,AugSynth,2023w41,2023-10-09
47,-0.21938492114149044,NA,NA,NA,so2,M4: AugSynth Centro+Belisario,AugSynth,2023w42,2023-10-16
48,-0.32870558920977233,NA,NA,NA,so2,M4: AugSynth Centro+Belisario,AugSynth,2023w43,2023-10-23
49,0.11943070563748814,NA,NA,NA,so2,M4: AugSynth Centro+Belisario,AugSynth,2023w44,2023-10-30
50,-0.6402027390478049,NA,NA,NA,so2,M4: AugSynth Centro+Belisario,AugSynth,2023w45,2023-11-06
51,-0.05997449513118536,NA,NA,NA,so2,M4: AugSynth Centro+Belisario,AugSynth,2023w46,2023-11-13
52,-0.09198477717001552,NA,NA,NA,so2,M4: AugSynth Centro+Belisario,AugSynth,2023w47,2023-11-20
53,-0.21662886288222727,-0.6651365925312729,0.23187886676681835,0.435,so2,M4: AugSynth Centro+Belisario,AugSynth,2023w48,2023-11-27
54,-0.16848044019209674,-0.6169881698411424,0.2800272894569489,0.483,so2,M4: AugSynth Centro+Belisario,AugSynth,2023w49,2023-12-04
55,-0.21701413837013672,-0.6655218680191823,0.2314935912789089,0.458,so2,M4: AugSynth Centro+Belisario,AugSynth,2023w50,2023-12-11
56,0.056764453812771176,-0.39174327583627444,0.5052721834618168,0.946,so2,M4: AugSynth Centro+Belisario,AugSynth,2023w51,2023-12-18
57,-0.08498167396769096,-0.5334894036167366,0.36352605568135465,0.808,so2,M4: AugSynth Centro+Belisario,AugSynth,2023w52,2023-12-25
58,0.06959189940127875,-0.37891583024776687,0.5180996290503244,0.916,so2,M4: AugSynth Centro+Belisario,AugSynth,2024w01,2024-01-01
59,-0.12367032700447278,-0.5721780566535184,0.32483740264457284,0.747,so2,M4: AugSynth Centro+Belisario,AugSynth,2024w02,2024-01-08
60,-0.25792229837356984,-0.7064300280226155,0.19058543127547578,0.342,so2,M4: AugSynth Centro+Belisario,AugSynth,2024w03,2024-01-15
61,-0.16218933959221027,-0.6106970692412559,0.28631839005683535,0.489,so2,M4: AugSynth Centro+Belisario,AugSynth,2024w04,2024-01-22
62,-0.12421532914408395,-0.5727230587931296,0.32429240050496166,0.671,so2,M4: AugSynth Centro+Belisario,AugSynth,2024w05,2024-01-29
63,-0.25979700845263864,-0.7083047381016843,0.18871072119640697,0.362,so2,M4: AugSynth Centro+Belisario,AugSynth,2024w06,2024-02-05
64,-0.19928841687450527,-0.6477961465235509,0.24921931277454035,0.484,so2,M4: AugSynth Centro+Belisario,AugSynth,2024w07,2024-02-12
65,-0.3035210181303105,-0.7520287477793561,0.1449867115187351,0.221,so2,M4: AugSynth Centro+Belisario,AugSynth,2024w08,2024-02-19
66,0.005533960332029908,-0.4429737693170157,0.4540416899810755,0.984,so2,M4: AugSynth Centro+Belisario,AugSynth,2024w09,2024-02-26
67,-0.18434072198316276,-0.6328484516322084,0.26416700766588286,0.485,so2,M4: AugSynth Centro+Belisario,AugSynth,2024w10,2024-03-04
68,-0.08799632293439519,-0.5365040525834408,0.36051140671465043,0.775,so2,M4: AugSynth Centro+Belisario,AugSynth,2024w11,2024-03-11
69,0.027486202613727917,-0.4210215270353177,0.47599393226277353,0.969,so2,M4: AugSynth Centro+Belisario,AugSynth,2024w12,2024-03-18
70,0.2982996376832736,-0.150208091965772,0.7468073673323192,0.218,so2,M4: AugSynth Centro+Belisario,AugSynth,2024w13,2024-03-25
71,0.1939792895528749,-0.2545284400961707,0.6424870192019205,0.487,so2,M4: AugSynth Centro+Belisario,AugSynth,2024w14,2024-04-01
72,-0.4022028817713159,-0.8507106114203615,0.046304847877729705,0.163,so2,M4: AugSynth Centro+Belisario,AugSynth,2024w15,2024-04-08
73,0.07150947110195771,-0.3769982585470879,0.5200172007510033,0.838,so2,M4: AugSynth Centro+Belisario,AugSynth,2024w16,2024-04-15
74,-0.06773487157916502,-0.5162426012282106,0.3807728580698806,0.866,so2,M4: AugSynth Centro+Belisario,AugSynth,2024w17,2024-04-22
75,-0.05646207591264085,-0.5049698055616865,0.39204565373640476,0.955,so2,M4: AugSynth Centro+Belisario,AugSynth,2024w18,2024-04-29
76,-0.047761764082645985,-0.4962694937316916,0.40074596556639963,0.95,so2,M4: AugSynth Centro+Belisario,AugSynth,2024w19,2024-05-06
77,-0.20106643588682593,-0.6495741655358716,0.24744129376221968,0.46,so2,M4: AugSynth Centro+Belisario,AugSynth,2024w20,2024-05-13
78,-0.531604487283277,-0.9801122169323226,-0.08309675763423141,0.047,so2,M4: AugSynth Centro+Belisario,AugSynth,2024w21,2024-05-20
79,-0.4059608569450667,-0.8544685865941123,0.042546872703978944,0.152,so2,M4: AugSynth Centro+Belisario,AugSynth,2024w22,2024-05-27
80,0.03740806332433366,-0.41109966632471195,0.4859157929733793,0.979,so2,M4: AugSynth Centro+Belisario,AugSynth,2024w23,2024-06-03
81,0.3001248075838395,-0.1483829220652061,0.7486325372328851,0.262,so2,M4: AugSynth Centro+Belisario,AugSynth,2024w24,2024-06-10
82,-0.13458186484215373,-0.5830895944911993,0.3139258648068919,0.606,so2,M4: AugSynth Centro+Belisario,AugSynth,2024w25,2024-06-17
83,0.03978330267871133,-0.4087244269703343,0.48829103232775695,0.981,so2,M4: AugSynth Centro+Belisario,AugSynth,2024w26,2024-06-24
84,-0.0465663986750231,-0.4950741283240687,0.4019413309740225,0.963,so2,M4: AugSynth Centro+Belisario,AugSynth,2024w27,2024-07-01
85,-0.37685427102453106,-0.8253620006735767,0.07165345862451455,0.166,so2,M4: AugSynth Centro+Belisario,AugSynth,2024w28,2024-07-08
86,-0.1273596093757945,-0.5758673390248401,0.3211481202732511,0.646,so2,M4: AugSynth Centro+Belisario,AugSynth,2024w29,2024-07-15
87,0.030566364460175244,-0.4179413651888704,0.47907409410922086,0.975,so2,M4: AugSynth Centro+Belisario,AugSynth,2024w30,2024-07-22
88,0.40776027314987184,-0.04074745649917377,0.8562680027989175,0.178,so2,M4: AugSynth Centro+Belisario,AugSynth,2024w31,2024-07-29
89,-0.05791065691488906,-0.5064183865639347,0.39059707273415656,0.956,so2,M4: AugSynth Centro+Belisario,AugSynth,2024w32,2024-08-05
90,0.11582084858396335,-0.33268688106508226,0.564328578233009,0.708,so2,M4: AugSynth Centro+Belisario,AugSynth,2024w33,2024-08-12
91,0.14708452331983124,-0.3014232063292144,0.5955922529688769,0.579,so2,M4: AugSynth Centro+Belisario,AugSynth,2024w34,2024-08-19
92,0.37364358707224743,-0.07486414257679819,0.822151316721293,0.174,so2,M4: AugSynth Centro+Belisario,AugSynth,2024w35,2024-08-26
93,-0.2602422311661303,-0.7087499608151759,0.1882654984829153,0.36,so2,M4: AugSynth Centro+Belisario,AugSynth,2024w36,2024-09-02
94,0.09733613123213414,-0.3511715984169115,0.5458438608811798,0.722,so2,M4: AugSynth Centro+Belisario,AugSynth,2024w37,2024-09-09
95,-0.029924779521342648,-0.47843250917038826,0.41858295012770297,0.989,so2,M4: AugSynth Centro+Belisario,AugSynth,2024w38,2024-09-16
96,0.05288573702477839,-0.3956219926242672,0.501393466673824,0.941,so2,M4: AugSynth Centro+Belisario,AugSynth,2024w39,2024-09-23
97,0.19220518399439301,-0.2563025456546526,0.6407129136434386,0.477,so2,M4: AugSynth Centro+Belisario,AugSynth,2024w40,2024-09-30
98,0.16756705722461485,-0.28094067242443077,0.6160747868736605,0.507,so2,M4: AugSynth Centro+Belisario,AugSynth,2024w41,2024-10-07
99,-0.3557818577369267,-0.8042895873859723,0.0927258719121189,0.163,so2,M4: AugSynth Centro+Belisario,AugSynth,2024w42,2024-10-14
100,0.08044448430456641,-0.3680632453444792,0.528952213953612,0.797,so2,M4: AugSynth Centro+Belisario,AugSynth,2024w43,2024-10-21
101,-0.1622757131657273,-0.6107834428147729,0.2862320164833183,0.578,so2,M4: AugSynth Centro+Belisario,AugSynth,2024w44,2024-10-28
102,0.2314106579054347,-0.21709707174361093,0.6799183875544803,0.374,so2,M4: AugSynth Centro+Belisario,AugSynth,2024w45,2024-11-04
103,0.02746410354551143,-0.4210436261035342,0.47597183319455705,0.977,so2,M4: AugSynth Centro+Belisario,AugSynth,2024w46,2024-11-11
104,0.17805232343008082,-0.2704554062189648,0.6265600530791264,0.499,so2,M4: AugSynth Centro+Belisario,AugSynth,2024w47,2024-11-18
105,0.20775368086594437,-0.24075404878310125,0.65626141051499,0.495,so2,M4: AugSynth Centro+Belisario,AugSynth,2024w48,2024-11-25
106,0.09761602390512558,-0.35089170574392003,0.5461237535541712,0.742,so2,M4: AugSynth Centro+Belisario,AugSynth,2024w49,2024-12-02
107,-0.1453603938047361,-0.5938681234537817,0.30314733584430953,0.588,so2,M4: AugSynth Centro+Belisario,AugSynth,2024w50,2024-12-09
108,-0.04269398659415624,-0.49120171624320186,0.4058137430548894,0.975,so2,M4: AugSynth Centro+Belisario,AugSynth,2024w51,2024-12-16
109,0.5023487010251733,0,0.9508564306742189,0.051,so2,M4: AugSynth Centro+Belisario,AugSynth,2024w52,2024-12-23
110,-0.04995538122751908,-0.4984631108765647,0.39855234842152654,0.964,so2,M4: AugSynth Centro+Belisario,AugSynth,2025w01,2024-12-30
111,0.06583344663488444,-0.3826742830141612,0.5143411762839301,0.898,so2,M4: AugSynth Centro+Belisario,AugSynth,2025w02,2025-01-06
112,-0.024671684586897724,-0.47317941423594334,0.4238360450621479,0.978,so2,M4: AugSynth Centro+Belisario,AugSynth,2025w03,2025-01-13
113,-0.16637068264027244,-0.614878412289318,0.2821370470087732,0.508,so2,M4: AugSynth Centro+Belisario,AugSynth,2025w04,2025-01-20
114,-0.01704202502620289,-0.4655497546752485,0.4314657046228427,0.994,so2,M4: AugSynth Centro+Belisario,AugSynth,2025w05,2025-01-27
115,0.39054817488324045,-0.057959554765805166,0.8390559045322861,0.161,so2,M4: AugSynth Centro+Belisario,AugSynth,2025w06,2025-02-03
116,-0.23220425336820116,-0.6807119830172468,0.21630347628084445,0.369,so2,M4: AugSynth Centro+Belisario,AugSynth,2025w07,2025-02-10
117,-0.20432098781715302,-0.6528287174661986,0.2441867418318926,0.487,so2,M4: AugSynth Centro+Belisario,AugSynth,2025w08,2025-02-17
118,-0.1220303073159068,-0.5705380369649524,0.3264774223331388,0.725,so2,M4: AugSynth Centro+Belisario,AugSynth,2025w09,2025-02-24
119,-0.108386390043969,-0.5568941196930146,0.3401213396050766,0.729,so2,M4: AugSynth Centro+Belisario,AugSynth,2025w10,2025-03-03
120,0.058485713069645895,-0.3900220165793997,0.5069934427186915,0.951,so2,M4: AugSynth Centro+Belisario,AugSynth,2025w11,2025-03-10
121,0.003162541908730221,-0.4453451877403154,0.45167027155777584,1,so2,M4: AugSynth Centro+Belisario,AugSynth,2025w12,2025-03-17
122,-0.14371887428231278,-0.5922266039313584,0.30478885536673284,0.552,so2,M4: AugSynth Centro+Belisario,AugSynth,2025w13,2025-03-24
123,-0.47507708511929003,-0.9235848147683356,0,0.091,so2,M4: AugSynth Centro+Belisario,AugSynth,2025w14,2025-03-31
124,-0.5520600658684737,-1.0005677955175192,-0.10355233621942805,0.045,so2,M4: AugSynth Centro+Belisario,AugSynth,2025w15,2025-04-07
125,-0.28821560355446363,-0.7367233332035092,0.160292126094582,0.266,so2,M4: AugSynth Centro+Belisario,AugSynth,2025w16,2025-04-14
126,0.03758117354458723,-0.4109265561044584,0.48608890319363285,0.983,so2,M4: AugSynth Centro+Belisario,AugSynth,2025w17,2025-04-21
127,0.10201731598440289,-0.3464904136646427,0.5505250456334485,0.71,so2,M4: AugSynth Centro+Belisario,AugSynth,2025w18,2025-04-28
128,-0.19101357556604404,-0.6395213052150897,0.2574941540830016,0.48,so2,M4: AugSynth Centro+Belisario,AugSynth,2025w19,2025-05-05
129,-0.13487674783047665,-0.5833844774795223,0.31363098181856897,0.625,so2,M4: AugSynth Centro+Belisario,AugSynth,2025w20,2025-05-12
130,-0.20838694499708943,-0.656894674646135,0.2401207846519562,0.426,so2,M4: AugSynth Centro+Belisario,AugSynth,2025w21,2025-05-19
131,-0.0430304975294864,-0.491538227178532,0.4054772321195592,0.975,so2,M4: AugSynth Centro+Belisario,AugSynth,2025w22,2025-05-26
132,0.12419514396199549,-0.3243125856870501,0.5727028736110411,0.673,so2,M4: AugSynth Centro+Belisario,AugSynth,2025w23,2025-06-02
133,-0.20109810638370273,-0.6496058360327484,0.24740962326534288,0.47,so2,M4: AugSynth Centro+Belisario,AugSynth,2025w24,2025-06-09
134,-0.6145610247134794,-1.063068754362525,-0.16605329506443378,0.046,so2,M4: AugSynth Centro+Belisario,AugSynth,2025w25,2025-06-16
1,-0.318321010273656,NA,NA,NA,so2,M5: AugSynth Centro (Bel. dropped),AugSynth,2022w48,2022-11-28
2,-0.19043677849539176,NA,NA,NA,so2,M5: AugSynth Centro (Bel. dropped),AugSynth,2022w49,2022-12-05
3,-0.2571385887368851,NA,NA,NA,so2,M5: AugSynth Centro (Bel. dropped),AugSynth,2022w50,2022-12-12
4,-0.15231724112819744,NA,NA,NA,so2,M5: AugSynth Centro (Bel. dropped),AugSynth,2022w51,2022-12-19
5,-0.23263089432140038,NA,NA,NA,so2,M5: AugSynth Centro (Bel. dropped),AugSynth,2022w52,2022-12-26
6,-0.14248404187476793,NA,NA,NA,so2,M5: AugSynth Centro (Bel. dropped),AugSynth,2023w01,2023-01-02
7,0.06447526759663824,NA,NA,NA,so2,M5: AugSynth Centro (Bel. dropped),AugSynth,2023w02,2023-01-09
8,-0.062053555832038976,NA,NA,NA,so2,M5: AugSynth Centro (Bel. dropped),AugSynth,2023w03,2023-01-16
9,-0.0990771612492718,NA,NA,NA,so2,M5: AugSynth Centro (Bel. dropped),AugSynth,2023w04,2023-01-23
10,0.027992685527834293,NA,NA,NA,so2,M5: AugSynth Centro (Bel. dropped),AugSynth,2023w05,2023-01-30
11,0.10715204685050139,NA,NA,NA,so2,M5: AugSynth Centro (Bel. dropped),AugSynth,2023w06,2023-02-06
12,0.14001864327955293,NA,NA,NA,so2,M5: AugSynth Centro (Bel. dropped),AugSynth,2023w07,2023-02-13
13,0.20783545776879353,NA,NA,NA,so2,M5: AugSynth Centro (Bel. dropped),AugSynth,2023w08,2023-02-20
14,-0.1642749855631891,NA,NA,NA,so2,M5: AugSynth Centro (Bel. dropped),AugSynth,2023w09,2023-02-27
15,0.522909779322172,NA,NA,NA,so2,M5: AugSynth Centro (Bel. dropped),AugSynth,2023w10,2023-03-06
16,0.33791288194653535,NA,NA,NA,so2,M5: AugSynth Centro (Bel. dropped),AugSynth,2023w11,2023-03-13
17,0.23544422159088785,NA,NA,NA,so2,M5: AugSynth Centro (Bel. dropped),AugSynth,2023w12,2023-03-20
18,0.5199909426693194,NA,NA,NA,so2,M5: AugSynth Centro (Bel. dropped),AugSynth,2023w13,2023-03-27
19,0.6857247478171391,NA,NA,NA,so2,M5: AugSynth Centro (Bel. dropped),AugSynth,2023w14,2023-04-03
20,0.3790295492842386,NA,NA,NA,so2,M5: AugSynth Centro (Bel. dropped),AugSynth,2023w15,2023-04-10
21,0.32708516751031835,NA,NA,NA,so2,M5: AugSynth Centro (Bel. dropped),AugSynth,2023w16,2023-04-17
22,0.17543136756358702,NA,NA,NA,so2,M5: AugSynth Centro (Bel. dropped),AugSynth,2023w17,2023-04-24
23,-0.4814120653861733,NA,NA,NA,so2,M5: AugSynth Centro (Bel. dropped),AugSynth,2023w18,2023-05-01
24,-0.11269106265096251,NA,NA,NA,so2,M5: AugSynth Centro (Bel. dropped),AugSynth,2023w19,2023-05-08
25,0.016267271288765928,NA,NA,NA,so2,M5: AugSynth Centro (Bel. dropped),AugSynth,2023w20,2023-05-15
26,0.22916045583405698,NA,NA,NA,so2,M5: AugSynth Centro (Bel. dropped),AugSynth,2023w21,2023-05-22
27,0.2096012795783062,NA,NA,NA,so2,M5: AugSynth Centro (Bel. dropped),AugSynth,2023w22,2023-05-29
28,0.31285877901211445,NA,NA,NA,so2,M5: AugSynth Centro (Bel. dropped),AugSynth,2023w23,2023-06-05
29,0.16974630945685365,NA,NA,NA,so2,M5: AugSynth Centro (Bel. dropped),AugSynth,2023w24,2023-06-12
30,0.02282643031959264,NA,NA,NA,so2,M5: AugSynth Centro (Bel. dropped),AugSynth,2023w25,2023-06-19
31,0.0739227564923226,NA,NA,NA,so2,M5: AugSynth Centro (Bel. dropped),AugSynth,2023w26,2023-06-26
32,0.3526252644921053,NA,NA,NA,so2,M5: AugSynth Centro (Bel. dropped),AugSynth,2023w27,2023-07-03
33,0.061763112718777435,NA,NA,NA,so2,M5: AugSynth Centro (Bel. dropped),AugSynth,2023w28,2023-07-10
34,0.3973056161955226,NA,NA,NA,so2,M5: AugSynth Centro (Bel. dropped),AugSynth,2023w29,2023-07-17
35,0.10588275637838396,NA,NA,NA,so2,M5: AugSynth Centro (Bel. dropped),AugSynth,2023w30,2023-07-24
36,-0.0725405035220501,NA,NA,NA,so2,M5: AugSynth Centro (Bel. dropped),AugSynth,2023w31,2023-07-31
37,-0.7290438360238115,NA,NA,NA,so2,M5: AugSynth Centro (Bel. dropped),AugSynth,2023w32,2023-08-07
38,-0.17057671678181374,NA,NA,NA,so2,M5: AugSynth Centro (Bel. dropped),AugSynth,2023w33,2023-08-14
39,-0.007862314624613509,NA,NA,NA,so2,M5: AugSynth Centro (Bel. dropped),AugSynth,2023w34,2023-08-21
40,-0.48429451182559813,NA,NA,NA,so2,M5: AugSynth Centro (Bel. dropped),AugSynth,2023w35,2023-08-28
41,-0.48835617298744105,NA,NA,NA,so2,M5: AugSynth Centro (Bel. dropped),AugSynth,2023w36,2023-09-04
42,-0.612123180805477,NA,NA,NA,so2,M5: AugSynth Centro (Bel. dropped),AugSynth,2023w37,2023-09-11
43,0.03765785449781811,NA,NA,NA,so2,M5: AugSynth Centro (Bel. dropped),AugSynth,2023w38,2023-09-18
44,0.147406408984585,NA,NA,NA,so2,M5: AugSynth Centro (Bel. dropped),AugSynth,2023w39,2023-09-25
45,0.2066710215388079,NA,NA,NA,so2,M5: AugSynth Centro (Bel. dropped),AugSynth,2023w40,2023-10-02
46,-0.5009425653941435,NA,NA,NA,so2,M5: AugSynth Centro (Bel. dropped),AugSynth,2023w41,2023-10-09
47,-0.26630126955488365,NA,NA,NA,so2,M5: AugSynth Centro (Bel. dropped),AugSynth,2023w42,2023-10-16
48,-0.29810659681066176,NA,NA,NA,so2,M5: AugSynth Centro (Bel. dropped),AugSynth,2023w43,2023-10-23
49,0.34307650463160666,NA,NA,NA,so2,M5: AugSynth Centro (Bel. dropped),AugSynth,2023w44,2023-10-30
50,-0.6974425774260635,NA,NA,NA,so2,M5: AugSynth Centro (Bel. dropped),AugSynth,2023w45,2023-11-06
51,-0.01213847866315132,NA,NA,NA,so2,M5: AugSynth Centro (Bel. dropped),AugSynth,2023w46,2023-11-13
52,-0.02213205616457059,NA,NA,NA,so2,M5: AugSynth Centro (Bel. dropped),AugSynth,2023w47,2023-11-20
53,-0.14622919708015658,-0.7735911381116899,0.48113274395137673,0.693,so2,M5: AugSynth Centro (Bel. dropped),AugSynth,2023w48,2023-11-27
54,-0.3108497692035497,-0.938211710235083,0.31651217182798363,0.361,so2,M5: AugSynth Centro (Bel. dropped),AugSynth,2023w49,2023-12-04
55,-0.07842862672392714,-0.7057905677554605,0.5489333143076062,0.793,so2,M5: AugSynth Centro (Bel. dropped),AugSynth,2023w50,2023-12-11
56,0.05293461774569308,-0.5744273232858402,0.6802965587772264,0.864,so2,M5: AugSynth Centro (Bel. dropped),AugSynth,2023w51,2023-12-18
57,-0.039490518619565096,-0.6668524596510984,0.5878714224119682,0.895,so2,M5: AugSynth Centro (Bel. dropped),AugSynth,2023w52,2023-12-25
58,0.16660278250599236,-0.46075915852554095,0.7939647235375257,0.637,so2,M5: AugSynth Centro (Bel. dropped),AugSynth,2024w01,2024-01-01
59,-0.10221645437644766,-0.729578395407981,0.5251454866550856,0.799,so2,M5: AugSynth Centro (Bel. dropped),AugSynth,2024w02,2024-01-08
60,-0.05670417672910033,-0.6840661177606336,0.570657764302433,0.876,so2,M5: AugSynth Centro (Bel. dropped),AugSynth,2024w03,2024-01-15
61,-0.06278253750696905,-0.6901444785385024,0.5645794035245643,0.864,so2,M5: AugSynth Centro (Bel. dropped),AugSynth,2024w04,2024-01-22
62,-0.10900413378789953,-0.7363660748194328,0.5183578072436338,0.754,so2,M5: AugSynth Centro (Bel. dropped),AugSynth,2024w05,2024-01-29
63,-0.18106682270150687,-0.8084287637330402,0.44629511833002644,0.567,so2,M5: AugSynth Centro (Bel. dropped),AugSynth,2024w06,2024-02-05
64,-0.04698103825925126,-0.6743429792907846,0.580380902772282,0.859,so2,M5: AugSynth Centro (Bel. dropped),AugSynth,2024w07,2024-02-12
65,-0.1856170000338886,-0.8129789410654219,0.4417449409976447,0.593,so2,M5: AugSynth Centro (Bel. dropped),AugSynth,2024w08,2024-02-19
66,0.1585412857767179,-0.4688206552548154,0.7859032268082512,0.635,so2,M5: AugSynth Centro (Bel. dropped),AugSynth,2024w09,2024-02-26
67,-0.11458034616211665,-0.74194228719365,0.5127815948694167,0.728,so2,M5: AugSynth Centro (Bel. dropped),AugSynth,2024w10,2024-03-04
68,-0.02938909057723116,-0.6567510316087645,0.5979728504543022,0.902,so2,M5: AugSynth Centro (Bel. dropped),AugSynth,2024w11,2024-03-11
69,-0.08022624163856751,-0.7075881826701008,0.5471356993929658,0.774,so2,M5: AugSynth Centro (Bel. dropped),AugSynth,2024w12,2024-03-18
70,0.33492462344738505,-0.29243731758414826,0.9622865644789184,0.316,so2,M5: AugSynth Centro (Bel. dropped),AugSynth,2024w13,2024-03-25
71,0.45316593842031816,-0.17419600261121515,1.0805278794518514,0.223,so2,M5: AugSynth Centro (Bel. dropped),AugSynth,2024w14,2024-04-01
72,-0.31827816015720756,-0.9456401011887409,0.30908378087432575,0.333,so2,M5: AugSynth Centro (Bel. dropped),AugSynth,2024w15,2024-04-08
73,0.007862034102949389,-0.6194999069285839,0.6352239751344827,1,so2,M5: AugSynth Centro (Bel. dropped),AugSynth,2024w16,2024-04-15
74,-0.020713908139846637,-0.64807584917138,0.6066480328916867,0.942,so2,M5: AugSynth Centro (Bel. dropped),AugSynth,2024w17,2024-04-22
75,-0.13763673142311594,-0.7649986724546493,0.48972520960841737,0.716,so2,M5: AugSynth Centro (Bel. dropped),AugSynth,2024w18,2024-04-29
76,-0.03908418653339085,-0.6664461275649242,0.5882777544981425,0.866,so2,M5: AugSynth Centro (Bel. dropped),AugSynth,2024w19,2024-05-06
77,-0.3640198077402861,-0.9913817487718194,0.2633421332912472,0.252,so2,M5: AugSynth Centro (Bel. dropped),AugSynth,2024w20,2024-05-13
78,-0.9414120138286645,-1.5687739548601978,-0.31405007279713115,0.026,so2,M5: AugSynth Centro (Bel. dropped),AugSynth,2024w21,2024-05-20
79,-0.6778446133725591,-1.3052065544040925,0,0.091,so2,M5: AugSynth Centro (Bel. dropped),AugSynth,2024w22,2024-05-27
80,-0.35324309827121336,-0.9806050393027467,0.27411884276031995,0.287,so2,M5: AugSynth Centro (Bel. dropped),AugSynth,2024w23,2024-06-03
81,0.042722573714394585,-0.5846393673171387,0.6700845147459279,0.859,so2,M5: AugSynth Centro (Bel. dropped),AugSynth,2024w24,2024-06-10
82,-0.39582016737648473,-1.023182108408018,0.23154177365504858,0.269,so2,M5: AugSynth Centro (Bel. dropped),AugSynth,2024w25,2024-06-17
83,-0.034946198207059354,-0.6623081392385927,0.592415742824474,0.889,so2,M5: AugSynth Centro (Bel. dropped),AugSynth,2024w26,2024-06-24
84,-0.12570152953744484,-0.7530634705689782,0.5016604114940885,0.712,so2,M5: AugSynth Centro (Bel. dropped),AugSynth,2024w27,2024-07-01
85,-0.610904856950131,-1.2382667979816642,0.01645708408140234,0.097,so2,M5: AugSynth Centro (Bel. dropped),AugSynth,2024w28,2024-07-08
86,-0.2744549041417732,-0.9018168451733065,0.3529070368897601,0.354,so2,M5: AugSynth Centro (Bel. dropped),AugSynth,2024w29,2024-07-15
87,-0.16425273003312135,-0.7916146710646547,0.46310921099841196,0.632,so2,M5: AugSynth Centro (Bel. dropped),AugSynth,2024w30,2024-07-22
88,0.23310375061546385,-0.39425819041606947,0.8604656916469972,0.54,so2,M5: AugSynth Centro (Bel. dropped),AugSynth,2024w31,2024-07-29
89,-0.25715268702033645,-0.8845146280518698,0.37020925401119686,0.486,so2,M5: AugSynth Centro (Bel. dropped),AugSynth,2024w32,2024-08-05
90,0.08292996379772521,-0.5444319772338081,0.7102919048292585,0.818,so2,M5: AugSynth Centro (Bel. dropped),AugSynth,2024w33,2024-08-12
91,0.20987351652585629,-0.417488424505677,0.8372354575573896,0.546,so2,M5: AugSynth Centro (Bel. dropped),AugSynth,2024w34,2024-08-19
92,0.546247175818583,-0.08111476521295036,1.148002507012094,0.2,so2,M5: AugSynth Centro (Bel. dropped),AugSynth,2024w35,2024-08-26
93,-0.29786392667050676,-0.9252258677020401,0.32949801436102655,0.362,so2,M5: AugSynth Centro (Bel. dropped),AugSynth,2024w36,2024-09-02
94,0.073932170652101,-0.5534297703794323,0.7012941116836343,0.824,so2,M5: AugSynth Centro (Bel. dropped),AugSynth,2024w37,2024-09-09
95,-0.08105314328477164,-0.708415084316305,0.5463087977467617,0.81,so2,M5: AugSynth Centro (Bel. dropped),AugSynth,2024w38,2024-09-16
96,0.13342248393067813,-0.4939394571008552,0.7607844249622114,0.724,so2,M5: AugSynth Centro (Bel. dropped),AugSynth,2024w39,2024-09-23
97,0.21017954718296172,-0.4171823938485716,0.837541488214495,0.52,so2,M5: AugSynth Centro (Bel. dropped),AugSynth,2024w40,2024-09-30
98,0.07074287954041703,-0.5566190614911163,0.6981048205719503,0.816,so2,M5: AugSynth Centro (Bel. dropped),AugSynth,2024w41,2024-10-07
99,-0.6451877482053634,-1.2725496892368966,0,0.078,so2,M5: AugSynth Centro (Bel. dropped),AugSynth,2024w42,2024-10-14
100,-0.15717438192700262,-0.7845363229585359,0.4701875591045307,0.647,so2,M5: AugSynth Centro (Bel. dropped),AugSynth,2024w43,2024-10-21
101,-0.3128944159920377,-0.940256357023571,0.3144675250394956,0.342,so2,M5: AugSynth Centro (Bel. dropped),AugSynth,2024w44,2024-10-28
102,0.21325605551346372,-0.4141058855180696,0.840617996544997,0.481,so2,M5: AugSynth Centro (Bel. dropped),AugSynth,2024w45,2024-11-04
103,0.014099917491484426,-0.6132620235400489,0.6414618585230177,0.965,so2,M5: AugSynth Centro (Bel. dropped),AugSynth,2024w46,2024-11-11
104,0.1440628917824609,-0.4832990492490724,0.7714248328139942,0.694,so2,M5: AugSynth Centro (Bel. dropped),AugSynth,2024w47,2024-11-18
105,0.1600124567270913,-0.467349484304442,0.7873743977586246,0.684,so2,M5: AugSynth Centro (Bel. dropped),AugSynth,2024w48,2024-11-25
106,0.21247489983212442,-0.4148870411994089,0.8398368408636577,0.543,so2,M5: AugSynth Centro (Bel. dropped),AugSynth,2024w49,2024-12-02
107,-0.08454950229954594,-0.7119114433310793,0.5428124387319874,0.802,so2,M5: AugSynth Centro (Bel. dropped),AugSynth,2024w50,2024-12-09
108,0.06929460632477569,-0.5580673347067576,0.696656547356309,0.812,so2,M5: AugSynth Centro (Bel. dropped),AugSynth,2024w51,2024-12-16
109,0.6319648601314432,0,1.2593268011629766,0.106,so2,M5: AugSynth Centro (Bel. dropped),AugSynth,2024w52,2024-12-23
110,0.07857652325881737,-0.5487854177727159,0.7059384642903507,0.84,so2,M5: AugSynth Centro (Bel. dropped),AugSynth,2025w01,2024-12-30
111,0.18233846880340376,-0.44502347222812955,0.8097004098349371,0.567,so2,M5: AugSynth Centro (Bel. dropped),AugSynth,2025w02,2025-01-06
112,0.0732141119093126,-0.5541478291222207,0.7005760529408459,0.801,so2,M5: AugSynth Centro (Bel. dropped),AugSynth,2025w03,2025-01-13
113,-0.028571041643760786,-0.6559329826752941,0.5987908993877725,0.896,so2,M5: AugSynth Centro (Bel. dropped),AugSynth,2025w04,2025-01-20
114,0.16318666204403942,-0.4641752789874939,0.7905486030755727,0.648,so2,M5: AugSynth Centro (Bel. dropped),AugSynth,2025w05,2025-01-27
115,0.6511886418554091,0,1.2785505828869423,0.068,so2,M5: AugSynth Centro (Bel. dropped),AugSynth,2025w06,2025-02-03
116,0.46408090741922914,-0.16328103361230417,1.0914428484507623,0.203,so2,M5: AugSynth Centro (Bel. dropped),AugSynth,2025w07,2025-02-10
117,0.085520369979041,-0.5418415710524923,0.7128823110105743,0.789,so2,M5: AugSynth Centro (Bel. dropped),AugSynth,2025w08,2025-02-17
118,0.19622774368890195,-0.43113419734263136,0.8235896847204353,0.557,so2,M5: AugSynth Centro (Bel. dropped),AugSynth,2025w09,2025-02-24
119,0.3613512078141041,-0.2660107332174292,0.9887131488456374,0.272,so2,M5: AugSynth Centro (Bel. dropped),AugSynth,2025w10,2025-03-03
120,0.5323368176627341,-0.0950251233687992,1.1596987586942675,0.177,so2,M5: AugSynth Centro (Bel. dropped),AugSynth,2025w11,2025-03-10
121,0.18660734098585374,-0.44075460004567957,0.813969282017387,0.606,so2,M5: AugSynth Centro (Bel. dropped),AugSynth,2025w12,2025-03-17
122,-0.11668827012861738,-0.7440502111601507,0.5106736709029159,0.739,so2,M5: AugSynth Centro (Bel. dropped),AugSynth,2025w13,2025-03-24
123,-0.7502669303820052,-1.3776288714135385,-0.1229049893504719,0.021,so2,M5: AugSynth Centro (Bel. dropped),AugSynth,2025w14,2025-03-31
124,-0.8209280538642858,-1.448289994895819,-0.1935661128327525,0.017,so2,M5: AugSynth Centro (Bel. dropped),AugSynth,2025w15,2025-04-07
125,-0.26239177384340384,-0.8897537148749372,0.36497016718812947,0.402,so2,M5: AugSynth Centro (Bel. dropped),AugSynth,2025w16,2025-04-14
126,0.0978050327425577,-0.5295569082889756,0.725166973774091,0.769,so2,M5: AugSynth Centro (Bel. dropped),AugSynth,2025w17,2025-04-21
127,0.34758650290034265,-0.27977543813119066,0.974948443931876,0.25,so2,M5: AugSynth Centro (Bel. dropped),AugSynth,2025w18,2025-04-28
128,-0.12994266831553758,-0.7573046093470709,0.49741927271599573,0.729,so2,M5: AugSynth Centro (Bel. dropped),AugSynth,2025w19,2025-05-05
129,0.1136574245873907,-0.5137045164441426,0.741019365618924,0.77,so2,M5: AugSynth Centro (Bel. dropped),AugSynth,2025w20,2025-05-12
130,0.004316439925343474,-0.6230455011061898,0.6316783809568768,1,so2,M5: AugSynth Centro (Bel. dropped),AugSynth,2025w21,2025-05-19
131,0.3737374524594026,-0.2536244885721307,1.0010993934909358,0.237,so2,M5: AugSynth Centro (Bel. dropped),AugSynth,2025w22,2025-05-26
132,0.5437011773832392,-0.08366076364829411,1.1710631184147724,0.104,so2,M5: AugSynth Centro (Bel. dropped),AugSynth,2025w23,2025-06-02
133,0.03794576737325217,-0.5894161736582811,0.6653077084047855,0.885,so2,M5: AugSynth Centro (Bel. dropped),AugSynth,2025w24,2025-06-09
134,-0.47587708730286904,-1.1032390283344022,0.15148485372866427,0.209,so2,M5: AugSynth Centro (Bel. dropped),AugSynth,2025w25,2025-06-16
1,-0.48452010052235983,NA,NA,NA,so2,M5b: AugSynth Centro (Bel. in pool),AugSynth,2022w48,2022-11-28
2,-0.22164403575369374,NA,NA,NA,so2,M5b: AugSynth Centro (Bel. in pool),AugSynth,2022w49,2022-12-05
3,-0.12475236298475467,NA,NA,NA,so2,M5b: AugSynth Centro (Bel. in pool),AugSynth,2022w50,2022-12-12
4,-0.1368941730868547,NA,NA,NA,so2,M5b: AugSynth Centro (Bel. in pool),AugSynth,2022w51,2022-12-19
5,0.13362893411169652,NA,NA,NA,so2,M5b: AugSynth Centro (Bel. in pool),AugSynth,2022w52,2022-12-26
6,0.0719328852053076,NA,NA,NA,so2,M5b: AugSynth Centro (Bel. in pool),AugSynth,2023w01,2023-01-02
7,0.23297170541865575,NA,NA,NA,so2,M5b: AugSynth Centro (Bel. in pool),AugSynth,2023w02,2023-01-09
8,0.1337171623793847,NA,NA,NA,so2,M5b: AugSynth Centro (Bel. in pool),AugSynth,2023w03,2023-01-16
9,0.17888206283569508,NA,NA,NA,so2,M5b: AugSynth Centro (Bel. in pool),AugSynth,2023w04,2023-01-23
10,-0.09026246503074797,NA,NA,NA,so2,M5b: AugSynth Centro (Bel. in pool),AugSynth,2023w05,2023-01-30
11,0.04995615138660492,NA,NA,NA,so2,M5b: AugSynth Centro (Bel. in pool),AugSynth,2023w06,2023-02-06
12,0.03382669436440611,NA,NA,NA,so2,M5b: AugSynth Centro (Bel. in pool),AugSynth,2023w07,2023-02-13
13,0.16807503266412183,NA,NA,NA,so2,M5b: AugSynth Centro (Bel. in pool),AugSynth,2023w08,2023-02-20
14,-0.14767091945640942,NA,NA,NA,so2,M5b: AugSynth Centro (Bel. in pool),AugSynth,2023w09,2023-02-27
15,0.32234920707131054,NA,NA,NA,so2,M5b: AugSynth Centro (Bel. in pool),AugSynth,2023w10,2023-03-06
16,0.3148931833624966,NA,NA,NA,so2,M5b: AugSynth Centro (Bel. in pool),AugSynth,2023w11,2023-03-13
17,0.2306667843277197,NA,NA,NA,so2,M5b: AugSynth Centro (Bel. in pool),AugSynth,2023w12,2023-03-20
18,0.3053581673707144,NA,NA,NA,so2,M5b: AugSynth Centro (Bel. in pool),AugSynth,2023w13,2023-03-27
19,0.5041468294551346,NA,NA,NA,so2,M5b: AugSynth Centro (Bel. in pool),AugSynth,2023w14,2023-04-03
20,0.24567304569540016,NA,NA,NA,so2,M5b: AugSynth Centro (Bel. in pool),AugSynth,2023w15,2023-04-10
21,0.16265847303210434,NA,NA,NA,so2,M5b: AugSynth Centro (Bel. in pool),AugSynth,2023w16,2023-04-17
22,0.07798234080526267,NA,NA,NA,so2,M5b: AugSynth Centro (Bel. in pool),AugSynth,2023w17,2023-04-24
23,-0.3630591635800542,NA,NA,NA,so2,M5b: AugSynth Centro (Bel. in pool),AugSynth,2023w18,2023-05-01
24,-0.10381154307527396,NA,NA,NA,so2,M5b: AugSynth Centro (Bel. in pool),AugSynth,2023w19,2023-05-08
25,-0.11017384822080101,NA,NA,NA,so2,M5b: AugSynth Centro (Bel. in pool),AugSynth,2023w20,2023-05-15
26,0.010401814144362032,NA,NA,NA,so2,M5b: AugSynth Centro (Bel. in pool),AugSynth,2023w21,2023-05-22
27,0.06907659047848469,NA,NA,NA,so2,M5b: AugSynth Centro (Bel. in pool),AugSynth,2023w22,2023-05-29
28,0.12688915311901883,NA,NA,NA,so2,M5b: AugSynth Centro (Bel. in pool),AugSynth,2023w23,2023-06-05
29,0.05710555092296743,NA,NA,NA,so2,M5b: AugSynth Centro (Bel. in pool),AugSynth,2023w24,2023-06-12
30,-0.06849389515495097,NA,NA,NA,so2,M5b: AugSynth Centro (Bel. in pool),AugSynth,2023w25,2023-06-19
31,-0.008034173733223904,NA,NA,NA,so2,M5b: AugSynth Centro (Bel. in pool),AugSynth,2023w26,2023-06-26
32,0.18902583009022544,NA,NA,NA,so2,M5b: AugSynth Centro (Bel. in pool),AugSynth,2023w27,2023-07-03
33,-0.016622332031488662,NA,NA,NA,so2,M5b: AugSynth Centro (Bel. in pool),AugSynth,2023w28,2023-07-10
34,0.02486566439714699,NA,NA,NA,so2,M5b: AugSynth Centro (Bel. in pool),AugSynth,2023w29,2023-07-17
35,-0.047027252526444796,NA,NA,NA,so2,M5b: AugSynth Centro (Bel. in pool),AugSynth,2023w30,2023-07-24
36,-0.3365725716951372,NA,NA,NA,so2,M5b: AugSynth Centro (Bel. in pool),AugSynth,2023w31,2023-07-31
37,-0.5671630938889013,NA,NA,NA,so2,M5b: AugSynth Centro (Bel. in pool),AugSynth,2023w32,2023-08-07
38,-0.09694599899528944,NA,NA,NA,so2,M5b: AugSynth Centro (Bel. in pool),AugSynth,2023w33,2023-08-14
39,0.06698513342684609,NA,NA,NA,so2,M5b: AugSynth Centro (Bel. in pool),AugSynth,2023w34,2023-08-21
40,-0.4191898492072532,NA,NA,NA,so2,M5b: AugSynth Centro (Bel. in pool),AugSynth,2023w35,2023-08-28
41,-0.3914410655081608,NA,NA,NA,so2,M5b: AugSynth Centro (Bel. in pool),AugSynth,2023w36,2023-09-04
42,-0.3848521338491533,NA,NA,NA,so2,M5b: AugSynth Centro (Bel. in pool),AugSynth,2023w37,2023-09-11
43,0.14157983755434067,NA,NA,NA,so2,M5b: AugSynth Centro (Bel. in pool),AugSynth,2023w38,2023-09-18
44,0.09908499744678378,NA,NA,NA,so2,M5b: AugSynth Centro (Bel. in pool),AugSynth,2023w39,2023-09-25
45,0.0299970880339826,NA,NA,NA,so2,M5b: AugSynth Centro (Bel. in pool),AugSynth,2023w40,2023-10-02
46,0.003214680930013536,NA,NA,NA,so2,M5b: AugSynth Centro (Bel. in pool),AugSynth,2023w41,2023-10-09
47,-0.1464655017591674,NA,NA,NA,so2,M5b: AugSynth Centro (Bel. in pool),AugSynth,2023w42,2023-10-16
48,0.04150145824440199,NA,NA,NA,so2,M5b: AugSynth Centro (Bel. in pool),AugSynth,2023w43,2023-10-23
49,0.4546249594531915,NA,NA,NA,so2,M5b: AugSynth Centro (Bel. in pool),AugSynth,2023w44,2023-10-30
50,-0.2751582751284829,NA,NA,NA,so2,M5b: AugSynth Centro (Bel. in pool),AugSynth,2023w45,2023-11-06
51,0.055761633305193126,NA,NA,NA,so2,M5b: AugSynth Centro (Bel. in pool),AugSynth,2023w46,2023-11-13
52,0.12880512378266507,NA,NA,NA,so2,M5b: AugSynth Centro (Bel. in pool),AugSynth,2023w47,2023-11-20
53,0.12898293498826008,-0.39900937491673855,0.6871462340306873,0.572,so2,M5b: AugSynth Centro (Bel. in pool),AugSynth,2023w48,2023-11-27
54,-0.24792960440910394,-0.7457509251766741,0.2800627054958946,0.301,so2,M5b: AugSynth Centro (Bel. in pool),AugSynth,2023w49,2023-12-04
55,0.2404644569269958,-0.2875278529780028,0.7684567668319944,0.352,so2,M5b: AugSynth Centro (Bel. in pool),AugSynth,2023w50,2023-12-11
56,0.052091764290878695,-0.44572955647669144,0.5197420959210204,0.817,so2,M5b: AugSynth Centro (Bel. in pool),AugSynth,2023w51,2023-12-18
57,0.13265397330306494,-0.4255093257393622,0.6606462832080635,0.59,so2,M5b: AugSynth Centro (Bel. in pool),AugSynth,2023w52,2023-12-25
58,0.25766503294984333,-0.2703272769551553,0.7856573428548419,0.28,so2,M5b: AugSynth Centro (Bel. in pool),AugSynth,2024w01,2024-01-01
59,0.07343281495496634,-0.4545594949500323,0.5712541357225365,0.715,so2,M5b: AugSynth Centro (Bel. in pool),AugSynth,2024w02,2024-01-08
60,0.3781869031876759,-0.21014738499217972,0.9061792130926745,0.17,so2,M5b: AugSynth Centro (Bel. in pool),AugSynth,2024w03,2024-01-15
61,0.1525624318877914,-0.4056008671546357,0.6503837526553615,0.457,so2,M5b: AugSynth Centro (Bel. in pool),AugSynth,2024w04,2024-01-22
62,0.0326823420861202,-0.46513897868144993,0.5606746519911188,0.883,so2,M5b: AugSynth Centro (Bel. in pool),AugSynth,2024w05,2024-01-29
63,0.12366226259262114,-0.4043300473123775,0.6516545724976197,0.595,so2,M5b: AugSynth Centro (Bel. in pool),AugSynth,2024w06,2024-02-05
64,0.24079405683633937,-0.25702726393123076,0.7386153776039095,0.267,so2,M5b: AugSynth Centro (Bel. in pool),AugSynth,2024w07,2024-02-12
65,0.19439699009672884,-0.3637663089456983,0.7223893000017274,0.351,so2,M5b: AugSynth Centro (Bel. in pool),AugSynth,2024w08,2024-02-19
66,0.3125549736889106,-0.18526634707865952,0.8103762944564807,0.24,so2,M5b: AugSynth Centro (Bel. in pool),AugSynth,2024w09,2024-02-26
67,0.13064039195417432,-0.3973519179508243,0.6586327018591729,0.578,so2,M5b: AugSynth Centro (Bel. in pool),AugSynth,2024w10,2024-03-04
68,0.11286027038804525,-0.3849610503795249,0.6106815911556154,0.586,so2,M5b: AugSynth Centro (Bel. in pool),AugSynth,2024w11,2024-03-11
69,-0.17098636171266213,-0.6688076824802323,0.326834959054908,0.394,so2,M5b: AugSynth Centro (Bel. in pool),AugSynth,2024w12,2024-03-18
70,0.16188950443342076,-0.33593181633414937,0.6898818143384193,0.406,so2,M5b: AugSynth Centro (Bel. in pool),AugSynth,2024w13,2024-03-25
71,0.5499900571458343,0.052168736378264136,1.0478113779134044,0.039,so2,M5b: AugSynth Centro (Bel. in pool),AugSynth,2024w14,2024-04-01
72,0.07247940798331687,-0.45551290192168176,0.570300728750887,0.741,so2,M5b: AugSynth Centro (Bel. in pool),AugSynth,2024w15,2024-04-08
73,-0.10347454300629555,-0.6012958637738657,0.424517766898703,0.635,so2,M5b: AugSynth Centro (Bel. in pool),AugSynth,2024w16,2024-04-15
74,0.09529823486163491,-0.4025230859059352,0.593119555629205,0.661,so2,M5b: AugSynth Centro (Bel. in pool),AugSynth,2024w17,2024-04-22
75,-0.16755231339842913,-0.6352026450285708,0.330269007369141,0.407,so2,M5b: AugSynth Centro (Bel. in pool),AugSynth,2024w18,2024-04-29
76,0.025140614521104387,-0.47268070624646574,0.4927909461512461,0.924,so2,M5b: AugSynth Centro (Bel. in pool),AugSynth,2024w19,2024-05-06
77,-0.3329573734080231,-0.9212916615878788,0.19503493649697545,0.189,so2,M5b: AugSynth Centro (Bel. in pool),AugSynth,2024w20,2024-05-13
78,-0.7985780094726039,-1.3265703193776024,-0.3007566887050337,0.025,so2,M5b: AugSynth Centro (Bel. in pool),AugSynth,2024w21,2024-05-20
79,-0.5217436743485515,-1.04973598425355,-0.02392235358098138,0.041,so2,M5b: AugSynth Centro (Bel. in pool),AugSynth,2024w22,2024-05-27
80,-0.6757657455952032,-1.1735870663627734,-0.14777343569020474,0.016,so2,M5b: AugSynth Centro (Bel. in pool),AugSynth,2024w23,2024-06-03
81,-0.36785766398146125,-0.8656789847490314,0.16013464592353732,0.176,so2,M5b: AugSynth Centro (Bel. in pool),AugSynth,2024w24,2024-06-10
82,-0.4430546425068873,-0.9408759632744574,0.05476667826068282,0.085,so2,M5b: AugSynth Centro (Bel. in pool),AugSynth,2024w25,2024-06-17
83,-0.08963074497228263,-0.5874520657398528,0.37801958665785906,0.693,so2,M5b: AugSynth Centro (Bel. in pool),AugSynth,2024w26,2024-06-24
84,-0.12283425860831776,-0.6206555793758879,0.37498706215925237,0.565,so2,M5b: AugSynth Centro (Bel. in pool),AugSynth,2024w27,2024-07-01
85,-0.4542611167913888,-0.9822534266963874,0.07373119311360976,0.101,so2,M5b: AugSynth Centro (Bel. in pool),AugSynth,2024w28,2024-07-08
86,-0.28394666034189675,-0.7817679811094669,0.21387466042567338,0.242,so2,M5b: AugSynth Centro (Bel. in pool),AugSynth,2024w29,2024-07-15
87,-0.3248587653417019,-0.822680086109272,0.2031335445632967,0.188,so2,M5b: AugSynth Centro (Bel. in pool),AugSynth,2024w30,2024-07-22
88,-0.1509729616309985,-0.6789652715359971,0.3770193482740001,0.42,so2,M5b: AugSynth Centro (Bel. in pool),AugSynth,2024w31,2024-07-29
89,-0.28614170962508667,-0.7839630303926568,0.21167961114248346,0.257,so2,M5b: AugSynth Centro (Bel. in pool),AugSynth,2024w32,2024-08-05
90,-0.014367725206745785,-0.5423600351117444,0.48345359556082435,0.954,so2,M5b: AugSynth Centro (Bel. in pool),AugSynth,2024w33,2024-08-12
91,0.17832331145520075,-0.3194980093123694,0.6761446322227709,0.373,so2,M5b: AugSynth Centro (Bel. in pool),AugSynth,2024w34,2024-08-19
92,0.42854027159160735,-0.09945203831339128,0.9263615923591775,0.106,so2,M5b: AugSynth Centro (Bel. in pool),AugSynth,2024w35,2024-08-26
93,-0.12042318568716626,-0.6182445064547364,0.34722714594297543,0.581,so2,M5b: AugSynth Centro (Bel. in pool),AugSynth,2024w36,2024-09-02
94,-0.009342359643822906,-0.507163680411393,0.4583079719863188,0.958,so2,M5b: AugSynth Centro (Bel. in pool),AugSynth,2024w37,2024-09-09
95,-0.0302733148494867,-0.5582656247544853,0.46754800591808343,0.898,so2,M5b: AugSynth Centro (Bel. in pool),AugSynth,2024w38,2024-09-16
96,0.1525355663995258,-0.3452857543680443,0.6503568871670959,0.459,so2,M5b: AugSynth Centro (Bel. in pool),AugSynth,2024w39,2024-09-23
97,0.10301522397380625,-0.3948060967937639,0.6008365447413764,0.622,so2,M5b: AugSynth Centro (Bel. in pool),AugSynth,2024w40,2024-09-30
98,-0.1289682388903981,-0.6267895596579682,0.42919506015202913,0.578,so2,M5b: AugSynth Centro (Bel. in pool),AugSynth,2024w41,2024-10-07
99,-0.6030530038451634,-1.131045313750162,-0.07506069394016479,0.01,so2,M5b: AugSynth Centro (Bel. in pool),AugSynth,2024w42,2024-10-14
100,-0.4279717009808912,-0.9257930217484613,0.10002060892410736,0.125,so2,M5b: AugSynth Centro (Bel. in pool),AugSynth,2024w43,2024-10-21
101,-0.2722847736639131,-0.7701060944314833,0.25570753624108544,0.266,so2,M5b: AugSynth Centro (Bel. in pool),AugSynth,2024w44,2024-10-28
102,0.04647680653617492,-0.4513445142313952,0.544298127303745,0.842,so2,M5b: AugSynth Centro (Bel. in pool),AugSynth,2024w45,2024-11-04
103,-0.006757790427781796,-0.5045791111953519,0.49106353033978833,0.986,so2,M5b: AugSynth Centro (Bel. in pool),AugSynth,2024w46,2024-11-11
104,0.012024355071922788,-0.48579696569564734,0.5098456758394929,0.939,so2,M5b: AugSynth Centro (Bel. in pool),AugSynth,2024w47,2024-11-18
105,-0.03464438951626203,-0.5324657102838322,0.49334792038873654,0.879,so2,M5b: AugSynth Centro (Bel. in pool),AugSynth,2024w48,2024-11-25
106,0.28640571227918055,-0.24158659762581808,0.7540560439093222,0.267,so2,M5b: AugSynth Centro (Bel. in pool),AugSynth,2024w49,2024-12-02
107,0.1250886205923678,-0.4330746784500593,0.6530809304973664,0.586,so2,M5b: AugSynth Centro (Bel. in pool),AugSynth,2024w50,2024-12-09
108,0.1847562556526101,-0.31306506511496,0.6825775764201802,0.359,so2,M5b: AugSynth Centro (Bel. in pool),AugSynth,2024w51,2024-12-16
109,0.34362552072163677,-0.15419580004593336,0.8716178306266353,0.172,so2,M5b: AugSynth Centro (Bel. in pool),AugSynth,2024w52,2024-12-23
110,0.2105562084083783,-0.3174361014966203,0.7687195074508055,0.335,so2,M5b: AugSynth Centro (Bel. in pool),AugSynth,2025w01,2024-12-30
111,0.20611608870131581,-0.2917052320662543,0.7341083986063144,0.343,so2,M5b: AugSynth Centro (Bel. in pool),AugSynth,2025w02,2025-01-06
112,0.19488122236974914,-0.2727691092603925,0.6927025431373193,0.317,so2,M5b: AugSynth Centro (Bel. in pool),AugSynth,2025w03,2025-01-13
113,0.17076912656699839,-0.32705219420057174,0.698761436471997,0.355,so2,M5b: AugSynth Centro (Bel. in pool),AugSynth,2025w04,2025-01-20
114,0.3145160887446199,-0.18330523202295024,0.8425083986496185,0.218,so2,M5b: AugSynth Centro (Bel. in pool),AugSynth,2025w05,2025-01-27
115,0.5263924952075802,0.028571174440010116,1.0543848051125788,0.036,so2,M5b: AugSynth Centro (Bel. in pool),AugSynth,2025w06,2025-02-03
116,1.181105448142782,0.5927711599629264,1.7392687471852093,0.021,so2,M5b: AugSynth Centro (Bel. in pool),AugSynth,2025w07,2025-02-10
117,0.5185708591179511,-0.06976342906190452,1.0767341581603782,0.087,so2,M5b: AugSynth Centro (Bel. in pool),AugSynth,2025w08,2025-02-17
118,0.5822356132768355,0.08441429250926535,1.0800569340444057,0.04,so2,M5b: AugSynth Centro (Bel. in pool),AugSynth,2025w09,2025-02-24
119,0.865967139028222,0.27763285084836636,1.3939594489332205,0.022,so2,M5b: AugSynth Centro (Bel. in pool),AugSynth,2025w10,2025-03-03
120,0.9218180570661794,0.36365475802375224,1.4196393778337495,0.022,so2,M5b: AugSynth Centro (Bel. in pool),AugSynth,2025w11,2025-03-10
121,0.3639852799994703,-0.16400702990552835,0.8919775899044688,0.191,so2,M5b: AugSynth Centro (Bel. in pool),AugSynth,2025w12,2025-03-17
122,0.06781228967832176,-0.46018002022667687,0.5958045995833203,0.778,so2,M5b: AugSynth Centro (Bel. in pool),AugSynth,2025w13,2025-03-24
123,-0.563226434144687,-1.0912187440496854,-0.06540511337711674,0.047,so2,M5b: AugSynth Centro (Bel. in pool),AugSynth,2025w14,2025-03-31
124,-0.6041380164243697,-1.1019593371919398,-0.13648768479422801,0.022,so2,M5b: AugSynth Centro (Bel. in pool),AugSynth,2025w15,2025-04-07
125,-0.026439926779455503,-0.5242612475470256,0.4713813939881146,0.908,so2,M5b: AugSynth Centro (Bel. in pool),AugSynth,2025w16,2025-04-14
126,0.11943142714090049,-0.34821890448924114,0.6172527479084706,0.559,so2,M5b: AugSynth Centro (Bel. in pool),AugSynth,2025w17,2025-04-21
127,0.477508376796026,-0.02031294397154415,0.9753296975635961,0.078,so2,M5b: AugSynth Centro (Bel. in pool),AugSynth,2025w18,2025-04-28
128,0.061589027352677794,-0.43623229341489234,0.5594103481202479,0.757,so2,M5b: AugSynth Centro (Bel. in pool),AugSynth,2025w19,2025-05-05
129,0.39000532257145903,-0.16815797647096808,0.9179976324764576,0.134,so2,M5b: AugSynth Centro (Bel. in pool),AugSynth,2025w20,2025-05-12
130,0.3274066642603055,-0.17041465650726462,0.8553989741653041,0.199,so2,M5b: AugSynth Centro (Bel. in pool),AugSynth,2025w21,2025-05-19
131,0.7048232861025842,0.20700196533501403,1.2026446068701544,0.025,so2,M5b: AugSynth Centro (Bel. in pool),AugSynth,2025w22,2025-05-26
132,0.7489196227236621,0.25109830195609195,1.2165699543538038,0.021,so2,M5b: AugSynth Centro (Bel. in pool),AugSynth,2025w23,2025-06-02
133,0.37713945112337255,-0.15085285878162608,0.8749607718909427,0.172,so2,M5b: AugSynth Centro (Bel. in pool),AugSynth,2025w24,2025-06-09
134,0.11102619971304284,-0.4169661101919558,0.6390185096180414,0.632,so2,M5b: AugSynth Centro (Bel. in pool),AugSynth,2025w25,2025-06-16
1,0.20953479941158304,NA,NA,NA,so2,M6: AugSynth Belisario (Centro dropped),AugSynth,2022w48,2022-11-28
2,0.0660643130042109,NA,NA,NA,so2,M6: AugSynth Belisario (Centro dropped),AugSynth,2022w49,2022-12-05
3,-0.14442889459357588,NA,NA,NA,so2,M6: AugSynth Belisario (Centro dropped),AugSynth,2022w50,2022-12-12
4,-0.08748576558575372,NA,NA,NA,so2,M6: AugSynth Belisario (Centro dropped),AugSynth,2022w51,2022-12-19
5,-0.4577574325637701,NA,NA,NA,so2,M6: AugSynth Belisario (Centro dropped),AugSynth,2022w52,2022-12-26
6,-0.24413261539290088,NA,NA,NA,so2,M6: AugSynth Belisario (Centro dropped),AugSynth,2023w01,2023-01-02
7,-0.16719456824429346,NA,NA,NA,so2,M6: AugSynth Belisario (Centro dropped),AugSynth,2023w02,2023-01-09
8,-0.22347741549914768,NA,NA,NA,so2,M6: AugSynth Belisario (Centro dropped),AugSynth,2023w03,2023-01-16
9,-0.325113459947151,NA,NA,NA,so2,M6: AugSynth Belisario (Centro dropped),AugSynth,2023w04,2023-01-23
10,0.15634146189598574,NA,NA,NA,so2,M6: AugSynth Belisario (Centro dropped),AugSynth,2023w05,2023-01-30
11,0.11780829067906562,NA,NA,NA,so2,M6: AugSynth Belisario (Centro dropped),AugSynth,2023w06,2023-02-06
12,0.17594731847157608,NA,NA,NA,so2,M6: AugSynth Belisario (Centro dropped),AugSynth,2023w07,2023-02-13
13,0.10338239883533085,NA,NA,NA,so2,M6: AugSynth Belisario (Centro dropped),AugSynth,2023w08,2023-02-20
14,0.02868657766190319,NA,NA,NA,so2,M6: AugSynth Belisario (Centro dropped),AugSynth,2023w09,2023-02-27
15,0.3029186077610244,NA,NA,NA,so2,M6: AugSynth Belisario (Centro dropped),AugSynth,2023w10,2023-03-06
16,0.07963360796953634,NA,NA,NA,so2,M6: AugSynth Belisario (Centro dropped),AugSynth,2023w11,2023-03-13
17,0.01836760237336943,NA,NA,NA,so2,M6: AugSynth Belisario (Centro dropped),AugSynth,2023w12,2023-03-20
18,0.2194013418413423,NA,NA,NA,so2,M6: AugSynth Belisario (Centro dropped),AugSynth,2023w13,2023-03-27
19,0.1744289805726491,NA,NA,NA,so2,M6: AugSynth Belisario (Centro dropped),AugSynth,2023w14,2023-04-03
20,0.15073841625230622,NA,NA,NA,so2,M6: AugSynth Belisario (Centro dropped),AugSynth,2023w15,2023-04-10
21,0.1868183899584459,NA,NA,NA,so2,M6: AugSynth Belisario (Centro dropped),AugSynth,2023w16,2023-04-17
22,0.12065238518948251,NA,NA,NA,so2,M6: AugSynth Belisario (Centro dropped),AugSynth,2023w17,2023-04-24
23,-0.17571555321422383,NA,NA,NA,so2,M6: AugSynth Belisario (Centro dropped),AugSynth,2023w18,2023-05-01
24,-0.03638372648399546,NA,NA,NA,so2,M6: AugSynth Belisario (Centro dropped),AugSynth,2023w19,2023-05-08
25,0.12719562245415528,NA,NA,NA,so2,M6: AugSynth Belisario (Centro dropped),AugSynth,2023w20,2023-05-15
26,0.30655439120719863,NA,NA,NA,so2,M6: AugSynth Belisario (Centro dropped),AugSynth,2023w21,2023-05-22
27,0.22038399924769303,NA,NA,NA,so2,M6: AugSynth Belisario (Centro dropped),AugSynth,2023w22,2023-05-29
28,0.2352772684527138,NA,NA,NA,so2,M6: AugSynth Belisario (Centro dropped),AugSynth,2023w23,2023-06-05
29,0.09033234080881458,NA,NA,NA,so2,M6: AugSynth Belisario (Centro dropped),AugSynth,2023w24,2023-06-12
30,0.11586388971504058,NA,NA,NA,so2,M6: AugSynth Belisario (Centro dropped),AugSynth,2023w25,2023-06-19
31,0.10038445184184552,NA,NA,NA,so2,M6: AugSynth Belisario (Centro dropped),AugSynth,2023w26,2023-06-26
32,0.20836404634125683,NA,NA,NA,so2,M6: AugSynth Belisario (Centro dropped),AugSynth,2023w27,2023-07-03
33,0.09119471329847917,NA,NA,NA,so2,M6: AugSynth Belisario (Centro dropped),AugSynth,2023w28,2023-07-10
34,0.4164670112691442,NA,NA,NA,so2,M6: AugSynth Belisario (Centro dropped),AugSynth,2023w29,2023-07-17
35,0.16783197407560935,NA,NA,NA,so2,M6: AugSynth Belisario (Centro dropped),AugSynth,2023w30,2023-07-24
36,0.26064944958156167,NA,NA,NA,so2,M6: AugSynth Belisario (Centro dropped),AugSynth,2023w31,2023-07-31
37,-0.23386938114600309,NA,NA,NA,so2,M6: AugSynth Belisario (Centro dropped),AugSynth,2023w32,2023-08-07
38,-0.08688167390581802,NA,NA,NA,so2,M6: AugSynth Belisario (Centro dropped),AugSynth,2023w33,2023-08-14
39,-0.07861389113461992,NA,NA,NA,so2,M6: AugSynth Belisario (Centro dropped),AugSynth,2023w34,2023-08-21
40,-0.09140112974289205,NA,NA,NA,so2,M6: AugSynth Belisario (Centro dropped),AugSynth,2023w35,2023-08-28
41,-0.11470641988345864,NA,NA,NA,so2,M6: AugSynth Belisario (Centro dropped),AugSynth,2023w36,2023-09-04
42,-0.2279242815764433,NA,NA,NA,so2,M6: AugSynth Belisario (Centro dropped),AugSynth,2023w37,2023-09-11
43,-0.03801188700017932,NA,NA,NA,so2,M6: AugSynth Belisario (Centro dropped),AugSynth,2023w38,2023-09-18
44,0.10936327239610155,NA,NA,NA,so2,M6: AugSynth Belisario (Centro dropped),AugSynth,2023w39,2023-09-25
45,0.3047331157614732,NA,NA,NA,so2,M6: AugSynth Belisario (Centro dropped),AugSynth,2023w40,2023-10-02
46,-0.578476407689128,NA,NA,NA,so2,M6: AugSynth Belisario (Centro dropped),AugSynth,2023w41,2023-10-09
47,-0.17310037274240075,NA,NA,NA,so2,M6: AugSynth Belisario (Centro dropped),AugSynth,2023w42,2023-10-16
48,-0.35873467390664615,NA,NA,NA,so2,M6: AugSynth Belisario (Centro dropped),AugSynth,2023w43,2023-10-23
49,-0.1050237305227324,NA,NA,NA,so2,M6: AugSynth Belisario (Centro dropped),AugSynth,2023w44,2023-10-30
50,-0.5825633115757007,NA,NA,NA,so2,M6: AugSynth Belisario (Centro dropped),AugSynth,2023w45,2023-11-06
51,-0.10869964933825349,NA,NA,NA,so2,M6: AugSynth Belisario (Centro dropped),AugSynth,2023w46,2023-11-13
52,-0.16599062499068307,NA,NA,NA,so2,M6: AugSynth Belisario (Centro dropped),AugSynth,2023w47,2023-11-20
53,-0.2899097600186167,-0.8678798106963779,0.2880602906591445,0.188,so2,M6: AugSynth Belisario (Centro dropped),AugSynth,2023w48,2023-11-27
54,-0.030486035860434857,-0.608456086538196,0.5474840148173263,0.982,so2,M6: AugSynth Belisario (Centro dropped),AugSynth,2023w49,2023-12-04
55,-0.35580381835579655,-0.9337738690335577,0.1985756180085867,0.102,so2,M6: AugSynth Belisario (Centro dropped),AugSynth,2023w50,2023-12-11
56,0.05640155597940155,-0.5215684946983596,0.6107809923437848,0.926,so2,M6: AugSynth Belisario (Centro dropped),AugSynth,2023w51,2023-12-18
57,-0.13415323678526303,-0.7121232874630242,0.44381681389249816,0.607,so2,M6: AugSynth Belisario (Centro dropped),AugSynth,2023w52,2023-12-25
58,-0.028987349658301964,-0.6069574003360632,0.5489827010194592,0.985,so2,M6: AugSynth Belisario (Centro dropped),AugSynth,2024w01,2024-01-01
59,-0.14724782692588434,-0.7252178776036455,0.43072222375187685,0.593,so2,M6: AugSynth Belisario (Centro dropped),AugSynth,2024w02,2024-01-08
60,-0.46236805154189975,-1.040338102219661,0.11560199913586144,0.072,so2,M6: AugSynth Belisario (Centro dropped),AugSynth,2024w03,2024-01-15
61,-0.266942920266799,-0.8449129709445602,0.28743651609758425,0.195,so2,M6: AugSynth Belisario (Centro dropped),AugSynth,2024w04,2024-01-22
62,-0.1440340928373105,-0.7220041435150717,0.4339359578404507,0.597,so2,M6: AugSynth Belisario (Centro dropped),AugSynth,2024w05,2024-01-29
63,-0.3435834158930633,-0.8743722379440685,0.2343866347846979,0.123,so2,M6: AugSynth Belisario (Centro dropped),AugSynth,2024w06,2024-02-05
64,-0.35537100712423264,-0.9333410578019938,0.1990084292401506,0.122,so2,M6: AugSynth Belisario (Centro dropped),AugSynth,2024w07,2024-02-12
65,-0.4202866486492822,-0.9982566993270434,0.15768340202847897,0.09,so2,M6: AugSynth Belisario (Centro dropped),AugSynth,2024w08,2024-02-19
66,-0.15108352267278713,-0.7290535733505483,0.4032959136915961,0.545,so2,M6: AugSynth Belisario (Centro dropped),AugSynth,2024w09,2024-02-26
67,-0.25709626635867977,-0.835066317036441,0.3208737843190814,0.203,so2,M6: AugSynth Belisario (Centro dropped),AugSynth,2024w10,2024-03-04
68,-0.15116668307251913,-0.7291367337502803,0.42680336760524207,0.592,so2,M6: AugSynth Belisario (Centro dropped),AugSynth,2024w11,2024-03-11
69,0.13307975994239762,-0.44489029073536357,0.7110498106201588,0.592,so2,M6: AugSynth Belisario (Centro dropped),AugSynth,2024w12,2024-03-18
70,0.25613516073001175,-0.32183488994774945,0.8341052114077729,0.233,so2,M6: AugSynth Belisario (Centro dropped),AugSynth,2024w13,2024-03-25
71,-0.06823389303113392,-0.6462039437088951,0.48614554333324933,0.924,so2,M6: AugSynth Belisario (Centro dropped),AugSynth,2024w14,2024-04-01
72,-0.48727762900919713,-1.0652476796869583,0.06710180735518612,0.062,so2,M6: AugSynth Belisario (Centro dropped),AugSynth,2024w15,2024-04-08
73,0.12966786714000067,-0.4483021835377605,0.6840473035043839,0.605,so2,M6: AugSynth Belisario (Centro dropped),AugSynth,2024w16,2024-04-15
74,-0.11745722583298401,-0.6954272765107452,0.4605128248447772,0.666,so2,M6: AugSynth Belisario (Centro dropped),AugSynth,2024w17,2024-04-22
75,0.024082064949962456,-0.5538879857277987,0.5784615013143457,0.98,so2,M6: AugSynth Belisario (Centro dropped),AugSynth,2024w18,2024-04-29
76,-0.059347229334547835,-0.637317280012309,0.47144159271645725,0.938,so2,M6: AugSynth Belisario (Centro dropped),AugSynth,2024w19,2024-05-06
77,-0.03947524424323001,-0.6174452949209912,0.5384948064345312,0.936,so2,M6: AugSynth Belisario (Centro dropped),AugSynth,2024w20,2024-05-13
78,-0.12532900829299476,-0.6797084446573779,0.4054598137580103,0.637,so2,M6: AugSynth Belisario (Centro dropped),AugSynth,2024w21,2024-05-20
79,-0.13848506368712066,-0.7164551143648819,0.43948498699064054,0.585,so2,M6: AugSynth Belisario (Centro dropped),AugSynth,2024w22,2024-05-27
80,0.42185910001213134,-0.15611095066562986,0.9998291506898925,0.074,so2,M6: AugSynth Belisario (Centro dropped),AugSynth,2024w23,2024-06-03
81,0.5517907920475055,-0.02617925863025572,1.1297608427252666,0.061,so2,M6: AugSynth Belisario (Centro dropped),AugSynth,2024w24,2024-06-10
82,0.1198672124840654,-0.4581028381936958,0.6978372631618266,0.624,so2,M6: AugSynth Belisario (Centro dropped),AugSynth,2024w25,2024-06-17
83,0.10902305517060773,-0.46894699550715346,0.663402491534991,0.718,so2,M6: AugSynth Belisario (Centro dropped),AugSynth,2024w26,2024-06-24
84,0.02704234548683071,-0.5509277051909305,0.581421781851214,0.979,so2,M6: AugSynth Belisario (Centro dropped),AugSynth,2024w27,2024-07-01
85,-0.14726362562009232,-0.7252336762978535,0.4307064250576689,0.572,so2,M6: AugSynth Belisario (Centro dropped),AugSynth,2024w28,2024-07-08
86,0.01334740451484584,-0.5410320318495373,0.591317455192607,1,so2,M6: AugSynth Belisario (Centro dropped),AugSynth,2024w29,2024-07-15
87,0.21752392910080642,-0.36044612157695477,0.7954939797785676,0.33,so2,M6: AugSynth Belisario (Centro dropped),AugSynth,2024w30,2024-07-22
88,0.5689606558652404,-0.009009394812520832,1.1233400922296237,0.05,so2,M6: AugSynth Belisario (Centro dropped),AugSynth,2024w31,2024-07-29
89,0.13434096919260385,-0.44362908148515734,0.712311019870365,0.569,so2,M6: AugSynth Belisario (Centro dropped),AugSynth,2024w32,2024-08-05
90,0.13835075633351002,-0.4160286800308732,0.7163208070112712,0.585,so2,M6: AugSynth Belisario (Centro dropped),AugSynth,2024w33,2024-08-12
91,0.07677911170711393,-0.5011909389706473,0.6547491623848751,0.906,so2,M6: AugSynth Belisario (Centro dropped),AugSynth,2024w34,2024-08-19
92,0.19002427385777354,-0.38794577681998765,0.7679943245355347,0.394,so2,M6: AugSynth Belisario (Centro dropped),AugSynth,2024w35,2024-08-26
93,-0.22710879457463262,-0.8050788452523938,0.3272706417897506,0.319,so2,M6: AugSynth Belisario (Centro dropped),AugSynth,2024w36,2024-09-02
94,0.11249442575434632,-0.4654756249234149,0.6904644764321075,0.676,so2,M6: AugSynth Belisario (Centro dropped),AugSynth,2024w37,2024-09-09
95,0.011566764737450663,-0.5664032859403105,0.5895368154152119,1,so2,M6: AugSynth Belisario (Centro dropped),AugSynth,2024w38,2024-09-16
96,-0.03335682274258289,-0.6113268734203441,0.5210226136218004,0.959,so2,M6: AugSynth Belisario (Centro dropped),AugSynth,2024w39,2024-09-23
97,0.16983278068879182,-0.4081372699889694,0.7242122170531751,0.556,so2,M6: AugSynth Belisario (Centro dropped),AugSynth,2024w40,2024-09-30
98,0.2607367087612087,-0.3172333419165525,0.8387067594389699,0.236,so2,M6: AugSynth Belisario (Centro dropped),AugSynth,2024w41,2024-10-07
99,-0.06627661174636557,-0.6442466624241268,0.5116934389313956,0.914,so2,M6: AugSynth Belisario (Centro dropped),AugSynth,2024w42,2024-10-14
100,0.3155341183391731,-0.2624359323385881,0.8699135547035564,0.17,so2,M6: AugSynth Belisario (Centro dropped),AugSynth,2024w43,2024-10-21
101,-0.015232381309548737,-0.5932024319873099,0.5627376693682125,1,so2,M6: AugSynth Belisario (Centro dropped),AugSynth,2024w44,2024-10-28
102,0.24339328187120346,-0.33457676880655773,0.8213633325489647,0.228,so2,M6: AugSynth Belisario (Centro dropped),AugSynth,2024w45,2024-11-04
103,0.04028192232641903,-0.5140975140379641,0.5946613586908023,0.924,so2,M6: AugSynth Belisario (Centro dropped),AugSynth,2024w46,2024-11-11
104,0.20898303850630207,-0.36898701217145913,0.7633624748706853,0.388,so2,M6: AugSynth Belisario (Centro dropped),AugSynth,2024w47,2024-11-18
105,0.24642454876758935,-0.33154550191017185,0.8008039851319726,0.228,so2,M6: AugSynth Belisario (Centro dropped),AugSynth,2024w48,2024-11-25
106,-0.024966888720266533,-0.6029369393980277,0.5530031619574947,0.976,so2,M6: AugSynth Belisario (Centro dropped),AugSynth,2024w49,2024-12-02
107,-0.20153638363261184,-0.779506434310373,0.37643366704514936,0.434,so2,M6: AugSynth Belisario (Centro dropped),AugSynth,2024w50,2024-12-09
108,-0.15153402272325578,-0.729504073401017,0.4264360279545054,0.58,so2,M6: AugSynth Belisario (Centro dropped),AugSynth,2024w51,2024-12-16
109,0.37750855659878035,-0.20046149407898084,0.9318879929631636,0.1,so2,M6: AugSynth Belisario (Centro dropped),AugSynth,2024w52,2024-12-23
110,-0.16813809627195675,-0.7461081469497179,0.40983195440580444,0.548,so2,M6: AugSynth Belisario (Centro dropped),AugSynth,2025w01,2024-12-30
111,-0.045701918829482935,-0.6236719695072441,0.5086775175349003,0.937,so2,M6: AugSynth Belisario (Centro dropped),AugSynth,2025w02,2025-01-06
112,-0.12455716069872613,-0.6789365970631093,0.4298222756656571,0.608,so2,M6: AugSynth Belisario (Centro dropped),AugSynth,2025w03,2025-01-13
113,-0.30454043485472293,-0.8825104855324841,0.27342961582303826,0.164,so2,M6: AugSynth Belisario (Centro dropped),AugSynth,2025w04,2025-01-20
114,-0.19272787265597002,-0.7471073090203532,0.38524217802179117,0.398,so2,M6: AugSynth Belisario (Centro dropped),AugSynth,2025w05,2025-01-27
115,0.13299644735361116,-0.44497360332415004,0.7109664980313724,0.615,so2,M6: AugSynth Belisario (Centro dropped),AugSynth,2025w06,2025-02-03
116,-0.929715760077292,-1.5076858107550533,-0.3753363237129088,0.011,so2,M6: AugSynth Belisario (Centro dropped),AugSynth,2025w07,2025-02-10
117,-0.49576824457257773,-1.073738295250339,0.08220180610518346,0.05,so2,M6: AugSynth Belisario (Centro dropped),AugSynth,2025w08,2025-02-17
118,-0.4446861880508115,-0.9990656244151946,0.1332838626269497,0.084,so2,M6: AugSynth Belisario (Centro dropped),AugSynth,2025w09,2025-02-24
119,-0.5834886236396667,-1.1614586743174278,-0.005518572961905499,0.046,so2,M6: AugSynth Belisario (Centro dropped),AugSynth,2025w10,2025-03-03
120,-0.42153820271379483,-0.999508253391556,0.15643184796396636,0.101,so2,M6: AugSynth Belisario (Centro dropped),AugSynth,2025w11,2025-03-10
121,-0.18718758890591947,-0.7651576395836807,0.3671918474584638,0.412,so2,M6: AugSynth Belisario (Centro dropped),AugSynth,2025w12,2025-03-17
122,-0.1773932824597524,-0.7553633331375136,0.37698615390463086,0.479,so2,M6: AugSynth Belisario (Centro dropped),AugSynth,2025w13,2025-03-24
123,-0.20795240402176574,-0.7859224546995269,0.37001764665599546,0.379,so2,M6: AugSynth Belisario (Centro dropped),AugSynth,2025w14,2025-03-31
124,-0.2843892321196009,-0.8623592827973621,0.2699902042447824,0.19,so2,M6: AugSynth Belisario (Centro dropped),AugSynth,2025w15,2025-04-07
125,-0.3152195737301058,-0.893189624407867,0.23915986263427746,0.168,so2,M6: AugSynth Belisario (Centro dropped),AugSynth,2025w16,2025-04-14
126,-0.024754310707949312,-0.5791337470723324,0.5296251256564339,0.986,so2,M6: AugSynth Belisario (Centro dropped),AugSynth,2025w17,2025-04-21
127,-0.14636905117985832,-0.7243391018576195,0.43160099949790287,0.587,so2,M6: AugSynth Belisario (Centro dropped),AugSynth,2025w18,2025-04-28
128,-0.25082345312917287,-0.8287935038069341,0.3035559832352104,0.211,so2,M6: AugSynth Belisario (Centro dropped),AugSynth,2025w19,2025-05-05
129,-0.3720125319309734,-0.9263919682953565,0.2059575187467878,0.094,so2,M6: AugSynth Belisario (Centro dropped),AugSynth,2025w20,2025-05-12
130,-0.4159661503932355,-0.9939362010709967,0.16200390028452571,0.087,so2,M6: AugSynth Belisario (Centro dropped),AugSynth,2025w21,2025-05-19
131,-0.45363617938103984,-1.031606230058801,0.07715264266996535,0.079,so2,M6: AugSynth Belisario (Centro dropped),AugSynth,2025w22,2025-05-26
132,-0.28923253524027537,-0.8672025859180366,0.2651469011241079,0.185,so2,M6: AugSynth Belisario (Centro dropped),AugSynth,2025w23,2025-06-02
133,-0.43376397283403945,-1.0117340235118006,0.14420607784372175,0.082,so2,M6: AugSynth Belisario (Centro dropped),AugSynth,2025w24,2025-06-09
134,-0.7444336418050097,-1.322403692482771,-0.19005420544062646,0.019,so2,M6: AugSynth Belisario (Centro dropped),AugSynth,2025w25,2025-06-16
1,-0.02680312348024061,NA,NA,NA,so2,M7: AugSynth_FE Centro+Belisario,AugSynth_FE,2022w48,2022-11-28
2,-0.08621453289974124,NA,NA,NA,so2,M7: AugSynth_FE Centro+Belisario,AugSynth_FE,2022w49,2022-12-05
3,-0.20441083897148382,NA,NA,NA,so2,M7: AugSynth_FE Centro+Belisario,AugSynth_FE,2022w50,2022-12-12
4,-0.09096969374174546,NA,NA,NA,so2,M7: AugSynth_FE Centro+Belisario,AugSynth_FE,2022w51,2022-12-19
5,-0.34051092163040186,NA,NA,NA,so2,M7: AugSynth_FE Centro+Belisario,AugSynth_FE,2022w52,2022-12-26
6,-0.18959372553596854,NA,NA,NA,so2,M7: AugSynth_FE Centro+Belisario,AugSynth_FE,2023w01,2023-01-02
7,-0.06314843016168847,NA,NA,NA,so2,M7: AugSynth_FE Centro+Belisario,AugSynth_FE,2023w02,2023-01-09
8,-0.12417481618883985,NA,NA,NA,so2,M7: AugSynth_FE Centro+Belisario,AugSynth_FE,2023w03,2023-01-16
9,-0.20794703157767747,NA,NA,NA,so2,M7: AugSynth_FE Centro+Belisario,AugSynth_FE,2023w04,2023-01-23
10,0.10751132854255019,NA,NA,NA,so2,M7: AugSynth_FE Centro+Belisario,AugSynth_FE,2023w05,2023-01-30
11,0.1227372092921819,NA,NA,NA,so2,M7: AugSynth_FE Centro+Belisario,AugSynth_FE,2023w06,2023-02-06
12,0.17726974026727205,NA,NA,NA,so2,M7: AugSynth_FE Centro+Belisario,AugSynth_FE,2023w07,2023-02-13
13,0.1655390622752302,NA,NA,NA,so2,M7: AugSynth_FE Centro+Belisario,AugSynth_FE,2023w08,2023-02-20
14,-0.05712529871193617,NA,NA,NA,so2,M7: AugSynth_FE Centro+Belisario,AugSynth_FE,2023w09,2023-02-27
15,0.3987691199262118,NA,NA,NA,so2,M7: AugSynth_FE Centro+Belisario,AugSynth_FE,2023w10,2023-03-06
16,0.17873832280268687,NA,NA,NA,so2,M7: AugSynth_FE Centro+Belisario,AugSynth_FE,2023w11,2023-03-13
17,0.09194918272798747,NA,NA,NA,so2,M7: AugSynth_FE Centro+Belisario,AugSynth_FE,2023w12,2023-03-20
18,0.33625746363690645,NA,NA,NA,so2,M7: AugSynth_FE Centro+Belisario,AugSynth_FE,2023w13,2023-03-27
19,0.4616043683516329,NA,NA,NA,so2,M7: AugSynth_FE Centro+Belisario,AugSynth_FE,2023w14,2023-04-03
20,0.25382351668022407,NA,NA,NA,so2,M7: AugSynth_FE Centro+Belisario,AugSynth_FE,2023w15,2023-04-10
21,0.2365591172190329,NA,NA,NA,so2,M7: AugSynth_FE Centro+Belisario,AugSynth_FE,2023w16,2023-04-17
22,0.12690156789018747,NA,NA,NA,so2,M7: AugSynth_FE Centro+Belisario,AugSynth_FE,2023w17,2023-04-24
23,-0.3163573340156953,NA,NA,NA,so2,M7: AugSynth_FE Centro+Belisario,AugSynth_FE,2023w18,2023-05-01
24,-0.05938698747601068,NA,NA,NA,so2,M7: AugSynth_FE Centro+Belisario,AugSynth_FE,2023w19,2023-05-08
25,0.07154852902128739,NA,NA,NA,so2,M7: AugSynth_FE Centro+Belisario,AugSynth_FE,2023w20,2023-05-15
26,0.2403203512130574,NA,NA,NA,so2,M7: AugSynth_FE Centro+Belisario,AugSynth_FE,2023w21,2023-05-22
27,0.2154490645271263,NA,NA,NA,so2,M7: AugSynth_FE Centro+Belisario,AugSynth_FE,2023w22,2023-05-29
28,0.28950527529134673,NA,NA,NA,so2,M7: AugSynth_FE Centro+Belisario,AugSynth_FE,2023w23,2023-06-05
29,0.12121408925875854,NA,NA,NA,so2,M7: AugSynth_FE Centro+Belisario,AugSynth_FE,2023w24,2023-06-12
30,0.04867097796477182,NA,NA,NA,so2,M7: AugSynth_FE Centro+Belisario,AugSynth_FE,2023w25,2023-06-19
31,0.07648349473436022,NA,NA,NA,so2,M7: AugSynth_FE Centro+Belisario,AugSynth_FE,2023w26,2023-06-26
32,0.2818086338719563,NA,NA,NA,so2,M7: AugSynth_FE Centro+Belisario,AugSynth_FE,2023w27,2023-07-03
33,0.09221240927155527,NA,NA,NA,so2,M7: AugSynth_FE Centro+Belisario,AugSynth_FE,2023w28,2023-07-10
34,0.3893275468719566,NA,NA,NA,so2,M7: AugSynth_FE Centro+Belisario,AugSynth_FE,2023w29,2023-07-17
35,0.14614185011788816,NA,NA,NA,so2,M7: AugSynth_FE Centro+Belisario,AugSynth_FE,2023w30,2023-07-24
36,0.0869234198426253,NA,NA,NA,so2,M7: AugSynth_FE Centro+Belisario,AugSynth_FE,2023w31,2023-07-31
37,-0.4537966478377753,NA,NA,NA,so2,M7: AugSynth_FE Centro+Belisario,AugSynth_FE,2023w32,2023-08-07
38,-0.11892444515321543,NA,NA,NA,so2,M7: AugSynth_FE Centro+Belisario,AugSynth_FE,2023w33,2023-08-14
39,-0.029354803330709167,NA,NA,NA,so2,M7: AugSynth_FE Centro+Belisario,AugSynth_FE,2023w34,2023-08-21
40,-0.30375093413209897,NA,NA,NA,so2,M7: AugSynth_FE Centro+Belisario,AugSynth_FE,2023w35,2023-08-28
41,-0.3202959863019783,NA,NA,NA,so2,M7: AugSynth_FE Centro+Belisario,AugSynth_FE,2023w36,2023-09-04
42,-0.44447094540455656,NA,NA,NA,so2,M7: AugSynth_FE Centro+Belisario,AugSynth_FE,2023w37,2023-09-11
43,-0.022900337982629804,NA,NA,NA,so2,M7: AugSynth_FE Centro+Belisario,AugSynth_FE,2023w38,2023-09-18
44,0.14790005675035944,NA,NA,NA,so2,M7: AugSynth_FE Centro+Belisario,AugSynth_FE,2023w39,2023-09-25
45,0.23635964013507071,NA,NA,NA,so2,M7: AugSynth_FE Centro+Belisario,AugSynth_FE,2023w40,2023-10-02
46,-0.528762289885893,NA,NA,NA,so2,M7: AugSynth_FE Centro+Belisario,AugSynth_FE,2023w41,2023-10-09
47,-0.18920485188160585,NA,NA,NA,so2,M7: AugSynth_FE Centro+Belisario,AugSynth_FE,2023w42,2023-10-16
48,-0.3398124133369871,NA,NA,NA,so2,M7: AugSynth_FE Centro+Belisario,AugSynth_FE,2023w43,2023-10-23
49,0.1402715018809313,NA,NA,NA,so2,M7: AugSynth_FE Centro+Belisario,AugSynth_FE,2023w44,2023-10-30
50,-0.6314921266588758,NA,NA,NA,so2,M7: AugSynth_FE Centro+Belisario,AugSynth_FE,2023w45,2023-11-06
51,-0.038338572996753806,NA,NA,NA,so2,M7: AugSynth_FE Centro+Belisario,AugSynth_FE,2023w46,2023-11-13
52,-0.054049751070642804,NA,NA,NA,so2,M7: AugSynth_FE Centro+Belisario,AugSynth_FE,2023w47,2023-11-20
53,-0.17479257156590622,-0.6250859803406015,0.275500837208789,0.555,so2,M7: AugSynth_FE Centro+Belisario,AugSynth_FE,2023w48,2023-11-27
54,-0.16621034789892475,-0.61650375667362,0.28408306087577045,0.53,so2,M7: AugSynth_FE Centro+Belisario,AugSynth_FE,2023w49,2023-12-04
55,-0.19802423365208566,-0.6483176424267809,0.25226917512260955,0.457,so2,M7: AugSynth_FE Centro+Belisario,AugSynth_FE,2023w50,2023-12-11
56,0.019542076131372488,-0.4307513326433227,0.4698354849060677,1,so2,M7: AugSynth_FE Centro+Belisario,AugSynth_FE,2023w51,2023-12-18
57,-0.1305039614221013,-0.5807973701967966,0.3197894473525939,0.637,so2,M7: AugSynth_FE Centro+Belisario,AugSynth_FE,2023w52,2023-12-25
58,0.06554211141354505,-0.38475129736115016,0.5158355201882403,0.89,so2,M7: AugSynth_FE Centro+Belisario,AugSynth_FE,2024w01,2024-01-01
59,-0.14470349118515657,-0.5949968999598518,0.30558991758953863,0.587,so2,M7: AugSynth_FE Centro+Belisario,AugSynth_FE,2024w02,2024-01-08
60,-0.30049947987552517,-0.7507928886502204,0.14979392889917004,0.29,so2,M7: AugSynth_FE Centro+Belisario,AugSynth_FE,2024w03,2024-01-15
61,-0.17895701635241568,-0.6292504251271109,0.2713363924222795,0.496,so2,M7: AugSynth_FE Centro+Belisario,AugSynth_FE,2024w04,2024-01-22
62,-0.1546066408598672,-0.6049000496345625,0.295686767914828,0.562,so2,M7: AugSynth_FE Centro+Belisario,AugSynth_FE,2024w05,2024-01-29
63,-0.27690606343982815,-0.7271994722145234,0.17338734533486705,0.332,so2,M7: AugSynth_FE Centro+Belisario,AugSynth_FE,2024w06,2024-02-05
64,-0.23710671085366863,-0.6874001196283639,0.21318669792102657,0.364,so2,M7: AugSynth_FE Centro+Belisario,AugSynth_FE,2024w07,2024-02-12
65,-0.3071459884444321,-0.7574393972191273,0.14314742033026312,0.281,so2,M7: AugSynth_FE Centro+Belisario,AugSynth_FE,2024w08,2024-02-19
66,-0.01015480699627136,-0.46044821577096656,0.44013860177842384,1,so2,M7: AugSynth_FE Centro+Belisario,AugSynth_FE,2024w09,2024-02-26
67,-0.20051221653657958,-0.6508056253112748,0.24978119223811562,0.438,so2,M7: AugSynth_FE Centro+Belisario,AugSynth_FE,2024w10,2024-03-04
68,-0.1114568282611077,-0.561750237035803,0.3388365805135875,0.697,so2,M7: AugSynth_FE Centro+Belisario,AugSynth_FE,2024w11,2024-03-11
69,0.017094491269311618,-0.4331989175053836,0.4673879000440068,1,so2,M7: AugSynth_FE Centro+Belisario,AugSynth_FE,2024w12,2024-03-18
70,0.2960905353839367,-0.1542028733907585,0.746383944158632,0.298,so2,M7: AugSynth_FE Centro+Belisario,AugSynth_FE,2024w13,2024-03-25
71,0.17515157960203687,-0.27514182917265834,0.6254449883767321,0.502,so2,M7: AugSynth_FE Centro+Belisario,AugSynth_FE,2024w14,2024-04-01
72,-0.40187860080763205,-0.8521720095823273,0.048414807967063156,0.156,so2,M7: AugSynth_FE Centro+Belisario,AugSynth_FE,2024w15,2024-04-08
73,0.04957093765528375,-0.40072247111941145,0.49986434642997896,0.914,so2,M7: AugSynth_FE Centro+Belisario,AugSynth_FE,2024w16,2024-04-15
74,-0.06164138377752426,-0.5119347925522195,0.38865202499717094,0.857,so2,M7: AugSynth_FE Centro+Belisario,AugSynth_FE,2024w17,2024-04-22
75,-0.050789088034338015,-0.5010824968090333,0.3995043207403572,0.926,so2,M7: AugSynth_FE Centro+Belisario,AugSynth_FE,2024w18,2024-04-29
76,-0.06438596165074184,-0.5146793704254371,0.38590744712395336,0.83,so2,M7: AugSynth_FE Centro+Belisario,AugSynth_FE,2024w19,2024-05-06
77,-0.1899730988090229,-0.6402665075837182,0.2603203099656723,0.463,so2,M7: AugSynth_FE Centro+Belisario,AugSynth_FE,2024w20,2024-05-13
78,-0.5412530936456037,-0.991546502420299,-0.0909596848709085,0.037,so2,M7: AugSynth_FE Centro+Belisario,AugSynth_FE,2024w21,2024-05-20
79,-0.42856781508662023,-0.8788612238613154,0.021725593688074973,0.116,so2,M7: AugSynth_FE Centro+Belisario,AugSynth_FE,2024w22,2024-05-27
80,0.006387493776202957,-0.44390591499849225,0.45668090255089816,1,so2,M7: AugSynth_FE Centro+Belisario,AugSynth_FE,2024w23,2024-06-03
81,0.2599565166389237,-0.19033689213577148,0.710249925413619,0.412,so2,M7: AugSynth_FE Centro+Belisario,AugSynth_FE,2024w24,2024-06-10
82,-0.16458088411349503,-0.6148742928881903,0.2857125246612002,0.565,so2,M7: AugSynth_FE Centro+Belisario,AugSynth_FE,2024w25,2024-06-17
83,0.017372718248394925,-0.4329206905263003,0.46766612702309013,1,so2,M7: AugSynth_FE Centro+Belisario,AugSynth_FE,2024w26,2024-06-24
84,-0.07321084096715058,-0.5235042497418458,0.3770825678075446,0.823,so2,M7: AugSynth_FE Centro+Belisario,AugSynth_FE,2024w27,2024-07-01
85,-0.37198036279435875,-0.822273771569054,0.07831304598033645,0.174,so2,M7: AugSynth_FE Centro+Belisario,AugSynth_FE,2024w28,2024-07-08
86,-0.15626621907415572,-0.606559627848851,0.2940271897005395,0.598,so2,M7: AugSynth_FE Centro+Belisario,AugSynth_FE,2024w29,2024-07-15
87,0.006668589977783634,-0.44362481879691157,0.45696199875247884,1,so2,M7: AugSynth_FE Centro+Belisario,AugSynth_FE,2024w30,2024-07-22
88,0.3605908585362839,-0.08970255023841128,0.8108842673109791,0.274,so2,M7: AugSynth_FE Centro+Belisario,AugSynth_FE,2024w31,2024-07-29
89,-0.08651169459529928,-0.5368051033699945,0.3637817141793959,0.812,so2,M7: AugSynth_FE Centro+Belisario,AugSynth_FE,2024w32,2024-08-05
90,0.047947929606630746,-0.40234547916806446,0.49824133838132595,0.942,so2,M7: AugSynth_FE Centro+Belisario,AugSynth_FE,2024w33,2024-08-12
91,0.08445244772610039,-0.3658409610485948,0.5347458565007956,0.836,so2,M7: AugSynth_FE Centro+Belisario,AugSynth_FE,2024w34,2024-08-19
92,0.3177624733549056,-0.1325309354197896,0.7680558821296009,0.319,so2,M7: AugSynth_FE Centro+Belisario,AugSynth_FE,2024w35,2024-08-26
93,-0.28552423315339337,-0.7358176419280886,0.16476917562130183,0.31,so2,M7: AugSynth_FE Centro+Belisario,AugSynth_FE,2024w36,2024-09-02
94,0.03905633659201091,-0.4112370721826843,0.4893497453667061,0.934,so2,M7: AugSynth_FE Centro+Belisario,AugSynth_FE,2024w37,2024-09-09
95,-0.08247002922109337,-0.5327634379957886,0.36782337955360184,0.844,so2,M7: AugSynth_FE Centro+Belisario,AugSynth_FE,2024w38,2024-09-16
96,0.05523698532116739,-0.3950564234535278,0.5055303940958626,0.899,so2,M7: AugSynth_FE Centro+Belisario,AugSynth_FE,2024w39,2024-09-23
97,0.1703550401345928,-0.2799383686401024,0.620648448909288,0.525,so2,M7: AugSynth_FE Centro+Belisario,AugSynth_FE,2024w40,2024-09-30
98,0.1438082909832754,-0.3064851177914198,0.5941016997579707,0.612,so2,M7: AugSynth_FE Centro+Belisario,AugSynth_FE,2024w41,2024-10-07
99,-0.3631421126972214,-0.8134355214719167,0.0871512960774738,0.196,so2,M7: AugSynth_FE Centro+Belisario,AugSynth_FE,2024w42,2024-10-14
100,0.050855903806517944,-0.39943750496817726,0.5011493125812132,0.904,so2,M7: AugSynth_FE Centro+Belisario,AugSynth_FE,2024w43,2024-10-21
101,-0.18770023059324648,-0.6379936393679417,0.2625931781814487,0.517,so2,M7: AugSynth_FE Centro+Belisario,AugSynth_FE,2024w44,2024-10-28
102,0.19532657664642117,-0.25496683212827403,0.6456199854211164,0.463,so2,M7: AugSynth_FE Centro+Belisario,AugSynth_FE,2024w45,2024-11-04
103,0.022391325365600956,-0.42790208340909425,0.47268473414029616,1,so2,M7: AugSynth_FE Centro+Belisario,AugSynth_FE,2024w46,2024-11-11
104,0.16612285840287733,-0.2841705503718179,0.6164162671775726,0.507,so2,M7: AugSynth_FE Centro+Belisario,AugSynth_FE,2024w47,2024-11-18
105,0.17821271001953898,-0.2720806987551562,0.6285061187942342,0.56,so2,M7: AugSynth_FE Centro+Belisario,AugSynth_FE,2024w48,2024-11-25
106,0.05012931951670896,-0.40016408925798624,0.5004227282914042,0.924,so2,M7: AugSynth_FE Centro+Belisario,AugSynth_FE,2024w49,2024-12-02
107,-0.14162328483484732,-0.5919166936095426,0.3086701239398479,0.626,so2,M7: AugSynth_FE Centro+Belisario,AugSynth_FE,2024w50,2024-12-09
108,-0.023225251723197227,-0.47351866049789243,0.427068157051498,1,so2,M7: AugSynth_FE Centro+Belisario,AugSynth_FE,2024w51,2024-12-16
109,0.5136753939099632,0,0.9639688026846585,0.056,so2,M7: AugSynth_FE Centro+Belisario,AugSynth_FE,2024w52,2024-12-23
110,-0.028559715181224243,-0.47885312395591945,0.42173369359347096,0.952,so2,M7: AugSynth_FE Centro+Belisario,AugSynth_FE,2025w01,2024-12-30
111,0.09949910383820493,-0.3507943049364903,0.5497925126129002,0.741,so2,M7: AugSynth_FE Centro+Belisario,AugSynth_FE,2025w02,2025-01-06
112,-0.014032831270079482,-0.4643262400447747,0.4362605775046157,1,so2,M7: AugSynth_FE Centro+Belisario,AugSynth_FE,2025w03,2025-01-13
113,-0.13542982948180793,-0.5857232382565032,0.3148635792928873,0.629,so2,M7: AugSynth_FE Centro+Belisario,AugSynth_FE,2025w04,2025-01-20
114,0.02419157206968303,-0.42610183670501217,0.47448498084437823,0.982,so2,M7: AugSynth_FE Centro+Belisario,AugSynth_FE,2025w05,2025-01-27
115,0.437202811054032,-0.013090597720663177,0.8874962198287273,0.115,so2,M7: AugSynth_FE Centro+Belisario,AugSynth_FE,2025w06,2025-02-03
116,-0.25037144653842547,-0.7006648553131207,0.19992196223626973,0.338,so2,M7: AugSynth_FE Centro+Belisario,AugSynth_FE,2025w07,2025-02-10
117,-0.2286641992788434,-0.6789576080535387,0.2216292094958518,0.384,so2,M7: AugSynth_FE Centro+Belisario,AugSynth_FE,2025w08,2025-02-17
118,-0.13404609591539796,-0.5843395046900932,0.31624731285929725,0.68,so2,M7: AugSynth_FE Centro+Belisario,AugSynth_FE,2025w09,2025-02-24
119,-0.12958883925553333,-0.5798822480302286,0.3207045695191619,0.653,so2,M7: AugSynth_FE Centro+Belisario,AugSynth_FE,2025w10,2025-03-03
120,0.029792443991928597,-0.4205009647827666,0.4800858527666238,0.977,so2,M7: AugSynth_FE Centro+Belisario,AugSynth_FE,2025w11,2025-03-10
121,-0.020967559006058956,-0.47126096778075416,0.42932584976863625,1,so2,M7: AugSynth_FE Centro+Belisario,AugSynth_FE,2025w12,2025-03-17
122,-0.17862660742857472,-0.62892001620327,0.2716668013461205,0.551,so2,M7: AugSynth_FE Centro+Belisario,AugSynth_FE,2025w13,2025-03-24
123,-0.5268567713903758,-0.977150180165071,0,0.064,so2,M7: AugSynth_FE Centro+Belisario,AugSynth_FE,2025w14,2025-03-31
124,-0.5708398981680088,-1.021133306942704,0,0.052,so2,M7: AugSynth_FE Centro+Belisario,AugSynth_FE,2025w15,2025-04-07
125,-0.29747536338306535,-0.7477687721577606,0.15281804539162985,0.299,so2,M7: AugSynth_FE Centro+Belisario,AugSynth_FE,2025w16,2025-04-14
126,0.01884047877989281,-0.4314529299948024,0.469133887554588,1,so2,M7: AugSynth_FE Centro+Belisario,AugSynth_FE,2025w17,2025-04-21
127,0.0619095508638845,-0.3883838579108107,0.5122029596385798,0.884,so2,M7: AugSynth_FE Centro+Belisario,AugSynth_FE,2025w18,2025-04-28
128,-0.18969295004622078,-0.639986358820916,0.2606004587284744,0.503,so2,M7: AugSynth_FE Centro+Belisario,AugSynth_FE,2025w19,2025-05-05
129,-0.09329232671984489,-0.5435857354945401,0.3570010820548503,0.803,so2,M7: AugSynth_FE Centro+Belisario,AugSynth_FE,2025w20,2025-05-12
130,-0.18165020991948744,-0.6319436186941827,0.26864319885520777,0.509,so2,M7: AugSynth_FE Centro+Belisario,AugSynth_FE,2025w21,2025-05-19
131,-0.022080832829071806,-0.472374241603767,0.4282125759456234,1,so2,M7: AugSynth_FE Centro+Belisario,AugSynth_FE,2025w22,2025-05-26
132,0.12362642701996718,-0.326666981754728,0.5739198357946624,0.662,so2,M7: AugSynth_FE Centro+Belisario,AugSynth_FE,2025w23,2025-06-02
133,-0.19120096841670642,-0.6414943771914017,0.2590924403579888,0.507,so2,M7: AugSynth_FE Centro+Belisario,AugSynth_FE,2025w24,2025-06-09
134,-0.588314642498444,-1.0386080512731393,0,0.052,so2,M7: AugSynth_FE Centro+Belisario,AugSynth_FE,2025w25,2025-06-16
1,-0.2415207296748565,NA,NA,NA,so2,M8: AugSynth_FE Centro (Bel. dropped),AugSynth_FE,2022w48,2022-11-28
2,-0.21007497122001384,NA,NA,NA,so2,M8: AugSynth_FE Centro (Bel. dropped),AugSynth_FE,2022w49,2022-12-05
3,-0.2524129082679136,NA,NA,NA,so2,M8: AugSynth_FE Centro (Bel. dropped),AugSynth_FE,2022w50,2022-12-12
4,-0.1030666206116897,NA,NA,NA,so2,M8: AugSynth_FE Centro (Bel. dropped),AugSynth_FE,2022w51,2022-12-19
5,-0.20721866979588,NA,NA,NA,so2,M8: AugSynth_FE Centro (Bel. dropped),AugSynth_FE,2022w52,2022-12-26
6,-0.14331495882744494,NA,NA,NA,so2,M8: AugSynth_FE Centro (Bel. dropped),AugSynth_FE,2023w01,2023-01-02
7,0.03980884674432095,NA,NA,NA,so2,M8: AugSynth_FE Centro (Bel. dropped),AugSynth_FE,2023w02,2023-01-09
8,-0.019859815979674567,NA,NA,NA,so2,M8: AugSynth_FE Centro (Bel. dropped),AugSynth_FE,2023w03,2023-01-16
9,-0.09296936150280022,NA,NA,NA,so2,M8: AugSynth_FE Centro (Bel. dropped),AugSynth_FE,2023w04,2023-01-23
10,0.06744522776450079,NA,NA,NA,so2,M8: AugSynth_FE Centro (Bel. dropped),AugSynth_FE,2023w05,2023-01-30
11,0.10831079276688138,NA,NA,NA,so2,M8: AugSynth_FE Centro (Bel. dropped),AugSynth_FE,2023w06,2023-02-06
12,0.1679219771590117,NA,NA,NA,so2,M8: AugSynth_FE Centro (Bel. dropped),AugSynth_FE,2023w07,2023-02-13
13,0.2181457171674066,NA,NA,NA,so2,M8: AugSynth_FE Centro (Bel. dropped),AugSynth_FE,2023w08,2023-02-20
14,-0.17269985243777208,NA,NA,NA,so2,M8: AugSynth_FE Centro (Bel. dropped),AugSynth_FE,2023w09,2023-02-27
15,0.5185888460794061,NA,NA,NA,so2,M8: AugSynth_FE Centro (Bel. dropped),AugSynth_FE,2023w10,2023-03-06
16,0.31119827269040656,NA,NA,NA,so2,M8: AugSynth_FE Centro (Bel. dropped),AugSynth_FE,2023w11,2023-03-13
17,0.1870442341566534,NA,NA,NA,so2,M8: AugSynth_FE Centro (Bel. dropped),AugSynth_FE,2023w12,2023-03-20
18,0.4919482353945579,NA,NA,NA,so2,M8: AugSynth_FE Centro (Bel. dropped),AugSynth_FE,2023w13,2023-03-27
19,0.726878507225984,NA,NA,NA,so2,M8: AugSynth_FE Centro (Bel. dropped),AugSynth_FE,2023w14,2023-04-03
20,0.3717739404024816,NA,NA,NA,so2,M8: AugSynth_FE Centro (Bel. dropped),AugSynth_FE,2023w15,2023-04-10
21,0.322905386974196,NA,NA,NA,so2,M8: AugSynth_FE Centro (Bel. dropped),AugSynth_FE,2023w16,2023-04-17
22,0.14088821478087632,NA,NA,NA,so2,M8: AugSynth_FE Centro (Bel. dropped),AugSynth_FE,2023w17,2023-04-24
23,-0.4548428042215724,NA,NA,NA,so2,M8: AugSynth_FE Centro (Bel. dropped),AugSynth_FE,2023w18,2023-05-01
24,-0.08264605993390273,NA,NA,NA,so2,M8: AugSynth_FE Centro (Bel. dropped),AugSynth_FE,2023w19,2023-05-08
25,0.023042257551964207,NA,NA,NA,so2,M8: AugSynth_FE Centro (Bel. dropped),AugSynth_FE,2023w20,2023-05-15
26,0.20361215134236388,NA,NA,NA,so2,M8: AugSynth_FE Centro (Bel. dropped),AugSynth_FE,2023w21,2023-05-22
27,0.20944002069199263,NA,NA,NA,so2,M8: AugSynth_FE Centro (Bel. dropped),AugSynth_FE,2023w22,2023-05-29
28,0.3240002065352092,NA,NA,NA,so2,M8: AugSynth_FE Centro (Bel. dropped),AugSynth_FE,2023w23,2023-06-05
29,0.1600160496520946,NA,NA,NA,so2,M8: AugSynth_FE Centro (Bel. dropped),AugSynth_FE,2023w24,2023-06-12
30,-0.008060447379517832,NA,NA,NA,so2,M8: AugSynth_FE Centro (Bel. dropped),AugSynth_FE,2023w25,2023-06-19
31,0.06145792462780508,NA,NA,NA,so2,M8: AugSynth_FE Centro (Bel. dropped),AugSynth_FE,2023w26,2023-06-26
32,0.3751541631311843,NA,NA,NA,so2,M8: AugSynth_FE Centro (Bel. dropped),AugSynth_FE,2023w27,2023-07-03
33,0.0845619920782339,NA,NA,NA,so2,M8: AugSynth_FE Centro (Bel. dropped),AugSynth_FE,2023w28,2023-07-10
34,0.4014848193617626,NA,NA,NA,so2,M8: AugSynth_FE Centro (Bel. dropped),AugSynth_FE,2023w29,2023-07-17
35,0.1286498692079303,NA,NA,NA,so2,M8: AugSynth_FE Centro (Bel. dropped),AugSynth_FE,2023w30,2023-07-24
36,-0.05251241562657405,NA,NA,NA,so2,M8: AugSynth_FE Centro (Bel. dropped),AugSynth_FE,2023w31,2023-07-31
37,-0.6953986657116579,NA,NA,NA,so2,M8: AugSynth_FE Centro (Bel. dropped),AugSynth_FE,2023w32,2023-08-07
38,-0.16092727982971655,NA,NA,NA,so2,M8: AugSynth_FE Centro (Bel. dropped),AugSynth_FE,2023w33,2023-08-14
39,0.002900445447367339,NA,NA,NA,so2,M8: AugSynth_FE Centro (Bel. dropped),AugSynth_FE,2023w34,2023-08-21
40,-0.5006811069972141,NA,NA,NA,so2,M8: AugSynth_FE Centro (Bel. dropped),AugSynth_FE,2023w35,2023-08-28
41,-0.4967058487444689,NA,NA,NA,so2,M8: AugSynth_FE Centro (Bel. dropped),AugSynth_FE,2023w36,2023-09-04
42,-0.6415214454258322,NA,NA,NA,so2,M8: AugSynth_FE Centro (Bel. dropped),AugSynth_FE,2023w37,2023-09-11
43,-0.026229009049345775,NA,NA,NA,so2,M8: AugSynth_FE Centro (Bel. dropped),AugSynth_FE,2023w38,2023-09-18
44,0.11771559684139254,NA,NA,NA,so2,M8: AugSynth_FE Centro (Bel. dropped),AugSynth_FE,2023w39,2023-09-25
45,0.14691207388473626,NA,NA,NA,so2,M8: AugSynth_FE Centro (Bel. dropped),AugSynth_FE,2023w40,2023-10-02
46,-0.48568439148890863,NA,NA,NA,so2,M8: AugSynth_FE Centro (Bel. dropped),AugSynth_FE,2023w41,2023-10-09
47,-0.23381529953656455,NA,NA,NA,so2,M8: AugSynth_FE Centro (Bel. dropped),AugSynth_FE,2023w42,2023-10-16
48,-0.3006969677922495,NA,NA,NA,so2,M8: AugSynth_FE Centro (Bel. dropped),AugSynth_FE,2023w43,2023-10-23
49,0.36027824739174963,NA,NA,NA,so2,M8: AugSynth_FE Centro (Bel. dropped),AugSynth_FE,2023w44,2023-10-30
50,-0.6800957384364648,NA,NA,NA,so2,M8: AugSynth_FE Centro (Bel. dropped),AugSynth_FE,2023w45,2023-11-06
51,0.009166238637643653,NA,NA,NA,so2,M8: AugSynth_FE Centro (Bel. dropped),AugSynth_FE,2023w46,2023-11-13
52,-0.018294887198074372,NA,NA,NA,so2,M8: AugSynth_FE Centro (Bel. dropped),AugSynth_FE,2023w47,2023-11-20
53,-0.14035223021864085,-0.7856741357105894,0.5049696752733077,0.71,so2,M8: AugSynth_FE Centro (Bel. dropped),AugSynth_FE,2023w48,2023-11-27
54,-0.3346884708226885,-0.980010376314637,0.3106334346692601,0.34,so2,M8: AugSynth_FE Centro (Bel. dropped),AugSynth_FE,2023w49,2023-12-04
55,-0.08686154239042199,-0.7321834478823706,0.5584603631015266,0.81,so2,M8: AugSynth_FE Centro (Bel. dropped),AugSynth_FE,2023w50,2023-12-11
56,-1.5957818978185045e-4,-0.6454814836817304,0.6451623273021667,1,so2,M8: AugSynth_FE Centro (Bel. dropped),AugSynth_FE,2023w51,2023-12-18
57,-0.1131004782732461,-0.7584223837651947,0.5322214272187025,0.722,so2,M8: AugSynth_FE Centro (Bel. dropped),AugSynth_FE,2023w52,2023-12-25
58,0.14678938168437972,-0.49853252380756885,0.7921112871763283,0.63,so2,M8: AugSynth_FE Centro (Bel. dropped),AugSynth_FE,2024w01,2024-01-01
59,-0.14337858438832551,-0.7887004898802741,0.501943321103623,0.648,so2,M8: AugSynth_FE Centro (Bel. dropped),AugSynth_FE,2024w02,2024-01-08
60,-0.11989523450451056,-0.7652171399964591,0.525426670987438,0.726,so2,M8: AugSynth_FE Centro (Bel. dropped),AugSynth_FE,2024w03,2024-01-15
61,-0.08920491460722291,-0.7345268200991715,0.5561169908847257,0.776,so2,M8: AugSynth_FE Centro (Bel. dropped),AugSynth_FE,2024w04,2024-01-22
62,-0.16533899452961953,-0.8106609000215681,0.47998291096232903,0.616,so2,M8: AugSynth_FE Centro (Bel. dropped),AugSynth_FE,2024w05,2024-01-29
63,-0.2301140479803363,-0.8754359534722849,0.41520785751161227,0.463,so2,M8: AugSynth_FE Centro (Bel. dropped),AugSynth_FE,2024w06,2024-02-05
64,-0.07419783159401216,-0.7195197370859607,0.5711240738979364,0.801,so2,M8: AugSynth_FE Centro (Bel. dropped),AugSynth_FE,2024w07,2024-02-12
65,-0.19558329159082355,-0.8409051970827721,0.449738613901125,0.558,so2,M8: AugSynth_FE Centro (Bel. dropped),AugSynth_FE,2024w08,2024-02-19
66,0.13225241590480796,-0.5130694895871406,0.7775743213967565,0.696,so2,M8: AugSynth_FE Centro (Bel. dropped),AugSynth_FE,2024w09,2024-02-26
67,-0.15215397313074042,-0.797475878622689,0.49316793236120815,0.646,so2,M8: AugSynth_FE Centro (Bel. dropped),AugSynth_FE,2024w10,2024-03-04
68,-0.07269151631039827,-0.7180134218023468,0.5726303891815503,0.817,so2,M8: AugSynth_FE Centro (Bel. dropped),AugSynth_FE,2024w11,2024-03-11
69,-0.10037896587016704,-0.7457008713621156,0.5449429396217815,0.742,so2,M8: AugSynth_FE Centro (Bel. dropped),AugSynth_FE,2024w12,2024-03-18
70,0.3135691778437766,-0.331752727648172,0.9588910833357251,0.372,so2,M8: AugSynth_FE Centro (Bel. dropped),AugSynth_FE,2024w13,2024-03-25
71,0.43222747915075055,-0.21309442634119802,1.0775493846426991,0.207,so2,M8: AugSynth_FE Centro (Bel. dropped),AugSynth_FE,2024w14,2024-04-01
72,-0.324449157919253,-0.9697710634112016,0.32087274757269557,0.31,so2,M8: AugSynth_FE Centro (Bel. dropped),AugSynth_FE,2024w15,2024-04-08
73,-0.02293705009273239,-0.668258955584681,0.6223848553992162,0.903,so2,M8: AugSynth_FE Centro (Bel. dropped),AugSynth_FE,2024w16,2024-04-15
74,-0.028414300335971365,-0.6737362058279199,0.6169076051559772,0.88,so2,M8: AugSynth_FE Centro (Bel. dropped),AugSynth_FE,2024w17,2024-04-22
75,-0.13092778594264787,-0.7762496914345964,0.5143941195493007,0.68,so2,M8: AugSynth_FE Centro (Bel. dropped),AugSynth_FE,2024w18,2024-04-29
76,-0.05331278145638163,-0.6986346869483302,0.5920091240355669,0.86,so2,M8: AugSynth_FE Centro (Bel. dropped),AugSynth_FE,2024w19,2024-05-06
77,-0.3604602289973271,-1.0057821344892757,0.28486167649462146,0.294,so2,M8: AugSynth_FE Centro (Bel. dropped),AugSynth_FE,2024w20,2024-05-13
78,-0.9734527992446346,-1.618774704736583,-0.328130893752686,0.019,so2,M8: AugSynth_FE Centro (Bel. dropped),AugSynth_FE,2024w21,2024-05-20
79,-0.7157928364343185,-1.361114741926267,0,0.081,so2,M8: AugSynth_FE Centro (Bel. dropped),AugSynth_FE,2024w22,2024-05-27
80,-0.37303504178508295,-1.0183569472770315,0.2722868637068656,0.348,so2,M8: AugSynth_FE Centro (Bel. dropped),AugSynth_FE,2024w23,2024-06-03
81,0.015371923612615412,-0.6299499818793332,0.660693829104564,0.95,so2,M8: AugSynth_FE Centro (Bel. dropped),AugSynth_FE,2024w24,2024-06-10
82,-0.4459894621910605,-1.091311367683009,0.19933244330088806,0.216,so2,M8: AugSynth_FE Centro (Bel. dropped),AugSynth_FE,2024w25,2024-06-17
83,-0.06569399013130073,-0.7110158956232493,0.5796279153606478,0.833,so2,M8: AugSynth_FE Centro (Bel. dropped),AugSynth_FE,2024w26,2024-06-24
84,-0.1541051399091693,-0.7994270454011179,0.49121676558277927,0.636,so2,M8: AugSynth_FE Centro (Bel. dropped),AugSynth_FE,2024w27,2024-07-01
85,-0.632548623921755,-1.2778705294137036,0.012773281570193529,0.094,so2,M8: AugSynth_FE Centro (Bel. dropped),AugSynth_FE,2024w28,2024-07-08
86,-0.29428723591158223,-0.9396091414035308,0.35103466958036633,0.398,so2,M8: AugSynth_FE Centro (Bel. dropped),AugSynth_FE,2024w29,2024-07-15
87,-0.19993224207377458,-0.8452541475657231,0.445389663418174,0.519,so2,M8: AugSynth_FE Centro (Bel. dropped),AugSynth_FE,2024w30,2024-07-22
88,0.1425673821200062,-0.5027545233719424,0.7878892876119548,0.698,so2,M8: AugSynth_FE Centro (Bel. dropped),AugSynth_FE,2024w31,2024-07-29
89,-0.3332442462400387,-0.9785661517319872,0.3120776592519099,0.356,so2,M8: AugSynth_FE Centro (Bel. dropped),AugSynth_FE,2024w32,2024-08-05
90,0.004921446705193899,-0.6404004587867547,0.6502433521971425,1,so2,M8: AugSynth_FE Centro (Bel. dropped),AugSynth_FE,2024w33,2024-08-12
91,0.127228158425571,-0.5180937470663776,0.7725500639175196,0.682,so2,M8: AugSynth_FE Centro (Bel. dropped),AugSynth_FE,2024w34,2024-08-19
92,0.47899204931096984,-0.16632985618097873,1.1243139548029184,0.247,so2,M8: AugSynth_FE Centro (Bel. dropped),AugSynth_FE,2024w35,2024-08-26
93,-0.3264003723388613,-0.9717222778308099,0.31892153315308724,0.344,so2,M8: AugSynth_FE Centro (Bel. dropped),AugSynth_FE,2024w36,2024-09-02
94,0.011670404458219652,-0.6336515010337289,0.6569923099501682,0.976,so2,M8: AugSynth_FE Centro (Bel. dropped),AugSynth_FE,2024w37,2024-09-09
95,-0.16253424505718916,-0.8078561505491377,0.4827876604347594,0.648,so2,M8: AugSynth_FE Centro (Bel. dropped),AugSynth_FE,2024w38,2024-09-16
96,0.13582478787829655,-0.509497117613652,0.7811466933702451,0.647,so2,M8: AugSynth_FE Centro (Bel. dropped),AugSynth_FE,2024w39,2024-09-23
97,0.1692068318216151,-0.47611507367033346,0.8145287373135637,0.592,so2,M8: AugSynth_FE Centro (Bel. dropped),AugSynth_FE,2024w40,2024-09-30
98,0.01362455045247879,-0.6316973550394698,0.6589464559444274,0.93,so2,M8: AugSynth_FE Centro (Bel. dropped),AugSynth_FE,2024w41,2024-10-07
99,-0.6578295749763801,-1.3031514804683286,0,0.099,so2,M8: AugSynth_FE Centro (Bel. dropped),AugSynth_FE,2024w42,2024-10-14
100,-0.188434025244689,-0.8337559307366376,0.45688788024725957,0.521,so2,M8: AugSynth_FE Centro (Bel. dropped),AugSynth_FE,2024w43,2024-10-21
101,-0.37407092395329444,-1.019392829445243,0.2712509815386541,0.308,so2,M8: AugSynth_FE Centro (Bel. dropped),AugSynth_FE,2024w44,2024-10-28
102,0.162746322437479,-0.48257558305446957,0.8080682279294276,0.584,so2,M8: AugSynth_FE Centro (Bel. dropped),AugSynth_FE,2024w45,2024-11-04
103,0.01437320754864313,-0.6309486979433054,0.6596951130405917,0.945,so2,M8: AugSynth_FE Centro (Bel. dropped),AugSynth_FE,2024w46,2024-11-11
104,0.12317138250298587,-0.5221505229889627,0.7684932879949344,0.675,so2,M8: AugSynth_FE Centro (Bel. dropped),AugSynth_FE,2024w47,2024-11-18
105,0.10609227272780819,-0.5392296327641404,0.7514141782197568,0.757,so2,M8: AugSynth_FE Centro (Bel. dropped),AugSynth_FE,2024w48,2024-11-25
106,0.13982283841831977,-0.5054990670736288,0.7851447439102683,0.673,so2,M8: AugSynth_FE Centro (Bel. dropped),AugSynth_FE,2024w49,2024-12-02
107,-0.08616178640550354,-0.7314836918974521,0.559160119086445,0.785,so2,M8: AugSynth_FE Centro (Bel. dropped),AugSynth_FE,2024w50,2024-12-09
108,0.1024385538493171,-0.5428833516426315,0.7477604593412657,0.712,so2,M8: AugSynth_FE Centro (Bel. dropped),AugSynth_FE,2024w51,2024-12-16
109,0.6688110661888687,0,1.3141329716808172,0.094,so2,M8: AugSynth_FE Centro (Bel. dropped),AugSynth_FE,2024w52,2024-12-23
110,0.12424799495045802,-0.5210739105414905,0.7695699004424066,0.725,so2,M8: AugSynth_FE Centro (Bel. dropped),AugSynth_FE,2025w01,2024-12-30
111,0.2239898727122931,-0.4213320327796555,0.8693117782042417,0.459,so2,M8: AugSynth_FE Centro (Bel. dropped),AugSynth_FE,2025w02,2025-01-06
112,0.08841637527849078,-0.5569055302134578,0.7337382807704393,0.763,so2,M8: AugSynth_FE Centro (Bel. dropped),AugSynth_FE,2025w03,2025-01-13
113,0.016027218302431034,-0.6292946871895175,0.6613491237943796,0.943,so2,M8: AugSynth_FE Centro (Bel. dropped),AugSynth_FE,2025w04,2025-01-20
114,0.21941229189390965,-0.4259096135980389,0.8647341973858582,0.446,so2,M8: AugSynth_FE Centro (Bel. dropped),AugSynth_FE,2025w05,2025-01-27
115,0.7169381980013205,0,1.362260103493269,0.086,so2,M8: AugSynth_FE Centro (Bel. dropped),AugSynth_FE,2025w06,2025-02-03
116,0.4657273457269462,-0.17959455976500238,1.1110492512188948,0.213,so2,M8: AugSynth_FE Centro (Bel. dropped),AugSynth_FE,2025w07,2025-02-10
117,0.0474346538601742,-0.5978872516317744,0.6927565593521228,0.845,so2,M8: AugSynth_FE Centro (Bel. dropped),AugSynth_FE,2025w08,2025-02-17
118,0.14656813363799803,-0.49875377185395053,0.7918900391299466,0.669,so2,M8: AugSynth_FE Centro (Bel. dropped),AugSynth_FE,2025w09,2025-02-24
119,0.3060007523450241,-0.33932115314692446,0.9513226578369727,0.327,so2,M8: AugSynth_FE Centro (Bel. dropped),AugSynth_FE,2025w10,2025-03-03
120,0.4768070379141327,-0.16851486757781586,1.1221289434060813,0.222,so2,M8: AugSynth_FE Centro (Bel. dropped),AugSynth_FE,2025w11,2025-03-10
121,0.12472788050367045,-0.5205940249882781,0.770049785995619,0.682,so2,M8: AugSynth_FE Centro (Bel. dropped),AugSynth_FE,2025w12,2025-03-17
122,-0.18351684399572243,-0.828838749487671,0.46180506149622613,0.551,so2,M8: AugSynth_FE Centro (Bel. dropped),AugSynth_FE,2025w13,2025-03-24
123,-0.8242196053704202,-1.4695415108623688,-0.1788976998784716,0.016,so2,M8: AugSynth_FE Centro (Bel. dropped),AugSynth_FE,2025w14,2025-03-31
124,-0.8192775608506286,-1.4645994663425772,-0.17395565535868007,0.017,so2,M8: AugSynth_FE Centro (Bel. dropped),AugSynth_FE,2025w15,2025-04-07
125,-0.26375115802051985,-0.9090730635124684,0.3815707474714287,0.387,so2,M8: AugSynth_FE Centro (Bel. dropped),AugSynth_FE,2025w16,2025-04-14
126,0.08353596762755533,-0.5617859378643932,0.7288578731195039,0.792,so2,M8: AugSynth_FE Centro (Bel. dropped),AugSynth_FE,2025w17,2025-04-21
127,0.31289076558623496,-0.3324311399057136,0.9582126710781835,0.34,so2,M8: AugSynth_FE Centro (Bel. dropped),AugSynth_FE,2025w18,2025-04-28
128,-0.10987505252380436,-0.7551969580157529,0.5354468529681442,0.725,so2,M8: AugSynth_FE Centro (Bel. dropped),AugSynth_FE,2025w19,2025-05-05
129,0.20665017036845734,-0.4386717351234912,0.8519720758604059,0.581,so2,M8: AugSynth_FE Centro (Bel. dropped),AugSynth_FE,2025w20,2025-05-12
130,0.05383708391764919,-0.5914848215742994,0.6991589894095978,0.848,so2,M8: AugSynth_FE Centro (Bel. dropped),AugSynth_FE,2025w21,2025-05-19
131,0.4400868955476209,-0.20523500994432764,1.0854088010395695,0.216,so2,M8: AugSynth_FE Centro (Bel. dropped),AugSynth_FE,2025w22,2025-05-26
132,0.5878274915994506,-0.057494413892497986,1.2331493970913991,0.115,so2,M8: AugSynth_FE Centro (Bel. dropped),AugSynth_FE,2025w23,2025-06-02
133,0.08843815505134955,-0.556883750440599,0.7337600605432981,0.771,so2,M8: AugSynth_FE Centro (Bel. dropped),AugSynth_FE,2025w24,2025-06-09
134,-0.4073837718596147,-1.0527056773515633,0.23793813363233385,0.26,so2,M8: AugSynth_FE Centro (Bel. dropped),AugSynth_FE,2025w25,2025-06-16
1,-0.4855233143504252,NA,NA,NA,so2,M8b: AugSynth_FE Centro (Bel. in pool),AugSynth_FE,2022w48,2022-11-28
2,-0.2331271937149717,NA,NA,NA,so2,M8b: AugSynth_FE Centro (Bel. in pool),AugSynth_FE,2022w49,2022-12-05
3,-0.1267197058598326,NA,NA,NA,so2,M8b: AugSynth_FE Centro (Bel. in pool),AugSynth_FE,2022w50,2022-12-12
4,-0.11103126772519012,NA,NA,NA,so2,M8b: AugSynth_FE Centro (Bel. in pool),AugSynth_FE,2022w51,2022-12-19
5,0.13940797458118648,NA,NA,NA,so2,M8b: AugSynth_FE Centro (Bel. in pool),AugSynth_FE,2022w52,2022-12-26
6,0.07265280065292368,NA,NA,NA,so2,M8b: AugSynth_FE Centro (Bel. in pool),AugSynth_FE,2023w01,2023-01-02
7,0.21961131915985077,NA,NA,NA,so2,M8b: AugSynth_FE Centro (Bel. in pool),AugSynth_FE,2023w02,2023-01-09
8,0.13386028048509546,NA,NA,NA,so2,M8b: AugSynth_FE Centro (Bel. in pool),AugSynth_FE,2023w03,2023-01-16
9,0.17638770757528133,NA,NA,NA,so2,M8b: AugSynth_FE Centro (Bel. in pool),AugSynth_FE,2023w04,2023-01-23
10,-0.09519598182421984,NA,NA,NA,so2,M8b: AugSynth_FE Centro (Bel. in pool),AugSynth_FE,2023w05,2023-01-30
11,0.0354796166751532,NA,NA,NA,so2,M8b: AugSynth_FE Centro (Bel. in pool),AugSynth_FE,2023w06,2023-02-06
12,0.024983527932023186,NA,NA,NA,so2,M8b: AugSynth_FE Centro (Bel. in pool),AugSynth_FE,2023w07,2023-02-13
13,0.1509942075141728,NA,NA,NA,so2,M8b: AugSynth_FE Centro (Bel. in pool),AugSynth_FE,2023w08,2023-02-20
14,-0.15684846283442822,NA,NA,NA,so2,M8b: AugSynth_FE Centro (Bel. in pool),AugSynth_FE,2023w09,2023-02-27
15,0.2941743237376746,NA,NA,NA,so2,M8b: AugSynth_FE Centro (Bel. in pool),AugSynth_FE,2023w10,2023-03-06
16,0.2896486723126934,NA,NA,NA,so2,M8b: AugSynth_FE Centro (Bel. in pool),AugSynth_FE,2023w11,2023-03-13
17,0.2268659528809056,NA,NA,NA,so2,M8b: AugSynth_FE Centro (Bel. in pool),AugSynth_FE,2023w12,2023-03-20
18,0.31454720449246354,NA,NA,NA,so2,M8b: AugSynth_FE Centro (Bel. in pool),AugSynth_FE,2023w13,2023-03-27
19,0.519657088923474,NA,NA,NA,so2,M8b: AugSynth_FE Centro (Bel. in pool),AugSynth_FE,2023w14,2023-04-03
20,0.2490253358888168,NA,NA,NA,so2,M8b: AugSynth_FE Centro (Bel. in pool),AugSynth_FE,2023w15,2023-04-10
21,0.15965988790290142,NA,NA,NA,so2,M8b: AugSynth_FE Centro (Bel. in pool),AugSynth_FE,2023w16,2023-04-17
22,0.07526632542550415,NA,NA,NA,so2,M8b: AugSynth_FE Centro (Bel. in pool),AugSynth_FE,2023w17,2023-04-24
23,-0.34989122077807955,NA,NA,NA,so2,M8b: AugSynth_FE Centro (Bel. in pool),AugSynth_FE,2023w18,2023-05-01
24,-0.09227208458999558,NA,NA,NA,so2,M8b: AugSynth_FE Centro (Bel. in pool),AugSynth_FE,2023w19,2023-05-08
25,-0.10009490073124327,NA,NA,NA,so2,M8b: AugSynth_FE Centro (Bel. in pool),AugSynth_FE,2023w20,2023-05-15
26,-0.006027461831085379,NA,NA,NA,so2,M8b: AugSynth_FE Centro (Bel. in pool),AugSynth_FE,2023w21,2023-05-22
27,0.05593341964778631,NA,NA,NA,so2,M8b: AugSynth_FE Centro (Bel. in pool),AugSynth_FE,2023w22,2023-05-29
28,0.12777033391704906,NA,NA,NA,so2,M8b: AugSynth_FE Centro (Bel. in pool),AugSynth_FE,2023w23,2023-06-05
29,0.0703324096079303,NA,NA,NA,so2,M8b: AugSynth_FE Centro (Bel. in pool),AugSynth_FE,2023w24,2023-06-12
30,-0.07312022804632035,NA,NA,NA,so2,M8b: AugSynth_FE Centro (Bel. in pool),AugSynth_FE,2023w25,2023-06-19
31,-0.008600874626105481,NA,NA,NA,so2,M8b: AugSynth_FE Centro (Bel. in pool),AugSynth_FE,2023w26,2023-06-26
32,0.18356652592939193,NA,NA,NA,so2,M8b: AugSynth_FE Centro (Bel. in pool),AugSynth_FE,2023w27,2023-07-03
33,-0.015228702154390428,NA,NA,NA,so2,M8b: AugSynth_FE Centro (Bel. in pool),AugSynth_FE,2023w28,2023-07-10
34,0.0216222044841472,NA,NA,NA,so2,M8b: AugSynth_FE Centro (Bel. in pool),AugSynth_FE,2023w29,2023-07-17
35,-0.04401122099069732,NA,NA,NA,so2,M8b: AugSynth_FE Centro (Bel. in pool),AugSynth_FE,2023w30,2023-07-24
36,-0.3316506991709737,NA,NA,NA,so2,M8b: AugSynth_FE Centro (Bel. in pool),AugSynth_FE,2023w31,2023-07-31
37,-0.5501971392241093,NA,NA,NA,so2,M8b: AugSynth_FE Centro (Bel. in pool),AugSynth_FE,2023w32,2023-08-07
38,-0.09160717193105183,NA,NA,NA,so2,M8b: AugSynth_FE Centro (Bel. in pool),AugSynth_FE,2023w33,2023-08-14
39,0.068160091171233,NA,NA,NA,so2,M8b: AugSynth_FE Centro (Bel. in pool),AugSynth_FE,2023w34,2023-08-21
40,-0.41946986371331096,NA,NA,NA,so2,M8b: AugSynth_FE Centro (Bel. in pool),AugSynth_FE,2023w35,2023-08-28
41,-0.3992176109027601,NA,NA,NA,so2,M8b: AugSynth_FE Centro (Bel. in pool),AugSynth_FE,2023w36,2023-09-04
42,-0.4032654631514674,NA,NA,NA,so2,M8b: AugSynth_FE Centro (Bel. in pool),AugSynth_FE,2023w37,2023-09-11
43,0.11012849205504205,NA,NA,NA,so2,M8b: AugSynth_FE Centro (Bel. in pool),AugSynth_FE,2023w38,2023-09-18
44,0.08520255386846332,NA,NA,NA,so2,M8b: AugSynth_FE Centro (Bel. in pool),AugSynth_FE,2023w39,2023-09-25
45,-0.002414350410242516,NA,NA,NA,so2,M8b: AugSynth_FE Centro (Bel. in pool),AugSynth_FE,2023w40,2023-10-02
46,-0.0019432420220444335,NA,NA,NA,so2,M8b: AugSynth_FE Centro (Bel. in pool),AugSynth_FE,2023w41,2023-10-09
47,-0.1335324799599229,NA,NA,NA,so2,M8b: AugSynth_FE Centro (Bel. in pool),AugSynth_FE,2023w42,2023-10-16
48,0.023649415633627102,NA,NA,NA,so2,M8b: AugSynth_FE Centro (Bel. in pool),AugSynth_FE,2023w43,2023-10-23
49,0.44737271022962855,NA,NA,NA,so2,M8b: AugSynth_FE Centro (Bel. in pool),AugSynth_FE,2023w44,2023-10-30
50,-0.2460159794317891,NA,NA,NA,so2,M8b: AugSynth_FE Centro (Bel. in pool),AugSynth_FE,2023w45,2023-11-06
51,0.06763652004202902,NA,NA,NA,so2,M8b: AugSynth_FE Centro (Bel. in pool),AugSynth_FE,2023w46,2023-11-13
52,0.13340971724820583,NA,NA,NA,so2,M8b: AugSynth_FE Centro (Bel. in pool),AugSynth_FE,2023w47,2023-11-20
53,0.1275943843251226,-0.46565671278354126,0.7208454814337865,0.589,so2,M8b: AugSynth_FE Centro (Bel. in pool),AugSynth_FE,2023w48,2023-11-27
54,-0.26006529071327367,-0.7316238550816987,0.27233954002527083,0.261,so2,M8b: AugSynth_FE Centro (Bel. in pool),AugSynth_FE,2023w49,2023-12-04
55,0.2435118054392187,-0.3497392916694452,0.806339769362823,0.31,so2,M8b: AugSynth_FE Centro (Bel. in pool),AugSynth_FE,2023w50,2023-12-11
56,0.030005379340998672,-0.5023994513975458,0.5624102100795433,0.831,so2,M8b: AugSynth_FE Centro (Bel. in pool),AugSynth_FE,2023w51,2023-12-18
57,0.10933995145547115,-0.4839111456531927,0.6417447821940158,0.607,so2,M8b: AugSynth_FE Centro (Bel. in pool),AugSynth_FE,2023w52,2023-12-25
58,0.2327943273272559,-0.33003363659634827,0.7651991580658005,0.32,so2,M8b: AugSynth_FE Centro (Bel. in pool),AugSynth_FE,2024w01,2024-01-01
59,0.05458032845534677,-0.44740136909813805,0.5869851591938914,0.824,so2,M8b: AugSynth_FE Centro (Bel. in pool),AugSynth_FE,2024w02,2024-01-08
60,0.3591121885208317,-0.2645620417728919,0.9523632856294953,0.213,so2,M8b: AugSynth_FE Centro (Bel. in pool),AugSynth_FE,2024w03,2024-01-15
61,0.15252558203410804,-0.37987924870443646,0.6849304127726527,0.433,so2,M8b: AugSynth_FE Centro (Bel. in pool),AugSynth_FE,2024w04,2024-01-22
62,0.025230401769271937,-0.4463281625991532,0.5576352325078165,0.858,so2,M8b: AugSynth_FE Centro (Bel. in pool),AugSynth_FE,2024w05,2024-01-29
63,0.12065297682606868,-0.4421749870975355,0.683480940749673,0.565,so2,M8b: AugSynth_FE Centro (Bel. in pool),AugSynth_FE,2024w06,2024-02-05
64,0.235621252495958,-0.35762984461270586,0.7680260832345026,0.329,so2,M8b: AugSynth_FE Centro (Bel. in pool),AugSynth_FE,2024w07,2024-02-12
65,0.18776442606962163,-0.40548667103904223,0.7201692568081662,0.355,so2,M8b: AugSynth_FE Centro (Bel. in pool),AugSynth_FE,2024w08,2024-02-19
66,0.2996100135406272,-0.23279481719791725,0.8320148442791718,0.214,so2,M8b: AugSynth_FE Centro (Bel. in pool),AugSynth_FE,2024w09,2024-02-26
67,0.1212773360460524,-0.4415506278775518,0.653682166784597,0.519,so2,M8b: AugSynth_FE Centro (Bel. in pool),AugSynth_FE,2024w10,2024-03-04
68,0.10627279132651313,-0.42613203941203137,0.6386776220650577,0.595,so2,M8b: AugSynth_FE Centro (Bel. in pool),AugSynth_FE,2024w11,2024-03-11
69,-0.1793702567113118,-0.6813519542647966,0.3530345740272328,0.391,so2,M8b: AugSynth_FE Centro (Bel. in pool),AugSynth_FE,2024w12,2024-03-18
70,0.1431713543499631,-0.35881034320352173,0.645153051903448,0.495,so2,M8b: AugSynth_FE Centro (Bel. in pool),AugSynth_FE,2024w13,2024-03-25
71,0.5293569985341404,-0.033470965389463814,1.061761829272685,0.06,so2,M8b: AugSynth_FE Centro (Bel. in pool),AugSynth_FE,2024w14,2024-04-01
72,0.08279654144324677,-0.4800314224803574,0.6152013721817914,0.675,so2,M8b: AugSynth_FE Centro (Bel. in pool),AugSynth_FE,2024w15,2024-04-08
73,-0.10747333626129918,-0.6703013001849034,0.42493149447724543,0.586,so2,M8b: AugSynth_FE Centro (Bel. in pool),AugSynth_FE,2024w16,2024-04-15
74,0.0903882109656855,-0.4115934865877993,0.6227930417042301,0.64,so2,M8b: AugSynth_FE Centro (Bel. in pool),AugSynth_FE,2024w17,2024-04-22
75,-0.16293697112923233,-0.6649186686827171,0.3694678596093123,0.385,so2,M8b: AugSynth_FE Centro (Bel. in pool),AugSynth_FE,2024w18,2024-04-29
76,0.014222692436989703,-0.4877590051164951,0.5466275231755343,0.911,so2,M8b: AugSynth_FE Centro (Bel. in pool),AugSynth_FE,2024w19,2024-05-06
77,-0.3293712736201626,-0.8313529711736475,0.2030335571183819,0.21,so2,M8b: AugSynth_FE Centro (Bel. in pool),AugSynth_FE,2024w20,2024-05-13
78,-0.8116239234919403,-1.3136056210454252,-0.27921909275339574,0.018,so2,M8b: AugSynth_FE Centro (Bel. in pool),AugSynth_FE,2024w21,2024-05-20
79,-0.5402042748755773,-1.1030322387991816,-0.007799444137032818,0.036,so2,M8b: AugSynth_FE Centro (Bel. in pool),AugSynth_FE,2024w22,2024-05-27
80,-0.7031969394863781,-1.3268711697801017,-0.049099576007594736,0.019,so2,M8b: AugSynth_FE Centro (Bel. in pool),AugSynth_FE,2024w23,2024-06-03
81,-0.4050619664206112,-1.0591593298993944,0.27945853024323153,0.224,so2,M8b: AugSynth_FE Centro (Bel. in pool),AugSynth_FE,2024w24,2024-06-10
82,-0.4698878632111452,-1.0022926939496897,0.03209383434233981,0.108,so2,M8b: AugSynth_FE Centro (Bel. in pool),AugSynth_FE,2024w25,2024-06-17
83,-0.11088241643983299,-0.6432872471783775,0.4215224142987116,0.569,so2,M8b: AugSynth_FE Centro (Bel. in pool),AugSynth_FE,2024w26,2024-06-24
84,-0.14164363196600016,-0.7044715958896044,0.39076119877254445,0.521,so2,M8b: AugSynth_FE Centro (Bel. in pool),AugSynth_FE,2024w27,2024-07-01
85,-0.4642049783685418,-0.9966098091070864,0.0681998523700027,0.096,so2,M8b: AugSynth_FE Centro (Bel. in pool),AugSynth_FE,2024w28,2024-07-08
86,-0.29735883056036094,-0.8906099276690249,0.2654691333632433,0.235,so2,M8b: AugSynth_FE Centro (Bel. in pool),AugSynth_FE,2024w29,2024-07-15
87,-0.3420464387271709,-0.8744512694657155,0.22078152519643335,0.202,so2,M8b: AugSynth_FE Centro (Bel. in pool),AugSynth_FE,2024w30,2024-07-22
88,-0.19845430042087608,-0.8221285307145997,0.3947967966877878,0.342,so2,M8b: AugSynth_FE Centro (Bel. in pool),AugSynth_FE,2024w31,2024-07-29
89,-0.317252492153383,-0.8800804560769871,0.21515233858516147,0.244,so2,M8b: AugSynth_FE Centro (Bel. in pool),AugSynth_FE,2024w32,2024-08-05
90,-0.0371560760334797,-0.6608303063272033,0.5865181542602439,0.855,so2,M8b: AugSynth_FE Centro (Bel. in pool),AugSynth_FE,2024w33,2024-08-12
91,0.15712042653453673,-0.40570753738906745,0.6895252572730813,0.467,so2,M8b: AugSynth_FE Centro (Bel. in pool),AugSynth_FE,2024w34,2024-08-19
92,0.396050972776534,-0.2580463907022493,1.0197252030702573,0.182,so2,M8b: AugSynth_FE Centro (Bel. in pool),AugSynth_FE,2024w35,2024-08-26
93,-0.12008823316848449,-0.652493063907029,0.4123165975700601,0.54,so2,M8b: AugSynth_FE Centro (Bel. in pool),AugSynth_FE,2024w36,2024-09-02
94,-0.02721320114925385,-0.6204642982579177,0.56603789595941,0.867,so2,M8b: AugSynth_FE Centro (Bel. in pool),AugSynth_FE,2024w37,2024-09-09
95,-0.06266630312680443,-0.6559174002354683,0.4697385276117402,0.779,so2,M8b: AugSynth_FE Centro (Bel. in pool),AugSynth_FE,2024w38,2024-09-16
96,0.14988463050362277,-0.4129433334199814,0.7127125944272271,0.44,so2,M8b: AugSynth_FE Centro (Bel. in pool),AugSynth_FE,2024w39,2024-09-23
97,0.08747897817930683,-0.44492585255923767,0.5894606757327917,0.648,so2,M8b: AugSynth_FE Centro (Bel. in pool),AugSynth_FE,2024w40,2024-09-30
98,-0.13189938371078158,-0.6643042144493261,0.4613517133978823,0.526,so2,M8b: AugSynth_FE Centro (Bel. in pool),AugSynth_FE,2024w41,2024-10-07
99,-0.5944597782628358,-1.1268646090013803,-0.03163181433923179,0.012,so2,M8b: AugSynth_FE Centro (Bel. in pool),AugSynth_FE,2024w42,2024-10-14
100,-0.4294779299575484,-0.9618827606960929,0.1333500339660556,0.131,so2,M8b: AugSynth_FE Centro (Bel. in pool),AugSynth_FE,2024w43,2024-10-21
101,-0.2778812411867657,-0.8407092051103698,0.2849467227368383,0.252,so2,M8b: AugSynth_FE Centro (Bel. in pool),AugSynth_FE,2024w44,2024-10-28
102,0.024915727970050483,-0.507489102768494,0.5573205587085951,0.857,so2,M8b: AugSynth_FE Centro (Bel. in pool),AugSynth_FE,2024w45,2024-11-04
103,-0.014052863099987434,-0.5160345606534722,0.5183519676385572,0.935,so2,M8b: AugSynth_FE Centro (Bel. in pool),AugSynth_FE,2024w46,2024-11-11
104,-0.007863550859225743,-0.5402683815977702,0.5245412798793189,0.93,so2,M8b: AugSynth_FE Centro (Bel. in pool),AugSynth_FE,2024w47,2024-11-18
105,-0.04548401263436963,-0.5778888433729141,0.5173439512892347,0.812,so2,M8b: AugSynth_FE Centro (Bel. in pool),AugSynth_FE,2024w48,2024-11-25
106,0.2590715219042461,-0.3037564420193581,0.7914763526427907,0.295,so2,M8b: AugSynth_FE Centro (Bel. in pool),AugSynth_FE,2024w49,2024-12-02
107,0.11751660353245885,-0.475734493576205,0.6803445674560632,0.586,so2,M8b: AugSynth_FE Centro (Bel. in pool),AugSynth_FE,2024w50,2024-12-09
108,0.1924485338728419,-0.30953316368064293,0.7248533646113865,0.308,so2,M8b: AugSynth_FE Centro (Bel. in pool),AugSynth_FE,2024w51,2024-12-16
109,0.3310098851020564,-0.23181807882154776,0.9242609822107205,0.209,so2,M8b: AugSynth_FE Centro (Bel. in pool),AugSynth_FE,2024w52,2024-12-23
110,0.22378222475797882,-0.33904573916562536,0.8170333218666427,0.343,so2,M8b: AugSynth_FE Centro (Bel. in pool),AugSynth_FE,2025w01,2024-12-30
111,0.22034067675447044,-0.2816410207990144,0.7831686406780748,0.329,so2,M8b: AugSynth_FE Centro (Bel. in pool),AugSynth_FE,2025w02,2025-01-06
112,0.1852770387514715,-0.347127791987073,0.7176818694900161,0.366,so2,M8b: AugSynth_FE Centro (Bel. in pool),AugSynth_FE,2025w03,2025-01-13
113,0.19385681964121848,-0.30812487791226634,0.7262616503797631,0.377,so2,M8b: AugSynth_FE Centro (Bel. in pool),AugSynth_FE,2025w04,2025-01-20
114,0.3246939290250406,-0.26855716808362334,0.857098759763585,0.211,so2,M8b: AugSynth_FE Centro (Bel. in pool),AugSynth_FE,2025w05,2025-01-27
115,0.5343641363963569,0,1.0667689671349017,0.051,so2,M8b: AugSynth_FE Centro (Bel. in pool),AugSynth_FE,2025w06,2025-02-03
116,1.201338267687395,0.608087170578731,1.7641662316109987,0.015,so2,M8b: AugSynth_FE Centro (Bel. in pool),AugSynth_FE,2025w07,2025-02-10
117,0.5137218501058063,-0.07952924700285763,1.0461266808443508,0.078,so2,M8b: AugSynth_FE Centro (Bel. in pool),AugSynth_FE,2025w08,2025-02-17
118,0.5840663604680371,-0.03960786982568651,1.177317457576701,0.072,so2,M8b: AugSynth_FE Centro (Bel. in pool),AugSynth_FE,2025w09,2025-02-24
119,0.8638953001587767,0.24022106986505312,1.4571463972674406,0.013,so2,M8b: AugSynth_FE Centro (Bel. in pool),AugSynth_FE,2025w10,2025-03-03
120,0.9064556915003514,0.2827814612066279,1.469283655423956,0.015,so2,M8b: AugSynth_FE Centro (Bel. in pool),AugSynth_FE,2025w11,2025-03-10
121,0.35797700156925294,-0.17442782916929161,0.8903818323077973,0.163,so2,M8b: AugSynth_FE Centro (Bel. in pool),AugSynth_FE,2025w12,2025-03-17
122,0.05281291511729069,-0.5100150488063135,0.5852177458558353,0.788,so2,M8b: AugSynth_FE Centro (Bel. in pool),AugSynth_FE,2025w13,2025-03-24
123,-0.5745540381498871,-1.167805135258551,-0.04214920741134254,0.04,so2,M8b: AugSynth_FE Centro (Bel. in pool),AugSynth_FE,2025w14,2025-03-31
124,-0.6028167435810949,-1.1352215743196394,-0.07041191284255044,0.012,so2,M8b: AugSynth_FE Centro (Bel. in pool),AugSynth_FE,2025w15,2025-04-07
125,-0.017310780516709645,-0.5497156112552541,0.515094050221835,0.909,so2,M8b: AugSynth_FE Centro (Bel. in pool),AugSynth_FE,2025w16,2025-04-14
126,0.11463356585660844,-0.3873481316968764,0.647038396595153,0.562,so2,M8b: AugSynth_FE Centro (Bel. in pool),AugSynth_FE,2025w17,2025-04-21
127,0.4673831368411363,-0.09544482708246793,0.9997879675796807,0.119,so2,M8b: AugSynth_FE Centro (Bel. in pool),AugSynth_FE,2025w18,2025-04-28
128,0.06697719432296867,-0.43500450323051615,0.5689588918764535,0.792,so2,M8b: AugSynth_FE Centro (Bel. in pool),AugSynth_FE,2025w19,2025-05-05
129,0.4088700313740967,-0.15395793254950751,0.9716979952977006,0.152,so2,M8b: AugSynth_FE Centro (Bel. in pool),AugSynth_FE,2025w20,2025-05-12
130,0.34182793016950175,-0.19057690056904272,0.8438096277229868,0.151,so2,M8b: AugSynth_FE Centro (Bel. in pool),AugSynth_FE,2025w21,2025-05-19
131,0.7230442529780755,0.190639422239531,1.2858722169016799,0.018,so2,M8b: AugSynth_FE Centro (Bel. in pool),AugSynth_FE,2025w22,2025-05-26
132,0.7603328337071547,0.2279280029686101,1.2623145312606394,0.026,so2,M8b: AugSynth_FE Centro (Bel. in pool),AugSynth_FE,2025w23,2025-06-02
133,0.3857238483614367,-0.17710411556216749,0.9181286790999813,0.157,so2,M8b: AugSynth_FE Centro (Bel. in pool),AugSynth_FE,2025w24,2025-06-09
134,0.12958975928768612,-0.46366133782097774,0.6924177232112905,0.54,so2,M8b: AugSynth_FE Centro (Bel. in pool),AugSynth_FE,2025w25,2025-06-16
1,0.200951981248777,NA,NA,NA,so2,M9: AugSynth_FE Belisario (Centro dropped),AugSynth_FE,2022w48,2022-11-28
2,0.03796373272799114,NA,NA,NA,so2,M9: AugSynth_FE Belisario (Centro dropped),AugSynth_FE,2022w49,2022-12-05
3,-0.15342711721016222,NA,NA,NA,so2,M9: AugSynth_FE Belisario (Centro dropped),AugSynth_FE,2022w50,2022-12-12
4,-0.07470070885371527,NA,NA,NA,so2,M9: AugSynth_FE Belisario (Centro dropped),AugSynth_FE,2022w51,2022-12-19
5,-0.47085607388424,NA,NA,NA,so2,M9: AugSynth_FE Belisario (Centro dropped),AugSynth_FE,2022w52,2022-12-26
6,-0.2351950769044613,NA,NA,NA,so2,M9: AugSynth_FE Belisario (Centro dropped),AugSynth_FE,2023w01,2023-01-02
7,-0.17057616337519965,NA,NA,NA,so2,M9: AugSynth_FE Belisario (Centro dropped),AugSynth_FE,2023w02,2023-01-09
8,-0.22168131722028628,NA,NA,NA,so2,M9: AugSynth_FE Belisario (Centro dropped),AugSynth_FE,2023w03,2023-01-16
9,-0.32359633769782414,NA,NA,NA,so2,M9: AugSynth_FE Belisario (Centro dropped),AugSynth_FE,2023w04,2023-01-23
10,0.15310827274339256,NA,NA,NA,so2,M9: AugSynth_FE Belisario (Centro dropped),AugSynth_FE,2023w05,2023-01-30
11,0.13611911810046706,NA,NA,NA,so2,M9: AugSynth_FE Belisario (Centro dropped),AugSynth_FE,2023w06,2023-02-06
12,0.19302460093786555,NA,NA,NA,so2,M9: AugSynth_FE Belisario (Centro dropped),AugSynth_FE,2023w07,2023-02-13
13,0.11408889458602434,NA,NA,NA,so2,M9: AugSynth_FE Belisario (Centro dropped),AugSynth_FE,2023w08,2023-02-20
14,0.05760178745409483,NA,NA,NA,so2,M9: AugSynth_FE Belisario (Centro dropped),AugSynth_FE,2023w09,2023-02-27
15,0.278379887141484,NA,NA,NA,so2,M9: AugSynth_FE Belisario (Centro dropped),AugSynth_FE,2023w10,2023-03-06
16,0.043459032176976775,NA,NA,NA,so2,M9: AugSynth_FE Belisario (Centro dropped),AugSynth_FE,2023w11,2023-03-13
17,-0.00611060414326392,NA,NA,NA,so2,M9: AugSynth_FE Belisario (Centro dropped),AugSynth_FE,2023w12,2023-03-20
18,0.17965407576687542,NA,NA,NA,so2,M9: AugSynth_FE Belisario (Centro dropped),AugSynth_FE,2023w13,2023-03-27
19,0.19769978734938354,NA,NA,NA,so2,M9: AugSynth_FE Belisario (Centro dropped),AugSynth_FE,2023w14,2023-04-03
20,0.13662617225605733,NA,NA,NA,so2,M9: AugSynth_FE Belisario (Centro dropped),AugSynth_FE,2023w15,2023-04-10
21,0.15046170518806523,NA,NA,NA,so2,M9: AugSynth_FE Belisario (Centro dropped),AugSynth_FE,2023w16,2023-04-17
22,0.10871028963305873,NA,NA,NA,so2,M9: AugSynth_FE Belisario (Centro dropped),AugSynth_FE,2023w17,2023-04-24
23,-0.17503269131192178,NA,NA,NA,so2,M9: AugSynth_FE Belisario (Centro dropped),AugSynth_FE,2023w18,2023-05-01
24,-0.03220278202281501,NA,NA,NA,so2,M9: AugSynth_FE Belisario (Centro dropped),AugSynth_FE,2023w19,2023-05-08
25,0.12203682696626861,NA,NA,NA,so2,M9: AugSynth_FE Belisario (Centro dropped),AugSynth_FE,2023w20,2023-05-15
26,0.27768017999572936,NA,NA,NA,so2,M9: AugSynth_FE Belisario (Centro dropped),AugSynth_FE,2023w21,2023-05-22
27,0.22421618624789352,NA,NA,NA,so2,M9: AugSynth_FE Belisario (Centro dropped),AugSynth_FE,2023w22,2023-05-29
28,0.2564290616652134,NA,NA,NA,so2,M9: AugSynth_FE Belisario (Centro dropped),AugSynth_FE,2023w23,2023-06-05
29,0.08012447944005463,NA,NA,NA,so2,M9: AugSynth_FE Belisario (Centro dropped),AugSynth_FE,2023w24,2023-06-12
30,0.10141932497786588,NA,NA,NA,so2,M9: AugSynth_FE Belisario (Centro dropped),AugSynth_FE,2023w25,2023-06-19
31,0.09084941296823956,NA,NA,NA,so2,M9: AugSynth_FE Belisario (Centro dropped),AugSynth_FE,2023w26,2023-06-26
32,0.1928460037609725,NA,NA,NA,so2,M9: AugSynth_FE Belisario (Centro dropped),AugSynth_FE,2023w27,2023-07-03
33,0.1010256375608618,NA,NA,NA,so2,M9: AugSynth_FE Belisario (Centro dropped),AugSynth_FE,2023w28,2023-07-10
34,0.3749966594850478,NA,NA,NA,so2,M9: AugSynth_FE Belisario (Centro dropped),AugSynth_FE,2023w29,2023-07-17
35,0.16497461428580595,NA,NA,NA,so2,M9: AugSynth_FE Belisario (Centro dropped),AugSynth_FE,2023w30,2023-07-24
36,0.22437315687662962,NA,NA,NA,so2,M9: AugSynth_FE Belisario (Centro dropped),AugSynth_FE,2023w31,2023-07-31
37,-0.21091358439811936,NA,NA,NA,so2,M9: AugSynth_FE Belisario (Centro dropped),AugSynth_FE,2023w32,2023-08-07
38,-0.07470282176358367,NA,NA,NA,so2,M9: AugSynth_FE Belisario (Centro dropped),AugSynth_FE,2023w33,2023-08-14
39,-0.06055505415848805,NA,NA,NA,so2,M9: AugSynth_FE Belisario (Centro dropped),AugSynth_FE,2023w34,2023-08-21
40,-0.11044583786699924,NA,NA,NA,so2,M9: AugSynth_FE Belisario (Centro dropped),AugSynth_FE,2023w35,2023-08-28
41,-0.14598611742927758,NA,NA,NA,so2,M9: AugSynth_FE Belisario (Centro dropped),AugSynth_FE,2023w36,2023-09-04
42,-0.2506640041358479,NA,NA,NA,so2,M9: AugSynth_FE Belisario (Centro dropped),AugSynth_FE,2023w37,2023-09-11
43,-0.030295838946166498,NA,NA,NA,so2,M9: AugSynth_FE Belisario (Centro dropped),AugSynth_FE,2023w38,2023-09-18
44,0.16761610219803136,NA,NA,NA,so2,M9: AugSynth_FE Belisario (Centro dropped),AugSynth_FE,2023w39,2023-09-25
45,0.31662843555186204,NA,NA,NA,so2,M9: AugSynth_FE Belisario (Centro dropped),AugSynth_FE,2023w40,2023-10-02
46,-0.570384679649542,NA,NA,NA,so2,M9: AugSynth_FE Belisario (Centro dropped),AugSynth_FE,2023w41,2023-10-09
47,-0.1444059092930794,NA,NA,NA,so2,M9: AugSynth_FE Belisario (Centro dropped),AugSynth_FE,2023w42,2023-10-16
48,-0.37810835865860737,NA,NA,NA,so2,M9: AugSynth_FE Belisario (Centro dropped),AugSynth_FE,2023w43,2023-10-23
49,-0.08026352170316287,NA,NA,NA,so2,M9: AugSynth_FE Belisario (Centro dropped),AugSynth_FE,2023w44,2023-10-30
50,-0.581810549563333,NA,NA,NA,so2,M9: AugSynth_FE Belisario (Centro dropped),AugSynth_FE,2023w45,2023-11-06
51,-0.08623111498252678,NA,NA,NA,so2,M9: AugSynth_FE Belisario (Centro dropped),AugSynth_FE,2023w46,2023-11-13
52,-0.09491915411835805,NA,NA,NA,so2,M9: AugSynth_FE Belisario (Centro dropped),AugSynth_FE,2023w47,2023-11-20
53,-0.21320067011711985,-0.767780875492323,0.36497869293362384,0.409,so2,M9: AugSynth_FE Belisario (Centro dropped),AugSynth_FE,2023w48,2023-11-27
54,-0.003310390454144052,-0.5814897535048877,0.5748689725965996,1,so2,M9: AugSynth_FE Belisario (Centro dropped),AugSynth_FE,2023w49,2023-12-04
55,-0.3106361338972059,-0.8888154969479496,0.2203449138024567,0.198,so2,M9: AugSynth_FE Belisario (Centro dropped),AugSynth_FE,2023w50,2023-12-11
56,0.03363166494429959,-0.5445476981064441,0.6118110279950433,0.982,so2,M9: AugSynth_FE Belisario (Centro dropped),AugSynth_FE,2023w51,2023-12-18
57,-0.15395819397388255,-0.7321375570246262,0.37702285372578004,0.623,so2,M9: AugSynth_FE Belisario (Centro dropped),AugSynth_FE,2023w52,2023-12-25
58,-0.018188914196940686,-0.5963682772476844,0.559990448853803,0.977,so2,M9: AugSynth_FE Belisario (Centro dropped),AugSynth_FE,2024w01,2024-01-01
59,-0.14964538244059167,-0.7278247454913354,0.428533980610152,0.58,so2,M9: AugSynth_FE Belisario (Centro dropped),AugSynth_FE,2024w02,2024-01-08
60,-0.4862209722962394,-1.064400335346983,0.06835923307896374,0.095,so2,M9: AugSynth_FE Belisario (Centro dropped),AugSynth_FE,2024w03,2024-01-15
61,-0.2745878844768599,-0.8527672475276036,0.3035914785738838,0.207,so2,M9: AugSynth_FE Belisario (Centro dropped),AugSynth_FE,2024w04,2024-01-22
62,-0.1503393919790179,-0.7285187550297616,0.4278399710717258,0.59,so2,M9: AugSynth_FE Belisario (Centro dropped),AugSynth_FE,2024w05,2024-01-29
63,-0.3306648630181286,-0.8852450683933317,0.2475145000326151,0.149,so2,M9: AugSynth_FE Belisario (Centro dropped),AugSynth_FE,2024w06,2024-02-05
64,-0.4036505346936621,-0.9818298977444058,0.1745288283570816,0.099,so2,M9: AugSynth_FE Belisario (Centro dropped),AugSynth_FE,2024w07,2024-02-12
65,-0.4181082574250472,-0.9490893051247098,0.16007110562569649,0.072,so2,M9: AugSynth_FE Belisario (Centro dropped),AugSynth_FE,2024w08,2024-02-19
66,-0.15686682055545131,-0.735046183606195,0.3977133848197518,0.519,so2,M9: AugSynth_FE Belisario (Centro dropped),AugSynth_FE,2024w09,2024-02-26
67,-0.2532707890118089,-0.8314501520625526,0.3249085740389348,0.216,so2,M9: AugSynth_FE Belisario (Centro dropped),AugSynth_FE,2024w10,2024-03-04
68,-0.15613188190620564,-0.7107120872814088,0.42204748114453805,0.531,so2,M9: AugSynth_FE Belisario (Centro dropped),AugSynth_FE,2024w11,2024-03-11
69,0.1318040848489095,-0.3991769628507531,0.6863842902241126,0.618,so2,M9: AugSynth_FE Belisario (Centro dropped),AugSynth_FE,2024w12,2024-03-18
70,0.2722843952756757,-0.30589496777506797,0.8504637583264194,0.209,so2,M9: AugSynth_FE Belisario (Centro dropped),AugSynth_FE,2024w13,2024-03-25
71,-0.08523923306797032,-0.663418596118714,0.49294012998277337,0.778,so2,M9: AugSynth_FE Belisario (Centro dropped),AugSynth_FE,2024w14,2024-04-01
72,-0.48075461268802244,-1.0589339757387661,0.0738255926871807,0.071,so2,M9: AugSynth_FE Belisario (Centro dropped),AugSynth_FE,2024w15,2024-04-08
73,0.11600854862008259,-0.4621708144306611,0.6705887539952857,0.702,so2,M9: AugSynth_FE Belisario (Centro dropped),AugSynth_FE,2024w16,2024-04-15
74,-0.09807205751284354,-0.6762514205635872,0.4565081478623596,0.699,so2,M9: AugSynth_FE Belisario (Centro dropped),AugSynth_FE,2024w17,2024-04-22
75,0.0289517138498252,-0.5492276492009185,0.5835319192250283,0.975,so2,M9: AugSynth_FE Belisario (Centro dropped),AugSynth_FE,2024w18,2024-04-29
76,-0.0783462055517683,-0.656525568602512,0.4998331574989754,0.839,so2,M9: AugSynth_FE Belisario (Centro dropped),AugSynth_FE,2024w19,2024-05-06
77,-0.02096720066509472,-0.5991465637158384,0.557212162385649,0.973,so2,M9: AugSynth_FE Belisario (Centro dropped),AugSynth_FE,2024w20,2024-05-13
78,-0.1138744600795214,-0.6920538231302651,0.4643049029712223,0.716,so2,M9: AugSynth_FE Belisario (Centro dropped),AugSynth_FE,2024w21,2024-05-20
79,-0.14681717195706256,-0.7249965350078063,0.4077630334181406,0.591,so2,M9: AugSynth_FE Belisario (Centro dropped),AugSynth_FE,2024w22,2024-05-27
80,0.38011125152547254,-0.19806811152527115,0.9582906145762162,0.143,so2,M9: AugSynth_FE Belisario (Centro dropped),AugSynth_FE,2024w23,2024-06-03
81,0.49917803334499056,-0.07900132970575313,1.0773573963957341,0.089,so2,M9: AugSynth_FE Belisario (Centro dropped),AugSynth_FE,2024w24,2024-06-10
82,0.10870263139103797,-0.4694767316597057,0.6396836790907006,0.703,so2,M9: AugSynth_FE Belisario (Centro dropped),AugSynth_FE,2024w25,2024-06-17
83,0.0943920642060363,-0.4837872988447074,0.67257142725678,0.781,so2,M9: AugSynth_FE Belisario (Centro dropped),AugSynth_FE,2024w26,2024-06-24
84,0.001912338584518336,-0.5762670244662254,0.580091701635262,1,so2,M9: AugSynth_FE Belisario (Centro dropped),AugSynth_FE,2024w27,2024-07-01
85,-0.11703948293215904,-0.6952188459829027,0.46113988011858464,0.711,so2,M9: AugSynth_FE Belisario (Centro dropped),AugSynth_FE,2024w28,2024-07-08
86,-0.02420544201543584,-0.6023848050661795,0.5539739210353078,0.982,so2,M9: AugSynth_FE Belisario (Centro dropped),AugSynth_FE,2024w29,2024-07-15
87,0.2047861586259252,-0.3733932044248185,0.7829655216766689,0.4,so2,M9: AugSynth_FE Belisario (Centro dropped),AugSynth_FE,2024w30,2024-07-22
88,0.5625553333584103,-0.015624029692333341,1.140734696409154,0.076,so2,M9: AugSynth_FE Belisario (Centro dropped),AugSynth_FE,2024w31,2024-07-29
89,0.15028364515144998,-0.4278957178992937,0.7284630082021937,0.583,so2,M9: AugSynth_FE Belisario (Centro dropped),AugSynth_FE,2024w32,2024-08-05
90,0.07936056176620143,-0.49881880128454226,0.6575399248169451,0.857,so2,M9: AugSynth_FE Belisario (Centro dropped),AugSynth_FE,2024w33,2024-08-12
91,0.03220681621402144,-0.54597254683672225,0.6103861792647651,0.984,so2,M9: AugSynth_FE Belisario (Centro dropped),AugSynth_FE,2024w34,2024-08-19
92,0.14448895429528297,-0.4336904087554607,0.7226683173460267,0.644,so2,M9: AugSynth_FE Belisario (Centro dropped),AugSynth_FE,2024w35,2024-08-26
93,-0.2495219888679827,-0.8277013519187264,0.328657374182761,0.242,so2,M9: AugSynth_FE Belisario (Centro dropped),AugSynth_FE,2024w36,2024-09-02
94,0.0573590975068099,-0.5208202655439338,0.6355384605575536,0.919,so2,M9: AugSynth_FE Belisario (Centro dropped),AugSynth_FE,2024w37,2024-09-09
95,-0.014167631518509971,-0.5687478368937131,0.5640117315322337,0.983,so2,M9: AugSynth_FE Belisario (Centro dropped),AugSynth_FE,2024w38,2024-09-16
96,-0.0305750943957257,-0.5851552997709288,0.547604268655018,0.978,so2,M9: AugSynth_FE Belisario (Centro dropped),AugSynth_FE,2024w39,2024-09-23
97,0.16582395305443054,-0.41235540999631315,0.7440033161051742,0.496,so2,M9: AugSynth_FE Belisario (Centro dropped),AugSynth_FE,2024w40,2024-09-30
98,0.2680970681186743,-0.3100822949320694,0.846276431169418,0.264,so2,M9: AugSynth_FE Belisario (Centro dropped),AugSynth_FE,2024w41,2024-10-07
99,-0.06883184940448128,-0.647011212455225,0.5093475136462624,0.871,so2,M9: AugSynth_FE Belisario (Centro dropped),AugSynth_FE,2024w42,2024-10-14
100,0.2870909252727385,-0.2910884377780052,0.8652702883234822,0.185,so2,M9: AugSynth_FE Belisario (Centro dropped),AugSynth_FE,2024w43,2024-10-21
101,-0.007330259960057317,-0.585509623010801,0.5708491030906864,0.984,so2,M9: AugSynth_FE Belisario (Centro dropped),AugSynth_FE,2024w44,2024-10-28
102,0.22057360692322603,-0.35760575612751766,0.7751538122984292,0.328,so2,M9: AugSynth_FE Belisario (Centro dropped),AugSynth_FE,2024w45,2024-11-04
103,0.03012767338213651,-0.5480516896686072,0.5847078787573396,0.978,so2,M9: AugSynth_FE Belisario (Centro dropped),AugSynth_FE,2024w46,2024-11-11
104,0.20545787076397626,-0.37272149228676743,0.7600380761391794,0.368,so2,M9: AugSynth_FE Belisario (Centro dropped),AugSynth_FE,2024w47,2024-11-18
105,0.2398491026150189,-0.3383302604357248,0.8180284656657626,0.298,so2,M9: AugSynth_FE Belisario (Centro dropped),AugSynth_FE,2024w48,2024-11-25
106,-0.0492218127542523,-0.627401175804996,0.5053583926209508,0.926,so2,M9: AugSynth_FE Belisario (Centro dropped),AugSynth_FE,2024w49,2024-12-02
107,-0.19303416083067537,-0.7712135238814191,0.3851452022200683,0.428,so2,M9: AugSynth_FE Belisario (Centro dropped),AugSynth_FE,2024w50,2024-12-09
108,-0.14473504187449837,-0.7229144049252421,0.40984516350070477,0.534,so2,M9: AugSynth_FE Belisario (Centro dropped),AugSynth_FE,2024w51,2024-12-16
109,0.36474947220589327,-0.21342989084485042,0.942928835256637,0.12,so2,M9: AugSynth_FE Belisario (Centro dropped),AugSynth_FE,2024w52,2024-12-23
110,-0.16986572454036608,-0.7480450875911098,0.4083136385103776,0.527,so2,M9: AugSynth_FE Belisario (Centro dropped),AugSynth_FE,2025w01,2024-12-30
111,-0.019201297670777384,-0.5973806607215211,0.5353789077044258,0.974,so2,M9: AugSynth_FE Belisario (Centro dropped),AugSynth_FE,2025w02,2025-01-06
112,-0.1178283680245169,-0.6960077310752606,0.4603509950262268,0.643,so2,M9: AugSynth_FE Belisario (Centro dropped),AugSynth_FE,2025w03,2025-01-13
113,-0.2857532595593091,-0.8639326226100528,0.2924261034914346,0.222,so2,M9: AugSynth_FE Belisario (Centro dropped),AugSynth_FE,2025w04,2025-01-20
114,-0.1650508439946683,-0.743230207045412,0.4131285190560754,0.494,so2,M9: AugSynth_FE Belisario (Centro dropped),AugSynth_FE,2025w05,2025-01-27
115,0.16246109435608913,-0.41571826869465456,0.7406404574068328,0.504,so2,M9: AugSynth_FE Belisario (Centro dropped),AugSynth_FE,2025w06,2025-02-03
116,-0.9667793197817535,-1.544958682832497,-0.3885999567310098,0.018,so2,M9: AugSynth_FE Belisario (Centro dropped),AugSynth_FE,2025w07,2025-02-10
117,-0.5075837440332776,-1.0857631070840212,0.07059561901746614,0.06,so2,M9: AugSynth_FE Belisario (Centro dropped),AugSynth_FE,2025w08,2025-02-17
118,-0.4212574775891129,-0.9994368406398566,0.10972357011054967,0.102,so2,M9: AugSynth_FE Belisario (Centro dropped),AugSynth_FE,2025w09,2025-02-24
119,-0.5726497474215194,-1.1508291104722632,0.0055296156292242715,0.053,so2,M9: AugSynth_FE Belisario (Centro dropped),AugSynth_FE,2025w10,2025-03-03
120,-0.4251536789068746,-1.0033330419576183,0.15302568414386908,0.06,so2,M9: AugSynth_FE Belisario (Centro dropped),AugSynth_FE,2025w11,2025-03-10
121,-0.17584002759789874,-0.7540193906486424,0.35514102010176385,0.517,so2,M9: AugSynth_FE Belisario (Centro dropped),AugSynth_FE,2025w12,2025-03-17
122,-0.1825420171451695,-0.7607213801959132,0.3956373459055742,0.452,so2,M9: AugSynth_FE Belisario (Centro dropped),AugSynth_FE,2025w13,2025-03-24
123,-0.2393769298821422,-0.8175562929328859,0.3388024331686015,0.293,so2,M9: AugSynth_FE Belisario (Centro dropped),AugSynth_FE,2025w14,2025-03-31
124,-0.32265871720336325,-0.8772389225785664,0.25552064584738043,0.155,so2,M9: AugSynth_FE Belisario (Centro dropped),AugSynth_FE,2025w15,2025-04-07
125,-0.33200174288547735,-0.910181105936221,0.2225784624897258,0.117,so2,M9: AugSynth_FE Belisario (Centro dropped),AugSynth_FE,2025w16,2025-04-14
126,-0.04792399614850007,-0.6261033591992438,0.5302553669022436,0.929,so2,M9: AugSynth_FE Belisario (Centro dropped),AugSynth_FE,2025w17,2025-04-21
127,-0.1921817687185663,-0.77036113176931,0.3859975943321774,0.405,so2,M9: AugSynth_FE Belisario (Centro dropped),AugSynth_FE,2025w18,2025-04-28
128,-0.26717496701017107,-0.8453543300609148,0.3110043960405726,0.167,so2,M9: AugSynth_FE Belisario (Centro dropped),AugSynth_FE,2025w19,2025-05-05
129,-0.3786969145831739,-0.933277119958377,0.1522841331164887,0.144,so2,M9: AugSynth_FE Belisario (Centro dropped),AugSynth_FE,2025w20,2025-05-12
130,-0.4104513860156578,-0.9886307490664015,0.14412881935954536,0.09,so2,M9: AugSynth_FE Belisario (Centro dropped),AugSynth_FE,2025w21,2025-05-19
131,-0.475352093820521,-1.0535314568712648,0.10282726923022267,0.078,so2,M9: AugSynth_FE Belisario (Centro dropped),AugSynth_FE,2025w22,2025-05-26
132,-0.33224694790844334,-0.8868271532836465,0.24593241514230035,0.157,so2,M9: AugSynth_FE Belisario (Centro dropped),AugSynth_FE,2025w23,2025-06-02
133,-0.4622646301945452,-1.0168448355697484,0.11591473285619847,0.064,so2,M9: AugSynth_FE Belisario (Centro dropped),AugSynth_FE,2025w24,2025-06-09
134,-0.7579769669681866,-1.3361563300189303,-0.22699591926852403,0.017,so2,M9: AugSynth_FE Belisario (Centro dropped),AugSynth_FE,2025w25,2025-06-16
