time,estimate,ci_lower,ci_upper,p_val,pollutant,model,method,week_label,week_date
1,0.4689031148656089,NA,NA,NA,co,M4: AugSynth Centro+Belisario,AugSynth,2022w48,2022-11-28
2,0.412289869674571,NA,NA,NA,co,M4: AugSynth Centro+Belisario,AugSynth,2022w49,2022-12-05
3,0.1508628183857227,NA,NA,NA,co,M4: AugSynth Centro+Belisario,AugSynth,2022w50,2022-12-12
4,0.10930384780169852,NA,NA,NA,co,M4: AugSynth Centro+Belisario,AugSynth,2022w51,2022-12-19
5,0.18873961329430347,NA,NA,NA,co,M4: AugSynth Centro+Belisario,AugSynth,2022w52,2022-12-26
6,0.23021911977708284,NA,NA,NA,co,M4: AugSynth Centro+Belisario,AugSynth,2023w01,2023-01-02
7,0.21557738185851752,NA,NA,NA,co,M4: AugSynth Centro+Belisario,AugSynth,2023w02,2023-01-09
8,0.26428639629580053,NA,NA,NA,co,M4: AugSynth Centro+Belisario,AugSynth,2023w03,2023-01-16
9,0.16398215068440983,NA,NA,NA,co,M4: AugSynth Centro+Belisario,AugSynth,2023w04,2023-01-23
10,0.25862132436228225,NA,NA,NA,co,M4: AugSynth Centro+Belisario,AugSynth,2023w05,2023-01-30
11,0.29561542665635837,NA,NA,NA,co,M4: AugSynth Centro+Belisario,AugSynth,2023w06,2023-02-06
12,0.527120271748406,NA,NA,NA,co,M4: AugSynth Centro+Belisario,AugSynth,2023w07,2023-02-13
13,0.21635992814860833,NA,NA,NA,co,M4: AugSynth Centro+Belisario,AugSynth,2023w08,2023-02-20
14,0.14157789843839919,NA,NA,NA,co,M4: AugSynth Centro+Belisario,AugSynth,2023w09,2023-02-27
15,0.6238897538284526,NA,NA,NA,co,M4: AugSynth Centro+Belisario,AugSynth,2023w10,2023-03-06
16,0.5414607216137592,NA,NA,NA,co,M4: AugSynth Centro+Belisario,AugSynth,2023w11,2023-03-13
17,0.4957397150627049,NA,NA,NA,co,M4: AugSynth Centro+Belisario,AugSynth,2023w12,2023-03-20
18,0.42503878410381357,NA,NA,NA,co,M4: AugSynth Centro+Belisario,AugSynth,2023w13,2023-03-27
19,0.3681794786615962,NA,NA,NA,co,M4: AugSynth Centro+Belisario,AugSynth,2023w14,2023-04-03
20,0.2123706378404981,NA,NA,NA,co,M4: AugSynth Centro+Belisario,AugSynth,2023w15,2023-04-10
21,0.18256677255979872,NA,NA,NA,co,M4: AugSynth Centro+Belisario,AugSynth,2023w16,2023-04-17
22,0.18526395452948533,NA,NA,NA,co,M4: AugSynth Centro+Belisario,AugSynth,2023w17,2023-04-24
23,-0.29840274356441887,NA,NA,NA,co,M4: AugSynth Centro+Belisario,AugSynth,2023w18,2023-05-01
24,0.023927154276217222,NA,NA,NA,co,M4: AugSynth Centro+Belisario,AugSynth,2023w19,2023-05-08
25,0.1831852561811608,NA,NA,NA,co,M4: AugSynth Centro+Belisario,AugSynth,2023w20,2023-05-15
26,0.019258605479440388,NA,NA,NA,co,M4: AugSynth Centro+Belisario,AugSynth,2023w21,2023-05-22
27,0.060214306643441295,NA,NA,NA,co,M4: AugSynth Centro+Belisario,AugSynth,2023w22,2023-05-29
28,0.2401876131486871,NA,NA,NA,co,M4: AugSynth Centro+Belisario,AugSynth,2023w23,2023-06-05
29,0.09256113933661352,NA,NA,NA,co,M4: AugSynth Centro+Belisario,AugSynth,2023w24,2023-06-12
30,0.08499150136799577,NA,NA,NA,co,M4: AugSynth Centro+Belisario,AugSynth,2023w25,2023-06-19
31,0.14313432697572298,NA,NA,NA,co,M4: AugSynth Centro+Belisario,AugSynth,2023w26,2023-06-26
32,0.5507769834621878,NA,NA,NA,co,M4: AugSynth Centro+Belisario,AugSynth,2023w27,2023-07-03
33,0.29893239708476527,NA,NA,NA,co,M4: AugSynth Centro+Belisario,AugSynth,2023w28,2023-07-10
34,-0.014574904796298027,NA,NA,NA,co,M4: AugSynth Centro+Belisario,AugSynth,2023w29,2023-07-17
35,0.1178618353836991,NA,NA,NA,co,M4: AugSynth Centro+Belisario,AugSynth,2023w30,2023-07-24
36,-0.2489993119357501,NA,NA,NA,co,M4: AugSynth Centro+Belisario,AugSynth,2023w31,2023-07-31
37,-0.14828809061988657,NA,NA,NA,co,M4: AugSynth Centro+Belisario,AugSynth,2023w32,2023-08-07
38,0.5375989358071521,NA,NA,NA,co,M4: AugSynth Centro+Belisario,AugSynth,2023w33,2023-08-14
39,0.45374126419487326,NA,NA,NA,co,M4: AugSynth Centro+Belisario,AugSynth,2023w34,2023-08-21
40,-0.21848366176258527,NA,NA,NA,co,M4: AugSynth Centro+Belisario,AugSynth,2023w35,2023-08-28
41,-0.31481748244549823,NA,NA,NA,co,M4: AugSynth Centro+Belisario,AugSynth,2023w36,2023-09-04
42,-0.21879474480279476,NA,NA,NA,co,M4: AugSynth Centro+Belisario,AugSynth,2023w37,2023-09-11
43,-0.06117689690775763,NA,NA,NA,co,M4: AugSynth Centro+Belisario,AugSynth,2023w38,2023-09-18
44,0.08685904499221223,NA,NA,NA,co,M4: AugSynth Centro+Belisario,AugSynth,2023w39,2023-09-25
45,0.3556938403318472,NA,NA,NA,co,M4: AugSynth Centro+Belisario,AugSynth,2023w40,2023-10-02
46,0.057518796472544154,NA,NA,NA,co,M4: AugSynth Centro+Belisario,AugSynth,2023w41,2023-10-09
47,0.39531372571601786,NA,NA,NA,co,M4: AugSynth Centro+Belisario,AugSynth,2023w42,2023-10-16
48,0.4491179581870011,NA,NA,NA,co,M4: AugSynth Centro+Belisario,AugSynth,2023w43,2023-10-23
49,0.9850551587197752,NA,NA,NA,co,M4: AugSynth Centro+Belisario,AugSynth,2023w44,2023-10-30
50,0.5624030455018769,NA,NA,NA,co,M4: AugSynth Centro+Belisario,AugSynth,2023w45,2023-11-06
51,0.3579212968509923,NA,NA,NA,co,M4: AugSynth Centro+Belisario,AugSynth,2023w46,2023-11-13
52,0.31366318185560116,NA,NA,NA,co,M4: AugSynth Centro+Belisario,AugSynth,2023w47,2023-11-20
53,0.21642139499564061,-0.45115848301711425,0.8118304753853949,0.642,co,M4: AugSynth Centro+Belisario,AugSynth,2023w48,2023-11-27
54,0.40733218303533447,-0.3685038914119212,1.038826662236589,0.291,co,M4: AugSynth Centro+Belisario,AugSynth,2023w49,2023-12-04
55,0.43223140602873455,-0.4518608648530219,1.1719820816644897,0.283,co,M4: AugSynth Centro+Belisario,AugSynth,2023w50,2023-12-11
56,0.44399020127756517,-0.22358967673518973,1.255911674536321,0.209,co,M4: AugSynth Centro+Belisario,AugSynth,2023w51,2023-12-18
57,0.45724060422392887,-0.28251007141182655,1.0887350834251834,0.271,co,M4: AugSynth Centro+Belisario,AugSynth,2023w52,2023-12-25
58,0.6421146527307687,-0.06155062409348644,1.273609131932023,0.062,co,M4: AugSynth Centro+Belisario,AugSynth,2024w01,2024-01-01
59,0.4454575111410888,-0.2582077656831664,1.0769519903423432,0.263,co,M4: AugSynth Centro+Belisario,AugSynth,2024w02,2024-01-08
60,0.3345711310164893,-0.40517954461926614,1.002151009029244,0.336,co,M4: AugSynth Centro+Belisario,AugSynth,2024w03,2024-01-15
61,0.3703589462285983,-0.29722093178415654,1.0018534254298528,0.349,co,M4: AugSynth Centro+Belisario,AugSynth,2024w04,2024-01-22
62,0.504864096048269,-0.19880118077598619,1.3528709681185251,0.173,co,M4: AugSynth Centro+Belisario,AugSynth,2024w05,2024-01-29
63,0.43491867721324107,-0.23266120079951383,1.0664131564144954,0.262,co,M4: AugSynth Centro+Belisario,AugSynth,2024w06,2024-02-05
64,0.2031054092017791,-0.5005598676224761,0.8345998884030336,0.655,co,M4: AugSynth Centro+Belisario,AugSynth,2024w07,2024-02-12
65,0.3278743819895007,-0.3757908948347545,0.923283462379255,0.437,co,M4: AugSynth Centro+Belisario,AugSynth,2024w08,2024-02-19
66,0.3905923463624194,-0.2769875316503355,0.9860014267521737,0.267,co,M4: AugSynth Centro+Belisario,AugSynth,2024w09,2024-02-26
67,0.3646443848880589,-0.37510629074769647,1.212651256958315,0.363,co,M4: AugSynth Centro+Belisario,AugSynth,2024w10,2024-03-04
68,0.3141181139933389,-0.31737636520791573,0.9816979920060935,0.445,co,M4: AugSynth Centro+Belisario,AugSynth,2024w11,2024-03-11
69,0.31399038608563423,-0.35358949192712064,0.9815702640983889,0.435,co,M4: AugSynth Centro+Belisario,AugSynth,2024w12,2024-03-18
70,0.6168663988795835,-0.08679887794467167,1.248360878080838,0.082,co,M4: AugSynth Centro+Belisario,AugSynth,2024w13,2024-03-25
71,0.7013893093368465,0,1.368969187349601,0.055,co,M4: AugSynth Centro+Belisario,AugSynth,2024w14,2024-04-01
72,0.3566493592585162,-0.4191867151887394,1.0603146360827713,0.391,co,M4: AugSynth Centro+Belisario,AugSynth,2024w15,2024-04-08
73,0.4643378021529568,-0.16715667704829784,1.1319176801657114,0.237,co,M4: AugSynth Centro+Belisario,AugSynth,2024w16,2024-04-15
74,0.410738444256388,-0.2568414337563669,1.1865745187036434,0.32,co,M4: AugSynth Centro+Belisario,AugSynth,2024w17,2024-04-22
75,0.2982659006704366,-0.3693139773423182,0.9297603798716911,0.432,co,M4: AugSynth Centro+Belisario,AugSynth,2024w18,2024-04-29
76,0.4500468712355256,-0.10927681034272851,1.04545595162528,0.207,co,M4: AugSynth Centro+Belisario,AugSynth,2024w19,2024-05-06
77,0.49764376279898775,-0.16993611521376714,1.093052843188742,0.18,co,M4: AugSynth Centro+Belisario,AugSynth,2024w20,2024-05-13
78,0.42844850437293214,-0.20304597482832248,1.0599429835741865,0.274,co,M4: AugSynth Centro+Belisario,AugSynth,2024w21,2024-05-20
79,0.3197430477467315,-0.42000762788902385,0.951237526947986,0.423,co,M4: AugSynth Centro+Belisario,AugSynth,2024w22,2024-05-27
80,0.7000471842004389,-0.03970349143531654,1.3676270622131934,0.069,co,M4: AugSynth Centro+Belisario,AugSynth,2024w23,2024-06-03
81,0.7422663015338545,0.0025156258980991164,1.409846179546609,0.045,co,M4: AugSynth Centro+Belisario,AugSynth,2024w24,2024-06-10
82,0.40185334804811323,-0.30181192877614194,1.0333478272493677,0.284,co,M4: AugSynth Centro+Belisario,AugSynth,2024w25,2024-06-17
83,0.476812177852201,-0.26293849778355444,1.1083066570534554,0.209,co,M4: AugSynth Centro+Belisario,AugSynth,2024w26,2024-06-24
84,0.5611760938651911,-0.0342329865245633,1.1565851742549453,0.102,co,M4: AugSynth Centro+Belisario,AugSynth,2024w27,2024-07-01
85,0.3450766296188053,-0.3585886472054499,0.9404857100085595,0.362,co,M4: AugSynth Centro+Belisario,AugSynth,2024w28,2024-07-08
86,0.29582279636676495,-0.29958628402298937,0.9634026743795197,0.468,co,M4: AugSynth Centro+Belisario,AugSynth,2024w29,2024-07-15
87,0.7297121825227111,0.1343031021329567,1.3972920605354657,0.021,co,M4: AugSynth Centro+Belisario,AugSynth,2024w30,2024-07-22
88,0.5152681040372672,-0.18839717278698798,1.1467625832385218,0.155,co,M4: AugSynth Centro+Belisario,AugSynth,2024w31,2024-07-29
89,0.5116356701445071,-0.11985880905674756,1.1431301493457615,0.204,co,M4: AugSynth Centro+Belisario,AugSynth,2024w32,2024-08-05
90,0.0688826392376049,-0.5986972387751499,0.6642917196273592,0.885,co,M4: AugSynth Centro+Belisario,AugSynth,2024w33,2024-08-12
91,0.19558755186266857,-0.47199232615008624,0.7909966322524229,0.67,co,M4: AugSynth Centro+Belisario,AugSynth,2024w34,2024-08-19
92,0.1514867538406428,-0.5521785229836124,0.7829812330418973,0.76,co,M4: AugSynth Centro+Belisario,AugSynth,2024w35,2024-08-26
93,0.12496463263102581,-0.542615245381729,0.7203737130207801,0.782,co,M4: AugSynth Centro+Belisario,AugSynth,2024w36,2024-09-02
94,0.44626730780989454,-0.3656541654488614,1.0416763881996487,0.223,co,M4: AugSynth Centro+Belisario,AugSynth,2024w37,2024-09-09
95,-0.05185999082695797,-0.7555252676512131,0.5796344883742965,0.941,co,M4: AugSynth Centro+Belisario,AugSynth,2024w38,2024-09-16
96,-0.05280510257725628,-0.6842995817785109,0.5786893766239982,0.948,co,M4: AugSynth Centro+Belisario,AugSynth,2024w39,2024-09-23
97,0.19682652975577425,-0.5429241458799812,0.864406407768529,0.704,co,M4: AugSynth Centro+Belisario,AugSynth,2024w40,2024-09-30
98,0.04474347404506562,-0.6228364039676892,0.8927503461153217,0.94,co,M4: AugSynth Centro+Belisario,AugSynth,2024w41,2024-10-07
99,-0.32001113631492695,-0.9515056155161816,0.3114833428863275,0.333,co,M4: AugSynth Centro+Belisario,AugSynth,2024w42,2024-10-14
100,-0.12076342009515664,-0.7522578992964113,0.5107310591060978,0.814,co,M4: AugSynth Centro+Belisario,AugSynth,2024w43,2024-10-21
101,-0.046802908730234585,-0.6782973879314893,0.8012039633400214,0.947,co,M4: AugSynth Centro+Belisario,AugSynth,2024w44,2024-10-28
102,0.03393294225426041,-0.5975615369469942,0.6654274214555149,0.943,co,M4: AugSynth Centro+Belisario,AugSynth,2024w45,2024-11-04
103,-0.04159627456848321,-0.6730907537697379,0.553812805821271,0.951,co,M4: AugSynth Centro+Belisario,AugSynth,2024w46,2024-11-11
104,0.13140810603500538,-0.5722571707892498,0.9072441804822609,0.819,co,M4: AugSynth Centro+Belisario,AugSynth,2024w47,2024-11-18
105,0.23286070147010238,-0.43471917654265246,0.9726113771058577,0.618,co,M4: AugSynth Centro+Belisario,AugSynth,2024w48,2024-11-25
106,0.19551479124213667,-0.43597968795911796,0.8270092704433911,0.624,co,M4: AugSynth Centro+Belisario,AugSynth,2024w49,2024-12-02
107,0.43031305418499466,-0.20118142501625996,1.17006372982075,0.251,co,M4: AugSynth Centro+Belisario,AugSynth,2024w50,2024-12-09
108,0.349804313887091,-0.5342879569946655,0.9812987930883454,0.357,co,M4: AugSynth Centro+Belisario,AugSynth,2024w51,2024-12-16
109,0.4328764574540334,-0.27078881937022176,1.2808833295242894,0.275,co,M4: AugSynth Centro+Belisario,AugSynth,2024w52,2024-12-23
110,0.6760574757683072,-0.20803479511344924,1.4879789490270632,0.12,co,M4: AugSynth Centro+Belisario,AugSynth,2025w01,2024-12-30
111,0.7826134715403792,0.1150335935276243,1.4501933495531338,0.038,co,M4: AugSynth Centro+Belisario,AugSynth,2025w02,2025-01-06
112,0.5378481555579544,-0.23798791888930126,1.2775988311937096,0.207,co,M4: AugSynth Centro+Belisario,AugSynth,2025w03,2025-01-13
113,0.4876668204708071,-0.17991305754194778,1.1191612996720615,0.228,co,M4: AugSynth Centro+Belisario,AugSynth,2025w04,2025-01-20
114,0.48060361325109535,-0.25914706238466007,1.1842688900753504,0.193,co,M4: AugSynth Centro+Belisario,AugSynth,2025w05,2025-01-27
115,0.43717155018246856,-0.2664937266417866,1.068666029383723,0.279,co,M4: AugSynth Centro+Belisario,AugSynth,2025w06,2025-02-03
116,0.4025222662042713,-0.44548460586598493,1.0340167454055258,0.273,co,M4: AugSynth Centro+Belisario,AugSynth,2025w07,2025-02-10
117,0.607157348744623,-0.16867872570263265,1.4551642208148792,0.158,co,M4: AugSynth Centro+Belisario,AugSynth,2025w08,2025-02-17
118,0.6525710147976543,-0.12326505964960134,1.4284070892449097,0.133,co,M4: AugSynth Centro+Belisario,AugSynth,2025w09,2025-02-24
119,0.5576150002345764,-0.18213567540117898,1.1891094794358308,0.162,co,M4: AugSynth Centro+Belisario,AugSynth,2025w10,2025-03-03
120,0.4802066032825978,-0.22345867354165738,1.1117010824838522,0.245,co,M4: AugSynth Centro+Belisario,AugSynth,2025w11,2025-03-10
121,0.37294001584105146,-0.2585544633602032,0.9683490962308057,0.298,co,M4: AugSynth Centro+Belisario,AugSynth,2025w12,2025-03-17
122,0.19460534491669512,-0.47297453309605975,0.8260998241179496,0.637,co,M4: AugSynth Centro+Belisario,AugSynth,2025w13,2025-03-24
123,0.7263884598569088,0.09489398065565419,1.321797540246663,0.046,co,M4: AugSynth Centro+Belisario,AugSynth,2025w14,2025-03-31
124,0.6158200193810884,-0.05175985863166646,1.2473144985823428,0.062,co,M4: AugSynth Centro+Belisario,AugSynth,2025w15,2025-04-07
125,0.38912231785483276,-0.2784575601579221,1.128872993490588,0.34,co,M4: AugSynth Centro+Belisario,AugSynth,2025w16,2025-04-14
126,0.3642433157893321,-0.19508036578892202,0.9957377949905866,0.324,co,M4: AugSynth Centro+Belisario,AugSynth,2025w17,2025-04-21
127,0.6929965317254787,0.06150205252422408,1.432747207361234,0.04,co,M4: AugSynth Centro+Belisario,AugSynth,2025w18,2025-04-28
128,0.38804958172861953,-0.2434448974726351,1.019544060929874,0.316,co,M4: AugSynth Centro+Belisario,AugSynth,2025w19,2025-05-05
129,0.7987844940906454,0.13120461607789055,1.4302789732919,0.03,co,M4: AugSynth Centro+Belisario,AugSynth,2025w20,2025-05-12
130,0.3597429402215022,-0.2717515389797524,0.9551520206112565,0.314,co,M4: AugSynth Centro+Belisario,AugSynth,2025w21,2025-05-19
131,0.33551432915108337,-0.4764071441076726,0.9670088083523378,0.352,co,M4: AugSynth Centro+Belisario,AugSynth,2025w22,2025-05-26
132,0.3990339116433285,-0.2685459663694264,1.030528390844583,0.288,co,M4: AugSynth Centro+Belisario,AugSynth,2025w23,2025-06-02
133,0.5867065494183457,-0.08087332859440924,1.1821156298081,0.071,co,M4: AugSynth Centro+Belisario,AugSynth,2025w24,2025-06-09
134,0.33054917149684926,-0.30094530770440536,0.9259582518866035,0.357,co,M4: AugSynth Centro+Belisario,AugSynth,2025w25,2025-06-16
1,0.49018689619403044,NA,NA,NA,co,M5: AugSynth Centro (Bel. dropped),AugSynth,2022w48,2022-11-28
2,0.5339545512411827,NA,NA,NA,co,M5: AugSynth Centro (Bel. dropped),AugSynth,2022w49,2022-12-05
3,0.10378167659125778,NA,NA,NA,co,M5: AugSynth Centro (Bel. dropped),AugSynth,2022w50,2022-12-12
4,0.1906308652519938,NA,NA,NA,co,M5: AugSynth Centro (Bel. dropped),AugSynth,2022w51,2022-12-19
5,0.27245014981392335,NA,NA,NA,co,M5: AugSynth Centro (Bel. dropped),AugSynth,2022w52,2022-12-26
6,0.25978790744667446,NA,NA,NA,co,M5: AugSynth Centro (Bel. dropped),AugSynth,2023w01,2023-01-02
7,0.2322207291248846,NA,NA,NA,co,M5: AugSynth Centro (Bel. dropped),AugSynth,2023w02,2023-01-09
8,0.17015652627660519,NA,NA,NA,co,M5: AugSynth Centro (Bel. dropped),AugSynth,2023w03,2023-01-16
9,0.17632562968572843,NA,NA,NA,co,M5: AugSynth Centro (Bel. dropped),AugSynth,2023w04,2023-01-23
10,0.20002781479594453,NA,NA,NA,co,M5: AugSynth Centro (Bel. dropped),AugSynth,2023w05,2023-01-30
11,0.2825145921651204,NA,NA,NA,co,M5: AugSynth Centro (Bel. dropped),AugSynth,2023w06,2023-02-06
12,0.5334345487184646,NA,NA,NA,co,M5: AugSynth Centro (Bel. dropped),AugSynth,2023w07,2023-02-13
13,0.27170609897807574,NA,NA,NA,co,M5: AugSynth Centro (Bel. dropped),AugSynth,2023w08,2023-02-20
14,0.2523914421410486,NA,NA,NA,co,M5: AugSynth Centro (Bel. dropped),AugSynth,2023w09,2023-02-27
15,0.5023826464266666,NA,NA,NA,co,M5: AugSynth Centro (Bel. dropped),AugSynth,2023w10,2023-03-06
16,0.43512946481080805,NA,NA,NA,co,M5: AugSynth Centro (Bel. dropped),AugSynth,2023w11,2023-03-13
17,0.6037363222252954,NA,NA,NA,co,M5: AugSynth Centro (Bel. dropped),AugSynth,2023w12,2023-03-20
18,0.5809634775646977,NA,NA,NA,co,M5: AugSynth Centro (Bel. dropped),AugSynth,2023w13,2023-03-27
19,0.2903425749441506,NA,NA,NA,co,M5: AugSynth Centro (Bel. dropped),AugSynth,2023w14,2023-04-03
20,0.08450308355995206,NA,NA,NA,co,M5: AugSynth Centro (Bel. dropped),AugSynth,2023w15,2023-04-10
21,-0.1331133174854009,NA,NA,NA,co,M5: AugSynth Centro (Bel. dropped),AugSynth,2023w16,2023-04-17
22,0.1285773695221497,NA,NA,NA,co,M5: AugSynth Centro (Bel. dropped),AugSynth,2023w17,2023-04-24
23,-0.5418130743370302,NA,NA,NA,co,M5: AugSynth Centro (Bel. dropped),AugSynth,2023w18,2023-05-01
24,-0.18457436026456214,NA,NA,NA,co,M5: AugSynth Centro (Bel. dropped),AugSynth,2023w19,2023-05-08
25,-0.02041174356135067,NA,NA,NA,co,M5: AugSynth Centro (Bel. dropped),AugSynth,2023w20,2023-05-15
26,-0.2835328321849662,NA,NA,NA,co,M5: AugSynth Centro (Bel. dropped),AugSynth,2023w21,2023-05-22
27,-0.06523089514728236,NA,NA,NA,co,M5: AugSynth Centro (Bel. dropped),AugSynth,2023w22,2023-05-29
28,0.28137056609391375,NA,NA,NA,co,M5: AugSynth Centro (Bel. dropped),AugSynth,2023w23,2023-06-05
29,0.23118679960918415,NA,NA,NA,co,M5: AugSynth Centro (Bel. dropped),AugSynth,2023w24,2023-06-12
30,0.20826052703183884,NA,NA,NA,co,M5: AugSynth Centro (Bel. dropped),AugSynth,2023w25,2023-06-19
31,0.35464819678890436,NA,NA,NA,co,M5: AugSynth Centro (Bel. dropped),AugSynth,2023w26,2023-06-26
32,0.7373087605257101,NA,NA,NA,co,M5: AugSynth Centro (Bel. dropped),AugSynth,2023w27,2023-07-03
33,0.3965109450265677,NA,NA,NA,co,M5: AugSynth Centro (Bel. dropped),AugSynth,2023w28,2023-07-10
34,-0.016745654139496913,NA,NA,NA,co,M5: AugSynth Centro (Bel. dropped),AugSynth,2023w29,2023-07-17
35,0.17375881430436618,NA,NA,NA,co,M5: AugSynth Centro (Bel. dropped),AugSynth,2023w30,2023-07-24
36,-0.06671670267923502,NA,NA,NA,co,M5: AugSynth Centro (Bel. dropped),AugSynth,2023w31,2023-07-31
37,-0.18224574839128815,NA,NA,NA,co,M5: AugSynth Centro (Bel. dropped),AugSynth,2023w32,2023-08-07
38,0.5553573454198515,NA,NA,NA,co,M5: AugSynth Centro (Bel. dropped),AugSynth,2023w33,2023-08-14
39,0.46684025135388746,NA,NA,NA,co,M5: AugSynth Centro (Bel. dropped),AugSynth,2023w34,2023-08-21
40,-0.22831638886801908,NA,NA,NA,co,M5: AugSynth Centro (Bel. dropped),AugSynth,2023w35,2023-08-28
41,-0.48834561955913747,NA,NA,NA,co,M5: AugSynth Centro (Bel. dropped),AugSynth,2023w36,2023-09-04
42,-0.4250871681771917,NA,NA,NA,co,M5: AugSynth Centro (Bel. dropped),AugSynth,2023w37,2023-09-11
43,-0.3225625816075144,NA,NA,NA,co,M5: AugSynth Centro (Bel. dropped),AugSynth,2023w38,2023-09-18
44,0.30991790419175413,NA,NA,NA,co,M5: AugSynth Centro (Bel. dropped),AugSynth,2023w39,2023-09-25
45,0.4105462957544196,NA,NA,NA,co,M5: AugSynth Centro (Bel. dropped),AugSynth,2023w40,2023-10-02
46,-0.0589258625444013,NA,NA,NA,co,M5: AugSynth Centro (Bel. dropped),AugSynth,2023w41,2023-10-09
47,0.3470719276029019,NA,NA,NA,co,M5: AugSynth Centro (Bel. dropped),AugSynth,2023w42,2023-10-16
48,0.30901960057089084,NA,NA,NA,co,M5: AugSynth Centro (Bel. dropped),AugSynth,2023w43,2023-10-23
49,0.8506788739812622,NA,NA,NA,co,M5: AugSynth Centro (Bel. dropped),AugSynth,2023w44,2023-10-30
50,0.45010393494690387,NA,NA,NA,co,M5: AugSynth Centro (Bel. dropped),AugSynth,2023w45,2023-11-06
51,0.34572449225422935,NA,NA,NA,co,M5: AugSynth Centro (Bel. dropped),AugSynth,2023w46,2023-11-13
52,-0.012065079785009536,NA,NA,NA,co,M5: AugSynth Centro (Bel. dropped),AugSynth,2023w47,2023-11-20
53,0.30395613442212693,-0.3963263578507609,1.0042386266950147,0.457,co,M5: AugSynth Centro (Bel. dropped),AugSynth,2023w48,2023-11-27
54,0.36603699840467974,-0.3342454938682081,1.0377365318092866,0.393,co,M5: AugSynth Centro (Bel. dropped),AugSynth,2023w49,2023-12-04
55,0.43675575292749774,-0.2635267393453901,1.1370382452003855,0.346,co,M5: AugSynth Centro (Bel. dropped),AugSynth,2023w50,2023-12-11
56,0.41318478521797947,-0.2870977070549084,1.0848843186225863,0.33,co,M5: AugSynth Centro (Bel. dropped),AugSynth,2023w51,2023-12-18
57,0.3820459520057615,-0.31823654026712633,1.0823284442786494,0.377,co,M5: AugSynth Centro (Bel. dropped),AugSynth,2023w52,2023-12-25
58,0.5042485083056448,-0.19603398396724303,1.2045310005785326,0.219,co,M5: AugSynth Centro (Bel. dropped),AugSynth,2024w01,2024-01-01
59,0.3762986219740616,-0.2954009114305451,1.0479981553786684,0.376,co,M5: AugSynth Centro (Bel. dropped),AugSynth,2024w02,2024-01-08
60,0.32928608501642875,-0.3709964072564591,1.0295685772893166,0.441,co,M5: AugSynth Centro (Bel. dropped),AugSynth,2024w03,2024-01-15
61,0.3205591511105379,-0.37972334116234996,1.0208416433834258,0.428,co,M5: AugSynth Centro (Bel. dropped),AugSynth,2024w04,2024-01-22
62,0.4400616641185335,-0.2602208281543544,1.1403441563914214,0.325,co,M5: AugSynth Centro (Bel. dropped),AugSynth,2024w05,2024-01-29
63,0.4896321982636571,-0.21065029400923074,1.189914690536545,0.246,co,M5: AugSynth Centro (Bel. dropped),AugSynth,2024w06,2024-02-05
64,0.25328202107553144,-0.4470004711973564,0.9535645133484193,0.602,co,M5: AugSynth Centro (Bel. dropped),AugSynth,2024w07,2024-02-12
65,0.26166148357788527,-0.4386210086950026,0.9619439758507731,0.596,co,M5: AugSynth Centro (Bel. dropped),AugSynth,2024w08,2024-02-19
66,0.314236438470635,-0.3860460538022529,1.014518930743523,0.442,co,M5: AugSynth Centro (Bel. dropped),AugSynth,2024w09,2024-02-26
67,0.2400756973423241,-0.46020679493056377,0.9117752307469309,0.653,co,M5: AugSynth Centro (Bel. dropped),AugSynth,2024w10,2024-03-04
68,0.17065785926292193,-0.5010416741416848,0.8709403515358098,0.831,co,M5: AugSynth Centro (Bel. dropped),AugSynth,2024w11,2024-03-11
69,0.11517669012026543,-0.5851058021526224,0.8154591823931533,0.83,co,M5: AugSynth Centro (Bel. dropped),AugSynth,2024w12,2024-03-18
70,0.4285595681975941,-0.27172292407529375,1.0716761427339199,0.341,co,M5: AugSynth Centro (Bel. dropped),AugSynth,2024w13,2024-03-25
71,0.47784662345039486,-0.222435868822493,1.1781291157232827,0.258,co,M5: AugSynth Centro (Bel. dropped),AugSynth,2024w14,2024-04-01
72,0.3157676479938771,-0.3845148442790108,1.016050140266765,0.5,co,M5: AugSynth Centro (Bel. dropped),AugSynth,2024w15,2024-04-08
73,0.16602487334511437,-0.5342576189277735,0.7805584890131587,0.824,co,M5: AugSynth Centro (Bel. dropped),AugSynth,2024w16,2024-04-15
74,0.42830591359127806,-0.24339361981332866,1.128588405864166,0.39,co,M5: AugSynth Centro (Bel. dropped),AugSynth,2024w17,2024-04-22
75,0.1459718194361024,-0.5543106728367855,0.8462543117089902,0.816,co,M5: AugSynth Centro (Bel. dropped),AugSynth,2024w18,2024-04-29
76,0.3644658241585154,-0.33581666811437244,1.0647483164314033,0.319,co,M5: AugSynth Centro (Bel. dropped),AugSynth,2024w19,2024-05-06
77,0.40566910152763347,-0.2946133907452544,1.1059515938005213,0.315,co,M5: AugSynth Centro (Bel. dropped),AugSynth,2024w20,2024-05-13
78,0.26130154132327094,-0.4389809509496169,0.9615840335961587,0.613,co,M5: AugSynth Centro (Bel. dropped),AugSynth,2024w21,2024-05-20
79,0.3373709761745137,-0.36291151609837413,1.0376534684474015,0.428,co,M5: AugSynth Centro (Bel. dropped),AugSynth,2024w22,2024-05-27
80,0.5059168260281794,-0.1943656662447084,1.2061993183010673,0.29,co,M5: AugSynth Centro (Bel. dropped),AugSynth,2024w23,2024-06-03
81,0.4778788182589526,-0.22240367401393524,1.1781613105318405,0.296,co,M5: AugSynth Centro (Bel. dropped),AugSynth,2024w24,2024-06-10
82,0.2534859614980103,-0.4467965307748776,0.9537684537708981,0.644,co,M5: AugSynth Centro (Bel. dropped),AugSynth,2024w25,2024-06-17
83,0.2708687073229468,-0.4008308260816599,0.9711511995958346,0.606,co,M5: AugSynth Centro (Bel. dropped),AugSynth,2024w26,2024-06-24
84,0.29495449442365096,-0.4053279978492369,0.9952369866965388,0.421,co,M5: AugSynth Centro (Bel. dropped),AugSynth,2024w27,2024-07-01
85,0.2969538221745355,-0.4033286700983524,0.9972363144474233,0.472,co,M5: AugSynth Centro (Bel. dropped),AugSynth,2024w28,2024-07-08
86,0.051474204684983094,-0.6202253287196237,0.751756696957871,0.945,co,M5: AugSynth Centro (Bel. dropped),AugSynth,2024w29,2024-07-15
87,0.4894817866315212,-0.18221774677308553,1.1897642789044092,0.237,co,M5: AugSynth Centro (Bel. dropped),AugSynth,2024w30,2024-07-22
88,0.4499745488138497,-0.2503079434590382,1.1502570410867374,0.261,co,M5: AugSynth Centro (Bel. dropped),AugSynth,2024w31,2024-07-29
89,0.47121586239722446,-0.20048367100738226,1.1714983546701123,0.314,co,M5: AugSynth Centro (Bel. dropped),AugSynth,2024w32,2024-08-05
90,0.12518852713780787,-0.5750939651350799,0.8254710194106958,0.848,co,M5: AugSynth Centro (Bel. dropped),AugSynth,2024w33,2024-08-12
91,0.2369554580761808,-0.46332703419670707,0.9372379503490686,0.643,co,M5: AugSynth Centro (Bel. dropped),AugSynth,2024w34,2024-08-19
92,0.23806033597982618,-0.4622221562930617,0.938342828252714,0.65,co,M5: AugSynth Centro (Bel. dropped),AugSynth,2024w35,2024-08-26
93,0.19806443780240734,-0.5022180544704805,0.8983469300752952,0.69,co,M5: AugSynth Centro (Bel. dropped),AugSynth,2024w36,2024-09-02
94,0.2696591694397348,-0.4306233228331531,0.9699416617126226,0.586,co,M5: AugSynth Centro (Bel. dropped),AugSynth,2024w37,2024-09-09
95,-0.15424952823635163,-0.8259490616409584,0.5460329640365362,0.815,co,M5: AugSynth Centro (Bel. dropped),AugSynth,2024w38,2024-09-16
96,-0.14549334331424468,-0.8171928767188514,0.5547891489586432,0.802,co,M5: AugSynth Centro (Bel. dropped),AugSynth,2024w39,2024-09-23
97,0.018529966394943517,-0.6817525258779443,0.7188124586678314,0.982,co,M5: AugSynth Centro (Bel. dropped),AugSynth,2024w40,2024-09-30
98,0.04121704276412874,-0.6590654495087591,0.7414995350370166,0.943,co,M5: AugSynth Centro (Bel. dropped),AugSynth,2024w41,2024-10-07
99,-0.3818680323099746,-1.0821505245828624,0.31841445996291323,0.357,co,M5: AugSynth Centro (Bel. dropped),AugSynth,2024w42,2024-10-14
100,-0.23131778858207397,-0.9316002808549618,0.4689647036908139,0.654,co,M5: AugSynth Centro (Bel. dropped),AugSynth,2024w43,2024-10-21
101,-0.02565186319789886,-0.6973513966025056,0.674630629074989,0.946,co,M5: AugSynth Centro (Bel. dropped),AugSynth,2024w44,2024-10-28
102,0.034111437667818385,-0.6661710546050694,0.7343939299407063,0.95,co,M5: AugSynth Centro (Bel. dropped),AugSynth,2024w45,2024-11-04
103,0.0022193807138737908,-0.6694801526907329,0.7025018729867617,1,co,M5: AugSynth Centro (Bel. dropped),AugSynth,2024w46,2024-11-11
104,-0.11360201474511078,-0.8138845070179986,0.5866804775277771,0.894,co,M5: AugSynth Centro (Bel. dropped),AugSynth,2024w47,2024-11-18
105,0.025553583151471534,-0.6747289091214164,0.7258360754243594,0.946,co,M5: AugSynth Centro (Bel. dropped),AugSynth,2024w48,2024-11-25
106,0.09014440029261996,-0.6101380919802679,0.7904268925655078,0.869,co,M5: AugSynth Centro (Bel. dropped),AugSynth,2024w49,2024-12-02
107,0.2859985276447228,-0.4142839646281651,0.9862810199176106,0.5,co,M5: AugSynth Centro (Bel. dropped),AugSynth,2024w50,2024-12-09
108,0.17642244758339445,-0.5238600446894934,0.8767049398562823,0.771,co,M5: AugSynth Centro (Bel. dropped),AugSynth,2024w51,2024-12-16
109,0.44665168807128874,-0.2536308042015991,1.1469341803441766,0.286,co,M5: AugSynth Centro (Bel. dropped),AugSynth,2024w52,2024-12-23
110,0.6242296607021248,-0.07605283157076304,1.3245121529750126,0.242,co,M5: AugSynth Centro (Bel. dropped),AugSynth,2025w01,2024-12-30
111,0.6580274232437717,-0.013672110160834996,1.3583099155166596,0.05,co,M5: AugSynth Centro (Bel. dropped),AugSynth,2025w02,2025-01-06
112,0.4983295921738846,-0.20195290009900324,1.1986120844467725,0.291,co,M5: AugSynth Centro (Bel. dropped),AugSynth,2025w03,2025-01-13
113,0.3669014837363404,-0.33338100853654745,1.0671839760092283,0.362,co,M5: AugSynth Centro (Bel. dropped),AugSynth,2025w04,2025-01-20
114,0.49749944112020644,-0.20278305115268142,1.1977819333930944,0.281,co,M5: AugSynth Centro (Bel. dropped),AugSynth,2025w05,2025-01-27
115,0.45800324934638514,-0.2422792429265027,1.129702782750992,0.294,co,M5: AugSynth Centro (Bel. dropped),AugSynth,2025w06,2025-02-03
116,0.2608983382299953,-0.43938415404289255,0.9611808305028832,0.615,co,M5: AugSynth Centro (Bel. dropped),AugSynth,2025w07,2025-02-10
117,0.36514968207944376,-0.3351328101934441,1.0654321743523316,0.437,co,M5: AugSynth Centro (Bel. dropped),AugSynth,2025w08,2025-02-17
118,0.5290182050921429,-0.17126428718074493,1.229300697365031,0.275,co,M5: AugSynth Centro (Bel. dropped),AugSynth,2025w09,2025-02-24
119,0.5749722871362962,-0.12531020513659163,1.2752547794091842,0.198,co,M5: AugSynth Centro (Bel. dropped),AugSynth,2025w10,2025-03-03
120,0.507117248152545,-0.19316524412034286,1.1788167815571517,0.264,co,M5: AugSynth Centro (Bel. dropped),AugSynth,2025w11,2025-03-10
121,0.28838361086339803,-0.38331592254120866,0.9886661031362859,0.504,co,M5: AugSynth Centro (Bel. dropped),AugSynth,2025w12,2025-03-17
122,0.047578279796879036,-0.6527042124760088,0.7192778132014858,0.933,co,M5: AugSynth Centro (Bel. dropped),AugSynth,2025w13,2025-03-24
123,0.41407931296985934,-0.2862031793030285,1.085778846374466,0.367,co,M5: AugSynth Centro (Bel. dropped),AugSynth,2025w14,2025-03-31
124,0.49619385733087146,-0.2040886349420164,1.1964763496037594,0.224,co,M5: AugSynth Centro (Bel. dropped),AugSynth,2025w15,2025-04-07
125,0.2905055676033723,-0.40977692466951554,0.9907880598762602,0.557,co,M5: AugSynth Centro (Bel. dropped),AugSynth,2025w16,2025-04-14
126,0.21304674006705654,-0.4872357522058313,0.9133292323399445,0.683,co,M5: AugSynth Centro (Bel. dropped),AugSynth,2025w17,2025-04-21
127,0.44536418916297515,-0.2549183031099127,1.145646681435863,0.296,co,M5: AugSynth Centro (Bel. dropped),AugSynth,2025w18,2025-04-28
128,0.26742000159925594,-0.4328624906736319,0.9677024938721438,0.575,co,M5: AugSynth Centro (Bel. dropped),AugSynth,2025w19,2025-05-05
129,0.616835702483606,-0.08344678978928188,1.3171181947564938,0.086,co,M5: AugSynth Centro (Bel. dropped),AugSynth,2025w20,2025-05-12
130,0.3048357369773246,-0.3954467552955633,0.9765352703819313,0.47,co,M5: AugSynth Centro (Bel. dropped),AugSynth,2025w21,2025-05-19
131,0.1736632797420406,-0.5266192125308473,0.8739457720149284,0.829,co,M5: AugSynth Centro (Bel. dropped),AugSynth,2025w22,2025-05-26
132,0.3427831893515195,-0.35749930292136833,1.0430656816244075,0.413,co,M5: AugSynth Centro (Bel. dropped),AugSynth,2025w23,2025-06-02
133,0.3904584620615712,-0.30982403021131666,1.090740954334459,0.372,co,M5: AugSynth Centro (Bel. dropped),AugSynth,2025w24,2025-06-09
134,0.17077539552561832,-0.5295070967472695,0.8710578877985062,0.797,co,M5: AugSynth Centro (Bel. dropped),AugSynth,2025w25,2025-06-16
1,0.24701927349789793,NA,NA,NA,co,M5b: AugSynth Centro (Bel. in pool),AugSynth,2022w48,2022-11-28
2,0.3857451952445001,NA,NA,NA,co,M5b: AugSynth Centro (Bel. in pool),AugSynth,2022w49,2022-12-05
3,-0.01804438673478087,NA,NA,NA,co,M5b: AugSynth Centro (Bel. in pool),AugSynth,2022w50,2022-12-12
4,0.16043346966238603,NA,NA,NA,co,M5b: AugSynth Centro (Bel. in pool),AugSynth,2022w51,2022-12-19
5,0.23666322926537303,NA,NA,NA,co,M5b: AugSynth Centro (Bel. in pool),AugSynth,2022w52,2022-12-26
6,0.17819777024752886,NA,NA,NA,co,M5b: AugSynth Centro (Bel. in pool),AugSynth,2023w01,2023-01-02
7,0.12441787408328633,NA,NA,NA,co,M5b: AugSynth Centro (Bel. in pool),AugSynth,2023w02,2023-01-09
8,-0.019447270567196806,NA,NA,NA,co,M5b: AugSynth Centro (Bel. in pool),AugSynth,2023w03,2023-01-16
9,0.10931846974950035,NA,NA,NA,co,M5b: AugSynth Centro (Bel. in pool),AugSynth,2023w04,2023-01-23
10,0.015091952325656105,NA,NA,NA,co,M5b: AugSynth Centro (Bel. in pool),AugSynth,2023w05,2023-01-30
11,0.1038139317355431,NA,NA,NA,co,M5b: AugSynth Centro (Bel. in pool),AugSynth,2023w06,2023-02-06
12,0.28483464407458425,NA,NA,NA,co,M5b: AugSynth Centro (Bel. in pool),AugSynth,2023w07,2023-02-13
13,0.1895736803533306,NA,NA,NA,co,M5b: AugSynth Centro (Bel. in pool),AugSynth,2023w08,2023-02-20
14,0.2137692830642015,NA,NA,NA,co,M5b: AugSynth Centro (Bel. in pool),AugSynth,2023w09,2023-02-27
15,0.15234600267670934,NA,NA,NA,co,M5b: AugSynth Centro (Bel. in pool),AugSynth,2023w10,2023-03-06
16,0.15548791993708444,NA,NA,NA,co,M5b: AugSynth Centro (Bel. in pool),AugSynth,2023w11,2023-03-13
17,0.36118715906493287,NA,NA,NA,co,M5b: AugSynth Centro (Bel. in pool),AugSynth,2023w12,2023-03-20
18,0.3773642796568285,NA,NA,NA,co,M5b: AugSynth Centro (Bel. in pool),AugSynth,2023w13,2023-03-27
19,-0.008346281349537521,NA,NA,NA,co,M5b: AugSynth Centro (Bel. in pool),AugSynth,2023w14,2023-04-03
20,-0.1616092988281555,NA,NA,NA,co,M5b: AugSynth Centro (Bel. in pool),AugSynth,2023w15,2023-04-10
21,-0.4436850524492376,NA,NA,NA,co,M5b: AugSynth Centro (Bel. in pool),AugSynth,2023w16,2023-04-17
22,-0.07408519363000723,NA,NA,NA,co,M5b: AugSynth Centro (Bel. in pool),AugSynth,2023w17,2023-04-24
23,-0.5833271110807144,NA,NA,NA,co,M5b: AugSynth Centro (Bel. in pool),AugSynth,2023w18,2023-05-01
24,-0.2930562173285154,NA,NA,NA,co,M5b: AugSynth Centro (Bel. in pool),AugSynth,2023w19,2023-05-08
25,-0.2501467062180746,NA,NA,NA,co,M5b: AugSynth Centro (Bel. in pool),AugSynth,2023w20,2023-05-15
26,-0.5010649504603935,NA,NA,NA,co,M5b: AugSynth Centro (Bel. in pool),AugSynth,2023w21,2023-05-22
27,-0.22650232116337837,NA,NA,NA,co,M5b: AugSynth Centro (Bel. in pool),AugSynth,2023w22,2023-05-29
28,0.09325941401587794,NA,NA,NA,co,M5b: AugSynth Centro (Bel. in pool),AugSynth,2023w23,2023-06-05
29,0.15342421832712105,NA,NA,NA,co,M5b: AugSynth Centro (Bel. in pool),AugSynth,2023w24,2023-06-12
30,0.13879808347248046,NA,NA,NA,co,M5b: AugSynth Centro (Bel. in pool),AugSynth,2023w25,2023-06-19
31,0.3077653931925419,NA,NA,NA,co,M5b: AugSynth Centro (Bel. in pool),AugSynth,2023w26,2023-06-26
32,0.46251143582239534,NA,NA,NA,co,M5b: AugSynth Centro (Bel. in pool),AugSynth,2023w27,2023-07-03
33,0.2645128875747681,NA,NA,NA,co,M5b: AugSynth Centro (Bel. in pool),AugSynth,2023w28,2023-07-10
34,-0.044883802004272444,NA,NA,NA,co,M5b: AugSynth Centro (Bel. in pool),AugSynth,2023w29,2023-07-17
35,0.07453621374440894,NA,NA,NA,co,M5b: AugSynth Centro (Bel. in pool),AugSynth,2023w30,2023-07-24
36,0.15363511923386952,NA,NA,NA,co,M5b: AugSynth Centro (Bel. in pool),AugSynth,2023w31,2023-07-31
37,-0.15226896267143097,NA,NA,NA,co,M5b: AugSynth Centro (Bel. in pool),AugSynth,2023w32,2023-08-07
38,0.23469717860473738,NA,NA,NA,co,M5b: AugSynth Centro (Bel. in pool),AugSynth,2023w33,2023-08-14
39,0.2328183998340082,NA,NA,NA,co,M5b: AugSynth Centro (Bel. in pool),AugSynth,2023w34,2023-08-21
40,-0.15487113970211885,NA,NA,NA,co,M5b: AugSynth Centro (Bel. in pool),AugSynth,2023w35,2023-08-28
41,-0.46375926189485894,NA,NA,NA,co,M5b: AugSynth Centro (Bel. in pool),AugSynth,2023w36,2023-09-04
42,-0.4615201158138268,NA,NA,NA,co,M5b: AugSynth Centro (Bel. in pool),AugSynth,2023w37,2023-09-11
43,-0.4541326904772556,NA,NA,NA,co,M5b: AugSynth Centro (Bel. in pool),AugSynth,2023w38,2023-09-18
44,0.37241769300892447,NA,NA,NA,co,M5b: AugSynth Centro (Bel. in pool),AugSynth,2023w39,2023-09-25
45,0.2310193711371071,NA,NA,NA,co,M5b: AugSynth Centro (Bel. in pool),AugSynth,2023w40,2023-10-02
46,-0.20075328776287218,NA,NA,NA,co,M5b: AugSynth Centro (Bel. in pool),AugSynth,2023w41,2023-10-09
47,0.07709252182202062,NA,NA,NA,co,M5b: AugSynth Centro (Bel. in pool),AugSynth,2023w42,2023-10-16
48,-0.06487980470993618,NA,NA,NA,co,M5b: AugSynth Centro (Bel. in pool),AugSynth,2023w43,2023-10-23
49,0.21711491997966448,NA,NA,NA,co,M5b: AugSynth Centro (Bel. in pool),AugSynth,2023w44,2023-10-30
50,0.015217108889690578,NA,NA,NA,co,M5b: AugSynth Centro (Bel. in pool),AugSynth,2023w45,2023-11-06
51,0.06272792872675342,NA,NA,NA,co,M5b: AugSynth Centro (Bel. in pool),AugSynth,2023w46,2023-11-13
52,-0.4226841653026941,NA,NA,NA,co,M5b: AugSynth Centro (Bel. in pool),AugSynth,2023w47,2023-11-20
53,0.16708054896161773,-0.09049262079490394,0.4246537187181394,0.558,co,M5b: AugSynth Centro (Bel. in pool),AugSynth,2023w48,2023-11-27
54,0.01858247142079611,-0.23899069833572556,0.2761556411773178,0.938,co,M5b: AugSynth Centro (Bel. in pool),AugSynth,2023w49,2023-12-04
55,0.12053876894795247,-0.1370344008085692,0.3781119387044741,0.765,co,M5b: AugSynth Centro (Bel. in pool),AugSynth,2023w50,2023-12-11
56,0.093797143881701045,-0.16377602587482062,0.3513703136382227,0.783,co,M5b: AugSynth Centro (Bel. in pool),AugSynth,2023w51,2023-12-18
57,-5.783058095116256e-4,-0.2581514755660333,0.25699486394701004,1,co,M5b: AugSynth Centro (Bel. in pool),AugSynth,2023w52,2023-12-25
58,0.0186854543256943,-0.23888771543082737,0.27625862408221596,0.941,co,M5b: AugSynth Centro (Bel. in pool),AugSynth,2024w01,2024-01-01
59,0.031018520657752596,-0.22655464909876907,0.28859169041427424,0.908,co,M5b: AugSynth Centro (Bel. in pool),AugSynth,2024w02,2024-01-08
60,0.05266402867815667,-0.204909141078365,0.31023719843467834,0.887,co,M5b: AugSynth Centro (Bel. in pool),AugSynth,2024w03,2024-01-15
61,0.005493845440340539,-0.25207932431618113,0.2630670151968622,1,co,M5b: AugSynth Centro (Bel. in pool),AugSynth,2024w04,2024-01-22
62,0.052740085819119875,-0.2048330839374018,0.31031325557564154,0.892,co,M5b: AugSynth Centro (Bel. in pool),AugSynth,2024w05,2024-01-29
63,0.21427682608956947,-0.0432963436669522,0.4718499958460911,0.51,co,M5b: AugSynth Centro (Bel. in pool),AugSynth,2024w06,2024-02-05
64,0.08402099294209925,-0.17355217681442242,0.3415941626986209,0.8,co,M5b: AugSynth Centro (Bel. in pool),AugSynth,2024w07,2024-02-12
65,-0.02105369368529697,-0.27862686344181864,0.2365194760712247,0.918,co,M5b: AugSynth Centro (Bel. in pool),AugSynth,2024w08,2024-02-19
66,6.275091155123098e-4,-0.2569456606410094,0.25820067887203396,1,co,M5b: AugSynth Centro (Bel. in pool),AugSynth,2024w09,2024-02-26
67,-0.11380037225182997,-0.37137354200835165,0.14377279750469169,0.771,co,M5b: AugSynth Centro (Bel. in pool),AugSynth,2024w10,2024-03-04
68,-0.16049810673378787,-0.4180712764903095,0.0970750630227338,0.641,co,M5b: AugSynth Centro (Bel. in pool),AugSynth,2024w11,2024-03-11
69,-0.21387610940322432,-0.471449279159746,0.043697060353297346,0.492,co,M5b: AugSynth Centro (Bel. in pool),AugSynth,2024w12,2024-03-18
70,-0.064413486572704,-0.3219866563292257,0.19315968318381765,0.876,co,M5b: AugSynth Centro (Bel. in pool),AugSynth,2024w13,2024-03-25
71,-0.07585324552656073,-0.33342641528308237,0.18171992422996094,0.872,co,M5b: AugSynth Centro (Bel. in pool),AugSynth,2024w14,2024-04-01
72,0.018079520920450218,-0.23949364883607144,0.2756526906769719,0.949,co,M5b: AugSynth Centro (Bel. in pool),AugSynth,2024w15,2024-04-08
73,-0.20042527565844104,-0.4579984454149627,0.05714789409808063,0.554,co,M5b: AugSynth Centro (Bel. in pool),AugSynth,2024w16,2024-04-15
74,0.23026403749928306,-0.027309132257238605,0.4878372072558047,0.515,co,M5b: AugSynth Centro (Bel. in pool),AugSynth,2024w17,2024-04-22
75,-0.12458007461920899,-0.38215324437573067,0.13299309513731267,0.739,co,M5b: AugSynth Centro (Bel. in pool),AugSynth,2024w18,2024-04-29
76,0.021604457098491084,-0.2359687126580306,0.27917762685501274,0.909,co,M5b: AugSynth Centro (Bel. in pool),AugSynth,2024w19,2024-05-06
77,0.010846405074232235,-0.24672676468228943,0.2684195748307539,1,co,M5b: AugSynth Centro (Bel. in pool),AugSynth,2024w20,2024-05-13
78,-0.13177187556030928,-0.38934504531683095,0.1258012941962124,0.733,co,M5b: AugSynth Centro (Bel. in pool),AugSynth,2024w21,2024-05-20
79,0.08327211790060601,-0.17430105185591566,0.3408452876571277,0.857,co,M5b: AugSynth Centro (Bel. in pool),AugSynth,2024w22,2024-05-27
80,-0.0494618513088112,-0.30703502106533287,0.20811131844771047,0.904,co,M5b: AugSynth Centro (Bel. in pool),AugSynth,2024w23,2024-06-03
81,-0.15090357311565908,-0.4084767428721807,0.10666959664086259,0.715,co,M5b: AugSynth Centro (Bel. in pool),AugSynth,2024w24,2024-06-10
82,-0.10496513038676862,-0.3625383001432903,0.15260803936975303,0.779,co,M5b: AugSynth Centro (Bel. in pool),AugSynth,2024w25,2024-06-17
83,-0.18956535338992803,-0.4471385231464497,0.06800781636659364,0.568,co,M5b: AugSynth Centro (Bel. in pool),AugSynth,2024w26,2024-06-24
84,-0.18678164805502545,-0.4443548178115471,0.07079152170149622,0.517,co,M5b: AugSynth Centro (Bel. in pool),AugSynth,2024w27,2024-07-01
85,0.03583788764542678,-0.2217352821110949,0.29341105740194845,0.891,co,M5b: AugSynth Centro (Bel. in pool),AugSynth,2024w28,2024-07-08
86,-0.22009919561670443,-0.4776723653732261,0.037473974139817234,0.478,co,M5b: AugSynth Centro (Bel. in pool),AugSynth,2024w29,2024-07-15
87,0.003957311631743787,-0.2536158581247779,0.26153048138826546,1,co,M5b: AugSynth Centro (Bel. in pool),AugSynth,2024w30,2024-07-22
88,0.05391902744583987,-0.2036541423106818,0.31149219720236154,0.9,co,M5b: AugSynth Centro (Bel. in pool),AugSynth,2024w31,2024-07-29
89,0.1038320243834317,-0.15374114537308997,0.36140519413995337,0.748,co,M5b: AugSynth Centro (Bel. in pool),AugSynth,2024w32,2024-08-05
90,0.04620443210173236,-0.2113687376547893,0.30377760185825403,0.878,co,M5b: AugSynth Centro (Bel. in pool),AugSynth,2024w33,2024-08-12
91,0.09268889913256884,-0.16488427062395283,0.3502620688890905,0.775,co,M5b: AugSynth Centro (Bel. in pool),AugSynth,2024w34,2024-08-19
92,0.12677514456541233,-0.13079802519110934,0.384348314321934,0.735,co,M5b: AugSynth Centro (Bel. in pool),AugSynth,2024w35,2024-08-26
93,0.10610304038322033,-0.15147012937330134,0.363676210139742,0.742,co,M5b: AugSynth Centro (Bel. in pool),AugSynth,2024w36,2024-09-02
94,-0.0931436862069625,-0.3507168559634842,0.16442948354955916,0.798,co,M5b: AugSynth Centro (Bel. in pool),AugSynth,2024w37,2024-09-09
95,-0.25909826919377726,-0.5166714389502989,0,0.306,co,M5b: AugSynth Centro (Bel. in pool),AugSynth,2024w38,2024-09-16
96,-0.20771799654091658,-0.4652911662974383,0.04985517321560509,0.503,co,M5b: AugSynth Centro (Bel. in pool),AugSynth,2024w39,2024-09-23
97,-0.2600613965167309,-0.5176345662732525,0,0.439,co,M5b: AugSynth Centro (Bel. in pool),AugSynth,2024w40,2024-09-30
98,-0.02676098438049751,-0.2843341541370192,0.23081218537602416,0.905,co,M5b: AugSynth Centro (Bel. in pool),AugSynth,2024w41,2024-10-07
99,-0.25376105065191,-0.5113342204084317,0.0038121191046116554,0.329,co,M5b: AugSynth Centro (Bel. in pool),AugSynth,2024w42,2024-10-14
100,-0.24066165173401843,-0.4982348214905401,0.016911518022503236,0.39,co,M5b: AugSynth Centro (Bel. in pool),AugSynth,2024w43,2024-10-21
101,-0.006153519805808805,-0.2637266895623305,0.25141964995071286,1,co,M5b: AugSynth Centro (Bel. in pool),AugSynth,2024w44,2024-10-28
102,-0.01033989481925434,-0.267913064575776,0.24723327493726732,0.983,co,M5b: AugSynth Centro (Bel. in pool),AugSynth,2024w45,2024-11-04
103,0.01421564775425184,-0.24335752200226984,0.2717888175107735,0.981,co,M5b: AugSynth Centro (Bel. in pool),AugSynth,2024w46,2024-11-11
104,-0.30451939213070744,-0.5620925618872291,0,0.273,co,M5b: AugSynth Centro (Bel. in pool),AugSynth,2024w47,2024-11-18
105,-0.22257012210830912,-0.4801432918648308,0.03500304764821255,0.49,co,M5b: AugSynth Centro (Bel. in pool),AugSynth,2024w48,2024-11-25
106,-0.10269811096631072,-0.3602712807228324,0.15487505879021096,0.756,co,M5b: AugSynth Centro (Bel. in pool),AugSynth,2024w49,2024-12-02
107,-0.034343118317724325,-0.29191628807424597,0.22323005143879734,0.897,co,M5b: AugSynth Centro (Bel. in pool),AugSynth,2024w50,2024-12-09
108,-0.12974895678048876,-0.3873221265370104,0.1278242129760329,0.735,co,M5b: AugSynth Centro (Bel. in pool),AugSynth,2024w51,2024-12-16
109,0.1515457846265972,-0.10602738512992446,0.40911895438311885,0.687,co,M5b: AugSynth Centro (Bel. in pool),AugSynth,2024w52,2024-12-23
110,0.10217572489156992,-0.15539744486495174,0.35974889464809157,0.807,co,M5b: AugSynth Centro (Bel. in pool),AugSynth,2025w01,2024-12-30
111,0.1016896725906554,-0.15588349716586627,0.3592628423471771,0.774,co,M5b: AugSynth Centro (Bel. in pool),AugSynth,2025w02,2025-01-06
112,0.12013866229263301,-0.13743450746388866,0.3777118320491547,0.748,co,M5b: AugSynth Centro (Bel. in pool),AugSynth,2025w03,2025-01-13
113,0.016789473221388823,-0.24078369653513285,0.27436264297791046,0.943,co,M5b: AugSynth Centro (Bel. in pool),AugSynth,2025w04,2025-01-20
114,0.19100066153291628,-0.06657250822360539,0.44857383128943795,0.54,co,M5b: AugSynth Centro (Bel. in pool),AugSynth,2025w05,2025-01-27
115,0.16691116126895475,-0.09066200848756692,0.42448433102547645,0.674,co,M5b: AugSynth Centro (Bel. in pool),AugSynth,2025w06,2025-02-03
116,-0.08247261504967789,-0.34004578480619957,0.17510055470684377,0.807,co,M5b: AugSynth Centro (Bel. in pool),AugSynth,2025w07,2025-02-10
117,-0.1283162116793149,-0.38588938143583656,0.12925695807720677,0.767,co,M5b: AugSynth Centro (Bel. in pool),AugSynth,2025w08,2025-02-17
118,0.05157894927321438,-0.2059942204833073,0.30915211902973605,0.889,co,M5b: AugSynth Centro (Bel. in pool),AugSynth,2025w09,2025-02-24
119,0.19658798384625564,-0.060985185910266027,0.4541611536027773,0.578,co,M5b: AugSynth Centro (Bel. in pool),AugSynth,2025w10,2025-03-03
120,0.18376130664725693,-0.07381186310926474,0.4413344764037786,0.565,co,M5b: AugSynth Centro (Bel. in pool),AugSynth,2025w11,2025-03-10
121,0.019807639078606748,-0.23776553067791492,0.2773808088351284,0.929,co,M5b: AugSynth Centro (Bel. in pool),AugSynth,2025w12,2025-03-17
122,-0.1626950825045395,-0.4202682522610612,0.09487808725198216,0.628,co,M5b: AugSynth Centro (Bel. in pool),AugSynth,2025w13,2025-03-24
123,-0.15080486290094114,-0.4083780326574628,0.10676830685558053,0.667,co,M5b: AugSynth Centro (Bel. in pool),AugSynth,2025w14,2025-03-31
124,0.06927239618142178,-0.1883007735750999,0.32684556593794345,0.856,co,M5b: AugSynth Centro (Bel. in pool),AugSynth,2025w15,2025-04-07
125,-0.016561555779194548,-0.2741347255357162,0.24101161397732712,0.94,co,M5b: AugSynth Centro (Bel. in pool),AugSynth,2025w16,2025-04-14
126,-0.09265650351881087,-0.35022967327533255,0.16491666623771079,0.806,co,M5b: AugSynth Centro (Bel. in pool),AugSynth,2025w17,2025-04-21
127,-0.08025433350769957,-0.33782750326422123,0.1773188362488221,0.827,co,M5b: AugSynth Centro (Bel. in pool),AugSynth,2025w18,2025-04-28
128,-0.00185871436594226,-0.25943188412246393,0.2557144553905794,1,co,M5b: AugSynth Centro (Bel. in pool),AugSynth,2025w19,2025-05-05
129,0.04050271233442605,-0.21707045742209563,0.2980758820909477,0.901,co,M5b: AugSynth Centro (Bel. in pool),AugSynth,2025w20,2025-05-12
130,0.05770751965170183,-0.19986565010481983,0.3152806894082235,0.894,co,M5b: AugSynth Centro (Bel. in pool),AugSynth,2025w21,2025-05-19
131,-0.11193331377645735,-0.369506483532979,0.14563985598006432,0.745,co,M5b: AugSynth Centro (Bel. in pool),AugSynth,2025w22,2025-05-26
132,0.05943584210937791,-0.19813732764714376,0.3170090118658996,0.876,co,M5b: AugSynth Centro (Bel. in pool),AugSynth,2025w23,2025-06-02
133,-0.07409376057037559,-0.33166693032689726,0.18347940918614608,0.867,co,M5b: AugSynth Centro (Bel. in pool),AugSynth,2025w24,2025-06-09
134,-0.11470625105397261,-0.37227942081049425,0.14286691870254906,0.727,co,M5b: AugSynth Centro (Bel. in pool),AugSynth,2025w25,2025-06-16
1,0.4376043110407286,NA,NA,NA,co,M6: AugSynth Belisario (Centro dropped),AugSynth,2022w48,2022-11-28
2,0.28044273257490493,NA,NA,NA,co,M6: AugSynth Belisario (Centro dropped),AugSynth,2022w49,2022-12-05
3,0.18823394591649362,NA,NA,NA,co,M6: AugSynth Belisario (Centro dropped),AugSynth,2022w50,2022-12-12
4,0.039893615670631086,NA,NA,NA,co,M6: AugSynth Belisario (Centro dropped),AugSynth,2022w51,2022-12-19
5,0.10362233880220378,NA,NA,NA,co,M6: AugSynth Belisario (Centro dropped),AugSynth,2022w52,2022-12-26
6,0.1849818269657821,NA,NA,NA,co,M6: AugSynth Belisario (Centro dropped),AugSynth,2023w01,2023-01-02
7,0.19935336371290663,NA,NA,NA,co,M6: AugSynth Belisario (Centro dropped),AugSynth,2023w02,2023-01-09
8,0.35726479818142876,NA,NA,NA,co,M6: AugSynth Belisario (Centro dropped),AugSynth,2023w03,2023-01-16
9,0.15071920752758727,NA,NA,NA,co,M6: AugSynth Belisario (Centro dropped),AugSynth,2023w04,2023-01-23
10,0.33478256714725313,NA,NA,NA,co,M6: AugSynth Belisario (Centro dropped),AugSynth,2023w05,2023-01-30
11,0.3266380544617098,NA,NA,NA,co,M6: AugSynth Belisario (Centro dropped),AugSynth,2023w06,2023-02-06
12,0.5055906588182253,NA,NA,NA,co,M6: AugSynth Belisario (Centro dropped),AugSynth,2023w07,2023-02-13
13,0.15403449217039747,NA,NA,NA,co,M6: AugSynth Belisario (Centro dropped),AugSynth,2023w08,2023-02-20
14,0.050253608206440085,NA,NA,NA,co,M6: AugSynth Belisario (Centro dropped),AugSynth,2023w09,2023-02-27
15,0.7169580785713209,NA,NA,NA,co,M6: AugSynth Belisario (Centro dropped),AugSynth,2023w10,2023-03-06
16,0.6168525877339242,NA,NA,NA,co,M6: AugSynth Belisario (Centro dropped),AugSynth,2023w11,2023-03-13
17,0.41006957186994897,NA,NA,NA,co,M6: AugSynth Belisario (Centro dropped),AugSynth,2023w12,2023-03-20
18,0.30399750932401404,NA,NA,NA,co,M6: AugSynth Belisario (Centro dropped),AugSynth,2023w13,2023-03-27
19,0.47543373054214055,NA,NA,NA,co,M6: AugSynth Belisario (Centro dropped),AugSynth,2023w14,2023-04-03
20,0.380785108688824,NA,NA,NA,co,M6: AugSynth Belisario (Centro dropped),AugSynth,2023w15,2023-04-10
21,0.5154283973427747,NA,NA,NA,co,M6: AugSynth Belisario (Centro dropped),AugSynth,2023w16,2023-04-17
22,0.27969223230313356,NA,NA,NA,co,M6: AugSynth Belisario (Centro dropped),AugSynth,2023w17,2023-04-24
23,0.012258694344445764,NA,NA,NA,co,M6: AugSynth Belisario (Centro dropped),AugSynth,2023w18,2023-05-01
24,0.2453093274441192,NA,NA,NA,co,M6: AugSynth Belisario (Centro dropped),AugSynth,2023w19,2023-05-08
25,0.4124994732172469,NA,NA,NA,co,M6: AugSynth Belisario (Centro dropped),AugSynth,2023w20,2023-05-15
26,0.3537789145707657,NA,NA,NA,co,M6: AugSynth Belisario (Centro dropped),AugSynth,2023w21,2023-05-22
27,0.23624662213466746,NA,NA,NA,co,M6: AugSynth Belisario (Centro dropped),AugSynth,2023w22,2023-05-29
28,0.24616383845037548,NA,NA,NA,co,M6: AugSynth Belisario (Centro dropped),AugSynth,2023w23,2023-06-05
29,0.011409065816823653,NA,NA,NA,co,M6: AugSynth Belisario (Centro dropped),AugSynth,2023w24,2023-06-12
30,0.02022759957612935,NA,NA,NA,co,M6: AugSynth Belisario (Centro dropped),AugSynth,2023w25,2023-06-19
31,-0.006209215008988217,NA,NA,NA,co,M6: AugSynth Belisario (Centro dropped),AugSynth,2023w26,2023-06-26
32,0.4146481094434709,NA,NA,NA,co,M6: AugSynth Belisario (Centro dropped),AugSynth,2023w27,2023-07-03
33,0.23224790109792734,NA,NA,NA,co,M6: AugSynth Belisario (Centro dropped),AugSynth,2023w28,2023-07-10
34,0.03379544510634008,NA,NA,NA,co,M6: AugSynth Belisario (Centro dropped),AugSynth,2023w29,2023-07-17
35,0.12667112712467404,NA,NA,NA,co,M6: AugSynth Belisario (Centro dropped),AugSynth,2023w30,2023-07-24
36,-0.37790931778457515,NA,NA,NA,co,M6: AugSynth Belisario (Centro dropped),AugSynth,2023w31,2023-07-31
37,-0.06354926351113327,NA,NA,NA,co,M6: AugSynth Belisario (Centro dropped),AugSynth,2023w32,2023-08-07
38,0.5490806768876662,NA,NA,NA,co,M6: AugSynth Belisario (Centro dropped),AugSynth,2023w33,2023-08-14
39,0.45812712767084474,NA,NA,NA,co,M6: AugSynth Belisario (Centro dropped),AugSynth,2023w34,2023-08-21
40,-0.15162217594128208,NA,NA,NA,co,M6: AugSynth Belisario (Centro dropped),AugSynth,2023w35,2023-08-28
41,-0.08427496640511734,NA,NA,NA,co,M6: AugSynth Belisario (Centro dropped),AugSynth,2023w36,2023-09-04
42,0.046297527689583395,NA,NA,NA,co,M6: AugSynth Belisario (Centro dropped),AugSynth,2023w37,2023-09-11
43,0.23683440868539454,NA,NA,NA,co,M6: AugSynth Belisario (Centro dropped),AugSynth,2023w38,2023-09-18
44,-0.10001828829432038,NA,NA,NA,co,M6: AugSynth Belisario (Centro dropped),AugSynth,2023w39,2023-09-25
45,0.3373395745974511,NA,NA,NA,co,M6: AugSynth Belisario (Centro dropped),AugSynth,2023w40,2023-10-02
46,0.21272442125423946,NA,NA,NA,co,M6: AugSynth Belisario (Centro dropped),AugSynth,2023w41,2023-10-09
47,0.449726880698911,NA,NA,NA,co,M6: AugSynth Belisario (Centro dropped),AugSynth,2023w42,2023-10-16
48,0.5785859949553446,NA,NA,NA,co,M6: AugSynth Belisario (Centro dropped),AugSynth,2023w43,2023-10-23
49,1.0942963625591926,NA,NA,NA,co,M6: AugSynth Belisario (Centro dropped),AugSynth,2023w44,2023-10-30
50,0.6678088366165332,NA,NA,NA,co,M6: AugSynth Belisario (Centro dropped),AugSynth,2023w45,2023-11-06
51,0.39922310972742564,NA,NA,NA,co,M6: AugSynth Belisario (Centro dropped),AugSynth,2023w46,2023-11-13
52,0.6414775398090256,NA,NA,NA,co,M6: AugSynth Belisario (Centro dropped),AugSynth,2023w47,2023-11-20
53,0.1505189915784939,-0.5876871968019692,1.022944486937223,0.749,co,M6: AugSynth Belisario (Centro dropped),AugSynth,2023w48,2023-11-27
54,0.4712786964239459,-0.44588656792753856,1.209484884804409,0.246,co,M6: AugSynth Belisario (Centro dropped),AugSynth,2023w49,2023-12-04
55,0.4528160726917861,-0.3301298846814324,1.1910222610722492,0.259,co,M6: AugSynth Belisario (Centro dropped),AugSynth,2023w50,2023-12-11
56,0.48469790109928523,-0.4772071322449546,1.1781643204869932,0.227,co,M6: AugSynth Belisario (Centro dropped),AugSynth,2023w51,2023-12-18
57,0.5716558087156394,-0.16655037966482372,1.2651222281033472,0.111,co,M6: AugSynth Belisario (Centro dropped),AugSynth,2023w52,2023-12-25
58,0.7689283696010087,-0.10349712575772038,1.4623947889887166,0.056,co,M6: AugSynth Belisario (Centro dropped),AugSynth,2024w01,2024-01-01
59,0.5117008579116126,-0.5844234824108933,1.3393865842775865,0.19,co,M6: AugSynth Belisario (Centro dropped),AugSynth,2024w02,2024-01-08
60,0.363058831866541,-0.5988462014776988,1.1012650202470042,0.471,co,M6: AugSynth Belisario (Centro dropped),AugSynth,2024w03,2024-01-15
61,0.4434047045851379,-0.3395412527880805,1.181610892965601,0.309,co,M6: AugSynth Belisario (Centro dropped),AugSynth,2024w04,2024-01-22
62,0.5807672561037569,-0.1574389322767062,1.4979325204552414,0.141,co,M6: AugSynth Belisario (Centro dropped),AugSynth,2024w05,2024-01-29
63,0.4028824877121157,-0.3353237006683473,1.141088676092579,0.354,co,M6: AugSynth Belisario (Centro dropped),AugSynth,2024w06,2024-02-05
64,0.1834041984134037,-0.5548019899670593,0.9216103867938669,0.699,co,M6: AugSynth Belisario (Centro dropped),AugSynth,2024w07,2024-02-12
65,0.4026992144942573,-0.24602743590069515,1.2751247098529865,0.33,co,M6: AugSynth Belisario (Centro dropped),AugSynth,2024w08,2024-02-19
66,0.47186547996322276,-0.2663407084172404,1.1653318993509305,0.211,co,M6: AugSynth Belisario (Centro dropped),AugSynth,2024w09,2024-02-26
67,0.5085810823778317,-0.2743648749953867,1.381006577736561,0.211,co,M6: AugSynth Belisario (Centro dropped),AugSynth,2024w10,2024-03-04
68,0.4683878994888054,-0.35929782687716844,1.2513338568620238,0.265,co,M6: AugSynth Belisario (Centro dropped),AugSynth,2024w11,2024-03-11
69,0.5118523067060954,-0.2263538816743677,1.2053187260938032,0.188,co,M6: AugSynth Belisario (Centro dropped),AugSynth,2024w12,2024-03-18
70,0.7900410805146674,0.05183489213420428,1.4835074999023752,0.033,co,M6: AugSynth Belisario (Centro dropped),AugSynth,2024w13,2024-03-25
71,0.9002740118127279,0.1173280544395095,1.6832199691859464,0.036,co,M6: AugSynth Belisario (Centro dropped),AugSynth,2024w14,2024-04-01
72,0.39471142736384457,-0.4777140679948846,1.177657384737063,0.418,co,M6: AugSynth Belisario (Centro dropped),AugSynth,2024w15,2024-04-08
73,0.7063546632313632,0,1.4445608516118265,0.081,co,M6: AugSynth Belisario (Centro dropped),AugSynth,2024w16,2024-04-15
74,0.4140662182689157,-0.32413997011154744,1.1522724066493788,0.342,co,M6: AugSynth Belisario (Centro dropped),AugSynth,2024w17,2024-04-22
75,0.47080421109545156,-0.49110082224878826,1.2090103994759147,0.218,co,M6: AugSynth Belisario (Centro dropped),AugSynth,2024w18,2024-04-29
76,0.5527878154722534,-0.14067860391545434,1.201514465867206,0.138,co,M6: AugSynth Belisario (Centro dropped),AugSynth,2024w19,2024-05-06
77,0.61360910975753,-0.25881638560119913,1.3070755291452378,0.116,co,M6: AugSynth Belisario (Centro dropped),AugSynth,2024w20,2024-05-13
78,0.6029090520425227,-0.4037357502944725,1.5648140853867627,0.125,co,M6: AugSynth Belisario (Centro dropped),AugSynth,2024w21,2024-05-20
79,0.33641224261678276,-0.35705417677092494,1.0298786620044906,0.49,co,M6: AugSynth Belisario (Centro dropped),AugSynth,2024w22,2024-05-27
80,0.9064129904550138,0.07872726408904002,1.644619178835477,0.028,co,M6: AugSynth Belisario (Centro dropped),AugSynth,2024w23,2024-06-03
81,1.0050279928089485,0.22208203543573007,1.787973950182167,0.034,co,M6: AugSynth Belisario (Centro dropped),AugSynth,2024w24,2024-06-10
82,0.5467946038690442,-0.2361513535041742,1.2850007922495075,0.141,co,M6: AugSynth Belisario (Centro dropped),AugSynth,2024w25,2024-06-17
83,0.7029432946787245,-0.12474243168724924,1.3964097140664324,0.058,co,M6: AugSynth Belisario (Centro dropped),AugSynth,2024w26,2024-06-24
84,0.8303713228137495,0.13690490342604172,1.479097973208702,0.032,co,M6: AugSynth Belisario (Centro dropped),AugSynth,2024w27,2024-07-01
85,0.41614886039040727,-0.27731755899730043,1.4227936627274025,0.271,co,M6: AugSynth Belisario (Centro dropped),AugSynth,2024w28,2024-07-08
86,0.5219454634708245,-0.17152095591688327,1.2601516518512876,0.145,co,M6: AugSynth Belisario (Centro dropped),AugSynth,2024w29,2024-07-15
87,0.9262820745023232,0.2328156551146155,1.8434473388538077,0.031,co,M6: AugSynth Belisario (Centro dropped),AugSynth,2024w30,2024-07-22
88,0.5960603694808488,-0.14214581889961425,1.2895267888685567,0.1,co,M6: AugSynth Belisario (Centro dropped),AugSynth,2024w31,2024-07-29
89,0.5540202283060331,-0.2736654980599406,1.3369661856792516,0.192,co,M6: AugSynth Belisario (Centro dropped),AugSynth,2024w32,2024-08-05
90,0.055458290773322094,-0.682747897607141,0.7489247101610299,0.822,co,M6: AugSynth Belisario (Centro dropped),AugSynth,2024w33,2024-08-12
91,0.18633408331066093,-0.5518721050698021,0.8798005026983687,0.704,co,M6: AugSynth Belisario (Centro dropped),AugSynth,2024w34,2024-08-19
92,0.09816511051168897,-0.5953013088760188,0.7916315298993968,0.807,co,M6: AugSynth Belisario (Centro dropped),AugSynth,2024w35,2024-08-26
93,0.07190472917527513,-0.7110412281979432,0.8101109175557384,0.825,co,M6: AugSynth Belisario (Centro dropped),AugSynth,2024w36,2024-09-02
94,0.5991611040270656,-0.4074836983099296,1.2926275234147733,0.106,co,M6: AugSynth Belisario (Centro dropped),AugSynth,2024w37,2024-09-09
95,0.07317853810410903,-0.7097674192691095,0.7666449574918168,0.812,co,M6: AugSynth Belisario (Centro dropped),AugSynth,2024w38,2024-09-16
96,0.09268686138468962,-0.6007795580030182,0.8308930497651528,0.815,co,M6: AugSynth Belisario (Centro dropped),AugSynth,2024w39,2024-09-23
97,0.42421347098040385,-0.31399271740005924,1.162419659360867,0.281,co,M6: AugSynth Belisario (Centro dropped),AugSynth,2024w40,2024-09-30
98,0.062469762627899494,-0.6757364257525635,0.7559361820156074,0.852,co,M6: AugSynth Belisario (Centro dropped),AugSynth,2024w41,2024-10-07
99,-0.23410324216307243,-0.9275696615507802,0.5041029462173907,0.582,co,M6: AugSynth Belisario (Centro dropped),AugSynth,2024w42,2024-10-14
100,0.015602358607443911,-0.677864060780264,0.753808546987907,0.94,co,M6: AugSynth Belisario (Centro dropped),AugSynth,2024w43,2024-10-21
101,-0.04204921158158059,-0.7355156309692885,0.6961569767988824,0.878,co,M6: AugSynth Belisario (Centro dropped),AugSynth,2024w44,2024-10-28
102,0.06715784255387428,-0.6263085768338335,0.8053640309343375,0.839,co,M6: AugSynth Belisario (Centro dropped),AugSynth,2024w45,2024-11-04
103,-0.039400036908781355,-0.7328664562964893,0.6988061514716817,0.911,co,M6: AugSynth Belisario (Centro dropped),AugSynth,2024w46,2024-11-11
104,0.403099777995503,-0.42458594837047076,1.2755252733542322,0.412,co,M6: AugSynth Belisario (Centro dropped),AugSynth,2024w47,2024-11-18
105,0.47584672533500766,-0.3070992320382108,1.3035324517009814,0.294,co,M6: AugSynth Belisario (Centro dropped),AugSynth,2024w48,2024-11-25
106,0.3305972213007351,-0.36286919808697266,1.0688034096811982,0.484,co,M6: AugSynth Belisario (Centro dropped),AugSynth,2024w49,2024-12-02
107,0.5751318249748667,-0.11833459441284105,1.3133380133553298,0.136,co,M6: AugSynth Belisario (Centro dropped),AugSynth,2024w50,2024-12-09
108,0.5315508037875172,-0.16191561560019058,1.3144967611607357,0.139,co,M6: AugSynth Belisario (Centro dropped),AugSynth,2024w51,2024-12-16
109,0.44097035447454824,-0.29723583390591485,1.134436773862256,0.241,co,M6: AugSynth Belisario (Centro dropped),AugSynth,2024w52,2024-12-23
110,0.7282081492105472,-0.23369688413369258,1.6901131825547873,0.076,co,M6: AugSynth Belisario (Centro dropped),AugSynth,2025w01,2024-12-30
111,0.8833803759989862,0.05569464963301246,1.71106610236496,0.036,co,M6: AugSynth Belisario (Centro dropped),AugSynth,2025w02,2025-01-06
112,0.5459619092024564,-0.3264635861562728,1.4183874045611855,0.194,co,M6: AugSynth Belisario (Centro dropped),AugSynth,2025w03,2025-01-13
113,0.5734932781853406,-0.16471291019512252,1.3116994665658037,0.148,co,M6: AugSynth Belisario (Centro dropped),AugSynth,2025w04,2025-01-20
114,0.4369015417955363,-0.39078418457043745,1.26458726816151,0.32,co,M6: AugSynth Belisario (Centro dropped),AugSynth,2025w05,2025-01-27
115,0.4208308157502159,-0.4068549106157579,1.2037767731234343,0.337,co,M6: AugSynth Belisario (Centro dropped),AugSynth,2025w06,2025-02-03
116,0.5222434856432494,-0.260702471729969,1.2604496740237126,0.198,co,M6: AugSynth Belisario (Centro dropped),AugSynth,2025w07,2025-02-10
117,0.7839881796806834,-0.08843731567804577,1.7011534440321678,0.074,co,M6: AugSynth Belisario (Centro dropped),AugSynth,2025w08,2025-02-17
118,0.7317895864444137,-0.1406359089143154,1.6489548507958982,0.097,co,M6: AugSynth Belisario (Centro dropped),AugSynth,2025w09,2025-02-24
119,0.546965009078998,-0.19124117930146506,1.2851711974594613,0.185,co,M6: AugSynth Belisario (Centro dropped),AugSynth,2025w10,2025-03-03
120,0.46025749713515973,-0.6358668431873461,1.1537239165228677,0.268,co,M6: AugSynth Belisario (Centro dropped),AugSynth,2025w11,2025-03-10
121,0.4514632641109581,-0.2420031552767496,1.144929683498666,0.25,co,M6: AugSynth Belisario (Centro dropped),AugSynth,2025w12,2025-03-17
122,0.362170523029665,-0.33129589635804274,1.1003767114101282,0.401,co,M6: AugSynth Belisario (Centro dropped),AugSynth,2025w13,2025-03-24
123,0.9925512838956183,0.16486555752964455,1.6860177032833261,0.039,co,M6: AugSynth Belisario (Centro dropped),AugSynth,2025w14,2025-03-31
124,0.7041122962240807,-0.07883366114913776,1.4423184846045438,0.055,co,M6: AugSynth Belisario (Centro dropped),AugSynth,2025w15,2025-04-07
125,0.47184527313953495,-0.3111006842336835,1.3890105374910195,0.229,co,M6: AugSynth Belisario (Centro dropped),AugSynth,2025w16,2025-04-14
126,0.49423378570544624,-0.2439724026750169,1.545618357035197,0.185,co,M6: AugSynth Belisario (Centro dropped),AugSynth,2025w17,2025-04-21
127,0.9016986999423964,0.16349251156193328,1.5951651193301042,0.033,co,M6: AugSynth Belisario (Centro dropped),AugSynth,2025w18,2025-04-28
128,0.47831344615877935,-0.25989274222168374,1.1717798655464873,0.201,co,M6: AugSynth Belisario (Centro dropped),AugSynth,2025w19,2025-05-05
129,0.9542778772365565,0.21607168885609346,1.6924840656170197,0.03,co,M6: AugSynth Belisario (Centro dropped),AugSynth,2025w20,2025-05-12
130,0.4121598596495598,-0.28130655973814794,1.2845853550082889,0.296,co,M6: AugSynth Belisario (Centro dropped),AugSynth,2025w21,2025-05-19
131,0.47066144784643127,-0.2675447405340318,1.522046019176182,0.239,co,M6: AugSynth Belisario (Centro dropped),AugSynth,2025w22,2025-05-26
132,0.44304452913388964,-0.33990142823932884,1.4496893314708847,0.29,co,M6: AugSynth Belisario (Centro dropped),AugSynth,2025w23,2025-06-02
133,0.7690625245161883,0.030856336135725193,1.4625289439038962,0.032,co,M6: AugSynth Belisario (Centro dropped),AugSynth,2025w24,2025-06-09
134,0.47514649997546465,-0.2183199194122431,1.1686129193631725,0.201,co,M6: AugSynth Belisario (Centro dropped),AugSynth,2025w25,2025-06-16
1,0.05480738678048541,NA,NA,NA,co,M7: AugSynth_FE Centro+Belisario,AugSynth_FE,2022w48,2022-11-28
2,-0.036924797841752885,NA,NA,NA,co,M7: AugSynth_FE Centro+Belisario,AugSynth_FE,2022w49,2022-12-05
3,-0.2855422254738592,NA,NA,NA,co,M7: AugSynth_FE Centro+Belisario,AugSynth_FE,2022w50,2022-12-12
4,-0.10574321420451326,NA,NA,NA,co,M7: AugSynth_FE Centro+Belisario,AugSynth_FE,2022w51,2022-12-19
5,-0.1561634906567851,NA,NA,NA,co,M7: AugSynth_FE Centro+Belisario,AugSynth_FE,2022w52,2022-12-26
6,-0.15904400468207786,NA,NA,NA,co,M7: AugSynth_FE Centro+Belisario,AugSynth_FE,2023w01,2023-01-02
7,-0.0675756849865845,NA,NA,NA,co,M7: AugSynth_FE Centro+Belisario,AugSynth_FE,2023w02,2023-01-09
8,-0.07038266047272758,NA,NA,NA,co,M7: AugSynth_FE Centro+Belisario,AugSynth_FE,2023w03,2023-01-16
9,-0.1329894438541459,NA,NA,NA,co,M7: AugSynth_FE Centro+Belisario,AugSynth_FE,2023w04,2023-01-23
10,-0.0025125912463786343,NA,NA,NA,co,M7: AugSynth_FE Centro+Belisario,AugSynth_FE,2023w05,2023-01-30
11,0.09160239034913913,NA,NA,NA,co,M7: AugSynth_FE Centro+Belisario,AugSynth_FE,2023w06,2023-02-06
12,0.09021411698133584,NA,NA,NA,co,M7: AugSynth_FE Centro+Belisario,AugSynth_FE,2023w07,2023-02-13
13,-0.18379121352460825,NA,NA,NA,co,M7: AugSynth_FE Centro+Belisario,AugSynth_FE,2023w08,2023-02-20
14,-0.0586595410812724,NA,NA,NA,co,M7: AugSynth_FE Centro+Belisario,AugSynth_FE,2023w09,2023-02-27
15,0.09225389121556882,NA,NA,NA,co,M7: AugSynth_FE Centro+Belisario,AugSynth_FE,2023w10,2023-03-06
16,0.01823632745745274,NA,NA,NA,co,M7: AugSynth_FE Centro+Belisario,AugSynth_FE,2023w11,2023-03-13
17,0.46652745907110416,NA,NA,NA,co,M7: AugSynth_FE Centro+Belisario,AugSynth_FE,2023w12,2023-03-20
18,0.32218227298559193,NA,NA,NA,co,M7: AugSynth_FE Centro+Belisario,AugSynth_FE,2023w13,2023-03-27
19,0.09955191558097914,NA,NA,NA,co,M7: AugSynth_FE Centro+Belisario,AugSynth_FE,2023w14,2023-04-03
20,-0.07625643354177324,NA,NA,NA,co,M7: AugSynth_FE Centro+Belisario,AugSynth_FE,2023w15,2023-04-10
21,-0.16463238059984336,NA,NA,NA,co,M7: AugSynth_FE Centro+Belisario,AugSynth_FE,2023w16,2023-04-17
22,-0.04926532810753931,NA,NA,NA,co,M7: AugSynth_FE Centro+Belisario,AugSynth_FE,2023w17,2023-04-24
23,-0.32492940859984587,NA,NA,NA,co,M7: AugSynth_FE Centro+Belisario,AugSynth_FE,2023w18,2023-05-01
24,-0.20175329644909482,NA,NA,NA,co,M7: AugSynth_FE Centro+Belisario,AugSynth_FE,2023w19,2023-05-08
25,0.05915333311467211,NA,NA,NA,co,M7: AugSynth_FE Centro+Belisario,AugSynth_FE,2023w20,2023-05-15
26,-0.1519749098640032,NA,NA,NA,co,M7: AugSynth_FE Centro+Belisario,AugSynth_FE,2023w21,2023-05-22
27,-0.01642499191119659,NA,NA,NA,co,M7: AugSynth_FE Centro+Belisario,AugSynth_FE,2023w22,2023-05-29
28,0.1727143652066942,NA,NA,NA,co,M7: AugSynth_FE Centro+Belisario,AugSynth_FE,2023w23,2023-06-05
29,0.12963036893438518,NA,NA,NA,co,M7: AugSynth_FE Centro+Belisario,AugSynth_FE,2023w24,2023-06-12
30,-0.03149724637583945,NA,NA,NA,co,M7: AugSynth_FE Centro+Belisario,AugSynth_FE,2023w25,2023-06-19
31,0.15682167075117648,NA,NA,NA,co,M7: AugSynth_FE Centro+Belisario,AugSynth_FE,2023w26,2023-06-26
32,0.36216573536259533,NA,NA,NA,co,M7: AugSynth_FE Centro+Belisario,AugSynth_FE,2023w27,2023-07-03
33,0.14527912157490794,NA,NA,NA,co,M7: AugSynth_FE Centro+Belisario,AugSynth_FE,2023w28,2023-07-10
34,0.0404321897836053,NA,NA,NA,co,M7: AugSynth_FE Centro+Belisario,AugSynth_FE,2023w29,2023-07-17
35,0.11876956688303425,NA,NA,NA,co,M7: AugSynth_FE Centro+Belisario,AugSynth_FE,2023w30,2023-07-24
36,-0.2927293781961131,NA,NA,NA,co,M7: AugSynth_FE Centro+Belisario,AugSynth_FE,2023w31,2023-07-31
37,-0.18657486736927886,NA,NA,NA,co,M7: AugSynth_FE Centro+Belisario,AugSynth_FE,2023w32,2023-08-07
38,0.26931372611548415,NA,NA,NA,co,M7: AugSynth_FE Centro+Belisario,AugSynth_FE,2023w33,2023-08-14
39,0.21515664119137112,NA,NA,NA,co,M7: AugSynth_FE Centro+Belisario,AugSynth_FE,2023w34,2023-08-21
40,-0.17370299180322601,NA,NA,NA,co,M7: AugSynth_FE Centro+Belisario,AugSynth_FE,2023w35,2023-08-28
41,-0.19465377532581896,NA,NA,NA,co,M7: AugSynth_FE Centro+Belisario,AugSynth_FE,2023w36,2023-09-04
42,-0.09694223226164667,NA,NA,NA,co,M7: AugSynth_FE Centro+Belisario,AugSynth_FE,2023w37,2023-09-11
43,-0.15749206928608311,NA,NA,NA,co,M7: AugSynth_FE Centro+Belisario,AugSynth_FE,2023w38,2023-09-18
44,-0.016617144003745803,NA,NA,NA,co,M7: AugSynth_FE Centro+Belisario,AugSynth_FE,2023w39,2023-09-25
45,0.1833241539662382,NA,NA,NA,co,M7: AugSynth_FE Centro+Belisario,AugSynth_FE,2023w40,2023-10-02
46,-0.045678513817107164,NA,NA,NA,co,M7: AugSynth_FE Centro+Belisario,AugSynth_FE,2023w41,2023-10-09
47,0.14479437809904142,NA,NA,NA,co,M7: AugSynth_FE Centro+Belisario,AugSynth_FE,2023w42,2023-10-16
48,0.08935485630451753,NA,NA,NA,co,M7: AugSynth_FE Centro+Belisario,AugSynth_FE,2023w43,2023-10-23
49,0.17286029409186565,NA,NA,NA,co,M7: AugSynth_FE Centro+Belisario,AugSynth_FE,2023w44,2023-10-30
50,-0.012178985977243345,NA,NA,NA,co,M7: AugSynth_FE Centro+Belisario,AugSynth_FE,2023w45,2023-11-06
51,0.014012487514447364,NA,NA,NA,co,M7: AugSynth_FE Centro+Belisario,AugSynth_FE,2023w46,2023-11-13
52,-0.05652582780158841,NA,NA,NA,co,M7: AugSynth_FE Centro+Belisario,AugSynth_FE,2023w47,2023-11-20
53,-0.10520939561546178,-0.48946786537152126,0.27904907414059754,0.605,co,M7: AugSynth_FE Centro+Belisario,AugSynth_FE,2023w48,2023-11-27
54,-0.051344736393146295,-0.4519546303941444,0.3492651576078518,0.843,co,M7: AugSynth_FE Centro+Belisario,AugSynth_FE,2023w49,2023-12-04
55,0.16406711275113484,-0.23654278124986328,0.5156227340173168,0.446,co,M7: AugSynth_FE Centro+Belisario,AugSynth_FE,2023w50,2023-12-11
56,0.0754277377356285,-0.2761278835305535,0.45968620749168787,0.692,co,M7: AugSynth_FE Centro+Belisario,AugSynth_FE,2023w51,2023-12-18
57,0.08205442474111846,-0.31855546925987965,0.48266431874211657,0.698,co,M7: AugSynth_FE Centro+Belisario,AugSynth_FE,2023w52,2023-12-25
58,0.07270635066225066,-0.32790354333874744,0.4733162446632488,0.737,co,M7: AugSynth_FE Centro+Belisario,AugSynth_FE,2024w01,2024-01-01
59,-0.03427419958612647,-0.4185326693421859,0.3663356944148716,0.91,co,M7: AugSynth_FE Centro+Belisario,AugSynth_FE,2024w02,2024-01-08
60,-0.031084502548040238,-0.41534297230409967,0.3695253914529579,0.887,co,M7: AugSynth_FE Centro+Belisario,AugSynth_FE,2024w03,2024-01-15
61,0.10196915327926304,-0.2986407407217351,0.5025790472802611,0.632,co,M7: AugSynth_FE Centro+Belisario,AugSynth_FE,2024w04,2024-01-22
62,0.06809818928906193,-0.3161602804669975,0.46870808329006003,0.733,co,M7: AugSynth_FE Centro+Belisario,AugSynth_FE,2024w05,2024-01-29
63,0.22477316943383904,-0.17583672456715907,0.5926802149449597,0.19,co,M7: AugSynth_FE Centro+Belisario,AugSynth_FE,2024w06,2024-02-05
64,-0.10275216120956462,-0.4870106309656241,0.29785773279143346,0.611,co,M7: AugSynth_FE Centro+Belisario,AugSynth_FE,2024w07,2024-02-12
65,-0.14602879941570573,-0.5139358449268264,0.2545810945852924,0.475,co,M7: AugSynth_FE Centro+Belisario,AugSynth_FE,2024w08,2024-02-19
66,-0.06521643905635827,-0.4494749088124177,0.33539345494463985,0.736,co,M7: AugSynth_FE Centro+Belisario,AugSynth_FE,2024w09,2024-02-26
67,0.01372542074066073,-0.35418162477046,0.3979838904967201,0.979,co,M7: AugSynth_FE Centro+Belisario,AugSynth_FE,2024w10,2024-03-04
68,-0.06013868853799666,-0.46074858253899476,0.34047120546300147,0.762,co,M7: AugSynth_FE Centro+Belisario,AugSynth_FE,2024w11,2024-03-11
69,-0.24056833059408428,-0.6248268003501436,0.16004156340691383,0.185,co,M7: AugSynth_FE Centro+Belisario,AugSynth_FE,2024w12,2024-03-18
70,-0.052312652199561605,-0.4529225462005597,0.3482972418014365,0.828,co,M7: AugSynth_FE Centro+Belisario,AugSynth_FE,2024w13,2024-03-25
71,0.015391099459856616,-0.3852187945411415,0.41600099346085473,0.956,co,M7: AugSynth_FE Centro+Belisario,AugSynth_FE,2024w14,2024-04-01
72,-0.1268790832020986,-0.511137552958158,0.2737308107988995,0.598,co,M7: AugSynth_FE Centro+Belisario,AugSynth_FE,2024w15,2024-04-08
73,-0.45292450543504575,-0.8535343994360438,0,0.059,co,M7: AugSynth_FE Centro+Belisario,AugSynth_FE,2024w16,2024-04-15
74,0.48767914132664814,0,0.8882890353276462,0.067,co,M7: AugSynth_FE Centro+Belisario,AugSynth_FE,2024w17,2024-04-22
75,-0.07811910835738195,-0.47872900235838006,0.3061393613986774,0.662,co,M7: AugSynth_FE Centro+Belisario,AugSynth_FE,2024w18,2024-04-29
76,0.08507272667140492,-0.28283431883971577,0.48568262067240303,0.685,co,M7: AugSynth_FE Centro+Belisario,AugSynth_FE,2024w19,2024-05-06
77,0.23134973614164211,-0.1202058851245399,0.6319596301426402,0.184,co,M7: AugSynth_FE Centro+Belisario,AugSynth_FE,2024w20,2024-05-13
78,-0.05019330467202571,-0.4181003501831464,0.3504165893289724,0.802,co,M7: AugSynth_FE Centro+Belisario,AugSynth_FE,2024w21,2024-05-20
79,-0.05167482386149855,-0.4522847178624967,0.34893507013949954,0.832,co,M7: AugSynth_FE Centro+Belisario,AugSynth_FE,2024w22,2024-05-27
80,0.3632729978462964,-0.037336896154701704,0.7638828918472945,0.12,co,M7: AugSynth_FE Centro+Belisario,AugSynth_FE,2024w23,2024-06-03
81,0.21373410837167414,-0.18687578562932397,0.6143440023726723,0.312,co,M7: AugSynth_FE Centro+Belisario,AugSynth_FE,2024w24,2024-06-10
82,-0.1364828596157523,-0.5207413293718117,0.2641270343852458,0.555,co,M7: AugSynth_FE Centro+Belisario,AugSynth_FE,2024w25,2024-06-17
83,0.052724757118497584,-0.3315337126375619,0.45333465111949567,0.829,co,M7: AugSynth_FE Centro+Belisario,AugSynth_FE,2024w26,2024-06-24
84,0.09285657609513165,-0.25869904517105036,0.49346647009612976,0.651,co,M7: AugSynth_FE Centro+Belisario,AugSynth_FE,2024w27,2024-07-01
85,0.02221102813449738,-0.3293445931316846,0.390118073645618,0.894,co,M7: AugSynth_FE Centro+Belisario,AugSynth_FE,2024w28,2024-07-08
86,-0.2412416722624307,-0.62550014201849,0.14301679749362872,0.183,co,M7: AugSynth_FE Centro+Belisario,AugSynth_FE,2024w29,2024-07-15
87,0.009386469880923953,-0.39122342412007416,0.40999636388192207,0.986,co,M7: AugSynth_FE Centro+Belisario,AugSynth_FE,2024w30,2024-07-22
88,0.008700524977128532,-0.3919093690238696,0.40931041897812664,0.985,co,M7: AugSynth_FE Centro+Belisario,AugSynth_FE,2024w31,2024-07-29
89,0.14472426761030882,-0.2558856263906893,0.545334161611307,0.498,co,M7: AugSynth_FE Centro+Belisario,AugSynth_FE,2024w32,2024-08-05
90,-0.07431241090645485,-0.44221945641757554,0.3099460588496045,0.705,co,M7: AugSynth_FE Centro+Belisario,AugSynth_FE,2024w33,2024-08-12
91,-0.007718242961871624,-0.35927386422805363,0.37654022679418775,0.987,co,M7: AugSynth_FE Centro+Belisario,AugSynth_FE,2024w34,2024-08-19
92,-0.1697625336408642,-0.5376695791519849,0.23084736036013392,0.409,co,M7: AugSynth_FE Centro+Belisario,AugSynth_FE,2024w35,2024-08-26
93,-0.1572856657033912,-0.5578955597043893,0.21062137980772944,0.447,co,M7: AugSynth_FE Centro+Belisario,AugSynth_FE,2024w36,2024-09-02
94,-0.15313819189296282,-0.553748085893961,0.2474717021080353,0.518,co,M7: AugSynth_FE Centro+Belisario,AugSynth_FE,2024w37,2024-09-09
95,-0.4200998206504193,-0.8043582904064787,0,0.058,co,M7: AugSynth_FE Centro+Belisario,AugSynth_FE,2024w38,2024-09-16
96,-0.09326253862597393,-0.46116958413709463,0.29099593113008543,0.665,co,M7: AugSynth_FE Centro+Belisario,AugSynth_FE,2024w39,2024-09-23
97,-0.11432887441593381,-0.514938768416932,0.2862810195850643,0.586,co,M7: AugSynth_FE Centro+Belisario,AugSynth_FE,2024w40,2024-09-30
98,-0.4135221717179307,-0.8141320657189288,0,0.062,co,M7: AugSynth_FE Centro+Belisario,AugSynth_FE,2024w41,2024-10-07
99,-0.6660264796210783,-1.0502849493771376,-0.2817680098650188,0.015,co,M7: AugSynth_FE Centro+Belisario,AugSynth_FE,2024w42,2024-10-14
100,-0.44389880601500403,-0.8445087000160021,-0.059640336258944604,0.035,co,M7: AugSynth_FE Centro+Belisario,AugSynth_FE,2024w43,2024-10-21
101,-0.3482006561924764,-0.7488105501934745,0.05240923780852169,0.1,co,M7: AugSynth_FE Centro+Belisario,AugSynth_FE,2024w44,2024-10-28
102,-0.1767914041391622,-0.5446984496502829,0.19111564137195847,0.292,co,M7: AugSynth_FE Centro+Belisario,AugSynth_FE,2024w45,2024-11-04
103,-0.20118757961942507,-0.6017974736204232,0.19942231438157304,0.269,co,M7: AugSynth_FE Centro+Belisario,AugSynth_FE,2024w46,2024-11-11
104,-0.24512185708699455,-0.6457317510879926,0.15548803691400356,0.261,co,M7: AugSynth_FE Centro+Belisario,AugSynth_FE,2024w47,2024-11-18
105,-0.0653609488946662,-0.4659708428956643,0.3352489451063319,0.8,co,M7: AugSynth_FE Centro+Belisario,AugSynth_FE,2024w48,2024-11-25
106,-0.07120462105248337,-0.4227602423186654,0.32940527294851474,0.695,co,M7: AugSynth_FE Centro+Belisario,AugSynth_FE,2024w49,2024-12-02
107,-0.03430697043187294,-0.3858625916980549,0.3663029235691252,0.89,co,M7: AugSynth_FE Centro+Belisario,AugSynth_FE,2024w50,2024-12-09
108,-0.11911129463831761,-0.503369764394377,0.2651471751177418,0.54,co,M7: AugSynth_FE Centro+Belisario,AugSynth_FE,2024w51,2024-12-16
109,-0.06000902681528825,-0.46061892081628636,0.34060086718570987,0.782,co,M7: AugSynth_FE Centro+Belisario,AugSynth_FE,2024w52,2024-12-23
110,0.033214297418386274,-0.36739559658261184,0.4338241914193844,0.887,co,M7: AugSynth_FE Centro+Belisario,AugSynth_FE,2025w01,2024-12-30
111,0.18009354917032078,-0.22051634483067734,0.580703443171319,0.463,co,M7: AugSynth_FE Centro+Belisario,AugSynth_FE,2025w02,2025-01-06
112,-0.21527278283207762,-0.6158826768330757,0.1853371111689205,0.478,co,M7: AugSynth_FE Centro+Belisario,AugSynth_FE,2025w03,2025-01-13
113,-0.2399711643308045,-0.6405810583318026,0.1606387296701936,0.242,co,M7: AugSynth_FE Centro+Belisario,AugSynth_FE,2025w04,2025-01-20
114,-0.2408239818530668,-0.641433875854065,0.1597859121479313,0.282,co,M7: AugSynth_FE Centro+Belisario,AugSynth_FE,2025w05,2025-01-27
115,-0.1869972946697317,-0.5876071886707298,0.21361259933126642,0.464,co,M7: AugSynth_FE Centro+Belisario,AugSynth_FE,2025w06,2025-02-03
116,-0.31389522396971153,-0.7145051179707096,0.08671467003128658,0.158,co,M7: AugSynth_FE Centro+Belisario,AugSynth_FE,2025w07,2025-02-10
117,-0.3486424853251075,-0.7492523793261057,0.051967408675890614,0.151,co,M7: AugSynth_FE Centro+Belisario,AugSynth_FE,2025w08,2025-02-17
118,-0.1308611630475749,-0.531471057048573,0.2697487309534232,0.672,co,M7: AugSynth_FE Centro+Belisario,AugSynth_FE,2025w09,2025-02-24
119,-0.021005281911761618,-0.4216151759127597,0.3796046120892365,0.973,co,M7: AugSynth_FE Centro+Belisario,AugSynth_FE,2025w10,2025-03-03
120,-0.0020162939677681457,-0.40262618796876626,0.39859360003322997,1,co,M7: AugSynth_FE Centro+Belisario,AugSynth_FE,2025w11,2025-03-10
121,-0.11002446140395888,-0.4779315069150797,0.27423400835210043,0.542,co,M7: AugSynth_FE Centro+Belisario,AugSynth_FE,2025w12,2025-03-17
122,-0.21988604221021674,-0.604144511966276,0.18072385179078138,0.258,co,M7: AugSynth_FE Centro+Belisario,AugSynth_FE,2025w13,2025-03-24
123,-0.025086482875895183,-0.4256963768768933,0.3755234111251029,0.896,co,M7: AugSynth_FE Centro+Belisario,AugSynth_FE,2025w14,2025-03-31
124,-0.04304706272217987,-0.44365695672317795,0.35756283127881827,0.879,co,M7: AugSynth_FE Centro+Belisario,AugSynth_FE,2025w15,2025-04-07
125,-0.16940438110392989,-0.570014275104928,0.23120551289706823,0.507,co,M7: AugSynth_FE Centro+Belisario,AugSynth_FE,2025w16,2025-04-14
126,-0.21729837168011443,-0.6015568414361738,0.18331152232088369,0.248,co,M7: AugSynth_FE Centro+Belisario,AugSynth_FE,2025w17,2025-04-21
127,-0.06970746112862539,-0.47031735512962347,0.33090243287237275,0.794,co,M7: AugSynth_FE Centro+Belisario,AugSynth_FE,2025w18,2025-04-28
128,-0.17694522359437936,-0.5448522691055001,0.20731324616168,0.347,co,M7: AugSynth_FE Centro+Belisario,AugSynth_FE,2025w19,2025-05-05
129,0.10234760236441781,-0.2982622916365803,0.502957496365416,0.674,co,M7: AugSynth_FE Centro+Belisario,AugSynth_FE,2025w20,2025-05-12
130,-0.11352133893990439,-0.4814283844510251,0.270737130816155,0.514,co,M7: AugSynth_FE Centro+Belisario,AugSynth_FE,2025w21,2025-05-19
131,-0.29981870472026834,-0.7004285987212664,0.10079118928072978,0.159,co,M7: AugSynth_FE Centro+Belisario,AugSynth_FE,2025w22,2025-05-26
132,-0.083911571898915,-0.48452146589991313,0.30034689785714436,0.65,co,M7: AugSynth_FE Centro+Belisario,AugSynth_FE,2025w23,2025-06-02
133,-0.0035020238671716886,-0.37140906937829243,0.3971078701338264,0.991,co,M7: AugSynth_FE Centro+Belisario,AugSynth_FE,2025w24,2025-06-09
134,-0.3276120044953285,-0.7282218984963267,0.0729978895056696,0.142,co,M7: AugSynth_FE Centro+Belisario,AugSynth_FE,2025w25,2025-06-16
1,0.13911011250238808,NA,NA,NA,co,M8: AugSynth_FE Centro (Bel. dropped),AugSynth_FE,2022w48,2022-11-28
2,0.15719706537906164,NA,NA,NA,co,M8: AugSynth_FE Centro (Bel. dropped),AugSynth_FE,2022w49,2022-12-05
3,-0.28149128019766867,NA,NA,NA,co,M8: AugSynth_FE Centro (Bel. dropped),AugSynth_FE,2022w50,2022-12-12
4,-0.009472166466363119,NA,NA,NA,co,M8: AugSynth_FE Centro (Bel. dropped),AugSynth_FE,2022w51,2022-12-19
5,-0.030792710894649786,NA,NA,NA,co,M8: AugSynth_FE Centro (Bel. dropped),AugSynth_FE,2022w52,2022-12-26
6,-0.09043943807278693,NA,NA,NA,co,M8: AugSynth_FE Centro (Bel. dropped),AugSynth_FE,2023w01,2023-01-02
7,-0.02370995928502967,NA,NA,NA,co,M8: AugSynth_FE Centro (Bel. dropped),AugSynth_FE,2023w02,2023-01-09
8,-0.12484205890868665,NA,NA,NA,co,M8: AugSynth_FE Centro (Bel. dropped),AugSynth_FE,2023w03,2023-01-16
9,-0.083177642834840193,NA,NA,NA,co,M8: AugSynth_FE Centro (Bel. dropped),AugSynth_FE,2023w04,2023-01-23
10,-0.02116667167339048,NA,NA,NA,co,M8: AugSynth_FE Centro (Bel. dropped),AugSynth_FE,2023w05,2023-01-30
11,0.10597400052219043,NA,NA,NA,co,M8: AugSynth_FE Centro (Bel. dropped),AugSynth_FE,2023w06,2023-02-06
12,0.17347849697627302,NA,NA,NA,co,M8: AugSynth_FE Centro (Bel. dropped),AugSynth_FE,2023w07,2023-02-13
13,-0.0744041922507324,NA,NA,NA,co,M8: AugSynth_FE Centro (Bel. dropped),AugSynth_FE,2023w08,2023-02-20
14,0.07120308678205661,NA,NA,NA,co,M8: AugSynth_FE Centro (Bel. dropped),AugSynth_FE,2023w09,2023-02-27
15,0.0825820301277734,NA,NA,NA,co,M8: AugSynth_FE Centro (Bel. dropped),AugSynth_FE,2023w10,2023-03-06
16,0.01738388124989515,NA,NA,NA,co,M8: AugSynth_FE Centro (Bel. dropped),AugSynth_FE,2023w11,2023-03-13
17,0.5557725049023665,NA,NA,NA,co,M8: AugSynth_FE Centro (Bel. dropped),AugSynth_FE,2023w12,2023-03-20
18,0.4701629269946194,NA,NA,NA,co,M8: AugSynth_FE Centro (Bel. dropped),AugSynth_FE,2023w13,2023-03-27
19,0.04855895384035068,NA,NA,NA,co,M8: AugSynth_FE Centro (Bel. dropped),AugSynth_FE,2023w14,2023-04-03
20,-0.1732193604241587,NA,NA,NA,co,M8: AugSynth_FE Centro (Bel. dropped),AugSynth_FE,2023w15,2023-04-10
21,-0.4421414575128607,NA,NA,NA,co,M8: AugSynth_FE Centro (Bel. dropped),AugSynth_FE,2023w16,2023-04-17
22,-0.09697935504927702,NA,NA,NA,co,M8: AugSynth_FE Centro (Bel. dropped),AugSynth_FE,2023w17,2023-04-24
23,-0.5650806873629693,NA,NA,NA,co,M8: AugSynth_FE Centro (Bel. dropped),AugSynth_FE,2023w18,2023-05-01
24,-0.35675025549023753,NA,NA,NA,co,M8: AugSynth_FE Centro (Bel. dropped),AugSynth_FE,2023w19,2023-05-08
25,-0.1301797126112602,NA,NA,NA,co,M8: AugSynth_FE Centro (Bel. dropped),AugSynth_FE,2023w20,2023-05-15
26,-0.4439738824770475,NA,NA,NA,co,M8: AugSynth_FE Centro (Bel. dropped),AugSynth_FE,2023w21,2023-05-22
27,-0.1432312209981481,NA,NA,NA,co,M8: AugSynth_FE Centro (Bel. dropped),AugSynth_FE,2023w22,2023-05-29
28,0.19794066800190213,NA,NA,NA,co,M8: AugSynth_FE Centro (Bel. dropped),AugSynth_FE,2023w23,2023-06-05
29,0.23398425618221214,NA,NA,NA,co,M8: AugSynth_FE Centro (Bel. dropped),AugSynth_FE,2023w24,2023-06-12
30,0.10591376702730326,NA,NA,NA,co,M8: AugSynth_FE Centro (Bel. dropped),AugSynth_FE,2023w25,2023-06-19
31,0.3443631293730328,NA,NA,NA,co,M8: AugSynth_FE Centro (Bel. dropped),AugSynth_FE,2023w26,2023-06-26
32,0.5531855779858914,NA,NA,NA,co,M8: AugSynth_FE Centro (Bel. dropped),AugSynth_FE,2023w27,2023-07-03
33,0.26495226287260476,NA,NA,NA,co,M8: AugSynth_FE Centro (Bel. dropped),AugSynth_FE,2023w28,2023-07-10
34,0.01643914104446642,NA,NA,NA,co,M8: AugSynth_FE Centro (Bel. dropped),AugSynth_FE,2023w29,2023-07-17
35,0.17783462039498965,NA,NA,NA,co,M8: AugSynth_FE Centro (Bel. dropped),AugSynth_FE,2023w30,2023-07-24
36,-0.0792330375625705,NA,NA,NA,co,M8: AugSynth_FE Centro (Bel. dropped),AugSynth_FE,2023w31,2023-07-31
37,-0.20008934152340496,NA,NA,NA,co,M8: AugSynth_FE Centro (Bel. dropped),AugSynth_FE,2023w32,2023-08-07
38,0.33828988195148024,NA,NA,NA,co,M8: AugSynth_FE Centro (Bel. dropped),AugSynth_FE,2023w33,2023-08-14
39,0.2924657022698074,NA,NA,NA,co,M8: AugSynth_FE Centro (Bel. dropped),AugSynth_FE,2023w34,2023-08-21
40,-0.17532075422212645,NA,NA,NA,co,M8: AugSynth_FE Centro (Bel. dropped),AugSynth_FE,2023w35,2023-08-28
41,-0.39631150293218165,NA,NA,NA,co,M8: AugSynth_FE Centro (Bel. dropped),AugSynth_FE,2023w36,2023-09-04
42,-0.3238243868922407,NA,NA,NA,co,M8: AugSynth_FE Centro (Bel. dropped),AugSynth_FE,2023w37,2023-09-11
43,-0.38651194306222325,NA,NA,NA,co,M8: AugSynth_FE Centro (Bel. dropped),AugSynth_FE,2023w38,2023-09-18
44,0.23445386747080665,NA,NA,NA,co,M8: AugSynth_FE Centro (Bel. dropped),AugSynth_FE,2023w39,2023-09-25
45,0.2724080634656616,NA,NA,NA,co,M8: AugSynth_FE Centro (Bel. dropped),AugSynth_FE,2023w40,2023-10-02
46,-0.14084581503849863,NA,NA,NA,co,M8: AugSynth_FE Centro (Bel. dropped),AugSynth_FE,2023w41,2023-10-09
47,0.1352169530562059,NA,NA,NA,co,M8: AugSynth_FE Centro (Bel. dropped),AugSynth_FE,2023w42,2023-10-16
48,-0.01443274681692873,NA,NA,NA,co,M8: AugSynth_FE Centro (Bel. dropped),AugSynth_FE,2023w43,2023-10-23
49,0.17557143891949129,NA,NA,NA,co,M8: AugSynth_FE Centro (Bel. dropped),AugSynth_FE,2023w44,2023-10-30
50,-0.04545185060552348,NA,NA,NA,co,M8: AugSynth_FE Centro (Bel. dropped),AugSynth_FE,2023w45,2023-11-06
51,0.03675029389746387,NA,NA,NA,co,M8: AugSynth_FE Centro (Bel. dropped),AugSynth_FE,2023w46,2023-11-13
52,-0.3481192520244889,NA,NA,NA,co,M8: AugSynth_FE Centro (Bel. dropped),AugSynth_FE,2023w47,2023-11-20
53,0.021234712374635756,-0.41900770731478243,0.46147713206405394,0.927,co,M8: AugSynth_FE Centro (Bel. dropped),AugSynth_FE,2023w48,2023-11-27
54,-0.044086335066440635,-0.4843287547558588,0.3961560846229776,0.865,co,M8: AugSynth_FE Centro (Bel. dropped),AugSynth_FE,2023w49,2023-12-04
55,0.19477169503675912,-0.24547072465265907,0.6350141147261773,0.412,co,M8: AugSynth_FE Centro (Bel. dropped),AugSynth_FE,2023w50,2023-12-11
56,0.0800682834281781,-0.36017413626124006,0.5203107031175963,0.808,co,M8: AugSynth_FE Centro (Bel. dropped),AugSynth_FE,2023w51,2023-12-18
57,0.04735544887332099,-0.3928869708160972,0.4875978685627392,0.844,co,M8: AugSynth_FE Centro (Bel. dropped),AugSynth_FE,2023w52,2023-12-25
58,0.008167763385942203,-0.43207465630347597,0.4484101830753604,1,co,M8: AugSynth_FE Centro (Bel. dropped),AugSynth_FE,2024w01,2024-01-01
59,-0.06158436506924103,-0.5018267847586593,0.37865805462017715,0.822,co,M8: AugSynth_FE Centro (Bel. dropped),AugSynth_FE,2024w02,2024-01-08
60,-0.007005344438227257,-0.44724776412764544,0.43323707525119093,1,co,M8: AugSynth_FE Centro (Bel. dropped),AugSynth_FE,2024w03,2024-01-15
61,0.07987191061445287,-0.3603705090749653,0.5201143303038711,0.775,co,M8: AugSynth_FE Centro (Bel. dropped),AugSynth_FE,2024w04,2024-01-22
62,0.05150199121631566,-0.38874042847310253,0.49174441090573384,0.835,co,M8: AugSynth_FE Centro (Bel. dropped),AugSynth_FE,2024w05,2024-01-29
63,0.2978680927076024,-0.1423743269818158,0.7381105123970206,0.294,co,M8: AugSynth_FE Centro (Bel. dropped),AugSynth_FE,2024w06,2024-02-05
64,-0.02335160616266385,-0.46359402585208204,0.41689081352675433,0.912,co,M8: AugSynth_FE Centro (Bel. dropped),AugSynth_FE,2024w07,2024-02-12
65,-0.1649439332461562,-0.6051863529355743,0.275298486443262,0.534,co,M8: AugSynth_FE Centro (Bel. dropped),AugSynth_FE,2024w08,2024-02-19
66,-0.08502723069583487,-0.5252696503852531,0.3552151889935833,0.759,co,M8: AugSynth_FE Centro (Bel. dropped),AugSynth_FE,2024w09,2024-02-26
67,-0.09598798526960638,-0.5362304049590245,0.3442544344198118,0.71,co,M8: AugSynth_FE Centro (Bel. dropped),AugSynth_FE,2024w10,2024-03-04
68,-0.16855292619750645,-0.6087953458869246,0.27168949349191174,0.495,co,M8: AugSynth_FE Centro (Bel. dropped),AugSynth_FE,2024w11,2024-03-11
69,-0.3594478883722485,-0.7996903080616666,0.08079453131716968,0.293,co,M8: AugSynth_FE Centro (Bel. dropped),AugSynth_FE,2024w12,2024-03-18
70,-0.14056272145695878,-0.5808051411463769,0.29967969823245943,0.66,co,M8: AugSynth_FE Centro (Bel. dropped),AugSynth_FE,2024w13,2024-03-25
71,-0.11231534579206304,-0.5525577654814813,0.32792707389735515,0.673,co,M8: AugSynth_FE Centro (Bel. dropped),AugSynth_FE,2024w14,2024-04-01
72,-0.11899172947882856,-0.5592341491682468,0.3212506902105896,0.681,co,M8: AugSynth_FE Centro (Bel. dropped),AugSynth_FE,2024w15,2024-04-08
73,-0.5952548783115474,-1.0354972980009656,0,0.072,co,M8: AugSynth_FE Centro (Bel. dropped),AugSynth_FE,2024w16,2024-04-15
74,0.48970376024544143,0,0.9299461799348596,0.174,co,M8: AugSynth_FE Centro (Bel. dropped),AugSynth_FE,2024w17,2024-04-22
75,-0.18698496979069795,-0.6272273894801161,0.25325744989872023,0.485,co,M8: AugSynth_FE Centro (Bel. dropped),AugSynth_FE,2024w18,2024-04-29
76,0.04501401993437745,-0.39522839975504076,0.4852564396237956,0.84,co,M8: AugSynth_FE Centro (Bel. dropped),AugSynth_FE,2024w19,2024-05-06
77,0.1446795477536218,-0.2955628719357964,0.5849219674430399,0.584,co,M8: AugSynth_FE Centro (Bel. dropped),AugSynth_FE,2024w20,2024-05-13
78,-0.16719905508931843,-0.6074414747787367,0.27304336460009976,0.529,co,M8: AugSynth_FE Centro (Bel. dropped),AugSynth_FE,2024w21,2024-05-20
79,0.012107384913676605,-0.42813503477574155,0.4523498046030948,0.972,co,M8: AugSynth_FE Centro (Bel. dropped),AugSynth_FE,2024w22,2024-05-27
80,0.15030707661226533,-0.28993534307715285,0.5905494963016835,0.629,co,M8: AugSynth_FE Centro (Bel. dropped),AugSynth_FE,2024w23,2024-06-03
81,-0.028766106921128798,-0.469008526610547,0.4114763127682894,0.921,co,M8: AugSynth_FE Centro (Bel. dropped),AugSynth_FE,2024w24,2024-06-10
82,-0.23560274285331217,-0.6758451625427304,0.204639676836106,0.434,co,M8: AugSynth_FE Centro (Bel. dropped),AugSynth_FE,2024w25,2024-06-17
83,-0.11707403112560305,-0.5573164508150212,0.32316838856381513,0.652,co,M8: AugSynth_FE Centro (Bel. dropped),AugSynth_FE,2024w26,2024-06-24
84,-0.10998056723997152,-0.5502229869293898,0.33026185244944667,0.7,co,M8: AugSynth_FE Centro (Bel. dropped),AugSynth_FE,2024w27,2024-07-01
85,0.01933488077107315,-0.42090753891834504,0.45957730046049133,0.92,co,M8: AugSynth_FE Centro (Bel. dropped),AugSynth_FE,2024w28,2024-07-08
86,-0.38897575613752733,-0.8292181758269455,0.051266663551890856,0.161,co,M8: AugSynth_FE Centro (Bel. dropped),AugSynth_FE,2024w29,2024-07-15
87,-0.08100304114694035,-0.5212454608363586,0.35923937854247784,0.786,co,M8: AugSynth_FE Centro (Bel. dropped),AugSynth_FE,2024w30,2024-07-22
88,0.02037869672593784,-0.41986372296348035,0.460621116415356,0.916,co,M8: AugSynth_FE Centro (Bel. dropped),AugSynth_FE,2024w31,2024-07-29
89,0.1443559884666944,-0.2958864312227238,0.5845984081561126,0.602,co,M8: AugSynth_FE Centro (Bel. dropped),AugSynth_FE,2024w32,2024-08-05
90,-0.009564358254153416,-0.4498067779435716,0.43067806143526477,1,co,M8: AugSynth_FE Centro (Bel. dropped),AugSynth_FE,2024w33,2024-08-12
91,0.052345175004536226,-0.38789724468488196,0.4925875946939544,0.786,co,M8: AugSynth_FE Centro (Bel. dropped),AugSynth_FE,2024w34,2024-08-19
92,-0.043370182193045836,-0.483612601882464,0.39687223749637235,0.884,co,M8: AugSynth_FE Centro (Bel. dropped),AugSynth_FE,2024w35,2024-08-26
93,-0.05515564684865219,-0.4953980665380704,0.385086772840766,0.799,co,M8: AugSynth_FE Centro (Bel. dropped),AugSynth_FE,2024w36,2024-09-02
94,-0.22890418447184718,-0.6691466041612654,0.211338235217571,0.399,co,M8: AugSynth_FE Centro (Bel. dropped),AugSynth_FE,2024w37,2024-09-09
95,-0.4892622431553979,-0.929504662844816,0,0.108,co,M8: AugSynth_FE Centro (Bel. dropped),AugSynth_FE,2024w38,2024-09-16
96,-0.1727081597790621,-0.6129505794684803,0.26753425991035606,0.508,co,M8: AugSynth_FE Centro (Bel. dropped),AugSynth_FE,2024w39,2024-09-23
97,-0.24842273129396183,-0.68866515098338,0.19181968839545635,0.371,co,M8: AugSynth_FE Centro (Bel. dropped),AugSynth_FE,2024w40,2024-09-30
98,-0.33689390105847594,-0.7771363207478941,0.10334851863094224,0.253,co,M8: AugSynth_FE Centro (Bel. dropped),AugSynth_FE,2024w41,2024-10-07
99,-0.6556962723368411,-1.0959386920262593,-0.21545385264742295,0.024,co,M8: AugSynth_FE Centro (Bel. dropped),AugSynth_FE,2024w42,2024-10-14
100,-0.4786341405066997,-0.918876560196118,0,0.092,co,M8: AugSynth_FE Centro (Bel. dropped),AugSynth_FE,2024w43,2024-10-21
101,-0.25293597980722105,-0.6931783994966392,0.18730643988219714,0.34,co,M8: AugSynth_FE Centro (Bel. dropped),AugSynth_FE,2024w44,2024-10-28
102,-0.1301222270462979,-0.5703646467357161,0.3101201926431203,0.614,co,M8: AugSynth_FE Centro (Bel. dropped),AugSynth_FE,2024w45,2024-11-04
103,-0.10900304286050971,-0.5492454625499279,0.33123937682890847,0.664,co,M8: AugSynth_FE Centro (Bel. dropped),AugSynth_FE,2024w46,2024-11-11
104,-0.37151391339003814,-0.8117563330794564,0.06872850629938004,0.227,co,M8: AugSynth_FE Centro (Bel. dropped),AugSynth_FE,2024w47,2024-11-18
105,-0.17862190976809827,-0.6188643294575165,0.2616205099213199,0.51,co,M8: AugSynth_FE Centro (Bel. dropped),AugSynth_FE,2024w48,2024-11-25
106,-0.12963992204186198,-0.5698823417312802,0.3106024976475562,0.608,co,M8: AugSynth_FE Centro (Bel. dropped),AugSynth_FE,2024w49,2024-12-02
107,-0.11603703289384468,-0.5562794525832628,0.32420538679557354,0.679,co,M8: AugSynth_FE Centro (Bel. dropped),AugSynth_FE,2024w50,2024-12-09
108,-0.20490398052792919,-0.6451464002173474,0.235338439161489,0.43,co,M8: AugSynth_FE Centro (Bel. dropped),AugSynth_FE,2024w51,2024-12-16
109,0.03150573471835347,-0.40873668497106475,0.4717481544077716,0.887,co,M8: AugSynth_FE Centro (Bel. dropped),AugSynth_FE,2024w52,2024-12-23
110,0.04398539807307658,-0.3962570216163416,0.4842278177624948,0.849,co,M8: AugSynth_FE Centro (Bel. dropped),AugSynth_FE,2025w01,2024-12-30
111,0.13981462335438546,-0.3004277963350327,0.5800570430438037,0.652,co,M8: AugSynth_FE Centro (Bel. dropped),AugSynth_FE,2025w02,2025-01-06
112,-0.14835844896285444,-0.5886008686522726,0.29188397072656375,0.645,co,M8: AugSynth_FE Centro (Bel. dropped),AugSynth_FE,2025w03,2025-01-13
113,-0.23582226473818638,-0.6760646844276046,0.2044201549512318,0.463,co,M8: AugSynth_FE Centro (Bel. dropped),AugSynth_FE,2025w04,2025-01-20
114,-0.11896043022072558,-0.5592028499101438,0.3212819894686926,0.677,co,M8: AugSynth_FE Centro (Bel. dropped),AugSynth_FE,2025w05,2025-01-27
115,-0.06575276744580066,-0.5059951871352188,0.3744896522436175,0.821,co,M8: AugSynth_FE Centro (Bel. dropped),AugSynth_FE,2025w06,2025-02-03
116,-0.342119578629975,-0.7823619983193932,0.09812284105944319,0.278,co,M8: AugSynth_FE Centro (Bel. dropped),AugSynth_FE,2025w07,2025-02-10
117,-0.4574682182614739,-0.8977106379508921,0,0.218,co,M8: AugSynth_FE Centro (Bel. dropped),AugSynth_FE,2025w08,2025-02-17
118,-0.14142841571912482,-0.581670835408543,0.29881400397029334,0.699,co,M8: AugSynth_FE Centro (Bel. dropped),AugSynth_FE,2025w09,2025-02-24
119,0.08726289164278732,-0.35297952804663085,0.5275053113322055,0.769,co,M8: AugSynth_FE Centro (Bel. dropped),AugSynth_FE,2025w10,2025-03-03
120,0.08711041435263989,-0.3531320053367783,0.5273528340420581,0.759,co,M8: AugSynth_FE Centro (Bel. dropped),AugSynth_FE,2025w11,2025-03-10
121,-0.12287520452771908,-0.5631176242171373,0.3173672151616991,0.638,co,M8: AugSynth_FE Centro (Bel. dropped),AugSynth_FE,2025w12,2025-03-17
122,-0.3005535926166154,-0.7407960123060335,0.13968882707280278,0.302,co,M8: AugSynth_FE Centro (Bel. dropped),AugSynth_FE,2025w13,2025-03-24
123,-0.20655726388274512,-0.6467996835721633,0.23368515580667307,0.447,co,M8: AugSynth_FE Centro (Bel. dropped),AugSynth_FE,2025w14,2025-03-31
124,-0.055295366784856345,-0.49553778647427454,0.3849470529045618,0.83,co,M8: AugSynth_FE Centro (Bel. dropped),AugSynth_FE,2025w15,2025-04-07
125,-0.17366137666715314,-0.6139037963565713,0.26658104302226504,0.525,co,M8: AugSynth_FE Centro (Bel. dropped),AugSynth_FE,2025w16,2025-04-14
126,-0.27937730447494996,-0.7196197241643681,0.16086511521446822,0.322,co,M8: AugSynth_FE Centro (Bel. dropped),AugSynth_FE,2025w17,2025-04-21
127,-0.19529826689370383,-0.635540686583122,0.24494415279571435,0.536,co,M8: AugSynth_FE Centro (Bel. dropped),AugSynth_FE,2025w18,2025-04-28
128,-0.21398257851702412,-0.6542249982064423,0.22625984117239406,0.451,co,M8: AugSynth_FE Centro (Bel. dropped),AugSynth_FE,2025w19,2025-05-05
129,0.04590650508186207,-0.3943359146075561,0.48614892477128024,0.844,co,M8: AugSynth_FE Centro (Bel. dropped),AugSynth_FE,2025w20,2025-05-12
130,-0.09617495368782725,-0.5364173733772455,0.34406746600159094,0.7,co,M8: AugSynth_FE Centro (Bel. dropped),AugSynth_FE,2025w21,2025-05-19
131,-0.3559948270244755,-0.7962372467138936,0.0842475926649427,0.264,co,M8: AugSynth_FE Centro (Bel. dropped),AugSynth_FE,2025w22,2025-05-26
132,-0.0677110931866183,-0.5079535128760365,0.37253132650279985,0.801,co,M8: AugSynth_FE Centro (Bel. dropped),AugSynth_FE,2025w23,2025-06-02
133,-0.11711113407490925,-0.5573535537643275,0.32313128561450893,0.685,co,M8: AugSynth_FE Centro (Bel. dropped),AugSynth_FE,2025w24,2025-06-09
134,-0.36255314412557804,-0.8027955638149962,0.07768927556384014,0.25,co,M8: AugSynth_FE Centro (Bel. dropped),AugSynth_FE,2025w25,2025-06-16
1,0.1630607232263661,NA,NA,NA,co,M8b: AugSynth_FE Centro (Bel. in pool),AugSynth_FE,2022w48,2022-11-28
2,0.2312650564226342,NA,NA,NA,co,M8b: AugSynth_FE Centro (Bel. in pool),AugSynth_FE,2022w49,2022-12-05
3,-0.19546861553706887,NA,NA,NA,co,M8b: AugSynth_FE Centro (Bel. in pool),AugSynth_FE,2022w50,2022-12-12
4,0.051635506757723174,NA,NA,NA,co,M8b: AugSynth_FE Centro (Bel. in pool),AugSynth_FE,2022w51,2022-12-19
5,0.061249552910436475,NA,NA,NA,co,M8b: AugSynth_FE Centro (Bel. in pool),AugSynth_FE,2022w52,2022-12-26
6,-0.002548001640016201,NA,NA,NA,co,M8b: AugSynth_FE Centro (Bel. in pool),AugSynth_FE,2023w01,2023-01-02
7,0.022645483859585952,NA,NA,NA,co,M8b: AugSynth_FE Centro (Bel. in pool),AugSynth_FE,2023w02,2023-01-09
8,-0.10184705141822374,NA,NA,NA,co,M8b: AugSynth_FE Centro (Bel. in pool),AugSynth_FE,2023w03,2023-01-16
9,-0.016775582722651224,NA,NA,NA,co,M8b: AugSynth_FE Centro (Bel. in pool),AugSynth_FE,2023w04,2023-01-23
10,-0.019996430386389652,NA,NA,NA,co,M8b: AugSynth_FE Centro (Bel. in pool),AugSynth_FE,2023w05,2023-01-30
11,0.09478348715795921,NA,NA,NA,co,M8b: AugSynth_FE Centro (Bel. in pool),AugSynth_FE,2023w06,2023-02-06
12,0.19776879410173423,NA,NA,NA,co,M8b: AugSynth_FE Centro (Bel. in pool),AugSynth_FE,2023w07,2023-02-13
13,0.015889197212502305,NA,NA,NA,co,M8b: AugSynth_FE Centro (Bel. in pool),AugSynth_FE,2023w08,2023-02-20
14,0.12269137019559048,NA,NA,NA,co,M8b: AugSynth_FE Centro (Bel. in pool),AugSynth_FE,2023w09,2023-02-27
15,0.0882326567304754,NA,NA,NA,co,M8b: AugSynth_FE Centro (Bel. in pool),AugSynth_FE,2023w10,2023-03-06
16,0.05069990614983394,NA,NA,NA,co,M8b: AugSynth_FE Centro (Bel. in pool),AugSynth_FE,2023w11,2023-03-13
17,0.4722796571097336,NA,NA,NA,co,M8b: AugSynth_FE Centro (Bel. in pool),AugSynth_FE,2023w12,2023-03-20
18,0.4218942248094233,NA,NA,NA,co,M8b: AugSynth_FE Centro (Bel. in pool),AugSynth_FE,2023w13,2023-03-27
19,0.002675472932615358,NA,NA,NA,co,M8b: AugSynth_FE Centro (Bel. in pool),AugSynth_FE,2023w14,2023-04-03
20,-0.1942111508010908,NA,NA,NA,co,M8b: AugSynth_FE Centro (Bel. in pool),AugSynth_FE,2023w15,2023-04-10
21,-0.4705770060855613,NA,NA,NA,co,M8b: AugSynth_FE Centro (Bel. in pool),AugSynth_FE,2023w16,2023-04-17
22,-0.10986204504574298,NA,NA,NA,co,M8b: AugSynth_FE Centro (Bel. in pool),AugSynth_FE,2023w17,2023-04-24
23,-0.5716430668236946,NA,NA,NA,co,M8b: AugSynth_FE Centro (Bel. in pool),AugSynth_FE,2023w18,2023-05-01
24,-0.3332964789651951,NA,NA,NA,co,M8b: AugSynth_FE Centro (Bel. in pool),AugSynth_FE,2023w19,2023-05-08
25,-0.18670431038316662,NA,NA,NA,co,M8b: AugSynth_FE Centro (Bel. in pool),AugSynth_FE,2023w20,2023-05-15
26,-0.4817860462599067,NA,NA,NA,co,M8b: AugSynth_FE Centro (Bel. in pool),AugSynth_FE,2023w21,2023-05-22
27,-0.1852801611739181,NA,NA,NA,co,M8b: AugSynth_FE Centro (Bel. in pool),AugSynth_FE,2023w22,2023-05-29
28,0.14591076075352666,NA,NA,NA,co,M8b: AugSynth_FE Centro (Bel. in pool),AugSynth_FE,2023w23,2023-06-05
29,0.20355905884498166,NA,NA,NA,co,M8b: AugSynth_FE Centro (Bel. in pool),AugSynth_FE,2023w24,2023-06-12
30,0.1165364209539207,NA,NA,NA,co,M8b: AugSynth_FE Centro (Bel. in pool),AugSynth_FE,2023w25,2023-06-19
31,0.3290106760055621,NA,NA,NA,co,M8b: AugSynth_FE Centro (Bel. in pool),AugSynth_FE,2023w26,2023-06-26
32,0.49191026608311617,NA,NA,NA,co,M8b: AugSynth_FE Centro (Bel. in pool),AugSynth_FE,2023w27,2023-07-03
33,0.25812663156704935,NA,NA,NA,co,M8b: AugSynth_FE Centro (Bel. in pool),AugSynth_FE,2023w28,2023-07-10
34,-0.002216135700804811,NA,NA,NA,co,M8b: AugSynth_FE Centro (Bel. in pool),AugSynth_FE,2023w29,2023-07-17
35,0.13852929884832998,NA,NA,NA,co,M8b: AugSynth_FE Centro (Bel. in pool),AugSynth_FE,2023w30,2023-07-24
36,0.032592289371616734,NA,NA,NA,co,M8b: AugSynth_FE Centro (Bel. in pool),AugSynth_FE,2023w31,2023-07-31
37,-0.17094800417121914,NA,NA,NA,co,M8b: AugSynth_FE Centro (Bel. in pool),AugSynth_FE,2023w32,2023-08-07
38,0.2797946380174755,NA,NA,NA,co,M8b: AugSynth_FE Centro (Bel. in pool),AugSynth_FE,2023w33,2023-08-14
39,0.2631510587899152,NA,NA,NA,co,M8b: AugSynth_FE Centro (Bel. in pool),AugSynth_FE,2023w34,2023-08-21
40,-0.14956347715534513,NA,NA,NA,co,M8b: AugSynth_FE Centro (Bel. in pool),AugSynth_FE,2023w35,2023-08-28
41,-0.4099905663307496,NA,NA,NA,co,M8b: AugSynth_FE Centro (Bel. in pool),AugSynth_FE,2023w36,2023-09-04
42,-0.3673119244176858,NA,NA,NA,co,M8b: AugSynth_FE Centro (Bel. in pool),AugSynth_FE,2023w37,2023-09-11
43,-0.4102665681567441,NA,NA,NA,co,M8b: AugSynth_FE Centro (Bel. in pool),AugSynth_FE,2023w38,2023-09-18
44,0.29776611912006046,NA,NA,NA,co,M8b: AugSynth_FE Centro (Bel. in pool),AugSynth_FE,2023w39,2023-09-25
45,0.24589405631086,NA,NA,NA,co,M8b: AugSynth_FE Centro (Bel. in pool),AugSynth_FE,2023w40,2023-10-02
46,-0.16453286222617733,NA,NA,NA,co,M8b: AugSynth_FE Centro (Bel. in pool),AugSynth_FE,2023w41,2023-10-09
47,0.10276304822151916,NA,NA,NA,co,M8b: AugSynth_FE Centro (Bel. in pool),AugSynth_FE,2023w42,2023-10-16
48,-0.05450036455076221,NA,NA,NA,co,M8b: AugSynth_FE Centro (Bel. in pool),AugSynth_FE,2023w43,2023-10-23
49,0.1378735368726457,NA,NA,NA,co,M8b: AugSynth_FE Centro (Bel. in pool),AugSynth_FE,2023w44,2023-10-30
50,-0.05658454362124826,NA,NA,NA,co,M8b: AugSynth_FE Centro (Bel. in pool),AugSynth_FE,2023w45,2023-11-06
51,0.021357253741324578,NA,NA,NA,co,M8b: AugSynth_FE Centro (Bel. in pool),AugSynth_FE,2023w46,2023-11-13
52,-0.4056358095051543,NA,NA,NA,co,M8b: AugSynth_FE Centro (Bel. in pool),AugSynth_FE,2023w47,2023-11-20
53,0.06614827727316358,-0.30851271912016914,0.4408092736664963,0.749,co,M8b: AugSynth_FE Centro (Bel. in pool),AugSynth_FE,2023w48,2023-11-27
54,-0.05269066278721299,-0.42735165918054574,0.3219703336061197,0.81,co,M8b: AugSynth_FE Centro (Bel. in pool),AugSynth_FE,2023w49,2023-12-04
55,0.14687660632061644,-0.22778439007271628,0.5215376027139491,0.585,co,M8b: AugSynth_FE Centro (Bel. in pool),AugSynth_FE,2023w50,2023-12-11
56,0.05946175612082297,-0.3151992402725098,0.43412275251415566,0.799,co,M8b: AugSynth_FE Centro (Bel. in pool),AugSynth_FE,2023w51,2023-12-18
57,-0.006863230131035625,-0.38152422652436835,0.3677977662622971,0.945,co,M8b: AugSynth_FE Centro (Bel. in pool),AugSynth_FE,2023w52,2023-12-25
58,-0.02625877980103951,-0.40091977619437225,0.3484022165922932,0.863,co,M8b: AugSynth_FE Centro (Bel. in pool),AugSynth_FE,2024w01,2024-01-01
59,-0.05917856696513446,-0.4338395633584672,0.31548242942819826,0.775,co,M8b: AugSynth_FE Centro (Bel. in pool),AugSynth_FE,2024w02,2024-01-08
60,-0.009991645984069375,-0.3846526423774021,0.36466935040926335,0.932,co,M8b: AugSynth_FE Centro (Bel. in pool),AugSynth_FE,2024w03,2024-01-15
61,0.03375717482285712,-0.3409038215704756,0.40841817121618984,0.861,co,M8b: AugSynth_FE Centro (Bel. in pool),AugSynth_FE,2024w04,2024-01-22
62,0.02016008704776201,-0.3545009093455707,0.39482108344109473,0.903,co,M8b: AugSynth_FE Centro (Bel. in pool),AugSynth_FE,2024w05,2024-01-29
63,0.25194176800447504,-0.12271922838885768,0.6266027643978078,0.322,co,M8b: AugSynth_FE Centro (Bel. in pool),AugSynth_FE,2024w06,2024-02-05
64,0.00236247183620103,-0.3722985245571317,0.37702346822953375,0.976,co,M8b: AugSynth_FE Centro (Bel. in pool),AugSynth_FE,2024w07,2024-02-12
65,-0.14031863428575106,-0.5149796306790838,0.23434236210758166,0.622,co,M8b: AugSynth_FE Centro (Bel. in pool),AugSynth_FE,2024w08,2024-02-19
66,-0.07871444761381982,-0.4533754440071526,0.2959465487795129,0.758,co,M8b: AugSynth_FE Centro (Bel. in pool),AugSynth_FE,2024w09,2024-02-26
67,-0.13634934132684767,-0.5110103377201805,0.23831165506648505,0.594,co,M8b: AugSynth_FE Centro (Bel. in pool),AugSynth_FE,2024w10,2024-03-04
68,-0.1900953084141546,-0.5647563048074873,0.18456568797917813,0.496,co,M8b: AugSynth_FE Centro (Bel. in pool),AugSynth_FE,2024w11,2024-03-11
69,-0.33358534839763615,-0.7082463447909688,0.041075647995696574,0.224,co,M8b: AugSynth_FE Centro (Bel. in pool),AugSynth_FE,2024w12,2024-03-18
70,-0.151825584079362,-0.5264865804726947,0.22283541231397072,0.595,co,M8b: AugSynth_FE Centro (Bel. in pool),AugSynth_FE,2024w13,2024-03-25
71,-0.14316680846035956,-0.5178278048536923,0.23149418793297316,0.614,co,M8b: AugSynth_FE Centro (Bel. in pool),AugSynth_FE,2024w14,2024-04-01
72,-0.09192546396289335,-0.4665864603562261,0.28273553243043936,0.771,co,M8b: AugSynth_FE Centro (Bel. in pool),AugSynth_FE,2024w15,2024-04-08
73,-0.4849015873731294,-0.8595625837664621,0,0.215,co,M8b: AugSynth_FE Centro (Bel. in pool),AugSynth_FE,2024w16,2024-04-15
74,0.39201822885815046,0,0.7666792252514831,0.227,co,M8b: AugSynth_FE Centro (Bel. in pool),AugSynth_FE,2024w17,2024-04-22
75,-0.1933876047770522,-0.5680486011703849,0.18127339161628053,0.491,co,M8b: AugSynth_FE Centro (Bel. in pool),AugSynth_FE,2024w18,2024-04-29
76,0.008571425486369216,-0.3660895709069635,0.38323242187970197,0.937,co,M8b: AugSynth_FE Centro (Bel. in pool),AugSynth_FE,2024w19,2024-05-06
77,0.06019243496619789,-0.31446856142713486,0.4348534313595306,0.789,co,M8b: AugSynth_FE Centro (Bel. in pool),AugSynth_FE,2024w20,2024-05-13
78,-0.19002333777826752,-0.5646843341716002,0.1846376586150652,0.485,co,M8b: AugSynth_FE Centro (Bel. in pool),AugSynth_FE,2024w21,2024-05-20
79,0.015855219486564126,-0.3588057769067686,0.3905162158798968,0.943,co,M8b: AugSynth_FE Centro (Bel. in pool),AugSynth_FE,2024w22,2024-05-27
80,0.016293423342465085,-0.35836757305086764,0.3909544197357978,0.938,co,M8b: AugSynth_FE Centro (Bel. in pool),AugSynth_FE,2024w23,2024-06-03
81,-0.13854043562043045,-0.5132014320137632,0.23612056077290228,0.659,co,M8b: AugSynth_FE Centro (Bel. in pool),AugSynth_FE,2024w24,2024-06-10
82,-0.2246771397083835,-0.5993381361017163,0.14998385668494923,0.403,co,M8b: AugSynth_FE Centro (Bel. in pool),AugSynth_FE,2024w25,2024-06-17
83,-0.1862887058787847,-0.5609497022721175,0.188372290514548,0.55,co,M8b: AugSynth_FE Centro (Bel. in pool),AugSynth_FE,2024w26,2024-06-24
84,-0.17903398165512796,-0.5536949780484607,0.19562701473820476,0.503,co,M8b: AugSynth_FE Centro (Bel. in pool),AugSynth_FE,2024w27,2024-07-01
85,0.005535157988132922,-0.3691258384051998,0.38019615438146565,0.943,co,M8b: AugSynth_FE Centro (Bel. in pool),AugSynth_FE,2024w28,2024-07-08
86,-0.34595486500556,-0.7206158613988927,0.028706131387772726,0.224,co,M8b: AugSynth_FE Centro (Bel. in pool),AugSynth_FE,2024w29,2024-07-15
87,-0.07892399991906329,-0.453584996312396,0.29573699647426943,0.73,co,M8b: AugSynth_FE Centro (Bel. in pool),AugSynth_FE,2024w30,2024-07-22
88,0.0018033637737600028,-0.3728576326195727,0.3764643601670927,0.984,co,M8b: AugSynth_FE Centro (Bel. in pool),AugSynth_FE,2024w31,2024-07-29
89,0.10601157012698842,-0.2686494262663443,0.48067256652032114,0.679,co,M8b: AugSynth_FE Centro (Bel. in pool),AugSynth_FE,2024w32,2024-08-05
90,0.007295168496811721,-0.367365827896521,0.38195616489014445,0.95,co,M8b: AugSynth_FE Centro (Bel. in pool),AugSynth_FE,2024w33,2024-08-12
91,0.05814866422880016,-0.31651233216453256,0.4328096606221329,0.776,co,M8b: AugSynth_FE Centro (Bel. in pool),AugSynth_FE,2024w34,2024-08-19
92,0.009557892655088385,-0.36510310373824434,0.3842188890484211,0.943,co,M8b: AugSynth_FE Centro (Bel. in pool),AugSynth_FE,2024w35,2024-08-26
93,-1.5755522559313118e-4,-0.37481855161892585,0.3745034411677396,1,co,M8b: AugSynth_FE Centro (Bel. in pool),AugSynth_FE,2024w36,2024-09-02
94,-0.2012637924921926,-0.5759247888855253,0.17339720390114013,0.468,co,M8b: AugSynth_FE Centro (Bel. in pool),AugSynth_FE,2024w37,2024-09-09
95,-0.4167903408738015,-0.7914513372671342,0,0.196,co,M8b: AugSynth_FE Centro (Bel. in pool),AugSynth_FE,2024w38,2024-09-16
96,-0.18376095546976462,-0.5584219518630973,0.1909000409235681,0.455,co,M8b: AugSynth_FE Centro (Bel. in pool),AugSynth_FE,2024w39,2024-09-23
97,-0.279526723268525,-0.6541877196618577,0.09513427312480771,0.357,co,M8b: AugSynth_FE Centro (Bel. in pool),AugSynth_FE,2024w40,2024-09-30
98,-0.2266891666747644,-0.6013501630680971,0.14797182971856832,0.429,co,M8b: AugSynth_FE Centro (Bel. in pool),AugSynth_FE,2024w41,2024-10-07
99,-0.4953591630634374,-0.8700201594567701,0,0.158,co,M8b: AugSynth_FE Centro (Bel. in pool),AugSynth_FE,2024w42,2024-10-14
100,-0.38595495021115217,-0.7606159466044848,0,0.21,co,M8b: AugSynth_FE Centro (Bel. in pool),AugSynth_FE,2024w43,2024-10-21
101,-0.15263154702387258,-0.5272925434172053,0.22202944936946015,0.603,co,M8b: AugSynth_FE Centro (Bel. in pool),AugSynth_FE,2024w44,2024-10-28
102,-0.08355365101675177,-0.4582146474100845,0.29110734537658095,0.723,co,M8b: AugSynth_FE Centro (Bel. in pool),AugSynth_FE,2024w45,2024-11-04
103,-0.054275111382273644,-0.42893610777560637,0.3203858850110591,0.827,co,M8b: AugSynth_FE Centro (Bel. in pool),AugSynth_FE,2024w46,2024-11-11
104,-0.35091890441598805,-0.7255799008093208,0.02374209197734467,0.267,co,M8b: AugSynth_FE Centro (Bel. in pool),AugSynth_FE,2024w47,2024-11-18
105,-0.20404560202657096,-0.5787065984199037,0.17061539436676176,0.407,co,M8b: AugSynth_FE Centro (Bel. in pool),AugSynth_FE,2024w48,2024-11-25
106,-0.13294157942638618,-0.5076025758197189,0.24171941696694654,0.594,co,M8b: AugSynth_FE Centro (Bel. in pool),AugSynth_FE,2024w49,2024-12-02
107,-0.11656229000837753,-0.49122328640171026,0.2580987063849552,0.638,co,M8b: AugSynth_FE Centro (Bel. in pool),AugSynth_FE,2024w50,2024-12-09
108,-0.19908513156968638,-0.5737461279630192,0.17557586482364634,0.448,co,M8b: AugSynth_FE Centro (Bel. in pool),AugSynth_FE,2024w51,2024-12-16
109,0.04991522452315164,-0.32474577187018105,0.4245762209164844,0.83,co,M8b: AugSynth_FE Centro (Bel. in pool),AugSynth_FE,2024w52,2024-12-23
110,0.017483806843360344,-0.35717718954997235,0.3921448032366931,0.948,co,M8b: AugSynth_FE Centro (Bel. in pool),AugSynth_FE,2025w01,2024-12-30
111,0.08774650070057807,-0.2869144956927546,0.4624074970939108,0.731,co,M8b: AugSynth_FE Centro (Bel. in pool),AugSynth_FE,2025w02,2025-01-06
112,-0.07863021771132492,-0.45329121410465767,0.2960307786820078,0.773,co,M8b: AugSynth_FE Centro (Bel. in pool),AugSynth_FE,2025w03,2025-01-13
113,-0.16555256585314557,-0.5402135622464783,0.20910843054018716,0.583,co,M8b: AugSynth_FE Centro (Bel. in pool),AugSynth_FE,2025w04,2025-01-20
114,-0.02875853925699104,-0.40341953565032374,0.3459024571363417,0.879,co,M8b: AugSynth_FE Centro (Bel. in pool),AugSynth_FE,2025w05,2025-01-27
115,-0.004946327557508096,-0.37960732395084085,0.3697146688358246,0.984,co,M8b: AugSynth_FE Centro (Bel. in pool),AugSynth_FE,2025w06,2025-02-03
116,-0.27273416708604,-0.6473951634793726,0.10192682930729274,0.358,co,M8b: AugSynth_FE Centro (Bel. in pool),AugSynth_FE,2025w07,2025-02-10
117,-0.3781145034374272,-0.7527754998307599,0,0.274,co,M8b: AugSynth_FE Centro (Bel. in pool),AugSynth_FE,2025w08,2025-02-17
118,-0.1043128596816211,-0.4789738560749538,0.27034813671171165,0.758,co,M8b: AugSynth_FE Centro (Bel. in pool),AugSynth_FE,2025w09,2025-02-24
119,0.09942282955807592,-0.2752381668352568,0.47408382595140863,0.729,co,M8b: AugSynth_FE Centro (Bel. in pool),AugSynth_FE,2025w10,2025-03-03
120,0.09767732664494388,-0.27698366974838884,0.4723383230382766,0.709,co,M8b: AugSynth_FE Centro (Bel. in pool),AugSynth_FE,2025w11,2025-03-10
121,-0.09105088392445232,-0.46571188031778504,0.2836101124688804,0.728,co,M8b: AugSynth_FE Centro (Bel. in pool),AugSynth_FE,2025w12,2025-03-17
122,-0.27045456561971426,-0.645115562013047,0.10420643077361846,0.342,co,M8b: AugSynth_FE Centro (Bel. in pool),AugSynth_FE,2025w13,2025-03-24
123,-0.22448257763592597,-0.5991435740292587,0.15017841875740676,0.365,co,M8b: AugSynth_FE Centro (Bel. in pool),AugSynth_FE,2025w14,2025-03-31
124,-0.03740536535114179,-0.41206636174447453,0.3372556310421909,0.826,co,M8b: AugSynth_FE Centro (Bel. in pool),AugSynth_FE,2025w15,2025-04-07
125,-0.13214861258311386,-0.5068096089764466,0.24251238381021886,0.645,co,M8b: AugSynth_FE Centro (Bel. in pool),AugSynth_FE,2025w16,2025-04-14
126,-0.23165011968938332,-0.606311116082716,0.1430108767039494,0.365,co,M8b: AugSynth_FE Centro (Bel. in pool),AugSynth_FE,2025w17,2025-04-21
127,-0.19356245981950482,-0.5682234562128375,0.1810985365738279,0.482,co,M8b: AugSynth_FE Centro (Bel. in pool),AugSynth_FE,2025w18,2025-04-28
128,-0.1555181620329979,-0.5301791584263307,0.21914283436033483,0.593,co,M8b: AugSynth_FE Centro (Bel. in pool),AugSynth_FE,2025w19,2025-05-05
129,0.007185755552993223,-0.3674752408403395,0.38184675194632595,0.932,co,M8b: AugSynth_FE Centro (Bel. in pool),AugSynth_FE,2025w20,2025-05-12
130,-0.058430662686690116,-0.43309165908002284,0.3162303337066426,0.764,co,M8b: AugSynth_FE Centro (Bel. in pool),AugSynth_FE,2025w21,2025-05-19
131,-0.28471663772744527,-0.659377634120778,0.08994435866588746,0.334,co,M8b: AugSynth_FE Centro (Bel. in pool),AugSynth_FE,2025w22,2025-05-26
132,-0.03753430490796841,-0.4121953013013011,0.33712669148536434,0.829,co,M8b: AugSynth_FE Centro (Bel. in pool),AugSynth_FE,2025w23,2025-06-02
133,-0.13906938803766103,-0.5137303844309937,0.2355916083556717,0.599,co,M8b: AugSynth_FE Centro (Bel. in pool),AugSynth_FE,2025w24,2025-06-09
134,-0.289450963466804,-0.6641119598601367,0.08521003292652873,0.325,co,M8b: AugSynth_FE Centro (Bel. in pool),AugSynth_FE,2025w25,2025-06-16
1,-0.029002911637701523,NA,NA,NA,co,M9: AugSynth_FE Belisario (Centro dropped),AugSynth_FE,2022w48,2022-11-28
2,-0.22502582529039555,NA,NA,NA,co,M9: AugSynth_FE Belisario (Centro dropped),AugSynth_FE,2022w49,2022-12-05
3,-0.2968546050125238,NA,NA,NA,co,M9: AugSynth_FE Belisario (Centro dropped),AugSynth_FE,2022w50,2022-12-12
4,-0.2020236241719249,NA,NA,NA,co,M9: AugSynth_FE Belisario (Centro dropped),AugSynth_FE,2022w51,2022-12-19
5,-0.2552220123129439,NA,NA,NA,co,M9: AugSynth_FE Belisario (Centro dropped),AugSynth_FE,2022w52,2022-12-26
6,-0.20308953899052523,NA,NA,NA,co,M9: AugSynth_FE Belisario (Centro dropped),AugSynth_FE,2023w01,2023-01-02
7,-0.10337584363096877,NA,NA,NA,co,M9: AugSynth_FE Belisario (Centro dropped),AugSynth_FE,2023w02,2023-01-09
8,0.0010703346057476804,NA,NA,NA,co,M9: AugSynth_FE Belisario (Centro dropped),AugSynth_FE,2023w03,2023-01-16
9,-0.16748053020662163,NA,NA,NA,co,M9: AugSynth_FE Belisario (Centro dropped),AugSynth_FE,2023w04,2023-01-23
10,0.02719127489846307,NA,NA,NA,co,M9: AugSynth_FE Belisario (Centro dropped),AugSynth_FE,2023w05,2023-01-30
11,0.08718886664973513,NA,NA,NA,co,M9: AugSynth_FE Belisario (Centro dropped),AugSynth_FE,2023w06,2023-02-06
12,0.030849861034187704,NA,NA,NA,co,M9: AugSynth_FE Belisario (Centro dropped),AugSynth_FE,2023w07,2023-02-13
13,-0.28728702210328394,NA,NA,NA,co,M9: AugSynth_FE Belisario (Centro dropped),AugSynth_FE,2023w08,2023-02-20
14,-0.18986054883326908,NA,NA,NA,co,M9: AugSynth_FE Belisario (Centro dropped),AugSynth_FE,2023w09,2023-02-27
15,0.1272508720471634,NA,NA,NA,co,M9: AugSynth_FE Belisario (Centro dropped),AugSynth_FE,2023w10,2023-03-06
16,0.058132116168461145,NA,NA,NA,co,M9: AugSynth_FE Belisario (Centro dropped),AugSynth_FE,2023w11,2023-03-13
17,0.3718581074171766,NA,NA,NA,co,M9: AugSynth_FE Belisario (Centro dropped),AugSynth_FE,2023w12,2023-03-20
18,0.16679383755539595,NA,NA,NA,co,M9: AugSynth_FE Belisario (Centro dropped),AugSynth_FE,2023w13,2023-03-27
19,0.15062992338566566,NA,NA,NA,co,M9: AugSynth_FE Belisario (Centro dropped),AugSynth_FE,2023w14,2023-04-03
20,0.03131688820094447,NA,NA,NA,co,M9: AugSynth_FE Belisario (Centro dropped),AugSynth_FE,2023w15,2023-04-10
21,0.12061375044916928,NA,NA,NA,co,M9: AugSynth_FE Belisario (Centro dropped),AugSynth_FE,2023w16,2023-04-17
22,-0.003640787740480267,NA,NA,NA,co,M9: AugSynth_FE Belisario (Centro dropped),AugSynth_FE,2023w17,2023-04-24
23,-0.0900146223770783,NA,NA,NA,co,M9: AugSynth_FE Belisario (Centro dropped),AugSynth_FE,2023w18,2023-05-01
24,-0.032194463263704676,NA,NA,NA,co,M9: AugSynth_FE Belisario (Centro dropped),AugSynth_FE,2023w19,2023-05-08
25,0.25671650470338486,NA,NA,NA,co,M9: AugSynth_FE Belisario (Centro dropped),AugSynth_FE,2023w20,2023-05-15
26,0.14507888495107685,NA,NA,NA,co,M9: AugSynth_FE Belisario (Centro dropped),AugSynth_FE,2023w21,2023-05-22
27,0.11144471850513368,NA,NA,NA,co,M9: AugSynth_FE Belisario (Centro dropped),AugSynth_FE,2023w22,2023-05-29
28,0.1325668405510986,NA,NA,NA,co,M9: AugSynth_FE Belisario (Centro dropped),AugSynth_FE,2023w23,2023-06-05
29,-0.012635781549488818,NA,NA,NA,co,M9: AugSynth_FE Belisario (Centro dropped),AugSynth_FE,2023w24,2023-06-12
30,-0.19510102066863563,NA,NA,NA,co,M9: AugSynth_FE Belisario (Centro dropped),AugSynth_FE,2023w25,2023-06-19
31,-0.04560872892132001,NA,NA,NA,co,M9: AugSynth_FE Belisario (Centro dropped),AugSynth_FE,2023w26,2023-06-26
32,0.17997106687149075,NA,NA,NA,co,M9: AugSynth_FE Belisario (Centro dropped),AugSynth_FE,2023w27,2023-07-03
33,0.03402559557106493,NA,NA,NA,co,M9: AugSynth_FE Belisario (Centro dropped),AugSynth_FE,2023w28,2023-07-10
34,0.06571517193054383,NA,NA,NA,co,M9: AugSynth_FE Belisario (Centro dropped),AugSynth_FE,2023w29,2023-07-17
35,0.054030368969315595,NA,NA,NA,co,M9: AugSynth_FE Belisario (Centro dropped),AugSynth_FE,2023w30,2023-07-24
36,-0.5026303183010403,NA,NA,NA,co,M9: AugSynth_FE Belisario (Centro dropped),AugSynth_FE,2023w31,2023-07-31
37,-0.17594891470087698,NA,NA,NA,co,M9: AugSynth_FE Belisario (Centro dropped),AugSynth_FE,2023w32,2023-08-07
38,0.2026876434584113,NA,NA,NA,co,M9: AugSynth_FE Belisario (Centro dropped),AugSynth_FE,2023w33,2023-08-14
39,0.1479240221693727,NA,NA,NA,co,M9: AugSynth_FE Belisario (Centro dropped),AugSynth_FE,2023w34,2023-08-21
40,-0.18460932264473662,NA,NA,NA,co,M9: AugSynth_FE Belisario (Centro dropped),AugSynth_FE,2023w35,2023-08-28
41,-0.005412607660469693,NA,NA,NA,co,M9: AugSynth_FE Belisario (Centro dropped),AugSynth_FE,2023w36,2023-09-04
42,0.12718025140972278,NA,NA,NA,co,M9: AugSynth_FE Belisario (Centro dropped),AugSynth_FE,2023w37,2023-09-11
43,0.06886747574633892,NA,NA,NA,co,M9: AugSynth_FE Belisario (Centro dropped),AugSynth_FE,2023w38,2023-09-18
44,-0.2646365195622534,NA,NA,NA,co,M9: AugSynth_FE Belisario (Centro dropped),AugSynth_FE,2023w39,2023-09-25
45,0.11591002932263456,NA,NA,NA,co,M9: AugSynth_FE Belisario (Centro dropped),AugSynth_FE,2023w40,2023-10-02
46,0.03418766444278784,NA,NA,NA,co,M9: AugSynth_FE Belisario (Centro dropped),AugSynth_FE,2023w41,2023-10-09
47,0.13351210491674925,NA,NA,NA,co,M9: AugSynth_FE Belisario (Centro dropped),AugSynth_FE,2023w42,2023-10-16
48,0.1503969445202195,NA,NA,NA,co,M9: AugSynth_FE Belisario (Centro dropped),AugSynth_FE,2023w43,2023-10-23
49,0.17148204877132056,NA,NA,NA,co,M9: AugSynth_FE Belisario (Centro dropped),AugSynth_FE,2023w44,2023-10-30
50,-0.013636622828331925,NA,NA,NA,co,M9: AugSynth_FE Belisario (Centro dropped),AugSynth_FE,2023w45,2023-11-06
51,-0.027034573281120036,NA,NA,NA,co,M9: AugSynth_FE Belisario (Centro dropped),AugSynth_FE,2023w46,2023-11-13
52,0.2077335764669185,NA,NA,NA,co,M9: AugSynth_FE Belisario (Centro dropped),AugSynth_FE,2023w47,2023-11-20
53,-0.26095717551709324,-0.662052519612965,0.14013816857877848,0.152,co,M9: AugSynth_FE Belisario (Centro dropped),AugSynth_FE,2023w48,2023-11-27
54,-0.09221888576776499,-0.5492810220630606,0.30887645832810684,0.655,co,M9: AugSynth_FE Belisario (Centro dropped),AugSynth_FE,2023w49,2023-12-04
55,0.09885921772096914,-0.32089172377471054,0.49995456181684095,0.627,co,M9: AugSynth_FE Belisario (Centro dropped),AugSynth_FE,2023w50,2023-12-11
56,0.05132244811528058,-0.33111729858078315,0.45241779221115236,0.735,co,M9: AugSynth_FE Belisario (Centro dropped),AugSynth_FE,2023w51,2023-12-18
57,0.10983947213789261,-0.3472226641574031,0.4922792188339563,0.659,co,M9: AugSynth_FE Belisario (Centro dropped),AugSynth_FE,2023w52,2023-12-25
58,0.10877965185384436,-0.31097128964183535,0.5098749959497162,0.638,co,M9: AugSynth_FE Belisario (Centro dropped),AugSynth_FE,2024w01,2024-01-01
59,-0.030463488754270397,-0.41290323545033414,0.3892874527414094,0.885,co,M9: AugSynth_FE Belisario (Centro dropped),AugSynth_FE,2024w02,2024-01-08
60,-0.08495889027705564,-0.5047098317727353,0.31613645381881617,0.683,co,M9: AugSynth_FE Belisario (Centro dropped),AugSynth_FE,2024w03,2024-01-15
61,0.0824094865629378,-0.31868585753293394,0.5394716228582335,0.662,co,M9: AugSynth_FE Belisario (Centro dropped),AugSynth_FE,2024w04,2024-01-22
62,0.05844058624617611,-0.3613103552495036,0.45953593034204787,0.727,co,M9: AugSynth_FE Belisario (Centro dropped),AugSynth_FE,2024w05,2024-01-29
63,0.12060646973566978,-0.26183327696039393,0.5403574112313496,0.624,co,M9: AugSynth_FE Belisario (Centro dropped),AugSynth_FE,2024w06,2024-02-05
64,-0.21285023744030612,-0.6699123737356019,0.1882451066555656,0.264,co,M9: AugSynth_FE Belisario (Centro dropped),AugSynth_FE,2024w07,2024-02-12
65,-0.14441897673176005,-0.5641699182274398,0.2566763673641117,0.546,co,M9: AugSynth_FE Belisario (Centro dropped),AugSynth_FE,2024w08,2024-02-19
66,-0.0681706551737794,-0.4692659992696511,0.33292468892209237,0.684,co,M9: AugSynth_FE Belisario (Centro dropped),AugSynth_FE,2024w09,2024-02-26
67,0.10344653639724,-0.2976488076986317,0.5231974778929198,0.619,co,M9: AugSynth_FE Belisario (Centro dropped),AugSynth_FE,2024w10,2024-03-04
68,0.00987558194489864,-0.3912197621509731,0.42962652344057845,0.945,co,M9: AugSynth_FE Belisario (Centro dropped),AugSynth_FE,2024w11,2024-03-11
69,-0.13875859534142918,-0.5585095368371089,0.24368115135463453,0.536,co,M9: AugSynth_FE Belisario (Centro dropped),AugSynth_FE,2024w12,2024-03-18
70,0.009886076647593889,-0.4471760596477018,0.41098142074346566,0.953,co,M9: AugSynth_FE Belisario (Centro dropped),AugSynth_FE,2024w13,2024-03-25
71,0.11680668185598714,-0.34025545443930855,0.5552132207514748,0.632,co,M9: AugSynth_FE Belisario (Centro dropped),AugSynth_FE,2024w14,2024-04-01
72,-0.18195802567272376,-0.6017089671684035,0.2751041106225719,0.459,co,M9: AugSynth_FE Belisario (Centro dropped),AugSynth_FE,2024w15,2024-04-08
73,-0.2852859797992625,-0.7423481160945582,0.15312055909622524,0.169,co,M9: AugSynth_FE Belisario (Centro dropped),AugSynth_FE,2024w16,2024-04-15
74,0.5011803309893534,0.10008498689348172,0.9582424672846491,0.037,co,M9: AugSynth_FE Belisario (Centro dropped),AugSynth_FE,2024w17,2024-04-22
75,0.058475987271502605,-0.3799305516239851,0.4595713313673744,0.728,co,M9: AugSynth_FE Belisario (Centro dropped),AugSynth_FE,2024w18,2024-04-29
76,0.12020739880452047,-0.26223234789154326,0.48399154810077627,0.56,co,M9: AugSynth_FE Belisario (Centro dropped),AugSynth_FE,2024w19,2024-05-06
77,0.31082348722121167,-0.052960662075044074,0.7119188313170834,0.084,co,M9: AugSynth_FE Belisario (Centro dropped),AugSynth_FE,2024w20,2024-05-13
78,0.05136339221029651,-0.3683875492853832,0.5084255285055922,0.765,co,M9: AugSynth_FE Belisario (Centro dropped),AugSynth_FE,2024w21,2024-05-20
79,-0.13818375670937874,-0.5952458930046745,0.262911587386493,0.572,co,M9: AugSynth_FE Belisario (Centro dropped),AugSynth_FE,2024w22,2024-05-27
80,0.597291801743116,0.14022966544782034,1.0356983406386038,0.044,co,M9: AugSynth_FE Belisario (Centro dropped),AugSynth_FE,2024w23,2024-06-03
81,0.45763242174813684,0,0.9146945580434325,0.053,co,M9: AugSynth_FE Belisario (Centro dropped),AugSynth_FE,2024w24,2024-06-10
82,-0.0473262965162391,-0.4670772380119188,0.3724246449794407,0.774,co,M9: AugSynth_FE Belisario (Centro dropped),AugSynth_FE,2024w25,2024-06-17
83,0.2079639390123874,-0.23044259988310029,0.6090592831082592,0.268,co,M9: AugSynth_FE Belisario (Centro dropped),AugSynth_FE,2024w26,2024-06-24
84,0.306001228378882,-0.09509411571698972,0.6884409750749457,0.094,co,M9: AugSynth_FE Belisario (Centro dropped),AugSynth_FE,2024w27,2024-07-01
85,0.020660831315652467,-0.3617789153804113,0.38444498061190824,0.902,co,M9: AugSynth_FE Belisario (Centro dropped),AugSynth_FE,2024w28,2024-07-08
86,-0.07937718583032927,-0.480472529926201,0.30306256086573446,0.658,co,M9: AugSynth_FE Belisario (Centro dropped),AugSynth_FE,2024w29,2024-07-15
87,0.10670827151274934,-0.3503538647825464,0.5264592130084291,0.681,co,M9: AugSynth_FE Belisario (Centro dropped),AugSynth_FE,2024w30,2024-07-22
88,-0.031155059286186504,-0.4882171955814822,0.36994028480968527,0.882,co,M9: AugSynth_FE Belisario (Centro dropped),AugSynth_FE,2024w31,2024-07-29
89,0.1057518548225547,-0.29534348927331705,0.5441583937180424,0.603,co,M9: AugSynth_FE Belisario (Centro dropped),AugSynth_FE,2024w32,2024-08-05
90,-0.15983058691997581,-0.5422703336160395,0.29723154937531987,0.424,co,M9: AugSynth_FE Belisario (Centro dropped),AugSynth_FE,2024w33,2024-08-12
91,-0.08405421572074301,-0.44783836501699875,0.2797299335755128,0.699,co,M9: AugSynth_FE Belisario (Centro dropped),AugSynth_FE,2024w34,2024-08-19
92,-0.3193146399972779,-0.7390655814929575,0.0631251066987859,0.074,co,M9: AugSynth_FE Belisario (Centro dropped),AugSynth_FE,2024w35,2024-08-26
93,-0.2914627608149231,-0.6739025075109868,0.09097698588114067,0.092,co,M9: AugSynth_FE Belisario (Centro dropped),AugSynth_FE,2024w36,2024-09-02
94,-0.1059689106242759,-0.5443754495197637,0.3137820308714039,0.667,co,M9: AugSynth_FE Belisario (Centro dropped),AugSynth_FE,2024w37,2024-09-09
95,-0.3775035167958687,-0.7972544582915484,0.004936229900195044,0.058,co,M9: AugSynth_FE Belisario (Centro dropped),AugSynth_FE,2024w38,2024-09-16
96,-0.01187933426342011,-0.39431908095948387,0.3705604124326436,0.948,co,M9: AugSynth_FE Belisario (Centro dropped),AugSynth_FE,2024w39,2024-09-23
97,0.026009134423367386,-0.4310530018719283,0.42710447851923916,0.915,co,M9: AugSynth_FE Belisario (Centro dropped),AugSynth_FE,2024w40,2024-09-30
98,-0.5090591685653365,-0.9474657074608241,-0.12661942186927277,0.027,co,M9: AugSynth_FE Belisario (Centro dropped),AugSynth_FE,2024w41,2024-10-07
99,-0.6770079394458954,-1.0967588809415751,-0.2945681927498317,0.012,co,M9: AugSynth_FE Belisario (Centro dropped),AugSynth_FE,2024w42,2024-10-14
100,-0.4102162433174621,-0.8299671848131418,-0.02777649662139836,0.047,co,M9: AugSynth_FE Belisario (Centro dropped),AugSynth_FE,2024w43,2024-10-21
101,-0.4519811224150456,-0.8903876613105333,-0.06954137571898189,0.039,co,M9: AugSynth_FE Belisario (Centro dropped),AugSynth_FE,2024w44,2024-10-28
102,-0.22526874300712876,-0.6263640871030005,0.157171003688935,0.184,co,M9: AugSynth_FE Belisario (Centro dropped),AugSynth_FE,2024w45,2024-11-04
103,-0.29973650147030356,-0.7194874429659833,0.08270324522576011,0.084,co,M9: AugSynth_FE Belisario (Centro dropped),AugSynth_FE,2024w46,2024-11-11
104,-0.09844476846065586,-0.5368513073561436,0.3399617704348319,0.675,co,M9: AugSynth_FE Belisario (Centro dropped),AugSynth_FE,2024w47,2024-11-18
105,0.062486499182829336,-0.37592003971265836,0.4635818432787011,0.737,co,M9: AugSynth_FE Belisario (Centro dropped),AugSynth_FE,2024w48,2024-11-25
106,-0.004265479859191568,-0.3680496291554473,0.32220747463744825,0.958,co,M9: AugSynth_FE Belisario (Centro dropped),AugSynth_FE,2024w49,2024-12-02
107,0.07071030796956872,-0.349040633526111,0.5091168468650564,0.714,co,M9: AugSynth_FE Belisario (Centro dropped),AugSynth_FE,2024w50,2024-12-09
108,-0.030666392828695016,-0.4690729317241827,0.35177335386736874,0.895,co,M9: AugSynth_FE Belisario (Centro dropped),AugSynth_FE,2024w51,2024-12-16
109,-0.16460677342164842,-0.6216689097169441,0.23648857067422335,0.474,co,M9: AugSynth_FE Belisario (Centro dropped),AugSynth_FE,2024w52,2024-12-23
110,-0.03189360650679286,-0.48895574280208853,0.42516852978850284,0.912,co,M9: AugSynth_FE Belisario (Centro dropped),AugSynth_FE,2025w01,2024-12-30
111,0.17313639237901318,-0.24661454911666653,0.6301985286743088,0.506,co,M9: AugSynth_FE Belisario (Centro dropped),AugSynth_FE,2025w02,2025-01-06
112,-0.3359265031371087,-0.7929886394324044,0.12113563315818698,0.174,co,M9: AugSynth_FE Belisario (Centro dropped),AugSynth_FE,2025w03,2025-01-13
113,-0.2759639048545509,-0.7330260411498466,0.18109823144074477,0.217,co,M9: AugSynth_FE Belisario (Centro dropped),AugSynth_FE,2025w04,2025-01-20
114,-0.40821654159083143,-0.8652786778861271,0.04884559470446426,0.065,co,M9: AugSynth_FE Belisario (Centro dropped),AugSynth_FE,2025w05,2025-01-27
115,-0.33445106236893984,-0.7915131986642355,0.08529987912673997,0.122,co,M9: AugSynth_FE Belisario (Centro dropped),AugSynth_FE,2025w06,2025-02-03
116,-0.32161384865981146,-0.7786759849551071,0.13544828763548422,0.16,co,M9: AugSynth_FE Belisario (Centro dropped),AugSynth_FE,2025w07,2025-02-10
117,-0.2817283622161073,-0.738790498511403,0.17533377407918838,0.359,co,M9: AugSynth_FE Belisario (Centro dropped),AugSynth_FE,2025w08,2025-02-17
118,-0.17783530405566525,-0.634897440350961,0.2792268322396304,0.594,co,M9: AugSynth_FE Belisario (Centro dropped),AugSynth_FE,2025w09,2025-02-24
119,-0.17138156336910104,-0.6284436996643967,0.2670249755263867,0.542,co,M9: AugSynth_FE Belisario (Centro dropped),AugSynth_FE,2025w10,2025-03-03
120,-0.1270129665239525,-0.5654195054194402,0.2927379749717274,0.592,co,M9: AugSynth_FE Belisario (Centro dropped),AugSynth_FE,2025w11,2025-03-10
121,-0.10218104618299112,-0.4846207928790549,0.28025870051307256,0.614,co,M9: AugSynth_FE Belisario (Centro dropped),AugSynth_FE,2025w12,2025-03-17
122,-0.12176016089122368,-0.5788222971865193,0.2606795858048401,0.612,co,M9: AugSynth_FE Belisario (Centro dropped),AugSynth_FE,2025w13,2025-03-24
123,0.13955183908373905,-0.29885469981174867,0.5966139753790347,0.586,co,M9: AugSynth_FE Belisario (Centro dropped),AugSynth_FE,2025w14,2025-03-31
124,-0.06306379776324211,-0.5201259340585378,0.39399833853205357,0.729,co,M9: AugSynth_FE Belisario (Centro dropped),AugSynth_FE,2025w15,2025-04-07
125,-0.20736319410569393,-0.6644253304009896,0.24969894218960176,0.446,co,M9: AugSynth_FE Belisario (Centro dropped),AugSynth_FE,2025w16,2025-04-14
126,-0.1795363389017785,-0.5992872803974582,0.24021460259390137,0.431,co,M9: AugSynth_FE Belisario (Centro dropped),AugSynth_FE,2025w17,2025-04-21
127,0.04206611637678434,-0.4149960199185113,0.4618170578724642,0.735,co,M9: AugSynth_FE Belisario (Centro dropped),AugSynth_FE,2025w18,2025-04-28
128,-0.14498875314833018,-0.5460840972442018,0.27476218834734967,0.534,co,M9: AugSynth_FE Belisario (Centro dropped),AugSynth_FE,2025w19,2025-05-05
129,0.11957981527748317,-0.3374823210178125,0.5766419515727789,0.688,co,M9: AugSynth_FE Belisario (Centro dropped),AugSynth_FE,2025w20,2025-05-12
130,-0.13594140939068572,-0.5370367534865574,0.24649833730537796,0.552,co,M9: AugSynth_FE Belisario (Centro dropped),AugSynth_FE,2025w21,2025-05-19
131,-0.2672811348492466,-0.7056876737447344,0.1711254040462411,0.182,co,M9: AugSynth_FE Belisario (Centro dropped),AugSynth_FE,2025w22,2025-05-26
132,-0.1314963680637549,-0.5512473095594346,0.3069101708317329,0.574,co,M9: AugSynth_FE Belisario (Centro dropped),AugSynth_FE,2025w23,2025-06-02
133,0.09780361346064134,-0.32194732803503834,0.49889895755651315,0.666,co,M9: AugSynth_FE Belisario (Centro dropped),AugSynth_FE,2025w24,2025-06-09
134,-0.31157328283844576,-0.7686354191337414,0.10817765865723405,0.14,co,M9: AugSynth_FE Belisario (Centro dropped),AugSynth_FE,2025w25,2025-06-16
