week_label,Y_treated,Y_synthetic,difference,post_period,pollutant,model,method,week_date
2022w48,3.4290063681179164,3.3973387436310114,0.031667624486904966,FALSE,no2,M4: AugSynth Centro+Belisario,AugSynth,2022-11-28
2022w49,3.7020199338182636,3.7137604199900034,-0.011740486171739839,FALSE,no2,M4: AugSynth Centro+Belisario,AugSynth,2022-12-05
2022w50,3.5446931402729254,3.630285298217885,-0.08559215794495945,FALSE,no2,M4: AugSynth Centro+Belisario,AugSynth,2022-12-12
2022w51,3.6283661984683753,3.485116564880774,0.14324963358760145,FALSE,no2,M4: AugSynth Centro+Belisario,AugSynth,2022-12-19
2022w52,3.6507235645127962,3.704713277822872,-0.05398971331007596,FALSE,no2,M4: AugSynth Centro+Belisario,AugSynth,2022-12-26
2023w01,3.6574542835819814,3.766155589300894,-0.10870130571891234,FALSE,no2,M4: AugSynth Centro+Belisario,AugSynth,2023-01-02
2023w02,3.7677193184818294,3.7639176878460154,0.0038016306358139573,FALSE,no2,M4: AugSynth Centro+Belisario,AugSynth,2023-01-09
2023w03,3.628589333267931,3.6664009042318684,-0.0378115709639375,FALSE,no2,M4: AugSynth Centro+Belisario,AugSynth,2023-01-16
2023w04,3.3924033288153947,3.510489670567934,-0.11808634175253907,FALSE,no2,M4: AugSynth Centro+Belisario,AugSynth,2023-01-23
2023w05,3.659587637858353,3.587923349063564,0.07166428879478914,FALSE,no2,M4: AugSynth Centro+Belisario,AugSynth,2023-01-30
2023w06,3.537498829527215,3.5208457037821166,0.016653125745098585,FALSE,no2,M4: AugSynth Centro+Belisario,AugSynth,2023-02-06
2023w07,3.5587406340287093,3.5351974823647225,0.023543151663986794,FALSE,no2,M4: AugSynth Centro+Belisario,AugSynth,2023-02-13
2023w08,3.527549110759037,3.5650148361858296,-0.037465725426792496,FALSE,no2,M4: AugSynth Centro+Belisario,AugSynth,2023-02-20
2023w09,3.568155881951201,3.5276149883381898,0.040540893613011164,FALSE,no2,M4: AugSynth Centro+Belisario,AugSynth,2023-02-27
2023w10,3.497924799447933,3.4406704315597647,0.05725436788816829,FALSE,no2,M4: AugSynth Centro+Belisario,AugSynth,2023-03-06
2023w11,3.416638168447977,3.4929034948257147,-0.07626532637773753,FALSE,no2,M4: AugSynth Centro+Belisario,AugSynth,2023-03-13
2023w12,3.659744473644727,3.660945284874368,-0.0012008112296411078,FALSE,no2,M4: AugSynth Centro+Belisario,AugSynth,2023-03-20
2023w13,3.782782016907878,3.7727971071002813,0.009984909807596587,FALSE,no2,M4: AugSynth Centro+Belisario,AugSynth,2023-03-27
2023w14,3.643096028584038,3.6635598864033843,-0.02046385781934612,FALSE,no2,M4: AugSynth Centro+Belisario,AugSynth,2023-04-03
2023w15,3.5623085096859395,3.5210361706817306,0.0412723390042089,FALSE,no2,M4: AugSynth Centro+Belisario,AugSynth,2023-04-10
2023w16,3.655961624455475,3.6133411359921244,0.042620488463350537,FALSE,no2,M4: AugSynth Centro+Belisario,AugSynth,2023-04-17
2023w17,3.6747864352874124,3.6437545387259354,0.03103189656147709,FALSE,no2,M4: AugSynth Centro+Belisario,AugSynth,2023-04-24
2023w18,3.063659185227049,3.1573642116246625,-0.09370502639761336,FALSE,no2,M4: AugSynth Centro+Belisario,AugSynth,2023-05-01
2023w19,3.4566762691958486,3.613310485288915,-0.1566342160930665,FALSE,no2,M4: AugSynth Centro+Belisario,AugSynth,2023-05-08
2023w20,3.5756053734838202,3.472704424746312,0.1029009487375081,FALSE,no2,M4: AugSynth Centro+Belisario,AugSynth,2023-05-15
2023w21,3.5238001056234367,3.486159561403245,0.037640544220191696,FALSE,no2,M4: AugSynth Centro+Belisario,AugSynth,2023-05-22
2023w22,3.39272592806401,3.4644500866576315,-0.07172415859362147,FALSE,no2,M4: AugSynth Centro+Belisario,AugSynth,2023-05-29
2023w23,3.423878015719776,3.4753388991010215,-0.05146088338124555,FALSE,no2,M4: AugSynth Centro+Belisario,AugSynth,2023-06-05
2023w24,3.3550996836221993,3.4564640065572303,-0.10136432293503095,FALSE,no2,M4: AugSynth Centro+Belisario,AugSynth,2023-06-12
2023w25,3.3212681712564773,3.281494533406209,0.03977363785026844,FALSE,no2,M4: AugSynth Centro+Belisario,AugSynth,2023-06-19
2023w26,3.362259912355535,3.416517746275921,-0.054257833920385856,FALSE,no2,M4: AugSynth Centro+Belisario,AugSynth,2023-06-26
2023w27,3.5176434990864345,3.4077445117347613,0.10989898735167314,FALSE,no2,M4: AugSynth Centro+Belisario,AugSynth,2023-07-03
2023w28,3.545408783738863,3.524646851505305,0.02076193223355771,FALSE,no2,M4: AugSynth Centro+Belisario,AugSynth,2023-07-10
2023w29,3.2419943971683765,3.372964673500715,-0.13097027633233838,FALSE,no2,M4: AugSynth Centro+Belisario,AugSynth,2023-07-17
2023w30,3.5275665702455328,3.4629572837535547,0.06460928649197806,FALSE,no2,M4: AugSynth Centro+Belisario,AugSynth,2023-07-24
2023w31,3.3494138903554664,3.325127852399581,0.024286037955885575,FALSE,no2,M4: AugSynth Centro+Belisario,AugSynth,2023-07-31
2023w32,3.3572497167369395,3.5176084764136015,-0.16035875967666202,FALSE,no2,M4: AugSynth Centro+Belisario,AugSynth,2023-08-07
2023w33,3.7365353208463032,3.3670697201741935,0.36946560067210976,FALSE,no2,M4: AugSynth Centro+Belisario,AugSynth,2023-08-14
2023w34,3.771960628117357,3.521545203334219,0.2504154247831383,FALSE,no2,M4: AugSynth Centro+Belisario,AugSynth,2023-08-21
2023w35,3.5484494970333795,3.4207738303733177,0.1276756666600618,FALSE,no2,M4: AugSynth Centro+Belisario,AugSynth,2023-08-28
2023w36,3.5828206574481047,3.50939909360371,0.07342156384439491,FALSE,no2,M4: AugSynth Centro+Belisario,AugSynth,2023-09-04
2023w37,3.5188981465540894,3.5666332626791917,-0.047735116125102284,FALSE,no2,M4: AugSynth Centro+Belisario,AugSynth,2023-09-11
2023w38,3.660366949619551,3.8049092909364948,-0.144542341316944,FALSE,no2,M4: AugSynth Centro+Belisario,AugSynth,2023-09-18
2023w39,4.004801382154497,3.95382567522519,0.05097570692930686,FALSE,no2,M4: AugSynth Centro+Belisario,AugSynth,2023-09-25
2023w40,3.939834147909805,3.935859635877535,0.003974512032270283,FALSE,no2,M4: AugSynth Centro+Belisario,AugSynth,2023-10-02
2023w41,3.93514422648561,3.903878766509684,0.03126545997592611,FALSE,no2,M4: AugSynth Centro+Belisario,AugSynth,2023-10-09
2023w42,3.873741677689029,3.8149840836121762,0.05875759407685299,FALSE,no2,M4: AugSynth Centro+Belisario,AugSynth,2023-10-16
2023w43,3.90536275497677,3.8840147181049547,0.021348036871815523,FALSE,no2,M4: AugSynth Centro+Belisario,AugSynth,2023-10-23
2023w44,3.6113814428478284,3.621844142513951,-0.010462699666122788,FALSE,no2,M4: AugSynth Centro+Belisario,AugSynth,2023-10-30
2023w45,3.6119996087896915,3.569626162360837,0.04237344642885432,FALSE,no2,M4: AugSynth Centro+Belisario,AugSynth,2023-11-06
2023w46,3.7862224735496817,3.567668272692279,0.21855420085740285,FALSE,no2,M4: AugSynth Centro+Belisario,AugSynth,2023-11-13
2023w47,3.8096166258846287,3.7218180227815716,0.0877986031030571,FALSE,no2,M4: AugSynth Centro+Belisario,AugSynth,2023-11-20
2023w48,3.6045990418874694,3.5325493002956523,0.0720497415918171,TRUE,no2,M4: AugSynth Centro+Belisario,AugSynth,2023-11-27
2023w49,3.657818151724923,3.537802787306861,0.12001536441806193,TRUE,no2,M4: AugSynth Centro+Belisario,AugSynth,2023-12-04
2023w50,3.6653973045759005,3.558501449936462,0.10689585463943851,TRUE,no2,M4: AugSynth Centro+Belisario,AugSynth,2023-12-11
2023w51,3.7515461010732793,3.640843587652652,0.1107025134206272,TRUE,no2,M4: AugSynth Centro+Belisario,AugSynth,2023-12-18
2023w52,3.4807997455886057,3.2566324900565737,0.22416725553203198,TRUE,no2,M4: AugSynth Centro+Belisario,AugSynth,2023-12-25
2024w01,3.658660690254904,3.372126896278805,0.286533793976099,TRUE,no2,M4: AugSynth Centro+Belisario,AugSynth,2024-01-01
2024w02,3.4745056495431634,3.3659674527507204,0.10853819679244303,TRUE,no2,M4: AugSynth Centro+Belisario,AugSynth,2024-01-08
2024w03,3.3733438689663098,3.368074097652412,0.005269771313897831,TRUE,no2,M4: AugSynth Centro+Belisario,AugSynth,2024-01-15
2024w04,3.456125263432786,3.384331451772083,0.07179381166070309,TRUE,no2,M4: AugSynth Centro+Belisario,AugSynth,2024-01-22
2024w05,3.6668267221909474,3.5269543902359457,0.1398723319550017,TRUE,no2,M4: AugSynth Centro+Belisario,AugSynth,2024-01-29
2024w06,3.67788859939456,3.6188794559851316,0.05900914340942842,TRUE,no2,M4: AugSynth Centro+Belisario,AugSynth,2024-02-05
2024w07,3.1913491866342563,3.1556417334154703,0.03570745321878599,TRUE,no2,M4: AugSynth Centro+Belisario,AugSynth,2024-02-12
2024w08,3.4826022969444916,3.4526101021699076,0.029992194774584036,TRUE,no2,M4: AugSynth Centro+Belisario,AugSynth,2024-02-19
2024w09,3.819416828933849,3.6809081281554374,0.1385087007784116,TRUE,no2,M4: AugSynth Centro+Belisario,AugSynth,2024-02-26
2024w10,3.655793821704,3.5860756365156927,0.0697181851883073,TRUE,no2,M4: AugSynth Centro+Belisario,AugSynth,2024-03-04
2024w11,3.5097688740420834,3.438531836994747,0.0712370370473363,TRUE,no2,M4: AugSynth Centro+Belisario,AugSynth,2024-03-11
2024w12,3.701597360025759,3.521465819473735,0.18013154055202385,TRUE,no2,M4: AugSynth Centro+Belisario,AugSynth,2024-03-18
2024w13,3.8449321225798245,3.558087627297173,0.28684449528265166,TRUE,no2,M4: AugSynth Centro+Belisario,AugSynth,2024-03-25
2024w14,3.7487896601779678,3.5727385680982806,0.17605109207968717,TRUE,no2,M4: AugSynth Centro+Belisario,AugSynth,2024-04-01
2024w15,3.696487201077983,3.5875616416060536,0.10892555947192939,TRUE,no2,M4: AugSynth Centro+Belisario,AugSynth,2024-04-08
2024w16,3.784603341590975,3.7170574057075263,0.06754593588344848,TRUE,no2,M4: AugSynth Centro+Belisario,AugSynth,2024-04-15
2024w17,3.7913604189663275,3.594302232690466,0.19705818627586158,TRUE,no2,M4: AugSynth Centro+Belisario,AugSynth,2024-04-22
2024w18,3.5697469012028056,3.3244933478421537,0.2452535533606519,TRUE,no2,M4: AugSynth Centro+Belisario,AugSynth,2024-04-29
2024w19,3.668204510245129,3.50236976255416,0.16583474769096895,TRUE,no2,M4: AugSynth Centro+Belisario,AugSynth,2024-05-06
2024w20,3.570309593633202,3.454563956865433,0.11574563676776917,TRUE,no2,M4: AugSynth Centro+Belisario,AugSynth,2024-05-13
2024w21,3.32833990678795,3.158046030265467,0.17029387652248307,TRUE,no2,M4: AugSynth Centro+Belisario,AugSynth,2024-05-20
2024w22,3.4763001913674545,3.260218845489485,0.21608134587796934,TRUE,no2,M4: AugSynth Centro+Belisario,AugSynth,2024-05-27
2024w23,3.2998604503609767,3.0371394723786986,0.2627209779822781,TRUE,no2,M4: AugSynth Centro+Belisario,AugSynth,2024-06-03
2024w24,3.403898494716646,3.0500046288196274,0.35389386589701877,TRUE,no2,M4: AugSynth Centro+Belisario,AugSynth,2024-06-10
2024w25,3.674895825621753,3.470248181652049,0.2046476439697038,TRUE,no2,M4: AugSynth Centro+Belisario,AugSynth,2024-06-17
2024w26,3.52552083685172,3.328880205327655,0.19664063152406497,TRUE,no2,M4: AugSynth Centro+Belisario,AugSynth,2024-06-24
2024w27,3.386724974043748,3.241709110409229,0.1450158636345189,TRUE,no2,M4: AugSynth Centro+Belisario,AugSynth,2024-07-01
2024w28,3.445426172840083,3.3946214299218633,0.05080474291821968,TRUE,no2,M4: AugSynth Centro+Belisario,AugSynth,2024-07-08
2024w29,3.280326844808281,3.2715659054520074,0.008760939356273756,TRUE,no2,M4: AugSynth Centro+Belisario,AugSynth,2024-07-15
2024w30,3.36537036359966,3.1596743311605286,0.20569603243913148,TRUE,no2,M4: AugSynth Centro+Belisario,AugSynth,2024-07-22
2024w31,3.3894378132363743,3.0380565278101064,0.3513812854262679,TRUE,no2,M4: AugSynth Centro+Belisario,AugSynth,2024-07-29
2024w32,3.6427321379529545,3.453210099782962,0.1895220381699927,TRUE,no2,M4: AugSynth Centro+Belisario,AugSynth,2024-08-05
2024w33,3.350024034200782,3.271972200812445,0.07805183338833688,TRUE,no2,M4: AugSynth Centro+Belisario,AugSynth,2024-08-12
2024w34,3.5096829932168587,3.4049338662041184,0.1047491270127403,TRUE,no2,M4: AugSynth Centro+Belisario,AugSynth,2024-08-19
2024w35,3.3679620250934708,3.200562548723017,0.16739947637045383,TRUE,no2,M4: AugSynth Centro+Belisario,AugSynth,2024-08-26
2024w36,3.52570284456951,3.5374025312289232,-0.011699686659413011,TRUE,no2,M4: AugSynth Centro+Belisario,AugSynth,2024-09-02
2024w37,3.5238462879184365,3.4153249244294384,0.1085213634889981,TRUE,no2,M4: AugSynth Centro+Belisario,AugSynth,2024-09-09
2024w38,3.6158003375896124,3.6132602004464753,0.0025401371431370556,TRUE,no2,M4: AugSynth Centro+Belisario,AugSynth,2024-09-16
2024w39,3.7431804125881856,3.865384216325231,-0.12220380373704565,TRUE,no2,M4: AugSynth Centro+Belisario,AugSynth,2024-09-23
2024w40,4.055378619001789,3.974495171594012,0.08088344740777664,TRUE,no2,M4: AugSynth Centro+Belisario,AugSynth,2024-09-30
2024w41,3.8930635419089454,3.8468838915853056,0.0461796503236398,TRUE,no2,M4: AugSynth Centro+Belisario,AugSynth,2024-10-07
2024w42,3.7648153028231732,3.659907716649264,0.10490758617390927,TRUE,no2,M4: AugSynth Centro+Belisario,AugSynth,2024-10-14
2024w43,3.8459855936979332,3.810568178186566,0.035417415511367345,TRUE,no2,M4: AugSynth Centro+Belisario,AugSynth,2024-10-21
2024w44,3.734731479391055,3.723687044767853,0.011044434623201926,TRUE,no2,M4: AugSynth Centro+Belisario,AugSynth,2024-10-28
2024w45,3.7377336112906336,3.776210436775277,-0.038476825484643484,TRUE,no2,M4: AugSynth Centro+Belisario,AugSynth,2024-11-04
2024w46,3.8518815844770686,3.9110211058870528,-0.05913952140998413,TRUE,no2,M4: AugSynth Centro+Belisario,AugSynth,2024-11-11
2024w47,3.833124267010332,3.689689290873587,0.14343497613674483,TRUE,no2,M4: AugSynth Centro+Belisario,AugSynth,2024-11-18
2024w48,3.818257896060029,3.63609635249321,0.1821615435668189,TRUE,no2,M4: AugSynth Centro+Belisario,AugSynth,2024-11-25
2024w49,3.7985380341175725,3.625475272867858,0.17306276124971465,TRUE,no2,M4: AugSynth Centro+Belisario,AugSynth,2024-12-02
2024w50,3.5698111351063364,3.3630491291592115,0.2067620059471249,TRUE,no2,M4: AugSynth Centro+Belisario,AugSynth,2024-12-09
2024w51,3.5163802792675978,3.414193839301519,0.10218643996607879,TRUE,no2,M4: AugSynth Centro+Belisario,AugSynth,2024-12-16
2024w52,3.514964057858905,3.3589962816912635,0.15596777616764168,TRUE,no2,M4: AugSynth Centro+Belisario,AugSynth,2024-12-23
2025w01,3.225338200464545,2.9572418533873885,0.26809634707715624,TRUE,no2,M4: AugSynth Centro+Belisario,AugSynth,2024-12-30
2025w02,3.584079846534343,3.482500746218125,0.10157910031621808,TRUE,no2,M4: AugSynth Centro+Belisario,AugSynth,2025-01-06
2025w03,3.604608861234345,3.43031298800456,0.1742958732297848,TRUE,no2,M4: AugSynth Centro+Belisario,AugSynth,2025-01-13
2025w04,3.8197592597082943,3.7526834681504986,0.06707579155779575,TRUE,no2,M4: AugSynth Centro+Belisario,AugSynth,2025-01-20
2025w05,3.4133093046654466,3.2161343491239616,0.197174955541485,TRUE,no2,M4: AugSynth Centro+Belisario,AugSynth,2025-01-27
2025w06,3.737261305602946,3.4125789479515443,0.3246823576514015,TRUE,no2,M4: AugSynth Centro+Belisario,AugSynth,2025-02-03
2025w07,3.567166537748834,3.4169806386750454,0.15018589907378876,TRUE,no2,M4: AugSynth Centro+Belisario,AugSynth,2025-02-10
2025w08,3.4566563356821605,3.329251514989173,0.12740482069298764,TRUE,no2,M4: AugSynth Centro+Belisario,AugSynth,2025-02-17
2025w09,3.633444229002942,3.1882494468430425,0.4451947821598994,TRUE,no2,M4: AugSynth Centro+Belisario,AugSynth,2025-02-24
2025w10,3.665417399047019,3.2692996127574876,0.39611778628953154,TRUE,no2,M4: AugSynth Centro+Belisario,AugSynth,2025-03-03
2025w11,3.7664259314694837,3.4282682930131965,0.3381576384562872,TRUE,no2,M4: AugSynth Centro+Belisario,AugSynth,2025-03-10
2025w12,3.665783216258675,3.4191145649459687,0.24666865131270654,TRUE,no2,M4: AugSynth Centro+Belisario,AugSynth,2025-03-17
2025w13,3.648671431744812,3.23559988974919,0.4130715419956221,TRUE,no2,M4: AugSynth Centro+Belisario,AugSynth,2025-03-24
2025w14,3.7656337757290115,3.460605283268056,0.30502849246095565,TRUE,no2,M4: AugSynth Centro+Belisario,AugSynth,2025-03-31
2025w15,3.530837483804586,3.431753896234656,0.0990835875699303,TRUE,no2,M4: AugSynth Centro+Belisario,AugSynth,2025-04-07
2025w16,3.4495293554976447,3.3791485100597227,0.070380845437922,TRUE,no2,M4: AugSynth Centro+Belisario,AugSynth,2025-04-14
2025w17,3.780914624274911,3.780275641099359,6.389831755519992e-4,TRUE,no2,M4: AugSynth Centro+Belisario,AugSynth,2025-04-21
2025w18,3.598899558471915,3.419506106303302,0.1793934521686129,TRUE,no2,M4: AugSynth Centro+Belisario,AugSynth,2025-04-28
2025w19,3.5031718401748604,3.5440647387864246,-0.0408928986115642,TRUE,no2,M4: AugSynth Centro+Belisario,AugSynth,2025-05-05
2025w20,3.4670693828145787,3.244972721516332,0.22209666129824646,TRUE,no2,M4: AugSynth Centro+Belisario,AugSynth,2025-05-12
2025w21,3.4484242102628007,3.3480140498888487,0.100410160373952,TRUE,no2,M4: AugSynth Centro+Belisario,AugSynth,2025-05-19
2025w22,3.302302777510712,3.1634820913259203,0.1388206861847916,TRUE,no2,M4: AugSynth Centro+Belisario,AugSynth,2025-05-26
2025w23,3.3367849601250192,3.2578115858353587,0.07897337428966056,TRUE,no2,M4: AugSynth Centro+Belisario,AugSynth,2025-06-02
2025w24,3.5275824257575925,3.2964752584328827,0.23110716732470982,TRUE,no2,M4: AugSynth Centro+Belisario,AugSynth,2025-06-09
2025w25,2.925092116932062,3.253879273612935,-0.3287871566808729,TRUE,no2,M4: AugSynth Centro+Belisario,AugSynth,2025-06-16
2022w48,3.409110435154017,3.408447501414045,6.629337399717272e-4,FALSE,no2,M5: AugSynth Centro (Bel. dropped),AugSynth,2022-11-28
2022w49,3.8264179118855406,3.730626134859781,0.09579177702575947,FALSE,no2,M5: AugSynth Centro (Bel. dropped),AugSynth,2022-12-05
2022w50,3.525909442501763,3.641148875308054,-0.11523943280629068,FALSE,no2,M5: AugSynth Centro (Bel. dropped),AugSynth,2022-12-12
2022w51,3.6681153647612086,3.487300576388268,0.18081478837294052,FALSE,no2,M5: AugSynth Centro (Bel. dropped),AugSynth,2022-12-19
2022w52,3.74879794432518,3.7198531146104976,0.028944829714682374,FALSE,no2,M5: AugSynth Centro (Bel. dropped),AugSynth,2022-12-26
2023w01,3.7395804898175986,3.7853206291903634,-0.045740139372764776,FALSE,no2,M5: AugSynth Centro (Bel. dropped),AugSynth,2023-01-02
2023w02,3.8134468313995202,3.766777473372847,0.04666935802667327,FALSE,no2,M5: AugSynth Centro (Bel. dropped),AugSynth,2023-01-09
2023w03,3.627766171255473,3.678032271637239,-0.05026610038176571,FALSE,no2,M5: AugSynth Centro (Bel. dropped),AugSynth,2023-01-16
2023w04,3.3842094560406664,3.5248928309695264,-0.14068337492886007,FALSE,no2,M5: AugSynth Centro (Bel. dropped),AugSynth,2023-01-23
2023w05,3.660377093641224,3.6018224348261727,0.0585546588150514,FALSE,no2,M5: AugSynth Centro (Bel. dropped),AugSynth,2023-01-30
2023w06,3.6221438544994173,3.5315483686036124,0.0905954858958049,FALSE,no2,M5: AugSynth Centro (Bel. dropped),AugSynth,2023-02-06
2023w07,3.5605630113984876,3.563553624847485,-0.0029906134489974256,FALSE,no2,M5: AugSynth Centro (Bel. dropped),AugSynth,2023-02-13
2023w08,3.546163151912341,3.599419751826612,-0.0532565999142709,FALSE,no2,M5: AugSynth Centro (Bel. dropped),AugSynth,2023-02-20
2023w09,3.5542522231826434,3.543346655277819,0.010905567904824665,FALSE,no2,M5: AugSynth Centro (Bel. dropped),AugSynth,2023-02-27
2023w10,3.4993016342052035,3.461300893654422,0.0380007405507814,FALSE,no2,M5: AugSynth Centro (Bel. dropped),AugSynth,2023-03-06
2023w11,3.4278501315482126,3.5191606571619034,-0.0913105256136908,FALSE,no2,M5: AugSynth Centro (Bel. dropped),AugSynth,2023-03-13
2023w12,3.6550985848110167,3.6919326353118396,-0.03683405050082289,FALSE,no2,M5: AugSynth Centro (Bel. dropped),AugSynth,2023-03-20
2023w13,3.796649564365561,3.800553016083561,-0.003903451718000106,FALSE,no2,M5: AugSynth Centro (Bel. dropped),AugSynth,2023-03-27
2023w14,3.66505625514066,3.6935477665424776,-0.028491511401817604,FALSE,no2,M5: AugSynth Centro (Bel. dropped),AugSynth,2023-04-03
2023w15,3.5693261023723237,3.5499837935296528,0.019342308842670963,FALSE,no2,M5: AugSynth Centro (Bel. dropped),AugSynth,2023-04-10
2023w16,3.5955664453019454,3.6341039528180192,-0.03853750751607388,FALSE,no2,M5: AugSynth Centro (Bel. dropped),AugSynth,2023-04-17
2023w17,3.672529858236844,3.6598110844422247,0.012718773794619498,FALSE,no2,M5: AugSynth Centro (Bel. dropped),AugSynth,2023-04-24
2023w18,3.0155675800547614,3.157088554141892,-0.14152097408713038,FALSE,no2,M5: AugSynth Centro (Bel. dropped),AugSynth,2023-05-01
2023w19,3.4343097331123578,3.6274373239657454,-0.1931275908533876,FALSE,no2,M5: AugSynth Centro (Bel. dropped),AugSynth,2023-05-08
2023w20,3.602513323453567,3.486931484415816,0.11558183903775099,FALSE,no2,M5: AugSynth Centro (Bel. dropped),AugSynth,2023-05-15
2023w21,3.52979579378716,3.512311120087842,0.017484673699318165,FALSE,no2,M5: AugSynth Centro (Bel. dropped),AugSynth,2023-05-22
2023w22,3.4245557712393904,3.4907444970783894,-0.06618872583899904,FALSE,no2,M5: AugSynth Centro (Bel. dropped),AugSynth,2023-05-29
2023w23,3.478209861804493,3.494790885296023,-0.01658102349153001,FALSE,no2,M5: AugSynth Centro (Bel. dropped),AugSynth,2023-06-05
2023w24,3.461790630437442,3.470429395618642,-0.008638765181200103,FALSE,no2,M5: AugSynth Centro (Bel. dropped),AugSynth,2023-06-12
2023w25,3.4324053087863486,3.290092392035464,0.14231291675088453,FALSE,no2,M5: AugSynth Centro (Bel. dropped),AugSynth,2023-06-19
2023w26,3.447073250485089,3.429953315682454,0.017119934802634962,FALSE,no2,M5: AugSynth Centro (Bel. dropped),AugSynth,2023-06-26
2023w27,3.6499480324451716,3.442290472911748,0.2076575595334238,FALSE,no2,M5: AugSynth Centro (Bel. dropped),AugSynth,2023-07-03
2023w28,3.5974766306405925,3.5430849039268706,0.054391726713721944,FALSE,no2,M5: AugSynth Centro (Bel. dropped),AugSynth,2023-07-10
2023w29,3.2280998193957324,3.383762266193729,-0.1556624467979968,FALSE,no2,M5: AugSynth Centro (Bel. dropped),AugSynth,2023-07-17
2023w30,3.5560430580186044,3.4768438386195704,0.07919921939903407,FALSE,no2,M5: AugSynth Centro (Bel. dropped),AugSynth,2023-07-24
2023w31,3.308253289352691,3.32573679603704,-0.01748350668434906,FALSE,no2,M5: AugSynth Centro (Bel. dropped),AugSynth,2023-07-31
2023w32,3.2970460112367186,3.5287673277221066,-0.23172131648538796,FALSE,no2,M5: AugSynth Centro (Bel. dropped),AugSynth,2023-08-07
2023w33,3.754066202606751,3.3866071324820837,0.36745907012466716,FALSE,no2,M5: AugSynth Centro (Bel. dropped),AugSynth,2023-08-14
2023w34,3.7926462003958044,3.5208970838286393,0.27174911656716505,FALSE,no2,M5: AugSynth Centro (Bel. dropped),AugSynth,2023-08-21
2023w35,3.485548742462061,3.4038992548113995,0.08164948765066127,FALSE,no2,M5: AugSynth Centro (Bel. dropped),AugSynth,2023-08-28
2023w36,3.5062078360556863,3.4956915440613523,0.010516291994334015,FALSE,no2,M5: AugSynth Centro (Bel. dropped),AugSynth,2023-09-04
2023w37,3.447476459182883,3.5616987120810606,-0.11422225289817778,FALSE,no2,M5: AugSynth Centro (Bel. dropped),AugSynth,2023-09-11
2023w38,3.6507145167665214,3.7935164439860833,-0.14280192721956197,FALSE,no2,M5: AugSynth Centro (Bel. dropped),AugSynth,2023-09-18
2023w39,3.943909194290468,3.948236523161668,-0.00432732887120002,FALSE,no2,M5: AugSynth Centro (Bel. dropped),AugSynth,2023-09-25
2023w40,3.9228376491239807,3.956893206296475,-0.03405555717249431,FALSE,no2,M5: AugSynth Centro (Bel. dropped),AugSynth,2023-10-02
2023w41,3.9435410521446914,3.8962354048384853,0.04730564730620612,FALSE,no2,M5: AugSynth Centro (Bel. dropped),AugSynth,2023-10-09
2023w42,3.9355311770077255,3.817470438167889,0.1180607388398367,FALSE,no2,M5: AugSynth Centro (Bel. dropped),AugSynth,2023-10-16
2023w43,3.886964992753961,3.891238251118942,-0.004273258364980936,FALSE,no2,M5: AugSynth Centro (Bel. dropped),AugSynth,2023-10-23
2023w44,3.5929878553183427,3.636216582303235,-0.04322872698489233,FALSE,no2,M5: AugSynth Centro (Bel. dropped),AugSynth,2023-10-30
2023w45,3.6145688973387715,3.57344443998192,0.04112445735685144,FALSE,no2,M5: AugSynth Centro (Bel. dropped),AugSynth,2023-11-06
2023w46,3.7956614589770945,3.567258437726342,0.2284030212507524,FALSE,no2,M5: AugSynth Centro (Bel. dropped),AugSynth,2023-11-13
2023w47,3.7016722759126885,3.7265137668770407,-0.024841490964352175,FALSE,no2,M5: AugSynth Centro (Bel. dropped),AugSynth,2023-11-20
2023w48,3.587206575202634,3.5330622286391193,0.054144346563514745,TRUE,no2,M5: AugSynth Centro (Bel. dropped),AugSynth,2023-11-27
2023w49,3.571408869639598,3.540314133941612,0.031094735697986042,TRUE,no2,M5: AugSynth Centro (Bel. dropped),AugSynth,2023-12-04
2023w50,3.720814072644282,3.5636931993584975,0.1571208732857845,TRUE,no2,M5: AugSynth Centro (Bel. dropped),AugSynth,2023-12-11
2023w51,3.7864597824528,3.6552043904298386,0.13125539202296155,TRUE,no2,M5: AugSynth Centro (Bel. dropped),AugSynth,2023-12-18
2023w52,3.4837497579939734,3.262958686557967,0.22079107143600618,TRUE,no2,M5: AugSynth Centro (Bel. dropped),AugSynth,2023-12-25
2024w01,3.6493847034157967,3.382346549052583,0.26703815436321365,TRUE,no2,M5: AugSynth Centro (Bel. dropped),AugSynth,2024-01-01
2024w02,3.4555487730785863,3.3774412754079197,0.0781074976706666,TRUE,no2,M5: AugSynth Centro (Bel. dropped),AugSynth,2024-01-08
2024w03,3.375617431059383,3.371396260907449,0.004221170151934128,TRUE,no2,M5: AugSynth Centro (Bel. dropped),AugSynth,2024-01-15
2024w04,3.414168448026634,3.3825713125811228,0.03159713544551135,TRUE,no2,M5: AugSynth Centro (Bel. dropped),AugSynth,2024-01-22
2024w05,3.595721955627687,3.530536325153254,0.06518563047443271,TRUE,no2,M5: AugSynth Centro (Bel. dropped),AugSynth,2024-01-29
2024w06,3.6472585294228357,3.615904665093357,0.03135386432947884,TRUE,no2,M5: AugSynth Centro (Bel. dropped),AugSynth,2024-02-05
2024w07,3.099521555470332,3.1549617671196333,-0.05544021164930113,TRUE,no2,M5: AugSynth Centro (Bel. dropped),AugSynth,2024-02-12
2024w08,3.387796883598909,3.4648791685808935,-0.07708228498198455,TRUE,no2,M5: AugSynth Centro (Bel. dropped),AugSynth,2024-02-19
2024w09,3.7833104596790363,3.6827041596359633,0.10060630004307303,TRUE,no2,M5: AugSynth Centro (Bel. dropped),AugSynth,2024-02-26
2024w10,3.6307823645616377,3.5938129491052724,0.03696941545636534,TRUE,no2,M5: AugSynth Centro (Bel. dropped),AugSynth,2024-03-04
2024w11,3.422371616893562,3.432363413091082,-0.009991796197519776,TRUE,no2,M5: AugSynth Centro (Bel. dropped),AugSynth,2024-03-11
2024w12,3.661114209153167,3.52138989542,0.13972431373316718,TRUE,no2,M5: AugSynth Centro (Bel. dropped),AugSynth,2024-03-18
2024w13,3.820616529580485,3.561932270672709,0.25868425890777624,TRUE,no2,M5: AugSynth Centro (Bel. dropped),AugSynth,2024-03-25
2024w14,3.6742563896925087,3.5820608874843476,0.09219550220816108,TRUE,no2,M5: AugSynth Centro (Bel. dropped),AugSynth,2024-04-01
2024w15,3.7130516060849215,3.5848706969056283,0.12818090917929315,TRUE,no2,M5: AugSynth Centro (Bel. dropped),AugSynth,2024-04-08
2024w16,3.7269697208610713,3.7188277580629006,0.008141962798170699,TRUE,no2,M5: AugSynth Centro (Bel. dropped),AugSynth,2024-04-15
2024w17,3.7152211127841883,3.5946163467901266,0.12060476599406167,TRUE,no2,M5: AugSynth Centro (Bel. dropped),AugSynth,2024-04-22
2024w18,3.549109595040774,3.3285590998606276,0.22055049518014647,TRUE,no2,M5: AugSynth Centro (Bel. dropped),AugSynth,2024-04-29
2024w19,3.6990772790903823,3.503536746366765,0.1955405327236175,TRUE,no2,M5: AugSynth Centro (Bel. dropped),AugSynth,2024-05-06
2024w20,3.513765857448189,3.457547457658059,0.056218399790130213,TRUE,no2,M5: AugSynth Centro (Bel. dropped),AugSynth,2024-05-13
2024w21,3.3282682016393976,3.157864429923543,0.17040377171585464,TRUE,no2,M5: AugSynth Centro (Bel. dropped),AugSynth,2024-05-20
2024w22,3.464328663102245,3.25603689250718,0.2082917705950651,TRUE,no2,M5: AugSynth Centro (Bel. dropped),AugSynth,2024-05-27
2024w23,3.220314789062455,3.0365590179418795,0.1837557711205755,TRUE,no2,M5: AugSynth Centro (Bel. dropped),AugSynth,2024-06-03
2024w24,3.311491468577662,3.0547589233885146,0.25673254518914757,TRUE,no2,M5: AugSynth Centro (Bel. dropped),AugSynth,2024-06-10
2024w25,3.649601405983703,3.4716767469252128,0.17792465905849042,TRUE,no2,M5: AugSynth Centro (Bel. dropped),AugSynth,2024-06-17
2024w26,3.4649334976254496,3.3367059267334676,0.128227570891982,TRUE,no2,M5: AugSynth Centro (Bel. dropped),AugSynth,2024-06-24
2024w27,3.3300235622076304,3.2471353631303037,0.0828881990773267,TRUE,no2,M5: AugSynth Centro (Bel. dropped),AugSynth,2024-07-01
2024w28,3.427233265101877,3.3889677163205016,0.03826554878137545,TRUE,no2,M5: AugSynth Centro (Bel. dropped),AugSynth,2024-07-08
2024w29,3.22602355222652,3.2599961613402044,-0.03397260911368427,TRUE,no2,M5: AugSynth Centro (Bel. dropped),AugSynth,2024-07-15
2024w30,3.3375710369577267,3.1433519864072372,0.1942190505504895,TRUE,no2,M5: AugSynth Centro (Bel. dropped),AugSynth,2024-07-22
2024w31,3.36814604316544,3.0158660248453053,0.35228001832013467,TRUE,no2,M5: AugSynth Centro (Bel. dropped),AugSynth,2024-07-29
2024w32,3.6378843608740388,3.452381525001313,0.18550283587272576,TRUE,no2,M5: AugSynth Centro (Bel. dropped),AugSynth,2024-08-05
2024w33,3.3355607763693125,3.2565199862722007,0.07904079009711173,TRUE,no2,M5: AugSynth Centro (Bel. dropped),AugSynth,2024-08-12
2024w34,3.4586798170755175,3.39359316442111,0.06508665265440738,TRUE,no2,M5: AugSynth Centro (Bel. dropped),AugSynth,2024-08-19
2024w35,3.3527888113431947,3.177512327499548,0.1752764838436467,TRUE,no2,M5: AugSynth Centro (Bel. dropped),AugSynth,2024-08-26
2024w36,3.4335032164140706,3.526405810203529,-0.09290259378945853,TRUE,no2,M5: AugSynth Centro (Bel. dropped),AugSynth,2024-09-02
2024w37,3.445724503712233,3.393327926722425,0.05239657698980826,TRUE,no2,M5: AugSynth Centro (Bel. dropped),AugSynth,2024-09-09
2024w38,3.590669239938634,3.60275828159413,-0.012089041655495958,TRUE,no2,M5: AugSynth Centro (Bel. dropped),AugSynth,2024-09-16
2024w39,3.669858021605637,3.8602393029395765,-0.1903812813339396,TRUE,no2,M5: AugSynth Centro (Bel. dropped),AugSynth,2024-09-23
2024w40,4.026684135968928,3.9800461746581863,0.046637961310741716,TRUE,no2,M5: AugSynth Centro (Bel. dropped),AugSynth,2024-09-30
2024w41,3.851749155417421,3.8550805024020107,-0.0033313469845897004,TRUE,no2,M5: AugSynth Centro (Bel. dropped),AugSynth,2024-10-07
2024w42,3.6861005966635005,3.653189589771005,0.032911006892495376,TRUE,no2,M5: AugSynth Centro (Bel. dropped),AugSynth,2024-10-14
2024w43,3.7488371869426675,3.815084079783853,-0.06624689284118546,TRUE,no2,M5: AugSynth Centro (Bel. dropped),AugSynth,2024-10-21
2024w44,3.6789132898020864,3.716877083087922,-0.037963793285835656,TRUE,no2,M5: AugSynth Centro (Bel. dropped),AugSynth,2024-10-28
2024w45,3.721217562025881,3.7827652304578017,-0.0615476684319205,TRUE,no2,M5: AugSynth Centro (Bel. dropped),AugSynth,2024-11-04
2024w46,3.867924816706348,3.9147308119262063,-0.04680599521985851,TRUE,no2,M5: AugSynth Centro (Bel. dropped),AugSynth,2024-11-11
2024w47,3.74882149008047,3.6911382800899446,0.05768320999052534,TRUE,no2,M5: AugSynth Centro (Bel. dropped),AugSynth,2024-11-18
2024w48,3.7239489346062706,3.630824721677056,0.09312421292921469,TRUE,no2,M5: AugSynth Centro (Bel. dropped),AugSynth,2024-11-25
2024w49,3.7909470540709695,3.635216758328323,0.15573029574264652,TRUE,no2,M5: AugSynth Centro (Bel. dropped),AugSynth,2024-12-02
2024w50,3.534124425037787,3.366408467346552,0.16771595769123504,TRUE,no2,M5: AugSynth Centro (Bel. dropped),AugSynth,2024-12-09
2024w51,3.4364679957440747,3.412121151155849,0.024346844588225558,TRUE,no2,M5: AugSynth Centro (Bel. dropped),AugSynth,2024-12-16
2024w52,3.4961539636045886,3.3643190622539625,0.13183490135062614,TRUE,no2,M5: AugSynth Centro (Bel. dropped),AugSynth,2024-12-23
2025w01,3.2135416232774987,2.9632814452932323,0.25026017798426636,TRUE,no2,M5: AugSynth Centro (Bel. dropped),AugSynth,2024-12-30
2025w02,3.5077671658599665,3.485721874849845,0.022045291010121648,TRUE,no2,M5: AugSynth Centro (Bel. dropped),AugSynth,2025-01-06
2025w03,3.5430441058903916,3.434842076544944,0.10820202934544776,TRUE,no2,M5: AugSynth Centro (Bel. dropped),AugSynth,2025-01-13
2025w04,3.7929090845367672,3.7516017828929438,0.04130730164382346,TRUE,no2,M5: AugSynth Centro (Bel. dropped),AugSynth,2025-01-20
2025w05,3.4143439193320426,3.213835711734138,0.20050820759790478,TRUE,no2,M5: AugSynth Centro (Bel. dropped),AugSynth,2025-01-27
2025w06,3.7428071919726427,3.4162000811472386,0.32660711082540406,TRUE,no2,M5: AugSynth Centro (Bel. dropped),AugSynth,2025-02-03
2025w07,3.5582771009952934,3.4189664820625887,0.1393106189327047,TRUE,no2,M5: AugSynth Centro (Bel. dropped),AugSynth,2025-02-10
2025w08,3.461665128429245,3.339375055173559,0.12229007325568597,TRUE,no2,M5: AugSynth Centro (Bel. dropped),AugSynth,2025-02-17
2025w09,3.6353380205190176,3.1974996626167767,0.4378383579022409,TRUE,no2,M5: AugSynth Centro (Bel. dropped),AugSynth,2025-02-24
2025w10,3.6387521463663552,3.282620129465015,0.35613201690134044,TRUE,no2,M5: AugSynth Centro (Bel. dropped),AugSynth,2025-03-03
2025w11,3.7232824911359303,3.445861983269739,0.27742050786619155,TRUE,no2,M5: AugSynth Centro (Bel. dropped),AugSynth,2025-03-10
2025w12,3.6073439661314177,3.4225397645794207,0.18480420155199706,TRUE,no2,M5: AugSynth Centro (Bel. dropped),AugSynth,2025-03-17
2025w13,3.6083217527427958,3.2201648742128612,0.3881568785299345,TRUE,no2,M5: AugSynth Centro (Bel. dropped),AugSynth,2025-03-24
2025w14,3.7059577856486876,3.4607902256785033,0.24516755997018436,TRUE,no2,M5: AugSynth Centro (Bel. dropped),AugSynth,2025-03-31
2025w15,3.4742516242346366,3.414915279647101,0.05933634458753545,TRUE,no2,M5: AugSynth Centro (Bel. dropped),AugSynth,2025-04-07
2025w16,3.3728550614284734,3.390902415933196,-0.018047354504722612,TRUE,no2,M5: AugSynth Centro (Bel. dropped),AugSynth,2025-04-14
2025w17,3.7073576753597095,3.799081684577891,-0.09172400921818147,TRUE,no2,M5: AugSynth Centro (Bel. dropped),AugSynth,2025-04-21
2025w18,3.5193151760953816,3.4250202403034393,0.09429493579194226,TRUE,no2,M5: AugSynth Centro (Bel. dropped),AugSynth,2025-04-28
2025w19,3.440460828945056,3.547093764715948,-0.10663293577089217,TRUE,no2,M5: AugSynth Centro (Bel. dropped),AugSynth,2025-05-05
2025w20,3.4009973616594884,3.247245336924397,0.1537520247350912,TRUE,no2,M5: AugSynth Centro (Bel. dropped),AugSynth,2025-05-12
2025w21,3.3433210631314663,3.340483434616657,0.002837628514809065,TRUE,no2,M5: AugSynth Centro (Bel. dropped),AugSynth,2025-05-19
2025w22,3.2333177037654117,3.1620008520491947,0.07131685171621704,TRUE,no2,M5: AugSynth Centro (Bel. dropped),AugSynth,2025-05-26
2025w23,3.2719615119597902,3.2560255337769397,0.01593597818285053,TRUE,no2,M5: AugSynth Centro (Bel. dropped),AugSynth,2025-06-02
2025w24,3.4336323028053175,3.301385299010637,0.13224700379468057,TRUE,no2,M5: AugSynth Centro (Bel. dropped),AugSynth,2025-06-09
2025w25,2.4949028175077683,3.247657735950054,-0.7527549184422857,TRUE,no2,M5: AugSynth Centro (Bel. dropped),AugSynth,2025-06-16
2022w48,3.409110435154017,3.4591036764755687,-0.04999324132155181,FALSE,no2,M5b: AugSynth Centro (Bel. in pool),AugSynth,2022-11-28
2022w49,3.8264179118855406,3.6196994623082555,0.20671844957728513,FALSE,no2,M5b: AugSynth Centro (Bel. in pool),AugSynth,2022-12-05
2022w50,3.525909442501763,3.5981960810687954,-0.07228663856703221,FALSE,no2,M5b: AugSynth Centro (Bel. in pool),AugSynth,2022-12-12
2022w51,3.6681153647612086,3.5864091576695807,0.0817062070916279,FALSE,no2,M5b: AugSynth Centro (Bel. in pool),AugSynth,2022-12-19
2022w52,3.74879794432518,3.594164840696506,0.1546331036286741,FALSE,no2,M5b: AugSynth Centro (Bel. in pool),AugSynth,2022-12-26
2023w01,3.7395804898175986,3.6286031393280544,0.11097735048954416,FALSE,no2,M5b: AugSynth Centro (Bel. in pool),AugSynth,2023-01-02
2023w02,3.8134468313995202,3.7445301535064583,0.06891667789306188,FALSE,no2,M5b: AugSynth Centro (Bel. in pool),AugSynth,2023-01-09
2023w03,3.627766171255473,3.647528077795693,-0.019761906540219698,FALSE,no2,M5b: AugSynth Centro (Bel. in pool),AugSynth,2023-01-16
2023w04,3.3842094560406664,3.4361917147732672,-0.05198225873260087,FALSE,no2,M5b: AugSynth Centro (Bel. in pool),AugSynth,2023-01-23
2023w05,3.660377093641224,3.6516245913888423,0.008752502252381777,FALSE,no2,M5b: AugSynth Centro (Bel. in pool),AugSynth,2023-01-30
2023w06,3.6221438544994173,3.4684557271064866,0.1536881273929307,FALSE,no2,M5b: AugSynth Centro (Bel. in pool),AugSynth,2023-02-06
2023w07,3.5605630113984876,3.565834381302747,-0.005271369904259249,FALSE,no2,M5b: AugSynth Centro (Bel. in pool),AugSynth,2023-02-13
2023w08,3.546163151912341,3.5345241281295143,0.011639023782826552,FALSE,no2,M5b: AugSynth Centro (Bel. in pool),AugSynth,2023-02-20
2023w09,3.5542522231826434,3.579130986022896,-0.024878762840252477,FALSE,no2,M5b: AugSynth Centro (Bel. in pool),AugSynth,2023-02-27
2023w10,3.4993016342052035,3.5059749145748125,-0.006673280369609014,FALSE,no2,M5b: AugSynth Centro (Bel. in pool),AugSynth,2023-03-06
2023w11,3.4278501315482126,3.449075384282083,-0.021225252733870548,FALSE,no2,M5b: AugSynth Centro (Bel. in pool),AugSynth,2023-03-13
2023w12,3.6550985848110167,3.692264787645278,-0.03716620283426142,FALSE,no2,M5b: AugSynth Centro (Bel. in pool),AugSynth,2023-03-20
2023w13,3.796649564365561,3.792164456863255,0.004485107502306018,FALSE,no2,M5b: AugSynth Centro (Bel. in pool),AugSynth,2023-03-27
2023w14,3.66505625514066,3.659337728900167,0.005718526240492849,FALSE,no2,M5b: AugSynth Centro (Bel. in pool),AugSynth,2023-04-03
2023w15,3.5693261023723237,3.5652178874168703,0.0041082149554534375,FALSE,no2,M5b: AugSynth Centro (Bel. in pool),AugSynth,2023-04-10
2023w16,3.5955664453019454,3.7228369019006298,-0.1272704565986844,FALSE,no2,M5b: AugSynth Centro (Bel. in pool),AugSynth,2023-04-17
2023w17,3.672529858236844,3.687482671008062,-0.01495281277121796,FALSE,no2,M5b: AugSynth Centro (Bel. in pool),AugSynth,2023-04-24
2023w18,3.0155675800547614,3.125867347273784,-0.11029976721902246,FALSE,no2,M5b: AugSynth Centro (Bel. in pool),AugSynth,2023-05-01
2023w19,3.4343097331123578,3.5206388114876956,-0.08632907837533788,FALSE,no2,M5b: AugSynth Centro (Bel. in pool),AugSynth,2023-05-08
2023w20,3.602513323453567,3.5509871206994847,0.05152620275408237,FALSE,no2,M5b: AugSynth Centro (Bel. in pool),AugSynth,2023-05-15
2023w21,3.52979579378716,3.5355193904126496,-0.005723596625489602,FALSE,no2,M5b: AugSynth Centro (Bel. in pool),AugSynth,2023-05-22
2023w22,3.4245557712393904,3.3948302918700843,0.02972547936930603,FALSE,no2,M5b: AugSynth Centro (Bel. in pool),AugSynth,2023-05-29
2023w23,3.478209861804493,3.4098130514387903,0.06839681036570289,FALSE,no2,M5b: AugSynth Centro (Bel. in pool),AugSynth,2023-06-05
2023w24,3.461790630437442,3.309689028021441,0.15210160241600112,FALSE,no2,M5b: AugSynth Centro (Bel. in pool),AugSynth,2023-06-12
2023w25,3.4324053087863486,3.2340506515138787,0.19835465727246993,FALSE,no2,M5b: AugSynth Centro (Bel. in pool),AugSynth,2023-06-19
2023w26,3.447073250485089,3.3203037874216657,0.12676946306342352,FALSE,no2,M5b: AugSynth Centro (Bel. in pool),AugSynth,2023-06-26
2023w27,3.6499480324451716,3.4101018284377473,0.2398462040074243,FALSE,no2,M5b: AugSynth Centro (Bel. in pool),AugSynth,2023-07-03
2023w28,3.5974766306405925,3.5123060042435417,0.08517062639705086,FALSE,no2,M5b: AugSynth Centro (Bel. in pool),AugSynth,2023-07-10
2023w29,3.2280998193957324,3.2973913075532213,-0.06929148815748887,FALSE,no2,M5b: AugSynth Centro (Bel. in pool),AugSynth,2023-07-17
2023w30,3.5560430580186044,3.4980981814531193,0.05794487656548508,FALSE,no2,M5b: AugSynth Centro (Bel. in pool),AugSynth,2023-07-24
2023w31,3.308253289352691,3.3872512097041354,-0.0789979203514446,FALSE,no2,M5b: AugSynth Centro (Bel. in pool),AugSynth,2023-07-31
2023w32,3.2970460112367186,3.4448308208701723,-0.14778480963345375,FALSE,no2,M5b: AugSynth Centro (Bel. in pool),AugSynth,2023-08-07
2023w33,3.754066202606751,3.6628240923576976,0.09124211024905327,FALSE,no2,M5b: AugSynth Centro (Bel. in pool),AugSynth,2023-08-14
2023w34,3.7926462003958044,3.708954716486781,0.08369148390902348,FALSE,no2,M5b: AugSynth Centro (Bel. in pool),AugSynth,2023-08-21
2023w35,3.485548742462061,3.5713830562799522,-0.08583431381789142,FALSE,no2,M5b: AugSynth Centro (Bel. in pool),AugSynth,2023-08-28
2023w36,3.5062078360556863,3.6285154818883876,-0.12230764583270126,FALSE,no2,M5b: AugSynth Centro (Bel. in pool),AugSynth,2023-09-04
2023w37,3.447476459182883,3.5915108064406507,-0.14403434725776787,FALSE,no2,M5b: AugSynth Centro (Bel. in pool),AugSynth,2023-09-11
2023w38,3.6507145167665214,3.70698821876815,-0.056273702001628845,FALSE,no2,M5b: AugSynth Centro (Bel. in pool),AugSynth,2023-09-18
2023w39,3.943909194290468,4.050519489004588,-0.10661029471412053,FALSE,no2,M5b: AugSynth Centro (Bel. in pool),AugSynth,2023-09-25
2023w40,3.9228376491239807,3.9664061990311774,-0.04356854990719672,FALSE,no2,M5b: AugSynth Centro (Bel. in pool),AugSynth,2023-10-02
2023w41,3.9435410521446914,3.9254373797704125,0.0181036723742789,FALSE,no2,M5b: AugSynth Centro (Bel. in pool),AugSynth,2023-10-09
2023w42,3.9355311770077255,3.812274839575946,0.12325633743177944,FALSE,no2,M5b: AugSynth Centro (Bel. in pool),AugSynth,2023-10-16
2023w43,3.886964992753961,3.931289699457223,-0.04432470670326172,FALSE,no2,M5b: AugSynth Centro (Bel. in pool),AugSynth,2023-10-23
2023w44,3.5929878553183427,3.6385239538014926,-0.04553609848314988,FALSE,no2,M5b: AugSynth Centro (Bel. in pool),AugSynth,2023-10-30
2023w45,3.6145688973387715,3.6087130697664875,0.005855827572283978,FALSE,no2,M5b: AugSynth Centro (Bel. in pool),AugSynth,2023-11-06
2023w46,3.7956614589770945,3.7382190821846564,0.05744237679243813,FALSE,no2,M5b: AugSynth Centro (Bel. in pool),AugSynth,2023-11-13
2023w47,3.7016722759126885,3.8954566186903876,-0.19378434277769907,FALSE,no2,M5b: AugSynth Centro (Bel. in pool),AugSynth,2023-11-20
2023w48,3.587206575202634,3.6039427557919073,-0.016736180589273175,TRUE,no2,M5b: AugSynth Centro (Bel. in pool),AugSynth,2023-11-27
2023w49,3.571408869639598,3.7157867872229744,-0.14437791758337637,TRUE,no2,M5b: AugSynth Centro (Bel. in pool),AugSynth,2023-12-04
2023w50,3.720814072644282,3.6013335024574364,0.11948057018684555,TRUE,no2,M5b: AugSynth Centro (Bel. in pool),AugSynth,2023-12-11
2023w51,3.7864597824528,3.716350692113699,0.07010909033910107,TRUE,no2,M5b: AugSynth Centro (Bel. in pool),AugSynth,2023-12-18
2023w52,3.4837497579939734,3.447043693346456,0.036706064647517245,TRUE,no2,M5b: AugSynth Centro (Bel. in pool),AugSynth,2023-12-25
2024w01,3.6493847034157967,3.6217756653612696,0.02760903805452708,TRUE,no2,M5b: AugSynth Centro (Bel. in pool),AugSynth,2024-01-01
2024w02,3.4555487730785863,3.484094719652532,-0.028545946573945713,TRUE,no2,M5b: AugSynth Centro (Bel. in pool),AugSynth,2024-01-08
2024w03,3.375617431059383,3.384444274843097,-0.008826843783714011,TRUE,no2,M5b: AugSynth Centro (Bel. in pool),AugSynth,2024-01-15
2024w04,3.414168448026634,3.4919551613202984,-0.07778671329366427,TRUE,no2,M5b: AugSynth Centro (Bel. in pool),AugSynth,2024-01-22
2024w05,3.595721955627687,3.7029832629827304,-0.10726130735504347,TRUE,no2,M5b: AugSynth Centro (Bel. in pool),AugSynth,2024-01-29
2024w06,3.6472585294228357,3.70480165526468,-0.0575431258418444,TRUE,no2,M5b: AugSynth Centro (Bel. in pool),AugSynth,2024-02-05
2024w07,3.099521555470332,3.279827025488181,-0.1803054700178488,TRUE,no2,M5b: AugSynth Centro (Bel. in pool),AugSynth,2024-02-12
2024w08,3.387796883598909,3.573564211266318,-0.185767327667409,TRUE,no2,M5b: AugSynth Centro (Bel. in pool),AugSynth,2024-02-19
2024w09,3.7833104596790363,3.8330850243221257,-0.04977456464308938,TRUE,no2,M5b: AugSynth Centro (Bel. in pool),AugSynth,2024-02-26
2024w10,3.6307823645616377,3.6714573772020023,-0.04067501264036455,TRUE,no2,M5b: AugSynth Centro (Bel. in pool),AugSynth,2024-03-04
2024w11,3.422371616893562,3.578426517770694,-0.15605490087713214,TRUE,no2,M5b: AugSynth Centro (Bel. in pool),AugSynth,2024-03-11
2024w12,3.661114209153167,3.7032954858594325,-0.04218127670626526,TRUE,no2,M5b: AugSynth Centro (Bel. in pool),AugSynth,2024-03-18
2024w13,3.820616529580485,3.8135922737121297,0.007024255868355311,TRUE,no2,M5b: AugSynth Centro (Bel. in pool),AugSynth,2024-03-25
2024w14,3.6742563896925087,3.7872730268585886,-0.1130166371660799,TRUE,no2,M5b: AugSynth Centro (Bel. in pool),AugSynth,2024-04-01
2024w15,3.7130516060849215,3.66595132461424,0.04710028147068135,TRUE,no2,M5b: AugSynth Centro (Bel. in pool),AugSynth,2024-04-08
2024w16,3.7269697208610713,3.829723047201327,-0.10275332634025558,TRUE,no2,M5b: AugSynth Centro (Bel. in pool),AugSynth,2024-04-15
2024w17,3.7152211127841883,3.8284079114245615,-0.11318679864037318,TRUE,no2,M5b: AugSynth Centro (Bel. in pool),AugSynth,2024-04-22
2024w18,3.549109595040774,3.551300635795795,-0.0021910407550209676,TRUE,no2,M5b: AugSynth Centro (Bel. in pool),AugSynth,2024-04-29
2024w19,3.6990772790903823,3.623445193627203,0.07563208546317934,TRUE,no2,M5b: AugSynth Centro (Bel. in pool),AugSynth,2024-05-06
2024w20,3.513765857448189,3.603448356879409,-0.08968249943121975,TRUE,no2,M5b: AugSynth Centro (Bel. in pool),AugSynth,2024-05-13
2024w21,3.3282682016393976,3.305424042213996,0.02284415942540141,TRUE,no2,M5b: AugSynth Centro (Bel. in pool),AugSynth,2024-05-20
2024w22,3.464328663102245,3.4487076988740557,0.015620964228189482,TRUE,no2,M5b: AugSynth Centro (Bel. in pool),AugSynth,2024-05-27
2024w23,3.220314789062455,3.331831107638316,-0.11151631857586075,TRUE,no2,M5b: AugSynth Centro (Bel. in pool),AugSynth,2024-06-03
2024w24,3.311491468577662,3.4289194671240413,-0.11742799854637909,TRUE,no2,M5b: AugSynth Centro (Bel. in pool),AugSynth,2024-06-10
2024w25,3.649601405983703,3.6686445722187875,-0.019043166235084286,TRUE,no2,M5b: AugSynth Centro (Bel. in pool),AugSynth,2024-06-17
2024w26,3.4649334976254496,3.5498827216703357,-0.08494922404488614,TRUE,no2,M5b: AugSynth Centro (Bel. in pool),AugSynth,2024-06-24
2024w27,3.3300235622076304,3.4196284601744464,-0.08960489796681603,TRUE,no2,M5b: AugSynth Centro (Bel. in pool),AugSynth,2024-07-01
2024w28,3.427233265101877,3.454573443206937,-0.02734017810505973,TRUE,no2,M5b: AugSynth Centro (Bel. in pool),AugSynth,2024-07-08
2024w29,3.22602355222652,3.3333767828780614,-0.10735323065154123,TRUE,no2,M5b: AugSynth Centro (Bel. in pool),AugSynth,2024-07-15
2024w30,3.3375710369577267,3.3444688207360573,-0.006897783778330613,TRUE,no2,M5b: AugSynth Centro (Bel. in pool),AugSynth,2024-07-22
2024w31,3.36814604316544,3.3348864056495864,0.03325963751585359,TRUE,no2,M5b: AugSynth Centro (Bel. in pool),AugSynth,2024-07-29
2024w32,3.6378843608740388,3.6136252955082515,0.024259065365787258,TRUE,no2,M5b: AugSynth Centro (Bel. in pool),AugSynth,2024-08-05
2024w33,3.3355607763693125,3.3440966776266277,-0.008535901257315182,TRUE,no2,M5b: AugSynth Centro (Bel. in pool),AugSynth,2024-08-12
2024w34,3.4586798170755175,3.535237184062193,-0.07655736698667548,TRUE,no2,M5b: AugSynth Centro (Bel. in pool),AugSynth,2024-08-19
2024w35,3.3527888113431947,3.3447990847701004,0.00798972657309438,TRUE,no2,M5b: AugSynth Centro (Bel. in pool),AugSynth,2024-08-26
2024w36,3.4335032164140706,3.6071015349863096,-0.17359831857223895,TRUE,no2,M5b: AugSynth Centro (Bel. in pool),AugSynth,2024-09-02
2024w37,3.445724503712233,3.559293855517182,-0.11356935180494876,TRUE,no2,M5b: AugSynth Centro (Bel. in pool),AugSynth,2024-09-09
2024w38,3.590669239938634,3.6357367711700834,-0.045067531231449465,TRUE,no2,M5b: AugSynth Centro (Bel. in pool),AugSynth,2024-09-16
2024w39,3.669858021605637,3.835490282381849,-0.16563226077621218,TRUE,no2,M5b: AugSynth Centro (Bel. in pool),AugSynth,2024-09-23
2024w40,4.026684135968928,4.073559400893851,-0.04687526492492289,TRUE,no2,M5b: AugSynth Centro (Bel. in pool),AugSynth,2024-09-30
2024w41,3.851749155417421,3.927671470942658,-0.07592231552523687,TRUE,no2,M5b: AugSynth Centro (Bel. in pool),AugSynth,2024-10-07
2024w42,3.6861005966635005,3.81313819926472,-0.12703760260121966,TRUE,no2,M5b: AugSynth Centro (Bel. in pool),AugSynth,2024-10-14
2024w43,3.7488371869426675,3.936171086811399,-0.18733389986873128,TRUE,no2,M5b: AugSynth Centro (Bel. in pool),AugSynth,2024-10-21
2024w44,3.6789132898020864,3.7928394220923316,-0.11392613229024517,TRUE,no2,M5b: AugSynth Centro (Bel. in pool),AugSynth,2024-10-28
2024w45,3.721217562025881,3.777554170377879,-0.05633660835199805,TRUE,no2,M5b: AugSynth Centro (Bel. in pool),AugSynth,2024-11-04
2024w46,3.867924816706348,3.868549729978044,-6.249132716962258e-4,TRUE,no2,M5b: AugSynth Centro (Bel. in pool),AugSynth,2024-11-11
2024w47,3.74882149008047,3.886719724313953,-0.13789823423348313,TRUE,no2,M5b: AugSynth Centro (Bel. in pool),AugSynth,2024-11-18
2024w48,3.7239489346062706,3.8750523390097205,-0.15110340440344983,TRUE,no2,M5b: AugSynth Centro (Bel. in pool),AugSynth,2024-11-25
2024w49,3.7909470540709695,3.7831512348029066,0.007795819268062942,TRUE,no2,M5b: AugSynth Centro (Bel. in pool),AugSynth,2024-12-02
2024w50,3.534124425037787,3.570681274332157,-0.036556849294369975,TRUE,no2,M5b: AugSynth Centro (Bel. in pool),AugSynth,2024-12-09
2024w51,3.4364679957440747,3.568192366801793,-0.1317243710577185,TRUE,no2,M5b: AugSynth Centro (Bel. in pool),AugSynth,2024-12-16
2024w52,3.4961539636045886,3.5087353690506444,-0.012581405446055793,TRUE,no2,M5b: AugSynth Centro (Bel. in pool),AugSynth,2024-12-23
2025w01,3.2135416232774987,3.2110868396008585,0.0024547836766402042,TRUE,no2,M5b: AugSynth Centro (Bel. in pool),AugSynth,2024-12-30
2025w02,3.5077671658599665,3.648002004679832,-0.14023483881986554,TRUE,no2,M5b: AugSynth Centro (Bel. in pool),AugSynth,2025-01-06
2025w03,3.5430441058903916,3.635388112326051,-0.09234400643565932,TRUE,no2,M5b: AugSynth Centro (Bel. in pool),AugSynth,2025-01-13
2025w04,3.7929090845367672,3.8483558606466217,-0.05544677610985449,TRUE,no2,M5b: AugSynth Centro (Bel. in pool),AugSynth,2025-01-20
2025w05,3.4143439193320426,3.3836460330955447,0.03069788623649794,TRUE,no2,M5b: AugSynth Centro (Bel. in pool),AugSynth,2025-01-27
2025w06,3.7428071919726427,3.6865430438351567,0.056264148137485925,TRUE,no2,M5b: AugSynth Centro (Bel. in pool),AugSynth,2025-02-03
2025w07,3.5582771009952934,3.5731273521405154,-0.014850251145221982,TRUE,no2,M5b: AugSynth Centro (Bel. in pool),AugSynth,2025-02-10
2025w08,3.461665128429245,3.462398682056034,-7.33553626789174e-4,TRUE,no2,M5b: AugSynth Centro (Bel. in pool),AugSynth,2025-02-17
2025w09,3.6353380205190176,3.5997146479045816,0.03562337261443593,TRUE,no2,M5b: AugSynth Centro (Bel. in pool),AugSynth,2025-02-24
2025w10,3.6387521463663552,3.670369831437342,-0.031617685070986834,TRUE,no2,M5b: AugSynth Centro (Bel. in pool),AugSynth,2025-03-03
2025w11,3.7232824911359303,3.8023825455288764,-0.0791000543929461,TRUE,no2,M5b: AugSynth Centro (Bel. in pool),AugSynth,2025-03-10
2025w12,3.6073439661314177,3.727111694443395,-0.11976772831197735,TRUE,no2,M5b: AugSynth Centro (Bel. in pool),AugSynth,2025-03-17
2025w13,3.6083217527427958,3.6512731625863037,-0.04295140984350798,TRUE,no2,M5b: AugSynth Centro (Bel. in pool),AugSynth,2025-03-24
2025w14,3.7059577856486876,3.8112224037023736,-0.10526461805368603,TRUE,no2,M5b: AugSynth Centro (Bel. in pool),AugSynth,2025-03-31
2025w15,3.4742516242346366,3.587411148712815,-0.11315952447817823,TRUE,no2,M5b: AugSynth Centro (Bel. in pool),AugSynth,2025-04-07
2025w16,3.3728550614284734,3.504046686646486,-0.13119162521801275,TRUE,no2,M5b: AugSynth Centro (Bel. in pool),AugSynth,2025-04-14
2025w17,3.7073576753597095,3.857682368242713,-0.15032469288300332,TRUE,no2,M5b: AugSynth Centro (Bel. in pool),AugSynth,2025-04-21
2025w18,3.5193151760953816,3.6473210864055026,-0.12800591031012098,TRUE,no2,M5b: AugSynth Centro (Bel. in pool),AugSynth,2025-04-28
2025w19,3.440460828945056,3.5794659480970563,-0.1390051191520003,TRUE,no2,M5b: AugSynth Centro (Bel. in pool),AugSynth,2025-05-05
2025w20,3.4009973616594884,3.4928570950362294,-0.09185973337674103,TRUE,no2,M5b: AugSynth Centro (Bel. in pool),AugSynth,2025-05-12
2025w21,3.3433210631314663,3.525023896508519,-0.18170283337705273,TRUE,no2,M5b: AugSynth Centro (Bel. in pool),AugSynth,2025-05-19
2025w22,3.2333177037654117,3.345078096683687,-0.11176039291827511,TRUE,no2,M5b: AugSynth Centro (Bel. in pool),AugSynth,2025-05-26
2025w23,3.2719615119597902,3.3902898408636104,-0.11832832890382017,TRUE,no2,M5b: AugSynth Centro (Bel. in pool),AugSynth,2025-06-02
2025w24,3.4336323028053175,3.5817372836781916,-0.14810498087287405,TRUE,no2,M5b: AugSynth Centro (Bel. in pool),AugSynth,2025-06-09
2025w25,2.4949028175077683,3.345308748117515,-0.8504059306097469,TRUE,no2,M5b: AugSynth Centro (Bel. in pool),AugSynth,2025-06-16
2022w48,3.448902301081816,3.38240153168828,0.066500769393536,FALSE,no2,M6: AugSynth Belisario (Centro dropped),AugSynth,2022-11-28
2022w49,3.577621955750986,3.6961567510621034,-0.11853479531111732,FALSE,no2,M6: AugSynth Belisario (Centro dropped),AugSynth,2022-12-05
2022w50,3.563476838044088,3.6346390288322596,-0.07116219078817165,FALSE,no2,M6: AugSynth Belisario (Centro dropped),AugSynth,2022-12-12
2022w51,3.588617032175542,3.5192295007096086,0.06938753146593335,FALSE,no2,M6: AugSynth Belisario (Centro dropped),AugSynth,2022-12-19
2022w52,3.5526491847004125,3.6597900623611848,-0.1071408776607723,FALSE,no2,M6: AugSynth Belisario (Centro dropped),AugSynth,2022-12-26
2023w01,3.575328077346364,3.7296604996331086,-0.15433242228674482,FALSE,no2,M6: AugSynth Belisario (Centro dropped),AugSynth,2023-01-02
2023w02,3.7219918055641386,3.7745314300994233,-0.05253962453528471,FALSE,no2,M6: AugSynth Belisario (Centro dropped),AugSynth,2023-01-09
2023w03,3.6294124952803886,3.629118695875135,2.9379940525364745e-4,FALSE,no2,M6: AugSynth Belisario (Centro dropped),AugSynth,2023-01-16
2023w04,3.400597201590123,3.497787188182976,-0.09718998659285294,FALSE,no2,M6: AugSynth Belisario (Centro dropped),AugSynth,2023-01-23
2023w05,3.6587981820754814,3.5529627187050057,0.10583546337047567,FALSE,no2,M6: AugSynth Belisario (Centro dropped),AugSynth,2023-01-30
2023w06,3.4528538045550135,3.4753968283740972,-0.022543023819083796,FALSE,no2,M6: AugSynth Belisario (Centro dropped),AugSynth,2023-02-06
2023w07,3.556918256658931,3.4561019639606365,0.10081629269829451,FALSE,no2,M6: AugSynth Belisario (Centro dropped),AugSynth,2023-02-13
2023w08,3.508935069605733,3.483927841155596,0.02500722845013703,FALSE,no2,M6: AugSynth Belisario (Centro dropped),AugSynth,2023-02-20
2023w09,3.582059540719759,3.4779163741970414,0.10414316652271749,FALSE,no2,M6: AugSynth Belisario (Centro dropped),AugSynth,2023-02-27
2023w10,3.496547964690663,3.4238549877767093,0.07269297691395371,FALSE,no2,M6: AugSynth Belisario (Centro dropped),AugSynth,2023-03-06
2023w11,3.4054262053477413,3.4862684660456997,-0.08084226069795841,FALSE,no2,M6: AugSynth Belisario (Centro dropped),AugSynth,2023-03-13
2023w12,3.664390362478437,3.6241215746953452,0.04026878778309184,FALSE,no2,M6: AugSynth Belisario (Centro dropped),AugSynth,2023-03-20
2023w13,3.7689144694501944,3.7363758621405525,0.032538607309641865,FALSE,no2,M6: AugSynth Belisario (Centro dropped),AugSynth,2023-03-27
2023w14,3.6211358020274167,3.6416150929378936,-0.020479290910476955,FALSE,no2,M6: AugSynth Belisario (Centro dropped),AugSynth,2023-04-03
2023w15,3.5552909169995557,3.449742068131809,0.10554884886774651,FALSE,no2,M6: AugSynth Belisario (Centro dropped),AugSynth,2023-04-10
2023w16,3.7163568036090044,3.611568569600787,0.10478823400821735,FALSE,no2,M6: AugSynth Belisario (Centro dropped),AugSynth,2023-04-17
2023w17,3.677043012337981,3.617816164477122,0.05922684786085908,FALSE,no2,M6: AugSynth Belisario (Centro dropped),AugSynth,2023-04-24
2023w18,3.1117507903993364,3.1616779822381327,-0.04992719183879624,FALSE,no2,M6: AugSynth Belisario (Centro dropped),AugSynth,2023-05-01
2023w19,3.479042805279339,3.6069771772201062,-0.1279343719407673,FALSE,no2,M6: AugSynth Belisario (Centro dropped),AugSynth,2023-05-08
2023w20,3.548697423514074,3.4503938784295434,0.09830354508453043,FALSE,no2,M6: AugSynth Belisario (Centro dropped),AugSynth,2023-05-15
2023w21,3.517804417459713,3.458288546146387,0.05951587131332614,FALSE,no2,M6: AugSynth Belisario (Centro dropped),AugSynth,2023-05-22
2023w22,3.36089608488863,3.3966820180630513,-0.03578593317442147,FALSE,no2,M6: AugSynth Belisario (Centro dropped),AugSynth,2023-05-29
2023w23,3.369546169635059,3.449639547050977,-0.08009337741591782,FALSE,no2,M6: AugSynth Belisario (Centro dropped),AugSynth,2023-06-05
2023w24,3.2484087368069567,3.469485831311214,-0.22107709450425705,FALSE,no2,M6: AugSynth Belisario (Centro dropped),AugSynth,2023-06-12
2023w25,3.2101310337266065,3.270281406546053,-0.060150372819446574,FALSE,no2,M6: AugSynth Belisario (Centro dropped),AugSynth,2023-06-19
2023w26,3.2774465742259804,3.405617723037138,-0.12817114881115765,FALSE,no2,M6: AugSynth Belisario (Centro dropped),AugSynth,2023-06-26
2023w27,3.3853389657276973,3.3243049305428465,0.06103403518485084,FALSE,no2,M6: AugSynth Belisario (Centro dropped),AugSynth,2023-07-03
2023w28,3.493340936837133,3.491582759570259,0.0017581772668742168,FALSE,no2,M6: AugSynth Belisario (Centro dropped),AugSynth,2023-07-10
2023w29,3.25588897494102,3.3616651440970875,-0.10577616915606747,FALSE,no2,M6: AugSynth Belisario (Centro dropped),AugSynth,2023-07-17
2023w30,3.4990900824724607,3.425425432683002,0.07366464978945864,FALSE,no2,M6: AugSynth Belisario (Centro dropped),AugSynth,2023-07-24
2023w31,3.390574491358242,3.3330031633287085,0.057571328029533575,FALSE,no2,M6: AugSynth Belisario (Centro dropped),AugSynth,2023-07-31
2023w32,3.417453422237161,3.4873054332346265,-0.06985201099746563,FALSE,no2,M6: AugSynth Belisario (Centro dropped),AugSynth,2023-08-07
2023w33,3.719004439085856,3.3197985812064634,0.39920585787939267,FALSE,no2,M6: AugSynth Belisario (Centro dropped),AugSynth,2023-08-14
2023w34,3.7512750558389096,3.5072685938602084,0.24400646197870124,FALSE,no2,M6: AugSynth Belisario (Centro dropped),AugSynth,2023-08-21
2023w35,3.6113502516046982,3.4305190022557737,0.18083124934892458,FALSE,no2,M6: AugSynth Belisario (Centro dropped),AugSynth,2023-08-28
2023w36,3.6594334788405236,3.5152812486373204,0.14415223020320322,FALSE,no2,M6: AugSynth Belisario (Centro dropped),AugSynth,2023-09-04
2023w37,3.590319833925296,3.5675962758106343,0.022723558114661646,FALSE,no2,M6: AugSynth Belisario (Centro dropped),AugSynth,2023-09-11
2023w38,3.6700193824725797,3.8600220586611034,-0.19000267618852362,FALSE,no2,M6: AugSynth Belisario (Centro dropped),AugSynth,2023-09-18
2023w39,4.065693570018527,3.9742077690685607,0.09148580094996639,FALSE,no2,M6: AugSynth Belisario (Centro dropped),AugSynth,2023-09-25
2023w40,3.9568306466956296,3.8664473060989653,0.09038334059666431,FALSE,no2,M6: AugSynth Belisario (Centro dropped),AugSynth,2023-10-02
2023w41,3.926747400826528,3.913485131266125,0.013262269560402995,FALSE,no2,M6: AugSynth Belisario (Centro dropped),AugSynth,2023-10-09
2023w42,3.811952178370333,3.772492862917265,0.03945931545306802,FALSE,no2,M6: AugSynth Belisario (Centro dropped),AugSynth,2023-10-16
2023w43,3.923760517199579,3.86839130821055,0.05536920898902897,FALSE,no2,M6: AugSynth Belisario (Centro dropped),AugSynth,2023-10-23
2023w44,3.6297750303773144,3.55804919077109,0.07172583960622436,FALSE,no2,M6: AugSynth Belisario (Centro dropped),AugSynth,2023-10-30
2023w45,3.609430320240611,3.544201771656978,0.06522854858363303,FALSE,no2,M6: AugSynth Belisario (Centro dropped),AugSynth,2023-11-06
2023w46,3.7767834881222684,3.53004507585887,0.2467384122633982,FALSE,no2,M6: AugSynth Belisario (Centro dropped),AugSynth,2023-11-13
2023w47,3.9175609758565684,3.721305720424036,0.1962552554325323,FALSE,no2,M6: AugSynth Belisario (Centro dropped),AugSynth,2023-11-20
2023w48,3.6219915085723047,3.4935884621196194,0.1284030464526853,TRUE,no2,M6: AugSynth Belisario (Centro dropped),AugSynth,2023-11-27
2023w49,3.7442274338102486,3.5271815145888232,0.21704591922142535,TRUE,no2,M6: AugSynth Belisario (Centro dropped),AugSynth,2023-12-04
2023w50,3.609980536507519,3.5153421757189927,0.09463836078852639,TRUE,no2,M6: AugSynth Belisario (Centro dropped),AugSynth,2023-12-11
2023w51,3.7166324196937586,3.60644011684564,0.11019230284811865,TRUE,no2,M6: AugSynth Belisario (Centro dropped),AugSynth,2023-12-18
2023w52,3.477849733183238,3.227620721227173,0.25022901195606506,TRUE,no2,M6: AugSynth Belisario (Centro dropped),AugSynth,2023-12-25
2024w01,3.667936677094011,3.3398248890078714,0.3281117880861397,TRUE,no2,M6: AugSynth Belisario (Centro dropped),AugSynth,2024-01-01
2024w02,3.4934625260077405,3.328958955476812,0.16450357053092857,TRUE,no2,M6: AugSynth Belisario (Centro dropped),AugSynth,2024-01-08
2024w03,3.371070306873237,3.3746443004037237,-0.0035739935304865966,TRUE,no2,M6: AugSynth Belisario (Centro dropped),AugSynth,2024-01-15
2024w04,3.4980820788389377,3.4135282625327514,0.0845538163061863,TRUE,no2,M6: AugSynth Belisario (Centro dropped),AugSynth,2024-01-22
2024w05,3.7379314887542083,3.4921171245383733,0.24581436421583502,TRUE,no2,M6: AugSynth Belisario (Centro dropped),AugSynth,2024-01-29
2024w06,3.708518669366285,3.645247766027243,0.06327090333904195,TRUE,no2,M6: AugSynth Belisario (Centro dropped),AugSynth,2024-02-05
2024w07,3.283176817798181,3.201025959091072,0.08215085870710892,TRUE,no2,M6: AugSynth Belisario (Centro dropped),AugSynth,2024-02-12
2024w08,3.5774077102900743,3.438895648639761,0.13851206165031327,TRUE,no2,M6: AugSynth Belisario (Centro dropped),AugSynth,2024-02-19
2024w09,3.8555231981886613,3.6778239679377847,0.17769923025087664,TRUE,no2,M6: AugSynth Belisario (Centro dropped),AugSynth,2024-02-26
2024w10,3.6808052788463623,3.543162136165905,0.1376431426804574,TRUE,no2,M6: AugSynth Belisario (Centro dropped),AugSynth,2024-03-04
2024w11,3.5971661311906042,3.462961306583609,0.13420482460699512,TRUE,no2,M6: AugSynth Belisario (Centro dropped),AugSynth,2024-03-11
2024w12,3.7420805108983513,3.5040126232632,0.2380678876351512,TRUE,no2,M6: AugSynth Belisario (Centro dropped),AugSynth,2024-03-18
2024w13,3.8692477155791636,3.5394344515318967,0.32981326404726685,TRUE,no2,M6: AugSynth Belisario (Centro dropped),AugSynth,2024-03-25
2024w14,3.823322930663427,3.555660850697622,0.2676620799658047,TRUE,no2,M6: AugSynth Belisario (Centro dropped),AugSynth,2024-04-01
2024w15,3.679922796071044,3.58111462509895,0.09880817097209427,TRUE,no2,M6: AugSynth Belisario (Centro dropped),AugSynth,2024-04-08
2024w16,3.8422369623208783,3.70993070506586,0.13230625725501843,TRUE,no2,M6: AugSynth Belisario (Centro dropped),AugSynth,2024-04-15
2024w17,3.8674997251484666,3.62525059223741,0.24224913291105654,TRUE,no2,M6: AugSynth Belisario (Centro dropped),AugSynth,2024-04-22
2024w18,3.590384207364837,3.316251239876043,0.27413296748879423,TRUE,no2,M6: AugSynth Belisario (Centro dropped),AugSynth,2024-04-29
2024w19,3.6373317413998754,3.509301196892177,0.12803054450769835,TRUE,no2,M6: AugSynth Belisario (Centro dropped),AugSynth,2024-05-06
2024w20,3.626853329818215,3.4393046363401107,0.18754869347810432,TRUE,no2,M6: AugSynth Belisario (Centro dropped),AugSynth,2024-05-13
2024w21,3.328411611936503,3.1563929995956026,0.1720186123409002,TRUE,no2,M6: AugSynth Belisario (Centro dropped),AugSynth,2024-05-20
2024w22,3.4882717196326642,3.2521900189402557,0.23608170069240852,TRUE,no2,M6: AugSynth Belisario (Centro dropped),AugSynth,2024-05-27
2024w23,3.379406111659498,3.0701266109851364,0.3092795006743616,TRUE,no2,M6: AugSynth Belisario (Centro dropped),AugSynth,2024-06-03
2024w24,3.49630552085563,3.058809180536856,0.4374963403187744,TRUE,no2,M6: AugSynth Belisario (Centro dropped),AugSynth,2024-06-10
2024w25,3.700190245259803,3.4845865750387426,0.2156036702210602,TRUE,no2,M6: AugSynth Belisario (Centro dropped),AugSynth,2024-06-17
2024w26,3.5861081760779907,3.3160609504522593,0.27004722562573136,TRUE,no2,M6: AugSynth Belisario (Centro dropped),AugSynth,2024-06-24
2024w27,3.4434263858798655,3.236111653103893,0.20731473277597257,TRUE,no2,M6: AugSynth Belisario (Centro dropped),AugSynth,2024-07-01
2024w28,3.4636190805782894,3.3995273609915264,0.06409171958676296,TRUE,no2,M6: AugSynth Belisario (Centro dropped),AugSynth,2024-07-08
2024w29,3.334630137390042,3.321807485676121,0.012822651713921385,TRUE,no2,M6: AugSynth Belisario (Centro dropped),AugSynth,2024-07-15
2024w30,3.393169690241593,3.1769410063393297,0.21622868390226335,TRUE,no2,M6: AugSynth Belisario (Centro dropped),AugSynth,2024-07-22
2024w31,3.410729583307308,3.0707802017471595,0.33994938156014864,TRUE,no2,M6: AugSynth Belisario (Centro dropped),AugSynth,2024-07-29
2024w32,3.6475799150318697,3.4449140080006564,0.20266590703121334,TRUE,no2,M6: AugSynth Belisario (Centro dropped),AugSynth,2024-08-05
2024w33,3.3644872920322513,3.29247605714398,0.07201123488827132,TRUE,no2,M6: AugSynth Belisario (Centro dropped),AugSynth,2024-08-12
2024w34,3.5606861693582004,3.440332276736371,0.1203538926218295,TRUE,no2,M6: AugSynth Belisario (Centro dropped),AugSynth,2024-08-19
2024w35,3.383135238843747,3.2459526499934874,0.13718258885025936,TRUE,no2,M6: AugSynth Belisario (Centro dropped),AugSynth,2024-08-26
2024w36,3.61790247272495,3.5577862356137615,0.0601162371111883,TRUE,no2,M6: AugSynth Belisario (Centro dropped),AugSynth,2024-09-02
2024w37,3.60196807212464,3.435960937518794,0.16600713460584604,TRUE,no2,M6: AugSynth Belisario (Centro dropped),AugSynth,2024-09-09
2024w38,3.640931435240591,3.625261266723609,0.015670168516981775,TRUE,no2,M6: AugSynth Belisario (Centro dropped),AugSynth,2024-09-16
2024w39,3.816502803570734,3.8991960766824434,-0.0826932731117096,TRUE,no2,M6: AugSynth Belisario (Centro dropped),AugSynth,2024-09-23
2024w40,4.084073102034649,3.9722984701603434,0.11177463187430581,TRUE,no2,M6: AugSynth Belisario (Centro dropped),AugSynth,2024-09-30
2024w41,3.93437792840047,3.828229111839752,0.10614881656071784,TRUE,no2,M6: AugSynth Belisario (Centro dropped),AugSynth,2024-10-07
2024w42,3.8435300089828455,3.7042200255213644,0.13930998346148105,TRUE,no2,M6: AugSynth Belisario (Centro dropped),AugSynth,2024-10-14
2024w43,3.9431340004531985,3.8218558416147466,0.12127815883845194,TRUE,no2,M6: AugSynth Belisario (Centro dropped),AugSynth,2024-10-21
2024w44,3.7905496689800233,3.7943908075498474,-0.003841138569824043,TRUE,no2,M6: AugSynth Belisario (Centro dropped),AugSynth,2024-10-28
2024w45,3.7542496605553857,3.7855648077063453,-0.03131514715095962,TRUE,no2,M6: AugSynth Belisario (Centro dropped),AugSynth,2024-11-04
2024w46,3.8358383522477895,3.939447501093756,-0.10360914884596673,TRUE,no2,M6: AugSynth Belisario (Centro dropped),AugSynth,2024-11-11
2024w47,3.9174270439401933,3.7101151313603924,0.20731191257980086,TRUE,no2,M6: AugSynth Belisario (Centro dropped),AugSynth,2024-11-18
2024w48,3.912566857513787,3.680498921048206,0.23206793646558088,TRUE,no2,M6: AugSynth Belisario (Centro dropped),AugSynth,2024-11-25
2024w49,3.806129014164176,3.615094428282664,0.1910345858815119,TRUE,no2,M6: AugSynth Belisario (Centro dropped),AugSynth,2024-12-02
2024w50,3.6054978451748854,3.3543861532506516,0.25111169192423377,TRUE,no2,M6: AugSynth Belisario (Centro dropped),AugSynth,2024-12-09
2024w51,3.596292562791121,3.412275646738017,0.18401691605310377,TRUE,no2,M6: AugSynth Belisario (Centro dropped),AugSynth,2024-12-16
2024w52,3.5337741521132213,3.334651416854916,0.19912273525830537,TRUE,no2,M6: AugSynth Belisario (Centro dropped),AugSynth,2024-12-23
2025w01,3.237134777651591,2.997741709327069,0.23939306832452178,TRUE,no2,M6: AugSynth Belisario (Centro dropped),AugSynth,2024-12-30
2025w02,3.660392527208719,3.514469644547581,0.14592288266113806,TRUE,no2,M6: AugSynth Belisario (Centro dropped),AugSynth,2025-01-06
2025w03,3.6661736165782983,3.446119438265128,0.2200541783131702,TRUE,no2,M6: AugSynth Belisario (Centro dropped),AugSynth,2025-01-13
2025w04,3.846609434879821,3.800803258980026,0.045806175899794965,TRUE,no2,M6: AugSynth Belisario (Centro dropped),AugSynth,2025-01-20
2025w05,3.41227468999885,3.2337178949532013,0.1785567950456488,TRUE,no2,M6: AugSynth Belisario (Centro dropped),AugSynth,2025-01-27
2025w06,3.7317154192332485,3.4403868206295134,0.29132859860373506,TRUE,no2,M6: AugSynth Belisario (Centro dropped),AugSynth,2025-02-03
2025w07,3.5760559745023754,3.4675344353243536,0.10852153917802188,TRUE,no2,M6: AugSynth Belisario (Centro dropped),AugSynth,2025-02-10
2025w08,3.451647542935076,3.372210574654277,0.07943696828079894,TRUE,no2,M6: AugSynth Belisario (Centro dropped),AugSynth,2025-02-17
2025w09,3.6315504374868657,3.335921737457964,0.29562870002890174,TRUE,no2,M6: AugSynth Belisario (Centro dropped),AugSynth,2025-02-24
2025w10,3.6920826517276826,3.433093451266328,0.25898920046135476,TRUE,no2,M6: AugSynth Belisario (Centro dropped),AugSynth,2025-03-03
2025w11,3.809569371803037,3.596814325736567,0.21275504606647022,TRUE,no2,M6: AugSynth Belisario (Centro dropped),AugSynth,2025-03-10
2025w12,3.7242224663859327,3.5702388239455516,0.1539836424403811,TRUE,no2,M6: AugSynth Belisario (Centro dropped),AugSynth,2025-03-17
2025w13,3.6890211107468285,3.4178180279593624,0.2712030827874661,TRUE,no2,M6: AugSynth Belisario (Centro dropped),AugSynth,2025-03-24
2025w14,3.8253097658093353,3.6493152228135317,0.17599454299580364,TRUE,no2,M6: AugSynth Belisario (Centro dropped),AugSynth,2025-03-31
2025w15,3.5874233433745357,3.5675751787358085,0.019848164638727184,TRUE,no2,M6: AugSynth Belisario (Centro dropped),AugSynth,2025-04-07
2025w16,3.526203649566816,3.3591902398750815,0.16701340969173462,TRUE,no2,M6: AugSynth Belisario (Centro dropped),AugSynth,2025-04-14
2025w17,3.854471573190113,3.7556196391300314,0.09885193406008153,TRUE,no2,M6: AugSynth Belisario (Centro dropped),AugSynth,2025-04-21
2025w18,3.678483940848448,3.441433727003567,0.2370502138448809,TRUE,no2,M6: AugSynth Belisario (Centro dropped),AugSynth,2025-04-28
2025w19,3.565882851404665,3.58355634921345,-0.01767349780878469,TRUE,no2,M6: AugSynth Belisario (Centro dropped),AugSynth,2025-05-05
2025w20,3.5331414039696685,3.2618391934829067,0.27130221048676173,TRUE,no2,M6: AugSynth Belisario (Centro dropped),AugSynth,2025-05-12
2025w21,3.553527357394135,3.386632187235784,0.1668951701583512,TRUE,no2,M6: AugSynth Belisario (Centro dropped),AugSynth,2025-05-19
2025w22,3.3712878512560116,3.199520846031722,0.17176700522428945,TRUE,no2,M6: AugSynth Belisario (Centro dropped),AugSynth,2025-05-26
2025w23,3.401608408290248,3.2984425785581064,0.10316582973214139,TRUE,no2,M6: AugSynth Belisario (Centro dropped),AugSynth,2025-06-02
2025w24,3.6215325487098675,3.3356681519375577,0.2858643967723098,TRUE,no2,M6: AugSynth Belisario (Centro dropped),AugSynth,2025-06-09
2025w25,3.355281416356356,3.29303691978646,0.06224449656989561,TRUE,no2,M6: AugSynth Belisario (Centro dropped),AugSynth,2025-06-16
2022w48,3.4290063681179164,3.4006850322490814,0.028321335868835007,FALSE,no2,M7: AugSynth_FE Centro+Belisario,AugSynth_FE,2022-11-28
2022w49,3.7020199338182636,3.7873016800089956,-0.08528174619073203,FALSE,no2,M7: AugSynth_FE Centro+Belisario,AugSynth_FE,2022-12-05
2022w50,3.5446931402729254,3.5921640789752978,-0.0474709387023724,FALSE,no2,M7: AugSynth_FE Centro+Belisario,AugSynth_FE,2022-12-12
2022w51,3.6283661984683753,3.5034205185891243,0.12494567987925098,FALSE,no2,M7: AugSynth_FE Centro+Belisario,AugSynth_FE,2022-12-19
2022w52,3.6507235645127962,3.7464621780535,-0.0957386135407039,FALSE,no2,M7: AugSynth_FE Centro+Belisario,AugSynth_FE,2022-12-26
2023w01,3.6574542835819814,3.766616264446906,-0.10916198086492468,FALSE,no2,M7: AugSynth_FE Centro+Belisario,AugSynth_FE,2023-01-02
2023w02,3.7677193184818294,3.818227771526613,-0.050508453044783685,FALSE,no2,M7: AugSynth_FE Centro+Belisario,AugSynth_FE,2023-01-09
2023w03,3.628589333267931,3.71542001428905,-0.08683068102111902,FALSE,no2,M7: AugSynth_FE Centro+Belisario,AugSynth_FE,2023-01-16
2023w04,3.3924033288153947,3.527169624145627,-0.1347662953302322,FALSE,no2,M7: AugSynth_FE Centro+Belisario,AugSynth_FE,2023-01-23
2023w05,3.659587637858353,3.6803722831591856,-0.020784645300832683,FALSE,no2,M7: AugSynth_FE Centro+Belisario,AugSynth_FE,2023-01-30
2023w06,3.537498829527215,3.571419190785058,-0.033920361257842924,FALSE,no2,M7: AugSynth_FE Centro+Belisario,AugSynth_FE,2023-02-06
2023w07,3.5587406340287093,3.5593889198950253,-6.482858663159341e-4,FALSE,no2,M7: AugSynth_FE Centro+Belisario,AugSynth_FE,2023-02-13
2023w08,3.527549110759037,3.621274963624774,-0.09372585286573676,FALSE,no2,M7: AugSynth_FE Centro+Belisario,AugSynth_FE,2023-02-20
2023w09,3.568155881951201,3.5405619810247266,0.02759390092647429,FALSE,no2,M7: AugSynth_FE Centro+Belisario,AugSynth_FE,2023-02-27
2023w10,3.497924799447933,3.4493603103900012,0.04856448905793176,FALSE,no2,M7: AugSynth_FE Centro+Belisario,AugSynth_FE,2023-03-06
2023w11,3.416638168447977,3.5246398946649378,-0.10800172621696058,FALSE,no2,M7: AugSynth_FE Centro+Belisario,AugSynth_FE,2023-03-13
2023w12,3.659744473644727,3.6509382236711847,0.00880624997354218,FALSE,no2,M7: AugSynth_FE Centro+Belisario,AugSynth_FE,2023-03-20
2023w13,3.782782016907878,3.766912238328291,0.015869778579586935,FALSE,no2,M7: AugSynth_FE Centro+Belisario,AugSynth_FE,2023-03-27
2023w14,3.643096028584038,3.6056285400483628,0.037467488535675386,FALSE,no2,M7: AugSynth_FE Centro+Belisario,AugSynth_FE,2023-04-03
2023w15,3.5623085096859395,3.5415336621712075,0.02077484751473202,FALSE,no2,M7: AugSynth_FE Centro+Belisario,AugSynth_FE,2023-04-10
2023w16,3.655961624455475,3.6050014514246866,0.05096017303078826,FALSE,no2,M7: AugSynth_FE Centro+Belisario,AugSynth_FE,2023-04-17
2023w17,3.6747864352874124,3.6813600420734733,-0.006573606786060893,FALSE,no2,M7: AugSynth_FE Centro+Belisario,AugSynth_FE,2023-04-24
2023w18,3.063659185227049,3.196461552339287,-0.1328023671122378,FALSE,no2,M7: AugSynth_FE Centro+Belisario,AugSynth_FE,2023-05-01
2023w19,3.4566762691958486,3.5362746104474323,-0.07959834125158372,FALSE,no2,M7: AugSynth_FE Centro+Belisario,AugSynth_FE,2023-05-08
2023w20,3.5756053734838202,3.434760267822508,0.14084510566131225,FALSE,no2,M7: AugSynth_FE Centro+Belisario,AugSynth_FE,2023-05-15
2023w21,3.5238001056234367,3.453781318229823,0.07001878739361356,FALSE,no2,M7: AugSynth_FE Centro+Belisario,AugSynth_FE,2023-05-22
2023w22,3.39272592806401,3.446394464643597,-0.053668536579587034,FALSE,no2,M7: AugSynth_FE Centro+Belisario,AugSynth_FE,2023-05-29
2023w23,3.423878015719776,3.327087591979628,0.09679042374014779,FALSE,no2,M7: AugSynth_FE Centro+Belisario,AugSynth_FE,2023-06-05
2023w24,3.3550996836221993,3.3680705516781,-0.012970868055900642,FALSE,no2,M7: AugSynth_FE Centro+Belisario,AugSynth_FE,2023-06-12
2023w25,3.3212681712564773,3.2406052483412253,0.08066292291525201,FALSE,no2,M7: AugSynth_FE Centro+Belisario,AugSynth_FE,2023-06-19
2023w26,3.362259912355535,3.352111265614487,0.010148646741047873,FALSE,no2,M7: AugSynth_FE Centro+Belisario,AugSynth_FE,2023-06-26
2023w27,3.5176434990864345,3.4397484860564447,0.0778950130299898,FALSE,no2,M7: AugSynth_FE Centro+Belisario,AugSynth_FE,2023-07-03
2023w28,3.545408783738863,3.54781042957027,-0.0024016458314073397,FALSE,no2,M7: AugSynth_FE Centro+Belisario,AugSynth_FE,2023-07-10
2023w29,3.2419943971683765,3.235356545433633,0.006637851734743627,FALSE,no2,M7: AugSynth_FE Centro+Belisario,AugSynth_FE,2023-07-17
2023w30,3.5275665702455328,3.5138557292112957,0.013710841034237031,FALSE,no2,M7: AugSynth_FE Centro+Belisario,AugSynth_FE,2023-07-24
2023w31,3.3494138903554664,3.3183045905137787,0.031109299841687754,FALSE,no2,M7: AugSynth_FE Centro+Belisario,AugSynth_FE,2023-07-31
2023w32,3.3572497167369395,3.527899278533233,-0.17064956179629354,FALSE,no2,M7: AugSynth_FE Centro+Belisario,AugSynth_FE,2023-08-07
2023w33,3.7365353208463032,3.5070062087752647,0.22952911207103854,FALSE,no2,M7: AugSynth_FE Centro+Belisario,AugSynth_FE,2023-08-14
2023w34,3.771960628117357,3.6714271532922123,0.10053347482514496,FALSE,no2,M7: AugSynth_FE Centro+Belisario,AugSynth_FE,2023-08-21
2023w35,3.5484494970333795,3.5141740665151104,0.03427543051826909,FALSE,no2,M7: AugSynth_FE Centro+Belisario,AugSynth_FE,2023-08-28
2023w36,3.5828206574481047,3.650462312453091,-0.06764165500498631,FALSE,no2,M7: AugSynth_FE Centro+Belisario,AugSynth_FE,2023-09-04
2023w37,3.5188981465540894,3.604907060362202,-0.08600891380811282,FALSE,no2,M7: AugSynth_FE Centro+Belisario,AugSynth_FE,2023-09-11
2023w38,3.660366949619551,3.722245241416891,-0.06187829179734017,FALSE,no2,M7: AugSynth_FE Centro+Belisario,AugSynth_FE,2023-09-18
2023w39,4.004801382154497,3.9983626712096423,0.006438710944854709,FALSE,no2,M7: AugSynth_FE Centro+Belisario,AugSynth_FE,2023-09-25
2023w40,3.939834147909805,3.9005712235009016,0.039262924408903555,FALSE,no2,M7: AugSynth_FE Centro+Belisario,AugSynth_FE,2023-10-02
2023w41,3.93514422648561,3.9543650376364488,-0.019220811150838735,FALSE,no2,M7: AugSynth_FE Centro+Belisario,AugSynth_FE,2023-10-09
2023w42,3.873741677689029,3.8469185433742714,0.0268231343147578,FALSE,no2,M7: AugSynth_FE Centro+Belisario,AugSynth_FE,2023-10-16
2023w43,3.90536275497677,3.8770293336038,0.028333421372970236,FALSE,no2,M7: AugSynth_FE Centro+Belisario,AugSynth_FE,2023-10-23
2023w44,3.6113814428478284,3.6668741054197564,-0.055492662571928086,FALSE,no2,M7: AugSynth_FE Centro+Belisario,AugSynth_FE,2023-10-30
2023w45,3.6119996087896915,3.5919561980207715,0.020043410768920022,FALSE,no2,M7: AugSynth_FE Centro+Belisario,AugSynth_FE,2023-11-06
2023w46,3.7862224735496817,3.63597325019193,0.15024922335775148,FALSE,no2,M7: AugSynth_FE Centro+Belisario,AugSynth_FE,2023-11-13
2023w47,3.8096166258846287,3.7204814619772466,0.08913516390738208,FALSE,no2,M7: AugSynth_FE Centro+Belisario,AugSynth_FE,2023-11-20
2023w48,3.6045990418874694,3.595550320118571,0.009048721768898371,TRUE,no2,M7: AugSynth_FE Centro+Belisario,AugSynth_FE,2023-11-27
2023w49,3.657818151724923,3.5544543134834146,0.10336383824150852,TRUE,no2,M7: AugSynth_FE Centro+Belisario,AugSynth_FE,2023-12-04
2023w50,3.6653973045759005,3.648506717362828,0.01689058721307246,TRUE,no2,M7: AugSynth_FE Centro+Belisario,AugSynth_FE,2023-12-11
2023w51,3.7515461010732793,3.6927524401182295,0.0587936609550499,TRUE,no2,M7: AugSynth_FE Centro+Belisario,AugSynth_FE,2023-12-18
2023w52,3.4807997455886057,3.3767337071629675,0.10406603842563822,TRUE,no2,M7: AugSynth_FE Centro+Belisario,AugSynth_FE,2023-12-25
2024w01,3.658660690254904,3.5233928596270205,0.1352678306278836,TRUE,no2,M7: AugSynth_FE Centro+Belisario,AugSynth_FE,2024-01-01
2024w02,3.4745056495431634,3.4685588344840372,0.005946815059126198,TRUE,no2,M7: AugSynth_FE Centro+Belisario,AugSynth_FE,2024-01-08
2024w03,3.3733438689663098,3.4712685083297763,-0.09792463936346651,TRUE,no2,M7: AugSynth_FE Centro+Belisario,AugSynth_FE,2024-01-15
2024w04,3.456125263432786,3.3821415265206722,0.07398373691211368,TRUE,no2,M7: AugSynth_FE Centro+Belisario,AugSynth_FE,2024-01-22
2024w05,3.6668267221909474,3.6169965640827844,0.04983015810816305,TRUE,no2,M7: AugSynth_FE Centro+Belisario,AugSynth_FE,2024-01-29
2024w06,3.67788859939456,3.6229569150745915,0.05493168431996853,TRUE,no2,M7: AugSynth_FE Centro+Belisario,AugSynth_FE,2024-02-05
2024w07,3.1913491866342563,3.1754252015045723,0.01592398512968396,TRUE,no2,M7: AugSynth_FE Centro+Belisario,AugSynth_FE,2024-02-12
2024w08,3.4826022969444916,3.510448340616395,-0.027846043671903242,TRUE,no2,M7: AugSynth_FE Centro+Belisario,AugSynth_FE,2024-02-19
2024w09,3.819416828933849,3.8063902132621106,0.013026615671738462,TRUE,no2,M7: AugSynth_FE Centro+Belisario,AugSynth_FE,2024-02-26
2024w10,3.655793821704,3.678360133528383,-0.022566311824383067,TRUE,no2,M7: AugSynth_FE Centro+Belisario,AugSynth_FE,2024-03-04
2024w11,3.5097688740420834,3.4541908604003275,0.05557801364175585,TRUE,no2,M7: AugSynth_FE Centro+Belisario,AugSynth_FE,2024-03-11
2024w12,3.701597360025759,3.7408917791769616,-0.039294419151202575,TRUE,no2,M7: AugSynth_FE Centro+Belisario,AugSynth_FE,2024-03-18
2024w13,3.8449321225798245,3.833849192105419,0.011082930474405561,TRUE,no2,M7: AugSynth_FE Centro+Belisario,AugSynth_FE,2024-03-25
2024w14,3.7487896601779678,3.7896436846485932,-0.04085402447062547,TRUE,no2,M7: AugSynth_FE Centro+Belisario,AugSynth_FE,2024-04-01
2024w15,3.696487201077983,3.7813166528716584,-0.0848294517936754,TRUE,no2,M7: AugSynth_FE Centro+Belisario,AugSynth_FE,2024-04-08
2024w16,3.784603341590975,3.8236653946318993,-0.03906205304092447,TRUE,no2,M7: AugSynth_FE Centro+Belisario,AugSynth_FE,2024-04-15
2024w17,3.7913604189663275,3.7157653264407693,0.07559509252555818,TRUE,no2,M7: AugSynth_FE Centro+Belisario,AugSynth_FE,2024-04-22
2024w18,3.5697469012028056,3.5185378075492864,0.05120909365351922,TRUE,no2,M7: AugSynth_FE Centro+Belisario,AugSynth_FE,2024-04-29
2024w19,3.668204510245129,3.675378156242177,-0.007173645997047728,TRUE,no2,M7: AugSynth_FE Centro+Belisario,AugSynth_FE,2024-05-06
2024w20,3.570309593633202,3.5837070396977913,-0.013397446064589147,TRUE,no2,M7: AugSynth_FE Centro+Belisario,AugSynth_FE,2024-05-13
2024w21,3.32833990678795,3.3358108155125814,-0.007470908724631187,TRUE,no2,M7: AugSynth_FE Centro+Belisario,AugSynth_FE,2024-05-20
2024w22,3.4763001913674545,3.456668811602183,0.019631379765271628,TRUE,no2,M7: AugSynth_FE Centro+Belisario,AugSynth_FE,2024-05-27
2024w23,3.2998604503609767,3.161873511704238,0.13798693865673872,TRUE,no2,M7: AugSynth_FE Centro+Belisario,AugSynth_FE,2024-06-03
2024w24,3.403898494716646,3.2075391389213386,0.1963593557953076,TRUE,no2,M7: AugSynth_FE Centro+Belisario,AugSynth_FE,2024-06-10
2024w25,3.674895825621753,3.633076788451275,0.04181903717047808,TRUE,no2,M7: AugSynth_FE Centro+Belisario,AugSynth_FE,2024-06-17
2024w26,3.52552083685172,3.505602301563868,0.019918535287851924,TRUE,no2,M7: AugSynth_FE Centro+Belisario,AugSynth_FE,2024-06-24
2024w27,3.386724974043748,3.3629301502727245,0.023794823771023488,TRUE,no2,M7: AugSynth_FE Centro+Belisario,AugSynth_FE,2024-07-01
2024w28,3.445426172840083,3.5373121762222612,-0.09188600338217823,TRUE,no2,M7: AugSynth_FE Centro+Belisario,AugSynth_FE,2024-07-08
2024w29,3.280326844808281,3.296014698693205,-0.015687853884923886,TRUE,no2,M7: AugSynth_FE Centro+Belisario,AugSynth_FE,2024-07-15
2024w30,3.36537036359966,3.3089071945843145,0.05646316901534565,TRUE,no2,M7: AugSynth_FE Centro+Belisario,AugSynth_FE,2024-07-22
2024w31,3.3894378132363743,3.255798328373629,0.13363948486274513,TRUE,no2,M7: AugSynth_FE Centro+Belisario,AugSynth_FE,2024-07-29
2024w32,3.6427321379529545,3.652927251560324,-0.010195113607369688,TRUE,no2,M7: AugSynth_FE Centro+Belisario,AugSynth_FE,2024-08-05
2024w33,3.350024034200782,3.459040025661229,-0.10901599146044694,TRUE,no2,M7: AugSynth_FE Centro+Belisario,AugSynth_FE,2024-08-12
2024w34,3.5096829932168587,3.5842002110039344,-0.07451721778707565,TRUE,no2,M7: AugSynth_FE Centro+Belisario,AugSynth_FE,2024-08-19
2024w35,3.3679620250934708,3.4751976401294913,-0.10723561503602053,TRUE,no2,M7: AugSynth_FE Centro+Belisario,AugSynth_FE,2024-08-26
2024w36,3.52570284456951,3.6934594921140973,-0.16775664754458708,TRUE,no2,M7: AugSynth_FE Centro+Belisario,AugSynth_FE,2024-09-02
2024w37,3.5238462879184365,3.561155971343087,-0.037309683424650686,TRUE,no2,M7: AugSynth_FE Centro+Belisario,AugSynth_FE,2024-09-09
2024w38,3.6158003375896124,3.709608419875506,-0.09380808228589377,TRUE,no2,M7: AugSynth_FE Centro+Belisario,AugSynth_FE,2024-09-16
2024w39,3.7431804125881856,3.848577252017286,-0.10539683942910028,TRUE,no2,M7: AugSynth_FE Centro+Belisario,AugSynth_FE,2024-09-23
2024w40,4.055378619001789,4.1256571545803915,-0.07027853557860286,TRUE,no2,M7: AugSynth_FE Centro+Belisario,AugSynth_FE,2024-09-30
2024w41,3.8930635419089454,3.9411201803637157,-0.04805663845477026,TRUE,no2,M7: AugSynth_FE Centro+Belisario,AugSynth_FE,2024-10-07
2024w42,3.7648153028231732,3.722883156045762,0.041932146777411194,TRUE,no2,M7: AugSynth_FE Centro+Belisario,AugSynth_FE,2024-10-14
2024w43,3.8459855936979332,3.7576119124351157,0.08837368126281753,TRUE,no2,M7: AugSynth_FE Centro+Belisario,AugSynth_FE,2024-10-21
2024w44,3.734731479391055,3.7222765389644077,0.012454940426647187,TRUE,no2,M7: AugSynth_FE Centro+Belisario,AugSynth_FE,2024-10-28
2024w45,3.7377336112906336,3.829988841548428,-0.09225523025779436,TRUE,no2,M7: AugSynth_FE Centro+Belisario,AugSynth_FE,2024-11-04
2024w46,3.8518815844770686,3.9112683805459865,-0.059386796068917835,TRUE,no2,M7: AugSynth_FE Centro+Belisario,AugSynth_FE,2024-11-11
2024w47,3.833124267010332,3.758356957616185,0.07476730939414677,TRUE,no2,M7: AugSynth_FE Centro+Belisario,AugSynth_FE,2024-11-18
2024w48,3.818257896060029,3.7004714407509387,0.11778645530909015,TRUE,no2,M7: AugSynth_FE Centro+Belisario,AugSynth_FE,2024-11-25
2024w49,3.7985380341175725,3.7284939630442753,0.07004407107329724,TRUE,no2,M7: AugSynth_FE Centro+Belisario,AugSynth_FE,2024-12-02
2024w50,3.5698111351063364,3.4763325223238333,0.09347861278250313,TRUE,no2,M7: AugSynth_FE Centro+Belisario,AugSynth_FE,2024-12-09
2024w51,3.5163802792675978,3.518630839925401,-0.00225056065780338,TRUE,no2,M7: AugSynth_FE Centro+Belisario,AugSynth_FE,2024-12-16
2024w52,3.514964057858905,3.501995015080933,0.012969042777972284,TRUE,no2,M7: AugSynth_FE Centro+Belisario,AugSynth_FE,2024-12-23
2025w01,3.225338200464545,3.0692637524074615,0.15607444805708326,TRUE,no2,M7: AugSynth_FE Centro+Belisario,AugSynth_FE,2024-12-30
2025w02,3.584079846534343,3.5120107170718744,0.07206912946246868,TRUE,no2,M7: AugSynth_FE Centro+Belisario,AugSynth_FE,2025-01-06
2025w03,3.604608861234345,3.5641592651863676,0.040449596047977376,TRUE,no2,M7: AugSynth_FE Centro+Belisario,AugSynth_FE,2025-01-13
2025w04,3.8197592597082943,3.7746821774145403,0.04507708229375407,TRUE,no2,M7: AugSynth_FE Centro+Belisario,AugSynth_FE,2025-01-20
2025w05,3.4133093046654466,3.3648840126345716,0.04842529203087498,TRUE,no2,M7: AugSynth_FE Centro+Belisario,AugSynth_FE,2025-01-27
2025w06,3.737261305602946,3.5368998236507303,0.20036148195221548,TRUE,no2,M7: AugSynth_FE Centro+Belisario,AugSynth_FE,2025-02-03
2025w07,3.567166537748834,3.422149238327086,0.145017299421748,TRUE,no2,M7: AugSynth_FE Centro+Belisario,AugSynth_FE,2025-02-10
2025w08,3.4566563356821605,3.3290967471193755,0.12755958856278493,TRUE,no2,M7: AugSynth_FE Centro+Belisario,AugSynth_FE,2025-02-17
2025w09,3.633444229002942,3.177342558280764,0.45610167072217767,TRUE,no2,M7: AugSynth_FE Centro+Belisario,AugSynth_FE,2025-02-24
2025w10,3.665417399047019,3.1979789440039896,0.4674384550430295,TRUE,no2,M7: AugSynth_FE Centro+Belisario,AugSynth_FE,2025-03-03
2025w11,3.7664259314694837,3.3197817711363027,0.446644160333181,TRUE,no2,M7: AugSynth_FE Centro+Belisario,AugSynth_FE,2025-03-10
2025w12,3.665783216258675,3.2676966675586314,0.3980865487000438,TRUE,no2,M7: AugSynth_FE Centro+Belisario,AugSynth_FE,2025-03-17
2025w13,3.648671431744812,3.253685444858645,0.39498598688616715,TRUE,no2,M7: AugSynth_FE Centro+Belisario,AugSynth_FE,2025-03-24
2025w14,3.7656337757290115,3.3682113577362878,0.3974224179927237,TRUE,no2,M7: AugSynth_FE Centro+Belisario,AugSynth_FE,2025-03-31
2025w15,3.530837483804586,3.4029721396729262,0.12786534413165995,TRUE,no2,M7: AugSynth_FE Centro+Belisario,AugSynth_FE,2025-04-07
2025w16,3.4495293554976447,3.3956100528638573,0.053919302633787414,TRUE,no2,M7: AugSynth_FE Centro+Belisario,AugSynth_FE,2025-04-14
2025w17,3.780914624274911,3.73833415380383,0.04258047047108082,TRUE,no2,M7: AugSynth_FE Centro+Belisario,AugSynth_FE,2025-04-21
2025w18,3.598899558471915,3.500142034394744,0.09875752407717098,TRUE,no2,M7: AugSynth_FE Centro+Belisario,AugSynth_FE,2025-04-28
2025w19,3.5031718401748604,3.546113739658151,-0.04294189948329041,TRUE,no2,M7: AugSynth_FE Centro+Belisario,AugSynth_FE,2025-05-05
2025w20,3.4670693828145787,3.254533208853471,0.2125361739611078,TRUE,no2,M7: AugSynth_FE Centro+Belisario,AugSynth_FE,2025-05-12
2025w21,3.4484242102628007,3.3699728553782022,0.07845135488459842,TRUE,no2,M7: AugSynth_FE Centro+Belisario,AugSynth_FE,2025-05-19
2025w22,3.302302777510712,3.2044050616683117,0.09789771584240015,TRUE,no2,M7: AugSynth_FE Centro+Belisario,AugSynth_FE,2025-05-26
2025w23,3.3367849601250192,3.2743581568278555,0.06242680329716377,TRUE,no2,M7: AugSynth_FE Centro+Belisario,AugSynth_FE,2025-06-02
2025w24,3.5275824257575925,3.3630653299782995,0.16451709577929297,TRUE,no2,M7: AugSynth_FE Centro+Belisario,AugSynth_FE,2025-06-09
2025w25,2.925092116932062,3.3635428389347317,-0.43845072200266966,TRUE,no2,M7: AugSynth_FE Centro+Belisario,AugSynth_FE,2025-06-16
2022w48,3.409110435154017,3.4154560613074203,-0.006345626153403394,FALSE,no2,M8: AugSynth_FE Centro (Bel. dropped),AugSynth_FE,2022-11-28
2022w49,3.8264179118855406,3.807656273301378,0.018761638584162466,FALSE,no2,M8: AugSynth_FE Centro (Bel. dropped),AugSynth_FE,2022-12-05
2022w50,3.525909442501763,3.604225112824041,-0.0783156703222776,FALSE,no2,M8: AugSynth_FE Centro (Bel. dropped),AugSynth_FE,2022-12-12
2022w51,3.6681153647612086,3.511436914688427,0.15667845007278158,FALSE,no2,M8: AugSynth_FE Centro (Bel. dropped),AugSynth_FE,2022-12-19
2022w52,3.74879794432518,3.7613836215040926,-0.012585677178912569,FALSE,no2,M8: AugSynth_FE Centro (Bel. dropped),AugSynth_FE,2022-12-26
2023w01,3.7395804898175986,3.782955542970157,-0.04337505315255852,FALSE,no2,M8: AugSynth_FE Centro (Bel. dropped),AugSynth_FE,2023-01-02
2023w02,3.8134468313995202,3.828564477111474,-0.015117645711953731,FALSE,no2,M8: AugSynth_FE Centro (Bel. dropped),AugSynth_FE,2023-01-09
2023w03,3.627766171255473,3.727700286078751,-0.09993411482327774,FALSE,no2,M8: AugSynth_FE Centro (Bel. dropped),AugSynth_FE,2023-01-16
2023w04,3.3842094560406664,3.539803217831453,-0.15559376179078654,FALSE,no2,M8: AugSynth_FE Centro (Bel. dropped),AugSynth_FE,2023-01-23
2023w05,3.660377093641224,3.692767887874745,-0.03239079423352109,FALSE,no2,M8: AugSynth_FE Centro (Bel. dropped),AugSynth_FE,2023-01-30
2023w06,3.6221438544994173,3.576328409826722,0.04581544467269527,FALSE,no2,M8: AugSynth_FE Centro (Bel. dropped),AugSynth_FE,2023-02-06
2023w07,3.5605630113984876,3.579352041419167,-0.01878903002067922,FALSE,no2,M8: AugSynth_FE Centro (Bel. dropped),AugSynth_FE,2023-02-13
2023w08,3.546163151912341,3.6483731361823337,-0.10220998426999284,FALSE,no2,M8: AugSynth_FE Centro (Bel. dropped),AugSynth_FE,2023-02-20
2023w09,3.5542522231826434,3.5481970607273308,0.006055162455312679,FALSE,no2,M8: AugSynth_FE Centro (Bel. dropped),AugSynth_FE,2023-02-27
2023w10,3.4993016342052035,3.4683038766947645,0.030997757510438984,FALSE,no2,M8: AugSynth_FE Centro (Bel. dropped),AugSynth_FE,2023-03-06
2023w11,3.4278501315482126,3.553902871543143,-0.12605273999493027,FALSE,no2,M8: AugSynth_FE Centro (Bel. dropped),AugSynth_FE,2023-03-13
2023w12,3.6550985848110167,3.680823830740445,-0.025725245929428375,FALSE,no2,M8: AugSynth_FE Centro (Bel. dropped),AugSynth_FE,2023-03-20
2023w13,3.796649564365561,3.790502394421602,0.006147169943958808,FALSE,no2,M8: AugSynth_FE Centro (Bel. dropped),AugSynth_FE,2023-03-27
2023w14,3.66505625514066,3.631630298457946,0.0334259566827142,FALSE,no2,M8: AugSynth_FE Centro (Bel. dropped),AugSynth_FE,2023-04-03
2023w15,3.5693261023723237,3.56405803407674,0.005268068295583905,FALSE,no2,M8: AugSynth_FE Centro (Bel. dropped),AugSynth_FE,2023-04-10
2023w16,3.5955664453019454,3.6270809016681955,-0.031514456366250165,FALSE,no2,M8: AugSynth_FE Centro (Bel. dropped),AugSynth_FE,2023-04-17
2023w17,3.672529858236844,3.6987237264691455,-0.0261938682323013,FALSE,no2,M8: AugSynth_FE Centro (Bel. dropped),AugSynth_FE,2023-04-24
2023w18,3.0155675800547614,3.196286280230075,-0.18071870017531344,FALSE,no2,M8: AugSynth_FE Centro (Bel. dropped),AugSynth_FE,2023-05-01
2023w19,3.4343097331123578,3.5412920255157703,-0.1069822924034125,FALSE,no2,M8: AugSynth_FE Centro (Bel. dropped),AugSynth_FE,2023-05-08
2023w20,3.602513323453567,3.444298405220633,0.1582149182329342,FALSE,no2,M8: AugSynth_FE Centro (Bel. dropped),AugSynth_FE,2023-05-15
2023w21,3.52979579378716,3.474988774483929,0.05480701930323084,FALSE,no2,M8: AugSynth_FE Centro (Bel. dropped),AugSynth_FE,2023-05-22
2023w22,3.4245557712393904,3.462558555379657,-0.03800278414026659,FALSE,no2,M8: AugSynth_FE Centro (Bel. dropped),AugSynth_FE,2023-05-29
2023w23,3.478209861804493,3.3322193730288596,0.1459904887756336,FALSE,no2,M8: AugSynth_FE Centro (Bel. dropped),AugSynth_FE,2023-06-05
2023w24,3.461790630437442,3.376345615180163,0.08544501525727899,FALSE,no2,M8: AugSynth_FE Centro (Bel. dropped),AugSynth_FE,2023-06-12
2023w25,3.4324053087863486,3.2417513387814507,0.19065397000489792,FALSE,no2,M8: AugSynth_FE Centro (Bel. dropped),AugSynth_FE,2023-06-19
2023w26,3.447073250485089,3.3585602212422785,0.08851302924281068,FALSE,no2,M8: AugSynth_FE Centro (Bel. dropped),AugSynth_FE,2023-06-26
2023w27,3.6499480324451716,3.4697986566313284,0.18014937581384327,FALSE,no2,M8: AugSynth_FE Centro (Bel. dropped),AugSynth_FE,2023-07-03
2023w28,3.5974766306405925,3.5618297030152144,0.03564692762537813,FALSE,no2,M8: AugSynth_FE Centro (Bel. dropped),AugSynth_FE,2023-07-10
2023w29,3.2280998193957324,3.236717846926302,-0.008618027530569616,FALSE,no2,M8: AugSynth_FE Centro (Bel. dropped),AugSynth_FE,2023-07-17
2023w30,3.5560430580186044,3.522291949103455,0.03375110891514943,FALSE,no2,M8: AugSynth_FE Centro (Bel. dropped),AugSynth_FE,2023-07-24
2023w31,3.308253289352691,3.3172267909329434,-0.008973501580252563,FALSE,no2,M8: AugSynth_FE Centro (Bel. dropped),AugSynth_FE,2023-07-31
2023w32,3.2970460112367186,3.5337959385959663,-0.2367499273592477,FALSE,no2,M8: AugSynth_FE Centro (Bel. dropped),AugSynth_FE,2023-08-07
2023w33,3.754066202606751,3.5298420407932967,0.22422416181345417,FALSE,no2,M8: AugSynth_FE Centro (Bel. dropped),AugSynth_FE,2023-08-14
2023w34,3.7926462003958044,3.677773435508161,0.11487276488764353,FALSE,no2,M8: AugSynth_FE Centro (Bel. dropped),AugSynth_FE,2023-08-21
2023w35,3.485548742462061,3.503633539335635,-0.018084796873574227,FALSE,no2,M8: AugSynth_FE Centro (Bel. dropped),AugSynth_FE,2023-08-28
2023w36,3.5062078360556863,3.6469147515426115,-0.14070691548692515,FALSE,no2,M8: AugSynth_FE Centro (Bel. dropped),AugSynth_FE,2023-09-04
2023w37,3.447476459182883,3.6031567290490885,-0.15568026986620565,FALSE,no2,M8: AugSynth_FE Centro (Bel. dropped),AugSynth_FE,2023-09-11
2023w38,3.6507145167665214,3.709936382863327,-0.0592218660968058,FALSE,no2,M8: AugSynth_FE Centro (Bel. dropped),AugSynth_FE,2023-09-18
2023w39,3.943909194290468,3.9961789904612837,-0.05226979617081584,FALSE,no2,M8: AugSynth_FE Centro (Bel. dropped),AugSynth_FE,2023-09-25
2023w40,3.9228376491239807,3.91240401619275,0.010433632931230896,FALSE,no2,M8: AugSynth_FE Centro (Bel. dropped),AugSynth_FE,2023-10-02
2023w41,3.9435410521446914,3.9498847085626014,-0.006343656417910015,FALSE,no2,M8: AugSynth_FE Centro (Bel. dropped),AugSynth_FE,2023-10-09
2023w42,3.9355311770077255,3.8441290857483894,0.09140209125933607,FALSE,no2,M8: AugSynth_FE Centro (Bel. dropped),AugSynth_FE,2023-10-16
2023w43,3.886964992753961,3.8850074639673746,0.0019575287865865043,FALSE,no2,M8: AugSynth_FE Centro (Bel. dropped),AugSynth_FE,2023-10-23
2023w44,3.5929878553183427,3.680253840178728,-0.08726598486038517,FALSE,no2,M8: AugSynth_FE Centro (Bel. dropped),AugSynth_FE,2023-10-30
2023w45,3.6145688973387715,3.5943235444176946,0.020245352921076876,FALSE,no2,M8: AugSynth_FE Centro (Bel. dropped),AugSynth_FE,2023-11-06
2023w46,3.7956614589770945,3.6360328570798197,0.1596286018972748,FALSE,no2,M8: AugSynth_FE Centro (Bel. dropped),AugSynth_FE,2023-11-13
2023w47,3.7016722759126885,3.7269957246561463,-0.02532344874345771,FALSE,no2,M8: AugSynth_FE Centro (Bel. dropped),AugSynth_FE,2023-11-20
2023w48,3.587206575202634,3.593759942113472,-0.0065533669108379655,TRUE,no2,M8: AugSynth_FE Centro (Bel. dropped),AugSynth_FE,2023-11-27
2023w49,3.571408869639598,3.5583432897782448,0.01306557986135326,TRUE,no2,M8: AugSynth_FE Centro (Bel. dropped),AugSynth_FE,2023-12-04
2023w50,3.720814072644282,3.6531773515062698,0.06763672113801222,TRUE,no2,M8: AugSynth_FE Centro (Bel. dropped),AugSynth_FE,2023-12-11
2023w51,3.7864597824528,3.708703199746662,0.07775658270613794,TRUE,no2,M8: AugSynth_FE Centro (Bel. dropped),AugSynth_FE,2023-12-18
2023w52,3.4837497579939734,3.3926899153667516,0.09105984262722178,TRUE,no2,M8: AugSynth_FE Centro (Bel. dropped),AugSynth_FE,2023-12-25
2024w01,3.6493847034157967,3.542572065913198,0.10681263750259884,TRUE,no2,M8: AugSynth_FE Centro (Bel. dropped),AugSynth_FE,2024-01-01
2024w02,3.4555487730785863,3.4887162538736387,-0.033167480795052384,TRUE,no2,M8: AugSynth_FE Centro (Bel. dropped),AugSynth_FE,2024-01-08
2024w03,3.375617431059383,3.4857460908115145,-0.1101286597521316,TRUE,no2,M8: AugSynth_FE Centro (Bel. dropped),AugSynth_FE,2024-01-15
2024w04,3.414168448026634,3.3852527422106675,0.028915705815966586,TRUE,no2,M8: AugSynth_FE Centro (Bel. dropped),AugSynth_FE,2024-01-22
2024w05,3.595721955627687,3.6239823165062055,-0.028260360878518576,TRUE,no2,M8: AugSynth_FE Centro (Bel. dropped),AugSynth_FE,2024-01-29
2024w06,3.6472585294228357,3.624396925359633,0.02286160406320281,TRUE,no2,M8: AugSynth_FE Centro (Bel. dropped),AugSynth_FE,2024-02-05
2024w07,3.099521555470332,3.1850176038655946,-0.08549604839526248,TRUE,no2,M8: AugSynth_FE Centro (Bel. dropped),AugSynth_FE,2024-02-12
2024w08,3.387796883598909,3.5302726667404993,-0.14247578314159037,TRUE,no2,M8: AugSynth_FE Centro (Bel. dropped),AugSynth_FE,2024-02-19
2024w09,3.7833104596790363,3.8195394761220367,-0.03622901644300036,TRUE,no2,M8: AugSynth_FE Centro (Bel. dropped),AugSynth_FE,2024-02-26
2024w10,3.6307823645616377,3.6909076631244915,-0.06012529856285376,TRUE,no2,M8: AugSynth_FE Centro (Bel. dropped),AugSynth_FE,2024-03-04
2024w11,3.422371616893562,3.4537081005613413,-0.03133648366777919,TRUE,no2,M8: AugSynth_FE Centro (Bel. dropped),AugSynth_FE,2024-03-11
2024w12,3.661114209153167,3.7555627200053507,-0.09444851085218353,TRUE,no2,M8: AugSynth_FE Centro (Bel. dropped),AugSynth_FE,2024-03-18
2024w13,3.820616529580485,3.8552770103281584,-0.03466048074767336,TRUE,no2,M8: AugSynth_FE Centro (Bel. dropped),AugSynth_FE,2024-03-25
2024w14,3.6742563896925087,3.815169316175476,-0.14091292648296738,TRUE,no2,M8: AugSynth_FE Centro (Bel. dropped),AugSynth_FE,2024-04-01
2024w15,3.7130516060849215,3.792806997951133,-0.0797553918662115,TRUE,no2,M8: AugSynth_FE Centro (Bel. dropped),AugSynth_FE,2024-04-08
2024w16,3.7269697208610713,3.8358678203531213,-0.1088980994920501,TRUE,no2,M8: AugSynth_FE Centro (Bel. dropped),AugSynth_FE,2024-04-15
2024w17,3.7152211127841883,3.7280446723734872,-0.012823559589298927,TRUE,no2,M8: AugSynth_FE Centro (Bel. dropped),AugSynth_FE,2024-04-22
2024w18,3.549109595040774,3.539453315268024,0.009656279772749965,TRUE,no2,M8: AugSynth_FE Centro (Bel. dropped),AugSynth_FE,2024-04-29
2024w19,3.6990772790903823,3.6931183150642055,0.005958964026176794,TRUE,no2,M8: AugSynth_FE Centro (Bel. dropped),AugSynth_FE,2024-05-06
2024w20,3.513765857448189,3.5969469729604575,-0.08318111551226837,TRUE,no2,M8: AugSynth_FE Centro (Bel. dropped),AugSynth_FE,2024-05-13
2024w21,3.3282682016393976,3.351668807823581,-0.02340060618418338,TRUE,no2,M8: AugSynth_FE Centro (Bel. dropped),AugSynth_FE,2024-05-20
2024w22,3.464328663102245,3.467825742368856,-0.003497079266610914,TRUE,no2,M8: AugSynth_FE Centro (Bel. dropped),AugSynth_FE,2024-05-27
2024w23,3.220314789062455,3.1780865706995987,0.042228218362856396,TRUE,no2,M8: AugSynth_FE Centro (Bel. dropped),AugSynth_FE,2024-06-03
2024w24,3.311491468577662,3.2296432844647187,0.08184818411294348,TRUE,no2,M8: AugSynth_FE Centro (Bel. dropped),AugSynth_FE,2024-06-10
2024w25,3.649601405983703,3.6497992484407273,-1.9784245702414438e-4,TRUE,no2,M8: AugSynth_FE Centro (Bel. dropped),AugSynth_FE,2024-06-17
2024w26,3.4649334976254496,3.5276916505685243,-0.06275815294307474,TRUE,no2,M8: AugSynth_FE Centro (Bel. dropped),AugSynth_FE,2024-06-24
2024w27,3.3300235622076304,3.380555535468138,-0.05053197326050762,TRUE,no2,M8: AugSynth_FE Centro (Bel. dropped),AugSynth_FE,2024-07-01
2024w28,3.427233265101877,3.5430041581659655,-0.11577089306408839,TRUE,no2,M8: AugSynth_FE Centro (Bel. dropped),AugSynth_FE,2024-07-08
2024w29,3.22602355222652,3.29264157255239,-0.06661802032586994,TRUE,no2,M8: AugSynth_FE Centro (Bel. dropped),AugSynth_FE,2024-07-15
2024w30,3.3375710369577267,3.302663258628642,0.03490777832908476,TRUE,no2,M8: AugSynth_FE Centro (Bel. dropped),AugSynth_FE,2024-07-22
2024w31,3.36814604316544,3.2519162922425378,0.11622975092290222,TRUE,no2,M8: AugSynth_FE Centro (Bel. dropped),AugSynth_FE,2024-07-29
2024w32,3.6378843608740388,3.664998572847731,-0.027114211973692015,TRUE,no2,M8: AugSynth_FE Centro (Bel. dropped),AugSynth_FE,2024-08-05
2024w33,3.3355607763693125,3.4580547326251323,-0.12249395625581982,TRUE,no2,M8: AugSynth_FE Centro (Bel. dropped),AugSynth_FE,2024-08-12
2024w34,3.4586798170755175,3.589511485425421,-0.13083166834990356,TRUE,no2,M8: AugSynth_FE Centro (Bel. dropped),AugSynth_FE,2024-08-19
2024w35,3.3527888113431947,3.477173304423359,-0.1243844930801643,TRUE,no2,M8: AugSynth_FE Centro (Bel. dropped),AugSynth_FE,2024-08-26
2024w36,3.4335032164140706,3.6979842757112387,-0.26448105929716803,TRUE,no2,M8: AugSynth_FE Centro (Bel. dropped),AugSynth_FE,2024-09-02
2024w37,3.445724503712233,3.5498022811572776,-0.10407777744504454,TRUE,no2,M8: AugSynth_FE Centro (Bel. dropped),AugSynth_FE,2024-09-09
2024w38,3.590669239938634,3.7053963273904817,-0.11472708745184779,TRUE,no2,M8: AugSynth_FE Centro (Bel. dropped),AugSynth_FE,2024-09-16
2024w39,3.669858021605637,3.8439487139764625,-0.17409069237082564,TRUE,no2,M8: AugSynth_FE Centro (Bel. dropped),AugSynth_FE,2024-09-23
2024w40,4.026684135968928,4.142233410136054,-0.11554927416712601,TRUE,no2,M8: AugSynth_FE Centro (Bel. dropped),AugSynth_FE,2024-09-30
2024w41,3.851749155417421,3.9540103526366144,-0.10226119721919336,TRUE,no2,M8: AugSynth_FE Centro (Bel. dropped),AugSynth_FE,2024-10-07
2024w42,3.6861005966635005,3.719217957824784,-0.03311736116128339,TRUE,no2,M8: AugSynth_FE Centro (Bel. dropped),AugSynth_FE,2024-10-14
2024w43,3.7488371869426675,3.7617794152024713,-0.012942228259803734,TRUE,no2,M8: AugSynth_FE Centro (Bel. dropped),AugSynth_FE,2024-10-21
2024w44,3.6789132898020864,3.7212140599524473,-0.04230077015036082,TRUE,no2,M8: AugSynth_FE Centro (Bel. dropped),AugSynth_FE,2024-10-28
2024w45,3.721217562025881,3.845815540137024,-0.12459797811114282,TRUE,no2,M8: AugSynth_FE Centro (Bel. dropped),AugSynth_FE,2024-11-04
2024w46,3.867924816706348,3.919723329492842,-0.05179851278649439,TRUE,no2,M8: AugSynth_FE Centro (Bel. dropped),AugSynth_FE,2024-11-11
2024w47,3.74882149008047,3.7666421575366007,-0.017820667456130757,TRUE,no2,M8: AugSynth_FE Centro (Bel. dropped),AugSynth_FE,2024-11-18
2024w48,3.7239489346062706,3.7068229389624077,0.017125995643862968,TRUE,no2,M8: AugSynth_FE Centro (Bel. dropped),AugSynth_FE,2024-11-25
2024w49,3.7909470540709695,3.7434723061965425,0.04747474787442707,TRUE,no2,M8: AugSynth_FE Centro (Bel. dropped),AugSynth_FE,2024-12-02
2024w50,3.534124425037787,3.4895589089360635,0.044565516101723546,TRUE,no2,M8: AugSynth_FE Centro (Bel. dropped),AugSynth_FE,2024-12-09
2024w51,3.4364679957440747,3.524509058344523,-0.08804106260044842,TRUE,no2,M8: AugSynth_FE Centro (Bel. dropped),AugSynth_FE,2024-12-16
2024w52,3.4961539636045886,3.5167472927246677,-0.02059332912007905,TRUE,no2,M8: AugSynth_FE Centro (Bel. dropped),AugSynth_FE,2024-12-23
2025w01,3.2135416232774987,3.0953353184645263,0.11820630481297245,TRUE,no2,M8: AugSynth_FE Centro (Bel. dropped),AugSynth_FE,2024-12-30
2025w02,3.5077671658599665,3.5249705957843154,-0.017203429924348868,TRUE,no2,M8: AugSynth_FE Centro (Bel. dropped),AugSynth_FE,2025-01-06
2025w03,3.5430441058903916,3.5810413346524705,-0.037997228762078894,TRUE,no2,M8: AugSynth_FE Centro (Bel. dropped),AugSynth_FE,2025-01-13
2025w04,3.7929090845367672,3.783090332710154,0.00981875182661307,TRUE,no2,M8: AugSynth_FE Centro (Bel. dropped),AugSynth_FE,2025-01-20
2025w05,3.4143439193320426,3.3756670975081864,0.03867682182385623,TRUE,no2,M8: AugSynth_FE Centro (Bel. dropped),AugSynth_FE,2025-01-27
2025w06,3.7428071919726427,3.5531377253321494,0.18966946664049322,TRUE,no2,M8: AugSynth_FE Centro (Bel. dropped),AugSynth_FE,2025-02-03
2025w07,3.5582771009952934,3.436917992479473,0.12135910851582032,TRUE,no2,M8: AugSynth_FE Centro (Bel. dropped),AugSynth_FE,2025-02-10
2025w08,3.461665128429245,3.3529512447884815,0.10871388364076351,TRUE,no2,M8: AugSynth_FE Centro (Bel. dropped),AugSynth_FE,2025-02-17
2025w09,3.6353380205190176,3.210885482364528,0.42445253815448947,TRUE,no2,M8: AugSynth_FE Centro (Bel. dropped),AugSynth_FE,2025-02-24
2025w10,3.6387521463663552,3.2324753020201786,0.4062768443461766,TRUE,no2,M8: AugSynth_FE Centro (Bel. dropped),AugSynth_FE,2025-03-03
2025w11,3.7232824911359303,3.358384709195236,0.36489778194069444,TRUE,no2,M8: AugSynth_FE Centro (Bel. dropped),AugSynth_FE,2025-03-10
2025w12,3.6073439661314177,3.2941026323140807,0.313241333817337,TRUE,no2,M8: AugSynth_FE Centro (Bel. dropped),AugSynth_FE,2025-03-17
2025w13,3.6083217527427958,3.2753134114509943,0.33300834129180146,TRUE,no2,M8: AugSynth_FE Centro (Bel. dropped),AugSynth_FE,2025-03-24
2025w14,3.7059577856486876,3.391702139018441,0.3142556466302464,TRUE,no2,M8: AugSynth_FE Centro (Bel. dropped),AugSynth_FE,2025-03-31
2025w15,3.4742516242346366,3.405570598743661,0.06868102549097577,TRUE,no2,M8: AugSynth_FE Centro (Bel. dropped),AugSynth_FE,2025-04-07
2025w16,3.3728550614284734,3.398979566577067,-0.026124505148593435,TRUE,no2,M8: AugSynth_FE Centro (Bel. dropped),AugSynth_FE,2025-04-14
2025w17,3.7073576753597095,3.7498663702385744,-0.04250869487886488,TRUE,no2,M8: AugSynth_FE Centro (Bel. dropped),AugSynth_FE,2025-04-21
2025w18,3.5193151760953816,3.5158682979345617,0.0034468781608198995,TRUE,no2,M8: AugSynth_FE Centro (Bel. dropped),AugSynth_FE,2025-04-28
2025w19,3.440460828945056,3.5531203976900096,-0.11265956874495364,TRUE,no2,M8: AugSynth_FE Centro (Bel. dropped),AugSynth_FE,2025-05-05
2025w20,3.4009973616594884,3.2595478019193296,0.14144955974015883,TRUE,no2,M8: AugSynth_FE Centro (Bel. dropped),AugSynth_FE,2025-05-12
2025w21,3.3433210631314663,3.3679986307294962,-0.02467756759802997,TRUE,no2,M8: AugSynth_FE Centro (Bel. dropped),AugSynth_FE,2025-05-19
2025w22,3.2333177037654117,3.2090089573155574,0.024308746449854368,TRUE,no2,M8: AugSynth_FE Centro (Bel. dropped),AugSynth_FE,2025-05-26
2025w23,3.2719615119597902,3.2790170434508306,-0.007055531491040323,TRUE,no2,M8: AugSynth_FE Centro (Bel. dropped),AugSynth_FE,2025-06-02
2025w24,3.4336323028053175,3.3798862551014692,0.053746047703848276,TRUE,no2,M8: AugSynth_FE Centro (Bel. dropped),AugSynth_FE,2025-06-09
2025w25,2.4949028175077683,3.369055074395374,-0.8741522568876059,TRUE,no2,M8: AugSynth_FE Centro (Bel. dropped),AugSynth_FE,2025-06-16
2022w48,3.409110435154017,3.447345219430262,-0.03823478427624494,FALSE,no2,M8b: AugSynth_FE Centro (Bel. in pool),AugSynth_FE,2022-11-28
2022w49,3.8264179118855406,3.7147955281657055,0.11162238371983513,FALSE,no2,M8b: AugSynth_FE Centro (Bel. in pool),AugSynth_FE,2022-12-05
2022w50,3.525909442501763,3.5965384168341448,-0.07062897433238158,FALSE,no2,M8b: AugSynth_FE Centro (Bel. in pool),AugSynth_FE,2022-12-12
2022w51,3.6681153647612086,3.5576061404211154,0.11050922434009314,FALSE,no2,M8b: AugSynth_FE Centro (Bel. in pool),AugSynth_FE,2022-12-19
2022w52,3.74879794432518,3.673372380241842,0.07542556408333789,FALSE,no2,M8b: AugSynth_FE Centro (Bel. in pool),AugSynth_FE,2022-12-26
2023w01,3.7395804898175986,3.696979237671681,0.04260125214591781,FALSE,no2,M8b: AugSynth_FE Centro (Bel. in pool),AugSynth_FE,2023-01-02
2023w02,3.8134468313995202,3.7864375973097775,0.027009234089742762,FALSE,no2,M8b: AugSynth_FE Centro (Bel. in pool),AugSynth_FE,2023-01-09
2023w03,3.627766171255473,3.69145702469428,-0.06369085343880698,FALSE,no2,M8b: AugSynth_FE Centro (Bel. in pool),AugSynth_FE,2023-01-16
2023w04,3.3842094560406664,3.4835689326328603,-0.09935947659219391,FALSE,no2,M8b: AugSynth_FE Centro (Bel. in pool),AugSynth_FE,2023-01-23
2023w05,3.660377093641224,3.68794840894796,-0.027571315306735844,FALSE,no2,M8b: AugSynth_FE Centro (Bel. in pool),AugSynth_FE,2023-01-30
2023w06,3.6221438544994173,3.519358846846994,0.10278500765242349,FALSE,no2,M8b: AugSynth_FE Centro (Bel. in pool),AugSynth_FE,2023-02-06
2023w07,3.5605630113984876,3.588330042716548,-0.027767031318060464,FALSE,no2,M8b: AugSynth_FE Centro (Bel. in pool),AugSynth_FE,2023-02-13
2023w08,3.546163151912341,3.6069600027101627,-0.06079685079782182,FALSE,no2,M8b: AugSynth_FE Centro (Bel. in pool),AugSynth_FE,2023-02-20
2023w09,3.5542522231826434,3.5719135885896227,-0.017661365406979268,FALSE,no2,M8b: AugSynth_FE Centro (Bel. in pool),AugSynth_FE,2023-02-27
2023w10,3.4993016342052035,3.5015429020184063,-0.002241267813202885,FALSE,no2,M8b: AugSynth_FE Centro (Bel. in pool),AugSynth_FE,2023-03-06
2023w11,3.4278501315482126,3.5108944226959276,-0.08304429114771494,FALSE,no2,M8b: AugSynth_FE Centro (Bel. in pool),AugSynth_FE,2023-03-13
2023w12,3.6550985848110167,3.703815347477061,-0.0487167626660443,FALSE,no2,M8b: AugSynth_FE Centro (Bel. in pool),AugSynth_FE,2023-03-20
2023w13,3.796649564365561,3.804019382009827,-0.007369817644266252,FALSE,no2,M8b: AugSynth_FE Centro (Bel. in pool),AugSynth_FE,2023-03-27
2023w14,3.66505625514066,3.653434725144148,0.011621529996511892,FALSE,no2,M8b: AugSynth_FE Centro (Bel. in pool),AugSynth_FE,2023-04-03
2023w15,3.5693261023723237,3.582633839678994,-0.01330773730667012,FALSE,no2,M8b: AugSynth_FE Centro (Bel. in pool),AugSynth_FE,2023-04-10
2023w16,3.5955664453019454,3.694057122475186,-0.09849067717324056,FALSE,no2,M8b: AugSynth_FE Centro (Bel. in pool),AugSynth_FE,2023-04-17
2023w17,3.672529858236844,3.7057529688860837,-0.03322311064923955,FALSE,no2,M8b: AugSynth_FE Centro (Bel. in pool),AugSynth_FE,2023-04-24
2023w18,3.0155675800547614,3.1534720623776114,-0.1379044823228499,FALSE,no2,M8b: AugSynth_FE Centro (Bel. in pool),AugSynth_FE,2023-05-01
2023w19,3.4343097331123578,3.5149921107045685,-0.08068237759221075,FALSE,no2,M8b: AugSynth_FE Centro (Bel. in pool),AugSynth_FE,2023-05-08
2023w20,3.602513323453567,3.505326877947949,0.09718644550561795,FALSE,no2,M8b: AugSynth_FE Centro (Bel. in pool),AugSynth_FE,2023-05-15
2023w21,3.52979579378716,3.5178682657854763,0.01192752800168373,FALSE,no2,M8b: AugSynth_FE Centro (Bel. in pool),AugSynth_FE,2023-05-22
2023w22,3.4245557712393904,3.428440139033053,-0.0038843677936624132,FALSE,no2,M8b: AugSynth_FE Centro (Bel. in pool),AugSynth_FE,2023-05-29
2023w23,3.478209861804493,3.355372203262016,0.12283765854247708,FALSE,no2,M8b: AugSynth_FE Centro (Bel. in pool),AugSynth_FE,2023-06-05
2023w24,3.461790630437442,3.3212720542708274,0.14051857616661456,FALSE,no2,M8b: AugSynth_FE Centro (Bel. in pool),AugSynth_FE,2023-06-12
2023w25,3.4324053087863486,3.22644117459054,0.2059641341958085,FALSE,no2,M8b: AugSynth_FE Centro (Bel. in pool),AugSynth_FE,2023-06-19
2023w26,3.447073250485089,3.3245757821714843,0.12249746831360486,FALSE,no2,M8b: AugSynth_FE Centro (Bel. in pool),AugSynth_FE,2023-06-26
2023w27,3.6499480324451716,3.4590728672508932,0.19087516519427838,FALSE,no2,M8b: AugSynth_FE Centro (Bel. in pool),AugSynth_FE,2023-07-03
2023w28,3.5974766306405925,3.541852948792255,0.05562368184833755,FALSE,no2,M8b: AugSynth_FE Centro (Bel. in pool),AugSynth_FE,2023-07-10
2023w29,3.2280998193957324,3.247185434948952,-0.019085615553219526,FALSE,no2,M8b: AugSynth_FE Centro (Bel. in pool),AugSynth_FE,2023-07-17
2023w30,3.5560430580186044,3.518565236259268,0.03747782175933656,FALSE,no2,M8b: AugSynth_FE Centro (Bel. in pool),AugSynth_FE,2023-07-24
2023w31,3.308253289352691,3.35159328123383,-0.04333999188113902,FALSE,no2,M8b: AugSynth_FE Centro (Bel. in pool),AugSynth_FE,2023-07-31
2023w32,3.2970460112367186,3.4816050699498633,-0.1845590587131447,FALSE,no2,M8b: AugSynth_FE Centro (Bel. in pool),AugSynth_FE,2023-08-07
2023w33,3.754066202606751,3.646457101976858,0.10760910062989293,FALSE,no2,M8b: AugSynth_FE Centro (Bel. in pool),AugSynth_FE,2023-08-14
2023w34,3.7926462003958044,3.7199068715262498,0.07273932886955459,FALSE,no2,M8b: AugSynth_FE Centro (Bel. in pool),AugSynth_FE,2023-08-21
2023w35,3.485548742462061,3.545031130389759,-0.059482387927698,FALSE,no2,M8b: AugSynth_FE Centro (Bel. in pool),AugSynth_FE,2023-08-28
2023w36,3.5062078360556863,3.64869016248931,-0.1424823264336239,FALSE,no2,M8b: AugSynth_FE Centro (Bel. in pool),AugSynth_FE,2023-09-04
2023w37,3.447476459182883,3.594396477686278,-0.14692001850339498,FALSE,no2,M8b: AugSynth_FE Centro (Bel. in pool),AugSynth_FE,2023-09-11
2023w38,3.6507145167665214,3.67676717617499,-0.02605265940846868,FALSE,no2,M8b: AugSynth_FE Centro (Bel. in pool),AugSynth_FE,2023-09-18
2023w39,3.943909194290468,4.027513124865138,-0.08360393057466986,FALSE,no2,M8b: AugSynth_FE Centro (Bel. in pool),AugSynth_FE,2023-09-25
2023w40,3.9228376491239807,3.946101760716357,-0.023264111592376402,FALSE,no2,M8b: AugSynth_FE Centro (Bel. in pool),AugSynth_FE,2023-10-02
2023w41,3.9435410521446914,3.9330240405959236,0.01051701154876783,FALSE,no2,M8b: AugSynth_FE Centro (Bel. in pool),AugSynth_FE,2023-10-09
2023w42,3.9355311770077255,3.8242990952955336,0.1112320817121919,FALSE,no2,M8b: AugSynth_FE Centro (Bel. in pool),AugSynth_FE,2023-10-16
2023w43,3.886964992753961,3.912179578510658,-0.025214585756696994,FALSE,no2,M8b: AugSynth_FE Centro (Bel. in pool),AugSynth_FE,2023-10-23
2023w44,3.5929878553183427,3.668837828226574,-0.07584997290823114,FALSE,no2,M8b: AugSynth_FE Centro (Bel. in pool),AugSynth_FE,2023-10-30
2023w45,3.6145688973387715,3.603578485515685,0.010990411823086355,FALSE,no2,M8b: AugSynth_FE Centro (Bel. in pool),AugSynth_FE,2023-11-06
2023w46,3.7956614589770945,3.704876144766453,0.0907853142106414,FALSE,no2,M8b: AugSynth_FE Centro (Bel. in pool),AugSynth_FE,2023-11-13
2023w47,3.7016722759126885,3.8275979974314622,-0.12592572151877368,FALSE,no2,M8b: AugSynth_FE Centro (Bel. in pool),AugSynth_FE,2023-11-20
2023w48,3.587206575202634,3.604862971280843,-0.017656396078209013,TRUE,no2,M8b: AugSynth_FE Centro (Bel. in pool),AugSynth_FE,2023-11-27
2023w49,3.571408869639598,3.653772090225995,-0.08236322058639711,TRUE,no2,M8b: AugSynth_FE Centro (Bel. in pool),AugSynth_FE,2023-12-04
2023w50,3.720814072644282,3.635802890020295,0.08501118262398677,TRUE,no2,M8b: AugSynth_FE Centro (Bel. in pool),AugSynth_FE,2023-12-11
2023w51,3.7864597824528,3.728855941097802,0.057603841354997964,TRUE,no2,M8b: AugSynth_FE Centro (Bel. in pool),AugSynth_FE,2023-12-18
2023w52,3.4837497579939734,3.451221248974275,0.032528509019698504,TRUE,no2,M8b: AugSynth_FE Centro (Bel. in pool),AugSynth_FE,2023-12-25
2024w01,3.6493847034157967,3.6241285442919167,0.025256159123880018,TRUE,no2,M8b: AugSynth_FE Centro (Bel. in pool),AugSynth_FE,2024-01-01
2024w02,3.4555487730785863,3.512025181652887,-0.056476408574300585,TRUE,no2,M8b: AugSynth_FE Centro (Bel. in pool),AugSynth_FE,2024-01-08
2024w03,3.375617431059383,3.4440041726325297,-0.06838674157314673,TRUE,no2,M8b: AugSynth_FE Centro (Bel. in pool),AugSynth_FE,2024-01-15
2024w04,3.414168448026634,3.4439443256837907,-0.029775877657156613,TRUE,no2,M8b: AugSynth_FE Centro (Bel. in pool),AugSynth_FE,2024-01-22
2024w05,3.595721955627687,3.686978733384642,-0.09125677775695529,TRUE,no2,M8b: AugSynth_FE Centro (Bel. in pool),AugSynth_FE,2024-01-29
2024w06,3.6472585294228357,3.667079804478292,-0.0198212750554565,TRUE,no2,M8b: AugSynth_FE Centro (Bel. in pool),AugSynth_FE,2024-02-05
2024w07,3.099521555470332,3.2435151944185248,-0.14399363894819261,TRUE,no2,M8b: AugSynth_FE Centro (Bel. in pool),AugSynth_FE,2024-02-12
2024w08,3.387796883598909,3.574226565137196,-0.1864296815382871,TRUE,no2,M8b: AugSynth_FE Centro (Bel. in pool),AugSynth_FE,2024-02-19
2024w09,3.7833104596790363,3.850769308763797,-0.06745884908476052,TRUE,no2,M8b: AugSynth_FE Centro (Bel. in pool),AugSynth_FE,2024-02-26
2024w10,3.6307823645616377,3.6986283334458765,-0.06784596888423877,TRUE,no2,M8b: AugSynth_FE Centro (Bel. in pool),AugSynth_FE,2024-03-04
2024w11,3.422371616893562,3.523727130620527,-0.10135551372696483,TRUE,no2,M8b: AugSynth_FE Centro (Bel. in pool),AugSynth_FE,2024-03-11
2024w12,3.661114209153167,3.7637261358698115,-0.10261192671664432,TRUE,no2,M8b: AugSynth_FE Centro (Bel. in pool),AugSynth_FE,2024-03-18
2024w13,3.820616529580485,3.8840148308424456,-0.06339830126196055,TRUE,no2,M8b: AugSynth_FE Centro (Bel. in pool),AugSynth_FE,2024-03-25
2024w14,3.6742563896925087,3.8456056820585767,-0.171349292366068,TRUE,no2,M8b: AugSynth_FE Centro (Bel. in pool),AugSynth_FE,2024-04-01
2024w15,3.7130516060849215,3.7485533676761396,-0.035501761591218095,TRUE,no2,M8b: AugSynth_FE Centro (Bel. in pool),AugSynth_FE,2024-04-08
2024w16,3.7269697208610713,3.851534313729836,-0.12456459286876465,TRUE,no2,M8b: AugSynth_FE Centro (Bel. in pool),AugSynth_FE,2024-04-15
2024w17,3.7152211127841883,3.809355405652385,-0.09413429286819675,TRUE,no2,M8b: AugSynth_FE Centro (Bel. in pool),AugSynth_FE,2024-04-22
2024w18,3.549109595040774,3.586314466859023,-0.03720487181824916,TRUE,no2,M8b: AugSynth_FE Centro (Bel. in pool),AugSynth_FE,2024-04-29
2024w19,3.6990772790903823,3.6839230118054545,0.015154267284927858,TRUE,no2,M8b: AugSynth_FE Centro (Bel. in pool),AugSynth_FE,2024-05-06
2024w20,3.513765857448189,3.625225893027426,-0.111460035579237,TRUE,no2,M8b: AugSynth_FE Centro (Bel. in pool),AugSynth_FE,2024-05-13
2024w21,3.3282682016393976,3.3565374325115225,-0.02826923087212485,TRUE,no2,M8b: AugSynth_FE Centro (Bel. in pool),AugSynth_FE,2024-05-20
2024w22,3.464328663102245,3.4891898439802604,-0.024861180878015254,TRUE,no2,M8b: AugSynth_FE Centro (Bel. in pool),AugSynth_FE,2024-05-27
2024w23,3.220314789062455,3.294490175766662,-0.07417538670420676,TRUE,no2,M8b: AugSynth_FE Centro (Bel. in pool),AugSynth_FE,2024-06-03
2024w24,3.311491468577662,3.3845257140959943,-0.07303424551833215,TRUE,no2,M8b: AugSynth_FE Centro (Bel. in pool),AugSynth_FE,2024-06-10
2024w25,3.649601405983703,3.6919052060963216,-0.04230380011261836,TRUE,no2,M8b: AugSynth_FE Centro (Bel. in pool),AugSynth_FE,2024-06-17
2024w26,3.4649334976254496,3.579407913729805,-0.11447441610435538,TRUE,no2,M8b: AugSynth_FE Centro (Bel. in pool),AugSynth_FE,2024-06-24
2024w27,3.3300235622076304,3.4299043803813154,-0.099880818173685,TRUE,no2,M8b: AugSynth_FE Centro (Bel. in pool),AugSynth_FE,2024-07-01
2024w28,3.427233265101877,3.5092080055683956,-0.08197474046651854,TRUE,no2,M8b: AugSynth_FE Centro (Bel. in pool),AugSynth_FE,2024-07-08
2024w29,3.22602355222652,3.3094788577139598,-0.08345530548743962,TRUE,no2,M8b: AugSynth_FE Centro (Bel. in pool),AugSynth_FE,2024-07-15
2024w30,3.3375710369577267,3.3400012458214263,-0.002430208863699601,TRUE,no2,M8b: AugSynth_FE Centro (Bel. in pool),AugSynth_FE,2024-07-22
2024w31,3.36814604316544,3.3256616389826243,0.04248440418281563,TRUE,no2,M8b: AugSynth_FE Centro (Bel. in pool),AugSynth_FE,2024-07-29
2024w32,3.6378843608740388,3.668390515034784,-0.030506154160745425,TRUE,no2,M8b: AugSynth_FE Centro (Bel. in pool),AugSynth_FE,2024-08-05
2024w33,3.3355607763693125,3.4100968900324444,-0.07453611366313195,TRUE,no2,M8b: AugSynth_FE Centro (Bel. in pool),AugSynth_FE,2024-08-12
2024w34,3.4586798170755175,3.5803282011138426,-0.12164838403832512,TRUE,no2,M8b: AugSynth_FE Centro (Bel. in pool),AugSynth_FE,2024-08-19
2024w35,3.3527888113431947,3.4322902895563905,-0.07950147821319575,TRUE,no2,M8b: AugSynth_FE Centro (Bel. in pool),AugSynth_FE,2024-08-26
2024w36,3.4335032164140706,3.662789693631462,-0.22928647721739148,TRUE,no2,M8b: AugSynth_FE Centro (Bel. in pool),AugSynth_FE,2024-09-02
2024w37,3.445724503712233,3.562858486787729,-0.11713398307549605,TRUE,no2,M8b: AugSynth_FE Centro (Bel. in pool),AugSynth_FE,2024-09-09
2024w38,3.590669239938634,3.6683549657258387,-0.07768572578720478,TRUE,no2,M8b: AugSynth_FE Centro (Bel. in pool),AugSynth_FE,2024-09-16
2024w39,3.669858021605637,3.8248651615936016,-0.15500713998796467,TRUE,no2,M8b: AugSynth_FE Centro (Bel. in pool),AugSynth_FE,2024-09-23
2024w40,4.026684135968928,4.130361077896934,-0.10367694192800592,TRUE,no2,M8b: AugSynth_FE Centro (Bel. in pool),AugSynth_FE,2024-09-30
2024w41,3.851749155417421,3.957214732626303,-0.10546557720888217,TRUE,no2,M8b: AugSynth_FE Centro (Bel. in pool),AugSynth_FE,2024-10-07
2024w42,3.6861005966635005,3.775772339352218,-0.08967174268871725,TRUE,no2,M8b: AugSynth_FE Centro (Bel. in pool),AugSynth_FE,2024-10-14
2024w43,3.7488371869426675,3.8554333119245765,-0.10659612498190896,TRUE,no2,M8b: AugSynth_FE Centro (Bel. in pool),AugSynth_FE,2024-10-21
2024w44,3.6789132898020864,3.753834322308011,-0.07492103250592441,TRUE,no2,M8b: AugSynth_FE Centro (Bel. in pool),AugSynth_FE,2024-10-28
2024w45,3.721217562025881,3.8170558605810574,-0.09583829855517623,TRUE,no2,M8b: AugSynth_FE Centro (Bel. in pool),AugSynth_FE,2024-11-04
2024w46,3.867924816706348,3.88683069203387,-0.018905875327522192,TRUE,no2,M8b: AugSynth_FE Centro (Bel. in pool),AugSynth_FE,2024-11-11
2024w47,3.74882149008047,3.8493063447662843,-0.10048485468581436,TRUE,no2,M8b: AugSynth_FE Centro (Bel. in pool),AugSynth_FE,2024-11-18
2024w48,3.7239489346062706,3.8148947225115837,-0.09094578790531305,TRUE,no2,M8b: AugSynth_FE Centro (Bel. in pool),AugSynth_FE,2024-11-25
2024w49,3.7909470540709695,3.789477212368399,0.0014698417025704735,TRUE,no2,M8b: AugSynth_FE Centro (Bel. in pool),AugSynth_FE,2024-12-02
2024w50,3.534124425037787,3.5603615160898014,-0.02623709105201444,TRUE,no2,M8b: AugSynth_FE Centro (Bel. in pool),AugSynth_FE,2024-12-09
2024w51,3.4364679957440747,3.565600023334902,-0.1291320275908272,TRUE,no2,M8b: AugSynth_FE Centro (Bel. in pool),AugSynth_FE,2024-12-16
2024w52,3.4961539636045886,3.5401519632386527,-0.04399799963406403,TRUE,no2,M8b: AugSynth_FE Centro (Bel. in pool),AugSynth_FE,2024-12-23
2025w01,3.2135416232774987,3.1930369719666905,0.020504651310808253,TRUE,no2,M8b: AugSynth_FE Centro (Bel. in pool),AugSynth_FE,2024-12-30
2025w02,3.5077671658599665,3.605402865654032,-0.09763569979406528,TRUE,no2,M8b: AugSynth_FE Centro (Bel. in pool),AugSynth_FE,2025-01-06
2025w03,3.5430441058903916,3.640408548152401,-0.09736444226200947,TRUE,no2,M8b: AugSynth_FE Centro (Bel. in pool),AugSynth_FE,2025-01-13
2025w04,3.7929090845367672,3.8231261769118943,-0.03021709237512704,TRUE,no2,M8b: AugSynth_FE Centro (Bel. in pool),AugSynth_FE,2025-01-20
2025w05,3.4143439193320426,3.4045831755385167,0.009760743793525872,TRUE,no2,M8b: AugSynth_FE Centro (Bel. in pool),AugSynth_FE,2025-01-27
2025w06,3.7428071919726427,3.6580086734789052,0.08479851849373743,TRUE,no2,M8b: AugSynth_FE Centro (Bel. in pool),AugSynth_FE,2025-02-03
2025w07,3.5582771009952934,3.5213978591975104,0.03687924179778301,TRUE,no2,M8b: AugSynth_FE Centro (Bel. in pool),AugSynth_FE,2025-02-10
2025w08,3.461665128429245,3.4271892685482883,0.034475859880956694,TRUE,no2,M8b: AugSynth_FE Centro (Bel. in pool),AugSynth_FE,2025-02-17
2025w09,3.6353380205190176,3.4547613952638168,0.1805766252552008,TRUE,no2,M8b: AugSynth_FE Centro (Bel. in pool),AugSynth_FE,2025-02-24
2025w10,3.6387521463663552,3.49662446916432,0.14212767720203523,TRUE,no2,M8b: AugSynth_FE Centro (Bel. in pool),AugSynth_FE,2025-03-03
2025w11,3.7232824911359303,3.6228986864409918,0.10038380469493857,TRUE,no2,M8b: AugSynth_FE Centro (Bel. in pool),AugSynth_FE,2025-03-10
2025w12,3.6073439661314177,3.53589846240142,0.07144550372999792,TRUE,no2,M8b: AugSynth_FE Centro (Bel. in pool),AugSynth_FE,2025-03-17
2025w13,3.6083217527427958,3.503882585824972,0.10443916691782373,TRUE,no2,M8b: AugSynth_FE Centro (Bel. in pool),AugSynth_FE,2025-03-24
2025w14,3.7059577856486876,3.631568361880573,0.07438942376811442,TRUE,no2,M8b: AugSynth_FE Centro (Bel. in pool),AugSynth_FE,2025-03-31
2025w15,3.4742516242346366,3.4985961225692077,-0.024344498334571085,TRUE,no2,M8b: AugSynth_FE Centro (Bel. in pool),AugSynth_FE,2025-04-07
2025w16,3.3728550614284734,3.464102222829447,-0.09124716140097355,TRUE,no2,M8b: AugSynth_FE Centro (Bel. in pool),AugSynth_FE,2025-04-14
2025w17,3.7073576753597095,3.8129187529476107,-0.10556107758790123,TRUE,no2,M8b: AugSynth_FE Centro (Bel. in pool),AugSynth_FE,2025-04-21
2025w18,3.5193151760953816,3.612425033404511,-0.09310985730912957,TRUE,no2,M8b: AugSynth_FE Centro (Bel. in pool),AugSynth_FE,2025-04-28
2025w19,3.440460828945056,3.5663105154452097,-0.1258496865001537,TRUE,no2,M8b: AugSynth_FE Centro (Bel. in pool),AugSynth_FE,2025-05-05
2025w20,3.4009973616594884,3.3994969182909007,0.0015004433685876783,TRUE,no2,M8b: AugSynth_FE Centro (Bel. in pool),AugSynth_FE,2025-05-12
2025w21,3.3433210631314663,3.457095116938654,-0.11377405380718786,TRUE,no2,M8b: AugSynth_FE Centro (Bel. in pool),AugSynth_FE,2025-05-19
2025w22,3.2333177037654117,3.2934916758764756,-0.0601739721110639,TRUE,no2,M8b: AugSynth_FE Centro (Bel. in pool),AugSynth_FE,2025-05-26
2025w23,3.2719615119597902,3.34410824130537,-0.07214672934557997,TRUE,no2,M8b: AugSynth_FE Centro (Bel. in pool),AugSynth_FE,2025-06-02
2025w24,3.4336323028053175,3.51677742493923,-0.08314512213391234,TRUE,no2,M8b: AugSynth_FE Centro (Bel. in pool),AugSynth_FE,2025-06-09
2025w25,2.4949028175077683,3.3675274902271894,-0.8726246727194211,TRUE,no2,M8b: AugSynth_FE Centro (Bel. in pool),AugSynth_FE,2025-06-16
2022w48,3.448902301081816,3.394739991298608,0.054162309783207796,FALSE,no2,M9: AugSynth_FE Belisario (Centro dropped),AugSynth_FE,2022-11-28
2022w49,3.577621955750986,3.7714254701676997,-0.19380351441671362,FALSE,no2,M9: AugSynth_FE Belisario (Centro dropped),AugSynth_FE,2022-12-05
2022w50,3.563476838044088,3.5855360120789848,-0.022059174034896767,FALSE,no2,M9: AugSynth_FE Belisario (Centro dropped),AugSynth_FE,2022-12-12
2022w51,3.588617032175542,3.5046318461774675,0.08398518599807447,FALSE,no2,M9: AugSynth_FE Belisario (Centro dropped),AugSynth_FE,2022-12-19
2022w52,3.5526491847004125,3.7340741619572073,-0.18142497725679485,FALSE,no2,M9: AugSynth_FE Belisario (Centro dropped),AugSynth_FE,2022-12-26
2023w01,3.575328077346364,3.749314470744301,-0.1739863933979371,FALSE,no2,M9: AugSynth_FE Belisario (Centro dropped),AugSynth_FE,2023-01-02
2023w02,3.7219918055641386,3.8197286681425267,-0.0977368625783881,FALSE,no2,M9: AugSynth_FE Belisario (Centro dropped),AugSynth_FE,2023-01-09
2023w03,3.6294124952803886,3.706692424034468,-0.0772799287540793,FALSE,no2,M9: AugSynth_FE Belisario (Centro dropped),AugSynth_FE,2023-01-16
2023w04,3.400597201590123,3.513422412496515,-0.11282521090639186,FALSE,no2,M9: AugSynth_FE Belisario (Centro dropped),AugSynth_FE,2023-01-23
2023w05,3.6587981820754814,3.6655146678953088,-0.0067164858198274224,FALSE,no2,M9: AugSynth_FE Belisario (Centro dropped),AugSynth_FE,2023-01-30
2023w06,3.4528538045550135,3.5605965156538595,-0.10774271109884603,FALSE,no2,M9: AugSynth_FE Belisario (Centro dropped),AugSynth_FE,2023-02-06
2023w07,3.556918256658931,3.530317152884355,0.026601103774575918,FALSE,no2,M9: AugSynth_FE Belisario (Centro dropped),AugSynth_FE,2023-02-13
2023w08,3.508935069605733,3.5844131244131425,-0.07547805480740966,FALSE,no2,M9: AugSynth_FE Belisario (Centro dropped),AugSynth_FE,2023-02-20
2023w09,3.582059540719759,3.5246427063269987,0.05741683439276013,FALSE,no2,M9: AugSynth_FE Belisario (Centro dropped),AugSynth_FE,2023-02-27
2023w10,3.496547964690663,3.42909110344781,0.067456861242853,FALSE,no2,M9: AugSynth_FE Belisario (Centro dropped),AugSynth_FE,2023-03-06
2023w11,3.4054262053477413,3.4986476168114815,-0.09322141146374019,FALSE,no2,M9: AugSynth_FE Belisario (Centro dropped),AugSynth_FE,2023-03-13
2023w12,3.664390362478437,3.6213608696875834,0.04302949279085366,FALSE,no2,M9: AugSynth_FE Belisario (Centro dropped),AugSynth_FE,2023-03-20
2023w13,3.7689144694501944,3.7391010921926235,0.029813377257570828,FALSE,no2,M9: AugSynth_FE Belisario (Centro dropped),AugSynth_FE,2023-03-27
2023w14,3.6211358020274167,3.5766530228343743,0.04448277919304244,FALSE,no2,M9: AugSynth_FE Belisario (Centro dropped),AugSynth_FE,2023-04-03
2023w15,3.5552909169995557,3.512483585605607,0.042807331393948544,FALSE,no2,M9: AugSynth_FE Belisario (Centro dropped),AugSynth_FE,2023-04-10
2023w16,3.7163568036090044,3.5859577439225987,0.13039905968640575,FALSE,no2,M9: AugSynth_FE Belisario (Centro dropped),AugSynth_FE,2023-04-17
2023w17,3.677043012337981,3.6675084844812713,0.009534527856709829,FALSE,no2,M9: AugSynth_FE Belisario (Centro dropped),AugSynth_FE,2023-04-24
2023w18,3.1117507903993364,3.198548140704546,-0.08679735030520952,FALSE,no2,M9: AugSynth_FE Belisario (Centro dropped),AugSynth_FE,2023-05-01
2023w19,3.479042805279339,3.522525285758955,-0.043482480479616115,FALSE,no2,M9: AugSynth_FE Belisario (Centro dropped),AugSynth_FE,2023-05-08
2023w20,3.548697423514074,3.4228533273776405,0.12584409613643333,FALSE,no2,M9: AugSynth_FE Belisario (Centro dropped),AugSynth_FE,2023-05-15
2023w21,3.517804417459713,3.4279789610915117,0.08982545636820127,FALSE,no2,M9: AugSynth_FE Belisario (Centro dropped),AugSynth_FE,2023-05-22
2023w22,3.36089608488863,3.4198376668730566,-0.05894158198442678,FALSE,no2,M9: AugSynth_FE Belisario (Centro dropped),AugSynth_FE,2023-05-29
2023w23,3.369546169635059,3.3089709919497157,0.06057517768534337,FALSE,no2,M9: AugSynth_FE Belisario (Centro dropped),AugSynth_FE,2023-06-05
2023w24,3.2484087368069567,3.3555275578589066,-0.10711882105194981,FALSE,no2,M9: AugSynth_FE Belisario (Centro dropped),AugSynth_FE,2023-06-12
2023w25,3.2101310337266065,3.2329406968480177,-0.022809663121411194,FALSE,no2,M9: AugSynth_FE Belisario (Centro dropped),AugSynth_FE,2023-06-19
2023w26,3.2774465742259804,3.3401587187127673,-0.06271214448678686,FALSE,no2,M9: AugSynth_FE Belisario (Centro dropped),AugSynth_FE,2023-06-26
2023w27,3.3853389657276973,3.405683681002204,-0.020344715274506875,FALSE,no2,M9: AugSynth_FE Belisario (Centro dropped),AugSynth_FE,2023-07-03
2023w28,3.493340936837133,3.529092110649102,-0.03575117381196913,FALSE,no2,M9: AugSynth_FE Belisario (Centro dropped),AugSynth_FE,2023-07-10
2023w29,3.25588897494102,3.228552875732907,0.027336099208112863,FALSE,no2,M9: AugSynth_FE Belisario (Centro dropped),AugSynth_FE,2023-07-17
2023w30,3.4990900824724607,3.498885985504368,2.0409696809275957e-4,FALSE,no2,M9: AugSynth_FE Belisario (Centro dropped),AugSynth_FE,2023-07-24
2023w31,3.390574491358242,3.3202159542198904,0.07035853713835172,FALSE,no2,M9: AugSynth_FE Belisario (Centro dropped),AugSynth_FE,2023-07-31
2023w32,3.417453422237161,3.5175804734403533,-0.10012705120319243,FALSE,no2,M9: AugSynth_FE Belisario (Centro dropped),AugSynth_FE,2023-08-07
2023w33,3.719004439085856,3.4870673557688336,0.23193708331702245,FALSE,no2,M9: AugSynth_FE Belisario (Centro dropped),AugSynth_FE,2023-08-14
2023w34,3.7512750558389096,3.674156751015982,0.07711830482292781,FALSE,no2,M9: AugSynth_FE Belisario (Centro dropped),AugSynth_FE,2023-08-21
2023w35,3.6113502516046982,3.536261060894724,0.07508919070997422,FALSE,no2,M9: AugSynth_FE Belisario (Centro dropped),AugSynth_FE,2023-08-28
2023w36,3.6594334788405236,3.669120825840487,-0.009687346999963431,FALSE,no2,M9: AugSynth_FE Belisario (Centro dropped),AugSynth_FE,2023-09-04
2023w37,3.590319833925296,3.614520288497094,-0.02420045457179798,FALSE,no2,M9: AugSynth_FE Belisario (Centro dropped),AugSynth_FE,2023-09-11
2023w38,3.6700193824725797,3.7385258769903613,-0.06850649451778157,FALSE,no2,M9: AugSynth_FE Belisario (Centro dropped),AugSynth_FE,2023-09-18
2023w39,4.065693570018527,4.007063108837966,0.058630461180561255,FALSE,no2,M9: AugSynth_FE Belisario (Centro dropped),AugSynth_FE,2023-09-25
2023w40,3.9568306466956296,3.881636219185707,0.07519442750992278,FALSE,no2,M9: AugSynth_FE Belisario (Centro dropped),AugSynth_FE,2023-10-02
2023w41,3.926747400826528,3.965878086370265,-0.039130685543737,FALSE,no2,M9: AugSynth_FE Belisario (Centro dropped),AugSynth_FE,2023-10-09
2023w42,3.811952178370333,3.8466365297244036,-0.034684351354070664,FALSE,no2,M9: AugSynth_FE Belisario (Centro dropped),AugSynth_FE,2023-10-16
2023w43,3.923760517199579,3.8744722956410484,0.04928822155853041,FALSE,no2,M9: AugSynth_FE Belisario (Centro dropped),AugSynth_FE,2023-10-23
2023w44,3.6297750303773144,3.6562434774797747,-0.026468447102460324,FALSE,no2,M9: AugSynth_FE Belisario (Centro dropped),AugSynth_FE,2023-10-30
2023w45,3.609430320240611,3.591468204685925,0.017962115554686076,FALSE,no2,M9: AugSynth_FE Belisario (Centro dropped),AugSynth_FE,2023-11-06
2023w46,3.7767834881222684,3.640308406676859,0.13647508144540943,FALSE,no2,M9: AugSynth_FE Belisario (Centro dropped),AugSynth_FE,2023-11-13
2023w47,3.9175609758565684,3.720050702486237,0.19751027337033156,FALSE,no2,M9: AugSynth_FE Belisario (Centro dropped),AugSynth_FE,2023-11-20
2023w48,3.6219915085723047,3.597553654228892,0.024437854343412724,TRUE,no2,M9: AugSynth_FE Belisario (Centro dropped),AugSynth_FE,2023-11-27
2023w49,3.7442274338102486,3.556251816529118,0.18797561728113044,TRUE,no2,M9: AugSynth_FE Belisario (Centro dropped),AugSynth_FE,2023-12-04
2023w50,3.609980536507519,3.645133721810865,-0.03515318530334577,TRUE,no2,M9: AugSynth_FE Belisario (Centro dropped),AugSynth_FE,2023-12-11
2023w51,3.7166324196937586,3.681025504425031,0.0356069152687275,TRUE,no2,M9: AugSynth_FE Belisario (Centro dropped),AugSynth_FE,2023-12-18
2023w52,3.477849733183238,3.375407407984463,0.10244232519877494,TRUE,no2,M9: AugSynth_FE Belisario (Centro dropped),AugSynth_FE,2023-12-25
2024w01,3.667936677094011,3.5159156138774885,0.15202106321652264,TRUE,no2,M9: AugSynth_FE Belisario (Centro dropped),AugSynth_FE,2024-01-01
2024w02,3.4934625260077405,3.4621250713157607,0.031337454691979794,TRUE,no2,M9: AugSynth_FE Belisario (Centro dropped),AugSynth_FE,2024-01-08
2024w03,3.371070306873237,3.4723679954400772,-0.10129768856684018,TRUE,no2,M9: AugSynth_FE Belisario (Centro dropped),AugSynth_FE,2024-01-15
2024w04,3.4980820788389377,3.388748945319495,0.10933313351944252,TRUE,no2,M9: AugSynth_FE Belisario (Centro dropped),AugSynth_FE,2024-01-22
2024w05,3.7379314887542083,3.617132396890079,0.12079909186412952,TRUE,no2,M9: AugSynth_FE Belisario (Centro dropped),AugSynth_FE,2024-01-29
2024w06,3.708518669366285,3.630640256000728,0.07787841336555701,TRUE,no2,M9: AugSynth_FE Belisario (Centro dropped),AugSynth_FE,2024-02-05
2024w07,3.283176817798181,3.181610605961719,0.10156621183646175,TRUE,no2,M9: AugSynth_FE Belisario (Centro dropped),AugSynth_FE,2024-02-12
2024w08,3.5774077102900743,3.502737515363553,0.07467019492652138,TRUE,no2,M9: AugSynth_FE Belisario (Centro dropped),AugSynth_FE,2024-02-19
2024w09,3.8555231981886613,3.809081905307147,0.04644129288151433,TRUE,no2,M9: AugSynth_FE Belisario (Centro dropped),AugSynth_FE,2024-02-26
2024w10,3.6808052788463623,3.674984561946642,0.005820716899720413,TRUE,no2,M9: AugSynth_FE Belisario (Centro dropped),AugSynth_FE,2024-03-04
2024w11,3.5971661311906042,3.4659420533401346,0.13122407785046963,TRUE,no2,M9: AugSynth_FE Belisario (Centro dropped),AugSynth_FE,2024-03-11
2024w12,3.7420805108983513,3.7444126185485893,-0.0023321076502380578,TRUE,no2,M9: AugSynth_FE Belisario (Centro dropped),AugSynth_FE,2024-03-18
2024w13,3.8692477155791636,3.8318706054351206,0.03737711014404299,TRUE,no2,M9: AugSynth_FE Belisario (Centro dropped),AugSynth_FE,2024-03-25
2024w14,3.823322930663427,3.783132087713549,0.04019084294987785,TRUE,no2,M9: AugSynth_FE Belisario (Centro dropped),AugSynth_FE,2024-04-01
2024w15,3.679922796071044,3.7879195462038155,-0.10799675013277144,TRUE,no2,M9: AugSynth_FE Belisario (Centro dropped),AugSynth_FE,2024-04-08
2024w16,3.8422369623208783,3.8270588968859025,0.015178065434975796,TRUE,no2,M9: AugSynth_FE Belisario (Centro dropped),AugSynth_FE,2024-04-15
2024w17,3.8674997251484666,3.7180871905187924,0.1494125346296742,TRUE,no2,M9: AugSynth_FE Belisario (Centro dropped),AugSynth_FE,2024-04-22
2024w18,3.590384207364837,3.518930418422913,0.07145378894192422,TRUE,no2,M9: AugSynth_FE Belisario (Centro dropped),AugSynth_FE,2024-04-29
2024w19,3.6373317413998754,3.6788087340797806,-0.041476992679905234,TRUE,no2,M9: AugSynth_FE Belisario (Centro dropped),AugSynth_FE,2024-05-06
2024w20,3.626853329818215,3.585149186837428,0.04170414298078695,TRUE,no2,M9: AugSynth_FE Belisario (Centro dropped),AugSynth_FE,2024-05-13
2024w21,3.328411611936503,3.3409476309481514,-0.01253601901164858,TRUE,no2,M9: AugSynth_FE Belisario (Centro dropped),AugSynth_FE,2024-05-20
2024w22,3.4882717196326642,3.4656792595250976,0.02259246010756666,TRUE,no2,M9: AugSynth_FE Belisario (Centro dropped),AugSynth_FE,2024-05-27
2024w23,3.379406111659498,3.1677292537306374,0.2116768579288606,TRUE,no2,M9: AugSynth_FE Belisario (Centro dropped),AugSynth_FE,2024-06-03
2024w24,3.49630552085563,3.2078202609617716,0.28848525989385854,TRUE,no2,M9: AugSynth_FE Belisario (Centro dropped),AugSynth_FE,2024-06-10
2024w25,3.700190245259803,3.635365204189567,0.06482504107023557,TRUE,no2,M9: AugSynth_FE Belisario (Centro dropped),AugSynth_FE,2024-06-17
2024w26,3.5861081760779907,3.501280372249514,0.08482780382847688,TRUE,no2,M9: AugSynth_FE Belisario (Centro dropped),AugSynth_FE,2024-06-24
2024w27,3.4434263858798655,3.3622731503769256,0.08115323550293985,TRUE,no2,M9: AugSynth_FE Belisario (Centro dropped),AugSynth_FE,2024-07-01
2024w28,3.4636190805782894,3.5472589149545253,-0.0836398343762359,TRUE,no2,M9: AugSynth_FE Belisario (Centro dropped),AugSynth_FE,2024-07-08
2024w29,3.334630137390042,3.31310563377928,0.021524503610762302,TRUE,no2,M9: AugSynth_FE Belisario (Centro dropped),AugSynth_FE,2024-07-15
2024w30,3.393169690241593,3.3292989065397705,0.06387078370182264,TRUE,no2,M9: AugSynth_FE Belisario (Centro dropped),AugSynth_FE,2024-07-22
2024w31,3.410729583307308,3.2833755624107464,0.12735402089656178,TRUE,no2,M9: AugSynth_FE Belisario (Centro dropped),AugSynth_FE,2024-07-29
2024w32,3.6475799150318697,3.65647458333949,-0.00889466830762009,TRUE,no2,M9: AugSynth_FE Belisario (Centro dropped),AugSynth_FE,2024-08-05
2024w33,3.3644872920322513,3.478923365970486,-0.11443607393823463,TRUE,no2,M9: AugSynth_FE Belisario (Centro dropped),AugSynth_FE,2024-08-12
2024w34,3.5606861693582004,3.5997652941141918,-0.0390791247559914,TRUE,no2,M9: AugSynth_FE Belisario (Centro dropped),AugSynth_FE,2024-08-19
2024w35,3.383135238843747,3.5040033839503186,-0.12086814510657184,TRUE,no2,M9: AugSynth_FE Belisario (Centro dropped),AugSynth_FE,2024-08-26
2024w36,3.61790247272495,3.710231087597048,-0.09232861487209831,TRUE,no2,M9: AugSynth_FE Belisario (Centro dropped),AugSynth_FE,2024-09-02
2024w37,3.60196807212464,3.5883971181416796,0.013570953982960265,TRUE,no2,M9: AugSynth_FE Belisario (Centro dropped),AugSynth_FE,2024-09-09
2024w38,3.640931435240591,3.7239179994118143,-0.08298656417122352,TRUE,no2,M9: AugSynth_FE Belisario (Centro dropped),AugSynth_FE,2024-09-16
2024w39,3.816502803570734,3.8569391103538577,-0.04043630678312393,TRUE,no2,M9: AugSynth_FE Belisario (Centro dropped),AugSynth_FE,2024-09-23
2024w40,4.084073102034649,4.122493051034291,-0.03841994899964174,TRUE,no2,M9: AugSynth_FE Belisario (Centro dropped),AugSynth_FE,2024-09-30
2024w41,3.93437792840047,3.9351634922756324,-7.855638751625982e-4,TRUE,no2,M9: AugSynth_FE Belisario (Centro dropped),AugSynth_FE,2024-10-07
2024w42,3.8435300089828455,3.729965037380125,0.11356497160272028,TRUE,no2,M9: AugSynth_FE Belisario (Centro dropped),AugSynth_FE,2024-10-14
2024w43,3.9431340004531985,3.757656974203855,0.1854770262493437,TRUE,no2,M9: AugSynth_FE Belisario (Centro dropped),AugSynth_FE,2024-10-21
2024w44,3.7905496689800233,3.732023580753902,0.058526088226121153,TRUE,no2,M9: AugSynth_FE Belisario (Centro dropped),AugSynth_FE,2024-10-28
2024w45,3.7542496605553857,3.8283426310820703,-0.07409297052668462,TRUE,no2,M9: AugSynth_FE Belisario (Centro dropped),AugSynth_FE,2024-11-04
2024w46,3.8358383522477895,3.9113637676573805,-0.07552541540959101,TRUE,no2,M9: AugSynth_FE Belisario (Centro dropped),AugSynth_FE,2024-11-11
2024w47,3.9174270439401933,3.759690951592208,0.15773609234798514,TRUE,no2,M9: AugSynth_FE Belisario (Centro dropped),AugSynth_FE,2024-11-18
2024w48,3.912566857513787,3.7107673400521715,0.20179951746161562,TRUE,no2,M9: AugSynth_FE Belisario (Centro dropped),AugSynth_FE,2024-11-25
2024w49,3.806129014164176,3.719991542944454,0.08613747121972182,TRUE,no2,M9: AugSynth_FE Belisario (Centro dropped),AugSynth_FE,2024-12-02
2024w50,3.6054978451748854,3.4773473528399252,0.12815049233496012,TRUE,no2,M9: AugSynth_FE Belisario (Centro dropped),AugSynth_FE,2024-12-09
2024w51,3.596292562791121,3.5247667716796993,0.07152579111142154,TRUE,no2,M9: AugSynth_FE Belisario (Centro dropped),AugSynth_FE,2024-12-16
2024w52,3.5337741521132213,3.5002779458545974,0.03349620625862393,TRUE,no2,M9: AugSynth_FE Belisario (Centro dropped),AugSynth_FE,2024-12-23
2025w01,3.237134777651591,3.0692910866674037,0.16784369098418717,TRUE,no2,M9: AugSynth_FE Belisario (Centro dropped),AugSynth_FE,2024-12-30
2025w02,3.660392527208719,3.5139162163593802,0.146476310849339,TRUE,no2,M9: AugSynth_FE Belisario (Centro dropped),AugSynth_FE,2025-01-06
2025w03,3.6661736165782983,3.5623783526180635,0.10379526396023486,TRUE,no2,M9: AugSynth_FE Belisario (Centro dropped),AugSynth_FE,2025-01-13
2025w04,3.846609434879821,3.780564788486836,0.06604464639298513,TRUE,no2,M9: AugSynth_FE Belisario (Centro dropped),AugSynth_FE,2025-01-20
2025w05,3.41227468999885,3.3706514746546703,0.04162321534417979,TRUE,no2,M9: AugSynth_FE Belisario (Centro dropped),AugSynth_FE,2025-01-27
2025w06,3.7317154192332485,3.535849465208665,0.1958659540245833,TRUE,no2,M9: AugSynth_FE Belisario (Centro dropped),AugSynth_FE,2025-02-03
2025w07,3.5760559745023754,3.4269703941656746,0.14908558033670083,TRUE,no2,M9: AugSynth_FE Belisario (Centro dropped),AugSynth_FE,2025-02-10
2025w08,3.451647542935076,3.325813276431143,0.12583426650393292,TRUE,no2,M9: AugSynth_FE Belisario (Centro dropped),AugSynth_FE,2025-02-17
2025w09,3.6315504374868657,3.1735811480729765,0.45796928941388915,TRUE,no2,M9: AugSynth_FE Belisario (Centro dropped),AugSynth_FE,2025-02-24
2025w10,3.6920826517276826,3.189261866260651,0.5028207854670317,TRUE,no2,M9: AugSynth_FE Belisario (Centro dropped),AugSynth_FE,2025-03-03
2025w11,3.809569371803037,3.307369205965636,0.5022001658374009,TRUE,no2,M9: AugSynth_FE Belisario (Centro dropped),AugSynth_FE,2025-03-10
2025w12,3.7242224663859327,3.2763474496408636,0.44787501674506913,TRUE,no2,M9: AugSynth_FE Belisario (Centro dropped),AugSynth_FE,2025-03-17
2025w13,3.6890211107468285,3.282090502848954,0.4069306078978743,TRUE,no2,M9: AugSynth_FE Belisario (Centro dropped),AugSynth_FE,2025-03-24
2025w14,3.8253097658093353,3.375120640266282,0.45018912554305324,TRUE,no2,M9: AugSynth_FE Belisario (Centro dropped),AugSynth_FE,2025-03-31
2025w15,3.5874233433745357,3.4286042968837287,0.15881904649080703,TRUE,no2,M9: AugSynth_FE Belisario (Centro dropped),AugSynth_FE,2025-04-07
2025w16,3.526203649566816,3.3816885988749252,0.14451505069189086,TRUE,no2,M9: AugSynth_FE Belisario (Centro dropped),AugSynth_FE,2025-04-14
2025w17,3.854471573190113,3.7199540732426475,0.13451749994746542,TRUE,no2,M9: AugSynth_FE Belisario (Centro dropped),AugSynth_FE,2025-04-21
2025w18,3.678483940848448,3.4980091235192083,0.18047481732923965,TRUE,no2,M9: AugSynth_FE Belisario (Centro dropped),AugSynth_FE,2025-04-28
2025w19,3.565882851404665,3.545612822903954,0.020270028500711135,TRUE,no2,M9: AugSynth_FE Belisario (Centro dropped),AugSynth_FE,2025-05-05
2025w20,3.5331414039696685,3.255600663334708,0.2775407406349606,TRUE,no2,M9: AugSynth_FE Belisario (Centro dropped),AugSynth_FE,2025-05-12
2025w21,3.553527357394135,3.3818382533478015,0.17168910404633353,TRUE,no2,M9: AugSynth_FE Belisario (Centro dropped),AugSynth_FE,2025-05-19
2025w22,3.3712878512560116,3.2088213542763717,0.16246649697963989,TRUE,no2,M9: AugSynth_FE Belisario (Centro dropped),AugSynth_FE,2025-05-26
2025w23,3.401608408290248,3.280134850056793,0.12147355823345496,TRUE,no2,M9: AugSynth_FE Belisario (Centro dropped),AugSynth_FE,2025-06-02
2025w24,3.6215325487098675,3.361946119505137,0.2595864292047305,TRUE,no2,M9: AugSynth_FE Belisario (Centro dropped),AugSynth_FE,2025-06-09
2025w25,3.355281416356356,3.3732776186113758,-0.017996202255019966,TRUE,no2,M9: AugSynth_FE Belisario (Centro dropped),AugSynth_FE,2025-06-16
2022w48,3.3202500235164547,3.0441068230765564,0.27614320043989826,FALSE,no2,M1: SDID Centro+Belisario,SDID,2022-11-28
2022w49,3.6391153622667005,3.5227191796513555,0.11639618261534501,FALSE,no2,M1: SDID Centro+Belisario,SDID,2022-12-05
2022w50,3.5559339448184373,3.353114013648365,0.20281993117007246,FALSE,no2,M1: SDID Centro+Belisario,SDID,2022-12-12
2022w51,3.5981616706884307,3.3563623558885025,0.24179931479992822,FALSE,no2,M1: SDID Centro+Belisario,SDID,2022-12-19
2022w52,3.6003003638664035,3.412580293794862,0.18772007007154157,FALSE,no2,M1: SDID Centro+Belisario,SDID,2022-12-26
2023w01,3.6660168430460507,3.40208005649351,0.2639367865525406,FALSE,no2,M1: SDID Centro+Belisario,SDID,2023-01-02
2023w02,3.6981936435065474,3.5049208017748974,0.19327284173165005,FALSE,no2,M1: SDID Centro+Belisario,SDID,2023-01-09
2023w03,3.560576543401657,3.372962173791057,0.1876143696106003,FALSE,no2,M1: SDID Centro+Belisario,SDID,2023-01-16
2023w04,3.335879800208439,3.229571051448426,0.10630874876001295,FALSE,no2,M1: SDID Centro+Belisario,SDID,2023-01-23
2023w05,3.6209988050486714,3.428712124710288,0.1922866803383836,FALSE,no2,M1: SDID Centro+Belisario,SDID,2023-01-30
2023w06,3.5217797435345943,3.321260531061116,0.20051921247347826,FALSE,no2,M1: SDID Centro+Belisario,SDID,2023-02-06
2023w07,3.6599176979669514,3.2625744439138367,0.39734325405311477,FALSE,no2,M1: SDID Centro+Belisario,SDID,2023-02-13
2023w08,3.531894744199448,3.2980213607039253,0.2338733834955229,FALSE,no2,M1: SDID Centro+Belisario,SDID,2023-02-20
2023w09,3.5855323177448337,3.2804707760906515,0.3050615416541822,FALSE,no2,M1: SDID Centro+Belisario,SDID,2023-02-27
2023w10,3.556066248000789,3.2122543241400634,0.3438119238607258,FALSE,no2,M1: SDID Centro+Belisario,SDID,2023-03-06
2023w11,3.3868073895233612,3.219779767576366,0.16702762194699527,FALSE,no2,M1: SDID Centro+Belisario,SDID,2023-03-13
2023w12,3.6393490648091875,3.3543718073635667,0.28497725744562086,FALSE,no2,M1: SDID Centro+Belisario,SDID,2023-03-20
2023w13,3.7699687380668774,3.439327318448533,0.3306414196183445,FALSE,no2,M1: SDID Centro+Belisario,SDID,2023-03-27
2023w14,3.590438765106966,3.21878310054693,0.37165566456003596,FALSE,no2,M1: SDID Centro+Belisario,SDID,2023-04-03
2023w15,3.454511335504561,3.1003750096742775,0.35413632583028365,FALSE,no2,M1: SDID Centro+Belisario,SDID,2023-04-10
2023w16,3.612591148174256,3.2729503721357416,0.3396407760385145,FALSE,no2,M1: SDID Centro+Belisario,SDID,2023-04-17
2023w17,3.625676457852757,3.309659828601612,0.3160166292511448,FALSE,no2,M1: SDID Centro+Belisario,SDID,2023-04-24
2023w18,3.177839087554907,3.0659000306991824,0.11193905685572458,FALSE,no2,M1: SDID Centro+Belisario,SDID,2023-05-01
2023w19,3.46672627133772,3.327377770352011,0.13934850098570895,FALSE,no2,M1: SDID Centro+Belisario,SDID,2023-05-08
2023w20,3.617451122908438,3.208379838750759,0.4090712841576791,FALSE,no2,M1: SDID Centro+Belisario,SDID,2023-05-15
2023w21,3.6357259827150807,3.292066355310376,0.3436596274047048,FALSE,no2,M1: SDID Centro+Belisario,SDID,2023-05-22
2023w22,3.4877570814385805,3.2062400668067936,0.2815170146317869,FALSE,no2,M1: SDID Centro+Belisario,SDID,2023-05-29
2023w23,3.5860148305329957,3.161690165419154,0.4243246651138417,FALSE,no2,M1: SDID Centro+Belisario,SDID,2023-06-05
2023w24,3.445239527865221,3.214164550955217,0.231074976910004,FALSE,no2,M1: SDID Centro+Belisario,SDID,2023-06-12
2023w25,3.5158149070179485,3.1978114506814372,0.3180034563365113,FALSE,no2,M1: SDID Centro+Belisario,SDID,2023-06-19
2023w26,3.534753382812041,3.2780440406104727,0.25670934220156827,FALSE,no2,M1: SDID Centro+Belisario,SDID,2023-06-26
2023w27,3.6449941707550133,3.148620562711342,0.49637360804367114,FALSE,no2,M1: SDID Centro+Belisario,SDID,2023-07-03
2023w28,3.5126078940955665,3.204718438045742,0.30788945604982443,FALSE,no2,M1: SDID Centro+Belisario,SDID,2023-07-10
2023w29,3.3370094184888863,3.216121344057444,0.12088807443144223,FALSE,no2,M1: SDID Centro+Belisario,SDID,2023-07-17
2023w30,3.6138769462022733,3.2855435696119333,0.32833337659034,FALSE,no2,M1: SDID Centro+Belisario,SDID,2023-07-24
2023w31,3.5156853209144017,3.277612984279208,0.23807233663519378,FALSE,no2,M1: SDID Centro+Belisario,SDID,2023-07-31
2023w32,3.324554857914573,3.1744032325763882,0.15015162533818494,FALSE,no2,M1: SDID Centro+Belisario,SDID,2023-08-07
2023w33,3.6686887194844573,3.1651479745903495,0.5035407448941078,FALSE,no2,M1: SDID Centro+Belisario,SDID,2023-08-14
2023w34,3.6060403370916116,3.3147549508661402,0.2912853862254714,FALSE,no2,M1: SDID Centro+Belisario,SDID,2023-08-21
2023w35,3.416575300338493,3.266050248173246,0.15052505216524725,FALSE,no2,M1: SDID Centro+Belisario,SDID,2023-08-28
2023w36,3.2698040590070745,3.234979286419175,0.0348247725878994,FALSE,no2,M1: SDID Centro+Belisario,SDID,2023-09-04
2023w37,3.1817281129453923,3.1363448356495844,0.04538327729580782,FALSE,no2,M1: SDID Centro+Belisario,SDID,2023-09-11
2023w38,3.3753367612843155,3.289124447759723,0.08621231352459269,FALSE,no2,M1: SDID Centro+Belisario,SDID,2023-09-18
2023w39,3.595348721089334,3.4591534910363837,0.1361952300529503,FALSE,no2,M1: SDID Centro+Belisario,SDID,2023-09-25
2023w40,3.602377716314087,3.2129377415344575,0.38943997477962933,FALSE,no2,M1: SDID Centro+Belisario,SDID,2023-10-02
2023w41,3.5508671690064757,3.3871580755251003,0.1637090934813754,FALSE,no2,M1: SDID Centro+Belisario,SDID,2023-10-09
2023w42,3.531261957235626,3.2625268757119184,0.26873508152370773,FALSE,no2,M1: SDID Centro+Belisario,SDID,2023-10-16
2023w43,3.6580709428726728,3.3151014458004466,0.3429694970722261,FALSE,no2,M1: SDID Centro+Belisario,SDID,2023-10-23
2023w44,3.374760399030974,2.9813140387891104,0.3934463602418634,FALSE,no2,M1: SDID Centro+Belisario,SDID,2023-10-30
2023w45,3.518695559360003,3.2194912265890325,0.29920433277097036,FALSE,no2,M1: SDID Centro+Belisario,SDID,2023-11-06
2023w46,3.616681219000168,3.199488085439795,0.41719313356037313,FALSE,no2,M1: SDID Centro+Belisario,SDID,2023-11-13
2023w47,3.6954161401924015,3.3268437366750083,0.3685724035173932,FALSE,no2,M1: SDID Centro+Belisario,SDID,2023-11-20
2023w48,3.4470705422512684,3.1703850230578183,0.2766855191934501,TRUE,no2,M1: SDID Centro+Belisario,SDID,2023-11-27
2023w49,3.552309138308349,3.2707933004116425,0.2815158378967064,TRUE,no2,M1: SDID Centro+Belisario,SDID,2023-12-04
2023w50,3.6849018315651443,3.305903864204171,0.37899796736097313,TRUE,no2,M1: SDID Centro+Belisario,SDID,2023-12-11
2023w51,3.5622255799501215,3.3289543910690704,0.23327118888105103,TRUE,no2,M1: SDID Centro+Belisario,SDID,2023-12-18
2023w52,3.465613043994548,3.0268643122365915,0.43874873175795637,TRUE,no2,M1: SDID Centro+Belisario,SDID,2023-12-25
2024w01,3.568427902668166,3.2227339730540354,0.34569392961413037,TRUE,no2,M1: SDID Centro+Belisario,SDID,2024-01-01
2024w02,3.4005386963114046,3.1140831568910308,0.28645553942037383,TRUE,no2,M1: SDID Centro+Belisario,SDID,2024-01-08
2024w03,3.2743660166746515,3.1085595322750326,0.16580648439961898,TRUE,no2,M1: SDID Centro+Belisario,SDID,2024-01-15
2024w04,3.3890787114094394,3.092778959451305,0.2962997519581343,TRUE,no2,M1: SDID Centro+Belisario,SDID,2024-01-22
2024w05,3.6014784134614404,3.340453737433504,0.2610246760279362,TRUE,no2,M1: SDID Centro+Belisario,SDID,2024-01-29
2024w06,3.6298112052671243,3.452527529412577,0.17728367585454752,TRUE,no2,M1: SDID Centro+Belisario,SDID,2024-02-05
2024w07,3.1788038742896987,3.009857113421128,0.16894676086857086,TRUE,no2,M1: SDID Centro+Belisario,SDID,2024-02-12
2024w08,3.5193397422081043,3.283701451401864,0.2356382908062402,TRUE,no2,M1: SDID Centro+Belisario,SDID,2024-02-19
2024w09,3.890735727689983,3.5606893936316744,0.33004633405830885,TRUE,no2,M1: SDID Centro+Belisario,SDID,2024-02-26
2024w10,3.661677911556497,3.348685659211344,0.31299225234515315,TRUE,no2,M1: SDID Centro+Belisario,SDID,2024-03-04
2024w11,3.4042513453652665,3.218163754856355,0.18608759050891166,TRUE,no2,M1: SDID Centro+Belisario,SDID,2024-03-11
2024w12,3.6793359681203315,3.503749511614858,0.17558645650547344,TRUE,no2,M1: SDID Centro+Belisario,SDID,2024-03-18
2024w13,3.7804315483561126,3.556803819432913,0.2236277289231996,TRUE,no2,M1: SDID Centro+Belisario,SDID,2024-03-25
2024w14,3.7197126445277644,3.4931132668459393,0.22659937768182514,TRUE,no2,M1: SDID Centro+Belisario,SDID,2024-04-01
2024w15,3.5454411720712624,3.4228004054339958,0.12264076663726664,TRUE,no2,M1: SDID Centro+Belisario,SDID,2024-04-08
2024w16,3.6740217948437,3.505625309941132,0.16839648490256787,TRUE,no2,M1: SDID Centro+Belisario,SDID,2024-04-15
2024w17,3.6378879366658907,3.4133704793620554,0.22451745730383532,TRUE,no2,M1: SDID Centro+Belisario,SDID,2024-04-22
2024w18,3.4974305883348724,3.2577376006454473,0.23969298768942515,TRUE,no2,M1: SDID Centro+Belisario,SDID,2024-04-29
2024w19,3.7266352678869836,3.5792449293368422,0.1473903385501414,TRUE,no2,M1: SDID Centro+Belisario,SDID,2024-05-06
2024w20,3.7659095600821004,3.4881837668918028,0.27772579319029767,TRUE,no2,M1: SDID Centro+Belisario,SDID,2024-05-13
2024w21,3.4763439064033017,3.2658054581348748,0.21053844826842694,TRUE,no2,M1: SDID Centro+Belisario,SDID,2024-05-20
2024w22,3.5403256625038644,3.359971102014357,0.1803545604895076,TRUE,no2,M1: SDID Centro+Belisario,SDID,2024-05-27
2024w23,3.475171909092907,3.1533068820703813,0.32186502702252584,TRUE,no2,M1: SDID Centro+Belisario,SDID,2024-06-03
2024w24,3.599883258733233,3.2016444552406957,0.39823880349253704,TRUE,no2,M1: SDID Centro+Belisario,SDID,2024-06-10
2024w25,3.822643748884835,3.553300843681,0.26934290520383497,TRUE,no2,M1: SDID Centro+Belisario,SDID,2024-06-17
2024w26,3.705139268065413,3.435434722305497,0.26970454575991587,TRUE,no2,M1: SDID Centro+Belisario,SDID,2024-06-24
2024w27,3.5300987462535445,3.2903510324145517,0.23974771383899274,TRUE,no2,M1: SDID Centro+Belisario,SDID,2024-07-01
2024w28,3.4752024342984154,3.3972807035360257,0.07792173076238962,TRUE,no2,M1: SDID Centro+Belisario,SDID,2024-07-08
2024w29,3.383000865041818,3.2497517825822713,0.13324908245954692,TRUE,no2,M1: SDID Centro+Belisario,SDID,2024-07-15
2024w30,3.458704235586512,3.349496256483021,0.10920797910349123,TRUE,no2,M1: SDID Centro+Belisario,SDID,2024-07-22
2024w31,3.5667823796060762,3.407675882307828,0.15910649729824833,TRUE,no2,M1: SDID Centro+Belisario,SDID,2024-07-29
2024w32,3.4711584892172596,3.365536055601602,0.10562243361565749,TRUE,no2,M1: SDID Centro+Belisario,SDID,2024-08-05
2024w33,3.2244574873924288,3.2759453244936823,-0.051487837101253486,TRUE,no2,M1: SDID Centro+Belisario,SDID,2024-08-12
2024w34,3.3329652889079897,3.339845956974903,-0.00688066806691312,TRUE,no2,M1: SDID Centro+Belisario,SDID,2024-08-19
2024w35,3.325433550952971,3.3828214505382004,-0.057387899585229274,TRUE,no2,M1: SDID Centro+Belisario,SDID,2024-08-26
2024w36,3.284932882715974,3.3691268156811933,-0.08419393296521926,TRUE,no2,M1: SDID Centro+Belisario,SDID,2024-09-02
2024w37,3.134570390436269,3.157638134441875,-0.02306774400560574,TRUE,no2,M1: SDID Centro+Belisario,SDID,2024-09-09
2024w52,3.5264249891252817,3.2693534741807166,0.25707151494456504,TRUE,no2,M1: SDID Centro+Belisario,SDID,2024-12-23
2025w01,3.2592486505299108,2.89401113407134,0.3652375164585706,TRUE,no2,M1: SDID Centro+Belisario,SDID,2024-12-30
2025w02,3.5304571899263824,3.2518649160889477,0.2785922738374347,TRUE,no2,M1: SDID Centro+Belisario,SDID,2025-01-06
2025w03,3.6391667862366996,3.3517464338471976,0.28742035238950203,TRUE,no2,M1: SDID Centro+Belisario,SDID,2025-01-13
2025w04,3.75221445616792,3.512268347287245,0.2399461088806749,TRUE,no2,M1: SDID Centro+Belisario,SDID,2025-01-20
2025w05,3.3684544478163128,3.0607110300652,0.3077434177511127,TRUE,no2,M1: SDID Centro+Belisario,SDID,2025-01-27
2025w06,3.8139686839939735,3.421104174315137,0.39286450967883635,TRUE,no2,M1: SDID Centro+Belisario,SDID,2025-02-03
2025w07,3.631808388142505,3.263691976278793,0.36811641186371213,TRUE,no2,M1: SDID Centro+Belisario,SDID,2025-02-10
2025w08,3.525692177440917,3.139194084442931,0.38649809299798576,TRUE,no2,M1: SDID Centro+Belisario,SDID,2025-02-17
2025w09,3.6675535956778145,3.1582127523526813,0.5093408433251332,TRUE,no2,M1: SDID Centro+Belisario,SDID,2025-02-24
2025w10,3.662597751782253,3.0929404742604456,0.5696572775218076,TRUE,no2,M1: SDID Centro+Belisario,SDID,2025-03-03
2025w11,3.7418960760563413,3.1826757817022067,0.5592202943541347,TRUE,no2,M1: SDID Centro+Belisario,SDID,2025-03-10
2025w12,3.5773084830329793,3.085705061651865,0.49160342138111446,TRUE,no2,M1: SDID Centro+Belisario,SDID,2025-03-17
2025w13,3.630931138558315,3.2151176561143116,0.4158134824440034,TRUE,no2,M1: SDID Centro+Belisario,SDID,2025-03-24
2025w14,3.745332053022171,3.3123894272429695,0.4329426257792015,TRUE,no2,M1: SDID Centro+Belisario,SDID,2025-03-31
2025w15,3.4308521443436533,3.272056319999339,0.15879582434431416,TRUE,no2,M1: SDID Centro+Belisario,SDID,2025-04-07
2025w16,3.244049178778221,2.974473099650536,0.2695760791276851,TRUE,no2,M1: SDID Centro+Belisario,SDID,2025-04-14
2025w17,3.70244139711012,3.3543046758586383,0.3481367212514819,TRUE,no2,M1: SDID Centro+Belisario,SDID,2025-04-21
2025w18,3.5278074525127456,3.1945003750645165,0.3333070774482292,TRUE,no2,M1: SDID Centro+Belisario,SDID,2025-04-28
2025w19,3.568339853462115,3.427868955094084,0.14047089836803117,TRUE,no2,M1: SDID Centro+Belisario,SDID,2025-05-05
2025w20,3.644821575082444,3.2153170854221074,0.42950448966033683,TRUE,no2,M1: SDID Centro+Belisario,SDID,2025-05-12
2025w21,3.419922185759272,3.292504425726742,0.12741776003253014,TRUE,no2,M1: SDID Centro+Belisario,SDID,2025-05-19
2025w22,3.365397107739991,3.1324100058062445,0.2329871019337464,TRUE,no2,M1: SDID Centro+Belisario,SDID,2025-05-26
2025w23,3.4918552084571237,3.2615844433131587,0.23027076514396505,TRUE,no2,M1: SDID Centro+Belisario,SDID,2025-06-02
2025w24,3.7059854318074925,3.3544937884966197,0.3514916433108728,TRUE,no2,M1: SDID Centro+Belisario,SDID,2025-06-09
2025w25,3.0432434431621385,3.400224401009806,-0.3569809578476675,TRUE,no2,M1: SDID Centro+Belisario,SDID,2025-06-16
2022w48,3.3325130734257504,3.0363819502536837,0.2961311231720667,FALSE,no2,M2: SDID Centro (Bel. dropped),SDID,2022-11-28
2022w49,3.8137759913386025,3.5218783872002017,0.2918976041384007,FALSE,no2,M2: SDID Centro (Bel. dropped),SDID,2022-12-05
2022w50,3.563983949069997,3.348305087981218,0.21567886108877898,FALSE,no2,M2: SDID Centro (Bel. dropped),SDID,2022-12-12
2022w51,3.6481944181460975,3.3489481429006895,0.2992462752454079,FALSE,no2,M2: SDID Centro (Bel. dropped),SDID,2022-12-19
2022w52,3.71362034811144,3.4124483708783826,0.3011719772330572,FALSE,no2,M2: SDID Centro (Bel. dropped),SDID,2022-12-26
2023w01,3.77974882516033,3.4002507641239714,0.3794980610363585,FALSE,no2,M2: SDID Centro (Bel. dropped),SDID,2023-01-02
2023w02,3.7728380898309997,3.49956347427074,0.27327461556025945,FALSE,no2,M2: SDID Centro (Bel. dropped),SDID,2023-01-09
2023w03,3.589196326553726,3.3697529913395314,0.21944333521419468,FALSE,no2,M2: SDID Centro (Bel. dropped),SDID,2023-01-16
2023w04,3.3807858886113387,3.227319562999605,0.15346632561173346,FALSE,no2,M2: SDID Centro (Bel. dropped),SDID,2023-01-23
2023w05,3.644013910392593,3.4279909905252803,0.2160229198673127,FALSE,no2,M2: SDID Centro (Bel. dropped),SDID,2023-01-30
2023w06,3.643903326143664,3.3182740994173865,0.3256292267262775,FALSE,no2,M2: SDID Centro (Bel. dropped),SDID,2023-02-06
2023w07,3.709642816403652,3.2648993242560147,0.4447434921476372,FALSE,no2,M2: SDID Centro (Bel. dropped),SDID,2023-02-13
2023w08,3.5561369891721655,3.3017024552647785,0.254434533907387,FALSE,no2,M2: SDID Centro (Bel. dropped),SDID,2023-02-20
2023w09,3.5870367479879817,3.2783800453394516,0.30865670264853007,FALSE,no2,M2: SDID Centro (Bel. dropped),SDID,2023-02-27
2023w10,3.6029613753809104,3.211386333693056,0.3915750416878545,FALSE,no2,M2: SDID Centro (Bel. dropped),SDID,2023-03-06
2023w11,3.43890497158056,3.221694774225358,0.21721019735520208,FALSE,no2,M2: SDID Centro (Bel. dropped),SDID,2023-03-13
2023w12,3.6983628235904455,3.3576680388987126,0.340694784691733,FALSE,no2,M2: SDID Centro (Bel. dropped),SDID,2023-03-20
2023w13,3.824760084603133,3.4410889052174527,0.3836711793856802,FALSE,no2,M2: SDID Centro (Bel. dropped),SDID,2023-03-27
2023w14,3.6241707119811815,3.21943694606307,0.4047337659181114,FALSE,no2,M2: SDID Centro (Bel. dropped),SDID,2023-04-03
2023w15,3.459745726761452,3.1041576282833327,0.35558809847811945,FALSE,no2,M2: SDID Centro (Bel. dropped),SDID,2023-04-10
2023w16,3.5794626305874493,3.2721093382108934,0.30735329237655584,FALSE,no2,M2: SDID Centro (Bel. dropped),SDID,2023-04-17
2023w17,3.6335163216957618,3.3081436272397258,0.325372694456036,FALSE,no2,M2: SDID Centro (Bel. dropped),SDID,2023-04-24
2023w18,3.1732539093879044,3.061068185161384,0.11218572422652029,FALSE,no2,M2: SDID Centro (Bel. dropped),SDID,2023-05-01
2023w19,3.47234269017791,3.325019482500017,0.1473232076778932,FALSE,no2,M2: SDID Centro (Bel. dropped),SDID,2023-05-08
2023w20,3.6603156496911886,3.203873602902653,0.4564420467885357,FALSE,no2,M2: SDID Centro (Bel. dropped),SDID,2023-05-15
2023w21,3.669078484203889,3.292019757088256,0.37705872711563293,FALSE,no2,M2: SDID Centro (Bel. dropped),SDID,2023-05-22
2023w22,3.5347012815276084,3.2061664311809426,0.32853485034666585,FALSE,no2,M2: SDID Centro (Bel. dropped),SDID,2023-05-29
2023w23,3.68018037737451,3.157784904139454,0.522395473235056,FALSE,no2,M2: SDID Centro (Bel. dropped),SDID,2023-06-05
2023w24,3.6024419018770537,3.2102212569911486,0.39222064488590513,FALSE,no2,M2: SDID Centro (Bel. dropped),SDID,2023-06-12
2023w25,3.609721717200053,3.195036329899553,0.4146853873005001,FALSE,no2,M2: SDID Centro (Bel. dropped),SDID,2023-06-19
2023w26,3.5963574729615213,3.277548762113031,0.3188087108484905,FALSE,no2,M2: SDID Centro (Bel. dropped),SDID,2023-06-26
2023w27,3.848171387886616,3.153444374396868,0.6947270134897479,FALSE,no2,M2: SDID Centro (Bel. dropped),SDID,2023-07-03
2023w28,3.61047165145242,3.204504523408282,0.4059671280441379,FALSE,no2,M2: SDID Centro (Bel. dropped),SDID,2023-07-10
2023w29,3.2639514238778116,3.2158116251867694,0.048139798691042124,FALSE,no2,M2: SDID Centro (Bel. dropped),SDID,2023-07-17
2023w30,3.6470822256195676,3.2858321310264964,0.3612500945930712,FALSE,no2,M2: SDID Centro (Bel. dropped),SDID,2023-07-24
2023w31,3.484612123535953,3.2769469981148696,0.20766512542108329,FALSE,no2,M2: SDID Centro (Bel. dropped),SDID,2023-07-31
2023w32,3.2816185563048346,3.1746546377624814,0.10696391854235321,FALSE,no2,M2: SDID Centro (Bel. dropped),SDID,2023-08-07
2023w33,3.670303592259714,3.1670894311598534,0.5032141610998604,FALSE,no2,M2: SDID Centro (Bel. dropped),SDID,2023-08-14
2023w34,3.6469914848723564,3.311390705868078,0.3356007790042783,FALSE,no2,M2: SDID Centro (Bel. dropped),SDID,2023-08-21
2023w35,3.3129568770937428,3.2598305677291513,0.053126309364591506,FALSE,no2,M2: SDID Centro (Bel. dropped),SDID,2023-08-28
2023w36,3.1162654194535113,3.2302015469039254,-0.11393612745041404,FALSE,no2,M2: SDID Centro (Bel. dropped),SDID,2023-09-04
2023w37,3.020742430905225,3.12990154683773,-0.10915911593250494,FALSE,no2,M2: SDID Centro (Bel. dropped),SDID,2023-09-11
2023w38,3.318833184146815,3.281731557135869,0.03710162701094566,FALSE,no2,M2: SDID Centro (Bel. dropped),SDID,2023-09-18
2023w39,3.523102347224706,3.451066485538748,0.07203586168595821,FALSE,no2,M2: SDID Centro (Bel. dropped),SDID,2023-09-25
2023w40,3.617762211145795,3.211924818097405,0.40583739304838984,FALSE,no2,M2: SDID Centro (Bel. dropped),SDID,2023-10-02
2023w41,3.5494627136682113,3.3795776047305846,0.16988510893762676,FALSE,no2,M2: SDID Centro (Bel. dropped),SDID,2023-10-09
2023w42,3.5533183241918143,3.2572681141861257,0.29605021000568854,FALSE,no2,M2: SDID Centro (Bel. dropped),SDID,2023-10-16
2023w43,3.6699976692905882,3.3120288558002318,0.3579688134903565,FALSE,no2,M2: SDID Centro (Bel. dropped),SDID,2023-10-23
2023w44,3.3957881161321253,2.9794233419020144,0.41636477423011087,FALSE,no2,M2: SDID Centro (Bel. dropped),SDID,2023-10-30
2023w45,3.45531854306076,3.214987299782327,0.24033124327843325,FALSE,no2,M2: SDID Centro (Bel. dropped),SDID,2023-11-06
2023w46,3.6412234111491717,3.193882261219799,0.4473411499293727,FALSE,no2,M2: SDID Centro (Bel. dropped),SDID,2023-11-13
2023w47,3.593595597171025,3.3198182679660615,0.27377732920496367,FALSE,no2,M2: SDID Centro (Bel. dropped),SDID,2023-11-20
2023w48,3.468620321307461,3.165396600941137,0.30322372036632395,TRUE,no2,M2: SDID Centro (Bel. dropped),SDID,2023-11-27
2023w49,3.5298245869479805,3.265467446495876,0.26435714045210457,TRUE,no2,M2: SDID Centro (Bel. dropped),SDID,2023-12-04
2023w50,3.7722766084206345,3.3035086217622673,0.46876798665836716,TRUE,no2,M2: SDID Centro (Bel. dropped),SDID,2023-12-11
2023w51,3.5503711541673515,3.325336757489029,0.2250343966783226,TRUE,no2,M2: SDID Centro (Bel. dropped),SDID,2023-12-18
2023w52,3.4923336639673765,3.0259832293391296,0.466350434628247,TRUE,no2,M2: SDID Centro (Bel. dropped),SDID,2023-12-25
2024w01,3.581973948743414,3.2226995492616535,0.35927439948176065,TRUE,no2,M2: SDID Centro (Bel. dropped),SDID,2024-01-01
2024w02,3.4250244654794346,3.111792635925085,0.3132318295543497,TRUE,no2,M2: SDID Centro (Bel. dropped),SDID,2024-01-08
2024w03,3.347899566161136,3.1056289293453414,0.24227063681579475,TRUE,no2,M2: SDID Centro (Bel. dropped),SDID,2024-01-15
2024w04,3.335186538856604,3.0863978464838095,0.24878869237279444,TRUE,no2,M2: SDID Centro (Bel. dropped),SDID,2024-01-22
2024w05,3.581232736413516,3.3364197868907572,0.24481294952275867,TRUE,no2,M2: SDID Centro (Bel. dropped),SDID,2024-01-29
2024w06,3.604851152576854,3.445152898432366,0.1596982541444878,TRUE,no2,M2: SDID Centro (Bel. dropped),SDID,2024-02-05
2024w07,3.1472185499454115,3.004779460687083,0.1424390892583287,TRUE,no2,M2: SDID Centro (Bel. dropped),SDID,2024-02-12
2024w08,3.4379069245041083,3.279884602507595,0.15802232199651334,TRUE,no2,M2: SDID Centro (Bel. dropped),SDID,2024-02-19
2024w09,3.8970063006782807,3.555878558851499,0.3411277418267815,TRUE,no2,M2: SDID Centro (Bel. dropped),SDID,2024-02-26
2024w10,3.671780615494347,3.345711830640066,0.3260687848542809,TRUE,no2,M2: SDID Centro (Bel. dropped),SDID,2024-03-04
2024w11,3.363916209055626,3.2104252740600128,0.15349093499561306,TRUE,no2,M2: SDID Centro (Bel. dropped),SDID,2024-03-11
2024w12,3.6494861014309254,3.501720170007425,0.14776593142350025,TRUE,no2,M2: SDID Centro (Bel. dropped),SDID,2024-03-18
2024w13,3.7948700235031914,3.554491376410935,0.24037864709225643,TRUE,no2,M2: SDID Centro (Bel. dropped),SDID,2024-03-25
2024w14,3.700311664801339,3.4948043494054497,0.2055073153958893,TRUE,no2,M2: SDID Centro (Bel. dropped),SDID,2024-04-01
2024w15,3.587233796428673,3.4189304838942616,0.16830331253441155,TRUE,no2,M2: SDID Centro (Bel. dropped),SDID,2024-04-08
2024w16,3.626137058764915,3.50178781806754,0.12434924069737496,TRUE,no2,M2: SDID Centro (Bel. dropped),SDID,2024-04-15
2024w17,3.5781311445428305,3.407170804445391,0.17096034009743954,TRUE,no2,M2: SDID Centro (Bel. dropped),SDID,2024-04-22
2024w18,3.483861456330987,3.256394885166026,0.22746657116496083,TRUE,no2,M2: SDID Centro (Bel. dropped),SDID,2024-04-29
2024w19,3.7942656269267565,3.5759692750125165,0.21829635191424002,TRUE,no2,M2: SDID Centro (Bel. dropped),SDID,2024-05-06
2024w20,3.7129338448807676,3.4856750241214023,0.22725882075936532,TRUE,no2,M2: SDID Centro (Bel. dropped),SDID,2024-05-13
2024w21,3.514889530055083,3.2632659640024064,0.25162356605267666,TRUE,no2,M2: SDID Centro (Bel. dropped),SDID,2024-05-20
2024w22,3.5510257936888294,3.357416190453514,0.1936096032353154,TRUE,no2,M2: SDID Centro (Bel. dropped),SDID,2024-05-27
2024w23,3.4495491674152605,3.1483891280973757,0.3011600393178848,TRUE,no2,M2: SDID Centro (Bel. dropped),SDID,2024-06-03
2024w24,3.552700320682153,3.1993830151629106,0.35331730551924245,TRUE,no2,M2: SDID Centro (Bel. dropped),SDID,2024-06-10
2024w25,3.7601252256201128,3.549058458778159,0.2110667668419537,TRUE,no2,M2: SDID Centro (Bel. dropped),SDID,2024-06-17
2024w26,3.646054999741064,3.4340377669308837,0.21201723281018037,TRUE,no2,M2: SDID Centro (Bel. dropped),SDID,2024-06-24
2024w27,3.5232434466695906,3.2882360680648057,0.23500737860478482,TRUE,no2,M2: SDID Centro (Bel. dropped),SDID,2024-07-01
2024w28,3.463960380211775,3.3927676971419096,0.07119268306986548,TRUE,no2,M2: SDID Centro (Bel. dropped),SDID,2024-07-08
2024w29,3.326087080507931,3.2436976508944184,0.08238942961351237,TRUE,no2,M2: SDID Centro (Bel. dropped),SDID,2024-07-15
2024w30,3.4328247385670645,3.343639572464186,0.08918516610287863,TRUE,no2,M2: SDID Centro (Bel. dropped),SDID,2024-07-22
2024w31,3.5345545283144952,3.401889454019072,0.1326650742954234,TRUE,no2,M2: SDID Centro (Bel. dropped),SDID,2024-07-29
2024w32,3.453436239529549,3.360447608392101,0.09298863113744815,TRUE,no2,M2: SDID Centro (Bel. dropped),SDID,2024-08-05
2024w33,3.2251894821093976,3.2737218778894333,-0.04853239578003565,TRUE,no2,M2: SDID Centro (Bel. dropped),SDID,2024-08-12
2024w34,3.3264351464398745,3.334259616269409,-0.007824469829534664,TRUE,no2,M2: SDID Centro (Bel. dropped),SDID,2024-08-19
2024w35,3.311054918455393,3.376905956357927,-0.06585103790253388,TRUE,no2,M2: SDID Centro (Bel. dropped),SDID,2024-08-26
2024w36,3.1910853616131942,3.3663365784148818,-0.17525121680168754,TRUE,no2,M2: SDID Centro (Bel. dropped),SDID,2024-09-02
2024w37,3.0538647193200474,3.1504997761743088,-0.09663505685426133,TRUE,no2,M2: SDID Centro (Bel. dropped),SDID,2024-09-09
2024w52,3.5501646269720344,3.2667755307999196,0.28338909617211483,TRUE,no2,M2: SDID Centro (Bel. dropped),SDID,2024-12-23
2025w01,3.2599690386477223,2.8916199190160343,0.3683491196316879,TRUE,no2,M2: SDID Centro (Bel. dropped),SDID,2024-12-30
2025w02,3.4659680182383,3.245588817623201,0.22037920061509908,TRUE,no2,M2: SDID Centro (Bel. dropped),SDID,2025-01-06
2025w03,3.6115181515539754,3.3484711922311114,0.2630469593228639,TRUE,no2,M2: SDID Centro (Bel. dropped),SDID,2025-01-13
2025w04,3.7489844367906953,3.5042917329324013,0.244692703858294,TRUE,no2,M2: SDID Centro (Bel. dropped),SDID,2025-01-20
2025w05,3.4021682176640846,3.0553874781902666,0.34678073947381804,TRUE,no2,M2: SDID Centro (Bel. dropped),SDID,2025-01-27
2025w06,3.8759346082705677,3.4156151082904977,0.46031949998006993,TRUE,no2,M2: SDID Centro (Bel. dropped),SDID,2025-02-03
2025w07,3.663692318399595,3.2564425596747872,0.4072497587248076,TRUE,no2,M2: SDID Centro (Bel. dropped),SDID,2025-02-10
2025w08,3.5722379239023816,3.1350766922672273,0.4371612316351543,TRUE,no2,M2: SDID Centro (Bel. dropped),SDID,2025-02-17
2025w09,3.6675345802297805,3.1511452975707948,0.5163892826589858,TRUE,no2,M2: SDID Centro (Bel. dropped),SDID,2025-02-24
2025w10,3.6581550007432058,3.0842731143585636,0.5738818863846422,TRUE,no2,M2: SDID Centro (Bel. dropped),SDID,2025-03-03
2025w11,3.7416821962410367,3.176518440424279,0.5651637558167577,TRUE,no2,M2: SDID Centro (Bel. dropped),SDID,2025-03-10
2025w12,3.5371198308753886,3.076140599539858,0.46097923133553076,TRUE,no2,M2: SDID Centro (Bel. dropped),SDID,2025-03-17
2025w13,3.5926479192217697,3.202215597854106,0.3904323213676637,TRUE,no2,M2: SDID Centro (Bel. dropped),SDID,2025-03-24
2025w14,3.6549652383668305,3.299352605442925,0.35561263292390555,TRUE,no2,M2: SDID Centro (Bel. dropped),SDID,2025-03-31
2025w15,3.370677212551619,3.25820993082711,0.11246728172450915,TRUE,no2,M2: SDID Centro (Bel. dropped),SDID,2025-04-07
2025w16,3.1889986180471332,2.9695821282631156,0.21941648978401762,TRUE,no2,M2: SDID Centro (Bel. dropped),SDID,2025-04-14
2025w17,3.622500939616349,3.352114914855789,0.2703860247605596,TRUE,no2,M2: SDID Centro (Bel. dropped),SDID,2025-04-21
2025w18,3.464839779057689,3.1897589538223077,0.27508082523538135,TRUE,no2,M2: SDID Centro (Bel. dropped),SDID,2025-04-28
2025w19,3.539926378237254,3.4204078662256427,0.11951851201161112,TRUE,no2,M2: SDID Centro (Bel. dropped),SDID,2025-05-05
2025w20,3.6168344945913766,3.208572650485779,0.4082618441055974,TRUE,no2,M2: SDID Centro (Bel. dropped),SDID,2025-05-12
2025w21,3.333841056180438,3.2826354580613613,0.05120559811907688,TRUE,no2,M2: SDID Centro (Bel. dropped),SDID,2025-05-19
2025w22,3.306531153369992,3.125240954356711,0.18129019901328114,TRUE,no2,M2: SDID Centro (Bel. dropped),SDID,2025-05-26
2025w23,3.4899619311009995,3.253074284065744,0.23688764703525544,TRUE,no2,M2: SDID Centro (Bel. dropped),SDID,2025-06-02
2025w24,3.626970511827593,3.3468222874194815,0.28014822440811127,TRUE,no2,M2: SDID Centro (Bel. dropped),SDID,2025-06-09
2025w25,2.673130103336523,3.394246697545424,-0.7211165942089011,TRUE,no2,M2: SDID Centro (Bel. dropped),SDID,2025-06-16
2022w48,3.3325130734257504,3.0823347129294976,0.25017836049625286,FALSE,no2,M2b: SDID Centro (Bel. in pool),SDID,2022-11-28
2022w49,3.8137759913386025,3.511197067129301,0.30257892420930155,FALSE,no2,M2b: SDID Centro (Bel. in pool),SDID,2022-12-05
2022w50,3.563983949069997,3.3824685076323058,0.18151544143769138,FALSE,no2,M2b: SDID Centro (Bel. in pool),SDID,2022-12-12
2022w51,3.6481944181460975,3.382204728463181,0.26598968968291636,FALSE,no2,M2b: SDID Centro (Bel. in pool),SDID,2022-12-19
2022w52,3.71362034811144,3.4257059037231006,0.28791444438833924,FALSE,no2,M2b: SDID Centro (Bel. in pool),SDID,2022-12-26
2023w01,3.77974882516033,3.4268837706495825,0.35286505451074746,FALSE,no2,M2b: SDID Centro (Bel. in pool),SDID,2023-01-02
2023w02,3.7728380898309997,3.5198807579602978,0.2529573318707019,FALSE,no2,M2b: SDID Centro (Bel. in pool),SDID,2023-01-09
2023w03,3.589196326553726,3.3976984996683086,0.1914978268854175,FALSE,no2,M2b: SDID Centro (Bel. in pool),SDID,2023-01-16
2023w04,3.3807858886113387,3.238010123304142,0.1427757653071966,FALSE,no2,M2b: SDID Centro (Bel. in pool),SDID,2023-01-23
2023w05,3.644013910392593,3.4584092384379583,0.1856046719546347,FALSE,no2,M2b: SDID Centro (Bel. in pool),SDID,2023-01-30
2023w06,3.643903326143664,3.331858692965147,0.31204463317851694,FALSE,no2,M2b: SDID Centro (Bel. in pool),SDID,2023-02-06
2023w07,3.709642816403652,3.3278642495091146,0.38177856689453726,FALSE,no2,M2b: SDID Centro (Bel. in pool),SDID,2023-02-13
2023w08,3.5561369891721655,3.3401035410692126,0.21603344810295289,FALSE,no2,M2b: SDID Centro (Bel. in pool),SDID,2023-02-20
2023w09,3.5870367479879817,3.3327160536407856,0.25432069434719606,FALSE,no2,M2b: SDID Centro (Bel. in pool),SDID,2023-02-27
2023w10,3.6029613753809104,3.2646953829648755,0.33826599241603494,FALSE,no2,M2b: SDID Centro (Bel. in pool),SDID,2023-03-06
2023w11,3.43890497158056,3.2427360846209226,0.1961688869596374,FALSE,no2,M2b: SDID Centro (Bel. in pool),SDID,2023-03-13
2023w12,3.6983628235904455,3.39880077590012,0.29956204769032535,FALSE,no2,M2b: SDID Centro (Bel. in pool),SDID,2023-03-20
2023w13,3.824760084603133,3.491014428636165,0.3337456559669678,FALSE,no2,M2b: SDID Centro (Bel. in pool),SDID,2023-03-27
2023w14,3.6241707119811815,3.2803411135173475,0.343829598463834,FALSE,no2,M2b: SDID Centro (Bel. in pool),SDID,2023-04-03
2023w15,3.459745726761452,3.167577782225559,0.2921679445358931,FALSE,no2,M2b: SDID Centro (Bel. in pool),SDID,2023-04-10
2023w16,3.5794626305874493,3.339036679249066,0.2404259513383833,FALSE,no2,M2b: SDID Centro (Bel. in pool),SDID,2023-04-17
2023w17,3.6335163216957618,3.3632551336696213,0.2702611880261405,FALSE,no2,M2b: SDID Centro (Bel. in pool),SDID,2023-04-24
2023w18,3.1732539093879044,3.081184144227716,0.0920697651601885,FALSE,no2,M2b: SDID Centro (Bel. in pool),SDID,2023-05-01
2023w19,3.47234269017791,3.348725059311507,0.12361763086640298,FALSE,no2,M2b: SDID Centro (Bel. in pool),SDID,2023-05-08
2023w20,3.6603156496911886,3.268991483938791,0.3913241657523976,FALSE,no2,M2b: SDID Centro (Bel. in pool),SDID,2023-05-15
2023w21,3.669078484203889,3.3478282021803856,0.32125028202350325,FALSE,no2,M2b: SDID Centro (Bel. in pool),SDID,2023-05-22
2023w22,3.5347012815276084,3.2483491900058623,0.2863520915217461,FALSE,no2,M2b: SDID Centro (Bel. in pool),SDID,2023-05-29
2023w23,3.68018037737451,3.2165390563782394,0.4636413209962704,FALSE,no2,M2b: SDID Centro (Bel. in pool),SDID,2023-06-05
2023w24,3.6024419018770537,3.2228441410351167,0.37959776084193697,FALSE,no2,M2b: SDID Centro (Bel. in pool),SDID,2023-06-12
2023w25,3.609721717200053,3.234850177543612,0.37487153965644104,FALSE,no2,M2b: SDID Centro (Bel. in pool),SDID,2023-06-19
2023w26,3.5963574729615213,3.3125897164497915,0.2837677565117298,FALSE,no2,M2b: SDID Centro (Bel. in pool),SDID,2023-06-26
2023w27,3.848171387886616,3.206931548855916,0.6412398390307001,FALSE,no2,M2b: SDID Centro (Bel. in pool),SDID,2023-07-03
2023w28,3.61047165145242,3.2422593528487984,0.3682122986036216,FALSE,no2,M2b: SDID Centro (Bel. in pool),SDID,2023-07-10
2023w29,3.2639514238778116,3.250554099489205,0.013397324388606524,FALSE,no2,M2b: SDID Centro (Bel. in pool),SDID,2023-07-17
2023w30,3.6470822256195676,3.3389922732941733,0.3080899523253944,FALSE,no2,M2b: SDID Centro (Bel. in pool),SDID,2023-07-24
2023w31,3.484612123535953,3.325174640869385,0.15943748266656765,FALSE,no2,M2b: SDID Centro (Bel. in pool),SDID,2023-07-31
2023w32,3.2816185563048346,3.2093571455553365,0.0722614107494981,FALSE,no2,M2b: SDID Centro (Bel. in pool),SDID,2023-08-07
2023w33,3.670303592259714,3.2577918469272387,0.41251174533247514,FALSE,no2,M2b: SDID Centro (Bel. in pool),SDID,2023-08-14
2023w34,3.6469914848723564,3.355832137720219,0.2911593471521372,FALSE,no2,M2b: SDID Centro (Bel. in pool),SDID,2023-08-21
2023w35,3.3129568770937428,3.304409570273253,0.008547306820489542,FALSE,no2,M2b: SDID Centro (Bel. in pool),SDID,2023-08-28
2023w36,3.1162654194535113,3.2632143951903294,-0.1469489757368181,FALSE,no2,M2b: SDID Centro (Bel. in pool),SDID,2023-09-04
2023w37,3.020742430905225,3.165835790131294,-0.14509335922606903,FALSE,no2,M2b: SDID Centro (Bel. in pool),SDID,2023-09-11
2023w38,3.318833184146815,3.3060933967624453,0.012739787384369539,FALSE,no2,M2b: SDID Centro (Bel. in pool),SDID,2023-09-18
2023w39,3.523102347224706,3.4871455700349676,0.03595677718973844,FALSE,no2,M2b: SDID Centro (Bel. in pool),SDID,2023-09-25
2023w40,3.617762211145795,3.278955601359393,0.3388066097864022,FALSE,no2,M2b: SDID Centro (Bel. in pool),SDID,2023-10-02
2023w41,3.5494627136682113,3.407947876802535,0.14151483686567623,FALSE,no2,M2b: SDID Centro (Bel. in pool),SDID,2023-10-09
2023w42,3.5533183241918143,3.3006416403979713,0.252676683793843,FALSE,no2,M2b: SDID Centro (Bel. in pool),SDID,2023-10-16
2023w43,3.6699976692905882,3.3708899219535358,0.2991077473370525,FALSE,no2,M2b: SDID Centro (Bel. in pool),SDID,2023-10-23
2023w44,3.3957881161321253,3.0458716355235516,0.3499164806085737,FALSE,no2,M2b: SDID Centro (Bel. in pool),SDID,2023-10-30
2023w45,3.45531854306076,3.2794235655180657,0.17589497754269434,FALSE,no2,M2b: SDID Centro (Bel. in pool),SDID,2023-11-06
2023w46,3.6412234111491717,3.2634661951217145,0.37775721602745715,FALSE,no2,M2b: SDID Centro (Bel. in pool),SDID,2023-11-13
2023w47,3.593595597171025,3.403128471310649,0.19046712586037629,FALSE,no2,M2b: SDID Centro (Bel. in pool),SDID,2023-11-20
2023w48,3.468620321307461,3.2103917525250325,0.2582285687824286,TRUE,no2,M2b: SDID Centro (Bel. in pool),SDID,2023-11-27
2023w49,3.5298245869479805,3.319146881612755,0.21067770533522534,TRUE,no2,M2b: SDID Centro (Bel. in pool),SDID,2023-12-04
2023w50,3.7722766084206345,3.3555212236007694,0.41675538481986507,TRUE,no2,M2b: SDID Centro (Bel. in pool),SDID,2023-12-11
2023w51,3.5503711541673515,3.368696691434385,0.18167446273296628,TRUE,no2,M2b: SDID Centro (Bel. in pool),SDID,2023-12-18
2023w52,3.4923336639673765,3.0998160108130675,0.3925176531543091,TRUE,no2,M2b: SDID Centro (Bel. in pool),SDID,2023-12-25
2024w01,3.581973948743414,3.2823617989163867,0.29961214982702744,TRUE,no2,M2b: SDID Centro (Bel. in pool),SDID,2024-01-01
2024w02,3.4250244654794346,3.1583208398848823,0.2667036255945523,TRUE,no2,M2b: SDID Centro (Bel. in pool),SDID,2024-01-08
2024w03,3.347899566161136,3.1216113523595936,0.22628821380154251,TRUE,no2,M2b: SDID Centro (Bel. in pool),SDID,2024-01-15
2024w04,3.335186538856604,3.1482938984922293,0.1868926403643747,TRUE,no2,M2b: SDID Centro (Bel. in pool),SDID,2024-01-22
2024w05,3.581232736413516,3.386231472573204,0.1950012638403118,TRUE,no2,M2b: SDID Centro (Bel. in pool),SDID,2024-01-29
2024w06,3.604851152576854,3.480243527033932,0.12460762554292204,TRUE,no2,M2b: SDID Centro (Bel. in pool),SDID,2024-02-05
2024w07,3.1472185499454115,3.039879440217347,0.10733910972806449,TRUE,no2,M2b: SDID Centro (Bel. in pool),SDID,2024-02-12
2024w08,3.4379069245041083,3.33611870127262,0.1017882232314884,TRUE,no2,M2b: SDID Centro (Bel. in pool),SDID,2024-02-19
2024w09,3.8970063006782807,3.6132287797365277,0.283777520941753,TRUE,no2,M2b: SDID Centro (Bel. in pool),SDID,2024-02-26
2024w10,3.671780615494347,3.399519993216275,0.2722606222780719,TRUE,no2,M2b: SDID Centro (Bel. in pool),SDID,2024-03-04
2024w11,3.363916209055626,3.2497697087013373,0.11414650035428853,TRUE,no2,M2b: SDID Centro (Bel. in pool),SDID,2024-03-11
2024w12,3.6494861014309254,3.53823585640999,0.11125024502093561,TRUE,no2,M2b: SDID Centro (Bel. in pool),SDID,2024-03-18
2024w13,3.7948700235031914,3.5916458942253,0.20322412927789157,TRUE,no2,M2b: SDID Centro (Bel. in pool),SDID,2024-03-25
2024w14,3.700311664801339,3.53927326674551,0.1610383980558292,TRUE,no2,M2b: SDID Centro (Bel. in pool),SDID,2024-04-01
2024w15,3.587233796428673,3.4326853969817988,0.15454839944687437,TRUE,no2,M2b: SDID Centro (Bel. in pool),SDID,2024-04-08
2024w16,3.626137058764915,3.5398650984748183,0.08627196029009676,TRUE,no2,M2b: SDID Centro (Bel. in pool),SDID,2024-04-15
2024w17,3.5781311445428305,3.4572658051308505,0.12086533941198008,TRUE,no2,M2b: SDID Centro (Bel. in pool),SDID,2024-04-22
2024w18,3.483861456330987,3.3016228815203315,0.18223857481065542,TRUE,no2,M2b: SDID Centro (Bel. in pool),SDID,2024-04-29
2024w19,3.7942656269267565,3.589627251280435,0.2046383756463217,TRUE,no2,M2b: SDID Centro (Bel. in pool),SDID,2024-05-06
2024w20,3.7129338448807676,3.544664400572544,0.16826944430822355,TRUE,no2,M2b: SDID Centro (Bel. in pool),SDID,2024-05-13
2024w21,3.514889530055083,3.293649350211531,0.22124017984355193,TRUE,no2,M2b: SDID Centro (Bel. in pool),SDID,2024-05-20
2024w22,3.5510257936888294,3.3873850704251045,0.16364072326372492,TRUE,no2,M2b: SDID Centro (Bel. in pool),SDID,2024-05-27
2024w23,3.4495491674152605,3.21005370972254,0.2394954576927204,TRUE,no2,M2b: SDID Centro (Bel. in pool),SDID,2024-06-03
2024w24,3.552700320682153,3.279099655502958,0.2736006651791949,TRUE,no2,M2b: SDID Centro (Bel. in pool),SDID,2024-06-10
2024w25,3.7601252256201128,3.6079777541193456,0.15214747150076713,TRUE,no2,M2b: SDID Centro (Bel. in pool),SDID,2024-06-17
2024w26,3.646054999741064,3.4928945845053887,0.15316041523567536,TRUE,no2,M2b: SDID Centro (Bel. in pool),SDID,2024-06-24
2024w27,3.5232434466695906,3.3321202263200695,0.191123220349521,TRUE,no2,M2b: SDID Centro (Bel. in pool),SDID,2024-07-01
2024w28,3.463960380211775,3.407931018551788,0.056029361659986954,TRUE,no2,M2b: SDID Centro (Bel. in pool),SDID,2024-07-08
2024w29,3.326087080507931,3.2767604840693387,0.04932659643859205,TRUE,no2,M2b: SDID Centro (Bel. in pool),SDID,2024-07-15
2024w30,3.4328247385670645,3.3668642677452896,0.06596047082177492,TRUE,no2,M2b: SDID Centro (Bel. in pool),SDID,2024-07-22
2024w31,3.5345545283144952,3.4352387560138617,0.09931577230063349,TRUE,no2,M2b: SDID Centro (Bel. in pool),SDID,2024-07-29
2024w32,3.453436239529549,3.381702864754912,0.07173337477463715,TRUE,no2,M2b: SDID Centro (Bel. in pool),SDID,2024-08-05
2024w33,3.2251894821093976,3.2638715786921924,-0.038682096582794756,TRUE,no2,M2b: SDID Centro (Bel. in pool),SDID,2024-08-12
2024w34,3.3264351464398745,3.333209949303878,-0.0067748028640033375,TRUE,no2,M2b: SDID Centro (Bel. in pool),SDID,2024-08-19
2024w35,3.311054918455393,3.3680038194506885,-0.05694890099529548,TRUE,no2,M2b: SDID Centro (Bel. in pool),SDID,2024-08-26
2024w36,3.1910853616131942,3.3673949996076957,-0.1763096379945015,TRUE,no2,M2b: SDID Centro (Bel. in pool),SDID,2024-09-02
2024w37,3.0538647193200474,3.1595411207555446,-0.10567640143549717,TRUE,no2,M2b: SDID Centro (Bel. in pool),SDID,2024-09-09
2024w52,3.5501646269720344,3.3082232143596735,0.2419414126123609,TRUE,no2,M2b: SDID Centro (Bel. in pool),SDID,2024-12-23
2025w01,3.2599690386477223,2.956752619189035,0.30321641945868727,TRUE,no2,M2b: SDID Centro (Bel. in pool),SDID,2024-12-30
2025w02,3.4659680182383,3.306241238563907,0.15972677967439308,TRUE,no2,M2b: SDID Centro (Bel. in pool),SDID,2025-01-06
2025w03,3.6115181515539754,3.4045943851084277,0.20692376644554766,TRUE,no2,M2b: SDID Centro (Bel. in pool),SDID,2025-01-13
2025w04,3.7489844367906953,3.546646517968365,0.2023379188223302,TRUE,no2,M2b: SDID Centro (Bel. in pool),SDID,2025-01-20
2025w05,3.4021682176640846,3.1038051121294066,0.29836310553467804,TRUE,no2,M2b: SDID Centro (Bel. in pool),SDID,2025-01-27
2025w06,3.8759346082705677,3.4742592879974366,0.40167532027313113,TRUE,no2,M2b: SDID Centro (Bel. in pool),SDID,2025-02-03
2025w07,3.663692318399595,3.3155996991892405,0.3480926192103544,TRUE,no2,M2b: SDID Centro (Bel. in pool),SDID,2025-02-10
2025w08,3.5722379239023816,3.1954484647843953,0.37678945911798634,TRUE,no2,M2b: SDID Centro (Bel. in pool),SDID,2025-02-17
2025w09,3.6675345802297805,3.241778757250023,0.42575582297975734,TRUE,no2,M2b: SDID Centro (Bel. in pool),SDID,2025-02-24
2025w10,3.6581550007432058,3.1862922049379443,0.47186279580526147,TRUE,no2,M2b: SDID Centro (Bel. in pool),SDID,2025-03-03
2025w11,3.7416821962410367,3.2763306247860715,0.4653515714549652,TRUE,no2,M2b: SDID Centro (Bel. in pool),SDID,2025-03-10
2025w12,3.5371198308753886,3.1700437934357817,0.36707603743960693,TRUE,no2,M2b: SDID Centro (Bel. in pool),SDID,2025-03-17
2025w13,3.5926479192217697,3.281594604316895,0.31105331490487487,TRUE,no2,M2b: SDID Centro (Bel. in pool),SDID,2025-03-24
2025w14,3.6549652383668305,3.3914563037134178,0.26350893465341274,TRUE,no2,M2b: SDID Centro (Bel. in pool),SDID,2025-03-31
2025w15,3.370677212551619,3.295210520227295,0.075466692324324125,TRUE,no2,M2b: SDID Centro (Bel. in pool),SDID,2025-04-07
2025w16,3.1889986180471332,3.0273165691285486,0.16168204891858462,TRUE,no2,M2b: SDID Centro (Bel. in pool),SDID,2025-04-14
2025w17,3.622500939616349,3.4287574268231302,0.19374351279321855,TRUE,no2,M2b: SDID Centro (Bel. in pool),SDID,2025-04-21
2025w18,3.464839779057689,3.2602751662900022,0.20456461276768678,TRUE,no2,M2b: SDID Centro (Bel. in pool),SDID,2025-04-28
2025w19,3.539926378237254,3.449563974061761,0.0903624041754929,TRUE,no2,M2b: SDID Centro (Bel. in pool),SDID,2025-05-05
2025w20,3.6168344945913766,3.289811092749074,0.3270234018423026,TRUE,no2,M2b: SDID Centro (Bel. in pool),SDID,2025-05-12
2025w21,3.333841056180438,3.319372212509896,0.014468843670542242,TRUE,no2,M2b: SDID Centro (Bel. in pool),SDID,2025-05-19
2025w22,3.306531153369992,3.1766136448475684,0.12991750852242356,TRUE,no2,M2b: SDID Centro (Bel. in pool),SDID,2025-05-26
2025w23,3.4899619311009995,3.293434463023262,0.19652746807773758,TRUE,no2,M2b: SDID Centro (Bel. in pool),SDID,2025-06-02
2025w24,3.626970511827593,3.42296562246129,0.20400488936630268,TRUE,no2,M2b: SDID Centro (Bel. in pool),SDID,2025-06-09
2025w25,2.673130103336523,3.3955632186559033,-0.7224331153193804,TRUE,no2,M2b: SDID Centro (Bel. in pool),SDID,2025-06-16
2022w48,3.307986973607159,3.0487384357794807,0.2592485378276783,FALSE,no2,M3: SDID Belisario (Centro dropped),SDID,2022-11-28
2022w49,3.464454733194798,3.5233608411668955,-0.05890610797209739,FALSE,no2,M3: SDID Belisario (Centro dropped),SDID,2022-12-05
2022w50,3.547883940566878,3.355475768712114,0.19240817185476367,FALSE,no2,M3: SDID Belisario (Centro dropped),SDID,2022-12-12
2022w51,3.548128923230764,3.3590203968439756,0.18910852638678843,FALSE,no2,M3: SDID Belisario (Centro dropped),SDID,2022-12-19
2022w52,3.486980379621367,3.413536241112694,0.07344413850867326,FALSE,no2,M3: SDID Belisario (Centro dropped),SDID,2022-12-26
2023w01,3.552284860931772,3.403497058580446,0.14878780235132583,FALSE,no2,M3: SDID Belisario (Centro dropped),SDID,2023-01-02
2023w02,3.6235491971820952,3.507831630909669,0.11571756627242635,FALSE,no2,M3: SDID Belisario (Centro dropped),SDID,2023-01-09
2023w03,3.5319567602495883,3.3751748087858378,0.1567819514637505,FALSE,no2,M3: SDID Belisario (Centro dropped),SDID,2023-01-16
2023w04,3.290973711805539,3.2302170117580866,0.06075670004745248,FALSE,no2,M3: SDID Belisario (Centro dropped),SDID,2023-01-23
2023w05,3.5979836997047494,3.428488671260597,0.16949502844415232,FALSE,no2,M3: SDID Belisario (Centro dropped),SDID,2023-01-30
2023w06,3.3996561609255243,3.3225531796183856,0.07710298130713866,FALSE,no2,M3: SDID Belisario (Centro dropped),SDID,2023-02-06
2023w07,3.610192579530251,3.2619508851182837,0.3482416944119673,FALSE,no2,M3: SDID Belisario (Centro dropped),SDID,2023-02-13
2023w08,3.5076524992267304,3.296483677066438,0.21116882216029254,FALSE,no2,M3: SDID Belisario (Centro dropped),SDID,2023-02-20
2023w09,3.584027887501686,3.2809769389959285,0.30305094850575776,FALSE,no2,M3: SDID Belisario (Centro dropped),SDID,2023-02-27
2023w10,3.5091711206206684,3.2125864536433504,0.296584666977318,FALSE,no2,M3: SDID Belisario (Centro dropped),SDID,2023-03-06
2023w11,3.334709807466162,3.218906543636911,0.11580326382925099,FALSE,no2,M3: SDID Belisario (Centro dropped),SDID,2023-03-13
2023w12,3.5803353060279295,3.3540556504634735,0.22627965556445595,FALSE,no2,M3: SDID Belisario (Centro dropped),SDID,2023-03-20
2023w13,3.7151773915306223,3.439020725414927,0.27615666611569534,FALSE,no2,M3: SDID Belisario (Centro dropped),SDID,2023-03-27
2023w14,3.556706818232751,3.218935607167298,0.33777121106545316,FALSE,no2,M3: SDID Belisario (Centro dropped),SDID,2023-04-03
2023w15,3.4492769442476705,3.0993894814919445,0.349887462755726,FALSE,no2,M3: SDID Belisario (Centro dropped),SDID,2023-04-10
2023w16,3.645719665761063,3.2736006746491495,0.3721189911119134,FALSE,no2,M3: SDID Belisario (Centro dropped),SDID,2023-04-17
2023w17,3.6178365940097517,3.311124040638035,0.30671255337171655,FALSE,no2,M3: SDID Belisario (Centro dropped),SDID,2023-04-24
2023w18,3.18242426572191,3.067953181198374,0.11447108452353616,FALSE,no2,M3: SDID Belisario (Centro dropped),SDID,2023-05-01
2023w19,3.46110985249753,3.328008058292207,0.13310179420532275,FALSE,no2,M3: SDID Belisario (Centro dropped),SDID,2023-05-08
2023w20,3.574586596125687,3.210385327627609,0.364201268498078,FALSE,no2,M3: SDID Belisario (Centro dropped),SDID,2023-05-15
2023w21,3.602373481226272,3.2925102449281667,0.3098632362981055,FALSE,no2,M3: SDID Belisario (Centro dropped),SDID,2023-05-22
2023w22,3.4408128813495527,3.2065965903283278,0.23421629102122488,FALSE,no2,M3: SDID Belisario (Centro dropped),SDID,2023-05-29
2023w23,3.491849283691481,3.1632924132860216,0.32855687040545956,FALSE,no2,M3: SDID Belisario (Centro dropped),SDID,2023-06-05
2023w24,3.288037153853388,3.215594766272909,0.07244238758047894,FALSE,no2,M3: SDID Belisario (Centro dropped),SDID,2023-06-12
2023w25,3.4219080968358435,3.199288881936874,0.22261921489896963,FALSE,no2,M3: SDID Belisario (Centro dropped),SDID,2023-06-19
2023w26,3.473149292662561,3.2782149770576496,0.19493431560491148,FALSE,no2,M3: SDID Belisario (Centro dropped),SDID,2023-06-26
2023w27,3.4418169536234107,3.147875837512352,0.2939411161110588,FALSE,no2,M3: SDID Belisario (Centro dropped),SDID,2023-07-03
2023w28,3.414744136738713,3.20501313677191,0.2097309999668031,FALSE,no2,M3: SDID Belisario (Centro dropped),SDID,2023-07-10
2023w29,3.4100674130999615,3.2171244996514927,0.1929429134484688,FALSE,no2,M3: SDID Belisario (Centro dropped),SDID,2023-07-17
2023w30,3.5806716667849794,3.285685040035558,0.29498662674942144,FALSE,no2,M3: SDID Belisario (Centro dropped),SDID,2023-07-24
2023w31,3.5467585182928505,3.2787776631064265,0.267980855186424,FALSE,no2,M3: SDID Belisario (Centro dropped),SDID,2023-07-31
2023w32,3.367491159524312,3.1751707719188933,0.19232038760541892,FALSE,no2,M3: SDID Belisario (Centro dropped),SDID,2023-08-07
2023w33,3.6670738467092012,3.164495179013294,0.5025786676959072,FALSE,no2,M3: SDID Belisario (Centro dropped),SDID,2023-08-14
2023w34,3.5650891893108674,3.3164441281266877,0.24864506118417973,FALSE,no2,M3: SDID Belisario (Centro dropped),SDID,2023-08-21
2023w35,3.5201937235832435,3.2692207656531522,0.2509729579300912,FALSE,no2,M3: SDID Belisario (Centro dropped),SDID,2023-08-28
2023w36,3.423342698560637,3.2373693826645686,0.18597331589606858,FALSE,no2,M3: SDID Belisario (Centro dropped),SDID,2023-09-04
2023w37,3.3427137949855594,3.139610135808324,0.2031036591772355,FALSE,no2,M3: SDID Belisario (Centro dropped),SDID,2023-09-11
2023w38,3.4318403384218166,3.292294623327756,0.13954571509406044,FALSE,no2,M3: SDID Belisario (Centro dropped),SDID,2023-09-18
2023w39,3.667595094953962,3.4626148622926616,0.2049802326613004,FALSE,no2,M3: SDID Belisario (Centro dropped),SDID,2023-09-25
2023w40,3.5869932214823788,3.2144559849431524,0.3725372365392263,FALSE,no2,M3: SDID Belisario (Centro dropped),SDID,2023-10-02
2023w41,3.5522716243447405,3.3904133739050817,0.16185825043965885,FALSE,no2,M3: SDID Belisario (Centro dropped),SDID,2023-10-09
2023w42,3.509205590279438,3.2655969013397095,0.24360868893972842,FALSE,no2,M3: SDID Belisario (Centro dropped),SDID,2023-10-16
2023w43,3.646144216454757,3.3179471123678512,0.3281971040869056,FALSE,no2,M3: SDID Belisario (Centro dropped),SDID,2023-10-23
2023w44,3.3537326819298228,2.9842665490359193,0.3694661328939035,FALSE,no2,M3: SDID Belisario (Centro dropped),SDID,2023-10-30
2023w45,3.582072575659246,3.2217287829061583,0.3603437927530879,FALSE,no2,M3: SDID Belisario (Centro dropped),SDID,2023-11-06
2023w46,3.592139026851165,3.2027828932484628,0.38935613360270205,FALSE,no2,M3: SDID Belisario (Centro dropped),SDID,2023-11-13
2023w47,3.7972366832137783,3.3308319124470094,0.4664047707667689,FALSE,no2,M3: SDID Belisario (Centro dropped),SDID,2023-11-20
2023w48,3.4255207631950757,3.1729614868482376,0.25255927634683806,TRUE,no2,M3: SDID Belisario (Centro dropped),SDID,2023-11-27
2023w49,3.574793689668717,3.2738823735984592,0.3009113160702577,TRUE,no2,M3: SDID Belisario (Centro dropped),SDID,2023-12-04
2023w50,3.597527054709654,3.3074994548682954,0.2900275998413586,TRUE,no2,M3: SDID Belisario (Centro dropped),SDID,2023-12-11
2023w51,3.5740800057328914,3.33148373130946,0.24259627442343135,TRUE,no2,M3: SDID Belisario (Centro dropped),SDID,2023-12-18
2023w52,3.438892424021719,3.0287649458777595,0.41012747814395967,TRUE,no2,M3: SDID Belisario (Centro dropped),SDID,2023-12-25
2024w01,3.554881856592917,3.223816939590923,0.3310649170019939,TRUE,no2,M3: SDID Belisario (Centro dropped),SDID,2024-01-01
2024w02,3.3760529271433746,3.1168556195092862,0.2591973076340883,TRUE,no2,M3: SDID Belisario (Centro dropped),SDID,2024-01-08
2024w03,3.2008324671881674,3.110632995592986,0.09019947159518127,TRUE,no2,M3: SDID Belisario (Centro dropped),SDID,2024-01-15
2024w04,3.442970883962275,3.0955716630830215,0.34739922087925335,TRUE,no2,M3: SDID Belisario (Centro dropped),SDID,2024-01-22
2024w05,3.6217240905093653,3.343034418460303,0.27868967204906214,TRUE,no2,M3: SDID Belisario (Centro dropped),SDID,2024-01-29
2024w06,3.654771257957395,3.4556690032991177,0.19910225465827747,TRUE,no2,M3: SDID Belisario (Centro dropped),SDID,2024-02-05
2024w07,3.2103891986339854,3.012733294105372,0.19765590452861348,TRUE,no2,M3: SDID Belisario (Centro dropped),SDID,2024-02-12
2024w08,3.6007725599121003,3.2866588551300517,0.3141137047820486,TRUE,no2,M3: SDID Belisario (Centro dropped),SDID,2024-02-19
2024w09,3.884465154701686,3.5634118381766138,0.3210533165250724,TRUE,no2,M3: SDID Belisario (Centro dropped),SDID,2024-02-26
2024w10,3.651575207618647,3.3514904585358622,0.3000847490827847,TRUE,no2,M3: SDID Belisario (Centro dropped),SDID,2024-03-04
2024w11,3.4445864816749068,3.2217393142996085,0.2228471673752983,TRUE,no2,M3: SDID Belisario (Centro dropped),SDID,2024-03-11
2024w12,3.709185834809738,3.5054855644486187,0.20370027036111926,TRUE,no2,M3: SDID Belisario (Centro dropped),SDID,2024-03-18
2024w13,3.7659930732090343,3.558559769479029,0.20743330373000513,TRUE,no2,M3: SDID Belisario (Centro dropped),SDID,2024-03-25
2024w14,3.73911362425419,3.493380293132024,0.24573333112216567,TRUE,no2,M3: SDID Belisario (Centro dropped),SDID,2024-04-01
2024w15,3.5036485477138513,3.4253016358451305,0.07834691186872078,TRUE,no2,M3: SDID Belisario (Centro dropped),SDID,2024-04-08
2024w16,3.721906530922485,3.5086398364547535,0.21326669446773128,TRUE,no2,M3: SDID Belisario (Centro dropped),SDID,2024-04-15
2024w17,3.697644728788951,3.415812028859072,0.281832699929879,TRUE,no2,M3: SDID Belisario (Centro dropped),SDID,2024-04-22
2024w18,3.510999720338758,3.2593133332760633,0.25168638706269464,TRUE,no2,M3: SDID Belisario (Centro dropped),SDID,2024-04-29
2024w19,3.659004908847211,3.5815090326031527,0.07749587624405851,TRUE,no2,M3: SDID Belisario (Centro dropped),SDID,2024-05-06
2024w20,3.8188852752834332,3.490069615541051,0.32881565974238214,TRUE,no2,M3: SDID Belisario (Centro dropped),SDID,2024-05-13
2024w21,3.4377982827515203,3.267878990910109,0.1699192918414112,TRUE,no2,M3: SDID Belisario (Centro dropped),SDID,2024-05-20
2024w22,3.529625531318899,3.3619862130894544,0.16763931822944445,TRUE,no2,M3: SDID Belisario (Centro dropped),SDID,2024-05-27
2024w23,3.5007946507705534,3.1555123518454913,0.3452822989250621,TRUE,no2,M3: SDID Belisario (Centro dropped),SDID,2024-06-03
2024w24,3.6470661967843125,3.2031828793568953,0.44388331742741727,TRUE,no2,M3: SDID Belisario (Centro dropped),SDID,2024-06-10
2024w25,3.885162272149557,3.5556517279071405,0.32951054424241644,TRUE,no2,M3: SDID Belisario (Centro dropped),SDID,2024-06-17
2024w26,3.764223536389762,3.436734368869894,0.3274891675198677,TRUE,no2,M3: SDID Belisario (Centro dropped),SDID,2024-06-24
2024w27,3.5369540458374984,3.292308695429565,0.24464535040793356,TRUE,no2,M3: SDID Belisario (Centro dropped),SDID,2024-07-01
2024w28,3.486444488385055,3.3998548590587605,0.08658962932629466,TRUE,no2,M3: SDID Belisario (Centro dropped),SDID,2024-07-08
2024w29,3.4399146495757056,3.253024331338403,0.18689031823730273,TRUE,no2,M3: SDID Belisario (Centro dropped),SDID,2024-07-15
2024w30,3.48458373260596,3.3523691099735573,0.1322146226324028,TRUE,no2,M3: SDID Belisario (Centro dropped),SDID,2024-07-22
2024w31,3.5990102308976577,3.410612408784138,0.18839782211351963,TRUE,no2,M3: SDID Belisario (Centro dropped),SDID,2024-07-29
2024w32,3.4888807389049696,3.368025942703729,0.12085479620124051,TRUE,no2,M3: SDID Belisario (Centro dropped),SDID,2024-08-05
2024w33,3.2237254926754595,3.2772491353067825,-0.05352364263132303,TRUE,no2,M3: SDID Belisario (Centro dropped),SDID,2024-08-12
2024w34,3.3394954313761045,3.3420706658161707,-0.002575234440066243,TRUE,no2,M3: SDID Belisario (Centro dropped),SDID,2024-08-19
2024w35,3.339812183450549,3.386050891366362,-0.04623870791581286,TRUE,no2,M3: SDID Belisario (Centro dropped),SDID,2024-08-26
2024w36,3.378780403818754,3.3716723533186257,0.0071080505001281935,TRUE,no2,M3: SDID Belisario (Centro dropped),SDID,2024-09-02
2024w37,3.215276061552491,3.161103454965291,0.05417260658719991,TRUE,no2,M3: SDID Belisario (Centro dropped),SDID,2024-09-09
2024w52,3.5026853512785294,3.271241463796748,0.23144388748178146,TRUE,no2,M3: SDID Belisario (Centro dropped),SDID,2024-12-23
2025w01,3.2585282624120993,2.895509739336104,0.36301852307599525,TRUE,no2,M3: SDID Belisario (Centro dropped),SDID,2024-12-30
2025w02,3.5949463616144643,3.2544477707026216,0.34049859091184276,TRUE,no2,M3: SDID Belisario (Centro dropped),SDID,2025-01-06
2025w03,3.666815420919424,3.3532653799587706,0.3135500409606533,TRUE,no2,M3: SDID Belisario (Centro dropped),SDID,2025-01-13
2025w04,3.755444475545145,3.515615868528379,0.2398286070167659,TRUE,no2,M3: SDID Belisario (Centro dropped),SDID,2025-01-20
2025w05,3.3347406779685413,3.062752676911572,0.2719880010569695,TRUE,no2,M3: SDID Belisario (Centro dropped),SDID,2025-01-27
2025w06,3.752002759717379,3.423024548690461,0.32897821102691793,TRUE,no2,M3: SDID Belisario (Centro dropped),SDID,2025-02-03
2025w07,3.599924457885415,3.267348184312281,0.3325762735731339,TRUE,no2,M3: SDID Belisario (Centro dropped),SDID,2025-02-10
2025w08,3.479146430979452,3.1416326755595287,0.33751375541992346,TRUE,no2,M3: SDID Belisario (Centro dropped),SDID,2025-02-17
2025w09,3.667572611125849,3.159567945112932,0.5080046660129169,TRUE,no2,M3: SDID Belisario (Centro dropped),SDID,2025-02-24
2025w10,3.667040502821301,3.094841838581486,0.5721986642398149,TRUE,no2,M3: SDID Belisario (Centro dropped),SDID,2025-03-03
2025w11,3.742109955871646,3.183614215807771,0.5584957400638748,TRUE,no2,M3: SDID Belisario (Centro dropped),SDID,2025-03-10
2025w12,3.61749713519057,3.0906303909273305,0.5268667442632395,TRUE,no2,M3: SDID Belisario (Centro dropped),SDID,2025-03-17
2025w13,3.66921435789486,3.220962870321881,0.4482514875729793,TRUE,no2,M3: SDID Belisario (Centro dropped),SDID,2025-03-24
2025w14,3.8356988676775114,3.3160436042107704,0.5196552634667411,TRUE,no2,M3: SDID Belisario (Centro dropped),SDID,2025-03-31
2025w15,3.4910270761356874,3.277396366369617,0.21363070976607057,TRUE,no2,M3: SDID Belisario (Centro dropped),SDID,2025-04-07
2025w16,3.299099739509309,2.9753318593591285,0.32376788015018043,TRUE,no2,M3: SDID Belisario (Centro dropped),SDID,2025-04-14
2025w17,3.782381854603891,3.355588654596811,0.4267932000070802,TRUE,no2,M3: SDID Belisario (Centro dropped),SDID,2025-04-21
2025w18,3.5907751259678022,3.196369361177232,0.3944057647905703,TRUE,no2,M3: SDID Belisario (Centro dropped),SDID,2025-04-28
2025w19,3.596753328686976,3.430342786993995,0.16641054169298108,TRUE,no2,M3: SDID Belisario (Centro dropped),SDID,2025-05-05
2025w20,3.6728086555735113,3.2175966995919882,0.4552119559815231,TRUE,no2,M3: SDID Belisario (Centro dropped),SDID,2025-05-12
2025w21,3.506003315338106,3.2961842325420387,0.2098190827960673,TRUE,no2,M3: SDID Belisario (Centro dropped),SDID,2025-05-19
2025w22,3.4242630621099903,3.1346035850568703,0.28965947705312,TRUE,no2,M3: SDID Belisario (Centro dropped),SDID,2025-05-26
2025w23,3.4937484858132475,3.264520975474837,0.2292275103384105,TRUE,no2,M3: SDID Belisario (Centro dropped),SDID,2025-06-02
2025w24,3.7850003517873922,3.357695666385379,0.4273046854020133,TRUE,no2,M3: SDID Belisario (Centro dropped),SDID,2025-06-09
2025w25,3.413356782987754,3.4025522734882436,0.010804509499510395,TRUE,no2,M3: SDID Belisario (Centro dropped),SDID,2025-06-16
