week_label,Y_treated,Y_synthetic,difference,post_period,pollutant,model,method,week_date
2022w48,1.6277631573743707,1.7814566819460171,-0.15369352457164642,FALSE,so2,M4: AugSynth Centro+Belisario,AugSynth,2022-11-28
2022w49,2.007495782519327,2.0592961669920493,-0.05180038447272217,FALSE,so2,M4: AugSynth Centro+Belisario,AugSynth,2022-12-05
2022w50,1.720935865397239,1.9559606129283773,-0.23502474753113822,FALSE,so2,M4: AugSynth Centro+Belisario,AugSynth,2022-12-12
2022w51,1.7345094206941243,1.8266868773294695,-0.09217745663534527,FALSE,so2,M4: AugSynth Centro+Belisario,AugSynth,2022-12-19
2022w52,1.4954699095894428,1.8104408350122299,-0.31497092542278704,FALSE,so2,M4: AugSynth Centro+Belisario,AugSynth,2022-12-26
2023w01,1.7203846184307778,1.9046592689521036,-0.18427465052132574,FALSE,so2,M4: AugSynth Centro+Belisario,AugSynth,2023-01-02
2023w02,1.6539625950223606,1.6932002646156719,-0.03923766959331121,FALSE,so2,M4: AugSynth Centro+Belisario,AugSynth,2023-01-09
2023w03,1.6714176355604475,1.8073703223254174,-0.13595268676496985,FALSE,so2,M4: AugSynth Centro+Belisario,AugSynth,2023-01-16
2023w04,1.6389029741517038,1.843669922670102,-0.20476694851839827,FALSE,so2,M4: AugSynth Centro+Belisario,AugSynth,2023-01-23
2023w05,1.8538058634339019,1.836562784974989,0.01724307845891282,FALSE,so2,M4: AugSynth Centro+Belisario,AugSynth,2023-01-30
2023w06,1.9321300158256574,1.8058343863821138,0.12629562944354356,FALSE,so2,M4: AugSynth Centro+Belisario,AugSynth,2023-02-06
2023w07,1.8549418993005855,1.7169893389114723,0.1379525603891132,FALSE,so2,M4: AugSynth Centro+Belisario,AugSynth,2023-02-13
2023w08,1.6523351703356832,1.482492335184049,0.16984283515163412,FALSE,so2,M4: AugSynth Centro+Belisario,AugSynth,2023-02-20
2023w09,1.8553777584787525,1.9078309149761412,-0.05245315649738869,FALSE,so2,M4: AugSynth Centro+Belisario,AugSynth,2023-02-27
2023w10,1.5197529857541774,1.0943071150481667,0.4254458707060107,FALSE,so2,M4: AugSynth Centro+Belisario,AugSynth,2023-03-06
2023w11,1.5761836353112024,1.3553759573378208,0.22080767797338163,FALSE,so2,M4: AugSynth Centro+Belisario,AugSynth,2023-03-13
2023w12,1.6279163348559889,1.4932990243275537,0.13461731052843517,FALSE,so2,M4: AugSynth Centro+Belisario,AugSynth,2023-03-20
2023w13,1.54291863158176,1.1775488548053494,0.3653697767764106,FALSE,so2,M4: AugSynth Centro+Belisario,AugSynth,2023-03-27
2023w14,1.5697770301078715,1.1795612642531064,0.39021576585476514,FALSE,so2,M4: AugSynth Centro+Belisario,AugSynth,2023-04-03
2023w15,1.6940418414272742,1.42726344475746,0.2667783966698143,FALSE,so2,M4: AugSynth Centro+Belisario,AugSynth,2023-04-10
2023w16,1.4637220262760433,1.2070979924305114,0.2566240338455319,FALSE,so2,M4: AugSynth Centro+Belisario,AugSynth,2023-04-17
2023w17,1.7200039839949417,1.6035170647413686,0.11648691925357313,FALSE,so2,M4: AugSynth Centro+Belisario,AugSynth,2023-04-24
2023w18,1.023800914235419,1.3538115433652342,-0.33001062912981527,FALSE,so2,M4: AugSynth Centro+Belisario,AugSynth,2023-05-01
2023w19,1.4713352461692157,1.5463657649124956,-0.07503051874327982,FALSE,so2,M4: AugSynth Centro+Belisario,AugSynth,2023-05-08
2023w20,1.6616118179568837,1.5905841612408904,0.07102765671599331,FALSE,so2,M4: AugSynth Centro+Belisario,AugSynth,2023-05-15
2023w21,1.442836479014289,1.164267313112753,0.2785691659015359,FALSE,so2,M4: AugSynth Centro+Belisario,AugSynth,2023-05-22
2023w22,1.4549284225349408,1.226376069452125,0.22855235308281574,FALSE,so2,M4: AugSynth Centro+Belisario,AugSynth,2023-05-29
2023w23,1.5687122917271883,1.2880953857780633,0.28061690594912503,FALSE,so2,M4: AugSynth Centro+Belisario,AugSynth,2023-06-05
2023w24,1.4256832766855414,1.3000509541323497,0.12563232255319168,FALSE,so2,M4: AugSynth Centro+Belisario,AugSynth,2023-06-12
2023w25,1.258711725736572,1.184068635586794,0.0746430901497781,FALSE,so2,M4: AugSynth Centro+Belisario,AugSynth,2023-06-19
2023w26,1.3947222436447788,1.3031057561145973,0.09161648753018148,FALSE,so2,M4: AugSynth Centro+Belisario,AugSynth,2023-06-26
2023w27,1.4759974437868049,1.1913029299436837,0.28469451384312117,FALSE,so2,M4: AugSynth Centro+Belisario,AugSynth,2023-07-03
2023w28,1.580014944570129,1.5004788654537577,0.07953607911637128,FALSE,so2,M4: AugSynth Centro+Belisario,AugSynth,2023-07-10
2023w29,1.24670269794088,0.846375789123527,0.400326908817353,FALSE,so2,M4: AugSynth Centro+Belisario,AugSynth,2023-07-17
2023w30,1.3513000957791013,1.2148539209351865,0.13644617484391475,FALSE,so2,M4: AugSynth Centro+Belisario,AugSynth,2023-07-24
2023w31,1.01556010775268,0.9324569686149318,0.08310313913774814,FALSE,so2,M4: AugSynth Centro+Belisario,AugSynth,2023-07-31
2023w32,0.8591576383619348,1.3421665170543247,-0.48300887869238984,FALSE,so2,M4: AugSynth Centro+Belisario,AugSynth,2023-08-07
2023w33,1.3444309347661072,1.4671122198215056,-0.12268128505539844,FALSE,so2,M4: AugSynth Centro+Belisario,AugSynth,2023-08-14
2023w34,1.3597332817582215,1.3952141686316302,-0.03548088687340867,FALSE,so2,M4: AugSynth Centro+Belisario,AugSynth,2023-08-21
2023w35,1.133540611905135,1.419744683254203,-0.2862040713490681,FALSE,so2,M4: AugSynth Centro+Belisario,AugSynth,2023-08-28
2023w36,1.307390303757287,1.5644221685470927,-0.2570318647898058,FALSE,so2,M4: AugSynth Centro+Belisario,AugSynth,2023-09-04
2023w37,1.3573078008081847,1.7639902435379224,-0.40668244272973775,FALSE,so2,M4: AugSynth Centro+Belisario,AugSynth,2023-09-11
2023w38,1.3560440706705323,1.3901475498411193,-0.03410347917058698,FALSE,so2,M4: AugSynth Centro+Belisario,AugSynth,2023-09-18
2023w39,1.6420540297487922,1.4971577959737918,0.14489623377500038,FALSE,so2,M4: AugSynth Centro+Belisario,AugSynth,2023-09-25
2023w40,1.7645515989776306,1.4869553977130063,0.27759620126462425,FALSE,so2,M4: AugSynth Centro+Belisario,AugSynth,2023-10-02
2023w41,1.5308995630988798,2.0270981486752615,-0.49619858557638175,FALSE,so2,M4: AugSynth Centro+Belisario,AugSynth,2023-10-09
2023w42,1.6844815816756384,1.9040373207173356,-0.21955573904169712,FALSE,so2,M4: AugSynth Centro+Belisario,AugSynth,2023-10-16
2023w43,1.3553486878616066,1.6695797409445028,-0.31423105308289623,FALSE,so2,M4: AugSynth Centro+Belisario,AugSynth,2023-10-23
2023w44,1.7559003449169004,1.6598616118546876,0.09603873306221278,FALSE,so2,M4: AugSynth Centro+Belisario,AugSynth,2023-10-30
2023w45,1.1560209183532928,1.8026167703520335,-0.6465958519987407,FALSE,so2,M4: AugSynth Centro+Belisario,AugSynth,2023-11-06
2023w46,1.5261922097235658,1.5862549142921416,-0.060062704568575764,FALSE,so2,M4: AugSynth Centro+Belisario,AugSynth,2023-11-13
2023w47,1.346039397625556,1.4287088876545702,-0.08266949002901414,FALSE,so2,M4: AugSynth Centro+Belisario,AugSynth,2023-11-20
2023w48,1.563349691996593,1.7833805354735652,-0.22003084347697222,TRUE,so2,M4: AugSynth Centro+Belisario,AugSynth,2023-11-27
2023w49,1.4694421234165471,1.7157510891295606,-0.24630896571301353,TRUE,so2,M4: AugSynth Centro+Belisario,AugSynth,2023-12-04
2023w50,1.581737363609874,1.7844069741720634,-0.20266961056218946,TRUE,so2,M4: AugSynth Centro+Belisario,AugSynth,2023-12-11
2023w51,1.6764859379104886,1.607110067856724,0.06937587005376455,TRUE,so2,M4: AugSynth Centro+Belisario,AugSynth,2023-12-18
2023w52,1.0357177896582617,1.1023728399491215,-0.06665505029085983,TRUE,so2,M4: AugSynth Centro+Belisario,AugSynth,2023-12-25
2024w01,1.6630254066870411,1.5738372821383282,0.08918812454871294,TRUE,so2,M4: AugSynth Centro+Belisario,AugSynth,2024-01-01
2024w02,1.510017011929896,1.6287611837929121,-0.11874417186301622,TRUE,so2,M4: AugSynth Centro+Belisario,AugSynth,2024-01-08
2024w03,1.3466068787164138,1.587274900926864,-0.24066802221045025,TRUE,so2,M4: AugSynth Centro+Belisario,AugSynth,2024-01-15
2024w04,1.2617252122342082,1.4222147085633166,-0.16048949632910836,TRUE,so2,M4: AugSynth Centro+Belisario,AugSynth,2024-01-22
2024w05,1.4962837214894944,1.6111407584908939,-0.11485703700139949,TRUE,so2,M4: AugSynth Centro+Belisario,AugSynth,2024-01-29
2024w06,1.5132546650929868,1.76280326424636,-0.24954859915337324,TRUE,so2,M4: AugSynth Centro+Belisario,AugSynth,2024-02-05
2024w07,0.9068191854732484,1.1056432013458308,-0.19882401587258247,TRUE,so2,M4: AugSynth Centro+Belisario,AugSynth,2024-02-12
2024w08,1.1623197332151771,1.5366787494536744,-0.3743590162384973,TRUE,so2,M4: AugSynth Centro+Belisario,AugSynth,2024-02-19
2024w09,1.659265729293927,1.6438881015895244,0.015377627704402652,TRUE,so2,M4: AugSynth Centro+Belisario,AugSynth,2024-02-26
2024w10,1.5624458427417678,1.7341046701709215,-0.17165882742915373,TRUE,so2,M4: AugSynth Centro+Belisario,AugSynth,2024-03-04
2024w11,1.589384824081653,1.6697416279206616,-0.08035680383900856,TRUE,so2,M4: AugSynth Centro+Belisario,AugSynth,2024-03-11
2024w12,1.7036593656238859,1.8172583518190708,-0.11359898619518494,TRUE,so2,M4: AugSynth Centro+Belisario,AugSynth,2024-03-18
2024w13,1.9553345546621497,1.6469693114389818,0.30836524322316783,TRUE,so2,M4: AugSynth Centro+Belisario,AugSynth,2024-03-25
2024w14,1.7071765909495622,1.5018405262969092,0.20533606465265297,TRUE,so2,M4: AugSynth Centro+Belisario,AugSynth,2024-04-01
2024w15,1.725338872489559,2.0576646085067645,-0.3323257360172054,TRUE,so2,M4: AugSynth Centro+Belisario,AugSynth,2024-04-08
2024w16,1.771066088680373,1.8707992129599285,-0.09973312427955539,TRUE,so2,M4: AugSynth Centro+Belisario,AugSynth,2024-04-15
2024w17,1.8817834173835093,1.9407858264576723,-0.05900240907416299,TRUE,so2,M4: AugSynth Centro+Belisario,AugSynth,2024-04-22
2024w18,1.6718081733829009,1.7725691186003658,-0.10076094521746493,TRUE,so2,M4: AugSynth Centro+Belisario,AugSynth,2024-04-29
2024w19,1.8060751830373043,1.8739947042062954,-0.06791952116899114,TRUE,so2,M4: AugSynth Centro+Belisario,AugSynth,2024-05-06
2024w20,1.7562392141682728,1.9529273591929617,-0.1966881450246889,TRUE,so2,M4: AugSynth Centro+Belisario,AugSynth,2024-05-13
2024w21,1.1229111239826308,1.6411002769098453,-0.5181891529272145,TRUE,so2,M4: AugSynth Centro+Belisario,AugSynth,2024-05-20
2024w22,0.9868923429106465,1.3804909597759967,-0.39359861686535014,TRUE,so2,M4: AugSynth Centro+Belisario,AugSynth,2024-05-27
2024w23,0.9896509705980239,0.9496846915715879,0.039966279026436013,TRUE,so2,M4: AugSynth Centro+Belisario,AugSynth,2024-06-03
2024w24,1.1828484390387994,0.8764651560056059,0.3063832830331935,TRUE,so2,M4: AugSynth Centro+Belisario,AugSynth,2024-06-10
2024w25,1.373956614647267,1.4962175867773018,-0.12226097213003473,TRUE,so2,M4: AugSynth Centro+Belisario,AugSynth,2024-06-17
2024w26,1.1776237640069973,1.1293169309212272,0.04830683308577011,TRUE,so2,M4: AugSynth Centro+Belisario,AugSynth,2024-06-24
2024w27,1.161024147250044,1.2017325829738112,-0.040708435723767256,TRUE,so2,M4: AugSynth Centro+Belisario,AugSynth,2024-07-01
2024w28,1.3692456877677177,1.7336889667553792,-0.3644432789876615,TRUE,so2,M4: AugSynth Centro+Belisario,AugSynth,2024-07-08
2024w29,1.0915038993088912,1.2198178931295995,-0.1283139938207083,TRUE,so2,M4: AugSynth Centro+Belisario,AugSynth,2024-07-15
2024w30,1.3229432407967203,1.3930875210552203,-0.07014428025849995,TRUE,so2,M4: AugSynth Centro+Belisario,AugSynth,2024-07-22
2024w31,1.3081326334889893,0.884705350379686,0.42342728310930333,TRUE,so2,M4: AugSynth Centro+Belisario,AugSynth,2024-07-29
2024w32,1.63933809432296,1.6755028101022242,-0.03616471577926417,TRUE,so2,M4: AugSynth Centro+Belisario,AugSynth,2024-08-05
2024w33,1.3343334859941849,1.2176597170251278,0.11667376896905712,TRUE,so2,M4: AugSynth Centro+Belisario,AugSynth,2024-08-12
2024w34,1.5264174495547036,1.3717988246321333,0.15461862492257028,TRUE,so2,M4: AugSynth Centro+Belisario,AugSynth,2024-08-19
2024w35,1.475964963922075,0.9510863996833764,0.5248785642386987,TRUE,so2,M4: AugSynth Centro+Belisario,AugSynth,2024-08-26
2024w36,1.400875980409721,1.7150880749033062,-0.3142120944935851,TRUE,so2,M4: AugSynth Centro+Belisario,AugSynth,2024-09-02
2024w37,1.4825209698526423,1.3848108648526032,0.09771010500003907,TRUE,so2,M4: AugSynth Centro+Belisario,AugSynth,2024-09-09
2024w38,1.4113822863638603,1.4279995989551477,-0.016617312591287403,TRUE,so2,M4: AugSynth Centro+Belisario,AugSynth,2024-09-16
2024w39,1.7549915529615667,1.7422847129553247,0.012706840006242004,TRUE,so2,M4: AugSynth Centro+Belisario,AugSynth,2024-09-23
2024w40,2.13484406531001,1.9327896420179587,0.20205442329205137,TRUE,so2,M4: AugSynth Centro+Belisario,AugSynth,2024-09-30
2024w41,2.1031589474648893,1.9442449605798626,0.15891398688502667,TRUE,so2,M4: AugSynth Centro+Belisario,AugSynth,2024-10-07
2024w42,1.4314554287039702,1.7843558464655849,-0.3529004177616146,TRUE,so2,M4: AugSynth Centro+Belisario,AugSynth,2024-10-14
2024w43,1.8219046224954578,1.7701032444857587,0.051801378009699084,TRUE,so2,M4: AugSynth Centro+Belisario,AugSynth,2024-10-21
2024w44,1.647882375899612,1.84446188379239,-0.19657950789277812,TRUE,so2,M4: AugSynth Centro+Belisario,AugSynth,2024-10-28
2024w45,2.051249755857598,1.8385262788558085,0.21272347700178962,TRUE,so2,M4: AugSynth Centro+Belisario,AugSynth,2024-11-04
2024w46,2.03642392748347,1.985700894693894,0.05072303278957602,TRUE,so2,M4: AugSynth Centro+Belisario,AugSynth,2024-11-11
2024w47,2.0075107618826404,1.8462199984428793,0.16129076343976112,TRUE,so2,M4: AugSynth Centro+Belisario,AugSynth,2024-11-18
2024w48,2.0943950663346094,1.8848919191534026,0.20950314718120677,TRUE,so2,M4: AugSynth Centro+Belisario,AugSynth,2024-11-25
2024w49,1.7464306528934341,1.6358717395510867,0.11055891334234746,TRUE,so2,M4: AugSynth Centro+Belisario,AugSynth,2024-12-02
2024w50,1.8774963610932232,2.0043476241017606,-0.12685126300853744,TRUE,so2,M4: AugSynth Centro+Belisario,AugSynth,2024-12-09
2024w51,1.7657744619585247,1.804502717520935,-0.03872825556241022,TRUE,so2,M4: AugSynth Centro+Belisario,AugSynth,2024-12-16
2024w52,2.009446707111705,1.528504262149314,0.4809424449623909,TRUE,so2,M4: AugSynth Centro+Belisario,AugSynth,2024-12-23
2025w01,1.6081489145676966,1.516116049565727,0.0920328650019695,TRUE,so2,M4: AugSynth Centro+Belisario,AugSynth,2024-12-30
2025w02,2.023556041449064,1.7668520541367678,0.25670398731229604,TRUE,so2,M4: AugSynth Centro+Belisario,AugSynth,2025-01-06
2025w03,1.7455213285255247,1.655300338928887,0.09022098959663771,TRUE,so2,M4: AugSynth Centro+Belisario,AugSynth,2025-01-13
2025w04,1.8736307764482985,1.8876557000389793,-0.01402492359068086,TRUE,so2,M4: AugSynth Centro+Belisario,AugSynth,2025-01-20
2025w05,1.8865643432794181,1.84473876360428,0.041825579675138114,TRUE,so2,M4: AugSynth Centro+Belisario,AugSynth,2025-01-27
2025w06,2.0148938500877978,1.6301907200442252,0.3847031300435726,TRUE,so2,M4: AugSynth Centro+Belisario,AugSynth,2025-02-03
2025w07,1.1028737885175381,1.3411511148306654,-0.23827732631312726,TRUE,so2,M4: AugSynth Centro+Belisario,AugSynth,2025-02-10
2025w08,0.859609670718926,1.0522769999808699,-0.19266732926194385,TRUE,so2,M4: AugSynth Centro+Belisario,AugSynth,2025-02-17
2025w09,1.1198230015975352,1.1739372950065228,-0.054114293408987546,TRUE,so2,M4: AugSynth Centro+Belisario,AugSynth,2025-02-24
2025w10,0.9756515207761209,1.0726217105166111,-0.09697018974049021,TRUE,so2,M4: AugSynth Centro+Belisario,AugSynth,2025-03-03
2025w11,1.3387726631449617,1.2669850454740494,0.07178761767091224,TRUE,so2,M4: AugSynth Centro+Belisario,AugSynth,2025-03-10
2025w12,1.2122171106253459,1.199798716092722,0.012418394532623944,TRUE,so2,M4: AugSynth Centro+Belisario,AugSynth,2025-03-17
2025w13,1.19497499318914,1.3267996224958043,-0.13182462930666428,TRUE,so2,M4: AugSynth Centro+Belisario,AugSynth,2025-03-24
2025w14,0.6991790201683796,1.1693365548417887,-0.47015753467340904,TRUE,so2,M4: AugSynth Centro+Belisario,AugSynth,2025-03-31
2025w15,0.6579460162645304,1.2115395647758056,-0.5535935485112752,TRUE,so2,M4: AugSynth Centro+Belisario,AugSynth,2025-04-07
2025w16,1.160220855196776,1.4496817458923648,-0.28946089069558867,TRUE,so2,M4: AugSynth Centro+Belisario,AugSynth,2025-04-14
2025w17,1.2652934819911987,1.2249433613161729,0.04035012067502586,TRUE,so2,M4: AugSynth Centro+Belisario,AugSynth,2025-04-21
2025w18,1.2885978018075903,1.1824755903990922,0.10612221140849809,TRUE,so2,M4: AugSynth Centro+Belisario,AugSynth,2025-04-28
2025w19,1.1457028063007724,1.3357280264319984,-0.19002522013122602,TRUE,so2,M4: AugSynth Centro+Belisario,AugSynth,2025-05-05
2025w20,1.1333659915471865,1.0162100718428388,0.11715591970434769,TRUE,so2,M4: AugSynth Centro+Belisario,AugSynth,2025-05-12
2025w21,1.214437197854844,1.4197330944308464,-0.20529589657600233,TRUE,so2,M4: AugSynth Centro+Belisario,AugSynth,2025-05-19
2025w22,1.2507841190354778,1.2973666106784862,-0.04658249164300843,TRUE,so2,M4: AugSynth Centro+Belisario,AugSynth,2025-05-26
2025w23,1.3863947445608997,1.264385987261227,0.12200875729967264,TRUE,so2,M4: AugSynth Centro+Belisario,AugSynth,2025-06-02
2025w24,1.1544436129450166,1.353336760725584,-0.19889314778056733,TRUE,so2,M4: AugSynth Centro+Belisario,AugSynth,2025-06-09
2025w25,0.8534347888348695,1.4161283328849603,-0.5626935440500909,TRUE,so2,M4: AugSynth Centro+Belisario,AugSynth,2025-06-16
2022w48,1.5235168499264609,1.8439680576642774,-0.32045120773781655,FALSE,so2,M5: AugSynth Centro (Bel. dropped),AugSynth,2022-11-28
2022w49,1.98481029801287,2.1384176905704217,-0.15360739255755185,FALSE,so2,M5: AugSynth Centro (Bel. dropped),AugSynth,2022-12-05
2022w50,1.7035716429174597,2.035384611887892,-0.33181296897043233,FALSE,so2,M5: AugSynth Centro (Bel. dropped),AugSynth,2022-12-12
2022w51,1.7189497992144027,1.8505548759014097,-0.13160507668700694,FALSE,so2,M5: AugSynth Centro (Bel. dropped),AugSynth,2022-12-19
2022w52,1.6495556590299894,1.8562538733832643,-0.20669821435327496,FALSE,so2,M5: AugSynth Centro (Bel. dropped),AugSynth,2022-12-26
2023w01,1.862890793335221,1.992743004146359,-0.12985221081113796,FALSE,so2,M5: AugSynth Centro (Bel. dropped),AugSynth,2023-01-02
2023w02,1.8531158493878266,1.769602662604059,0.08351318678376751,FALSE,so2,M5: AugSynth Centro (Bel. dropped),AugSynth,2023-01-09
2023w03,1.8265365634304183,1.8823183843034803,-0.05578182087306205,FALSE,so2,M5: AugSynth Centro (Bel. dropped),AugSynth,2023-01-16
2023w04,1.8187259174578694,1.906457920871665,-0.08773200341379561,FALSE,so2,M5: AugSynth Centro (Bel. dropped),AugSynth,2023-01-23
2023w05,1.8390352597991686,1.8966266606908226,-0.05759140089165404,FALSE,so2,M5: AugSynth Centro (Bel. dropped),AugSynth,2023-01-30
2023w06,2.0282710467696647,1.9014870059536173,0.12678404081604744,FALSE,so2,M5: AugSynth Centro (Bel. dropped),AugSynth,2023-02-06
2023w07,1.920182000482582,1.8326020094634647,0.08757999101911729,FALSE,so2,M5: AugSynth Centro (Bel. dropped),AugSynth,2023-02-13
2023w08,1.8057171614125376,1.5797967199235539,0.22592044148898371,FALSE,so2,M5: AugSynth Centro (Bel. dropped),AugSynth,2023-02-20
2023w09,1.8840043497385062,2.027214864836826,-0.14321051509831983,FALSE,so2,M5: AugSynth Centro (Bel. dropped),AugSynth,2023-02-27
2023w10,1.7007400708408864,1.1616282548557593,0.5391118159851271,FALSE,so2,M5: AugSynth Centro (Bel. dropped),AugSynth,2023-03-06
2023w11,1.7730975244394787,1.418512170378332,0.35458535406114655,FALSE,so2,M5: AugSynth Centro (Bel. dropped),AugSynth,2023-03-13
2023w12,1.8193205924314695,1.5712228802259725,0.24809771220549703,FALSE,so2,M5: AugSynth Centro (Bel. dropped),AugSynth,2023-03-20
2023w13,1.7212773941896358,1.2037840483301496,0.5174933458594861,FALSE,so2,M5: AugSynth Centro (Bel. dropped),AugSynth,2023-03-27
2023w14,1.8185095843039698,1.2054155363912145,0.6130940479127553,FALSE,so2,M5: AugSynth Centro (Bel. dropped),AugSynth,2023-04-03
2023w15,1.8660936062807585,1.482988705146068,0.38310490113469053,FALSE,so2,M5: AugSynth Centro (Bel. dropped),AugSynth,2023-04-10
2023w16,1.5614374363789174,1.2330823731700968,0.3283550632088206,FALSE,so2,M5: AugSynth Centro (Bel. dropped),AugSynth,2023-04-17
2023w17,1.7770292886277534,1.6642378124522819,0.11279147617547158,FALSE,so2,M5: AugSynth Centro (Bel. dropped),AugSynth,2023-04-24
2023w18,0.9120149370113666,1.3938400789984302,-0.4818251419870636,FALSE,so2,M5: AugSynth Centro (Bel. dropped),AugSynth,2023-05-01
2023w19,1.4828159281105124,1.595424428081713,-0.11260849997120048,FALSE,so2,M5: AugSynth Centro (Bel. dropped),AugSynth,2023-05-08
2023w20,1.6577835333643822,1.6407635806075407,0.01701995275684154,FALSE,so2,M5: AugSynth Centro (Bel. dropped),AugSynth,2023-05-15
2023w21,1.4921547518193679,1.249634909184507,0.24251984263486093,FALSE,so2,M5: AugSynth Centro (Bel. dropped),AugSynth,2023-05-22
2023w22,1.5614374363789174,1.3356517844508657,0.22578565192805167,FALSE,so2,M5: AugSynth Centro (Bel. dropped),AugSynth,2023-05-29
2023w23,1.6950649984015373,1.3723800039077534,0.32268499449378396,FALSE,so2,M5: AugSynth Centro (Bel. dropped),AugSynth,2023-06-05
2023w24,1.4931287900337171,1.3242625324324264,0.1688662576012907,FALSE,so2,M5: AugSynth Centro (Bel. dropped),AugSynth,2023-06-12
2023w25,1.2747108188312777,1.2410445319949395,0.03366628683633821,FALSE,so2,M5: AugSynth Centro (Bel. dropped),AugSynth,2023-06-19
2023w26,1.4476246162714965,1.365823194288896,0.08180142198260043,FALSE,so2,M5: AugSynth Centro (Bel. dropped),AugSynth,2023-06-26
2023w27,1.6049612404070217,1.2479788815316577,0.356982358875364,FALSE,so2,M5: AugSynth Centro (Bel. dropped),AugSynth,2023-07-03
2023w28,1.6213006049766125,1.5537320406272126,0.06756856434939995,FALSE,so2,M5: AugSynth Centro (Bel. dropped),AugSynth,2023-07-10
2023w29,1.2210265588917635,0.8279815279740161,0.39304503091774734,FALSE,so2,M5: AugSynth Centro (Bel. dropped),AugSynth,2023-07-17
2023w30,1.3566938913436,1.24929456160175,0.10739932974185007,FALSE,so2,M5: AugSynth Centro (Bel. dropped),AugSynth,2023-07-24
2023w31,0.8107820570931598,0.8923597859657674,-0.08157772887260761,FALSE,so2,M5: AugSynth Centro (Bel. dropped),AugSynth,2023-07-31
2023w32,0.6554453133759338,1.3834136934678525,-0.7279683800919187,FALSE,so2,M5: AugSynth Centro (Bel. dropped),AugSynth,2023-08-07
2023w33,1.3871273474237824,1.5491771584655938,-0.16204981104181138,FALSE,so2,M5: AugSynth Centro (Bel. dropped),AugSynth,2023-08-14
2023w34,1.4820589831042699,1.4786465554845991,0.003412427619670755,FALSE,so2,M5: AugSynth Centro (Bel. dropped),AugSynth,2023-08-21
2023w35,0.9741822102899327,1.452189448097025,-0.4780072378070923,FALSE,so2,M5: AugSynth Centro (Bel. dropped),AugSynth,2023-08-28
2023w36,1.15415210934198,1.602335346123883,-0.44818323678190297,FALSE,so2,M5: AugSynth Centro (Bel. dropped),AugSynth,2023-09-04
2023w37,1.2478939913838643,1.841250704066892,-0.5933567126830277,FALSE,so2,M5: AugSynth Centro (Bel. dropped),AugSynth,2023-09-11
2023w38,1.4612317511162785,1.5018856538407108,-0.04065390272443237,FALSE,so2,M5: AugSynth Centro (Bel. dropped),AugSynth,2023-09-18
2023w39,1.779068163109745,1.602419659636256,0.17664850347348882,FALSE,so2,M5: AugSynth Centro (Bel. dropped),AugSynth,2023-09-25
2023w40,1.846352867832228,1.6069160380004084,0.2394368298318197,FALSE,so2,M5: AugSynth Centro (Bel. dropped),AugSynth,2023-10-02
2023w41,1.6598775091921698,2.1198708111645197,-0.4599933019723499,FALSE,so2,M5: AugSynth Centro (Bel. dropped),AugSynth,2023-10-09
2023w42,1.6864606800601714,1.9489972089834877,-0.26253652892331636,FALSE,so2,M5: AugSynth Centro (Bel. dropped),AugSynth,2023-10-16
2023w43,1.4719367459116133,1.752704802793073,-0.28076805688145967,FALSE,so2,M5: AugSynth Centro (Bel. dropped),AugSynth,2023-10-23
2023w44,2.032699279127704,1.741301075247751,0.2913982038799532,FALSE,so2,M5: AugSynth Centro (Bel. dropped),AugSynth,2023-10-30
2023w45,1.122979645116404,1.8254049719070002,-0.7024253267905962,FALSE,so2,M5: AugSynth Centro (Bel. dropped),AugSynth,2023-11-06
2023w46,1.6255080926115948,1.633484784049042,-0.00797669143744728,FALSE,so2,M5: AugSynth Centro (Bel. dropped),AugSynth,2023-11-13
2023w47,1.5309717391546673,1.5325361863875706,-0.0015644472329032766,FALSE,so2,M5: AugSynth Centro (Bel. dropped),AugSynth,2023-11-20
2023w48,1.7740479872958872,1.9170222984046559,-0.14297431110876868,TRUE,so2,M5: AugSynth Centro (Bel. dropped),AugSynth,2023-11-27
2023w49,1.5292396371049881,1.8168778511068104,-0.2876382140018223,TRUE,so2,M5: AugSynth Centro (Bel. dropped),AugSynth,2023-12-04
2023w50,1.852802304234756,1.910293363137999,-0.05749105890324313,TRUE,so2,M5: AugSynth Centro (Bel. dropped),AugSynth,2023-12-11
2023w51,1.7697410555560509,1.695105399197579,0.0746356563584718,TRUE,so2,M5: AugSynth Centro (Bel. dropped),AugSynth,2023-12-18
2023w52,1.2127739602790046,1.224217378402219,-0.011443418123214366,TRUE,so2,M5: AugSynth Centro (Bel. dropped),AugSynth,2023-12-25
2024w01,1.8873221424057702,1.6936929571192483,0.19362918528652195,TRUE,so2,M5: AugSynth Centro (Bel. dropped),AugSynth,2024-01-01
2024w02,1.6550484236861527,1.74722843857745,-0.09218001489129724,TRUE,so2,M5: AugSynth Centro (Bel. dropped),AugSynth,2024-01-08
2024w03,1.6677697116621502,1.6985393841569316,-0.030769672494781464,TRUE,so2,M5: AugSynth Centro (Bel. dropped),AugSynth,2024-01-15
2024w04,1.41455782639275,1.4661667673449919,-0.05160894095224178,TRUE,so2,M5: AugSynth Centro (Bel. dropped),AugSynth,2024-01-22
2024w05,1.6113693792838475,1.7009958160681513,-0.08962643678430382,TRUE,so2,M5: AugSynth Centro (Bel. dropped),AugSynth,2024-01-29
2024w06,1.701469997880594,1.860912169607282,-0.15944217172668784,TRUE,so2,M5: AugSynth Centro (Bel. dropped),AugSynth,2024-02-05
2024w07,1.086089763669219,1.1268780967854393,-0.04078833311622021,TRUE,so2,M5: AugSynth Centro (Bel. dropped),AugSynth,2024-02-12
2024w08,1.303148231699738,1.6417326115213335,-0.3385843798215955,TRUE,so2,M5: AugSynth Centro (Bel. dropped),AugSynth,2024-02-19
2024w09,1.896869953630672,1.7202681440053242,0.17660180962534766,TRUE,so2,M5: AugSynth Centro (Bel. dropped),AugSynth,2024-02-26
2024w10,1.7415182527913082,1.834910727205992,-0.09339247441468368,TRUE,so2,M5: AugSynth Centro (Bel. dropped),AugSynth,2024-03-04
2024w11,1.7350715329314825,1.7472917483397443,-0.012220215408261792,TRUE,so2,M5: AugSynth Centro (Bel. dropped),AugSynth,2024-03-11
2024w12,1.826643871081557,1.8927797011227605,-0.0661358300412036,TRUE,so2,M5: AugSynth Centro (Bel. dropped),AugSynth,2024-03-18
2024w13,2.083059987202547,1.7267798182115732,0.3562801689909736,TRUE,so2,M5: AugSynth Centro (Bel. dropped),AugSynth,2024-03-25
2024w14,2.045798577257244,1.5741720002932051,0.47162657696403865,TRUE,so2,M5: AugSynth Centro (Bel. dropped),AugSynth,2024-04-01
2024w15,1.8788032530999834,2.1348874499492325,-0.2560841968492491,TRUE,so2,M5: AugSynth Centro (Bel. dropped),AugSynth,2024-04-08
2024w16,1.9260232324926074,1.9089127475020993,0.017110484990508157,TRUE,so2,M5: AugSynth Centro (Bel. dropped),AugSynth,2024-04-15
2024w17,2.018142213133331,2.022423679567719,-0.0042814664343877595,TRUE,so2,M5: AugSynth Centro (Bel. dropped),AugSynth,2024-04-22
2024w18,1.692307390256395,1.8243101529502745,-0.13200276269387956,TRUE,so2,M5: AugSynth Centro (Bel. dropped),AugSynth,2024-04-29
2024w19,1.87139183631315,1.9296926481449665,-0.05830081183181646,TRUE,so2,M5: AugSynth Centro (Bel. dropped),AugSynth,2024-05-06
2024w20,1.665704817887403,2.0198628196193855,-0.35415800173198253,TRUE,so2,M5: AugSynth Centro (Bel. dropped),AugSynth,2024-05-13
2024w21,0.8243216311107514,1.742825791064778,-0.9185041599540266,TRUE,so2,M5: AugSynth Centro (Bel. dropped),AugSynth,2024-05-20
2024w22,0.8106338760156122,1.4665893357339845,-0.6559554597183723,TRUE,so2,M5: AugSynth Centro (Bel. dropped),AugSynth,2024-05-27
2024w23,0.6241543090729939,0.9661521365713132,-0.3419978274983193,TRUE,so2,M5: AugSynth Centro (Bel. dropped),AugSynth,2024-06-03
2024w24,0.9604989865384754,0.903257451020024,0.05724153551845146,TRUE,so2,M5: AugSynth Centro (Bel. dropped),AugSynth,2024-06-10
2024w25,1.2069683133057345,1.5781259406508794,-0.3711576273451449,TRUE,so2,M5: AugSynth Centro (Bel. dropped),AugSynth,2024-06-17
2024w26,1.1744410017198983,1.190961111806356,-0.016520110086457818,TRUE,so2,M5: AugSynth Centro (Bel. dropped),AugSynth,2024-06-24
2024w27,1.1364431475323367,1.2471027055489226,-0.11065955801658589,TRUE,so2,M5: AugSynth Centro (Bel. dropped),AugSynth,2024-07-01
2024w28,1.2469365037580518,1.8346243639744018,-0.58768786021635,TRUE,so2,M5: AugSynth Centro (Bel. dropped),AugSynth,2024-07-08
2024w29,0.961391559119251,1.2279831559127758,-0.26659159679352484,TRUE,so2,M5: AugSynth Centro (Bel. dropped),AugSynth,2024-07-15
2024w30,1.232074234436811,1.4457874439725604,-0.21371320953574946,TRUE,so2,M5: AugSynth Centro (Bel. dropped),AugSynth,2024-07-22
2024w31,1.247032293786383,0.97689388152788,0.2701384122585029,TRUE,so2,M5: AugSynth Centro (Bel. dropped),AugSynth,2024-07-29
2024w32,1.597972434324822,1.8179493520280186,-0.2199769177031965,TRUE,so2,M5: AugSynth Centro (Bel. dropped),AugSynth,2024-08-05
2024w33,1.335509709281608,1.2378519818078353,0.09765772747377266,TRUE,so2,M5: AugSynth Centro (Bel. dropped),AugSynth,2024-08-12
2024w34,1.6651248738483542,1.4354879113866439,0.22963696246171028,TRUE,so2,M5: AugSynth Centro (Bel. dropped),AugSynth,2024-08-19
2024w35,1.6955544447251658,1.0104054615530818,0.6851489831720841,TRUE,so2,M5: AugSynth Centro (Bel. dropped),AugSynth,2024-08-26
2024w36,1.3520134271430164,1.7502963872681334,-0.398282960125117,TRUE,so2,M5: AugSynth Centro (Bel. dropped),AugSynth,2024-09-02
2024w37,1.490278930597786,1.4045600570489198,0.08571887354886609,TRUE,so2,M5: AugSynth Centro (Bel. dropped),AugSynth,2024-09-09
2024w38,1.4593124538564626,1.5112978412553915,-0.051985387398928884,TRUE,so2,M5: AugSynth Centro (Bel. dropped),AugSynth,2024-09-16
2024w39,1.9064760798099063,1.7651344992878026,0.14134158052210366,TRUE,so2,M5: AugSynth Centro (Bel. dropped),AugSynth,2024-09-23
2024w40,2.246085285754561,2.016518335812456,0.2295669499421047,TRUE,so2,M5: AugSynth Centro (Bel. dropped),AugSynth,2024-09-30
2024w41,2.131796772013764,2.0436591340827133,0.08813763793105078,TRUE,so2,M5: AugSynth Centro (Bel. dropped),AugSynth,2024-10-07
2024w42,1.210451770423645,1.849339949648742,-0.6388881792250969,TRUE,so2,M5: AugSynth Centro (Bel. dropped),AugSynth,2024-10-14
2024w43,1.656830274736701,1.8093739801874436,-0.15254370545074258,TRUE,so2,M5: AugSynth Centro (Bel. dropped),AugSynth,2024-10-21
2024w44,1.5750120854190832,1.9585800665892656,-0.3835679811701824,TRUE,so2,M5: AugSynth Centro (Bel. dropped),AugSynth,2024-10-28
2024w45,2.1347579823505436,1.9028514157352208,0.23190656661532283,TRUE,so2,M5: AugSynth Centro (Bel. dropped),AugSynth,2024-11-04
2024w46,2.098361426532347,2.049713763701218,0.04864766283112898,TRUE,so2,M5: AugSynth Centro (Bel. dropped),AugSynth,2024-11-11
2024w47,2.033790196260747,1.9267002082481741,0.10708998801257286,TRUE,so2,M5: AugSynth Centro (Bel. dropped),AugSynth,2024-11-18
2024w48,2.1075834830427165,1.9313618107754702,0.17622167226724628,TRUE,so2,M5: AugSynth Centro (Bel. dropped),AugSynth,2024-11-25
2024w49,1.9603764345208963,1.7215055451561854,0.2388708893647109,TRUE,so2,M5: AugSynth Centro (Bel. dropped),AugSynth,2024-12-02
2024w50,2.0680013515372804,2.1341180154782107,-0.0661166639409303,TRUE,so2,M5: AugSynth Centro (Bel. dropped),AugSynth,2024-12-09
2024w51,1.934993637313963,1.8625178213983995,0.0724758159155634,TRUE,so2,M5: AugSynth Centro (Bel. dropped),AugSynth,2024-12-16
2024w52,2.2298710207052403,1.592112162059095,0.6377588586461453,TRUE,so2,M5: AugSynth Centro (Bel. dropped),AugSynth,2024-12-23
2025w01,1.8160183834488397,1.5751929917296335,0.24082539171920625,TRUE,so2,M5: AugSynth Centro (Bel. dropped),AugSynth,2024-12-30
2025w02,2.190647439753181,1.7965617018706292,0.39408573788255197,TRUE,so2,M5: AugSynth Centro (Bel. dropped),AugSynth,2025-01-06
2025w03,1.9059657455298842,1.6878881856272538,0.21807755990263034,TRUE,so2,M5: AugSynth Centro (Bel. dropped),AugSynth,2025-01-13
2025w04,2.0258649407764433,1.9322602293207005,0.09360471145574278,TRUE,so2,M5: AugSynth Centro (Bel. dropped),AugSynth,2025-01-20
2025w05,2.132192107065365,1.9001916594088493,0.23200044765651562,TRUE,so2,M5: AugSynth Centro (Bel. dropped),AugSynth,2025-01-27
2025w06,2.3187864723320537,1.6754591860406618,0.6433272862913919,TRUE,so2,M5: AugSynth Centro (Bel. dropped),AugSynth,2025-02-03
2025w07,1.8031755387093396,1.3431357564823436,0.46003978222699593,TRUE,so2,M5: AugSynth Centro (Bel. dropped),AugSynth,2025-02-10
2025w08,1.2494240672298533,1.1460237306630208,0.10340033656683256,TRUE,so2,M5: AugSynth Centro (Bel. dropped),AugSynth,2025-02-17
2025w09,1.5605977470146266,1.2729757837428817,0.28762196327174494,TRUE,so2,M5: AugSynth Centro (Bel. dropped),AugSynth,2025-02-24
2025w10,1.5603877144588085,1.1758686587938523,0.38451905566495626,TRUE,so2,M5: AugSynth Centro (Bel. dropped),AugSynth,2025-03-03
2025w11,1.9206411799272272,1.362789240925612,0.5578519390016152,TRUE,so2,M5: AugSynth Centro (Bel. dropped),AugSynth,2025-03-10
2025w12,1.5041514681069994,1.294854316743736,0.20929715136326332,TRUE,so2,M5: AugSynth Centro (Bel. dropped),AugSynth,2025-03-17
2025w13,1.3308873538481523,1.4228577414431178,-0.09197038759496556,TRUE,so2,M5: AugSynth Centro (Bel. dropped),AugSynth,2025-03-24
2025w14,0.49400494603564715,1.2265565484271994,-0.7325516023915523,TRUE,so2,M5: AugSynth Centro (Bel. dropped),AugSynth,2025-03-31
2025w15,0.40582060046882246,1.2259021506383494,-0.8200815501695269,TRUE,so2,M5: AugSynth Centro (Bel. dropped),AugSynth,2025-04-07
2025w16,1.220829921392359,1.4810895288948063,-0.26025960750244725,TRUE,so2,M5: AugSynth Centro (Bel. dropped),AugSynth,2025-04-14
2025w17,1.373496145556592,1.268075881323323,0.10542026423326889,TRUE,so2,M5: AugSynth Centro (Bel. dropped),AugSynth,2025-04-21
2025w18,1.5817240738665845,1.2247178494874082,0.3570062243791763,TRUE,so2,M5: AugSynth Centro (Bel. dropped),AugSynth,2025-04-28
2025w19,1.241750168659966,1.3703376383335755,-0.12858746967360957,TRUE,so2,M5: AugSynth Centro (Bel. dropped),AugSynth,2025-05-05
2025w20,1.4097667173050328,1.001469996710597,0.40829672059443567,TRUE,so2,M5: AugSynth Centro (Bel. dropped),AugSynth,2025-05-12
2025w21,1.4760588891531607,1.4721718641247894,0.0038870250283713492,TRUE,so2,M5: AugSynth Centro (Bel. dropped),AugSynth,2025-05-19
2025w22,1.6695290586443916,1.3062270857449603,0.36330197289943134,TRUE,so2,M5: AugSynth Centro (Bel. dropped),AugSynth,2025-05-26
2025w23,1.811652869455809,1.27713234864543,0.5345205208103789,TRUE,so2,M5: AugSynth Centro (Bel. dropped),AugSynth,2025-06-02
2025w24,1.4191458292494148,1.3854500114844397,0.0336958177649751,TRUE,so2,M5: AugSynth Centro (Bel. dropped),AugSynth,2025-06-09
2025w25,1.0266387890430204,1.4488474600824617,-0.42220867103944126,TRUE,so2,M5: AugSynth Centro (Bel. dropped),AugSynth,2025-06-16
2022w48,1.5235168499264609,1.8422659159866153,-0.3187490660601544,FALSE,so2,M5b: AugSynth Centro (Bel. in pool),AugSynth,2022-11-28
2022w49,1.98481029801287,2.1530617894813355,-0.16825149146846563,FALSE,so2,M5b: AugSynth Centro (Bel. in pool),AugSynth,2022-12-05
2022w50,1.7035716429174597,1.9039342741032885,-0.20036263118582887,FALSE,so2,M5b: AugSynth Centro (Bel. in pool),AugSynth,2022-12-12
2022w51,1.7189497992144027,1.8505858297126319,-0.13163603049822914,FALSE,so2,M5b: AugSynth Centro (Bel. in pool),AugSynth,2022-12-19
2022w52,1.6495556590299894,1.505470683727309,0.14408497530268027,FALSE,so2,M5b: AugSynth Centro (Bel. in pool),AugSynth,2022-12-26
2023w01,1.862890793335221,1.7785606429526857,0.08433015038253533,FALSE,so2,M5b: AugSynth Centro (Bel. in pool),AugSynth,2023-01-02
2023w02,1.8531158493878266,1.6082602111778515,0.24485563820997513,FALSE,so2,M5b: AugSynth Centro (Bel. in pool),AugSynth,2023-01-09
2023w03,1.8265365634304183,1.68477266178695,0.1417639016434682,FALSE,so2,M5b: AugSynth Centro (Bel. in pool),AugSynth,2023-01-16
2023w04,1.8187259174578694,1.627348401260858,0.1913775161970115,FALSE,so2,M5b: AugSynth Centro (Bel. in pool),AugSynth,2023-01-23
2023w05,1.8390352597991686,1.9606950382320898,-0.1216597784329212,FALSE,so2,M5b: AugSynth Centro (Bel. in pool),AugSynth,2023-01-30
2023w06,2.0282710467696647,1.9703688572174534,0.05790218955221138,FALSE,so2,M5b: AugSynth Centro (Bel. in pool),AugSynth,2023-02-06
2023w07,1.920182000482582,1.9478428918501987,-0.027660891367616625,FALSE,so2,M5b: AugSynth Centro (Bel. in pool),AugSynth,2023-02-13
2023w08,1.8057171614125376,1.6306442592248749,0.1750729021876627,FALSE,so2,M5b: AugSynth Centro (Bel. in pool),AugSynth,2023-02-20
2023w09,1.8840043497385062,2.020283499867741,-0.13627915012923486,FALSE,so2,M5b: AugSynth Centro (Bel. in pool),AugSynth,2023-02-27
2023w10,1.7007400708408864,1.3771873768622116,0.3235526939786748,FALSE,so2,M5b: AugSynth Centro (Bel. in pool),AugSynth,2023-03-06
2023w11,1.7730975244394787,1.4533255314804505,0.31977199295902814,FALSE,so2,M5b: AugSynth Centro (Bel. in pool),AugSynth,2023-03-13
2023w12,1.8193205924314695,1.5809202617409812,0.23840033069048827,FALSE,so2,M5b: AugSynth Centro (Bel. in pool),AugSynth,2023-03-20
2023w13,1.7212773941896358,1.4149037908772728,0.30637360331236296,FALSE,so2,M5b: AugSynth Centro (Bel. in pool),AugSynth,2023-03-27
2023w14,1.8185095843039698,1.3804070765254526,0.4381025077785172,FALSE,so2,M5b: AugSynth Centro (Bel. in pool),AugSynth,2023-04-03
2023w15,1.8660936062807585,1.6166012946325683,0.2494923116481902,FALSE,so2,M5b: AugSynth Centro (Bel. in pool),AugSynth,2023-04-10
2023w16,1.5614374363789174,1.3980969831773973,0.16334045320152013,FALSE,so2,M5b: AugSynth Centro (Bel. in pool),AugSynth,2023-04-17
2023w17,1.7770292886277534,1.7654608348073169,0.011568453820436586,FALSE,so2,M5b: AugSynth Centro (Bel. in pool),AugSynth,2023-04-24
2023w18,0.9120149370113666,1.2671509248264803,-0.3551359878151137,FALSE,so2,M5b: AugSynth Centro (Bel. in pool),AugSynth,2023-05-01
2023w19,1.4828159281105124,1.5807108829339955,-0.0978949548234831,FALSE,so2,M5b: AugSynth Centro (Bel. in pool),AugSynth,2023-05-08
2023w20,1.6577835333643822,1.7639782974244131,-0.10619476406003092,FALSE,so2,M5b: AugSynth Centro (Bel. in pool),AugSynth,2023-05-15
2023w21,1.4921547518193679,1.4801320239198972,0.012022727899470675,FALSE,so2,M5b: AugSynth Centro (Bel. in pool),AugSynth,2023-05-22
2023w22,1.5614374363789174,1.4874987141330542,0.07393872224586318,FALSE,so2,M5b: AugSynth Centro (Bel. in pool),AugSynth,2023-05-29
2023w23,1.6950649984015373,1.5627533515088543,0.13231164689268304,FALSE,so2,M5b: AugSynth Centro (Bel. in pool),AugSynth,2023-06-05
2023w24,1.4931287900337171,1.4308634246719125,0.0622653653618046,FALSE,so2,M5b: AugSynth Centro (Bel. in pool),AugSynth,2023-06-12
2023w25,1.2747108188312777,1.336908284767777,-0.06219746593649922,FALSE,so2,M5b: AugSynth Centro (Bel. in pool),AugSynth,2023-06-19
2023w26,1.4476246162714965,1.4499511099652254,-0.002326493693728837,FALSE,so2,M5b: AugSynth Centro (Bel. in pool),AugSynth,2023-06-26
2023w27,1.6049612404070217,1.4150627508744578,0.18989848953256394,FALSE,so2,M5b: AugSynth Centro (Bel. in pool),AugSynth,2023-07-03
2023w28,1.6213006049766125,1.6323714095317032,-0.011070804555090685,FALSE,so2,M5b: AugSynth Centro (Bel. in pool),AugSynth,2023-07-10
2023w29,1.2210265588917635,1.2001638830546577,0.02086267583710577,FALSE,so2,M5b: AugSynth Centro (Bel. in pool),AugSynth,2023-07-17
2023w30,1.3566938913436,1.400929096484003,-0.04423520514040313,FALSE,so2,M5b: AugSynth Centro (Bel. in pool),AugSynth,2023-07-24
2023w31,0.8107820570931598,1.1496923574896487,-0.33891030039648895,FALSE,so2,M5b: AugSynth Centro (Bel. in pool),AugSynth,2023-07-31
2023w32,0.6554453133759338,1.211720041474203,-0.5562747280982693,FALSE,so2,M5b: AugSynth Centro (Bel. in pool),AugSynth,2023-08-07
2023w33,1.3871273474237824,1.4747238672610659,-0.08759651983728345,FALSE,so2,M5b: AugSynth Centro (Bel. in pool),AugSynth,2023-08-14
2023w34,1.4820589831042699,1.405042434626808,0.07701654847746187,FALSE,so2,M5b: AugSynth Centro (Bel. in pool),AugSynth,2023-08-21
2023w35,0.9741822102899327,1.3853821116895224,-0.41119990139958973,FALSE,so2,M5b: AugSynth Centro (Bel. in pool),AugSynth,2023-08-28
2023w36,1.15415210934198,1.5397112719743014,-0.3855591626323214,FALSE,so2,M5b: AugSynth Centro (Bel. in pool),AugSynth,2023-09-04
2023w37,1.2478939913838643,1.6214968028746894,-0.3736028114908252,FALSE,so2,M5b: AugSynth Centro (Bel. in pool),AugSynth,2023-09-11
2023w38,1.4612317511162785,1.4172004926616601,0.044031258454618305,FALSE,so2,M5b: AugSynth Centro (Bel. in pool),AugSynth,2023-09-18
2023w39,1.779068163109745,1.664561964753138,0.11450619835660691,FALSE,so2,M5b: AugSynth Centro (Bel. in pool),AugSynth,2023-09-25
2023w40,1.846352867832228,1.8065886532417395,0.03976421459048862,FALSE,so2,M5b: AugSynth Centro (Bel. in pool),AugSynth,2023-10-02
2023w41,1.6598775091921698,1.6405224139718244,0.019355095220345397,FALSE,so2,M5b: AugSynth Centro (Bel. in pool),AugSynth,2023-10-09
2023w42,1.6864606800601714,1.8220501988125424,-0.13558951875237102,FALSE,so2,M5b: AugSynth Centro (Bel. in pool),AugSynth,2023-10-16
2023w43,1.4719367459116133,1.4187610277087774,0.05317571820283584,FALSE,so2,M5b: AugSynth Centro (Bel. in pool),AugSynth,2023-10-23
2023w44,2.032699279127704,1.6341762660025603,0.3985230131251438,FALSE,so2,M5b: AugSynth Centro (Bel. in pool),AugSynth,2023-10-30
2023w45,1.122979645116404,1.3836793968676255,-0.2606997517512215,FALSE,so2,M5b: AugSynth Centro (Bel. in pool),AugSynth,2023-11-06
2023w46,1.6255080926115948,1.559783142393226,0.06572495021836877,FALSE,so2,M5b: AugSynth Centro (Bel. in pool),AugSynth,2023-11-13
2023w47,1.5309717391546673,1.383940812555516,0.1470309265991514,FALSE,so2,M5b: AugSynth Centro (Bel. in pool),AugSynth,2023-11-20
2023w48,1.7740479872958872,1.6339610927480892,0.140086894547798,TRUE,so2,M5b: AugSynth Centro (Bel. in pool),AugSynth,2023-11-27
2023w49,1.5292396371049881,1.614749805993875,-0.08551016888888685,TRUE,so2,M5b: AugSynth Centro (Bel. in pool),AugSynth,2023-12-04
2023w50,1.852802304234756,1.5934080425013202,0.2593942617334357,TRUE,so2,M5b: AugSynth Centro (Bel. in pool),AugSynth,2023-12-11
2023w51,1.7697410555560509,1.7090189791983423,0.06072207635770854,TRUE,so2,M5b: AugSynth Centro (Bel. in pool),AugSynth,2023-12-18
2023w52,1.2127739602790046,1.0666665968265787,0.14610736345242592,TRUE,so2,M5b: AugSynth Centro (Bel. in pool),AugSynth,2023-12-25
2024w01,1.8873221424057702,1.6180594019559489,0.26926274044982135,TRUE,so2,M5b: AugSynth Centro (Bel. in pool),AugSynth,2024-01-01
2024w02,1.6550484236861527,1.5746013189197656,0.08044710476638706,TRUE,so2,M5b: AugSynth Centro (Bel. in pool),AugSynth,2024-01-08
2024w03,1.6677697116621502,1.272346794028802,0.39542291763334814,TRUE,so2,M5b: AugSynth Centro (Bel. in pool),AugSynth,2024-01-15
2024w04,1.41455782639275,1.249277736549629,0.16528008984312104,TRUE,so2,M5b: AugSynth Centro (Bel. in pool),AugSynth,2024-01-22
2024w05,1.6113693792838475,1.5652469505572468,0.04612242872660066,TRUE,so2,M5b: AugSynth Centro (Bel. in pool),AugSynth,2024-01-29
2024w06,1.701469997880594,1.5597280332849328,0.14174196459566124,TRUE,so2,M5b: AugSynth Centro (Bel. in pool),AugSynth,2024-02-05
2024w07,1.086089763669219,0.8356548288519223,0.25043493481729673,TRUE,so2,M5b: AugSynth Centro (Bel. in pool),AugSynth,2024-02-12
2024w08,1.303148231699738,1.2644465915627099,0.03870164013702815,TRUE,so2,M5b: AugSynth Centro (Bel. in pool),AugSynth,2024-02-19
2024w09,1.896869953630672,1.5726574378778142,0.3242125157528577,TRUE,so2,M5b: AugSynth Centro (Bel. in pool),AugSynth,2024-02-26
2024w10,1.7415182527913082,1.5957739721155189,0.14574428067578937,TRUE,so2,M5b: AugSynth Centro (Bel. in pool),AugSynth,2024-03-04
2024w11,1.7350715329314825,1.6094529153490789,0.12561861758240367,TRUE,so2,M5b: AugSynth Centro (Bel. in pool),AugSynth,2024-03-11
2024w12,1.826643871081557,1.7454166865256813,0.08122718455587563,TRUE,so2,M5b: AugSynth Centro (Bel. in pool),AugSynth,2024-03-18
2024w13,2.083059987202547,1.913490664127857,0.16956932307468975,TRUE,so2,M5b: AugSynth Centro (Bel. in pool),AugSynth,2024-03-25
2024w14,2.045798577257244,1.4868990825771564,0.5588994946800874,TRUE,so2,M5b: AugSynth Centro (Bel. in pool),AugSynth,2024-04-01
2024w15,1.8788032530999834,1.7914037043563464,0.08739954874363698,TRUE,so2,M5b: AugSynth Centro (Bel. in pool),AugSynth,2024-04-08
2024w16,1.9260232324926074,1.7407816108972025,0.18524162159540492,TRUE,so2,M5b: AugSynth Centro (Bel. in pool),AugSynth,2024-04-15
2024w17,2.018142213133331,1.9103807985771477,0.10776141455618338,TRUE,so2,M5b: AugSynth Centro (Bel. in pool),AugSynth,2024-04-22
2024w18,1.692307390256395,1.7767257774137033,-0.08441838715730832,TRUE,so2,M5b: AugSynth Centro (Bel. in pool),AugSynth,2024-04-29
2024w19,1.87139183631315,1.8519477869102214,0.019444049402928654,TRUE,so2,M5b: AugSynth Centro (Bel. in pool),AugSynth,2024-05-06
2024w20,1.665704817887403,1.9886846593562733,-0.32297984146887027,TRUE,so2,M5b: AugSynth Centro (Bel. in pool),AugSynth,2024-05-13
2024w21,0.8243216311107514,1.6093136886570947,-0.7849920575463433,TRUE,so2,M5b: AugSynth Centro (Bel. in pool),AugSynth,2024-05-20
2024w22,0.8106338760156122,1.320166022352491,-0.5095321463368787,TRUE,so2,M5b: AugSynth Centro (Bel. in pool),AugSynth,2024-05-27
2024w23,0.6241543090729939,1.3013643228035139,-0.67721001373052,TRUE,so2,M5b: AugSynth Centro (Bel. in pool),AugSynth,2024-06-03
2024w24,0.9604989865384754,1.332257028577318,-0.37175804203884266,TRUE,so2,M5b: AugSynth Centro (Bel. in pool),AugSynth,2024-06-10
2024w25,1.2069683133057345,1.640957316906271,-0.4339890036005365,TRUE,so2,M5b: AugSynth Centro (Bel. in pool),AugSynth,2024-06-17
2024w26,1.1744410017198983,1.2568667734518646,-0.0824257717319663,TRUE,so2,M5b: AugSynth Centro (Bel. in pool),AugSynth,2024-06-24
2024w27,1.1364431475323367,1.2522753046178574,-0.11583215708552075,TRUE,so2,M5b: AugSynth Centro (Bel. in pool),AugSynth,2024-07-01
2024w28,1.2469365037580518,1.6857521370006958,-0.43881563324264405,TRUE,so2,M5b: AugSynth Centro (Bel. in pool),AugSynth,2024-07-08
2024w29,0.961391559119251,1.2404172871300534,-0.2790257280108024,TRUE,so2,M5b: AugSynth Centro (Bel. in pool),AugSynth,2024-07-15
2024w30,1.232074234436811,1.494453730644776,-0.2623794962079651,TRUE,so2,M5b: AugSynth Centro (Bel. in pool),AugSynth,2024-07-22
2024w31,1.247032293786383,1.391690486230027,-0.14465819244364408,TRUE,so2,M5b: AugSynth Centro (Bel. in pool),AugSynth,2024-07-29
2024w32,1.597972434324822,1.8702000003731833,-0.2722275660483613,TRUE,so2,M5b: AugSynth Centro (Bel. in pool),AugSynth,2024-08-05
2024w33,1.335509709281608,1.3448048835425788,-0.009295174260970818,TRUE,so2,M5b: AugSynth Centro (Bel. in pool),AugSynth,2024-08-12
2024w34,1.6651248738483542,1.478987514355186,0.18613735949316812,TRUE,so2,M5b: AugSynth Centro (Bel. in pool),AugSynth,2024-08-19
2024w35,1.6955544447251658,1.264211740501282,0.43134270422388377,TRUE,so2,M5b: AugSynth Centro (Bel. in pool),AugSynth,2024-08-26
2024w36,1.3520134271430164,1.570627110864575,-0.21861368372155865,TRUE,so2,M5b: AugSynth Centro (Bel. in pool),AugSynth,2024-09-02
2024w37,1.490278930597786,1.4951735958038375,-0.0048946652060515294,TRUE,so2,M5b: AugSynth Centro (Bel. in pool),AugSynth,2024-09-09
2024w38,1.4593124538564626,1.47801927231473,-0.018706818458267493,TRUE,so2,M5b: AugSynth Centro (Bel. in pool),AugSynth,2024-09-16
2024w39,1.9064760798099063,1.6811941842906328,0.22528189551927347,TRUE,so2,M5b: AugSynth Centro (Bel. in pool),AugSynth,2024-09-23
2024w40,2.246085285754561,2.1350958492759498,0.11098943647861104,TRUE,so2,M5b: AugSynth Centro (Bel. in pool),AugSynth,2024-09-30
2024w41,2.131796772013764,2.2248545997618434,-0.09305782774807936,TRUE,so2,M5b: AugSynth Centro (Bel. in pool),AugSynth,2024-10-07
2024w42,1.210451770423645,1.8048143330605135,-0.5943625626368685,TRUE,so2,M5b: AugSynth Centro (Bel. in pool),AugSynth,2024-10-14
2024w43,1.656830274736701,2.037017617505752,-0.380187342769051,TRUE,so2,M5b: AugSynth Centro (Bel. in pool),AugSynth,2024-10-21
2024w44,1.5750120854190832,1.926413932107162,-0.35140184668807883,TRUE,so2,M5b: AugSynth Centro (Bel. in pool),AugSynth,2024-10-28
2024w45,2.1347579823505436,2.0389251658634486,0.09583281648709496,TRUE,so2,M5b: AugSynth Centro (Bel. in pool),AugSynth,2024-11-04
2024w46,2.098361426532347,2.077940377296592,0.02042104923575483,TRUE,so2,M5b: AugSynth Centro (Bel. in pool),AugSynth,2024-11-11
2024w47,2.033790196260747,2.0716341905532167,-0.03784399429246976,TRUE,so2,M5b: AugSynth Centro (Bel. in pool),AugSynth,2024-11-18
2024w48,2.1075834830427165,2.13508924546993,-0.027505762427213476,TRUE,so2,M5b: AugSynth Centro (Bel. in pool),AugSynth,2024-11-25
2024w49,1.9603764345208963,1.6625327467423476,0.29784368777854864,TRUE,so2,M5b: AugSynth Centro (Bel. in pool),AugSynth,2024-12-02
2024w50,2.0680013515372804,1.9310155978798027,0.13698575365747767,TRUE,so2,M5b: AugSynth Centro (Bel. in pool),AugSynth,2024-12-09
2024w51,1.934993637313963,1.74228265636662,0.19271098094734285,TRUE,so2,M5b: AugSynth Centro (Bel. in pool),AugSynth,2024-12-16
2024w52,2.2298710207052403,1.8386782846398266,0.3911927360654137,TRUE,so2,M5b: AugSynth Centro (Bel. in pool),AugSynth,2024-12-23
2025w01,1.8160183834488397,1.5324483050346864,0.28357007841415327,TRUE,so2,M5b: AugSynth Centro (Bel. in pool),AugSynth,2024-12-30
2025w02,2.190647439753181,1.9172127950113573,0.2734346447418239,TRUE,so2,M5b: AugSynth Centro (Bel. in pool),AugSynth,2025-01-06
2025w03,1.9059657455298842,1.6481679346078817,0.2577978109220025,TRUE,so2,M5b: AugSynth Centro (Bel. in pool),AugSynth,2025-01-13
2025w04,2.0258649407764433,1.8509962421445247,0.17486869863191856,TRUE,so2,M5b: AugSynth Centro (Bel. in pool),AugSynth,2025-01-20
2025w05,2.132192107065365,1.7816964713754726,0.3504956356898923,TRUE,so2,M5b: AugSynth Centro (Bel. in pool),AugSynth,2025-01-27
2025w06,2.3187864723320537,1.7927108785349914,0.5260755937970623,TRUE,so2,M5b: AugSynth Centro (Bel. in pool),AugSynth,2025-02-03
2025w07,1.8031755387093396,0.6051204164949254,1.1980551222144142,TRUE,so2,M5b: AugSynth Centro (Bel. in pool),AugSynth,2025-02-10
2025w08,1.2494240672298533,0.7140198832970064,0.5354041839328469,TRUE,so2,M5b: AugSynth Centro (Bel. in pool),AugSynth,2025-02-17
2025w09,1.5605977470146266,0.9289460444321012,0.6316517025825255,TRUE,so2,M5b: AugSynth Centro (Bel. in pool),AugSynth,2025-02-24
2025w10,1.5603877144588085,0.6722743932456513,0.8881133212131572,TRUE,so2,M5b: AugSynth Centro (Bel. in pool),AugSynth,2025-03-03
2025w11,1.9206411799272272,0.9804059022633309,0.9402352776638963,TRUE,so2,M5b: AugSynth Centro (Bel. in pool),AugSynth,2025-03-10
2025w12,1.5041514681069994,1.1235377585651343,0.38061370954186513,TRUE,so2,M5b: AugSynth Centro (Bel. in pool),AugSynth,2025-03-17
2025w13,1.3308873538481523,1.247881721424429,0.08300563242372316,TRUE,so2,M5b: AugSynth Centro (Bel. in pool),AugSynth,2025-03-24
2025w14,0.49400494603564715,1.0442401695638934,-0.5502352235282463,TRUE,so2,M5b: AugSynth Centro (Bel. in pool),AugSynth,2025-03-31
2025w15,0.40582060046882246,1.0026214958550033,-0.5968008953861808,TRUE,so2,M5b: AugSynth Centro (Bel. in pool),AugSynth,2025-04-07
2025w16,1.220829921392359,1.2369825987636087,-0.016152677371249702,TRUE,so2,M5b: AugSynth Centro (Bel. in pool),AugSynth,2025-04-14
2025w17,1.373496145556592,1.2476511085504538,0.12584503700613814,TRUE,so2,M5b: AugSynth Centro (Bel. in pool),AugSynth,2025-04-21
2025w18,1.5817240738665845,1.0969009539470989,0.4848231199194857,TRUE,so2,M5b: AugSynth Centro (Bel. in pool),AugSynth,2025-04-28
2025w19,1.241750168659966,1.1723017730079588,0.06944839565200711,TRUE,so2,M5b: AugSynth Centro (Bel. in pool),AugSynth,2025-05-05
2025w20,1.4097667173050328,0.8889874775111315,0.5207792397939013,TRUE,so2,M5b: AugSynth Centro (Bel. in pool),AugSynth,2025-05-12
2025w21,1.4760588891531607,1.1381601883230084,0.3378987008301524,TRUE,so2,M5b: AugSynth Centro (Bel. in pool),AugSynth,2025-05-19
2025w22,1.6695290586443916,0.9582018610747576,0.711327197569634,TRUE,so2,M5b: AugSynth Centro (Bel. in pool),AugSynth,2025-05-26
2025w23,1.811652869455809,1.0595146399344058,0.7521382295214032,TRUE,so2,M5b: AugSynth Centro (Bel. in pool),AugSynth,2025-06-02
2025w24,1.4191458292494148,1.035154344697744,0.38399148455167076,TRUE,so2,M5b: AugSynth Centro (Bel. in pool),AugSynth,2025-06-09
2025w25,1.0266387890430204,0.8792913412820299,0.1473474477609905,TRUE,so2,M5b: AugSynth Centro (Bel. in pool),AugSynth,2025-06-16
2022w48,1.7320094648222808,1.71894530622805,0.013064158594230824,FALSE,so2,M6: AugSynth Belisario (Centro dropped),AugSynth,2022-11-28
2022w49,2.030181267025784,1.980174643412226,0.0500066236135579,FALSE,so2,M6: AugSynth Belisario (Centro dropped),AugSynth,2022-12-05
2022w50,1.7383000878770183,1.8765366139681647,-0.13823652609114645,FALSE,so2,M6: AugSynth Belisario (Centro dropped),AugSynth,2022-12-12
2022w51,1.7500690421738458,1.8028188787602868,-0.052749836586440946,FALSE,so2,M6: AugSynth Belisario (Centro dropped),AugSynth,2022-12-19
2022w52,1.3413841601488963,1.7646277966403805,-0.4232436364914842,FALSE,so2,M6: AugSynth Belisario (Centro dropped),AugSynth,2022-12-26
2023w01,1.5778784435263344,1.8165755337561902,-0.23869709022985575,FALSE,so2,M6: AugSynth Belisario (Centro dropped),AugSynth,2023-01-02
2023w02,1.4548093406568945,1.6167978666233467,-0.1619885259664522,FALSE,so2,M6: AugSynth Belisario (Centro dropped),AugSynth,2023-01-09
2023w03,1.5162987076904768,1.732422260345791,-0.21612355265531424,FALSE,so2,M6: AugSynth Belisario (Centro dropped),AugSynth,2023-01-16
2023w04,1.4590800308455383,1.7808819244656586,-0.32180189362012035,FALSE,so2,M6: AugSynth Belisario (Centro dropped),AugSynth,2023-01-23
2023w05,1.8685764670686351,1.7764989092577281,0.09207755781090698,FALSE,so2,M6: AugSynth Belisario (Centro dropped),AugSynth,2023-01-30
2023w06,1.83598898488165,1.7101817668060468,0.12580721807560313,FALSE,so2,M6: AugSynth Belisario (Centro dropped),AugSynth,2023-02-06
2023w07,1.789701798118589,1.601376668356921,0.18832512976166793,FALSE,so2,M6: AugSynth Belisario (Centro dropped),AugSynth,2023-02-13
2023w08,1.4989531792588286,1.3851879504397413,0.11376522881908735,FALSE,so2,M6: AugSynth Belisario (Centro dropped),AugSynth,2023-02-20
2023w09,1.8267511672189989,1.7884469651112826,0.038304202107716234,FALSE,so2,M6: AugSynth Belisario (Centro dropped),AugSynth,2023-02-27
2023w10,1.3387659006674681,1.0269859752361672,0.31177992543130095,FALSE,so2,M6: AugSynth Belisario (Centro dropped),AugSynth,2023-03-06
2023w11,1.3792697461829262,1.2922397442936493,0.0870300018892769,FALSE,so2,M6: AugSynth Belisario (Centro dropped),AugSynth,2023-03-13
2023w12,1.4365120772805082,1.4153751684306768,0.021136908849831437,FALSE,so2,M6: AugSynth Belisario (Centro dropped),AugSynth,2023-03-20
2023w13,1.3645598689738845,1.1513136612862829,0.2132462076876016,FALSE,so2,M6: AugSynth Belisario (Centro dropped),AugSynth,2023-03-27
2023w14,1.3210444759117734,1.1537069921163778,0.1673374837953956,FALSE,so2,M6: AugSynth Belisario (Centro dropped),AugSynth,2023-04-03
2023w15,1.52199007657379,1.371538184370992,0.15045189220279798,FALSE,so2,M6: AugSynth Belisario (Centro dropped),AugSynth,2023-04-10
2023w16,1.366006616173169,1.1811136116927734,0.18489300448039558,FALSE,so2,M6: AugSynth Belisario (Centro dropped),AugSynth,2023-04-17
2023w17,1.6629786793621302,1.5427963170307466,0.12018236233138357,FALSE,so2,M6: AugSynth Belisario (Centro dropped),AugSynth,2023-04-24
2023w18,1.1355868914594711,1.3137830077337371,-0.17819611627426601,FALSE,so2,M6: AugSynth Belisario (Centro dropped),AugSynth,2023-05-01
2023w19,1.459854564227919,1.4973071017448705,-0.037452537516951434,FALSE,so2,M6: AugSynth Belisario (Centro dropped),AugSynth,2023-05-08
2023w20,1.6654401025493852,1.5404047418770044,0.12503536067238086,FALSE,so2,M6: AugSynth Belisario (Centro dropped),AugSynth,2023-05-15
2023w21,1.3935182062092102,1.0788997170407404,0.3146184891684698,FALSE,so2,M6: AugSynth Belisario (Centro dropped),AugSynth,2023-05-22
2023w22,1.3484194086909642,1.1171003544512865,0.2313190542396777,FALSE,so2,M6: AugSynth Belisario (Centro dropped),AugSynth,2023-05-29
2023w23,1.4423595850528395,1.203810767647844,0.23854881740499545,FALSE,so2,M6: AugSynth Belisario (Centro dropped),AugSynth,2023-06-05
2023w24,1.3582377633373655,1.2758393758357525,0.08239838750161299,FALSE,so2,M6: AugSynth Belisario (Centro dropped),AugSynth,2023-06-12
2023w25,1.2427126326418665,1.1270927391789596,0.11561989346290691,FALSE,so2,M6: AugSynth Belisario (Centro dropped),AugSynth,2023-06-19
2023w26,1.341819871018061,1.2403883179410617,0.10143155307699936,FALSE,so2,M6: AugSynth Belisario (Centro dropped),AugSynth,2023-06-26
2023w27,1.347033647166588,1.134626978355867,0.21240666881072112,FALSE,so2,M6: AugSynth Belisario (Centro dropped),AugSynth,2023-07-03
2023w28,1.5387292841636457,1.4472256902792981,0.09150359388434759,FALSE,so2,M6: AugSynth Belisario (Centro dropped),AugSynth,2023-07-10
2023w29,1.2723788369899964,0.8647700502751706,0.4076087867148258,FALSE,so2,M6: AugSynth Belisario (Centro dropped),AugSynth,2023-07-17
2023w30,1.3459063002146026,1.1804132802691751,0.16549301994542742,FALSE,so2,M6: AugSynth Belisario (Centro dropped),AugSynth,2023-07-24
2023w31,1.2203381584122002,0.972554151266659,0.24778400714554116,FALSE,so2,M6: AugSynth Belisario (Centro dropped),AugSynth,2023-07-31
2023w32,1.0628699633479357,1.3009193406413329,-0.23804937729339715,FALSE,so2,M6: AugSynth Belisario (Centro dropped),AugSynth,2023-08-07
2023w33,1.3017345221084318,1.3850472811774541,-0.08331275906902236,FALSE,so2,M6: AugSynth Belisario (Centro dropped),AugSynth,2023-08-14
2023w34,1.2374075804121734,1.3117817817771515,-0.07437420136497819,FALSE,so2,M6: AugSynth Belisario (Centro dropped),AugSynth,2023-08-21
2023w35,1.2928990135203375,1.3872999184114079,-0.09440090489107034,FALSE,so2,M6: AugSynth Belisario (Centro dropped),AugSynth,2023-08-28
2023w36,1.4606284981725939,1.5265089909683776,-0.06588049279578367,FALSE,so2,M6: AugSynth Belisario (Centro dropped),AugSynth,2023-09-04
2023w37,1.4667216102325051,1.6867297830048635,-0.2200081727723584,FALSE,so2,M6: AugSynth Belisario (Centro dropped),AugSynth,2023-09-11
2023w38,1.2508563902247865,1.2784094458333677,-0.027553055608581234,FALSE,so2,M6: AugSynth Belisario (Centro dropped),AugSynth,2023-09-18
2023w39,1.5050398963878393,1.3918959323037399,0.11314396408409944,FALSE,so2,M6: AugSynth Belisario (Centro dropped),AugSynth,2023-09-25
2023w40,1.6827503301230329,1.3669947574182006,0.31575557270483223,FALSE,so2,M6: AugSynth Belisario (Centro dropped),AugSynth,2023-10-02
2023w41,1.4019216170055897,1.9343254861807628,-0.5324038691751731,FALSE,so2,M6: AugSynth Belisario (Centro dropped),AugSynth,2023-10-09
2023w42,1.6825024832911055,1.8590774324500565,-0.176574949158951,FALSE,so2,M6: AugSynth Belisario (Centro dropped),AugSynth,2023-10-16
2023w43,1.2387606298116,1.5864546790913032,-0.34769404927970315,FALSE,so2,M6: AugSynth Belisario (Centro dropped),AugSynth,2023-10-23
2023w44,1.479101410706097,1.5784221484568415,-0.09932073775074457,FALSE,so2,M6: AugSynth Belisario (Centro dropped),AugSynth,2023-10-30
2023w45,1.1890621915901818,1.7798285688007645,-0.5907663772105827,FALSE,so2,M6: AugSynth Belisario (Centro dropped),AugSynth,2023-11-06
2023w46,1.426876326835537,1.539025044534966,-0.11214871769942913,FALSE,so2,M6: AugSynth Belisario (Centro dropped),AugSynth,2023-11-13
2023w47,1.1611070560964447,1.324881588916496,-0.16377453282005128,FALSE,so2,M6: AugSynth Belisario (Centro dropped),AugSynth,2023-11-20
2023w48,1.3526513966972986,1.649738772535342,-0.29708737583804345,TRUE,so2,M6: AugSynth Belisario (Centro dropped),AugSynth,2023-11-27
2023w49,1.409644609728106,1.6146243271469416,-0.2049797174188357,TRUE,so2,M6: AugSynth Belisario (Centro dropped),AugSynth,2023-12-04
2023w50,1.310672422984992,1.6585205852025982,-0.34784816221760617,TRUE,so2,M6: AugSynth Belisario (Centro dropped),AugSynth,2023-12-11
2023w51,1.5832308202649263,1.5191147365124025,0.06411608375252387,TRUE,so2,M6: AugSynth Belisario (Centro dropped),AugSynth,2023-12-18
2023w52,0.8586616190375187,0.9805283014925804,-0.12186668245506171,TRUE,so2,M6: AugSynth Belisario (Centro dropped),AugSynth,2023-12-25
2024w01,1.4387286709683118,1.4539816071506244,-0.015252936182312604,TRUE,so2,M6: AugSynth Belisario (Centro dropped),AugSynth,2024-01-01
2024w02,1.3649856001736391,1.510293929003846,-0.14530832883020683,TRUE,so2,M6: AugSynth Belisario (Centro dropped),AugSynth,2024-01-08
2024w03,1.0254440457706775,1.4760104176929019,-0.4505663719222244,TRUE,so2,M6: AugSynth Belisario (Centro dropped),AugSynth,2024-01-15
2024w04,1.108892598075666,1.3782626497805486,-0.2693700517048825,TRUE,so2,M6: AugSynth Belisario (Centro dropped),AugSynth,2024-01-22
2024w05,1.3811980636951415,1.5212857009119745,-0.14008763721683293,TRUE,so2,M6: AugSynth Belisario (Centro dropped),AugSynth,2024-01-29
2024w06,1.3250393323053797,1.6646943588827117,-0.33965502657733193,TRUE,so2,M6: AugSynth Belisario (Centro dropped),AugSynth,2024-02-05
2024w07,0.7275486072772777,1.0844083059064296,-0.3568596986291519,TRUE,so2,M6: AugSynth Belisario (Centro dropped),AugSynth,2024-02-12
2024w08,1.021491234730616,1.43162488738302,-0.410133652652404,TRUE,so2,M6: AugSynth Belisario (Centro dropped),AugSynth,2024-02-19
2024w09,1.421661504957182,1.56750805916997,-0.14584655421278803,TRUE,so2,M6: AugSynth Belisario (Centro dropped),AugSynth,2024-02-26
2024w10,1.3833734326922271,1.6332986131324592,-0.24992518044023204,TRUE,so2,M6: AugSynth Belisario (Centro dropped),AugSynth,2024-03-04
2024w11,1.4436981152318238,1.5921915074995712,-0.14849339226774738,TRUE,so2,M6: AugSynth Belisario (Centro dropped),AugSynth,2024-03-11
2024w12,1.580674860166215,1.741737002513423,-0.16106214234720784,TRUE,so2,M6: AugSynth Belisario (Centro dropped),AugSynth,2024-03-18
2024w13,1.8276091221217523,1.5671588046608866,0.26045031746086567,TRUE,so2,M6: AugSynth Belisario (Centro dropped),AugSynth,2024-03-25
2024w14,1.3685546046418808,1.4295090522960505,-0.060954447654169686,TRUE,so2,M6: AugSynth Belisario (Centro dropped),AugSynth,2024-04-01
2024w15,1.5718744918791347,1.980441767062653,-0.4085672751835183,TRUE,so2,M6: AugSynth Belisario (Centro dropped),AugSynth,2024-04-08
2024w16,1.6161089448681385,1.8326856784170567,-0.21657673354891815,TRUE,so2,M6: AugSynth Belisario (Centro dropped),AugSynth,2024-04-15
2024w17,1.7454246216336875,1.8591479733438194,-0.11372335171013193,TRUE,so2,M6: AugSynth Belisario (Centro dropped),AugSynth,2024-04-22
2024w18,1.6513089565094066,1.720828084250341,-0.06951912774093438,TRUE,so2,M6: AugSynth Belisario (Centro dropped),AugSynth,2024-04-29
2024w19,1.7407585297614583,1.818296760265332,-0.07753823050387365,TRUE,so2,M6: AugSynth Belisario (Centro dropped),AugSynth,2024-05-06
2024w20,1.8467736104491428,1.88599189876498,-0.03921828831583718,TRUE,so2,M6: AugSynth Belisario (Centro dropped),AugSynth,2024-05-13
2024w21,1.4215006168545101,1.5393747627505465,-0.1178741458960364,TRUE,so2,M6: AugSynth Belisario (Centro dropped),AugSynth,2024-05-20
2024w22,1.1631508098056809,1.2943925838135246,-0.13124177400784376,TRUE,so2,M6: AugSynth Belisario (Centro dropped),AugSynth,2024-05-27
2024w23,1.355147632123054,0.9332172465684166,0.42193038555463735,TRUE,so2,M6: AugSynth Belisario (Centro dropped),AugSynth,2024-06-03
2024w24,1.4051978915391232,0.8496728609869185,0.5555250305522047,TRUE,so2,M6: AugSynth Belisario (Centro dropped),AugSynth,2024-06-10
2024w25,1.5409449159887998,1.4143092328980726,0.12663568309072715,TRUE,so2,M6: AugSynth Belisario (Centro dropped),AugSynth,2024-06-17
2024w26,1.1808065262940965,1.0676727500318592,0.1131337762622373,TRUE,so2,M6: AugSynth Belisario (Centro dropped),AugSynth,2024-06-24
2024w27,1.185605146967751,1.1563624603952296,0.029242686572521492,TRUE,so2,M6: AugSynth Belisario (Centro dropped),AugSynth,2024-07-01
2024w28,1.4915548717773834,1.632753569530827,-0.14119869775344362,TRUE,so2,M6: AugSynth Belisario (Centro dropped),AugSynth,2024-07-08
2024w29,1.2216162394985313,1.2116526303444717,0.009963609154059583,TRUE,so2,M6: AugSynth Belisario (Centro dropped),AugSynth,2024-07-15
2024w30,1.41381224715663,1.3403875981342004,0.07342464902242951,TRUE,so2,M6: AugSynth Belisario (Centro dropped),AugSynth,2024-07-22
2024w31,1.3692329731915955,0.7925168192225228,0.5767161539690727,TRUE,so2,M6: AugSynth Belisario (Centro dropped),AugSynth,2024-07-29
2024w32,1.680703754321098,1.5330562681690383,0.1476474861520598,TRUE,so2,M6: AugSynth Belisario (Centro dropped),AugSynth,2024-08-05
2024w33,1.3331572627067618,1.1974674522408082,0.13568981046595363,TRUE,so2,M6: AugSynth Belisario (Centro dropped),AugSynth,2024-08-12
2024w34,1.387710025261053,1.3081097378761388,0.0796002873849142,TRUE,so2,M6: AugSynth Belisario (Centro dropped),AugSynth,2024-08-19
2024w35,1.2563754831189844,0.8917673378065827,0.3646081453124017,TRUE,so2,M6: AugSynth Belisario (Centro dropped),AugSynth,2024-08-26
2024w36,1.4497385336764255,1.67987976253855,-0.23014122886212451,TRUE,so2,M6: AugSynth Belisario (Centro dropped),AugSynth,2024-09-02
2024w37,1.4747630091074988,1.365061672655515,0.10970133645198388,TRUE,so2,M6: AugSynth Belisario (Centro dropped),AugSynth,2024-09-09
2024w38,1.3634521188712583,1.344701356648815,0.018750762222443207,TRUE,so2,M6: AugSynth Belisario (Centro dropped),AugSynth,2024-09-16
2024w39,1.603507026113227,1.7194349266199411,-0.1159279005067142,TRUE,so2,M6: AugSynth Belisario (Centro dropped),AugSynth,2024-09-23
2024w40,2.0236028448654597,1.8490609482201656,0.17454189664529407,TRUE,so2,M6: AugSynth Belisario (Centro dropped),AugSynth,2024-09-30
2024w41,2.074521122916015,1.8448307870769993,0.22969033583901566,TRUE,so2,M6: AugSynth Belisario (Centro dropped),AugSynth,2024-10-07
2024w42,1.6524590869842952,1.7193717432842839,-0.06691265629998866,TRUE,so2,M6: AugSynth Belisario (Centro dropped),AugSynth,2024-10-14
2024w43,1.9869789702542144,1.7308325087862109,0.2561464614680036,TRUE,so2,M6: AugSynth Belisario (Centro dropped),AugSynth,2024-10-21
2024w44,1.720752666380141,1.7303437009941285,-0.009591034613987581,TRUE,so2,M6: AugSynth Belisario (Centro dropped),AugSynth,2024-10-28
2024w45,1.9677415293646525,1.7742011419729866,0.1935403873916659,TRUE,so2,M6: AugSynth Belisario (Centro dropped),AugSynth,2024-11-04
2024w46,1.974486428434593,1.9216880256842952,0.0527984027502979,TRUE,so2,M6: AugSynth Belisario (Centro dropped),AugSynth,2024-11-11
2024w47,1.9812313275045337,1.7657397886331518,0.21549153887138184,TRUE,so2,M6: AugSynth Belisario (Centro dropped),AugSynth,2024-11-18
2024w48,2.0812066496265027,1.83842202752918,0.24278462209732266,TRUE,so2,M6: AugSynth Belisario (Centro dropped),AugSynth,2024-11-25
2024w49,1.5324848712659722,1.5502379339408903,-0.017753062674918052,TRUE,so2,M6: AugSynth Belisario (Centro dropped),AugSynth,2024-12-02
2024w50,1.6869913706491662,1.8745772327226804,-0.18758586207351424,TRUE,so2,M6: AugSynth Belisario (Centro dropped),AugSynth,2024-12-09
2024w51,1.5965552866030868,1.746487613643377,-0.14993232704029014,TRUE,so2,M6: AugSynth Belisario (Centro dropped),AugSynth,2024-12-16
2024w52,1.7890223935181688,1.4648963622380526,0.3241260312801162,TRUE,so2,M6: AugSynth Belisario (Centro dropped),AugSynth,2024-12-23
2025w01,1.4002794456865533,1.4570391074052913,-0.05675966171873803,TRUE,so2,M6: AugSynth Belisario (Centro dropped),AugSynth,2024-12-30
2025w02,1.856464643144947,1.7371424064043068,0.11932223674064013,TRUE,so2,M6: AugSynth Belisario (Centro dropped),AugSynth,2025-01-06
2025w03,1.5850769115211651,1.6227124922291476,-0.03763558070798245,TRUE,so2,M6: AugSynth Belisario (Centro dropped),AugSynth,2025-01-13
2025w04,1.7213966121201538,1.843051170756992,-0.12165455863683827,TRUE,so2,M6: AugSynth Belisario (Centro dropped),AugSynth,2025-01-20
2025w05,1.6409365794934714,1.7892858677991146,-0.1483492883056432,TRUE,so2,M6: AugSynth Belisario (Centro dropped),AugSynth,2025-01-27
2025w06,1.7110012278435416,1.5849222540481067,0.12607897379543487,TRUE,so2,M6: AugSynth Belisario (Centro dropped),AugSynth,2025-02-03
2025w07,0.4025720383257366,1.3391664731820607,-0.9365944348563241,TRUE,so2,M6: AugSynth Belisario (Centro dropped),AugSynth,2025-02-10
2025w08,0.4697952742079987,0.9585302692973001,-0.4887349950893014,TRUE,so2,M6: AugSynth Belisario (Centro dropped),AugSynth,2025-02-17
2025w09,0.6790482561804436,1.0748988062682374,-0.3958505500877938,TRUE,so2,M6: AugSynth Belisario (Centro dropped),AugSynth,2025-02-24
2025w10,0.39091532709343324,0.9693747622366631,-0.5784594351432298,TRUE,so2,M6: AugSynth Belisario (Centro dropped),AugSynth,2025-03-03
2025w11,0.7569041463626964,1.171180850017731,-0.41427670365503455,TRUE,so2,M6: AugSynth Belisario (Centro dropped),AugSynth,2025-03-10
2025w12,0.9202827531436925,1.104743115439152,-0.1844603622954596,TRUE,so2,M6: AugSynth Belisario (Centro dropped),AugSynth,2025-03-17
2025w13,1.0590626325301276,1.230741503544944,-0.1716788710148165,TRUE,so2,M6: AugSynth Belisario (Centro dropped),AugSynth,2025-03-24
2025w14,0.9043530943011122,1.1121165612551192,-0.20776346695400694,TRUE,so2,M6: AugSynth Belisario (Centro dropped),AugSynth,2025-03-31
2025w15,0.9100714320602383,1.1971769789142521,-0.2871055468540138,TRUE,so2,M6: AugSynth Belisario (Centro dropped),AugSynth,2025-04-07
2025w16,1.0996117890011932,1.4182739628913283,-0.3186621738901352,TRUE,so2,M6: AugSynth Belisario (Centro dropped),AugSynth,2025-04-14
2025w17,1.1570908184258055,1.18181084130887,-0.024720022883064408,TRUE,so2,M6: AugSynth Belisario (Centro dropped),AugSynth,2025-04-21
2025w18,0.9954715297485963,1.1402333313107922,-0.14476180156219587,TRUE,so2,M6: AugSynth Belisario (Centro dropped),AugSynth,2025-04-28
2025w19,1.0496554439415786,1.3011184145311037,-0.25146297058952505,TRUE,so2,M6: AugSynth Belisario (Centro dropped),AugSynth,2025-05-05
2025w20,0.8569652657893402,1.0309501469788738,-0.1739848811895336,TRUE,so2,M6: AugSynth Belisario (Centro dropped),AugSynth,2025-05-12
2025w21,0.9528155065565274,1.367294324737772,-0.41447881818124466,TRUE,so2,M6: AugSynth Belisario (Centro dropped),AugSynth,2025-05-19
2025w22,0.8320391794265639,1.2885061356150105,-0.45646695618844657,TRUE,so2,M6: AugSynth Belisario (Centro dropped),AugSynth,2025-05-26
2025w23,0.9611366196659903,1.2516396258809277,-0.2905030062149374,TRUE,so2,M6: AugSynth Belisario (Centro dropped),AugSynth,2025-06-02
2025w24,0.8897413966406185,1.3212235099684426,-0.43148211332782416,TRUE,so2,M6: AugSynth Belisario (Centro dropped),AugSynth,2025-06-09
2025w25,0.6802307886267185,1.3834092056896725,-0.703178417062954,TRUE,so2,M6: AugSynth Belisario (Centro dropped),AugSynth,2025-06-16
2022w48,1.6277631573743707,1.7441805135257153,-0.11641735615134463,FALSE,so2,M7: AugSynth_FE Centro+Belisario,AugSynth_FE,2022-11-28
2022w49,2.007495782519327,2.0853718742870506,-0.07787609176772348,FALSE,so2,M7: AugSynth_FE Centro+Belisario,AugSynth_FE,2022-12-05
2022w50,1.720935865397239,1.9574579285168054,-0.23652206311956636,FALSE,so2,M7: AugSynth_FE Centro+Belisario,AugSynth_FE,2022-12-12
2022w51,1.7345094206941243,1.7979404548693614,-0.0634310341752371,FALSE,so2,M7: AugSynth_FE Centro+Belisario,AugSynth_FE,2022-12-19
2022w52,1.4954699095894428,1.800757818966395,-0.30528790937695227,FALSE,so2,M7: AugSynth_FE Centro+Belisario,AugSynth_FE,2022-12-26
2023w01,1.7203846184307778,1.9002221102112826,-0.1798374917805048,FALSE,so2,M7: AugSynth_FE Centro+Belisario,AugSynth_FE,2023-01-02
2023w02,1.6539625950223606,1.7013850770401324,-0.04742248201777177,FALSE,so2,M7: AugSynth_FE Centro+Belisario,AugSynth_FE,2023-01-09
2023w03,1.6714176355604475,1.7838307159334055,-0.11241308037295794,FALSE,so2,M7: AugSynth_FE Centro+Belisario,AugSynth_FE,2023-01-16
2023w04,1.6389029741517038,1.8415543471145595,-0.20265137296285562,FALSE,so2,M7: AugSynth_FE Centro+Belisario,AugSynth_FE,2023-01-23
2023w05,1.8538058634339019,1.818070211923815,0.03573565151008684,FALSE,so2,M7: AugSynth_FE Centro+Belisario,AugSynth_FE,2023-01-30
2023w06,1.9321300158256574,1.783396704503361,0.1487333113222964,FALSE,so2,M7: AugSynth_FE Centro+Belisario,AugSynth_FE,2023-02-06
2023w07,1.8549418993005855,1.6911220661432942,0.16381983315729132,FALSE,so2,M7: AugSynth_FE Centro+Belisario,AugSynth_FE,2023-02-13
2023w08,1.6523351703356832,1.4718284546306366,0.18050671570504662,FALSE,so2,M7: AugSynth_FE Centro+Belisario,AugSynth_FE,2023-02-20
2023w09,1.8553777584787525,1.896458736343067,-0.041080977864314416,FALSE,so2,M7: AugSynth_FE Centro+Belisario,AugSynth_FE,2023-02-27
2023w10,1.5197529857541774,1.1111094096960694,0.40864357605810797,FALSE,so2,M7: AugSynth_FE Centro+Belisario,AugSynth_FE,2023-03-06
2023w11,1.5761836353112024,1.3900521144717708,0.18613152083943163,FALSE,so2,M7: AugSynth_FE Centro+Belisario,AugSynth_FE,2023-03-13
2023w12,1.6279163348559889,1.5232119031768505,0.10470443167913834,FALSE,so2,M7: AugSynth_FE Centro+Belisario,AugSynth_FE,2023-03-20
2023w13,1.54291863158176,1.2136336378619599,0.32928499371980013,FALSE,so2,M7: AugSynth_FE Centro+Belisario,AugSynth_FE,2023-03-27
2023w14,1.5697770301078715,1.1489148552380193,0.4208621748698522,FALSE,so2,M7: AugSynth_FE Centro+Belisario,AugSynth_FE,2023-04-03
2023w15,1.6940418414272742,1.43862295380647,0.2554188876208041,FALSE,so2,M7: AugSynth_FE Centro+Belisario,AugSynth_FE,2023-04-10
2023w16,1.4637220262760433,1.2301107837580425,0.2336112425180008,FALSE,so2,M7: AugSynth_FE Centro+Belisario,AugSynth_FE,2023-04-17
2023w17,1.7200039839949417,1.6291274767016417,0.09087650729329999,FALSE,so2,M7: AugSynth_FE Centro+Belisario,AugSynth_FE,2023-04-24
2023w18,1.023800914235419,1.340859011171681,-0.31705809693626197,FALSE,so2,M7: AugSynth_FE Centro+Belisario,AugSynth_FE,2023-05-01
2023w19,1.4713352461692157,1.5290867028673845,-0.057751456698168724,FALSE,so2,M7: AugSynth_FE Centro+Belisario,AugSynth_FE,2023-05-08
2023w20,1.6616118179568837,1.5900117833042926,0.07160003465259113,FALSE,so2,M7: AugSynth_FE Centro+Belisario,AugSynth_FE,2023-05-15
2023w21,1.442836479014289,1.1916240263184972,0.25121245269579173,FALSE,so2,M7: AugSynth_FE Centro+Belisario,AugSynth_FE,2023-05-22
2023w22,1.4549284225349408,1.2227901167998774,0.23213830573506344,FALSE,so2,M7: AugSynth_FE Centro+Belisario,AugSynth_FE,2023-05-29
2023w23,1.5687122917271883,1.2711506129468246,0.29756167878036366,FALSE,so2,M7: AugSynth_FE Centro+Belisario,AugSynth_FE,2023-06-05
2023w24,1.4256832766855414,1.3127989116193237,0.11288436506621768,FALSE,so2,M7: AugSynth_FE Centro+Belisario,AugSynth_FE,2023-06-12
2023w25,1.258711725736572,1.203874818821201,0.05483690691537113,FALSE,so2,M7: AugSynth_FE Centro+Belisario,AugSynth_FE,2023-06-19
2023w26,1.3947222436447788,1.3151706300279895,0.07955161361678931,FALSE,so2,M7: AugSynth_FE Centro+Belisario,AugSynth_FE,2023-06-26
2023w27,1.4759974437868049,1.1878532049699728,0.28814423881683204,FALSE,so2,M7: AugSynth_FE Centro+Belisario,AugSynth_FE,2023-07-03
2023w28,1.580014944570129,1.4852145890747783,0.09480035549535071,FALSE,so2,M7: AugSynth_FE Centro+Belisario,AugSynth_FE,2023-07-10
2023w29,1.24670269794088,0.8707483491305732,0.37595434881030676,FALSE,so2,M7: AugSynth_FE Centro+Belisario,AugSynth_FE,2023-07-17
2023w30,1.3513000957791013,1.206675276210702,0.14462481956839923,FALSE,so2,M7: AugSynth_FE Centro+Belisario,AugSynth_FE,2023-07-24
2023w31,1.01556010775268,0.9470985759974773,0.06846153175520264,FALSE,so2,M7: AugSynth_FE Centro+Belisario,AugSynth_FE,2023-07-31
2023w32,0.8591576383619348,1.314897760058695,-0.45574012169676026,FALSE,so2,M7: AugSynth_FE Centro+Belisario,AugSynth_FE,2023-08-07
2023w33,1.3444309347661072,1.4552313543731266,-0.11080041960701936,FALSE,so2,M7: AugSynth_FE Centro+Belisario,AugSynth_FE,2023-08-14
2023w34,1.3597332817582215,1.3804336866050118,-0.020700404846790255,FALSE,so2,M7: AugSynth_FE Centro+Belisario,AugSynth_FE,2023-08-21
2023w35,1.133540611905135,1.4412323456637153,-0.3076917337585803,FALSE,so2,M7: AugSynth_FE Centro+Belisario,AugSynth_FE,2023-08-28
2023w36,1.307390303757287,1.5899275026164588,-0.28253719885917183,FALSE,so2,M7: AugSynth_FE Centro+Belisario,AugSynth_FE,2023-09-04
2023w37,1.3573078008081847,1.792556325883011,-0.43524852507482636,FALSE,so2,M7: AugSynth_FE Centro+Belisario,AugSynth_FE,2023-09-11
2023w38,1.3560440706705323,1.4184375246785057,-0.06239345400797336,FALSE,so2,M7: AugSynth_FE Centro+Belisario,AugSynth_FE,2023-09-18
2023w39,1.6420540297487922,1.4795436686577428,0.16251036109104944,FALSE,so2,M7: AugSynth_FE Centro+Belisario,AugSynth_FE,2023-09-25
2023w40,1.7645515989776306,1.5134710459353256,0.25108055304230503,FALSE,so2,M7: AugSynth_FE Centro+Belisario,AugSynth_FE,2023-10-02
2023w41,1.5308995630988798,2.0168012500084704,-0.4859016869095907,FALSE,so2,M7: AugSynth_FE Centro+Belisario,AugSynth_FE,2023-10-09
2023w42,1.6844815816756384,1.8748603839751798,-0.1903788022995414,FALSE,so2,M7: AugSynth_FE Centro+Belisario,AugSynth_FE,2023-10-16
2023w43,1.3553486878616066,1.6816067539445483,-0.3262580660829417,FALSE,so2,M7: AugSynth_FE Centro+Belisario,AugSynth_FE,2023-10-23
2023w44,1.7559003449169004,1.6397578806713229,0.1161424642455775,FALSE,so2,M7: AugSynth_FE Centro+Belisario,AugSynth_FE,2023-10-30
2023w45,1.1560209183532928,1.7950503211677078,-0.639029402814415,FALSE,so2,M7: AugSynth_FE Centro+Belisario,AugSynth_FE,2023-11-06
2023w46,1.5261922097235658,1.5657950301049532,-0.039602820381387405,FALSE,so2,M7: AugSynth_FE Centro+Belisario,AugSynth_FE,2023-11-13
2023w47,1.346039397625556,1.3918402246432673,-0.045800827017711265,FALSE,so2,M7: AugSynth_FE Centro+Belisario,AugSynth_FE,2023-11-20
2023w48,1.563349691996593,1.7343885029483512,-0.1710388109517582,TRUE,so2,M7: AugSynth_FE Centro+Belisario,AugSynth_FE,2023-11-27
2023w49,1.4694421234165471,1.715671674449871,-0.2462295510333239,TRUE,so2,M7: AugSynth_FE Centro+Belisario,AugSynth_FE,2023-12-04
2023w50,1.581737363609874,1.764385067267133,-0.18264770365725913,TRUE,so2,M7: AugSynth_FE Centro+Belisario,AugSynth_FE,2023-12-11
2023w51,1.6764859379104886,1.6476281916495423,0.028857746260946282,TRUE,so2,M7: AugSynth_FE Centro+Belisario,AugSynth_FE,2023-12-18
2023w52,1.0357177896582617,1.1501940800712986,-0.11447629041303697,TRUE,so2,M7: AugSynth_FE Centro+Belisario,AugSynth_FE,2023-12-25
2024w01,1.6630254066870411,1.5787000579489083,0.0843253487381328,TRUE,so2,M7: AugSynth_FE Centro+Belisario,AugSynth_FE,2024-01-01
2024w02,1.510017011929896,1.6502839322690792,-0.1402669203391833,TRUE,so2,M7: AugSynth_FE Centro+Belisario,AugSynth_FE,2024-01-08
2024w03,1.3466068787164138,1.6322262436321164,-0.2856193649157026,TRUE,so2,M7: AugSynth_FE Centro+Belisario,AugSynth_FE,2024-01-15
2024w04,1.2617252122342082,1.4376432563310182,-0.17591804409681,TRUE,so2,M7: AugSynth_FE Centro+Belisario,AugSynth_FE,2024-01-22
2024w05,1.4962837214894944,1.6445095645443717,-0.1482258430548773,TRUE,so2,M7: AugSynth_FE Centro+Belisario,AugSynth_FE,2024-01-29
2024w06,1.5132546650929868,1.7782405049101488,-0.26498583981716206,TRUE,so2,M7: AugSynth_FE Centro+Belisario,AugSynth_FE,2024-02-05
2024w07,0.9068191854732484,1.1481902264580346,-0.24137104098478623,TRUE,so2,M7: AugSynth_FE Centro+Belisario,AugSynth_FE,2024-02-12
2024w08,1.1623197332151771,1.539893116359675,-0.37757338314449784,TRUE,so2,M7: AugSynth_FE Centro+Belisario,AugSynth_FE,2024-02-19
2024w09,1.659265729293927,1.662459882821501,-0.0031941535275739064,TRUE,so2,M7: AugSynth_FE Centro+Belisario,AugSynth_FE,2024-02-26
2024w10,1.5624458427417678,1.7520982182456826,-0.18965237550391478,TRUE,so2,M7: AugSynth_FE Centro+Belisario,AugSynth_FE,2024-03-04
2024w11,1.589384824081653,1.6964027625688458,-0.10701793848719277,TRUE,so2,M7: AugSynth_FE Centro+Belisario,AugSynth_FE,2024-03-11
2024w12,1.7036593656238859,1.8295226408926644,-0.1258632752687785,TRUE,so2,M7: AugSynth_FE Centro+Belisario,AugSynth_FE,2024-03-18
2024w13,1.9553345546621497,1.6491070319177146,0.3062275227444351,TRUE,so2,M7: AugSynth_FE Centro+Belisario,AugSynth_FE,2024-03-25
2024w14,1.7071765909495622,1.523642160751181,0.18353443019838123,TRUE,so2,M7: AugSynth_FE Centro+Belisario,AugSynth_FE,2024-04-01
2024w15,1.725338872489559,2.0615228666431333,-0.33618399415357425,TRUE,so2,M7: AugSynth_FE Centro+Belisario,AugSynth_FE,2024-04-08
2024w16,1.771066088680373,1.8973009873486495,-0.12623489866827642,TRUE,so2,M7: AugSynth_FE Centro+Belisario,AugSynth_FE,2024-04-15
2024w17,1.8817834173835093,1.936438140864588,-0.054654723481078804,TRUE,so2,M7: AugSynth_FE Centro+Belisario,AugSynth_FE,2024-04-22
2024w18,1.6718081733829009,1.7682010908447712,-0.09639291746187029,TRUE,so2,M7: AugSynth_FE Centro+Belisario,AugSynth_FE,2024-04-29
2024w19,1.8060751830373043,1.8792537366903619,-0.07317855365305759,TRUE,so2,M7: AugSynth_FE Centro+Belisario,AugSynth_FE,2024-05-06
2024w20,1.7562392141682728,1.9430209526046038,-0.18678173843633106,TRUE,so2,M7: AugSynth_FE Centro+Belisario,AugSynth_FE,2024-05-13
2024w21,1.1229111239826308,1.6485444881700284,-0.5256333641873976,TRUE,so2,M7: AugSynth_FE Centro+Belisario,AugSynth_FE,2024-05-20
2024w22,0.9868923429106465,1.4063266446475988,-0.4194343017369523,TRUE,so2,M7: AugSynth_FE Centro+Belisario,AugSynth_FE,2024-05-27
2024w23,0.9896509705980239,0.9869549435905006,0.0026960270075232495,TRUE,so2,M7: AugSynth_FE Centro+Belisario,AugSynth_FE,2024-06-03
2024w24,1.1828484390387994,0.9227327883719029,0.26011565066689657,TRUE,so2,M7: AugSynth_FE Centro+Belisario,AugSynth_FE,2024-06-10
2024w25,1.373956614647267,1.5309223917605534,-0.1569657771132864,TRUE,so2,M7: AugSynth_FE Centro+Belisario,AugSynth_FE,2024-06-17
2024w26,1.1776237640069973,1.1561515068761845,0.0214722571308128,TRUE,so2,M7: AugSynth_FE Centro+Belisario,AugSynth_FE,2024-06-24
2024w27,1.161024147250044,1.2333141099628768,-0.07228996271283283,TRUE,so2,M7: AugSynth_FE Centro+Belisario,AugSynth_FE,2024-07-01
2024w28,1.3692456877677177,1.7310000178084852,-0.3617543300407675,TRUE,so2,M7: AugSynth_FE Centro+Belisario,AugSynth_FE,2024-07-08
2024w29,1.0915038993088912,1.2527280775202954,-0.1612241782114041,TRUE,so2,M7: AugSynth_FE Centro+Belisario,AugSynth_FE,2024-07-15
2024w30,1.3229432407967203,1.4170283211359613,-0.09408508033924101,TRUE,so2,M7: AugSynth_FE Centro+Belisario,AugSynth_FE,2024-07-22
2024w31,1.3081326334889893,0.9365223038006283,0.37161032968836105,TRUE,so2,M7: AugSynth_FE Centro+Belisario,AugSynth_FE,2024-07-29
2024w32,1.63933809432296,1.7026694103798974,-0.06333131605693731,TRUE,so2,M7: AugSynth_FE Centro+Belisario,AugSynth_FE,2024-08-05
2024w33,1.3343334859941849,1.294093766621214,0.040239719372970884,TRUE,so2,M7: AugSynth_FE Centro+Belisario,AugSynth_FE,2024-08-12
2024w34,1.5264174495547036,1.4366305245984996,0.089786924956204,TRUE,so2,M7: AugSynth_FE Centro+Belisario,AugSynth_FE,2024-08-19
2024w35,1.475964963922075,1.014919131439783,0.46104583248229214,TRUE,so2,M7: AugSynth_FE Centro+Belisario,AugSynth_FE,2024-08-26
2024w36,1.400875980409721,1.738009326671822,-0.3371333462621009,TRUE,so2,M7: AugSynth_FE Centro+Belisario,AugSynth_FE,2024-09-02
2024w37,1.4825209698526423,1.4458186130486375,0.0367023568040048,TRUE,so2,M7: AugSynth_FE Centro+Belisario,AugSynth_FE,2024-09-09
2024w38,1.4113822863638603,1.4870632356568159,-0.07568094929295555,TRUE,so2,M7: AugSynth_FE Centro+Belisario,AugSynth_FE,2024-09-16
2024w39,1.7549915529615667,1.7447483923463132,0.010243160615253544,TRUE,so2,M7: AugSynth_FE Centro+Belisario,AugSynth_FE,2024-09-23
2024w40,2.13484406531001,1.957694275743142,0.1771497895668681,TRUE,so2,M7: AugSynth_FE Centro+Belisario,AugSynth_FE,2024-09-30
2024w41,2.1031589474648893,1.9698448967313062,0.13331405073358304,TRUE,so2,M7: AugSynth_FE Centro+Belisario,AugSynth_FE,2024-10-07
2024w42,1.4314554287039702,1.7875088369150336,-0.35605340821106335,TRUE,so2,M7: AugSynth_FE Centro+Belisario,AugSynth_FE,2024-10-14
2024w43,1.8219046224954578,1.802784479576817,0.019120142918640726,TRUE,so2,M7: AugSynth_FE Centro+Belisario,AugSynth_FE,2024-10-21
2024w44,1.647882375899612,1.871487911411957,-0.22360553551234497,TRUE,so2,M7: AugSynth_FE Centro+Belisario,AugSynth_FE,2024-10-28
2024w45,2.051249755857598,1.879408031576647,0.17184172428095112,TRUE,so2,M7: AugSynth_FE Centro+Belisario,AugSynth_FE,2024-11-04
2024w46,2.03642392748347,1.9882467008753468,0.04817722660812329,TRUE,so2,M7: AugSynth_FE Centro+Belisario,AugSynth_FE,2024-11-11
2024w47,2.0075107618826404,1.8589238826126349,0.14858687927000558,TRUE,so2,M7: AugSynth_FE Centro+Belisario,AugSynth_FE,2024-11-18
2024w48,2.0943950663346094,1.9113520036383214,0.183043062696288,TRUE,so2,M7: AugSynth_FE Centro+Belisario,AugSynth_FE,2024-11-25
2024w49,1.7464306528934341,1.6887076312925469,0.05772302160088727,TRUE,so2,M7: AugSynth_FE Centro+Belisario,AugSynth_FE,2024-12-02
2024w50,1.8774963610932232,1.997676141495837,-0.1201797804026139,TRUE,so2,M7: AugSynth_FE Centro+Belisario,AugSynth_FE,2024-12-09
2024w51,1.7657744619585247,1.784189912965056,-0.018415451006531303,TRUE,so2,M7: AugSynth_FE Centro+Belisario,AugSynth_FE,2024-12-16
2024w52,2.009446707111705,1.515914423137185,0.49353228397451976,TRUE,so2,M7: AugSynth_FE Centro+Belisario,AugSynth_FE,2024-12-23
2025w01,1.6081489145676966,1.4980953530568013,0.11005356151089529,TRUE,so2,M7: AugSynth_FE Centro+Belisario,AugSynth_FE,2024-12-30
2025w02,2.023556041449064,1.7440986985038724,0.2794573429451914,TRUE,so2,M7: AugSynth_FE Centro+Belisario,AugSynth_FE,2025-01-06
2025w03,1.7455213285255247,1.6908599409385596,0.05466138758696504,TRUE,so2,M7: AugSynth_FE Centro+Belisario,AugSynth_FE,2025-01-13
2025w04,1.8736307764482985,1.8790087373601125,-0.005377960911814084,TRUE,so2,M7: AugSynth_FE Centro+Belisario,AugSynth_FE,2025-01-20
2025w05,1.8865643432794181,1.8119847080926879,0.07457963518673028,TRUE,so2,M7: AugSynth_FE Centro+Belisario,AugSynth_FE,2025-01-27
2025w06,2.0148938500877978,1.6031385037583854,0.41175534632941235,TRUE,so2,M7: AugSynth_FE Centro+Belisario,AugSynth_FE,2025-02-03
2025w07,1.1028737885175381,1.3626269549941223,-0.2597531664765842,TRUE,so2,M7: AugSynth_FE Centro+Belisario,AugSynth_FE,2025-02-10
2025w08,0.859609670718926,1.0780794200619641,-0.2184697493430381,TRUE,so2,M7: AugSynth_FE Centro+Belisario,AugSynth_FE,2025-02-17
2025w09,1.1198230015975352,1.1914752616896682,-0.07165226009213299,TRUE,so2,M7: AugSynth_FE Centro+Belisario,AugSynth_FE,2025-02-24
2025w10,0.9756515207761209,1.0966668307217773,-0.12101530994565635,TRUE,so2,M7: AugSynth_FE Centro+Belisario,AugSynth_FE,2025-03-03
2025w11,1.3387726631449617,1.2995576073572683,0.039215055787693354,TRUE,so2,M7: AugSynth_FE Centro+Belisario,AugSynth_FE,2025-03-10
2025w12,1.2122171106253459,1.2277143121236624,-0.01549720149831657,TRUE,so2,M7: AugSynth_FE Centro+Belisario,AugSynth_FE,2025-03-17
2025w13,1.19497499318914,1.365762134799997,-0.17078714161085706,TRUE,so2,M7: AugSynth_FE Centro+Belisario,AugSynth_FE,2025-03-24
2025w14,0.6991790201683796,1.2271017872473553,-0.5279227670789757,TRUE,so2,M7: AugSynth_FE Centro+Belisario,AugSynth_FE,2025-03-31
2025w15,0.6579460162645304,1.2335572979864153,-0.5756112817218849,TRUE,so2,M7: AugSynth_FE Centro+Belisario,AugSynth_FE,2025-04-07
2025w16,1.160220855196776,1.4613135921822036,-0.3010927369854275,TRUE,so2,M7: AugSynth_FE Centro+Belisario,AugSynth_FE,2025-04-14
2025w17,1.2652934819911987,1.2465765718800133,0.01871691011118548,TRUE,so2,M7: AugSynth_FE Centro+Belisario,AugSynth_FE,2025-04-21
2025w18,1.2885978018075903,1.2263398848360163,0.06225791697157401,TRUE,so2,M7: AugSynth_FE Centro+Belisario,AugSynth_FE,2025-04-28
2025w19,1.1457028063007724,1.3354918524031096,-0.18978904610233727,TRUE,so2,M7: AugSynth_FE Centro+Belisario,AugSynth_FE,2025-05-05
2025w20,1.1333659915471865,0.9861388519386651,0.1472271396085214,TRUE,so2,M7: AugSynth_FE Centro+Belisario,AugSynth_FE,2025-05-12
2025w21,1.214437197854844,1.391206464337889,-0.17676926648304492,TRUE,so2,M7: AugSynth_FE Centro+Belisario,AugSynth_FE,2025-05-19
2025w22,1.2507841190354778,1.2753999405440721,-0.024615821508594316,TRUE,so2,M7: AugSynth_FE Centro+Belisario,AugSynth_FE,2025-05-26
2025w23,1.3863947445608997,1.2642916057916085,0.12210313876929124,TRUE,so2,M7: AugSynth_FE Centro+Belisario,AugSynth_FE,2025-06-02
2025w24,1.1544436129450166,1.3420792054522241,-0.18763559250720752,TRUE,so2,M7: AugSynth_FE Centro+Belisario,AugSynth_FE,2025-06-09
2025w25,0.8534347888348695,1.3898262262324583,-0.5363914373975889,TRUE,so2,M7: AugSynth_FE Centro+Belisario,AugSynth_FE,2025-06-16
2022w48,1.5235168499264609,1.7816796887080744,-0.2581628387816135,FALSE,so2,M8: AugSynth_FE Centro (Bel. dropped),AugSynth_FE,2022-11-28
2022w49,1.98481029801287,2.1652597551286306,-0.18044945711576066,FALSE,so2,M8: AugSynth_FE Centro (Bel. dropped),AugSynth_FE,2022-12-05
2022w50,1.7035716429174597,2.0345959656578527,-0.33102432274039306,FALSE,so2,M8: AugSynth_FE Centro (Bel. dropped),AugSynth_FE,2022-12-12
2022w51,1.7189497992144027,1.8097372810174446,-0.09078748180304186,FALSE,so2,M8: AugSynth_FE Centro (Bel. dropped),AugSynth_FE,2022-12-19
2022w52,1.6495556590299894,1.8325298781388097,-0.1829742191088204,FALSE,so2,M8: AugSynth_FE Centro (Bel. dropped),AugSynth_FE,2022-12-26
2023w01,1.862890793335221,1.9940027586968383,-0.1311119653616173,FALSE,so2,M8: AugSynth_FE Centro (Bel. dropped),AugSynth_FE,2023-01-02
2023w02,1.8531158493878266,1.7816188717398465,0.07149697764798013,FALSE,so2,M8: AugSynth_FE Centro (Bel. dropped),AugSynth_FE,2023-01-09
2023w03,1.8265365634304183,1.848187408058112,-0.021650844627693733,FALSE,so2,M8: AugSynth_FE Centro (Bel. dropped),AugSynth_FE,2023-01-16
2023w04,1.8187259174578694,1.9025712874067198,-0.08384536994885039,FALSE,so2,M8: AugSynth_FE Centro (Bel. dropped),AugSynth_FE,2023-01-23
2023w05,1.8390352597991686,1.865100255795339,-0.026064995996170293,FALSE,so2,M8: AugSynth_FE Centro (Bel. dropped),AugSynth_FE,2023-01-30
2023w06,2.0282710467696647,1.8823708402537813,0.14590020651588342,FALSE,so2,M8: AugSynth_FE Centro (Bel. dropped),AugSynth_FE,2023-02-06
2023w07,1.920182000482582,1.8095421279704378,0.11063987251214424,FALSE,so2,M8: AugSynth_FE Centro (Bel. dropped),AugSynth_FE,2023-02-13
2023w08,1.8057171614125376,1.5725646459075189,0.2331525155050187,FALSE,so2,M8: AugSynth_FE Centro (Bel. dropped),AugSynth_FE,2023-02-20
2023w09,1.8840043497385062,2.033088794095902,-0.14908444435739598,FALSE,so2,M8: AugSynth_FE Centro (Bel. dropped),AugSynth_FE,2023-02-27
2023w10,1.7007400708408864,1.1718127409652994,0.528927329875587,FALSE,so2,M8: AugSynth_FE Centro (Bel. dropped),AugSynth_FE,2023-03-06
2023w11,1.7730975244394787,1.4492045160357216,0.323893008403757,FALSE,so2,M8: AugSynth_FE Centro (Bel. dropped),AugSynth_FE,2023-03-13
2023w12,1.8193205924314695,1.606847839982887,0.21247275244858255,FALSE,so2,M8: AugSynth_FE Centro (Bel. dropped),AugSynth_FE,2023-03-20
2023w13,1.7212773941896358,1.2325806256486578,0.488696768540978,FALSE,so2,M8: AugSynth_FE Centro (Bel. dropped),AugSynth_FE,2023-03-27
2023w14,1.8185095843039698,1.1658961593284152,0.6526134249755546,FALSE,so2,M8: AugSynth_FE Centro (Bel. dropped),AugSynth_FE,2023-04-03
2023w15,1.8660936062807585,1.4916919786013452,0.3744016276794133,FALSE,so2,M8: AugSynth_FE Centro (Bel. dropped),AugSynth_FE,2023-04-10
2023w16,1.5614374363789174,1.2421558150427054,0.31928162133621196,FALSE,so2,M8: AugSynth_FE Centro (Bel. dropped),AugSynth_FE,2023-04-17
2023w17,1.7770292886277534,1.6961006409249342,0.08092864770281927,FALSE,so2,M8: AugSynth_FE Centro (Bel. dropped),AugSynth_FE,2023-04-24
2023w18,0.9120149370113666,1.371016402939001,-0.45900146592763447,FALSE,so2,M8: AugSynth_FE Centro (Bel. dropped),AugSynth_FE,2023-05-01
2023w19,1.4828159281105124,1.569386922410481,-0.08657099429996862,FALSE,so2,M8: AugSynth_FE Centro (Bel. dropped),AugSynth_FE,2023-05-08
2023w20,1.6577835333643822,1.63569356187914,0.022089971485242277,FALSE,so2,M8: AugSynth_FE Centro (Bel. dropped),AugSynth_FE,2023-05-15
2023w21,1.4921547518193679,1.2780777237578476,0.2140770280615203,FALSE,so2,M8: AugSynth_FE Centro (Bel. dropped),AugSynth_FE,2023-05-22
2023w22,1.5614374363789174,1.338271802614747,0.2231656337641703,FALSE,so2,M8: AugSynth_FE Centro (Bel. dropped),AugSynth_FE,2023-05-29
2023w23,1.6950649984015373,1.3610927883171948,0.3339722100843425,FALSE,so2,M8: AugSynth_FE Centro (Bel. dropped),AugSynth_FE,2023-06-05
2023w24,1.4931287900337171,1.332869827932044,0.16025896210167323,FALSE,so2,M8: AugSynth_FE Centro (Bel. dropped),AugSynth_FE,2023-06-12
2023w25,1.2747108188312777,1.2626852203786572,0.012025598452620523,FALSE,so2,M8: AugSynth_FE Centro (Bel. dropped),AugSynth_FE,2023-06-19
2023w26,1.4476246162714965,1.3787107090997082,0.06891390717178836,FALSE,so2,M8: AugSynth_FE Centro (Bel. dropped),AugSynth_FE,2023-06-26
2023w27,1.6049612404070217,1.232458721755681,0.37250251865134065,FALSE,so2,M8: AugSynth_FE Centro (Bel. dropped),AugSynth_FE,2023-07-03
2023w28,1.6213006049766125,1.5335813698566247,0.0877192351199878,FALSE,so2,M8: AugSynth_FE Centro (Bel. dropped),AugSynth_FE,2023-07-10
2023w29,1.2210265588917635,0.8292748440944115,0.39175171479735194,FALSE,so2,M8: AugSynth_FE Centro (Bel. dropped),AugSynth_FE,2023-07-17
2023w30,1.3566938913436,1.2303927079969563,0.12630118334664364,FALSE,so2,M8: AugSynth_FE Centro (Bel. dropped),AugSynth_FE,2023-07-24
2023w31,0.8107820570931598,0.8784780993124133,-0.06769604221925352,FALSE,so2,M8: AugSynth_FE Centro (Bel. dropped),AugSynth_FE,2023-07-31
2023w32,0.6554453133759338,1.3510143968028363,-0.6955690834269025,FALSE,so2,M8: AugSynth_FE Centro (Bel. dropped),AugSynth_FE,2023-08-07
2023w33,1.3871273474237824,1.5404871815130647,-0.15335983408928233,FALSE,so2,M8: AugSynth_FE Centro (Bel. dropped),AugSynth_FE,2023-08-14
2023w34,1.4820589831042699,1.4684174838659079,0.013641499238361998,FALSE,so2,M8: AugSynth_FE Centro (Bel. dropped),AugSynth_FE,2023-08-21
2023w35,0.9741822102899327,1.469095349900326,-0.4949131396103934,FALSE,so2,M8: AugSynth_FE Centro (Bel. dropped),AugSynth_FE,2023-08-28
2023w36,1.15415210934198,1.62004213046324,-0.46589002112126,FALSE,so2,M8: AugSynth_FE Centro (Bel. dropped),AugSynth_FE,2023-09-04
2023w37,1.2478939913838643,1.8723714606856732,-0.6244774693018089,FALSE,so2,M8: AugSynth_FE Centro (Bel. dropped),AugSynth_FE,2023-09-11
2023w38,1.4612317511162785,1.5540544453870553,-0.09282269427077683,FALSE,so2,M8: AugSynth_FE Centro (Bel. dropped),AugSynth_FE,2023-09-18
2023w39,1.779068163109745,1.6125926143991616,0.16647554871058334,FALSE,so2,M8: AugSynth_FE Centro (Bel. dropped),AugSynth_FE,2023-09-25
2023w40,1.846352867832228,1.65985062224011,0.18650224559211814,FALSE,so2,M8: AugSynth_FE Centro (Bel. dropped),AugSynth_FE,2023-10-02
2023w41,1.6598775091921698,2.112201145118826,-0.45232363592665625,FALSE,so2,M8: AugSynth_FE Centro (Bel. dropped),AugSynth_FE,2023-10-09
2023w42,1.6864606800601714,1.9170008312677709,-0.23054015120759952,FALSE,so2,M8: AugSynth_FE Centro (Bel. dropped),AugSynth_FE,2023-10-16
2023w43,1.4719367459116133,1.7610611418690918,-0.2891243959574785,FALSE,so2,M8: AugSynth_FE Centro (Bel. dropped),AugSynth_FE,2023-10-23
2023w44,2.032699279127704,1.7251501478446145,0.3075491312830896,FALSE,so2,M8: AugSynth_FE Centro (Bel. dropped),AugSynth_FE,2023-10-30
2023w45,1.122979645116404,1.8091104347426081,-0.6861307896262041,FALSE,so2,M8: AugSynth_FE Centro (Bel. dropped),AugSynth_FE,2023-11-06
2023w46,1.6255080926115948,1.611924822897476,0.013583269714118718,FALSE,so2,M8: AugSynth_FE Centro (Bel. dropped),AugSynth_FE,2023-11-13
2023w47,1.5309717391546673,1.5203304930469688,0.010641246107698565,FALSE,so2,M8: AugSynth_FE Centro (Bel. dropped),AugSynth_FE,2023-11-20
2023w48,1.7740479872958872,1.8956729208880452,-0.12162493359215798,TRUE,so2,M8: AugSynth_FE Centro (Bel. dropped),AugSynth_FE,2023-11-27
2023w49,1.5292396371049881,1.8356625306276426,-0.3064228935226545,TRUE,so2,M8: AugSynth_FE Centro (Bel. dropped),AugSynth_FE,2023-12-04
2023w50,1.852802304234756,1.9133903483421917,-0.06058804410743579,TRUE,so2,M8: AugSynth_FE Centro (Bel. dropped),AugSynth_FE,2023-12-11
2023w51,1.7697410555560509,1.7464240745328854,0.023316981023165484,TRUE,so2,M8: AugSynth_FE Centro (Bel. dropped),AugSynth_FE,2023-12-18
2023w52,1.2127739602790046,1.2935974319645378,-0.08082347168553317,TRUE,so2,M8: AugSynth_FE Centro (Bel. dropped),AugSynth_FE,2023-12-25
2024w01,1.8873221424057702,1.7130755903732904,0.17424655203247985,TRUE,so2,M8: AugSynth_FE Centro (Bel. dropped),AugSynth_FE,2024-01-01
2024w02,1.6550484236861527,1.786294642396082,-0.13124621870992925,TRUE,so2,M8: AugSynth_FE Centro (Bel. dropped),AugSynth_FE,2024-01-08
2024w03,1.6677697116621502,1.7595138579288376,-0.09174414626668748,TRUE,so2,M8: AugSynth_FE Centro (Bel. dropped),AugSynth_FE,2024-01-15
2024w04,1.41455782639275,1.4824352775352387,-0.06787745114248867,TRUE,so2,M8: AugSynth_FE Centro (Bel. dropped),AugSynth_FE,2024-01-22
2024w05,1.6113693792838475,1.7517374293435017,-0.14036805005965425,TRUE,so2,M8: AugSynth_FE Centro (Bel. dropped),AugSynth_FE,2024-01-29
2024w06,1.701469997880594,1.8966339061133317,-0.19516390823273766,TRUE,so2,M8: AugSynth_FE Centro (Bel. dropped),AugSynth_FE,2024-02-05
2024w07,1.086089763669219,1.157677423506111,-0.07158765983689186,TRUE,so2,M8: AugSynth_FE Centro (Bel. dropped),AugSynth_FE,2024-02-12
2024w08,1.303148231699738,1.6528971060864976,-0.3497488743867596,TRUE,so2,M8: AugSynth_FE Centro (Bel. dropped),AugSynth_FE,2024-02-19
2024w09,1.896869953630672,1.745666173867604,0.15120377976306787,TRUE,so2,M8: AugSynth_FE Centro (Bel. dropped),AugSynth_FE,2024-02-26
2024w10,1.7415182527913082,1.8688923090659877,-0.12737405627467946,TRUE,so2,M8: AugSynth_FE Centro (Bel. dropped),AugSynth_FE,2024-03-04
2024w11,1.7350715329314825,1.7864561845646074,-0.05138465163312489,TRUE,so2,M8: AugSynth_FE Centro (Bel. dropped),AugSynth_FE,2024-03-11
2024w12,1.826643871081557,1.911716387558657,-0.08507251647710001,TRUE,so2,M8: AugSynth_FE Centro (Bel. dropped),AugSynth_FE,2024-03-18
2024w13,2.083059987202547,1.7397940958164617,0.3432658913860851,TRUE,so2,M8: AugSynth_FE Centro (Bel. dropped),AugSynth_FE,2024-03-25
2024w14,2.045798577257244,1.5971396648206504,0.4486589124365934,TRUE,so2,M8: AugSynth_FE Centro (Bel. dropped),AugSynth_FE,2024-04-01
2024w15,1.8788032530999834,2.148226134232556,-0.2694228811325725,TRUE,so2,M8: AugSynth_FE Centro (Bel. dropped),AugSynth_FE,2024-04-08
2024w16,1.9260232324926074,1.9372874346433817,-0.011264202150774283,TRUE,so2,M8: AugSynth_FE Centro (Bel. dropped),AugSynth_FE,2024-04-15
2024w17,2.018142213133331,2.0278794428333864,-0.009737229700055305,TRUE,so2,M8: AugSynth_FE Centro (Bel. dropped),AugSynth_FE,2024-04-22
2024w18,1.692307390256395,1.8182448903303434,-0.12593750007394844,TRUE,so2,M8: AugSynth_FE Centro (Bel. dropped),AugSynth_FE,2024-04-29
2024w19,1.87139183631315,1.9284248759746827,-0.057033039661532614,TRUE,so2,M8: AugSynth_FE Centro (Bel. dropped),AugSynth_FE,2024-05-06
2024w20,1.665704817887403,2.014908575924381,-0.34920375803697823,TRUE,so2,M8: AugSynth_FE Centro (Bel. dropped),AugSynth_FE,2024-05-13
2024w21,0.8243216311107514,1.7653053600860682,-0.9409837289753168,TRUE,so2,M8: AugSynth_FE Centro (Bel. dropped),AugSynth_FE,2024-05-20
2024w22,0.8106338760156122,1.5028276706915467,-0.6921937946759344,TRUE,so2,M8: AugSynth_FE Centro (Bel. dropped),AugSynth_FE,2024-05-27
2024w23,0.6241543090729939,0.9902933051938205,-0.3661389961208267,TRUE,so2,M8: AugSynth_FE Centro (Bel. dropped),AugSynth_FE,2024-06-03
2024w24,0.9604989865384754,0.9362834440900015,0.024215542448473903,TRUE,so2,M8: AugSynth_FE Centro (Bel. dropped),AugSynth_FE,2024-06-10
2024w25,1.2069683133057345,1.625249853547243,-0.41828154024150854,TRUE,so2,M8: AugSynth_FE Centro (Bel. dropped),AugSynth_FE,2024-06-17
2024w26,1.1744410017198983,1.221338102421121,-0.04689710070122266,TRUE,so2,M8: AugSynth_FE Centro (Bel. dropped),AugSynth_FE,2024-06-24
2024w27,1.1364431475323367,1.276568168882077,-0.14012502134974025,TRUE,so2,M8: AugSynth_FE Centro (Bel. dropped),AugSynth_FE,2024-07-01
2024w28,1.2469365037580518,1.8510509989808044,-0.6041144952227526,TRUE,so2,M8: AugSynth_FE Centro (Bel. dropped),AugSynth_FE,2024-07-08
2024w29,0.961391559119251,1.247539489053457,-0.286147929934206,TRUE,so2,M8: AugSynth_FE Centro (Bel. dropped),AugSynth_FE,2024-07-15
2024w30,1.232074234436811,1.4760968184862437,-0.24402258404943278,TRUE,so2,M8: AugSynth_FE Centro (Bel. dropped),AugSynth_FE,2024-07-22
2024w31,1.247032293786383,1.0535540748005008,0.19347821898588213,TRUE,so2,M8: AugSynth_FE Centro (Bel. dropped),AugSynth_FE,2024-07-29
2024w32,1.597972434324822,1.8784357286610822,-0.28046329433626016,TRUE,so2,M8: AugSynth_FE Centro (Bel. dropped),AugSynth_FE,2024-08-05
2024w33,1.335509709281608,1.3136362853628634,0.021873423918744583,TRUE,so2,M8: AugSynth_FE Centro (Bel. dropped),AugSynth_FE,2024-08-12
2024w34,1.6651248738483542,1.509141844723916,0.15598302912443818,TRUE,so2,M8: AugSynth_FE Centro (Bel. dropped),AugSynth_FE,2024-08-19
2024w35,1.6955544447251658,1.0846743377663608,0.610880106958805,TRUE,so2,M8: AugSynth_FE Centro (Bel. dropped),AugSynth_FE,2024-08-26
2024w36,1.3520134271430164,1.7689836560994716,-0.4169702289564552,TRUE,so2,M8: AugSynth_FE Centro (Bel. dropped),AugSynth_FE,2024-09-02
2024w37,1.490278930597786,1.4598763670630874,0.0304025635346985,TRUE,so2,M8: AugSynth_FE Centro (Bel. dropped),AugSynth_FE,2024-09-09
2024w38,1.4593124538564626,1.5875023888793007,-0.12818993502283815,TRUE,so2,M8: AugSynth_FE Centro (Bel. dropped),AugSynth_FE,2024-09-16
2024w39,1.9064760798099063,1.7626714990419479,0.14380458076795843,TRUE,so2,M8: AugSynth_FE Centro (Bel. dropped),AugSynth_FE,2024-09-23
2024w40,2.246085285754561,2.0540553231799388,0.19202996257462202,TRUE,so2,M8: AugSynth_FE Centro (Bel. dropped),AugSynth_FE,2024-09-30
2024w41,2.131796772013764,2.0925245367542145,0.03927223525954959,TRUE,so2,M8: AugSynth_FE Centro (Bel. dropped),AugSynth_FE,2024-10-07
2024w42,1.210451770423645,1.854179877325352,-0.6437281069017069,TRUE,so2,M8: AugSynth_FE Centro (Bel. dropped),AugSynth_FE,2024-10-14
2024w43,1.656830274736701,1.8401297073091691,-0.18329943257246817,TRUE,so2,M8: AugSynth_FE Centro (Bel. dropped),AugSynth_FE,2024-10-21
2024w44,1.5750120854190832,2.0116621713147986,-0.4366500858957154,TRUE,so2,M8: AugSynth_FE Centro (Bel. dropped),AugSynth_FE,2024-10-28
2024w45,2.1347579823505436,1.951069799154909,0.1836881831956345,TRUE,so2,M8: AugSynth_FE Centro (Bel. dropped),AugSynth_FE,2024-11-04
2024w46,2.098361426532347,2.048712774666097,0.04964865186624978,TRUE,so2,M8: AugSynth_FE Centro (Bel. dropped),AugSynth_FE,2024-11-11
2024w47,2.033790196260747,1.9450649361460837,0.0887252601146633,TRUE,so2,M8: AugSynth_FE Centro (Bel. dropped),AugSynth_FE,2024-11-18
2024w48,2.1075834830427165,1.9657779047658739,0.1418055782768426,TRUE,so2,M8: AugSynth_FE Centro (Bel. dropped),AugSynth_FE,2024-11-25
2024w49,1.9603764345208963,1.789834356402614,0.17054207811828226,TRUE,so2,M8: AugSynth_FE Centro (Bel. dropped),AugSynth_FE,2024-12-02
2024w50,2.0680013515372804,2.137887939349139,-0.06988658781185864,TRUE,so2,M8: AugSynth_FE Centro (Bel. dropped),AugSynth_FE,2024-12-09
2024w51,1.934993637313963,1.8341125620585088,0.10088107525545409,TRUE,so2,M8: AugSynth_FE Centro (Bel. dropped),AugSynth_FE,2024-12-16
2024w52,2.2298710207052403,1.5646686514851673,0.665202369220073,TRUE,so2,M8: AugSynth_FE Centro (Bel. dropped),AugSynth_FE,2024-12-23
2025w01,1.8160183834488397,1.5369217394925367,0.27909664395630296,TRUE,so2,M8: AugSynth_FE Centro (Bel. dropped),AugSynth_FE,2024-12-30
2025w02,2.190647439753181,1.7559799728243588,0.4346674669288224,TRUE,so2,M8: AugSynth_FE Centro (Bel. dropped),AugSynth_FE,2025-01-06
2025w03,1.9059657455298842,1.712461232124389,0.19350451340549513,TRUE,so2,M8: AugSynth_FE Centro (Bel. dropped),AugSynth_FE,2025-01-13
2025w04,2.0258649407764433,1.9238245884941128,0.10204035228233055,TRUE,so2,M8: AugSynth_FE Centro (Bel. dropped),AugSynth_FE,2025-01-20
2025w05,2.132192107065365,1.8561069888766273,0.2760851181887376,TRUE,so2,M8: AugSynth_FE Centro (Bel. dropped),AugSynth_FE,2025-01-27
2025w06,2.3187864723320537,1.6369494791745063,0.6818369931575474,TRUE,so2,M8: AugSynth_FE Centro (Bel. dropped),AugSynth_FE,2025-02-03
2025w07,1.8031755387093396,1.346218797398137,0.45695674131120256,TRUE,so2,M8: AugSynth_FE Centro (Bel. dropped),AugSynth_FE,2025-02-10
2025w08,1.2494240672298533,1.1825876671507787,0.06683640007907465,TRUE,so2,M8: AugSynth_FE Centro (Bel. dropped),AugSynth_FE,2025-02-17
2025w09,1.5605977470146266,1.3132732932702385,0.24732445374438816,TRUE,so2,M8: AugSynth_FE Centro (Bel. dropped),AugSynth_FE,2025-02-24
2025w10,1.5603877144588085,1.2235829538664262,0.3368047605923823,TRUE,so2,M8: AugSynth_FE Centro (Bel. dropped),AugSynth_FE,2025-03-03
2025w11,1.9206411799272272,1.4134152371009152,0.507225942826312,TRUE,so2,M8: AugSynth_FE Centro (Bel. dropped),AugSynth_FE,2025-03-10
2025w12,1.5041514681069994,1.3476014755071337,0.15654999259986568,TRUE,so2,M8: AugSynth_FE Centro (Bel. dropped),AugSynth_FE,2025-03-17
2025w13,1.3308873538481523,1.4829564164026936,-0.15206906255454133,TRUE,so2,M8: AugSynth_FE Centro (Bel. dropped),AugSynth_FE,2025-03-24
2025w14,0.49400494603564715,1.295333122962323,-0.8013281769266759,TRUE,so2,M8: AugSynth_FE Centro (Bel. dropped),AugSynth_FE,2025-03-31
2025w15,0.40582060046882246,1.2301905837940068,-0.8243699833251843,TRUE,so2,M8: AugSynth_FE Centro (Bel. dropped),AugSynth_FE,2025-04-07
2025w16,1.220829921392359,1.4845804579662687,-0.2637505365739097,TRUE,so2,M8: AugSynth_FE Centro (Bel. dropped),AugSynth_FE,2025-04-14
2025w17,1.373496145556592,1.2844116508528423,0.08908449470374968,TRUE,so2,M8: AugSynth_FE Centro (Bel. dropped),AugSynth_FE,2025-04-21
2025w18,1.5817240738665845,1.2621822431163499,0.3195418307502347,TRUE,so2,M8: AugSynth_FE Centro (Bel. dropped),AugSynth_FE,2025-04-28
2025w19,1.241750168659966,1.3560578824487808,-0.11430771378881488,TRUE,so2,M8: AugSynth_FE Centro (Bel. dropped),AugSynth_FE,2025-05-05
2025w20,1.4097667173050328,0.9214981296447604,0.48826858766027237,TRUE,so2,M8: AugSynth_FE Centro (Bel. dropped),AugSynth_FE,2025-05-12
2025w21,1.4760588891531607,1.4298521477040242,0.0462067414491365,TRUE,so2,M8: AugSynth_FE Centro (Bel. dropped),AugSynth_FE,2025-05-19
2025w22,1.6695290586443916,1.2524776119411163,0.4170514467032753,TRUE,so2,M8: AugSynth_FE Centro (Bel. dropped),AugSynth_FE,2025-05-26
2025w23,1.811652869455809,1.2457784035691923,0.5658744658866166,TRUE,so2,M8: AugSynth_FE Centro (Bel. dropped),AugSynth_FE,2025-06-02
2025w24,1.4191458292494148,1.3474078015492628,0.07173802770015203,TRUE,so2,M8: AugSynth_FE Centro (Bel. dropped),AugSynth_FE,2025-06-09
2025w25,1.0266387890430204,1.3928796102443228,-0.3662408212013024,TRUE,so2,M8: AugSynth_FE Centro (Bel. dropped),AugSynth_FE,2025-06-16
2022w48,1.5235168499264609,1.8580012808057105,-0.3344844308792496,FALSE,so2,M8b: AugSynth_FE Centro (Bel. in pool),AugSynth_FE,2022-11-28
2022w49,1.98481029801287,2.168811038336493,-0.184000740323623,FALSE,so2,M8b: AugSynth_FE Centro (Bel. in pool),AugSynth_FE,2022-12-05
2022w50,1.7035716429174597,1.9074842199105724,-0.20391257699311272,FALSE,so2,M8b: AugSynth_FE Centro (Bel. in pool),AugSynth_FE,2022-12-12
2022w51,1.7189497992144027,1.8311908549447358,-0.11224105573033305,FALSE,so2,M8b: AugSynth_FE Centro (Bel. in pool),AugSynth_FE,2022-12-19
2022w52,1.6495556590299894,1.4996845622541561,0.1498710967758332,FALSE,so2,M8b: AugSynth_FE Centro (Bel. in pool),AugSynth_FE,2022-12-26
2023w01,1.862890793335221,1.773501105250253,0.08938968808496806,FALSE,so2,M8b: AugSynth_FE Centro (Bel. in pool),AugSynth_FE,2023-01-02
2023w02,1.8531158493878266,1.6157314789943853,0.2373843703934413,FALSE,so2,M8b: AugSynth_FE Centro (Bel. in pool),AugSynth_FE,2023-01-09
2023w03,1.8265365634304183,1.689638684310361,0.13689787912005724,FALSE,so2,M8b: AugSynth_FE Centro (Bel. in pool),AugSynth_FE,2023-01-16
2023w04,1.8187259174578694,1.6248200375345854,0.193905879923284,FALSE,so2,M8b: AugSynth_FE Centro (Bel. in pool),AugSynth_FE,2023-01-23
2023w05,1.8390352597991686,1.975230437799393,-0.1361951780002244,FALSE,so2,M8b: AugSynth_FE Centro (Bel. in pool),AugSynth_FE,2023-01-30
2023w06,2.0282710467696647,1.9871427929991339,0.041128253770530865,FALSE,so2,M8b: AugSynth_FE Centro (Bel. in pool),AugSynth_FE,2023-02-06
2023w07,1.920182000482582,1.9665438715684043,-0.04636187108582224,FALSE,so2,M8b: AugSynth_FE Centro (Bel. in pool),AugSynth_FE,2023-02-13
2023w08,1.8057171614125376,1.6523618034619838,0.15335535795055377,FALSE,so2,M8b: AugSynth_FE Centro (Bel. in pool),AugSynth_FE,2023-02-20
2023w09,1.8840043497385062,2.027128538110334,-0.14312418837182772,FALSE,so2,M8b: AugSynth_FE Centro (Bel. in pool),AugSynth_FE,2023-02-27
2023w10,1.7007400708408864,1.4156047701438872,0.2851353006969992,FALSE,so2,M8b: AugSynth_FE Centro (Bel. in pool),AugSynth_FE,2023-03-06
2023w11,1.7730975244394787,1.4819369907096995,0.2911605337297791,FALSE,so2,M8b: AugSynth_FE Centro (Bel. in pool),AugSynth_FE,2023-03-13
2023w12,1.8193205924314695,1.5823983874342757,0.23692220499719374,FALSE,so2,M8b: AugSynth_FE Centro (Bel. in pool),AugSynth_FE,2023-03-20
2023w13,1.7212773941896358,1.4109090438741005,0.3103683503155352,FALSE,so2,M8b: AugSynth_FE Centro (Bel. in pool),AugSynth_FE,2023-03-27
2023w14,1.8185095843039698,1.3707191489991137,0.44779043530485607,FALSE,so2,M8b: AugSynth_FE Centro (Bel. in pool),AugSynth_FE,2023-04-03
2023w15,1.8660936062807585,1.6180017101444106,0.24809189613634786,FALSE,so2,M8b: AugSynth_FE Centro (Bel. in pool),AugSynth_FE,2023-04-10
2023w16,1.5614374363789174,1.4092581582786627,0.15217927810025467,FALSE,so2,M8b: AugSynth_FE Centro (Bel. in pool),AugSynth_FE,2023-04-17
2023w17,1.7770292886277534,1.7666789081883558,0.010350380439397622,FALSE,so2,M8b: AugSynth_FE Centro (Bel. in pool),AugSynth_FE,2023-04-24
2023w18,0.9120149370113666,1.2551141198877227,-0.3430991828763561,FALSE,so2,M8b: AugSynth_FE Centro (Bel. in pool),AugSynth_FE,2023-05-01
2023w19,1.4828159281105124,1.5737074398583553,-0.09089151174784282,FALSE,so2,M8b: AugSynth_FE Centro (Bel. in pool),AugSynth_FE,2023-05-08
2023w20,1.6577835333643822,1.7590263206033137,-0.10124278723893143,FALSE,so2,M8b: AugSynth_FE Centro (Bel. in pool),AugSynth_FE,2023-05-15
2023w21,1.4921547518193679,1.5051614787362726,-0.013006726916904743,FALSE,so2,M8b: AugSynth_FE Centro (Bel. in pool),AugSynth_FE,2023-05-22
2023w22,1.5614374363789174,1.5078816076088355,0.053555828770081915,FALSE,so2,M8b: AugSynth_FE Centro (Bel. in pool),AugSynth_FE,2023-05-29
2023w23,1.6950649984015373,1.5669973068954506,0.12806769150608677,FALSE,so2,M8b: AugSynth_FE Centro (Bel. in pool),AugSynth_FE,2023-06-05
2023w24,1.4931287900337171,1.4180599483511058,0.0750688416826113,FALSE,so2,M8b: AugSynth_FE Centro (Bel. in pool),AugSynth_FE,2023-06-12
2023w25,1.2747108188312777,1.341108228380628,-0.06639740954935025,FALSE,so2,M8b: AugSynth_FE Centro (Bel. in pool),AugSynth_FE,2023-06-19
2023w26,1.4476246162714965,1.4526899919369334,-0.005065375665436855,FALSE,so2,M8b: AugSynth_FE Centro (Bel. in pool),AugSynth_FE,2023-06-26
2023w27,1.6049612404070217,1.432363200113067,0.17259804029395465,FALSE,so2,M8b: AugSynth_FE Centro (Bel. in pool),AugSynth_FE,2023-07-03
2023w28,1.6213006049766125,1.6355478004537014,-0.014247195477088859,FALSE,so2,M8b: AugSynth_FE Centro (Bel. in pool),AugSynth_FE,2023-07-10
2023w29,1.2210265588917635,1.215808622401874,0.005217936489889441,FALSE,so2,M8b: AugSynth_FE Centro (Bel. in pool),AugSynth_FE,2023-07-17
2023w30,1.3566938913436,1.4052552936653036,-0.048561402321703584,FALSE,so2,M8b: AugSynth_FE Centro (Bel. in pool),AugSynth_FE,2023-07-24
2023w31,0.8107820570931598,1.154879799834092,-0.3440977427409323,FALSE,so2,M8b: AugSynth_FE Centro (Bel. in pool),AugSynth_FE,2023-07-31
2023w32,0.6554453133759338,1.191972276499702,-0.5365269631237682,FALSE,so2,M8b: AugSynth_FE Centro (Bel. in pool),AugSynth_FE,2023-08-07
2023w33,1.3871273474237824,1.4694045849412198,-0.08227723751743743,FALSE,so2,M8b: AugSynth_FE Centro (Bel. in pool),AugSynth_FE,2023-08-14
2023w34,1.4820589831042699,1.4030928503808964,0.0789661327233735,FALSE,so2,M8b: AugSynth_FE Centro (Bel. in pool),AugSynth_FE,2023-08-21
2023w35,0.9741822102899327,1.3829381258382827,-0.40875591554835,FALSE,so2,M8b: AugSynth_FE Centro (Bel. in pool),AugSynth_FE,2023-08-28
2023w36,1.15415210934198,1.5508164464755796,-0.3966643371335996,FALSE,so2,M8b: AugSynth_FE Centro (Bel. in pool),AugSynth_FE,2023-09-04
2023w37,1.2478939913838643,1.6350805125961192,-0.38718652121225494,FALSE,so2,M8b: AugSynth_FE Centro (Bel. in pool),AugSynth_FE,2023-09-11
2023w38,1.4612317511162785,1.4371190768899673,0.024112674226311137,FALSE,so2,M8b: AugSynth_FE Centro (Bel. in pool),AugSynth_FE,2023-09-18
2023w39,1.779068163109745,1.6670705109550241,0.1119976521547208,FALSE,so2,M8b: AugSynth_FE Centro (Bel. in pool),AugSynth_FE,2023-09-25
2023w40,1.846352867832228,1.8347835714262732,0.011569296405954832,FALSE,so2,M8b: AugSynth_FE Centro (Bel. in pool),AugSynth_FE,2023-10-02
2023w41,1.6598775091921698,1.6398627579736047,0.020014751218565108,FALSE,so2,M8b: AugSynth_FE Centro (Bel. in pool),AugSynth_FE,2023-10-09
2023w42,1.6864606800601714,1.8063539237700277,-0.11989324370985632,FALSE,so2,M8b: AugSynth_FE Centro (Bel. in pool),AugSynth_FE,2023-10-16
2023w43,1.4719367459116133,1.4341677932375239,0.03776895267408942,FALSE,so2,M8b: AugSynth_FE Centro (Bel. in pool),AugSynth_FE,2023-10-23
2023w44,2.032699279127704,1.6396760088673228,0.3930232702603813,FALSE,so2,M8b: AugSynth_FE Centro (Bel. in pool),AugSynth_FE,2023-10-30
2023w45,1.122979645116404,1.3448959371630105,-0.22191629204660646,FALSE,so2,M8b: AugSynth_FE Centro (Bel. in pool),AugSynth_FE,2023-11-06
2023w46,1.6255080926115948,1.5455862179285478,0.07992187468304701,FALSE,so2,M8b: AugSynth_FE Centro (Bel. in pool),AugSynth_FE,2023-11-13
2023w47,1.5309717391546673,1.3666357017721515,0.1643360373825158,FALSE,so2,M8b: AugSynth_FE Centro (Bel. in pool),AugSynth_FE,2023-11-20
2023w48,1.7740479872958872,1.620275262204212,0.15377272509167517,TRUE,so2,M8b: AugSynth_FE Centro (Bel. in pool),AugSynth_FE,2023-11-27
2023w49,1.5292396371049881,1.6131059420097622,-0.08386630490477409,TRUE,so2,M8b: AugSynth_FE Centro (Bel. in pool),AugSynth_FE,2023-12-04
2023w50,1.852802304234756,1.5778942250424164,0.2749080791923395,TRUE,so2,M8b: AugSynth_FE Centro (Bel. in pool),AugSynth_FE,2023-12-11
2023w51,1.7697410555560509,1.7280186067901806,0.04172244876587028,TRUE,so2,M8b: AugSynth_FE Centro (Bel. in pool),AugSynth_FE,2023-12-18
2023w52,1.2127739602790046,1.08070297349648,0.1320709867825247,TRUE,so2,M8b: AugSynth_FE Centro (Bel. in pool),AugSynth_FE,2023-12-25
2024w01,1.8873221424057702,1.6402387181700422,0.24708342423572804,TRUE,so2,M8b: AugSynth_FE Centro (Bel. in pool),AugSynth_FE,2024-01-01
2024w02,1.6550484236861527,1.5859672478728173,0.0690811758133354,TRUE,so2,M8b: AugSynth_FE Centro (Bel. in pool),AugSynth_FE,2024-01-08
2024w03,1.6677697116621502,1.2777185138780944,0.3900511977840557,TRUE,so2,M8b: AugSynth_FE Centro (Bel. in pool),AugSynth_FE,2024-01-15
2024w04,1.41455782639275,1.2399254983165109,0.17463232807623918,TRUE,so2,M8b: AugSynth_FE Centro (Bel. in pool),AugSynth_FE,2024-01-22
2024w05,1.6113693792838475,1.5622971328543405,0.04907224642950703,TRUE,so2,M8b: AugSynth_FE Centro (Bel. in pool),AugSynth_FE,2024-01-29
2024w06,1.701469997880594,1.5469151304196929,0.1545548674609012,TRUE,so2,M8b: AugSynth_FE Centro (Bel. in pool),AugSynth_FE,2024-02-05
2024w07,1.086089763669219,0.8353634976017322,0.2507262660674868,TRUE,so2,M8b: AugSynth_FE Centro (Bel. in pool),AugSynth_FE,2024-02-12
2024w08,1.303148231699738,1.2636119808457185,0.03953625085401957,TRUE,so2,M8b: AugSynth_FE Centro (Bel. in pool),AugSynth_FE,2024-02-19
2024w09,1.896869953630672,1.5797638340511604,0.3171061195795115,TRUE,so2,M8b: AugSynth_FE Centro (Bel. in pool),AugSynth_FE,2024-02-26
2024w10,1.7415182527913082,1.594854081164821,0.14666417162648715,TRUE,so2,M8b: AugSynth_FE Centro (Bel. in pool),AugSynth_FE,2024-03-04
2024w11,1.7350715329314825,1.6069770883012635,0.12809444463021902,TRUE,so2,M8b: AugSynth_FE Centro (Bel. in pool),AugSynth_FE,2024-03-11
2024w12,1.826643871081557,1.7439499611790015,0.08269390990255543,TRUE,so2,M8b: AugSynth_FE Centro (Bel. in pool),AugSynth_FE,2024-03-18
2024w13,2.083059987202547,1.9315873600102018,0.151472627192345,TRUE,so2,M8b: AugSynth_FE Centro (Bel. in pool),AugSynth_FE,2024-03-25
2024w14,2.045798577257244,1.506086433516418,0.5397121437408259,TRUE,so2,M8b: AugSynth_FE Centro (Bel. in pool),AugSynth_FE,2024-04-01
2024w15,1.8788032530999834,1.7746900593309491,0.10411319376903427,TRUE,so2,M8b: AugSynth_FE Centro (Bel. in pool),AugSynth_FE,2024-04-08
2024w16,1.9260232324926074,1.7311871582516019,0.19483607424100557,TRUE,so2,M8b: AugSynth_FE Centro (Bel. in pool),AugSynth_FE,2024-04-15
2024w17,2.018142213133331,1.9095194021390625,0.10862281099426863,TRUE,so2,M8b: AugSynth_FE Centro (Bel. in pool),AugSynth_FE,2024-04-22
2024w18,1.692307390256395,1.7699489686308776,-0.0776415783744826,TRUE,so2,M8b: AugSynth_FE Centro (Bel. in pool),AugSynth_FE,2024-04-29
2024w19,1.87139183631315,1.861336470113924,0.010055366199226201,TRUE,so2,M8b: AugSynth_FE Centro (Bel. in pool),AugSynth_FE,2024-05-06
2024w20,1.665704817887403,1.9825549299503762,-0.3168501120629732,TRUE,so2,M8b: AugSynth_FE Centro (Bel. in pool),AugSynth_FE,2024-05-13
2024w21,0.8243216311107514,1.614522395872047,-0.7902007647612955,TRUE,so2,M8b: AugSynth_FE Centro (Bel. in pool),AugSynth_FE,2024-05-20
2024w22,0.8106338760156122,1.3317393125285355,-0.5211054365129233,TRUE,so2,M8b: AugSynth_FE Centro (Bel. in pool),AugSynth_FE,2024-05-27
2024w23,0.6241543090729939,1.3382753671824132,-0.7141210581094194,TRUE,so2,M8b: AugSynth_FE Centro (Bel. in pool),AugSynth_FE,2024-06-03
2024w24,0.9604989865384754,1.382605235091754,-0.4221062485532785,TRUE,so2,M8b: AugSynth_FE Centro (Bel. in pool),AugSynth_FE,2024-06-10
2024w25,1.2069683133057345,1.663742616927219,-0.4567743036214844,TRUE,so2,M8b: AugSynth_FE Centro (Bel. in pool),AugSynth_FE,2024-06-17
2024w26,1.1744410017198983,1.2771265942833097,-0.10268559256341137,TRUE,so2,M8b: AugSynth_FE Centro (Bel. in pool),AugSynth_FE,2024-06-24
2024w27,1.1364431475323367,1.2698855361768449,-0.1334423886445082,TRUE,so2,M8b: AugSynth_FE Centro (Bel. in pool),AugSynth_FE,2024-07-01
2024w28,1.2469365037580518,1.6856384703565968,-0.438701966598545,TRUE,so2,M8b: AugSynth_FE Centro (Bel. in pool),AugSynth_FE,2024-07-08
2024w29,0.961391559119251,1.2541795841112044,-0.29278802499195344,TRUE,so2,M8b: AugSynth_FE Centro (Bel. in pool),AugSynth_FE,2024-07-15
2024w30,1.232074234436811,1.5039752543564768,-0.27190101991966587,TRUE,so2,M8b: AugSynth_FE Centro (Bel. in pool),AugSynth_FE,2024-07-22
2024w31,1.247032293786383,1.4356132738263165,-0.18858098003993362,TRUE,so2,M8b: AugSynth_FE Centro (Bel. in pool),AugSynth_FE,2024-07-29
2024w32,1.597972434324822,1.8914580540599812,-0.2934856197351592,TRUE,so2,M8b: AugSynth_FE Centro (Bel. in pool),AugSynth_FE,2024-08-05
2024w33,1.335509709281608,1.363615357640147,-0.028105648358539126,TRUE,so2,M8b: AugSynth_FE Centro (Bel. in pool),AugSynth_FE,2024-08-12
2024w34,1.6651248738483542,1.494483080880886,0.17064179296746818,TRUE,so2,M8b: AugSynth_FE Centro (Bel. in pool),AugSynth_FE,2024-08-19
2024w35,1.6955544447251658,1.304656287479557,0.3908981572456087,TRUE,so2,M8b: AugSynth_FE Centro (Bel. in pool),AugSynth_FE,2024-08-26
2024w36,1.3520134271430164,1.5636255456343657,-0.2116121184913493,TRUE,so2,M8b: AugSynth_FE Centro (Bel. in pool),AugSynth_FE,2024-09-02
2024w37,1.490278930597786,1.5112522703966285,-0.020973339798842527,TRUE,so2,M8b: AugSynth_FE Centro (Bel. in pool),AugSynth_FE,2024-09-09
2024w38,1.4593124538564626,1.5007540346488393,-0.0414415807923767,TRUE,so2,M8b: AugSynth_FE Centro (Bel. in pool),AugSynth_FE,2024-09-16
2024w39,1.9064760798099063,1.6783445168182247,0.22813156299168158,TRUE,so2,M8b: AugSynth_FE Centro (Bel. in pool),AugSynth_FE,2024-09-23
2024w40,2.246085285754561,2.1485032451328725,0.09758204062168829,TRUE,so2,M8b: AugSynth_FE Centro (Bel. in pool),AugSynth_FE,2024-09-30
2024w41,2.131796772013764,2.2224607208444573,-0.09066394883069329,TRUE,so2,M8b: AugSynth_FE Centro (Bel. in pool),AugSynth_FE,2024-10-07
2024w42,1.210451770423645,1.7943149143494717,-0.5838631439258266,TRUE,so2,M8b: AugSynth_FE Centro (Bel. in pool),AugSynth_FE,2024-10-14
2024w43,1.656830274736701,2.0414736398701767,-0.38464336513347575,TRUE,so2,M8b: AugSynth_FE Centro (Bel. in pool),AugSynth_FE,2024-10-21
2024w44,1.5750120854190832,1.9222424138396317,-0.34723032842054846,TRUE,so2,M8b: AugSynth_FE Centro (Bel. in pool),AugSynth_FE,2024-10-28
2024w45,2.1347579823505436,2.0582796020829037,0.07647838026763987,TRUE,so2,M8b: AugSynth_FE Centro (Bel. in pool),AugSynth_FE,2024-11-04
2024w46,2.098361426532347,2.089854132840192,0.00850729369215486,TRUE,so2,M8b: AugSynth_FE Centro (Bel. in pool),AugSynth_FE,2024-11-11
2024w47,2.033790196260747,2.093772138609431,-0.059981942348684036,TRUE,so2,M8b: AugSynth_FE Centro (Bel. in pool),AugSynth_FE,2024-11-18
2024w48,2.1075834830427165,2.1413702626483744,-0.0337867796056579,TRUE,so2,M8b: AugSynth_FE Centro (Bel. in pool),AugSynth_FE,2024-11-25
2024w49,1.9603764345208963,1.6812380497903496,0.27913838473054664,TRUE,so2,M8b: AugSynth_FE Centro (Bel. in pool),AugSynth_FE,2024-12-02
2024w50,2.0680013515372804,1.9376519914336208,0.1303493601036596,TRUE,so2,M8b: AugSynth_FE Centro (Bel. in pool),AugSynth_FE,2024-12-09
2024w51,1.934993637313963,1.7373823602875806,0.19761127702638226,TRUE,so2,M8b: AugSynth_FE Centro (Bel. in pool),AugSynth_FE,2024-12-16
2024w52,2.2298710207052403,1.867027721487101,0.3628432992181394,TRUE,so2,M8b: AugSynth_FE Centro (Bel. in pool),AugSynth_FE,2024-12-23
2025w01,1.8160183834488397,1.5352998085980696,0.2807185748507701,TRUE,so2,M8b: AugSynth_FE Centro (Bel. in pool),AugSynth_FE,2024-12-30
2025w02,2.190647439753181,1.9185295906957758,0.27211784905740544,TRUE,so2,M8b: AugSynth_FE Centro (Bel. in pool),AugSynth_FE,2025-01-06
2025w03,1.9059657455298842,1.663278699149755,0.24268704638012917,TRUE,so2,M8b: AugSynth_FE Centro (Bel. in pool),AugSynth_FE,2025-01-13
2025w04,2.0258649407764433,1.8368827614558356,0.18898217932060768,TRUE,so2,M8b: AugSynth_FE Centro (Bel. in pool),AugSynth_FE,2025-01-20
2025w05,2.132192107065365,1.7776593532226184,0.3545327538427465,TRUE,so2,M8b: AugSynth_FE Centro (Bel. in pool),AugSynth_FE,2025-01-27
2025w06,2.3187864723320537,1.794243257476221,0.5245432148558327,TRUE,so2,M8b: AugSynth_FE Centro (Bel. in pool),AugSynth_FE,2025-02-03
2025w07,1.8031755387093396,0.5707370486233445,1.232438490085995,TRUE,so2,M8b: AugSynth_FE Centro (Bel. in pool),AugSynth_FE,2025-02-10
2025w08,1.2494240672298533,0.7063335109715645,0.5430905562582888,TRUE,so2,M8b: AugSynth_FE Centro (Bel. in pool),AugSynth_FE,2025-02-17
2025w09,1.5605977470146266,0.9110013840631722,0.6495963629514544,TRUE,so2,M8b: AugSynth_FE Centro (Bel. in pool),AugSynth_FE,2025-02-24
2025w10,1.5603877144588085,0.6529723879657444,0.9074153264930641,TRUE,so2,M8b: AugSynth_FE Centro (Bel. in pool),AugSynth_FE,2025-03-03
2025w11,1.9206411799272272,0.9795222306534762,0.941118949273751,TRUE,so2,M8b: AugSynth_FE Centro (Bel. in pool),AugSynth_FE,2025-03-10
2025w12,1.5041514681069994,1.1141503328943596,0.3900011352126398,TRUE,so2,M8b: AugSynth_FE Centro (Bel. in pool),AugSynth_FE,2025-03-17
2025w13,1.3308873538481523,1.2496992288220352,0.08118812502611705,TRUE,so2,M8b: AugSynth_FE Centro (Bel. in pool),AugSynth_FE,2025-03-24
2025w14,0.49400494603564715,1.0429112711895683,-0.5489063251539211,TRUE,so2,M8b: AugSynth_FE Centro (Bel. in pool),AugSynth_FE,2025-03-31
2025w15,0.40582060046882246,1.0007455169200077,-0.5949249164511852,TRUE,so2,M8b: AugSynth_FE Centro (Bel. in pool),AugSynth_FE,2025-04-07
2025w16,1.220829921392359,1.223327406291176,-0.0024974848988170706,TRUE,so2,M8b: AugSynth_FE Centro (Bel. in pool),AugSynth_FE,2025-04-14
2025w17,1.373496145556592,1.252889592717108,0.12060655283948396,TRUE,so2,M8b: AugSynth_FE Centro (Bel. in pool),AugSynth_FE,2025-04-21
2025w18,1.5817240738665845,1.1051468161401647,0.4765772577264198,TRUE,so2,M8b: AugSynth_FE Centro (Bel. in pool),AugSynth_FE,2025-04-28
2025w19,1.241750168659966,1.1679290400731595,0.07382112858680645,TRUE,so2,M8b: AugSynth_FE Centro (Bel. in pool),AugSynth_FE,2025-05-05
2025w20,1.4097667173050328,0.8955148138594001,0.5142519034456327,TRUE,so2,M8b: AugSynth_FE Centro (Bel. in pool),AugSynth_FE,2025-05-12
2025w21,1.4760588891531607,1.1244604137483742,0.3515984754047865,TRUE,so2,M8b: AugSynth_FE Centro (Bel. in pool),AugSynth_FE,2025-05-19
2025w22,1.6695290586443916,0.9456588172512846,0.723870241393107,TRUE,so2,M8b: AugSynth_FE Centro (Bel. in pool),AugSynth_FE,2025-05-26
2025w23,1.811652869455809,1.0569372391027436,0.7547156303530653,TRUE,so2,M8b: AugSynth_FE Centro (Bel. in pool),AugSynth_FE,2025-06-02
2025w24,1.4191458292494148,1.032145404911553,0.38700042433786175,TRUE,so2,M8b: AugSynth_FE Centro (Bel. in pool),AugSynth_FE,2025-06-09
2025w25,1.0266387890430204,0.8643660156053975,0.16227277343762292,TRUE,so2,M8b: AugSynth_FE Centro (Bel. in pool),AugSynth_FE,2025-06-16
2022w48,1.7320094648222808,1.7066813383433372,0.025328126478943558,FALSE,so2,M9: AugSynth_FE Belisario (Centro dropped),AugSynth_FE,2022-11-28
2022w49,2.030181267025784,2.00548399344547,0.02469727358031415,FALSE,so2,M9: AugSynth_FE Belisario (Centro dropped),AugSynth_FE,2022-12-05
2022w50,1.7383000878770183,1.8803198913757533,-0.142019803498735,FALSE,so2,M9: AugSynth_FE Belisario (Centro dropped),AugSynth_FE,2022-12-12
2022w51,1.7500690421738458,1.7861436287212693,-0.03607458654742346,FALSE,so2,M9: AugSynth_FE Belisario (Centro dropped),AugSynth_FE,2022-12-19
2022w52,1.3413841601488963,1.7689857597939729,-0.4276015996450766,FALSE,so2,M9: AugSynth_FE Belisario (Centro dropped),AugSynth_FE,2022-12-26
2023w01,1.5778784435263344,1.8064414617257278,-0.2285630181993934,FALSE,so2,M9: AugSynth_FE Belisario (Centro dropped),AugSynth_FE,2023-01-02
2023w02,1.4548093406568945,1.6211512823404237,-0.16634194168352923,FALSE,so2,M9: AugSynth_FE Belisario (Centro dropped),AugSynth_FE,2023-01-09
2023w03,1.5162987076904768,1.7194740238086907,-0.20317531611821393,FALSE,so2,M9: AugSynth_FE Belisario (Centro dropped),AugSynth_FE,2023-01-16
2023w04,1.4590800308455383,1.7805374068224005,-0.3214573759768622,FALSE,so2,M9: AugSynth_FE Belisario (Centro dropped),AugSynth_FE,2023-01-23
2023w05,1.8685764670686351,1.7710401680522834,0.09753629901635175,FALSE,so2,M9: AugSynth_FE Belisario (Centro dropped),AugSynth_FE,2023-01-30
2023w06,1.83598898488165,1.684422568752943,0.15156641612870692,FALSE,so2,M9: AugSynth_FE Belisario (Centro dropped),AugSynth_FE,2023-02-06
2023w07,1.789701798118589,1.5727020043161475,0.2169997938024415,FALSE,so2,M9: AugSynth_FE Belisario (Centro dropped),AugSynth_FE,2023-02-13
2023w08,1.4989531792588286,1.3710922633537583,0.12786091590507032,FALSE,so2,M9: AugSynth_FE Belisario (Centro dropped),AugSynth_FE,2023-02-20
2023w09,1.8267511672189989,1.7598286785902395,0.06692248862875938,FALSE,so2,M9: AugSynth_FE Belisario (Centro dropped),AugSynth_FE,2023-02-27
2023w10,1.3387659006674681,1.0504060784268419,0.2883598222406263,FALSE,so2,M9: AugSynth_FE Belisario (Centro dropped),AugSynth_FE,2023-03-06
2023w11,1.3792697461829262,1.3308997129078233,0.04837003327510292,FALSE,so2,M9: AugSynth_FE Belisario (Centro dropped),AugSynth_FE,2023-03-13
2023w12,1.4365120772805082,1.4395759663708136,-0.003063889090305416,FALSE,so2,M9: AugSynth_FE Belisario (Centro dropped),AugSynth_FE,2023-03-20
2023w13,1.3645598689738845,1.1946866500752544,0.16987321889863005,FALSE,so2,M9: AugSynth_FE Belisario (Centro dropped),AugSynth_FE,2023-03-27
2023w14,1.3210444759117734,1.1319335511476196,0.1891109247641538,FALSE,so2,M9: AugSynth_FE Belisario (Centro dropped),AugSynth_FE,2023-04-03
2023w15,1.52199007657379,1.3855539290115908,0.13643614756219913,FALSE,so2,M9: AugSynth_FE Belisario (Centro dropped),AugSynth_FE,2023-04-10
2023w16,1.366006616173169,1.2180657524733731,0.14794086369979587,FALSE,so2,M9: AugSynth_FE Belisario (Centro dropped),AugSynth_FE,2023-04-17
2023w17,1.6629786793621302,1.5621543124783528,0.10082436688377738,FALSE,so2,M9: AugSynth_FE Belisario (Centro dropped),AugSynth_FE,2023-04-24
2023w18,1.1355868914594711,1.3107016194043544,-0.17511472794488325,FALSE,so2,M9: AugSynth_FE Belisario (Centro dropped),AugSynth_FE,2023-05-01
2023w19,1.459854564227919,1.4887864833242805,-0.028931919096361502,FALSE,so2,M9: AugSynth_FE Belisario (Centro dropped),AugSynth_FE,2023-05-08
2023w20,1.6654401025493852,1.544330004729439,0.1211100978199462,FALSE,so2,M9: AugSynth_FE Belisario (Centro dropped),AugSynth_FE,2023-05-15
2023w21,1.3935182062092102,1.1051703288791455,0.28834787733006473,FALSE,so2,M9: AugSynth_FE Belisario (Centro dropped),AugSynth_FE,2023-05-22
2023w22,1.3484194086909642,1.1073084309850088,0.24111097770595546,FALSE,so2,M9: AugSynth_FE Belisario (Centro dropped),AugSynth_FE,2023-05-29
2023w23,1.4423595850528395,1.1812084375764555,0.2611511474763839,FALSE,so2,M9: AugSynth_FE Belisario (Centro dropped),AugSynth_FE,2023-06-05
2023w24,1.3582377633373655,1.2927279953066013,0.06550976803076414,FALSE,so2,M9: AugSynth_FE Belisario (Centro dropped),AugSynth_FE,2023-06-12
2023w25,1.2427126326418665,1.1450644172637467,0.09764821537811974,FALSE,so2,M9: AugSynth_FE Belisario (Centro dropped),AugSynth_FE,2023-06-19
2023w26,1.341819871018061,1.2516305509562706,0.09018932006179048,FALSE,so2,M9: AugSynth_FE Belisario (Centro dropped),AugSynth_FE,2023-06-26
2023w27,1.347033647166588,1.143247688184257,0.20378595898233098,FALSE,so2,M9: AugSynth_FE Belisario (Centro dropped),AugSynth_FE,2023-07-03
2023w28,1.5387292841636457,1.4368478082929304,0.10188147587071539,FALSE,so2,M9: AugSynth_FE Belisario (Centro dropped),AugSynth_FE,2023-07-10
2023w29,1.2723788369899964,0.9122218541667287,0.3601569828232677,FALSE,so2,M9: AugSynth_FE Belisario (Centro dropped),AugSynth_FE,2023-07-17
2023w30,1.3459063002146026,1.1829578444244433,0.16294845579015926,FALSE,so2,M9: AugSynth_FE Belisario (Centro dropped),AugSynth_FE,2023-07-24
2023w31,1.2203381584122002,1.0157190526825333,0.2046191057296669,FALSE,so2,M9: AugSynth_FE Belisario (Centro dropped),AugSynth_FE,2023-07-31
2023w32,1.0628699633479357,1.2787811233145516,-0.21591115996661592,FALSE,so2,M9: AugSynth_FE Belisario (Centro dropped),AugSynth_FE,2023-08-07
2023w33,1.3017345221084318,1.369975527233187,-0.06824100512475528,FALSE,so2,M9: AugSynth_FE Belisario (Centro dropped),AugSynth_FE,2023-08-14
2023w34,1.2374075804121734,1.2924498893441174,-0.05504230893194406,FALSE,so2,M9: AugSynth_FE Belisario (Centro dropped),AugSynth_FE,2023-08-21
2023w35,1.2928990135203375,1.4133693414271054,-0.12047032790676782,FALSE,so2,M9: AugSynth_FE Belisario (Centro dropped),AugSynth_FE,2023-08-28
2023w36,1.4606284981725939,1.559812874769678,-0.09918437659708412,FALSE,so2,M9: AugSynth_FE Belisario (Centro dropped),AugSynth_FE,2023-09-04
2023w37,1.4667216102325051,1.7127411910803543,-0.24601958084784914,FALSE,so2,M9: AugSynth_FE Belisario (Centro dropped),AugSynth_FE,2023-09-11
2023w38,1.2508563902247865,1.2828206039699774,-0.031964213745190984,FALSE,so2,M9: AugSynth_FE Belisario (Centro dropped),AugSynth_FE,2023-09-18
2023w39,1.5050398963878393,1.3464947229163469,0.15854517347149244,FALSE,so2,M9: AugSynth_FE Belisario (Centro dropped),AugSynth_FE,2023-09-25
2023w40,1.6827503301230329,1.367091469630562,0.3156588604924708,FALSE,so2,M9: AugSynth_FE Belisario (Centro dropped),AugSynth_FE,2023-10-02
2023w41,1.4019216170055897,1.9214013548981177,-0.519479737892528,FALSE,so2,M9: AugSynth_FE Belisario (Centro dropped),AugSynth_FE,2023-10-09
2023w42,1.6825024832911055,1.8327199366825886,-0.15021745339148307,FALSE,so2,M9: AugSynth_FE Belisario (Centro dropped),AugSynth_FE,2023-10-16
2023w43,1.2387606298116,1.6021523660200057,-0.3633917362084056,FALSE,so2,M9: AugSynth_FE Belisario (Centro dropped),AugSynth_FE,2023-10-23
2023w44,1.479101410706097,1.5543656134980368,-0.0752642027919399,FALSE,so2,M9: AugSynth_FE Belisario (Centro dropped),AugSynth_FE,2023-10-30
2023w45,1.1890621915901818,1.7809902075928001,-0.5919280160026184,FALSE,so2,M9: AugSynth_FE Belisario (Centro dropped),AugSynth_FE,2023-11-06
2023w46,1.426876326835537,1.5196652373124306,-0.09278891047689375,FALSE,so2,M9: AugSynth_FE Belisario (Centro dropped),AugSynth_FE,2023-11-13
2023w47,1.1611070560964447,1.263349956239583,-0.1022429001431382,FALSE,so2,M9: AugSynth_FE Belisario (Centro dropped),AugSynth_FE,2023-11-20
2023w48,1.3526513966972986,1.5731040850086742,-0.22045268831137554,TRUE,so2,M9: AugSynth_FE Belisario (Centro dropped),AugSynth_FE,2023-11-27
2023w49,1.409644609728106,1.5956808182721134,-0.1860362085440075,TRUE,so2,M9: AugSynth_FE Belisario (Centro dropped),AugSynth_FE,2023-12-04
2023w50,1.310672422984992,1.6153797861920847,-0.3047073632070927,TRUE,so2,M9: AugSynth_FE Belisario (Centro dropped),AugSynth_FE,2023-12-11
2023w51,1.5832308202649263,1.5488323087662081,0.0343985114987182,TRUE,so2,M9: AugSynth_FE Belisario (Centro dropped),AugSynth_FE,2023-12-18
2023w52,0.8586616190375187,1.0067907281780726,-0.14812910914055388,TRUE,so2,M9: AugSynth_FE Belisario (Centro dropped),AugSynth_FE,2023-12-25
2024w01,1.4387286709683118,1.4443245255245374,-0.005595854556225577,TRUE,so2,M9: AugSynth_FE Belisario (Centro dropped),AugSynth_FE,2024-01-01
2024w02,1.3649856001736391,1.5142732221420871,-0.14928762196844803,TRUE,so2,M9: AugSynth_FE Belisario (Centro dropped),AugSynth_FE,2024-01-08
2024w03,1.0254440457706775,1.5049386293354052,-0.47949458356472774,TRUE,so2,M9: AugSynth_FE Belisario (Centro dropped),AugSynth_FE,2024-01-15
2024w04,1.108892598075666,1.392851235126802,-0.283958637051136,TRUE,so2,M9: AugSynth_FE Belisario (Centro dropped),AugSynth_FE,2024-01-22
2024w05,1.3811980636951415,1.5372816997452516,-0.1560836360501101,TRUE,so2,M9: AugSynth_FE Belisario (Centro dropped),AugSynth_FE,2024-01-29
2024w06,1.3250393323053797,1.6598471037069777,-0.334807771401598,TRUE,so2,M9: AugSynth_FE Belisario (Centro dropped),AugSynth_FE,2024-02-05
2024w07,0.7275486072772777,1.1387030294099572,-0.4111544221326795,TRUE,so2,M9: AugSynth_FE Belisario (Centro dropped),AugSynth_FE,2024-02-12
2024w08,1.021491234730616,1.4268891266328556,-0.4053978919022396,TRUE,so2,M9: AugSynth_FE Belisario (Centro dropped),AugSynth_FE,2024-02-19
2024w09,1.421661504957182,1.5792535917754056,-0.15759208681822368,TRUE,so2,M9: AugSynth_FE Belisario (Centro dropped),AugSynth_FE,2024-02-26
2024w10,1.3833734326922271,1.6353041274253872,-0.2519306947331601,TRUE,so2,M9: AugSynth_FE Belisario (Centro dropped),AugSynth_FE,2024-03-04
2024w11,1.4436981152318238,1.6063493405730929,-0.16265122534126908,TRUE,so2,M9: AugSynth_FE Belisario (Centro dropped),AugSynth_FE,2024-03-11
2024w12,1.580674860166215,1.7473288942266763,-0.1666540340604612,TRUE,so2,M9: AugSynth_FE Belisario (Centro dropped),AugSynth_FE,2024-03-18
2024w13,1.8276091221217523,1.5584199680189792,0.2691891541027731,TRUE,so2,M9: AugSynth_FE Belisario (Centro dropped),AugSynth_FE,2024-03-25
2024w14,1.3685546046418808,1.4501446566817178,-0.08159005203983694,TRUE,so2,M9: AugSynth_FE Belisario (Centro dropped),AugSynth_FE,2024-04-01
2024w15,1.5718744918791347,1.9748195990537152,-0.40294510717458043,TRUE,so2,M9: AugSynth_FE Belisario (Centro dropped),AugSynth_FE,2024-04-08
2024w16,1.6161089448681385,1.857314540053922,-0.24120559518578344,TRUE,so2,M9: AugSynth_FE Belisario (Centro dropped),AugSynth_FE,2024-04-15
2024w17,1.7454246216336875,1.8449968388957974,-0.09957221726210985,TRUE,so2,M9: AugSynth_FE Belisario (Centro dropped),AugSynth_FE,2024-04-22
2024w18,1.6513089565094066,1.7181572913591983,-0.06684833484979169,TRUE,so2,M9: AugSynth_FE Belisario (Centro dropped),AugSynth_FE,2024-04-29
2024w19,1.7407585297614583,1.8300825974060395,-0.08932406764458123,TRUE,so2,M9: AugSynth_FE Belisario (Centro dropped),AugSynth_FE,2024-05-06
2024w20,1.8467736104491428,1.8711333292848291,-0.024359718835686328,TRUE,so2,M9: AugSynth_FE Belisario (Centro dropped),AugSynth_FE,2024-05-13
2024w21,1.4215006168545101,1.531783616253999,-0.11028299939948893,TRUE,so2,M9: AugSynth_FE Belisario (Centro dropped),AugSynth_FE,2024-05-20
2024w22,1.1631508098056809,1.3098256186036614,-0.14667480879798056,TRUE,so2,M9: AugSynth_FE Belisario (Centro dropped),AugSynth_FE,2024-05-27
2024w23,1.355147632123054,0.9836165819871845,0.3715310501358695,TRUE,so2,M9: AugSynth_FE Belisario (Centro dropped),AugSynth_FE,2024-06-03
2024w24,1.4051978915391232,0.9091821326538085,0.4960157588853147,TRUE,so2,M9: AugSynth_FE Belisario (Centro dropped),AugSynth_FE,2024-06-10
2024w25,1.5409449159887998,1.4365949299738778,0.10434998601492196,TRUE,so2,M9: AugSynth_FE Belisario (Centro dropped),AugSynth_FE,2024-06-17
2024w26,1.1808065262940965,1.0909649113312576,0.08984161496283893,TRUE,so2,M9: AugSynth_FE Belisario (Centro dropped),AugSynth_FE,2024-06-24
2024w27,1.185605146967751,1.1900600510436836,-0.00445490407593252,TRUE,so2,M9: AugSynth_FE Belisario (Centro dropped),AugSynth_FE,2024-07-01
2024w28,1.4915548717773834,1.6109490366361803,-0.11939416485879684,TRUE,so2,M9: AugSynth_FE Belisario (Centro dropped),AugSynth_FE,2024-07-08
2024w29,1.2216162394985313,1.257916665987136,-0.036300426488604653,TRUE,so2,M9: AugSynth_FE Belisario (Centro dropped),AugSynth_FE,2024-07-15
2024w30,1.41381224715663,1.3579598237856898,0.055852423370940096,TRUE,so2,M9: AugSynth_FE Belisario (Centro dropped),AugSynth_FE,2024-07-22
2024w31,1.3692329731915955,0.8194905328007834,0.5497424403908121,TRUE,so2,M9: AugSynth_FE Belisario (Centro dropped),AugSynth_FE,2024-07-29
2024w32,1.680703754321098,1.5269030920987345,0.15380066222236355,TRUE,so2,M9: AugSynth_FE Belisario (Centro dropped),AugSynth_FE,2024-08-05
2024w33,1.3331572627067618,1.274551247879574,0.05860601482718786,TRUE,so2,M9: AugSynth_FE Belisario (Centro dropped),AugSynth_FE,2024-08-12
2024w34,1.387710025261053,1.3641192044730923,0.02359082078796071,TRUE,so2,M9: AugSynth_FE Belisario (Centro dropped),AugSynth_FE,2024-08-19
2024w35,1.2563754831189844,0.9451639251132248,0.3112115580057596,TRUE,so2,M9: AugSynth_FE Belisario (Centro dropped),AugSynth_FE,2024-08-26
2024w36,1.4497385336764255,1.7070349972441723,-0.2572964635677468,TRUE,so2,M9: AugSynth_FE Belisario (Centro dropped),AugSynth_FE,2024-09-02
2024w37,1.4747630091074988,1.4317608590341913,0.043002150073307543,TRUE,so2,M9: AugSynth_FE Belisario (Centro dropped),AugSynth_FE,2024-09-09
2024w38,1.3634521188712583,1.3866240824343492,-0.023171963563090925,TRUE,so2,M9: AugSynth_FE Belisario (Centro dropped),AugSynth_FE,2024-09-16
2024w39,1.603507026113227,1.7268252856506832,-0.12331825953745623,TRUE,so2,M9: AugSynth_FE Belisario (Centro dropped),AugSynth_FE,2024-09-23
2024w40,2.0236028448654597,1.8613332283063542,0.16226961655910555,TRUE,so2,M9: AugSynth_FE Belisario (Centro dropped),AugSynth_FE,2024-09-30
2024w41,2.074521122916015,1.8471652567084074,0.22735586620760762,TRUE,so2,M9: AugSynth_FE Belisario (Centro dropped),AugSynth_FE,2024-10-07
2024w42,1.6524590869842952,1.720837796504712,-0.06837870952041669,TRUE,so2,M9: AugSynth_FE Belisario (Centro dropped),AugSynth_FE,2024-10-14
2024w43,1.9869789702542144,1.7654392518444633,0.22153971840975117,TRUE,so2,M9: AugSynth_FE Belisario (Centro dropped),AugSynth_FE,2024-10-21
2024w44,1.720752666380141,1.7313136515091267,-0.010560985128985845,TRUE,so2,M9: AugSynth_FE Belisario (Centro dropped),AugSynth_FE,2024-10-28
2024w45,1.9677415293646525,1.807746263998394,0.1599952653662584,TRUE,so2,M9: AugSynth_FE Belisario (Centro dropped),AugSynth_FE,2024-11-04
2024w46,1.974486428434593,1.9277806270845952,0.04670580134999791,TRUE,so2,M9: AugSynth_FE Belisario (Centro dropped),AugSynth_FE,2024-11-11
2024w47,1.9812313275045337,1.7727828290791927,0.20844849842534097,TRUE,so2,M9: AugSynth_FE Belisario (Centro dropped),AugSynth_FE,2024-11-18
2024w48,2.0812066496265027,1.8569261025107782,0.22428054711572454,TRUE,so2,M9: AugSynth_FE Belisario (Centro dropped),AugSynth_FE,2024-11-25
2024w49,1.5324848712659722,1.5875809061824944,-0.05509603491652215,TRUE,so2,M9: AugSynth_FE Belisario (Centro dropped),AugSynth_FE,2024-12-02
2024w50,1.6869913706491662,1.8574643436425353,-0.17047297299336917,TRUE,so2,M9: AugSynth_FE Belisario (Centro dropped),AugSynth_FE,2024-12-09
2024w51,1.5965552866030868,1.7342672638715966,-0.1377119772685098,TRUE,so2,M9: AugSynth_FE Belisario (Centro dropped),AugSynth_FE,2024-12-16
2024w52,1.7890223935181688,1.467160194789194,0.3218621987289749,TRUE,so2,M9: AugSynth_FE Belisario (Centro dropped),AugSynth_FE,2024-12-23
2025w01,1.4002794456865533,1.4592689666210468,-0.0589895209344935,TRUE,so2,M9: AugSynth_FE Belisario (Centro dropped),AugSynth_FE,2024-12-30
2025w02,1.856464643144947,1.7322174241833745,0.12424721896157243,TRUE,so2,M9: AugSynth_FE Belisario (Centro dropped),AugSynth_FE,2025-01-06
2025w03,1.5850769115211651,1.6692586497527289,-0.08418173823156372,TRUE,so2,M9: AugSynth_FE Belisario (Centro dropped),AugSynth_FE,2025-01-13
2025w04,1.7213966121201538,1.8341928862261137,-0.11279627410595983,TRUE,so2,M9: AugSynth_FE Belisario (Centro dropped),AugSynth_FE,2025-01-20
2025w05,1.6409365794934714,1.7678624273087402,-0.12692584781526883,TRUE,so2,M9: AugSynth_FE Belisario (Centro dropped),AugSynth_FE,2025-01-27
2025w06,1.7110012278435416,1.5693275283422572,0.1416736995012844,TRUE,so2,M9: AugSynth_FE Belisario (Centro dropped),AugSynth_FE,2025-02-03
2025w07,0.4025720383257366,1.3790351125900995,-0.9764630742643629,TRUE,so2,M9: AugSynth_FE Belisario (Centro dropped),AugSynth_FE,2025-02-10
2025w08,0.4697952742079987,0.9735711729731557,-0.5037758987651569,TRUE,so2,M9: AugSynth_FE Belisario (Centro dropped),AugSynth_FE,2025-02-17
2025w09,0.6790482561804436,1.0696772301091115,-0.3906289739286679,TRUE,so2,M9: AugSynth_FE Belisario (Centro dropped),AugSynth_FE,2025-02-24
2025w10,0.39091532709343324,0.9697507075771437,-0.5788353804837104,TRUE,so2,M9: AugSynth_FE Belisario (Centro dropped),AugSynth_FE,2025-03-03
2025w11,0.7569041463626964,1.1856999776136368,-0.42879583125094034,TRUE,so2,M9: AugSynth_FE Belisario (Centro dropped),AugSynth_FE,2025-03-10
2025w12,0.9202827531436925,1.1078271487402078,-0.18754439559651537,TRUE,so2,M9: AugSynth_FE Belisario (Centro dropped),AugSynth_FE,2025-03-17
2025w13,1.0590626325301276,1.2485678531973161,-0.18950522066718856,TRUE,so2,M9: AugSynth_FE Belisario (Centro dropped),AugSynth_FE,2025-03-24
2025w14,0.9043530943011122,1.1588704515323989,-0.25451735723128666,TRUE,so2,M9: AugSynth_FE Belisario (Centro dropped),AugSynth_FE,2025-03-31
2025w15,0.9100714320602383,1.2369240121788176,-0.3268525801185793,TRUE,so2,M9: AugSynth_FE Belisario (Centro dropped),AugSynth_FE,2025-04-07
2025w16,1.0996117890011932,1.4380467263981347,-0.3384349373969415,TRUE,so2,M9: AugSynth_FE Belisario (Centro dropped),AugSynth_FE,2025-04-14
2025w17,1.1570908184258055,1.208741492907184,-0.0516506744813785,TRUE,so2,M9: AugSynth_FE Belisario (Centro dropped),AugSynth_FE,2025-04-21
2025w18,0.9954715297485963,1.1904975265556823,-0.195025996807086,TRUE,so2,M9: AugSynth_FE Belisario (Centro dropped),AugSynth_FE,2025-04-28
2025w19,1.0496554439415786,1.3149258223574314,-0.26527037841585277,TRUE,so2,M9: AugSynth_FE Belisario (Centro dropped),AugSynth_FE,2025-05-05
2025w20,0.8569652657893402,1.0507795742325414,-0.19381430844320124,TRUE,so2,M9: AugSynth_FE Belisario (Centro dropped),AugSynth_FE,2025-05-12
2025w21,0.9528155065565274,1.3525607809717435,-0.3997452744152161,TRUE,so2,M9: AugSynth_FE Belisario (Centro dropped),AugSynth_FE,2025-05-19
2025w22,0.8320391794265639,1.2983222691470089,-0.46628308972044497,TRUE,so2,M9: AugSynth_FE Belisario (Centro dropped),AugSynth_FE,2025-05-26
2025w23,0.9611366196659903,1.282804808014005,-0.3216681883480148,TRUE,so2,M9: AugSynth_FE Belisario (Centro dropped),AugSynth_FE,2025-06-02
2025w24,0.8897413966406185,1.3367506093551687,-0.4470092127145502,TRUE,so2,M9: AugSynth_FE Belisario (Centro dropped),AugSynth_FE,2025-06-09
2025w25,0.6802307886267185,1.3867728422205736,-0.7065420535938551,TRUE,so2,M9: AugSynth_FE Belisario (Centro dropped),AugSynth_FE,2025-06-16
2022w48,1.666016943038671,1.346596791680343,0.31942015135832813,FALSE,so2,M1: SDID Centro+Belisario,SDID,2022-11-28
2022w49,1.939909138559454,1.8015926709002819,0.13831646765917216,FALSE,so2,M1: SDID Centro+Belisario,SDID,2022-12-05
2022w50,1.7936654666400238,1.6495068926248861,0.14415857401513765,FALSE,so2,M1: SDID Centro+Belisario,SDID,2022-12-12
2022w51,1.6090076267705462,1.4830420190183327,0.12596560775221355,FALSE,so2,M1: SDID Centro+Belisario,SDID,2022-12-19
2022w52,1.4045247495091862,1.5663268881315948,-0.16180213862240866,FALSE,so2,M1: SDID Centro+Belisario,SDID,2022-12-26
2023w01,1.8065264732707815,1.6107914226671312,0.19573505060365037,FALSE,so2,M1: SDID Centro+Belisario,SDID,2023-01-02
2023w02,1.6311687512121713,1.5737296033726464,0.05743914783952486,FALSE,so2,M1: SDID Centro+Belisario,SDID,2023-01-09
2023w03,1.6102552327890858,1.4366226448476072,0.17363258794147862,FALSE,so2,M1: SDID Centro+Belisario,SDID,2023-01-16
2023w04,1.5579013838376947,1.6510637539036614,-0.09316237006596673,FALSE,so2,M1: SDID Centro+Belisario,SDID,2023-01-23
2023w05,1.8141886006560055,1.6001402355297694,0.21404836512623615,FALSE,so2,M1: SDID Centro+Belisario,SDID,2023-01-30
2023w06,1.9774735754414337,1.7441554556390921,0.23331811980234152,FALSE,so2,M1: SDID Centro+Belisario,SDID,2023-02-06
2023w07,2.1383094524669612,1.5467910603389483,0.5915183921280129,FALSE,so2,M1: SDID Centro+Belisario,SDID,2023-02-13
2023w08,1.755966089282016,1.4829292024572607,0.27303688682475524,FALSE,so2,M1: SDID Centro+Belisario,SDID,2023-02-20
2023w09,1.9476596706469635,1.7332869870515242,0.21437268359543937,FALSE,so2,M1: SDID Centro+Belisario,SDID,2023-02-27
2023w10,1.9413146014568496,1.418678888089897,0.5226357133669526,FALSE,so2,M1: SDID Centro+Belisario,SDID,2023-03-06
2023w11,1.814532835876395,1.4845249551824224,0.3300078806939726,FALSE,so2,M1: SDID Centro+Belisario,SDID,2023-03-13
2023w12,1.8693849541825638,1.3853182338227474,0.48406672035981635,FALSE,so2,M1: SDID Centro+Belisario,SDID,2023-03-20
2023w13,1.7806948842060737,0.9411937451885964,0.8395011390174772,FALSE,so2,M1: SDID Centro+Belisario,SDID,2023-03-27
2023w14,1.8150457720523212,1.1728061899013267,0.6422395821509945,FALSE,so2,M1: SDID Centro+Belisario,SDID,2023-04-03
2023w15,1.7417736119978384,1.1515942497534764,0.5901793622443621,FALSE,so2,M1: SDID Centro+Belisario,SDID,2023-04-10
2023w16,1.7065380844423288,1.0962565990235953,0.6102814854187335,FALSE,so2,M1: SDID Centro+Belisario,SDID,2023-04-17
2023w17,1.9217178506199506,1.498486422592567,0.42323142802738367,FALSE,so2,M1: SDID Centro+Belisario,SDID,2023-04-24
2023w18,1.282189138254492,1.1965986696305817,0.0855904686239104,FALSE,so2,M1: SDID Centro+Belisario,SDID,2023-05-01
2023w19,1.5030486434799124,1.3344226955225653,0.1686259479573471,FALSE,so2,M1: SDID Centro+Belisario,SDID,2023-05-08
2023w20,1.859489643454506,1.3269606340625548,0.5325290093919512,FALSE,so2,M1: SDID Centro+Belisario,SDID,2023-05-15
2023w21,1.7894888647075629,1.2240918737935051,0.5653969909140577,FALSE,so2,M1: SDID Centro+Belisario,SDID,2023-05-22
2023w22,1.7744219185990628,1.260854161622683,0.5135677569763799,FALSE,so2,M1: SDID Centro+Belisario,SDID,2023-05-29
2023w23,2.0077473385409186,1.3446358967506873,0.6631114417902313,FALSE,so2,M1: SDID Centro+Belisario,SDID,2023-06-05
2023w24,1.6833965167076061,1.2389596554845221,0.444436861223084,FALSE,so2,M1: SDID Centro+Belisario,SDID,2023-06-12
2023w25,1.5700589000556981,1.348284204752513,0.22177469530318517,FALSE,so2,M1: SDID Centro+Belisario,SDID,2023-06-19
2023w26,1.6917294808118983,1.3885762814346534,0.30315319937724494,FALSE,so2,M1: SDID Centro+Belisario,SDID,2023-06-26
2023w27,1.8691333935098984,1.2430506048834737,0.6260827886264246,FALSE,so2,M1: SDID Centro+Belisario,SDID,2023-07-03
2023w28,1.6734700983669344,1.321334220834369,0.35213587753256537,FALSE,so2,M1: SDID Centro+Belisario,SDID,2023-07-10
2023w29,1.358497847547579,1.205996426824772,0.15250142072280704,FALSE,so2,M1: SDID Centro+Belisario,SDID,2023-07-17
2023w30,1.4803387495194205,1.1490189693472022,0.3313197801722183,FALSE,so2,M1: SDID Centro+Belisario,SDID,2023-07-24
2023w31,1.2096318680330538,1.1642201263084333,0.04541174172462048,FALSE,so2,M1: SDID Centro+Belisario,SDID,2023-07-31
2023w32,1.1358599687232918,1.368597747332243,-0.23273777860895128,FALSE,so2,M1: SDID Centro+Belisario,SDID,2023-08-07
2023w33,1.6612444622160059,1.4288523490799423,0.23239211313606356,FALSE,so2,M1: SDID Centro+Belisario,SDID,2023-08-14
2023w34,1.543231283526871,1.3755903262452598,0.1676409572816111,FALSE,so2,M1: SDID Centro+Belisario,SDID,2023-08-21
2023w35,1.132653555287859,1.4108828603544268,-0.27822930506656784,FALSE,so2,M1: SDID Centro+Belisario,SDID,2023-08-28
2023w36,1.1215471324229542,1.445178393100008,-0.3236312606770537,FALSE,so2,M1: SDID Centro+Belisario,SDID,2023-09-04
2023w37,1.1159135108243254,1.5879661226800845,-0.4720526118557591,FALSE,so2,M1: SDID Centro+Belisario,SDID,2023-09-11
2023w38,1.155406800961965,1.4042286578139687,-0.24882185685200375,FALSE,so2,M1: SDID Centro+Belisario,SDID,2023-09-18
2023w39,1.2783565367751306,1.470330080912925,-0.19197354413779433,FALSE,so2,M1: SDID Centro+Belisario,SDID,2023-09-25
2023w40,1.5482721598348843,1.3776838963455704,0.17058826348931388,FALSE,so2,M1: SDID Centro+Belisario,SDID,2023-10-02
2023w41,1.1355242082779453,1.6546993769176022,-0.5191751686396568,FALSE,so2,M1: SDID Centro+Belisario,SDID,2023-10-09
2023w42,1.410059643032211,1.5928209130291375,-0.18276126999692655,FALSE,so2,M1: SDID Centro+Belisario,SDID,2023-10-16
2023w43,1.3315409363618254,1.5565254057176487,-0.2249844693558234,FALSE,so2,M1: SDID Centro+Belisario,SDID,2023-10-23
2023w44,1.7712063376570426,1.4026805660550778,0.36852577160196476,FALSE,so2,M1: SDID Centro+Belisario,SDID,2023-10-30
2023w45,1.015522856372327,1.2680161475419982,-0.2524932911696711,FALSE,so2,M1: SDID Centro+Belisario,SDID,2023-11-06
2023w46,1.3706013296067572,1.2351158809996126,0.13548544860714462,FALSE,so2,M1: SDID Centro+Belisario,SDID,2023-11-13
2023w47,1.3015897871297057,1.3815608109767696,-0.0799710238470639,FALSE,so2,M1: SDID Centro+Belisario,SDID,2023-11-20
2023w48,1.4550288357412304,1.594268564731097,-0.13923972898986658,TRUE,so2,M1: SDID Centro+Belisario,SDID,2023-11-27
2023w49,1.2487044163062022,1.5632991510033065,-0.3145947346971043,TRUE,so2,M1: SDID Centro+Belisario,SDID,2023-12-04
2023w50,1.641000795607892,1.4307302425978612,0.21027055301003084,TRUE,so2,M1: SDID Centro+Belisario,SDID,2023-12-11
2023w51,1.3058225502142866,1.3525437396979156,-0.04672118948362902,TRUE,so2,M1: SDID Centro+Belisario,SDID,2023-12-18
2023w52,1.007624994141416,0.8086429570274353,0.19898203711398066,TRUE,so2,M1: SDID Centro+Belisario,SDID,2023-12-25
2024w01,1.5642783973612042,1.5108924078903532,0.05338598947085105,TRUE,so2,M1: SDID Centro+Belisario,SDID,2024-01-01
2024w02,1.4124385673096576,1.336221790760327,0.07621677654933046,TRUE,so2,M1: SDID Centro+Belisario,SDID,2024-01-08
2024w03,1.2226221960891857,1.1761558704544621,0.046466325634723527,TRUE,so2,M1: SDID Centro+Belisario,SDID,2024-01-15
2024w04,1.0158915982494097,1.0364805108100934,-0.020588912560683736,TRUE,so2,M1: SDID Centro+Belisario,SDID,2024-01-22
2024w05,1.3011481643542477,1.2981068619560323,0.0030413023982154286,TRUE,so2,M1: SDID Centro+Belisario,SDID,2024-01-29
2024w06,1.3700129254516231,1.6272894419946138,-0.25727651654299066,TRUE,so2,M1: SDID Centro+Belisario,SDID,2024-02-05
2024w07,0.842648528472852,0.9077772383830743,-0.06512870991022235,TRUE,so2,M1: SDID Centro+Belisario,SDID,2024-02-12
2024w08,1.2654264056788274,1.3570287361259323,-0.09160233044710497,TRUE,so2,M1: SDID Centro+Belisario,SDID,2024-02-19
2024w09,1.7832975923445877,1.4808868273037321,0.3024107650408556,TRUE,so2,M1: SDID Centro+Belisario,SDID,2024-02-26
2024w10,1.7560179688862518,1.6722633211079805,0.08375464777827135,TRUE,so2,M1: SDID Centro+Belisario,SDID,2024-03-04
2024w11,1.5846750592880543,1.5322196744646324,0.052455384823421936,TRUE,so2,M1: SDID Centro+Belisario,SDID,2024-03-11
2024w12,1.8099980454012918,1.7485892746013896,0.06140877079990226,TRUE,so2,M1: SDID Centro+Belisario,SDID,2024-03-18
2024w13,2.038588454672232,1.7354347694139314,0.3031536852583008,TRUE,so2,M1: SDID Centro+Belisario,SDID,2024-03-25
2024w14,2.0292770805654214,1.7016562351020923,0.32762084546332915,TRUE,so2,M1: SDID Centro+Belisario,SDID,2024-04-01
2024w15,1.6397970593255744,1.7862324612471647,-0.14643540192159032,TRUE,so2,M1: SDID Centro+Belisario,SDID,2024-04-08
2024w16,1.7875031710497815,1.9053335876723247,-0.11783041662254323,TRUE,so2,M1: SDID Centro+Belisario,SDID,2024-04-15
2024w17,1.7888391459839172,1.8897158486904264,-0.10087670270650917,TRUE,so2,M1: SDID Centro+Belisario,SDID,2024-04-22
2024w18,1.774817861029617,1.7350162886970073,0.039801572332609725,TRUE,so2,M1: SDID Centro+Belisario,SDID,2024-04-29
2024w19,2.012453692900435,1.9893126355698005,0.02314105733063454,TRUE,so2,M1: SDID Centro+Belisario,SDID,2024-05-06
2024w20,2.2359212785172105,2.1643046235073644,0.07161665500984604,TRUE,so2,M1: SDID Centro+Belisario,SDID,2024-05-13
2024w21,1.4543587969087293,1.790999362583769,-0.33664056567503975,TRUE,so2,M1: SDID Centro+Belisario,SDID,2024-05-20
2024w22,1.1712247081114109,1.5561673783111807,-0.3849426701997698,TRUE,so2,M1: SDID Centro+Belisario,SDID,2024-05-27
2024w23,1.4754486582145632,1.4026240391225178,0.0728246190920454,TRUE,so2,M1: SDID Centro+Belisario,SDID,2024-06-03
2024w24,1.7236146058836272,1.4031531079247523,0.3204614979588749,TRUE,so2,M1: SDID Centro+Belisario,SDID,2024-06-10
2024w25,1.7537235403141205,1.8585773036984168,-0.1048537633842963,TRUE,so2,M1: SDID Centro+Belisario,SDID,2024-06-17
2024w26,1.5869345192285653,1.5683907828973584,0.018543736331206873,TRUE,so2,M1: SDID Centro+Belisario,SDID,2024-06-24
2024w27,1.5623737225483767,1.6533387858699164,-0.09096506332153975,TRUE,so2,M1: SDID Centro+Belisario,SDID,2024-07-01
2024w28,1.4978336019092855,1.89354504874504,-0.39571144683575454,TRUE,so2,M1: SDID Centro+Belisario,SDID,2024-07-08
2024w29,1.2423100245948238,1.4601424020227012,-0.21783237742787742,TRUE,so2,M1: SDID Centro+Belisario,SDID,2024-07-15
2024w30,1.4950022686323972,1.7542179540969551,-0.259215685464558,TRUE,so2,M1: SDID Centro+Belisario,SDID,2024-07-22
2024w31,1.5382398638892791,1.5600578333889359,-0.021817969499656753,TRUE,so2,M1: SDID Centro+Belisario,SDID,2024-07-29
2024w32,1.7259670964048792,1.9019641059639698,-0.1759970095590906,TRUE,so2,M1: SDID Centro+Belisario,SDID,2024-08-05
2024w33,1.397396169867358,1.4928371824635864,-0.09544101259622839,TRUE,so2,M1: SDID Centro+Belisario,SDID,2024-08-12
2024w34,1.559533863826016,1.3596557636912496,0.19987810013476648,TRUE,so2,M1: SDID Centro+Belisario,SDID,2024-08-19
2024w35,1.635670620747558,1.4662915219100423,0.16937909883751567,TRUE,so2,M1: SDID Centro+Belisario,SDID,2024-08-26
2024w36,1.2728495716894979,1.6154676880337357,-0.3426181163442379,TRUE,so2,M1: SDID Centro+Belisario,SDID,2024-09-02
2024w37,1.1331962035144667,1.1599735485656069,-0.026777345051140156,TRUE,so2,M1: SDID Centro+Belisario,SDID,2024-09-09
2024w52,2.092229028906262,1.2854535584652684,0.8067754704409935,TRUE,so2,M1: SDID Centro+Belisario,SDID,2024-12-23
2025w01,1.8112788332764282,1.050081803090624,0.7611970301858042,TRUE,so2,M1: SDID Centro+Belisario,SDID,2024-12-30
2025w02,1.9250502338053583,1.3717514197331104,0.5532988140722479,TRUE,so2,M1: SDID Centro+Belisario,SDID,2025-01-06
2025w03,1.8273997947679625,1.49904767001232,0.32835212475564246,TRUE,so2,M1: SDID Centro+Belisario,SDID,2025-01-13
2025w04,1.7459909844534325,1.5770896526573002,0.16890133179613231,TRUE,so2,M1: SDID Centro+Belisario,SDID,2025-01-20
2025w05,1.8527189817653182,1.2435687124557153,0.6091502693096029,TRUE,so2,M1: SDID Centro+Belisario,SDID,2025-01-27
2025w06,2.208812731238654,1.517118281514126,0.6916944497245281,TRUE,so2,M1: SDID Centro+Belisario,SDID,2025-02-03
2025w07,1.3125109980187928,1.1881876716410553,0.12432332637773746,TRUE,so2,M1: SDID Centro+Belisario,SDID,2025-02-10
2025w08,1.0942640688446479,0.9545958334047536,0.13966823543989426,TRUE,so2,M1: SDID Centro+Belisario,SDID,2025-02-17
2025w09,1.242123692769856,1.1351322622823257,0.10699143048753035,TRUE,so2,M1: SDID Centro+Belisario,SDID,2025-02-24
2025w10,1.2472305704383915,1.1108511033064763,0.13637946713191518,TRUE,so2,M1: SDID Centro+Belisario,SDID,2025-03-03
2025w11,1.5604920296533744,1.4157020862320329,0.14478994342134155,TRUE,so2,M1: SDID Centro+Belisario,SDID,2025-03-10
2025w12,1.2487624248318685,1.2079811961873226,0.04078122864454592,TRUE,so2,M1: SDID Centro+Belisario,SDID,2025-03-17
2025w13,1.3887654689030235,1.4234438588838092,-0.03467838998078565,TRUE,so2,M1: SDID Centro+Belisario,SDID,2025-03-24
2025w14,0.8896978703375591,1.2703570899503722,-0.3806592196128131,TRUE,so2,M1: SDID Centro+Belisario,SDID,2025-03-31
2025w15,0.7474880767568403,1.1687071970432112,-0.421219120286371,TRUE,so2,M1: SDID Centro+Belisario,SDID,2025-04-07
2025w16,0.9736777611926419,1.0749987579684817,-0.10132099677583972,TRUE,so2,M1: SDID Centro+Belisario,SDID,2025-04-14
2025w17,1.3955329642214118,1.2206010145882067,0.17493194963320513,TRUE,so2,M1: SDID Centro+Belisario,SDID,2025-04-21
2025w18,1.5085789960429072,1.0710782683782867,0.43750072766462056,TRUE,so2,M1: SDID Centro+Belisario,SDID,2025-04-28
2025w19,1.3309862507375452,1.3654638751837531,-0.034477624446207944,TRUE,so2,M1: SDID Centro+Belisario,SDID,2025-05-05
2025w20,1.623492491394259,0.9946350472094526,0.6288574441848064,TRUE,so2,M1: SDID Centro+Belisario,SDID,2025-05-12
2025w21,1.2206916161418813,1.3001917128502858,-0.07950009670840452,TRUE,so2,M1: SDID Centro+Belisario,SDID,2025-05-19
2025w22,1.4270794829071294,1.127916827710978,0.2991626551961515,TRUE,so2,M1: SDID Centro+Belisario,SDID,2025-05-26
2025w23,1.835181003193142,1.259077750520474,0.5761032526726679,TRUE,so2,M1: SDID Centro+Belisario,SDID,2025-06-02
2025w24,1.6671367004653512,1.3713795812509275,0.2957571192144237,TRUE,so2,M1: SDID Centro+Belisario,SDID,2025-06-09
2025w25,1.2045025976105905,1.3749921633720088,-0.17048956576141827,TRUE,so2,M1: SDID Centro+Belisario,SDID,2025-06-16
2022w48,1.6183445667108038,1.3551215245265085,0.2632230421842954,FALSE,so2,M2: SDID Centro (Bel. dropped),SDID,2022-11-28
2022w49,1.9776379691616264,1.8045734262997746,0.1730645428618518,FALSE,so2,M2: SDID Centro (Bel. dropped),SDID,2022-12-05
2022w50,1.7903798934500306,1.657392378586706,0.1329875148633246,FALSE,so2,M2: SDID Centro (Bel. dropped),SDID,2022-12-12
2022w51,1.5695413529091147,1.490946713044874,0.07859463986424076,FALSE,so2,M2: SDID Centro (Bel. dropped),SDID,2022-12-19
2022w52,1.5844119585582266,1.571339869835147,0.013072088723079522,FALSE,so2,M2: SDID Centro (Bel. dropped),SDID,2022-12-26
2023w01,1.9747187843421155,1.6174788255679706,0.35723995877414483,FALSE,so2,M2: SDID Centro (Bel. dropped),SDID,2023-01-02
2023w02,1.8887401700662336,1.578046884259507,0.3106932858067266,FALSE,so2,M2: SDID Centro (Bel. dropped),SDID,2023-01-09
2023w03,1.802764534596705,1.4462756176525775,0.35648891694412743,FALSE,so2,M2: SDID Centro (Bel. dropped),SDID,2023-01-16
2023w04,1.7908282851823096,1.6558681911189894,0.1349600940633202,FALSE,so2,M2: SDID Centro (Bel. dropped),SDID,2023-01-23
2023w05,1.8179008274192832,1.6074927155887757,0.21040811183050745,FALSE,so2,M2: SDID Centro (Bel. dropped),SDID,2023-01-30
2023w06,2.0743611502850636,1.7560372564294735,0.3183238938555901,FALSE,so2,M2: SDID Centro (Bel. dropped),SDID,2023-02-06
2023w07,2.2399256408352715,1.5615761065170575,0.678349534318214,FALSE,so2,M2: SDID Centro (Bel. dropped),SDID,2023-02-13
2023w08,1.9067035282401243,1.4864628265767674,0.4202407016633569,FALSE,so2,M2: SDID Centro (Bel. dropped),SDID,2023-02-20
2023w09,1.9213949500426035,1.745796415038622,0.17559853500398148,FALSE,so2,M2: SDID Centro (Bel. dropped),SDID,2023-02-27
2023w10,2.1772234987279653,1.4200170336257805,0.7572064651021848,FALSE,so2,M2: SDID Centro (Bel. dropped),SDID,2023-03-06
2023w11,2.05811717997614,1.4863685630805734,0.5717486168955666,FALSE,so2,M2: SDID Centro (Bel. dropped),SDID,2023-03-13
2023w12,2.1584387323344263,1.3913656611960454,0.7670730711383809,FALSE,so2,M2: SDID Centro (Bel. dropped),SDID,2023-03-20
2023w13,2.0090302923134766,0.9479424839555886,1.061087808357888,FALSE,so2,M2: SDID Centro (Bel. dropped),SDID,2023-03-27
2023w14,2.079076947470326,1.1827558322665743,0.8963211152037516,FALSE,so2,M2: SDID Centro (Bel. dropped),SDID,2023-04-03
2023w15,1.887311339020192,1.1610061061495405,0.7263052328706516,FALSE,so2,M2: SDID Centro (Bel. dropped),SDID,2023-04-10
2023w16,1.8400296940589993,1.0991700885031372,0.740859605555862,FALSE,so2,M2: SDID Centro (Bel. dropped),SDID,2023-04-17
2023w17,1.9720796003411767,1.5043899875659463,0.46768961277523036,FALSE,so2,M2: SDID Centro (Bel. dropped),SDID,2023-04-24
2023w18,1.261412668434932,1.206669610002306,0.05474305843262606,FALSE,so2,M2: SDID Centro (Bel. dropped),SDID,2023-05-01
2023w19,1.562768370301894,1.34702739880092,0.21574097150097393,FALSE,so2,M2: SDID Centro (Bel. dropped),SDID,2023-05-08
2023w20,1.8193079711466444,1.3363932390691398,0.4829147320775047,FALSE,so2,M2: SDID Centro (Bel. dropped),SDID,2023-05-15
2023w21,1.8769648111975348,1.232508127801647,0.6444566833958878,FALSE,so2,M2: SDID Centro (Bel. dropped),SDID,2023-05-22
2023w22,1.8535186804637396,1.2731323869809077,0.5803862934828319,FALSE,so2,M2: SDID Centro (Bel. dropped),SDID,2023-05-29
2023w23,2.1705124913463774,1.3547761274029106,0.8157363639434667,FALSE,so2,M2: SDID Centro (Bel. dropped),SDID,2023-06-05
2023w24,1.839046463854813,1.2467841881998751,0.5922622756549378,FALSE,so2,M2: SDID Centro (Bel. dropped),SDID,2023-06-12
2023w25,1.5438822518792965,1.350878912616058,0.19300333926323843,FALSE,so2,M2: SDID Centro (Bel. dropped),SDID,2023-06-19
2023w26,1.699534950008983,1.3940728838127532,0.30546206619622973,FALSE,so2,M2: SDID Centro (Bel. dropped),SDID,2023-06-26
2023w27,2.083943580562962,1.2483422926424035,0.8356012879205583,FALSE,so2,M2: SDID Centro (Bel. dropped),SDID,2023-07-03
2023w28,1.8108520441277802,1.3313856974867302,0.47946634664105003,FALSE,so2,M2: SDID Centro (Bel. dropped),SDID,2023-07-10
2023w29,1.2452268632654122,1.1959698760815287,0.049256987183883494,FALSE,so2,M2: SDID Centro (Bel. dropped),SDID,2023-07-17
2023w30,1.5051434114715314,1.153396724138007,0.35174668733352443,FALSE,so2,M2: SDID Centro (Bel. dropped),SDID,2023-07-24
2023w31,1.0348470854755951,1.1589367554760865,-0.12408967000049143,FALSE,so2,M2: SDID Centro (Bel. dropped),SDID,2023-07-31
2023w32,0.9779904210271199,1.3792289779130031,-0.4012385568858833,FALSE,so2,M2: SDID Centro (Bel. dropped),SDID,2023-08-07
2023w33,1.624034187709595,1.4406798600762047,0.1833543276333902,FALSE,so2,M2: SDID Centro (Bel. dropped),SDID,2023-08-14
2023w34,1.6881339179653003,1.3873215602147657,0.3008123577505346,FALSE,so2,M2: SDID Centro (Bel. dropped),SDID,2023-08-21
2023w35,0.8773043741497513,1.4102945312343966,-0.5329901570846454,FALSE,so2,M2: SDID Centro (Bel. dropped),SDID,2023-08-28
2023w36,0.8243670651612482,1.4413841995458454,-0.6170171343845972,FALSE,so2,M2: SDID Centro (Bel. dropped),SDID,2023-09-04
2023w37,0.8304883156866809,1.5864630459313251,-0.7559747302446442,FALSE,so2,M2: SDID Centro (Bel. dropped),SDID,2023-09-11
2023w38,1.152302732320507,1.4010931268046183,-0.24879039448411122,FALSE,so2,M2: SDID Centro (Bel. dropped),SDID,2023-09-18
2023w39,1.36168211796699,1.4780516029857251,-0.11636948501873512,FALSE,so2,M2: SDID Centro (Bel. dropped),SDID,2023-09-25
2023w40,1.6787493140965144,1.3787619567794425,0.29998735731707193,FALSE,so2,M2: SDID Centro (Bel. dropped),SDID,2023-10-02
2023w41,1.259661864035719,1.662394068388221,-0.4027322043525021,FALSE,so2,M2: SDID Centro (Bel. dropped),SDID,2023-10-09
2023w42,1.3360892623490024,1.6038884672742182,-0.2677992049252158,FALSE,so2,M2: SDID Centro (Bel. dropped),SDID,2023-10-16
2023w43,1.4779010321231472,1.5603704114234727,-0.0824693793003255,FALSE,so2,M2: SDID Centro (Bel. dropped),SDID,2023-10-23
2023w44,2.1457516161461427,1.409444316641335,0.7363072995048077,FALSE,so2,M2: SDID Centro (Bel. dropped),SDID,2023-10-30
2023w45,0.8211958864373421,1.2734242452939086,-0.45222835885656654,FALSE,so2,M2: SDID Centro (Bel. dropped),SDID,2023-11-06
2023w46,1.4492370613458503,1.2465946598340403,0.20264240151181,FALSE,so2,M2: SDID Centro (Bel. dropped),SDID,2023-11-13
2023w47,1.491335642674666,1.3942697588895223,0.09706588378514369,FALSE,so2,M2: SDID Centro (Bel. dropped),SDID,2023-11-20
2023w48,1.722728006367475,1.6139705426558173,0.10875746371165773,TRUE,so2,M2: SDID Centro (Bel. dropped),SDID,2023-11-27
2023w49,1.3931883392150766,1.5709124902864504,-0.17772415107137385,TRUE,so2,M2: SDID Centro (Bel. dropped),SDID,2023-12-04
2023w50,1.9372826314397533,1.4496295227928928,0.4876531086468605,TRUE,so2,M2: SDID Centro (Bel. dropped),SDID,2023-12-11
2023w51,1.3352907388127913,1.355053503636088,-0.019762764823296752,TRUE,so2,M2: SDID Centro (Bel. dropped),SDID,2023-12-18
2023w52,1.2088220034846018,0.8131261862748406,0.3956958172097612,TRUE,so2,M2: SDID Centro (Bel. dropped),SDID,2023-12-25
2024w01,1.8360965061766552,1.5161994329028181,0.3198970732738371,TRUE,so2,M2: SDID Centro (Bel. dropped),SDID,2024-01-01
2024w02,1.5960176559414594,1.3435505216685804,0.25246713427287903,TRUE,so2,M2: SDID Centro (Bel. dropped),SDID,2024-01-08
2024w03,1.684208711300021,1.183083317594349,0.5011253937056721,TRUE,so2,M2: SDID Centro (Bel. dropped),SDID,2024-01-15
2024w04,1.0967552799244693,1.0381617579037692,0.05859352202070012,TRUE,so2,M2: SDID Centro (Bel. dropped),SDID,2024-01-22
2024w05,1.4530183278725999,1.3022582506386633,0.15076007723393658,TRUE,so2,M2: SDID Centro (Bel. dropped),SDID,2024-01-29
2024w06,1.5571700636184846,1.6364607974817438,-0.07929073386325913,TRUE,so2,M2: SDID Centro (Bel. dropped),SDID,2024-02-05
2024w07,1.106829220241581,0.9077483789016032,0.19908084133997783,TRUE,so2,M2: SDID Centro (Bel. dropped),SDID,2024-02-12
2024w08,1.4021886054594959,1.3643033353101244,0.037885270149371486,TRUE,so2,M2: SDID Centro (Bel. dropped),SDID,2024-02-19
2024w09,2.0836914637290143,1.4843746933078752,0.5993167704211391,TRUE,so2,M2: SDID Centro (Bel. dropped),SDID,2024-02-26
2024w10,1.9686492676513216,1.6802192739817643,0.28842999366955735,TRUE,so2,M2: SDID Centro (Bel. dropped),SDID,2024-03-04
2024w11,1.7691529054916493,1.5380601515930923,0.231092753898557,TRUE,so2,M2: SDID Centro (Bel. dropped),SDID,2024-03-11
2024w12,1.9270653784724772,1.757722746051893,0.16934263242058423,TRUE,so2,M2: SDID Centro (Bel. dropped),SDID,2024-03-18
2024w13,2.23275615588822,1.7388650788295814,0.49389107705863844,TRUE,so2,M2: SDID Centro (Bel. dropped),SDID,2024-03-25
2024w14,2.4530434350116734,1.7016529187835807,0.7513905162280927,TRUE,so2,M2: SDID Centro (Bel. dropped),SDID,2024-04-01
2024w15,1.8237753455970125,1.7963233766229916,0.027451968974020913,TRUE,so2,M2: SDID Centro (Bel. dropped),SDID,2024-04-08
2024w16,1.9506189945176586,1.9074676478871042,0.04315134663055442,TRUE,so2,M2: SDID Centro (Bel. dropped),SDID,2024-04-15
2024w17,1.9803938427318317,1.8981080081190975,0.0822858346127342,TRUE,so2,M2: SDID Centro (Bel. dropped),SDID,2024-04-22
2024w18,1.7546083415702645,1.743631062729025,0.010977278841239446,TRUE,so2,M2: SDID Centro (Bel. dropped),SDID,2024-04-29
2024w19,2.153789621108669,1.9902600979609157,0.16352952314775338,TRUE,so2,M2: SDID Centro (Bel. dropped),SDID,2024-05-06
2024w20,2.0865241545193784,2.1732581711968826,-0.08673401667750413,TRUE,so2,M2: SDID Centro (Bel. dropped),SDID,2024-05-13
2024w21,1.2011302880730272,1.7972529449838754,-0.5961226569108482,TRUE,so2,M2: SDID Centro (Bel. dropped),SDID,2024-05-20
2024w22,1.0349487832571798,1.5581970146736701,-0.5232482314164904,TRUE,so2,M2: SDID Centro (Bel. dropped),SDID,2024-05-27
2024w23,1.1460720291684217,1.3911764445944228,-0.24510441542600114,TRUE,so2,M2: SDID Centro (Bel. dropped),SDID,2024-06-03
2024w24,1.5194636778062283,1.3927277167685006,0.12673596103772766,TRUE,so2,M2: SDID Centro (Bel. dropped),SDID,2024-06-10
2024w25,1.512048469808724,1.8578315949861937,-0.3457831251774697,TRUE,so2,M2: SDID Centro (Bel. dropped),SDID,2024-06-17
2024w26,1.5550053605890892,1.5673362534605326,-0.0123308928714434,TRUE,so2,M2: SDID Centro (Bel. dropped),SDID,2024-06-24
2024w27,1.6008576582001117,1.6497862575822881,-0.04892859938217642,TRUE,so2,M2: SDID Centro (Bel. dropped),SDID,2024-07-01
2024w28,1.403058749734388,1.9028341804492057,-0.49977543071481767,TRUE,so2,M2: SDID Centro (Bel. dropped),SDID,2024-07-08
2024w29,1.0866306167276492,1.4541691971113822,-0.367538580383733,TRUE,so2,M2: SDID Centro (Bel. dropped),SDID,2024-07-15
2024w30,1.3819060842945161,1.7501899305101658,-0.3682838462156497,TRUE,so2,M2: SDID Centro (Bel. dropped),SDID,2024-07-22
2024w31,1.4365042509566306,1.551759879664746,-0.11525562870811545,TRUE,so2,M2: SDID Centro (Bel. dropped),SDID,2024-07-29
2024w32,1.657571139044095,1.9076750857394251,-0.2501039466953301,TRUE,so2,M2: SDID Centro (Bel. dropped),SDID,2024-08-05
2024w33,1.421672803044209,1.4817771635347854,-0.060104360490576436,TRUE,so2,M2: SDID Centro (Bel. dropped),SDID,2024-08-12
2024w34,1.781987890453352,1.3586393573812168,0.42334853307213516,TRUE,so2,M2: SDID Centro (Bel. dropped),SDID,2024-08-19
2024w35,1.8278023450993937,1.453769520543383,0.3740328245560107,TRUE,so2,M2: SDID Centro (Bel. dropped),SDID,2024-08-26
2024w36,1.2315529812165509,1.6158904317568343,-0.38433745054028345,TRUE,so2,M2: SDID Centro (Bel. dropped),SDID,2024-09-02
2024w37,1.1186866932010395,1.1488494865244585,-0.03016279332341898,TRUE,so2,M2: SDID Centro (Bel. dropped),SDID,2024-09-09
2024w52,2.3577653874623232,1.2894970552678797,1.0682683321944435,TRUE,so2,M2: SDID Centro (Bel. dropped),SDID,2024-12-23
2025w01,2.026424037008439,1.0592084164287454,0.9672156205796936,TRUE,so2,M2: SDID Centro (Bel. dropped),SDID,2024-12-30
2025w02,2.1023127606563667,1.379072045859781,0.7232407147965858,TRUE,so2,M2: SDID Centro (Bel. dropped),SDID,2025-01-06
2025w03,2.017857727225822,1.4956562330052687,0.5222014942205533,TRUE,so2,M2: SDID Centro (Bel. dropped),SDID,2025-01-13
2025w04,1.900871199514276,1.5846517531907476,0.3162194463235284,TRUE,so2,M2: SDID Centro (Bel. dropped),SDID,2025-01-20
2025w05,2.1151439547149264,1.2595534191842834,0.855590535530643,TRUE,so2,M2: SDID Centro (Bel. dropped),SDID,2025-01-27
2025w06,2.5869481678396067,1.5273190193247734,1.0596291485148333,TRUE,so2,M2: SDID Centro (Bel. dropped),SDID,2025-02-03
2025w07,2.0722025840664298,1.186758258920115,0.8854443251463147,TRUE,so2,M2: SDID Centro (Bel. dropped),SDID,2025-02-10
2025w08,1.5674832201752762,0.9581972068408774,0.6092860133343988,TRUE,so2,M2: SDID Centro (Bel. dropped),SDID,2025-02-17
2025w09,1.654519099226757,1.146253431569697,0.50826566765706,TRUE,so2,M2: SDID Centro (Bel. dropped),SDID,2025-02-24
2025w10,1.8759021940992966,1.1174030283139444,0.7584991657853521,TRUE,so2,M2: SDID Centro (Bel. dropped),SDID,2025-03-03
2025w11,2.193935674666322,1.418102951702958,0.7758327229633641,TRUE,so2,M2: SDID Centro (Bel. dropped),SDID,2025-03-10
2025w12,1.5358411054917602,1.2170297581451213,0.31881134734663896,TRUE,so2,M2: SDID Centro (Bel. dropped),SDID,2025-03-17
2025w13,1.5203938770507648,1.4296585267627604,0.09073535028800439,TRUE,so2,M2: SDID Centro (Bel. dropped),SDID,2025-03-24
2025w14,0.615492184793807,1.269752129640593,-0.654259944846786,TRUE,so2,M2: SDID Centro (Bel. dropped),SDID,2025-03-31
2025w15,0.4787847025582974,1.1676971264256757,-0.6889124238673783,TRUE,so2,M2: SDID Centro (Bel. dropped),SDID,2025-04-07
2025w16,1.0307111293047129,1.0803303216845088,-0.04961919237979595,TRUE,so2,M2: SDID Centro (Bel. dropped),SDID,2025-04-14
2025w17,1.4814919930718762,1.2238756448036998,0.25761634826817637,TRUE,so2,M2: SDID Centro (Bel. dropped),SDID,2025-04-21
2025w18,1.7908936618956488,1.0701953365208388,0.72069832537481,TRUE,so2,M2: SDID Centro (Bel. dropped),SDID,2025-04-28
2025w19,1.4919061111922822,1.370888299215988,0.12101781197629413,TRUE,so2,M2: SDID Centro (Bel. dropped),SDID,2025-05-05
2025w20,1.9130320409943207,0.9946152177208215,0.9184168232734992,TRUE,so2,M2: SDID Centro (Bel. dropped),SDID,2025-05-12
2025w21,1.4663864226359342,1.3133892091091937,0.15299721352674056,TRUE,so2,M2: SDID Centro (Bel. dropped),SDID,2025-05-19
2025w22,1.8283990750327601,1.135146307264523,0.6932527677682372,TRUE,so2,M2: SDID Centro (Bel. dropped),SDID,2025-05-26
2025w23,2.33897897778988,1.2622761835380976,1.0767027942517826,TRUE,so2,M2: SDID Centro (Bel. dropped),SDID,2025-06-02
2025w24,1.923807732634796,1.3777608583617866,0.5460468742730094,TRUE,so2,M2: SDID Centro (Bel. dropped),SDID,2025-06-09
2025w25,1.4967104684227954,1.382225150182136,0.11448531824065933,TRUE,so2,M2: SDID Centro (Bel. dropped),SDID,2025-06-16
2022w48,1.6183445667108038,1.4355556859964649,0.18278888071433896,FALSE,so2,M2b: SDID Centro (Bel. in pool),SDID,2022-11-28
2022w49,1.9776379691616264,1.8257492597317686,0.15188870942985777,FALSE,so2,M2b: SDID Centro (Bel. in pool),SDID,2022-12-05
2022w50,1.7903798934500306,1.6906995025330733,0.09968039091695724,FALSE,so2,M2b: SDID Centro (Bel. in pool),SDID,2022-12-12
2022w51,1.5695413529091147,1.5279841374653849,0.04155721544372981,FALSE,so2,M2b: SDID Centro (Bel. in pool),SDID,2022-12-19
2022w52,1.5844119585582266,1.4995430783459578,0.0848688802122688,FALSE,so2,M2b: SDID Centro (Bel. in pool),SDID,2022-12-26
2023w01,1.9747187843421155,1.6246077806995425,0.35011100364257297,FALSE,so2,M2b: SDID Centro (Bel. in pool),SDID,2023-01-02
2023w02,1.8887401700662336,1.5363653000072408,0.3523748700589928,FALSE,so2,M2b: SDID Centro (Bel. in pool),SDID,2023-01-09
2023w03,1.802764534596705,1.4446799966326538,0.35808453796405115,FALSE,so2,M2b: SDID Centro (Bel. in pool),SDID,2023-01-16
2023w04,1.7908282851823096,1.5873996203183602,0.2034286648639494,FALSE,so2,M2b: SDID Centro (Bel. in pool),SDID,2023-01-23
2023w05,1.8179008274192832,1.6540827979085178,0.1638180295107654,FALSE,so2,M2b: SDID Centro (Bel. in pool),SDID,2023-01-30
2023w06,2.0743611502850636,1.7891333611383047,0.28522778914675895,FALSE,so2,M2b: SDID Centro (Bel. in pool),SDID,2023-02-06
2023w07,2.2399256408352715,1.6703955748201618,0.5695300660151097,FALSE,so2,M2b: SDID Centro (Bel. in pool),SDID,2023-02-13
2023w08,1.9067035282401243,1.5142934541470405,0.3924100740930838,FALSE,so2,M2b: SDID Centro (Bel. in pool),SDID,2023-02-20
2023w09,1.9213949500426035,1.801247432945705,0.12014751709689842,FALSE,so2,M2b: SDID Centro (Bel. in pool),SDID,2023-02-27
2023w10,2.1772234987279653,1.4820991679128661,0.6951243308150992,FALSE,so2,M2b: SDID Centro (Bel. in pool),SDID,2023-03-06
2023w11,2.05811717997614,1.505103798354381,0.5530133816217591,FALSE,so2,M2b: SDID Centro (Bel. in pool),SDID,2023-03-13
2023w12,2.1584387323344263,1.4327444855929217,0.7256942467415046,FALSE,so2,M2b: SDID Centro (Bel. in pool),SDID,2023-03-20
2023w13,2.0090302923134766,1.0777673725873935,0.9312629197260831,FALSE,so2,M2b: SDID Centro (Bel. in pool),SDID,2023-03-27
2023w14,2.079076947470326,1.2662372849717338,0.8128396624985921,FALSE,so2,M2b: SDID Centro (Bel. in pool),SDID,2023-04-03
2023w15,1.887311339020192,1.2569569460899193,0.6303543929302728,FALSE,so2,M2b: SDID Centro (Bel. in pool),SDID,2023-04-10
2023w16,1.8400296940589993,1.2007621377192,0.6392675563397994,FALSE,so2,M2b: SDID Centro (Bel. in pool),SDID,2023-04-17
2023w17,1.9720796003411767,1.5845940817228499,0.3874855186183268,FALSE,so2,M2b: SDID Centro (Bel. in pool),SDID,2023-04-24
2023w18,1.261412668434932,1.2307556587355486,0.030657009699383453,FALSE,so2,M2b: SDID Centro (Bel. in pool),SDID,2023-05-01
2023w19,1.562768370301894,1.3730337252773621,0.18973464502453186,FALSE,so2,M2b: SDID Centro (Bel. in pool),SDID,2023-05-08
2023w20,1.8193079711466444,1.4604095606905443,0.35889841045610016,FALSE,so2,M2b: SDID Centro (Bel. in pool),SDID,2023-05-15
2023w21,1.8769648111975348,1.335493113633161,0.5414716975643739,FALSE,so2,M2b: SDID Centro (Bel. in pool),SDID,2023-05-22
2023w22,1.8535186804637396,1.3686951464484023,0.4848235340153373,FALSE,so2,M2b: SDID Centro (Bel. in pool),SDID,2023-05-29
2023w23,2.1705124913463774,1.4644606767078328,0.7060518146385446,FALSE,so2,M2b: SDID Centro (Bel. in pool),SDID,2023-06-05
2023w24,1.839046463854813,1.3091362119169188,0.5299102519378942,FALSE,so2,M2b: SDID Centro (Bel. in pool),SDID,2023-06-12
2023w25,1.5438822518792965,1.4032793263651104,0.14060292551418607,FALSE,so2,M2b: SDID Centro (Bel. in pool),SDID,2023-06-19
2023w26,1.699534950008983,1.4572259031308379,0.24230904687814503,FALSE,so2,M2b: SDID Centro (Bel. in pool),SDID,2023-06-26
2023w27,2.083943580562962,1.3368036333478817,0.7471399472150801,FALSE,so2,M2b: SDID Centro (Bel. in pool),SDID,2023-07-03
2023w28,1.8108520441277802,1.3800841802139086,0.4307678639138717,FALSE,so2,M2b: SDID Centro (Bel. in pool),SDID,2023-07-10
2023w29,1.2452268632654122,1.2484850064083852,-0.0032581431429730134,FALSE,so2,M2b: SDID Centro (Bel. in pool),SDID,2023-07-17
2023w30,1.5051434114715314,1.2192784002767618,0.2858650111947696,FALSE,so2,M2b: SDID Centro (Bel. in pool),SDID,2023-07-24
2023w31,1.0348470854755951,1.203133660139039,-0.16828657466344388,FALSE,so2,M2b: SDID Centro (Bel. in pool),SDID,2023-07-31
2023w32,0.9779904210271199,1.3650579493352604,-0.3870675283081405,FALSE,so2,M2b: SDID Centro (Bel. in pool),SDID,2023-08-07
2023w33,1.624034187709595,1.5008870447814737,0.12314714292812123,FALSE,so2,M2b: SDID Centro (Bel. in pool),SDID,2023-08-14
2023w34,1.6881339179653003,1.3946678195277746,0.2934660984375257,FALSE,so2,M2b: SDID Centro (Bel. in pool),SDID,2023-08-21
2023w35,0.8773043741497513,1.404217999197706,-0.5269136250479547,FALSE,so2,M2b: SDID Centro (Bel. in pool),SDID,2023-08-28
2023w36,0.8243670651612482,1.4344134272649995,-0.6100463621037513,FALSE,so2,M2b: SDID Centro (Bel. in pool),SDID,2023-09-04
2023w37,0.8304883156866809,1.5461406174133097,-0.7156523017266287,FALSE,so2,M2b: SDID Centro (Bel. in pool),SDID,2023-09-11
2023w38,1.152302732320507,1.3477295465262649,-0.1954268142057578,FALSE,so2,M2b: SDID Centro (Bel. in pool),SDID,2023-09-18
2023w39,1.36168211796699,1.4226163355514536,-0.0609342175844636,FALSE,so2,M2b: SDID Centro (Bel. in pool),SDID,2023-09-25
2023w40,1.6787493140965144,1.3882869238130675,0.2904623902834469,FALSE,so2,M2b: SDID Centro (Bel. in pool),SDID,2023-10-02
2023w41,1.259661864035719,1.5272299249505044,-0.26756806091478547,FALSE,so2,M2b: SDID Centro (Bel. in pool),SDID,2023-10-09
2023w42,1.3360892623490024,1.5835405166472913,-0.24745125429828896,FALSE,so2,M2b: SDID Centro (Bel. in pool),SDID,2023-10-16
2023w43,1.4779010321231472,1.4818461959381322,-0.003945163814984998,FALSE,so2,M2b: SDID Centro (Bel. in pool),SDID,2023-10-23
2023w44,2.1457516161461427,1.4107475307466864,0.7350040853994564,FALSE,so2,M2b: SDID Centro (Bel. in pool),SDID,2023-10-30
2023w45,0.8211958864373421,1.2614406600781294,-0.4402447736407873,FALSE,so2,M2b: SDID Centro (Bel. in pool),SDID,2023-11-06
2023w46,1.4492370613458503,1.2619426358680659,0.1872944254777844,FALSE,so2,M2b: SDID Centro (Bel. in pool),SDID,2023-11-13
2023w47,1.491335642674666,1.3407561677452071,0.1505794749294589,FALSE,so2,M2b: SDID Centro (Bel. in pool),SDID,2023-11-20
2023w48,1.722728006367475,1.5339947661128244,0.18873324025465066,TRUE,so2,M2b: SDID Centro (Bel. in pool),SDID,2023-11-27
2023w49,1.3931883392150766,1.4756035683648006,-0.08241522914972399,TRUE,so2,M2b: SDID Centro (Bel. in pool),SDID,2023-12-04
2023w50,1.9372826314397533,1.4361386800917906,0.5011439513479627,TRUE,so2,M2b: SDID Centro (Bel. in pool),SDID,2023-12-11
2023w51,1.3352907388127913,1.3387932364473363,-0.003502497634545021,TRUE,so2,M2b: SDID Centro (Bel. in pool),SDID,2023-12-18
2023w52,1.2088220034846018,0.8125053992533582,0.3963166042312436,TRUE,so2,M2b: SDID Centro (Bel. in pool),SDID,2023-12-25
2024w01,1.8360965061766552,1.4712591162850204,0.36483738989163483,TRUE,so2,M2b: SDID Centro (Bel. in pool),SDID,2024-01-01
2024w02,1.5960176559414594,1.3225232736120207,0.2734943823294387,TRUE,so2,M2b: SDID Centro (Bel. in pool),SDID,2024-01-08
2024w03,1.684208711300021,1.095301829302702,0.5889068819973191,TRUE,so2,M2b: SDID Centro (Bel. in pool),SDID,2024-01-15
2024w04,1.0967552799244693,1.016984125978505,0.07977115394596423,TRUE,so2,M2b: SDID Centro (Bel. in pool),SDID,2024-01-22
2024w05,1.4530183278725999,1.2706739695242126,0.18234435834838725,TRUE,so2,M2b: SDID Centro (Bel. in pool),SDID,2024-01-29
2024w06,1.5571700636184846,1.5433616801926624,0.013808383425822246,TRUE,so2,M2b: SDID Centro (Bel. in pool),SDID,2024-02-05
2024w07,1.106829220241581,0.836004206944079,0.2708250132975021,TRUE,so2,M2b: SDID Centro (Bel. in pool),SDID,2024-02-12
2024w08,1.4021886054594959,1.3175127531736497,0.08467585228584618,TRUE,so2,M2b: SDID Centro (Bel. in pool),SDID,2024-02-19
2024w09,2.0836914637290143,1.4863893027882071,0.5973021609408071,TRUE,so2,M2b: SDID Centro (Bel. in pool),SDID,2024-02-26
2024w10,1.9686492676513216,1.6543463169949328,0.3143029506563888,TRUE,so2,M2b: SDID Centro (Bel. in pool),SDID,2024-03-04
2024w11,1.7691529054916493,1.5111223896409478,0.25803051585070147,TRUE,so2,M2b: SDID Centro (Bel. in pool),SDID,2024-03-11
2024w12,1.9270653784724772,1.7474328025556052,0.17963257591687198,TRUE,so2,M2b: SDID Centro (Bel. in pool),SDID,2024-03-18
2024w13,2.23275615588822,1.7638556163934898,0.4689005394947301,TRUE,so2,M2b: SDID Centro (Bel. in pool),SDID,2024-03-25
2024w14,2.4530434350116734,1.6808653607888102,0.7721780742228632,TRUE,so2,M2b: SDID Centro (Bel. in pool),SDID,2024-04-01
2024w15,1.8237753455970125,1.7277300272571925,0.09604531833982,TRUE,so2,M2b: SDID Centro (Bel. in pool),SDID,2024-04-08
2024w16,1.9506189945176586,1.8466257089711864,0.10399328554647225,TRUE,so2,M2b: SDID Centro (Bel. in pool),SDID,2024-04-15
2024w17,1.9803938427318317,1.8372788683187085,0.14311497441312326,TRUE,so2,M2b: SDID Centro (Bel. in pool),SDID,2024-04-22
2024w18,1.7546083415702645,1.757819803318872,-0.003211461748607647,TRUE,so2,M2b: SDID Centro (Bel. in pool),SDID,2024-04-29
2024w19,2.153789621108669,1.9651187556055085,0.1886708655031606,TRUE,so2,M2b: SDID Centro (Bel. in pool),SDID,2024-05-06
2024w20,2.0865241545193784,2.2221784821973922,-0.13565432767801378,TRUE,so2,M2b: SDID Centro (Bel. in pool),SDID,2024-05-13
2024w21,1.2011302880730272,1.7814771445326323,-0.580346856459605,TRUE,so2,M2b: SDID Centro (Bel. in pool),SDID,2024-05-20
2024w22,1.0349487832571798,1.5050654480275494,-0.4701166647703696,TRUE,so2,M2b: SDID Centro (Bel. in pool),SDID,2024-05-27
2024w23,1.1460720291684217,1.4751597878969531,-0.32908775872853147,TRUE,so2,M2b: SDID Centro (Bel. in pool),SDID,2024-06-03
2024w24,1.5194636778062283,1.5033489151480866,0.016114762658141712,TRUE,so2,M2b: SDID Centro (Bel. in pool),SDID,2024-06-10
2024w25,1.512048469808724,1.8873671794330076,-0.3753187096242836,TRUE,so2,M2b: SDID Centro (Bel. in pool),SDID,2024-06-17
2024w26,1.5550053605890892,1.57854694494543,-0.023541584356340683,TRUE,so2,M2b: SDID Centro (Bel. in pool),SDID,2024-06-24
2024w27,1.6008576582001117,1.621533873799484,-0.020676215599372272,TRUE,so2,M2b: SDID Centro (Bel. in pool),SDID,2024-07-01
2024w28,1.403058749734388,1.8414753972865399,-0.4384166475521518,TRUE,so2,M2b: SDID Centro (Bel. in pool),SDID,2024-07-08
2024w29,1.0866306167276492,1.4386602188019166,-0.3520296020742675,TRUE,so2,M2b: SDID Centro (Bel. in pool),SDID,2024-07-15
2024w30,1.3819060842945161,1.7177089764942806,-0.33580289219976445,TRUE,so2,M2b: SDID Centro (Bel. in pool),SDID,2024-07-22
2024w31,1.4365042509566306,1.567281243545673,-0.13077699258904252,TRUE,so2,M2b: SDID Centro (Bel. in pool),SDID,2024-07-29
2024w32,1.657571139044095,1.8867268975651046,-0.22915575852100956,TRUE,so2,M2b: SDID Centro (Bel. in pool),SDID,2024-08-05
2024w33,1.421672803044209,1.4518317720612788,-0.030158969017069825,TRUE,so2,M2b: SDID Centro (Bel. in pool),SDID,2024-08-12
2024w34,1.781987890453352,1.3518958565288166,0.4300920339245353,TRUE,so2,M2b: SDID Centro (Bel. in pool),SDID,2024-08-19
2024w35,1.8278023450993937,1.4454597087184944,0.38234263638089927,TRUE,so2,M2b: SDID Centro (Bel. in pool),SDID,2024-08-26
2024w36,1.2315529812165509,1.5495894965273191,-0.31803651531076826,TRUE,so2,M2b: SDID Centro (Bel. in pool),SDID,2024-09-02
2024w37,1.1186866932010395,1.1418668143721067,-0.02318012117106716,TRUE,so2,M2b: SDID Centro (Bel. in pool),SDID,2024-09-09
2024w52,2.3577653874623232,1.4058649629453452,0.951900424516978,TRUE,so2,M2b: SDID Centro (Bel. in pool),SDID,2024-12-23
2025w01,2.026424037008439,1.1769456093932351,0.8494784276152039,TRUE,so2,M2b: SDID Centro (Bel. in pool),SDID,2024-12-30
2025w02,2.1023127606563667,1.4612334549262584,0.6410793057301083,TRUE,so2,M2b: SDID Centro (Bel. in pool),SDID,2025-01-06
2025w03,2.017857727225822,1.5235340307391831,0.4943236964866389,TRUE,so2,M2b: SDID Centro (Bel. in pool),SDID,2025-01-13
2025w04,1.900871199514276,1.5891727970392804,0.3116984024749956,TRUE,so2,M2b: SDID Centro (Bel. in pool),SDID,2025-01-20
2025w05,2.1151439547149264,1.338830496393126,0.7763134583218005,TRUE,so2,M2b: SDID Centro (Bel. in pool),SDID,2025-01-27
2025w06,2.5869481678396067,1.596593644225236,0.9903545236143707,TRUE,so2,M2b: SDID Centro (Bel. in pool),SDID,2025-02-03
2025w07,2.0722025840664298,1.0489072592752158,1.023295324791214,TRUE,so2,M2b: SDID Centro (Bel. in pool),SDID,2025-02-10
2025w08,1.5674832201752762,0.8869137633103039,0.6805694568649723,TRUE,so2,M2b: SDID Centro (Bel. in pool),SDID,2025-02-17
2025w09,1.654519099226757,1.0832619492375166,0.5712571499892405,TRUE,so2,M2b: SDID Centro (Bel. in pool),SDID,2025-02-24
2025w10,1.8759021940992966,1.0132964402385998,0.8626057538606968,TRUE,so2,M2b: SDID Centro (Bel. in pool),SDID,2025-03-03
2025w11,2.193935674666322,1.3140133733432067,0.8799223013231154,TRUE,so2,M2b: SDID Centro (Bel. in pool),SDID,2025-03-10
2025w12,1.5358411054917602,1.166260538826121,0.3695805666656393,TRUE,so2,M2b: SDID Centro (Bel. in pool),SDID,2025-03-17
2025w13,1.5203938770507648,1.3948708677812323,0.12552300926953253,TRUE,so2,M2b: SDID Centro (Bel. in pool),SDID,2025-03-24
2025w14,0.615492184793807,1.2454170717499766,-0.6299248869561697,TRUE,so2,M2b: SDID Centro (Bel. in pool),SDID,2025-03-31
2025w15,0.4787847025582974,1.1332962978840873,-0.6545115953257898,TRUE,so2,M2b: SDID Centro (Bel. in pool),SDID,2025-04-07
2025w16,1.0307111293047129,1.0465942319526478,-0.01588310264793491,TRUE,so2,M2b: SDID Centro (Bel. in pool),SDID,2025-04-14
2025w17,1.4814919930718762,1.2429351187148976,0.2385568743569786,TRUE,so2,M2b: SDID Centro (Bel. in pool),SDID,2025-04-21
2025w18,1.7908936618956488,1.1020098393442463,0.6888838225514025,TRUE,so2,M2b: SDID Centro (Bel. in pool),SDID,2025-04-28
2025w19,1.4919061111922822,1.3294906732675489,0.16241543792473334,TRUE,so2,M2b: SDID Centro (Bel. in pool),SDID,2025-05-05
2025w20,1.9130320409943207,1.0668464058344806,0.84618563515984,TRUE,so2,M2b: SDID Centro (Bel. in pool),SDID,2025-05-12
2025w21,1.4663864226359342,1.2464136268046588,0.21997279583127538,TRUE,so2,M2b: SDID Centro (Bel. in pool),SDID,2025-05-19
2025w22,1.8283990750327601,1.1144254136453724,0.7139736613873877,TRUE,so2,M2b: SDID Centro (Bel. in pool),SDID,2025-05-26
2025w23,2.33897897778988,1.277186184302456,1.0617927934874243,TRUE,so2,M2b: SDID Centro (Bel. in pool),SDID,2025-06-02
2025w24,1.923807732634796,1.386753154650051,0.5370545779847451,TRUE,so2,M2b: SDID Centro (Bel. in pool),SDID,2025-06-09
2025w25,1.4967104684227954,1.283943376895956,0.21276709152683937,TRUE,so2,M2b: SDID Centro (Bel. in pool),SDID,2025-06-16
2022w48,1.7136893193665383,1.3462815935304167,0.3674077258361217,FALSE,so2,M3: SDID Belisario (Centro dropped),SDID,2022-11-28
2022w49,1.9021803079572817,1.8095266941382975,0.09265361381898418,FALSE,so2,M3: SDID Belisario (Centro dropped),SDID,2022-12-05
2022w50,1.7969510398300172,1.648995994864454,0.14795504496556333,FALSE,so2,M3: SDID Belisario (Centro dropped),SDID,2022-12-12
2022w51,1.6484739006319777,1.483233897352062,0.16524000327991573,FALSE,so2,M3: SDID Belisario (Centro dropped),SDID,2022-12-19
2022w52,1.224637540460146,1.5637807774073336,-0.3391432369471876,FALSE,so2,M3: SDID Belisario (Centro dropped),SDID,2022-12-26
2023w01,1.6383341621994476,1.612142146333585,0.026192015865862617,FALSE,so2,M3: SDID Belisario (Centro dropped),SDID,2023-01-02
2023w02,1.3735973323581088,1.571622740717016,-0.19802540835890725,FALSE,so2,M3: SDID Belisario (Centro dropped),SDID,2023-01-09
2023w03,1.4177459309814664,1.4333279648183375,-0.015582033836871068,FALSE,so2,M3: SDID Belisario (Centro dropped),SDID,2023-01-16
2023w04,1.32497448249308,1.648286551718974,-0.32331206922589395,FALSE,so2,M3: SDID Belisario (Centro dropped),SDID,2023-01-23
2023w05,1.8104763738927276,1.6001195561655808,0.21035681772714687,FALSE,so2,M3: SDID Belisario (Centro dropped),SDID,2023-01-30
2023w06,1.8805860005978037,1.7332699587437488,0.1473160418540549,FALSE,so2,M3: SDID Belisario (Centro dropped),SDID,2023-02-06
2023w07,2.0366932640986515,1.5404794668741972,0.49621379722445424,FALSE,so2,M3: SDID Belisario (Centro dropped),SDID,2023-02-13
2023w08,1.6052286503239073,1.4759084973344323,0.12932015298947497,FALSE,so2,M3: SDID Belisario (Centro dropped),SDID,2023-02-20
2023w09,1.9739243912513236,1.723102533657643,0.2508218575936805,FALSE,so2,M3: SDID Belisario (Centro dropped),SDID,2023-02-27
2023w10,1.705405704185734,1.415656542620733,0.28974916156500097,FALSE,so2,M3: SDID Belisario (Centro dropped),SDID,2023-03-06
2023w11,1.5709484917766503,1.4859295288725984,0.08501896290405186,FALSE,so2,M3: SDID Belisario (Centro dropped),SDID,2023-03-13
2023w12,1.5803311760307013,1.3983804388081997,0.18195073722250155,FALSE,so2,M3: SDID Belisario (Centro dropped),SDID,2023-03-20
2023w13,1.5523594760986705,0.9605834118152266,0.591776064283444,FALSE,so2,M3: SDID Belisario (Centro dropped),SDID,2023-03-27
2023w14,1.5510145966343163,1.1693275191315682,0.3816870775027481,FALSE,so2,M3: SDID Belisario (Centro dropped),SDID,2023-04-03
2023w15,1.5962358849754847,1.161283973299625,0.4349519116758598,FALSE,so2,M3: SDID Belisario (Centro dropped),SDID,2023-04-10
2023w16,1.5730464748256585,1.105081542506947,0.4679649323187116,FALSE,so2,M3: SDID Belisario (Centro dropped),SDID,2023-04-17
2023w17,1.8713561008987245,1.5053892094681163,0.36596689143060823,FALSE,so2,M3: SDID Belisario (Centro dropped),SDID,2023-04-24
2023w18,1.3029656080740524,1.2029157116653773,0.10004989640867512,FALSE,so2,M3: SDID Belisario (Centro dropped),SDID,2023-05-01
2023w19,1.4433289166579308,1.3340936202391016,0.10923529641882923,FALSE,so2,M3: SDID Belisario (Centro dropped),SDID,2023-05-08
2023w20,1.8996713157623675,1.331603969205393,0.5680673465569746,FALSE,so2,M3: SDID Belisario (Centro dropped),SDID,2023-05-15
2023w21,1.702012918217591,1.2331041391473248,0.4689087790702662,FALSE,so2,M3: SDID Belisario (Centro dropped),SDID,2023-05-22
2023w22,1.6953251567343863,1.2612722641712202,0.43405289256316615,FALSE,so2,M3: SDID Belisario (Centro dropped),SDID,2023-05-29
2023w23,1.84498218573546,1.3413502990692505,0.5036318866662095,FALSE,so2,M3: SDID Belisario (Centro dropped),SDID,2023-06-05
2023w24,1.5277465695603991,1.2477646104276905,0.2799819591327086,FALSE,so2,M3: SDID Belisario (Centro dropped),SDID,2023-06-12
2023w25,1.5962355482320998,1.3581343668469907,0.23810118138510905,FALSE,so2,M3: SDID Belisario (Centro dropped),SDID,2023-06-19
2023w26,1.683924011614814,1.3984439489031086,0.28548006271170534,FALSE,so2,M3: SDID Belisario (Centro dropped),SDID,2023-06-26
2023w27,1.654323206456835,1.2486749869401903,0.40564821951664465,FALSE,so2,M3: SDID Belisario (Centro dropped),SDID,2023-07-03
2023w28,1.5360881526060886,1.3165741737973462,0.21951397880874235,FALSE,so2,M3: SDID Belisario (Centro dropped),SDID,2023-07-10
2023w29,1.4717688318297462,1.2240044385442235,0.2477643932855227,FALSE,so2,M3: SDID Belisario (Centro dropped),SDID,2023-07-17
2023w30,1.4555340875673097,1.1543292860816785,0.3012048014856312,FALSE,so2,M3: SDID Belisario (Centro dropped),SDID,2023-07-24
2023w31,1.3844166505905122,1.1787104360447511,0.2057062145457611,FALSE,so2,M3: SDID Belisario (Centro dropped),SDID,2023-07-31
2023w32,1.2937295164194635,1.3713893061043751,-0.0776597896849116,FALSE,so2,M3: SDID Belisario (Centro dropped),SDID,2023-08-07
2023w33,1.698454736722417,1.4288920341181912,0.26956270260422577,FALSE,so2,M3: SDID Belisario (Centro dropped),SDID,2023-08-14
2023w34,1.3983286490884417,1.3754353060096784,0.02289334307876323,FALSE,so2,M3: SDID Belisario (Centro dropped),SDID,2023-08-21
2023w35,1.3880027364259666,1.4192279555171088,-0.031225219091142176,FALSE,so2,M3: SDID Belisario (Centro dropped),SDID,2023-08-28
2023w36,1.4187271996846602,1.4493311733485907,-0.030603973663930528,FALSE,so2,M3: SDID Belisario (Centro dropped),SDID,2023-09-04
2023w37,1.4013387059619697,1.5885080606541897,-0.18716935469221996,FALSE,so2,M3: SDID Belisario (Centro dropped),SDID,2023-09-11
2023w38,1.1585108696034225,1.405193515054382,-0.24668264545095941,FALSE,so2,M3: SDID Belisario (Centro dropped),SDID,2023-09-18
2023w39,1.1950309555832714,1.4552846072663754,-0.260253651683104,FALSE,so2,M3: SDID Belisario (Centro dropped),SDID,2023-09-25
2023w40,1.4177950055732544,1.3721767833258216,0.04561822224743284,FALSE,so2,M3: SDID Belisario (Centro dropped),SDID,2023-10-02
2023w41,1.011386552520172,1.6470073601813606,-0.6356208076611887,FALSE,so2,M3: SDID Belisario (Centro dropped),SDID,2023-10-09
2023w42,1.4840300237154196,1.587651849356424,-0.10362182564100442,FALSE,so2,M3: SDID Belisario (Centro dropped),SDID,2023-10-16
2023w43,1.1851808406005033,1.5552346395039112,-0.37005379890340784,FALSE,so2,M3: SDID Belisario (Centro dropped),SDID,2023-10-23
2023w44,1.3966610591679423,1.3933842836389405,0.003276775529001741,FALSE,so2,M3: SDID Belisario (Centro dropped),SDID,2023-10-30
2023w45,1.2098498263073123,1.2730601977980167,-0.06321037149070441,FALSE,so2,M3: SDID Belisario (Centro dropped),SDID,2023-11-06
2023w46,1.2919655978676639,1.228867443643675,0.06309815422398879,FALSE,so2,M3: SDID Belisario (Centro dropped),SDID,2023-11-13
2023w47,1.1118439315847455,1.3688997145637245,-0.257055782978979,FALSE,so2,M3: SDID Belisario (Centro dropped),SDID,2023-11-20
2023w48,1.1873296651149858,1.5702396344011327,-0.38290996928614685,TRUE,so2,M3: SDID Belisario (Centro dropped),SDID,2023-11-27
2023w49,1.1042204933973279,1.5522676674482616,-0.44804717405093375,TRUE,so2,M3: SDID Belisario (Centro dropped),SDID,2023-12-04
2023w50,1.344718959776031,1.4231231240045121,-0.07840416422848118,TRUE,so2,M3: SDID Belisario (Centro dropped),SDID,2023-12-11
2023w51,1.2763543616157822,1.3563257779784168,-0.0799714163626346,TRUE,so2,M3: SDID Belisario (Centro dropped),SDID,2023-12-18
2023w52,0.8064279847982301,0.8174360848839459,-0.011008100085715844,TRUE,so2,M3: SDID Belisario (Centro dropped),SDID,2023-12-25
2024w01,1.2924602885457532,1.5053413182377502,-0.21288102969199696,TRUE,so2,M3: SDID Belisario (Centro dropped),SDID,2024-01-01
2024w02,1.2288594786778557,1.3330018697856105,-0.1041423911077548,TRUE,so2,M3: SDID Belisario (Centro dropped),SDID,2024-01-08
2024w03,0.7610356808783503,1.1790786990606827,-0.41804301818233247,TRUE,so2,M3: SDID Belisario (Centro dropped),SDID,2024-01-15
2024w04,0.93502791657435,1.0349449374969815,-0.09991702092263144,TRUE,so2,M3: SDID Belisario (Centro dropped),SDID,2024-01-22
2024w05,1.1492780008358956,1.302738491231728,-0.15346049039583232,TRUE,so2,M3: SDID Belisario (Centro dropped),SDID,2024-01-29
2024w06,1.1828557872847616,1.6261123368583006,-0.443256549573539,TRUE,so2,M3: SDID Belisario (Centro dropped),SDID,2024-02-05
2024w07,0.5784678367041229,0.9174660522745265,-0.33899821557040355,TRUE,so2,M3: SDID Belisario (Centro dropped),SDID,2024-02-12
2024w08,1.1286642058981589,1.3525352045388184,-0.2238709986406595,TRUE,so2,M3: SDID Belisario (Centro dropped),SDID,2024-02-19
2024w09,1.482903720960161,1.4742707532595103,0.008632967700650696,TRUE,so2,M3: SDID Belisario (Centro dropped),SDID,2024-02-26
2024w10,1.543386670121182,1.6718640472592328,-0.12847737713805074,TRUE,so2,M3: SDID Belisario (Centro dropped),SDID,2024-03-04
2024w11,1.4001972130844595,1.5313941289984405,-0.13119691591398097,TRUE,so2,M3: SDID Belisario (Centro dropped),SDID,2024-03-11
2024w12,1.6929307123301065,1.7508335890663744,-0.05790287673626793,TRUE,so2,M3: SDID Belisario (Centro dropped),SDID,2024-03-18
2024w13,1.8444207534562447,1.72807566544519,0.11634508801105459,TRUE,so2,M3: SDID Belisario (Centro dropped),SDID,2024-03-25
2024w14,1.6055107261191692,1.7033270748492861,-0.09781634873011691,TRUE,so2,M3: SDID Belisario (Centro dropped),SDID,2024-04-01
2024w15,1.455818773054136,1.7858800421552927,-0.33006126910115663,TRUE,so2,M3: SDID Belisario (Centro dropped),SDID,2024-04-08
2024w16,1.6243873475819042,1.9140420316212723,-0.2896546840393681,TRUE,so2,M3: SDID Belisario (Centro dropped),SDID,2024-04-15
2024w17,1.5972844492360028,1.8893233200602653,-0.2920388708242625,TRUE,so2,M3: SDID Belisario (Centro dropped),SDID,2024-04-22
2024w18,1.7950273804889698,1.7385166769139406,0.056510703575029186,TRUE,so2,M3: SDID Belisario (Centro dropped),SDID,2024-04-29
2024w19,1.8711177646922013,1.9895574854066778,-0.1184397207144765,TRUE,so2,M3: SDID Belisario (Centro dropped),SDID,2024-05-06
2024w20,2.385318402515042,2.166360547492097,0.21895785502294496,TRUE,so2,M3: SDID Belisario (Centro dropped),SDID,2024-05-13
2024w21,1.707587305744431,1.7849878360495843,-0.07740053030515326,TRUE,so2,M3: SDID Belisario (Centro dropped),SDID,2024-05-20
2024w22,1.3075006329656422,1.5586525297704852,-0.25115189680484296,TRUE,so2,M3: SDID Belisario (Centro dropped),SDID,2024-05-27
2024w23,1.8048252872607047,1.4006035163581312,0.4042217709025735,TRUE,so2,M3: SDID Belisario (Centro dropped),SDID,2024-06-03
2024w24,1.927765533961026,1.3995570406236102,0.5282084933374158,TRUE,so2,M3: SDID Belisario (Centro dropped),SDID,2024-06-10
2024w25,1.9953986108195167,1.8555985399063015,0.13980007091321522,TRUE,so2,M3: SDID Belisario (Centro dropped),SDID,2024-06-17
2024w26,1.6188636778680412,1.5634972248232268,0.05536645304481436,TRUE,so2,M3: SDID Belisario (Centro dropped),SDID,2024-06-24
2024w27,1.5238897868966415,1.6516765610434443,-0.12778677414680284,TRUE,so2,M3: SDID Belisario (Centro dropped),SDID,2024-07-01
2024w28,1.5926084540841827,1.8845935713990507,-0.291985117314868,TRUE,so2,M3: SDID Belisario (Centro dropped),SDID,2024-07-08
2024w29,1.3979894324619981,1.4676938873204484,-0.06970445485845023,TRUE,so2,M3: SDID Belisario (Centro dropped),SDID,2024-07-15
2024w30,1.6080984529702784,1.7570018771897389,-0.14890342421946046,TRUE,so2,M3: SDID Belisario (Centro dropped),SDID,2024-07-22
2024w31,1.6399754768219277,1.5590507007091245,0.08092477611280313,TRUE,so2,M3: SDID Belisario (Centro dropped),SDID,2024-07-29
2024w32,1.7943630537656634,1.8950869581155856,-0.10072390434992218,TRUE,so2,M3: SDID Belisario (Centro dropped),SDID,2024-08-05
2024w33,1.373119536690507,1.5086805996246477,-0.13556106293414083,TRUE,so2,M3: SDID Belisario (Centro dropped),SDID,2024-08-12
2024w34,1.3370798371986805,1.3731509215781572,-0.0360710843794767,TRUE,so2,M3: SDID Belisario (Centro dropped),SDID,2024-08-19
2024w35,1.443538896395722,1.4728726757473323,-0.02933377935161019,TRUE,so2,M3: SDID Belisario (Centro dropped),SDID,2024-08-26
2024w36,1.3141461621624448,1.630169314260041,-0.31602315209759624,TRUE,so2,M3: SDID Belisario (Centro dropped),SDID,2024-09-02
2024w37,1.1477057138278939,1.1760735437907137,-0.028367829962819835,TRUE,so2,M3: SDID Belisario (Centro dropped),SDID,2024-09-09
2024w52,1.8266926703502002,1.2884456977467074,0.5382469726034929,TRUE,so2,M3: SDID Belisario (Centro dropped),SDID,2024-12-23
2025w01,1.5961336295444175,1.0589132809989341,0.5372203485454834,TRUE,so2,M3: SDID Belisario (Centro dropped),SDID,2024-12-30
2025w02,1.7477877069543497,1.3708145898357358,0.3769731171186139,TRUE,so2,M3: SDID Belisario (Centro dropped),SDID,2025-01-06
2025w03,1.636941862310103,1.5065614215480192,0.13038044076208388,TRUE,so2,M3: SDID Belisario (Centro dropped),SDID,2025-01-13
2025w04,1.5911107693925888,1.5774470714810636,0.013663697911525219,TRUE,so2,M3: SDID Belisario (Centro dropped),SDID,2025-01-20
2025w05,1.5902940088157098,1.2303393042774011,0.3599547045383087,TRUE,so2,M3: SDID Belisario (Centro dropped),SDID,2025-01-27
2025w06,1.8306772946377012,1.5170221520689375,0.3136551425687637,TRUE,so2,M3: SDID Belisario (Centro dropped),SDID,2025-02-03
2025w07,0.5528194119711557,1.199834716757115,-0.6470153047859594,TRUE,so2,M3: SDID Belisario (Centro dropped),SDID,2025-02-10
2025w08,0.6210449175140196,0.959444900008934,-0.33839998249491443,TRUE,so2,M3: SDID Belisario (Centro dropped),SDID,2025-02-17
2025w09,0.8297282863129551,1.1344808198388843,-0.3047525335259291,TRUE,so2,M3: SDID Belisario (Centro dropped),SDID,2025-02-24
2025w10,0.6185589467774862,1.1113499233928552,-0.49279097661536897,TRUE,so2,M3: SDID Belisario (Centro dropped),SDID,2025-03-03
2025w11,0.9270483846404265,1.4154036412955786,-0.4883552566551521,TRUE,so2,M3: SDID Belisario (Centro dropped),SDID,2025-03-10
2025w12,0.9616837441719767,1.207378279216316,-0.24569453504433925,TRUE,so2,M3: SDID Belisario (Centro dropped),SDID,2025-03-17
2025w13,1.2571370607552823,1.4272839856528594,-0.1701469248975771,TRUE,so2,M3: SDID Belisario (Centro dropped),SDID,2025-03-24
2025w14,1.1639035558813111,1.2814341209304052,-0.1175305650490941,TRUE,so2,M3: SDID Belisario (Centro dropped),SDID,2025-03-31
2025w15,1.016191450955383,1.1807528746033749,-0.16456142364799176,TRUE,so2,M3: SDID Belisario (Centro dropped),SDID,2025-04-07
2025w16,0.916644393080571,1.0823417298364257,-0.16569733675585474,TRUE,so2,M3: SDID Belisario (Centro dropped),SDID,2025-04-14
2025w17,1.3095739353709472,1.2260184587279424,0.08355547664300489,TRUE,so2,M3: SDID Belisario (Centro dropped),SDID,2025-04-21
2025w18,1.2262643301901655,1.080848415221023,0.14541591496914252,TRUE,so2,M3: SDID Belisario (Centro dropped),SDID,2025-04-28
2025w19,1.1700663902828081,1.3708778105887633,-0.20081142030595522,TRUE,so2,M3: SDID Belisario (Centro dropped),SDID,2025-05-05
2025w20,1.3339529417941973,0.9979241187721478,0.3360288230220495,TRUE,so2,M3: SDID Belisario (Centro dropped),SDID,2025-05-12
2025w21,0.9749968096478283,1.3009073898551569,-0.32591058020732855,TRUE,so2,M3: SDID Belisario (Centro dropped),SDID,2025-05-19
2025w22,1.0257598907814987,1.1306678180883163,-0.10490792730681764,TRUE,so2,M3: SDID Belisario (Centro dropped),SDID,2025-05-26
2025w23,1.3313830285964037,1.268872140213014,0.06251088838338958,TRUE,so2,M3: SDID Belisario (Centro dropped),SDID,2025-06-02
2025w24,1.4104656682959065,1.3770105739780112,0.033455094317895284,TRUE,so2,M3: SDID Belisario (Centro dropped),SDID,2025-06-09
2025w25,0.9122947267983856,1.380736315770808,-0.4684415889724223,TRUE,so2,M3: SDID Belisario (Centro dropped),SDID,2025-06-16
