ID_UC_G0,city_name,country,area_km2,population,elevation_m,temp_annual_mean,temp_seasonality,temp_annual_range,precip_annual,log_population,log_area,road_density,avg_building_height,nox_per_capita,pm25_per_capita,nox_transport_share,gdp_avg,hdi,pop_density,mahal_dist_primary,mahal_dist_extended,mahal_dist_minimal,rank_primary,rank_extended,rank_minimal
2544,Quito,Ecuador,380,2605678.13,2800.74,14.447,40.842,8.176,3805.022,14.773203517910634,5.940171252720432,0.021271669,11.03598003,0.004924338910248673,0.0007165286907174525,59.8106926242897,84413849.6,0.744,6857.047710526315,0.0,0.0,0.0,0.0,0.0,0.0
2249,Cuenca,Ecuador,89,506176.672,2601.07,15.708,66.872,11.515,1453.21,13.134641041479675,4.48863636973214,0.018654901,8.290560285,0.005754708319904557,0.0007942087688169872,76.8441253464593,70496608.71,0.744,5687.378337078652,2.643587598082538,2.84245803409652,2.38538534262646,1.0,1.0,5.0
518,Pasto,Colombia,37,352415.4738,2630.61,14.916,52.691,9.379,2623.652,12.772566081841791,3.6109179126442243,0.0173773,8.962978957,0.004617499927019379,0.0015019587361575157,77.8030013117489,65862353.45,0.712,9524.742535135134,2.9059253201317072,3.025915069315537,2.7718524420223623,2.0,2.0,16.0
5853,Puebla,México,375,1949859.502,2173.91,20.975,181.257,16.768,1380.895,14.483267877687775,5.926926025970411,0.020847481,8.92669796,0.0068279138620470714,0.0010946790956202954,67.413259634832,67452221.79,0.719861143,5199.625338666667,2.9176666317651536,3.053236442812928,2.335324073675841,3.0,3.0,3.0
3386,Cusco,Peru,64,517707.4456,3417.77,9.106,76.271,13.071,1589.797,13.157165584861133,4.1588830833596715,0.02088834,10.506079,0.0036669416063967075,0.001468824581695373,80.7795165434848,88355334.65,0.701,8089.1788375,2.965579567665761,3.103030394568907,2.92616851039769,4.0,4.0,25.0
6183,Oaxaca de Juárez,México,124,510651.7887,1585.13,18.939,157.155,17.234,929.583,13.143443205790671,4.820281565605037,0.019348832,9.286984166,0.003428682033939971,0.0008260915155744758,74.970398583404,34839113.14,0.687,4118.159586290322,3.0188454320521054,3.2722700871197934,2.9950186369859564,5.0,6.0,30.0
212,La Paz,Bolivia,291,2063632.692,3867.62,8.573,139.223,15.504,1010.276,14.539978430444629,5.673323267171493,0.023919168,9.146919907,0.0030926822934223995,0.0012276616180114286,42.1849986378551,41902282.45,0.695,7091.521278350516,3.0257618417553043,3.4663173669570284,2.7121302296683574,6.0,9.0,13.0
2089,Guatemala City,Guatemala,470,2900618.853,1507.83,23.905,69.053,11.348,2409.655,14.880434669776884,6.152732694704104,0.014467861,9.48363995,0.006604848275631062,0.0068263230563957175,56.9251337590558,82070105.92,0.730004483,6171.529474468085,3.0649024481000886,3.4025571663322562,2.3839919862678074,7.0,7.0,4.0
5376,Cuernavaca,México,196,866396.3467,1449.16,21.35,188.408,17.008,1148.44,13.672097758016445,5.278114659230517,0.017869227,8.65541912,0.004703074901169825,0.0008698082580511417,78.5244347807055,47256112.97,0.754,4420.389523979592,3.177779904915057,3.5296172255314064,2.859284500403768,8.0,13.0,18.0
3105,Guadalajara,México,598,4138349.881,1581.05,19.307,227.762,17.311,1043.761,15.235807686878989,6.393590753950631,0.022199132,8.473045743,0.005972475724727153,0.0010958828563577417,67.0114485378596,133013064.8,0.765,6920.317526755853,3.206677746442213,3.6119049738989326,2.5588731777782265,9.0,17.0,7.0
3107,Ibagué,Colombia,57,514064.1783,1114.64,18.571,62.38,11.068,3391.07,13.150103397148715,4.04305126783455,0.01828477,8.262232123,0.006530583782847878,0.001385990063704075,86.0391754955316,91812274.42,0.736,9018.669794736843,3.2196025213818054,3.6065334292118614,3.1261176979629477,10.0,16.0,34.0
5793,Pachuca,México,74,326869.8644,2418.22,14.959,194.206,16.571,907.109,12.697317402473313,4.30406509320417,0.022395102,8.324821256,0.0034625314584674815,0.0011482753594889061,51.8093822335412,56157657.46,0.736,4417.16032972973,3.231648627638249,3.2600370948917226,2.94303916619661,11.0,5.0,27.0
2170,City of Loja,Ecuador,28,170979.2695,2132.89,16.484,54.99,9.212,1825.863,12.049297597141575,3.332204510175204,0.019022585,9.278688303,0.0121218611728833,0.0009053113499177747,91.3428235792952,43478062.55,0.744,6106.402482142857,3.2372252460822213,3.6323670462681834,3.2279360323828117,12.0,19.0,43.0
5097,Querétaro,México,169,908964.456,1861.07,18.64,240.154,19.267,775.068,13.72006127008487,5.1298987149230735,0.023723237,8.324959085,0.006018176252232903,0.001165329190020605,65.1496163918261,110929693.5,0.764,5378.4879053254435,3.2870722438481423,3.596724186352312,2.6410783194603,13.0,15.0,9.0
5855,Brasilia,Brazil,283,1799120.619,1147.59,22.898,139.37,14.204,1232.534,14.402808558489403,5.645446897643238,0.019360857,7.768929873,0.0075564074220806875,0.004236360217502454,41.4260511735244,165086779.5,0.82,6357.316674911661,3.3912617137866383,4.513481035978212,2.906405519193899,14.0,117.0,21.0
4364,Morelia,México,110,635587.9012,1928.51,20.076,190.999,16.472,1092.961,13.362305678221235,4.700480365792417,0.022450438,7.744012951,0.0032176439418667778,0.0008939961706165342,50.6981579428619,74249845.57,0.722,5778.071829090909,3.396267766948787,3.417697582562539,2.706948593159995,15.0,8.0,12.0
2545,Armenia,Colombia,35,322712.7703,1440.51,15.758,40.131,10.11,4684.615,12.684517950544935,3.5553480614894135,0.018406987,9.854507501,0.005892250384725479,0.0014274540947101777,83.1346454221188,80150215.8,0.773,9220.364865714286,3.399101641718904,3.577948905738162,3.3765445190305345,16.0,14.0,53.0
666,Cochabamba,Bolivia,293,1357547.955,2623.85,11.886,140.061,15.365,845.023,14.12119065613313,5.680172609017068,0.018695329,7.22888907,0.007235548519026717,0.003896804050844745,18.8498368460603,27309126.91,0.666,4633.269470989761,3.411838866963579,3.8443340316032826,2.3272869597247356,17.0,26.0,2.0
3440,Arequipa,Peru,166,1004835.002,2453.4,18.022,75.873,9.662,155.068,13.820333908882347,5.111987788356544,0.019799007,7.556026374,0.0030435945534638136,0.0018230348024709832,42.8238357698947,71598860.67,0.783,6053.222903614458,3.421636453543123,3.49439781894344,2.9400504881852654,18.0,11.0,26.0
6396,Xalapa,México,81,557330.8469,1374.54,13.44,179.91,12.786,1680.693,13.230914322644894,4.394449154672439,0.019741819,11.21897094,0.004254365357640857,0.0010544095214784352,66.8782210636077,97770972.51,0.72,6880.6277395061725,3.4328973434662977,3.615674698241782,3.199639672171694,19.0,18.0,40.0
5215,San Luis Potosí,México,173,1005068.069,1871.34,16.557,295.908,18.498,534.997,13.820565827529975,5.153291594497779,0.021874264,7.825452252,0.00596414755016956,0.0012827027705035966,54.8812941183915,119152940.6,0.737,5809.642017341041,3.4525646256786424,3.737155415530821,2.7148340258338806,20.0,22.0,15.0
2251,Pereira,Colombia,64,596362.7838,1398.03,20.288,40.001,7.391,6306.333,13.298604458517222,4.1588830833596715,0.019537576,10.01675497,0.005789558695974751,0.0014556775604715392,85.369561038316,85143632.84,0.751,9318.168496875,3.4547647290571977,3.64661366656459,3.277212685728974,21.0,21.0,46.0
2328,Riobamba,Ecuador,35,183174.1439,2778.0,15.072,63.399,9.769,5317.978,12.118192585344525,3.5553480614894135,0.019174829,7.325643893,0.006768157723263692,0.0008344368041400193,69.8922974224421,34167242.93,0.744,5233.546968571429,3.4583019775768573,3.48031844432913,2.8971947683171844,22.0,10.0,20.0
2738,Ibarra,Ecuador,38,166828.6139,2248.22,12.926,40.628,10.727,1938.705,12.024722300357492,3.6375861597263857,0.01714036,7.967741037,0.007064154610140294,0.0009263638973385968,68.3961365195483,29489865.14,0.744,4390.226681578947,3.4663628845492096,3.500909754163219,3.1594536349114053,23.0,12.0,36.0
2676,Medellín,Colombia,233,3215457.351,1657.88,19.716,58.232,12.539,2882.008,14.983480160901996,5.4510384535657,0.020995868,13.34996519,0.002792051917294735,0.001091055853394835,77.5313733427104,195265740.8,0.761,13800.2461416309,3.4809015541251282,4.442607727452332,2.6613087137372733,24.0,104.0,10.0
6350,Curitiba,Brazil,566,2512876.6,915.72,17.886,280.788,13.022,1725.03,14.736938710664266,6.338594078203183,0.016626555,9.33014717,0.01081107682780762,0.0053521308325745085,23.7910338559219,87363780.92,0.767,4439.711307420494,3.520690287277561,3.6457294793883293,2.969689189777278,25.0,20.0,28.0
5402,Mexico City,México,2134,17639163.99,2305.1,15.533,188.592,16.52,1341.884,16.6856322145627,7.665753431861699,0.020480823,8.959596635,0.0037448503313903376,0.0009603208407860548,55.8161116931575,144953834.5,0.780823587,8265.775065604497,3.5534366732514058,3.757212222191315,2.7130545992952158,26.0,23.0,14.0
4516,Tunja,Colombia,24,199107.4068,2762.12,12.505,58.479,10.8,1708.458,12.201599690766662,3.1780538303479458,0.019384531,7.860706407,0.0048478337831076605,0.0016189216684981706,75.5412228284892,157145408.0,0.749,8296.14195,3.5798015686801654,4.68086826294642,3.45080584447444,27.0,162.0,62.0
3880,Uruapan,México,55,336317.1681,1637.78,21.421,176.884,15.257,1833.032,12.725809946380753,4.007333185232471,0.016898701,7.517351983,0.0028529737675916165,0.0007215193421997656,74.4999387762777,78408749.18,0.722,6114.857601818182,3.588880353652116,3.8257745718092955,2.982890577567795,28.0,25.0,29.0
2614,Barquisimeto,Venezuela,139,853705.7149,603.99,23.551,77.652,11.175,1333.313,13.657341817247984,4.9344739331306915,0.016494264,10.14542312,0.006727691758446022,0.0005897619088387808,70.0653403278429,24456460.05,0.674,6141.767733093526,3.614763526306247,3.965403095816786,3.497205087342122,29.0,37.0,67.0
4052,Chía,Colombia,53,289605.6813,2558.21,15.912,81.047,10.491,2546.049,12.576275557049891,3.970291913552122,0.014178845,6.206074855,0.005309328197644029,0.002614575626489963,42.4414364972345,63276726.86,0.763,5464.258137735849,3.6367023340396587,3.7761294943692563,2.40010735144369,30.0,24.0,6.0
4478,León,México,202,1384014.169,1850.06,19.248,275.494,19.047,755.599,14.14049865282411,5.308267697401205,0.02228943,7.696670026,0.0035153394080057283,0.0009506177055670014,58.871182238238,121203642.6,0.734,6851.555292079208,3.6387051107306534,3.871093649558393,2.625075409810298,31.0,29.0,8.0
1158,Cali,Colombia,186,2691615.942,1007.6,18.273,37.141,8.234,3508.786,14.805652293149915,5.225746673713202,0.024750857,10.42197201,0.005112174534611966,0.001129275374235393,59.7309137630794,223139974.0,0.78,14471.053451612903,3.6649748992402897,4.879750969564771,3.42567353563401,32.0,224.0,58.0
3881,Bogota,Colombia,534,10419360.65,2599.76,17.31,63.707,10.188,2468.045,16.159176234441567,6.280395838960195,0.026432199,9.497214742,0.003071379420290054,0.00145835020392638,58.9582822811675,335678505.2,0.79377324,19511.911329588016,3.668067248015821,6.971908439810213,3.195987229990914,33.0,1005.0,39.0
4212,Aguascalientes,México,142,878454.5583,1895.35,18.232,298.612,19.824,739.989,13.685919458805863,4.955827057601261,0.022635477,7.597636345,0.006670303746591647,0.0009959397568715422,77.8309210645971,112212185.4,0.773,6186.299706338028,3.698184139733511,4.1094717641299425,2.682193153961881,34.0,51.0,11.0
1163,Tarija,Bolivia,43,250298.3573,1894.62,12.574,206.744,14.558,1023.497,12.430408914473839,3.7612001156935624,0.01807353,7.531595424,0.0026050884273781847,0.0011335438400138474,31.2161267476499,43373966.22,0.717,5820.892030232558,3.7049775734324046,3.8591964837119916,3.44895810111328,35.0,28.0,61.0
1368,Cajamarca,Peru,29,276090.7321,2735.62,15.73,67.373,11.8,3290.453,12.528484830169052,3.367295829986474,0.015680899,6.503767004,0.0021989378650026765,0.0013486579427959,43.7186971847898,40494464.0,0.731,9520.370072413794,3.7231087245296584,3.901798138306358,2.841342892441557,36.0,33.0,17.0
1047,Sucre,Bolivia,34,292077.9239,2833.52,10.674,135.695,14.545,790.68,12.584775908320143,3.5263605246161616,0.019418559,9.956219932,0.0033473981004389086,0.000862445770363133,61.2810976148544,41595689.67,0.684,8590.527173529412,3.7327924515813677,3.844626586634982,3.66400437311159,37.0,27.0,94.0
1665,Mérida,Venezuela,34,218098.5524,1456.43,17.218,58.159,9.466,2173.941,12.292702314845364,3.5263605246161616,0.013036118,9.65046851,0.0050936827182443975,0.00030903596260641665,87.335265367657,24593609.14,0.683,6414.663305882353,3.739977065158259,4.123246049914354,3.29137492824568,38.0,56.0,47.0
7676,Belo Horizonte,Brazil,609,4376746.588,867.55,21.065,209.087,13.444,1081.843,15.29181621822099,6.411818267709897,0.017161774,11.66125155,0.007392778322268722,0.00515103434198416,19.5480997505986,136410224.2,0.758,7186.776006568145,3.7742093324946784,4.170290085674838,3.212011058708038,39.0,59.0,41.0
5243,Toluca,México,395,1594046.479,2641.63,17.426,186.447,16.405,1532.476,14.281786296627391,5.978885764901122,0.016073705,7.092870677,0.007573878570262191,0.0014665727438327725,36.3726264079898,29489676.69,0.761,4035.560706329114,3.776160494403644,3.878101765288413,2.210851754780837,40.0,30.0,1.0
2090,Santo Domingo de los Tsachilas,Ecuador,56,357691.9378,523.14,23.049,61.908,7.224,4836.673,12.78742738599394,4.02535169073515,0.017472955,8.851890905,0.013980807558064565,0.0009427253260249469,22.2662696486241,61932529.16,0.744,6387.356032142858,3.7950920610939844,4.108168847625435,3.7464348182675447,41.0,50.0,105.0
7255,Jundiaí,Brazil,116,473610.4872,757.44,20.144,244.409,13.311,1496.238,13.068140505887849,4.7535901911063645,0.015345275,9.565287039,0.012193056444173267,0.007311971922810497,34.8129848139106,54936782.9,0.784,4082.849027586207,3.800017985191609,3.8837543927677296,3.461082720282732,42.0,31.0,64.0
6726,Tuxtla Gutiérrez,México,97,572808.1713,588.18,23.205,171.57,13.684,1252.225,13.258306160064532,4.574710978503383,0.020711831,8.502830956,0.004661512363606884,0.0008669917719503018,76.0689769215635,42437480.92,0.774,5905.238879381443,3.8148839876617266,4.121491999676838,3.6535805944094237,43.0,55.0,91.0
3274,Durango,México,90,548393.9081,1889.39,13.732,352.932,19.048,921.503,13.214749118111149,4.499809670330265,0.02384608,7.462141348,0.007106258556357585,0.0011760751164150286,74.3976158796944,100474028.2,0.746,6093.265645555555,3.8244607930891177,4.07265443927252,2.915669160620582,44.0,47.0,23.0
4942,Celaya,México,66,381192.4821,1756.39,19.271,247.132,18.952,893.856,12.851059728899294,4.189654742026425,0.021488994,7.211474747,0.005360736951218062,0.0012174218555502827,58.8040006359208,73330688.0,0.734,5775.643668181819,3.8440500203407715,3.8843652347482402,3.1078064207175986,45.0,32.0,32.0
6593,Ribeirao Preto,Brazil,125,671130.7215,563.43,23.482,210.568,13.447,1278.695,13.416719212926006,4.8283137373023015,0.018919729,8.136550839,0.008371657150086222,0.005391423511636995,44.5330504559706,62485993.17,0.784,5369.0457719999995,3.861213941195252,3.944839503453019,3.597366436694885,46.0,35.0,81.0
6115,Uberlândia,Brazil,133,658427.1051,861.85,23.786,162.284,13.427,1135.397,13.397609095632486,4.890349128221754,0.019202429,7.190017647,0.007885661259330193,0.004803590395605966,33.9835007306965,57006573.04,0.758,4950.579737593986,3.8701560145007114,3.9613232608177555,3.4286726723019068,47.0,36.0,59.0
2610,Cumbaya,Ecuador,39,101358.7836,2391.16,16.313,38.474,7.079,4527.641,11.526421814133744,3.6635616461296463,0.014267607,9.493847466,0.07397669922855112,0.009501704015121981,61.9677243085908,30308485.12,0.744,2598.943169230769,3.874484514662662,6.140314401042449,3.7943343593052714,48.0,839.0,113.0
7052,Sorocaba,Brazil,147,712190.5064,600.13,20.199,259.814,13.533,1333.299,13.476100719773477,4.990432586778736,0.017668243,7.703294079,0.008165888323965729,0.004241826609611207,40.7661717392047,59732926.64,0.784,4844.833376870748,3.8844327708717574,3.9236774798013956,3.4866510430234414,49.0,34.0,65.0
5035,Chilpancingo,México,35,219721.0456,1334.67,22.529,112.02,14.352,1506.232,12.30011404622914,3.5553480614894135,0.01972733,10.46404535,0.0028214861482572474,0.0006457131467837872,83.1994739513649,47041971.81,0.692,6277.74416,3.8855244633528647,4.112161903591282,3.6049929809149583,50.0,52.0,82.0
1755,Palmira,Colombia,28,196215.0051,1007.82,18.273,37.141,8.234,3508.786,12.186966301782334,3.332204510175204,0.021059908,8.181972692,0.004888528929365759,0.002243024030015939,49.9263965393032,96323402.32,0.78,7007.678753571429,3.8856401505308478,4.116941765921361,3.650129581401967,51.0,54.0,89.0
6095,Tehuacán,México,54,223263.5609,1629.92,19.887,191.905,16.484,745.495,12.31610824000706,3.9889840465642745,0.01802205,7.228986457,0.007385648513568073,0.0015526241972744598,66.2552644722588,42444861.13,0.719,4134.510387037038,3.8996411267811015,3.9839150371529977,3.555941661626948,52.0,38.0,74.0
5324,San Juan del Río,México,35,181410.2252,1958.17,16.904,234.889,18.32,795.576,12.10851618332151,3.5553480614894135,0.01843544,7.402172499,0.005954040686952413,0.0013539459933044613,59.8911130599444,76843633.78,0.764,5183.149291428571,3.9195681273298058,4.0546680758563145,3.5330437971962287,53.0,46.0,71.0
5326,Anápolis,Brazil,98,375174.9224,1041.27,24.018,139.625,14.236,1199.128,12.83514765592736,4.584967478670572,0.017011348,7.432049343,0.00935935787920083,0.007641130214261891,5.17546323899608,46007010.62,0.765,3828.3155346938775,3.9206635522353945,4.440582482709923,3.6336601814870217,54.0,103.0,85.0
4552,Irapuato,México,66,468284.6394,1724.06,19.155,249.552,19.383,800.466,13.056831593864938,4.189654742026425,0.018324916,7.295390407,0.003247473090124169,0.0009127238684438472,59.9647750726428,91784760.89,0.734,7095.221809090909,3.9223109952740747,4.030903421357962,3.172482616714812,55.0,42.0,37.0
651,Quetzaltenango,Guatemala,86,295632.8341,2425.67,20.396,57.425,8.378,4109.49,12.596873538004061,4.454347296253507,0.011308783,7.357372086,0.004531802659331202,0.00584776029508016,71.942827826129,19850440.45,0.616,3437.591094186046,3.930307274351727,4.172365195056843,2.912857519627052,56.0,60.0,22.0
4326,Zacatecas,México,57,284147.0386,2375.03,16.403,320.638,18.593,597.098,12.557247124710726,4.04305126783455,0.022197063,8.414577065,0.004719566416009095,0.0008685045173192946,79.1997350657211,88820404.28,0.742,4985.035764912282,3.9440238063627233,4.237337624594884,3.221728475711664,57.0,66.0,42.0
7470,Sao Jose dos Campos,Brazil,192,835844.1388,598.03,20.468,249.95,12.704,1939.593,13.636197437843224,5.2574953720277815,0.014511387,8.074204264,0.01322300623380288,0.0070419620484631915,25.5809411775327,47784525.32,0.784,4353.354889583333,3.949408235543488,4.0323888856427486,3.3183617049866507,58.0,43.0,48.0
5931,Tlaxcala,México,62,208322.9597,2285.89,18.106,181.142,16.769,1070.641,12.246844845370694,4.127134385045092,0.016441071,7.011531008,0.012635531679060528,0.0013650460090981465,88.8067399659318,28064164.1,0.748,3360.047737096774,3.9597636381226717,4.350499634303592,3.4185268582953103,59.0,86.0,57.0
5873,Saltillo,México,151,735829.0286,1619.71,17.072,385.369,16.777,566.456,13.508753072627805,5.017279836814924,0.021319621,7.626237328,0.012075644132939267,0.001999585719376171,51.3466826566813,106573006.9,0.675,4873.039924503311,3.9648387558961478,4.180049099826481,2.9255674142371375,60.0,61.0,24.0
4519,Londrina,Brazil,157,640350.2926,560.86,21.08,263.256,13.733,1782.957,13.369770637791726,5.056245805348308,0.016951927,7.581110887,0.006298871983188971,0.0036322323967186705,42.4479149127257,59216552.91,0.767,4078.6642840764334,3.9709895004912816,4.0352753470129255,3.489516546220475,61.0,44.0,66.0
5987,Tulancingo,México,30,130003.3591,2183.27,14.959,194.206,16.571,907.109,11.775315568334662,3.4011973816621555,0.018017726,7.053436522,0.002694339958674191,0.0009160569875844078,58.3869281229242,43780074.67,0.736,4333.445303333333,3.9713558854947775,4.005081377159872,3.66992244461083,62.0,40.0,95.0
6200,Orizaba,México,75,321412.7831,1269.98,16.302,181.695,15.203,1246.032,12.680481504674455,4.31748811353631,0.014078205,7.065739019,0.00858713738374023,0.0018925616006092198,42.5874643465093,46754289.29,0.72,4285.503774666667,3.976942832622882,3.9926265741980473,3.3334726912791384,63.0,39.0,49.0
2403,Ambato,Ecuador,69,275466.0446,2657.43,8.82,53.658,12.076,1501.234,12.526219649888446,4.23410650459726,0.015865673,7.418142471,0.0032992132074088666,0.0005501862435171402,59.4264135618436,29247449.6,0.744,3992.2615159420293,3.9808714104804577,4.009543437836964,3.1028272996650696,64.0,41.0,31.0
6043,Lago Norte,Brazil,45,186767.9153,1037.24,22.968,142.258,14.363,1178.835,12.13762203038853,3.8066624897703196,0.016658626,8.155243247,0.025228989583624697,0.015414272228775047,30.3663920086217,102094636.1,0.82,4150.398117777778,3.99524392346224,4.9718167581115456,3.9055031220154084,65.0,257.0,141.0
4943,Cúcuta,Colombia,114,817158.1235,355.04,20.262,88.687,10.697,1201.921,13.613587896731044,4.736198448394496,0.018661826,8.501830338,0.0034564427239325976,0.0016958719522905165,47.0161969838724,43287816.13,0.738979861,7168.05371491228,3.997820201712874,4.101595241592077,3.9125330287029096,66.0,49.0,142.0
916,San Salvador,El Salvador,264,1615741.491,704.02,27.758,46.989,2.503,1309.709,14.295304536826269,5.575949103146316,0.013551503,9.382626999,0.007187866972650515,0.001139988557422643,52.306056187502,50439171.2,0.709,6120.232920454545,4.002442099488946,4.043160392087874,3.6390483127474798,67.0,45.0,88.0
4701,Bucaramanga,Colombia,67,893662.2264,911.0,20.059,37.15,8.511,5812.519,13.703083159943835,4.204692619390966,0.018410509,10.54127445,0.0035201133817923673,0.0015083459192854613,70.2768668313344,286678573.4,0.767,13338.242185074627,4.008920664634223,7.124435837600032,3.8862318517464423,68.0,1019.0,132.0
2928,Neiva,Colombia,48,330812.2619,471.27,21.467,58.495,11.221,1944.967,12.709306308857027,3.871201010907891,0.017931466,7.71122125,0.0055599870900764825,0.0012267931028314765,87.6740718778022,72308205.04,0.716,6891.922122916666,4.03011307826718,4.455040698472234,3.929201395679549,69.0,107.0,148.0
363,San José,Costa Rica,491,2272571.519,1119.74,23.33,49.627,6.011,4988.698,14.636422576045705,6.19644412779452,0.013022352,7.337020665,0.007444528825704254,0.002117090696102313,53.6196191786397,79995660.19,0.830161466,4628.455232179226,4.0305473529794895,4.140275921063013,2.894124519325814,70.0,57.0,19.0
4945,Goiânia,Brazil,531,2457483.108,786.55,24.66,141.104,14.288,1191.022,14.714648257327749,6.274762021241939,0.017244703,7.373567976,0.005220497594582042,0.002361972127016549,42.3228570058281,51917221.0,0.765,4628.028451977401,4.042505659009253,4.08816934591839,3.4046528556705624,71.0,48.0,56.0
5952,Valparaíso de Goiás,Brazil,110,592234.9672,1106.55,22.968,142.258,14.363,1178.835,13.291658739174618,4.700480365792417,0.015311588,6.419080726,0.005327831092341486,0.0027111865500467195,54.0329145192911,126810290.8,0.793037471,5383.954247272727,4.043434928185876,4.774335278910047,3.236231757973762,72.0,179.0,44.0
1754,Huaraz,Peru,17,120033.8214,3099.05,12.155,55.065,7.636,1729.792,11.695528827053343,2.833213344056216,0.015116567,7.721952967,0.004127530962544195,0.0011412046167931132,85.7265668890188,51150430.61,0.82,7060.813023529412,4.0483197850743275,4.185093031091032,3.754898370457082,73.0,62.0,106.0
4664,Duitama,Colombia,14,75118.4844,2536.41,14.308,58.213,10.283,1692.3,11.226821937959762,2.6390573296152584,0.020445819,7.907751716,0.00849855621256384,0.001681243252226745,90.1296830962409,75514533.65,0.749,5365.606028571428,4.058587980659755,4.412912884208151,3.9280067248811448,74.0,98.0,146.0
7660,Montes Claros,Brazil,65,375328.5187,652.09,23.655,159.925,13.318,827.136,12.835556971311496,4.174387269895637,0.018756584,7.979812479,0.003336211893109203,0.0015905441676553288,62.2828738053551,56737117.97,0.758,5774.284903076923,4.072391137610788,4.16686228780738,3.9432706090225444,75.0,58.0,151.0
6743,Franca,Brazil,86,355369.6112,993.14,23.111,192.415,13.054,1378.764,12.780913685138014,4.454347296253507,0.016982539,6.782686342,0.0058417975295463305,0.0021264008966842126,69.8790958577591,49335305.39,0.784,4132.204781395349,4.075514775714111,4.269558660112057,3.5221593528823316,76.0,71.0,68.0
2674,Otavalo,Ecuador,10,54258.88663,2555.49,16.313,38.474,7.079,4527.641,10.901522066835428,2.302585092994046,0.016079113,7.697253188,0.003212641036069855,0.001964447986167607,68.1399950249742,39001593.6,0.744,5425.888663,4.081485149428084,4.113557270506841,3.9645509570079085,77.0,53.0,154.0
4737,Salamanca,México,33,176289.9744,1714.2,19.213,248.342,19.167,847.161,12.079885500064508,3.4965075614664802,0.018580425,7.674785156,0.05624033616265021,0.0029627216637510612,8.09676032849756,59654119.02,0.734,5342.120436363636,4.090406433708067,6.204854990311492,3.6534919590340063,78.0,868.0,90.0
5689,Ponta Grossa,Brazil,90,312508.7268,893.79,18.59,288.956,13.617,1491.248,12.652387673528677,4.499809670330265,0.015118132,7.875018897,0.013272842353181895,0.008843487177907505,26.0067326974831,36923546.05,0.767,3472.3191866666666,4.093290691473234,4.241720311891766,3.6153124086290886,79.0,69.0,83.0
4740,Guarapuava,Brazil,39,141598.8921,1065.1,17.649,285.712,13.312,2057.862,11.860753636058606,3.6635616461296463,0.016868163,8.063708741,0.005000850769255418,0.0038324164133131658,21.3842913923854,31377136.0,0.767,3630.740823076923,4.0984674822011815,4.316044221904833,3.821619121467107,80.0,76.0,118.0
3387,Maracay,Venezuela,156,866299.742,463.34,26.276,121.461,11.1,1506.192,13.671986250059879,5.049856007249537,0.014453601,7.800545314,0.005956960275615551,0.0005273324095252934,62.8996011584966,21842392.18,0.719727314,5553.203474358974,4.107592522092839,4.337084462924715,3.7032736526415357,81.0,84.0,97.0
1377,Manaus,Brazil,272,2368804.754,55.42,27.213,83.457,8.189,3340.747,14.677896062690841,5.605802066295998,0.015592756,9.378974379,0.005306004374347857,0.0024269156665830465,20.4398443438999,86092800.0,0.734,8708.841007352941,4.114722967141635,4.232710391842488,3.892711039958229,82.0,65.0,133.0
4774,Sogamoso,Colombia,15,78626.11526,2496.42,14.611,62.87,8.812,2270.39,11.272459178449042,2.70805020110221,0.017829437,6.282116156,0.02574134384970249,0.0017368342168937391,10.9561331604445,61274103.47,0.749,5241.741017333334,4.131895503302741,5.063508488355908,3.721170429742642,83.0,294.0,102.0
7078,Campinas,Brazil,434,1834451.428,631.6,21.759,253.029,14.381,1294.316,14.42225604545775,6.073044534100405,0.016530355,7.433183901,0.011772005123490246,0.006507560655637048,34.5886167156661,59253438.07,0.784,4226.846608294931,4.141703840293894,4.238166534471235,3.3872296700053255,84.0,67.0,54.0
5687,Texcoco de Mora,México,66,222360.7912,2258.14,13.178,190.653,16.495,1471.248,12.312056527254995,4.189654742026425,0.015660836,6.012975964,0.011848341266245684,0.0038309344769007054,70.7090815599568,21495868.8,0.761,3369.102896969697,4.146338580225049,4.290552204865256,3.1569104449384455,85.0,74.0,35.0
662,San Cristobal,Venezuela,45,374936.0484,902.44,20.7,76.023,10.504,1172.156,12.834510752809358,3.8066624897703196,0.015065283,10.14911845,0.0036141518573117545,0.0004099687910323642,68.9969597102138,37594435.37,0.692,8331.912186666666,4.146485233409454,4.326571505717195,3.8588455762342564,86.0,79.0,127.0
5528,São José do Rio Preto,Brazil,95,437282.5062,512.92,24.4,209.185,12.932,1243.713,12.988334732484658,4.553876891600541,0.019912894,7.857000864,0.007781802509285929,0.003858203847602262,49.3274741111564,54144055.01,0.784,4602.973749473685,4.147652163832296,4.196870398737249,3.8531190440656014,87.0,63.0,124.0
7013,Americana,Brazil,102,434290.9946,574.05,22.002,261.566,14.668,1324.468,12.981470082871597,4.624972813284271,0.01694793,7.423551249,0.01267441559318946,0.009030850548610478,26.06364182846,48072160.0,0.784,4257.754849019608,4.161627664426349,4.349252046058728,3.7154961296429247,88.0,85.0,101.0
4056,Maringá,Brazil,121,507945.2871,531.74,22.109,294.264,14.288,1636.242,13.138129018201226,4.795790545596741,0.018303853,7.468485205,0.013147303818368275,0.008983611554475628,23.7912091308373,54294992.84,0.767,4197.894934710744,4.178390560201328,4.3730727615284355,3.623682471607961,89.0,91.0,84.0
3835,Zamora,México,23,127828.5485,1565.04,16.393,195.235,15.807,1925.468,11.75844518017309,3.1354942159291497,0.018156485,6.143689453,0.006458020820888848,0.0012993913858452286,62.5248553177533,72505026.21,0.722,5557.76297826087,4.179689420250422,4.286922870845934,3.6563465981884757,90.0,73.0,92.0
5989,Bauru,Brazil,90,366248.5508,558.77,22.56,242.904,13.497,1325.415,12.811067482445518,4.499809670330265,0.018250303,7.379373677,0.007054435477299368,0.003346032988071007,52.5558387033267,46784402.29,0.784,4069.4283422222225,4.179821401895542,4.242140334472503,3.824986147877706,91.0,70.0,119.0
6818,Piracicaba,Brazil,92,373343.6853,533.81,21.517,259.9,14.407,1400.138,12.830254682700883,4.5217885770490405,0.016009629,7.704979472,0.013846097979549757,0.010764277357579295,11.9869885269375,43720108.14,0.784,4058.0835358695654,4.182538574170061,4.520545255429963,3.804181312353441,92.0,118.0,114.0
368,Ipiales,Colombia,14,116592.1093,2880.66,10.355,60.679,9.19,2624.551,11.66643687736674,2.6390573296152584,0.013913097,8.109771324,0.0020443876938248343,0.0006136011409221499,86.1273490113929,46529351.53,0.712,8328.007807142856,4.188082829988413,4.315358266570422,3.8211111707917587,93.0,75.0,117.0
6316,Córdoba,México,49,227802.0048,914.42,14.871,188.116,13.51,1538.839,12.336232130658864,3.8918202981106265,0.014888423,7.662208407,0.012718365461105899,0.0032169371939697695,45.0211439652228,40186690.06,0.72,4649.020506122449,4.198695754483403,4.200281119274663,3.9021316166641697,94.0,64.0,138.0
6638,São Carlos,Brazil,60,234904.4381,830.94,22.449,232.292,13.63,1291.413,12.366934064040256,4.0943445622221,0.016254577,7.556044518,0.011221944367891446,0.007612694673396169,35.8355275201907,41864423.45,0.784,3915.073968333333,4.199959992467674,4.3162324571572555,3.8504049370274074,95.0,77.0,122.0
792,Guayaquil,Ecuador,314,3247674.482,17.1,25.186,106.232,8.345,1964.627,14.993449754182127,5.749392985908253,0.020429141,10.01845741,0.009078906137770676,0.0009200065851427287,41.2716923026343,87694937.85,0.729,10342.912363057325,4.203508162809821,4.238591802914029,4.174727081025132,96.0,68.0,217.0
798,Santiago de los Caballeros,Dominican Republic,117,678295.8372,194.85,21.747,140.384,10.816,1547.143,13.427338809807864,4.762173934797756,0.01670764,7.190397937,0.007394926751695537,0.0022746231812728573,60.9064088675735,72553230.22,0.757,5797.400317948717,4.211157656785924,4.355447397854751,3.9145763370844286,97.0,88.0,143.0
3596,Juliaca,Peru,45,326109.6982,3828.91,8.168,118.401,16.013,1201.69,12.694989101292254,3.8066624897703196,0.021489116,6.628278727,0.002677900347221259,0.001344335192874678,80.0512014494728,39808787.06,0.701,7246.882182222222,4.2144390625671715,4.387498231834358,3.5280600984984565,98.0,94.0,70.0
7560,Divinópolis,Brazil,55,204432.3173,735.86,21.431,200.265,12.983,1295.748,12.227992232935245,4.007333185232471,0.01463202,7.912636137,0.007704699623394623,0.0053942647275906025,14.5431956108859,35653030.96,0.758,3716.9512236363635,4.220413159075308,4.476343117636038,3.984030927075677,99.0,109.0,159.0
6974,Limeira,Brazil,61,294622.5198,604.02,22.822,254.89,14.944,1241.753,12.593450222044323,4.110873864173311,0.018384379,7.899071318,0.008723084193494839,0.005492487116899609,38.7542331533608,52986112.0,0.784,4829.877373770492,4.230124940054675,4.28504829755433,3.898678578674547,100.0,72.0,137.0
6488,Uberaba,Brazil,80,330021.3868,783.37,23.753,169.899,13.124,1446.057,12.706912739827532,4.382026634673881,0.018095212,6.510381779,0.006964486369617911,0.002611919756710746,68.8519817723744,39057623.04,0.758,4125.267335,4.230276418727523,4.399793103690128,3.7108882229108477,101.0,96.0,98.0
5772,Santa Matilde,México,28,102206.3105,2354.83,14.959,194.206,16.571,907.109,11.534748701420842,3.332204510175204,0.022691786,7.545357522,0.005277891508792893,0.002143803521212127,31.7093536383378,42599413.33,0.736,3650.2253750000004,4.231716323589518,4.451878695778537,3.864519059283303,102.0,106.0,129.0
1365,Tegucigalpa,Honduras,163,1653508.639,1093.93,25.85,107.944,13.41,1588.674,14.318410036065268,5.093750200806762,0.015424434,11.75707423,0.0020460395845443174,0.0025056989167203257,47.7203656287084,57173807.91,0.677,10144.224779141105,4.245298859811395,4.329231223984162,3.402416049720231,103.0,82.0,55.0
3048,Rionegro,Colombia,13,51898.26643,2103.87,20.764,53.134,12.12,3030.508,10.857040666476657,2.5649493574615367,0.0173466,7.961150921,0.0077210285305670465,0.002725538006048558,60.0174863803407,37899381.33,0.761,3992.174340769231,4.253805539375106,4.330822079853179,4.165215643709809,104.0,83.0,213.0
5813,Texmelucan,México,56,187949.0671,2257.34,16.817,169.109,15.573,1775.339,12.143926285425868,4.02535169073515,0.01370935,6.035987063,0.010945193570737336,0.0014831344636719404,65.0699638917704,33847358.17,0.72297852,3356.233341071428,4.25472356931728,4.327144789162955,3.1883482732494914,105.0,80.0,38.0
1269,Port-au-Prince,Haiti,275,1733377.8,149.49,25.778,98.905,4.437,1000.199,14.365582548400646,5.616771097666572,0.014865593,8.889545469,0.005819607654119027,0.008497329097971025,14.2888725540638,30663819.36,0.571,6303.192,4.259257993904475,4.68669054645386,4.017351292932291,106.0,164.0,168.0
1375,Santa Cruz de la Sierra,Bolivia,303,2016833.232,406.36,22.115,243.803,12.303,1209.25,14.517039132308351,5.713732805509369,0.018802589,7.094522914,0.005828835530619122,0.0019923927549156924,38.2274381989574,59813991.77,0.753,6656.2152871287135,4.265054857763238,4.3276726278578135,3.5962248324898396,107.0,81.0,80.0
5429,Marília,Brazil,56,219979.3917,620.78,23.155,234.652,13.281,1362.525,12.301289146855899,4.02535169073515,0.01667593,8.346223987,0.0061192432568718666,0.003022264616208592,52.6114953384361,40340956.93,0.784,3928.203423214286,4.267423542344316,4.318191844835116,4.041408629733982,108.0,78.0,174.0
4094,Zipaquirá,Colombia,15,128428.7754,2603.92,15.912,81.047,10.491,2546.049,11.763129752606304,2.70805020110221,0.014463367,6.272019689,0.005579078404122197,0.0015872033890467197,80.490887762246,61157308.24,0.763,8561.91836,4.27129127789759,4.3911260032774715,3.594511997933635,109.0,95.0,78.0
2863,Tepic,México,64,420019.6003,946.65,25.052,222.856,7.307,1556.661,12.948056656551614,4.1588830833596715,0.021035871,7.720318391,0.004643325000730924,0.0009177994913943543,77.2885735871625,75290700.8,0.753,6562.8062546875,4.279002838158448,4.5018618600263345,3.5768993525563144,110.0,115.0,75.0
7479,Varginha,Brazil,30,130426.195,892.11,20.577,228.569,13.296,1246.061,11.778562790202463,3.4011973816621555,0.017012037,8.58829174,0.007429398210949878,0.005288640186198792,21.2312960346177,42364770.46,0.758,4347.539833333333,4.283064792947456,4.480383159779734,4.133727752017299,111.0,112.0,196.0
510,Santa Ana,El Salvador,37,205664.8586,702.89,24.946,61.291,9.47,2094.29,12.234003222932797,3.6109179126442243,0.015511067,6.383563399,0.0067911174106629795,0.0010616094187030937,66.0807460200225,43387841.42,0.642,5558.509691891892,4.285549935100563,4.359451004493881,3.9380872878438398,112.0,89.0,149.0
4327,Villavicencio,Colombia,60,334493.2636,433.43,21.137,72.452,10.367,2394.347,12.720372019633134,4.0943445622221,0.016346475,6.192697495,0.012411575042924122,0.0015843955221524527,52.8241978946042,120697505.3,0.767,5574.887726666667,4.2861711946442655,4.859667549544284,3.774541560719954,113.0,215.0,111.0
3109,Valencia,Venezuela,330,1601248.835,476.33,26.226,114.502,11.351,1502.624,14.28629440463622,5.799092654460526,0.013939395,7.410975334,0.007671967831046072,0.000767469159286539,59.0299108297725,25189293.86,0.716,4852.269196969697,4.287279965476424,4.476481041638701,3.634523214736717,114.0,110.0,86.0
2618,Campo Grande,Brazil,249,910909.7178,576.43,23.781,214.648,12.275,1318.943,13.722199069025978,5.517452896464707,0.017986066,6.836914333,0.005536723392870132,0.002133723808978778,66.1945074184153,75449429.88,0.761,3658.2719590361444,4.288076022852484,4.60000193439896,3.66092501573501,115.0,140.0,93.0
658,Panama City,Panama,277,1612439.467,55.42,26.628,44.658,5.852,1913.07,14.293258787102467,5.6240175061873385,0.013611587,8.201723566,0.00812382285079605,0.0013793798259206218,72.1092771614049,161332971.6,0.832,5821.081108303249,4.288477160559548,5.588854174098512,3.9191545733993145,116.0,573.0,144.0
3390,Cascavel,Brazil,84,309465.7258,726.81,21.093,297.513,13.512,2163.427,12.642602624425328,4.430816798843313,0.015760981,7.198978779,0.004683839248963447,0.0024766966400322447,55.3510664674371,36070864.15,0.767,3684.1157833333336,4.293507738855858,4.363891485453849,3.5945532542854015,117.0,90.0,79.0
5969,Apizaco,México,32,126631.6485,2425.6,15.219,175.305,15.973,1117.225,11.74903774560204,3.4657359027997265,0.017464467,5.909846527,0.015176522311632074,0.0018722518171355876,86.4166154023114,32790966.86,0.748,3957.239015625,4.293867169077914,4.608542863546486,3.5944243090546766,118.0,143.0,77.0
513,Cartago,Costa Rica,45,189382.72,1410.1,21.782,47.182,7.37,5960.136,12.151525220091441,3.8066624897703196,0.013760609,6.654253085,0.00885072499307223,0.0029935475654906583,43.1484327514511,58514579.91,0.813,4208.504888888889,4.304406138849552,4.4722224938940816,3.733170078340796,119.0,108.0,103.0
7668,Sete Lagoas,Brazil,49,203340.9984,772.81,22.322,200.27,13.373,1006.162,12.222639643820049,3.8918202981106265,0.015881981,7.296122424,0.005572802901694614,0.0027742943403045667,51.5004402615472,40414860.39,0.758,4149.816293877551,4.304989725530625,4.352617978449995,4.036993615893092,120.0,87.0,172.0
7506,Taubaté,Brazil,76,320607.2692,581.18,20.759,249.338,13.302,1260.292,12.677972192637288,4.330733340286331,0.015750411,7.032205065,0.010306695483871456,0.006924622299986205,24.5684343679848,46086420.9,0.784,4218.5167,4.305629650321517,4.437837204069875,3.854318499761407,121.0,102.0,125.0
8348,Campina Grande,Brazil,64,382512.0942,516.66,24.595,129.526,12.048,326.287,12.854515550572392,4.1588830833596715,0.01873083,8.463600007,0.009508720735946864,0.003252117132039168,13.4361561416166,44840244.71,0.732,5976.751471875,4.311678940059422,4.529479672737949,4.279022979848569,122.0,119.0,269.0
6816,Comitán,México,22,125025.5421,1628.83,23.355,156.595,13.919,1359.534,11.736273332210517,3.091042453358316,0.017024567,8.750320398,0.002526631504579575,0.0009639948450581443,43.2479567450365,26957600.0,0.774,5682.9791863636365,4.317545367460631,4.374766322601431,4.007491591361392,123.0,92.0,167.0
7065,Patos de Minas,Brazil,33,130432.1573,856.96,21.572,174.883,12.856,1288.347,11.77860850313401,3.4965075614664802,0.01717956,7.228587198,0.005521120356827825,0.0022839203392981066,65.4416884737854,20806288.0,0.758,3952.4896151515154,4.324212384947462,4.422027355109094,4.164255592932535,124.0,99.0,211.0
922,Popayán,Colombia,26,224661.6835,1733.17,18.124,41.553,9.081,7333.209,12.322350920713287,3.258096538021482,0.019830008,8.639469581,0.005920122721002399,0.0014820685736248388,85.5648178051065,62392860.9,0.709,8640.833980769232,4.325643955155228,4.425655358762861,4.046245768892664,125.0,100.0,175.0
2474,Latacunga,Ecuador,23,87529.66862,2790.28,9.212,69.5,12.041,1415.78,11.37973308481734,3.1354942159291497,0.015096121,9.725545032,0.005907264400037437,0.001165784195573709,41.1011080699401,31084115.69,0.744,3805.637766086956,4.327785334610957,4.49731907344417,3.981603593104739,126.0,114.0,158.0
525,Porto Velho,Brazil,88,419754.5503,84.35,26.414,72.797,11.023,2457.324,12.947425415381327,4.477336814478207,0.015213819,7.231275574,0.01404633445371134,0.0020520711707910696,14.8831296449214,55357134.87,0.731,4769.938071590909,4.329208664879372,4.557544348250356,4.109424891857521,127.0,132.0,190.0
2987,Tulcán,Ecuador,11,54691.71468,2926.29,10.355,60.679,9.19,2624.551,10.909467508564637,2.3978952727983707,0.014096191,8.21385498,0.005824154065414283,0.0008773093768359431,76.2650867102275,24711330.13,0.744,4971.974061818181,4.335505548361134,4.374782144138976,4.121264400939374,128.0,93.0,194.0
6756,Tapachula,México,54,307204.3228,147.71,27.617,44.861,2.731,2134.897,12.635268351771233,3.9889840465642745,0.016706964,8.03692124,0.0034012125549295813,0.0007593881316763814,74.6517014862493,28299179.32,0.774,5688.968940740741,4.340390066840291,4.556829985797015,4.30324930917187,129.0,131.0,280.0
7995,Vitória da Conquista,Brazil,52,280605.9948,928.35,22.256,167.404,13.266,571.642,12.544706810641815,3.9512437185814275,0.019079987,6.474506312,0.006240493547955377,0.004414957673626972,22.4272686287771,28605924.85,0.732,5396.26913076923,4.3463359107508674,4.549354292593666,3.9284106808935455,130.0,128.0,147.0
6518,Araraquara,Brazil,65,220701.3106,673.85,22.449,232.292,13.63,1291.413,12.304565530605084,4.174387269895637,0.01801622,7.277118761,0.015683024237935814,0.010071010829565958,33.4557989750102,39495047.9,0.784,3395.4047784615386,4.347220936703497,4.545555332634033,4.05777706382301,131.0,127.0,179.0
524,Oruro,Bolivia,71,368455.6079,3724.27,10.786,224.364,18.402,600.262,12.8170755163263,4.2626798770413155,0.020431763,6.605795955,0.0023740625624658865,0.0007187830564323458,53.0609156171401,30604693.85,0.703,5189.515604225352,4.355048062034588,4.435316723438329,3.444426110838378,132.0,101.0,60.0
3972,Rio Verde,Brazil,37,218380.9803,736.78,24.081,162.911,13.669,1313.5,12.293996432522173,3.6109179126442243,0.019224349,7.158827529,0.008119959285886583,0.00612986017157278,15.1562462316381,57555239.82,0.765,5902.188656756756,4.356410087639202,4.656103845805435,4.051229698466245,133.0,156.0,176.0
7130,Indaiatuba,Brazil,41,204954.4776,606.82,21.597,247.338,14.189,1274.214,12.23054317297366,3.713572066704308,0.018674239,7.439064182,0.013267376820627216,0.008761524209364187,25.9832749258347,56684731.08,0.784,4998.889697560976,4.36884101640179,4.552615448665013,4.079561537897812,134.0,129.0,184.0
7443,Pouso Alegre,Brazil,22,112165.7756,840.28,19.314,232.28,12.829,1776.115,11.627733195236496,3.091042453358316,0.017155587,7.876531946,0.007921677971190349,0.003547270434734996,56.5083926629295,39950371.31,0.758,5098.444345454545,4.372776152977932,4.400653680385412,4.201069949304596,135.0,97.0,233.0
1268,Maracaibo,Venezuela,295,2142105.375,31.13,28.543,68.876,8.51,1531.147,14.577299723457683,5.68697535633982,0.017157883,7.971332427,0.004622638458740621,0.0003881019308632284,65.1125989078011,48108852.11,0.681,7261.374152542373,4.382799388957674,4.612792766958978,4.175912994172832,136.0,144.0,218.0
6501,Veracruz,México,147,680672.3697,15.21,24.379,247.079,12.419,1918.998,13.43083636760295,4.990432586778736,0.01806843,7.708321314,0.010529613971798038,0.0014152171374732974,81.2506106338426,79309602.91,0.72,4630.424283673469,4.38472447791554,4.873264569908359,4.039002087395525,137.0,221.0,173.0
5730,Tizayuca,México,30,101965.6766,2277.98,14.681,203.81,16.883,1162.437,11.53239153171469,3.4011973816621555,0.015615749,6.278810635,0.005276548745904168,0.0014241840772819428,51.9579893366245,37453463.58,0.736819591,3398.8558866666667,4.393172560935681,4.449067459070643,3.807547274644761,138.0,105.0,115.0
5833,Ciudad Sahagún,México,12,53601.6636,2473.2,12.676,162.685,15.174,1812.945,10.889335383890678,2.4849066497880004,0.020782312,7.350928136,0.013319999353452901,0.001858272046280293,39.6366166910836,30846441.14,0.736000411,4466.8053,4.394768174244164,4.544553155977543,4.194947452474916,139.0,126.0,230.0
7375,Bragança Paulista,Brazil,38,130928.4435,840.06,20.234,244.04,13.606,1493.462,11.782406220119363,3.6375861597263857,0.014482876,8.649256901,0.005950955249941538,0.00429902293804478,22.4247677252939,32724464.33,0.784,3445.4853552631575,4.402829945406767,4.589395157079373,4.1432555204127555,140.0,139.0,199.0
7277,São Paulo,Brazil,2111,19485157.73,774.83,19.891,247.031,12.209,1794.724,16.78516359166701,7.65491704784832,0.017737416,12.04622128,0.004727841095540313,0.0030620644775184993,29.6530309376022,154122429.3,0.784,9230.297361440076,4.402994888371742,4.564415849808749,3.7620035336148336,141.0,133.0,108.0
4515,Uriangato,México,22,120106.6362,1824.28,18.216,205.604,17.337,791.11,11.696135262161855,3.091042453358316,0.015850848,6.758140673,0.005511291003918733,0.000922581467967213,80.8130882689996,59165219.31,0.734,5459.392554545454,4.403751823325805,4.645202533114677,3.9392857277470803,142.0,151.0,150.0
6919,Araxá,Brazil,25,95613.96533,993.21,21.314,178.972,12.942,1562.428,11.468074169228464,3.2188758248682006,0.018114861,7.166307999,0.004398779071868872,0.0027000634843558574,41.1037717787744,32934340.27,0.758,3824.5586132000003,4.4200666508894635,4.495101142638816,4.230796781658468,143.0,113.0,246.0
6131,Monterrey,México,685,4011151.011,529.27,17.526,413.262,16.821,749.792,15.204588793258136,6.529418838262226,0.022306371,8.289203343,0.0108545898235418,0.001989891889981499,42.7350310316335,136684193.6,0.784,5855.694906569343,4.422818806082455,4.621194913057648,3.7581649540728583,144.0,146.0,107.0
3331,Ayacucho,Peru,37,216773.7485,2817.95,3.952,99.155,12.255,1954.255,12.286609454961484,3.6109179126442243,0.020777908,7.294852209,0.004139908961822469,0.001520356908830222,76.2580357617896,32502413.13,0.783,5858.749959459459,4.423935792509129,4.555018819918769,3.8631440851364385,145.0,130.0,128.0
2015,Barinas,Venezuela,70,323816.5117,194.88,26.327,81.367,11.165,1979.418,12.687932312440061,4.248495242049359,0.015005577,6.963326505,0.008162168311029954,0.0004269061522782132,77.7908939434587,15720397.4,0.641,4625.950167142857,4.425049603179464,4.73406484515102,4.177972306733974,146.0,169.0,222.0
2172,Cartago,Colombia,17,119466.1684,923.63,20.416,35.059,7.905,5664.326,11.690788500647177,2.833213344056216,0.016584639,7.542394626,0.003939044678099846,0.0017326038408544122,63.3510848750955,75279908.57,0.777659404,7027.421670588235,4.432634837293774,4.535222400392097,4.322147715878237,147.0,122.0,289.0
5452,Cuautla,México,54,226028.0103,1348.81,23.489,199.1,17.623,880.813,12.328414209955103,3.9889840465642745,0.017177497,6.458309172,0.003936457531847769,0.001289648027273724,36.0858201190557,44105837.11,0.754,4185.703894444444,4.436819998210605,4.502501503050286,3.807816951058174,148.0,116.0,116.0
4593,Belém,Brazil,273,2192374.924,13.69,27.159,78.458,8.535,2236.909,14.600495954394836,5.60947179518496,0.015189957,7.48292304,0.003800356296754468,0.002882021723541206,21.1184612466279,96738966.59,0.716,8030.677377289378,4.441358271820975,4.606151350088233,4.001425666038039,149.0,142.0,163.0
3275,Cartagena,Colombia,114,925945.2183,9.39,27.323,43.571,2.387,1473.458,13.738570352375085,4.736198448394496,0.016125268,7.814354552,0.026570775684937733,0.003866297889023831,20.7167593378833,99633891.13,0.745,8122.3264763157895,4.448190664401427,4.797075225142902,4.31888867167623,150.0,190.0,286.0
7757,Conselheiro Lafaiete,Brazil,27,122523.8369,962.98,19.973,210.566,13.343,1208.384,11.716060876976112,3.295836866004329,0.015153069,9.827497813,0.0014888039751144947,0.0010639833011791685,59.8370955662191,37750008.24,0.758,4537.919885185185,4.448289575281246,4.534389419099106,4.142901661713217,151.0,121.0,198.0
6503,Botucatu,Brazil,33,124391.5378,824.23,21.179,258.893,13.709,1318.447,11.731189432857715,3.4965075614664802,0.016270106,8.600720587,0.011071976530987142,0.005676166558413582,47.2504626692815,31863592.96,0.784,3769.4405393939396,4.45024858299222,4.4765826763568795,4.211051350214558,152.0,111.0,237.0
4288,San Francisco del Rincón,México,28,127694.6988,1769.04,18.731,260.116,18.56,950.561,11.757397528238037,3.332204510175204,0.016318869,6.624037922,0.0029424823763239886,0.00110189891113945,31.2852658942384,63291441.78,0.734,4560.524957142857,4.4613726385743915,4.672606918528631,3.7939238239319097,153.0,160.0,112.0
5893,Huajuapan,México,19,72744.05504,1613.67,19.992,169.036,17.498,1050.354,11.194702464031439,2.9444389791664403,0.01696618,7.167994582,0.005519370914698461,0.0008031195474307173,86.3089251128281,34831137.39,0.687,3828.634475789474,4.465669289288093,4.740030428092556,4.289428391479736,154.0,173.0,275.0
4479,Santa Marta,Colombia,55,423996.0067,40.29,27.325,68.619,4.942,2172.745,12.957479316009366,4.007333185232471,0.015292957,8.222693696,0.012989376636657364,0.001714173954348707,40.7940333304478,41735771.43,0.716,7709.018303636364,4.467347680431365,4.533034805952358,4.376792873251713,155.0,120.0,314.0
8353,Maceió,Brazil,163,1046071.456,52.15,25.092,140.671,9.836,854.642,13.860552234849266,5.093750200806762,0.0144973,8.700578718,0.003974794025432236,0.0030624030593346006,25.392554792513,49248234.1,0.715,6417.616294478527,4.467782902013341,4.543169858892288,4.209654205264175,156.0,125.0,236.0
6848,Rio Claro,Brazil,43,196010.5152,602.51,22.822,254.89,14.944,1241.753,12.18592358575319,3.7612001156935624,0.017233516,7.496856228,0.011606762973678466,0.0077230967377203245,26.798441092228,48657711.41,0.784,4558.3840744186045,4.471432138512516,4.605905940408478,4.123390528555086,157.0,141.0,195.0
6097,Sobradinho II,Brazil,39,162324.4912,1099.74,22.692,138.568,13.837,1180.103,11.997352642919287,3.6635616461296463,0.013185764,6.460294049,0.007875403417639051,0.0035440100667323087,56.3911473139357,108997610.2,0.82,4162.166441025641,4.478378868365851,5.274392881287062,3.948491355931316,158.0,411.0,152.0
4809,Guanajuato,México,28,135322.935,2006.9,19.627,265.648,19.297,758.234,11.815419311988432,3.332204510175204,0.017580268,10.20765711,0.002912084110258176,0.0007108654596428906,76.9603707083411,47866624.0,0.734,4832.961964285714,4.4806899404241864,4.631999173215841,3.833410290291111,159.0,150.0,120.0
6284,Teziutlán,México,27,106774.1531,1985.12,14.431,192.634,14.34,1454.932,11.578471164046276,3.295836866004329,0.010915775,8.869179258,0.0027015968903807675,0.000814321426146718,59.3978940034288,25522927.06,0.719,3954.598262962963,4.481180638980797,4.541820319930718,3.7124147546860886,160.0,124.0,100.0
4093,Pátzcuaro,México,16,75440.12878,2171.79,19.173,191.035,15.95,1993.004,11.231094624357844,2.772588722239781,0.015574914,6.672953272,0.011174486896547951,0.0013134832984043059,92.3236182808105,42733152.0,0.722,4715.00804875,4.487257827361739,4.843040786853139,3.8931102454130118,161.0,212.0,134.0
5795,Caxias do Sul,Brazil,87,402433.8644,756.93,18.769,378.44,15.44,1824.117,12.905286050290362,4.465908118654584,0.015465587,10.64929927,0.006864950627251437,0.004993638468065263,21.1045408093881,55585765.05,0.773,4625.67660229885,4.487760987877177,4.583922535739021,3.453118673119325,162.0,138.0,63.0
4177,Presidente Prudente,Brazil,51,200218.9194,437.75,23.682,248.241,13.121,1443.496,12.20716664389568,3.9318256327243257,0.020133725,8.694577779,0.011880272285412205,0.007129869529502615,40.6874467552336,45553984.0,0.784,3925.8611647058824,4.491578033823354,4.565843480274549,4.2314742631234985,163.0,136.0,248.0
6151,Lages,Brazil,42,134819.645,910.14,16.564,342.291,14.709,1823.67,11.811693201263479,3.7376696182833684,0.015583643,8.116631861,0.018779825812833138,0.013635183747576255,15.7230572692752,44562593.19,0.773,3209.991547619047,4.492594534444598,4.871872565050311,4.115221128285677,164.0,220.0,192.0
8343,Caruaru,Brazil,40,313174.1432,551.81,22.389,135.566,10.427,654.752,12.654514682858087,3.6888794541139363,0.021665203,8.910660959,0.0034594418470272996,0.0027600314251326704,16.6948421747645,38196416.0,0.733,7829.35358,4.4930294563538675,4.81005717282595,4.3720738824032805,165.0,198.0,311.0
8100,Vitória,Brazil,203,1291834.422,25.8,23.139,193.214,9.072,1276.704,14.07157379876521,5.313205979041787,0.015909353,11.37101123,0.023139761271695702,0.014567796959185687,13.3375130783465,91473391.48,0.761,6363.71636453202,4.501209104195178,4.860500864043178,4.052192753729068,166.0,216.0,177.0
2805,Acarigua,Venezuela,71,289253.8571,202.94,26.609,117.182,11.932,1385.572,12.575059979798477,4.2626798770413155,0.01433349,8.166264098,0.002846297323974388,0.00046205710184806377,43.4432658887426,13679011.72,0.641,4073.997987323944,4.501235992147505,4.564646033821535,4.382215387139762,167.0,134.0,318.0
8238,Salvador,Brazil,323,3305395.539,35.78,25.331,100.709,3.204,1582.169,15.011066703078223,5.777652323222656,0.015986623,10.74099391,0.004088967828774879,0.0020941560250871388,36.4294876962516,145169945.1,0.732,10233.422721362229,4.506932240290189,4.8048488349950675,4.2332489007223115,168.0,194.0,249.0
8154,Fortaleza,Brazil,413,3324148.631,22.15,26.807,48.506,8.645,792.174,15.016724148458414,6.023447592961033,0.020958393,8.431775977,0.0050762774300298725,0.002754777038809851,32.3725861175274,92775788.77,0.73,8048.786031476998,4.507322257975181,4.565672532290541,4.347877326962178,169.0,135.0,301.0
2010,Quevedo,Ecuador,33,187211.2087,65.84,25.293,67.906,7.813,3193.568,12.139992716767349,3.4965075614664802,0.016038541,7.557309696,0.015591312448136552,0.0006612142539839283,9.83088142715686,54948542.51,0.729,5673.06693030303,4.510731550917807,4.945946534436556,4.444413874551585,170.0,246.0,340.0
526,Salta,Argentina,117,633196.1256,1205.44,11.229,314.652,13.831,1398.486,13.35853548820843,4.762173934797756,0.017030011,6.145208526,0.0023751721358669033,0.0007658453868056959,44.4444984492318,56802016.21,0.843,5411.932697435897,4.512112181649226,4.536429573530717,3.5411360681432775,171.0,123.0,72.0
3745,Fusagasugá,Colombia,18,102396.2163,1671.62,25.526,69.588,9.95,4382.39,11.536605040709556,2.8903717578961645,0.016819287,7.070671206,0.002800048938019207,0.0011592918340772715,76.611547309707,55251206.4,0.763,5688.6786833333335,4.516523603918325,4.623002843860591,3.972537717321072,172.0,147.0,156.0
361,Siguatepeque,Honduras,16,77747.65139,1093.95,21.202,110.937,12.499,1727.433,11.261223622382662,2.772588722239781,0.013388281,7.157979566,0.0030504342556321173,0.002705186318117538,59.1278983349956,19239498.11,0.606,4859.228211875,4.518129885918995,4.56941245322793,4.310252809183441,173.0,137.0,283.0
927,Potosí,Bolivia,26,261971.8658,3929.18,7.515,203.801,16.887,925.493,12.475992394534579,3.258096538021482,0.020909196,8.636210938,0.002916212474484731,0.0012547447231106448,30.5068059975977,41259465.7,0.608,10075.840992307692,4.519884163732198,4.954069072677862,4.288939673849948,174.0,251.0,274.0
507,Tijuana,México,294,1538300.988,161.17,16.573,200.01,4.49,254.534,14.246189110811073,5.683579767338681,0.021243616,10.72649993,0.008520381832683319,0.001480422471834231,61.5038534654488,122072870.2,0.786990493,5232.316285714285,4.531984382476186,4.912909868345977,4.416688751180712,175.0,233.0,327.0
7156,Mogi Guaçu,Brazil,34,137093.6841,633.39,22.485,247.509,14.36,1351.8,11.828419796655552,3.5263605246161616,0.018127899,7.670247815,0.01931491315916865,0.012541549557351197,27.7960289828785,39100142.14,0.784,4032.167179411765,4.539670928564619,4.806326599124378,4.28745411950304,176.0,195.0,272.0
3049,Pucallpa,Peru,60,247753.0266,154.4,26.246,62.487,10.984,2539.399,12.42018766846474,4.0943445622221,0.016644949,6.746053583,0.00264438422420467,0.0012838729189151308,61.8380756571763,19180110.9,0.702,4129.2171100000005,4.542134737158196,4.651156035519243,4.284123537198454,177.0,154.0,271.0
2742,Cabudare,Venezuela,32,119102.0147,478.75,23.551,77.652,11.175,1333.313,11.687735671237261,3.4657359027997265,0.016669759,8.287945623,0.03548979192705453,0.0034268406331836804,61.7233817348052,14996544.0,0.674,3721.937959375,4.546085554991752,5.062723202813965,4.53366141786164,178.0,293.0,375.0
4254,Chapecó,Brazil,55,211736.3943,663.35,19.855,357.473,14.96,2067.545,12.263097356849006,4.007333185232471,0.016086582,7.627389638,0.010656576374612418,0.007297529851673684,25.7266012049826,51616103.11,0.773,3849.7526236363638,4.5488290968640275,4.673384315775421,3.8529146043279603,179.0,161.0,123.0
8124,Colina de Laranjeiras,Brazil,71,382968.0832,26.07,23.887,151.135,4.975,978.213,12.855706931008877,4.2626798770413155,0.015244823,9.444554621,0.05260228333574875,0.036474151742376844,6.74467060484867,77776062.51,0.761,5393.916664788732,4.558104887498575,6.86134728711583,4.429600545923717,180.0,994.0,332.0
2989,Huancayo,Peru,64,455854.5835,3257.07,2.892,82.57,10.909,1650.21,13.0299291418051,4.1588830833596715,0.017430471,7.128990783,0.0024671024477699475,0.0015264766268693226,68.4635150733266,43229743.16,0.718,7122.7278671875,4.55866215575228,4.652989289483201,3.6350414977887926,181.0,155.0,87.0
3384,Sahuayo de Morelos,México,13,82902.09812,1547.76,19.153,188.68,16.679,1325.492,11.325415649850163,2.5649493574615367,0.017730698,6.9123649,0.0023986256560378596,0.0006712418429802691,71.2961192890611,40748768.0,0.722,6377.08447076923,4.56640524430582,4.628890706438364,4.274301049066694,182.0,148.0,265.0
8363,Natal,Brazil,210,1133223.558,34.18,26.113,91.799,8.095,775.634,13.940576835638755,5.3471075307174685,0.015332828,7.338704288,0.00628354068336443,0.003297766040432068,34.0430199077784,59453668.53,0.747,5396.302657142857,4.573519928532473,4.6204711828177585,4.241056045120366,183.0,145.0,254.0
5751,Atlixco,México,16,66247.19535,1849.5,20.958,175.533,15.972,1737.733,11.101148408612723,2.772588722239781,0.016980542,6.770606377,0.011294734154341826,0.0020492982309778494,67.6302711595741,27597561.26,0.719,4140.449709375,4.576222954484767,4.629723859483793,4.17749279713656,184.0,149.0,220.0
5127,Iguala,México,27,110425.827,769.22,23.013,170.479,16.231,1377.116,11.612099325682777,3.295836866004329,0.018742502,7.026606762,0.00360326742826205,0.0008371835714302597,78.3507670461896,32809483.29,0.692,4089.8454444444446,4.578375704056545,4.777821365680793,4.3477266808703465,185.0,180.0,300.0
4328,Cumana,Venezuela,63,398294.1059,13.21,24.959,54.227,8.836,2823.353,12.894945970918139,4.143134726391533,0.01145798,7.478859985,0.005833298062485839,0.00039159704055515124,67.1339232269185,21058146.99,0.663,6322.128665079365,4.583848040919889,4.780812506269174,4.164809760258593,186.0,181.0,212.0
6236,Planaltina,Brazil,33,186714.169,969.05,22.416,134.878,13.31,1181.37,12.137334218455212,3.4965075614664802,0.014644526,5.712858507,0.007787789536176015,0.003511137136250222,57.690226952523,143077990.4,0.82,5658.005121212121,4.588683520193285,5.6741759682729755,3.9596717908419583,187.0,623.0,153.0
8190,Feira de Santana,Brazil,80,561529.3965,226.52,24.984,168.174,11.79,704.185,13.238419405307601,4.382026634673881,0.019149258,7.084424892,0.004324095671083891,0.0027093532066936052,37.1972119091583,49818722.04,0.732,7019.11745625,4.59353442536338,4.645715288354966,4.316924296392185,188.0,153.0,285.0
7771,Barbacena,Brazil,19,101345.1578,1135.24,19.194,219.88,12.795,1520.09,11.526287373728428,2.9444389791664403,0.015457497,10.23303529,0.002152715277996242,0.0013111727198869684,61.4593461147544,42323307.52,0.758,5333.9556736842105,4.599296796092483,4.661029867103116,4.145788868906739,189.0,157.0,201.0
6758,Itapetininga,Brazil,31,125438.0246,665.1,20.527,266.78,14.078,1218.116,11.73956708769238,3.4339872044851463,0.016265742,7.419253721,0.008707425801386543,0.005127326888405089,39.6413783113938,39205564.8,0.784,4046.387890322581,4.602001120812023,4.645331287931808,4.335535419078484,190.0,152.0,296.0
8388,Recife,Brazil,491,3847557.992,24.61,24.61,112.181,8.418,1081.093,15.162949217226155,6.19644412779452,0.015740955,7.963186165,0.004182144172697891,0.0030986477134845483,23.0804849970422,72999570.8,0.733,7836.166989816701,4.6049600106200534,4.685207361075048,4.183593363883534,191.0,163.0,226.0
7143,Passos,Brazil,23,104792.6563,764.7,21.674,226.75,13.522,1134.727,11.559738974940537,3.1354942159291497,0.018883368,7.853630406,0.003207110344248426,0.0026554331433146427,34.0599055424809,36050419.61,0.758,4556.202447826087,4.606746985504846,4.694993430311962,4.42318806826517,192.0,165.0,329.0
5875,Recanto das Emas,Brazil,26,189608.8745,1188.19,22.968,142.258,14.363,1178.835,12.152718674142271,3.258096538021482,0.019844517,6.060170034,0.016714921092388004,0.008960505686773644,50.6184916350353,176756144.0,0.82,7292.649019230769,4.609694230932297,6.08217764967287,4.028070802558316,193.0,814.0,169.0
511,San Pedro Sula,Honduras,211,1301567.028,69.0,24.114,183.118,12.265,1870.553,14.079079502666906,5.351858133476067,0.013669216,7.011299426,0.013714636918268646,0.0046385381604642185,13.0993390555888,33535513.82,0.663,6168.564113744075,4.610146263793883,4.8116734146386095,3.8552473316635,194.0,200.0,126.0
4250,Fresnillo,México,29,151502.8793,2196.1,16.107,323.828,18.619,667.866,11.92835990903149,3.367295829986474,0.02235695,6.664489308,0.00617914465146406,0.0008355833635301742,87.9620212001941,52503728.43,0.742,5224.23721724138,4.614372243052607,4.888596106422466,3.685872282949199,195.0,225.0,96.0
2258,Cuiabá,Brazil,236,801996.8688,180.74,26.568,159.572,12.992,1471.642,13.594859982601628,5.4638318050256105,0.016266017,7.033617933,0.00786137187759554,0.0035079915771262173,43.8934259771805,72082662.76,0.755,3398.2918169491527,4.614666939941411,4.815405306242619,4.202342273312834,196.0,202.0,234.0
6217,Ciudad Victoria,México,69,328571.4336,333.31,19.014,364.537,14.72,1188.117,12.702509547148413,4.23410650459726,0.020035588,7.441729653,0.002953194837970236,0.0006735971152575571,80.7655485761655,56473182.16,0.768,4761.904834782608,4.621850116113725,4.983210942832857,4.167854295604698,197.0,263.0,214.0
3594,Tepatitlán,México,25,110772.8186,1791.69,20.217,239.743,17.345,828.909,11.615236703704987,3.2188758248682006,0.016143389,6.612279349,0.008739285786359869,0.001213263101711849,80.5155868470863,39650664.73,0.765,4430.912744,4.623437754541585,4.844742656336975,4.00214608898146,198.0,213.0,165.0
7883,Ipatinga,Brazil,61,270481.7509,277.4,22.544,213.314,13.349,1457.99,12.50795991066753,4.110873864173311,0.013434065,10.07964499,0.05229477635213356,0.035928051064911974,4.65854974405037,49016579.46,0.758,4434.127063934426,4.624046161159129,6.652918389603868,4.177626371744303,199.0,961.0,221.0
7569,Lavras,Brazil,21,87313.0841,896.41,21.083,217.651,13.465,1247.938,11.377255605740721,3.044522437723423,0.015432317,8.955800049,0.008299646716167251,0.0036684363021257547,58.4741867413005,31431125.33,0.758,4157.76590952381,4.6253097351513635,4.669800305371681,4.422307854234002,200.0,159.0,328.0
4630,Passo Fundo,Brazil,45,183865.3435,656.78,18.81,366.123,14.837,2002.48,12.121958939869355,3.8066624897703196,0.015323374,8.189060163,0.00862994881030965,0.005161182396942576,37.0567930779509,49981086.9,0.773,4085.896522222222,4.62576639964126,4.662796166608978,3.966808316840818,201.0,158.0,155.0
5066,San Miguel de Allende,México,18,92834.27735,1954.56,19.017,259.691,19.161,666.792,11.438571218570416,2.8903717578961645,0.019041131,7.604290809,0.007290173108683115,0.000985639594468174,80.3651093465439,45206004.36,0.734,5157.459852777778,4.626417007356152,4.798731108736505,4.173113316921879,202.0,191.0,216.0
7652,Teresina,Brazil,197,983295.5776,87.81,28.486,144.889,13.563,1224.486,13.798665043249743,5.2832037287379885,0.017466779,7.105283084,0.004402630409950905,0.002999442635731834,29.6720199770868,41085756.1,0.709539343,4991.348109644669,4.630938948257183,4.704613324327959,4.246482189714155,203.0,167.0,258.0
6428,Fazenda Rio Grande,Brazil,23,78178.27062,895.67,17.494,276.38,12.559,1753.249,11.26674701861111,3.1354942159291497,0.015512861,8.76778504,0.008088861119847064,0.005670375125880471,36.3707636233084,39427904.0,0.767,3399.055244347826,4.635025100773148,4.74764550917146,4.453063337989344,204.0,174.0,342.0
3438,Ocotlán,México,20,106676.0816,1531.99,19.962,228.911,16.756,784.266,11.577552247212674,2.995732273553991,0.016476197,6.579245012,0.005837790728010757,0.0010598743348105878,74.495698974729,66783300.92,0.765,5333.80408,4.643872871838717,4.857944719528014,4.150158430272834,205.0,214.0,203.0
3702,Parauapebas,Brazil,41,194029.1336,170.87,25.103,77.783,10.787,2080.536,12.175763599966476,3.713572066704308,0.015961596,6.427465672,0.005787685730628857,0.0026057159571422216,56.3774184959438,33025053.96,0.716,4732.417892682927,4.644571400998819,4.702567956212794,4.381948377463795,206.0,166.0,317.0
5502,Tula,México,22,70282.91442,2064.65,14.4,209.245,17.04,1097.642,11.160284010137874,3.091042453358316,0.013990786,6.642892227,0.005684070305489759,0.0008552159564671621,85.7166779130943,23961881.14,0.736,3194.677928181818,4.645835894017215,4.907463582455868,4.19185722498581,207.0,231.0,229.0
6413,Formosa,Brazil,24,100233.2395,926.69,22.416,134.878,13.31,1181.37,11.515255144159086,3.1780538303479458,0.018747859,6.450987242,0.004199871138605672,0.001452934243604887,74.1590070033258,27071018.67,0.765,4176.384979166666,4.648205986276575,4.785946054626107,4.354340638116099,208.0,182.0,304.0
362,Managua,Nicaragua,216,1436088.514,150.09,27.649,75.366,7.99,1429.218,14.17743366596645,5.375278407684165,0.014455387,6.633843496,0.005257829781611915,0.002548820826227289,18.6333649573463,42248841.85,0.703,6648.557935185185,4.652348521875641,4.79133392207224,4.030399937827004,209.0,186.0,170.0
202,Manta,Ecuador,61,284614.4637,40.65,24.237,134.087,5.83,530.065,12.558890784499033,4.110873864173311,0.017743862,8.441617636,0.02788934159021448,0.0016815565268547524,30.8453878273393,60229696.0,0.729,4665.810880327869,4.6553602328716694,4.975965861252846,4.6515662888122025,210.0,259.0,441.0
6382,Jaú,Brazil,33,127171.3345,555.93,22.444,237.147,13.602,1382.38,11.753290546786893,3.4965075614664802,0.016297054,7.163377411,0.010489170275373653,0.007163390710317663,50.2066455679246,39908596.09,0.784,3853.676803030303,4.656880548661165,4.786140047535593,4.3906210831066925,211.0,183.0,320.0
2175,Carora,Venezuela,20,144425.6481,433.6,23.469,85.881,13.021,2408.068,11.880520108089632,2.995732273553991,0.013657186,6.960041635,0.0021530561293981137,0.00013631589365878014,90.66289723038,23716965.05,0.674,7221.282405,4.659233242638533,5.077767349043531,4.444367086186796,212.0,302.0,339.0
7385,Atibaia,Brazil,30,92512.85584,783.46,20.234,244.04,13.606,1493.462,11.43510289589746,3.4011973816621555,0.014534088,7.953325664,0.009327114706677506,0.0050366675737679835,41.3458146052428,25826565.05,0.784,3083.7618613333334,4.660505263509167,4.710399539394017,4.4588579060523585,213.0,168.0,344.0
7405,Alfenas,Brazil,18,71086.88316,836.8,19.763,214.537,12.455,1609.581,11.171658114383808,2.8903717578961645,0.018069213,7.347756696,0.013001921994831205,0.007331960211800065,38.7312754998037,32900651.64,0.758,3949.2712866666666,4.662337351158846,4.7377903505479315,4.52884641133729,214.0,170.0,372.0
2404,Tarapoto,Peru,22,165836.4075,320.81,23.283,60.734,11.997,2172.143,12.018757084429296,3.091042453358316,0.015668131,6.792119131,0.0037728129918576476,0.0013359762977318476,68.626294865674,32402576.59,0.702,7538.018522727273,4.665187780724584,4.787808458252451,4.526856161000994,215.0,184.0,370.0
7890,Niterói,Brazil,296,1734951.425,45.44,22.861,181.551,4.542,912.429,14.366489973853014,5.69035945432406,0.012776282,9.533869509,0.015862914800641177,0.0048380739259031354,77.2402156533371,83584469.33,0.787,5861.322381756757,4.666837739639563,5.219889921214218,4.081386546589594,216.0,374.0,185.0
211,Rio Branco,Brazil,72,330538.5819,148.84,25.776,80.093,11.848,2124.168,12.7084786694333,4.276666119016055,0.014095222,6.058714116,0.003944319619851313,0.001763790033522861,62.0410519791952,29380751.82,0.712,4590.8136374999995,4.674596423034487,4.791835919441895,4.1613133872098125,217.0,187.0,208.0
4663,Acapulco,México,117,668457.3335,95.64,27.513,60.854,3.451,1638.106,13.412727849253924,4.762173934797756,0.015756717,12.01907258,0.0044779897163144825,0.0007127456896170024,88.0733933632475,54811626.52,0.692,5713.310542735042,4.675577451219955,5.128764993516867,4.143343154597927,218.0,327.0,200.0
6219,Araguari,Brazil,30,102026.4554,942.69,23.074,163.8,13.48,1154.875,11.532987425303356,3.4011973816621555,0.01676131,6.587040305,0.007472909382177752,0.0037314234687702377,54.9018485879975,28228921.26,0.758,3400.8818466666667,4.67705827652276,4.738974407508361,4.412241120917469,219.0,172.0,326.0
7117,Itu,Brazil,28,109144.9623,587.84,20.199,259.814,13.533,1333.299,11.600432206996336,3.332204510175204,0.015846208,7.503020153,0.04004350163323112,0.01639713318797857,17.0141464405686,39959061.33,0.784,3898.034367857143,4.6778423480601825,5.121457155505993,4.46701530340324,220.0,324.0,348.0
7524,Itajubá,Brazil,18,70693.78812,875.7,18.503,229.791,12.715,1831.985,11.166112985506846,2.8903717578961645,0.014245768,8.219392513,0.00435446282891878,0.003173759528845008,26.4739507697516,38744978.29,0.758,3927.4326733333332,4.677911790178575,4.879718752507756,4.484013642066779,221.0,223.0,356.0
3329,Apatzingán,México,23,118828.9083,338.83,21.93,167.978,15.577,1455.096,11.685439992167899,3.1354942159291497,0.01728217,7.619736968,0.003047845608398979,0.000700019031379084,78.9856848228294,43735401.93,0.722,5166.474273913043,4.683539605270363,4.920998312810114,4.6297381552427535,222.0,236.0,428.0
795,Kingston,Jamaica,118,593374.8263,99.64,27.225,97.268,5.905,842.52,13.293581563121323,4.770684624465665,0.013182296,7.590031646,0.012704709844228524,0.0018601642366573043,49.4226436344048,52173057.95,0.738966809,5028.600222881356,4.685701032710046,4.738835381164312,4.361252148071909,223.0,171.0,307.0
6348,Poza Rica,México,48,221672.659,74.37,21.44,298.534,11.819,2725.089,12.3089570636872,3.871201010907891,0.015931096,8.543505939,0.003781224344766848,0.0008323149919178801,48.0677373816197,61948663.47,0.72,4618.180395833334,4.690189087651101,4.762552667437027,4.337042223993198,224.0,176.0,298.0
8313,Aracaju,Brazil,140,921331.8394,8.12,25.786,97.556,4.174,1132.949,13.73357555370968,4.941642422609304,0.015032342,6.640018898,0.006461619828201065,0.0035702270753414167,26.8627354329586,51541135.49,0.743,6580.94171,4.691640689110264,4.755750641771323,4.228834612732129,225.0,175.0,245.0
30,Port of Spain,Trinidad and Tobago,154,474069.7262,61.49,26.636,57.172,3.808,1343.839,13.069109691546585,5.0369526024136295,0.013284976,8.619371566,0.013605144710765545,0.0009443200465391793,82.369292043972,60572477.22,0.823,3078.3748454545453,4.692878155128264,5.267386225790349,4.50908197093178,226.0,408.0,366.0
3444,Jataí,Brazil,25,86168.22631,721.6,23.542,162.954,13.583,1286.446,11.36405678440818,3.2188758248682006,0.018067933,8.029845307,0.005579212194857582,0.0036439529073556023,43.5791606386093,28214300.9,0.765,3446.7290524,4.697503727313098,4.7702487677432,4.6207737193459995,227.0,178.0,424.0
4482,Apucarana,Brazil,34,112934.8455,808.83,21.871,268.689,14.131,1604.557,11.634566342907831,3.5263605246161616,0.014695012,7.371012315,0.003182531528366947,0.0023829424070713414,34.303870885317,32315031.27,0.767,3321.6131029411763,4.7015157505371254,4.807425421229617,4.277626620170514,228.0,196.0,268.0
8403,João Pessoa,Brazil,198,1120243.077,31.95,25.861,99.312,6.984,998.947,13.929056252758729,5.288267030694535,0.015379405,6.545413079,0.00386454896190356,0.0024061767218847984,40.3068258773737,41105114.19,0.732,5657.793318181818,4.703017080048213,4.768191127452246,4.168365999008048,229.0,177.0,215.0
4877,Acámbaro,México,12,66233.50849,1888.03,17.196,211.049,17.496,1274.862,11.100941784407809,2.4849066497880004,0.014760834,6.825622317,0.00323475526182261,0.0006836855369187768,72.5076367988451,55447206.4,0.734,5519.459040833332,4.707582600961265,4.834836131084849,4.270507944441743,230.0,209.0,264.0
917,Comayagua,Honduras,17,113059.6785,592.7,21.09,151.928,13.284,1469.988,11.635671086602384,2.833213344056216,0.016061237,7.276919099,0.0041725352137455445,0.002673429194741607,72.4498140401506,26066082.91,0.606,6650.569323529411,4.709954914721382,4.895908410551215,4.605978206473607,231.0,227.0,409.0
2332,Guanare,Venezuela,39,180986.6641,170.11,25.968,72.643,10.455,2142.527,12.106178628528006,3.6635616461296463,0.013493969,6.612466838,0.0027942636807735937,0.00025228338443086427,76.9584654868549,12071421.39,0.641,4640.683694871795,4.710041895458421,4.958188486803354,4.443912401459602,232.0,252.0,338.0
7628,Itaúna,Brazil,23,84453.45315,854.9,21.899,204.443,13.563,928.946,11.343955811275643,3.1354942159291497,0.015579093,7.779120283,0.006614182729270674,0.0024289141481126045,68.0997871566988,24516170.32,0.758,3671.889267391304,4.711373828363717,4.8286086126095356,4.580597224170747,233.0,206.0,402.0
3696,Jacona de Plancarte,México,11,52772.62127,1612.24,16.393,195.235,15.807,1925.468,10.873747798654751,2.3978952727983707,0.01505593,6.30027425,0.013843372101269888,0.0027129660660685996,61.3574658650848,83190701.71,0.722,4797.511024545455,4.713452423453748,5.057580556311717,4.355515275804282,234.0,290.0,305.0
6079,Luziânia,Brazil,28,95928.18047,974.37,23.023,143.628,14.174,1246.751,11.471355070364313,3.332204510175204,0.017294004,6.328620346,0.006365487028787797,0.002698841716819233,60.9455253107207,30138709.33,0.765,3426.006445357143,4.71576964624783,4.7959355765007965,4.4097460375922,235.0,188.0,325.0
4776,Araçatuba,Brazil,52,187820.7273,390.55,24.363,220.784,13.004,1331.888,12.143243208675674,3.9512437185814275,0.01723156,6.780784121,0.011026416406076817,0.0058954996448254094,50.2642853292959,40360727.63,0.784,3611.9370634615384,4.7206043764842125,4.816842703203767,4.379391227870933,236.0,203.0,315.0
2746,Dourados,Brazil,48,178124.0197,423.89,23.079,279.119,13.385,1408.718,12.090235326551312,3.871201010907891,0.017926039,7.04565579,0.003767705397987939,0.0021847824822134308,58.1525072376354,49042784.52,0.761,3710.9170770833334,4.722267223741868,4.838907150588847,4.312713950302726,237.0,211.0,284.0
5709,Matehuala,México,21,91142.67149,1577.23,16.886,329.512,17.493,620.765,11.420181376325965,3.044522437723423,0.019340757,7.024438516,0.007595984639773916,0.0008866719110363879,89.9718905754451,65094779.08,0.737,4340.127213809524,4.724397797710665,5.144104955422597,4.231385037868953,238.0,328.0,247.0
2542,Puerto Vallarta,México,45,190175.6111,36.08,24.512,187.15,7.88,1172.873,12.155703193216459,3.8066624897703196,0.016456383,8.478687335,0.004884971366241609,0.0008136176658038356,82.1299833951308,59307067.08,0.765,4226.124691111111,4.728171402639434,5.14927935906163,4.674082060800086,239.0,334.0,454.0
4878,Valledupar,Colombia,48,589134.8509,171.95,26.148,85.421,10.581,2707.979,13.28641038532536,3.871201010907891,0.018569089,7.387729314,0.0017610288171546365,0.0009615876680144981,64.5118090936216,85789572.41,0.719,12273.642727083332,4.731748970966832,4.804762936858635,4.495445049305771,240.0,193.0,363.0
7708,São João del-Rei,Brazil,18,76139.0158,920.87,19.981,213.908,13.066,1139.941,11.240316103664345,2.8903717578961645,0.014518168,8.687859753,0.004524410235796613,0.0020554135895462814,59.9106503843022,31182925.91,0.758,4229.945322222222,4.732875725684645,4.796779837874285,4.533576270155928,241.0,189.0,374.0
7497,Nova Serrana,Brazil,18,84730.10975,742.8,21.431,200.265,12.983,1295.748,11.347226304482595,2.8903717578961645,0.019803128,7.683338105,0.004165588618265657,0.002462967776186552,41.3173063308925,41895386.18,0.758,4707.228319444444,4.7348843426279155,4.7900268836549005,4.556088163886691,242.0,185.0,392.0
4591,Ciudad Guayana,Venezuela,78,551960.1056,86.27,27.514,83.827,11.239,1336.637,13.221231050183684,4.356708826689592,0.013504654,7.031481434,0.006630498296576527,0.0007359206078280742,26.652861862507,35579108.24,0.699938412,7076.41161025641,4.7377652142032884,4.821300073511499,4.366677281149458,243.0,204.0,309.0
5753,Águas Lindas de Goiás,Brazil,48,191818.3598,1142.83,22.968,142.258,14.363,1178.835,12.164304160520746,3.871201010907891,0.015151129,5.153072042,0.004070108790727962,0.0018660455502184936,60.7319539113941,56300928.0,0.765,3996.215829166667,4.741709934743259,4.914040204875631,3.84933794457222,244.0,234.0,121.0
7395,Praia Grande,Brazil,136,470185.155,6.8,22.272,246.088,6.509,1719.333,13.060881842918082,4.912654885736052,0.013164689,7.687043012,0.018113131263267978,0.006002849339584105,74.3405490962927,47677139.54,0.784,3457.243786764706,4.745807484032461,5.190325916370064,4.284084957096363,245.0,357.0,270.0
1155,Machala,Ecuador,43,263230.5951,6.99,24.735,86.029,9.689,1218.104,12.480785714458786,3.7612001156935624,0.017555825,7.011729176,0.004720626657584911,0.0004564963290355757,87.5143584661366,62406821.33,0.729,6121.641746511627,4.748631961462763,5.163010286894187,4.617762492700964,246.0,343.0,420.0
6041,Huamantla,México,14,67554.51977,2518.56,15.219,175.305,15.973,1117.225,11.12069025114257,2.6390573296152584,0.013790116,6.355358733,0.005346921807405219,0.00092576951860404,77.3918526751623,65833644.0,0.748,4825.322840714286,4.75167955184046,5.011596030579617,4.16384934502658,247.0,272.0,210.0
7321,Barreiras,Brazil,29,147955.8377,460.38,25.186,117.764,13.597,847.857,11.90466911429901,3.367295829986474,0.016454836,6.883530649,0.004818687124779802,0.0030213898331772275,37.3085500558014,33040420.57,0.732,5101.925437931035,4.757215043630828,4.803752472764324,4.613379763699099,248.0,192.0,416.0
4292,Marabá,Brazil,47,222699.4716,90.55,26.729,82.637,11.958,1748.728,12.313578480543946,3.8501476017100584,0.013140095,6.896564684,0.004298656033946333,0.002137247932832545,56.3869940322426,35340098.37,0.716,4738.286629787234,4.760035545594004,4.837116847605077,4.502862353866647,249.0,210.0,364.0
7288,Itatiba,Brazil,22,87705.72346,766.72,20.916,245.689,13.897,1383.838,11.381742438032411,3.091042453358316,0.014567379,8.950914178,0.05644394985799027,0.04426142621433888,5.19993435200184,35911504.0,0.784,3986.623793636363,4.760693725877135,7.855288106194952,4.468238190452084,250.0,1058.0,349.0
365,Portoviejo,Ecuador,46,227222.437,55.19,24.591,126.046,7.19,609.103,12.333684715354646,3.828641396489095,0.015839855,8.558738845,0.004917145002753403,0.0006564164398738492,70.0128010210962,32790986.87,0.729,4939.618195652174,4.7607913533046835,4.939853180453236,4.734452717776023,251.0,244.0,498.0
2092,Pitalito,Colombia,14,77842.03324,1269.53,15.965,82.787,10.843,4323.514,11.26243683727928,2.6390573296152584,0.016199482,5.395155266,0.0066539687805950215,0.001757235580027354,78.4680992925639,47656263.11,0.716,5560.145231428572,4.76172048191588,4.8737744187031025,4.187745422764911,252.0,222.0,228.0
4251,Chiquinquirá,Colombia,8,56080.92531,2577.33,18.986,40.166,8.343,3383.724,10.934551021394034,2.0794415416798357,0.012695495,6.052444091,0.00409866496523397,0.0010268983981926384,85.3136230007894,72567072.0,0.749,7010.11566375,4.7621992794831005,5.023047868792127,4.161480433906488,253.0,278.0,209.0
5597,Zumpango,México,23,63658.8755,2251.81,13.178,190.653,16.495,1471.248,11.061294036526757,3.1354942159291497,0.014923345,6.063942956,0.018253681437555395,0.005347292648705364,44.0430342785138,20331074.21,0.761,2767.777195652174,4.762510998213533,4.809706804610107,4.236893270849656,254.0,197.0,251.0
3491,Girardot,Colombia,21,112472.9157,287.56,21.385,84.629,12.026,2097.524,11.630467722308506,3.044522437723423,0.019907756,7.784004464,0.01081681312942081,0.0027977640536351813,77.1799728685179,54520553.74,0.754853298,5355.853128571429,4.764527383481869,4.953108596140315,4.61983640763053,255.0,250.0,423.0
1931,Valera,Venezuela,33,144937.8373,575.59,20.866,65.821,8.363,3902.64,11.884060221205184,3.4965075614664802,0.008354938,8.709333178,0.006459126352280682,0.0003676538432452517,91.2475519379529,16079126.97,0.663,4392.055675757576,4.770358495008947,5.1839490329553195,4.072379970525846,256.0,352.0,182.0
6831,Ocosingo,México,13,61293.94072,893.41,16.779,165.809,12.422,2035.652,11.023436270709155,2.5649493574615367,0.014704267,7.160754019,0.004491905428527324,0.0019438761242042718,63.5942357198769,18161960.53,0.774,4714.918516923077,4.771733649120198,4.830953205583851,4.653596672563724,257.0,207.0,444.0
1569,Cabimas,Venezuela,65,299559.3463,7.46,28.058,51.768,5.007,1983.241,12.61006782816036,4.174387269895637,0.012048492,7.188235713,0.004573968548999334,0.0002574381159777554,89.5301804844317,21146388.21,0.681,4608.605327692308,4.774593542067128,5.25211861590646,4.47580405135966,258.0,392.0,353.0
2678,Tamaca,Venezuela,28,103054.186,600.38,23.551,77.652,11.175,1333.313,11.543010206551331,3.332204510175204,0.013501868,6.647537514,0.006899164278392341,0.0005151779910910169,95.3145685592824,15138414.93,0.674,3680.506642857143,4.7755159070323066,5.265659189350666,4.545731707823262,259.0,406.0,387.0
2482,Rondonópolis,Brazil,56,212447.235,249.87,25.24,149.053,13.191,1581.803,12.266448930631245,4.02535169073515,0.017736927,6.272424284,0.0051850023217153195,0.0022264347554017357,62.5579836361713,67379170.74,0.755,3793.700625,4.775711006227164,5.042490394664265,4.393336224416538,260.0,285.0,322.0
6803,Tatuí,Brazil,22,97072.7123,602.62,20.363,263.297,13.806,1275.708,11.483215588007473,3.091042453358316,0.015646579,7.972344321,0.008807366796302033,0.005088390154727345,41.2538747836118,42047310.77,0.784,4412.396013636364,4.775910166914974,4.8131361584594154,4.5544715631899635,261.0,201.0,391.0
4444,Arapongas,Brazil,29,106398.3089,774.93,21.871,268.689,14.131,1604.557,11.57494496196638,3.367295829986474,0.015071237,6.895565027,0.011030496736616836,0.008390271808352012,19.564325035986,35346677.89,0.767,3668.907203448276,4.776929201294358,4.996150976984581,4.30287741022434,262.0,266.0,279.0
523,Calama,Chile,23,125065.6549,2269.18,17.646,224.219,18.092,33.468,11.736594117594612,3.1354942159291497,0.021149149,6.316247222,0.004680776031781689,0.0026986875447049695,40.4783235898726,264434517.3,0.873,5437.637169565217,4.777277820543085,8.417934102005843,4.180701295769899,263.0,1063.0,225.0
2009,Antigua Guatemala,Guatemala,25,107276.4734,1564.04,25.612,79.767,12.008,2196.704,11.583164644559158,3.2188758248682006,0.012211445,6.067728637,0.006022058454430885,0.006652087274431227,65.8123161932364,19653257.33,0.647,4291.058936,4.77875580659431,4.974419809107121,4.109370210700988,264.0,258.0,189.0
6007,Cidade Ocidental,Brazil,41,140593.4038,972.49,22.968,142.258,14.363,1178.835,11.853627342606682,3.713572066704308,0.015396507,5.542219308,0.014407810225674328,0.008101499321691507,42.2435763266986,35183689.14,0.765,3429.1074097560977,4.7835554656845485,4.933952342295237,4.1782670427293995,265.0,240.0,223.0
5477,Tepeji de Ocampo,México,15,57087.11441,2163.38,13.508,205.383,16.925,1219.65,10.95233370310215,2.70805020110221,0.01271354,7.018952751,0.005918237031802357,0.001238480229114807,65.1975105301906,25025703.11,0.736,3805.8076273333336,4.783710902931476,4.832858768369891,4.300707006917804,266.0,208.0,278.0
2986,Ciudad Guzmán,México,17,92429.72936,1531.21,23.882,139.802,13.702,1229.973,11.434203952200875,2.833213344056216,0.019543668,6.611540718,0.0050534999519877425,0.001322162476642353,79.5175935513202,67042548.36,0.765,5437.042903529412,4.7874751875333255,5.012658876635889,4.3274040061644365,267.0,274.0,291.0
2335,Cordoba,Argentina,320,1468196.585,448.1,15.938,481.298,18.085,902.066,14.199545392678726,5.768320995793772,0.018369467,7.946113967,0.0055048730211356535,0.0030908044446670605,37.2283206706995,44785042.29,0.839,4588.114328125,4.787869699284242,4.901534782503512,3.893935481415658,268.0,229.0,135.0
7299,Poços de Caldas,Brazil,28,125580.3141,1279.0,21.971,234.938,13.543,1233.563,11.74070078585943,3.332204510175204,0.014870239,10.96974178,0.005364199469660349,0.0028924041125327937,49.7568307010872,34025841.78,0.758,4485.011217857143,4.789853929323544,4.810629680519545,3.991862062469849,269.0,199.0,161.0
5273,Telêmaco Borba,Brazil,19,70666.06905,738.54,18.737,280.181,13.886,1882.702,11.165720808110658,2.9444389791664403,0.015881143,7.780127663,0.009336968422202054,0.006729060486915538,17.8435568022398,35583605.33,0.767,3719.2667921052634,4.79098727179777,5.018836703353401,4.578514677488777,270.0,276.0,400.0
213,Bayamón [San Juan],Puerto Rico,309,748533.7858,32.99,25.125,120.425,8.174,1292.431,13.525871619832483,5.733341276897746,0.014918206,8.764909556,0.017142191116271722,0.0007054919241321973,29.4214027148513,80306535.49,,2422.4394362459548,4.793576938539437,5.222204404735086,4.653124209597086,271.0,375.0,443.0
4289,Barrancabermeja,Colombia,31,186320.3816,87.75,27.642,65.605,9.226,4602.492,12.135222952645433,3.4339872044851463,0.015246919,7.392926897,0.01679993401695566,0.001975937048955679,35.8857524368232,66991411.2,0.766927455,6010.334890322581,4.793789714022871,4.93609766670315,4.601000039442525,272.0,241.0,407.0
6875,Mérida,México,182,852925.9482,9.97,26.652,209.144,13.205,643.59,13.656428009340722,5.204006687076795,0.021538744,7.365092518,0.011738500185789048,0.001754489947863671,45.8440717607507,69195020.52,0.75,4686.406308791209,4.797404354968011,4.826935592684867,4.388878200189288,273.0,205.0,319.0
6961,Florianópolis,Brazil,182,685024.8557,22.61,17.892,309.767,12.534,1958.464,13.437210402279483,5.204006687076795,0.014193025,7.668952454,0.00814002810807351,0.005527192391162165,24.5667322405979,68530569.14,0.773,3763.8728335164833,4.798399185508324,4.937625276778781,4.267960570426133,274.0,242.0,263.0
7208,São João da Boa Vista,Brazil,25,79240.91617,770.54,21.971,234.938,13.543,1233.563,11.280248062709303,3.2188758248682006,0.015842582,7.816515966,0.010228890638102778,0.007277404269441323,20.8712960877913,33040448.0,0.784,3169.6366467999997,4.799588614276056,5.025476869080421,4.63898873978371,275.0,280.0,435.0
6059,Huauchinango,México,15,69870.94278,1549.27,13.418,194.662,15.475,1013.848,11.154405144800245,2.70805020110221,0.01337126,8.915417627,0.004183727214665187,0.0006789772554432949,88.668183637442,31764657.78,0.719,4658.062852,4.801184644563184,5.113454403065631,4.493405273631046,276.0,320.0,362.0
1050,Ciudad del Este,Paraguay,106,422701.3394,212.64,21.826,344.781,14.568,1976.951,12.95442115522741,4.663439094112067,0.01625457,6.69158804,0.008179493767068958,0.006139549399499727,65.5513054161085,47151966.32,0.708597384,3987.7484849056605,4.8063589105333255,5.119367102340162,3.9811445926803017,277.0,323.0,157.0
6253,Planaltina,Brazil,19,78996.27465,1042.86,22.416,134.878,13.31,1181.37,11.27715597400815,2.9444389791664403,0.017399535,5.99626828,0.004814720837408502,0.001233185190689242,87.6380395314976,45994401.68,0.765,4157.698665789474,4.811187812680253,5.15835152085156,4.472265865128659,278.0,340.0,352.0
8082,Juazeiro do Norte,Brazil,32,246077.9261,405.56,24.727,120.469,12.0,641.079,12.413403537516828,3.4657359027997265,0.018434425,6.969323328,0.003007931392880021,0.002245804161192498,32.8135226726031,53572950.71,0.73,7689.935190625,4.811292567418359,4.871537996638105,4.64970598135625,279.0,219.0,439.0
3967,La Piedad de Cabadas,México,29,116654.0467,1701.24,19.926,249.126,19.55,723.885,11.666967967803709,3.367295829986474,0.014174811,6.206130642,0.0027814210001769276,0.000894183216706189,64.6395779637813,50736991.09,0.724708947,4022.553334482759,4.81382131041494,4.950382898574963,4.007000629698661,280.0,248.0,166.0
366,La Chorrera,Panama,49,165453.6996,75.58,24.86,52.618,7.336,2857.413,12.016446673933848,3.8918202981106265,0.012750861,6.965340346,0.02013479552590192,0.0018925449561721377,40.7316647780641,82654369.68,0.832,3376.6061142857143,4.81435307119331,5.30965122695808,4.566800231442356,281.0,435.0,396.0
15,Salinas [Santa Elena],Ecuador,60,267482.0613,17.77,22.636,181.077,3.577,385.457,12.49680778250879,4.0943445622221,0.015896843,7.773301195,0.012773565814475014,0.0006876292358301787,31.8370408870557,37013915.83,0.729,4458.034355,4.8146343990902425,4.866274452948171,4.73015801574874,282.0,217.0,494.0
6713,Paracatu,Brazil,14,70555.66843,702.35,22.771,157.291,12.766,1477.19,11.164157300332604,2.6390573296152584,0.01799089,8.522209599,0.0016869135687954532,0.0008701388645748529,71.6265065448748,44836685.71,0.758,5039.690602142858,4.815537854320331,4.947758688988537,4.719668135322328,283.0,247.0,484.0
6318,Avaré,Brazil,24,75745.63821,788.53,21.667,257.835,13.341,1420.764,11.235136140327606,3.1780538303479458,0.016157883,8.029989173,0.006897970697235742,0.00515941900977218,36.5587262572802,52789528.77,0.784,3156.06825875,4.815796839092303,5.0532020813835965,4.612951137654036,284.0,288.0,415.0
6681,Coatzacoalcos,México,76,303635.2101,7.18,26.223,241.252,12.89,1702.617,12.62358229307544,4.330733340286331,0.016413643,7.307981335,0.009571297285294647,0.001642277237833426,64.6257592893017,47968256.0,0.72,3995.200132894737,4.816285293789323,4.967644541125023,4.447444994895745,285.0,256.0,341.0
516,Arraiján,Panama,66,265294.3228,69.63,25.744,48.638,6.594,2385.242,12.488595140726115,4.189654742026425,0.010430121,7.092577276,0.016285664071911305,0.0016019999454206185,51.7454655760239,94762574.77,0.832,4019.610951515152,4.8222985759357435,5.375384613349211,4.330315357121536,286.0,471.0,292.0
8037,Campos dos Goytacazes,Brazil,62,319594.8685,9.99,23.889,203.258,10.992,1049.909,12.674809436737847,4.127134385045092,0.014654653,6.945423054,0.005193559397831821,0.004348976472161348,29.8847998254936,42526672.84,0.787,5154.755943548387,4.827134969806595,4.8967916715023785,4.491810923804746,287.0,228.0,360.0
1469,Santander de Quilichao,Colombia,7,61793.59339,1069.58,18.638,30.873,8.773,3883.667,11.031554971243526,1.9459101490553132,0.016920696,7.402446629,0.008491718795397278,0.0016974212440115874,89.218976204964,74342843.43,0.709,8827.656198571429,4.831075702789409,5.07258570053187,4.797850848775687,288.0,300.0,537.0
1661,Milagro,Ecuador,23,164037.6362,13.42,25.288,98.866,7.914,2700.526,12.007851169502148,3.1354942159291497,0.018132765,7.515226055,0.004615625308961871,0.0005553214067772576,77.6291483928233,59686576.55,0.729,7132.071139130435,4.835510152598725,5.012826548129626,4.726749977475801,289.0,275.0,492.0
7612,Pará de Minas,Brazil,21,71748.04757,826.38,21.899,204.443,13.563,928.946,11.180915921683681,3.044522437723423,0.015207538,7.850551807,0.006627725703811789,0.0037134360366260764,44.6392410683028,25314154.67,0.758,3416.573693809524,4.841270939204327,4.892206414479172,4.725330666838282,290.0,226.0,490.0
8323,Garanhuns,Brazil,22,112517.8838,850.28,24.681,166.557,11.877,537.856,11.630867455103791,3.091042453358316,0.017385443,7.245538691,0.0033556625784318212,0.0017564222363467522,52.7050455953907,20640866.46,0.733,5114.449263636364,4.841557617730367,4.869221722961053,4.652308639386685,291.0,218.0,442.0
2411,Santarém,Brazil,51,185263.3645,30.88,27.009,99.806,9.982,2376.335,12.12953368360608,3.9318256327243257,0.012915565,7.156082059,0.005923027906529248,0.0033879193153161158,42.1845192468807,27789815.32,0.716,3632.6149901960785,4.843915104584078,4.910506902943575,4.630072051738824,292.0,232.0,429.0
4627,Girón,Colombia,17,191631.7245,734.7,20.059,37.15,8.511,5812.519,12.163330707534923,2.833213344056216,0.014172927,7.649058309,0.012302255475898513,0.005586404012400357,69.0183765604974,177673914.2,0.767,11272.454382352942,4.84551599873108,5.947563288245689,4.681164775958976,293.0,757.0,460.0
3106,Nueva Loja,Ecuador,18,75763.82448,301.67,23.948,70.896,9.905,3441.274,11.235376208106402,2.8903717578961645,0.015958389,6.997449178,0.014479902794117766,0.0009720288270352637,93.4037792098999,16142920.0,0.696,4209.10136,4.846294769841755,5.254484827570004,4.748110980841625,294.0,394.0,506.0
6366,Araucária,Brazil,48,110889.7051,896.83,17.824,280.311,12.906,1719.805,11.616291338551536,3.871201010907891,0.012559101,8.193351849,0.12499297524545314,0.052134353048568075,6.18342249402721,27758495.48,0.767,2310.2021895833336,4.847665925913197,9.213139411132829,4.466127129446616,295.0,1073.0,347.0
6987,Araras,Brazil,26,90449.37888,638.27,22.822,254.89,14.944,1241.753,11.412545623801522,3.258096538021482,0.017870961,7.693972363,0.009483561530478019,0.0064512749790371915,39.1345832464145,29903475.2,0.784,3478.822264615385,4.8509609205459725,4.923328699221163,4.619213585410518,296.0,237.0,422.0
7596,Guaratinguetá,Brazil,27,90504.70323,542.61,20.359,227.264,11.728,1483.057,11.41315709772992,3.295836866004329,0.014043139,7.131712553,0.015682486159907385,0.011373393975450197,18.7986459545059,34746570.67,0.784,3352.0260455555554,4.852760734902451,5.1464361649954355,4.621960472655679,297.0,329.0,426.0
2336,Sinop,Brazil,38,119760.4121,374.23,25.584,88.566,13.592,1761.593,11.693248460136354,3.6375861597263857,0.016620959,6.739923651,0.0057702499395875075,0.003070144433003333,48.3938360140393,49024378.43,0.755,3151.5897921052633,4.859666500757747,5.0756592692238955,4.674676112917394,298.0,301.0,455.0
2925,Colima,México,59,307482.7595,509.93,24.834,140.495,8.18,1375.686,12.636174297990248,4.07753744390572,0.024897762,7.036744766,0.003192875625255991,0.000996968545369777,58.1078952099064,82042257.3,0.761,5211.572194915254,4.860673641789104,4.979623416392223,3.999929230810388,299.0,260.0,162.0
4440,Lagos de Moreno,México,22,118084.013,1896.04,19.926,288.483,18.92,670.287,11.679151624690412,3.091042453358316,0.018598541,6.554058822,0.0048527493781397825,0.0010859357752602801,68.889584260907,45392023.7,0.765,5367.4551363636365,4.861782048805336,4.925618511166694,4.034051416106608,300.0,238.0,171.0
6302,Catalão,Brazil,22,86261.11513,872.27,23.904,165.821,13.981,1257.405,11.365134197662906,3.091042453358316,0.019998063,6.957547324,0.011077694578198991,0.006338999130325757,37.284666823235,25335516.44,0.765,3920.959778636364,4.8622763387860415,4.940304746729877,4.5383512338478775,301.0,245.0,381.0
4404,Ciudad Bolivar,Venezuela,81,325053.9671,75.28,27.632,100.713,11.669,1710.524,12.691746500142049,4.394449154672439,0.012879947,6.575624746,0.004337153374612667,0.00027310517583281635,86.1876465731674,15887443.13,0.701944778,4013.011939506173,4.862540244327105,5.30180754548909,4.441410648037848,302.0,431.0,337.0
3648,Puno,Peru,26,129974.5941,3886.46,4.674,131.032,16.292,1222.365,11.775094280338788,3.258096538021482,0.015558239,6.95784589,0.00454891369943505,0.0016032721710111499,84.8201692624971,25390583.47,0.701,4999.02285,4.863880358415375,4.981663802910602,4.235488985352105,303.0,262.0,250.0
6947,Leme,Brazil,26,95208.76159,622.81,22.225,237.431,13.945,1406.964,11.463827250053036,3.258096538021482,0.01694685,6.540354111,0.011976956465441198,0.010561944098804657,19.2695567936383,41714272.0,0.784,3661.8754457692307,4.864032531729821,5.216877098598112,4.530935438682977,304.0,370.0,373.0
7715,Resende,Brazil,28,106147.1236,408.59,19.944,231.124,12.898,1506.8,11.572581369260725,3.332204510175204,0.013177702,7.783206654,0.011429817718244792,0.006034706650251613,18.3432121726629,31109065.41,0.787,3790.9687000000004,4.86632091309862,5.004265727075454,4.612190437962337,305.0,269.0,414.0
1667,Santo Domingo,Dominican Republic,483,4593163.695,29.84,25.964,96.019,4.999,995.905,15.340079602777344,6.180016653652572,0.016684073,7.30792989,0.008240987140768558,0.0015341373558840688,37.8777738259427,150348807.0,0.777667436,9509.655683229814,4.867804227539995,5.187570554206045,4.376753539423078,306.0,353.0,313.0
1266,Jamundí,Colombia,22,131851.7547,970.17,18.455,34.007,8.504,3696.227,11.78943349999777,3.091042453358316,0.01403252,4.632548929,0.004492846608714871,0.0011243864574295272,86.5026533465989,64928640.0,0.78,5993.261577272727,4.868924730704859,5.1785936681174904,3.880167385850953,307.0,348.0,131.0
6668,Joinville,Brazil,149,554422.3142,21.12,19.926,302.179,11.825,2027.04,13.22568197532635,5.003946305945459,0.012100866,8.603927282,0.011373532677664347,0.0075467339497552275,20.0411208885466,61013436.98,0.773,3720.9551288590606,4.870538620256033,5.011680046476927,4.199587328782412,308.0,273.0,231.0
7542,Três Corações,Brazil,18,63401.16534,867.74,20.496,232.558,13.399,1246.41,11.05723752101349,2.8903717578961645,0.015451476,7.207188104,0.016076169415626708,0.008982870411857939,41.1681989954211,27067010.91,0.758,3522.2869633333335,4.871983969401953,4.962610441290427,4.682883125335371,309.0,255.0,463.0
4009,Zacapu,México,11,52470.86637,2004.31,19.173,191.035,15.95,1993.004,10.868013368265425,2.3978952727983707,0.014539254,6.061762888,0.00491786940526936,0.0015013696613944436,62.7171810896197,36701664.0,0.722,4770.078760909091,4.873421647864322,4.9040116119820905,4.243442053255026,310.0,230.0,255.0
4252,El Tigre,Venezuela,42,166917.4095,285.54,27.382,88.005,12.502,1127.414,12.025254415174565,3.7376696182833684,0.016562413,6.783102341,0.0025295775023395626,0.00033967225753644346,38.0226859838396,13290830.37,0.707,3974.224035714286,4.873761582304817,4.938579791250386,4.70367415868337,311.0,243.0,471.0
6473,Itapeva,Brazil,15,65892.85649,703.46,18.751,265.691,13.695,1597.111,11.095785315373702,2.70805020110221,0.016638758,8.118863523,0.005124394413789664,0.003592577815349768,34.8370828374057,68190201.6,0.784,4392.857099333333,4.875956932970537,5.11208406738539,4.723904247506188,312.0,319.0,486.0
2327,Cobán,Guatemala,21,221271.1628,1339.08,18.21,144.893,11.591,2471.134,12.30714420936935,3.044522437723423,0.01021374,8.071092587,0.004343243057834195,0.007568113328737839,70.413833804108,39560058.88,0.563,10536.722038095239,4.87961351219127,5.211831910070232,3.904680375533986,313.0,366.0,140.0
5427,Tlapa de Comonfort,México,11,65413.79492,1125.76,18.136,102.661,13.363,2074.947,11.08848844670084,2.3978952727983707,0.018637463,10.91134402,0.0017448257340762154,0.000667687409886783,71.0657261159452,42963213.71,0.692,5946.708629090909,4.880004839646591,4.958829450777127,4.487897165746808,314.0,253.0,358.0
4911,Yopal,Colombia,21,210798.7983,330.37,19.514,68.831,8.229,2704.027,12.258659394968959,3.044522437723423,0.019201063,7.003723802,0.003785218991369364,0.0011788362914970185,76.0826183902224,91129139.2,0.739,10038.038014285714,4.880224430356199,5.053681728746237,4.731428337352087,315.0,289.0,495.0
7104,Salto,Brazil,28,112853.769,548.95,21.597,247.338,14.189,1274.214,11.63384818000432,3.332204510175204,0.014071474,6.810742188,0.05788114668895108,0.028828746908488277,19.0637843183025,44144274.82,0.784,4030.49175,4.880294012311651,6.265177974182041,4.483474122505781,316.0,883.0,355.0
6786,San Cristóbal de las Casas,México,36,210903.2006,2158.67,26.086,169.297,12.102,1186.259,12.259154542264469,3.58351893845611,0.015197922,8.59971933,0.003407345821820591,0.0008859830019763104,65.8104838409666,43084404.62,0.774,5858.422238888889,4.881198473956976,4.914509472955395,4.08708232578359,317.0,235.0,187.0
5914,Catanduva,Brazil,30,109137.7044,526.01,24.28,211.545,13.103,1253.923,11.600365706984105,3.4011973816621555,0.018669836,7.012369539,0.005458748183574585,0.004771434434880784,18.3722040214735,44383688.65,0.784,3637.92348,4.886395895077305,5.170253577148606,4.606998266480921,318.0,346.0,412.0
6801,Villahermosa,México,96,492120.1226,9.54,26.344,242.948,12.626,1766.641,13.106478117300304,4.564348191467836,0.014659612,6.866138816,0.005077251253960409,0.0010610196183227563,35.6310565858963,123368308.4,0.749,5126.251277083334,4.886963581750314,5.4330762224360525,4.221095130717006,319.0,503.0,242.0
2472,Mazatlán,México,85,419191.6331,13.22,25.195,282.522,5.395,735.965,12.946083452581766,4.442651256490317,0.017457136,7.402387375,0.006084975569995459,0.0011283991740077507,78.9135884830512,67204946.11,0.78,4931.666271764706,4.890824276627021,5.274531152503996,4.486446440517322,320.0,412.0,357.0
4175,Barcelona,Venezuela,144,688689.5729,30.4,28.729,73.122,12.639,1045.066,13.442545901153908,4.969813299576001,0.010986639,8.376604072,0.007013608209203075,0.0007676809713057294,42.542573322166,23430362.07,0.707,4782.566478472222,4.893115441279809,4.927139371351281,4.4354512954296945,321.0,239.0,335.0
5188,Palmas,Brazil,51,192786.8071,260.98,27.176,132.156,13.527,1684.191,12.169340230912722,3.9318256327243257,0.017984648,6.404130791,0.0057420445510091124,0.0031256347249759495,44.1325818867725,36057178.84,0.746,3780.1334725490196,4.893841053016124,4.951037875750915,4.52638304799685,322.0,249.0,369.0
5552,Ourinhos,Brazil,30,105974.0589,448.09,22.254,266.372,13.963,1423.506,11.570949615785088,3.4011973816621555,0.016848061,6.941657281,0.010969889956871322,0.008840102139071696,33.1620106272551,35833703.78,0.784,3532.4686300000003,4.895452411092337,5.066071474143377,4.595061022549654,323.0,295.0,406.0
788,Lourdes,El Salvador,26,134315.7691,544.05,28.078,45.759,2.501,1371.24,11.807948792595413,3.258096538021482,0.013975513,6.47616429,0.00392584998541321,0.0005955005040283085,23.8989118452535,40425249.03,0.709,5165.991119230769,4.900599468712685,5.095187454359655,4.67336367832113,324.0,308.0,453.0
7343,Francisco Morato,Brazil,70,351136.9754,794.02,19.372,243.129,12.725,1608.638,12.768931669627731,4.248495242049359,0.012679681,12.35752841,0.0039718966025273795,0.002102625287632978,55.2746503049497,58713922.16,0.784,5016.2425057142855,4.903064415391683,4.99680371971037,3.5240828396331887,325.0,267.0,69.0
7750,Volta Redonda,Brazil,104,404484.7624,414.62,21.516,236.066,12.635,1520.907,12.910369344561007,4.6443908991413725,0.011725998,11.51000702,0.04948152404371018,0.03558642071692043,3.770267938945,39807314.71,0.787,3889.2765615384615,4.9040764570104605,6.725340870206327,3.875813886663448,326.0,975.0,130.0
5004,Dolores Hidalgo Cuna De La Independencia Nacional,México,17,83620.20846,1933.33,18.678,263.397,18.89,738.7,11.33404049785172,2.833213344056216,0.017546424,6.098806202,0.007797208425112793,0.0008038528846905963,90.8546095913817,46541588.36,0.734,4918.835791764705,4.90435862868373,5.234613060206513,4.207034446142745,327.0,379.0,235.0
1049,Boa Vista,Brazil,82,344499.4383,81.16,27.298,105.454,10.138,1973.262,12.749847738955566,4.406719247264253,0.017582942,5.802759448,0.006853611658367688,0.0024165425193176577,67.9791238600131,35350567.38,0.76,4201.212662195122,4.907621683501728,5.071666573735649,4.331710007999483,328.0,298.0,294.0
4738,Piedecuesta,Colombia,11,128963.2781,1029.74,20.059,37.15,8.511,5812.519,11.76728297692731,2.3978952727983707,0.01585918,7.429280236,0.006476688896596837,0.002697331740553825,77.5717971744885,127824896.0,0.767,11723.934372727272,4.909491266361196,5.300039186983729,4.751346463595539,329.0,429.0,507.0
5711,Caldas Novas,Brazil,20,71471.80829,697.56,24.263,159.382,13.28,1193.029,11.177058361279146,2.995732273553991,0.017297097,7.455367994,0.0067830186809591355,0.002884803197848403,61.1026268455122,34390510.77,0.765,3573.5904145,4.909697828366473,5.003642479656162,4.8059999133363664,330.0,268.0,544.0
1477,Vilhena,Brazil,23,76548.33764,596.5,24.668,94.232,12.675,1848.979,11.245677684847422,3.1354942159291497,0.018005241,6.840859694,0.004392841775695026,0.0017242320794178907,65.6740116110452,39630764.8,0.731,3328.1885930434782,4.912930785721781,5.082454418162615,4.724761459535848,331.0,304.0,489.0
6533,Sertãozinho,Brazil,23,111256.6458,548.22,23.568,207.228,13.275,1303.498,11.619594935772362,3.1354942159291497,0.019744675,6.689622235,0.013560023571994114,0.009370878838214983,37.6683387250991,51919814.62,0.784,4837.245469565218,4.913089714026881,5.100106155468991,4.538005962762648,332.0,310.0,380.0
6861,Campeche,México,52,229665.5719,19.16,26.723,190.893,7.69,724.006,12.3443794945529,3.9512437185814275,0.017408555,9.307043789,0.00361000148489387,0.0008640715754750004,61.869206555615,305579457.1,0.747,4416.645613461538,4.914436889387553,9.832066337599809,4.790214399725199,333.0,1075.0,530.0
6833,Itajaí,Brazil,54,260618.5975,8.7,20.378,323.647,13.091,1763.094,12.470813305286214,3.9889840465642745,0.017030159,6.886229366,0.018525332702271947,0.00896140073265493,49.1837522531908,77992900.64,0.773,4826.270324074074,4.9158888866606505,5.150523673402816,4.480587833662235,334.0,336.0,354.0
7932,Governador Valadares,Brazil,49,247145.697,178.08,24.707,214.304,13.776,779.089,12.417733308104076,3.8918202981106265,0.014413509,9.876596774,0.00227262246560983,0.0015525490746415868,41.1316899338997,41363315.61,0.758,5043.789734693877,4.917290319550739,4.962336310312905,4.5421189827647925,335.0,254.0,384.0
8268,Mossoró,Brazil,52,276968.9989,22.25,28.22,61.597,11.984,525.618,12.531660861577745,3.9512437185814275,0.018107238,7.787175575,0.0043363679097011025,0.0016085750039117463,70.744625658804,27427063.17,0.747,5326.3269019230775,4.918275352100455,5.101871397782928,4.867981562259169,336.0,311.0,582.0
8051,Jequié,Brazil,32,135558.0591,213.93,22.335,154.316,11.573,663.789,11.817155307973167,3.4657359027997265,0.017194736,6.927205693,0.0036792369938704736,0.002589082847232946,28.9963928239252,24129838.7,0.732,4236.189346875,4.919501696675555,5.024802362553524,4.8098656143067675,337.0,279.0,550.0
5100,Assis,Brazil,23,93872.71508,564.05,22.814,260.326,13.809,1429.147,11.449695048743582,3.1354942159291497,0.0187143,7.130062276,0.015339750019393921,0.009833217607729174,43.3630707692005,50541933.71,0.784,4081.4223947826085,4.924399084083002,5.110985369281342,4.5764378521073255,338.0,318.0,399.0
3222,Puerto Cabello,Venezuela,33,162198.2111,27.25,23.846,81.878,9.232,2159.5,11.996574391626059,3.4965075614664802,0.01072304,7.988998796,0.009399340580402987,0.0008352393209039529,67.2461123046203,19037408.78,0.716,4915.097306060606,4.927092089806111,5.07246193583587,4.592099145825991,339.0,299.0,405.0
7425,Santos,Brazil,158,1128177.916,14.13,22.509,240.049,6.095,1620.641,13.936114425552908,5.062595033026967,0.01406213,11.62055352,0.01527714727533454,0.00426516067189796,40.5232881444564,108117120.0,0.784,7140.366556962025,4.933736148896312,5.069318073856616,4.070404537966261,340.0,297.0,181.0
7461,Formiga,Brazil,15,55612.01011,860.38,21.647,212.748,12.326,1277.148,10.926154466084714,2.70805020110221,0.015172405,7.957427234,0.005145590159931012,0.0024706459357471335,61.3085428906505,26132515.2,0.758,3707.467340666667,4.936635422811493,5.009149171964508,4.78848451396156,341.0,271.0,528.0
1847,La Romana,Dominican Republic,37,248411.587,43.63,26.509,94.855,3.354,998.199,12.422842274491387,3.6109179126442243,0.016680365,6.691049176,0.00625517164876049,0.001665776132439426,71.8802433851035,79513167.64,0.748,6713.826675675676,4.9421706758041175,5.204359780729566,4.773206257231998,342.0,364.0,518.0
2872,Foz do Iguaçu,Brazil,71,219138.6881,208.79,21.903,345.383,14.436,2013.115,12.297460087357546,4.2626798770413155,0.016194903,7.071550491,0.010951395468083028,0.008309368117509507,59.1694753214097,38680907.64,0.766455206,3086.460395774648,4.9430184825310155,5.225367469271011,4.381200237211504,343.0,376.0,316.0
3163,Tesistán,México,17,60700.73127,1597.93,19.871,239.783,18.534,991.844,11.013711024256734,2.833213344056216,0.016527868,6.199537534,0.04519881326974993,0.007532083403548097,69.3262528886066,51428388.57,0.765,3570.6312511764704,4.94309355971337,5.82622135393817,4.46375782071602,344.0,694.0,346.0
2802,Cayambe,Ecuador,15,51685.21063,2805.05,9.57,53.261,9.315,2045.957,10.852926958257898,2.70805020110221,0.011239967,7.471616111,0.04287117543740578,0.011081424449967459,13.8592299723907,47345689.6,0.744,3445.6807086666668,4.943318199509478,5.673563326966085,4.28774825164631,345.0,622.0,273.0
5300,Ituiutaba,Brazil,27,95365.6185,575.99,24.558,162.926,13.619,1273.347,11.465473399397423,3.295836866004329,0.017578366,6.465001574,0.006873774350019028,0.003396435189313012,33.2248005732833,31137636.85,0.758,3532.059944444444,4.946343662028717,5.041114040674845,4.678496863507609,346.0,284.0,459.0
5526,Colonia Santa Teresa,México,10,54491.67687,2299.37,14.165,199.897,16.583,1150.35,10.905803251007105,2.302585092994046,0.014401287,6.160695287,0.010094378313797706,0.0018602677126239627,64.5816181690131,31624773.33,0.761,5449.167687,4.946544568067085,4.981371830219918,4.436063186276761,347.0,261.0,336.0
5645,Imperatriz,Brazil,48,233772.2661,128.54,27.301,96.435,12.77,1368.283,12.362102698657145,3.871201010907891,0.015196592,5.977805094,0.00247253704923982,0.0015437159113332478,45.9848485738005,28365981.19,0.704300836,4870.2555437500005,4.946630556411084,4.986259339049971,4.561826361585166,348.0,264.0,394.0
4913,Birigui,Brazil,26,114675.4355,413.67,24.363,220.784,13.004,1331.888,11.649861117147283,3.258096538021482,0.018804889,6.882567941,0.0058265212975798985,0.0035807210147896056,44.6244351776953,42236013.18,0.784,4410.593673076924,4.947571275220412,4.990095577320546,4.6169717396502925,349.0,265.0,417.0
1571,San Francisco de Macorís,Dominican Republic,25,147299.0359,114.24,22.555,151.196,10.843,1299.509,11.900220057283342,3.2188758248682006,0.016556495,6.637680696,0.005763599026801227,0.0014626395096317124,75.8548825250427,46493658.84,0.76,5891.961436,4.9479698720083904,5.158613308146988,4.79595995037289,350.0,341.0,534.0
1464,San Miguel,El Salvador,32,165221.9147,122.34,27.762,79.687,8.224,1718.158,12.01504478684005,3.4657359027997265,0.016021595,6.323368429,0.0066322531056468865,0.003540069630496783,55.5296613923312,41081768.42,0.63,5163.184834375,4.952970621855867,5.020584851012234,4.709126667918455,351.0,277.0,474.0
5069,Araguaína,Brazil,49,175408.6581,234.67,27.16,116.296,13.032,1738.23,12.0748737197316,3.8918202981106265,0.016159592,6.172252586,0.003083233896291918,0.0020650929395086685,37.5233279621734,29169019.87,0.746,3579.7685326530614,4.953330174150777,5.041006797321609,4.602897596875178,352.0,283.0,408.0
8262,Camaçari,Brazil,27,192501.0433,40.28,25.38,115.802,4.914,1474.426,12.167856852435548,3.295836866004329,0.017069385,6.806695184,0.05428793891922767,0.030427571917523162,4.55403631639519,44782351.52,0.732,7129.66827037037,4.953826641377099,6.612080398773265,4.805390534380834,353.0,950.0,543.0
514,Piura,Peru,73,491829.2709,34.06,23.472,224.22,12.895,332.914,13.105886924886562,4.290459441148391,0.019515055,6.69833039,0.002658299575105667,0.0012041792476406269,61.0912229935484,40820594.76,0.731,6737.387272602739,4.957383067585268,5.127261351571607,4.632662606685418,354.0,326.0,430.0
2865,Puyo,Ecuador,11,51412.38141,934.5,15.484,64.365,8.819,2439.481,10.847634305898529,2.3978952727983707,0.014176319,7.317649866,0.050349434045969046,0.0010936550394855557,11.5955816078395,22115998.55,0.696,4673.8528554545455,4.961213565949943,6.485004291330232,4.787856508076244,355.0,934.0,526.0
3929,Campo Mourão,Brazil,28,83840.62612,566.76,21.156,270.813,13.089,1852.836,11.336672967561334,3.332204510175204,0.016374078,6.687469609,0.008564036668718522,0.006209122457493403,29.7603645952156,29148195.76,0.767,2994.3080757142857,4.964473523958067,5.102046113411657,4.636234884562227,356.0,313.0,433.0
2478,Quíbor,Venezuela,12,55106.91505,689.4,21.482,59.947,10.402,1402.012,10.91703048726654,2.4849066497880004,0.014201441,7.179138545,0.002102096307439732,0.00017807293057679516,76.1580921144923,12000054.4,0.674,4592.242920833333,4.9646324465688405,5.114482672504569,4.891831824394027,357.0,321.0,602.0
7692,Icaivera,Brazil,21,80084.2784,904.5,21.396,206.62,13.38,1076.184,11.29083483913538,3.044522437723423,0.011737421,8.558400968,0.0014650167604806689,0.0010130324577539054,42.8104886461719,55712034.91,0.758,3813.5370666666663,4.964772234246721,5.226780853981004,4.5338952474141125,358.0,377.0,376.0
379,Pedro Juan Caballero,Paraguay,25,127053.1349,643.71,22.678,271.242,13.083,1462.727,11.752360662981483,3.2188758248682006,0.01700269,6.162433489,0.007241101025615071,0.007995766259955543,41.4137526957099,51623353.38,0.704780127,5082.125396,4.966307407606536,5.149227632661899,4.330856045704402,359.0,333.0,293.0
1476,San Miguel de Tucumán,Argentina,170,986266.9288,448.07,17.609,453.056,15.665,2129.42,13.80168231581113,5.135798437050262,0.015946361,7.365644508,0.0038278234882714642,0.0011080134444552614,28.193965737339,47373564.43,0.843,5801.570169411764,4.967417817584137,5.059509065107877,3.5538509674671594,360.0,291.0,73.0
217,Asuncion,Paraguay,383,1175481.866,119.28,23.108,387.115,15.186,1566.48,13.977188720216303,5.948034989180646,0.017574017,7.473750485,0.005955514806929392,0.007172398253443572,55.1988792053208,46635533.56,0.768233402,3069.1432532637073,4.96743695602068,5.30901369504662,4.158024989071652,361.0,434.0,205.0
5298,San Luis de la Paz,México,17,82683.02541,2036.22,17.603,283.889,18.896,523.299,11.32276960492595,2.833213344056216,0.016579486,6.258215206,0.005733535193823043,0.0008726470849997892,85.1654776419801,45408948.36,0.734,4863.707377058824,4.9698186535484705,5.212156934882765,4.259137648783057,362.0,367.0,261.0
6202,São Sebastião,Brazil,13,93637.43144,941.03,22.968,142.258,14.363,1178.835,11.44718549107058,2.5649493574615367,0.016467692,6.286923849,0.0034605743969454614,0.0015384493718765338,67.7666539416029,182506905.6,0.82,7202.879341538462,4.970531292527248,6.6379273186644525,4.675587613136673,363.0,956.0,457.0
7039,São Sebastião do Paraíso,Brazil,16,58085.51291,949.71,22.404,212.329,12.907,1457.794,10.969671564243441,2.772588722239781,0.019305434,7.236341512,0.005702168559743893,0.0025640903773332976,65.6263287116607,22205689.6,0.758,3630.344556875,4.970674558692053,5.031247232647971,4.691886631318587,364.0,281.0,467.0
5245,Senador Canedo,Brazil,17,67605.27191,794.59,24.018,139.625,14.236,1199.128,11.12144124582456,2.833213344056216,0.01814457,6.721173945,0.01710999163593187,0.010884910881353188,33.5773450247461,36858938.18,0.765,3976.780700588235,4.970743706240469,5.201637607878881,4.770098140803938,365.0,362.0,517.0
4051,San Juan de los Lagos,México,12,64562.88611,1748.02,19.186,286.865,18.799,861.697,11.075395006250695,2.4849066497880004,0.018151277,8.607899409,0.006366913773737429,0.001205838038782184,70.484930427991,48626747.43,0.765,5380.240509166667,4.973187051660816,5.0529794260315155,4.470566868343906,366.0,287.0,351.0
5933,Novo Hamburgo,Brazil,157,554410.0214,39.56,19.851,394.91,14.841,1615.805,13.225659802812785,5.056245805348308,0.014936081,7.647711634,0.025268159792881408,0.015007896039918155,11.2677581499894,45679208.39,0.773,3531.2740216560505,4.974471182895064,5.2924323313205015,4.261507009360523,367.0,424.0,262.0
4700,Valle de Santiago,México,15,90147.68425,1748.69,19.213,248.342,19.167,847.161,11.409204540558877,2.70805020110221,0.014388094,6.572872912,0.005225240831485918,0.0014390045353161692,69.4921337343939,64156995.37,0.734,6009.845616666667,4.9747170458542245,5.110301439118228,4.255655135001593,368.0,317.0,260.0
5404,Itumbiara,Brazil,25,97001.06136,482.57,25.077,159.127,13.712,1152.515,11.482477199281329,3.2188758248682006,0.018395439,6.815203498,0.015033532329836355,0.008496209024160723,30.2713007759028,30361798.0,0.764801148,3880.0424544,4.976709367583757,5.104367271172958,4.756439361494285,369.0,315.0,510.0
377,San Salvador de Jujuy,Argentina,57,278978.2479,1264.59,8.094,264.57,14.048,1297.827,12.538889093247983,4.04305126783455,0.017814423,5.98241578,0.00450810291212672,0.00192355357088756,41.4100648106015,49537713.78,0.843,4894.35522631579,4.979372431749621,5.008700983958248,4.320681313751773,370.0,270.0,287.0
4975,Riohacha,Colombia,27,258811.747,11.17,25.42,75.784,9.08,2924.544,12.463856230841527,3.295836866004329,0.016844624,6.391559862,0.0027744910370509574,0.0009311241844984726,81.6990854109325,33929882.84,0.685,9585.62025925926,4.981955517477306,5.322685507143104,4.7189317800548825,371.0,440.0,482.0
6788,Patrocínio,Brazil,18,56577.51233,957.47,22.238,179.605,12.898,1087.69,10.943366876586033,2.8903717578961645,0.018452203,7.143075815,0.010219349150217402,0.005420356399770326,44.4823397315852,22336393.14,0.758,3143.1951294444443,4.9832462862961036,5.038416959752069,4.827024414696536,372.0,282.0,555.0
4973,Zitácuaro,México,20,112348.6402,1974.38,23.925,193.026,17.377,1154.601,11.629362174291455,2.995732273553991,0.015706208,6.722018948,0.003075780798119531,0.0008551772152734964,76.3989996725007,53202789.33,0.722,5617.4320099999995,4.983255782991108,5.117900228323333,4.211188059189515,373.0,322.0,238.0
5130,Castanhal,Brazil,39,176238.3347,40.25,27.265,83.316,10.138,1947.873,12.079592532384828,3.6635616461296463,0.014969736,6.038934466,0.003908063740771377,0.002696464030053048,29.3965071976041,34740014.55,0.716,4518.931658974359,4.98338922796678,5.096992556685752,4.659044425151318,374.0,309.0,447.0
357,Ensenada,México,66,268062.5449,71.68,16.551,232.156,6.722,300.165,12.498975608757474,4.189654742026425,0.017590236,8.748603105,0.008144377240040893,0.0010089704288001036,85.9442584893493,44081835.57,0.786,4061.55371060606,4.98368171129357,5.439556528103743,4.936902026658364,375.0,505.0,623.0
7620,Lorena,Brazil,22,83745.19327,534.84,20.359,227.264,11.728,1483.057,11.335534054249182,3.091042453358316,0.013845282,6.53020482,0.015326085445154528,0.011048875348425104,16.9552146567544,42539931.43,0.784,3806.5996940909095,4.983820709852938,5.2977941162043845,4.658527477844647,376.0,427.0,446.0
2334,Santiago,Chile,801,6633766.609,591.18,14.826,447.7,19.061,497.027,15.707683316833187,6.68586094706836,0.0232141,7.941749681,0.004666557989233594,0.0026017983139358133,33.3336084603846,145957090.9,0.883,8281.855941323345,4.984275578931571,5.085307942442204,4.227872762622237,377.0,305.0,244.0
3170,Toledo,Brazil,36,115692.384,537.78,21.806,307.614,13.194,1856.456,11.658690085604636,3.58351893845611,0.019797008,6.669650624,0.01559261113899252,0.010386436307423658,25.6616829153569,25603633.02,0.767,3213.6773333333335,4.987623102328756,5.189381868696335,4.42422682333781,378.0,356.0,330.0
6959,Cancún,México,84,610780.9469,7.97,25.985,164.061,6.924,1199.595,13.322493658159662,4.430816798843313,0.023635012,7.035655803,0.00771319648955474,0.0012378479876858123,58.420529121182,119619131.1,0.758,7271.201748809523,4.990069767891682,5.230447963433777,4.391372958013176,379.0,378.0,321.0
7799,Rio de Janeiro,Brazil,1285,9853692.802,45.22,23.134,201.331,5.907,1111.39,16.103356846645763,7.158513997329321,0.014313637,9.811012056,0.008309242277308617,0.0037066014384603916,45.3129988589481,110200386.4,0.787,7668.243425680933,4.9904189962748635,5.102503895463419,4.344609139692331,380.0,314.0,299.0
367,Havana,Cuba,321,1632771.662,41.45,25.416,223.105,7.634,832.397,14.305789534864155,5.771441123130016,0.013753067,6.904535169,0.005795735844151367,0.0019626340089763266,11.245929138209,101140799.0,0.83089815,5086.516080996885,4.9921082177489,5.288955844114054,4.158843892060617,381.0,422.0,207.0
6133,Barretos,Brazil,30,114680.0162,552.23,24.118,194.378,13.008,1254.206,11.64990106125994,3.4011973816621555,0.019366666,6.182218424,0.010450272175894584,0.00622783478304043,39.5032145393906,38135451.68,0.784,3822.6672066666665,4.992346261912341,5.0822444704814265,4.540912568172413,382.0,303.0,383.0
7806,Juiz de Fora,Brazil,94,540557.6137,757.38,20.493,229.56,13.471,1576.819,13.200356503720235,4.543294782270004,0.011993001,12.56941881,0.00587711825722084,0.0036563123519223867,21.4703043382748,59814439.38,0.758,5750.612911702127,4.992373684830123,5.1019092569621725,3.3737840236050105,383.0,312.0,52.0
2473,Jalapa,Guatemala,14,85516.91296,1378.03,22.087,75.438,12.853,1782.801,11.35646944776022,2.6390573296152584,0.010454332,5.642986464,0.00518778456113718,0.007734895414505851,56.0160606878238,12797101.18,0.622,6108.350925714286,4.996909539583703,5.199547920801243,4.221877547457176,384.0,360.0,243.0
4626,Silao,México,17,108073.6405,1781.37,19.43,270.038,19.398,802.878,11.590568130229325,2.833213344056216,0.016394622,6.148176642,0.004852963221647004,0.00097035936954488,68.3463316130301,63535274.67,0.734,6357.272970588235,4.998886726917532,5.090195636372702,4.158006114297377,385.0,307.0,204.0
2994,Macapá,Brazil,74,451688.6323,10.35,27.481,84.082,7.866,2303.085,13.020748354843835,4.30406509320417,0.011703408,5.89966099,0.002581402727322965,0.0011862492714607997,73.0768965043302,37610854.99,0.745,6103.900436486487,4.998953355793569,5.2369527740724555,4.245072367889423,386.0,383.0,257.0
3113,Mineiros,Brazil,17,58494.88635,792.21,22.996,147.155,13.148,1398.494,10.976694616578712,2.833213344056216,0.019035338,7.003962367,0.005715324247604082,0.004222160300906372,20.5838675244722,19653088.0,0.765,3440.875667647059,5.002367477130674,5.261679499991733,4.809426515972385,387.0,402.0,548.0
8178,Itabuna,Brazil,33,218577.2664,70.66,23.64,166.634,11.71,805.601,12.294894852976233,3.4965075614664802,0.014798258,7.137860915,0.0022648086971683344,0.0016608099082165116,33.9033235486869,48772665.6,0.732,6623.5535272727275,5.002468802042509,5.043687902476714,4.809338403422599,388.0,286.0,547.0
2672,Manzanillo,México,54,176405.315,22.89,26.602,149.301,3.299,1336.941,12.080539552486405,3.9889840465642745,0.013834636,7.293496736,0.10473927497683388,0.007310555218140678,11.1753613504004,44569500.66,0.761,3266.7650925925927,5.006276142451414,9.198166580113595,4.838166607861556,389.0,1072.0,561.0
1757,Ciudad Ojeda,Venezuela,42,174151.1074,6.36,28.028,53.924,4.608,4850.749,12.067678634659947,3.7376696182833684,0.012551421,7.273373181,0.004545796459046805,0.0002743364968347023,87.4763443642795,12504159.32,0.681,4146.4549380952385,5.008036775709307,5.330136259682885,4.799910372648465,390.0,448.0,541.0
5038,Votuporanga,Brazil,23,81983.83559,492.05,24.494,202.113,13.159,1400.161,11.3142773798631,3.1354942159291497,0.018773106,7.370917178,0.008197493995316009,0.004164108139222521,52.7434043317495,33560748.14,0.784,3564.5145908695654,5.012737999256155,5.0673879360735805,4.793506524076483,391.0,296.0,532.0
7644,Cruzeiro,Brazil,21,83506.81628,532.9,20.347,238.67,13.668,1593.429,11.332683539603037,3.044522437723423,0.012379469,7.384339785,0.0038869724456462064,0.002857764519291766,29.5867983554606,43177405.63,0.784,3976.5150609523807,5.015772739230178,5.174981341367208,4.63991056657573,392.0,347.0,436.0
6666,Minatitlán,México,39,166259.1817,16.18,26.223,241.252,12.89,1702.617,12.021303185263752,3.6635616461296463,0.015664802,7.695266236,0.034717412546365255,0.0020128705129913377,13.2592489503225,40349453.13,0.72,4263.055941025641,5.016539055088126,5.6493430999215555,4.705064085306581,393.0,607.0,472.0
1465,Danlí,Honduras,13,75556.94656,773.42,23.528,127.718,13.123,1104.072,11.232641909999543,2.5649493574615367,0.013006771,7.622171217,0.0020373470227619535,0.00195322244832653,63.1653417623321,18010675.2,0.586,5812.072812307692,5.017125391486315,5.086665118915019,4.809261054496479,394.0,306.0,546.0
3281,Umuarama,Brazil,27,91482.86738,429.67,22.878,295.062,13.018,1689.65,11.423906991983054,3.295836866004329,0.01884362,7.786255571,0.0079097098919332,0.00538232090946295,24.6247535477772,31603906.0,0.767,3388.2543474074073,5.018236345030471,5.149508734400029,4.6750737132189935,395.0,335.0,456.0
7169,Mogi Mirim,Brazil,24,73462.7671,648.16,22.485,247.509,14.36,1351.8,11.204533986782936,3.1780538303479458,0.015505746,7.047414282,0.03604482525763721,0.023404607544928704,27.7960289828785,27625136.0,0.784,3060.9486291666667,5.019288094962704,5.887981181613475,4.76536657853656,396.0,732.0,514.0
3698,Puerto Maldonado,Peru,17,88873.83774,195.84,25.496,104.283,10.135,2782.945,11.394973089551677,2.833213344056216,0.017164678,6.517602779,0.004605786869410372,0.001110007517607172,90.6853292181455,60017623.58,0.701,5227.8728082352945,5.019494052518262,5.427792335121164,4.802053479118262,397.0,499.0,542.0
1838,Escuintla,Guatemala,21,85049.82379,323.07,27.32,90.481,12.668,1983.754,11.350992525981768,3.044522437723423,0.01342001,7.176936734,0.03936619006050971,0.009107881599844993,38.2401890129668,46468510.72,0.647,4049.991609047619,5.021049246835038,5.404533672529251,4.895908205367983,398.0,487.0,606.0
2548,Coro,Venezuela,32,200198.7345,20.95,27.604,109.927,12.467,1056.141,12.207065824664458,3.4657359027997265,0.015157111,7.254277624,0.006965577513568149,0.00033035687200110654,93.7700907469629,23514843.9,0.684,6256.210453125,5.021629268069803,5.569780000173748,4.89578561537288,399.0,561.0,605.0
7415,Arujá,Brazil,14,58639.22388,806.91,19.826,249.923,12.711,1805.417,10.979159101138702,2.6390573296152584,0.013777672,9.007032702,0.08833527004822288,0.05971190881732045,18.9282184845036,58461390.22,0.784,4188.515991428571,5.022186636946922,9.967293475987578,4.666989658572987,400.0,1078.0,451.0
2169,San Juan Sacatepéquez,Guatemala,16,85399.79373,1868.03,23.905,69.053,11.348,2409.655,11.355098964434166,2.772588722239781,0.008441874,6.961212733,0.013198674286657436,0.014483619659733339,70.591764705272,48563174.4,0.731,5337.487108125,5.022197074059829,5.716671871226647,4.063336018580278,401.0,647.0,180.0
6398,Jaboticabal,Brazil,18,67345.49992,612.34,23.568,207.228,13.275,1303.498,11.11759136327361,2.8903717578961645,0.016772871,7.095687822,0.008675508717598661,0.005337073332308259,56.0948165068875,61634506.67,0.784,3741.4166622222224,5.0229288855199625,5.280460440528263,4.832565002187462,402.0,414.0,559.0
5550,Huehuetoca,México,16,60013.06101,2263.67,14.055,194.987,16.44,1234.216,11.002317501014623,2.772588722239781,0.012208322,5.784453064,0.010942347264232639,0.0022983604892777656,63.3419693103452,23582867.2,0.761,3750.816313125,5.023158941488697,5.06245070169819,4.2199613366315845,403.0,292.0,241.0
1664,Camagüey,Cuba,51,286044.8646,99.69,26.17,162.999,10.792,1001.976,12.563903946730068,3.9318256327243257,0.016007099,5.907621115,0.004460807681883481,0.0018051825089608691,12.8064398363452,44593962.67,0.757,5608.722835294117,5.024139728176249,5.21663943912115,4.553092068507624,404.0,369.0,390.0
2179,Sorriso,Brazil,19,72270.87947,372.19,25.729,95.022,13.302,1478.843,11.188176553429495,2.9444389791664403,0.017704762,8.457070487,0.016422029553503092,0.012029300683131704,16.1285084242131,66773434.18,0.755,3803.7304984210527,5.0271181702016925,5.6196802830070585,4.978906182270897,405.0,594.0,647.0
3968,Barranquilla,Colombia,157,2166638.375,35.06,27.53,51.692,4.752,1589.573,14.588687388420196,5.056245805348308,0.021342609,7.189642923,0.00547387023802807,0.001612218019442677,30.4943412930648,121684373.1,0.773168553,13800.244426751593,5.027687483937846,5.105095271755179,4.682492049141619,406.0,316.0,462.0
2401,Culiacán,México,137,671458.5658,55.55,24.7,364.704,8.903,577.192,13.417207589095273,4.919980925828125,0.021278585,7.612948009,0.00594232758705392,0.0007606129564070862,88.6787067759674,85722903.81,0.78,4901.15741459854,5.028037507243419,5.611582916585326,4.33544161784634,407.0,586.0,295.0
5912,Zacatelco,México,53,136461.4823,2224.92,20.992,186.98,17.565,1024.058,11.823797672834234,3.970291913552122,0.012808337,6.270124265,0.020962329588808813,0.0034612227361464033,59.4244914572285,23580329.35,0.745996626,2574.7449490566037,5.028185230955415,5.165861029979484,4.177201792785322,408.0,344.0,219.0
6653,Unaí,Brazil,13,60236.25668,590.07,22.829,147.014,12.97,1412.69,11.006029720436757,2.5649493574615367,0.017411665,6.783838068,0.006260976847889347,0.002097661633295902,73.473465765472,31286454.86,0.758,4633.558206153846,5.031010770428952,5.157463196036597,4.902512454689988,409.0,339.0,610.0
7855,Petrópolis,Brazil,60,212433.7842,892.43,23.426,248.464,12.661,1511.552,12.266385615023362,4.0943445622221,0.009407695,8.766110078,0.005971588634662189,0.0023515882984021146,67.9492044465193,32390048.43,0.787,3540.5630699999997,5.031962913762293,5.218042683235485,3.903676986328349,410.0,371.0,139.0
1370,Santa Clara,Cuba,36,222228.933,122.13,24.778,205.365,11.245,933.212,12.311463359232034,3.58351893845611,0.015119932,6.723364929,0.0041311915323960086,0.001581481316030978,19.7390385912224,44770659.56,0.765,6173.0259166666665,5.032927585817066,5.146922057614865,4.682129119749321,411.0,330.0,461.0
5350,Capulhuac de Mirafuentes,México,19,78932.39507,2620.08,19.212,177.717,16.393,1416.066,11.276347006471134,2.9444389791664403,0.012899616,5.978012471,0.003912318434657123,0.0014677194676059131,56.3892069807014,44861696.0,0.761,4154.3365826315785,5.038538803316462,5.124035490376359,4.093847257538805,412.0,325.0,188.0
13,David,Panama,34,126994.9335,33.1,26.56,67.879,4.099,3255.833,11.751902470944167,3.5263605246161616,0.013951603,6.195696874,0.005285535821159353,0.0009658365677005532,72.5857525566812,40420707.9,0.801,3735.1451029411764,5.038601057768693,5.249118626664961,4.7533761594547626,413.0,388.0,508.0
7684,Fazenda Castro,Brazil,14,61944.14509,924.68,21.947,202.508,13.273,1066.752,11.033988372340712,2.6390573296152584,0.014754695,9.425713819,0.004085643913711167,0.0017098236070433432,67.0977249633117,40800135.53,0.758,4424.581792142857,5.0392307186714,5.1659528420411664,4.740965504084855,414.0,345.0,501.0
7232,Vinhedo,Brazil,20,64329.16155,707.95,21.597,247.338,14.189,1274.214,11.07176833074324,2.995732273553991,0.015083973,9.286598218,0.016752698003585125,0.00971057781165811,35.3090743281547,34862096.0,0.784,3216.4580775,5.039488575478338,5.154950313011749,4.79802950167475,415.0,337.0,538.0
7785,Itabira,Brazil,20,97287.24659,761.92,21.144,208.801,13.09,1130.887,11.4854231865103,2.995732273553991,0.01536218,10.95276747,0.0023981364483593205,0.0009856170163300333,77.442116149921,39814448.0,0.758,4864.3623295,5.051434828805881,5.264657938077743,4.49200986163632,416.0,404.0,361.0
2171,Lima,Peru,984,10828103.83,238.98,18.242,209.825,4.292,117.377,16.1976555186988,6.891625897052253,0.022089235,8.661646257,0.004668516903298848,0.0017162091603521315,53.9736972323081,147804237.3,0.82,11004.17055894309,5.056218206962587,5.236609798528113,4.869392305858103,417.0,382.0,586.0
7310,Polvilho,Brazil,26,81344.815,751.79,19.372,243.129,12.725,1608.638,11.306452373676747,3.258096538021482,0.011849111,9.777290681,0.0336125612526871,0.025271336059514055,14.4884907775403,39262425.21,0.784,3128.646730769231,5.060428108942312,6.005390740961816,4.543600852137364,418.0,783.0,385.0
3746,Tacna,Peru,48,341997.3547,563.71,18.539,234.751,9.789,384.603,12.742558281219507,3.871201010907891,0.024607358,6.371667648,0.0027110970163156055,0.0011756189723651099,74.7512781963783,61502309.52,0.783,7124.944889583334,5.060672143736472,5.265443745416478,4.406233450260944,419.0,405.0,324.0
6458,Barra Bonita,Brazil,18,58841.94742,499.28,21.622,239.318,13.448,1502.528,10.98261027104056,2.8903717578961645,0.017088277,7.635669726,0.028095732838102593,0.02411141809624696,9.40317820742072,32121858.78,0.784,3268.9970788888886,5.06448868272905,6.152116622218321,4.949486375516588,420.0,845.0,630.0
3330,Sincelejo,Colombia,28,294641.5986,200.67,28.319,49.101,7.392,2142.067,12.593514976708356,3.332204510175204,0.020303343,7.250215529,0.005004035224240736,0.0013301585543834338,81.4792056401007,70028438.59,0.733,10522.914235714286,5.065596866440076,5.282125716977243,4.785493399684464,421.0,415.0,524.0
7869,Coronel Fabriciano,Brazil,37,132635.7804,287.43,22.544,213.314,13.349,1457.99,11.795362157438488,3.6109179126442243,0.011235538,9.247557704,0.11607528822788908,0.0794029648973438,5.89961591693497,35007800.89,0.758,3584.7508216216215,5.068062410418858,12.684874538456027,4.583503913825893,422.0,1084.0,403.0
8002,Cabo Frio,Brazil,51,212519.0644,14.0,22.983,155.139,3.295,717.467,12.266786978146003,3.9318256327243257,0.012412674,7.141267997,0.0022339118632972864,0.0013902891872367947,48.6425329632862,37499821.18,0.787,4167.040478431372,5.069259824871602,5.1591092322422725,4.739203728369976,423.0,342.0,500.0
6931,Playa del Carmen,México,40,236352.0827,7.5,26.407,131.396,3.395,1381.887,12.373077848114015,3.6888794541139363,0.016859056,5.784162567,0.004943161195515837,0.0009052626835430886,74.1800689342175,69441906.94,0.758,5908.8020675,5.078618966803459,5.328872189237548,4.6577254225924705,424.0,447.0,445.0
8016,Macaé,Brazil,48,209075.8324,6.2,23.528,199.005,8.763,1199.216,12.250452299588208,3.871201010907891,0.011310919,7.925048338,0.03497007961238178,0.012027025429884165,60.759783652025,42518174.9,0.787,4355.746508333334,5.079269703678154,5.5542523867144595,4.635130172812091,425.0,555.0,432.0
7981,Petrolina,Brazil,94,444538.0588,374.27,26.912,162.055,13.314,265.198,13.004790951868078,4.543294782270004,0.018530959,5.668405543,0.0071369549275608615,0.00223958810799576,33.2450219290576,21813313.76,0.732627563,4729.128285106383,5.085738365784828,5.148389254596789,4.431837535427918,426.0,331.0,333.0
3885,Três Lagoas,Brazil,36,110115.4238,321.53,24.819,233.177,13.626,1338.995,11.609284401909214,3.58351893845611,0.017690203,6.919647639,0.08182535586131033,0.0605041316078284,4.63794363320233,42526182.4,0.761,3058.761772222222,5.086320782401072,10.353724801989042,4.81126417691182,427.0,1079.0,551.0
8373,Vitória de Santo Antão,Brazil,17,109624.3428,157.24,24.41,110.523,8.394,1092.497,11.604814734673617,2.833213344056216,0.017723876,7.726953967,0.010512952262223277,0.00968567831512692,15.0009421809889,27352925.09,0.733,6448.490752941177,5.086610497468308,5.409959129756752,5.059169485034488,428.0,489.0,707.0
5454,Caçador,Brazil,21,65948.75256,932.03,17.616,327.208,14.207,1915.074,11.096633243031013,3.044522437723423,0.013440597,9.492491926,0.010272795242436654,0.006841158709780454,26.4696517452489,41662383.41,0.773,3140.4167885714282,5.08753983877515,5.2567636208442075,4.545643783386414,429.0,396.0,386.0
4556,Erechim,Brazil,29,83700.75314,748.16,18.758,357.412,14.691,2058.641,11.335003254525494,3.367295829986474,0.015135476,10.08250135,0.010316368675879277,0.00686187119534442,28.7775533004683,32482805.62,0.773,2886.232866896552,5.087591786691606,5.187707860086,4.5101855045325845,430.0,354.0,367.0
1162,Valparaíso,Chile,152,838445.6069,144.17,13.293,171.505,4.265,368.243,13.639304988612361,5.0238805208462765,0.019275725,9.684950838,0.006548777854871482,0.0026951282482639482,52.1739765507483,87490127.76,0.868,5516.089519078948,5.088323316297531,5.2015536784706535,4.852633538330231,431.0,361.0,569.0
2546,Huánuco,Peru,24,191398.7143,1964.66,4.59,76.791,11.875,1947.807,12.162114040632558,3.1780538303479458,0.01944955,8.429630085,0.0017468070989179053,0.0013141646382365485,56.2171414751961,28673822.9,0.718,7974.946429166666,5.089673928518647,5.239216434125216,4.728256278716289,432.0,385.0,493.0
4880,Trindade,Brazil,18,67350.84337,762.37,24.742,139.817,14.248,1160.081,11.117670703957584,2.8903717578961645,0.017009675,6.273790251,0.005173158915040324,0.0036068085214090166,31.0217429060243,32750433.39,0.765,3741.7135205555555,5.092447357366362,5.2503826224741985,4.841016581011461,433.0,389.0,563.0
4011,Santa Teresa del Tuy,Venezuela,40,205779.8951,181.56,25.913,66.463,12.52,996.938,12.234562406161958,3.6888794541139363,0.010599431,6.773291472,0.0070289386532299295,0.00024309033855659693,21.5257823007247,22687268.57,0.728,5144.4973775,5.09379346836653,5.218618385485021,4.617346997228424,434.0,373.0,419.0
4480,Maturin,Venezuela,96,487362.3029,68.04,27.221,82.285,11.652,1131.003,13.096763073932202,4.564348191467836,0.012194791,5.811562101,0.0023630082042133257,0.0003642454698295049,8.11239053322801,18220179.53,0.686,5076.690655208334,5.0939482024306,5.367543513562566,4.364777584137149,435.0,468.0,308.0
5950,Ramos Arizpe,México,21,89395.60603,1412.37,17.072,385.369,16.777,566.456,11.400826810401155,3.044522437723423,0.018981017,6.418502773,0.03640481068812103,0.005942338445087893,22.8714665227337,61187771.08,0.675,4256.93362047619,5.095649191298051,5.610698758257524,4.335814375498686,436.0,585.0,297.0
4097,Pato Branco,Brazil,25,64886.07871,809.2,18.79,315.421,13.921,2001.943,11.080388375984976,3.2188758248682006,0.013277634,8.410754521,0.006177959236103759,0.002890906975907159,65.0702236162077,19149597.09,0.767,2595.4431484,5.096477723107259,5.235621883571123,4.710088690202856,437.0,380.0,477.0
8250,Simões Filho,Brazil,20,106245.4847,57.25,25.331,100.709,3.204,1582.169,11.573507588942466,2.995732273553991,0.01327511,7.032434425,0.061299051710185196,0.031247044615111064,21.5690270580643,38399267.56,0.732,5312.274235,5.096481335503515,6.680705999011299,4.961088407702548,438.0,965.0,640.0
1153,El Progreso,Honduras,26,138953.7938,45.25,24.114,183.118,12.265,1870.553,11.841896738144447,3.258096538021482,0.015321412,6.023299998,0.003371654838739638,0.0026503507859387426,65.7892382300936,23392988.0,0.611791048,5344.376684615385,5.097275436410981,5.253562031594433,4.734326636949345,439.0,393.0,497.0
5217,Jardim Aureny III,Brazil,22,107088.964,258.13,26.971,127.554,13.418,1828.463,11.581415207242234,3.091042453358316,0.017168579,6.267451678,0.005906339551477966,0.0027449241641370253,60.638022150165,51342304.0,0.746,4867.680181818182,5.09750307297172,5.20363977543491,4.796355895833655,440.0,363.0,535.0
6270,Campo Largo,Brazil,26,63981.91322,946.42,18.155,284.242,13.253,1686.36,11.066355716463725,3.258096538021482,0.012258362,7.941859348,0.010632340662741437,0.005628022384839213,45.94379076164,21615068.24,0.767,2460.8428161538463,5.100019478520764,5.178955568432448,4.717776588978298,441.0,349.0,481.0
8318,Arapiraca,Brazil,35,174023.2926,266.22,26.039,152.035,10.65,720.594,12.066944434754719,3.5553480614894135,0.016589097,5.90007137,0.0033659502642751403,0.003112582927459218,21.2633478463334,30991461.82,0.715,4972.094074285714,5.100678900575862,5.250520224683145,4.724049981073324,442.0,390.0,487.0
203,Colón,Panama,50,187545.5842,14.45,26.441,39.342,2.989,3114.834,12.141777210578095,3.912023005428146,0.008223998,8.284229726,0.06658159879678467,0.0052672843314964055,47.0252440075681,196596322.8,0.81,3750.911684,5.101635762377066,8.574306929625006,4.5616564266701065,443.0,1065.0,393.0
2476,Florencia,Colombia,18,204480.3619,305.63,25.919,88.581,10.586,2508.682,12.228227220024984,2.8903717578961645,0.016546174,9.571630238,0.003896831439767713,0.00098322205387783,88.3549158994227,71517875.2,0.707,11360.020105555555,5.101863710766529,5.394113425492261,4.864575811602008,444.0,483.0,578.0
7244,Itapira,Brazil,16,59418.41258,637.28,22.485,247.509,14.36,1351.8,10.992359433412348,2.772588722239781,0.015128824,7.792142322,0.0066906542089078475,0.00489525369215106,22.1952790960424,32835836.8,0.784,3713.65078625,5.102422130784723,5.287646927254704,4.868939040559094,445.0,421.0,583.0
3219,Lázaro Cárdenas,México,32,168921.4163,18.48,27.041,101.981,3.164,1448.547,12.03718889345507,3.4657359027997265,0.02010722,6.76755827,0.08796927865788916,0.0059263790607526415,4.65738615512934,55976828.44,0.722,5278.794259375,5.103988043958253,8.373308499223775,4.799751257789816,446.0,1062.0,540.0
6698,Criciúma,Brazil,59,157833.4242,57.35,18.099,326.79,14.06,2441.177,11.969295478652771,4.07753744390572,0.015023127,7.616313327,0.007935631912578121,0.005374039562210803,26.1140246274006,40252046.58,0.773,2675.142783050848,5.105604974872322,5.2576907545192615,4.869627799656648,447.0,399.0,588.0
6364,Coatepec,México,12,65623.40746,1196.9,13.44,179.91,12.786,1680.693,11.09168773232328,2.4849066497880004,0.012046774,7.321803792,0.0037149899048994003,0.0013295353985874844,57.198561940831,52825467.43,0.72,5468.617288333334,5.108005220027448,5.188975080695708,4.719248478388071,448.0,355.0,483.0
370,Rubio,Venezuela,15,73233.63707,888.19,16.471,68.131,9.93,1623.956,11.201410117215335,2.70805020110221,0.011697686,6.449925288,0.0033337078540512806,0.0002415458385890597,91.8275030847499,16199622.4,0.692,4882.242471333333,5.108917747037542,5.465201246403052,4.618498837995435,449.0,515.0,421.0
5007,Goianésia,Brazil,18,62965.9407,651.6,24.875,126.291,14.254,1257.054,11.050349235374403,2.8903717578961645,0.016446725,6.447706312,0.005757123088752647,0.0018909527556538197,76.9851077850599,27106281.74,0.765,3498.1078166666666,5.117761246382731,5.318699968433984,4.938172462674541,450.0,438.0,625.0
6891,Pirassununga,Brazil,17,57615.26236,627.22,21.875,230.801,13.545,1485.465,10.961542783113005,2.833213344056216,0.017823787,6.654728017,0.01495206907192846,0.008112663312100206,39.1923082981757,52945480.35,0.784,3389.13308,5.120910885671106,5.325291696453333,4.874448031048086,451.0,445.0,591.0
34,Paramaribo,Suriname,102,253625.5111,2.95,26.57,70.16,9.896,1991.45,12.443614092305976,4.624972813284271,0.013393298,6.923506461,0.05819387624989984,0.0016907907565060398,9.01263653583005,25322001.21,0.75872347,2486.524618627451,5.122749883282902,6.647190311337353,4.837051085935479,452.0,959.0,560.0
7266,Amparo,Brazil,16,51570.25721,690.91,20.916,245.689,13.897,1383.838,10.850700374622251,2.772588722239781,0.014458661,8.516187108,0.007870963460839406,0.0056452687860270604,22.824466336591,29408953.6,0.784,3223.141075625,5.122940189776315,5.32276032787599,4.937490594189877,453.0,441.0,624.0
8166,Eunápolis,Brazil,20,91709.4262,181.46,23.897,182.025,12.415,883.363,11.426380446854756,2.995732273553991,0.016660429,7.203028584,0.007978039033516491,0.002500548520965449,34.9792038788023,29929477.33,0.732,4585.47131,5.128090329970202,5.155796392668375,5.042434476123814,454.0,338.0,691.0
9,Santa Rosa,Honduras,8,53613.32151,1122.84,22.94,143.254,12.218,1506.671,10.889552851813358,2.0794415416798357,0.014962835,8.55349923,0.0030997633135265153,0.0021598009316845255,80.2204255754468,29684020.36,0.572,6701.66518875,5.131344099447212,5.283153869399405,4.895593350627901,455.0,416.0,604.0
6683,Batatais,Brazil,15,52834.19604,865.28,23.397,213.908,13.618,1253.891,10.874913912330856,2.70805020110221,0.017522271,7.067282295,0.019946235273157947,0.014867311690601055,46.2816408789706,30966275.2,0.784,3522.279736,5.132284493310836,5.537660913381811,4.892900380345353,456.0,547.0,603.0
1565,Esmeraldas,Ecuador,18,155381.0933,43.78,25.265,52.543,7.024,1855.002,11.953636044777765,2.8903717578961645,0.013636856,8.579909044,0.04293986917068494,0.002035228733050754,11.7303874189234,203398246.4,0.729,8632.282961111112,5.135201474751705,7.622785860304022,5.028511106210491,457.0,1047.0,677.0
3795,Francisco Beltrão,Brazil,24,66039.95083,568.78,18.874,317.619,13.827,2001.074,11.09801515348503,3.1780538303479458,0.014024283,8.215374724,0.006219791871746916,0.005309840726709094,13.1076692967943,21130360.0,0.767,2751.664617916667,5.135352768156507,5.4146184741965895,4.841307800148679,458.0,490.0,564.0
8064,Crato,Brazil,22,99477.40029,444.51,24.727,120.469,12.0,641.079,11.507685764584313,3.091042453358316,0.013033224,6.539041023,0.006899095806768795,0.004220691549105621,50.0380096359207,24373184.0,0.73,4521.700013181819,5.13601845423016,5.181764509637271,4.891327882286185,459.0,351.0,601.0
3050,Tinaquillo,Venezuela,23,99630.81772,430.46,27.241,132.229,12.725,1414.995,11.509226810573221,3.1354942159291497,0.011909822,7.316675879,0.0035330370730294555,0.0003309940825405884,76.4397659281361,15243783.11,0.671,4331.774683478261,5.1373549102368505,5.338933090061225,4.828809768952473,460.0,453.0,557.0
197,Sonsonate,El Salvador,33,181726.1955,347.26,28.078,45.759,2.501,1371.24,12.11025641295274,3.4965075614664802,0.012053843,5.665690239,0.0039961368312748284,0.002042755095491998,63.847056175505,27794197.85,0.642,5506.854409090909,5.1390791772371935,5.236301259052798,4.61715484047072,461.0,381.0,418.0
1161,La Vega,Dominican Republic,25,119131.7426,105.14,20.054,116.694,8.788,1478.599,11.687985240404043,3.2188758248682006,0.017245188,6.140015921,0.013701013038669342,0.0021578849638937457,41.9367011047618,39726373.16,0.763,4765.269704,5.139527308609308,5.1491846650119735,4.867554835736962,462.0,332.0,581.0
6903,Chetumal,México,41,187116.3466,7.27,26.614,169.564,10.199,1475.245,12.13948587669807,3.713572066704308,0.01808912,5.991085673,0.0052060231032108025,0.0008996789191693207,76.7036011916826,37902443.1,0.758,4563.813331707317,5.140194652510125,5.36460622371639,4.708644795527831,463.0,464.0,473.0
6334,Lençóis Paulista,Brazil,14,55246.61168,577.38,22.065,244.959,13.418,1386.907,10.919562290440595,2.6390573296152584,0.018502549,7.850723041,0.04568615131511718,0.026451499518259685,19.4502516224245,33822552.89,0.784,3946.186548571429,5.14101733604006,6.182689394034584,4.946598324059984,464.0,860.0,628.0
5643,Mixquiahuala,México,15,57947.26111,1985.99,15.944,223.298,17.413,916.045,10.967288584665635,2.70805020110221,0.011684389,6.112844871,0.0033816894060965915,0.0009229747354318054,73.6958663687395,27746115.56,0.736,3863.1507406666665,5.142705192145183,5.270010328783597,4.375226845495894,465.0,409.0,312.0
7700,Ribeirão das Neves,Brazil,17,70195.96693,820.4,21.947,202.508,13.273,1066.752,11.159046137223921,2.833213344056216,0.012846809,9.748477732,0.004435828609149412,0.00394850846280664,13.3534321321272,42445361.45,0.758,4129.174525294117,5.14306284741996,5.49895164663562,4.692442936635254,466.0,527.0,468.0
2252,Holguín,Cuba,35,313756.927,142.61,26.389,161.786,11.31,847.751,12.656373847272063,3.5553480614894135,0.015654958,7.199545692,0.0036792347415392675,0.0015398324315593515,7.465384390599,69403793.45,0.759,8964.48362857143,5.1442721843133965,5.409682138527234,4.86119383822997,467.0,488.0,575.0
6443,Matão,Brazil,23,74977.08586,587.54,23.956,225.66,13.356,1205.734,11.224937823970468,3.1354942159291497,0.015749346,6.561598558,0.0154429164520212,0.011144399975630086,33.2003122770559,40956845.71,0.784,3259.87329826087,5.144829328251439,5.421948983648932,4.84307078868496,468.0,496.0,566.0
1562,Santa Cruz del Quiché,Guatemala,14,83932.66982,2024.93,17.05,66.492,9.053,2394.487,11.337770206650772,2.6390573296152584,0.010144255,4.52467637,0.005077454590017711,0.00605848566253793,75.9088301622394,26675311.06,0.561,5995.190701428571,5.145322757507714,5.384435413600041,3.770920729130828,469.0,477.0,109.0
4095,Valle de La Pascua,Venezuela,20,108648.5472,179.73,28.169,89.582,12.837,1329.706,11.595873614219201,2.995732273553991,0.014202576,7.322641886,0.0033982259525969986,0.0004336142340612908,74.5467414419288,17168418.78,0.656,5432.42736,5.1465651771167895,5.317544028478229,5.042264995370894,470.0,437.0,690.0
5971,Porto Alegre,Brazil,599,2763349.624,43.15,19.763,401.687,14.452,1475.74,14.831954133721528,6.395261598115449,0.014383428,8.121523152,0.009442234358847095,0.005229019724454527,23.3475067843491,67649354.9,0.773,4613.271492487479,5.147015040841246,5.18155240598128,4.057622097290197,471.0,350.0,178.0
5479,Lins,Brazil,18,70571.42105,445.1,23.808,229.039,13.362,1353.864,11.164380540535793,2.8903717578961645,0.01975537,8.048812166,0.013464220243443716,0.00784290374155644,33.1534612072375,42224392.73,0.784,3920.634502777778,5.148506940084316,5.257025967686299,4.897750266872723,472.0,397.0,608.0
1043,El Vigía,Venezuela,17,103088.212,118.23,21.618,70.223,9.634,5259.249,11.54334032787173,2.833213344056216,0.013447141,7.065461509,0.0033450608088536836,0.00018217394267154425,80.5506820885603,23659823.24,0.683,6064.012470588235,5.149129347069238,5.3309092915035405,5.018692196725508,473.0,449.0,671.0
1042,Hacienda Río Blanco,Colombia,9,58485.13354,1820.14,18.124,41.553,9.081,7333.209,10.976527873402711,2.1972245773362196,0.017818688,7.303863566,0.010839623685674156,0.0021797424203333707,87.7740519008902,51020438.4,0.709,6498.348171111112,5.149722700246602,5.2420551322212425,4.8562281926896365,474.0,387.0,570.0
4665,Upata,Venezuela,18,78982.91256,367.45,25.991,64.762,6.113,1582.953,11.276986811344791,2.8903717578961645,0.012105684,6.359840793,0.0061062288185134515,0.00032627945928713676,90.675328852795,12499993.04,0.699,4387.939586666666,5.1519990770869635,5.524743443200617,4.909443001651326,475.0,540.0,613.0
3840,Tucuruí,Brazil,16,103981.3525,49.34,27.543,82.876,8.048,2292.236,11.55196685916221,2.772588722239781,0.01398805,7.291442084,0.0014177041056568293,0.0010750214851263837,49.7714850696474,45273005.18,0.716,6498.83453125,5.153463013624843,5.195937507320179,5.036524979732604,476.0,359.0,685.0
6877,Balneário Camboriú,Brazil,43,192572.4738,20.46,20.378,323.647,13.091,1763.094,12.168227849129153,3.7612001156935624,0.013019402,7.766652494,0.010301226946989555,0.004802018885011592,56.01825263201,77022373.93,0.773,4478.4296232558145,5.154284697672013,5.38560143693871,4.608365015493976,477.0,478.0,413.0
4879,Mar del Plata,Argentina,124,627742.6664,20.71,14.556,423.234,13.719,893.774,13.349885594593966,4.820281565605037,0.016486703,8.796090639,0.008693957003965089,0.0017599334802822159,70.2733427382815,37021129.65,0.842,5062.440858064516,5.159551162690289,5.540539734213684,4.776146237826676,478.0,549.0,519.0
4555,Posadas,Argentina,103,393458.873,106.76,21.606,402.124,15.42,1754.109,12.882731825494329,4.634728988229636,0.016129594,6.566632714,0.00400805379014289,0.0029469588401987825,50.3678577289528,36452500.52,0.826109365,3819.989058252427,5.16086024699718,5.250698510066641,4.179428695092286,479.0,391.0,224.0
2803,Montería,Colombia,40,325725.7641,15.69,27.439,60.033,10.023,1912.035,12.693811091912268,3.6888794541139363,0.01984655,5.760466572,0.0034065981515645173,0.0012153652231159202,73.7698326126232,45983562.67,0.706,8143.1441024999995,5.162566557473604,5.351942565683556,4.62114993164618,480.0,459.0,425.0
1149,La Paz,México,75,369299.2371,42.3,22.608,327.67,12.074,230.199,12.819362535038358,4.31748811353631,0.01512971,7.252695339,0.005164400454641502,0.0007261829828350869,87.4778363856319,64405983.32,0.781,4923.989828000001,5.163662920106291,5.720256459921629,4.63707158931356,481.0,648.0,434.0
804,Montevideo,Uruguay,237,1219221.866,26.92,16.924,421.598,8.67,1004.18,14.01372339846498,5.4680601411351315,0.01450735,8.884477041,0.017384288197094228,0.008672996769925058,32.4557933792259,86355575.14,0.837574982,5144.39605907173,5.163686550437601,5.266254821642178,4.370152000496241,482.0,407.0,310.0
801,Ariquemes,Brazil,24,79876.04743,134.66,26.073,88.278,13.137,2168.047,11.288231304958488,3.1780538303479458,0.017430677,6.914642801,0.006870451706213074,0.002909479237986376,58.1845093962748,29321766.86,0.731,3328.168642916667,5.165589385587973,5.258067602548375,5.019898267998964,483.0,400.0,672.0
8142,Linhares,Brazil,23,124296.7915,27.12,24.133,190.752,11.877,1002.445,11.73042746461537,3.1354942159291497,0.015467071,6.955096129,0.014236845666599527,0.008569274593624566,17.4832807688019,39269138.29,0.761,5404.208326086957,5.1663360269714405,5.322004805777501,5.007391979027896,484.0,439.0,662.0
4014,Santa Maria,Brazil,46,223105.2749,105.31,19.941,423.749,16.815,1543.106,12.315399023798669,3.828641396489095,0.018217558,7.623925995,0.00369069172703814,0.0020613305023475265,49.757016276085,57414895.48,0.773,4850.11467173913,5.167922254879587,5.2084856511953195,4.50387573901967,485.0,365.0,365.0
2809,Altamira,Brazil,19,102613.5185,114.65,26.516,90.02,10.752,2059.01,11.538724962298577,2.9444389791664403,0.014969046,5.903716142,0.004145918216613925,0.0031480229793309253,19.5777679003236,39578654.61,0.716,5400.7115,5.169030500868615,5.381404701722345,4.896640559968636,486.0,475.0,607.0
1563,La Ceiba,Honduras,51,300947.6603,14.98,24.865,141.336,5.616,2272.105,12.61469164256457,3.9318256327243257,0.010994711,5.733681075,0.002569276247701069,0.002268852640433703,68.7161943392284,24687221.84,0.627,5900.934515686275,5.169668830953644,5.3968005583486445,4.321379362421531,487.0,484.0,288.0
27,Cobija,Bolivia,12,71680.29271,213.75,25.486,89.777,12.118,1932.599,11.179971131206322,2.4849066497880004,0.016531293,7.080308916,0.004549520382643539,0.0018847073634669035,45.0881057120299,32575098.67,0.718886158,5973.357725833333,5.170808293891021,5.191806207443581,5.103310898568427,488.0,358.0,734.0
7551,Pindamonhangaba,Brazil,23,79882.7072,554.12,20.914,248.753,13.23,1229.369,11.288314677791725,3.1354942159291497,0.013724418,6.121790479,0.012610926712571403,0.008382139360482252,19.0331740233032,31485400.28,0.784,3473.161182608696,5.171590730879498,5.365321973910738,4.737183501901119,489.0,465.0,499.0
2739,Caldas,Colombia,6,61792.38298,1802.49,20.764,53.134,12.12,3030.508,11.03153538309873,1.791759469228055,0.010806786,8.042095146,0.022827102054561354,0.007737127743054391,78.8566418408363,58251316.0,0.761,10298.730496666667,5.176540542529083,5.49671847276552,4.662326804353379,490.0,524.0,448.0
8009,Rio das Ostras,Brazil,66,198116.1117,4.26,23.392,188.039,7.396,1078.779,12.19660856052533,4.189654742026425,0.0131843,6.469782522,0.009929498272951417,0.006928666986300437,21.2055971226822,33828089.35,0.787,3001.7592681818182,5.179616308535295,5.360689896341854,4.797562253904503,491.0,463.0,536.0
2094,Boconó,Venezuela,11,58677.17578,1368.13,18.396,47.842,9.587,2419.628,10.979806101923485,2.3978952727983707,0.009529294,5.237976596,0.0026855527947837947,0.00016598514530618742,94.2308824658967,17524322.46,0.663,5334.288707272727,5.1796714306756035,5.5001104820810784,4.304087475700655,492.0,529.0,281.0
2867,Ica,Peru,31,186984.9577,411.37,19.207,219.69,8.695,34.583,12.138783452494293,3.4339872044851463,0.019235438,5.950293339,0.0022048209182015926,0.0015465843761078059,35.2151171110354,71898631.11,0.783,6031.772829032258,5.181246335036298,5.27119295090385,4.852075730498675,493.0,410.0,568.0
3047,Puerto Francisco de Orellana,Ecuador,14,74809.33259,253.65,24.602,66.955,9.855,2540.015,11.222697923425773,2.6390573296152584,0.017118179,5.792411848,0.008630368752244471,0.0008986551075578831,64.4341731946889,33896980.57,0.696,5343.523756428572,5.181994198536477,5.218181196370796,4.884801107016335,494.0,372.0,596.0
4844,Cortazar,México,10,77608.48223,1742.12,19.271,247.132,18.952,893.856,11.259432007285355,2.302585092994046,0.017663517,6.546699414,0.0014482481842113975,0.0008403564511765341,17.0681544771882,80086260.36,0.734,7760.848222999999,5.182566464088455,5.56836060930823,4.606570063753146,495.0,560.0,411.0
1759,San Pedro de Macorís,Dominican Republic,31,240203.3176,11.08,26.451,93.916,3.43,1212.873,12.389241000356119,3.4339872044851463,0.017020036,5.919281802,0.06077127842738005,0.003424546660466275,13.274580334585,77609032.21,0.748,7748.494116129033,5.182837649779768,6.9788488094263235,4.866678274849735,496.0,1006.0,580.0
2099,Lucas do Rio Verde,Brazil,21,62757.72151,397.37,25.57,97.674,13.223,1585.348,11.047036901375952,3.044522437723423,0.017981089,7.743608534,0.04265064815655383,0.03354951784244597,1.82914229123764,43194080.0,0.755,2988.462929047619,5.184355920913616,7.17836778022951,5.105127410703466,497.0,1025.0,737.0
2330,Garzón,Colombia,8,71714.99141,847.66,20.166,72.162,10.503,2628.986,11.180455089948623,2.0794415416798357,0.012016499,6.544140711,0.006820965650646237,0.0013249870394985521,89.6501203858535,72304025.6,0.716,8964.37392625,5.185363155447716,5.5205427576321595,4.8853566533041635,498.0,538.0,597.0
7792,Itaguaí,Brazil,18,94997.50139,11.74,23.132,203.147,5.188,1329.272,11.461605869078902,2.8903717578961645,0.016157454,7.790799672,0.007900759453974518,0.00412512482448566,46.9250473273065,45203634.29,0.787,5277.638966111112,5.186297858224587,5.216125388610349,5.104633512768948,499.0,368.0,735.0
7195,São Roque,Brazil,20,55415.52831,828.17,19.786,251.471,13.129,1470.968,10.92261512786457,2.995732273553991,0.012751022,6.843563037,0.0032353705250635733,0.001618964345717703,56.5399614482208,29358634.67,0.784,2770.7764155,5.188151627817376,5.3428629402421475,4.839646847264465,500.0,455.0,562.0
5835,Brazlândia,Brazil,9,54798.09938,1116.56,22.881,134.352,14.053,1262.152,10.911410789487928,2.1972245773362196,0.015706184,5.896604807,0.003932008889812703,0.0015579922597855618,72.2161645270765,163143500.8,0.82,6088.677708888888,5.188848953569304,6.707329122995429,4.869603016948174,501.0,970.0,587.0
3548,Cianorte,Brazil,20,59003.91811,523.87,22.096,275.418,13.172,1834.09,10.985359129326968,2.995732273553991,0.017141525,7.092902127,0.0062947865889952164,0.004147896302237614,41.2808383584098,22112834.46,0.767,2950.1959054999998,5.191673773649343,5.257383013844242,4.919940980924815,502.0,398.0,618.0
2407,El Tocuyo,Venezuela,11,81094.71733,626.01,23.469,85.881,13.021,2408.068,11.303373100250754,2.3978952727983707,0.010938788,6.283548669,0.0028732602287745096,0.0002186177167725507,87.8267704487337,18232285.87,0.674,7372.2470299999995,5.1917366312474895,5.496487856901797,4.744721800404097,503.0,523.0,505.0
1840,El Carmen,Ecuador,12,73021.05799,236.99,25.083,57.424,8.117,2063.344,11.198503144148761,2.4849066497880004,0.013274281,9.06840482,0.006513589681556462,0.0005324218947269186,90.9546790928455,29450571.43,0.729,6085.088165833334,5.19311225915982,5.537248767911228,5.051910304065885,504.0,545.0,700.0
796,Villa del Rosario,Venezuela,16,76455.25885,84.25,24.685,72.789,9.501,2980.864,11.244460997088211,2.772588722239781,0.013105915,6.011450017,0.001361117324567138,0.000576057128698087,70.4470769201545,20119637.33,0.681,4778.453678125,5.198085432017927,5.323730976160998,4.952806333299167,505.0,443.0,635.0
6441,Tampico,México,131,614281.1736,10.39,25.101,365.338,13.353,1051.899,13.328208039767205,4.875197323201151,0.015935055,7.137598736,0.012390474623752982,0.0014041206789378968,39.226567632359,73269388.8,0.757088988,4689.169264122137,5.199071150578374,5.25575753836934,4.275440944760129,506.0,395.0,266.0
668,Palpalá,Argentina,19,72871.71389,1129.51,13.529,337.303,14.351,1540.099,11.196455830217575,2.9444389791664403,0.017383471,5.41415062,0.012237364301519107,0.00636415829349173,34.5866091080739,35719029.33,0.843,3835.353362631579,5.199399662560525,5.261608889260761,4.574311163286035,507.0,401.0,398.0
3750,Redenção,Brazil,19,75366.20491,217.49,26.624,94.434,12.664,1776.218,11.230114242776883,2.9444389791664403,0.018115839,6.916096727,0.001173695993020116,0.0008020948203400786,60.9126009550291,28362612.87,0.716,3966.6423636842105,5.199643452780116,5.289437249743472,5.0359147044662285,508.0,423.0,683.0
7604,Curvelo,Brazil,16,54768.5422,637.21,23.384,192.037,13.326,920.676,10.910871260662534,2.772588722239781,0.016636432,6.923014676,0.005255017259926264,0.0019297330531832194,73.797399563511,23638858.0,0.758,3423.0338875,5.199799985534829,5.366918242357135,5.064213860018954,509.0,467.0,712.0
4773,Torreón,México,233,1363775.688,1127.73,21.955,477.057,19.378,272.407,14.125767652248992,5.4510384535657,0.020107216,7.528495354,0.005805999754748524,0.0016140183978063407,46.6056136265167,108706585.0,0.698716767,5853.114540772533,5.200956091578265,5.296036627368138,3.3445262437308916,510.0,426.0,50.0
3280,Resistencia,Argentina,87,416874.6149,50.78,21.341,430.279,16.372,1484.079,12.940540771873488,4.465908118654584,0.020052271,6.758723172,0.003809424852702875,0.000759690724929291,53.3388166104786,54449945.37,0.827,4791.662240229884,5.20320475128428,5.261858397940728,4.244144133856522,511.0,403.0,256.0
2406,Santiago de Cuba,Cuba,43,441984.805,34.7,26.779,118.28,3.265,618.737,12.99903078264085,3.7612001156935624,0.015360447,8.981688219,0.012395941298316783,0.002015545657156698,3.50792207571929,39865012.15,0.781,10278.716395348836,5.205324324312386,5.603686683034272,5.031564772510489,512.0,581.0,678.0
1659,Juticalpa,Honduras,13,66233.9806,405.69,23.017,137.675,12.452,1357.31,11.100948912345437,2.5649493574615367,0.015059064,6.093147575,0.002124622036411322,0.0018325647627918653,74.6227553635571,19268874.67,0.578,5094.921584615384,5.206470564981874,5.379795477120212,5.007045750252969,513.0,473.0,661.0
4590,Ocaña,Colombia,13,87091.53011,1201.49,28.059,87.678,10.612,2814.447,11.374714914828578,2.5649493574615367,0.016539616,10.56818616,0.0040744633801221425,0.00124977844026307,80.8643202685875,42460082.29,0.738911878,6699.348470000001,5.208332476869724,5.324798455887614,4.566121665254637,514.0,444.0,395.0
512,Esteli,Nicaragua,19,113538.3689,846.66,28.916,142.498,14.333,1460.981,11.639896110759276,2.9444389791664403,0.015223112,7.134307085,0.0029843832000831217,0.002670644954236259,56.1125629354096,25204541.22,0.611,5975.70362631579,5.208553089892415,5.238570615526095,4.7657305997272195,515.0,384.0,515.0
20,Cruzeiro do Sul,Brazil,13,63746.10474,190.22,25.705,58.767,10.749,2254.428,11.062663359036215,2.5649493574615367,0.01258208,8.865170723,0.0018258565057068614,0.0010137625120401985,67.2036575986148,30125742.93,0.712,4903.546518461539,5.209279802886382,5.337082395658861,5.082241738854297,516.0,451.0,720.0
7533,Caxias,Brazil,27,125424.5227,81.71,27.697,114.979,12.725,1274.181,11.739459443883781,3.295836866004329,0.013368793,6.526035927,0.0018130883550175152,0.001494036097846757,30.8259263046625,25081026.56,0.702,4645.352692592593,5.2093823888583675,5.299132220227706,4.970808484011039,517.0,428.0,644.0
3054,Barra do Garças,Brazil,21,64964.86899,333.41,25.394,134.407,14.327,1430.516,11.081601925690467,3.044522437723423,0.01456518,7.013219405,0.004400116727349994,0.002141556662238718,59.0901300043944,40463864.62,0.758201944,3093.5651900000003,5.211030262686002,5.430332939041834,5.123058195774016,518.0,502.0,753.0
8160,Teixeira de Freitas,Brazil,29,159871.1182,110.07,24.825,195.975,13.966,784.47,11.982123258367453,3.367295829986474,0.019767095,6.364169622,0.003127425427884447,0.0023177574275514137,25.7799613263107,28546654.12,0.732,5512.797179310344,5.211247908939339,5.332351291731901,4.86418071155894,519.0,450.0,577.0
800,Trinidad,Bolivia,24,119469.1942,154.8,25.777,172.534,11.954,2099.811,11.690813827999037,3.1780538303479458,0.016135897,5.580341642,0.0025034258652261005,0.0007352215456978448,50.9934675039332,24210974.9,0.701,4977.883091666667,5.2130684445671704,5.239994505944103,4.709728257493441,520.0,386.0,476.0
199,León,Nicaragua,28,155984.7874,103.93,27.834,51.859,3.467,1355.045,11.957513764809947,3.332204510175204,0.013685921,5.689616599,0.0018423731952978831,0.00233596679002173,52.1706680168266,21734136.24,0.703,5570.885264285715,5.218277064510207,5.283861999384639,4.858389710057567,521.0,417.0,573.0
6623,Blumenau,Brazil,80,233039.0879,62.39,18.06,315.347,13.27,2009.877,12.3589614777053,4.382026634673881,0.011824873,9.644124744,0.00985814150964586,0.006878777129491159,20.6203274164838,45488730.35,0.773,2912.98859875,5.218888306096686,5.379192505567882,4.668774183678634,522.0,472.0,452.0
8358,Gravatá,Brazil,12,60235.98109,473.43,23.317,128.808,9.789,885.536,11.006025145274792,2.4849066497880004,0.017761353,7.006597674,0.0021322435833177195,0.0007619721079569122,80.3883948730873,15819124.92,0.733,5019.665090833333,5.219289860776396,5.4214099780699305,5.144845559810311,523.0,494.0,772.0
6486,Tuxtepec,México,25,103131.4217,26.32,22.606,234.244,11.209,2676.736,11.543759392728525,3.2188758248682006,0.011622212,7.756542599,0.01048270744391377,0.001462693686089261,30.1707992742275,24283252.0,0.687,4125.256868,5.219682656949899,5.285030247616737,4.809596949560276,524.0,418.0,549.0
3166,Puerto Ayacucho,Venezuela,25,121658.8809,78.48,26.348,87.791,9.597,3657.898,11.708976349246166,3.2188758248682006,0.009450936,6.625218513,0.0019888194768196326,0.0001482252728990868,80.0302670488424,15919534.45,0.675,4866.355236,5.222041953489804,5.463318803865999,4.695864274233422,525.0,514.0,470.0
7488,Caçapava,Brazil,14,54981.93005,565.42,20.295,251.092,13.519,1353.061,10.91475986568657,2.6390573296152584,0.014882458,6.567877381,0.05822229384761293,0.03868448104996997,22.6769195369222,31703595.79,0.784,3927.280717857143,5.223665669582771,7.5618116571143625,4.967385161324507,526.0,1044.0,642.0
6023,Ciudad Valles,México,32,115034.6728,103.2,22.066,349.703,13.552,1457.006,11.652988864511306,3.4657359027997265,0.01776093,7.362727316,0.006560928978423625,0.0021317070689751204,49.6952446453356,46040646.4,0.737,3594.833525,5.226956848508456,5.279294263408854,4.830811078510049,527.0,413.0,558.0
7834,Fazenda Parque Recreio,Brazil,27,118387.8563,7.55,23.178,195.314,4.925,1012.136,11.681721431138106,3.295836866004329,0.014980501,9.979363972,0.007013079745688402,0.0043641663488673205,35.597832029595,55795260.24,0.787,4384.735418518519,5.2290699025029905,5.353677094983833,4.986706971803653,528.0,460.0,649.0
4910,Ciudad Hidalgo,México,14,74687.06014,2068.32,23.925,193.026,17.377,1154.601,11.221062131751712,2.6390573296152584,0.018001241,6.668713611,0.003032073476148475,0.0007666051317547548,82.465655590262,42411486.12,0.722,5334.79001,5.230006117053165,5.366592330905395,4.534355517745434,529.0,466.0,377.0
6286,Bebedouro,Brazil,25,71040.10268,576.5,23.746,202.495,12.901,1331.771,11.17099982304789,3.2188758248682006,0.016281988,6.118036939,0.010839362397990836,0.0075040398124604744,44.9618495117481,26549867.35,0.784,2841.6041072,5.230771273857974,5.380294686667239,4.9138463453883165,530.0,474.0,614.0
4134,Chihuahua,México,192,832219.698,1466.71,18.659,589.001,24.152,366.87,13.631851745041768,5.2574953720277815,0.022585966,9.597206921,0.008454605142659097,0.001256554846540054,61.7598309083628,76358441.86,0.765,4334.47759375,5.231058362180766,5.360622310386137,3.1161741209048053,531.0,462.0,33.0
1762,Tangará da Serra,Brazil,17,67205.54508,383.13,25.908,141.03,13.457,1371.831,11.115511039178406,2.833213344056216,0.018188988,6.886775126,0.005230853836904852,0.0025828632757664556,63.6000486410345,59953651.81,0.755,3953.267357647059,5.232720876946572,5.47163921445238,5.048633916026475,532.0,518.0,697.0
7848,Ubá,Brazil,21,91411.07947,376.59,21.606,232.945,13.612,1389.772,11.423121969679986,3.044522437723423,0.012855435,9.916649102,0.011042640067009375,0.009041309578246904,5.60204180505918,35304429.71,0.758,4352.908546190476,5.233681623622662,5.540845203289935,4.743983999085238,533.0,550.0,504.0
7332,Jardim Santa Fé,Brazil,12,66748.72315,800.77,19.372,243.129,12.725,1608.638,11.108690447240587,2.4849066497880004,0.012888077,9.304599978,0.08500270572034155,0.05753446574676537,28.4443189928786,80906205.87,0.784,5562.393595833334,5.235199869414471,9.933593377528686,4.720595969817142,534.0,1076.0,485.0
8244,Alagoinhas,Brazil,23,126848.5315,152.29,25.253,180.291,12.014,756.7,11.750748988295065,3.1354942159291497,0.01553039,6.402622834,0.004527730378865284,0.003048496251003111,30.6223207038441,30090756.74,0.732,5515.153543478261,5.240204754069752,5.295887521281921,4.987068072683589,535.0,425.0,650.0
6728,Paranaguá,Brazil,43,149161.225,6.17,20.19,292.118,12.006,2276.242,11.912783046916582,3.7612001156935624,0.011491381,7.918745819,0.018705876762255068,0.009259219122201496,47.4973910047117,25385452.68,0.767,3468.8656976744187,5.243968597240656,5.3464123755979,4.732799816725664,536.0,458.0,496.0
1258,San José del Cabo,México,32,157463.3024,61.8,23.545,275.379,5.296,225.846,11.966947709464039,3.4657359027997265,0.016821862,7.404431654,0.008757947846208768,0.0007658768128376305,89.0008237378492,84657048.38,0.781,4920.7282,5.245057544824605,5.8726589965322695,5.025544729998651,537.0,721.0,676.0
5576,Açailândia,Brazil,17,89347.44668,241.6,27.39,98.017,12.088,1302.71,11.400287943570413,2.833213344056216,0.0158952,6.429081638,0.0029860301216052616,0.0013801583890097127,67.3162214410455,21711952.76,0.702,5255.732157647059,5.245157815122627,5.337928493740456,5.077688693700242,538.0,452.0,718.0
5774,Santo Antônio do Descoberto,Brazil,17,65909.84636,930.6,22.614,127.819,13.565,1447.33,11.096043122986545,2.833213344056216,0.012887107,4.95972662,0.0029668324398442734,0.001167731426266975,73.2834538992323,48157436.8,0.767958149,3877.049785882353,5.24553955393712,5.518283449848934,4.6060946918382255,539.0,536.0,410.0
653,Villanueva,Honduras,18,96751.68173,73.52,22.835,177.212,12.061,1962.265,11.479902992963181,2.8903717578961645,0.014785456,5.891909874,0.004798156639442219,0.004115518542315264,58.4697068339965,21609402.67,0.663,5375.093429444444,5.246424428556722,5.355824107340172,4.93029988966599,540.0,461.0,621.0
4812,Fernandópolis,Brazil,17,58835.93474,517.79,24.494,202.113,13.159,1400.161,10.982508082253766,2.833213344056216,0.019751735,8.006240717,0.007804586056789823,0.0039872144531853835,55.4867973355807,30801027.05,0.784,3460.9373376470585,5.2466132686159135,5.3004679638883845,5.010621938034915,541.0,430.0,665.0
7939,Conselheiro Paulino,Brazil,16,55770.57376,922.52,19.613,230.652,12.346,1858.721,10.92900165729912,2.772588722239781,0.010242041,8.907191051,0.003820428137926333,0.0028327480976950057,38.0933436115376,28151814.1,0.787,3485.66086,5.247194478747304,5.3712817812484355,4.626508049950958,542.0,469.0,427.0
4847,Tupã,Brazil,14,56771.71897,504.01,23.326,235.225,13.223,1368.663,10.946793575255413,2.6390573296152584,0.019351685,7.99878787,0.007727398390082603,0.004367606346956452,43.9491929170275,35670791.53,0.784,4055.1227835714285,5.248665278139968,5.28746978832487,5.000570953393466,543.0,420.0,657.0
5665,Los Reyes Acozac,México,21,62352.5376,2260.52,13.178,190.653,16.495,1471.248,11.040559649558258,3.044522437723423,0.011993507,5.11023564,0.008697875509656883,0.001985783387106285,71.3924736011588,20102923.85,0.761,2969.1684571428573,5.248794840573368,5.344203666827724,4.211454186463495,544.0,457.0,239.0
1925,Chimaltenango,Guatemala,24,181905.7619,1793.13,27.32,90.481,12.668,1983.754,12.111244040200246,3.1780538303479458,0.010500905,6.626423019,0.0037213303125171594,0.0055444631973914395,53.0736397539862,35346890.67,0.647,7579.406745833334,5.248989209579344,5.323461014729456,4.138590644634953,545.0,442.0,197.0
5574,Rioverde,México,22,72079.84696,992.46,17.795,319.062,16.258,1131.419,11.185529769083518,3.091042453358316,0.013234792,6.066959654,0.0024685250006529704,0.0008204504852073011,67.4190608968151,35774302.81,0.737,3276.35668,5.251476087608921,5.419131292408968,4.571918603309839,546.0,493.0,397.0
4173,Pénjamo,México,9,50452.25615,1793.12,19.155,249.552,19.383,800.466,10.828782745297184,2.1972245773362196,0.015724622,6.503612533,0.0040416340509283645,0.0008501041052452517,79.2946790003482,41899661.33,0.734,5605.806238888889,5.2516210268421775,5.3892814865440535,4.724148539423966,547.0,481.0,488.0
4290,San José de Guanipa,Venezuela,22,83683.33658,257.21,27.382,88.005,12.502,1127.414,11.334795151591793,3.091042453358316,0.015039264,6.532651198,0.001880225104499532,0.00023238116033303123,48.5261977827495,16342897.78,0.707,3803.7880263636366,5.253144030183467,5.306584200992051,5.121890987021989,548.0,433.0,750.0
1668,Concepción,Chile,102,508454.7209,19.21,12.779,291.719,12.977,940.901,13.139131446061615,4.624972813284271,0.018273499,7.3371434,0.010323191190545204,0.0042122977915455915,52.243859790421,67037415.45,0.826,4984.850204901961,5.2550415511797794,5.342424676431368,5.039832633972647,549.0,454.0,687.0
8136,Santo Antônio de Jesus,Brazil,15,78572.05644,203.05,22.278,159.444,10.636,774.665,11.271771399175957,2.70805020110221,0.014921912,7.395815691,0.0028314211423864826,0.002065654668335419,33.6931012414493,28252869.65,0.732,5238.137096,5.256303322291703,5.325802149761501,5.199448693472621,550.0,446.0,797.0
198,Cofradía,Honduras,20,97875.68789,139.96,23.822,177.466,11.547,2261.801,11.491453461518725,2.995732273553991,0.01275804,5.797901058,0.0012689039837204459,0.0019882883522996204,47.8458771755678,21168260.92,0.663,4893.7843945,5.261772121192771,5.313546039131857,4.785976934131118,551.0,436.0,525.0
360,Chalchuapa,El Salvador,13,65024.15551,724.29,26.387,58.764,7.67,1727.154,11.082514103073732,2.5649493574615367,0.013834049,5.350409929,0.007253876866996931,0.0009362296149257595,47.8649941628636,30528210.0,0.642,5001.858116153846,5.261816813162825,5.285412791109991,4.8720946316228355,552.0,419.0,590.0
1165,Cacoal,Brazil,18,58769.50633,189.26,25.735,90.265,12.663,1618.667,10.981378399537384,2.8903717578961645,0.016553693,7.747707275,0.00665519256826468,0.004087493168176831,34.1298661806527,28722094.55,0.731,3264.9725738888887,5.264135982606701,5.423889280244187,5.241708697581433,553.0,498.0,821.0
1933,Salvaleón de Higüey,Dominican Republic,25,140438.0323,101.87,26.63,100.16,4.886,874.816,11.852521619218678,3.2188758248682006,0.017409151,5.933457956,0.010271491692923698,0.0013122534800567697,64.0360083618824,43992344.77,0.748,5617.521291999999,5.264675272184274,5.344060304254483,4.987208882773071,554.0,456.0,651.0
913,Tecate,México,20,69365.7261,558.21,17.146,313.88,11.763,305.917,11.147148164275219,2.995732273553991,0.018276462,7.179367164,0.005531005790062652,0.0006262925569231517,81.9796422217344,75641002.67,0.794186651,3468.286305,5.267419441873403,5.778155596450674,5.156162983452911,555.0,675.0,779.0
3646,Zihuatanejo,México,16,86848.19531,80.05,27.304,84.631,2.807,1707.705,11.371916992063603,2.772588722239781,0.015115654,9.404657596,0.0018089986755534808,0.0005924122288822722,78.1512941192473,35476601.6,0.692,5428.012206875,5.267897261611825,5.47145375855039,5.1281950581549465,556.0,517.0,757.0
5159,Penápolis,Brazil,18,54935.97623,418.3,23.808,229.039,13.362,1353.864,10.913923717615113,2.8903717578961645,0.017030557,7.867738305,0.01139990842813134,0.009013316623098443,40.5596451304687,52291293.09,0.784,3051.9986794444444,5.269820678067618,5.578739915795332,5.140026317504838,557.0,568.0,767.0
1156,Trujillo,Peru,94,991426.9265,77.49,18.55,208.433,4.601,100.349,13.806900524276442,4.543294782270004,0.019988642,7.014643832,0.002556625974676914,0.0011775739867097507,66.1378733141567,86767163.96,0.731,10547.094962765957,5.270299536249399,5.443057604805904,5.061181797426137,558.0,506.0,709.0
2675,Tingo María,Peru,11,58069.78524,673.6,18.906,55.298,9.712,1891.484,10.969400760064095,2.3978952727983707,0.010579051,6.610198759,0.005736780054139563,0.0012891420376294818,91.8782368174941,34250286.55,0.718,5279.071385454546,5.272527142007787,5.643896250829242,4.862778822646577,559.0,605.0,576.0
2248,Grufes Sector de Mujere,Guatemala,9,63828.92257,1407.5,23.905,69.053,11.348,2409.655,11.063961698427239,2.1972245773362196,0.008821052,6.821921194,0.002013839453752822,0.0074210758746792995,14.0996355711377,140502613.3,0.731,7092.102507777778,5.276259571487938,6.789629154186272,4.536171954052734,560.0,988.0,378.0
1473,San Cristóbal,Dominican Republic,30,183844.8001,62.46,25.749,97.539,5.745,780.084,12.121847202946244,3.4011973816621555,0.014106878,5.704671718,0.03214550921990423,0.005971270157518043,37.3511138025473,66239531.89,0.76,6128.160003333333,5.277341155373379,5.567686072005601,4.902118757995452,561.0,559.0,609.0
33,Georgetown,Guyana,41,130680.0749,2.05,26.03,63.258,6.626,2337.987,11.780507438870643,3.713572066704308,0.011580852,5.955551174,0.06407954368927285,0.005947339838791292,12.7232821289626,78850042.67,0.735043255,3187.3189,5.281439298572191,6.965783383713764,4.848950349462065,562.0,1004.0,567.0
7988,Itaperuna,Brazil,22,81033.15588,131.52,23.219,237.235,14.166,1245.024,11.302613681753,3.091042453358316,0.013283215,8.056852323,0.00361585166633399,0.0016355785241940893,60.2308987133294,30277063.11,0.787,3683.3252672727276,5.28164046126957,5.403022098583704,5.056719928644104,563.0,486.0,704.0
3699,La Victoria,Venezuela,22,132868.1872,597.18,27.047,133.078,12.911,1277.234,11.797112842081429,3.091042453358316,0.010413318,8.891482984,0.007267279056946448,0.0005340588221707898,78.0471700777212,24885760.0,0.721,6039.463054545454,5.284519092906549,5.5220606570295026,4.651137863846276,564.0,539.0,440.0
6846,Ciudad del Carmen,México,46,215256.3008,2.2,27.213,230.24,13.432,1519.174,12.279584693870852,3.828641396489095,0.012515754,6.805924011,0.018481432284220504,0.0018726375478389714,65.2090941102794,160007388.9,0.747,4679.4848,5.28596955818267,6.713541078225886,4.663148540314212,565.0,971.0,449.0
1272,Montero,Bolivia,28,118183.5761,290.09,24.112,240.982,12.055,1210.412,11.679994424215074,3.332204510175204,0.015632085,5.553002245,0.006544121569240617,0.0026000939716106625,36.425926484805,24696018.82,0.753,4220.842003571429,5.28633742874366,5.3047407562045805,4.709711016499957,566.0,432.0,475.0
3544,Moquegua,Peru,10,50499.68143,1423.73,17.763,227.423,6.307,77.623,10.829722306926723,2.302585092994046,0.022640601,8.520453729,0.0064042067624979875,0.0013001477484567948,92.4587726867761,93651594.67,0.783,5049.968143,5.28792844635016,5.830527671906208,5.025058008783817,567.0,699.0,675.0
1467,Barrio Codesa,Ecuador,16,90630.94535,37.62,25.265,52.543,7.024,1855.002,11.414550993867206,2.772588722239781,0.015335643,5.793498628,0.07361772286644244,0.0034892725043941075,11.7303874189234,90452583.62,0.729,5664.434084375,5.29257815958323,7.842816693466568,5.05956862148208,568.0,1057.0,708.0
373,Antofagasta,Chile,56,365402.108,62.92,16.651,221.828,4.42,42.842,12.808753691929654,4.02535169073515,0.016963508,7.024692816,0.0052662695369152055,0.002436260042361332,48.6539002852994,434064429.9,0.873,6525.037642857143,5.293277274408858,12.812482926736852,5.091670855005672,569.0,1085.0,727.0
929,Ji-Paraná,Brazil,42,109456.2761,157.74,25.853,85.487,12.876,1792.761,11.603280443472382,3.7376696182833684,0.01303261,6.256565232,0.004135731616635914,0.002171782001763168,49.8321674775298,23399244.8,0.731,2606.101811904762,5.298461915557568,5.454195318076809,5.00911128144358,570.0,511.0,663.0
665,Copiapó,Chile,25,179962.0202,433.52,15.915,262.505,14.102,38.265,12.100501108720062,3.2188758248682006,0.018389431,7.083902584,0.002103773421309926,0.0015356079879069952,52.1254871869572,193214743.3,0.856,7198.480808,5.299103183621274,6.755152384346881,5.196123789633889,571.0,985.0,795.0
210,Iquique,Chile,51,316450.4212,212.32,17.181,203.067,4.859,227.558,12.664921861218524,3.9318256327243257,0.016222769,5.895162811,0.015254021260560106,0.0010066287052425008,14.3237494580751,179004641.6,0.879,6204.910219607843,5.301283051593327,6.6540685202883445,4.842727846123332,572.0,963.0,565.0
1752,Babahoyo,Ecuador,14,106151.2433,6.28,25.288,98.866,7.914,2700.526,11.572620179733558,2.6390573296152584,0.014023748,6.219109161,0.0037790009636467442,0.00036185520534548466,82.6511118099953,47218856.0,0.729,7582.231664285714,5.303156972171668,5.532989281806682,5.067893345000869,573.0,542.0,713.0
8,Ahuachapan,El Salvador,19,83851.12663,753.24,27.827,56.238,5.869,1360.018,11.336798203416308,2.9444389791664403,0.011473877,5.761643477,0.004629524595643469,0.0008205543517692388,85.6869372986415,20928235.64,0.642,4413.217191052631,5.303616222507874,5.583399371797251,4.858625360438954,574.0,571.0,574.0
2552,Primavera do Leste,Brazil,15,53046.91037,644.12,25.222,129.449,13.81,1358.54,10.878931902383817,2.70805020110221,0.020194958,7.458859991,0.018639476627109734,0.007376183892686907,59.7429737542697,48845973.33,0.755,3536.460691333333,5.308519671743665,5.4865237570219865,5.057167578520506,575.0,522.0,705.0
3600,Paranavaí,Brazil,19,61675.44393,463.29,23.103,276.186,13.46,1556.104,11.029641139263829,2.9444389791664403,0.017372622,6.689002874,0.0041027020266313635,0.0030102259817491677,41.5821236391436,29007131.83,0.767,3246.0759963157893,5.310678702854492,5.384426973875426,4.95509265234403,576.0,476.0,636.0
4667,Gurupi,Brazil,22,76153.01665,299.17,27.332,133.723,13.625,1652.378,11.240499972115165,3.091042453358316,0.017300125,6.478800557,0.004979166444734662,0.004091814095206956,8.17335000749766,36797032.3,0.746,3461.5007568181823,5.313933440415531,5.756502040431864,5.070631289284615,577.0,665.0,716.0
6711,Cintalapa,México,11,53826.18715,563.02,27.217,90.469,6.463,1517.293,10.893515377725521,2.3978952727983707,0.016470876,6.806457583,0.0018581714224021532,0.0006400419479275712,74.3822223924176,23300283.08,0.774,4893.289740909091,5.3182642152526025,5.430118677670498,5.1813499746085885,578.0,501.0,790.0
1927,Moyobamba,Peru,11,87055.48362,862.68,17.339,67.865,10.148,2164.034,11.374300937123847,2.3978952727983707,0.011939236,5.446074176,0.001742288016503009,0.0007225286321486753,60.7365451553329,57228969.14,0.702,7914.134874545454,5.321448830740066,5.372340480410856,4.743833157078576,579.0,470.0,503.0
3389,Corrientes,Argentina,68,406711.8606,58.94,21.341,430.279,16.372,1484.079,12.915860254489507,4.219507705176107,0.016993153,7.195296448,0.0036923322984449003,0.0010785555472438563,47.4671463866806,90568483.72,0.827,5981.056773529412,5.322560686640773,5.401684250256965,4.3082860552299636,580.0,485.0,282.0
3547,Rosario,Argentina,199,1187381.863,24.59,17.62,497.028,18.139,1038.227,13.98726132615262,5.293304824724492,0.017435549,8.019912,0.0052571273530114555,0.0020986211691781586,35.2566189484129,112940442.4,0.839,5966.743030150753,5.324107877702019,5.41721723061806,4.350391432968445,581.0,492.0,303.0
4214,Anaco,Venezuela,40,127761.0044,210.64,28.372,80.927,12.683,1140.136,11.757916644473521,3.6888794541139363,0.012375533,6.36718141,0.0008913191572639202,0.0002009871278297496,1.10904857108576,10240401.92,0.707,3194.02511,5.324129924108672,5.820624293506464,5.040218980575344,582.0,691.0,688.0
8398,Cabo de Santo Agostinho,Brazil,16,114281.8517,26.14,25.611,120.468,8.539,1024.072,11.646423059398598,2.772588722239781,0.018529404,7.753709835,0.02892971451958894,0.01729042758124998,7.15914713378062,28978024.42,0.733,7142.61573125,5.324292305576386,5.904497999614171,5.255352618632755,583.0,737.0,826.0
1751,Catacamas,Honduras,14,56012.41944,426.17,24.34,131.089,13.134,926.92,10.933328720842974,2.6390573296152584,0.01611425,6.328366268,0.003190228133626913,0.0028971831745963233,61.8601503870716,12147456.0,0.578,4000.8871028571425,5.326302890719138,5.416063373111709,5.188479537304153,584.0,491.0,793.0
1265,Jaén,Peru,10,66928.25185,761.0,16.298,54.527,10.679,1264.648,11.111376456673943,2.302585092994046,0.019217194,6.904208746,0.002591229682028517,0.0015092310392236846,42.5399947631386,37941853.09,0.731,6692.825185,5.32841097039116,5.3913027191440825,5.113593139503109,585.0,482.0,743.0
6516,Santo Domingo Tehuantepec,México,13,57382.34638,43.18,23.08,119.202,13.22,1777.671,10.957491980647717,2.5649493574615367,0.01812468,7.921454247,0.005524388629365769,0.0006146159431760745,91.6162980191529,25519778.13,0.687,4414.026644615385,5.329564618179944,5.67506997915881,5.280610220888374,586.0,624.0,842.0
29,San Juan,Argentina,109,464848.0496,644.75,13.129,520.103,17.5,1348.641,13.049465856113128,4.6913478822291435,0.026990229,6.774648752,0.0044867669412632935,0.0020576296734600734,37.5581372971896,43281351.5,0.839,4264.661005504588,5.3390402345523125,5.44396995983215,4.081508147903418,587.0,508.0,186.0
1045,Puerto Plata,Dominican Republic,33,128130.6296,27.64,22.555,151.196,10.843,1299.509,11.760805566251012,3.4965075614664802,0.011369827,6.090707479,0.008502910736036843,0.001975018063737041,74.1203765970885,34720131.37,0.757,3882.7463515151517,5.341186107912193,5.598978345843356,4.856973977524772,588.0,576.0,571.0
7729,Santa Luzia,Brazil,20,54937.13704,720.86,21.947,202.508,13.273,1066.752,10.913944847625276,2.995732273553991,0.011117616,8.12236057,0.008216111962757643,0.005036261929531376,37.7662203666352,28382026.67,0.758,2746.856852,5.34146344150753,5.499993427984643,5.020270962170461,589.0,528.0,673.0
2095,Cap-Haitien,Haiti,40,340357.0084,40.74,25.313,122.521,8.274,941.932,12.737750370407884,3.6888794541139363,0.012089593,6.314590845,0.004150552188265121,0.006780759573332177,11.396168957871,13577887.35,0.556,8508.92521,5.3420896253625685,5.725964823111106,4.798989557713499,590.0,651.0,539.0
3649,San Juan de Los Morros,Venezuela,25,111896.7902,451.98,27.047,133.078,12.911,1277.234,11.625332209348839,3.2188758248682006,0.009864662,9.134197777,0.006417282002437636,0.0004211138315118533,83.5801383094342,20419020.39,0.656,4475.871608,5.346747662000406,5.667496478086858,4.762328732594914,591.0,620.0,513.0
6608,Balsas,Brazil,19,82629.65136,262.33,27.559,146.992,13.64,1156.087,11.322123870395515,2.9444389791664403,0.01621711,6.486269655,0.0010566565756232424,0.0007555000368574712,50.6789485264884,20135784.89,0.702,4348.929018947369,5.346833301335394,5.386728326095771,5.124485969071106,592.0,479.0,756.0
787,Mazatenango,Guatemala,19,112387.6568,367.66,28.476,60.348,7.668,1652.38,11.629709395465007,2.9444389791664403,0.010909202,5.999634917,0.005180068834160443,0.006503500425528936,55.1478591722231,56674789.65,0.616,5915.139831578947,5.347613476297274,5.595474626483598,4.888985507132998,593.0,574.0,598.0
2609,Chiquimula,Guatemala,11,63654.51116,411.51,21.789,161.08,13.417,853.982,11.061225475943832,2.3978952727983707,0.013759837,7.317127901,0.010398885005120507,0.00874306137013776,55.1762232779901,86793344.0,0.628,5786.773741818182,5.350481805411235,5.801110468441164,5.225639846549037,594.0,682.0,812.0
3052,Temuco,Chile,62,355235.9665,113.59,11.734,320.125,15.582,1443.851,12.780537542012292,4.127134385045092,0.020329943,6.953742026,0.004289723431177401,0.002334794833107081,50.1842611390217,49155427.27,0.787,5729.612362903225,5.354547934190836,5.435809806477496,5.149378465603743,595.0,504.0,776.0
1033,Cabo San Lucas,México,41,255769.575,81.62,23.188,282.277,5.37,211.326,12.452032220474312,3.713572066704308,0.01644682,6.236190493,0.0047215212880499955,0.0006510821069159614,89.5148374791935,111940206.4,0.781,6238.282317073171,5.355138536361781,6.105772237385825,4.869031845716848,596.0,827.0,585.0
6426,Martínez de la Torre,México,21,91075.34979,80.38,16.176,225.736,10.477,2364.425,11.419442462550146,3.044522437723423,0.014315269,6.825186228,0.0037787819661471984,0.0008986770784490226,56.47431634981,33522260.48,0.72,4336.921418571428,5.3576212123908835,5.421855414235562,5.173377416176016,597.0,495.0,784.0
5667,Paragominas,Brazil,17,91444.82181,90.02,27.447,112.381,12.58,1751.337,11.423491029033793,2.833213344056216,0.016626654,5.990445895,0.0034330834547229567,0.0018654328178519745,52.2659746515875,35056640.0,0.716,5379.107165294117,5.358267650703106,5.388589003923393,5.082335123311374,598.0,480.0,721.0
3493,Palo Negro,Venezuela,14,68712.13618,429.71,27.047,133.078,12.911,1277.234,11.137681117339545,2.6390573296152584,0.015529122,6.253627679,0.003027804311613821,0.00027490307693996656,76.9596234395526,20532608.0,0.718998012,4908.009727142858,5.360245504843898,5.515884627660238,5.113804551626432,599.0,534.0,744.0
3924,Arandas,México,10,61793.86968,2065.99,20.628,239.106,16.471,596.572,11.031559442409018,2.302585092994046,0.015864388,6.741347958,0.00473961943201936,0.001033225367833931,75.8987992786182,54771882.67,0.765,6179.386968000001,5.362130968064944,5.4830561083061715,4.715404962043009,600.0,520.0,480.0
2673,Flores,Guatemala,24,145258.9636,138.05,26.276,221.776,15.364,1789.936,11.886273384341921,3.1780538303479458,0.013549671,6.253022595,0.006886574421008743,0.0056807744928382515,78.4238023456673,16366900.27,0.616,6052.456816666666,5.363788861888041,5.7831082570716115,4.741796041579747,601.0,676.0,502.0
1845,Socopó,Venezuela,13,75675.21747,248.66,26.705,120.635,12.281,1546.847,11.234206007622163,2.5649493574615367,0.015058462,6.201211565,0.0014591135260466665,0.00011243117314295033,81.8914993752833,15545541.71,0.641,5821.170574615385,5.366953660100838,5.6009305779366585,5.141903082332916,602.0,579.0,769.0
196,Coatepeque,Guatemala,20,100000.5741,452.54,27.641,44.479,2.519,1862.075,11.512931205953748,2.995732273553991,0.009810727,5.56104131,0.002504449326056419,0.006476257463595901,46.426216363069,18862216.96,0.616,5000.028705,5.3694665900268665,5.547173924441639,4.762109101072907,603.0,552.0,512.0
5504,Mirassol,Brazil,13,52104.9622,563.16,24.534,218.922,12.775,1173.113,10.861015466968055,2.5649493574615367,0.018185266,7.090547783,0.03609602631879464,0.022042573209466794,33.4396645670393,38834834.82,0.784,4008.0740153846154,5.372029081535206,6.127062496174467,5.109579302558694,604.0,834.0,740.0
7091,Cosmópolis,Brazil,13,64287.93925,580.5,22.485,247.509,14.36,1351.8,11.071127322647813,2.5649493574615367,0.014115211,6.102321088,0.016449911037193496,0.015178824845750519,6.80669759665726,48100931.76,0.784,4945.226096153847,5.373402417394817,5.952777599390523,4.8890747680869175,605.0,761.0,599.0
6185,Ibitinga,Brazil,15,53628.92146,490.44,23.056,240.849,13.576,1263.924,10.889843781015843,2.70805020110221,0.016548059,6.233918483,0.005899364987919337,0.0047433768864573395,17.2698057244029,56187334.74,0.784,3575.2614306666665,5.380335107160438,5.765893547290032,5.070574810187214,606.0,669.0,715.0
1839,Tocoa,Honduras,13,59941.01254,46.91,21.854,171.297,11.937,1698.781,11.001116233287203,2.5649493574615367,0.015102874,6.610552285,0.0032286267015735667,0.002322827280304731,79.8995068747841,18166099.2,0.6,4610.847118461539,5.382669379938977,5.64213122188146,5.283658970045302,607.0,604.0,845.0
8333,Santa Cruz do Capibaribe,Brazil,16,115562.9101,450.43,23.506,141.149,11.736,386.951,11.657570336852226,2.772588722239781,0.020740045,6.38657268,0.0019968640163294054,0.0012320099816870223,52.9466998685341,26522899.2,0.733,7222.68188125,5.383884654742114,5.449130536149565,5.09530068555052,608.0,510.0,729.0
21,Ureña,Venezuela,10,50768.28206,336.31,20.262,88.687,10.697,1201.921,10.835027069669504,2.302585092994046,0.016447421,6.908969627,0.01003914315019861,0.004114533759880391,36.2453628783809,21141010.29,0.69377726,5076.828206,5.383898590947804,5.422495872192093,5.32045140042403,609.0,497.0,863.0
7946,New Fribourg,Brazil,15,72941.04531,929.76,21.641,234.364,12.287,1697.566,11.197406795354032,2.70805020110221,0.01169352,10.44195389,0.00370968215462225,0.002417921481512149,48.743148003616,40427109.65,0.787,4862.736354,5.387273477895998,5.447509820749584,4.470488219583508,610.0,509.0,350.0
2930,San Carlos,Venezuela,25,122453.7669,150.35,28.527,151.344,13.202,1912.094,11.71548882466746,3.2188758248682006,0.010918517,6.858942878,0.0085841651194072,0.00040451882455728685,94.9880866247566,15935008.0,0.671,4898.150676,5.388822004819681,5.91488076770592,4.870471277987697,611.0,741.0,589.0
7220,Itupeva,Brazil,40,89313.46514,713.65,21.597,247.338,14.189,1274.214,11.399907540939937,3.6888794541139363,0.010669789,6.958339741,0.04358437901465571,0.029593802498837862,19.837450977331,22846059.52,0.784,2232.8366285,5.3898640599081835,6.690245910735487,4.8287806511413764,612.0,967.0,556.0
656,Tumbes,Peru,20,109279.5819,23.05,24.536,137.654,6.181,582.129,11.601664848845614,2.995732273553991,0.012598675,7.492399063,0.0019866071870009595,0.000977197754789351,81.9233587001496,35268914.09,0.731,5463.979095000001,5.39164293235982,5.709361545478325,5.213889965651652,613.0,642.0,806.0
3221,Iquitos,Peru,33,73060.58015,93.32,25.917,49.845,8.777,2833.505,11.19904424105139,3.4965075614664802,0.013800312,7.688740605,0.003454994957893173,0.001250184779445664,46.379640036162,11935648.91,0.702,2213.956974242424,5.393323640425572,5.5749419772956506,5.344201430146777,614.0,567.0,877.0
2800,Tecoman,México,19,122463.1415,34.35,26.767,144.01,3.242,1259.864,11.715565377977445,2.9444389791664403,0.017256862,6.044009296,0.003251054446157581,0.0008676297019866912,59.2405245944479,87240074.67,0.761,6445.4285,5.39655654944926,5.617731852057938,5.1013826174216685,615.0,592.0,733.0
1261,Choluteca,Honduras,35,128000.3279,47.95,28.369,79.693,7.948,2010.953,11.759788104617224,3.5553480614894135,0.01485195,5.301639802,0.004153335734626661,0.002887089766275513,67.2665844432843,12065535.27,0.583,3657.152225714286,5.39990555431778,5.558880434719103,4.925430564842313,616.0,557.0,620.0
1036,Quezaltepeque,El Salvador,9,56634.92055,456.48,26.512,53.525,5.985,1732.765,10.944381044791065,2.1972245773362196,0.012739381,6.29549408,0.00465421035979541,0.001186298855944983,48.8532426830997,35997707.64,0.709,6292.768950000001,5.404424285088442,5.428657019029959,5.226882717483271,617.0,500.0,814.0
3441,Calabozo,Venezuela,33,123576.914,100.52,29.029,159.207,12.844,1565.577,11.724619026624907,3.4965075614664802,0.013445187,6.279905574,0.0038920750873015003,0.0003408442161696965,75.3382299137158,9852256.8,0.656,3744.75496969697,5.409036058755801,5.61606083580301,5.021713332063205,618.0,589.0,674.0
6025,Bragança,Brazil,15,82155.68003,20.86,26.765,68.354,9.744,2136.901,11.316371263254144,2.70805020110221,0.012693255,5.742016728,0.0017756992339997553,0.0009379636178881495,68.2604969780154,38112080.84,0.716,5477.045335333333,5.409225502601005,5.540501983480406,5.122421518191992,619.0,548.0,752.0
215,San Fernando,Trinidad and Tobago,53,119286.1527,18.61,26.631,58.182,4.52,1522.215,11.689280530100266,3.970291913552122,0.011918919,8.299231268,0.02335468582196968,0.0014442757299607334,69.1776138195829,31505333.17,0.813765663,2250.6821264150944,5.409306032801718,5.789959061610391,5.2723752140453275,620.0,677.0,835.0
4053,Guarenas,Venezuela,57,430307.5596,381.14,24.852,61.86,12.466,905.253,12.972255486880599,4.04305126783455,0.010879079,11.92567811,0.004176255416194622,0.00034486716833872697,72.4332271118518,39157670.96,0.728,7549.255431578947,5.410032272872432,5.617725811702945,4.27547238877785,621.0,591.0,267.0
6166,Xicotepec de Juárez,México,13,50753.75152,1155.57,15.442,244.422,12.636,2042.7,10.834740815748324,2.5649493574615367,0.009148976,7.396888885,0.0024262564362257017,0.0006410889511719784,81.832231488925,22023842.13,0.719,3904.134732307692,5.4100780111981015,5.661140348811846,4.632827768397373,622.0,615.0,431.0
2870,Rancagua,Chile,53,277738.1925,505.18,13.392,484.824,19.464,688.939,12.534434195347123,3.970291913552122,0.019711328,6.32143407,0.00550161536513924,0.002577253645733292,54.3095934605282,80846592.0,0.821,5240.343254716981,5.410230204933726,5.4968770111365535,4.666985825885559,623.0,525.0,450.0
6863,Santa Inês,Brazil,13,77468.87824,21.29,27.699,107.36,12.38,1635.146,11.2576315635934,2.5649493574615367,0.015391409,7.234119679,0.002181156397857246,0.0014331009489133915,43.6717470676083,24824834.0,0.702,5959.144480000001,5.411574470873615,5.443774847490634,5.321757079465557,624.0,507.0,865.0
3164,Montelíbano,Colombia,14,74810.97465,47.56,26.603,60.442,10.38,2737.694,11.22271987312004,2.6390573296152584,0.011626393,5.768412092,0.0011005318820157893,0.000806329402861215,59.4153790522194,30013800.0,0.706,5343.641046428572,5.413364840629348,5.483460612375097,5.087158732613589,625.0,521.0,724.0
1270,Moca,Dominican Republic,17,95304.70105,179.35,22.555,151.196,10.843,1299.509,11.464834417386836,2.833213344056216,0.012049296,5.84114079,0.015032425575936476,0.00716590949881585,38.1710889653203,52942823.62,0.757,5606.158885294118,5.413724410280417,5.50286710024237,4.990763346443609,626.0,530.0,654.0
2612,Cerro de Pasco,Peru,13,65036.03066,4349.74,5.339,86.619,11.482,1411.343,11.082696713146541,2.5649493574615367,0.014014519,7.156219516,0.007386349894112681,0.00199890303515948,87.0953347045577,54192312.0,0.718,5002.771589230769,5.414322504812704,5.559909843268784,4.903000954852671,627.0,558.0,611.0
8368,Parnamirim,Brazil,24,154613.9097,52.0,26.056,97.769,9.161,647.827,11.948686383274492,3.1780538303479458,0.019993592,6.111168436,0.02950780102956028,0.01580387693719901,32.7738750544714,42748336.55,0.747,6442.2462375,5.4146665481527565,5.86640186337362,5.088728484308054,628.0,718.0,725.0
25,Arica,Chile,35,121518.9626,38.6,19.185,237.427,4.776,27.804,11.707825600366856,3.5553480614894135,0.019493357,6.896223074,0.014310290438662781,0.0052104841990561895,46.0088173915349,45537148.88,0.879,3471.97036,5.415720018285982,5.470955602312804,5.280405714620538,629.0,516.0,841.0
8378,Carpina,Brazil,15,75347.74826,164.36,24.41,110.523,8.394,1092.497,11.229869319865578,2.70805020110221,0.015057445,5.667227882,0.00318358923850341,0.00271332204352725,26.4105286551728,26285888.0,0.733,5023.183217333333,5.416867000728892,5.544923221208856,5.171054832468653,630.0,551.0,783.0
7452,Pirapora,Brazil,25,68450.21122,499.75,23.718,168.171,12.893,1130.442,11.13386191646786,3.2188758248682006,0.014137448,5.618398736,0.008699298501185823,0.004461897141608265,47.0913580597346,18566313.29,0.758,2738.0084487999998,5.41716521389386,5.497949815584165,5.042542189354596,631.0,526.0,692.0
7820,Marapicu,Brazil,21,88793.86791,19.33,23.178,195.314,4.925,1012.136,11.394072871528284,3.044522437723423,0.01525732,5.85144403,0.047196913667830326,0.026319642462785467,46.7036088152269,48257792.0,0.787,4228.279424285714,5.42075796095465,6.703810147880862,5.146625203181774,632.0,969.0,773.0
3542,Cuauhtémoc,México,37,125930.6397,2058.67,14.843,524.435,23.037,554.55,11.74348655579323,3.6109179126442243,0.017622479,7.390341228,0.0042818958046077485,0.0008973209205972134,80.2796534264789,39134474.89,0.765,3403.5308027027027,5.421654753657853,5.647992060207548,3.8981909009275713,633.0,606.0,136.0
376,Caguas,Puerto Rico,37,90278.18034,78.22,26.337,94.334,2.787,987.958,11.410651074990637,3.6109179126442243,0.01471493,7.352263817,0.0034728206384116397,0.0001654714155041641,90.4469787342586,68692992.0,,2439.95082,5.424111891056559,6.313489025862483,5.366721743056096,634.0,899.0,887.0
6563,Jaraguá do Sul,Brazil,45,125168.5263,46.48,19.054,310.053,13.306,2028.72,11.73741631866484,3.8066624897703196,0.011415864,9.059095242,0.010208398614165037,0.007150362177860034,21.4421802579332,39157113.26,0.773,2781.522806666667,5.4242127364088955,5.598624404405653,4.9439461587332785,635.0,575.0,627.0
3926,Charallave,Venezuela,29,141375.393,342.09,27.912,105.356,13.125,844.43,11.859173993255407,3.367295829986474,0.009283024,8.470695806,0.009303316910333823,0.0007500911486696981,73.4542835943551,23487651.56,0.728,4875.013551724138,5.427506597469125,5.640773920854833,4.868960900961971,636.0,602.0,584.0
509,Retalhuleu,Guatemala,12,64265.58646,241.25,28.058,52.413,5.094,1757.228,11.070779564154192,2.4849066497880004,0.012302889,6.435615321,0.004416060445611002,0.006035743656745897,57.0982667728688,42738135.27,0.616,5355.465538333333,5.427610218606294,5.629204779888717,5.2552677580997145,637.0,597.0,825.0
6905,Tubarão,Brazil,23,74833.5251,9.34,20.17,327.846,10.973,1584.247,11.223021260076571,3.1354942159291497,0.016667764,7.100779759,0.055266003256112806,0.007800419079215607,1.85849796818822,48313926.62,0.773,3253.6315260869565,5.42850182048199,6.467728178361588,5.216527055246129,638.0,929.0,807.0
7778,Parnaíba,Brazil,29,137546.6055,15.92,28.676,91.926,12.634,978.543,11.831718087749406,3.367295829986474,0.016489327,5.69692013,0.004114398672114085,0.0023008977678405885,46.8447847854213,27553148.54,0.711,4742.986396551724,5.4285828276571575,5.462232608676537,5.098806948934665,639.0,513.0,732.0
1273,San Ramón de la Nueva Orán,Argentina,16,92652.71445,352.83,15.389,332.923,13.23,2922.096,11.436613529179636,2.772588722239781,0.015754542,6.479648317,0.0011966744315821823,0.0003922172042742564,9.32686240792802,37045017.6,0.843,5790.794653125,5.4293438581935485,5.764575618619625,5.010194737606979,640.0,666.0,664.0
4366,Porlamar,Venezuela,91,267847.1843,21.95,25.875,95.615,2.556,278.533,12.49817188902686,4.51085950651685,0.010697197,7.127098147,0.011105235375091452,0.0006862645912533492,82.313591145154,15601447.29,0.716,2943.375651648352,5.4334611325268485,5.840909337044088,4.958822486609356,641.0,706.0,638.0
7813,Engenheiro Pedreira,Brazil,16,67195.63277,31.57,23.178,195.314,4.925,1012.136,11.115363535857728,2.772588722239781,0.013947986,7.107782886,0.0034606344355733046,0.002035600291884862,61.505085879297,50204705.68,0.787,4199.727048125,5.434319308640808,5.6289948517347215,5.315546320341377,642.0,596.0,858.0
4775,Oberá,Argentina,20,80383.61844,321.15,20.883,380.596,15.528,1918.921,11.294565683660785,2.995732273553991,0.016525375,6.841866853,0.004313067468265117,0.0020436431727021416,39.1390571297718,25106171.08,0.827,4019.1809220000005,5.435598839273491,5.459615198519976,4.788172351142194,643.0,512.0,527.0
2617,Río Cuarto,Argentina,43,144592.0714,441.71,16.632,512.309,18.914,733.941,11.881671755944868,3.7612001156935624,0.017568508,7.979496487,0.012678791068698946,0.0016052078928858891,9.39418876249865,10420631.88,0.839,3362.6063116279065,5.438739863946134,5.701759469442545,4.725518072609593,644.0,639.0,491.0
1051,Maldonado,Uruguay,36,124857.5563,17.55,16.694,387.942,7.932,1029.537,11.734928816904107,3.58351893845611,0.015195942,8.070891607,0.012927953960780827,0.006239014767574776,43.7369251820499,55728765.39,0.824,3468.2654527777777,5.441077493246627,5.53368115647818,5.180421586240584,645.0,544.0,789.0
921,Matanzas,Cuba,25,148632.8713,22.37,25.441,211.339,8.965,717.452,11.90923459339811,3.2188758248682006,0.013096986,6.825264296,0.0037413620008160337,0.0014731098756483488,13.0266264306008,40233450.67,0.786,5945.3148519999995,5.441218937912444,5.616081616904776,5.050115970964031,646.0,590.0,698.0
5622,Pelotas,Brazil,68,299134.2832,11.78,18.53,407.788,14.473,1292.106,12.608647859246457,4.219507705176107,0.013607248,6.791154907,0.005106853517992216,0.0031367800127832354,31.30828861505,50599633.45,0.773,4399.033576470589,5.44484967560904,5.471755348638061,4.585192402359736,647.0,519.0,404.0
5599,Bento Gonçalves,Brazil,28,94082.8247,609.39,18.499,371.305,15.777,1877.523,11.451930787129008,3.332204510175204,0.013421224,10.81239278,0.012542078087734117,0.008523476302046022,23.6797523923832,34952872.42,0.773,3360.1008821428572,5.44495180559302,5.533575486586987,4.511815726722931,648.0,543.0,368.0
5352,União da Vitória,Brazil,22,60911.65717,764.81,17.158,311.432,14.208,1514.934,11.017179850323014,3.091042453358316,0.013591199,5.642720866,0.004523532093651623,0.002474911836617168,53.35670742085,23658733.71,0.769524981,2768.7116895454546,5.445272465795704,5.530297281439408,4.857359201049497,649.0,541.0,572.0
206,Mandeville,Jamaica,31,96832.16313,648.58,26.883,88.781,2.925,644.1,11.480734481816965,3.4339872044851463,0.009478414,8.970369681,0.005752796653836353,0.0011897847579871472,63.9009679030825,18068202.67,0.709,3123.618165483871,5.445368055143638,5.599186699664034,5.002437158197039,650.0,577.0,659.0
209,San Juan de la Maguana,Dominican Republic,14,63926.30407,412.08,22.619,114.291,10.694,928.617,11.06548619995131,2.6390573296152584,0.015529697,5.206057674,0.003821006659332746,0.0015263927230511013,67.8395172881072,28514842.95,0.731,4566.164576428571,5.4459753915897124,5.552515831743794,5.0896332908506805,651.0,554.0,726.0
8328,Belo Jardim,Brazil,12,56382.13578,623.87,23.641,152.308,12.359,413.821,10.939907645823608,2.4849066497880004,0.015526723,5.900829601,0.003775927533673149,0.002814116958944332,26.0525253671405,16809906.29,0.733,4698.511315,5.446478554733442,5.5698231026325775,5.225729738381497,652.0,562.0,813.0
7967,Teófilo Otoni,Brazil,28,108913.8183,363.87,24.411,194.942,13.678,796.742,11.598312190678383,3.332204510175204,0.013122514,10.98191613,0.0026894015725459144,0.0019808137116335035,29.5811564605669,25505294.63,0.758,3889.7792249999998,5.451833792523732,5.582887111790684,4.824740113255982,653.0,570.0,554.0
7722,Janaúba,Brazil,16,54780.1909,531.92,25.306,155.712,13.793,719.96,10.911083927659481,2.772588722239781,0.016169505,6.184842313,0.006053576160721265,0.0023026016697579635,72.0351107084992,25553549.47,0.758,3423.76193125,5.4524045378102315,5.618039614718914,5.2517950412345735,654.0,593.0,823.0
8172,São Mateus,Brazil,17,66325.66143,31.34,24.358,190.625,12.561,971.637,11.102332151515581,2.833213344056216,0.016098899,6.663008325,0.004526792496021702,0.002470004462343739,50.0678746906646,25405479.62,0.761,3901.5094958823524,5.454523189259041,5.503686223012858,5.33640675423213,655.0,531.0,873.0
661,Portmore,Jamaica,102,342759.3864,26.1,27.225,97.268,5.905,842.52,12.74478398260757,4.624972813284271,0.010953345,5.784375871,0.015980842486127172,0.0029827851468577607,60.6184107014172,33513539.96,0.723,3360.3861411764706,5.454949339195326,5.611930150632745,4.7120027979988155,656.0,587.0,478.0
1566,Nuevo Chimbote,Peru,28,128369.0372,42.45,18.498,218.886,4.64,65.189,11.762664497856097,3.332204510175204,0.02026103,6.842512873,0.007522667056927961,0.002335093175443712,61.6835511520593,54255446.86,0.82,4584.608471428572,5.455576310845581,5.55848550096363,5.303674262169625,657.0,556.0,851.0
1038,Jinotega,Nicaragua,9,79339.44559,1065.17,26.091,105.174,12.074,1387.062,11.28149070626977,2.1972245773362196,0.016161133,5.955150347,0.0034132894845200793,0.0026586386836762363,71.2136061528918,28130717.09,0.611,8815.493954444444,5.4560485953338835,5.5712519719274445,5.044349761913188,658.0,564.0,695.0
3652,Ijuí,Brazil,20,63660.47662,317.97,19.755,394.561,15.588,1923.395,11.061319187770042,2.995732273553991,0.016471888,8.265496655,0.006173318979967134,0.0032491628615613716,53.6459121410681,31925176.0,0.773,3183.023831,5.45959243289147,5.519582410088971,5.004859318270356,659.0,537.0,660.0
7827,Irecê,Brazil,12,59396.87176,731.04,22.864,147.958,13.009,441.289,10.991996839990877,2.4849066497880004,0.01822267,5.475218709,0.003774856122793225,0.0015574328356682465,71.7278522429894,28860723.2,0.732,4949.7393133333335,5.466671263084803,5.570613427112061,5.119115363425909,660.0,563.0,748.0
24,Santa Cruz de Barahona,Dominican Republic,18,78420.96092,38.71,26.37,87.661,2.713,776.547,11.269846529278007,2.8903717578961645,0.014013754,6.326148162,0.011960596115378485,0.00236763109341915,39.491446256593,35432064.0,0.752,4356.720051111111,5.469300176366867,5.513025955299806,5.334697144886281,661.0,533.0,872.0
919,Puerto Hondo,Ecuador,12,60866.39412,17.26,25.135,109.915,8.561,1596.678,11.016436480699262,2.4849066497880004,0.014029707,6.332227888,0.17342239942112084,0.016541866704736542,52.6810260622467,40795666.29,0.729,5072.1995099999995,5.471079108433,14.258778129579873,5.346257671124614,662.0,1087.0,879.0
8280,Patos,Brazil,20,99487.38429,244.92,26.044,118.892,13.539,277.528,11.507786124052743,2.995732273553991,0.019943293,6.4148718,0.006710428638469132,0.0026726282522207823,63.8521610833649,36610292.36,0.732,4974.3692145,5.475373635792459,5.55084214494868,5.209356997092081,663.0,553.0,803.0
1930,Las Tunas,Cuba,27,188545.5119,89.59,26.789,156.905,9.279,734.958,12.147094699167985,3.295836866004329,0.015164032,5.533440429,0.002442557399649246,0.0009586654077603635,12.7345480172859,10773814.3,0.753,6983.1671074074075,5.476489727822068,5.765748438358847,5.000940596043322,664.0,668.0,658.0
3790,Hidalgo del Parral,México,28,115314.3604,1758.26,17.01,497.679,22.255,548.964,11.655417246636974,3.332204510175204,0.017228102,7.578414224,0.004664274857505084,0.0008198560922252663,86.3263161027921,52467151.57,0.765,4118.370014285714,5.478778795240537,5.803613528753042,4.001710629160558,665.0,686.0,164.0
2253,Punto Fijo,Venezuela,100,257860.7735,15.7,28.303,94.934,8.208,646.182,12.460175080650084,4.605170185988092,0.010367234,8.041534993,0.028025327595870255,0.002549678000008016,49.3488440328915,12003434.85,0.684,2578.607735,5.479899964801375,5.695538585696158,5.136080442999602,666.0,632.0,763.0
8058,Itapetinga,Brazil,12,61163.31978,274.39,24.15,180.111,12.797,749.413,11.021302938818408,2.4849066497880004,0.01628776,6.423638052,0.011496747499600814,0.007888675032936547,21.0637327988424,28219094.86,0.732,5096.9433149999995,5.485827712706832,5.641255576317262,5.326306620376524,667.0,603.0,868.0
2807,Chillán,Chile,38,169341.7227,120.12,13.388,396.661,18.643,888.335,12.039673980169207,3.6375861597263857,0.02026333,6.829541163,0.007384716364043461,0.003199868714711026,47.0082683724067,47297792.0,0.826,4456.361123684211,5.4864876594475165,5.51698434174963,5.26404414861079,668.0,535.0,830.0
1936,Itaituba,Brazil,18,76341.91829,21.12,27.347,109.183,11.55,1908.201,11.242977454225587,2.8903717578961645,0.011785449,6.03399217,0.0071379263542082,0.0053731662848814175,15.6068226471887,32165805.18,0.716,4241.217682777778,5.486822078659072,5.729538677260582,5.176268729267702,669.0,655.0,785.0
364,Sullana,Peru,25,208680.8576,65.06,21.712,219.103,8.634,237.073,12.24856136676944,3.2188758248682006,0.017315482,6.383975028,0.0027036887084558353,0.001054459369765404,78.9501744979662,52321834.67,0.731,8347.234304,5.488628207405255,5.769276316921339,5.259334273246598,670.0,671.0,828.0
6741,Cárdenas,México,28,131842.2829,21.57,25.968,235.469,12.555,2091.703,11.789361660679063,3.332204510175204,0.012258298,5.880534706,0.002360925831571747,0.0008462857340435206,30.3461145329629,51068352.0,0.749,4708.652960714286,5.489487835023552,5.600713244132057,4.761175575692272,671.0,578.0,511.0
4406,Carazinho,Brazil,19,51079.90404,569.86,19.102,379.054,15.07,1909.796,10.841146431522942,2.9444389791664403,0.014493799,8.413214253,0.02402456533594929,0.016818311389098686,25.8779885859415,28248370.67,0.773,2688.416002105263,5.489740032818926,5.829394380105119,5.032337910023585,672.0,697.0,680.0
3651,Formosa,Argentina,53,228672.1399,59.59,22.65,405.841,15.624,1551.896,12.340044553176206,3.970291913552122,0.015964886,6.203159482,0.002000592351740178,0.0007423387590601718,28.8139944926304,13464625.67,0.827,4314.568677358491,5.493629987364501,5.605863119475401,4.46240878322907,673.0,582.0,345.0
4174,Acacías,Colombia,9,50039.9198,538.97,17.219,75.769,10.154,2705.83,10.820576361861738,2.1972245773362196,0.018000308,5.521998423,0.003540756852252189,0.0010279999540287032,83.6930591598025,93480938.67,0.767,5559.991088888889,5.495669477510349,5.9911685237292645,5.119642287672335,674.0,775.0,749.0
8112,Serra,Brazil,15,76943.89634,37.51,23.964,164.389,6.528,977.121,11.250831816302979,2.70805020110221,0.013483995,9.108009549,0.028179748655460402,0.019336503950639287,20.5770265087471,59460170.11,0.761,5129.593089333333,5.495876400752331,6.040893980494431,5.289439492342738,675.0,799.0,847.0
1154,Matagalpa,Nicaragua,14,134379.7401,747.33,26.091,105.174,12.074,1387.062,11.808424952404701,2.6390573296152584,0.010440302,8.016899404,0.0012317624110808948,0.002110320359080677,49.5626251691736,51742208.0,0.611,9598.552864285713,5.498213068719836,5.5083082967326815,4.8805813152950215,676.0,532.0,595.0
4554,Carúpano,Venezuela,28,111012.2358,51.13,25.205,73.178,7.945,926.065,11.617395706651756,3.332204510175204,0.010574194,5.983080876,0.000678212889655178,0.00016192922163450385,24.2872169588342,17097142.59,0.663,3964.722707142857,5.498802718626615,5.666218160658097,5.033567217024017,677.0,619.0,682.0
8070,Colatina,Brazil,20,93396.40566,78.93,23.124,193.455,12.821,795.107,11.444608140178788,2.995732273553991,0.012204611,9.372021556,0.006131181552677752,0.0037321402303417076,37.0601154505387,28837615.41,0.761,4669.820283,5.5011716798727734,5.537450489556412,5.1364755179555655,678.0,546.0,765.0
8118,Fazendinha 13,Brazil,14,58724.62021,5.18,22.915,211.659,10.956,1375.837,10.980614342243536,2.6390573296152584,0.015723251,6.47254185,0.005390001558564358,0.0030868449099161915,42.8970694260485,47426224.0,0.761,4194.615729285714,5.5041611229544865,5.609083416244589,5.355623815056515,679.0,584.0,882.0
652,Ciudad Arce,El Salvador,14,55350.75825,518.14,26.512,53.525,5.985,1732.765,10.921445637229942,2.6390573296152584,0.008784384,6.511419511,0.006176077484719914,0.0012693629966126058,47.6962201485396,22994456.89,0.694671547,3953.6255892857143,5.505922809425745,5.584348330392387,5.074731367593814,680.0,572.0,717.0
2475,Yurimaguas,Peru,8,61622.81114,146.1,24.977,60.97,11.817,1948.901,11.028787391687807,2.0794415416798357,0.014368742,8.319640067,0.004312040292243636,0.0013726221038802158,82.4540159043218,49581641.6,0.702,7702.8513925,5.507026893691372,5.713729867960801,5.453061878185113,681.0,644.0,929.0
1575,Itacoatiara,Brazil,16,72359.57405,21.2,27.687,91.819,8.256,2566.188,11.18940305295238,2.772588722239781,0.010202845,6.374640308,0.0015398519019336322,0.0011488861465319808,55.6011846792202,20141635.56,0.734,4522.473378125,5.512714581889252,5.580924445268711,5.15501965272967,682.0,569.0,778.0
3545,Villa de Cura,Venezuela,14,65526.25407,541.28,27.047,133.078,12.911,1277.234,11.090206166810447,2.6390573296152584,0.010330743,7.125499696,0.010054444972212036,0.0008334114730968917,75.1803670984422,15307600.0,0.721,4680.446719285715,5.513802111675675,5.698801868824578,5.080901105429042,683.0,637.0,719.0
8256,Dias d'Ávila,Brazil,16,70636.14117,41.03,25.429,130.896,6.623,1366.683,11.165297207086995,2.772588722239781,0.014070829,5.628614252,0.12690244608148374,0.06683465340102737,3.34286946877867,24028850.53,0.732,4414.758823125,5.515437353067155,11.421510725175049,5.237577118500429,684.0,1082.0,819.0
11,Belize City,Belize,27,76330.51281,1.62,26.403,125.727,3.753,2222.328,11.24282804309826,3.295836866004329,0.011787278,6.23742432,0.012361985047064693,0.0033927918534443816,35.7886923761087,27422329.6,0.72,2827.05603,5.51573401583126,5.614742456544686,5.234821505919537,685.0,588.0,817.0
520,Machiques,Venezuela,14,95605.92587,97.41,26.761,77.33,11.328,1040.593,11.4679900832063,2.6390573296152584,0.014253766,5.912306055,0.0003550534746052975,9.541382474977332e-05,0.466509823336926,34504851.2,0.681,6828.994705,5.516647551408393,5.9945672678374295,5.309483333887339,686.0,777.0,855.0
12,Liberia,Costa Rica,13,52864.19541,146.04,27.326,90.912,9.544,2116.234,10.875481553340222,2.5649493574615367,0.014288996,5.880353167,0.006230724845794073,0.0015705531012072205,62.6545531733404,28338043.73,0.8,4066.47657,5.520777915661112,5.601621528256562,5.3081864544707065,687.0,580.0,854.0
7841,Três Rios,Brazil,15,62536.49218,314.36,20.959,234.352,12.921,1492.151,11.043505540215875,2.70805020110221,0.011369843,9.242371193,0.004555152505277599,0.00295669968642939,39.5754040678535,40862544.0,0.787,4169.099478666667,5.52412414828631,5.631553104167434,5.0435933834754625,688.0,598.0,693.0
1850,Cáceres,Brazil,26,74056.68812,123.24,26.44,166.641,12.83,1312.921,11.212586134591099,3.258096538021482,0.015745185,6.122938135,0.005956075050470404,0.0020308910025154388,70.3707221442055,30190648.24,0.755,2848.3341584615387,5.525732266205376,5.74575264081379,5.286124456867085,689.0,660.0,846.0
2543,Jutiapa,Guatemala,12,52476.80422,911.3,22.087,75.438,12.853,1782.801,10.868126526565613,2.4849066497880004,0.008427738,5.290900297,0.007942627817666295,0.008341127841816585,62.2025239847461,9753538.133,0.622,4373.067018333333,5.526061927729269,5.7499564529519995,4.7153350472001625,690.0,662.0,479.0
8214,Vila Jardim,Brazil,12,73104.70266,52.82,24.484,135.875,6.732,1109.193,11.199647975542808,2.4849066497880004,0.01509424,6.197419185,0.002746832373191134,0.0010588219569539785,77.9701823487775,22690745.6,0.732,6092.058555,5.527751506641213,5.733686481919462,5.378341464603789,691.0,656.0,893.0
7434,Codó,Brazil,17,88789.55093,56.1,27.725,112.032,12.769,1427.325,11.394024252349432,2.833213344056216,0.013433022,5.650406009,0.004219887215933687,0.003584917354362387,23.6434370239806,22359906.91,0.702,5222.914760588235,5.528002896966162,5.651409605987954,5.193270920380432,692.0,610.0,794.0
3882,Cúa,Venezuela,22,103125.0461,261.49,27.912,105.356,13.125,844.43,11.543697570667184,3.091042453358316,0.010196104,8.977395904,0.013295957916502692,0.0010615124047057274,74.3409365587282,24558458.88,0.728,4687.502095454546,5.529055768753055,5.771730246910119,5.096222962234648,693.0,672.0,731.0
654,Masaya,Nicaragua,21,166945.7551,223.52,27.38,86.345,10.131,1418.787,12.025424218873049,3.044522437723423,0.011184163,5.561446747,0.0017888140270539887,0.0023506361725515955,55.0788264966068,67464064.0,0.703,7949.797861904763,5.529518126917465,5.638273500078855,4.914872906620971,694.0,601.0,615.0
1150,Chiantla,Guatemala,16,74627.50728,2031.91,16.909,99.665,13.788,1732.142,11.22026444852245,2.772588722239781,0.005803305,6.196557401,0.006600154496276509,0.006645221220887601,77.3121063952571,11015664.0,0.561,4664.219205,5.529955557169446,5.7744479013501175,3.9208844496540745,695.0,673.0,145.0
4845,San José del Guaviare,Colombia,9,62009.16994,186.83,24.991,83.812,10.01,2587.702,11.035037555348833,2.1972245773362196,0.013802195,5.457925321,0.005928719149179438,0.0009148773458488905,93.5991237394324,32249920.0,0.744071099,6889.907771111111,5.530524692423135,5.884159649552815,5.230845200124853,696.0,727.0,816.0
925,Baní,Dominican Republic,26,137526.7253,59.03,26.709,85.888,2.798,1101.521,11.831573543020356,3.258096538021482,0.012543188,4.963785933,0.0017280613324688829,0.0009183781074731952,65.3771437738669,34587484.0,0.76,5289.489434615384,5.531582192901976,5.654803567488794,4.9523469529412925,697.0,613.0,632.0
6411,Túxpam,México,32,122368.6425,13.41,24.076,333.521,12.976,1454.7,11.714793427512936,3.4657359027997265,0.012670084,7.562357244,0.00605133295824541,0.0011010267103273618,85.5977991295926,34433840.0,0.72,3824.020078125,5.531967174022121,5.95705905547557,4.874613565757466,698.0,763.0,592.0
6945,San Miguel de Cozumel,México,20,112061.5226,4.84,26.407,131.396,3.395,1381.887,11.62680330839088,2.995732273553991,0.013215961,5.266169964,0.024869984116189407,0.0030749679456166874,97.7850856651735,65013669.33,0.758,5603.0761299999995,5.536273924297924,6.374587279635009,5.064179262547782,699.0,912.0,711.0
10,Chinandega,Nicaragua,15,104366.0248,66.55,27.834,51.859,3.467,1355.045,11.55565946851569,2.70805020110221,0.014798334,5.4932096,0.001352149015442811,0.00239651237419747,57.7373748941381,26161837.18,0.703,6957.734986666666,5.53700081110514,5.608987600650705,5.254220153932989,700.0,583.0,824.0
1164,San Pedro de Jujuy,Argentina,12,64284.93354,589.86,16.828,388.31,15.301,1746.357,11.071080567684106,2.4849066497880004,0.018866478,6.531676991,0.0027268220217716663,0.0011191617032353847,38.7934051554208,34779884.0,0.843,5357.077795,5.537290187207648,5.574714625749389,4.9907473013995345,701.0,566.0,653.0
1364,Usulután,El Salvador,15,64304.47679,84.79,27.835,64.281,7.372,1693.604,11.071384531285778,2.70805020110221,0.012752883,5.79044769,0.0030792638719329825,0.001145315601346329,65.5160635561326,30935977.41,0.63,4286.965119333333,5.541437555778752,5.675441112886842,5.304528532813856,702.0,625.0,852.0
8303,Arcoverde,Brazil,13,66188.86129,670.13,25.016,182.023,13.916,350.435,11.100267469308843,2.5649493574615367,0.018634764,5.947000558,0.0029680369367176343,0.0011385234243693693,73.3172095425316,16172097.14,0.733,5091.450868461538,5.546931435090734,5.675848995952985,5.1877324793417054,703.0,626.0,792.0
201,Paita,Peru,17,99936.3643,58.07,19.953,213.985,4.372,141.232,11.512288905409173,2.833213344056216,0.016423196,6.929870463,0.005560693814503716,0.0016104776318443673,73.9192111325391,30876291.37,0.731,5878.609664705882,5.549621930205966,5.750999475177281,5.478966778085952,704.0,663.0,942.0
372,Mao,Dominican Republic,10,69075.17364,87.33,20.94,129.572,10.79,1794.777,11.142950663577817,2.302585092994046,0.01501514,6.046393703,0.0028800208546822846,0.001142797840080826,69.9436968953993,49694198.15,0.739,6907.517363999999,5.55049595865891,5.662030964621991,5.396009633516153,705.0,617.0,896.0
5037,Maicao,Colombia,19,147235.643,51.22,27.683,91.633,10.099,1430.963,11.89978959591142,2.9444389791664403,0.021243084,6.326290912,0.0029019372583308513,0.0009160995298876101,86.3980685863414,35477322.67,0.685,7749.244368421053,5.550684560164085,5.8468595226981845,5.108309378430389,706.0,707.0,739.0
1274,Manacapuru,Brazil,16,73818.21545,26.2,26.645,77.432,10.395,2981.348,11.209360801948788,2.772588722239781,0.008324858,6.766059544,0.002784305904702008,0.0015925088847972143,58.7631673940139,22194352.84,0.734,4613.638465625,5.551255316702363,5.633719682173588,5.0698795672272805,707.0,599.0,714.0
522,Azua,Dominican Republic,11,62726.24381,82.08,24.698,115.288,9.641,1009.784,11.046535200611554,2.3978952727983707,0.016627054,6.345913422,0.005232228120372126,0.0016354455291111428,67.3651957713566,53997400.62,0.76,5702.385800909091,5.551777872394231,5.6852983042633145,5.4481592840629265,708.0,628.0,928.0
6168,Paranoá,Brazil,10,116381.0965,1141.13,22.968,142.258,14.363,1178.835,11.664625399888223,2.302585092994046,0.02244856,6.548035373,0.003118155581323295,0.0013461246458783794,68.2943904852417,306621672.7,0.82,11638.10965,5.553250172082902,9.152257124343052,5.0141878779766165,709.0,1071.0,669.0
1151,Cojutepeque,El Salvador,10,57723.00495,809.86,27.651,47.399,2.504,1289.198,10.9634110723435,2.302585092994046,0.009898274,6.684297016,0.0014252810392713278,0.0003864151907600922,79.0028122457034,34277261.33,0.709,5772.300495,5.555790926701263,5.748629741476342,5.1780927162770505,710.0,661.0,787.0
6471,Tierra Blanca,México,12,58731.33046,56.4,23.581,240.313,11.396,2301.732,10.980728602099576,2.4849066497880004,0.018221026,6.46881032,0.005425496928543444,0.001231508303260052,74.7172897764774,39987634.29,0.72,4894.277538333333,5.5565304429657925,5.69874971763249,5.212431595876641,711.0,636.0,804.0
1468,Chimbote,Peru,31,218648.9798,15.92,18.498,218.886,4.64,65.189,12.295222890925768,3.4339872044851463,0.014783519,6.804470486,0.00721551442777873,0.002468194023007278,59.1117827746197,82203944.0,0.82,7053.192896774193,5.556592772214499,5.705603905226617,5.3137251805498265,712.0,640.0,857.0
3112,Santa Fe,Argentina,70,377685.5917,17.93,18.766,486.136,17.862,1136.877,12.841817360501377,4.248495242049359,0.017440273,6.782391268,0.003675087290230881,0.0010908194320508944,41.9269274963052,63783279.19,0.839,5395.508452857142,5.557829161747222,5.572666332747092,4.5466784742006885,713.0,565.0,388.0
7960,Sobral,Brazil,16,136218.4089,72.94,27.364,76.797,11.676,560.459,11.822014824357103,2.772588722239781,0.019017504,7.178098902,0.006897365580255283,0.0046335843489579915,27.6662649237884,32150292.21,0.73,8513.65055625,5.561215733959855,5.685536665512673,5.456415574145456,714.0,629.0,931.0
6606,San Andrés Tuxtla,México,16,78574.07062,324.72,26.086,255.997,13.307,1814.185,11.271797033660723,2.772588722239781,0.012612069,7.075702824,0.0020988389871330303,0.0006913348970770174,76.3409390805302,46968427.79,0.72,4910.87941375,5.5626677048264455,5.7959825132863445,4.919317487435169,715.0,680.0,617.0
1568,Ciego de Ávila,Cuba,20,114508.0893,45.74,25.808,186.21,11.285,818.507,11.648400748389212,2.995732273553991,0.016090851,5.463820387,0.0044349662602745045,0.0017979652711312857,11.8850033161224,52391325.54,0.781,5725.4044650000005,5.56690172487277,5.801635405650639,5.1493296343015915,716.0,683.0,775.0
3496,Santo Ângelo,Brazil,17,58292.69884,268.68,19.755,394.561,15.588,1923.395,10.973232130190796,2.833213344056216,0.016500154,7.46095402,0.00481088165006292,0.0038878951444856454,31.8167003149232,36585318.96,0.773,3428.982284705882,5.569662304875483,5.65698145295385,5.0937374436122465,717.0,614.0,728.0
37,Cayenne,French Guiana,37,75925.31354,11.4,26.221,57.98,7.846,2897.879,11.237505419507004,3.6109179126442243,0.013147058,7.232253785,0.008527048227478415,0.004727522541291832,9.02968426236305,37815424.0,0.79,2052.0355010810813,5.571484085755847,6.18548569774425,5.4741494949771,718.0,862.0,939.0
6061,Sapiranga,Brazil,22,71643.02885,44.05,19.672,388.922,15.527,1765.625,11.179451134035812,3.091042453358316,0.01595515,7.516251848,0.051386159876726095,0.04187471765899523,2.5399732968101,40140963.31,0.773,3256.5013113636364,5.5720730734485775,8.179854864859761,5.202510906606904,719.0,1061.0,800.0
1574,San Fernando del Valle de Catamarca,Argentina,55,208496.3887,536.79,16.973,523.12,17.791,1124.701,12.2476769996873,4.007333185232471,0.017890773,6.07762032,0.0033870912228898473,0.0009757802577229961,52.66684510107,99708949.94,0.843,3790.8434309090912,5.575924717773435,5.862025079246233,4.292621804938542,720.0,715.0,276.0
2934,Santana,Brazil,27,143271.532,9.42,27.481,84.082,7.866,2303.085,11.872496933927197,3.295836866004329,0.008566973,5.60578397,0.002050132438934205,0.0008739159947699868,77.5792432147139,29213591.47,0.745,5306.353037037037,5.576225925419266,5.821778362445842,4.776948474229825,721.0,692.0,520.0
7182,Bacabal,Brazil,17,83102.77009,21.82,28.216,124.207,12.711,1389.298,11.327833314704327,2.833213344056216,0.014198511,5.758076588,0.0022739483920132223,0.0017083485856397881,32.1036400193059,18785938.09,0.702,4888.398240588235,5.577794396815578,5.64951943008339,5.275638955304715,722.0,608.0,839.0
4666,La Plata,Argentina,201,762830.6605,12.92,16.6,494.18,17.949,948.428,13.544791346578121,5.303304908059076,0.014907317,7.033397125,0.009176002393300499,0.0019709408055078956,29.9898861195237,28046983.11,0.842,3795.1774154228856,5.578480314766782,5.652108839562918,4.526995627694536,723.0,611.0,371.0
7000,Barra do Corda,Brazil,15,53511.9113,116.77,27.244,114.807,13.597,1219.981,10.887659549224736,2.70805020110221,0.013180042,6.740172322,0.0015965073755270633,0.0012134183660526437,45.7161720496053,14592305.78,0.702,3567.4607533333333,5.578645820355467,5.661358860240765,5.471703517812553,724.0,616.0,936.0
207,San Antonio del Táchira,Venezuela,7,52514.10676,452.12,20.262,88.687,10.697,1201.921,10.868837112676761,1.9459101490553132,0.014337707,8.352556347,0.020868741858230552,0.008663259713131604,49.2506662621531,26181009.45,0.694955284,7502.015251428572,5.580976418155803,5.6632678874488835,5.506722807851445,725.0,618.0,957.0
2613,Guantanamo,Cuba,25,201035.9353,52.54,26.895,120.945,3.394,662.52,12.211238953648575,3.2188758248682006,0.01362672,5.626080307,0.002077250719185228,0.000801861359688961,18.4600620536798,34582546.58,0.785,8041.437412,5.5823421799627,5.723290333784843,5.137703873415769,726.0,650.0,766.0
3439,Caucasia,Colombia,11,72713.7267,59.15,27.928,92.82,11.368,2129.149,11.194285458628542,2.3978952727983707,0.012101356,6.474382618,0.006079898149106969,0.0013075659957200352,86.4399572316348,27203594.67,0.761,6610.338790909091,5.582419366226309,5.871929136570298,5.325810339195428,727.0,719.0,867.0
7862,Viçosa,Brazil,17,61080.96397,696.05,21.294,227.707,13.376,1305.709,11.019955541297096,2.833213344056216,0.011494688,10.72332116,0.005023914378507802,0.002448393476557636,57.4465793518837,30351448.38,0.758,3592.997880588235,5.582905266386132,5.694805097474983,4.807524819820197,728.0,631.0,545.0
4811,Eldorado,Argentina,21,67940.61368,218.08,21.0,354.76,15.005,1960.856,11.126389274349672,3.044522437723423,0.014384944,6.376711844,0.0024590336570978117,0.0007986807282986556,61.6030467634979,19003794.96,0.827,3235.267318095238,5.585358477136398,5.68525171954841,5.01537555538466,729.0,627.0,670.0
31,Fort-de-France,Martinique,43,91150.17104,45.4,26.662,73.713,2.59,1049.264,11.42026365657241,3.7612001156935624,0.016797966,9.232226563,0.017805608349015338,0.0009753932201288374,27.9097872195191,80941959.84,,2119.7714195348835,5.5856576173451495,6.371141707397841,5.51151406123895,730.0,911.0,959.0
19,Nassau,Bahamas,110,261235.2051,3.92,25.279,215.154,4.642,1035.504,12.473176449461379,4.700480365792417,0.012025376,6.031262901,0.006916046432881799,0.0012001425894874536,84.6710433715825,50145268.36,0.815,2374.8655009090908,5.586330751571066,6.19460034908465,4.952773763622929,731.0,864.0,634.0
17,Pinar del Rio,Cuba,23,150118.8481,51.09,24.983,209.801,8.608,1095.91,11.91918258002474,3.1354942159291497,0.012629178,5.71222539,0.0038694147309474326,0.0015179055531468603,17.7385723728109,59927044.41,0.773,6526.906439130435,5.5866539104115285,5.737154656090751,4.964695580915372,732.0,659.0,641.0
918,Granada,Nicaragua,17,98172.6129,63.41,27.38,86.345,10.131,1418.787,11.494482564406523,2.833213344056216,0.010224508,6.080241138,0.0029356317585288597,0.0026457465032185164,63.3280267539013,22798837.89,0.703,5774.85958235294,5.5873098569464155,5.692592257840817,5.148078665395032,733.0,630.0,774.0
2019,Corumbá,Brazil,36,124051.3971,162.94,25.43,246.606,12.644,1591.952,11.728451251450723,3.58351893845611,0.011013072,5.819319571,0.012627236427851565,0.007119928251295768,29.2010618212155,39101701.57,0.761,3445.8721416666667,5.58779055358478,5.69863573834658,4.782286506247544,734.0,635.0,523.0
2988,Lorica,Colombia,10,62350.32012,18.05,28.319,49.101,7.392,2142.067,11.040524085337184,2.302585092994046,0.013886507,6.132584038,0.007736066551281085,0.0012091803870757738,93.4213325749509,31880873.14,0.706,6235.032012,5.589383315263257,5.956536818637522,5.444182849469195,735.0,762.0,925.0
1373,Bonao,Dominican Republic,21,88713.37907,179.77,20.054,116.694,8.788,1478.599,11.393165991985214,3.044522437723423,0.013536473,4.738645877,0.02713692808244194,0.003728914764231627,24.2659698136411,30579688.0,0.763,4224.446622380952,5.5930092029892355,5.765496833284449,4.9526291012747246,736.0,667.0,633.0
200,Barranca,Costa Rica,21,65404.95356,13.82,26.469,56.743,3.698,2674.131,11.088353277084616,3.044522437723423,0.010687033,5.765195531,0.019783723767940246,0.0038863146729830045,72.9235385272682,37850868.87,0.793,3114.521598095238,5.598780859207469,5.908884870768313,5.238778826053533,737.0,739.0,820.0
8023,Senhor do Bonfim,Brazil,12,51584.42686,537.9,24.64,182.558,12.759,599.628,10.850975100878587,2.4849066497880004,0.015252713,5.705595163,0.004807665714442717,0.002868508679384792,48.8390930209571,17947050.0,0.732,4298.702238333333,5.599077051820564,5.622591084164131,5.292237405110049,738.0,595.0,848.0
2801,Poptún,Guatemala,14,62786.42481,509.34,25.72,204.064,13.558,1751.341,11.047494163643313,2.6390573296152584,0.012161883,5.58427858,0.003461315708557224,0.004677011506796767,78.0021060232619,11030641.0,0.616,4484.744629285714,5.600281426875014,5.887072232360091,4.943115313763756,739.0,731.0,626.0
7743,Angra dos Reis,Brazil,23,100748.7082,61.85,21.829,217.438,7.565,3310.696,11.520384657890501,3.1354942159291497,0.008505619,6.763993885,0.003187191950913769,0.0015460044574248943,58.7371838041986,32816632.89,0.787,4380.378617391304,5.601977353031007,5.696698449443311,4.789667260652457,740.0,634.0,529.0
6531,Salina Cruz,México,23,90372.91501,38.72,27.579,81.891,3.555,1231.621,11.41169988876617,3.1354942159291497,0.017177178,11.06831811,0.03731808534168472,0.002463491163280117,15.3303086171829,33843572.57,0.687,3929.257174347826,5.606579627294909,6.272037275289266,5.19634399882114,741.0,886.0,796.0
1260,Zacatecoluca,El Salvador,11,62631.62775,194.45,27.651,47.399,2.504,1289.198,11.04502566512265,2.3978952727983707,0.011717435,6.179720988,0.002636003485635099,0.0007325350536654383,64.8158165558533,33272935.38,0.639,5693.784340909091,5.607325052710608,5.696399665656538,5.401653826915816,742.0,633.0,902.0
515,Huaquillas,Ecuador,11,51772.30811,8.58,24.735,86.029,9.689,1218.104,10.854610692831029,2.3978952727983707,0.018488007,7.132931914,0.005811495103728726,0.0011027372882951036,83.6724569459446,30229873.23,0.729049841,4706.573464545454,5.611115072269624,5.836472962898672,5.508325605028789,743.0,703.0,958.0
4442,Punta de Mata,Venezuela,13,54486.44864,236.52,27.265,79.505,12.204,1028.146,10.905707300925757,2.5649493574615367,0.014826414,5.814362735,0.059721877544284006,0.0012754183143986954,0.0162537969899375,14881950.12,0.686,4191.2652800000005,5.612118050202701,7.509851114709558,5.426512271823704,744.0,1043.0,917.0
8076,Iguatu,Brazil,14,65880.14039,215.74,27.197,111.054,12.197,621.024,11.095592315285057,2.6390573296152584,0.01505774,5.967763645,0.005359971304912394,0.002896260238661583,49.7837433427455,15871379.2,0.73,4705.724313571429,5.613994545336489,5.637800615156302,5.429684560322282,745.0,600.0,919.0
4628,San Félix,Venezuela,73,148642.3779,60.87,27.727,84.337,11.715,1239.229,11.909298551632297,4.290459441148391,0.015904223,6.563873865,0.006011804687551349,0.000659319563805229,53.6511349955418,9017379.955,0.69162181,2036.1969575342464,5.614258533274661,5.711456080485097,5.379589765618297,746.0,643.0,894.0
4368,Abaetetuba,Brazil,15,101853.4851,8.66,27.3,79.433,6.263,2013.925,11.53129063903713,2.70805020110221,0.011994783,5.22835221,0.00045474142092954257,0.0006584941141793095,37.0281638280564,56544413.87,0.716,6790.2323400000005,5.615832298481579,5.721942565744716,5.1427562700409215,747.0,649.0,770.0
923,Santa Bárbara del Zulia,Venezuela,13,81292.27744,4.45,27.696,71.718,9.896,3431.414,11.30580630258633,2.5649493574615367,0.011153098,5.437140641,0.0004023765060850041,7.853499932649936e-05,33.8298239419938,13685864.53,0.681,6253.252110769231,5.617704323647083,5.715119102794793,5.141137067839413,748.0,646.0,768.0
803,Caaguazú,Paraguay,21,108252.1447,328.08,22.243,357.82,15.028,1718.871,11.592218458139603,3.044522437723423,0.015483224,5.63963738,0.00267523864153982,0.0038256476444018203,57.3617778445165,50731927.7,0.708,5154.864033333333,5.619597161301663,5.728430776446826,4.64561490233481,749.0,654.0,438.0
2616,Talca,Chile,44,270689.4471,102.37,14.443,442.747,20.226,771.79,12.508727491096662,3.784189633918261,0.022495558,6.621174241,0.0037216353583774415,0.0021651440560868473,44.9439017173835,81983435.03,0.791,6152.032888636363,5.620860025939365,5.650363440610914,5.1317243813332905,750.0,609.0,759.0
3334,Paraná,Argentina,50,208270.3069,67.59,18.882,487.587,17.469,1132.422,12.246592067399941,3.912023005428146,0.015141619,7.691268311,0.0031537086951639766,0.0007619350269656706,50.1517889233589,62378458.9,0.839,4165.406138,5.620949164040328,5.706997972736474,4.6958202309889465,751.0,641.0,469.0
3836,Magangué,Colombia,17,71842.33093,20.76,27.843,88.676,11.263,2060.302,11.182229148580006,2.833213344056216,0.011217484,5.522849474,0.0035575528044465695,0.001213102757577802,77.9921745993393,33719339.79,0.745,4226.019466470588,5.621980012576368,5.886946993607099,5.2200185550938665,752.0,730.0,808.0
2926,Puerto Barrios,Guatemala,18,66988.84496,9.09,24.688,170.702,10.341,2706.308,11.112281391377254,2.8903717578961645,0.008899825,7.163356571,0.011723783455423829,0.006551456777662882,68.8841306148843,26937685.33,0.628,3721.602497777778,5.623286352620163,5.852733028150078,5.1174249470512985,753.0,712.0,745.0
8130,Fazenda Zucchi,Brazil,18,51852.38937,8.44,23.964,164.389,6.528,977.121,10.856156294948855,2.8903717578961645,0.013013453,7.529373649,0.04294976869099677,0.028824461880067844,22.2396104303061,37361229.47,0.761,2880.688298333333,5.626234229376763,6.848260593192627,5.555816305266123,754.0,992.0,980.0
4176,Concordia,Argentina,34,136899.2036,30.3,18.589,471.687,18.019,1422.707,11.827000193874667,3.5263605246161616,0.017467862,6.941218037,0.005590502911092172,0.002970914446378854,42.1727085903295,47537000.49,0.83880154,4026.4471647058826,5.631892657080646,5.6541081043646955,4.916893517842553,755.0,612.0,616.0
6149,Ciudad Mante,México,22,83621.38819,75.92,22.616,373.569,14.96,1038.198,11.334054605944727,3.091042453358316,0.015731262,7.274233895,0.003538503026327241,0.001213929841482102,67.3641301896431,38139875.56,0.768,3800.9721904545454,5.6329741496468415,5.7950796708551815,5.1237676910853525,756.0,679.0,755.0
8232,Paulo Afonso,Brazil,15,60396.97022,246.05,24.841,168.021,13.196,341.342,11.008694220744225,2.70805020110221,0.01439056,5.98620874,0.004755778390285618,0.0024284663252268682,51.0344072177901,18229360.0,0.731949448,4026.4646813333334,5.633029177149932,5.670332018406855,5.424137178231373,757.0,621.0,915.0
4976,Santa Cruz do Sul,Brazil,34,97453.97749,69.14,19.256,399.726,15.926,1777.388,11.487135519803129,3.5263605246161616,0.012823404,7.61146973,0.011639232686437987,0.007616008623107867,27.0429021894827,25065733.57,0.773,2866.2934555882352,5.633496755995728,5.699404457985047,5.05362847619607,758.0,638.0,701.0
4441,Peñon del Rodadero,Colombia,10,63190.3967,23.98,28.063,72.926,7.576,3274.015,11.053907617639867,2.302585092994046,0.010055902,7.688961047,0.02386138830509985,0.004770046822763497,88.972952265714,28375773.54,0.716,6319.03967,5.638112323415068,6.124244003673009,5.327348574016898,759.0,832.0,870.0
3791,Facatativá,Colombia,17,120460.5771,2593.55,26.006,80.183,10.875,1623.48,11.699077817388162,2.833213344056216,0.011362331,6.256577533,0.009098305905849757,0.004778754021011576,32.0100846602671,70390056.42,0.763,7085.9163,5.640958681721497,5.885939531545882,4.578643067733306,760.0,729.0,401.0
32,Bridgetown,Barbados,82,152912.0999,36.19,26.706,65.293,2.423,1188.995,11.937618524822687,4.406719247264253,0.013593269,7.083309558,0.025119328031999646,0.0018848610521762902,33.3113733572962,28665251.4,0.789418188,1864.781706097561,5.641679125163245,5.872093245860456,5.432072932362998,761.0,720.0,922.0
6576,Juchitán,México,15,89287.62222,19.48,27.283,152.805,11.733,1045.521,11.399618148298915,2.70805020110221,0.021072286,7.859833884,0.002738428938039649,0.0008770838428650441,69.6177978719991,39709272.89,0.687,5952.508148,5.641690981565984,5.728217352564596,5.340210595896767,762.0,653.0,875.0
1670,Parintins,Brazil,18,82417.16164,15.53,27.497,92.093,7.982,2658.565,11.319548966541989,2.8903717578961645,0.008514542,6.086721295,0.0013583831728398745,0.0010848058683278856,39.3411491983155,28985880.0,0.734,4578.731202222222,5.6417960006029135,5.736048971360588,5.058354777679296,763.0,657.0,706.0
374,Riberalta,Bolivia,20,81222.80955,137.97,26.15,86.454,10.862,1918.428,11.304951392491303,2.995732273553991,0.021458661,5.80012548,0.004540338466979316,0.0007105927442890332,80.0552325369567,19649072.0,0.701,4061.1404775,5.644663883209935,5.809244805082347,4.996840401444419,764.0,688.0,656.0
8202,Pacajus,Brazil,12,54998.69703,68.79,26.415,57.608,10.134,834.949,10.91506477357035,2.4849066497880004,0.014747777,6.194909835,0.004641323072194971,0.0035815782302543032,21.1113529959986,19250075.43,0.73,4583.2247525,5.64734519388636,5.830232722850699,5.545113512408302,765.0,698.0,975.0
1157,Cienfuegos,Cuba,26,129052.4617,8.63,26.349,165.83,4.175,719.388,11.767974280516935,3.258096538021482,0.010324371,6.319846028,0.028228076240648728,0.003535903933717833,2.81106106719251,24539899.87,0.781,4963.556219230769,5.647852811115107,6.047145953001902,5.096187037924682,766.0,801.0,730.0
8286,Itabaiana,Brazil,13,68554.99678,188.15,24.973,155.02,10.634,649.001,11.135391574821167,2.5649493574615367,0.017030105,5.559087291,0.003352896161728913,0.0029652024845883158,25.1110954743671,30855843.76,0.743,5273.461290769231,5.650078995745908,5.775403192051238,5.366592154269065,767.0,674.0,886.0
655,Limón,Costa Rica,16,50579.21513,15.95,20.184,107.689,8.297,3677.642,10.831296002705379,2.772588722239781,0.00989884,7.976219674,0.03648858458941057,0.0059167358300998615,81.8743060537386,19303360.0,0.774,3161.200945625,5.654166174667496,6.205617097937801,5.399336020621298,768.0,869.0,899.0
6636,Acayucan,México,17,64408.20068,80.29,25.705,245.459,14.028,1953.396,11.07299624373698,2.833213344056216,0.012439938,6.446327886,0.005165623407304909,0.000635996145871529,90.4309299917132,28285547.79,0.72,3788.7176870588237,5.655704894087563,6.07674449345397,5.176326359529361,769.0,810.0,786.0
7911,Cataguases,Brazil,18,60331.02615,199.69,21.817,235.482,13.628,1652.103,11.007601780240927,2.8903717578961645,0.009486967,7.898096732,0.0032599063910998967,0.001412934809828359,64.887031742575,28010831.24,0.758,3351.7236749999997,5.6628122872500075,5.8546728891518685,5.134023636198693,770.0,714.0,760.0
3543,Corozal,Colombia,10,50527.3566,158.29,28.319,49.101,7.392,2142.067,10.830270183440414,2.302585092994046,0.015600914,5.561633684,0.012022443442746816,0.003499935397946387,79.4772423579577,23528312.0,0.733,5052.73566,5.664911638381745,5.851587317508093,5.412914535314119,771.0,710.0,910.0
8030,Itapipoca,Brazil,12,62415.97852,105.69,27.239,67.299,10.561,763.275,11.041576587603851,2.4849066497880004,0.015263452,5.97665625,0.0028377184836451074,0.001720043588030894,58.9045774217521,17994606.93,0.73,5201.331543333333,5.665065723275652,5.71462731185133,5.528328627377455,772.0,645.0,965.0
3697,La Dorada,Colombia,16,78945.03893,180.98,27.151,76.879,13.455,859.455,11.276507179583994,2.772588722239781,0.010670155,5.799377801,0.006947538527915955,0.0012988474570253784,78.7972621023461,47475624.0,0.766066511,4934.064933125,5.665621131695406,5.974883844007639,5.275627560528113,773.0,770.0,838.0
1470,Sancti Spiritus,Cuba,15,105367.1291,65.2,25.242,196.735,10.789,868.579,11.56520599832698,2.70805020110221,0.014804369,5.89264753,0.014485291804756974,0.0023084246029343508,4.70045160597198,44663939.56,0.765,7024.4752733333335,5.667406006927647,5.958643607791762,5.297988839664651,774.0,764.0,849.0
3595,Turbaco,Colombia,10,65829.02293,168.23,27.323,43.571,2.387,1473.458,11.094816098030645,2.302585092994046,0.016277735,5.439441666,0.10764354561066548,0.02877954508312493,10.4492537700508,54526990.77,0.745,6582.902293000001,5.6700253282065765,8.68526480572577,5.412597872642865,775.0,1067.0,909.0
7764,Guanambi,Brazil,17,53735.54303,524.57,25.95,145.63,13.942,436.296,10.891829942928108,2.833213344056216,0.019957581,6.719075742,0.0036640754198590257,0.0016811307117816985,58.9468177998518,13680832.0,0.732,3160.914295882353,5.670891411088864,5.726043897044519,5.402078883936122,776.0,652.0,903.0
8094,Guarapari,Brazil,36,87170.92672,10.05,22.915,211.659,10.956,1375.837,11.375626145129564,3.58351893845611,0.0097895,8.255563475,0.005973617152891041,0.0029676371209627996,50.6985592136137,18636860.95,0.761,2421.4146311111112,5.671285936372386,5.819829391772441,5.2685200092816675,777.0,690.0,832.0
378,Chaguanas,Trinidad and Tobago,50,131058.1254,12.27,26.623,52.85,2.772,1356.163,11.783396209118692,3.912023005428146,0.01075654,5.68245027,0.01242262846604084,0.000870974634610484,76.1427206524788,93340362.87,0.82390719,2621.162508,5.673982953251448,6.645857153378061,5.123601084043648,778.0,958.0,754.0
6005,Monclova,México,66,290388.9017,614.27,20.789,548.112,18.736,495.895,12.578976343915977,4.189654742026425,0.019363049,7.488523503,0.04344157022879432,0.005790991268772033,11.7864723577355,78848702.51,0.675,4399.831843939393,5.6798351384736,6.4159630327625266,4.11254875058266,779.0,917.0,191.0
667,Coari,Brazil,10,59193.45439,34.06,27.118,59.924,7.885,2759.056,10.988566247022547,2.302585092994046,0.009021917,6.91200646,0.0019546268624009598,0.001036897604312969,70.3117388596403,28064144.0,0.734,5919.345439,5.679973693734799,5.802521457766659,5.323825847488948,780.0,685.0,866.0
915,Totonicapán,Guatemala,39,116195.6008,2515.22,20.396,57.425,8.378,4109.49,11.663030263819255,3.6635616461296463,0.004423542,6.308051989,0.00626693561141258,0.0077207191566584675,77.8438238070834,7745364.87,0.616,2979.3743794871793,5.683955499498672,5.974599795129604,3.7363559672371185,781.0,769.0,104.0
8308,B. Parque dos Faróis,Brazil,11,73384.28528,15.4,25.786,97.556,4.174,1132.949,11.203465094677847,2.3978952727983707,0.014208212,5.759520299,0.0062874270621226394,0.004112177207076288,32.9897900592366,44184971.64,0.743,6671.298661818181,5.684747190783586,5.7513953718546915,5.483247993133535,782.0,664.0,948.0
8148,Maranguape,Brazil,15,63752.60165,69.13,26.415,57.608,10.134,834.949,11.062765272384038,2.70805020110221,0.01177602,5.873435032,0.040190563289317936,0.029879043676016008,18.1321487640977,22712212.21,0.73,4250.173443333333,5.685380284691065,7.098979177600186,5.431344793865265,783.0,1018.0,921.0
214,Mendoza,Argentina,208,1063216.859,782.21,10.59,595.14,20.471,969.241,13.876809643102707,5.337538079701318,0.017421777,6.671883187,0.003279709671370063,0.0010584050773512048,48.1420658488625,55171965.35,0.839,5111.619514423077,5.686365415085162,5.79612368654502,4.121125041712675,784.0,681.0,193.0
3792,Catia La Mar [La Guaira],Venezuela,73,340092.4895,68.62,23.964,62.596,12.187,1194.355,12.73697288754063,4.290459441148391,0.007982177,11.4650323,0.01514419001259359,0.000800882984703489,54.7746049709163,23066981.21,0.716,4658.801226027397,5.6866329696204465,5.834782095497062,4.357555238501046,785.0,702.0,306.0
8184,Horizonte,Brazil,13,50220.1756,67.56,26.415,57.608,10.134,834.949,10.824172129320358,2.5649493574615367,0.014085887,6.264158887,0.009583183840340853,0.00809288791929274,11.8540640501466,16668035.76,0.73,3863.090430769231,5.6880598600461445,5.998773561438826,5.584673677985304,786.0,780.0,992.0
6773,Brusque,Brazil,28,70663.35393,45.48,18.06,315.347,13.27,2009.877,11.165682385538158,3.332204510175204,0.011626873,8.118385572,0.006209060064352935,0.004466959871614447,21.3934884926096,30268456.42,0.773,2523.691211785714,5.692440383596176,5.9048479750646345,5.35714279740764,787.0,738.0,883.0
799,Coquimbo,Chile,38,204684.6315,38.9,14.727,191.212,5.524,135.146,12.22922569066771,3.6375861597263857,0.018681706,6.426377518,0.008040331806684764,0.004550276877343378,35.7546104706087,80294619.43,0.831,5386.437671052631,5.692749845058145,5.8288290848236235,5.4010225568147545,788.0,696.0,901.0
2740,Chincha Alta,Peru,33,186467.3265,91.86,19.548,234.414,7.398,35.475,12.136011309688426,3.4965075614664802,0.014144023,5.237766672,0.0023407218181733303,0.0013810403565420347,64.8064622802276,61877138.29,0.783,5650.525045454546,5.6934621583789795,5.874546801300133,5.105369912636815,789.0,722.0,738.0
4216,Jacundá,Brazil,10,54633.79143,106.51,27.156,90.311,11.502,2017.03,10.908407860958492,2.302585092994046,0.014156907,5.277630877,0.003736999188855307,0.001865558014925416,55.2248554027837,34680068.92,0.716,5463.379143,5.693532715986024,5.737152387454539,5.377703416617948,790.0,658.0,892.0
4739,Puerto Iguazú,Argentina,12,54621.71332,176.75,21.903,345.383,14.436,2013.115,10.908186762532802,2.4849066497880004,0.015775045,7.105330381,0.023530998291413537,0.01262084190181532,48.109820351026,49975684.27,0.827,4551.809443333334,5.694654779883768,5.923403006947509,5.183851484922634,791.0,747.0,791.0
791,Zarumilla,Peru,10,50172.87003,9.13,24.735,86.029,9.689,1218.104,10.823229721941354,2.302585092994046,0.01592502,5.882145494,0.007682532177480062,0.0013433108272199832,84.7158529890693,28577968.0,0.730974232,5017.2870029999995,5.698459295417702,5.95095159235716,5.553888017768456,792.0,759.0,979.0
28,Ponce,Puerto Rico,44,85911.66768,30.38,26.383,94.129,2.682,774.663,11.361074927386424,3.784189633918261,0.014604582,8.075909675,0.004258233692362192,0.0007368778638287051,75.2093685835798,62228789.58,,1952.5379018181818,5.69947185953966,6.451138505253512,5.6654860390074,793.0,924.0,1016.0
359,San Pedro Sacatepéquez [San Marcos],Guatemala,36,116335.4396,2435.51,25.64,72.929,10.682,2080.796,11.664233017796679,3.58351893845611,0.007753511,6.307064429,0.0031530936709246765,0.005259572325259,63.6069912433246,10301984.0,0.616,3231.5399888888887,5.700673145268404,5.827509997584187,4.455936691046145,794.0,695.0,343.0
6234,Montemorelos,México,17,53750.40378,419.21,15.239,351.695,15.654,1015.176,10.89210645814774,2.833213344056216,0.014958383,6.198518516,0.01833954513933886,0.0012943673809737474,13.5931737940961,38635401.14,0.784,3161.7884576470587,5.7023533220407305,5.969290906025108,5.39438937539998,795.0,767.0,895.0
8106,Aracruz,Brazil,10,51996.85606,60.67,22.877,190.687,10.941,1064.898,10.858938535351147,2.302585092994046,0.0145356,9.003786039,0.004503897708387718,0.002981059379150471,34.4650455224525,31948724.0,0.761,5199.685606,5.705013191851741,5.768693184856346,5.531054191629049,796.0,670.0,967.0
527,Coronel Oviedo,Paraguay,23,109879.6199,158.43,22.141,365.933,15.016,1793.959,11.607140680974979,3.1354942159291497,0.013841811,5.861725898,0.004496771476627578,0.00532428931484682,61.100870399689,49667891.2,0.708,4777.37477826087,5.707989875091262,5.895550671218701,4.756224356671476,797.0,734.0,509.0
5271,Almoloya de Juárez,México,21,61840.75098,2666.38,15.324,185.638,16.054,1642.447,11.03231782710736,3.044522437723423,0.010290166,4.469284273,0.004043475382193685,0.0012852041109220047,66.4070614272325,24758051.56,0.761,2944.7976657142854,5.709324877566784,5.802489594002164,4.185883498320088,798.0,684.0,227.0
657,Chone,Ecuador,9,65291.69155,17.71,25.531,77.911,7.714,1133.111,11.086620072100542,2.1972245773362196,0.01556768,6.265107624,0.010504450882633014,0.0015082086694229626,79.9517014917806,27185570.67,0.729,7254.632394444445,5.713960962183134,5.930011319208136,5.628559538127487,799.0,750.0,1007.0
5732,Capanema,Brazil,15,57117.23726,22.16,27.106,77.252,10.455,1782.935,10.952861228546812,2.70805020110221,0.010901936,5.606156355,0.005176881524346334,0.003152109099087752,35.6199704898334,23397204.71,0.716,3807.8158173333336,5.714955307571981,5.823418026198274,5.376542146967564,800.0,693.0,890.0
1367,Pasaje,Ecuador,11,55206.82028,32.75,24.735,86.029,9.689,1218.104,10.918841780429899,2.3978952727983707,0.019137114,6.107292713,0.011866641540652773,0.0006951709058835874,95.1004313005544,27760985.6,0.729,5018.801843636364,5.719165806104289,6.105793979250268,5.467186122829376,801.0,828.0,934.0
4365,Ciénaga,Colombia,24,103063.3019,2.83,28.047,66.102,7.703,2660.284,11.54309865998727,3.1780538303479458,0.009541681,4.822283153,0.010252701883384934,0.0014951030984579777,90.6160286582563,23936219.43,0.716,4294.304245833334,5.721040022640307,6.131051862140894,4.958022913507488,802.0,836.0,637.0
2178,Villa Carlos Paz,Argentina,31,70728.51451,677.7,13.742,444.06,16.768,1115.692,11.166604087547361,3.4339872044851463,0.01302367,8.582208949,0.005603311489582705,0.0005747231094504717,77.5364253069612,11393121.56,0.839,2281.5649841935483,5.72117613286837,6.018103739383267,5.200517640372024,803.0,792.0,798.0
5378,Lajeado,Brazil,30,72762.49389,46.08,19.562,403.545,15.806,1790.713,11.194955907608161,3.4011973816621555,0.014675421,7.327491554,0.00961291954358273,0.006104570482995027,30.8722842245992,34712772.92,0.773,2425.416463,5.721945349721944,5.840100950725249,5.3213969272826995,804.0,705.0,864.0
6251,Cadereyta Jiménez,México,23,82073.02951,332.2,15.572,375.632,15.411,1298.295,11.315364733674642,3.1354942159291497,0.014744107,5.46727767,0.07056965028340162,0.005286972827073848,15.3797638308928,49479313.66,0.784,3568.392587391304,5.725730215693167,7.630982576408822,5.118465723603827,805.0,1048.0,747.0
3385,Espinal,Colombia,9,52055.84404,321.82,27.521,123.669,13.818,971.457,10.86007234516603,2.1972245773362196,0.017019108,6.414986049,0.009912802334959508,0.0021557177879350355,83.4616433894013,64934295.27,0.736,5783.982671111112,5.732641217173653,6.06282022476663,5.54113412911835,806.0,806.0,972.0
789,La Lima,Honduras,11,51353.18668,27.76,24.114,183.118,12.265,1870.553,10.846482271464291,2.3978952727983707,0.013488485,5.40751326,0.026766051953214253,0.017950895047356776,64.6222788955436,17760720.0,0.663,4668.4715163636365,5.733614299396584,6.464648463555571,5.37506895843402,807.0,927.0,889.0
18,Montego Bay,Jamaica,48,116517.2529,56.17,27.002,101.091,4.058,766.373,11.665794634585355,3.871201010907891,0.009222762,7.533824061,0.013767579789533468,0.0019041932091843885,43.3516674662066,17244598.86,0.695,2427.44276875,5.7345463169145825,5.832342206884244,5.346834767652579,808.0,701.0,880.0
14,Talara,Peru,16,79733.42422,40.73,22.141,236.611,8.99,166.579,11.286444152272798,2.772588722239781,0.013650163,6.370165811,0.013570776579486027,0.001325934640838883,20.0556380635348,29564466.82,0.731,4983.33901375,5.737136172773549,5.853010381814345,5.479245705609871,809.0,713.0,943.0
7918,Muriaé,Brazil,16,86281.8324,229.55,22.742,240.098,14.006,1221.137,11.365374338107893,2.772588722239781,0.0145723,11.12032364,0.0017355899626906857,0.0008253727637453375,72.8841252768665,44100972.8,0.758,5392.614525,5.737983637248258,5.920501091541538,5.012413412989249,810.0,745.0,667.0
1372,Gonaïves,Haiti,35,393644.1118,29.4,26.848,110.187,5.278,521.737,12.883202510543166,3.5553480614894135,0.012379294,6.349191561,0.0013990019841368805,0.0036024293293646058,34.4189732095766,26255945.14,0.506,11246.974622857144,5.738068920781812,5.917327697516401,5.237433667167136,811.0,743.0,818.0
1750,Santa María Nebaj,Guatemala,7,53080.36719,1912.44,15.946,125.765,13.0,1577.672,10.879562406093656,1.9459101490553132,0.008192734,5.931395262,0.0026505560289437026,0.005573717627140627,56.718217124552,12811422.0,0.561,7582.909598571428,5.738643846589635,5.8320103470507325,4.683229174409957,812.0,700.0,464.0
2992,Los Ángeles,Chile,29,125443.1422,137.92,12.171,386.048,18.068,1145.042,11.739607884696523,3.367295829986474,0.020760775,6.373839858,0.005370342313021238,0.0024941144944629744,52.3224358905581,33796730.43,0.826,4325.625593103448,5.743791112345944,5.807402307852138,5.484439957897394,813.0,687.0,949.0
4589,Tepeyac,México,15,54218.87247,69.2,27.601,64.505,2.705,1660.896,10.900784327373499,2.70805020110221,0.012911594,10.29365159,0.01119008278281151,0.0021509334261151964,90.1395557316425,31628330.67,0.692,3614.5914980000002,5.745216724669858,6.159029613905343,5.430292862883741,814.0,848.0,920.0
664,Esperanza,Dominican Republic,9,55707.18438,106.77,20.94,129.572,10.79,1794.777,10.927864401080665,2.1972245773362196,0.018629616,5.475954086,0.010782617645537519,0.003416562449606253,71.1705315327916,49155200.0,0.739,6189.687153333333,5.747187596330322,5.864389278062455,5.447039066285362,815.0,717.0,927.0
7876,Ribeira,Brazil,42,229593.8021,12.02,23.02,188.432,4.733,962.283,12.344066948725215,3.7376696182833684,0.00842656,10.01706583,0.1403224554469931,0.03967177181969321,69.790705408043,88921230.22,0.787,5466.519097619048,5.748096309062546,11.026356302006228,4.6888657156486016,816.0,1080.0,465.0
1749,Los Mochis,México,53,252461.1375,14.4,24.904,417.814,10.026,293.724,12.439012604960967,3.970291913552122,0.022283039,7.151819281,0.010232302261253972,0.0014444464571581833,74.2248524572038,66298375.64,0.78,4763.417688679246,5.749243762119697,6.0083502504549875,4.8210573808279475,817.0,786.0,553.0
2608,San José del Valle,México,10,68070.00123,20.95,23.272,170.955,11.542,1457.956,11.128291884511631,2.302585092994046,0.01612067,5.459660661,0.002632924206985504,0.0007576534054515398,66.6671617076143,72634461.09,0.753155921,6807.000123,5.752135705642517,5.916771942584942,5.463963063957111,818.0,742.0,933.0
5186,Taxco,México,9,61067.33801,1802.98,23.968,181.62,16.363,1250.676,11.019732436107166,2.1972245773362196,0.01595348,11.13994943,0.0008020631646982774,0.0007003782627629228,29.0261270612393,48790825.6,0.692,6785.259778888889,5.75633463210745,5.9769716305674,4.780720079316782,819.0,771.0,522.0
1463,Santa Lucía Cotzumalguapa,Guatemala,15,112152.1367,394.38,27.32,90.481,12.668,1983.754,11.627611591929147,2.70805020110221,0.007588604,6.404575449,0.00812094483581961,0.01140702355207112,35.8218875374097,91243918.22,0.647,7476.809113333334,5.757319392147228,6.3221760910123574,4.878567948227611,820.0,900.0,593.0
2254,Ouanaminthe,Haiti,13,105505.8938,33.72,23.777,134.855,11.27,1362.126,11.56652209574069,2.5649493574615367,0.01629639,4.885208452,0.006069687518717556,0.007962108478540751,25.4880685390649,56804731.73,0.542101961,8115.837984615385,5.764804043348972,5.995633653782049,5.3279966650639,821.0,778.0,871.0
2014,Bayamo,Cuba,19,201288.1951,54.78,25.991,145.54,10.199,1007.154,12.212492966589867,2.9444389791664403,0.014858034,5.593997316,0.002466606669150863,0.0009955119426573863,8.53359609929133,55295831.27,0.753,10594.115531578947,5.765370236661114,6.00783542368101,5.319144113490535,822.0,785.0,862.0
6917,Valladolid,México,15,56294.41095,24.11,26.503,199.489,13.793,781.999,10.93835053655339,2.70805020110221,0.014795544,6.272239779,0.03065245600197545,0.0024736620428390857,29.0002234522735,38282748.63,0.75,3752.96073,5.7660418597944885,6.102139932234355,5.553874913752689,823.0,825.0,978.0
8226,Candeias,Brazil,8,58701.79009,76.16,25.38,115.802,4.914,1474.426,10.980225500921906,2.0794415416798357,0.012371873,7.655577401,0.0048343022642735895,0.0032941660184216707,29.1506096075392,37297058.91,0.732,7337.72376125,5.7661262249336565,5.838635702515932,5.593159286482785,824.0,704.0,994.0
4136,Zaraza,Venezuela,10,55231.47668,59.38,28.345,84.178,12.815,1280.333,10.91928829945615,2.302585092994046,0.011855528,6.62379901,0.0014070030112039366,0.0002731128035992247,33.9506606880436,19983781.33,0.656,5523.147668,5.76965969545014,5.8509223721857575,5.597565678288067,825.0,709.0,996.0
7636,Floriano,Brazil,19,59195.14761,129.63,28.999,155.72,12.761,868.88,10.9885948514654,2.9444389791664403,0.014877019,6.799072991,0.0038370859852814884,0.0017347301495309168,63.1139309462172,14141436.0,0.708619174,3115.534084736842,5.771951259644984,5.882036635493529,5.626252874180931,826.0,726.0,1006.0
5099,Arauca,Colombia,13,121022.9925,129.01,26.987,111.533,10.736,2308.315,11.703735827188396,2.5649493574615367,0.012446642,5.145847196,0.0034975928546800727,0.0009598158874645247,87.5204311654857,48563876.0,0.725676732,9309.460961538462,5.774414144944423,6.0801820541733145,5.160787914030976,827.0,812.0,781.0
2018,San Luis,Argentina,42,188276.1321,736.89,18.488,555.868,20.915,690.789,12.145664951964354,3.7376696182833684,0.01906058,6.676335732,0.004824124067439348,0.0016762554063803183,52.2899751266752,49209101.24,0.839,4482.76505,5.774424657612127,5.811667710441644,4.214948631985925,828.0,689.0,240.0
8220,Serra Talhada,Brazil,11,60250.49598,428.29,27.245,188.581,14.199,331.97,11.006266083352214,2.3978952727983707,0.017509072,6.976643602,0.004424564273487331,0.0026291106495053953,50.5066262316714,18524498.29,0.733,5477.317816363637,5.775923519172321,5.794185062509713,5.524449894144064,829.0,678.0,963.0
6696,Matamoros,México,99,518354.0403,9.22,23.909,484.909,15.377,642.572,13.15841376326125,4.59511985013459,0.019979085,6.719830611,0.006397650407471899,0.0010081826814440284,76.787989326158,76143024.0,0.768203743,5235.899396969697,5.776762440519382,6.116209968849499,4.427717276197754,830.0,830.0,331.0
2927,Tena,Ecuador,9,54647.55241,526.04,13.673,65.437,9.221,3445.573,10.908659705959463,2.1972245773362196,0.012846211,6.079917919,0.002624358807088228,0.00031044784336755444,76.136704702448,31850425.6,0.696,6071.950267777777,5.777910790498485,5.889636421702539,5.404258751698151,831.0,733.0,905.0
4138,Bagé,Brazil,31,100920.1036,213.38,18.262,439.96,17.536,1319.92,11.522084429310155,3.4339872044851463,0.013206281,6.568056778,0.005498073385132742,0.0015920899081696938,14.2886531307713,32554520.38,0.773,3255.487212903226,5.778330821844627,5.925587252589165,4.9518282180044535,832.0,748.0,631.0
7515,Chapadinha,Brazil,15,56387.30297,99.08,28.458,127.634,12.658,1419.423,10.939999287496404,2.70805020110221,0.013323219,5.604442726,0.001206010032332637,0.0009741888031109693,50.946989083456,18054054.4,0.702,3759.153531333333,5.781999961677124,5.85163230206239,5.473768313513483,833.0,711.0,938.0
7365,São Luís,Brazil,242,1272247.118,28.8,27.669,65.467,8.171,1710.001,14.056295279170463,5.488937726156687,0.015788623,3.754109577,0.013949248679161873,0.003140082299701464,18.6939798388032,40242735.54,0.702,5257.219495867768,5.787221817644783,5.879422504973176,4.078568348526975,834.0,724.0,183.0
7974,Araruama,Brazil,43,84680.68098,8.98,22.933,170.306,3.902,824.52,11.346642767020906,3.7612001156935624,0.012976499,6.512820259,0.0033662243628428596,0.001065375463339832,84.2652973081105,15926483.86,0.787,1969.3181623255814,5.789786400987029,6.265858431732012,5.552732218792946,835.0,884.0,977.0
5129,Leticia,Colombia,7,53711.40972,74.16,25.994,44.749,8.163,3075.853,10.891380729436461,1.9459101490553132,0.010590514,5.914338803,0.0037955083755526497,0.002512083262408924,50.4534009253151,109387593.1,0.707516728,7673.058531428572,5.791464502570712,6.325342570668305,5.496707174779822,836.0,901.0,953.0
2681,Villa María,Argentina,27,90718.04675,200.47,17.773,510.68,18.582,871.009,11.415511588196283,3.295836866004329,0.020293138,7.540962484,0.00624455542562704,0.0020958736878117367,58.1173995401724,16242566.24,0.839,3359.927657407407,5.795621799459801,5.901018004225899,5.135801583711096,837.0,735.0,762.0
216,Paradise,Guyana,41,103152.3946,1.18,26.144,62.675,7.235,2484.951,11.543962732965761,3.713572066704308,0.01080786,5.021620018,0.06356095923434821,0.005491544860045353,16.6136253666554,61324149.76,0.74,2515.9120634146343,5.7999390426415145,7.263720929440231,5.134316640023976,838.0,1031.0,761.0
1935,Santiago del Estero,Argentina,97,399038.6727,187.81,21.577,490.607,17.859,751.988,12.896813615235317,4.574710978503383,0.016495711,5.845014409,0.002585327006411727,0.0009698326557660486,41.6663004937913,32039169.94,0.843,4113.800749484536,5.80008191282302,5.849843818118722,4.295786607132608,839.0,708.0,277.0
6077,Huejutla de Reyes,México,12,54452.88195,182.38,17.632,280.044,13.635,1598.615,10.905091055335106,2.4849066497880004,0.012966629,9.588793588,0.001635773142673856,0.0007957617790696201,53.4708511451898,29704776.53,0.736,4537.7401625,5.8023409878956285,5.885289883462844,5.40303809937504,840.0,728.0,904.0
8196,Valença,Brazil,13,60940.18861,11.74,24.181,148.721,9.262,1143.778,11.017648147546398,2.5649493574615367,0.010096961,6.175749465,0.001677873399709519,0.0009760886314066825,65.2671635428639,19469840.0,0.732,4687.706816153846,5.804054548230102,5.926312764592721,5.399894805551171,841.0,749.0,900.0
1363,Sololá - Tz'olöj Ya',Guatemala,18,70804.76877,2259.22,22.185,78.486,10.86,2189.12,11.167681632922005,2.8903717578961645,0.005529131,5.579921401,0.0038206646591665725,0.005202106200508675,69.3637450878617,11636963.48,0.616,3933.5982649999996,5.807453120089711,5.946647116887957,4.158330013877144,842.0,755.0,206.0
375,Tefé,Brazil,13,57907.99535,39.71,26.373,48.896,10.115,3007.395,10.966610742974146,2.5649493574615367,0.006442008,7.262906725,0.00284802063482239,0.0011755951710215782,79.5653219852694,29500712.0,0.734,4454.461180769231,5.808649041451312,6.094720356321352,5.21258226985825,843.0,822.0,805.0
7026,Pinheiro,Brazil,11,50054.02943,8.21,27.359,83.725,10.173,1890.895,10.820858289594673,2.3978952727983707,0.010970681,5.505359738,0.0009683337287117586,0.0008683123838967223,44.6844122343918,18902692.57,0.702,4550.366311818182,5.812179397519532,5.877791799677216,5.479895996001628,844.0,723.0,945.0
1166,Hernandarias,Paraguay,23,78161.70246,228.07,21.826,344.781,14.568,1976.951,11.266535068209231,3.1354942159291497,0.013754831,5.073503373,0.014940871207963195,0.010472004711487447,78.8904802553914,24540864.0,0.708,3398.3348895652175,5.81334862341528,6.365400171739114,4.8911038796480515,845.0,910.0,600.0
1756,Manzanillo,Cuba,17,110567.5204,23.45,27.008,149.807,9.427,772.105,11.613381657672255,2.833213344056216,0.011899317,5.561091189,0.0024539462935446277,0.0010027184800103378,6.26390884405764,29273497.6,0.753,6503.971788235293,5.814386571349838,6.082783590546104,5.316350533827682,846.0,815.0,860.0
5,Rosarito,México,29,76707.05999,63.53,16.573,200.01,4.49,254.534,11.247749029925037,3.367295829986474,0.017924962,6.895665084,0.056520721144275345,0.005293379483100171,38.7244988381018,36074257.86,0.786,2645.071034137931,5.817286876659705,6.747981255414983,5.633530520474433,847.0,981.0,1008.0
7736,Nova Lima,Brazil,10,50249.41305,807.1,20.327,210.155,13.255,1196.085,10.824754145256088,2.302585092994046,0.014586161,11.64144562,0.007134737794892511,0.003914292799664851,58.0641727581972,36320482.46,0.758,5024.941305,5.821027525767758,5.862366686685451,4.97421620661199,848.0,716.0,646.0
8298,Caicó,Brazil,12,56017.85875,161.59,28.623,108.122,13.726,312.919,10.933425825127497,2.4849066497880004,0.016450381,6.832643005,0.0051022913785864765,0.0021653436971472957,62.1933983221075,23134761.14,0.747,4668.154895833333,5.821401420578469,5.880304109199243,5.7383222174198725,849.0,725.0,1026.0
1035,Momostenango,Guatemala,14,59574.4248,2332.37,20.396,57.425,8.378,4109.49,10.994981646863682,2.6390573296152584,0.004277864,5.691783713,0.0021492286878613725,0.006529879781919439,46.6983272544851,8740006.4,0.616,4255.316057142857,5.8237353271672765,5.966350470695986,3.9900140933335244,850.0,766.0,160.0
3490,Los Reyes de Salgado,México,10,55227.39721,1332.38,26.637,219.057,17.251,727.115,10.919214435404161,2.302585092994046,0.016707917,6.39286347,0.003716446139667714,0.001188453469270418,72.2311697231901,36165021.54,0.722,5522.739721,5.828539960037152,5.904467966929605,5.161460356959841,851.0,736.0,782.0
1259,San Pedro Soloma,Guatemala,11,54295.24125,2343.05,17.806,115.193,13.904,1844.668,10.902191863960036,2.3978952727983707,0.005374709,6.166708238,0.003763988707573889,0.005695878100329833,68.6853687085779,10520614.4,0.561,4935.931022727273,5.830970926592461,5.945007080836822,4.200044429919758,852.0,754.0,232.0
7587,Caraguatatuba,Brazil,26,56315.65032,22.09,22.051,250.591,10.564,2154.306,10.938727756315325,3.258096538021482,0.012028093,6.242691258,0.00878706614326813,0.0034681009289994473,29.7488993987148,24317780.57,0.784,2165.9865507692307,5.832826611468366,6.001934845351137,5.500996112821146,853.0,782.0,954.0
8088,Quixadá,Brazil,11,51849.64807,191.67,27.857,89.183,11.668,633.306,10.856103426170801,2.3978952727983707,0.012477686,5.90660122,0.003269018005641402,0.0017260752891548024,66.0366080093575,18544277.33,0.73,4713.60437,5.84320061243907,5.941047375047095,5.639484494677066,854.0,753.0,1010.0
208,Les Cayes,Haiti,17,83542.87306,13.32,27.088,82.657,2.305,1158.179,11.33311522888905,2.833213344056216,0.009124244,5.518838839,0.006559467930106162,0.008547658061593603,22.1603468574433,6965001.905,0.526,4914.286650588235,5.84398780245869,6.056444248345036,5.273658073679063,855.0,803.0,836.0
649,San Luis,México,11,56171.30427,286.14,16.573,200.01,4.49,254.534,10.936161305303186,2.3978952727983707,0.017002728,6.043074418,0.04732490240729103,0.00900024413307076,58.9095894246477,79176900.27,0.786,5106.482206363637,5.84824550743345,6.593733972464236,5.704151733865128,856.0,945.0,1023.0
926,La Serena,Chile,66,272316.9663,66.75,15.081,244.572,9.434,133.992,12.51472198410239,4.189654742026425,0.019809781,4.977986003,0.0043571778521315,0.0024978478123417573,34.228536896338,64725063.44,0.831,4126.01464090909,5.8491204796957925,5.950974865000876,5.109640911925104,857.0,760.0,741.0
3225,Reconquista,Argentina,32,107098.3678,44.11,20.27,447.936,16.59,1362.212,11.58150301635706,3.4657359027997265,0.014025772,6.580848469,0.0018077850139561137,0.0006624107847327997,32.4844465015298,36922350.14,0.839,3346.82399375,5.850336726934431,5.918645832244078,4.995084361881141,858.0,744.0,655.0
4553,Aguachica,Colombia,12,68779.92597,168.44,27.864,100.975,10.768,3321.023,11.138667207655349,2.4849066497880004,0.018683134,4.841691081,0.005945015230640848,0.001181493270761075,87.8961155927811,42741563.73,0.719,5731.6604975,5.851340126560892,6.081955098876672,5.104824889845154,859.0,813.0,736.0
1044,Saint-Marc,Haiti,23,228978.8637,67.35,26.691,101.197,3.287,359.151,12.341384980023356,3.1354942159291497,0.010948679,6.702313581,0.0031124307362435395,0.005231049524240434,28.1968143750524,12214464.0,0.506,9955.602769565217,5.852093711971397,6.063345669485436,5.377200541746743,860.0,807.0,891.0
930,Encarnacion,Paraguay,46,177550.8119,98.94,21.606,402.124,15.42,1754.109,12.087012111157174,3.828641396489095,0.012771852,5.352024883,0.006960160876515767,0.00570450951270474,57.8363651837239,62274720.0,0.712094476,3859.8002586956522,5.853088248386124,6.099915042556046,4.537114769635632,861.0,824.0,379.0
3224,Puerto Montt,Chile,38,235332.7525,87.53,11.379,232.669,8.187,1973.817,12.368755759673911,3.6375861597263857,0.024737998,7.063212593,0.005534794942803382,0.002726043747994657,55.857909982015,87166966.34,0.796,6192.967171052632,5.854063716145195,5.9304855625956625,5.3968307859594296,862.0,751.0,897.0
7354,Perus,Brazil,9,80151.70417,780.64,19.372,243.129,12.725,1608.638,11.291676420069926,2.1972245773362196,0.014518221,10.82116327,0.04920278548176002,0.02940927616601168,42.1958303779382,107762594.9,0.784,8905.744907777778,5.856102127938479,7.206424721243566,5.044588265739099,863.0,1028.0,696.0
4517,El Zorro,Venezuela,20,77258.44731,57.03,26.799,77.549,10.828,1184.878,11.254911539072946,2.995732273553991,0.010418049,4.8270914,0.014190338335172529,0.0021550039410700135,8.47313142631282,14038124.52,0.686,3862.9223655,5.856140629652168,6.083412996541017,5.250696524907787,864.0,816.0,822.0
7897,Região Oceânica,Brazil,33,68558.27502,18.5,22.861,181.551,4.542,912.429,11.135439392803448,3.4965075614664802,0.010370352,8.0710509,0.04692476586746829,0.018950150557055248,70.4880644742477,29367632.46,0.787,2077.5234854545456,5.856909704087308,6.740080206237651,5.584664240591173,865.0,978.0,991.0
8208,Ilhéus,Brazil,15,57704.58982,15.99,23.808,158.914,10.159,1104.961,10.963091995606383,2.70805020110221,0.01032818,9.54843322,0.004439424634974383,0.0018032860075878102,68.0585240673065,21027139.76,0.732,3846.9726546666666,5.864437609620519,6.038221321406722,5.40449041530782,866.0,798.0,907.0
1844,Nuevitas,Cuba,13,52879.51654,10.74,25.801,167.726,10.835,954.834,10.875771331896784,2.5649493574615367,0.015070973,5.235816702,0.0885464842266124,0.005925953261599166,0.239845576263351,27758900.71,0.757,4067.655118461538,5.864935749628359,8.893012418105819,5.542019134441309,867.0,1069.0,973.0
3794,Comodoro Rivadavia,Argentina,31,162678.3937,51.43,13.119,447.958,16.021,201.879,11.999530485986673,3.4339872044851463,0.017592307,7.765807271,0.0047531871071579196,0.000953059141461138,60.9670778688937,103063596.5,0.841,5247.690119354838,5.866085473304182,6.15011283954264,5.637024190115313,868.0,842.0,1009.0
3647,Arjona,Colombia,9,57774.09224,58.24,27.402,34.85,2.503,1751.848,10.964295723032993,2.1972245773362196,0.013546892,4.805418113,0.06465157897689887,0.0024322808229033286,7.85170764305081,50809518.55,0.745,6419.343582222222,5.867588242263545,7.841937045234894,5.512554094150056,869.0,1056.0,960.0
5815,Rio Grande,Brazil,57,173871.8675,3.04,18.679,376.644,8.862,1250.365,12.066073913247498,4.04305126783455,0.010778411,6.112457738,0.013084272047391451,0.007012081043357978,40.4593068594693,29573337.6,0.773,3050.383640350877,5.872136703894694,5.939713672498287,4.903240582893473,870.0,752.0,612.0
1039,Daule,Ecuador,8,80197.86884,7.07,25.135,109.915,8.561,1596.678,11.292252220434204,2.0794415416798357,0.014409383,6.556479048,0.003842119568722445,0.00035197945304901696,84.7275602844574,72228666.67,0.729,10024.733605,5.873753266101238,6.136236243965366,5.734028380799855,871.0,837.0,1025.0
369,May Pen,Jamaica,24,74795.0087,78.74,27.054,93.025,4.415,743.31,11.22250643312649,3.1780538303479458,0.010418634,5.484141552,0.02102967716548979,0.0018298125119276842,13.4766777091677,17041142.07,0.709,3116.4586958333334,5.874292560039994,6.1135754430968365,5.4184933389064405,872.0,829.0,913.0
8044,Cachoeiro de Itapemirim,Brazil,30,169215.8021,80.78,23.881,224.724,13.962,1009.1,12.038930114819408,3.4011973816621555,0.014555198,12.43331371,0.004745146706928023,0.0032886876737382377,28.4447156319945,54699296.0,0.761,5640.526736666667,5.875528569496862,5.965209120270517,4.7913888390162445,873.0,765.0,531.0
2993,Rafaela,Argentina,24,78327.86697,98.42,18.406,478.905,18.023,1059.463,11.268658718661513,3.1780538303479458,0.01763735,6.732478207,0.00806258677843069,0.0018527029729608377,47.4749003862479,41291332.0,0.839,3263.66112375,5.878501473916602,5.913507756904685,5.258852926419325,874.0,740.0,827.0
1573,Yacuiba,Bolivia,18,87366.15941,636.55,21.801,393.235,16.753,1198.006,11.377863294560147,2.8903717578961645,0.013942116,5.600202143,0.0040773878171784005,0.0015974413992498864,28.9172150544219,25347213.91,0.730574258,4853.675522777778,5.879086945629849,5.923258707584061,4.6444999150927755,875.0,746.0,437.0
1374,San Antonio,Chile,43,135702.998,43.85,14.068,261.613,10.611,375.086,11.818223938430796,3.7612001156935624,0.013363844,6.66732137,0.017349200606717623,0.0038041345274258424,80.7659826546652,28961356.8,0.868,3155.8836744186046,5.887366849007177,6.276949317171876,5.481267893067939,876.0,888.0,947.0
1567,Turbo,Colombia,8,53330.41972,3.41,27.051,75.54,9.951,2639.431,10.884262173805567,2.0794415416798357,0.013617769,4.886289934,0.004380168591480195,0.001045856632140528,90.0254816676389,106079032.9,0.761,6666.302465,5.888784932542832,6.618191282724656,5.503603041354325,877.0,952.0,956.0
7904,Teresópolis,Brazil,25,107008.6736,951.2,23.621,253.566,13.402,1533.619,11.580665171840966,3.2188758248682006,0.010487964,12.00146797,0.0028244175745021105,0.0010086955675619178,81.3214806166258,33922552.0,0.787,4280.346944,5.889606829539901,6.16307196135722,4.25552638864659,878.0,849.0,259.0
2680,Curicó,Chile,22,103446.7394,213.87,14.103,452.381,19.976,715.067,11.546812164068944,3.091042453358316,0.021063091,6.101168831,0.004572542529310498,0.0021682735684175657,56.4261888737177,52223544.0,0.791,4702.1245181818185,5.889796437715029,5.946793545626908,5.414064022133674,879.0,756.0,912.0
6771,Comalcalco,México,15,57985.79097,8.83,26.156,239.208,12.591,1929.172,10.96795327623939,2.70805020110221,0.013540877,5.304720161,0.0017069981776606262,0.0006343195671337758,30.4291291872684,49077351.11,0.749,3865.719398,5.891742699675682,6.093673458699515,5.316420104405171,880.0,821.0,861.0
8274,Lagarto,Brazil,10,50221.97684,163.34,25.413,148.828,10.043,808.684,10.824207995537009,2.302585092994046,0.015321414,5.028675115,0.008865831462300518,0.0062329631350887295,23.3445296892736,15000329.14,0.743,5022.197684000001,5.89406469816036,6.022124902394601,5.550842658907976,881.0,793.0,976.0
2402,San Pedro Carchá,Guatemala,12,97815.6443,1315.93,18.21,144.893,11.591,2471.134,11.490839805398014,2.4849066497880004,0.005737537,5.954894269,0.008734266785277413,0.015192594644975417,70.3901473870188,27067300.57,0.563,8151.303691666667,5.8974167247302285,6.623319380838202,4.237730775212983,882.0,955.0,253.0
2257,Villa Mercedes,Argentina,31,114158.6645,515.97,16.655,535.36,20.816,728.847,11.645344553588947,3.4339872044851463,0.018871747,5.851429061,0.009520662442560373,0.0035475627994141436,58.1306271877117,42019539.2,0.839,3682.537564516129,5.900494921117796,5.986748602330326,4.779980837542923,883.0,773.0,521.0
3749,Pergamino,Argentina,21,90301.94758,64.83,17.032,499.723,18.717,1003.842,11.410914307057322,3.044522437723423,0.020271923,7.553600484,0.008162024937048429,0.005249931882720531,27.6189017656022,25419930.48,0.842,4300.092741904761,5.902164356185444,5.97297277241364,5.316117031102723,884.0,768.0,859.0
1159,La Concepción,Venezuela,10,52997.87376,75.46,29.811,71.994,10.867,1203.496,10.878007073993672,2.302585092994046,0.013490482,5.784657249,0.0015543897175583595,0.00018975322754533086,86.7267964463403,13485065.33,0.681,5299.787376,5.909310290598416,6.175725851211532,5.707246087642615,885.0,858.0,1024.0
2410,Neuquén,Argentina,50,234072.773,278.45,14.154,589.224,21.493,255.909,12.363387341717187,3.912023005428146,0.023051371,6.991725598,0.0035208471335749928,0.001188639556053792,46.9914912698539,108503025.2,0.841,4681.45546,5.909635931131931,6.0700150700980595,5.012195246752646,886.0,809.0,666.0
1669,Tartagal,Argentina,15,53059.89779,492.52,20.997,410.705,17.476,1408.431,10.879176701380038,2.70805020110221,0.017711913,5.674283041,0.004728183910265312,0.001265233941774617,26.1221630608226,21795610.35,0.843,3537.3265193333336,5.912326790851251,5.993963695008858,5.031649015527562,887.0,776.0,679.0
1040,Chiclayo,Peru,50,642224.9615,27.6,19.803,205.349,4.523,94.566,13.372693928614662,3.912023005428146,0.026206626,7.288387046,0.0025251344373275345,0.0011616927407998294,72.7259622128826,73109746.98,0.731,12844.49923,5.9133957277188145,6.166914842455773,5.473338686944068,888.0,850.0,937.0
4703,Tandil,Argentina,31,118074.5953,197.31,14.073,504.419,19.519,827.226,11.679071867275912,3.4339872044851463,0.015132349,7.113206793,0.0033856334904753217,0.0010283997493066147,49.5306403682475,17898862.77,0.842,3808.857912903226,5.9143823556906865,6.001651250648415,5.27419315342614,889.0,781.0,837.0
519,Old Harbour,Jamaica,14,59137.69223,27.42,27.225,97.268,5.905,842.52,10.987623770494256,2.6390573296152584,0.010483478,5.58132886,0.009925915183789037,0.0015051911046816985,79.5722540866557,34985834.67,0.723,4224.120873571429,5.9151486333367975,6.21595478083659,5.540700343735137,890.0,871.0,971.0
4702,Tucupita,Venezuela,17,130914.0791,4.6,27.587,93.765,11.003,1122.706,11.782296502263977,2.833213344056216,0.009283194,5.822292237,0.0012643561226486908,8.8495088386563e-05,55.2108543729255,10003962.95,0.679,7700.828182352941,5.918185405350101,6.007195955435181,5.283075145239307,891.0,784.0,843.0
1849,San Carlos de Bariloche,Argentina,24,115040.6069,861.04,6.029,456.95,18.266,1481.145,11.653040448497286,3.1780538303479458,0.016244109,7.087482819,0.002128624675762207,0.00045217116963940497,34.6769250607817,56601212.88,0.841,4793.358620833334,5.923111018646158,5.977746683712827,5.557292316197896,892.0,772.0,981.0
669,Villarrica,Paraguay,14,72259.19826,161.3,22.228,380.814,15.395,1813.451,11.188014909428343,2.6390573296152584,0.014307503,6.352765929,0.0034777166358086853,0.0025766570181843034,81.6436533009961,50411286.59,0.717,5161.371304285714,5.923807776296446,6.235966251370903,5.063508762042805,893.0,878.0,710.0
2745,Presidencia Roque Sáenz Peña,Argentina,26,92355.69137,91.71,21.754,449.136,17.471,1121.678,11.43340261199049,3.258096538021482,0.016512443,6.179784435,0.004937671900739299,0.0007075838898892971,45.5244040630421,31379568.0,0.827,3552.1419757692306,5.929024338285265,5.950721808558477,5.041259515697193,894.0,758.0,689.0
802,La Rioja,Argentina,54,228389.6772,516.32,18.251,571.152,19.258,580.888,12.338808559595504,3.9889840465642745,0.017359114,6.400870409,0.004982950594270554,0.0011760698846812853,28.8049216285462,28048231.06,0.843,4229.4384666666665,5.93004981995195,5.990649378731171,4.34882805278137,895.0,774.0,302.0
6933,Itapema,Brazil,30,64879.50484,13.14,20.378,323.647,13.091,1763.094,11.08028705682429,3.4011973816621555,0.012031329,6.235754735,0.011588806366805805,0.005725692766399972,55.7817359022707,37049372.0,0.773,2162.6501613333335,5.931594709691882,6.175074490243679,5.48001542333996,896.0,856.0,946.0
1475,Satelite Norte,Bolivia,15,59216.07901,358.97,24.112,240.982,12.055,1210.412,10.988948388892812,2.70805020110221,0.016729677,4.240069857,0.023337372009038734,0.006810361565004943,23.3849742532097,18279882.67,0.753,3947.7386006666666,5.932852949868728,6.045902209937421,5.117788411560926,897.0,800.0,746.0
1048,Libertador General San Martín,Argentina,13,54712.4081,473.19,19.702,433.349,16.91,1265.953,10.909845801808455,2.5649493574615367,0.01544261,6.360004458,0.00977364133261391,0.007561490803619005,1.49099619863361,25921628.0,0.843,4208.646776923077,5.933815674484064,6.217752147277761,5.082667146877737,898.0,873.0,722.0
8292,Estância,Brazil,14,54378.74577,40.16,25.699,134.659,8.619,965.783,10.903728653742473,2.6390573296152584,0.010847735,5.219150147,0.008055188944016703,0.005941144961350587,19.5121529587322,12634422.59,0.743,3884.1961264285715,5.939766670833387,6.0842266778132945,5.494148253412222,899.0,817.0,950.0
2331,Palma Soriano,Cuba,13,105118.9375,135.46,26.064,134.225,7.065,792.432,11.562847726171162,2.5649493574615367,0.01225175,5.130657694,0.0027885519096404487,0.0010511884837591705,26.2688391371318,28917490.0,0.781,8086.072115384615,5.945781822938917,6.022337053281837,5.413806497306784,900.0,794.0,911.0
3701,Junín,Argentina,21,82776.61969,80.2,16.748,509.849,18.946,962.249,11.323900929605465,3.044522437723423,0.019039756,7.419456776,0.0034478680485847224,0.0010563105600646205,53.1698910903675,20550301.26,0.842,3941.743794761905,5.947871040895076,6.0299725390216405,5.3631507736139445,901.0,796.0,884.0
1037,Puerto Cortés,Honduras,29,75253.63072,5.26,25.272,144.887,5.702,3117.411,11.228619430217952,3.367295829986474,0.007137065,6.242794992,0.0514264525900472,0.0058859191030271665,19.2477185781752,8440087.273,0.663,2594.952783448276,5.949005722678048,6.688876246520285,5.229615090173639,902.0,966.0,815.0
4013,Bahía Blanca,Argentina,97,279514.821,21.19,15.612,536.753,17.92,577.272,12.54081059700505,4.574710978503383,0.013455488,8.081994214,0.02518099890463769,0.004459596598528849,13.9065499646769,22064373.55,0.842,2881.596092783505,5.9497682779400805,6.089012283002222,5.054837834915304,903.0,818.0,703.0
8383,Escada,Brazil,13,58977.1445,105.22,23.72,133.027,9.741,1004.334,10.984905266480384,2.5649493574615367,0.010607712,4.814009345,0.006552446530706484,0.00653181008010654,23.3894754629597,12909013.33,0.733,4536.703423076923,5.950505729578087,6.095308839281525,5.3657543901036,904.0,823.0,885.0
36,Salto,Uruguay,22,96048.22189,33.14,18.589,471.687,18.019,1422.707,11.472605655688023,3.091042453358316,0.014699279,7.095187773,0.0049009751839561,0.002851066388346234,51.1968141401901,48683122.29,0.782108306,4365.828267727273,5.956694400854391,6.013433148894948,5.136100093410136,905.0,788.0,764.0
3969,Ocumare del Tuy,Venezuela,12,91639.57149,205.52,27.443,88.212,12.85,966.527,11.425618460541658,2.4849066497880004,0.009467807,8.912462757,0.0023734065299152347,0.00047583178438103367,68.7349596316523,35317563.08,0.728,7636.6309575000005,5.958670083667068,6.069937670730066,5.404264810599253,906.0,808.0,906.0
3168,Osorno,Chile,33,140213.5922,45.51,10.596,288.632,13.177,1812.536,11.850922197528204,3.4965075614664802,0.017722705,6.107912339,0.004201012341797766,0.0020746398767964806,60.3920967007609,39381737.14,0.796,4248.896733333334,5.959233161958052,6.061714604902415,5.652823574028626,907.0,805.0,1011.0
2256,Los Andes,Chile,14,84109.87538,825.68,15.326,448.953,18.418,595.867,11.339879263324189,2.6390573296152584,0.015941,5.733408737,0.004922406620667139,0.002156170549613291,57.9892395806706,49337209.6,0.868,6007.848241428571,5.962667659541218,6.009895354349202,5.033445368309018,908.0,787.0,681.0
6456,Altamira,México,51,156294.8364,12.84,25.33,372.326,14.008,952.521,11.959499479395522,3.9318256327243257,0.014165463,5.469279699,0.01679712359576071,0.0025442656746464338,14.563951289652,37349527.08,0.768,3064.6046352941175,5.963940540856636,6.080049193873324,4.959251324382323,909.0,811.0,639.0
7578,Colônia de Férias Ministro João Cleófas,Brazil,25,51353.1593,5.66,22.051,250.591,10.564,2154.306,10.84648173829373,3.2188758248682006,0.012778062,5.769495509,0.013427456486167931,0.006632419094865698,25.5376659929154,23840272.52,0.784,2054.126372,5.965490628489727,6.145138357628504,5.611877021941545,910.0,840.0,999.0
4846,Necochea,Argentina,27,77714.00168,12.86,14.797,412.457,12.033,836.44,11.260790721923145,3.295836866004329,0.014270652,6.92738329,0.010769882043847932,0.001448236599724149,39.5320226357578,16860400.0,0.842,2878.2963585185184,5.967908441415258,5.996523482132233,5.660578297202799,911.0,779.0,1014.0
3108,Bajo Pichanaqui,Peru,10,99967.57634,529.58,12.678,72.763,8.644,3369.29,11.512601175794178,2.302585092994046,0.013440426,6.091063462,0.0007502229748165964,0.0008128830720734866,60.3018108466583,72998144.0,0.718,9996.757634,5.970449605041168,6.016884323440411,5.597856793751579,912.0,791.0,997.0
1264,Vinces,Ecuador,7,51505.2718,16.37,25.836,71.42,8.311,2325.73,10.849439446461426,1.9459101490553132,0.010527586,5.393870369,0.00214268543172701,0.00040735491173546237,60.0497334318143,35300900.57,0.729,7357.895971428572,5.9796688217400105,6.016206040993649,5.604784754165331,913.0,790.0,998.0
2173,Contramaestre,Cuba,11,70971.37853,108.81,24.973,141.273,10.971,1242.203,11.170031955453252,2.3978952727983707,0.010132398,5.176713938,0.0022187243716062,0.0009802288077100424,15.0419077933305,32021149.71,0.781,6451.943502727273,5.9821474460819655,6.167938810418896,5.369555790468777,914.0,851.0,888.0
793,Cotorro,Cuba,16,100279.4056,96.74,25.256,218.344,7.578,857.366,11.515715624851392,2.772588722239781,0.010459441,5.626259715,0.007824819072800726,0.003035017897313903,14.4710193298451,118110310.4,0.831,6267.46285,5.984339722127775,6.663968357414336,5.223511382229441,915.0,964.0,809.0
3599,Goya,Argentina,17,74028.24274,37.3,20.269,443.355,16.478,1404.057,11.212201958021819,2.833213344056216,0.016165895,6.446677994,0.0043799379725354805,0.0006364846711475513,31.9506755206856,35309789.09,0.827,4354.602514117647,5.987084767024314,6.023721095886119,5.224975421515304,916.0,795.0,810.0
528,Rivera,Uruguay,21,73341.67075,208.79,18.083,446.627,17.699,1498.466,11.202884222249393,3.044522437723423,0.01293161,6.35868081,0.009019154953325084,0.005713556243576575,38.5247774550938,53069325.71,0.789786586,3492.460511904762,5.987879007860958,6.08953799269827,5.121949623601334,917.0,819.0,751.0
4403,Fundación,Colombia,9,57344.53383,49.24,28.438,92.773,11.804,1608.513,10.95683280554769,2.1972245773362196,0.018382213,5.378392676,0.00250407283511437,0.0007164416223313468,85.0611189613105,38735484.0,0.716,6371.61487,5.989900881399619,6.2013334923936,5.592063840990181,918.0,866.0,993.0
4330,Tailândia,Brazil,10,86467.55712,47.31,27.728,115.671,12.244,1983.106,11.367524560370022,2.302585092994046,0.014607309,4.777836649,0.0012647743348667417,0.0009055035439285,48.9938717152161,58076083.2,0.716,8646.755712,5.990412711734443,6.013638566821347,5.454634634981078,919.0,789.0,930.0
785,Ciudad Constitución,México,16,63241.55574,52.88,22.233,331.632,13.791,126.301,11.054716891590079,2.772588722239781,0.018591502,5.65510773,0.0036195463835532768,0.0006408429779719394,87.7765253352946,59677139.2,0.781,3952.59723375,5.99403430399565,6.438566389212561,5.561314282887684,920.0,921.0,982.0
2990,Marín,Venezuela,10,59394.51406,147.42,24.616,73.164,11.259,716.874,10.991957145193412,2.302585092994046,0.009765006,5.46169829,0.013729071823287513,0.0006029436052768002,95.2406489219481,25184661.33,0.661,5939.451406,6.000180013540895,6.494701912359225,5.537889271078441,921.0,938.0,970.0
1926,Quinindé,Ecuador,6,58361.48311,91.71,25.128,55.467,7.551,1726.969,10.974411415439242,1.791759469228055,0.014516415,9.172007519,0.0011290880243875951,0.00024207263157401276,52.7911579530045,36202584.0,0.729,9726.913851666666,6.002536873684829,6.033644487447539,5.835731277095189,922.0,797.0,1042.0
8338,São Miguel dos Campos,Brazil,7,53197.12074,69.28,26.022,97.679,4.88,844.535,10.881759552436547,1.9459101490553132,0.015810752,5.80612719,0.013806939995752861,0.01350298260236255,9.57995175375476,41792667.43,0.715,7599.588677142857,6.005169099906069,6.469556592491555,5.8627053391369754,923.0,930.0,1045.0
1658,Santa Cruz Barillas,Guatemala,8,77901.2918,1553.98,18.396,140.89,12.461,2483.234,11.263197814519806,2.0794415416798357,0.007610288,4.960854974,0.0016461692418045372,0.006184955992218861,37.938785836383,19111744.0,0.561,9737.661475,6.009938411568327,6.169028854370983,4.539479010571963,924.0,852.0,382.0
3492,Ilo,Peru,16,65993.98868,108.34,19.369,243.189,4.57,57.564,11.097318936254412,2.772588722239781,0.018831261,4.89644805,0.008453601500057112,0.002745973822838799,56.5768667365314,75904134.74,0.783,4124.6242925,6.011164956907484,6.24984674361964,5.576904847942686,925.0,881.0,985.0
2929,Parcona,Peru,9,70136.29081,442.54,20.729,225.618,12.782,55.988,11.158195639632586,2.1972245773362196,0.019605355,5.393419685,0.0061475483403169145,0.004440199945783246,35.1288637173018,93398848.0,0.783,7792.921201111112,6.012626238481446,6.208736604118886,5.656365886086013,926.0,870.0,1012.0
3226,Sant'Ana do Livramento,Brazil,22,58515.45342,193.36,18.083,446.627,17.699,1498.466,10.977046159361208,3.091042453358316,0.012572523,7.425500321,0.007639176877491587,0.0033527634536271874,67.5778372805902,29793061.16,0.77377362,2659.793337272727,6.017690708306748,6.226369705131509,5.35217469980373,927.0,876.0,881.0
3925,Sabanalarga,Colombia,8,68701.16335,92.1,28.258,70.6,10.186,1668.605,11.137521411837081,2.0794415416798357,0.019719974,5.955018121,0.006254140887164467,0.0011398223121064513,91.6197871003798,72386810.18,0.776,8587.64541875,6.018867083306709,6.333911476174887,5.660500458750049,928.0,904.0,1013.0
2008,Ciudad Obregón,México,65,330236.5637,38.5,24.702,499.326,14.237,297.325,12.707564536318449,4.174387269895637,0.01921129,7.151995299,0.00567074384351099,0.0009946881361065924,83.5679898459279,116556641.5,0.779,5080.562518461538,6.02035196522133,6.653108669781449,4.689391213334514,929.0,962.0,466.0
2871,Santa Rosa,Argentina,35,122756.2169,181.13,15.819,568.166,21.178,697.494,11.717955691217437,3.5553480614894135,0.018710388,6.572166553,0.003214415708847085,0.0011389978944764956,49.6086873487025,57498039.65,0.839,3507.320482857143,6.0238540067333135,6.0912153368805075,5.144433113439648,930.0,820.0,771.0
2808,San Francisco,Argentina,18,58017.2295,114.85,18.43,483.375,18.074,998.156,10.968495305759696,2.8903717578961645,0.017512202,7.004690788,0.004942869133159831,0.0026804257602131795,34.2806517083676,25389696.0,0.839,3223.179416666667,6.027164718130724,6.0589326830407675,5.443958903158529,931.0,804.0,924.0
2247,Guasave,México,20,84062.20223,17.43,24.528,401.222,8.803,424.783,11.339312306526669,2.995732273553991,0.01757754,6.83102239,0.007023909683885046,0.0008394694492885402,86.8953482300578,39905076.15,0.78,4203.1101115,6.027610319025665,6.416108044058492,5.345013096227433,932.0,918.0,878.0
3837,Caracas,Venezuela,311,2667322.485,1013.84,24.186,62.412,12.257,1122.08,14.796585712614714,5.739792912179234,0.012977603,16.05736429,0.004388827090007079,0.00031407881055297296,75.7000678753837,51767863.93,0.735568752,8576.59963022508,6.027817785912855,6.308256538365585,3.2704983710613074,933.0,898.0,45.0
6621,Reynosa,México,155,616127.2669,49.14,24.211,526.947,18.524,549.951,13.33120882328677,5.043425116919247,0.017498154,6.586959214,0.005183546567836535,0.00124461166091268,55.3623179333848,71228400.25,0.768387524,3975.0146251612905,6.031315270093472,6.156875876039927,4.395579104914286,934.0,846.0,323.0
2682,Uruguaiana,Brazil,27,118736.1576,63.05,20.035,448.301,17.031,1561.758,11.684659147523412,3.295836866004329,0.011610399,7.411574189,0.0070042784549817615,0.0016446784175118026,32.2789497319396,36606712.47,0.773,4397.635466666667,6.032202369174938,6.053684193182209,4.880190686608113,935.0,802.0,594.0
3443,Funes,Argentina,25,77147.31145,33.48,17.534,496.282,18.091,1019.22,11.253472008836713,3.2188758248682006,0.018353861,6.255646534,0.030757610733873477,0.013476853245156089,38.0161403399919,56060567.27,0.839,3085.892458,6.036928365965981,6.291343312099205,5.397486979947997,936.0,893.0,898.0
2864,Morales,Guatemala,11,53437.94886,42.6,23.53,171.813,10.829,2653.049,10.886276425363137,2.3978952727983707,0.010186887,4.458902212,0.0029532624660324586,0.006011669435584695,44.8955327330713,51296274.29,0.628,4857.995350909091,6.038304554653201,6.279726784806477,5.260987175141939,937.0,889.0,829.0
2405,Tierralta,Colombia,8,67877.37499,52.59,26.567,51.272,10.471,1696.91,11.125458047268646,2.0794415416798357,0.014444554,4.52220955,0.0027414892881967652,0.0008587818687977816,85.1731557373771,45086308.0,0.706,8484.67187375,6.03862894826578,6.267921208512102,5.6227517136407945,938.0,885.0,1004.0
194,Fracc Villas del Real 2da Seccion,México,17,60404.09164,51.18,16.605,207.228,5.468,250.12,11.0088121240126,2.833213344056216,0.014698749,5.722689817,0.04011543498891692,0.004974040969205443,86.7703138890244,44075275.64,0.786,3553.1818611764706,6.038769744964698,6.883735657527523,5.749136301428573,939.0,995.0,1029.0
2804,Pisco,Peru,14,67975.52236,12.35,18.109,210.341,4.27,14.789,11.126902954061068,2.6390573296152584,0.017271179,5.390802474,0.012561624921126975,0.0028817263818081236,62.1590684014718,52845092.0,0.783,4855.394454285714,6.039778667454224,6.15098412915396,5.780614713805907,940.0,844.0,1035.0
790,Tipitapa,Nicaragua,21,87293.5999,53.21,27.38,86.345,10.131,1418.787,11.377032427570969,3.044522437723423,0.006983052,5.254113317,0.02432593591858502,0.008613870303886953,21.3507055791531,15059319.04,0.703,4156.838090476191,6.042177292164112,6.124689433010637,5.1549244632285465,941.0,833.0,777.0
2480,Peñaflor,Chile,15,91822.80574,391.63,14.285,405.287,18.448,407.155,11.427615974295627,2.70805020110221,0.017162442,5.569330297,0.009425880230993255,0.004587977078590629,59.5751401187025,68575763.2,0.883,6121.520382666667,6.042736490030762,6.15864097190088,5.533265788625381,942.0,847.0,968.0
8393,Goiana,Brazil,7,52544.64932,19.68,25.125,117.245,9.313,808.793,10.869418550378864,1.9459101490553132,0.016933386,5.805475502,0.012638906928059407,0.011916808903673906,9.81900927790414,20336772.0,0.733,7506.378474285714,6.043508538788627,6.4557310187322745,5.891422844395853,943.0,926.0,1047.0
3336,Breves,Brazil,8,55575.45983,5.77,27.501,89.556,9.54,2080.534,10.925497012842252,2.0794415416798357,0.009697399,5.582508166,0.0002745560451622808,0.0005473741489148917,23.8516884962723,50308120.89,0.716,6946.93247875,6.044825278202592,6.246965363310188,5.583769673288718,944.0,880.0,989.0
4253,Olavarría,Argentina,24,82411.93195,164.68,14.322,534.472,20.35,865.375,11.319485510632745,3.1780538303479458,0.018641645,6.712941479,0.004639639566112611,0.0012778584359955658,55.6552497422132,18343728.0,0.842,3433.8304979166664,6.044918644270435,6.137448235408457,5.479740489113932,945.0,838.0,944.0
7953,Manhuaçu,Brazil,10,52735.24543,688.49,20.512,227.318,13.412,1409.118,10.873039304724726,2.302585092994046,0.011831367,11.44591434,0.005341473116625637,0.004628162371690701,4.67861173046552,33171808.0,0.758,5273.524543,6.045630924814039,6.4042646741869635,4.9875288641332975,946.0,916.0,652.0
4443,Buenos Aires,Argentina,2186,14179912.05,18.68,16.859,502.06,18.141,956.37,16.467336876651277,7.689828668736484,0.016933853,8.22998844,0.005057699543807819,0.0012374876642341304,26.2953938620227,157365838.2,0.842,6486.693526989936,6.0556244723639585,6.22878664981827,4.795497677749777,947.0,877.0,533.0
931,Ciudad de la Costa,Uruguay,48,99151.3724,13.19,16.892,417.309,8.573,1006.735,11.504402975506206,3.871201010907891,0.011767751,7.320335192,0.027447039245096724,0.014056667480983854,37.8521919439218,21974674.29,0.824,2065.6535916666667,6.058459810085694,6.257888203870272,5.530527103957732,948.0,882.0,966.0
204,Tumaco,Colombia,25,118072.3984,2.65,25.653,48.648,1.899,2797.282,11.679053261068264,3.2188758248682006,0.00532207,4.927146866,0.002691042141107214,0.0009524675610468501,83.1530120651783,23408552.0,0.712,4722.895936,6.062264462965683,6.376545682099307,4.76794423120479,949.0,913.0,516.0
2177,San Felipe,Chile,12,72435.58869,645.2,15.326,448.953,18.418,595.867,11.190453014091204,2.4849066497880004,0.016789025,5.77744071,0.005035638548518573,0.002335171829456695,53.7146378868226,63253412.0,0.868,6036.2990575,6.06800140949026,6.10547006796634,5.304973859444663,950.0,826.0,853.0
1376,Concepción,Argentina,13,56730.34791,369.14,15.459,445.607,15.509,2018.192,10.946064583035811,2.5649493574615367,0.01436628,5.800659062,0.004174884676712006,0.0033935953552483513,10.0580151778769,18992118.0,0.843,4363.872916153846,6.071287290671273,6.283015160278844,5.269049889287778,951.0,890.0,834.0
2932,Linares,Chile,15,57009.27056,155.04,13.765,425.727,19.561,1101.734,10.950969174995517,2.70805020110221,0.017800407,5.941755999,0.008427238564302726,0.003302784871976794,54.286459192672,32517391.36,0.791,3800.618037333333,6.073987366288476,6.116886921748419,5.73934058489429,952.0,831.0,1028.0
22,Jérémie,Haiti,8,60004.22884,58.96,25.718,102.428,4.846,941.724,11.00217031938726,2.0794415416798357,0.009889377,7.173733911,0.003630025804694601,0.00489257589048952,37.9282200090716,9755688.0,0.51,7500.528605,6.080769978615224,6.15047488352701,5.7389622044994795,953.0,843.0,1027.0
794,Orito,Colombia,9,51867.92522,339.25,19.142,70.264,9.7,3053.674,10.85645586693102,2.1972245773362196,0.008436371,4.448632577,0.0010635217578691498,0.0009129715117993687,52.3147995660506,27936461.33,0.707,5763.102802222222,6.080962736499568,6.128518194733891,5.179636691441907,954.0,835.0,788.0
670,Las Piedras,Uruguay,28,106085.5023,55.81,16.992,443.207,11.984,1047.899,11.572000673418414,3.332204510175204,0.013091828,5.677315109,0.015975188873456465,0.00968774866560631,26.2013871526097,29886342.24,0.824903156,3788.767939285714,6.084434886134366,6.1692560761353885,5.2017315316033965,955.0,853.0,799.0
924,Jacmel,Haiti,25,118702.0783,28.12,27.036,85.628,2.308,783.634,11.684372089290312,3.2188758248682006,0.007544074,4.991013437,0.0023147569559445534,0.004241869078555132,41.7868123723865,6475490.207,0.518,4748.083132,6.084715756022615,6.169417545751945,5.131274017806024,956.0,854.0,758.0
2677,Moa,Cuba,12,62015.75772,24.09,25.453,153.431,10.794,1036.167,11.03514378850906,2.4849066497880004,0.009605547,5.112415753,0.032818837491533595,0.0038946945740873547,0.860977411435713,31527406.93,0.759,5167.97981,6.086783537276693,6.600362199433959,5.45775956249079,957.0,948.0,932.0
35,Concepción,Paraguay,17,89487.14958,75.98,24.173,360.976,14.814,1505.602,11.401850313842603,2.833213344056216,0.015088877,5.143071419,0.002668729432335999,0.003978020544343726,54.6790968911713,46874528.0,0.703,5263.949975294117,6.089064116298297,6.18424251982109,5.051074647900512,958.0,861.0,699.0
3747,San Antonio de los Altos [Los Teques],Venezuela,47,260434.9254,1280.98,23.52,62.964,12.048,1338.907,12.4701083024428,3.8501476017100584,0.010860141,14.84439331,0.0022807219657759426,0.00031056493874534653,45.9420316497386,29373893.61,0.728,5541.1686255319155,6.090155690328354,6.19400350524201,3.579007510769208,959.0,863.0,76.0
16,San Andrés,Colombia,13,59179.78244,5.78,26.799,48.686,2.239,2207.155,10.98833524970547,2.5649493574615367,0.006608419,5.165637379,0.0005781151932872837,0.0008046075115141975,41.2426549341434,101128256.0,0.778,4552.290956923077,6.0926762730077355,6.916795579360251,5.300713150664342,960.0,999.0,850.0
1760,San Pedro de la Paz,Chile,21,76423.98932,8.39,12.656,333.969,15.913,1015.187,11.244051922203157,3.044522437723423,0.017592321,5.793119368,0.012602878381225023,0.010024791084041255,38.5769822866766,44514605.18,0.826,3639.237586666666,6.097258794415428,6.293785680529024,5.84449458591892,961.0,896.0,1044.0
3111,Valdivia,Chile,29,148826.0266,8.61,10.6,335.237,16.535,1688.506,11.910533296032405,3.367295829986474,0.020661725,5.810906975,0.004357209739959556,0.0022346675988190357,51.3291233222671,58364665.76,0.796,5131.931951724138,6.100681660572282,6.147040901557033,5.757193011763899,962.0,841.0,1031.0
1663,Chigorodó,Colombia,6,53945.47175,33.89,27.422,69.284,9.485,3912.482,10.895729032965276,1.791759469228055,0.015721783,5.136123693,0.00452989884293671,0.0011233877176910591,89.2314950945718,59173056.0,0.761,8990.911958333332,6.1026758901223825,6.330643732462221,5.6855688031198355,963.0,903.0,1022.0
1046,Ovalle,Chile,11,72425.77777,242.69,15.864,372.437,17.527,166.913,11.190317561551238,2.3978952727983707,0.021496658,6.699337781,0.005102125691345544,0.0020954031889714978,72.8298660820225,78759286.86,0.831,6584.161615454545,6.105012065459036,6.2853880933558335,5.840274935754276,964.0,891.0,1043.0
5620,Ozumba de Alzate,México,15,56406.9492,2339.0,23.489,199.1,17.623,880.813,10.940347642662038,2.70805020110221,0.010483124,5.23899069,0.0010586585670901698,0.0007846850767990126,28.3966076693808,22932448.0,0.761,3760.4632800000004,6.114683703076586,6.289014724369327,4.866034171342444,965.0,892.0,579.0
2326,Guamúchil,México,17,66184.84012,52.92,24.543,394.843,10.295,578.707,11.10020671449186,2.833213344056216,0.020677534,7.079968384,0.006192304162704383,0.000871693159330699,84.8906189762343,49058133.33,0.78,3893.2258894117645,6.121062069785639,6.4433907392751095,5.42042517292223,966.0,922.0,914.0
3928,Trelew,Argentina,22,114365.8259,15.55,13.86,478.722,17.032,227.065,11.647157588650389,3.091042453358316,0.02157167,6.771917175,0.006118231670069197,0.002855535231211057,42.4327266730889,93876365.47,0.841,5198.446631818181,6.124830211488455,6.237090504642862,5.7771691621593035,967.0,879.0,1034.0
4704,Cachoeira do Sul,Brazil,22,62619.11362,71.33,19.641,436.026,16.72,1486.568,11.044825839877628,3.091042453358316,0.012468625,6.344023275,0.006710331610647286,0.004906360129902459,24.6741154388936,21853900.0,0.773,2846.323346363636,6.127006748872201,6.20228243410739,5.337510526654614,968.0,867.0,874.0
4405,Luján,Argentina,19,66489.34379,24.34,16.917,507.065,18.784,955.833,11.104796970044145,2.9444389791664403,0.017474191,6.768200892,0.01569867367477293,0.0027356959189505036,41.4186297532917,20342331.87,0.842,3499.4391468421054,6.1274639849298405,6.172312164447796,5.536696275520065,969.0,855.0,969.0
1263,Bilwi,Nicaragua,17,107012.0079,8.45,26.289,88.583,7.387,2116.374,11.580696330511959,2.833213344056216,0.006338815,5.023089949,0.0023449280882337315,0.002147110055338005,27.7407117787202,16693302.4,0.546,6294.823994117647,6.128858227825173,6.194618495201095,5.01260168511185,970.0,865.0,668.0
205,Artemisa,Cuba,8,54452.06502,51.82,24.404,232.369,10.827,1140.788,10.90507605271084,2.0794415416798357,0.01755854,5.211389701,0.002778860635706337,0.0009565275563538214,30.9932006571279,115065612.8,0.794,6806.5081275,6.128888834713393,6.620562662658882,5.6666599437871525,971.0,953.0,1017.0
218,Paysandú,Uruguay,26,82193.38372,23.76,18.448,481.38,17.968,1284.645,11.316830087780444,3.258096538021482,0.013254172,6.601992486,0.010040598051156617,0.0068130022743757655,29.409884120262,45679585.88,0.781342127,3161.2839892307693,6.129695471291608,6.2171377283074,5.269024411084161,972.0,872.0,833.0
4215,Zárate,Argentina,23,86875.18423,21.26,17.298,502.382,18.428,1022.465,11.372227703497938,3.1354942159291497,0.014953315,6.608150908,0.062110217912167524,0.00888454392733781,4.67274180602987,20181717.33,0.842,3777.181923043478,6.130382082541,7.388767480875017,5.341290996347876,973.0,1036.0,876.0
4137,Viedma,Argentina,22,74823.86562,12.0,14.508,349.597,9.281,400.71,11.22289217216495,3.091042453358316,0.02211488,5.962353035,0.00581553760900171,0.002222980742624722,51.5308561243669,21411213.84,0.841272988,3401.084800909091,6.130607748079945,6.1799435371732026,5.782589691863936,974.0,859.0,1036.0
26,Willemstad,Curaçao,119,162058.5603,21.07,26.433,80.065,2.672,856.748,11.995713032228496,4.77912349311153,0.012828811,7.283788691,0.039121826392110676,0.0022566086006380495,61.4395488717609,22750608.7,,1361.8366411764707,6.156123799621367,6.719759890615228,5.908319100738415,975.0,973.0,1048.0
2744,San Fernando,Chile,15,53205.91534,333.32,14.488,465.732,20.177,631.658,10.881924859750022,2.70805020110221,0.020970201,5.745048114,0.010914490318493222,0.004989895981084722,41.9807395336715,38941828.92,0.821,3547.0610226666668,6.1569646017356225,6.175408037683441,5.621320532893265,976.0,857.0,1002.0
5895,Guaíba,Brazil,26,65030.94156,20.49,18.961,404.052,15.345,1505.008,11.082618459614293,3.258096538021482,0.010989864,6.442258014,0.032044415857309015,0.014981288667181954,17.7587721786518,19706672.76,0.773,2501.19006,6.160624900741742,6.336671909733294,5.444351467630763,977.0,905.0,926.0
3839,San Nicolás de los Arroyos,Argentina,40,141135.8931,20.02,17.486,500.214,18.398,1041.214,11.857478486072798,3.6888794541139363,0.012389799,6.489653593,0.0887684974636902,0.008785833553328681,2.75716419530548,25000899.25,0.841928767,3528.3973275,6.161777639939137,8.898683399992194,5.054344590167464,978.0,1070.0,702.0
3053,Venado Tuerto,Argentina,19,63456.32442,113.44,16.968,509.732,18.304,943.794,11.058107143825364,2.9444389791664403,0.015048893,7.325183997,0.005339222366403175,0.0018773207815745091,14.8106279985282,34092416.0,0.839,3339.8065484210524,6.162460287742012,6.300920979127399,5.474935642132074,979.0,897.0,940.0
1662,Barranca,Peru,10,63858.59131,44.54,18.811,192.894,3.973,65.405,11.064426406990078,2.302585092994046,0.013198485,5.946226937,0.004780639354930362,0.0014598820862714705,77.5395083273501,73790053.33,0.82,6385.859131,6.170271109911498,6.496911478918085,5.927294159300009,980.0,939.0,1052.0
1371,San Rafael del Moján,Venezuela,13,66562.99993,2.02,28.152,75.871,9.083,1468.925,11.105904145543123,2.5649493574615367,0.007171575,5.298042052,0.003976962374613334,0.0002018693053818315,95.911623905547,19762824.53,0.681,5120.230763846154,6.172160368493332,6.639015231914292,5.42757469954265,981.0,957.0,918.0
4367,Concepción del Uruguay,Argentina,16,50970.02748,17.07,18.383,484.184,17.839,1247.669,10.838993042474613,2.772588722239781,0.019413649,6.662187394,0.0026907963689801018,0.000813541033782468,37.699077778845,33050337.52,0.839,3185.6267175,6.175778320176066,6.225825556169083,5.581089176328933,982.0,875.0,988.0
2547,Banes,Cuba,8,57299.03422,43.61,25.853,156.787,9.066,920.711,10.956039047761486,2.0794415416798357,0.01108982,5.669706611,0.0014823741973534418,0.0006189448667464817,6.00680247104285,39473518.22,0.759,7162.3792775,6.17770033821441,6.486665412499448,5.749780456628336,983.0,935.0,1030.0
1929,Apartadó,Colombia,12,226447.8924,32.16,26.814,48.304,7.846,3607.29,12.330270141809232,2.4849066497880004,0.014621015,5.659063217,0.0010227675267027567,0.0007775522515041964,68.606758197688,188313400.9,0.761,18870.6577,6.187247554852803,6.981922555400032,5.773792650417501,984.0,1007.0,1033.0
4329,Campana,Argentina,16,59995.93342,14.76,17.298,502.382,18.428,1022.465,11.002032062573985,2.772588722239781,0.019032676,6.606901735,0.03638272325017858,0.009344561440227694,9.62591725716256,16573134.77,0.842,3749.74583875,6.193144057338888,6.523633141000311,5.579755946782615,985.0,941.0,987.0
3276,Huanta,Peru,9,50666.84704,2633.58,3.952,99.155,12.255,1954.255,10.833027071153968,2.1972245773362196,0.010338382,5.613749354,0.0041432811335836385,0.0013897969307110846,88.3168081575032,31929994.67,0.783,5629.649671111111,6.198142626590595,6.350114670556285,5.086216886802725,986.0,909.0,723.0
4291,Gualeguaychu,Argentina,16,60433.39265,14.32,18.072,494.566,18.333,1209.375,11.00929708959669,2.772588722239781,0.020283186,6.439622632,0.006292184289656954,0.002647423678571188,48.6860853878245,40005172.36,0.839,3777.087040625,6.199711059013083,6.220686246302289,5.494995143248851,987.0,874.0,951.0
7,Malacatán,Guatemala,9,62529.1453,378.77,28.261,80.68,11.834,1066.449,11.043388051828874,2.1972245773362196,0.007821973,5.730274605,0.002500410117232164,0.005714130169135704,58.3093555738018,26347136.0,0.616,6947.682811111111,6.211566284881606,6.338785280028342,5.514514955946171,988.0,907.0,961.0
2168,Navojoa,México,31,110580.4538,45.89,24.775,466.373,13.079,299.283,11.613498623699744,3.4339872044851463,0.019252397,6.500720426,0.012627396389613929,0.0011565614521560229,88.4020960320022,63827667.2,0.779,3567.1114129032258,6.217516625013317,6.732702001773361,5.208057882586984,989.0,977.0,802.0
4518,Azul,Argentina,16,54112.17407,135.84,14.126,521.877,19.975,835.609,10.898814468539673,2.772588722239781,0.018213033,7.084982552,0.00527460542693734,0.003250147731349505,26.206242221878,14498884.17,0.842,3382.010879375,6.2190301973038675,6.291608655837108,5.79242732978122,990.0,894.0,1038.0
6300,Linares,México,21,73193.07229,346.02,19.059,438.477,16.65,1018.066,11.200856054623682,3.044522437723423,0.012560497,5.042043603,0.004337306673153179,0.0008355253821112693,73.7755280515507,47869184.0,0.784,3485.384394761905,6.220677468085067,6.488189720903046,5.043907139174185,991.0,936.0,694.0
3744,Nuevo Casas Grandes,México,18,53483.89513,1459.3,14.669,599.084,24.477,513.206,10.887135861959319,2.8903717578961645,0.019681071,6.523697474,0.0065811622061080054,0.0010161576665068898,82.2525579496616,29783568.59,0.765,2971.3275072222223,6.224160041383666,6.464954187074194,4.815661094564143,992.0,928.0,552.0
1267,Trinidad,Cuba,7,53969.61528,57.1,26.043,173.62,6.506,670.691,10.896176487182611,1.9459101490553132,0.013502784,5.810803153,0.022498933172328518,0.0012974547868038835,1.94335605648339,64091572.0,0.765,7709.94504,6.224303037047778,6.744515850400187,5.921438116211436,993.0,979.0,1051.0
1848,Coronel,Chile,38,107945.1149,9.87,12.649,245.846,9.861,967.519,11.589378181560953,3.6375861597263857,0.012484742,6.197228912,0.06554697080119556,0.010357432142063522,21.4576897920064,39140139.47,0.826,2840.6609184210524,6.229192459340225,7.19535081422318,5.680599873022542,994.0,1027.0,1021.0
4481,Belén de Escobar,Argentina,22,62681.98588,20.23,16.986,505.883,18.463,965.459,11.045829378801507,3.091042453358316,0.014784346,6.57333428,0.01770563055330882,0.004377046907547642,25.4423368337851,21246340.27,0.842,2849.1811763636365,6.252739395618296,6.276264686512872,5.595382025766803,995.0,887.0,995.0
2550,Colina,Chile,9,51718.02173,614.69,15.326,448.953,18.418,595.867,10.853561582540957,2.1972245773362196,0.01875671,5.412164463,0.005267999273335701,0.0020254226762358414,72.1555900820046,85700854.15,0.883,5746.4468588888885,6.252912843103742,6.490065467950279,5.544925928440826,996.0,937.0,974.0
1761,San Rafael,Argentina,33,121172.952,693.03,12.423,592.775,22.888,492.514,11.704974159394766,3.4965075614664802,0.015058253,6.026172922,0.0023290715815853028,0.00031857466700984554,59.4947000014828,19331246.55,0.839,3671.9076363636364,6.257968762162211,6.393011571203325,4.973029240004637,997.0,915.0,645.0
4096,Chivilcoy,Argentina,14,53524.4841,54.15,16.527,513.586,19.343,976.502,10.887894474924744,2.6390573296152584,0.018975797,6.894128664,0.005973747315445867,0.0025535812477265893,47.2759838567683,21548372.71,0.842,3823.177435714286,6.259023079061494,6.292193752982542,5.678721533410236,998.0,895.0,1020.0
380,Tacuarembó,Uruguay,18,51238.08823,139.12,17.689,449.219,17.436,1399.183,10.844238445205342,2.8903717578961645,0.012678015,5.909422789,0.006800196813217439,0.005383915617454332,4.90199934786186,35231284.36,0.796,2846.5604572222223,6.2604038855024875,6.533070805289431,5.4952617432614606,999.0,943.0,952.0
2737,El Estor,Guatemala,9,52061.60103,23.66,22.882,176.802,12.203,1867.905,10.860182931629268,2.1972245773362196,0.010374426,4.09424406,0.0022563214434821234,0.004911882225436048,26.1966561465789,39088812.0,0.628,5784.622336666666,6.2731006152161335,6.4325115247216536,5.4711853144333835,1000.0,920.0,935.0
3597,San Mateo,Venezuela,8,67242.41715,528.46,27.047,133.078,12.911,1277.234,11.116059534972806,2.0794415416798357,0.007753194,7.523805589,0.02056136582578219,0.0023470179952625337,53.0643716084424,29719049.6,0.721,8405.30214375,6.286542607705015,6.47049078978046,5.432131755741872,1001.0,931.0,923.0
3495,San Lorenzo,Argentina,29,63097.45467,20.9,17.668,492.348,17.938,1048.44,11.05243570968084,3.367295829986474,0.012828756,7.666551263,0.033278574614807044,0.010854589067499053,31.9544823096365,32813114.51,0.839,2175.774298965517,6.292669365169217,6.422386976461266,5.665323841192691,1002.0,919.0,1015.0
3884,Puerto Madryn,Argentina,28,103274.4675,16.82,14.74,534.945,19.9,238.314,11.545145456115144,3.332204510175204,0.01492552,6.953546333,0.018070894023636576,0.004845337722375562,31.6322662643862,58256864.0,0.841,3688.3738392857144,6.293669382245641,6.338427032458706,5.621018649958172,1003.0,906.0,1001.0
1572,Quillota,Chile,13,71098.23152,124.17,13.293,171.505,4.265,368.243,11.171817742345564,2.5649493574615367,0.020271092,6.240306145,0.005950977774868851,0.002691649905738752,52.3350271324672,44899139.05,0.868,5469.0947323076925,6.294959696106873,6.328076449613801,6.000231680511263,1004.0,902.0,1056.0
1471,Puerto Escondido,Venezuela,25,56759.83455,6.33,28.058,51.768,5.007,1983.241,10.946584216364869,3.2188758248682006,0.007838509,5.15479505,0.022945763947086768,0.0020645964154065704,95.1363733146951,7406307.692,0.681,2270.393382,6.294974543749457,6.890486388112412,5.66852343297054,1005.0,996.0,1019.0
1842,Huacho,Peru,25,118109.6934,46.99,19.485,222.737,6.999,71.22,11.679369076717332,3.2188758248682006,0.012053334,3.863364867,0.008784984821609908,0.0020225574556524926,84.1937112726839,53529670.19,0.82,4724.387736000001,6.301308914666746,6.718088910460958,5.30955266226666,1006.0,972.0,856.0
920,Lambayeque,Peru,7,57457.54137,18.2,19.903,209.464,4.847,116.207,10.958801543069269,1.9459101490553132,0.019963675,6.724390373,0.030485935053210927,0.01304093435226985,75.7409621366341,24588827.43,0.731,8208.220195714286,6.302606653684919,6.956523073204253,6.2091693647321025,1007.0,1003.0,1068.0
3169,Santo Tomé,Argentina,21,82970.47698,17.78,18.625,486.964,18.103,1102.087,11.326240124466683,3.044522437723423,0.013450257,5.864527609,0.011273023635617527,0.0020419657022080193,32.9611448283069,45608064.0,0.839,3950.9750942857145,6.3150372856951975,6.341682429174779,5.2831778144291235,1008.0,908.0,844.0
2409,Talagante,Chile,11,56657.67737,334.83,14.285,405.287,18.448,407.155,10.944782780133425,2.3978952727983707,0.016185651,5.07123363,0.010238172260025349,0.005201156210650363,66.1050144602929,56491929.6,0.883,5150.697942727273,6.321470963127116,6.497371370058814,5.791189668984056,1009.0,940.0,1037.0
2933,General Pico,Argentina,18,55066.8596,141.51,16.292,550.003,20.166,756.037,10.916303355026729,2.8903717578961645,0.017392163,6.622377686,0.004513694691661697,0.0009873655441393647,64.6839382282923,38185401.38,0.839,3059.269977777778,6.335820050848342,6.47773161505334,5.6257306352497904,1010.0,932.0,1005.0
2011,Huaral,Peru,10,68032.11571,167.73,18.573,199.579,5.623,132.752,11.127735162517435,2.302585092994046,0.016492886,4.092485547,0.006678645930163444,0.002433340132587801,75.2538060010024,77193669.33,0.82,6803.211571,6.35539367991442,6.6214642559056385,5.819698317124213,1011.0,954.0,1041.0
2174,Hinche,Haiti,7,64153.28431,245.05,25.549,137.82,10.794,959.02,11.069030566083203,1.9459101490553132,0.010927521,4.879701063,0.003063970685774544,0.004296888258923185,55.1403082039638,12939162.67,0.49,9164.754901428572,6.3646417090983105,6.482411322239999,5.764277397546751,1012.0,933.0,1032.0
2481,Cipolletti,Argentina,19,82452.09072,264.69,14.154,589.224,21.493,255.909,11.319972685094996,2.9444389791664403,0.020965269,6.709268864,0.010484467611144646,0.0028317855435819085,41.5018699781702,64283638.52,0.841,4339.5837221052625,6.36998017034695,6.386237056408028,5.577338720225067,1013.0,914.0,986.0
1474,La Calera,Chile,13,60386.67505,208.11,13.293,171.505,4.265,368.243,11.008523747829587,2.5649493574615367,0.014129036,5.329633336,0.01667759989983088,0.007243181862916627,44.8735095804371,44725461.33,0.868,4645.12885,6.3844690114958125,6.45528338291256,5.9184302218133285,1014.0,925.0,1050.0
4402,Delicias,México,31,132479.555,1182.1,20.528,597.276,23.544,391.811,11.79418361061586,3.4339872044851463,0.019797135,6.914889837,0.01743398237075902,0.0022128567511039724,30.6283135974506,68280123.08,0.765,4273.534032258064,6.397154776103186,6.527353782227504,4.236901862523555,1015.0,942.0,252.0
1657,Guaymas,México,43,125093.7119,52.54,23.549,467.215,7.759,201.314,11.736818430603366,3.7612001156935624,0.011487646,6.692337608,0.007425670966847376,0.0010836307310983233,77.040896363932,44838646.52,0.779,2909.1560906976742,6.411995586154725,6.798922787824161,5.204808721540536,1016.0,989.0,801.0
2093,Puerto Padre,Cuba,6,51483.36398,10.2,26.371,167.434,8.824,830.515,10.849014004951993,1.791759469228055,0.015575877,5.125535231,0.002526496603126593,0.0009250746761517272,24.1140210409332,13160066.0,0.753,8580.560663333334,6.4128817305259345,6.571417192941028,6.061618996879761,1017.0,944.0,1060.0
2551,General Roca,Argentina,23,89329.39549,242.85,15.119,598.746,21.922,294.343,11.400085889517497,3.1354942159291497,0.018485692,6.118466145,0.0027007777365963236,0.0011621470847815317,31.1053081092369,42654068.36,0.841,3883.8867604347824,6.425684593942227,6.450402891235617,5.426122928427409,1018.0,923.0,916.0
8408,Ponte dos Carvalhos,Brazil,5,50387.46229,8.24,25.611,120.468,8.539,1024.072,10.82749765902524,1.6094379124341003,0.0159763,9.086778369,0.03157376709834298,0.026699305133987526,6.61466487764689,50969248.0,0.733,10077.492458,6.4263632995254,7.446002419248968,6.209381689043506,1019.0,1039.0,1069.0
1271,Concón,Chile,19,58913.40205,43.95,13.293,171.505,4.265,368.243,10.983823882805831,2.9444389791664403,0.013133132,6.462833331,0.017466048401358618,0.004981066705771748,28.4510146833858,50685813.33,0.868,3100.7053710526316,6.442992430378729,6.600598537030854,6.006812267701508,1020.0,949.0,1057.0
2017,Chiguayante,Chile,18,142020.5593,33.45,12.656,333.969,15.913,1015.187,11.863727109906051,2.8903717578961645,0.013313647,5.954897077,0.0065007313351215625,0.0057904992629119936,45.7061386226875,115199872.0,0.826,7890.031072222222,6.449203200455074,6.731709846818863,5.937733088946041,1021.0,976.0,1053.0
1934,Penco,Chile,14,55335.31206,38.54,12.841,270.595,11.51,903.759,10.921166538151674,2.6390573296152584,0.010702233,7.715057373,0.02207700219018156,0.00906964529441564,63.5103631845396,55864165.05,0.826,3952.52229,6.450174020925682,6.721023975042313,6.023935832996291,1022.0,974.0,1059.0
6113,García,México,18,176821.6421,715.74,19.888,478.857,17.233,461.252,12.082896831762053,2.8903717578961645,0.019111076,5.714368771,0.00945054539438637,0.0019876213227068545,36.0926308977335,178077737.0,0.784,9823.424561111111,6.457550579421049,7.126850560209273,4.9696205340005,1023.0,1020.0,643.0
4592,Ingeniero Juan Allan,Argentina,11,50270.10238,24.28,16.6,494.18,17.949,948.428,10.825165793286894,2.3978952727983707,0.016314329,5.9917860019999996,0.02394281713655006,0.007794386810258173,47.6803980942987,50242683.43,0.842,4570.009307272727,6.484651211427231,6.5985304266601785,5.808783294444826,1024.0,946.0,1040.0
6889,Progreso,México,26,52252.29508,1.09,26.089,199.041,9.16,644.076,10.863839093838461,3.258096538021482,0.008311318,5.715557895,0.007619154832461762,0.0008884812722182154,84.2032848353254,21764537.14,0.75,2009.703656923077,6.495651779809606,6.997870660001364,5.911055273172019,1025.0,1009.0,1049.0
6651,Río Bravo,México,25,92655.21001,28.12,24.037,507.251,17.277,573.843,11.436640463375864,3.2188758248682006,0.017644424,5.945721968,0.019858895785346675,0.002589124266979793,66.5684830021608,39117116.0,0.768,3706.2084004,6.497324013840226,6.752283204576659,5.225103070778943,1026.0,984.0,811.0
7925,Caratinga,Brazil,11,63253.58194,645.39,22.688,210.358,13.04,967.39,11.054907036448716,2.3978952727983707,0.01399795,13.02190551,0.0049233060211894145,0.003428004342436769,27.5869720946458,37820016.0,0.758,5750.32563090909,6.502082108733643,6.6161170753650635,5.0360659636142255,1027.0,951.0,684.0
1924,Hermosillo,México,162,778882.36,227.84,25.583,601.254,21.517,180.107,13.565615299328437,5.087596335232384,0.021381135,7.474090456,0.008945613793988094,0.0011258080174058635,62.980543295393,112287215.5,0.779,4807.915802469136,6.504835215386526,6.782149228425952,4.3252727525756445,1028.0,987.0,290.0
4054,Punta Alta,Argentina,12,50499.73209,9.71,15.523,490.0,12.802,550.217,10.829723310100864,2.4849066497880004,0.015134333,6.058607121,0.0022924347289344205,0.0006715997933920921,52.9591211977444,20650416.0,0.842,4208.3110074999995,6.536040554986151,6.600128504295706,5.954809988722951,1029.0,947.0,1055.0
6578,Capão da Canoa,Brazil,46,52206.43685,5.34,19.475,346.12,11.21,1667.889,10.862961077571198,3.828641396489095,0.014472301,6.691033862,0.0039588568767454585,0.001485230598973544,70.6856622467994,11096407.47,0.773,1134.9225402173913,6.536507967494539,6.917081224694385,6.355820904441972,1030.0,1000.0,1071.0
2098,Cutral Có,Argentina,15,59572.92277,611.67,13.474,606.027,23.673,289.64,10.99495643388109,2.70805020110221,0.022103495,5.9006505,0.006437197318982575,0.0011154232640984774,15.9630345036445,96994785.52,0.841,3971.5281846666667,6.539618555535956,6.854335535093444,5.477488735775046,1031.0,993.0,941.0
1846,Saint Michel de l’Attalaye,Haiti,7,59784.37157,424.63,25.313,122.521,8.274,941.932,10.998499560798894,1.9459101490553132,0.009976057,3.657214635,0.003671207935957233,0.005027230399989969,19.3676473953651,11610769.78,0.506,8540.62451,6.571712146616782,6.750263700555944,5.622028850794315,1032.0,982.0,1003.0
23,Oranjestad,Aruba,48,58101.1546,11.85,26.637,84.293,2.369,536.549,10.969940815275935,3.871201010907891,0.013896471,7.587041922,0.019849577885583017,0.0018263515370140336,93.1086558668354,29383293.67,,1210.4407208333334,6.592056861576251,7.346607795275828,6.4907407029545965,1033.0,1035.0,1076.0
1160,Port-de-Paix,Haiti,49,343402.7088,31.97,26.119,134.652,7.139,875.997,12.746659115591454,3.8918202981106265,0.004291478,5.23770306,0.0012391473382081836,0.002781109893624112,56.175737934907,14069771.64,0.532,7008.218546938776,6.596203907653167,6.74649085052459,4.67623460236408,1034.0,980.0,458.0
6548,Tramandaí,Brazil,48,53877.42009,4.04,20.126,357.948,10.903,1445.467,10.894466746861193,3.871201010907891,0.014199676,6.500589836,0.009019427972075342,0.003173902196789468,69.3686304243023,11720108.14,0.773,1122.446251875,6.5980284852255515,6.939167170674894,6.366337372571464,1035.0,1002.0,1074.0
797,Léogâne,Haiti,49,162657.2234,17.83,26.289,97.096,4.26,907.496,11.999400341613189,3.8918202981106265,0.006758446,3.425295286,0.0019542772844356815,0.0038082715862589847,51.4456538848643,8187612.07,0.571,3319.535171428571,6.617246212426264,6.76877315122087,4.9488614255143615,1036.0,986.0,629.0
3971,Caleta Olivia,Argentina,20,64315.95473,24.65,12.084,502.817,18.731,226.85,11.071563008995655,2.995732273553991,0.02488204,6.341245298,0.002817903033404912,0.0004005744185739774,70.6608082445321,97388298.24,0.841,3215.7977364999997,6.626617090496227,7.0196568329740545,6.130493086395014,1037.0,1010.0,1065.0
4629,Río Gallegos,Argentina,29,138375.8225,9.59,7.932,388.012,14.865,394.325,11.837728613986046,3.367295829986474,0.015721685,6.647581919,0.0019033860571705003,0.0005728616917814519,35.7276920456885,116842727.8,0.841,4771.580086206897,6.629425063109594,7.028149666764405,6.358638172346151,1038.0,1012.0,1072.0
1843,Buga,Colombia,13,117577.8462,984.64,21.989,38.054,6.708,9958.132,11.674855914047361,2.5649493574615367,0.017761496,7.523241003,0.009065969255907325,0.0028914073103594577,69.0851701234208,73770348.31,0.78,9044.449707692307,6.6359983378148275,6.648435037389837,6.2049981641903695,1039.0,960.0,1067.0
5006,Manaure,Colombia,7,72872.68177,1.99,27.461,90.477,7.663,1046.793,11.1964691121005,1.9459101490553132,0.011838949,3.850654843,0.0006073522454092059,0.0006250286902677274,55.2013936932686,39825155.56,0.685,10410.383109999999,6.677028418344859,6.696239270843039,6.0147375801192915,1040.0,968.0,1058.0
2868,Duaca,Venezuela,4,56185.09024,720.58,25.118,84.26,11.603,990.744,10.936406702463344,1.3862943611198906,0.009652747,6.261640378,0.0016905139985408343,0.0001766026399996043,84.1229064675236,29030803.2,0.674,14046.27256,6.711106800384665,6.932476045602003,6.182392195117348,1041.0,1001.0,1066.0
4213,Sesquilé,Colombia,14,74659.92157,2618.64,12.367,56.812,9.43,2996.295,11.220698701972443,2.6390573296152584,0.005400084,2.55988629,0.0031256019665545434,0.0012593476316050728,66.8703232855271,28269558.59,0.763,5332.851540714286,6.7159894702898875,6.750571242164111,3.711381824917859,1042.0,983.0,99.0
3220,Sahagún,Colombia,16,274290.9358,77.54,28.106,72.73,10.64,2052.828,12.521944631538288,2.772588722239781,0.009622537,4.438943724,0.0018399682627208422,0.0006681648553003333,82.9653406703965,70432089.6,0.706,17143.1834875,6.72537102767175,6.983339766424097,5.66812273602008,1043.0,1008.0,1018.0
2016,Mirebalais,Haiti,7,56736.1203,131.18,25.549,137.82,10.794,959.02,10.946166329218556,1.9459101490553132,0.006675702,5.177087816,0.006263883743739171,0.007685562146923888,34.5872743127977,11065955.56,0.49,8105.160042857143,6.728726651613705,6.833738991648999,5.797222625606371,1044.0,991.0,1039.0
2741,Baracoa,Cuba,14,67035.44259,19.54,24.256,153.833,7.656,1416.028,11.11297675238576,2.6390573296152584,0.005380924,3.645828835,0.0009527475307894434,0.00027224070904728246,33.6184163740433,13582563.56,0.785,4788.245899285715,6.785925220306363,6.832746692665412,5.279219330048121,1045.0,990.0,840.0
5157,Ciudad Juárez,México,298,1214948.819,1163.07,19.035,787.121,24.911,175.748,14.010212509589698,5.697093486505405,0.022116461,9.733891324,0.012118117752618682,0.0024487427255073537,52.0454680272608,89720085.91,0.766208237,4077.0094597315433,6.791934798603112,6.911898427659572,3.3646228049620666,1046.0,998.0,51.0
1561,Rocky Point,México,22,72681.24926,10.37,23.034,518.347,9.451,78.58,11.193838710859911,3.091042453358316,0.020957435,5.091512277,0.010099084094967029,0.0007456785737147084,95.4452480607566,44009056.0,0.779,3303.693148181818,6.8033317593586515,7.324573731824381,5.522534032565424,1047.0,1034.0,962.0
6591,Nuevo Laredo,México,78,316098.3704,134.76,24.502,623.194,20.162,481.533,12.663808742859828,4.356708826689592,0.018973326,6.269328914,0.013175464838261626,0.002345995638682356,64.9056800372218,75729950.42,0.771177783,4052.5432102564105,6.80613825705106,7.04334278493179,4.552959055747146,1048.0,1013.0,389.0
3277,Biruaca,Venezuela,10,100147.3017,45.47,28.882,152.519,12.093,1695.367,11.514397398144885,2.302585092994046,0.006929753,5.161057402,0.003961595834808198,0.00025595159531891816,80.3379375878062,34936529.07,0.626601677,10014.730169999999,6.811308113450307,7.044528052911818,5.6201450715544325,1049.0,1014.0,1000.0
1758,Petite-Rivière-de-l'Artibonite,Haiti,7,58597.14659,36.44,26.691,101.197,3.287,359.151,10.978441281376147,1.9459101490553132,0.007634328,4.698329721,0.0006093812213732231,0.0019466745981529885,29.5623797354014,11740157.33,0.506,8371.020941428571,6.831833275687833,6.894223326442207,6.063934923813508,1050.0,997.0,1061.0
1837,Heroica Caborca,México,23,76331.77996,288.88,23.333,577.44,15.845,178.955,11.24284464379221,3.1354942159291497,0.016445978,6.487978061,0.0036880094058270403,0.0006788741211872036,73.7971165835807,36130134.71,0.779,3318.7730417391303,6.841630695566947,7.06263111393237,5.265267921586846,1051.0,1017.0,831.0
3046,Agua Prieta,México,26,100740.5005,1217.76,18.274,685.052,25.099,268.244,11.52030318752236,3.258096538021482,0.020794225,6.674650738,0.01801646028483847,0.0015592632256973946,27.9066877249234,80355254.86,0.790290706,3874.6346346153846,6.854924210172784,7.048825640553189,4.434232215903047,1052.0,1016.0,334.0
928,San Martín,Argentina,18,83268.17778,658.1,16.211,625.086,21.871,351.772,11.329821735719136,2.8903717578961645,0.014884262,5.685227591,0.003905271912028144,0.0005985041352132253,70.7904632705568,38619878.96,0.839,4626.009876666667,6.86164102125833,7.045465568497698,5.03974147266717,1053.0,1015.0,686.0
3165,Peña Negra,Peru,13,56518.12267,111.24,25.751,49.243,9.658,2909.794,10.942316620924812,2.5649493574615367,0.005372551,2.503810094,0.0009706851106914164,0.0011135480383074798,7.78469563707839,24403449.14,0.702,4347.547897692308,6.876588890303502,7.214958206031156,5.15672202694577,1054.0,1029.0,780.0
1362,Mexicali,México,161,736551.6306,6.05,22.315,687.955,23.416,132.872,13.509734615075404,5.081404364984463,0.020810166,6.247956175,0.008512776155409952,0.0011925118298366849,76.6219987560642,84993759.18,0.788364414,4574.854848447205,6.905693749258855,7.29301963442312,4.491401882874657,1055.0,1032.0,359.0
371,Petit-Goâve,Haiti,15,149312.8837,34.79,26.613,100.996,5.035,815.436,11.913799273843013,2.70805020110221,0.004646811,4.874760977,0.001318806669018877,0.0034576582920285526,45.9783130981372,24302972.24,0.571,9954.192246666667,6.96555643423733,7.023643199991249,5.503164970843206,1056.0,1011.0,955.0
1041,Varadero,Cuba,31,55416.83955,2.54,25.441,211.339,8.965,717.452,10.922638789544372,3.4339872044851463,0.006733803,4.427011505,0.034232360431207594,0.0019778807892699467,1.02377642971055,14952295.23,0.786,1787.6399854838708,6.973170582117752,7.494805838570129,5.947338872568581,1057.0,1042.0,1054.0
663,Anse-à-Galets,Haiti,7,70775.25349,33.67,27.089,103.091,3.065,555.137,11.167264691605618,1.9459101490553132,0.007361333,4.520918113,0.0005266497974785282,0.0024638370956260487,12.699976692837,21472378.0,0.571,10110.75049857143,6.988744721870479,7.154825028911621,6.10161362659223,1058.0,1023.0,1062.0
3279,Coyhaique,Chile,9,51872.00157,339.31,5.047,377.626,15.1,3062.333,10.856534454802214,2.1972245773362196,0.021108548,6.17843913,0.00443171923905384,0.0020880153748422245,77.1628894906958,69032012.8,0.808,5763.55573,7.000275837320391,7.142080507447432,6.820141260391734,1059.0,1022.0,1081.0
3332,Las Mercedes,Venezuela,7,71325.8004,44.91,28.882,152.519,12.093,1695.367,11.17501339789045,1.9459101490553132,0.007441719,4.552841777,0.002600442715774978,0.00014923132043815105,72.4170419810539,55754345.14,0.623629361,10189.400057142857,7.003503266447778,7.136444734946834,5.875930692544523,1060.0,1021.0,1046.0
1369,Quibdó,Colombia,15,106894.2114,45.28,26.31,47.052,8.276,9700.51,11.5795949458744,2.70805020110221,0.010873034,8.179876665,0.00299721424302495,0.000934314050564201,87.7367647849912,33774083.37,0.686,7126.28076,7.038990758213466,7.173268632123825,6.709212296095323,1061.0,1024.0,1079.0
2088,Esperanza,México,15,59485.06196,34.99,24.702,499.326,14.237,297.325,10.993480500517212,2.70805020110221,0.013613062,4.989889551,0.010910058070417785,0.0014680390088476591,91.5701365490943,83355422.48,0.779,3965.670797333333,7.069925150982934,7.747148321667899,5.583870373500876,1062.0,1053.0,990.0
6561,Piedras Negras,México,33,115624.1156,237.42,22.898,659.655,20.526,584.611,11.658099825920608,3.4965075614664802,0.020246072,6.297371922,0.006618929767502584,0.0009040951000709751,78.9618222988791,73142138.18,0.676608507,3503.761078787879,7.089700228520086,7.41969315043458,4.920381751627722,1063.0,1037.0,619.0
1570,Cabaret,Haiti,13,77961.90483,69.34,26.691,101.197,3.287,359.151,11.263975586750405,2.5649493574615367,0.003817897,4.007398904,0.002711676130771624,0.003789124311356311,59.7491286630505,14644249.0,0.571,5997.069602307693,7.105361809929208,7.2220825081514635,5.567662581938355,1064.0,1030.0,983.0
3335,Punta Arenas,Chile,31,112210.0348,23.91,5.644,247.353,8.138,1121.731,11.62812770479165,3.4339872044851463,0.01825067,5.938531277,0.016534887607877295,0.004117269443276209,83.6023017159498,61028589.04,0.864,3619.6785419354837,7.149749666666952,7.48393667598732,6.587133371616633,1065.0,1041.0,1077.0
5068,Uribia,Colombia,6,127753.3099,22.92,27.727,91.199,9.088,1526.853,11.757856416927964,1.791759469228055,0.0146516,4.65627234,0.0007191594578169126,0.0007225197723429004,61.4376692737354,85996050.29,0.685,21292.218316666665,7.161360895399123,7.195235741939212,6.663895663839042,1066.0,1026.0,1078.0
6546,Ciudad Acuña,México,39,117261.6469,291.73,22.052,699.191,21.18,511.131,11.67216301527716,3.6635616461296463,0.017859733,6.651961411,0.0031687132197782564,0.0010047582959113292,36.8506465927571,74463894.59,0.67678817,3006.708894871795,7.204263717231036,7.322529491476872,4.931946987327906,1067.0,1033.0,622.0
521,Grand Goâve,Haiti,20,68282.34523,18.34,26.289,97.096,4.26,907.496,11.131406523565156,2.995732273553991,0.003346353,2.861710323,0.003304745702434626,0.004697280304530029,70.7784538823643,8693937.333,0.571,3414.1172615000005,7.30326099744443,7.6001476123784295,5.409923445547827,1068.0,1045.0,908.0
1472,Gros Morne,Haiti,6,78080.67837,216.23,27.385,115.378,3.34,410.264,11.265497909189602,1.791759469228055,0.007252377,4.393748135,0.00047250424659700616,0.001014096986655061,56.1289222812277,17524210.0,0.506,13013.446394999999,7.335185529988883,7.425831234584641,6.318566871505045,1069.0,1038.0,1070.0
6380,Papantla de Olarte,México,12,54600.52426,204.51,22.678,313.757,12.057,2369.333,10.9077987635184,2.4849066497880004,0.016879987,14.74546283,0.003911666541734411,0.0009095135372789917,68.254615917333,31777612.8,0.72,4550.043688333333,7.354836192991278,7.4816634505428405,5.112065481332557,1070.0,1040.0,742.0
4912,Rio Grande,Argentina,20,66334.58115,7.12,6.621,281.364,8.722,468.374,11.102466626168122,2.995732273553991,0.014222336,5.477899565,0.004493689219729098,0.0019225381423547286,38.9668528436018,78804480.0,0.841,3316.7290574999997,7.369661994518316,7.666572968362062,6.794290089654288,1071.0,1049.0,1080.0
2736,El Alamito,México,49,277554.5201,1287.5,19.608,647.147,23.545,357.067,12.533772661699983,3.8918202981106265,0.016202265,13.05386205,0.008165645319263528,0.0015827608663109645,20.803973747362,126855680.0,0.779,5664.377961224491,7.400488680395383,7.734390655829321,3.77409663206475,1072.0,1052.0,110.0
6332,Sabinas,México,15,54689.8874,342.2,23.181,645.302,20.627,549.366,10.909434097461391,2.70805020110221,0.016683933,5.600337239,0.0024140234562450387,0.0007170523956865927,57.8720022550246,47739243.79,0.675,3645.992493333333,7.521333537873368,7.600747308575909,5.327028132124829,1073.0,1046.0,869.0
4944,Ushuaia,Argentina,21,70173.02332,36.6,4.378,277.192,9.202,1653.996,11.158719232967313,3.044522437723423,0.013598194,5.67145844,0.020371199095088388,0.002770266723061292,66.7365901640801,72693430.86,0.841,3341.5725390476186,7.5751130230994494,7.832199105711233,6.9444814453643895,1074.0,1055.0,1082.0
4810,Recetor,Colombia,20,134721.4378,1117.01,21.577,91.183,10.664,1356.68,11.810964501925142,2.995732273553991,0.000653913,2.5,0.0008330606297908735,0.00044897646008495903,65.981095608687,48971840.0,0.739,6736.071890000001,7.5852030405395645,7.716059260344625,4.147026569937959,1075.0,1050.0,202.0
1462,San Luis Río Colorado,México,55,202387.6974,43.37,25.016,710.835,24.325,77.944,12.217940430951211,4.007333185232471,0.021619264,6.039969268,0.012971699113797022,0.0010818963880953765,62.3784603697954,79967564.11,0.779871596,3679.7763163636364,7.613918175208704,7.823827660088085,4.980534351210171,1076.0,1054.0,648.0
517,Las Guásimas,Cuba,10,56583.78616,85.5,25.363,221.518,7.615,840.72,10.943477759548498,2.302585092994046,0.004119109,2.5,0.051299069120333315,0.0189355880925908,17.5302930690814,107813464.6,0.831,5658.378616,7.634541330838141,8.593280098522445,5.568381302851544,1077.0,1066.0,984.0
1666,Dessalines,Haiti,3,51214.71705,24.12,26.691,101.197,3.287,359.151,10.843782212106765,1.0986122886681098,0.009704694,5.299660423,0.0011473606008529146,0.002557025097534928,51.3119601370367,23180588.0,0.506,17071.57235,7.637402285728601,7.731962677168572,7.1671271395849,1078.0,1051.0,1083.0
2097,Melipilla,Chile,9,61858.57312,170.93,14.285,405.287,18.448,407.155,11.032605979694337,2.1972245773362196,0.022436594,13.86006968,0.0042954989942871795,0.0018770651312753558,67.7059481187541,118979658.7,0.883,6873.1747911111115,7.6393634157304735,7.924568531853485,6.129860401199537,1079.0,1060.0,1064.0
1932,Limbé,Haiti,6,76756.9309,38.57,26.848,110.187,5.278,521.737,11.248398966258197,1.791759469228055,0.004953418,3.449635651,0.0016414071565229687,0.0039817599105177355,53.2177540619859,24167508.0,0.556,12792.821816666668,7.776769252331248,7.865192234958499,6.368508750744677,1080.0,1059.0,1075.0
6268,El Puente,México,16,223765.2326,398.55,21.984,522.933,18.273,622.412,12.318352712479072,2.772588722239781,0.013470853,4.75764974,0.0017253622478436805,0.0007062279222996639,54.1262245388881,341585382.4,0.784,13985.3270375,7.850298208534162,11.053778949979968,5.5246455793897375,1081.0,1081.0,964.0
659,Managua,Cuba,8,115963.9621,113.48,25.363,221.518,7.615,840.72,11.661034750268374,2.0794415416798357,0.006136041,3.485949081,0.005032968137659036,0.0014161272744577945,40.671745099013,258622720.0,0.831,14495.4952625,7.872544679327784,9.94800426637905,6.126527641658965,1082.0,1077.0,1063.0
2866,Manizales,Colombia,55,432609.6327,2077.22,19.964,34.016,8.931,14302.601,12.977591059243482,4.007333185232471,0.015338845,10.49574808,0.005743355405763714,0.001262951521370504,88.2404072258517,100581234.2,0.768,7865.629685454545,8.506362366583598,8.562663960008255,7.987745539615698,1083.0,1064.0,1084.0
4010,Pinillos,Colombia,6,124421.7233,20.07,28.54,71.981,9.056,3412.287,11.731432068640187,1.791759469228055,0.001815829,2.888495382,0.00017378223528431068,0.00039619356244682396,0.454809147702096,59580544.0,0.745,20736.95388333333,8.521551924187328,8.773685023525998,6.363582338969972,1084.0,1068.0,1073.0
2611,Santa Rosa de Cabal,Colombia,9,54957.92248,1684.66,19.964,34.016,8.931,14302.601,10.914323125599529,2.1972245773362196,0.013858761,6.847593104,0.02580920208983835,0.00724776235533567,84.5014953308124,38481448.73,0.751,6106.435831111111,9.378304697739855,9.484864474169715,8.80863477230132,1085.0,1074.0,1085.0
4135,Tiquisio,Colombia,3,215998.371,33.03,28.086,71.577,10.148,2938.516,12.283026144971197,1.0986122886681098,0.00508951,3.96638403,0.00018687210272525618,0.0004406480047481469,1.43871477096213,343041216.0,0.745,71999.45700000001,10.236479126827637,12.434367673972483,8.811229731197153,1086.0,1083.0,1086.0
2012,Tuluá,Colombia,20,245274.8203,974.84,18.545,31.984,8.965,19031.249,12.410134576384294,2.995732273553991,0.018600299,6.250235635,0.0029930677650362955,0.001577290874802447,60.1241336033969,93469521.45,0.78,12263.741015,12.796036217369409,12.84475089553182,11.947405702181866,1087.0,1086.0,1087.0
660,Buenaventura,Colombia,38,430956.3827,13.63,25.657,36.93,3.083,23005.423,12.973762163732777,3.6375861597263857,0.011029635,8.685074572,0.00504983548176603,0.0015423070597487636,77.3768319691421,97561795.05,0.78,11340.957439473685,15.700768537743453,15.701850793302143,14.954504842151776,1088.0,1088.0,1088.0
