time,estimate,ci_lower,ci_upper,p_val,pollutant,model,method,week_label,week_date
1,0.0796885907181446,NA,NA,NA,pm25,M4: AugSynth Centro+Belisario,AugSynth,2022w48,2022-11-28
2,0.06167378489918596,NA,NA,NA,pm25,M4: AugSynth Centro+Belisario,AugSynth,2022w49,2022-12-05
3,0.09498317524786692,NA,NA,NA,pm25,M4: AugSynth Centro+Belisario,AugSynth,2022w50,2022-12-12
4,0.32551687758235204,NA,NA,NA,pm25,M4: AugSynth Centro+Belisario,AugSynth,2022w51,2022-12-19
5,0.16646145211306873,NA,NA,NA,pm25,M4: AugSynth Centro+Belisario,AugSynth,2022w52,2022-12-26
6,0.01108632124722142,NA,NA,NA,pm25,M4: AugSynth Centro+Belisario,AugSynth,2023w01,2023-01-02
7,0.33731811163803105,NA,NA,NA,pm25,M4: AugSynth Centro+Belisario,AugSynth,2023w02,2023-01-09
8,0.11680769810827529,NA,NA,NA,pm25,M4: AugSynth Centro+Belisario,AugSynth,2023w03,2023-01-16
9,0.1714086302468001,NA,NA,NA,pm25,M4: AugSynth Centro+Belisario,AugSynth,2023w04,2023-01-23
10,0.21369140276662346,NA,NA,NA,pm25,M4: AugSynth Centro+Belisario,AugSynth,2023w05,2023-01-30
11,0.15320230919261713,NA,NA,NA,pm25,M4: AugSynth Centro+Belisario,AugSynth,2023w06,2023-02-06
12,0.23015578910204626,NA,NA,NA,pm25,M4: AugSynth Centro+Belisario,AugSynth,2023w07,2023-02-13
13,0.009020380013806673,NA,NA,NA,pm25,M4: AugSynth Centro+Belisario,AugSynth,2023w08,2023-02-20
14,0.16376335091139982,NA,NA,NA,pm25,M4: AugSynth Centro+Belisario,AugSynth,2023w09,2023-02-27
15,0.20173548912344907,NA,NA,NA,pm25,M4: AugSynth Centro+Belisario,AugSynth,2023w10,2023-03-06
16,-0.04415994495171427,NA,NA,NA,pm25,M4: AugSynth Centro+Belisario,AugSynth,2023w11,2023-03-13
17,0.03126118673692968,NA,NA,NA,pm25,M4: AugSynth Centro+Belisario,AugSynth,2023w12,2023-03-20
18,0.1822278252126699,NA,NA,NA,pm25,M4: AugSynth Centro+Belisario,AugSynth,2023w13,2023-03-27
19,0.3260132946904757,NA,NA,NA,pm25,M4: AugSynth Centro+Belisario,AugSynth,2023w14,2023-04-03
20,-0.0372102448529974,NA,NA,NA,pm25,M4: AugSynth Centro+Belisario,AugSynth,2023w15,2023-04-10
21,-0.03188516693517984,NA,NA,NA,pm25,M4: AugSynth Centro+Belisario,AugSynth,2023w16,2023-04-17
22,0.1533422676439744,NA,NA,NA,pm25,M4: AugSynth Centro+Belisario,AugSynth,2023w17,2023-04-24
23,-0.4182471603895883,NA,NA,NA,pm25,M4: AugSynth Centro+Belisario,AugSynth,2023w18,2023-05-01
24,-8.093117786094339e-4,NA,NA,NA,pm25,M4: AugSynth Centro+Belisario,AugSynth,2023w19,2023-05-08
25,0.2035439405128896,NA,NA,NA,pm25,M4: AugSynth Centro+Belisario,AugSynth,2023w20,2023-05-15
26,0.060891883372967914,NA,NA,NA,pm25,M4: AugSynth Centro+Belisario,AugSynth,2023w21,2023-05-22
27,0.03971057008177237,NA,NA,NA,pm25,M4: AugSynth Centro+Belisario,AugSynth,2023w22,2023-05-29
28,0.20470853171695635,NA,NA,NA,pm25,M4: AugSynth Centro+Belisario,AugSynth,2023w23,2023-06-05
29,-0.015085506673489846,NA,NA,NA,pm25,M4: AugSynth Centro+Belisario,AugSynth,2023w24,2023-06-12
30,-0.1908025068931396,NA,NA,NA,pm25,M4: AugSynth Centro+Belisario,AugSynth,2023w25,2023-06-19
31,-0.14692332648957507,NA,NA,NA,pm25,M4: AugSynth Centro+Belisario,AugSynth,2023w26,2023-06-26
32,0.20808998475825113,NA,NA,NA,pm25,M4: AugSynth Centro+Belisario,AugSynth,2023w27,2023-07-03
33,-0.02421116061702211,NA,NA,NA,pm25,M4: AugSynth Centro+Belisario,AugSynth,2023w28,2023-07-10
34,-0.2902035526393951,NA,NA,NA,pm25,M4: AugSynth Centro+Belisario,AugSynth,2023w29,2023-07-17
35,-0.03536455058582311,NA,NA,NA,pm25,M4: AugSynth Centro+Belisario,AugSynth,2023w30,2023-07-24
36,-0.1527467838260792,NA,NA,NA,pm25,M4: AugSynth Centro+Belisario,AugSynth,2023w31,2023-07-31
37,-0.3874418629456806,NA,NA,NA,pm25,M4: AugSynth Centro+Belisario,AugSynth,2023w32,2023-08-07
38,0.35804569132000186,NA,NA,NA,pm25,M4: AugSynth Centro+Belisario,AugSynth,2023w33,2023-08-14
39,0.18569865940978625,NA,NA,NA,pm25,M4: AugSynth Centro+Belisario,AugSynth,2023w34,2023-08-21
40,-0.20506583965093927,NA,NA,NA,pm25,M4: AugSynth Centro+Belisario,AugSynth,2023w35,2023-08-28
41,-0.07370560789081848,NA,NA,NA,pm25,M4: AugSynth Centro+Belisario,AugSynth,2023w36,2023-09-04
42,-0.0489393690378912,NA,NA,NA,pm25,M4: AugSynth Centro+Belisario,AugSynth,2023w37,2023-09-11
43,-0.06972156802753116,NA,NA,NA,pm25,M4: AugSynth Centro+Belisario,AugSynth,2023w38,2023-09-18
44,0.29337195653222903,NA,NA,NA,pm25,M4: AugSynth Centro+Belisario,AugSynth,2023w39,2023-09-25
45,0.23425098469844796,NA,NA,NA,pm25,M4: AugSynth Centro+Belisario,AugSynth,2023w40,2023-10-02
46,-0.08141688536461311,NA,NA,NA,pm25,M4: AugSynth Centro+Belisario,AugSynth,2023w41,2023-10-09
47,-0.007504155568460735,NA,NA,NA,pm25,M4: AugSynth Centro+Belisario,AugSynth,2023w42,2023-10-16
48,0.007699867209133071,NA,NA,NA,pm25,M4: AugSynth Centro+Belisario,AugSynth,2023w43,2023-10-23
49,-0.04614246366413477,NA,NA,NA,pm25,M4: AugSynth Centro+Belisario,AugSynth,2023w44,2023-10-30
50,0.17059221959110094,NA,NA,NA,pm25,M4: AugSynth Centro+Belisario,AugSynth,2023w45,2023-11-06
51,0.41052701271943803,NA,NA,NA,pm25,M4: AugSynth Centro+Belisario,AugSynth,2023w46,2023-11-13
52,0.4141317747621689,NA,NA,NA,pm25,M4: AugSynth Centro+Belisario,AugSynth,2023w47,2023-11-20
53,-0.10431244450768462,-0.6486991672079535,0.3997493357703421,0.583,pm25,M4: AugSynth Centro+Belisario,AugSynth,2023w48,2023-11-27
54,-0.04414537148130915,-0.5078822093370937,0.4599164087967176,0.754,pm25,M4: AugSynth Centro+Belisario,AugSynth,2023w49,2023-12-04
55,0.0024378870387851137,-0.5016238932392416,0.5064996673168118,0.947,pm25,M4: AugSynth Centro+Belisario,AugSynth,2023w50,2023-12-11
56,0.0777314794990458,-0.3456804159344967,0.5414683173548305,0.672,pm25,M4: AugSynth Centro+Belisario,AugSynth,2023w51,2023-12-18
57,-0.1378957913765242,-1.0452069958769723,0.6484405858571975,0.561,pm25,M4: AugSynth Centro+Belisario,AugSynth,2023w52,2023-12-25
58,0.02449785596393772,-0.3989140394696048,0.4479097513974801,0.889,pm25,M4: AugSynth Centro+Belisario,AugSynth,2024w01,2024-01-01
59,-0.3625704401154235,-0.9472821052379345,0.18181628258484528,0.185,pm25,M4: AugSynth Centro+Belisario,AugSynth,2024w02,2024-01-08
60,-0.22245344856669957,-0.8071651136892106,0.28160833171132715,0.401,pm25,M4: AugSynth Centro+Belisario,AugSynth,2024w03,2024-01-15
61,-0.10236945373908446,-0.4854564067503848,0.32104244169445795,0.603,pm25,M4: AugSynth Centro+Belisario,AugSynth,2024w04,2024-01-22
62,-0.06771759146595979,-0.5314544293217444,0.3960192463898249,0.682,pm25,M4: AugSynth Centro+Belisario,AugSynth,2024w05,2024-01-29
63,0.12441176855877245,-0.29900012687477007,0.5881486064145571,0.585,pm25,M4: AugSynth Centro+Belisario,AugSynth,2024w06,2024-02-05
64,-0.2777557113078428,-0.7011676067413853,0.18598112654794186,0.223,pm25,M4: AugSynth Centro+Belisario,AugSynth,2024w07,2024-02-12
65,-0.08065570061471705,-0.5443925384705016,0.3830811372410676,0.624,pm25,M4: AugSynth Centro+Belisario,AugSynth,2024w08,2024-02-19
66,0.09471202309486682,-0.36902481476091775,0.5584488609506515,0.653,pm25,M4: AugSynth Centro+Belisario,AugSynth,2024w09,2024-02-26
67,-0.09337092377267808,-0.55710776162846265,0.3703659140831066,0.631,pm25,M4: AugSynth Centro+Belisario,AugSynth,2024w10,2024-03-04
68,0.11213763373451391,-0.27094931927678645,0.5355495291680563,0.598,pm25,M4: AugSynth Centro+Belisario,AugSynth,2024w11,2024-03-11
69,-0.054455706510410096,-0.43754265952171045,0.3689561889231323,0.715,pm25,M4: AugSynth Centro+Belisario,AugSynth,2024w12,2024-03-18
70,0.4004737657796218,-0.18423789934288926,0.9448604884798906,0.155,pm25,M4: AugSynth Centro+Belisario,AugSynth,2024w13,2024-03-25
71,0.20933566033662165,-0.2544011775191629,0.6730724981924063,0.414,pm25,M4: AugSynth Centro+Belisario,AugSynth,2024w14,2024-04-01
72,-0.122227473159493,-0.5053144261707934,0.3011844222740494,0.568,pm25,M4: AugSynth Centro+Belisario,AugSynth,2024w15,2024-04-08
73,0.17615039927451015,-0.24726149615903237,0.5995622947080526,0.449,pm25,M4: AugSynth Centro+Belisario,AugSynth,2024w16,2024-04-15
74,0.01676622451349985,-0.4469706133422847,0.48050306236928453,0.98,pm25,M4: AugSynth Centro+Belisario,AugSynth,2024w17,2024-04-22
75,0.04291278535834797,-0.38049911007519455,0.4663246807918904,0.851,pm25,M4: AugSynth Centro+Belisario,AugSynth,2024w18,2024-04-29
76,0.08288186277659992,-0.3405300326569426,0.5062937582101423,0.631,pm25,M4: AugSynth Centro+Belisario,AugSynth,2024w19,2024-05-06
77,0.008744157181435064,-0.41466773825210745,0.43215605261497747,0.983,pm25,M4: AugSynth Centro+Belisario,AugSynth,2024w20,2024-05-13
78,-0.06104272049334192,-0.48445461592688444,0.3623691749402005,0.74,pm25,M4: AugSynth Centro+Belisario,AugSynth,2024w21,2024-05-20
79,0.19183804279460626,-0.1912489102166941,0.6152499382281487,0.35,pm25,M4: AugSynth Centro+Belisario,AugSynth,2024w22,2024-05-27
80,0.021225142380300266,-0.40218675305324225,0.48496198023608494,0.899,pm25,M4: AugSynth Centro+Belisario,AugSynth,2024w23,2024-06-03
81,0.015910123592281167,-0.40750177184126135,0.4393220190258236,0.9,pm25,M4: AugSynth Centro+Belisario,AugSynth,2024w24,2024-06-10
82,0.10629142870040509,-0.27679552431089527,0.48937838171170545,0.591,pm25,M4: AugSynth Centro+Belisario,AugSynth,2024w25,2024-06-17
83,-0.11184973784895247,-0.4949366908602528,0.31156215758458994,0.608,pm25,M4: AugSynth Centro+Belisario,AugSynth,2024w26,2024-06-24
84,-0.11552402731591149,-0.538935922749454,0.3078878681176309,0.601,pm25,M4: AugSynth Centro+Belisario,AugSynth,2024w27,2024-07-01
85,-0.043030770941093976,-0.4664426663746365,0.38038112449244843,0.793,pm25,M4: AugSynth Centro+Belisario,AugSynth,2024w28,2024-07-08
86,-0.6320363931745443,-1.055448288608087,-0.16829955531875962,0.02,pm25,M4: AugSynth Centro+Belisario,AugSynth,2024w29,2024-07-15
87,-0.24545555238869898,-0.6285425053999993,0.17795634304484342,0.209,pm25,M4: AugSynth Centro+Belisario,AugSynth,2024w30,2024-07-22
88,-0.16016261264045317,-0.6238994504962377,0.3035742252153315,0.544,pm25,M4: AugSynth Centro+Belisario,AugSynth,2024w31,2024-07-29
89,-5.601255507863279e-4,-0.3836470785620867,0.38252682746051403,1,pm25,M4: AugSynth Centro+Belisario,AugSynth,2024w32,2024-08-05
90,-0.37596699047326965,-0.7993788859068122,0.04744490496027276,0.11,pm25,M4: AugSynth Centro+Belisario,AugSynth,2024w33,2024-08-12
91,-0.35400255309337103,-0.7774144485269135,0.06940934234017138,0.161,pm25,M4: AugSynth Centro+Belisario,AugSynth,2024w34,2024-08-19
92,-0.26964545559351905,-0.7333822934493036,0.15376643984002336,0.217,pm25,M4: AugSynth Centro+Belisario,AugSynth,2024w35,2024-08-26
93,-0.2122440042528524,-0.5953309572641527,0.21116789118069001,0.273,pm25,M4: AugSynth Centro+Belisario,AugSynth,2024w36,2024-09-02
94,-0.15553531159884404,-0.5789472070323866,0.26787658383469837,0.589,pm25,M4: AugSynth Centro+Belisario,AugSynth,2024w37,2024-09-09
95,-0.41070109785326725,-0.8341129932868098,0.012710797580275157,0.097,pm25,M4: AugSynth Centro+Belisario,AugSynth,2024w38,2024-09-16
96,-0.2697540515653132,-0.6528410045766135,0.15365784386822923,0.217,pm25,M4: AugSynth Centro+Belisario,AugSynth,2024w39,2024-09-23
97,3.1148316359506136,0,4.102792725295546,0.217,pm25,M4: AugSynth Centro+Belisario,AugSynth,2024w40,2024-09-30
98,0.1396483351886566,-0.4047383875116123,0.6840350578889254,0.577,pm25,M4: AugSynth Centro+Belisario,AugSynth,2024w41,2024-10-07
99,1.05587195684268,0,2.043833046187612,0.097,pm25,M4: AugSynth Centro+Belisario,AugSynth,2024w42,2024-10-14
100,1.1126194172364414,0.12465832789150899,2.100580506581374,0.044,pm25,M4: AugSynth Centro+Belisario,AugSynth,2024w43,2024-10-21
101,0.7543174521204277,-0.0723438675355362,1.74227854146536,0.082,pm25,M4: AugSynth Centro+Belisario,AugSynth,2024w44,2024-10-28
102,0.335264806206629,-0.12847203164915555,0.7586767016401714,0.174,pm25,M4: AugSynth Centro+Belisario,AugSynth,2024w45,2024-11-04
103,0.03241239440139321,-0.4716493858766335,0.576799117101662,0.92,pm25,M4: AugSynth Centro+Belisario,AugSynth,2024w46,2024-11-11
104,0.2065565465024788,-0.21685534893106373,0.6702933843582635,0.364,pm25,M4: AugSynth Centro+Belisario,AugSynth,2024w47,2024-11-18
105,0.3547148760084142,-0.18967184669185466,0.899101598708683,0.216,pm25,M4: AugSynth Centro+Belisario,AugSynth,2024w48,2024-11-25
106,0.16666372368614635,-0.216423229325154,0.5900756191196888,0.467,pm25,M4: AugSynth Centro+Belisario,AugSynth,2024w49,2024-12-02
107,0.1228273850539563,-0.34090945280182827,0.586564222909741,0.572,pm25,M4: AugSynth Centro+Belisario,AugSynth,2024w50,2024-12-09
108,0.2866314642833707,-0.17710537357241385,0.7503683021391554,0.189,pm25,M4: AugSynth Centro+Belisario,AugSynth,2024w51,2024-12-16
109,0.16068234151372707,-0.26272955391981545,0.5437692945250274,0.556,pm25,M4: AugSynth Centro+Belisario,AugSynth,2024w52,2024-12-23
110,-0.04359886819634706,-0.6686354757411002,0.5007878545039217,0.713,pm25,M4: AugSynth Centro+Belisario,AugSynth,2025w01,2024-12-30
111,0.7639579633977269,-0.10302829868047908,1.7519190527426594,0.076,pm25,M4: AugSynth Centro+Belisario,AugSynth,2025w02,2025-01-06
112,0.05821898489978494,-0.4055178529559996,0.5219558227555696,0.71,pm25,M4: AugSynth Centro+Belisario,AugSynth,2025w10,2025-03-03
113,0.27335757766189195,-0.15005431777165057,0.6967694730954344,0.223,pm25,M4: AugSynth Centro+Belisario,AugSynth,2025w11,2025-03-10
114,0.025769344785443682,-0.4379674930703409,0.48950618264122836,0.895,pm25,M4: AugSynth Centro+Belisario,AugSynth,2025w12,2025-03-17
115,-0.11061363105994859,-0.5743504689157332,0.3531232067958361,0.585,pm25,M4: AugSynth Centro+Belisario,AugSynth,2025w13,2025-03-24
116,-0.15006580704518147,-0.6541275873232082,0.35399597323284526,0.596,pm25,M4: AugSynth Centro+Belisario,AugSynth,2025w14,2025-03-31
1,0.0065273241831045326,NA,NA,NA,pm25,M5: AugSynth Centro (Bel. dropped),AugSynth,2022w48,2022-11-28
2,0.13452584466563255,NA,NA,NA,pm25,M5: AugSynth Centro (Bel. dropped),AugSynth,2022w49,2022-12-05
3,0.04112095021349038,NA,NA,NA,pm25,M5: AugSynth Centro (Bel. dropped),AugSynth,2022w50,2022-12-12
4,0.33157713176112047,NA,NA,NA,pm25,M5: AugSynth Centro (Bel. dropped),AugSynth,2022w51,2022-12-19
5,0.1844342124427003,NA,NA,NA,pm25,M5: AugSynth Centro (Bel. dropped),AugSynth,2022w52,2022-12-26
6,0.02457437311739774,NA,NA,NA,pm25,M5: AugSynth Centro (Bel. dropped),AugSynth,2023w01,2023-01-02
7,0.329451921264742,NA,NA,NA,pm25,M5: AugSynth Centro (Bel. dropped),AugSynth,2023w02,2023-01-09
8,0.11027315830853812,NA,NA,NA,pm25,M5: AugSynth Centro (Bel. dropped),AugSynth,2023w03,2023-01-16
9,0.2562782479065504,NA,NA,NA,pm25,M5: AugSynth Centro (Bel. dropped),AugSynth,2023w04,2023-01-23
10,0.263872082838152,NA,NA,NA,pm25,M5: AugSynth Centro (Bel. dropped),AugSynth,2023w05,2023-01-30
11,0.13740009764488947,NA,NA,NA,pm25,M5: AugSynth Centro (Bel. dropped),AugSynth,2023w06,2023-02-06
12,0.14137116025143337,NA,NA,NA,pm25,M5: AugSynth Centro (Bel. dropped),AugSynth,2023w07,2023-02-13
13,0.013042763163721549,NA,NA,NA,pm25,M5: AugSynth Centro (Bel. dropped),AugSynth,2023w08,2023-02-20
14,0.07653071576253812,NA,NA,NA,pm25,M5: AugSynth Centro (Bel. dropped),AugSynth,2023w09,2023-02-27
15,0.16397136539254298,NA,NA,NA,pm25,M5: AugSynth Centro (Bel. dropped),AugSynth,2023w10,2023-03-06
16,-0.11781452655027591,NA,NA,NA,pm25,M5: AugSynth Centro (Bel. dropped),AugSynth,2023w11,2023-03-13
17,-0.08292194023724919,NA,NA,NA,pm25,M5: AugSynth Centro (Bel. dropped),AugSynth,2023w12,2023-03-20
18,0.17516950607740167,NA,NA,NA,pm25,M5: AugSynth Centro (Bel. dropped),AugSynth,2023w13,2023-03-27
19,0.3892299278588358,NA,NA,NA,pm25,M5: AugSynth Centro (Bel. dropped),AugSynth,2023w14,2023-04-03
20,0.07919500818818337,NA,NA,NA,pm25,M5: AugSynth Centro (Bel. dropped),AugSynth,2023w15,2023-04-10
21,-0.10269258178014562,NA,NA,NA,pm25,M5: AugSynth Centro (Bel. dropped),AugSynth,2023w16,2023-04-17
22,0.1766101880595392,NA,NA,NA,pm25,M5: AugSynth Centro (Bel. dropped),AugSynth,2023w17,2023-04-24
23,-0.4558172805533127,NA,NA,NA,pm25,M5: AugSynth Centro (Bel. dropped),AugSynth,2023w18,2023-05-01
24,0.03506054095769073,NA,NA,NA,pm25,M5: AugSynth Centro (Bel. dropped),AugSynth,2023w19,2023-05-08
25,0.12779899335800415,NA,NA,NA,pm25,M5: AugSynth Centro (Bel. dropped),AugSynth,2023w20,2023-05-15
26,0.039003485875977795,NA,NA,NA,pm25,M5: AugSynth Centro (Bel. dropped),AugSynth,2023w21,2023-05-22
27,0.07478884015195542,NA,NA,NA,pm25,M5: AugSynth Centro (Bel. dropped),AugSynth,2023w22,2023-05-29
28,0.27075507930408804,NA,NA,NA,pm25,M5: AugSynth Centro (Bel. dropped),AugSynth,2023w23,2023-06-05
29,-0.016997124010635467,NA,NA,NA,pm25,M5: AugSynth Centro (Bel. dropped),AugSynth,2023w24,2023-06-12
30,-0.1436896732038706,NA,NA,NA,pm25,M5: AugSynth Centro (Bel. dropped),AugSynth,2023w25,2023-06-19
31,-0.19126098631405108,NA,NA,NA,pm25,M5: AugSynth Centro (Bel. dropped),AugSynth,2023w26,2023-06-26
32,0.2101982472091657,NA,NA,NA,pm25,M5: AugSynth Centro (Bel. dropped),AugSynth,2023w27,2023-07-03
33,-0.04739162802167174,NA,NA,NA,pm25,M5: AugSynth Centro (Bel. dropped),AugSynth,2023w28,2023-07-10
34,-0.3721273915885872,NA,NA,NA,pm25,M5: AugSynth Centro (Bel. dropped),AugSynth,2023w29,2023-07-17
35,0.024422104005294987,NA,NA,NA,pm25,M5: AugSynth Centro (Bel. dropped),AugSynth,2023w30,2023-07-24
36,-0.17559411482894438,NA,NA,NA,pm25,M5: AugSynth Centro (Bel. dropped),AugSynth,2023w31,2023-07-31
37,-0.39919246236586625,NA,NA,NA,pm25,M5: AugSynth Centro (Bel. dropped),AugSynth,2023w32,2023-08-07
38,0.43339314963166187,NA,NA,NA,pm25,M5: AugSynth Centro (Bel. dropped),AugSynth,2023w33,2023-08-14
39,0.3192754995520968,NA,NA,NA,pm25,M5: AugSynth Centro (Bel. dropped),AugSynth,2023w34,2023-08-21
40,-0.2922180840125952,NA,NA,NA,pm25,M5: AugSynth Centro (Bel. dropped),AugSynth,2023w35,2023-08-28
41,-0.14234817224334417,NA,NA,NA,pm25,M5: AugSynth Centro (Bel. dropped),AugSynth,2023w36,2023-09-04
42,-0.07041093088925177,NA,NA,NA,pm25,M5: AugSynth Centro (Bel. dropped),AugSynth,2023w37,2023-09-11
43,-0.10376014278562629,NA,NA,NA,pm25,M5: AugSynth Centro (Bel. dropped),AugSynth,2023w38,2023-09-18
44,0.3729141297458187,NA,NA,NA,pm25,M5: AugSynth Centro (Bel. dropped),AugSynth,2023w39,2023-09-25
45,0.2507619328594588,NA,NA,NA,pm25,M5: AugSynth Centro (Bel. dropped),AugSynth,2023w40,2023-10-02
46,-2.5351758891956067e-4,NA,NA,NA,pm25,M5: AugSynth Centro (Bel. dropped),AugSynth,2023w41,2023-10-09
47,-0.026920101681830566,NA,NA,NA,pm25,M5: AugSynth Centro (Bel. dropped),AugSynth,2023w42,2023-10-16
48,0.1319333443914763,NA,NA,NA,pm25,M5: AugSynth Centro (Bel. dropped),AugSynth,2023w43,2023-10-23
49,0.13917239626565925,NA,NA,NA,pm25,M5: AugSynth Centro (Bel. dropped),AugSynth,2023w44,2023-10-30
50,0.1502641608491473,NA,NA,NA,pm25,M5: AugSynth Centro (Bel. dropped),AugSynth,2023w45,2023-11-06
51,0.49864544883397244,NA,NA,NA,pm25,M5: AugSynth Centro (Bel. dropped),AugSynth,2023w46,2023-11-13
52,0.3567790606861707,NA,NA,NA,pm25,M5: AugSynth Centro (Bel. dropped),AugSynth,2023w47,2023-11-20
53,-0.05372242018635465,-0.669184228267578,0.5244386722535823,0.784,pm25,M5: AugSynth Centro (Bel. dropped),AugSynth,2023w48,2023-11-27
54,-0.04241772173675873,-0.657879529817982,0.4611419394206058,0.779,pm25,M5: AugSynth Centro (Bel. dropped),AugSynth,2023w49,2023-12-04
55,-0.025500915648153377,-0.6409627237293767,0.4780587455092111,0.865,pm25,M5: AugSynth Centro (Bel. dropped),AugSynth,2023w50,2023-12-11
56,0.14274542913301191,-0.32351351638306636,0.6463050902903764,0.622,pm25,M5: AugSynth Centro (Bel. dropped),AugSynth,2023w51,2023-12-18
57,0.04849835072821618,-0.7907677512007247,0.8504637370158707,0.914,pm25,M5: AugSynth Centro (Bel. dropped),AugSynth,2023w52,2023-12-25
58,0.10385685476094553,-0.3251013751138465,0.5701158002770237,0.696,pm25,M5: AugSynth Centro (Bel. dropped),AugSynth,2024w01,2024-01-01
59,-0.19151185686582073,-0.806973664947044,0.4239499512154026,0.482,pm25,M5: AugSynth Centro (Bel. dropped),AugSynth,2024w02,2024-01-08
60,-0.0743005931402081,-0.6897624012214314,0.5038604992997289,0.781,pm25,M5: AugSynth Centro (Bel. dropped),AugSynth,2024w03,2024-01-15
61,-0.14982477330803068,-0.616083718824109,0.3164341722080475,0.516,pm25,M5: AugSynth Centro (Bel. dropped),AugSynth,2024w04,2024-01-22
62,-0.08735205397606194,-0.5536109994921402,0.41620760718130256,0.689,pm25,M5: AugSynth Centro (Bel. dropped),AugSynth,2024w05,2024-01-29
63,0.09536603562320467,-0.3708929098928736,0.5243242654979965,0.674,pm25,M5: AugSynth Centro (Bel. dropped),AugSynth,2024w06,2024-02-05
64,-0.3538121960288385,-0.857371857186203,0.11244674948723965,0.261,pm25,M5: AugSynth Centro (Bel. dropped),AugSynth,2024w07,2024-02-12
65,-0.14444890553585132,-0.6480085666932158,0.3591107556215132,0.578,pm25,M5: AugSynth Centro (Bel. dropped),AugSynth,2024w08,2024-02-19
66,0.1328994674451267,-0.33335947807095156,0.6364591286024912,0.636,pm25,M5: AugSynth Centro (Bel. dropped),AugSynth,2024w09,2024-02-26
67,-0.11123759037413139,-0.6147972515314959,0.4669235020658056,0.697,pm25,M5: AugSynth Centro (Bel. dropped),AugSynth,2024w10,2024-03-04
68,-0.019582042862047455,-0.4858409883781257,0.40937618701274436,0.914,pm25,M5: AugSynth Centro (Bel. dropped),AugSynth,2024w11,2024-03-11
69,-0.06934259858935254,-0.4983008284641446,0.3596156312854393,0.793,pm25,M5: AugSynth Centro (Bel. dropped),AugSynth,2024w12,2024-03-18
70,0.4897166817363825,-0.1257451263448408,1.1051784898176058,0.088,pm25,M5: AugSynth Centro (Bel. dropped),AugSynth,2024w13,2024-03-25
71,0.31383450483643616,-0.18972515632092835,0.8173941659938007,0.272,pm25,M5: AugSynth Centro (Bel. dropped),AugSynth,2024w14,2024-04-01
72,-0.1321688658531981,-0.5611270957279901,0.2967893640215937,0.635,pm25,M5: AugSynth Centro (Bel. dropped),AugSynth,2024w15,2024-04-08
73,0.015292206136764186,-0.41366602373802785,0.48155115165284235,0.943,pm25,M5: AugSynth Centro (Bel. dropped),AugSynth,2024w16,2024-04-15
74,-0.04300524137758455,-0.546564902534949,0.46055441977977996,0.792,pm25,M5: AugSynth Centro (Bel. dropped),AugSynth,2024w17,2024-04-22
75,-0.11355317706936718,-0.5798121225854455,0.31540505280542463,0.623,pm25,M5: AugSynth Centro (Bel. dropped),AugSynth,2024w18,2024-04-29
76,0.03549683452900032,-0.43076211098707795,0.46445506440379214,0.86,pm25,M5: AugSynth Centro (Bel. dropped),AugSynth,2024w19,2024-05-06
77,-0.10363512664709251,-0.607194787804457,0.36262381886898565,0.663,pm25,M5: AugSynth Centro (Bel. dropped),AugSynth,2024w20,2024-05-13
78,-0.011861515017050461,-0.47812046053312873,0.41709671485774136,0.957,pm25,M5: AugSynth Centro (Bel. dropped),AugSynth,2024w21,2024-05-20
79,0.12535007806348197,-0.3409088674525963,0.5543083079382738,0.647,pm25,M5: AugSynth Centro (Bel. dropped),AugSynth,2024w22,2024-05-27
80,-0.03577702782650105,-0.5393366889838656,0.4304819176895771,0.877,pm25,M5: AugSynth Centro (Bel. dropped),AugSynth,2024w23,2024-06-03
81,-0.11447484290424947,-0.618034504061614,0.3517841026118287,0.673,pm25,M5: AugSynth Centro (Bel. dropped),AugSynth,2024w24,2024-06-10
82,0.08889981790112778,-0.3773591276149505,0.5178580477759196,0.735,pm25,M5: AugSynth Centro (Bel. dropped),AugSynth,2024w25,2024-06-17
83,-0.30278733381152634,-0.7690462793276046,0.12617089606326548,0.227,pm25,M5: AugSynth Centro (Bel. dropped),AugSynth,2024w26,2024-06-24
84,-0.2273031769306173,-0.7681635537292681,0.23895576858546086,0.325,pm25,M5: AugSynth Centro (Bel. dropped),AugSynth,2024w27,2024-07-01
85,-0.20248170996649417,-0.6687406554825724,0.263777235549584,0.369,pm25,M5: AugSynth Centro (Bel. dropped),AugSynth,2024w28,2024-07-08
86,-0.9139862232119451,-1.3802451687280235,-0.44772727769586695,0.016,pm25,M5: AugSynth Centro (Bel. dropped),AugSynth,2024w29,2024-07-15
87,-0.37163931175688925,-0.8005975416316813,0.09461963375918891,0.162,pm25,M5: AugSynth Centro (Bel. dropped),AugSynth,2024w30,2024-07-22
88,-0.24510824046705748,-0.7859686172657083,0.29575213633159314,0.331,pm25,M5: AugSynth Centro (Bel. dropped),AugSynth,2024w31,2024-07-29
89,-0.12753424611148567,-0.5564924759862777,0.30142398376330615,0.637,pm25,M5: AugSynth Centro (Bel. dropped),AugSynth,2024w32,2024-08-05
90,-0.5626933052954097,-0.9916515351702018,-0.09643435977933157,0.023,pm25,M5: AugSynth Centro (Bel. dropped),AugSynth,2024w33,2024-08-12
91,-0.5990599836495267,-1.0653189291656049,-0.09550032249216223,0.04,pm25,M5: AugSynth Centro (Bel. dropped),AugSynth,2024w34,2024-08-19
92,-0.37025993889554343,-0.8365188844116217,0.13329972226182107,0.211,pm25,M5: AugSynth Centro (Bel. dropped),AugSynth,2024w35,2024-08-26
93,-0.41399078490904984,-0.8429490147838419,0.014967444965741983,0.068,pm25,M5: AugSynth Centro (Bel. dropped),AugSynth,2024w36,2024-09-02
94,-0.4806663454812474,-0.9469252909973257,-0.05170811560645561,0.03,pm25,M5: AugSynth Centro (Bel. dropped),AugSynth,2024w37,2024-09-09
95,-0.5463647940752625,-1.0126237395913407,-0.080105848559184345,0.038,pm25,M5: AugSynth Centro (Bel. dropped),AugSynth,2024w38,2024-09-16
96,-0.5555852680737927,-1.0218442135898709,-0.1266270381990009,0.019,pm25,M5: AugSynth Centro (Bel. dropped),AugSynth,2024w39,2024-09-23
97,2.732835345358942,0,3.6467028785704554,0.355,pm25,M5: AugSynth Centro (Bel. dropped),AugSynth,2024w40,2024-09-30
98,-0.04979402611922845,-0.6279551185591655,0.49106635067942217,0.807,pm25,M5: AugSynth Centro (Bel. dropped),AugSynth,2024w41,2024-10-07
99,0.6254615099790475,-0.2884060232324659,1.5393290431905609,0.307,pm25,M5: AugSynth Centro (Bel. dropped),AugSynth,2024w42,2024-10-14
100,0.8645201309896153,-0.04934740222189804,1.7783876642011287,0.172,pm25,M5: AugSynth Centro (Bel. dropped),AugSynth,2024w43,2024-10-21
101,0.46771713332297393,-0.44615039988853944,1.3815846665344873,0.292,pm25,M5: AugSynth Centro (Bel. dropped),AugSynth,2024w44,2024-10-28
102,0.29926690769867514,-0.20429275345868936,0.8401272844973258,0.262,pm25,M5: AugSynth Centro (Bel. dropped),AugSynth,2024w45,2024-11-04
103,0.15535156136875772,-0.4601102467124656,0.6962119381674083,0.649,pm25,M5: AugSynth Centro (Bel. dropped),AugSynth,2024w46,2024-11-11
104,-0.04589912670372387,-0.5494587878610884,0.4203598188123543,0.819,pm25,M5: AugSynth Centro (Bel. dropped),AugSynth,2024w47,2024-11-18
105,0.07211441677050123,-0.5806481069520083,0.6502755092104382,0.793,pm25,M5: AugSynth Centro (Bel. dropped),AugSynth,2024w48,2024-11-25
106,0.05310575193216094,-0.3758524779426311,0.5193646974482391,0.791,pm25,M5: AugSynth Centro (Bel. dropped),AugSynth,2024w49,2024-12-02
107,-0.026136189080156136,-0.566996565878807,0.440122756435922,0.858,pm25,M5: AugSynth Centro (Bel. dropped),AugSynth,2024w50,2024-12-09
108,0.2062609184345372,-0.2972987427228273,0.6725198639506154,0.361,pm25,M5: AugSynth Centro (Bel. dropped),AugSynth,2024w51,2024-12-16
109,0.12683592301736102,-0.302122306857431,0.5930948685334392,0.659,pm25,M5: AugSynth Centro (Bel. dropped),AugSynth,2024w52,2024-12-23
110,-0.04763382102012681,-0.7003963447426363,0.5678279870610965,0.829,pm25,M5: AugSynth Centro (Bel. dropped),AugSynth,2025w01,2024-12-30
111,0.5978863824862288,-0.2786804350839983,1.5117539156977422,0.193,pm25,M5: AugSynth Centro (Bel. dropped),AugSynth,2025w02,2025-01-06
112,-0.033337715722138395,-0.49959666123821667,0.4702219454352261,0.883,pm25,M5: AugSynth Centro (Bel. dropped),AugSynth,2025w10,2025-03-03
113,0.26906905120590796,-0.1971898943101703,0.7353279967219861,0.274,pm25,M5: AugSynth Centro (Bel. dropped),AugSynth,2025w11,2025-03-10
114,-0.0649330445296803,-0.5684927056870448,0.4386266166276842,0.825,pm25,M5: AugSynth Centro (Bel. dropped),AugSynth,2025w12,2025-03-17
115,-0.2507030722119783,-0.7542627333693428,0.2901573045866723,0.323,pm25,M5: AugSynth Centro (Bel. dropped),AugSynth,2025w13,2025-03-24
116,-0.26833682868290953,-0.8091972054815604,0.2725235481157411,0.304,pm25,M5: AugSynth Centro (Bel. dropped),AugSynth,2025w14,2025-03-31
1,-0.14454304815894625,NA,NA,NA,pm25,M5b: AugSynth Centro (Bel. in pool),AugSynth,2022w48,2022-11-28
2,0.14455723456419456,NA,NA,NA,pm25,M5b: AugSynth Centro (Bel. in pool),AugSynth,2022w49,2022-12-05
3,-0.07209037639933547,NA,NA,NA,pm25,M5b: AugSynth Centro (Bel. in pool),AugSynth,2022w50,2022-12-12
4,0.04456721691724663,NA,NA,NA,pm25,M5b: AugSynth Centro (Bel. in pool),AugSynth,2022w51,2022-12-19
5,0.05006043480967248,NA,NA,NA,pm25,M5b: AugSynth Centro (Bel. in pool),AugSynth,2022w52,2022-12-26
6,0.05422674152175233,NA,NA,NA,pm25,M5b: AugSynth Centro (Bel. in pool),AugSynth,2023w01,2023-01-02
7,0.010623716683580309,NA,NA,NA,pm25,M5b: AugSynth Centro (Bel. in pool),AugSynth,2023w02,2023-01-09
8,-0.004393853610299203,NA,NA,NA,pm25,M5b: AugSynth Centro (Bel. in pool),AugSynth,2023w03,2023-01-16
9,0.18320873697090478,NA,NA,NA,pm25,M5b: AugSynth Centro (Bel. in pool),AugSynth,2023w04,2023-01-23
10,0.11049884069806293,NA,NA,NA,pm25,M5b: AugSynth Centro (Bel. in pool),AugSynth,2023w05,2023-01-30
11,-0.009843568869092767,NA,NA,NA,pm25,M5b: AugSynth Centro (Bel. in pool),AugSynth,2023w06,2023-02-06
12,-0.12652048058575316,NA,NA,NA,pm25,M5b: AugSynth Centro (Bel. in pool),AugSynth,2023w07,2023-02-13
13,-0.009714615958844597,NA,NA,NA,pm25,M5b: AugSynth Centro (Bel. in pool),AugSynth,2023w08,2023-02-20
14,-0.12913131123371047,NA,NA,NA,pm25,M5b: AugSynth Centro (Bel. in pool),AugSynth,2023w09,2023-02-27
15,-0.037128356832525355,NA,NA,NA,pm25,M5b: AugSynth Centro (Bel. in pool),AugSynth,2023w10,2023-03-06
16,-0.1441058868649976,NA,NA,NA,pm25,M5b: AugSynth Centro (Bel. in pool),AugSynth,2023w11,2023-03-13
17,-0.1962403736162801,NA,NA,NA,pm25,M5b: AugSynth Centro (Bel. in pool),AugSynth,2023w12,2023-03-20
18,0.0048154027198572535,NA,NA,NA,pm25,M5b: AugSynth Centro (Bel. in pool),AugSynth,2023w13,2023-03-27
19,0.16087776327782954,NA,NA,NA,pm25,M5b: AugSynth Centro (Bel. in pool),AugSynth,2023w14,2023-04-03
20,0.24235490465580645,NA,NA,NA,pm25,M5b: AugSynth Centro (Bel. in pool),AugSynth,2023w15,2023-04-10
21,-0.1289881031054243,NA,NA,NA,pm25,M5b: AugSynth Centro (Bel. in pool),AugSynth,2023w16,2023-04-17
22,0.0875770824566775,NA,NA,NA,pm25,M5b: AugSynth Centro (Bel. in pool),AugSynth,2023w17,2023-04-24
23,-0.07691026374609944,NA,NA,NA,pm25,M5b: AugSynth Centro (Bel. in pool),AugSynth,2023w18,2023-05-01
24,0.06638551756777478,NA,NA,NA,pm25,M5b: AugSynth Centro (Bel. in pool),AugSynth,2023w19,2023-05-08
25,-0.1095690899916435,NA,NA,NA,pm25,M5b: AugSynth Centro (Bel. in pool),AugSynth,2023w20,2023-05-15
26,-0.02164273963126373,NA,NA,NA,pm25,M5b: AugSynth Centro (Bel. in pool),AugSynth,2023w21,2023-05-22
27,0.06979040785486168,NA,NA,NA,pm25,M5b: AugSynth Centro (Bel. in pool),AugSynth,2023w22,2023-05-29
28,0.1617474195013009,NA,NA,NA,pm25,M5b: AugSynth Centro (Bel. in pool),AugSynth,2023w23,2023-06-05
29,0.02183237158308815,NA,NA,NA,pm25,M5b: AugSynth Centro (Bel. in pool),AugSynth,2023w24,2023-06-12
30,0.07531017131690687,NA,NA,NA,pm25,M5b: AugSynth Centro (Bel. in pool),AugSynth,2023w25,2023-06-19
31,-0.08039421209371822,NA,NA,NA,pm25,M5b: AugSynth Centro (Bel. in pool),AugSynth,2023w26,2023-06-26
32,0.04373514373617837,NA,NA,NA,pm25,M5b: AugSynth Centro (Bel. in pool),AugSynth,2023w27,2023-07-03
33,-0.045533503860896385,NA,NA,NA,pm25,M5b: AugSynth Centro (Bel. in pool),AugSynth,2023w28,2023-07-10
34,-0.1894449281534274,NA,NA,NA,pm25,M5b: AugSynth Centro (Bel. in pool),AugSynth,2023w29,2023-07-17
35,0.1203781210919157,NA,NA,NA,pm25,M5b: AugSynth Centro (Bel. in pool),AugSynth,2023w30,2023-07-24
36,-0.0864319002439422,NA,NA,NA,pm25,M5b: AugSynth Centro (Bel. in pool),AugSynth,2023w31,2023-07-31
37,-0.09434851578744752,NA,NA,NA,pm25,M5b: AugSynth Centro (Bel. in pool),AugSynth,2023w32,2023-08-07
38,0.14864624931809267,NA,NA,NA,pm25,M5b: AugSynth Centro (Bel. in pool),AugSynth,2023w33,2023-08-14
39,0.255480194471974,NA,NA,NA,pm25,M5b: AugSynth Centro (Bel. in pool),AugSynth,2023w34,2023-08-21
40,-0.15757258225263415,NA,NA,NA,pm25,M5b: AugSynth Centro (Bel. in pool),AugSynth,2023w35,2023-08-28
41,-0.141959546796409,NA,NA,NA,pm25,M5b: AugSynth Centro (Bel. in pool),AugSynth,2023w36,2023-09-04
42,-0.03373923365843812,NA,NA,NA,pm25,M5b: AugSynth Centro (Bel. in pool),AugSynth,2023w37,2023-09-11
43,-0.07581551750531279,NA,NA,NA,pm25,M5b: AugSynth Centro (Bel. in pool),AugSynth,2023w38,2023-09-18
44,0.1962295151873783,NA,NA,NA,pm25,M5b: AugSynth Centro (Bel. in pool),AugSynth,2023w39,2023-09-25
45,0.08313422025070993,NA,NA,NA,pm25,M5b: AugSynth Centro (Bel. in pool),AugSynth,2023w40,2023-10-02
46,0.1454003292026158,NA,NA,NA,pm25,M5b: AugSynth Centro (Bel. in pool),AugSynth,2023w41,2023-10-09
47,-0.0166640653581398,NA,NA,NA,pm25,M5b: AugSynth Centro (Bel. in pool),AugSynth,2023w42,2023-10-16
48,0.2700330080126574,NA,NA,NA,pm25,M5b: AugSynth Centro (Bel. in pool),AugSynth,2023w43,2023-10-23
49,0.3580608467012536,NA,NA,NA,pm25,M5b: AugSynth Centro (Bel. in pool),AugSynth,2023w44,2023-10-30
50,0.005586040956844673,NA,NA,NA,pm25,M5b: AugSynth Centro (Bel. in pool),AugSynth,2023w45,2023-11-06
51,0.24531380773917366,NA,NA,NA,pm25,M5b: AugSynth Centro (Bel. in pool),AugSynth,2023w46,2023-11-13
52,-0.06544977110226569,NA,NA,NA,pm25,M5b: AugSynth Centro (Bel. in pool),AugSynth,2023w47,2023-11-20
53,0.16325559190070127,-0.10550969707939029,0.4320208808807928,0.232,pm25,M5b: AugSynth Centro (Bel. in pool),AugSynth,2023w48,2023-11-27
54,0.07620881369988419,-0.19255647528020736,0.34497410267997575,0.617,pm25,M5b: AugSynth Centro (Bel. in pool),AugSynth,2023w49,2023-12-04
55,0.016179551606930076,-0.3385906298467908,0.28494484058702163,0.897,pm25,M5b: AugSynth Centro (Bel. in pool),AugSynth,2023w50,2023-12-11
56,0.1374221289555626,-0.13134316002452895,0.42768864105406157,0.332,pm25,M5b: AugSynth Centro (Bel. in pool),AugSynth,2023w51,2023-12-18
57,0.30244401523194275,0.0336787262518512,0.5927105273304417,0.046,pm25,M5b: AugSynth Centro (Bel. in pool),AugSynth,2023w52,2023-12-25
58,0.14535058916218224,-0.12341469981790931,0.4141158781422738,0.347,pm25,M5b: AugSynth Centro (Bel. in pool),AugSynth,2024w01,2024-01-01
59,0.3073906237881343,0.038625334808042755,0.5761559127682259,0.031,pm25,M5b: AugSynth Centro (Bel. in pool),AugSynth,2024w02,2024-01-08
60,0.22064236202564524,-0.04812292695444631,0.4894076510057368,0.113,pm25,M5b: AugSynth Centro (Bel. in pool),AugSynth,2024w03,2024-01-15
61,-0.08251788497553347,-0.32978195083721773,0.18624740400455808,0.569,pm25,M5b: AugSynth Centro (Bel. in pool),AugSynth,2024w04,2024-01-22
62,-0.046532343911368734,-0.3152976328914603,0.20073172195031552,0.74,pm25,M5b: AugSynth Centro (Bel. in pool),AugSynth,2024w05,2024-01-29
63,-0.0026847229483508706,-0.2714500119284424,0.2660805660317407,1,pm25,M5b: AugSynth Centro (Bel. in pool),AugSynth,2024w06,2024-02-05
64,-0.136856817795608,-0.40562210677569954,0.13190847118448357,0.35,pm25,M5b: AugSynth Centro (Bel. in pool),AugSynth,2024w07,2024-02-12
65,-0.12816547987491322,-0.4184319919734121,0.14059980910517833,0.39,pm25,M5b: AugSynth Centro (Bel. in pool),AugSynth,2024w08,2024-02-19
66,0.07945957890068778,-0.18930571007940378,0.43422976035440863,0.566,pm25,M5b: AugSynth Centro (Bel. in pool),AugSynth,2024w09,2024-02-26
67,-0.02431208053565337,-0.2930773695157449,0.24445320844443819,0.819,pm25,M5b: AugSynth Centro (Bel. in pool),AugSynth,2024w10,2024-03-04
68,-0.20761457437100228,-0.45487864023268654,0.061150714609089274,0.135,pm25,M5b: AugSynth Centro (Bel. in pool),AugSynth,2024w11,2024-03-11
69,-0.028241945838600735,-0.2970072348186923,0.24052334314149082,0.834,pm25,M5b: AugSynth Centro (Bel. in pool),AugSynth,2024w12,2024-03-18
70,0.15652123981543165,-0.11224404916465991,0.4467877519139306,0.241,pm25,M5b: AugSynth Centro (Bel. in pool),AugSynth,2024w13,2024-03-25
71,0.19905705361496606,-0.06970823536512549,0.5753284581870942,0.15,pm25,M5b: AugSynth Centro (Bel. in pool),AugSynth,2024w14,2024-04-01
72,-0.008471645408303807,-0.25573571126998806,0.30329608980860245,0.945,pm25,M5b: AugSynth Centro (Bel. in pool),AugSynth,2024w15,2024-04-08
73,-0.29184568900773256,-0.6251146473430461,-0.023080400027641,0.042,pm25,M5b: AugSynth Centro (Bel. in pool),AugSynth,2024w16,2024-04-15
74,-0.0497965128446034,-0.31856180182469496,0.21896877613548815,0.748,pm25,M5b: AugSynth Centro (Bel. in pool),AugSynth,2024w17,2024-04-22
75,-0.24738910573254413,-0.4946531715942284,0.02137618324754742,0.104,pm25,M5b: AugSynth Centro (Bel. in pool),AugSynth,2024w18,2024-04-29
76,-0.057298597111475225,-0.3045626629731595,0.21146669186861633,0.7,pm25,M5b: AugSynth Centro (Bel. in pool),AugSynth,2024w19,2024-05-06
77,-0.16380767614192404,-0.4325729651220156,0.08345638971976022,0.222,pm25,M5b: AugSynth Centro (Bel. in pool),AugSynth,2024w20,2024-05-13
78,0.12091537415645748,-0.14784991482363408,0.36817944001814173,0.427,pm25,M5b: AugSynth Centro (Bel. in pool),AugSynth,2024w21,2024-05-20
79,-0.09166421513339706,-0.3604295041134886,0.1771010738466945,0.483,pm25,M5b: AugSynth Centro (Bel. in pool),AugSynth,2024w22,2024-05-27
80,-0.09700382480296055,-0.3657691137830521,0.1502602410587237,0.442,pm25,M5b: AugSynth Centro (Bel. in pool),AugSynth,2024w23,2024-06-03
81,-0.21771369646914618,-0.48647898544923773,0.051051592510945376,0.118,pm25,M5b: AugSynth Centro (Bel. in pool),AugSynth,2024w24,2024-06-10
82,0.0065908984256006775,-0.2621743905544909,0.27535618740569223,0.941,pm25,M5b: AugSynth Centro (Bel. in pool),AugSynth,2024w25,2024-06-17
83,-0.3519013645053879,-0.6206666534854794,-0.08313607552529634,0.036,pm25,M5b: AugSynth Centro (Bel. in pool),AugSynth,2024w26,2024-06-24
84,-0.1857769477643898,-0.45454223674448135,0.06148711809729446,0.193,pm25,M5b: AugSynth Centro (Bel. in pool),AugSynth,2024w27,2024-07-01
85,-0.3055436097172226,-0.5743088986973142,-0.036778320737131054,0.033,pm25,M5b: AugSynth Centro (Bel. in pool),AugSynth,2024w28,2024-07-08
86,-0.5827502353591283,-0.8515155243392198,-0.29248372326062944,0.021,pm25,M5b: AugSynth Centro (Bel. in pool),AugSynth,2024w29,2024-07-15
87,-0.26221689262532477,-0.5309821816054163,0.006548396354766783,0.072,pm25,M5b: AugSynth Centro (Bel. in pool),AugSynth,2024w30,2024-07-22
88,-0.20763547893187573,-0.45489954479356,0.06112981004821583,0.121,pm25,M5b: AugSynth Centro (Bel. in pool),AugSynth,2024w31,2024-07-29
89,-0.23898854366949296,-0.5077538326495845,0.029776745310598596,0.125,pm25,M5b: AugSynth Centro (Bel. in pool),AugSynth,2024w32,2024-08-05
90,-0.38686148394570985,-0.6556267729258014,-0.1180961949656183,0.017,pm25,M5b: AugSynth Centro (Bel. in pool),AugSynth,2024w33,2024-08-12
91,-0.4770278107886927,-0.7457930997687843,-0.20826252180860116,0.021,pm25,M5b: AugSynth Centro (Bel. in pool),AugSynth,2024w34,2024-08-19
92,-0.22936520861032506,-0.4981304975904166,0.0394000803697665,0.101,pm25,M5b: AugSynth Centro (Bel. in pool),AugSynth,2024w35,2024-08-26
93,-0.4022671573674108,-0.6495312232290951,-0.13350186838731926,0.028,pm25,M5b: AugSynth Centro (Bel. in pool),AugSynth,2024w36,2024-09-02
94,-0.6147781525537135,-0.8620422184153977,-0.34601286357362193,0.018,pm25,M5b: AugSynth Centro (Bel. in pool),AugSynth,2024w37,2024-09-09
95,-0.2965832272261917,-0.5868497393246905,0.058186954227529175,0.034,pm25,M5b: AugSynth Centro (Bel. in pool),AugSynth,2024w38,2024-09-16
96,-0.563625382508111,-0.8108894483697953,-0.29486009352801945,0.019,pm25,M5b: AugSynth Centro (Bel. in pool),AugSynth,2024w39,2024-09-23
97,-0.2550812755184917,-0.7818612419194712,0.27169869088248777,0.773,pm25,M5b: AugSynth Centro (Bel. in pool),AugSynth,2024w40,2024-09-30
98,-0.28268111559293185,-0.5514464045730234,0.00758539650556711,0.049,pm25,M5b: AugSynth Centro (Bel. in pool),AugSynth,2024w41,2024-10-07
99,-0.5936730008016378,-1.034448074728988,0,0.058,pm25,M5b: AugSynth Centro (Bel. in pool),AugSynth,2024w42,2024-10-14
100,-0.3084422448017361,-0.6202099800186422,0.13233282912561406,0.114,pm25,M5b: AugSynth Centro (Bel. in pool),AugSynth,2024w43,2024-10-21
101,-0.41069742966518064,-0.7009639417636795,-0.05592724821145978,0.046,pm25,M5b: AugSynth Centro (Bel. in pool),AugSynth,2024w44,2024-10-28
102,-0.021802822812906797,-0.29056811179299835,0.24696246616718476,0.862,pm25,M5b: AugSynth Centro (Bel. in pool),AugSynth,2024w45,2024-11-04
103,0.2985223376868813,0.051258271825197044,0.5672876266669729,0.021,pm25,M5b: AugSynth Centro (Bel. in pool),AugSynth,2024w46,2024-11-11
104,-0.4508205095036857,-0.7410870216021845,-0.16055399740518672,0.02,pm25,M5b: AugSynth Centro (Bel. in pool),AugSynth,2024w47,2024-11-18
105,-0.4404959726983497,-0.7307624847968486,-0.12872823748144346,0.02,pm25,M5b: AugSynth Centro (Bel. in pool),AugSynth,2024w48,2024-11-25
106,-0.20135962012192898,-0.47012490910202054,0.06740566885816257,0.107,pm25,M5b: AugSynth Centro (Bel. in pool),AugSynth,2024w49,2024-12-02
107,-0.21895336821305023,-0.5952247727851784,0.04981192076704133,0.116,pm25,M5b: AugSynth Centro (Bel. in pool),AugSynth,2024w50,2024-12-09
108,-0.09718149081792893,-0.3659467797980205,0.17158379816216263,0.495,pm25,M5b: AugSynth Centro (Bel. in pool),AugSynth,2024w51,2024-12-16
109,-0.05817693576789962,-0.3269422247479912,0.21058835321219194,0.701,pm25,M5b: AugSynth Centro (Bel. in pool),AugSynth,2024w52,2024-12-23
110,-0.03390316041717378,-0.28116722627885804,0.23486212856291777,0.843,pm25,M5b: AugSynth Centro (Bel. in pool),AugSynth,2025w01,2024-12-30
111,-0.21192087069838594,-0.5021873827968848,0.12134808763692762,0.184,pm25,M5b: AugSynth Centro (Bel. in pool),AugSynth,2025w02,2025-01-06
112,-0.19517348761807396,-0.5069412228349801,0.1165942475988323,0.16,pm25,M5b: AugSynth Centro (Bel. in pool),AugSynth,2025w10,2025-03-03
113,0.004472062456488679,-0.24279200340519558,0.25173612831817294,1,pm25,M5b: AugSynth Centro (Bel. in pool),AugSynth,2025w11,2025-03-10
114,-0.1200870446447424,-0.38885233362483396,0.12717702121694185,0.432,pm25,M5b: AugSynth Centro (Bel. in pool),AugSynth,2025w12,2025-03-17
115,-0.28041629296008175,-0.5921840281769879,0,0.057,pm25,M5b: AugSynth Centro (Bel. in pool),AugSynth,2025w13,2025-03-24
116,-0.22897782927660737,-0.4762418951382916,0.018286236585076887,0.106,pm25,M5b: AugSynth Centro (Bel. in pool),AugSynth,2025w14,2025-03-31
1,0.15272538816674652,NA,NA,NA,pm25,M6: AugSynth Belisario (Centro dropped),AugSynth,2022w48,2022-11-28
2,-0.010435676115413184,NA,NA,NA,pm25,M6: AugSynth Belisario (Centro dropped),AugSynth,2022w49,2022-12-05
3,0.1536943552315928,NA,NA,NA,pm25,M6: AugSynth Belisario (Centro dropped),AugSynth,2022w50,2022-12-12
4,0.32367613898838066,NA,NA,NA,pm25,M6: AugSynth Belisario (Centro dropped),AugSynth,2022w51,2022-12-19
5,0.15202159370086532,NA,NA,NA,pm25,M6: AugSynth Belisario (Centro dropped),AugSynth,2022w52,2022-12-26
6,0.003030327488958484,NA,NA,NA,pm25,M6: AugSynth Belisario (Centro dropped),AugSynth,2023w01,2023-01-02
7,0.34712193570163885,NA,NA,NA,pm25,M6: AugSynth Belisario (Centro dropped),AugSynth,2023w02,2023-01-09
8,0.12312261327215568,NA,NA,NA,pm25,M6: AugSynth Belisario (Centro dropped),AugSynth,2023w03,2023-01-16
9,0.09051758551721134,NA,NA,NA,pm25,M6: AugSynth Belisario (Centro dropped),AugSynth,2023w04,2023-01-23
10,0.16399656479911062,NA,NA,NA,pm25,M6: AugSynth Belisario (Centro dropped),AugSynth,2023w05,2023-01-30
11,0.16922509154289989,NA,NA,NA,pm25,M6: AugSynth Belisario (Centro dropped),AugSynth,2023w06,2023-02-06
12,0.32193654046619,NA,NA,NA,pm25,M6: AugSynth Belisario (Centro dropped),AugSynth,2023w07,2023-02-13
13,5.194297424573335e-4,NA,NA,NA,pm25,M6: AugSynth Belisario (Centro dropped),AugSynth,2023w08,2023-02-20
14,0.2519867888377396,NA,NA,NA,pm25,M6: AugSynth Belisario (Centro dropped),AugSynth,2023w09,2023-02-27
15,0.24150348718218861,NA,NA,NA,pm25,M6: AugSynth Belisario (Centro dropped),AugSynth,2023w10,2023-03-06
16,0.026532767714823713,NA,NA,NA,pm25,M6: AugSynth Belisario (Centro dropped),AugSynth,2023w11,2023-03-13
17,0.1469389855102623,NA,NA,NA,pm25,M6: AugSynth Belisario (Centro dropped),AugSynth,2023w12,2023-03-20
18,0.18754470099241738,NA,NA,NA,pm25,M6: AugSynth Belisario (Centro dropped),AugSynth,2023w13,2023-03-27
19,0.2625403795464303,NA,NA,NA,pm25,M6: AugSynth Belisario (Centro dropped),AugSynth,2023w14,2023-04-03
20,-0.14885144706668774,NA,NA,NA,pm25,M6: AugSynth Belisario (Centro dropped),AugSynth,2023w15,2023-04-10
21,0.03961968431007401,NA,NA,NA,pm25,M6: AugSynth Belisario (Centro dropped),AugSynth,2023w16,2023-04-17
22,0.13218202282963532,NA,NA,NA,pm25,M6: AugSynth Belisario (Centro dropped),AugSynth,2023w17,2023-04-24
23,-0.3734994321411387,NA,NA,NA,pm25,M6: AugSynth Belisario (Centro dropped),AugSynth,2023w18,2023-05-01
24,-0.03615186539290116,NA,NA,NA,pm25,M6: AugSynth Belisario (Centro dropped),AugSynth,2023w19,2023-05-08
25,0.27867884807536614,NA,NA,NA,pm25,M6: AugSynth Belisario (Centro dropped),AugSynth,2023w20,2023-05-15
26,0.08460276610830997,NA,NA,NA,pm25,M6: AugSynth Belisario (Centro dropped),AugSynth,2023w21,2023-05-22
27,0.0013532863160286013,NA,NA,NA,pm25,M6: AugSynth Belisario (Centro dropped),AugSynth,2023w22,2023-05-29
28,0.13918239377379926,NA,NA,NA,pm25,M6: AugSynth Belisario (Centro dropped),AugSynth,2023w23,2023-06-05
29,-0.009502426887131321,NA,NA,NA,pm25,M6: AugSynth Belisario (Centro dropped),AugSynth,2023w24,2023-06-12
30,-0.23890309373808982,NA,NA,NA,pm25,M6: AugSynth Belisario (Centro dropped),AugSynth,2023w25,2023-06-19
31,-0.10186634628721514,NA,NA,NA,pm25,M6: AugSynth Belisario (Centro dropped),AugSynth,2023w26,2023-06-26
32,0.2055894941363161,NA,NA,NA,pm25,M6: AugSynth Belisario (Centro dropped),AugSynth,2023w27,2023-07-03
33,-0.004256533594730438,NA,NA,NA,pm25,M6: AugSynth Belisario (Centro dropped),AugSynth,2023w28,2023-07-10
34,-0.21088974793124438,NA,NA,NA,pm25,M6: AugSynth Belisario (Centro dropped),AugSynth,2023w29,2023-07-17
35,-0.09399212130170476,NA,NA,NA,pm25,M6: AugSynth Belisario (Centro dropped),AugSynth,2023w30,2023-07-24
36,-0.1348970885464582,NA,NA,NA,pm25,M6: AugSynth Belisario (Centro dropped),AugSynth,2023w31,2023-07-31
37,-0.38366957124918555,NA,NA,NA,pm25,M6: AugSynth Belisario (Centro dropped),AugSynth,2023w32,2023-08-07
38,0.2749899486642575,NA,NA,NA,pm25,M6: AugSynth Belisario (Centro dropped),AugSynth,2023w33,2023-08-14
39,0.047863608262072255,NA,NA,NA,pm25,M6: AugSynth Belisario (Centro dropped),AugSynth,2023w34,2023-08-21
40,-0.11406495947668116,NA,NA,NA,pm25,M6: AugSynth Belisario (Centro dropped),AugSynth,2023w35,2023-08-28
41,-0.008882791587329741,NA,NA,NA,pm25,M6: AugSynth Belisario (Centro dropped),AugSynth,2023w36,2023-09-04
42,-0.028942145763106275,NA,NA,NA,pm25,M6: AugSynth Belisario (Centro dropped),AugSynth,2023w37,2023-09-11
43,-0.03757868047167312,NA,NA,NA,pm25,M6: AugSynth Belisario (Centro dropped),AugSynth,2023w38,2023-09-18
44,0.21221196660779906,NA,NA,NA,pm25,M6: AugSynth Belisario (Centro dropped),AugSynth,2023w39,2023-09-25
45,0.2187132014653077,NA,NA,NA,pm25,M6: AugSynth Belisario (Centro dropped),AugSynth,2023w40,2023-10-02
46,-0.1658828009007136,NA,NA,NA,pm25,M6: AugSynth Belisario (Centro dropped),AugSynth,2023w41,2023-10-09
47,0.013029086221544528,NA,NA,NA,pm25,M6: AugSynth Belisario (Centro dropped),AugSynth,2023w42,2023-10-16
48,-0.1150914261665732,NA,NA,NA,pm25,M6: AugSynth Belisario (Centro dropped),AugSynth,2023w43,2023-10-23
49,-0.23187225872711714,NA,NA,NA,pm25,M6: AugSynth Belisario (Centro dropped),AugSynth,2023w44,2023-10-30
50,0.1892634394769166,NA,NA,NA,pm25,M6: AugSynth Belisario (Centro dropped),AugSynth,2023w45,2023-11-06
51,0.3276120526422126,NA,NA,NA,pm25,M6: AugSynth Belisario (Centro dropped),AugSynth,2023w46,2023-11-13
52,0.4672210482841628,NA,NA,NA,pm25,M6: AugSynth Belisario (Centro dropped),AugSynth,2023w47,2023-11-20
53,-0.14625013966447797,-0.647018873536674,0.4022108545764984,0.617,pm25,M6: AugSynth Belisario (Centro dropped),AugSynth,2023w48,2023-11-27
54,-0.0389873070552369,-0.5397560409274329,0.4140891664481785,0.761,pm25,M6: AugSynth Belisario (Centro dropped),AugSynth,2023w49,2023-12-04
55,0.03722683875698385,-0.46354189511521215,0.5856878329979602,0.863,pm25,M6: AugSynth Belisario (Centro dropped),AugSynth,2023w50,2023-12-11
56,0.008481508362147672,-0.39690270477248724,0.41386572149678247,0.913,pm25,M6: AugSynth Belisario (Centro dropped),AugSynth,2023w51,2023-12-18
57,-0.3439184259044774,-1.0831484616205764,0.3476193494428408,0.291,pm25,M6: AugSynth Belisario (Centro dropped),AugSynth,2023w52,2023-12-25
58,-0.05769561433340309,-0.463079827468038,0.3476885988012317,0.727,pm25,M6: AugSynth Belisario (Centro dropped),AugSynth,2024w01,2024-01-01
59,-0.5395290474572616,-1.0879900416982382,0.008931946783714784,0.037,pm25,M6: AugSynth Belisario (Centro dropped),AugSynth,2024w02,2024-01-08
60,-0.382531825817058,-0.883300559689254,0.07054464768635738,0.13,pm25,M6: AugSynth Belisario (Centro dropped),AugSynth,2024w03,2024-01-15
61,-0.0542284036242755,-0.4596126167589104,0.3034635491415787,0.719,pm25,M6: AugSynth Belisario (Centro dropped),AugSynth,2024w04,2024-01-22
62,-0.05307930151902607,-0.41077125428488037,0.35230491161560873,0.71,pm25,M6: AugSynth Belisario (Centro dropped),AugSynth,2024w05,2024-01-29
63,0.1567963141520985,-0.24858789898253641,0.6575650480242945,0.546,pm25,M6: AugSynth Belisario (Centro dropped),AugSynth,2024w06,2024-02-05
64,-0.1985111000706823,-0.6038953132053172,0.2068731130639525,0.384,pm25,M6: AugSynth Belisario (Centro dropped),AugSynth,2024w07,2024-02-12
65,-0.021799910337209738,-0.47487638384062525,0.38358430279742506,0.833,pm25,M6: AugSynth Belisario (Centro dropped),AugSynth,2024w08,2024-02-19
66,0.05030959255057654,-0.40276688095283897,0.45569380568521134,0.741,pm25,M6: AugSynth Belisario (Centro dropped),AugSynth,2024w09,2024-02-26
67,-0.07763977408527234,-0.5307162475886879,0.32774443904936246,0.739,pm25,M6: AugSynth Belisario (Centro dropped),AugSynth,2024w10,2024-03-04
68,0.24855193211738502,-0.15683228101724989,0.6539361452520198,0.245,pm25,M6: AugSynth Belisario (Centro dropped),AugSynth,2024w11,2024-03-11
69,-0.04131810483803289,-0.4467023179726678,0.3163738479278213,0.758,pm25,M6: AugSynth Belisario (Centro dropped),AugSynth,2024w12,2024-03-18
70,0.29845478835944217,-0.20231394551275383,0.7515312618628576,0.228,pm25,M6: AugSynth Belisario (Centro dropped),AugSynth,2024w13,2024-03-25
71,0.09830473358586111,-0.3547717399175544,0.5036889467204959,0.762,pm25,M6: AugSynth Belisario (Centro dropped),AugSynth,2024w14,2024-04-01
72,-0.10998011934990792,-0.4676720721157622,0.24771183341594627,0.676,pm25,M6: AugSynth Belisario (Centro dropped),AugSynth,2024w15,2024-04-08
73,0.3331212734092115,-0.02457067935664281,0.6908132261750657,0.133,pm25,M6: AugSynth Belisario (Centro dropped),AugSynth,2024w16,2024-04-15
74,0.08695694174489388,-0.36611953175852163,0.4923411548795287,0.727,pm25,M6: AugSynth Belisario (Centro dropped),AugSynth,2024w17,2024-04-22
75,0.20498115603035316,-0.20040305710428175,0.610365369164988,0.352,pm25,M6: AugSynth Belisario (Centro dropped),AugSynth,2024w18,2024-04-29
76,0.13291461348837785,-0.27246959964625705,0.49060656625423205,0.571,pm25,M6: AugSynth Belisario (Centro dropped),AugSynth,2024w19,2024-05-06
77,0.12700955699119243,-0.3260669165122231,0.5323937701258272,0.659,pm25,M6: AugSynth Belisario (Centro dropped),AugSynth,2024w20,2024-05-13
78,-0.10661360780791274,-0.5119978209425476,0.25107834495794146,0.676,pm25,M6: AugSynth Belisario (Centro dropped),AugSynth,2024w21,2024-05-20
79,0.25876220591679866,-0.09892974684905564,0.6164541586826529,0.223,pm25,M6: AugSynth Belisario (Centro dropped),AugSynth,2024w22,2024-05-27
80,0.0792184565098153,-0.3261657566248196,0.4369104092756695,0.759,pm25,M6: AugSynth Belisario (Centro dropped),AugSynth,2024w23,2024-06-03
81,0.14919652153215957,-0.25618769160247534,0.5545807346667944,0.522,pm25,M6: AugSynth Belisario (Centro dropped),AugSynth,2024w24,2024-06-10
82,0.12780570951734838,-0.27757850361728653,0.5331899226519832,0.666,pm25,M6: AugSynth Belisario (Centro dropped),AugSynth,2024w25,2024-06-17
83,0.08033966773392276,-0.27735228503193154,0.43803162049977695,0.727,pm25,M6: AugSynth Belisario (Centro dropped),AugSynth,2024w26,2024-06-24
84,0.0010396209898440034,-0.4043445921447909,0.4064238341244788,1,pm25,M6: AugSynth Belisario (Centro dropped),AugSynth,2024w27,2024-07-01
85,0.1130008740088928,-0.2923833391257421,0.470692826774747,0.644,pm25,M6: AugSynth Belisario (Centro dropped),AugSynth,2024w28,2024-07-08
86,-0.34940021773976504,-0.7547844308744,0.008291735026089153,0.169,pm25,M6: AugSynth Belisario (Centro dropped),AugSynth,2024w29,2024-07-15
87,-0.12033838068417957,-0.5257225938188145,0.23735357208167462,0.603,pm25,M6: AugSynth Belisario (Centro dropped),AugSynth,2024w30,2024-07-22
88,-0.08199675624469416,-0.48738096937932907,0.32338745688994064,0.712,pm25,M6: AugSynth Belisario (Centro dropped),AugSynth,2024w31,2024-07-29
89,0.12571575053233275,-0.23197620223352156,0.48340770329818694,0.618,pm25,M6: AugSynth Belisario (Centro dropped),AugSynth,2024w32,2024-08-05
90,-0.19116515392676536,-0.5965493670614003,0.16652679883908883,0.406,pm25,M6: AugSynth Belisario (Centro dropped),AugSynth,2024w33,2024-08-12
91,-0.10483187720113651,-0.557908350704552,0.3005523359334983,0.722,pm25,M6: AugSynth Belisario (Centro dropped),AugSynth,2024w34,2024-08-19
92,-0.17259845617631298,-0.6256749296797285,0.18509349658954122,0.492,pm25,M6: AugSynth Belisario (Centro dropped),AugSynth,2024w35,2024-08-26
93,-0.01099375108059597,-0.3686857038464503,0.3466982016852582,0.863,pm25,M6: AugSynth Belisario (Centro dropped),AugSynth,2024w36,2024-09-02
94,0.1714962703720797,-0.2338879427625552,0.6245727438754951,0.451,pm25,M6: AugSynth Belisario (Centro dropped),AugSynth,2024w37,2024-09-09
95,-0.2781687579106902,-0.6835529710453251,0.07952319485516401,0.205,pm25,M6: AugSynth Belisario (Centro dropped),AugSynth,2024w38,2024-09-16
96,0.016087880882263317,-0.341604071883591,0.3737798336481175,0.851,pm25,M6: AugSynth Belisario (Centro dropped),AugSynth,2024w39,2024-09-23
97,3.5682634825191335,0,4.736723861554258,0.114,pm25,M6: AugSynth Belisario (Centro dropped),AugSynth,2024w40,2024-09-30
98,0.3422291766259655,-0.20623181761501108,0.8429979104981615,0.183,pm25,M6: AugSynth Belisario (Centro dropped),AugSynth,2024w41,2024-10-07
99,1.521123162982116,0,2.68958354201724,0.052,pm25,M6: AugSynth Belisario (Centro dropped),AugSynth,2024w42,2024-10-14
100,1.3848290223378612,0.2163686433027372,2.553289401372985,0.025,pm25,M6: AugSynth Belisario (Centro dropped),AugSynth,2024w43,2024-10-21
101,1.0599708735410092,0.17766405671856855,1.942277690363449,0.016,pm25,M6: AugSynth Belisario (Centro dropped),AugSynth,2024w44,2024-10-28
102,0.37644778176172755,-0.028936431372907356,0.7818319948963623,0.1,pm25,M6: AugSynth Belisario (Centro dropped),AugSynth,2024w45,2024-11-04
103,-0.08267955379460012,-0.5834482876667961,0.4180891800775959,0.75,pm25,M6: AugSynth Belisario (Centro dropped),AugSynth,2024w46,2024-11-11
104,0.4575466323114732,0.05216241917683828,0.862930845446108,0.04,pm25,M6: AugSynth Belisario (Centro dropped),AugSynth,2024w47,2024-11-18
105,0.6474233001340264,0.09896230589304977,1.1481920340062224,0.021,pm25,M6: AugSynth Belisario (Centro dropped),AugSynth,2024w48,2024-11-25
106,0.2767592413051574,-0.08093271146069692,0.6344511940710116,0.188,pm25,M6: AugSynth Belisario (Centro dropped),AugSynth,2024w49,2024-12-02
107,0.28048914687774795,-0.17258732662566756,0.781257880749944,0.213,pm25,M6: AugSynth Belisario (Centro dropped),AugSynth,2024w50,2024-12-09
108,0.3719736980355166,0,0.7773579111701514,0.09,pm25,M6: AugSynth Belisario (Centro dropped),AugSynth,2024w51,2024-12-16
109,0.19124178079594767,-0.21414243233868724,0.5489337335618019,0.397,pm25,M6: AugSynth Belisario (Centro dropped),AugSynth,2024w52,2024-12-23
110,-0.04905169135902554,-0.5498204252312215,0.45171704251317046,0.724,pm25,M6: AugSynth Belisario (Centro dropped),AugSynth,2025w01,2024-12-30
111,0.948448974603973,0.06614215778153254,1.8784480517951947,0.037,pm25,M6: AugSynth Belisario (Centro dropped),AugSynth,2025w02,2025-01-06
112,0.1443239886516312,-0.2610602244830037,0.549708201786266,0.574,pm25,M6: AugSynth Belisario (Centro dropped),AugSynth,2025w10,2025-03-03
113,0.27565498682886336,-0.08203696593699095,0.6810391999634982,0.183,pm25,M6: AugSynth Belisario (Centro dropped),AugSynth,2025w11,2025-03-10
114,0.1235738460427962,-0.3295026274606193,0.528958059177431,0.646,pm25,M6: AugSynth Belisario (Centro dropped),AugSynth,2025w12,2025-03-17
115,0.022534573327070984,-0.4305419001763445,0.4279187864617058,0.841,pm25,M6: AugSynth Belisario (Centro dropped),AugSynth,2025w13,2025-03-24
116,-0.03738734235367902,-0.538156076225875,0.3679968707809558,0.812,pm25,M6: AugSynth Belisario (Centro dropped),AugSynth,2025w14,2025-03-31
1,-0.0770638769006684,NA,NA,NA,pm25,M7: AugSynth_FE Centro+Belisario,AugSynth_FE,2022w48,2022-11-28
2,-0.09900997751925766,NA,NA,NA,pm25,M7: AugSynth_FE Centro+Belisario,AugSynth_FE,2022w49,2022-12-05
3,0.00427629162894716,NA,NA,NA,pm25,M7: AugSynth_FE Centro+Belisario,AugSynth_FE,2022w50,2022-12-12
4,0.13260493549000563,NA,NA,NA,pm25,M7: AugSynth_FE Centro+Belisario,AugSynth_FE,2022w51,2022-12-19
5,0.04743470510461645,NA,NA,NA,pm25,M7: AugSynth_FE Centro+Belisario,AugSynth_FE,2022w52,2022-12-26
6,-0.019307705056846203,NA,NA,NA,pm25,M7: AugSynth_FE Centro+Belisario,AugSynth_FE,2023w01,2023-01-02
7,0.18923011334887407,NA,NA,NA,pm25,M7: AugSynth_FE Centro+Belisario,AugSynth_FE,2023w02,2023-01-09
8,-0.05747826375048559,NA,NA,NA,pm25,M7: AugSynth_FE Centro+Belisario,AugSynth_FE,2023w03,2023-01-16
9,0.04927226093904569,NA,NA,NA,pm25,M7: AugSynth_FE Centro+Belisario,AugSynth_FE,2023w04,2023-01-23
10,0.0018099457379339157,NA,NA,NA,pm25,M7: AugSynth_FE Centro+Belisario,AugSynth_FE,2023w05,2023-01-30
11,-0.03051143525273181,NA,NA,NA,pm25,M7: AugSynth_FE Centro+Belisario,AugSynth_FE,2023w06,2023-02-06
12,0.18593818096187453,NA,NA,NA,pm25,M7: AugSynth_FE Centro+Belisario,AugSynth_FE,2023w07,2023-02-13
13,-0.1231682151310971,NA,NA,NA,pm25,M7: AugSynth_FE Centro+Belisario,AugSynth_FE,2023w08,2023-02-20
14,0.017262892352461368,NA,NA,NA,pm25,M7: AugSynth_FE Centro+Belisario,AugSynth_FE,2023w09,2023-02-27
15,0.171441523366076,NA,NA,NA,pm25,M7: AugSynth_FE Centro+Belisario,AugSynth_FE,2023w10,2023-03-06
16,-0.09474574768414179,NA,NA,NA,pm25,M7: AugSynth_FE Centro+Belisario,AugSynth_FE,2023w11,2023-03-13
17,0.13578358832085424,NA,NA,NA,pm25,M7: AugSynth_FE Centro+Belisario,AugSynth_FE,2023w12,2023-03-20
18,0.10130534519651846,NA,NA,NA,pm25,M7: AugSynth_FE Centro+Belisario,AugSynth_FE,2023w13,2023-03-27
19,0.29631515783918605,NA,NA,NA,pm25,M7: AugSynth_FE Centro+Belisario,AugSynth_FE,2023w14,2023-04-03
20,-0.005878573220767791,NA,NA,NA,pm25,M7: AugSynth_FE Centro+Belisario,AugSynth_FE,2023w15,2023-04-10
21,-0.024008130715415632,NA,NA,NA,pm25,M7: AugSynth_FE Centro+Belisario,AugSynth_FE,2023w16,2023-04-17
22,0.1982316453630908,NA,NA,NA,pm25,M7: AugSynth_FE Centro+Belisario,AugSynth_FE,2023w17,2023-04-24
23,-0.3667801762617495,NA,NA,NA,pm25,M7: AugSynth_FE Centro+Belisario,AugSynth_FE,2023w18,2023-05-01
24,-0.10201528853004671,NA,NA,NA,pm25,M7: AugSynth_FE Centro+Belisario,AugSynth_FE,2023w19,2023-05-08
25,0.22944884671226218,NA,NA,NA,pm25,M7: AugSynth_FE Centro+Belisario,AugSynth_FE,2023w20,2023-05-15
26,0.11829347849774807,NA,NA,NA,pm25,M7: AugSynth_FE Centro+Belisario,AugSynth_FE,2023w21,2023-05-22
27,-0.03758178990861749,NA,NA,NA,pm25,M7: AugSynth_FE Centro+Belisario,AugSynth_FE,2023w22,2023-05-29
28,0.18283375011374314,NA,NA,NA,pm25,M7: AugSynth_FE Centro+Belisario,AugSynth_FE,2023w23,2023-06-05
29,-0.022403831912659822,NA,NA,NA,pm25,M7: AugSynth_FE Centro+Belisario,AugSynth_FE,2023w24,2023-06-12
30,-0.27094786512833213,NA,NA,NA,pm25,M7: AugSynth_FE Centro+Belisario,AugSynth_FE,2023w25,2023-06-19
31,-0.20085458258223898,NA,NA,NA,pm25,M7: AugSynth_FE Centro+Belisario,AugSynth_FE,2023w26,2023-06-26
32,0.2613178913440839,NA,NA,NA,pm25,M7: AugSynth_FE Centro+Belisario,AugSynth_FE,2023w27,2023-07-03
33,-0.0706998111778705,NA,NA,NA,pm25,M7: AugSynth_FE Centro+Belisario,AugSynth_FE,2023w28,2023-07-10
34,-0.30742915165052676,NA,NA,NA,pm25,M7: AugSynth_FE Centro+Belisario,AugSynth_FE,2023w29,2023-07-17
35,-0.10320310617713924,NA,NA,NA,pm25,M7: AugSynth_FE Centro+Belisario,AugSynth_FE,2023w30,2023-07-24
36,-0.19489091891510046,NA,NA,NA,pm25,M7: AugSynth_FE Centro+Belisario,AugSynth_FE,2023w31,2023-07-31
37,-0.5198108228125857,NA,NA,NA,pm25,M7: AugSynth_FE Centro+Belisario,AugSynth_FE,2023w32,2023-08-07
38,0.19668789034738854,NA,NA,NA,pm25,M7: AugSynth_FE Centro+Belisario,AugSynth_FE,2023w33,2023-08-14
39,0.060122606784541954,NA,NA,NA,pm25,M7: AugSynth_FE Centro+Belisario,AugSynth_FE,2023w34,2023-08-21
40,-0.15193844974379322,NA,NA,NA,pm25,M7: AugSynth_FE Centro+Belisario,AugSynth_FE,2023w35,2023-08-28
41,-0.17859571355005466,NA,NA,NA,pm25,M7: AugSynth_FE Centro+Belisario,AugSynth_FE,2023w36,2023-09-04
42,-0.1563815182421533,NA,NA,NA,pm25,M7: AugSynth_FE Centro+Belisario,AugSynth_FE,2023w37,2023-09-11
43,-0.19357269212394668,NA,NA,NA,pm25,M7: AugSynth_FE Centro+Belisario,AugSynth_FE,2023w38,2023-09-18
44,0.17826759391327185,NA,NA,NA,pm25,M7: AugSynth_FE Centro+Belisario,AugSynth_FE,2023w39,2023-09-25
45,0.24139767824000424,NA,NA,NA,pm25,M7: AugSynth_FE Centro+Belisario,AugSynth_FE,2023w40,2023-10-02
46,-0.26039472403752084,NA,NA,NA,pm25,M7: AugSynth_FE Centro+Belisario,AugSynth_FE,2023w41,2023-10-09
47,-0.13508306307210027,NA,NA,NA,pm25,M7: AugSynth_FE Centro+Belisario,AugSynth_FE,2023w42,2023-10-16
48,0.1188733507883728,NA,NA,NA,pm25,M7: AugSynth_FE Centro+Belisario,AugSynth_FE,2023w43,2023-10-23
49,-0.05162657876833654,NA,NA,NA,pm25,M7: AugSynth_FE Centro+Belisario,AugSynth_FE,2023w44,2023-10-30
50,0.009195117703694411,NA,NA,NA,pm25,M7: AugSynth_FE Centro+Belisario,AugSynth_FE,2023w45,2023-11-06
51,0.3730809791676184,NA,NA,NA,pm25,M7: AugSynth_FE Centro+Belisario,AugSynth_FE,2023w46,2023-11-13
52,0.35495624056397235,NA,NA,NA,pm25,M7: AugSynth_FE Centro+Belisario,AugSynth_FE,2023w47,2023-11-20
53,-0.06701902542055027,-0.517270587698616,0.38323253685751535,0.747,pm25,M7: AugSynth_FE Centro+Belisario,AugSynth_FE,2023w48,2023-11-27
54,0.061544539539961196,-0.38870702273810454,0.5117961018180268,0.76,pm25,M7: AugSynth_FE Centro+Belisario,AugSynth_FE,2023w49,2023-12-04
55,-0.05288464360531897,-0.5031362058833847,0.4447618199651746,0.814,pm25,M7: AugSynth_FE Centro+Belisario,AugSynth_FE,2023w50,2023-12-11
56,0.019313123280617184,-0.3835435377050206,0.42216978426625484,0.907,pm25,M7: AugSynth_FE Centro+Belisario,AugSynth_FE,2023w51,2023-12-18
57,-0.38089926511054184,-0.9259406299734635,0.35372170492209154,0.248,pm25,M7: AugSynth_FE Centro+Belisario,AugSynth_FE,2023w52,2023-12-25
58,-0.1482797963587914,-0.5511364573444292,0.2071819633344183,0.471,pm25,M7: AugSynth_FE Centro+Belisario,AugSynth_FE,2024w01,2024-01-01
59,-0.4043021535147022,-0.9019486170851959,0.09334431005579136,0.113,pm25,M7: AugSynth_FE Centro+Belisario,AugSynth_FE,2024w02,2024-01-08
60,-0.40211435010557217,-0.8523659123836379,0.04813721217249345,0.093,pm25,M7: AugSynth_FE Centro+Belisario,AugSynth_FE,2024w03,2024-01-15
61,-0.1776687026029391,-0.5805253635885769,0.1777930570902706,0.422,pm25,M7: AugSynth_FE Centro+Belisario,AugSynth_FE,2024w04,2024-01-22
62,-0.19467927711232624,-0.597535938097964,0.20817738387331142,0.371,pm25,M7: AugSynth_FE Centro+Belisario,AugSynth_FE,2024w05,2024-01-29
63,0.06731306627661571,-0.33554359470902206,0.5175646285546813,0.74,pm25,M7: AugSynth_FE Centro+Belisario,AugSynth_FE,2024w06,2024-02-05
64,-0.29021431136541365,-0.6930709723510514,0.11264234962022401,0.14,pm25,M7: AugSynth_FE Centro+Belisario,AugSynth_FE,2024w07,2024-02-12
65,-0.1497923678935673,-0.5526490288792051,0.25306429309207035,0.511,pm25,M7: AugSynth_FE Centro+Belisario,AugSynth_FE,2024w08,2024-02-19
66,-0.04576301722325127,-0.5908043820861729,0.3570936437623864,0.823,pm25,M7: AugSynth_FE Centro+Belisario,AugSynth_FE,2024w09,2024-02-26
67,-0.17266579407842686,-0.5755224550640646,0.3723755707844947,0.441,pm25,M7: AugSynth_FE Centro+Belisario,AugSynth_FE,2024w10,2024-03-04
68,0.0996945941028855,-0.30316206688275227,0.5025512550885232,0.65,pm25,M7: AugSynth_FE Centro+Belisario,AugSynth_FE,2024w11,2024-03-11
69,-0.14740649375598291,-0.5028682534491927,0.20805526593722679,0.496,pm25,M7: AugSynth_FE Centro+Belisario,AugSynth_FE,2024w12,2024-03-18
70,0.17523085223239354,-0.2750207100456722,0.6728773158028871,0.468,pm25,M7: AugSynth_FE Centro+Belisario,AugSynth_FE,2024w13,2024-03-25
71,0.14020490354475967,-0.404836461318162,0.5430615645303973,0.541,pm25,M7: AugSynth_FE Centro+Belisario,AugSynth_FE,2024w14,2024-04-01
72,-0.1638471838506126,-0.5193089435438224,0.1916145758425971,0.43,pm25,M7: AugSynth_FE Centro+Belisario,AugSynth_FE,2024w15,2024-04-08
73,0.017689571196104037,-0.3377721884971058,0.37315133088931374,0.918,pm25,M7: AugSynth_FE Centro+Belisario,AugSynth_FE,2024w16,2024-04-15
74,0.08300371176049604,-0.3672478505175697,0.5332552740385617,0.692,pm25,M7: AugSynth_FE Centro+Belisario,AugSynth_FE,2024w17,2024-04-22
75,0.06586129400111718,-0.3369953669845206,0.46871795498675484,0.755,pm25,M7: AugSynth_FE Centro+Belisario,AugSynth_FE,2024w18,2024-04-29
76,0.07080184014721613,-0.2846599195459937,0.4736585011328538,0.741,pm25,M7: AugSynth_FE Centro+Belisario,AugSynth_FE,2024w19,2024-05-06
77,0.0031733361268191373,-0.49447312744367455,0.4060299971124568,0.981,pm25,M7: AugSynth_FE Centro+Belisario,AugSynth_FE,2024w20,2024-05-13
78,-0.074920551318582,-0.4303823110117918,0.2805412083746277,0.695,pm25,M7: AugSynth_FE Centro+Belisario,AugSynth_FE,2024w21,2024-05-20
79,0.13429262593412927,-0.22116913375908054,0.489754385627339,0.554,pm25,M7: AugSynth_FE Centro+Belisario,AugSynth_FE,2024w22,2024-05-27
80,0.058059207366792265,-0.3447974536188455,0.41352096706000196,0.768,pm25,M7: AugSynth_FE Centro+Belisario,AugSynth_FE,2024w23,2024-06-03
81,0.057768445152152736,-0.2976933145410571,0.41323020484536244,0.759,pm25,M7: AugSynth_FE Centro+Belisario,AugSynth_FE,2024w24,2024-06-10
82,0.11503898156746528,-0.24042277812574453,0.5178956425531029,0.596,pm25,M7: AugSynth_FE Centro+Belisario,AugSynth_FE,2024w25,2024-06-17
83,-0.16105215691609587,-0.5165139166093057,0.19440960277711383,0.426,pm25,M7: AugSynth_FE Centro+Belisario,AugSynth_FE,2024w26,2024-06-24
84,-0.06541903667325721,-0.420880796366467,0.33743762431238045,0.731,pm25,M7: AugSynth_FE Centro+Belisario,AugSynth_FE,2024w27,2024-07-01
85,-0.17678266102932394,-0.5322444207225338,0.2734689012487417,0.423,pm25,M7: AugSynth_FE Centro+Belisario,AugSynth_FE,2024w28,2024-07-08
86,-0.6442493250030621,-0.9997110846962719,-0.24139266401742443,0.018,pm25,M7: AugSynth_FE Centro+Belisario,AugSynth_FE,2024w29,2024-07-15
87,-0.3239453527638756,-0.6794071124570854,0.031516406929334106,0.078,pm25,M7: AugSynth_FE Centro+Belisario,AugSynth_FE,2024w30,2024-07-22
88,-0.29464558301726074,-0.6501073427104705,0.10821107796837692,0.107,pm25,M7: AugSynth_FE Centro+Belisario,AugSynth_FE,2024w31,2024-07-29
89,-0.09627457291347641,-0.4517363326066862,0.2591871867797333,0.645,pm25,M7: AugSynth_FE Centro+Belisario,AugSynth_FE,2024w32,2024-08-05
90,-0.5046389516310734,-0.8601007113242832,-0.14917719193786372,0.045,pm25,M7: AugSynth_FE Centro+Belisario,AugSynth_FE,2024w33,2024-08-12
91,-0.3873974545864063,-0.7902541155720441,0.015459206399231373,0.074,pm25,M7: AugSynth_FE Centro+Belisario,AugSynth_FE,2024w34,2024-08-19
92,-0.3083036163738577,-0.6637653760670675,0.047158143319351975,0.131,pm25,M7: AugSynth_FE Centro+Belisario,AugSynth_FE,2024w35,2024-08-26
93,-0.3436550575470987,-0.6991168172403085,0.011806702146111014,0.082,pm25,M7: AugSynth_FE Centro+Belisario,AugSynth_FE,2024w36,2024-09-02
94,-0.2227888029433469,-0.5782505626365567,0.18006785804229075,0.253,pm25,M7: AugSynth_FE Centro+Belisario,AugSynth_FE,2024w37,2024-09-09
95,-0.49792345842499586,-0.8533852181182057,-0.0950667974393582,0.043,pm25,M7: AugSynth_FE Centro+Belisario,AugSynth_FE,2024w38,2024-09-16
96,-0.39006910996792943,-0.7455308696611392,0,0.051,pm25,M7: AugSynth_FE Centro+Belisario,AugSynth_FE,2024w39,2024-09-23
97,3.724061336239498,0,4.885236417903983,0.195,pm25,M7: AugSynth_FE Centro+Belisario,AugSynth_FE,2024w40,2024-09-30
98,0.3793723156440181,-0.16566904921890357,0.7822289766296557,0.178,pm25,M7: AugSynth_FE Centro+Belisario,AugSynth_FE,2024w41,2024-10-07
99,1.2905758561829586,0,2.167381530092876,0.061,pm25,M7: AugSynth_FE Centro+Belisario,AugSynth_FE,2024w42,2024-10-14
100,1.2496176683554574,0.08844258669097216,1.9842386383880914,0.041,pm25,M7: AugSynth_FE Centro+Belisario,AugSynth_FE,2024w43,2024-10-21
101,0.7688053741507468,-0.06060539846674268,1.4086365415985242,0.057,pm25,M7: AugSynth_FE Centro+Belisario,AugSynth_FE,2024w44,2024-10-28
102,0.2141661328617328,-0.23608542941633293,0.6170227938473705,0.318,pm25,M7: AugSynth_FE Centro+Belisario,AugSynth_FE,2024w45,2024-11-04
103,-0.10727789530241383,-0.6049243588729075,0.48515837085293567,0.662,pm25,M7: AugSynth_FE Centro+Belisario,AugSynth_FE,2024w46,2024-11-11
104,-0.07493983557711559,-0.47779649656275336,0.422706627993378,0.745,pm25,M7: AugSynth_FE Centro+Belisario,AugSynth_FE,2024w47,2024-11-18
105,0.22817616747831337,-0.4116549999694642,0.8206124336336629,0.404,pm25,M7: AugSynth_FE Centro+Belisario,AugSynth_FE,2024w48,2024-11-25
106,-0.03675248724598701,-0.3922142469391968,0.36610417373965065,0.81,pm25,M7: AugSynth_FE Centro+Belisario,AugSynth_FE,2024w49,2024-12-02
107,0.11806364379311951,-0.28479301719251826,0.5209203047787572,0.56,pm25,M7: AugSynth_FE Centro+Belisario,AugSynth_FE,2024w50,2024-12-09
108,0.12182335823613766,-0.2810333027495001,0.5246800192217753,0.587,pm25,M7: AugSynth_FE Centro+Belisario,AugSynth_FE,2024w51,2024-12-16
109,0.01631392285148392,-0.38654273813415385,0.4191705838371216,0.924,pm25,M7: AugSynth_FE Centro+Belisario,AugSynth_FE,2024w52,2024-12-23
110,-0.11954596660277428,-0.617192430173268,0.3781004969677193,0.646,pm25,M7: AugSynth_FE Centro+Belisario,AugSynth_FE,2025w01,2024-12-30
111,0.9156287822259213,-0.1033615955612801,1.6028548509661265,0.049,pm25,M7: AugSynth_FE Centro+Belisario,AugSynth_FE,2025w02,2025-01-06
112,-0.059936929183461274,-0.46279359016909905,0.2955248305097484,0.725,pm25,M7: AugSynth_FE Centro+Belisario,AugSynth_FE,2025w10,2025-03-03
113,0.20346883755138023,-0.19938782343425754,0.5589305972445899,0.31,pm25,M7: AugSynth_FE Centro+Belisario,AugSynth_FE,2025w11,2025-03-10
114,0.14339931053539656,-0.2594573504502412,0.5462559715210342,0.51,pm25,M7: AugSynth_FE Centro+Belisario,AugSynth_FE,2025w12,2025-03-17
115,-0.1420894148990537,-0.5449460758846915,0.26076724608658397,0.513,pm25,M7: AugSynth_FE Centro+Belisario,AugSynth_FE,2025w13,2025-03-24
116,-0.1679253124112865,-0.5707819733969243,0.23493134857435116,0.472,pm25,M7: AugSynth_FE Centro+Belisario,AugSynth_FE,2025w14,2025-03-31
1,-0.16901874739708678,NA,NA,NA,pm25,M8: AugSynth_FE Centro (Bel. dropped),AugSynth_FE,2022w48,2022-11-28
2,-0.045590163427480235,NA,NA,NA,pm25,M8: AugSynth_FE Centro (Bel. dropped),AugSynth_FE,2022w49,2022-12-05
3,-0.07483966200021896,NA,NA,NA,pm25,M8: AugSynth_FE Centro (Bel. dropped),AugSynth_FE,2022w50,2022-12-12
4,0.1112960435686845,NA,NA,NA,pm25,M8: AugSynth_FE Centro (Bel. dropped),AugSynth_FE,2022w51,2022-12-19
5,0.04535255200068855,NA,NA,NA,pm25,M8: AugSynth_FE Centro (Bel. dropped),AugSynth_FE,2022w52,2022-12-26
6,-0.023646945601006664,NA,NA,NA,pm25,M8: AugSynth_FE Centro (Bel. dropped),AugSynth_FE,2023w01,2023-01-02
7,0.16244706293848887,NA,NA,NA,pm25,M8: AugSynth_FE Centro (Bel. dropped),AugSynth_FE,2023w02,2023-01-09
8,-0.08314177108772913,NA,NA,NA,pm25,M8: AugSynth_FE Centro (Bel. dropped),AugSynth_FE,2023w03,2023-01-16
9,0.11569235255050048,NA,NA,NA,pm25,M8: AugSynth_FE Centro (Bel. dropped),AugSynth_FE,2023w04,2023-01-23
10,0.030412543554792393,NA,NA,NA,pm25,M8: AugSynth_FE Centro (Bel. dropped),AugSynth_FE,2023w05,2023-01-30
11,-0.06356534799366198,NA,NA,NA,pm25,M8: AugSynth_FE Centro (Bel. dropped),AugSynth_FE,2023w06,2023-02-06
12,0.08057888497749799,NA,NA,NA,pm25,M8: AugSynth_FE Centro (Bel. dropped),AugSynth_FE,2023w07,2023-02-13
13,-0.12051556817127773,NA,NA,NA,pm25,M8: AugSynth_FE Centro (Bel. dropped),AugSynth_FE,2023w08,2023-02-20
14,-0.08017391908197746,NA,NA,NA,pm25,M8: AugSynth_FE Centro (Bel. dropped),AugSynth_FE,2023w09,2023-02-27
15,0.12565952497973365,NA,NA,NA,pm25,M8: AugSynth_FE Centro (Bel. dropped),AugSynth_FE,2023w10,2023-03-06
16,-0.1661658152399781,NA,NA,NA,pm25,M8: AugSynth_FE Centro (Bel. dropped),AugSynth_FE,2023w11,2023-03-13
17,0.029208626882745836,NA,NA,NA,pm25,M8: AugSynth_FE Centro (Bel. dropped),AugSynth_FE,2023w12,2023-03-20
18,0.09293149870661344,NA,NA,NA,pm25,M8: AugSynth_FE Centro (Bel. dropped),AugSynth_FE,2023w13,2023-03-27
19,0.35641811844863636,NA,NA,NA,pm25,M8: AugSynth_FE Centro (Bel. dropped),AugSynth_FE,2023w14,2023-04-03
20,0.09908631104887666,NA,NA,NA,pm25,M8: AugSynth_FE Centro (Bel. dropped),AugSynth_FE,2023w15,2023-04-10
21,-0.0941384637263103,NA,NA,NA,pm25,M8: AugSynth_FE Centro (Bel. dropped),AugSynth_FE,2023w16,2023-04-17
22,0.22386977605323288,NA,NA,NA,pm25,M8: AugSynth_FE Centro (Bel. dropped),AugSynth_FE,2023w17,2023-04-24
23,-0.41859344197906845,NA,NA,NA,pm25,M8: AugSynth_FE Centro (Bel. dropped),AugSynth_FE,2023w18,2023-05-01
24,-0.07520423802027398,NA,NA,NA,pm25,M8: AugSynth_FE Centro (Bel. dropped),AugSynth_FE,2023w19,2023-05-08
25,0.16304597292383072,NA,NA,NA,pm25,M8: AugSynth_FE Centro (Bel. dropped),AugSynth_FE,2023w20,2023-05-15
26,0.09890604688633431,NA,NA,NA,pm25,M8: AugSynth_FE Centro (Bel. dropped),AugSynth_FE,2023w21,2023-05-22
27,0.002324343500477166,NA,NA,NA,pm25,M8: AugSynth_FE Centro (Bel. dropped),AugSynth_FE,2023w22,2023-05-29
28,0.2464043151736366,NA,NA,NA,pm25,M8: AugSynth_FE Centro (Bel. dropped),AugSynth_FE,2023w23,2023-06-05
29,-0.028209657055159987,NA,NA,NA,pm25,M8: AugSynth_FE Centro (Bel. dropped),AugSynth_FE,2023w24,2023-06-12
30,-0.22042002457343424,NA,NA,NA,pm25,M8: AugSynth_FE Centro (Bel. dropped),AugSynth_FE,2023w25,2023-06-19
31,-0.24277651659774646,NA,NA,NA,pm25,M8: AugSynth_FE Centro (Bel. dropped),AugSynth_FE,2023w26,2023-06-26
32,0.27282836078107486,NA,NA,NA,pm25,M8: AugSynth_FE Centro (Bel. dropped),AugSynth_FE,2023w27,2023-07-03
33,-0.08586428146548108,NA,NA,NA,pm25,M8: AugSynth_FE Centro (Bel. dropped),AugSynth_FE,2023w28,2023-07-10
34,-0.3798384443284579,NA,NA,NA,pm25,M8: AugSynth_FE Centro (Bel. dropped),AugSynth_FE,2023w29,2023-07-17
35,-0.04915325740352605,NA,NA,NA,pm25,M8: AugSynth_FE Centro (Bel. dropped),AugSynth_FE,2023w30,2023-07-24
36,-0.2050632636386278,NA,NA,NA,pm25,M8: AugSynth_FE Centro (Bel. dropped),AugSynth_FE,2023w31,2023-07-31
37,-0.519609551184701,NA,NA,NA,pm25,M8: AugSynth_FE Centro (Bel. dropped),AugSynth_FE,2023w32,2023-08-07
38,0.27863640597884487,NA,NA,NA,pm25,M8: AugSynth_FE Centro (Bel. dropped),AugSynth_FE,2023w33,2023-08-14
39,0.1900027108791873,NA,NA,NA,pm25,M8: AugSynth_FE Centro (Bel. dropped),AugSynth_FE,2023w34,2023-08-21
40,-0.24109518104940753,NA,NA,NA,pm25,M8: AugSynth_FE Centro (Bel. dropped),AugSynth_FE,2023w35,2023-08-28
41,-0.24004529805293773,NA,NA,NA,pm25,M8: AugSynth_FE Centro (Bel. dropped),AugSynth_FE,2023w36,2023-09-04
42,-0.17759957413590088,NA,NA,NA,pm25,M8: AugSynth_FE Centro (Bel. dropped),AugSynth_FE,2023w37,2023-09-11
43,-0.22749199474822213,NA,NA,NA,pm25,M8: AugSynth_FE Centro (Bel. dropped),AugSynth_FE,2023w38,2023-09-18
44,0.26122358415323754,NA,NA,NA,pm25,M8: AugSynth_FE Centro (Bel. dropped),AugSynth_FE,2023w39,2023-09-25
45,0.26288336704259674,NA,NA,NA,pm25,M8: AugSynth_FE Centro (Bel. dropped),AugSynth_FE,2023w40,2023-10-02
46,-0.18040935206225406,NA,NA,NA,pm25,M8: AugSynth_FE Centro (Bel. dropped),AugSynth_FE,2023w41,2023-10-09
47,-0.16198575809835036,NA,NA,NA,pm25,M8: AugSynth_FE Centro (Bel. dropped),AugSynth_FE,2023w42,2023-10-16
48,0.24963647854383275,NA,NA,NA,pm25,M8: AugSynth_FE Centro (Bel. dropped),AugSynth_FE,2023w43,2023-10-23
49,0.14084658210957945,NA,NA,NA,pm25,M8: AugSynth_FE Centro (Bel. dropped),AugSynth_FE,2023w44,2023-10-30
50,-0.018425477774559607,NA,NA,NA,pm25,M8: AugSynth_FE Centro (Bel. dropped),AugSynth_FE,2023w45,2023-11-06
51,0.4458822360588752,NA,NA,NA,pm25,M8: AugSynth_FE Centro (Bel. dropped),AugSynth_FE,2023w46,2023-11-13
52,0.30700801615284945,NA,NA,NA,pm25,M8: AugSynth_FE Centro (Bel. dropped),AugSynth_FE,2023w47,2023-11-20
53,-0.034306231172112955,-0.49170937138025805,0.5102213166947265,0.885,pm25,M8: AugSynth_FE Centro (Bel. dropped),AugSynth_FE,2023w48,2023-11-27
54,0.05430182517041837,-0.4466635188670739,0.5988293730372578,0.878,pm25,M8: AugSynth_FE Centro (Bel. dropped),AugSynth_FE,2023w49,2023-12-04
55,-0.10201989380719834,-0.6465474416740378,0.5296320617183354,0.732,pm25,M8: AugSynth_FE Centro (Bel. dropped),AugSynth_FE,2023w50,2023-12-11
56,0.09383844223260107,-0.363564697975544,0.5512415824407462,0.739,pm25,M8: AugSynth_FE Centro (Bel. dropped),AugSynth_FE,2023w51,2023-12-18
57,-0.16738652019185452,-0.9297250872054297,0.6385142506510679,0.574,pm25,M8: AugSynth_FE Centro (Bel. dropped),AugSynth_FE,2023w52,2023-12-25
58,-0.07112582689862279,-0.5285289671067679,0.3862773133095223,0.783,pm25,M8: AugSynth_FE Centro (Bel. dropped),AugSynth_FE,2024w01,2024-01-01
59,-0.22663544106056444,-0.8147251927567509,0.317892106806275,0.399,pm25,M8: AugSynth_FE Centro (Bel. dropped),AugSynth_FE,2024w02,2024-01-08
60,-0.24079641024895437,-0.7853239581157938,0.30373113761788506,0.385,pm25,M8: AugSynth_FE Centro (Bel. dropped),AugSynth_FE,2024w03,2024-01-15
61,-0.2332060057009211,-0.6906091459090662,0.2677593383365713,0.308,pm25,M8: AugSynth_FE Centro (Bel. dropped),AugSynth_FE,2024w04,2024-01-22
62,-0.2139077706370518,-0.6277487070158497,0.2434953695710933,0.381,pm25,M8: AugSynth_FE Centro (Bel. dropped),AugSynth_FE,2024w05,2024-01-29
63,0.027724326894515983,-0.38611660948428195,0.5722518747613554,0.945,pm25,M8: AugSynth_FE Centro (Bel. dropped),AugSynth_FE,2024w06,2024-02-05
64,-0.37844852570708554,-0.8358516659152306,0.12251681833040684,0.116,pm25,M8: AugSynth_FE Centro (Bel. dropped),AugSynth_FE,2024w07,2024-02-12
65,-0.2096292243183573,-0.6670323645265024,0.2913361197191351,0.386,pm25,M8: AugSynth_FE Centro (Bel. dropped),AugSynth_FE,2024w08,2024-02-19
66,-0.0032571433959414087,-0.5042224874334337,0.49770820064155097,0.981,pm25,M8: AugSynth_FE Centro (Bel. dropped),AugSynth_FE,2024w09,2024-02-26
67,-0.19685412494722643,-0.6978194689847187,0.30411121909026595,0.404,pm25,M8: AugSynth_FE Centro (Bel. dropped),AugSynth_FE,2024w10,2024-03-04
68,-0.04420588218254329,-0.5016090223906884,0.4567594618549491,0.899,pm25,M8: AugSynth_FE Centro (Bel. dropped),AugSynth_FE,2024w11,2024-03-11
69,-0.16680502065301672,-0.6242081608611618,0.24703591572578132,0.526,pm25,M8: AugSynth_FE Centro (Bel. dropped),AugSynth_FE,2024w12,2024-03-18
70,0.2774207785507339,-0.31066897314545266,0.8219483264175733,0.286,pm25,M8: AugSynth_FE Centro (Bel. dropped),AugSynth_FE,2024w13,2024-03-25
71,0.2526553655410049,-0.2483099784964874,0.71005850574915,0.364,pm25,M8: AugSynth_FE Centro (Bel. dropped),AugSynth_FE,2024w14,2024-04-01
72,-0.1822916153709837,-0.5961325517497816,0.2751115248371614,0.361,pm25,M8: AugSynth_FE Centro (Bel. dropped),AugSynth_FE,2024w15,2024-04-08
73,-0.14580928942856008,-0.6032124296367052,0.311593850779585,0.556,pm25,M8: AugSynth_FE Centro (Bel. dropped),AugSynth_FE,2024w16,2024-04-15
74,0.0015201682773628988,-0.4558829719307822,0.5460477161442023,1,pm25,M8: AugSynth_FE Centro (Bel. dropped),AugSynth_FE,2024w17,2024-04-22
75,-0.1004348286211405,-0.5142757649999384,0.4005305154163519,0.653,pm25,M8: AugSynth_FE Centro (Bel. dropped),AugSynth_FE,2024w18,2024-04-29
76,0.019530614342365915,-0.394310322036432,0.476933754550511,0.954,pm25,M8: AugSynth_FE Centro (Bel. dropped),AugSynth_FE,2024w19,2024-05-06
77,-0.1265414330274388,-0.5839445732355839,0.28729950335135923,0.584,pm25,M8: AugSynth_FE Centro (Bel. dropped),AugSynth_FE,2024w20,2024-05-13
78,-0.03803450802746511,-0.45187544440626304,0.41936863218068,0.893,pm25,M8: AugSynth_FE Centro (Bel. dropped),AugSynth_FE,2024w21,2024-05-20
79,0.05972834567382801,-0.3541125907049699,0.5171314858819731,0.837,pm25,M8: AugSynth_FE Centro (Bel. dropped),AugSynth_FE,2024w22,2024-05-27
80,-0.0020579852658175746,-0.4594611254739627,0.4553451549423275,1,pm25,M8: AugSynth_FE Centro (Bel. dropped),AugSynth_FE,2024w23,2024-06-03
81,-0.08085069796775324,-0.5382538381758983,0.37655244224039186,0.787,pm25,M8: AugSynth_FE Centro (Bel. dropped),AugSynth_FE,2024w24,2024-06-10
82,0.08669963734773489,-0.32714129903106304,0.54410277755588,0.712,pm25,M8: AugSynth_FE Centro (Bel. dropped),AugSynth_FE,2024w25,2024-06-17
83,-0.36100795801000585,-0.7748488943888038,0.09639518219813925,0.101,pm25,M8: AugSynth_FE Centro (Bel. dropped),AugSynth_FE,2024w26,2024-06-24
84,-0.1889489273725249,-0.6899142714100172,0.2684542128356202,0.399,pm25,M8: AugSynth_FE Centro (Bel. dropped),AugSynth_FE,2024w27,2024-07-01
85,-0.3381327156559224,-0.7519736520347203,0.16283262838156998,0.142,pm25,M8: AugSynth_FE Centro (Bel. dropped),AugSynth_FE,2024w28,2024-07-08
86,-0.9302363387812684,-1.3876394789894135,-0.47283319857312334,0.01,pm25,M8: AugSynth_FE Centro (Bel. dropped),AugSynth_FE,2024w29,2024-07-15
87,-0.4546400595882454,-0.8684809959670433,0,0.051,pm25,M8: AugSynth_FE Centro (Bel. dropped),AugSynth_FE,2024w30,2024-07-22
88,-0.3748311368674271,-0.8322342770755722,0.08257200334071801,0.117,pm25,M8: AugSynth_FE Centro (Bel. dropped),AugSynth_FE,2024w31,2024-07-29
89,-0.229342043640691,-0.6431829800194889,0.2280610965674541,0.349,pm25,M8: AugSynth_FE Centro (Bel. dropped),AugSynth_FE,2024w32,2024-08-05
90,-0.6970992845891306,-1.1109402209679287,-0.23969614438098552,0.021,pm25,M8: AugSynth_FE Centro (Bel. dropped),AugSynth_FE,2024w33,2024-08-12
91,-0.6483354869318818,-1.105738627140027,-0.14737014289438943,0.018,pm25,M8: AugSynth_FE Centro (Bel. dropped),AugSynth_FE,2024w34,2024-08-19
92,-0.4058432651282775,-0.8632464053364226,0.09512207890921487,0.08,pm25,M8: AugSynth_FE Centro (Bel. dropped),AugSynth_FE,2024w35,2024-08-26
93,-0.5551000732215852,-0.9689410096003831,-0.09769693301344007,0.011,pm25,M8: AugSynth_FE Centro (Bel. dropped),AugSynth_FE,2024w36,2024-09-02
94,-0.5598185391029888,-1.017221679311134,-0.058853195065496466,0.021,pm25,M8: AugSynth_FE Centro (Bel. dropped),AugSynth_FE,2024w37,2024-09-09
95,-0.6354288757087994,-1.0928320159169445,-0.13446353167130698,0.021,pm25,M8: AugSynth_FE Centro (Bel. dropped),AugSynth_FE,2024w38,2024-09-16
96,-0.6865905002259489,-1.143993640434094,-0.22918736001780382,0.017,pm25,M8: AugSynth_FE Centro (Bel. dropped),AugSynth_FE,2024w39,2024-09-23
97,3.2545691950298847,0,4.32184318884889,0.25,pm25,M8: AugSynth_FE Centro (Bel. dropped),AugSynth_FE,2024w40,2024-09-30
98,0.17911120571789807,-0.4525407498076356,0.7672009574140848,0.541,pm25,M8: AugSynth_FE Centro (Bel. dropped),AugSynth_FE,2024w41,2024-10-07
99,0.8042130815423618,-0.2630609122766434,1.8279248715320198,0.213,pm25,M8: AugSynth_FE Centro (Bel. dropped),AugSynth_FE,2024w42,2024-10-14
100,0.969255589104336,-0.09801840471466927,1.9929673790939944,0.122,pm25,M8: AugSynth_FE Centro (Bel. dropped),AugSynth_FE,2024w43,2024-10-21
101,0.4483652055385279,-0.44465997296308873,1.2978281802107974,0.293,pm25,M8: AugSynth_FE Centro (Bel. dropped),AugSynth_FE,2024w44,2024-10-28
102,0.16063557260881733,-0.34032977142867493,0.7051631204756568,0.528,pm25,M8: AugSynth_FE Centro (Bel. dropped),AugSynth_FE,2024w45,2024-11-04
103,-0.016949512354084373,-0.6050392640502709,0.7018268508301437,0.977,pm25,M8: AugSynth_FE Centro (Bel. dropped),AugSynth_FE,2024w46,2024-11-11
104,-0.3498322765351176,-0.8507976205726099,0.19469527133172182,0.181,pm25,M8: AugSynth_FE Centro (Bel. dropped),AugSynth_FE,2024w47,2024-11-18
105,-0.09654682561325068,-0.6846365773094372,0.5786673337416304,0.806,pm25,M8: AugSynth_FE Centro (Bel. dropped),AugSynth_FE,2024w48,2024-11-25
106,-0.15674156689156105,-0.570582503270359,0.34422377714593133,0.543,pm25,M8: AugSynth_FE Centro (Bel. dropped),AugSynth_FE,2024w49,2024-12-02
107,-0.05841431203829517,-0.5158174522464403,0.39898882816984993,0.864,pm25,M8: AugSynth_FE Centro (Bel. dropped),AugSynth_FE,2024w50,2024-12-09
108,0.021170161727731784,-0.4362329784804133,0.5221355057652242,0.987,pm25,M8: AugSynth_FE Centro (Bel. dropped),AugSynth_FE,2024w51,2024-12-16
109,-0.023725622307948058,-0.5246909663454403,0.43367751790019704,0.938,pm25,M8: AugSynth_FE Centro (Bel. dropped),AugSynth_FE,2024w52,2024-12-23
110,-0.11187027856859233,-0.6999600302647788,0.4762194731275944,0.685,pm25,M8: AugSynth_FE Centro (Bel. dropped),AugSynth_FE,2025w01,2024-12-30
111,0.7254123207332439,-0.21117506159771987,1.6184374992348607,0.121,pm25,M8: AugSynth_FE Centro (Bel. dropped),AugSynth_FE,2025w02,2025-01-06
112,-0.14689966656504394,-0.6478650106025362,0.31050347364310116,0.507,pm25,M8: AugSynth_FE Centro (Bel. dropped),AugSynth_FE,2025w10,2025-03-03
113,0.20261451822230114,-0.25478862198584395,0.6600176584304462,0.383,pm25,M8: AugSynth_FE Centro (Bel. dropped),AugSynth_FE,2025w11,2025-03-10
114,0.043006824085182416,-0.4143963161229627,0.58753437195202185,0.904,pm25,M8: AugSynth_FE Centro (Bel. dropped),AugSynth_FE,2025w12,2025-03-17
115,-0.26602299197691437,-0.7669883360144066,0.19138014823123073,0.272,pm25,M8: AugSynth_FE Centro (Bel. dropped),AugSynth_FE,2025w13,2025-03-24
116,-0.27646716866101206,-0.7774325126985043,0.2244981753764803,0.301,pm25,M8: AugSynth_FE Centro (Bel. dropped),AugSynth_FE,2025w14,2025-03-31
1,-0.18347528472297636,NA,NA,NA,pm25,M8b: AugSynth_FE Centro (Bel. in pool),AugSynth_FE,2022w48,2022-11-28
2,0.09043402144603352,NA,NA,NA,pm25,M8b: AugSynth_FE Centro (Bel. in pool),AugSynth_FE,2022w49,2022-12-05
3,-0.11921773113483614,NA,NA,NA,pm25,M8b: AugSynth_FE Centro (Bel. in pool),AugSynth_FE,2022w50,2022-12-12
4,0.0031454319672281628,NA,NA,NA,pm25,M8b: AugSynth_FE Centro (Bel. in pool),AugSynth_FE,2022w51,2022-12-19
5,0.012832370978357321,NA,NA,NA,pm25,M8b: AugSynth_FE Centro (Bel. in pool),AugSynth_FE,2022w52,2022-12-26
6,0.010320066112971205,NA,NA,NA,pm25,M8b: AugSynth_FE Centro (Bel. in pool),AugSynth_FE,2023w01,2023-01-02
7,-0.014827831598374974,NA,NA,NA,pm25,M8b: AugSynth_FE Centro (Bel. in pool),AugSynth_FE,2023w02,2023-01-09
8,-0.05333203888926441,NA,NA,NA,pm25,M8b: AugSynth_FE Centro (Bel. in pool),AugSynth_FE,2023w03,2023-01-16
9,0.1461283422429771,NA,NA,NA,pm25,M8b: AugSynth_FE Centro (Bel. in pool),AugSynth_FE,2023w04,2023-01-23
10,0.059605571110333155,NA,NA,NA,pm25,M8b: AugSynth_FE Centro (Bel. in pool),AugSynth_FE,2023w05,2023-01-30
11,-0.05599002240647266,NA,NA,NA,pm25,M8b: AugSynth_FE Centro (Bel. in pool),AugSynth_FE,2023w06,2023-02-06
12,-0.15236733611752307,NA,NA,NA,pm25,M8b: AugSynth_FE Centro (Bel. in pool),AugSynth_FE,2023w07,2023-02-13
13,-0.03725373224901274,NA,NA,NA,pm25,M8b: AugSynth_FE Centro (Bel. in pool),AugSynth_FE,2023w08,2023-02-20
14,-0.16085040032492293,NA,NA,NA,pm25,M8b: AugSynth_FE Centro (Bel. in pool),AugSynth_FE,2023w09,2023-02-27
15,-0.05440109984646124,NA,NA,NA,pm25,M8b: AugSynth_FE Centro (Bel. in pool),AugSynth_FE,2023w10,2023-03-06
16,-0.164135248032244,NA,NA,NA,pm25,M8b: AugSynth_FE Centro (Bel. in pool),AugSynth_FE,2023w11,2023-03-13
17,-0.1852694380937039,NA,NA,NA,pm25,M8b: AugSynth_FE Centro (Bel. in pool),AugSynth_FE,2023w12,2023-03-20
18,-0.009847336572510912,NA,NA,NA,pm25,M8b: AugSynth_FE Centro (Bel. in pool),AugSynth_FE,2023w13,2023-03-27
19,0.15174688126463964,NA,NA,NA,pm25,M8b: AugSynth_FE Centro (Bel. in pool),AugSynth_FE,2023w14,2023-04-03
20,0.20618802188727736,NA,NA,NA,pm25,M8b: AugSynth_FE Centro (Bel. in pool),AugSynth_FE,2023w15,2023-04-10
21,-0.1419307271953829,NA,NA,NA,pm25,M8b: AugSynth_FE Centro (Bel. in pool),AugSynth_FE,2023w16,2023-04-17
22,0.08325878469346204,NA,NA,NA,pm25,M8b: AugSynth_FE Centro (Bel. in pool),AugSynth_FE,2023w17,2023-04-24
23,-0.12310817903356197,NA,NA,NA,pm25,M8b: AugSynth_FE Centro (Bel. in pool),AugSynth_FE,2023w18,2023-05-01
24,0.031648256961384735,NA,NA,NA,pm25,M8b: AugSynth_FE Centro (Bel. in pool),AugSynth_FE,2023w19,2023-05-08
25,-0.09478299060230233,NA,NA,NA,pm25,M8b: AugSynth_FE Centro (Bel. in pool),AugSynth_FE,2023w20,2023-05-15
26,-0.024872359828930435,NA,NA,NA,pm25,M8b: AugSynth_FE Centro (Bel. in pool),AugSynth_FE,2023w21,2023-05-22
27,0.050469353031667996,NA,NA,NA,pm25,M8b: AugSynth_FE Centro (Bel. in pool),AugSynth_FE,2023w22,2023-05-29
28,0.14889519212449054,NA,NA,NA,pm25,M8b: AugSynth_FE Centro (Bel. in pool),AugSynth_FE,2023w23,2023-06-05
29,0.0010469871609863901,NA,NA,NA,pm25,M8b: AugSynth_FE Centro (Bel. in pool),AugSynth_FE,2023w24,2023-06-12
30,0.04424862499851567,NA,NA,NA,pm25,M8b: AugSynth_FE Centro (Bel. in pool),AugSynth_FE,2023w25,2023-06-19
31,-0.10488092449094655,NA,NA,NA,pm25,M8b: AugSynth_FE Centro (Bel. in pool),AugSynth_FE,2023w26,2023-06-26
32,0.05428966317332096,NA,NA,NA,pm25,M8b: AugSynth_FE Centro (Bel. in pool),AugSynth_FE,2023w27,2023-07-03
33,-0.05771716644713054,NA,NA,NA,pm25,M8b: AugSynth_FE Centro (Bel. in pool),AugSynth_FE,2023w28,2023-07-10
34,-0.1996155296069686,NA,NA,NA,pm25,M8b: AugSynth_FE Centro (Bel. in pool),AugSynth_FE,2023w29,2023-07-17
35,0.0905656787709681,NA,NA,NA,pm25,M8b: AugSynth_FE Centro (Bel. in pool),AugSynth_FE,2023w30,2023-07-24
36,-0.08378885474674602,NA,NA,NA,pm25,M8b: AugSynth_FE Centro (Bel. in pool),AugSynth_FE,2023w31,2023-07-31
37,-0.11897785399146699,NA,NA,NA,pm25,M8b: AugSynth_FE Centro (Bel. in pool),AugSynth_FE,2023w32,2023-08-07
38,0.1490047793192466,NA,NA,NA,pm25,M8b: AugSynth_FE Centro (Bel. in pool),AugSynth_FE,2023w33,2023-08-14
39,0.23414778272243453,NA,NA,NA,pm25,M8b: AugSynth_FE Centro (Bel. in pool),AugSynth_FE,2023w34,2023-08-21
40,-0.1725282785859461,NA,NA,NA,pm25,M8b: AugSynth_FE Centro (Bel. in pool),AugSynth_FE,2023w35,2023-08-28
41,-0.15475574875562703,NA,NA,NA,pm25,M8b: AugSynth_FE Centro (Bel. in pool),AugSynth_FE,2023w36,2023-09-04
42,-0.06045253573613607,NA,NA,NA,pm25,M8b: AugSynth_FE Centro (Bel. in pool),AugSynth_FE,2023w37,2023-09-11
43,-0.09700576477535261,NA,NA,NA,pm25,M8b: AugSynth_FE Centro (Bel. in pool),AugSynth_FE,2023w38,2023-09-18
44,0.18577135719279037,NA,NA,NA,pm25,M8b: AugSynth_FE Centro (Bel. in pool),AugSynth_FE,2023w39,2023-09-25
45,0.08039490598076604,NA,NA,NA,pm25,M8b: AugSynth_FE Centro (Bel. in pool),AugSynth_FE,2023w40,2023-10-02
46,0.10098367000278063,NA,NA,NA,pm25,M8b: AugSynth_FE Centro (Bel. in pool),AugSynth_FE,2023w41,2023-10-09
47,-0.05574424732723715,NA,NA,NA,pm25,M8b: AugSynth_FE Centro (Bel. in pool),AugSynth_FE,2023w42,2023-10-16
48,0.26248540396446884,NA,NA,NA,pm25,M8b: AugSynth_FE Centro (Bel. in pool),AugSynth_FE,2023w43,2023-10-23
49,0.33409633766406044,NA,NA,NA,pm25,M8b: AugSynth_FE Centro (Bel. in pool),AugSynth_FE,2023w44,2023-10-30
50,-0.02878134398409138,NA,NA,NA,pm25,M8b: AugSynth_FE Centro (Bel. in pool),AugSynth_FE,2023w45,2023-11-06
51,0.2262181298410484,NA,NA,NA,pm25,M8b: AugSynth_FE Centro (Bel. in pool),AugSynth_FE,2023w46,2023-11-13
52,-0.04801560951607797,NA,NA,NA,pm25,M8b: AugSynth_FE Centro (Bel. in pool),AugSynth_FE,2023w47,2023-11-20
53,0.10479055074481369,-0.17204710307447818,0.4037752168696489,0.49,pm25,M8b: AugSynth_FE Centro (Bel. in pool),AugSynth_FE,2023w48,2023-11-27
54,0.041093336568676975,-0.21359730494507156,0.3400780026935122,0.804,pm25,M8b: AugSynth_FE Centro (Bel. in pool),AugSynth_FE,2023w49,2023-12-04
55,-0.043265837954010955,-0.32010349177330283,0.25571882817082425,0.821,pm25,M8b: AugSynth_FE Centro (Bel. in pool),AugSynth_FE,2023w50,2023-12-11
56,0.12167869055608183,-0.11086493865212332,0.39851634437537364,0.416,pm25,M8b: AugSynth_FE Centro (Bel. in pool),AugSynth_FE,2023w51,2023-12-18
57,0.26584241358027416,-0.12173030176673444,0.609121104316196,0.248,pm25,M8b: AugSynth_FE Centro (Bel. in pool),AugSynth_FE,2023w52,2023-12-25
58,0.10657912219307164,-0.1481115193206769,0.38341677601236346,0.443,pm25,M8b: AugSynth_FE Centro (Bel. in pool),AugSynth_FE,2024w01,2024-01-01
59,0.250142721399905,-0.09313596933601692,0.5712743998302835,0.163,pm25,M8b: AugSynth_FE Centro (Bel. in pool),AugSynth_FE,2024w02,2024-01-08
60,0.18615142135435825,-0.11283324477047696,0.46298907517365007,0.325,pm25,M8b: AugSynth_FE Centro (Bel. in pool),AugSynth_FE,2024w03,2024-01-15
61,-0.11725049002825205,-0.3719411315420006,0.15958716379103977,0.426,pm25,M8b: AugSynth_FE Centro (Bel. in pool),AugSynth_FE,2024w04,2024-01-22
62,-0.0791210393997992,-0.35595869321909107,0.19771661441949262,0.62,pm25,M8b: AugSynth_FE Centro (Bel. in pool),AugSynth_FE,2024w05,2024-01-29
63,-0.033310151887553374,-0.2880007934013019,0.24352750193173844,0.849,pm25,M8b: AugSynth_FE Centro (Bel. in pool),AugSynth_FE,2024w06,2024-02-05
64,-0.1841582531536825,-0.4831429192785177,0.09267940066560931,0.184,pm25,M8b: AugSynth_FE Centro (Bel. in pool),AugSynth_FE,2024w07,2024-02-12
65,-0.1530423293614951,-0.42987998318078696,0.12379532445779673,0.376,pm25,M8b: AugSynth_FE Centro (Bel. in pool),AugSynth_FE,2024w08,2024-02-19
66,0.05222150131268011,-0.22461615250661177,0.30691214282642854,0.789,pm25,M8b: AugSynth_FE Centro (Bel. in pool),AugSynth_FE,2024w09,2024-02-26
67,-0.0678855264768381,-0.32257616799058664,0.20895212734245372,0.628,pm25,M8b: AugSynth_FE Centro (Bel. in pool),AugSynth_FE,2024w10,2024-03-04
68,-0.2261775048019672,-0.48086814631571573,0.05066014901732463,0.087,pm25,M8b: AugSynth_FE Centro (Bel. in pool),AugSynth_FE,2024w11,2024-03-11
69,-0.06394104375365695,-0.3186316852674055,0.27933764698226493,0.624,pm25,M8b: AugSynth_FE Centro (Bel. in pool),AugSynth_FE,2024w12,2024-03-18
70,0.15937579185527984,-0.11746186196401204,0.4805074702856583,0.398,pm25,M8b: AugSynth_FE Centro (Bel. in pool),AugSynth_FE,2024w13,2024-03-25
71,0.19400845109236808,-0.08282920272692379,0.4708461049116599,0.2,pm25,M8b: AugSynth_FE Centro (Bel. in pool),AugSynth_FE,2024w14,2024-04-01
72,-0.046379731500030275,-0.3010703730137788,0.23045792231926154,0.825,pm25,M8b: AugSynth_FE Centro (Bel. in pool),AugSynth_FE,2024w15,2024-04-08
73,-0.30801574756208705,-0.5848534013813789,-0.031178093742795232,0.047,pm25,M8b: AugSynth_FE Centro (Bel. in pool),AugSynth_FE,2024w16,2024-04-15
74,-0.08662939256872093,-0.3634670463880128,0.1902082612505709,0.598,pm25,M8b: AugSynth_FE Centro (Bel. in pool),AugSynth_FE,2024w17,2024-04-22
75,-0.2674620664581764,-0.5221527079719249,0,0.059,pm25,M8b: AugSynth_FE Centro (Bel. in pool),AugSynth_FE,2024w18,2024-04-29
76,-0.07257347843636719,-0.32726411995011573,0.20426417538292463,0.61,pm25,M8b: AugSynth_FE Centro (Bel. in pool),AugSynth_FE,2024w19,2024-05-06
77,-0.20266714625850124,-0.4573577877722498,0.07417050756079058,0.137,pm25,M8b: AugSynth_FE Centro (Bel. in pool),AugSynth_FE,2024w20,2024-05-13
78,0.0764818013067079,-0.17820884020704064,0.3533194551259997,0.6,pm25,M8b: AugSynth_FE Centro (Bel. in pool),AugSynth_FE,2024w21,2024-05-20
79,-0.10923583597467124,-0.3417794651828764,0.1454548055390772,0.438,pm25,M8b: AugSynth_FE Centro (Bel. in pool),AugSynth_FE,2024w22,2024-05-27
80,-0.10457278827590644,-0.359263429789655,0.17226486554338538,0.461,pm25,M8b: AugSynth_FE Centro (Bel. in pool),AugSynth_FE,2024w23,2024-06-03
81,-0.2361712024767173,-0.49086184399046584,0.04066645134257452,0.086,pm25,M8b: AugSynth_FE Centro (Bel. in pool),AugSynth_FE,2024w24,2024-06-10
82,-0.015613204764014732,-0.27030384627776327,0.2612244490552771,0.888,pm25,M8b: AugSynth_FE Centro (Bel. in pool),AugSynth_FE,2024w25,2024-06-17
83,-0.3822013677489067,-0.6368920092626552,-0.12751072623515824,0.009,pm25,M8b: AugSynth_FE Centro (Bel. in pool),AugSynth_FE,2024w26,2024-06-24
84,-0.2146133436632951,-0.46930398517704364,0.06222431015599672,0.105,pm25,M8b: AugSynth_FE Centro (Bel. in pool),AugSynth_FE,2024w27,2024-07-01
85,-0.3278530335634864,-0.6046906873827782,-0.05101537974419457,0.032,pm25,M8b: AugSynth_FE Centro (Bel. in pool),AugSynth_FE,2024w28,2024-07-08
86,-0.621174946172171,-0.8758655876859195,-0.2778962554362491,0.021,pm25,M8b: AugSynth_FE Centro (Bel. in pool),AugSynth_FE,2024w29,2024-07-15
87,-0.2934546987897577,-0.5924393649145929,-0.03876405727600929,0.04,pm25,M8b: AugSynth_FE Centro (Bel. in pool),AugSynth_FE,2024w30,2024-07-22
88,-0.225164127852008,-0.5020017816712998,0.05167352596728381,0.096,pm25,M8b: AugSynth_FE Centro (Bel. in pool),AugSynth_FE,2024w31,2024-07-29
89,-0.2626763268080805,-0.517366968321829,0,0.05,pm25,M8b: AugSynth_FE Centro (Bel. in pool),AugSynth_FE,2024w32,2024-08-05
90,-0.43110635230743943,-0.7079440061267313,-0.15426869848814762,0.017,pm25,M8b: AugSynth_FE Centro (Bel. in pool),AugSynth_FE,2024w33,2024-08-12
91,-0.5179206634009605,-0.7726113049147091,-0.24108300958166873,0.022,pm25,M8b: AugSynth_FE Centro (Bel. in pool),AugSynth_FE,2024w34,2024-08-19
92,-0.24754188426858859,-0.5022325257823371,0.09573680646733329,0.087,pm25,M8b: AugSynth_FE Centro (Bel. in pool),AugSynth_FE,2024w35,2024-08-26
93,-0.44023410830084275,-0.6949247498145913,-0.11910242987046427,0.023,pm25,M8b: AugSynth_FE Centro (Bel. in pool),AugSynth_FE,2024w36,2024-09-02
94,-0.640204382992648,-0.8948950245063966,-0.3633667291733562,0.018,pm25,M8b: AugSynth_FE Centro (Bel. in pool),AugSynth_FE,2024w37,2024-09-09
95,-0.3376127903077841,-0.614450444127076,-0.06077513648849231,0.028,pm25,M8b: AugSynth_FE Centro (Bel. in pool),AugSynth_FE,2024w38,2024-09-16
96,-0.6017156880563781,-0.8564063295701266,-0.34702504654262967,0.01,pm25,M8b: AugSynth_FE Centro (Bel. in pool),AugSynth_FE,2024w39,2024-09-23
97,-0.04681276898015785,-0.5894145704659699,0.4957890325056542,1,pm25,M8b: AugSynth_FE Centro (Bel. in pool),AugSynth_FE,2024w40,2024-09-30
98,-0.27038301461595315,-0.5693676807407884,0.09504268842551211,0.094,pm25,M8b: AugSynth_FE Centro (Bel. in pool),AugSynth_FE,2024w41,2024-10-07
99,-0.5506237869395045,-1.0267845515086866,0,0.336,pm25,M8b: AugSynth_FE Centro (Bel. in pool),AugSynth_FE,2024w42,2024-10-14
100,-0.24665883795027854,-0.6785255779083739,0.2959429635355335,0.562,pm25,M8b: AugSynth_FE Centro (Bel. in pool),AugSynth_FE,2024w43,2024-10-21
101,-0.39131526514638715,-0.7345939558823091,0.1512865363394249,0.162,pm25,M8b: AugSynth_FE Centro (Bel. in pool),AugSynth_FE,2024w44,2024-10-28
102,-0.040830321454671026,-0.3176679752739629,0.2138603200590774,0.847,pm25,M8b: AugSynth_FE Centro (Bel. in pool),AugSynth_FE,2024w45,2024-11-04
103,0.21597586464370133,-0.10515581378667724,0.5371075430740798,0.205,pm25,M8b: AugSynth_FE Centro (Bel. in pool),AugSynth_FE,2024w46,2024-11-11
104,-0.49793080498150344,-0.819062483411882,-0.19894613885666823,0.014,pm25,M8b: AugSynth_FE Centro (Bel. in pool),AugSynth_FE,2024w47,2024-11-18
105,-0.4915172869758919,-0.7905019531007271,-0.17038560854551343,0.014,pm25,M8b: AugSynth_FE Centro (Bel. in pool),AugSynth_FE,2024w48,2024-11-25
106,-0.2289684542110022,-0.505806108030294,0.09216322421937628,0.1,pm25,M8b: AugSynth_FE Centro (Bel. in pool),AugSynth_FE,2024w49,2024-12-02
107,-0.2597119986063965,-0.5365496524256883,0.01712565521289533,0.063,pm25,M8b: AugSynth_FE Centro (Bel. in pool),AugSynth_FE,2024w50,2024-12-09
108,-0.13501527200529617,-0.41185292582458805,0.09752835720290898,0.36,pm25,M8b: AugSynth_FE Centro (Bel. in pool),AugSynth_FE,2024w51,2024-12-16
109,-0.08606617109935266,-0.36290382491864454,0.19077148271993916,0.619,pm25,M8b: AugSynth_FE Centro (Bel. in pool),AugSynth_FE,2024w52,2024-12-23
110,-0.049098513721373305,-0.3259361675406652,0.2498861524034619,0.807,pm25,M8b: AugSynth_FE Centro (Bel. in pool),AugSynth_FE,2025w01,2024-12-30
111,-0.16593455063894735,-0.5092132413748693,0.3766672508468647,0.68,pm25,M8b: AugSynth_FE Centro (Bel. in pool),AugSynth_FE,2025w02,2025-01-06
112,-0.20235461942743838,-0.4570452609411869,0.07448303439185344,0.125,pm25,M8b: AugSynth_FE Centro (Bel. in pool),AugSynth_FE,2025w10,2025-03-03
113,0.008655414756950641,-0.26818223906234123,0.28549306857624246,0.965,pm25,M8b: AugSynth_FE Centro (Bel. in pool),AugSynth_FE,2025w11,2025-03-10
114,-0.13320423807755555,-0.4764829288134775,0.12148640343619288,0.409,pm25,M8b: AugSynth_FE Centro (Bel. in pool),AugSynth_FE,2025w12,2025-03-17
115,-0.2823258186818509,-0.5591634725011427,0.016658847442984293,0.038,pm25,M8b: AugSynth_FE Centro (Bel. in pool),AugSynth_FE,2025w13,2025-03-24
116,-0.24544949894000068,-0.5222871527592925,0.05353516718483453,0.095,pm25,M8b: AugSynth_FE Centro (Bel. in pool),AugSynth_FE,2025w14,2025-03-31
1,0.014890993595805035,NA,NA,NA,pm25,M9: AugSynth_FE Belisario (Centro dropped),AugSynth_FE,2022w48,2022-11-28
2,-0.15242979161074244,NA,NA,NA,pm25,M9: AugSynth_FE Belisario (Centro dropped),AugSynth_FE,2022w49,2022-12-05
3,0.0833922452582132,NA,NA,NA,pm25,M9: AugSynth_FE Belisario (Centro dropped),AugSynth_FE,2022w50,2022-12-12
4,0.15391382741159543,NA,NA,NA,pm25,M9: AugSynth_FE Belisario (Centro dropped),AugSynth_FE,2022w51,2022-12-19
5,0.04951685820865093,NA,NA,NA,pm25,M9: AugSynth_FE Belisario (Centro dropped),AugSynth_FE,2022w52,2022-12-26
6,-0.014968464512432167,NA,NA,NA,pm25,M9: AugSynth_FE Belisario (Centro dropped),AugSynth_FE,2023w01,2023-01-02
7,0.2160131637593179,NA,NA,NA,pm25,M9: AugSynth_FE Belisario (Centro dropped),AugSynth_FE,2023w02,2023-01-09
8,-0.031814756413147904,NA,NA,NA,pm25,M9: AugSynth_FE Belisario (Centro dropped),AugSynth_FE,2023w03,2023-01-16
9,-0.017147830672332276,NA,NA,NA,pm25,M9: AugSynth_FE Belisario (Centro dropped),AugSynth_FE,2023w04,2023-01-23
10,-0.026792652078739376,NA,NA,NA,pm25,M9: AugSynth_FE Belisario (Centro dropped),AugSynth_FE,2023w05,2023-01-30
11,0.00254247748845593,NA,NA,NA,pm25,M9: AugSynth_FE Belisario (Centro dropped),AugSynth_FE,2023w06,2023-02-06
12,0.2912974769461676,NA,NA,NA,pm25,M9: AugSynth_FE Belisario (Centro dropped),AugSynth_FE,2023w07,2023-02-13
13,-0.12582086209077303,NA,NA,NA,pm25,M9: AugSynth_FE Belisario (Centro dropped),AugSynth_FE,2023w08,2023-02-20
14,0.11469970378715999,NA,NA,NA,pm25,M9: AugSynth_FE Belisario (Centro dropped),AugSynth_FE,2023w09,2023-02-27
15,0.21722352175215764,NA,NA,NA,pm25,M9: AugSynth_FE Belisario (Centro dropped),AugSynth_FE,2023w10,2023-03-06
16,-0.02332568012827574,NA,NA,NA,pm25,M9: AugSynth_FE Belisario (Centro dropped),AugSynth_FE,2023w11,2023-03-13
17,0.24235854975886495,NA,NA,NA,pm25,M9: AugSynth_FE Belisario (Centro dropped),AugSynth_FE,2023w12,2023-03-20
18,0.10967919168658558,NA,NA,NA,pm25,M9: AugSynth_FE Belisario (Centro dropped),AugSynth_FE,2023w13,2023-03-27
19,0.23621219722957898,NA,NA,NA,pm25,M9: AugSynth_FE Belisario (Centro dropped),AugSynth_FE,2023w14,2023-04-03
20,-0.11084345749040647,NA,NA,NA,pm25,M9: AugSynth_FE Belisario (Centro dropped),AugSynth_FE,2023w15,2023-04-10
21,0.04612220229540309,NA,NA,NA,pm25,M9: AugSynth_FE Belisario (Centro dropped),AugSynth_FE,2023w16,2023-04-17
22,0.17259351467294737,NA,NA,NA,pm25,M9: AugSynth_FE Belisario (Centro dropped),AugSynth_FE,2023w17,2023-04-24
23,-0.31496691054470416,NA,NA,NA,pm25,M9: AugSynth_FE Belisario (Centro dropped),AugSynth_FE,2023w18,2023-05-01
24,-0.12882633903969865,NA,NA,NA,pm25,M9: AugSynth_FE Belisario (Centro dropped),AugSynth_FE,2023w19,2023-05-08
25,0.2958517205007132,NA,NA,NA,pm25,M9: AugSynth_FE Belisario (Centro dropped),AugSynth_FE,2023w20,2023-05-15
26,0.1376809101090375,NA,NA,NA,pm25,M9: AugSynth_FE Belisario (Centro dropped),AugSynth_FE,2023w21,2023-05-22
27,-0.07748792331769172,NA,NA,NA,pm25,M9: AugSynth_FE Belisario (Centro dropped),AugSynth_FE,2023w22,2023-05-29
28,0.11926318505378042,NA,NA,NA,pm25,M9: AugSynth_FE Belisario (Centro dropped),AugSynth_FE,2023w23,2023-06-05
29,-0.01659800677026757,NA,NA,NA,pm25,M9: AugSynth_FE Belisario (Centro dropped),AugSynth_FE,2023w24,2023-06-12
30,-0.3214757056833806,NA,NA,NA,pm25,M9: AugSynth_FE Belisario (Centro dropped),AugSynth_FE,2023w25,2023-06-19
31,-0.1589326485668554,NA,NA,NA,pm25,M9: AugSynth_FE Belisario (Centro dropped),AugSynth_FE,2023w26,2023-06-26
32,0.24980742190689176,NA,NA,NA,pm25,M9: AugSynth_FE Belisario (Centro dropped),AugSynth_FE,2023w27,2023-07-03
33,-0.055535340890372265,NA,NA,NA,pm25,M9: AugSynth_FE Belisario (Centro dropped),AugSynth_FE,2023w28,2023-07-10
34,-0.23501985897295885,NA,NA,NA,pm25,M9: AugSynth_FE Belisario (Centro dropped),AugSynth_FE,2023w29,2023-07-17
35,-0.15725295495083857,NA,NA,NA,pm25,M9: AugSynth_FE Belisario (Centro dropped),AugSynth_FE,2023w30,2023-07-24
36,-0.1847185741919004,NA,NA,NA,pm25,M9: AugSynth_FE Belisario (Centro dropped),AugSynth_FE,2023w31,2023-07-31
37,-0.5200120944405819,NA,NA,NA,pm25,M9: AugSynth_FE Belisario (Centro dropped),AugSynth_FE,2023w32,2023-08-07
38,0.11473937471601836,NA,NA,NA,pm25,M9: AugSynth_FE Belisario (Centro dropped),AugSynth_FE,2023w33,2023-08-14
39,-0.06975749731017444,NA,NA,NA,pm25,M9: AugSynth_FE Belisario (Centro dropped),AugSynth_FE,2023w34,2023-08-21
40,-0.06278171843831482,NA,NA,NA,pm25,M9: AugSynth_FE Belisario (Centro dropped),AugSynth_FE,2023w35,2023-08-28
41,-0.11714612904713073,NA,NA,NA,pm25,M9: AugSynth_FE Belisario (Centro dropped),AugSynth_FE,2023w36,2023-09-04
42,-0.13516346234832044,NA,NA,NA,pm25,M9: AugSynth_FE Belisario (Centro dropped),AugSynth_FE,2023w37,2023-09-11
43,-0.15965338949956376,NA,NA,NA,pm25,M9: AugSynth_FE Belisario (Centro dropped),AugSynth_FE,2023w38,2023-09-18
44,0.0953116036735504,NA,NA,NA,pm25,M9: AugSynth_FE Belisario (Centro dropped),AugSynth_FE,2023w39,2023-09-25
45,0.21991198943751078,NA,NA,NA,pm25,M9: AugSynth_FE Belisario (Centro dropped),AugSynth_FE,2023w40,2023-10-02
46,-0.3403800960124701,NA,NA,NA,pm25,M9: AugSynth_FE Belisario (Centro dropped),AugSynth_FE,2023w41,2023-10-09
47,-0.10818036804566722,NA,NA,NA,pm25,M9: AugSynth_FE Belisario (Centro dropped),AugSynth_FE,2023w42,2023-10-16
48,-0.011889776967382915,NA,NA,NA,pm25,M9: AugSynth_FE Belisario (Centro dropped),AugSynth_FE,2023w43,2023-10-23
49,-0.24409973964635734,NA,NA,NA,pm25,M9: AugSynth_FE Belisario (Centro dropped),AugSynth_FE,2023w44,2023-10-30
50,0.03681571318193422,NA,NA,NA,pm25,M9: AugSynth_FE Belisario (Centro dropped),AugSynth_FE,2023w45,2023-11-06
51,0.3002797222763074,NA,NA,NA,pm25,M9: AugSynth_FE Belisario (Centro dropped),AugSynth_FE,2023w46,2023-11-13
52,0.40290446497484655,NA,NA,NA,pm25,M9: AugSynth_FE Belisario (Centro dropped),AugSynth_FE,2023w47,2023-11-20
53,-0.09973181966895961,-0.5096666463995599,0.3648609839590542,0.683,pm25,M9: AugSynth_FE Belisario (Centro dropped),AugSynth_FE,2023w48,2023-11-27
54,0.06878725390941387,-0.34114757282118646,0.5333800575374277,0.741,pm25,M9: AugSynth_FE Belisario (Centro dropped),AugSynth_FE,2023w49,2023-12-04
55,-0.003749393403406298,-0.46834219703142,0.5155013871220209,0.981,pm25,M9: AugSynth_FE Belisario (Centro dropped),AugSynth_FE,2023w50,2023-12-11
56,-0.05521219567130853,-0.46514702240190886,0.3547226310592919,0.778,pm25,M9: AugSynth_FE Belisario (Centro dropped),AugSynth_FE,2023w51,2023-12-18
57,-0.5944120100293446,-1.0590048136573582,0.19812865498314958,0.065,pm25,M9: AugSynth_FE Belisario (Centro dropped),AugSynth_FE,2023w52,2023-12-25
58,-0.22543376581883123,-0.6353685925494316,0.1845010609117692,0.302,pm25,M9: AugSynth_FE Belisario (Centro dropped),AugSynth_FE,2024w01,2024-01-01
59,-0.5819688659686926,-0.9919036926992929,-0.0627180854432654,0.039,pm25,M9: AugSynth_FE Belisario (Centro dropped),AugSynth_FE,2024w02,2024-01-08
60,-0.5634322899621034,-1.028025093590117,-0.0441815094366762,0.044,pm25,M9: AugSynth_FE Belisario (Centro dropped),AugSynth_FE,2024w03,2024-01-15
61,-0.12213139950490381,-0.4774082493380908,0.28780342722569663,0.589,pm25,M9: AugSynth_FE Belisario (Centro dropped),AugSynth_FE,2024w04,2024-01-22
62,-0.17545078358725386,-0.5853856103178542,0.28914202004075995,0.376,pm25,M9: AugSynth_FE Belisario (Centro dropped),AugSynth_FE,2024w05,2024-01-29
63,0.10690180565885665,-0.3030330210717437,0.5168366323894571,0.667,pm25,M9: AugSynth_FE Belisario (Centro dropped),AugSynth_FE,2024w06,2024-02-05
64,-0.2019800970239718,-0.6119149237545721,0.20795472970662865,0.34,pm25,M9: AugSynth_FE Belisario (Centro dropped),AugSynth_FE,2024w07,2024-02-12
65,-0.08995551146877023,-0.49989033819937057,0.3746372921592436,0.708,pm25,M9: AugSynth_FE Belisario (Centro dropped),AugSynth_FE,2024w08,2024-02-19
66,-0.08826889105028757,-0.4982037177808879,0.37632391257772624,0.732,pm25,M9: AugSynth_FE Belisario (Centro dropped),AugSynth_FE,2024w09,2024-02-26
67,-0.14847746320941946,-0.5584122899400198,0.31611534041859435,0.475,pm25,M9: AugSynth_FE Belisario (Centro dropped),AugSynth_FE,2024w10,2024-03-04
68,0.24359507038824768,-0.16633975634235265,0.6535298971188481,0.28,pm25,M9: AugSynth_FE Belisario (Centro dropped),AugSynth_FE,2024w11,2024-03-11
69,-0.1280079668586942,-0.5379427935892945,0.28192685987190624,0.498,pm25,M9: AugSynth_FE Belisario (Centro dropped),AugSynth_FE,2024w12,2024-03-18
70,0.07304092591425482,-0.28223592391893215,0.592291706439682,0.731,pm25,M9: AugSynth_FE Belisario (Centro dropped),AugSynth_FE,2024w13,2024-03-25
71,0.027754441548517583,-0.38218038518208275,0.437689268279118,0.886,pm25,M9: AugSynth_FE Belisario (Centro dropped),AugSynth_FE,2024w14,2024-04-01
72,-0.14540275232989597,-0.5006796021630829,0.2645320744007045,0.458,pm25,M9: AugSynth_FE Belisario (Centro dropped),AugSynth_FE,2024w15,2024-04-08
73,0.1811884318209449,-0.22874639490965543,0.5911232585515453,0.377,pm25,M9: AugSynth_FE Belisario (Centro dropped),AugSynth_FE,2024w16,2024-04-15
74,0.1644872552436607,-0.24544757148693963,0.5744220819742611,0.478,pm25,M9: AugSynth_FE Belisario (Centro dropped),AugSynth_FE,2024w17,2024-04-22
75,0.23215741662329048,-0.17777741010730985,0.6420922433538909,0.272,pm25,M9: AugSynth_FE Belisario (Centro dropped),AugSynth_FE,2024w18,2024-04-29
76,0.12207306595223555,-0.2878617607783648,0.532007892682836,0.549,pm25,M9: AugSynth_FE Belisario (Centro dropped),AugSynth_FE,2024w19,2024-05-06
77,0.13288810528118855,-0.22238874455199842,0.542822932011789,0.54,pm25,M9: AugSynth_FE Belisario (Centro dropped),AugSynth_FE,2024w20,2024-05-13
78,-0.11180659460991604,-0.467083444443103,0.2981282321206844,0.618,pm25,M9: AugSynth_FE Belisario (Centro dropped),AugSynth_FE,2024w21,2024-05-20
79,0.20885690619430752,-0.14641994363887945,0.618791732924908,0.32,pm25,M9: AugSynth_FE Belisario (Centro dropped),AugSynth_FE,2024w22,2024-05-27
80,0.11817639999908636,-0.2371004498341006,0.5281112267296868,0.605,pm25,M9: AugSynth_FE Belisario (Centro dropped),AugSynth_FE,2024w23,2024-06-03
81,0.19638758827176073,-0.2135472384588396,0.6063224150023612,0.313,pm25,M9: AugSynth_FE Belisario (Centro dropped),AugSynth_FE,2024w24,2024-06-10
82,0.14337832578714504,-0.21189852404604193,0.5533131525177455,0.443,pm25,M9: AugSynth_FE Belisario (Centro dropped),AugSynth_FE,2024w25,2024-06-17
83,0.03890364417770931,-0.31637320565547766,0.44883847090830975,0.8,pm25,M9: AugSynth_FE Belisario (Centro dropped),AugSynth_FE,2024w26,2024-06-24
84,0.05811085402566496,-0.3518239727049354,0.41338770385885204,0.765,pm25,M9: AugSynth_FE Belisario (Centro dropped),AugSynth_FE,2024w27,2024-07-01
85,-0.015432606402730364,-0.4253674331333307,0.3945022203278701,0.958,pm25,M9: AugSynth_FE Belisario (Centro dropped),AugSynth_FE,2024w28,2024-07-08
86,-0.3582623112250718,-0.7681971379556721,0.05167251550552865,0.059,pm25,M9: AugSynth_FE Belisario (Centro dropped),AugSynth_FE,2024w29,2024-07-15
87,-0.19325064593952934,-0.7125014264649564,0.2166841807910711,0.308,pm25,M9: AugSynth_FE Belisario (Centro dropped),AugSynth_FE,2024w30,2024-07-22
88,-0.2144600291672214,-0.5697368790004084,0.19547479756337904,0.333,pm25,M9: AugSynth_FE Belisario (Centro dropped),AugSynth_FE,2024w31,2024-07-29
89,0.03679289781389539,-0.3184839520192916,0.44672772454449583,0.812,pm25,M9: AugSynth_FE Belisario (Centro dropped),AugSynth_FE,2024w32,2024-08-05
90,-0.3121786186730606,-0.6674554685062476,0.09775620805753982,0.154,pm25,M9: AugSynth_FE Belisario (Centro dropped),AugSynth_FE,2024w33,2024-08-12
91,-0.12645942224092677,-0.5363942489715271,0.2834754044896737,0.566,pm25,M9: AugSynth_FE Belisario (Centro dropped),AugSynth_FE,2024w34,2024-08-19
92,-0.2107639676194819,-0.6753567712474956,0.14451288221370517,0.315,pm25,M9: AugSynth_FE Belisario (Centro dropped),AugSynth_FE,2024w35,2024-08-26
93,-0.13221004187217034,-0.6514608223975974,0.2777247848584301,0.498,pm25,M9: AugSynth_FE Belisario (Centro dropped),AugSynth_FE,2024w36,2024-09-02
94,0.11424093321650819,-0.29569389351409214,0.5241757599471086,0.662,pm25,M9: AugSynth_FE Belisario (Centro dropped),AugSynth_FE,2024w37,2024-09-09
95,-0.3604180411409983,-0.9343267985638387,0.04951678558960215,0.051,pm25,M9: AugSynth_FE Belisario (Centro dropped),AugSynth_FE,2024w38,2024-09-16
96,-0.09354771970942632,-0.4488245695426133,0.3163871070211741,0.687,pm25,M9: AugSynth_FE Belisario (Centro dropped),AugSynth_FE,2024w39,2024-09-23
97,4.193553477447195,0,5.5326739114338235,0.1,pm25,M9: AugSynth_FE Belisario (Centro dropped),AugSynth_FE,2024w40,2024-09-30
98,0.5796334255697735,0.11504062194175979,1.0442262291977873,0.037,pm25,M9: AugSynth_FE Belisario (Centro dropped),AugSynth_FE,2024w41,2024-10-07
99,1.776938630822728,0.4378181968361001,2.4601633420403957,0.035,pm25,M9: AugSynth_FE Belisario (Centro dropped),AugSynth_FE,2024w42,2024-10-14
100,1.5299797476062054,0.3001752674144043,2.1038885050290457,0.021,pm25,M9: AugSynth_FE Belisario (Centro dropped),AugSynth_FE,2024w43,2024-10-21
101,1.089245542762634,0.29670487775014,1.6084963232880611,0.012,pm25,M9: AugSynth_FE Belisario (Centro dropped),AugSynth_FE,2024w44,2024-10-28
102,0.26769669311481525,-0.14223813361578508,0.6776315198454157,0.253,pm25,M9: AugSynth_FE Belisario (Centro dropped),AugSynth_FE,2024w45,2024-11-04
103,-0.19760627825006694,-0.6621990818780806,0.32164450227536023,0.433,pm25,M9: AugSynth_FE Belisario (Centro dropped),AugSynth_FE,2024w46,2024-11-11
104,0.19995260538137893,-0.26464019824663476,0.6645454090093927,0.408,pm25,M9: AugSynth_FE Belisario (Centro dropped),AugSynth_FE,2024w47,2024-11-18
105,0.5528991605700737,0.08830635694206002,1.0721499410955009,0.028,pm25,M9: AugSynth_FE Belisario (Centro dropped),AugSynth_FE,2024w48,2024-11-25
106,0.08323659239968961,-0.27204025743349736,0.49317141913029006,0.706,pm25,M9: AugSynth_FE Belisario (Centro dropped),AugSynth_FE,2024w49,2024-12-02
107,0.294541599624341,-0.06073525020884596,0.7044764263549415,0.159,pm25,M9: AugSynth_FE Belisario (Centro dropped),AugSynth_FE,2024w50,2024-12-09
108,0.22247655474464167,-0.18745827198595866,0.6324113814752421,0.33,pm25,M9: AugSynth_FE Belisario (Centro dropped),AugSynth_FE,2024w51,2024-12-16
109,0.05635346801085195,-0.298923381822335,0.4662882947414524,0.767,pm25,M9: AugSynth_FE Belisario (Centro dropped),AugSynth_FE,2024w52,2024-12-23
110,-0.12722165463750024,-0.5371564813681006,0.39202912588792693,0.655,pm25,M9: AugSynth_FE Belisario (Centro dropped),AugSynth_FE,2025w01,2024-12-30
111,1.1058452437181194,0.20398862491079867,1.7344119780383733,0.02,pm25,M9: AugSynth_FE Belisario (Centro dropped),AugSynth_FE,2025w02,2025-01-06
112,0.027025808197912227,-0.3829090185326881,0.3823026580310993,0.881,pm25,M9: AugSynth_FE Belisario (Centro dropped),AugSynth_FE,2025w10,2025-03-03
113,0.2043231568804793,-0.20561166985012103,0.6142579836110797,0.35,pm25,M9: AugSynth_FE Belisario (Centro dropped),AugSynth_FE,2025w11,2025-03-10
114,0.24379179698552278,-0.11148505284766419,0.6537266237161232,0.289,pm25,M9: AugSynth_FE Belisario (Centro dropped),AugSynth_FE,2025w12,2025-03-17
115,-0.018155837821159704,-0.3734326876543467,0.4464369658068541,0.905,pm25,M9: AugSynth_FE Belisario (Centro dropped),AugSynth_FE,2025w13,2025-03-24
116,-0.05938345616152718,-0.4693182828921275,0.4052093474664866,0.75,pm25,M9: AugSynth_FE Belisario (Centro dropped),AugSynth_FE,2025w14,2025-03-31
