time,estimate,ci_lower,ci_upper,p_val,pollutant,model,method,week_label,week_date
1,-0.15369352457164642,NA,NA,NA,so2,M4: AugSynth Centro+Belisario,AugSynth,2022w48,2022-11-28
2,-0.05180038447272217,NA,NA,NA,so2,M4: AugSynth Centro+Belisario,AugSynth,2022w49,2022-12-05
3,-0.23502474753113822,NA,NA,NA,so2,M4: AugSynth Centro+Belisario,AugSynth,2022w50,2022-12-12
4,-0.09217745663534527,NA,NA,NA,so2,M4: AugSynth Centro+Belisario,AugSynth,2022w51,2022-12-19
5,-0.31497092542278704,NA,NA,NA,so2,M4: AugSynth Centro+Belisario,AugSynth,2022w52,2022-12-26
6,-0.18427465052132574,NA,NA,NA,so2,M4: AugSynth Centro+Belisario,AugSynth,2023w01,2023-01-02
7,-0.03923766959331121,NA,NA,NA,so2,M4: AugSynth Centro+Belisario,AugSynth,2023w02,2023-01-09
8,-0.13595268676496985,NA,NA,NA,so2,M4: AugSynth Centro+Belisario,AugSynth,2023w03,2023-01-16
9,-0.20476694851839827,NA,NA,NA,so2,M4: AugSynth Centro+Belisario,AugSynth,2023w04,2023-01-23
10,0.01724307845891282,NA,NA,NA,so2,M4: AugSynth Centro+Belisario,AugSynth,2023w05,2023-01-30
11,0.12629562944354356,NA,NA,NA,so2,M4: AugSynth Centro+Belisario,AugSynth,2023w06,2023-02-06
12,0.1379525603891132,NA,NA,NA,so2,M4: AugSynth Centro+Belisario,AugSynth,2023w07,2023-02-13
13,0.16984283515163412,NA,NA,NA,so2,M4: AugSynth Centro+Belisario,AugSynth,2023w08,2023-02-20
14,-0.05245315649738869,NA,NA,NA,so2,M4: AugSynth Centro+Belisario,AugSynth,2023w09,2023-02-27
15,0.4254458707060107,NA,NA,NA,so2,M4: AugSynth Centro+Belisario,AugSynth,2023w10,2023-03-06
16,0.22080767797338163,NA,NA,NA,so2,M4: AugSynth Centro+Belisario,AugSynth,2023w11,2023-03-13
17,0.13461731052843517,NA,NA,NA,so2,M4: AugSynth Centro+Belisario,AugSynth,2023w12,2023-03-20
18,0.3653697767764106,NA,NA,NA,so2,M4: AugSynth Centro+Belisario,AugSynth,2023w13,2023-03-27
19,0.39021576585476514,NA,NA,NA,so2,M4: AugSynth Centro+Belisario,AugSynth,2023w14,2023-04-03
20,0.2667783966698143,NA,NA,NA,so2,M4: AugSynth Centro+Belisario,AugSynth,2023w15,2023-04-10
21,0.2566240338455319,NA,NA,NA,so2,M4: AugSynth Centro+Belisario,AugSynth,2023w16,2023-04-17
22,0.11648691925357313,NA,NA,NA,so2,M4: AugSynth Centro+Belisario,AugSynth,2023w17,2023-04-24
23,-0.33001062912981527,NA,NA,NA,so2,M4: AugSynth Centro+Belisario,AugSynth,2023w18,2023-05-01
24,-0.07503051874327982,NA,NA,NA,so2,M4: AugSynth Centro+Belisario,AugSynth,2023w19,2023-05-08
25,0.07102765671599331,NA,NA,NA,so2,M4: AugSynth Centro+Belisario,AugSynth,2023w20,2023-05-15
26,0.2785691659015359,NA,NA,NA,so2,M4: AugSynth Centro+Belisario,AugSynth,2023w21,2023-05-22
27,0.22855235308281574,NA,NA,NA,so2,M4: AugSynth Centro+Belisario,AugSynth,2023w22,2023-05-29
28,0.28061690594912503,NA,NA,NA,so2,M4: AugSynth Centro+Belisario,AugSynth,2023w23,2023-06-05
29,0.12563232255319168,NA,NA,NA,so2,M4: AugSynth Centro+Belisario,AugSynth,2023w24,2023-06-12
30,0.0746430901497781,NA,NA,NA,so2,M4: AugSynth Centro+Belisario,AugSynth,2023w25,2023-06-19
31,0.09161648753018148,NA,NA,NA,so2,M4: AugSynth Centro+Belisario,AugSynth,2023w26,2023-06-26
32,0.28469451384312117,NA,NA,NA,so2,M4: AugSynth Centro+Belisario,AugSynth,2023w27,2023-07-03
33,0.07953607911637128,NA,NA,NA,so2,M4: AugSynth Centro+Belisario,AugSynth,2023w28,2023-07-10
34,0.400326908817353,NA,NA,NA,so2,M4: AugSynth Centro+Belisario,AugSynth,2023w29,2023-07-17
35,0.13644617484391475,NA,NA,NA,so2,M4: AugSynth Centro+Belisario,AugSynth,2023w30,2023-07-24
36,0.08310313913774814,NA,NA,NA,so2,M4: AugSynth Centro+Belisario,AugSynth,2023w31,2023-07-31
37,-0.48300887869238984,NA,NA,NA,so2,M4: AugSynth Centro+Belisario,AugSynth,2023w32,2023-08-07
38,-0.12268128505539844,NA,NA,NA,so2,M4: AugSynth Centro+Belisario,AugSynth,2023w33,2023-08-14
39,-0.03548088687340867,NA,NA,NA,so2,M4: AugSynth Centro+Belisario,AugSynth,2023w34,2023-08-21
40,-0.2862040713490681,NA,NA,NA,so2,M4: AugSynth Centro+Belisario,AugSynth,2023w35,2023-08-28
41,-0.2570318647898058,NA,NA,NA,so2,M4: AugSynth Centro+Belisario,AugSynth,2023w36,2023-09-04
42,-0.40668244272973775,NA,NA,NA,so2,M4: AugSynth Centro+Belisario,AugSynth,2023w37,2023-09-11
43,-0.03410347917058698,NA,NA,NA,so2,M4: AugSynth Centro+Belisario,AugSynth,2023w38,2023-09-18
44,0.14489623377500038,NA,NA,NA,so2,M4: AugSynth Centro+Belisario,AugSynth,2023w39,2023-09-25
45,0.27759620126462425,NA,NA,NA,so2,M4: AugSynth Centro+Belisario,AugSynth,2023w40,2023-10-02
46,-0.49619858557638175,NA,NA,NA,so2,M4: AugSynth Centro+Belisario,AugSynth,2023w41,2023-10-09
47,-0.21955573904169712,NA,NA,NA,so2,M4: AugSynth Centro+Belisario,AugSynth,2023w42,2023-10-16
48,-0.31423105308289623,NA,NA,NA,so2,M4: AugSynth Centro+Belisario,AugSynth,2023w43,2023-10-23
49,0.09603873306221278,NA,NA,NA,so2,M4: AugSynth Centro+Belisario,AugSynth,2023w44,2023-10-30
50,-0.6465958519987407,NA,NA,NA,so2,M4: AugSynth Centro+Belisario,AugSynth,2023w45,2023-11-06
51,-0.060062704568575764,NA,NA,NA,so2,M4: AugSynth Centro+Belisario,AugSynth,2023w46,2023-11-13
52,-0.08266949002901414,NA,NA,NA,so2,M4: AugSynth Centro+Belisario,AugSynth,2023w47,2023-11-20
53,-0.22003084347697222,-0.6748090227053423,0.23474733575139778,0.431,so2,M4: AugSynth Centro+Belisario,AugSynth,2023w48,2023-11-27
54,-0.24630896571301353,-0.7010871449413836,0.20846921351535647,0.379,so2,M4: AugSynth Centro+Belisario,AugSynth,2023w49,2023-12-04
55,-0.20266961056218946,-0.6574477897905595,0.25210856866618053,0.474,so2,M4: AugSynth Centro+Belisario,AugSynth,2023w50,2023-12-11
56,0.06937587005376455,-0.38540230917460544,0.5241540492821346,0.862,so2,M4: AugSynth Centro+Belisario,AugSynth,2023w51,2023-12-18
57,-0.06665505029085983,-0.5214332295192299,0.38812312893751016,0.883,so2,M4: AugSynth Centro+Belisario,AugSynth,2023w52,2023-12-25
58,0.08918812454871294,-0.36559005467965705,0.543966303777083,0.784,so2,M4: AugSynth Centro+Belisario,AugSynth,2024w01,2024-01-01
59,-0.11874417186301622,-0.5735223510913863,0.33603400736535377,0.72,so2,M4: AugSynth Centro+Belisario,AugSynth,2024w02,2024-01-08
60,-0.24066802221045025,-0.6954462014388203,0.21411015701791974,0.399,so2,M4: AugSynth Centro+Belisario,AugSynth,2024w03,2024-01-15
61,-0.16048949632910836,-0.6152676755574784,0.29428868289926163,0.514,so2,M4: AugSynth Centro+Belisario,AugSynth,2024w04,2024-01-22
62,-0.11485703700139949,-0.5696352162297695,0.3399211422269705,0.703,so2,M4: AugSynth Centro+Belisario,AugSynth,2024w05,2024-01-29
63,-0.24954859915337324,-0.7043267783817433,0.20522958007499675,0.362,so2,M4: AugSynth Centro+Belisario,AugSynth,2024w06,2024-02-05
64,-0.19882401587258247,-0.6536021951009525,0.2559541633557875,0.484,so2,M4: AugSynth Centro+Belisario,AugSynth,2024w07,2024-02-12
65,-0.3743590162384973,-0.8291371954668674,0.08041916298987267,0.151,so2,M4: AugSynth Centro+Belisario,AugSynth,2024w08,2024-02-19
66,0.015377627704402652,-0.43940055152396734,0.47015580693277265,1,so2,M4: AugSynth Centro+Belisario,AugSynth,2024w09,2024-02-26
67,-0.17165882742915373,-0.6264370066575238,0.28311935179921627,0.497,so2,M4: AugSynth Centro+Belisario,AugSynth,2024w10,2024-03-04
68,-0.08035680383900856,-0.5351349830673786,0.37442137538936143,0.801,so2,M4: AugSynth Centro+Belisario,AugSynth,2024w11,2024-03-11
69,-0.11359898619518494,-0.568377165423555,0.34117919303318506,0.69,so2,M4: AugSynth Centro+Belisario,AugSynth,2024w12,2024-03-18
70,0.30836524322316783,-0.14641293600520217,0.7631434224515379,0.201,so2,M4: AugSynth Centro+Belisario,AugSynth,2024w13,2024-03-25
71,0.20533606465265297,-0.24944211457571702,0.660114243881023,0.474,so2,M4: AugSynth Centro+Belisario,AugSynth,2024w14,2024-04-01
72,-0.3323257360172054,-0.7871039152455754,0.12245244321116461,0.176,so2,M4: AugSynth Centro+Belisario,AugSynth,2024w15,2024-04-08
73,-0.09973312427955539,-0.5545113035079254,0.3550450549488146,0.691,so2,M4: AugSynth Centro+Belisario,AugSynth,2024w16,2024-04-15
74,-0.05900240907416299,-0.513780588302533,0.395775770154207,0.886,so2,M4: AugSynth Centro+Belisario,AugSynth,2024w17,2024-04-22
75,-0.10076094521746493,-0.555539124445835,0.35401723401090507,0.729,so2,M4: AugSynth Centro+Belisario,AugSynth,2024w18,2024-04-29
76,-0.06791952116899114,-0.5226977003973612,0.38685865805937886,0.835,so2,M4: AugSynth Centro+Belisario,AugSynth,2024w19,2024-05-06
77,-0.1966881450246889,-0.651466324253059,0.2580900342036811,0.46,so2,M4: AugSynth Centro+Belisario,AugSynth,2024w20,2024-05-13
78,-0.5181891529272145,-0.9729673321555845,-0.06341097369884446,0.03,so2,M4: AugSynth Centro+Belisario,AugSynth,2024w21,2024-05-20
79,-0.39359861686535014,-0.8483767960937201,0.06117956236301986,0.152,so2,M4: AugSynth Centro+Belisario,AugSynth,2024w22,2024-05-27
80,0.039966279026436013,-0.414811900201934,0.494744458254806,0.906,so2,M4: AugSynth Centro+Belisario,AugSynth,2024w23,2024-06-03
81,0.3063832830331935,-0.14839489619517648,0.7611614622615634,0.241,so2,M4: AugSynth Centro+Belisario,AugSynth,2024w24,2024-06-10
82,-0.12226097213003473,-0.5770391513584048,0.33251720709833527,0.667,so2,M4: AugSynth Centro+Belisario,AugSynth,2024w25,2024-06-17
83,0.04830683308577011,-0.4064713461425999,0.5030850123141402,0.929,so2,M4: AugSynth Centro+Belisario,AugSynth,2024w26,2024-06-24
84,-0.040708435723767256,-0.49548661495213725,0.41406974350460274,0.925,so2,M4: AugSynth Centro+Belisario,AugSynth,2024w27,2024-07-01
85,-0.3644432789876615,-0.8192214582160315,0.0903349002407085,0.166,so2,M4: AugSynth Centro+Belisario,AugSynth,2024w28,2024-07-08
86,-0.1283139938207083,-0.5830921730490783,0.3264641854076617,0.613,so2,M4: AugSynth Centro+Belisario,AugSynth,2024w29,2024-07-15
87,-0.07014428025849995,-0.52492245948687,0.38463389896987005,0.854,so2,M4: AugSynth Centro+Belisario,AugSynth,2024w30,2024-07-22
88,0.42342728310930333,-0.03135089611906666,0.8782054623376734,0.156,so2,M4: AugSynth Centro+Belisario,AugSynth,2024w31,2024-07-29
89,-0.03616471577926417,-0.49094289500763416,0.4186134634491058,0.971,so2,M4: AugSynth Centro+Belisario,AugSynth,2024w32,2024-08-05
90,0.11667376896905712,-0.33810441025931287,0.5714519481974272,0.713,so2,M4: AugSynth Centro+Belisario,AugSynth,2024w33,2024-08-12
91,0.15461862492257028,-0.3001595543057997,0.6093968041509403,0.553,so2,M4: AugSynth Centro+Belisario,AugSynth,2024w34,2024-08-19
92,0.5248785642386987,0,0.9796567434670687,0.071,so2,M4: AugSynth Centro+Belisario,AugSynth,2024w35,2024-08-26
93,-0.3142120944935851,-0.7689902737219552,0.14056608473478488,0.221,so2,M4: AugSynth Centro+Belisario,AugSynth,2024w36,2024-09-02
94,0.09771010500003907,-0.3570680742283309,0.5524882842284091,0.71,so2,M4: AugSynth Centro+Belisario,AugSynth,2024w37,2024-09-09
95,-0.016617312591287403,-0.4713954918196574,0.4381608666370826,1,so2,M4: AugSynth Centro+Belisario,AugSynth,2024w38,2024-09-16
96,0.012706840006242004,-0.442071339222128,0.467485019234612,1,so2,M4: AugSynth Centro+Belisario,AugSynth,2024w39,2024-09-23
97,0.20205442329205137,-0.25272375593631863,0.6568326025204214,0.457,so2,M4: AugSynth Centro+Belisario,AugSynth,2024w40,2024-09-30
98,0.15891398688502667,-0.2958641923433433,0.6136921661133967,0.54,so2,M4: AugSynth Centro+Belisario,AugSynth,2024w41,2024-10-07
99,-0.3529004177616146,-0.8076785969899847,0.10187776146675537,0.163,so2,M4: AugSynth Centro+Belisario,AugSynth,2024w42,2024-10-14
100,0.051801378009699084,-0.4029768012186709,0.5065795572380691,0.916,so2,M4: AugSynth Centro+Belisario,AugSynth,2024w43,2024-10-21
101,-0.19657950789277812,-0.6513576871211482,0.2581986713355919,0.497,so2,M4: AugSynth Centro+Belisario,AugSynth,2024w44,2024-10-28
102,0.21272347700178962,-0.24205470222658038,0.6675016562301597,0.434,so2,M4: AugSynth Centro+Belisario,AugSynth,2024w45,2024-11-04
103,0.05072303278957602,-0.404055146438794,0.5055012120179461,0.915,so2,M4: AugSynth Centro+Belisario,AugSynth,2024w46,2024-11-11
104,0.16129076343976112,-0.2934874157886089,0.6160689426681312,0.516,so2,M4: AugSynth Centro+Belisario,AugSynth,2024w47,2024-11-18
105,0.20950314718120677,-0.24527503204716322,0.6642813264095768,0.495,so2,M4: AugSynth Centro+Belisario,AugSynth,2024w48,2024-11-25
106,0.11055891334234746,-0.34421926588602253,0.5653370925707175,0.672,so2,M4: AugSynth Centro+Belisario,AugSynth,2024w49,2024-12-02
107,-0.12685126300853744,-0.5816294422369075,0.32792691621983255,0.694,so2,M4: AugSynth Centro+Belisario,AugSynth,2024w50,2024-12-09
108,-0.03872825556241022,-0.4935064347907802,0.4160499236659598,0.934,so2,M4: AugSynth Centro+Belisario,AugSynth,2024w51,2024-12-16
109,0.4809424449623909,0,0.935720624190761,0.067,so2,M4: AugSynth Centro+Belisario,AugSynth,2024w52,2024-12-23
110,0.0920328650019695,-0.3627453142264005,0.5468110442303395,0.766,so2,M4: AugSynth Centro+Belisario,AugSynth,2025w01,2024-12-30
111,0.25670398731229604,-0.19807419191607395,0.7114821665406661,0.364,so2,M4: AugSynth Centro+Belisario,AugSynth,2025w02,2025-01-06
112,0.09022098959663771,-0.3645571896317323,0.5449991688250078,0.751,so2,M4: AugSynth Centro+Belisario,AugSynth,2025w03,2025-01-13
113,-0.01402492359068086,-0.46880310281905085,0.44075325563768913,1,so2,M4: AugSynth Centro+Belisario,AugSynth,2025w04,2025-01-20
114,0.041825579675138114,-0.4129525995532319,0.4966037589035081,0.942,so2,M4: AugSynth Centro+Belisario,AugSynth,2025w05,2025-01-27
115,0.3847031300435726,-0.0700750491847974,0.8394813092719426,0.161,so2,M4: AugSynth Centro+Belisario,AugSynth,2025w06,2025-02-03
116,-0.23827732631312726,-0.6930555055414973,0.21650085291524274,0.385,so2,M4: AugSynth Centro+Belisario,AugSynth,2025w07,2025-02-10
117,-0.19266732926194385,-0.6474455084903139,0.26211084996642614,0.499,so2,M4: AugSynth Centro+Belisario,AugSynth,2025w08,2025-02-17
118,-0.054114293408987546,-0.5088924726373576,0.40066388581938245,0.883,so2,M4: AugSynth Centro+Belisario,AugSynth,2025w09,2025-02-24
119,-0.09697018974049021,-0.5517483689688603,0.3578079894878798,0.748,so2,M4: AugSynth Centro+Belisario,AugSynth,2025w10,2025-03-03
120,0.07178761767091224,-0.38299056155745775,0.5265657968992823,0.876,so2,M4: AugSynth Centro+Belisario,AugSynth,2025w11,2025-03-10
121,0.012418394532623944,-0.44235978469574605,0.46719657376099394,1,so2,M4: AugSynth Centro+Belisario,AugSynth,2025w12,2025-03-17
122,-0.13182462930666428,-0.5866028085350343,0.3229535499217057,0.616,so2,M4: AugSynth Centro+Belisario,AugSynth,2025w13,2025-03-24
123,-0.47015753467340904,-0.9249357139017791,0,0.091,so2,M4: AugSynth Centro+Belisario,AugSynth,2025w14,2025-03-31
124,-0.5535935485112752,-1.0083717277396451,-0.09881536928290519,0.045,so2,M4: AugSynth Centro+Belisario,AugSynth,2025w15,2025-04-07
125,-0.28946089069558867,-0.7442390699239587,0.16531728853278133,0.272,so2,M4: AugSynth Centro+Belisario,AugSynth,2025w16,2025-04-14
126,0.04035012067502586,-0.41442805855334414,0.49512829990339585,0.936,so2,M4: AugSynth Centro+Belisario,AugSynth,2025w17,2025-04-21
127,0.10612221140849809,-0.3486559678198719,0.5609003906368681,0.686,so2,M4: AugSynth Centro+Belisario,AugSynth,2025w18,2025-04-28
128,-0.19002522013122602,-0.6448033993595961,0.26475295909714397,0.467,so2,M4: AugSynth Centro+Belisario,AugSynth,2025w19,2025-05-05
129,0.11715591970434769,-0.3376222595240223,0.5719340989327177,0.7,so2,M4: AugSynth Centro+Belisario,AugSynth,2025w20,2025-05-12
130,-0.20529589657600233,-0.6600740758043724,0.24948228265236766,0.44,so2,M4: AugSynth Centro+Belisario,AugSynth,2025w21,2025-05-19
131,-0.04658249164300843,-0.5013606708713785,0.40819568758536157,0.935,so2,M4: AugSynth Centro+Belisario,AugSynth,2025w22,2025-05-26
132,0.12200875729967264,-0.33276942192869735,0.5767869365280427,0.659,so2,M4: AugSynth Centro+Belisario,AugSynth,2025w23,2025-06-02
133,-0.19889314778056733,-0.6536713270089374,0.25588503144780267,0.47,so2,M4: AugSynth Centro+Belisario,AugSynth,2025w24,2025-06-09
134,-0.5626935440500909,-1.017471723278461,-0.10791536482172087,0.046,so2,M4: AugSynth Centro+Belisario,AugSynth,2025w25,2025-06-16
1,-0.32045120773781655,NA,NA,NA,so2,M5: AugSynth Centro (Bel. dropped),AugSynth,2022w48,2022-11-28
2,-0.15360739255755185,NA,NA,NA,so2,M5: AugSynth Centro (Bel. dropped),AugSynth,2022w49,2022-12-05
3,-0.33181296897043233,NA,NA,NA,so2,M5: AugSynth Centro (Bel. dropped),AugSynth,2022w50,2022-12-12
4,-0.13160507668700694,NA,NA,NA,so2,M5: AugSynth Centro (Bel. dropped),AugSynth,2022w51,2022-12-19
5,-0.20669821435327496,NA,NA,NA,so2,M5: AugSynth Centro (Bel. dropped),AugSynth,2022w52,2022-12-26
6,-0.12985221081113796,NA,NA,NA,so2,M5: AugSynth Centro (Bel. dropped),AugSynth,2023w01,2023-01-02
7,0.08351318678376751,NA,NA,NA,so2,M5: AugSynth Centro (Bel. dropped),AugSynth,2023w02,2023-01-09
8,-0.05578182087306205,NA,NA,NA,so2,M5: AugSynth Centro (Bel. dropped),AugSynth,2023w03,2023-01-16
9,-0.08773200341379561,NA,NA,NA,so2,M5: AugSynth Centro (Bel. dropped),AugSynth,2023w04,2023-01-23
10,-0.05759140089165404,NA,NA,NA,so2,M5: AugSynth Centro (Bel. dropped),AugSynth,2023w05,2023-01-30
11,0.12678404081604744,NA,NA,NA,so2,M5: AugSynth Centro (Bel. dropped),AugSynth,2023w06,2023-02-06
12,0.08757999101911729,NA,NA,NA,so2,M5: AugSynth Centro (Bel. dropped),AugSynth,2023w07,2023-02-13
13,0.22592044148898371,NA,NA,NA,so2,M5: AugSynth Centro (Bel. dropped),AugSynth,2023w08,2023-02-20
14,-0.14321051509831983,NA,NA,NA,so2,M5: AugSynth Centro (Bel. dropped),AugSynth,2023w09,2023-02-27
15,0.5391118159851271,NA,NA,NA,so2,M5: AugSynth Centro (Bel. dropped),AugSynth,2023w10,2023-03-06
16,0.35458535406114655,NA,NA,NA,so2,M5: AugSynth Centro (Bel. dropped),AugSynth,2023w11,2023-03-13
17,0.24809771220549703,NA,NA,NA,so2,M5: AugSynth Centro (Bel. dropped),AugSynth,2023w12,2023-03-20
18,0.5174933458594861,NA,NA,NA,so2,M5: AugSynth Centro (Bel. dropped),AugSynth,2023w13,2023-03-27
19,0.6130940479127553,NA,NA,NA,so2,M5: AugSynth Centro (Bel. dropped),AugSynth,2023w14,2023-04-03
20,0.38310490113469053,NA,NA,NA,so2,M5: AugSynth Centro (Bel. dropped),AugSynth,2023w15,2023-04-10
21,0.3283550632088206,NA,NA,NA,so2,M5: AugSynth Centro (Bel. dropped),AugSynth,2023w16,2023-04-17
22,0.11279147617547158,NA,NA,NA,so2,M5: AugSynth Centro (Bel. dropped),AugSynth,2023w17,2023-04-24
23,-0.4818251419870636,NA,NA,NA,so2,M5: AugSynth Centro (Bel. dropped),AugSynth,2023w18,2023-05-01
24,-0.11260849997120048,NA,NA,NA,so2,M5: AugSynth Centro (Bel. dropped),AugSynth,2023w19,2023-05-08
25,0.01701995275684154,NA,NA,NA,so2,M5: AugSynth Centro (Bel. dropped),AugSynth,2023w20,2023-05-15
26,0.24251984263486093,NA,NA,NA,so2,M5: AugSynth Centro (Bel. dropped),AugSynth,2023w21,2023-05-22
27,0.22578565192805167,NA,NA,NA,so2,M5: AugSynth Centro (Bel. dropped),AugSynth,2023w22,2023-05-29
28,0.32268499449378396,NA,NA,NA,so2,M5: AugSynth Centro (Bel. dropped),AugSynth,2023w23,2023-06-05
29,0.1688662576012907,NA,NA,NA,so2,M5: AugSynth Centro (Bel. dropped),AugSynth,2023w24,2023-06-12
30,0.03366628683633821,NA,NA,NA,so2,M5: AugSynth Centro (Bel. dropped),AugSynth,2023w25,2023-06-19
31,0.08180142198260043,NA,NA,NA,so2,M5: AugSynth Centro (Bel. dropped),AugSynth,2023w26,2023-06-26
32,0.356982358875364,NA,NA,NA,so2,M5: AugSynth Centro (Bel. dropped),AugSynth,2023w27,2023-07-03
33,0.06756856434939995,NA,NA,NA,so2,M5: AugSynth Centro (Bel. dropped),AugSynth,2023w28,2023-07-10
34,0.39304503091774734,NA,NA,NA,so2,M5: AugSynth Centro (Bel. dropped),AugSynth,2023w29,2023-07-17
35,0.10739932974185007,NA,NA,NA,so2,M5: AugSynth Centro (Bel. dropped),AugSynth,2023w30,2023-07-24
36,-0.08157772887260761,NA,NA,NA,so2,M5: AugSynth Centro (Bel. dropped),AugSynth,2023w31,2023-07-31
37,-0.7279683800919187,NA,NA,NA,so2,M5: AugSynth Centro (Bel. dropped),AugSynth,2023w32,2023-08-07
38,-0.16204981104181138,NA,NA,NA,so2,M5: AugSynth Centro (Bel. dropped),AugSynth,2023w33,2023-08-14
39,0.003412427619670755,NA,NA,NA,so2,M5: AugSynth Centro (Bel. dropped),AugSynth,2023w34,2023-08-21
40,-0.4780072378070923,NA,NA,NA,so2,M5: AugSynth Centro (Bel. dropped),AugSynth,2023w35,2023-08-28
41,-0.44818323678190297,NA,NA,NA,so2,M5: AugSynth Centro (Bel. dropped),AugSynth,2023w36,2023-09-04
42,-0.5933567126830277,NA,NA,NA,so2,M5: AugSynth Centro (Bel. dropped),AugSynth,2023w37,2023-09-11
43,-0.04065390272443237,NA,NA,NA,so2,M5: AugSynth Centro (Bel. dropped),AugSynth,2023w38,2023-09-18
44,0.17664850347348882,NA,NA,NA,so2,M5: AugSynth Centro (Bel. dropped),AugSynth,2023w39,2023-09-25
45,0.2394368298318197,NA,NA,NA,so2,M5: AugSynth Centro (Bel. dropped),AugSynth,2023w40,2023-10-02
46,-0.4599933019723499,NA,NA,NA,so2,M5: AugSynth Centro (Bel. dropped),AugSynth,2023w41,2023-10-09
47,-0.26253652892331636,NA,NA,NA,so2,M5: AugSynth Centro (Bel. dropped),AugSynth,2023w42,2023-10-16
48,-0.28076805688145967,NA,NA,NA,so2,M5: AugSynth Centro (Bel. dropped),AugSynth,2023w43,2023-10-23
49,0.2913982038799532,NA,NA,NA,so2,M5: AugSynth Centro (Bel. dropped),AugSynth,2023w44,2023-10-30
50,-0.7024253267905962,NA,NA,NA,so2,M5: AugSynth Centro (Bel. dropped),AugSynth,2023w45,2023-11-06
51,-0.00797669143744728,NA,NA,NA,so2,M5: AugSynth Centro (Bel. dropped),AugSynth,2023w46,2023-11-13
52,-0.0015644472329032766,NA,NA,NA,so2,M5: AugSynth Centro (Bel. dropped),AugSynth,2023w47,2023-11-20
53,-0.14297431110876868,-0.7954146202339871,0.5094659980164498,0.648,so2,M5: AugSynth Centro (Bel. dropped),AugSynth,2023w48,2023-11-27
54,-0.2876382140018223,-0.9400785231270408,0.3648020951233961,0.38,so2,M5: AugSynth Centro (Bel. dropped),AugSynth,2023w49,2023-12-04
55,-0.05749105890324313,-0.6833011513294731,0.5949492502219753,0.868,so2,M5: AugSynth Centro (Bel. dropped),AugSynth,2023w50,2023-12-11
56,0.0746356563584718,-0.5778046527667466,0.7270759654836902,0.82,so2,M5: AugSynth Centro (Bel. dropped),AugSynth,2023w51,2023-12-18
57,-0.011443418123214366,-0.6638837272484328,0.6409968910020041,0.948,so2,M5: AugSynth Centro (Bel. dropped),AugSynth,2023w52,2023-12-25
58,0.19362918528652195,-0.4588111238386965,0.8194392777127519,0.542,so2,M5: AugSynth Centro (Bel. dropped),AugSynth,2024w01,2024-01-01
59,-0.09218001489129724,-0.7446203240165157,0.5602602942339212,0.781,so2,M5: AugSynth Centro (Bel. dropped),AugSynth,2024w02,2024-01-08
60,-0.030769672494781464,-0.6832099816199999,0.621670636630437,0.924,so2,M5: AugSynth Centro (Bel. dropped),AugSynth,2024w03,2024-01-15
61,-0.05160894095224178,-0.6774190333784718,0.6008313681729767,0.887,so2,M5: AugSynth Centro (Bel. dropped),AugSynth,2024w04,2024-01-22
62,-0.08962643678430382,-0.7154365292105338,0.5361836556419262,0.754,so2,M5: AugSynth Centro (Bel. dropped),AugSynth,2024w05,2024-01-29
63,-0.15944217172668784,-0.8118824808519063,0.4929981373985306,0.59,so2,M5: AugSynth Centro (Bel. dropped),AugSynth,2024w06,2024-02-05
64,-0.04078833311622021,-0.6932286422414387,0.6116519760089982,0.897,so2,M5: AugSynth Centro (Bel. dropped),AugSynth,2024w07,2024-02-12
65,-0.3385843798215955,-0.991024688946814,0.2872257126046345,0.335,so2,M5: AugSynth Centro (Bel. dropped),AugSynth,2024w08,2024-02-19
66,0.17660180962534766,-0.4758384994998708,0.8290421187505661,0.523,so2,M5: AugSynth Centro (Bel. dropped),AugSynth,2024w09,2024-02-26
67,-0.09339247441468368,-0.7458327835399021,0.5590478347105348,0.749,so2,M5: AugSynth Centro (Bel. dropped),AugSynth,2024w10,2024-03-04
68,-0.012220215408261792,-0.6380303078344918,0.6402200937169567,0.952,so2,M5: AugSynth Centro (Bel. dropped),AugSynth,2024w11,2024-03-11
69,-0.0661358300412036,-0.665315705768445,0.5596742623850264,0.847,so2,M5: AugSynth Centro (Bel. dropped),AugSynth,2024w12,2024-03-18
70,0.3562801689909736,-0.29616014013424485,0.9820902614172036,0.287,so2,M5: AugSynth Centro (Bel. dropped),AugSynth,2024w13,2024-03-25
71,0.47162657696403865,-0.1808137321611798,1.124066886089257,0.202,so2,M5: AugSynth Centro (Bel. dropped),AugSynth,2024w14,2024-04-01
72,-0.2560841968492491,-0.9085245059744675,0.39635611227596934,0.398,so2,M5: AugSynth Centro (Bel. dropped),AugSynth,2024w15,2024-04-08
73,0.017110484990508157,-0.6353298241347103,0.6695507941157266,0.914,so2,M5: AugSynth Centro (Bel. dropped),AugSynth,2024w16,2024-04-15
74,-0.0042814664343877595,-0.6567217755596062,0.6481588426908307,0.972,so2,M5: AugSynth Centro (Bel. dropped),AugSynth,2024w17,2024-04-22
75,-0.13200276269387956,-0.784443071819098,0.5204375464313389,0.642,so2,M5: AugSynth Centro (Bel. dropped),AugSynth,2024w18,2024-04-29
76,-0.05830081183181646,-0.6574806875590579,0.594139497293402,0.844,so2,M5: AugSynth Centro (Bel. dropped),AugSynth,2024w19,2024-05-06
77,-0.35415800173198253,-1.006598310857201,0.2982823073932359,0.267,so2,M5: AugSynth Centro (Bel. dropped),AugSynth,2024w20,2024-05-13
78,-0.9185041599540266,-1.5709444690792451,-0.2660638508288081,0.026,so2,M5: AugSynth Centro (Bel. dropped),AugSynth,2024w21,2024-05-20
79,-0.6559554597183723,-1.3083957688435908,0,0.076,so2,M5: AugSynth Centro (Bel. dropped),AugSynth,2024w22,2024-05-27
80,-0.3419978274983193,-0.9944381366235377,0.2838122649279107,0.289,so2,M5: AugSynth Centro (Bel. dropped),AugSynth,2024w23,2024-06-03
81,0.05724153551845146,-0.595198773606767,0.7096818446436699,0.871,so2,M5: AugSynth Centro (Bel. dropped),AugSynth,2024w24,2024-06-10
82,-0.3711576273451449,-1.0235979364703633,0.28128268178007354,0.302,so2,M5: AugSynth Centro (Bel. dropped),AugSynth,2024w25,2024-06-17
83,-0.016520110086457818,-0.6689604192116763,0.6359201990387606,0.938,so2,M5: AugSynth Centro (Bel. dropped),AugSynth,2024w26,2024-06-24
84,-0.11065955801658589,-0.7364696504428159,0.5417807511086326,0.741,so2,M5: AugSynth Centro (Bel. dropped),AugSynth,2024w27,2024-07-01
85,-0.58768786021635,-1.2401281693415684,0.06475244890886844,0.097,so2,M5: AugSynth Centro (Bel. dropped),AugSynth,2024w28,2024-07-08
86,-0.26659159679352484,-0.9190319059187433,0.3858487123316936,0.367,so2,M5: AugSynth Centro (Bel. dropped),AugSynth,2024w29,2024-07-15
87,-0.21371320953574946,-0.8661535186609679,0.438727099589469,0.484,so2,M5: AugSynth Centro (Bel. dropped),AugSynth,2024w30,2024-07-22
88,0.2701384122585029,-0.38230189686671556,0.9225787213837213,0.491,so2,M5: AugSynth Centro (Bel. dropped),AugSynth,2024w31,2024-07-29
89,-0.2199769177031965,-0.8724172268284149,0.43246339142202195,0.528,so2,M5: AugSynth Centro (Bel. dropped),AugSynth,2024w32,2024-08-05
90,0.09765772747377266,-0.5547825816514458,0.7500980365989911,0.728,so2,M5: AugSynth Centro (Bel. dropped),AugSynth,2024w33,2024-08-12
91,0.22963696246171028,-0.42280334666350816,0.8820772715869287,0.524,so2,M5: AugSynth Centro (Bel. dropped),AugSynth,2024w34,2024-08-19
92,0.6851489831720841,0,1.310959075598314,0.09,so2,M5: AugSynth Centro (Bel. dropped),AugSynth,2024w35,2024-08-26
93,-0.398282960125117,-0.9974628358523584,0.25415734900010145,0.238,so2,M5: AugSynth Centro (Bel. dropped),AugSynth,2024w36,2024-09-02
94,0.08571887354886609,-0.5667214355763524,0.7115289659750961,0.791,so2,M5: AugSynth Centro (Bel. dropped),AugSynth,2024w37,2024-09-09
95,-0.051985387398928884,-0.7044256965241473,0.6004549217262896,0.887,so2,M5: AugSynth Centro (Bel. dropped),AugSynth,2024w38,2024-09-16
96,0.14134158052210366,-0.48446851190412626,0.7937818896473221,0.65,so2,M5: AugSynth Centro (Bel. dropped),AugSynth,2024w39,2024-09-23
97,0.2295669499421047,-0.39624314248412523,0.8553770423683347,0.49,so2,M5: AugSynth Centro (Bel. dropped),AugSynth,2024w40,2024-09-30
98,0.08813763793105078,-0.5643026711941677,0.7405779470562692,0.78,so2,M5: AugSynth Centro (Bel. dropped),AugSynth,2024w41,2024-10-07
99,-0.6388881792250969,-1.2913284883503153,0.013552129900121557,0.078,so2,M5: AugSynth Centro (Bel. dropped),AugSynth,2024w42,2024-10-14
100,-0.15254370545074258,-0.7783537978769726,0.49989660367447586,0.601,so2,M5: AugSynth Centro (Bel. dropped),AugSynth,2024w43,2024-10-21
101,-0.3835679811701824,-1.0360082902954009,0.268872327955036,0.268,so2,M5: AugSynth Centro (Bel. dropped),AugSynth,2024w44,2024-10-28
102,0.23190656661532283,-0.4205337425098956,0.8843468757405413,0.452,so2,M5: AugSynth Centro (Bel. dropped),AugSynth,2024w45,2024-11-04
103,0.04864766283112898,-0.6037926462940895,0.7010879719563474,0.899,so2,M5: AugSynth Centro (Bel. dropped),AugSynth,2024w46,2024-11-11
104,0.10708998801257286,-0.5187201044136571,0.7595302971377913,0.732,so2,M5: AugSynth Centro (Bel. dropped),AugSynth,2024w47,2024-11-18
105,0.17622167226724628,-0.47621863685797217,0.8286619813924647,0.557,so2,M5: AugSynth Centro (Bel. dropped),AugSynth,2024w48,2024-11-25
106,0.2388708893647109,-0.41356941976050754,0.8913111984899293,0.483,so2,M5: AugSynth Centro (Bel. dropped),AugSynth,2024w49,2024-12-02
107,-0.0661166639409303,-0.7185569730661487,0.5863236451842881,0.854,so2,M5: AugSynth Centro (Bel. dropped),AugSynth,2024w50,2024-12-09
108,0.0724758159155634,-0.579964493209655,0.6982859083417934,0.833,so2,M5: AugSynth Centro (Bel. dropped),AugSynth,2024w51,2024-12-16
109,0.6377588586461453,-0.0146814504790731,1.2901991677713638,0.056,so2,M5: AugSynth Centro (Bel. dropped),AugSynth,2024w52,2024-12-23
110,0.24082539171920625,-0.4116149174060122,0.8932657008444247,0.456,so2,M5: AugSynth Centro (Bel. dropped),AugSynth,2025w01,2024-12-30
111,0.39408573788255197,-0.2583545712426665,1.0465260470077704,0.226,so2,M5: AugSynth Centro (Bel. dropped),AugSynth,2025w02,2025-01-06
112,0.21807755990263034,-0.4343627492225881,0.8705178690278488,0.515,so2,M5: AugSynth Centro (Bel. dropped),AugSynth,2025w03,2025-01-13
113,0.09360471145574278,-0.5588355976694757,0.7460450205809612,0.719,so2,M5: AugSynth Centro (Bel. dropped),AugSynth,2025w04,2025-01-20
114,0.23200044765651562,-0.4204398614687028,0.8844407567817341,0.499,so2,M5: AugSynth Centro (Bel. dropped),AugSynth,2025w05,2025-01-27
115,0.6433272862913919,-0.009113022833826534,1.2957675954166104,0.049,so2,M5: AugSynth Centro (Bel. dropped),AugSynth,2025w06,2025-02-03
116,0.46003978222699593,-0.1924005268982225,1.1124800913522144,0.203,so2,M5: AugSynth Centro (Bel. dropped),AugSynth,2025w07,2025-02-10
117,0.10340033656683256,-0.5490399725583859,0.755840645692051,0.738,so2,M5: AugSynth Centro (Bel. dropped),AugSynth,2025w08,2025-02-17
118,0.28762196327174494,-0.3648183458534735,0.9400622723969634,0.403,so2,M5: AugSynth Centro (Bel. dropped),AugSynth,2025w09,2025-02-24
119,0.38451905566495626,-0.2679212534602622,1.0369593647901747,0.258,so2,M5: AugSynth Centro (Bel. dropped),AugSynth,2025w10,2025-03-03
120,0.5578519390016152,-0.09458837012360322,1.2102922481268337,0.129,so2,M5: AugSynth Centro (Bel. dropped),AugSynth,2025w11,2025-03-10
121,0.20929715136326332,-0.4431431577619551,0.8617374604884818,0.544,so2,M5: AugSynth Centro (Bel. dropped),AugSynth,2025w12,2025-03-17
122,-0.09197038759496556,-0.744410696720184,0.5604699215302529,0.753,so2,M5: AugSynth Centro (Bel. dropped),AugSynth,2025w13,2025-03-24
123,-0.7325516023915523,-1.3849919115167708,-0.08011129326633382,0.039,so2,M5: AugSynth Centro (Bel. dropped),AugSynth,2025w14,2025-03-31
124,-0.8200815501695269,-1.4725218592947453,-0.16764124104430844,0.017,so2,M5: AugSynth Centro (Bel. dropped),AugSynth,2025w15,2025-04-07
125,-0.26025960750244725,-0.9126999166276657,0.3921807016227712,0.402,so2,M5: AugSynth Centro (Bel. dropped),AugSynth,2025w16,2025-04-14
126,0.10542026423326889,-0.5470200448919496,0.7578605733584873,0.72,so2,M5: AugSynth Centro (Bel. dropped),AugSynth,2025w17,2025-04-21
127,0.3570062243791763,-0.26880386804705364,0.9561861001064178,0.25,so2,M5: AugSynth Centro (Bel. dropped),AugSynth,2025w18,2025-04-28
128,-0.12858746967360957,-0.727767345400851,0.5238528394516089,0.708,so2,M5: AugSynth Centro (Bel. dropped),AugSynth,2025w19,2025-05-05
129,0.40829672059443567,-0.24414358853078277,1.0607370297196541,0.2,so2,M5: AugSynth Centro (Bel. dropped),AugSynth,2025w20,2025-05-12
130,0.0038870250283713492,-0.6485532840968471,0.6563273341535898,0.96,so2,M5: AugSynth Centro (Bel. dropped),AugSynth,2025w21,2025-05-19
131,0.36330197289943134,-0.2891383362257871,1.0157422820246498,0.258,so2,M5: AugSynth Centro (Bel. dropped),AugSynth,2025w22,2025-05-26
132,0.5345205208103789,-0.09128957161585101,1.1869608299355974,0.104,so2,M5: AugSynth Centro (Bel. dropped),AugSynth,2025w23,2025-06-02
133,0.0336958177649751,-0.6187444913602433,0.6861361268901935,0.928,so2,M5: AugSynth Centro (Bel. dropped),AugSynth,2025w24,2025-06-09
134,-0.42220867103944126,-1.0746489801646597,0.23023163808577718,0.227,so2,M5: AugSynth Centro (Bel. dropped),AugSynth,2025w25,2025-06-16
1,-0.3187490660601544,NA,NA,NA,so2,M5b: AugSynth Centro (Bel. in pool),AugSynth,2022w48,2022-11-28
2,-0.16825149146846563,NA,NA,NA,so2,M5b: AugSynth Centro (Bel. in pool),AugSynth,2022w49,2022-12-05
3,-0.20036263118582887,NA,NA,NA,so2,M5b: AugSynth Centro (Bel. in pool),AugSynth,2022w50,2022-12-12
4,-0.13163603049822914,NA,NA,NA,so2,M5b: AugSynth Centro (Bel. in pool),AugSynth,2022w51,2022-12-19
5,0.14408497530268027,NA,NA,NA,so2,M5b: AugSynth Centro (Bel. in pool),AugSynth,2022w52,2022-12-26
6,0.08433015038253533,NA,NA,NA,so2,M5b: AugSynth Centro (Bel. in pool),AugSynth,2023w01,2023-01-02
7,0.24485563820997513,NA,NA,NA,so2,M5b: AugSynth Centro (Bel. in pool),AugSynth,2023w02,2023-01-09
8,0.1417639016434682,NA,NA,NA,so2,M5b: AugSynth Centro (Bel. in pool),AugSynth,2023w03,2023-01-16
9,0.1913775161970115,NA,NA,NA,so2,M5b: AugSynth Centro (Bel. in pool),AugSynth,2023w04,2023-01-23
10,-0.1216597784329212,NA,NA,NA,so2,M5b: AugSynth Centro (Bel. in pool),AugSynth,2023w05,2023-01-30
11,0.05790218955221138,NA,NA,NA,so2,M5b: AugSynth Centro (Bel. in pool),AugSynth,2023w06,2023-02-06
12,-0.027660891367616625,NA,NA,NA,so2,M5b: AugSynth Centro (Bel. in pool),AugSynth,2023w07,2023-02-13
13,0.1750729021876627,NA,NA,NA,so2,M5b: AugSynth Centro (Bel. in pool),AugSynth,2023w08,2023-02-20
14,-0.13627915012923486,NA,NA,NA,so2,M5b: AugSynth Centro (Bel. in pool),AugSynth,2023w09,2023-02-27
15,0.3235526939786748,NA,NA,NA,so2,M5b: AugSynth Centro (Bel. in pool),AugSynth,2023w10,2023-03-06
16,0.31977199295902814,NA,NA,NA,so2,M5b: AugSynth Centro (Bel. in pool),AugSynth,2023w11,2023-03-13
17,0.23840033069048827,NA,NA,NA,so2,M5b: AugSynth Centro (Bel. in pool),AugSynth,2023w12,2023-03-20
18,0.30637360331236296,NA,NA,NA,so2,M5b: AugSynth Centro (Bel. in pool),AugSynth,2023w13,2023-03-27
19,0.4381025077785172,NA,NA,NA,so2,M5b: AugSynth Centro (Bel. in pool),AugSynth,2023w14,2023-04-03
20,0.2494923116481902,NA,NA,NA,so2,M5b: AugSynth Centro (Bel. in pool),AugSynth,2023w15,2023-04-10
21,0.16334045320152013,NA,NA,NA,so2,M5b: AugSynth Centro (Bel. in pool),AugSynth,2023w16,2023-04-17
22,0.011568453820436586,NA,NA,NA,so2,M5b: AugSynth Centro (Bel. in pool),AugSynth,2023w17,2023-04-24
23,-0.3551359878151137,NA,NA,NA,so2,M5b: AugSynth Centro (Bel. in pool),AugSynth,2023w18,2023-05-01
24,-0.0978949548234831,NA,NA,NA,so2,M5b: AugSynth Centro (Bel. in pool),AugSynth,2023w19,2023-05-08
25,-0.10619476406003092,NA,NA,NA,so2,M5b: AugSynth Centro (Bel. in pool),AugSynth,2023w20,2023-05-15
26,0.012022727899470675,NA,NA,NA,so2,M5b: AugSynth Centro (Bel. in pool),AugSynth,2023w21,2023-05-22
27,0.07393872224586318,NA,NA,NA,so2,M5b: AugSynth Centro (Bel. in pool),AugSynth,2023w22,2023-05-29
28,0.13231164689268304,NA,NA,NA,so2,M5b: AugSynth Centro (Bel. in pool),AugSynth,2023w23,2023-06-05
29,0.0622653653618046,NA,NA,NA,so2,M5b: AugSynth Centro (Bel. in pool),AugSynth,2023w24,2023-06-12
30,-0.06219746593649922,NA,NA,NA,so2,M5b: AugSynth Centro (Bel. in pool),AugSynth,2023w25,2023-06-19
31,-0.002326493693728837,NA,NA,NA,so2,M5b: AugSynth Centro (Bel. in pool),AugSynth,2023w26,2023-06-26
32,0.18989848953256394,NA,NA,NA,so2,M5b: AugSynth Centro (Bel. in pool),AugSynth,2023w27,2023-07-03
33,-0.011070804555090685,NA,NA,NA,so2,M5b: AugSynth Centro (Bel. in pool),AugSynth,2023w28,2023-07-10
34,0.02086267583710577,NA,NA,NA,so2,M5b: AugSynth Centro (Bel. in pool),AugSynth,2023w29,2023-07-17
35,-0.04423520514040313,NA,NA,NA,so2,M5b: AugSynth Centro (Bel. in pool),AugSynth,2023w30,2023-07-24
36,-0.33891030039648895,NA,NA,NA,so2,M5b: AugSynth Centro (Bel. in pool),AugSynth,2023w31,2023-07-31
37,-0.5562747280982693,NA,NA,NA,so2,M5b: AugSynth Centro (Bel. in pool),AugSynth,2023w32,2023-08-07
38,-0.08759651983728345,NA,NA,NA,so2,M5b: AugSynth Centro (Bel. in pool),AugSynth,2023w33,2023-08-14
39,0.07701654847746187,NA,NA,NA,so2,M5b: AugSynth Centro (Bel. in pool),AugSynth,2023w34,2023-08-21
40,-0.41119990139958973,NA,NA,NA,so2,M5b: AugSynth Centro (Bel. in pool),AugSynth,2023w35,2023-08-28
41,-0.3855591626323214,NA,NA,NA,so2,M5b: AugSynth Centro (Bel. in pool),AugSynth,2023w36,2023-09-04
42,-0.3736028114908252,NA,NA,NA,so2,M5b: AugSynth Centro (Bel. in pool),AugSynth,2023w37,2023-09-11
43,0.044031258454618305,NA,NA,NA,so2,M5b: AugSynth Centro (Bel. in pool),AugSynth,2023w38,2023-09-18
44,0.11450619835660691,NA,NA,NA,so2,M5b: AugSynth Centro (Bel. in pool),AugSynth,2023w39,2023-09-25
45,0.03976421459048862,NA,NA,NA,so2,M5b: AugSynth Centro (Bel. in pool),AugSynth,2023w40,2023-10-02
46,0.019355095220345397,NA,NA,NA,so2,M5b: AugSynth Centro (Bel. in pool),AugSynth,2023w41,2023-10-09
47,-0.13558951875237102,NA,NA,NA,so2,M5b: AugSynth Centro (Bel. in pool),AugSynth,2023w42,2023-10-16
48,0.05317571820283584,NA,NA,NA,so2,M5b: AugSynth Centro (Bel. in pool),AugSynth,2023w43,2023-10-23
49,0.3985230131251438,NA,NA,NA,so2,M5b: AugSynth Centro (Bel. in pool),AugSynth,2023w44,2023-10-30
50,-0.2606997517512215,NA,NA,NA,so2,M5b: AugSynth Centro (Bel. in pool),AugSynth,2023w45,2023-11-06
51,0.06572495021836877,NA,NA,NA,so2,M5b: AugSynth Centro (Bel. in pool),AugSynth,2023w46,2023-11-13
52,0.1470309265991514,NA,NA,NA,so2,M5b: AugSynth Centro (Bel. in pool),AugSynth,2023w47,2023-11-20
53,0.140086894547798,-0.42912353582525486,0.6169929308063018,0.525,so2,M5b: AugSynth Centro (Bel. in pool),AugSynth,2023w48,2023-11-27
54,-0.08551016888888685,-0.5316480737758742,0.45293213011264966,0.674,so2,M5b: AugSynth Centro (Bel. in pool),AugSynth,2023w49,2023-12-04
55,0.2593942617334357,-0.18674364315355163,0.7055321666204231,0.265,so2,M5b: AugSynth Centro (Bel. in pool),AugSynth,2023w50,2023-12-11
56,0.06072207635770854,-0.35464769715776245,0.5068599812446959,0.775,so2,M5b: AugSynth Centro (Bel. in pool),AugSynth,2023w51,2023-12-18
57,0.14610736345242592,-0.3000305414345614,0.5922452683394133,0.482,so2,M5b: AugSynth Centro (Bel. in pool),AugSynth,2023w52,2023-12-25
58,0.26926274044982135,-0.176875164437166,0.7154006453368087,0.281,so2,M5b: AugSynth Centro (Bel. in pool),AugSynth,2024w01,2024-01-01
59,0.08044710476638706,-0.3656908001206003,0.5265850096533744,0.683,so2,M5b: AugSynth Centro (Bel. in pool),AugSynth,2024w02,2024-01-08
60,0.39542291763334814,-0.11225124999667196,0.8415608225203355,0.15,so2,M5b: AugSynth Centro (Bel. in pool),AugSynth,2024w03,2024-01-15
61,0.16528008984312104,-0.25008968367234996,0.6114179947301084,0.464,so2,M5b: AugSynth Centro (Bel. in pool),AugSynth,2024w04,2024-01-22
62,0.04612242872660066,-0.4000154761603867,0.492260333613588,0.837,so2,M5b: AugSynth Centro (Bel. in pool),AugSynth,2024w05,2024-01-29
63,0.14174196459566124,-0.3043959402913261,0.5878798694826486,0.566,so2,M5b: AugSynth Centro (Bel. in pool),AugSynth,2024w06,2024-02-05
64,0.25043493481729673,-0.16493483869817427,0.6965728397042841,0.302,so2,M5b: AugSynth Centro (Bel. in pool),AugSynth,2024w07,2024-02-12
65,0.03870164013702815,-0.4382043961214756,0.4848395450240155,0.876,so2,M5b: AugSynth Centro (Bel. in pool),AugSynth,2024w08,2024-02-19
66,0.3242125157528577,-0.0911572577626133,0.770350420639845,0.206,so2,M5b: AugSynth Centro (Bel. in pool),AugSynth,2024w09,2024-02-26
67,0.14574428067578937,-0.300393624211198,0.6841865796773259,0.49,so2,M5b: AugSynth Centro (Bel. in pool),AugSynth,2024w10,2024-03-04
68,0.12561861758240367,-0.3205192873045837,0.571756522469391,0.562,so2,M5b: AugSynth Centro (Bel. in pool),AugSynth,2024w11,2024-03-11
69,0.08122718455587563,-0.4572151144456609,0.527365089442863,0.683,so2,M5b: AugSynth Centro (Bel. in pool),AugSynth,2024w12,2024-03-18
70,0.16956932307468975,-0.24580045044078125,0.6157072279616771,0.411,so2,M5b: AugSynth Centro (Bel. in pool),AugSynth,2024w13,2024-03-25
71,0.5588994946800874,0.14352972116461638,0.9742692681955585,0.038,so2,M5b: AugSynth Centro (Bel. in pool),AugSynth,2024w14,2024-04-01
72,0.08739954874363698,-0.35873835614335037,0.5335374536306243,0.652,so2,M5b: AugSynth Centro (Bel. in pool),AugSynth,2024w15,2024-04-08
73,0.18524162159540492,-0.23012815192006608,0.6313795264823923,0.355,so2,M5b: AugSynth Centro (Bel. in pool),AugSynth,2024w16,2024-04-15
74,0.10776141455618338,-0.3076083589592876,0.5538993194431707,0.649,so2,M5b: AugSynth Centro (Bel. in pool),AugSynth,2024w17,2024-04-22
75,-0.08441838715730832,-0.6536288175303612,0.36171951772967903,0.674,so2,M5b: AugSynth Centro (Bel. in pool),AugSynth,2024w18,2024-04-29
76,0.019444049402928654,-0.39592572411254234,0.43481382291839976,0.918,so2,M5b: AugSynth Centro (Bel. in pool),AugSynth,2024w19,2024-05-06
77,-0.32297984146887027,-0.7383496149843413,0.21546245753266624,0.205,so2,M5b: AugSynth Centro (Bel. in pool),AugSynth,2024w20,2024-05-13
78,-0.7849920575463433,-1.2311299624333305,-0.3388541526593558,0.017,so2,M5b: AugSynth Centro (Bel. in pool),AugSynth,2024w21,2024-05-20
79,-0.5095321463368787,-1.0172063139668988,-0.06339424144989136,0.031,so2,M5b: AugSynth Centro (Bel. in pool),AugSynth,2024w22,2024-05-27
80,-0.67721001373052,-1.0925797872459908,-0.23107210884353258,0.018,so2,M5b: AugSynth Centro (Bel. in pool),AugSynth,2024w23,2024-06-03
81,-0.37175804203884266,-0.7871278155543137,0.16668425696269384,0.124,so2,M5b: AugSynth Centro (Bel. in pool),AugSynth,2024w24,2024-06-10
82,-0.4339890036005365,-0.8493587771160075,0.012148901286450853,0.058,so2,M5b: AugSynth Centro (Bel. in pool),AugSynth,2024w25,2024-06-17
83,-0.0824257717319663,-0.4977955452474373,0.3329440017835048,0.67,so2,M5b: AugSynth Centro (Bel. in pool),AugSynth,2024w26,2024-06-24
84,-0.11583215708552075,-0.5312019306009917,0.29953761642995036,0.59,so2,M5b: AugSynth Centro (Bel. in pool),AugSynth,2024w27,2024-07-01
85,-0.43881563324264405,-0.8849535381296314,0.007322271644343292,0.065,so2,M5b: AugSynth Centro (Bel. in pool),AugSynth,2024w28,2024-07-08
86,-0.2790257280108024,-0.6943955015262734,0.10557591413315226,0.266,so2,M5b: AugSynth Centro (Bel. in pool),AugSynth,2024w29,2024-07-15
87,-0.2623794962079651,-0.6777492697234361,0.15299027730750603,0.259,so2,M5b: AugSynth Centro (Bel. in pool),AugSynth,2024w30,2024-07-22
88,-0.14465819244364408,-0.5600279659591151,0.270711581071827,0.495,so2,M5b: AugSynth Centro (Bel. in pool),AugSynth,2024w31,2024-07-29
89,-0.2722275660483613,-0.6875973395638323,0.17391033883862606,0.247,so2,M5b: AugSynth Centro (Bel. in pool),AugSynth,2024w32,2024-08-05
90,-0.009295174260970818,-0.4246649477764418,0.43684273062601653,0.985,so2,M5b: AugSynth Centro (Bel. in pool),AugSynth,2024w33,2024-08-12
91,0.18613735949316812,-0.2600005453938192,0.6322752643801555,0.37,so2,M5b: AugSynth Centro (Bel. in pool),AugSynth,2024w34,2024-08-19
92,0.43134270422388377,-0.07633146340613634,0.8774806091108711,0.062,so2,M5b: AugSynth Centro (Bel. in pool),AugSynth,2024w35,2024-08-26
93,-0.21861368372155865,-0.6339834572370296,0.2275242211654287,0.313,so2,M5b: AugSynth Centro (Bel. in pool),AugSynth,2024w36,2024-09-02
94,-0.0048946652060515294,-0.4202644387215225,0.4412432396809358,0.984,so2,M5b: AugSynth Centro (Bel. in pool),AugSynth,2024w37,2024-09-09
95,-0.018706818458267493,-0.46484472334525484,0.42743108642871985,0.93,so2,M5b: AugSynth Centro (Bel. in pool),AugSynth,2024w38,2024-09-16
96,0.22528189551927347,-0.19008787799619753,0.6714198004062608,0.357,so2,M5b: AugSynth Centro (Bel. in pool),AugSynth,2024w39,2024-09-23
97,0.11098943647861104,-0.30438033703685996,0.5571273413655984,0.586,so2,M5b: AugSynth Centro (Bel. in pool),AugSynth,2024w40,2024-09-30
98,-0.09305782774807936,-0.5391957326350667,0.38384820851042445,0.689,so2,M5b: AugSynth Centro (Bel. in pool),AugSynth,2024w41,2024-10-07
99,-0.5943625626368685,-1.0712685988953723,-0.17899278912139738,0.017,so2,M5b: AugSynth Centro (Bel. in pool),AugSynth,2024w42,2024-10-14
100,-0.380187342769051,-0.795557116284522,0.06595056211793637,0.133,so2,M5b: AugSynth Centro (Bel. in pool),AugSynth,2024w43,2024-10-21
101,-0.35140184668807883,-0.7975397515750662,0.06396792682739227,0.167,so2,M5b: AugSynth Centro (Bel. in pool),AugSynth,2024w44,2024-10-28
102,0.09583281648709496,-0.3810732197714088,0.5419707213740823,0.659,so2,M5b: AugSynth Centro (Bel. in pool),AugSynth,2024w45,2024-11-04
103,0.02042104923575483,-0.39494872427971617,0.4665589541227422,0.905,so2,M5b: AugSynth Centro (Bel. in pool),AugSynth,2024w46,2024-11-11
104,-0.03784399429246976,-0.45321376780794076,0.37752577922300135,0.885,so2,M5b: AugSynth Centro (Bel. in pool),AugSynth,2024w47,2024-11-18
105,-0.027505762427213476,-0.4428755359426845,0.41863214245977387,0.876,so2,M5b: AugSynth Centro (Bel. in pool),AugSynth,2024w48,2024-11-25
106,0.29784368777854864,-0.1482942171084387,0.7132134612940197,0.234,so2,M5b: AugSynth Centro (Bel. in pool),AugSynth,2024w49,2024-12-02
107,0.13698575365747767,-0.3091521512295097,0.583123658544465,0.594,so2,M5b: AugSynth Centro (Bel. in pool),AugSynth,2024w50,2024-12-09
108,0.19271098094734285,-0.22265879256812815,0.6388488858343302,0.351,so2,M5b: AugSynth Centro (Bel. in pool),AugSynth,2024w51,2024-12-16
109,0.3911927360654137,-0.02417703745005728,0.8373306409524011,0.101,so2,M5b: AugSynth Centro (Bel. in pool),AugSynth,2024w52,2024-12-23
110,0.28357007841415327,-0.16256782647283408,0.6989398519296244,0.219,so2,M5b: AugSynth Centro (Bel. in pool),AugSynth,2025w01,2024-12-30
111,0.2734346447418239,-0.1419351287736471,0.7195725496288112,0.248,so2,M5b: AugSynth Centro (Bel. in pool),AugSynth,2025w02,2025-01-06
112,0.2577978109220025,-0.1575719625934685,0.7039357158089898,0.254,so2,M5b: AugSynth Centro (Bel. in pool),AugSynth,2025w03,2025-01-13
113,0.17486869863191856,-0.24050107488355243,0.6210066035189059,0.437,so2,M5b: AugSynth Centro (Bel. in pool),AugSynth,2025w04,2025-01-20
114,0.3504956356898923,-0.06487413782557871,0.7966335405768796,0.175,so2,M5b: AugSynth Centro (Bel. in pool),AugSynth,2025w05,2025-01-27
115,0.5260755937970623,0.11070582028159126,0.9414453673125334,0.024,so2,M5b: AugSynth Centro (Bel. in pool),AugSynth,2025w06,2025-02-03
116,1.1980551222144142,0.7211490859559104,1.6441930271014016,0.026,so2,M5b: AugSynth Centro (Bel. in pool),AugSynth,2025w07,2025-02-10
117,0.5354041839328469,0.05849814767434319,0.9815420888198343,0.039,so2,M5b: AugSynth Centro (Bel. in pool),AugSynth,2025w08,2025-02-17
118,0.6316517025825255,0.1855137976955381,1.0777896074695128,0.019,so2,M5b: AugSynth Centro (Bel. in pool),AugSynth,2025w09,2025-02-24
119,0.8881133212131572,0.4112072849546535,1.365019357471661,0.018,so2,M5b: AugSynth Centro (Bel. in pool),AugSynth,2025w10,2025-03-03
120,0.9402352776638963,0.4633292414053925,1.3863731825508836,0.017,so2,M5b: AugSynth Centro (Bel. in pool),AugSynth,2025w11,2025-03-10
121,0.38061370954186513,-0.06552419534512222,0.7959834830573362,0.138,so2,M5b: AugSynth Centro (Bel. in pool),AugSynth,2025w12,2025-03-17
122,0.08300563242372316,-0.3631322724632642,0.5291435373107105,0.667,so2,M5b: AugSynth Centro (Bel. in pool),AugSynth,2025w13,2025-03-24
123,-0.5502352235282463,-1.0579093911582664,-0.10409731864125904,0.043,so2,M5b: AugSynth Centro (Bel. in pool),AugSynth,2025w14,2025-03-31
124,-0.5968008953861808,-1.1352431943877173,-0.18143112187070964,0.02,so2,M5b: AugSynth Centro (Bel. in pool),AugSynth,2025w15,2025-04-07
125,-0.016152677371249702,-0.4315224508867207,0.42998522751573764,0.924,so2,M5b: AugSynth Centro (Bel. in pool),AugSynth,2025w16,2025-04-14
126,0.12584503700613814,-0.28952473650933286,0.6335192046361582,0.561,so2,M5b: AugSynth Centro (Bel. in pool),AugSynth,2025w17,2025-04-21
127,0.4848231199194857,0.06945334640401468,0.9617291561779895,0.041,so2,M5b: AugSynth Centro (Bel. in pool),AugSynth,2025w18,2025-04-28
128,0.06944839565200711,-0.3459213778634639,0.4848181691674782,0.706,so2,M5b: AugSynth Centro (Bel. in pool),AugSynth,2025w19,2025-05-05
129,0.5207792397939013,0.10540946627843029,0.9361490133093724,0.044,so2,M5b: AugSynth Centro (Bel. in pool),AugSynth,2025w20,2025-05-12
130,0.3378987008301524,-0.10823920405683496,0.7532684743456235,0.179,so2,M5b: AugSynth Centro (Bel. in pool),AugSynth,2025w21,2025-05-19
131,0.711327197569634,0.29595742405416303,1.1266969710851051,0.018,so2,M5b: AugSynth Centro (Bel. in pool),AugSynth,2025w22,2025-05-26
132,0.7521382295214032,0.3367684560059322,1.1675080030368743,0.014,so2,M5b: AugSynth Centro (Bel. in pool),AugSynth,2025w23,2025-06-02
133,0.38399148455167076,-0.06214642033531659,0.8301293894386581,0.122,so2,M5b: AugSynth Centro (Bel. in pool),AugSynth,2025w24,2025-06-09
134,0.1473474477609905,-0.32955858849751324,0.5934853526479779,0.459,so2,M5b: AugSynth Centro (Bel. in pool),AugSynth,2025w25,2025-06-16
1,0.013064158594230824,NA,NA,NA,so2,M6: AugSynth Belisario (Centro dropped),AugSynth,2022w48,2022-11-28
2,0.0500066236135579,NA,NA,NA,so2,M6: AugSynth Belisario (Centro dropped),AugSynth,2022w49,2022-12-05
3,-0.13823652609114645,NA,NA,NA,so2,M6: AugSynth Belisario (Centro dropped),AugSynth,2022w50,2022-12-12
4,-0.052749836586440946,NA,NA,NA,so2,M6: AugSynth Belisario (Centro dropped),AugSynth,2022w51,2022-12-19
5,-0.4232436364914842,NA,NA,NA,so2,M6: AugSynth Belisario (Centro dropped),AugSynth,2022w52,2022-12-26
6,-0.23869709022985575,NA,NA,NA,so2,M6: AugSynth Belisario (Centro dropped),AugSynth,2023w01,2023-01-02
7,-0.1619885259664522,NA,NA,NA,so2,M6: AugSynth Belisario (Centro dropped),AugSynth,2023w02,2023-01-09
8,-0.21612355265531424,NA,NA,NA,so2,M6: AugSynth Belisario (Centro dropped),AugSynth,2023w03,2023-01-16
9,-0.32180189362012035,NA,NA,NA,so2,M6: AugSynth Belisario (Centro dropped),AugSynth,2023w04,2023-01-23
10,0.09207755781090698,NA,NA,NA,so2,M6: AugSynth Belisario (Centro dropped),AugSynth,2023w05,2023-01-30
11,0.12580721807560313,NA,NA,NA,so2,M6: AugSynth Belisario (Centro dropped),AugSynth,2023w06,2023-02-06
12,0.18832512976166793,NA,NA,NA,so2,M6: AugSynth Belisario (Centro dropped),AugSynth,2023w07,2023-02-13
13,0.11376522881908735,NA,NA,NA,so2,M6: AugSynth Belisario (Centro dropped),AugSynth,2023w08,2023-02-20
14,0.038304202107716234,NA,NA,NA,so2,M6: AugSynth Belisario (Centro dropped),AugSynth,2023w09,2023-02-27
15,0.31177992543130095,NA,NA,NA,so2,M6: AugSynth Belisario (Centro dropped),AugSynth,2023w10,2023-03-06
16,0.0870300018892769,NA,NA,NA,so2,M6: AugSynth Belisario (Centro dropped),AugSynth,2023w11,2023-03-13
17,0.021136908849831437,NA,NA,NA,so2,M6: AugSynth Belisario (Centro dropped),AugSynth,2023w12,2023-03-20
18,0.2132462076876016,NA,NA,NA,so2,M6: AugSynth Belisario (Centro dropped),AugSynth,2023w13,2023-03-27
19,0.1673374837953956,NA,NA,NA,so2,M6: AugSynth Belisario (Centro dropped),AugSynth,2023w14,2023-04-03
20,0.15045189220279798,NA,NA,NA,so2,M6: AugSynth Belisario (Centro dropped),AugSynth,2023w15,2023-04-10
21,0.18489300448039558,NA,NA,NA,so2,M6: AugSynth Belisario (Centro dropped),AugSynth,2023w16,2023-04-17
22,0.12018236233138357,NA,NA,NA,so2,M6: AugSynth Belisario (Centro dropped),AugSynth,2023w17,2023-04-24
23,-0.17819611627426601,NA,NA,NA,so2,M6: AugSynth Belisario (Centro dropped),AugSynth,2023w18,2023-05-01
24,-0.037452537516951434,NA,NA,NA,so2,M6: AugSynth Belisario (Centro dropped),AugSynth,2023w19,2023-05-08
25,0.12503536067238086,NA,NA,NA,so2,M6: AugSynth Belisario (Centro dropped),AugSynth,2023w20,2023-05-15
26,0.3146184891684698,NA,NA,NA,so2,M6: AugSynth Belisario (Centro dropped),AugSynth,2023w21,2023-05-22
27,0.2313190542396777,NA,NA,NA,so2,M6: AugSynth Belisario (Centro dropped),AugSynth,2023w22,2023-05-29
28,0.23854881740499545,NA,NA,NA,so2,M6: AugSynth Belisario (Centro dropped),AugSynth,2023w23,2023-06-05
29,0.08239838750161299,NA,NA,NA,so2,M6: AugSynth Belisario (Centro dropped),AugSynth,2023w24,2023-06-12
30,0.11561989346290691,NA,NA,NA,so2,M6: AugSynth Belisario (Centro dropped),AugSynth,2023w25,2023-06-19
31,0.10143155307699936,NA,NA,NA,so2,M6: AugSynth Belisario (Centro dropped),AugSynth,2023w26,2023-06-26
32,0.21240666881072112,NA,NA,NA,so2,M6: AugSynth Belisario (Centro dropped),AugSynth,2023w27,2023-07-03
33,0.09150359388434759,NA,NA,NA,so2,M6: AugSynth Belisario (Centro dropped),AugSynth,2023w28,2023-07-10
34,0.4076087867148258,NA,NA,NA,so2,M6: AugSynth Belisario (Centro dropped),AugSynth,2023w29,2023-07-17
35,0.16549301994542742,NA,NA,NA,so2,M6: AugSynth Belisario (Centro dropped),AugSynth,2023w30,2023-07-24
36,0.24778400714554116,NA,NA,NA,so2,M6: AugSynth Belisario (Centro dropped),AugSynth,2023w31,2023-07-31
37,-0.23804937729339715,NA,NA,NA,so2,M6: AugSynth Belisario (Centro dropped),AugSynth,2023w32,2023-08-07
38,-0.08331275906902236,NA,NA,NA,so2,M6: AugSynth Belisario (Centro dropped),AugSynth,2023w33,2023-08-14
39,-0.07437420136497819,NA,NA,NA,so2,M6: AugSynth Belisario (Centro dropped),AugSynth,2023w34,2023-08-21
40,-0.09440090489107034,NA,NA,NA,so2,M6: AugSynth Belisario (Centro dropped),AugSynth,2023w35,2023-08-28
41,-0.06588049279578367,NA,NA,NA,so2,M6: AugSynth Belisario (Centro dropped),AugSynth,2023w36,2023-09-04
42,-0.2200081727723584,NA,NA,NA,so2,M6: AugSynth Belisario (Centro dropped),AugSynth,2023w37,2023-09-11
43,-0.027553055608581234,NA,NA,NA,so2,M6: AugSynth Belisario (Centro dropped),AugSynth,2023w38,2023-09-18
44,0.11314396408409944,NA,NA,NA,so2,M6: AugSynth Belisario (Centro dropped),AugSynth,2023w39,2023-09-25
45,0.31575557270483223,NA,NA,NA,so2,M6: AugSynth Belisario (Centro dropped),AugSynth,2023w40,2023-10-02
46,-0.5324038691751731,NA,NA,NA,so2,M6: AugSynth Belisario (Centro dropped),AugSynth,2023w41,2023-10-09
47,-0.176574949158951,NA,NA,NA,so2,M6: AugSynth Belisario (Centro dropped),AugSynth,2023w42,2023-10-16
48,-0.34769404927970315,NA,NA,NA,so2,M6: AugSynth Belisario (Centro dropped),AugSynth,2023w43,2023-10-23
49,-0.09932073775074457,NA,NA,NA,so2,M6: AugSynth Belisario (Centro dropped),AugSynth,2023w44,2023-10-30
50,-0.5907663772105827,NA,NA,NA,so2,M6: AugSynth Belisario (Centro dropped),AugSynth,2023w45,2023-11-06
51,-0.11214871769942913,NA,NA,NA,so2,M6: AugSynth Belisario (Centro dropped),AugSynth,2023w46,2023-11-13
52,-0.16377453282005128,NA,NA,NA,so2,M6: AugSynth Belisario (Centro dropped),AugSynth,2023w47,2023-11-20
53,-0.29708737583804345,-0.8587673848290653,0.24166691850028355,0.213,so2,M6: AugSynth Belisario (Centro dropped),AugSynth,2023w48,2023-11-27
54,-0.2049797174188357,-0.7666597264098576,0.31084886226679664,0.356,so2,M6: AugSynth Belisario (Centro dropped),AugSynth,2023w49,2023-12-04
55,-0.34784816221760617,-0.8866024565559333,0.14505470281533128,0.143,so2,M6: AugSynth Belisario (Centro dropped),AugSynth,2023w50,2023-12-11
56,0.06411608375252387,-0.497563925238498,0.5799446634381562,0.852,so2,M6: AugSynth Belisario (Centro dropped),AugSynth,2023w51,2023-12-18
57,-0.12186668245506171,-0.6835466914460836,0.4168876118832653,0.651,so2,M6: AugSynth Belisario (Centro dropped),AugSynth,2023w52,2023-12-25
58,-0.015252936182312604,-0.5081558012152502,0.5235013581560144,0.979,so2,M6: AugSynth Belisario (Centro dropped),AugSynth,2024w01,2024-01-01
59,-0.14530832883020683,-0.7069883378212287,0.39344596550812017,0.525,so2,M6: AugSynth Belisario (Centro dropped),AugSynth,2024w02,2024-01-08
60,-0.4505663719222244,-1.0122463809132463,0.08818792241610263,0.052,so2,M6: AugSynth Belisario (Centro dropped),AugSynth,2024w03,2024-01-15
61,-0.2693700517048825,-0.8081243460432096,0.2693842426334445,0.199,so2,M6: AugSynth Belisario (Centro dropped),AugSynth,2024w04,2024-01-22
62,-0.14008763721683293,-0.67884193155516,0.3757409424687994,0.536,so2,M6: AugSynth Belisario (Centro dropped),AugSynth,2024w05,2024-01-29
63,-0.33965502657733193,-0.9013350355683538,0.1761735531083004,0.128,so2,M6: AugSynth Belisario (Centro dropped),AugSynth,2024w06,2024-02-05
64,-0.3568596986291519,-0.8726882783147842,0.13604316640378555,0.086,so2,M6: AugSynth Belisario (Centro dropped),AugSynth,2024w07,2024-02-12
65,-0.410133652652404,-0.9718136616434259,0.10569492703322836,0.095,so2,M6: AugSynth Belisario (Centro dropped),AugSynth,2024w08,2024-02-19
66,-0.14584655421278803,-0.6846008485511151,0.3699820254728443,0.543,so2,M6: AugSynth Belisario (Centro dropped),AugSynth,2024w09,2024-02-26
67,-0.24992518044023204,-0.8116051894312539,0.2659033992454003,0.254,so2,M6: AugSynth Belisario (Centro dropped),AugSynth,2024w10,2024-03-04
68,-0.14849339226774738,-0.6643219719533797,0.36733518741788496,0.544,so2,M6: AugSynth Belisario (Centro dropped),AugSynth,2024w11,2024-03-11
69,-0.16106214234720784,-0.6768907220328402,0.3547664373384245,0.496,so2,M6: AugSynth Belisario (Centro dropped),AugSynth,2024w12,2024-03-18
70,0.26045031746086567,-0.3012296915301562,0.776278897146498,0.177,so2,M6: AugSynth Belisario (Centro dropped),AugSynth,2024w13,2024-03-25
71,-0.060954447654169686,-0.6226344566451916,0.45487413203146265,0.87,so2,M6: AugSynth Belisario (Centro dropped),AugSynth,2024w14,2024-04-01
72,-0.4085672751835183,-0.9473215695218454,0.10726130450211402,0.084,so2,M6: AugSynth Belisario (Centro dropped),AugSynth,2024w15,2024-04-08
73,-0.21657673354891815,-0.7553310278872453,0.2992518461367142,0.357,so2,M6: AugSynth Belisario (Centro dropped),AugSynth,2024w16,2024-04-15
74,-0.11372335171013193,-0.652477646048459,0.4021052279755004,0.642,so2,M6: AugSynth Belisario (Centro dropped),AugSynth,2024w17,2024-04-22
75,-0.06951912774093438,-0.6082734220792615,0.44630945194469795,0.842,so2,M6: AugSynth Belisario (Centro dropped),AugSynth,2024w18,2024-04-29
76,-0.07753823050387365,-0.6162925248422008,0.4382903491817587,0.845,so2,M6: AugSynth Belisario (Centro dropped),AugSynth,2024w19,2024-05-06
77,-0.03921828831583718,-0.5779725826541643,0.47661029136979516,0.922,so2,M6: AugSynth Belisario (Centro dropped),AugSynth,2024w20,2024-05-13
78,-0.1178741458960364,-0.6795541548870583,0.39795443378959594,0.662,so2,M6: AugSynth Belisario (Centro dropped),AugSynth,2024w21,2024-05-20
79,-0.13124177400784376,-0.6929217829988656,0.3845868056777886,0.575,so2,M6: AugSynth Belisario (Centro dropped),AugSynth,2024w22,2024-05-27
80,0.42193038555463735,-0.11682390878368976,0.9377589652402697,0.07,so2,M6: AugSynth Belisario (Centro dropped),AugSynth,2024w23,2024-06-03
81,0.5555250305522047,0.016770736213877587,1.071353610237837,0.04,so2,M6: AugSynth Belisario (Centro dropped),AugSynth,2024w24,2024-06-10
82,0.12663568309072715,-0.43504432590029474,0.6195385481236646,0.574,so2,M6: AugSynth Belisario (Centro dropped),AugSynth,2024w25,2024-06-17
83,0.1131337762622373,-0.4256205180760898,0.6289623559478696,0.64,so2,M6: AugSynth Belisario (Centro dropped),AugSynth,2024w26,2024-06-24
84,0.029242686572521492,-0.5324373224185004,0.5450712662581538,0.948,so2,M6: AugSynth Belisario (Centro dropped),AugSynth,2024w27,2024-07-01
85,-0.14119869775344362,-0.7028787067444655,0.3746298819321887,0.523,so2,M6: AugSynth Belisario (Centro dropped),AugSynth,2024w28,2024-07-08
86,0.009963609154059583,-0.5287906851842675,0.5487179034923866,1,so2,M6: AugSynth Belisario (Centro dropped),AugSynth,2024w29,2024-07-15
87,0.07342464902242951,-0.4653296453158976,0.5892532287080618,0.863,so2,M6: AugSynth Belisario (Centro dropped),AugSynth,2024w30,2024-07-22
88,0.5767161539690727,0.015036144978050836,1.1154704483073998,0.049,so2,M6: AugSynth Belisario (Centro dropped),AugSynth,2024w31,2024-07-29
89,0.1476474861520598,-0.4140325228389621,0.6634760658376921,0.564,so2,M6: AugSynth Belisario (Centro dropped),AugSynth,2024w32,2024-08-05
90,0.13568981046595363,-0.4030644838723735,0.6744441048042806,0.53,so2,M6: AugSynth Belisario (Centro dropped),AugSynth,2024w33,2024-08-12
91,0.0796002873849142,-0.4820797216061077,0.5954288670705465,0.836,so2,M6: AugSynth Belisario (Centro dropped),AugSynth,2024w34,2024-08-19
92,0.3646081453124017,-0.19707186367862017,0.9033624396507287,0.118,so2,M6: AugSynth Belisario (Centro dropped),AugSynth,2024w35,2024-08-26
93,-0.23014122886212451,-0.7688955232004516,0.3086130654762025,0.299,so2,M6: AugSynth Belisario (Centro dropped),AugSynth,2024w36,2024-09-02
94,0.10970133645198388,-0.42905295788634323,0.6484556307903109,0.662,so2,M6: AugSynth Belisario (Centro dropped),AugSynth,2024w37,2024-09-09
95,0.018750762222443207,-0.5429292467685787,0.5575050565607702,0.975,so2,M6: AugSynth Belisario (Centro dropped),AugSynth,2024w38,2024-09-16
96,-0.1159279005067142,-0.6546821948450413,0.4228263938316128,0.66,so2,M6: AugSynth Belisario (Centro dropped),AugSynth,2024w39,2024-09-23
97,0.17454189664529407,-0.36421239769303304,0.6903704763309264,0.43,so2,M6: AugSynth Belisario (Centro dropped),AugSynth,2024w40,2024-09-30
98,0.22969033583901566,-0.3319896731520062,0.7684446301773427,0.33,so2,M6: AugSynth Belisario (Centro dropped),AugSynth,2024w41,2024-10-07
99,-0.06691265629998866,-0.6056669506383158,0.47184163803833834,0.881,so2,M6: AugSynth Belisario (Centro dropped),AugSynth,2024w42,2024-10-14
100,0.2561464614680036,-0.28260783287032354,0.7949007558063306,0.183,so2,M6: AugSynth Belisario (Centro dropped),AugSynth,2024w43,2024-10-21
101,-0.009591034613987581,-0.5712710436050095,0.5291632597243394,1,so2,M6: AugSynth Belisario (Centro dropped),AugSynth,2024w44,2024-10-28
102,0.1935403873916659,-0.3452139069466612,0.7093689670772982,0.366,so2,M6: AugSynth Belisario (Centro dropped),AugSynth,2024w45,2024-11-04
103,0.0527984027502979,-0.4859558915880292,0.5686269824359302,0.887,so2,M6: AugSynth Belisario (Centro dropped),AugSynth,2024w46,2024-11-11
104,0.21549153887138184,-0.3232627554669453,0.7313201185570142,0.381,so2,M6: AugSynth Belisario (Centro dropped),AugSynth,2024w47,2024-11-18
105,0.24278462209732266,-0.2730439575883097,0.7815389164356497,0.267,so2,M6: AugSynth Belisario (Centro dropped),AugSynth,2024w48,2024-11-25
106,-0.017753062674918052,-0.5794330716659399,0.4980755170107143,0.978,so2,M6: AugSynth Belisario (Centro dropped),AugSynth,2024w49,2024-12-02
107,-0.18758586207351424,-0.7492658710645361,0.35116843226481276,0.455,so2,M6: AugSynth Belisario (Centro dropped),AugSynth,2024w50,2024-12-09
108,-0.14993232704029014,-0.6657609067259225,0.3658962526453422,0.539,so2,M6: AugSynth Belisario (Centro dropped),AugSynth,2024w51,2024-12-16
109,0.3241260312801162,-0.21462826305821092,0.8399546109657485,0.118,so2,M6: AugSynth Belisario (Centro dropped),AugSynth,2024w52,2024-12-23
110,-0.05675966171873803,-0.5955139560570651,0.5049203472722839,0.88,so2,M6: AugSynth Belisario (Centro dropped),AugSynth,2025w01,2024-12-30
111,0.11932223674064013,-0.3965063429449922,0.6351508164262725,0.603,so2,M6: AugSynth Belisario (Centro dropped),AugSynth,2025w02,2025-01-06
112,-0.03763558070798245,-0.5534641603936148,0.4781929989776499,0.929,so2,M6: AugSynth Belisario (Centro dropped),AugSynth,2025w03,2025-01-13
113,-0.12165455863683827,-0.6604088529751654,0.4170997357014887,0.59,so2,M6: AugSynth Belisario (Centro dropped),AugSynth,2025w04,2025-01-20
114,-0.1483492883056432,-0.6871035826439703,0.34455357672729425,0.541,so2,M6: AugSynth Belisario (Centro dropped),AugSynth,2025w05,2025-01-27
115,0.12607897379543487,-0.41267532054289224,0.6648332681337619,0.569,so2,M6: AugSynth Belisario (Centro dropped),AugSynth,2025w06,2025-02-03
116,-0.9365944348563241,-1.4753487291946512,-0.3749144258653022,0.021,so2,M6: AugSynth Belisario (Centro dropped),AugSynth,2025w07,2025-02-10
117,-0.4887349950893014,-1.0504150040803233,0.07294501390172048,0.059,so2,M6: AugSynth Belisario (Centro dropped),AugSynth,2025w08,2025-02-17
118,-0.3958505500877938,-0.9575305590788157,0.1429037442505332,0.085,so2,M6: AugSynth Belisario (Centro dropped),AugSynth,2025w09,2025-02-24
119,-0.5784594351432298,-1.1401394441342516,-0.06263085545759739,0.048,so2,M6: AugSynth Belisario (Centro dropped),AugSynth,2025w10,2025-03-03
120,-0.41427670365503455,-0.9759567126460564,0.10155187603059779,0.117,so2,M6: AugSynth Belisario (Centro dropped),AugSynth,2025w11,2025-03-10
121,-0.1844603622954596,-0.7461403712864815,0.3542939320428674,0.387,so2,M6: AugSynth Belisario (Centro dropped),AugSynth,2025w12,2025-03-17
122,-0.1716788710148165,-0.7333588800058384,0.34414970867081585,0.475,so2,M6: AugSynth Belisario (Centro dropped),AugSynth,2025w13,2025-03-24
123,-0.20776346695400694,-0.7694434759450288,0.33099082738432006,0.361,so2,M6: AugSynth Belisario (Centro dropped),AugSynth,2025w14,2025-03-31
124,-0.2871055468540138,-0.8029341265396461,0.2516487474843132,0.2,so2,M6: AugSynth Belisario (Centro dropped),AugSynth,2025w15,2025-04-07
125,-0.3186621738901352,-0.8803421828811571,0.22009212044819182,0.199,so2,M6: AugSynth Belisario (Centro dropped),AugSynth,2025w16,2025-04-14
126,-0.024720022883064408,-0.5634743172213915,0.49110855680256793,0.965,so2,M6: AugSynth Belisario (Centro dropped),AugSynth,2025w17,2025-04-21
127,-0.14476180156219587,-0.683516095900523,0.37106677812343647,0.53,so2,M6: AugSynth Belisario (Centro dropped),AugSynth,2025w18,2025-04-28
128,-0.25146297058952505,-0.8131429795805469,0.2643656090961073,0.229,so2,M6: AugSynth Belisario (Centro dropped),AugSynth,2025w19,2025-05-05
129,-0.1739848811895336,-0.7127391755278607,0.3876951278014883,0.435,so2,M6: AugSynth Belisario (Centro dropped),AugSynth,2025w20,2025-05-12
130,-0.41447881818124466,-0.9532331125195718,0.12427547615708234,0.104,so2,M6: AugSynth Belisario (Centro dropped),AugSynth,2025w21,2025-05-19
131,-0.45646695618844657,-0.9952212505267738,0.08228733814988032,0.05,so2,M6: AugSynth Belisario (Centro dropped),AugSynth,2025w22,2025-05-26
132,-0.2905030062149374,-0.8292573005532645,0.22532557347069493,0.208,so2,M6: AugSynth Belisario (Centro dropped),AugSynth,2025w23,2025-06-02
133,-0.43148211332782416,-0.9702364076661513,0.10727218101050284,0.054,so2,M6: AugSynth Belisario (Centro dropped),AugSynth,2025w24,2025-06-09
134,-0.703178417062954,-1.2419327114012813,-0.16442412272462703,0.023,so2,M6: AugSynth Belisario (Centro dropped),AugSynth,2025w25,2025-06-16
1,-0.11641735615134463,NA,NA,NA,so2,M7: AugSynth_FE Centro+Belisario,AugSynth_FE,2022w48,2022-11-28
2,-0.07787609176772348,NA,NA,NA,so2,M7: AugSynth_FE Centro+Belisario,AugSynth_FE,2022w49,2022-12-05
3,-0.23652206311956636,NA,NA,NA,so2,M7: AugSynth_FE Centro+Belisario,AugSynth_FE,2022w50,2022-12-12
4,-0.0634310341752371,NA,NA,NA,so2,M7: AugSynth_FE Centro+Belisario,AugSynth_FE,2022w51,2022-12-19
5,-0.30528790937695227,NA,NA,NA,so2,M7: AugSynth_FE Centro+Belisario,AugSynth_FE,2022w52,2022-12-26
6,-0.1798374917805048,NA,NA,NA,so2,M7: AugSynth_FE Centro+Belisario,AugSynth_FE,2023w01,2023-01-02
7,-0.04742248201777177,NA,NA,NA,so2,M7: AugSynth_FE Centro+Belisario,AugSynth_FE,2023w02,2023-01-09
8,-0.11241308037295794,NA,NA,NA,so2,M7: AugSynth_FE Centro+Belisario,AugSynth_FE,2023w03,2023-01-16
9,-0.20265137296285562,NA,NA,NA,so2,M7: AugSynth_FE Centro+Belisario,AugSynth_FE,2023w04,2023-01-23
10,0.03573565151008684,NA,NA,NA,so2,M7: AugSynth_FE Centro+Belisario,AugSynth_FE,2023w05,2023-01-30
11,0.1487333113222964,NA,NA,NA,so2,M7: AugSynth_FE Centro+Belisario,AugSynth_FE,2023w06,2023-02-06
12,0.16381983315729132,NA,NA,NA,so2,M7: AugSynth_FE Centro+Belisario,AugSynth_FE,2023w07,2023-02-13
13,0.18050671570504662,NA,NA,NA,so2,M7: AugSynth_FE Centro+Belisario,AugSynth_FE,2023w08,2023-02-20
14,-0.041080977864314416,NA,NA,NA,so2,M7: AugSynth_FE Centro+Belisario,AugSynth_FE,2023w09,2023-02-27
15,0.40864357605810797,NA,NA,NA,so2,M7: AugSynth_FE Centro+Belisario,AugSynth_FE,2023w10,2023-03-06
16,0.18613152083943163,NA,NA,NA,so2,M7: AugSynth_FE Centro+Belisario,AugSynth_FE,2023w11,2023-03-13
17,0.10470443167913834,NA,NA,NA,so2,M7: AugSynth_FE Centro+Belisario,AugSynth_FE,2023w12,2023-03-20
18,0.32928499371980013,NA,NA,NA,so2,M7: AugSynth_FE Centro+Belisario,AugSynth_FE,2023w13,2023-03-27
19,0.4208621748698522,NA,NA,NA,so2,M7: AugSynth_FE Centro+Belisario,AugSynth_FE,2023w14,2023-04-03
20,0.2554188876208041,NA,NA,NA,so2,M7: AugSynth_FE Centro+Belisario,AugSynth_FE,2023w15,2023-04-10
21,0.2336112425180008,NA,NA,NA,so2,M7: AugSynth_FE Centro+Belisario,AugSynth_FE,2023w16,2023-04-17
22,0.09087650729329999,NA,NA,NA,so2,M7: AugSynth_FE Centro+Belisario,AugSynth_FE,2023w17,2023-04-24
23,-0.31705809693626197,NA,NA,NA,so2,M7: AugSynth_FE Centro+Belisario,AugSynth_FE,2023w18,2023-05-01
24,-0.057751456698168724,NA,NA,NA,so2,M7: AugSynth_FE Centro+Belisario,AugSynth_FE,2023w19,2023-05-08
25,0.07160003465259113,NA,NA,NA,so2,M7: AugSynth_FE Centro+Belisario,AugSynth_FE,2023w20,2023-05-15
26,0.25121245269579173,NA,NA,NA,so2,M7: AugSynth_FE Centro+Belisario,AugSynth_FE,2023w21,2023-05-22
27,0.23213830573506344,NA,NA,NA,so2,M7: AugSynth_FE Centro+Belisario,AugSynth_FE,2023w22,2023-05-29
28,0.29756167878036366,NA,NA,NA,so2,M7: AugSynth_FE Centro+Belisario,AugSynth_FE,2023w23,2023-06-05
29,0.11288436506621768,NA,NA,NA,so2,M7: AugSynth_FE Centro+Belisario,AugSynth_FE,2023w24,2023-06-12
30,0.05483690691537113,NA,NA,NA,so2,M7: AugSynth_FE Centro+Belisario,AugSynth_FE,2023w25,2023-06-19
31,0.07955161361678931,NA,NA,NA,so2,M7: AugSynth_FE Centro+Belisario,AugSynth_FE,2023w26,2023-06-26
32,0.28814423881683204,NA,NA,NA,so2,M7: AugSynth_FE Centro+Belisario,AugSynth_FE,2023w27,2023-07-03
33,0.09480035549535071,NA,NA,NA,so2,M7: AugSynth_FE Centro+Belisario,AugSynth_FE,2023w28,2023-07-10
34,0.37595434881030676,NA,NA,NA,so2,M7: AugSynth_FE Centro+Belisario,AugSynth_FE,2023w29,2023-07-17
35,0.14462481956839923,NA,NA,NA,so2,M7: AugSynth_FE Centro+Belisario,AugSynth_FE,2023w30,2023-07-24
36,0.06846153175520264,NA,NA,NA,so2,M7: AugSynth_FE Centro+Belisario,AugSynth_FE,2023w31,2023-07-31
37,-0.45574012169676026,NA,NA,NA,so2,M7: AugSynth_FE Centro+Belisario,AugSynth_FE,2023w32,2023-08-07
38,-0.11080041960701936,NA,NA,NA,so2,M7: AugSynth_FE Centro+Belisario,AugSynth_FE,2023w33,2023-08-14
39,-0.020700404846790255,NA,NA,NA,so2,M7: AugSynth_FE Centro+Belisario,AugSynth_FE,2023w34,2023-08-21
40,-0.3076917337585803,NA,NA,NA,so2,M7: AugSynth_FE Centro+Belisario,AugSynth_FE,2023w35,2023-08-28
41,-0.28253719885917183,NA,NA,NA,so2,M7: AugSynth_FE Centro+Belisario,AugSynth_FE,2023w36,2023-09-04
42,-0.43524852507482636,NA,NA,NA,so2,M7: AugSynth_FE Centro+Belisario,AugSynth_FE,2023w37,2023-09-11
43,-0.06239345400797336,NA,NA,NA,so2,M7: AugSynth_FE Centro+Belisario,AugSynth_FE,2023w38,2023-09-18
44,0.16251036109104944,NA,NA,NA,so2,M7: AugSynth_FE Centro+Belisario,AugSynth_FE,2023w39,2023-09-25
45,0.25108055304230503,NA,NA,NA,so2,M7: AugSynth_FE Centro+Belisario,AugSynth_FE,2023w40,2023-10-02
46,-0.4859016869095907,NA,NA,NA,so2,M7: AugSynth_FE Centro+Belisario,AugSynth_FE,2023w41,2023-10-09
47,-0.1903788022995414,NA,NA,NA,so2,M7: AugSynth_FE Centro+Belisario,AugSynth_FE,2023w42,2023-10-16
48,-0.3262580660829417,NA,NA,NA,so2,M7: AugSynth_FE Centro+Belisario,AugSynth_FE,2023w43,2023-10-23
49,0.1161424642455775,NA,NA,NA,so2,M7: AugSynth_FE Centro+Belisario,AugSynth_FE,2023w44,2023-10-30
50,-0.639029402814415,NA,NA,NA,so2,M7: AugSynth_FE Centro+Belisario,AugSynth_FE,2023w45,2023-11-06
51,-0.039602820381387405,NA,NA,NA,so2,M7: AugSynth_FE Centro+Belisario,AugSynth_FE,2023w46,2023-11-13
52,-0.045800827017711265,NA,NA,NA,so2,M7: AugSynth_FE Centro+Belisario,AugSynth_FE,2023w47,2023-11-20
53,-0.1710388109517582,-0.6282191665423265,0.28614154463881,0.571,so2,M7: AugSynth_FE Centro+Belisario,AugSynth_FE,2023w48,2023-11-27
54,-0.2462295510333239,-0.7034099066238921,0.2109508045572443,0.425,so2,M7: AugSynth_FE Centro+Belisario,AugSynth_FE,2023w49,2023-12-04
55,-0.18264770365725913,-0.6398280592478274,0.27453265193330906,0.558,so2,M7: AugSynth_FE Centro+Belisario,AugSynth_FE,2023w50,2023-12-11
56,0.028857746260946282,-0.4283226093296219,0.48603810185151447,0.987,so2,M7: AugSynth_FE Centro+Belisario,AugSynth_FE,2023w51,2023-12-18
57,-0.11447629041303697,-0.5716566460036052,0.3427040651775312,0.705,so2,M7: AugSynth_FE Centro+Belisario,AugSynth_FE,2023w52,2023-12-25
58,0.0843253487381328,-0.3728550068524354,0.541505704328701,0.746,so2,M7: AugSynth_FE Centro+Belisario,AugSynth_FE,2024w01,2024-01-01
59,-0.1402669203391833,-0.5974472759297516,0.3169134352513849,0.58,so2,M7: AugSynth_FE Centro+Belisario,AugSynth_FE,2024w02,2024-01-08
60,-0.2856193649157026,-0.7427997205062709,0.17156099067486558,0.379,so2,M7: AugSynth_FE Centro+Belisario,AugSynth_FE,2024w03,2024-01-15
61,-0.17591804409681,-0.6330983996873782,0.2812623114937582,0.519,so2,M7: AugSynth_FE Centro+Belisario,AugSynth_FE,2024w04,2024-01-22
62,-0.1482258430548773,-0.6054061986454455,0.3089545125356909,0.595,so2,M7: AugSynth_FE Centro+Belisario,AugSynth_FE,2024w05,2024-01-29
63,-0.26498583981716206,-0.7221661954077303,0.19219451577340613,0.338,so2,M7: AugSynth_FE Centro+Belisario,AugSynth_FE,2024w06,2024-02-05
64,-0.24137104098478623,-0.6985513965753545,0.21580931460578195,0.404,so2,M7: AugSynth_FE Centro+Belisario,AugSynth_FE,2024w07,2024-02-12
65,-0.37757338314449784,-0.8347537387350661,0.07960697244607035,0.149,so2,M7: AugSynth_FE Centro+Belisario,AugSynth_FE,2024w08,2024-02-19
66,-0.0031941535275739064,-0.4603745091181421,0.4539862020629943,1,so2,M7: AugSynth_FE Centro+Belisario,AugSynth_FE,2024w09,2024-02-26
67,-0.18965237550391478,-0.646832731094483,0.2675279800866534,0.477,so2,M7: AugSynth_FE Centro+Belisario,AugSynth_FE,2024w10,2024-03-04
68,-0.10701793848719277,-0.564198294077761,0.3501624171033754,0.695,so2,M7: AugSynth_FE Centro+Belisario,AugSynth_FE,2024w11,2024-03-11
69,-0.1258632752687785,-0.5830436308593467,0.3313170803217897,0.576,so2,M7: AugSynth_FE Centro+Belisario,AugSynth_FE,2024w12,2024-03-18
70,0.3062275227444351,-0.1509528328461331,0.7634078783350033,0.291,so2,M7: AugSynth_FE Centro+Belisario,AugSynth_FE,2024w13,2024-03-25
71,0.18353443019838123,-0.27364592539218696,0.6407147857889495,0.53,so2,M7: AugSynth_FE Centro+Belisario,AugSynth_FE,2024w14,2024-04-01
72,-0.33618399415357425,-0.7933643497441425,0.12099636143699394,0.222,so2,M7: AugSynth_FE Centro+Belisario,AugSynth_FE,2024w15,2024-04-08
73,-0.12623489866827642,-0.5834152542588447,0.33094545692229177,0.636,so2,M7: AugSynth_FE Centro+Belisario,AugSynth_FE,2024w16,2024-04-15
74,-0.054654723481078804,-0.511835079071647,0.4025256321094894,0.885,so2,M7: AugSynth_FE Centro+Belisario,AugSynth_FE,2024w17,2024-04-22
75,-0.09639291746187029,-0.5535732730524385,0.3607874381286979,0.705,so2,M7: AugSynth_FE Centro+Belisario,AugSynth_FE,2024w18,2024-04-29
76,-0.07317855365305759,-0.5303589092436258,0.3840018019375106,0.805,so2,M7: AugSynth_FE Centro+Belisario,AugSynth_FE,2024w19,2024-05-06
77,-0.18678173843633106,-0.6439620940268993,0.27039861715423713,0.47,so2,M7: AugSynth_FE Centro+Belisario,AugSynth_FE,2024w20,2024-05-13
78,-0.5256333641873976,-0.9828137197779658,-0.0684530085968294,0.027,so2,M7: AugSynth_FE Centro+Belisario,AugSynth_FE,2024w21,2024-05-20
79,-0.4194343017369523,-0.8766146573275204,0.0377460538536159,0.127,so2,M7: AugSynth_FE Centro+Belisario,AugSynth_FE,2024w22,2024-05-27
80,0.0026960270075232495,-0.45448432858304494,0.45987638259809144,1,so2,M7: AugSynth_FE Centro+Belisario,AugSynth_FE,2024w23,2024-06-03
81,0.26011565066689657,-0.19706470492367162,0.7172960062574647,0.409,so2,M7: AugSynth_FE Centro+Belisario,AugSynth_FE,2024w24,2024-06-10
82,-0.1569657771132864,-0.6141461327038547,0.3002145784772818,0.588,so2,M7: AugSynth_FE Centro+Belisario,AugSynth_FE,2024w25,2024-06-17
83,0.0214722571308128,-0.4357080984597554,0.478652612721381,1,so2,M7: AugSynth_FE Centro+Belisario,AugSynth_FE,2024w26,2024-06-24
84,-0.07228996271283283,-0.5294703183034011,0.38489039287773535,0.849,so2,M7: AugSynth_FE Centro+Belisario,AugSynth_FE,2024w27,2024-07-01
85,-0.3617543300407675,-0.8189346856313358,0.09542602554980067,0.171,so2,M7: AugSynth_FE Centro+Belisario,AugSynth_FE,2024w28,2024-07-08
86,-0.1612241782114041,-0.6184045338019724,0.2959561773791641,0.577,so2,M7: AugSynth_FE Centro+Belisario,AugSynth_FE,2024w29,2024-07-15
87,-0.09408508033924101,-0.5512654359298093,0.3630952752513272,0.736,so2,M7: AugSynth_FE Centro+Belisario,AugSynth_FE,2024w30,2024-07-22
88,0.37161032968836105,-0.08557002590220714,0.8287906852789293,0.322,so2,M7: AugSynth_FE Centro+Belisario,AugSynth_FE,2024w31,2024-07-29
89,-0.06333131605693731,-0.5205116716475056,0.3938490395336309,0.889,so2,M7: AugSynth_FE Centro+Belisario,AugSynth_FE,2024w32,2024-08-05
90,0.040239719372970884,-0.4169406362175973,0.49742007496353907,0.988,so2,M7: AugSynth_FE Centro+Belisario,AugSynth_FE,2024w33,2024-08-12
91,0.089786924956204,-0.3673934306343642,0.5469672805467722,0.742,so2,M7: AugSynth_FE Centro+Belisario,AugSynth_FE,2024w34,2024-08-19
92,0.46104583248229214,0,0.9182261880728604,0.16,so2,M7: AugSynth_FE Centro+Belisario,AugSynth_FE,2024w35,2024-08-26
93,-0.3371333462621009,-0.7943137018526691,0.12004700932846729,0.189,so2,M7: AugSynth_FE Centro+Belisario,AugSynth_FE,2024w36,2024-09-02
94,0.0367023568040048,-0.4204779987865634,0.493882712394573,0.984,so2,M7: AugSynth_FE Centro+Belisario,AugSynth_FE,2024w37,2024-09-09
95,-0.07568094929295555,-0.5328613048835238,0.38149940629761264,0.826,so2,M7: AugSynth_FE Centro+Belisario,AugSynth_FE,2024w38,2024-09-16
96,0.010243160615253544,-0.44693719497531464,0.46742351620582173,1,so2,M7: AugSynth_FE Centro+Belisario,AugSynth_FE,2024w39,2024-09-23
97,0.1771497895668681,-0.2800305660237001,0.6343301451574364,0.517,so2,M7: AugSynth_FE Centro+Belisario,AugSynth_FE,2024w40,2024-09-30
98,0.13331405073358304,-0.32386630485698514,0.5904944063241513,0.618,so2,M7: AugSynth_FE Centro+Belisario,AugSynth_FE,2024w41,2024-10-07
99,-0.35605340821106335,-0.8132337638016316,0.10112694737950484,0.171,so2,M7: AugSynth_FE Centro+Belisario,AugSynth_FE,2024w42,2024-10-14
100,0.019120142918640726,-0.43806021267192746,0.4763004985092089,1,so2,M7: AugSynth_FE Centro+Belisario,AugSynth_FE,2024w43,2024-10-21
101,-0.22360553551234497,-0.6807858911029132,0.23357482007822322,0.428,so2,M7: AugSynth_FE Centro+Belisario,AugSynth_FE,2024w44,2024-10-28
102,0.17184172428095112,-0.28533863130961706,0.6290220798715194,0.532,so2,M7: AugSynth_FE Centro+Belisario,AugSynth_FE,2024w45,2024-11-04
103,0.04817722660812329,-0.4090031289824449,0.5053575821986915,0.883,so2,M7: AugSynth_FE Centro+Belisario,AugSynth_FE,2024w46,2024-11-11
104,0.14858687927000558,-0.3085934763205626,0.6057672348605738,0.597,so2,M7: AugSynth_FE Centro+Belisario,AugSynth_FE,2024w47,2024-11-18
105,0.183043062696288,-0.2741372928942802,0.6402234182868562,0.532,so2,M7: AugSynth_FE Centro+Belisario,AugSynth_FE,2024w48,2024-11-25
106,0.05772302160088727,-0.3994573339896809,0.5149033771914555,0.91,so2,M7: AugSynth_FE Centro+Belisario,AugSynth_FE,2024w49,2024-12-02
107,-0.1201797804026139,-0.5773601359931821,0.3370005751879543,0.663,so2,M7: AugSynth_FE Centro+Belisario,AugSynth_FE,2024w50,2024-12-09
108,-0.018415451006531303,-0.4755958065970995,0.4387649045840369,1,so2,M7: AugSynth_FE Centro+Belisario,AugSynth_FE,2024w51,2024-12-16
109,0.49353228397451976,0,0.950712639565088,0.077,so2,M7: AugSynth_FE Centro+Belisario,AugSynth_FE,2024w52,2024-12-23
110,0.11005356151089529,-0.3471267940796729,0.5672339171014635,0.738,so2,M7: AugSynth_FE Centro+Belisario,AugSynth_FE,2025w01,2024-12-30
111,0.2794573429451914,-0.17772301264537677,0.7366376985357597,0.354,so2,M7: AugSynth_FE Centro+Belisario,AugSynth_FE,2025w02,2025-01-06
112,0.05466138758696504,-0.40251896800360315,0.5118417431775333,0.91,so2,M7: AugSynth_FE Centro+Belisario,AugSynth_FE,2025w03,2025-01-13
113,-0.005377960911814084,-0.46255831650238227,0.4518023946787541,1,so2,M7: AugSynth_FE Centro+Belisario,AugSynth_FE,2025w04,2025-01-20
114,0.07457963518673028,-0.3826007204038379,0.5317599907772985,0.783,so2,M7: AugSynth_FE Centro+Belisario,AugSynth_FE,2025w05,2025-01-27
115,0.41175534632941235,-0.045425009261155835,0.8689357019199806,0.12,so2,M7: AugSynth_FE Centro+Belisario,AugSynth_FE,2025w06,2025-02-03
116,-0.2597531664765842,-0.7169335220671524,0.197427189113984,0.383,so2,M7: AugSynth_FE Centro+Belisario,AugSynth_FE,2025w07,2025-02-10
117,-0.2184697493430381,-0.6756501049336063,0.2387106062475301,0.419,so2,M7: AugSynth_FE Centro+Belisario,AugSynth_FE,2025w08,2025-02-17
118,-0.07165226009213299,-0.5288326156827012,0.3855280954984352,0.808,so2,M7: AugSynth_FE Centro+Belisario,AugSynth_FE,2025w09,2025-02-24
119,-0.12101530994565635,-0.5781956655362246,0.33616504564491184,0.65,so2,M7: AugSynth_FE Centro+Belisario,AugSynth_FE,2025w10,2025-03-03
120,0.039215055787693354,-0.41796529980287483,0.49639541137826154,0.983,so2,M7: AugSynth_FE Centro+Belisario,AugSynth_FE,2025w11,2025-03-10
121,-0.01549720149831657,-0.47267755708888476,0.4416831540922516,1,so2,M7: AugSynth_FE Centro+Belisario,AugSynth_FE,2025w12,2025-03-17
122,-0.17078714161085706,-0.6279674972014253,0.2863932139797111,0.547,so2,M7: AugSynth_FE Centro+Belisario,AugSynth_FE,2025w13,2025-03-24
123,-0.5279227670789757,-0.9851031226695439,-0.07074241148840749,0.049,so2,M7: AugSynth_FE Centro+Belisario,AugSynth_FE,2025w14,2025-03-31
124,-0.5756112817218849,-1.032791637312453,-0.11843092613131673,0.045,so2,M7: AugSynth_FE Centro+Belisario,AugSynth_FE,2025w15,2025-04-07
125,-0.3010927369854275,-0.7582730925759957,0.1560876186051407,0.279,so2,M7: AugSynth_FE Centro+Belisario,AugSynth_FE,2025w16,2025-04-14
126,0.01871691011118548,-0.4384634454793827,0.47589726570175367,1,so2,M7: AugSynth_FE Centro+Belisario,AugSynth_FE,2025w17,2025-04-21
127,0.06225791697157401,-0.3949224386189942,0.5194382725621423,0.848,so2,M7: AugSynth_FE Centro+Belisario,AugSynth_FE,2025w18,2025-04-28
128,-0.18978904610233727,-0.6469694016929055,0.2673913094882309,0.484,so2,M7: AugSynth_FE Centro+Belisario,AugSynth_FE,2025w19,2025-05-05
129,0.1472271396085214,-0.3099532159820468,0.6044074951990897,0.708,so2,M7: AugSynth_FE Centro+Belisario,AugSynth_FE,2025w20,2025-05-12
130,-0.17676926648304492,-0.6339496220736132,0.28041108910752327,0.538,so2,M7: AugSynth_FE Centro+Belisario,AugSynth_FE,2025w21,2025-05-19
131,-0.024615821508594316,-0.4817961770991625,0.4325645340819739,0.982,so2,M7: AugSynth_FE Centro+Belisario,AugSynth_FE,2025w22,2025-05-26
132,0.12210313876929124,-0.33507721682127695,0.5792834943598595,0.717,so2,M7: AugSynth_FE Centro+Belisario,AugSynth_FE,2025w23,2025-06-02
133,-0.18763559250720752,-0.6448159480977758,0.26954476308336067,0.519,so2,M7: AugSynth_FE Centro+Belisario,AugSynth_FE,2025w24,2025-06-09
134,-0.5363914373975889,-0.9935717929881571,0,0.051,so2,M7: AugSynth_FE Centro+Belisario,AugSynth_FE,2025w25,2025-06-16
1,-0.2581628387816135,NA,NA,NA,so2,M8: AugSynth_FE Centro (Bel. dropped),AugSynth_FE,2022w48,2022-11-28
2,-0.18044945711576066,NA,NA,NA,so2,M8: AugSynth_FE Centro (Bel. dropped),AugSynth_FE,2022w49,2022-12-05
3,-0.33102432274039306,NA,NA,NA,so2,M8: AugSynth_FE Centro (Bel. dropped),AugSynth_FE,2022w50,2022-12-12
4,-0.09078748180304186,NA,NA,NA,so2,M8: AugSynth_FE Centro (Bel. dropped),AugSynth_FE,2022w51,2022-12-19
5,-0.1829742191088204,NA,NA,NA,so2,M8: AugSynth_FE Centro (Bel. dropped),AugSynth_FE,2022w52,2022-12-26
6,-0.1311119653616173,NA,NA,NA,so2,M8: AugSynth_FE Centro (Bel. dropped),AugSynth_FE,2023w01,2023-01-02
7,0.07149697764798013,NA,NA,NA,so2,M8: AugSynth_FE Centro (Bel. dropped),AugSynth_FE,2023w02,2023-01-09
8,-0.021650844627693733,NA,NA,NA,so2,M8: AugSynth_FE Centro (Bel. dropped),AugSynth_FE,2023w03,2023-01-16
9,-0.08384536994885039,NA,NA,NA,so2,M8: AugSynth_FE Centro (Bel. dropped),AugSynth_FE,2023w04,2023-01-23
10,-0.026064995996170293,NA,NA,NA,so2,M8: AugSynth_FE Centro (Bel. dropped),AugSynth_FE,2023w05,2023-01-30
11,0.14590020651588342,NA,NA,NA,so2,M8: AugSynth_FE Centro (Bel. dropped),AugSynth_FE,2023w06,2023-02-06
12,0.11063987251214424,NA,NA,NA,so2,M8: AugSynth_FE Centro (Bel. dropped),AugSynth_FE,2023w07,2023-02-13
13,0.2331525155050187,NA,NA,NA,so2,M8: AugSynth_FE Centro (Bel. dropped),AugSynth_FE,2023w08,2023-02-20
14,-0.14908444435739598,NA,NA,NA,so2,M8: AugSynth_FE Centro (Bel. dropped),AugSynth_FE,2023w09,2023-02-27
15,0.528927329875587,NA,NA,NA,so2,M8: AugSynth_FE Centro (Bel. dropped),AugSynth_FE,2023w10,2023-03-06
16,0.323893008403757,NA,NA,NA,so2,M8: AugSynth_FE Centro (Bel. dropped),AugSynth_FE,2023w11,2023-03-13
17,0.21247275244858255,NA,NA,NA,so2,M8: AugSynth_FE Centro (Bel. dropped),AugSynth_FE,2023w12,2023-03-20
18,0.488696768540978,NA,NA,NA,so2,M8: AugSynth_FE Centro (Bel. dropped),AugSynth_FE,2023w13,2023-03-27
19,0.6526134249755546,NA,NA,NA,so2,M8: AugSynth_FE Centro (Bel. dropped),AugSynth_FE,2023w14,2023-04-03
20,0.3744016276794133,NA,NA,NA,so2,M8: AugSynth_FE Centro (Bel. dropped),AugSynth_FE,2023w15,2023-04-10
21,0.31928162133621196,NA,NA,NA,so2,M8: AugSynth_FE Centro (Bel. dropped),AugSynth_FE,2023w16,2023-04-17
22,0.08092864770281927,NA,NA,NA,so2,M8: AugSynth_FE Centro (Bel. dropped),AugSynth_FE,2023w17,2023-04-24
23,-0.45900146592763447,NA,NA,NA,so2,M8: AugSynth_FE Centro (Bel. dropped),AugSynth_FE,2023w18,2023-05-01
24,-0.08657099429996862,NA,NA,NA,so2,M8: AugSynth_FE Centro (Bel. dropped),AugSynth_FE,2023w19,2023-05-08
25,0.022089971485242277,NA,NA,NA,so2,M8: AugSynth_FE Centro (Bel. dropped),AugSynth_FE,2023w20,2023-05-15
26,0.2140770280615203,NA,NA,NA,so2,M8: AugSynth_FE Centro (Bel. dropped),AugSynth_FE,2023w21,2023-05-22
27,0.2231656337641703,NA,NA,NA,so2,M8: AugSynth_FE Centro (Bel. dropped),AugSynth_FE,2023w22,2023-05-29
28,0.3339722100843425,NA,NA,NA,so2,M8: AugSynth_FE Centro (Bel. dropped),AugSynth_FE,2023w23,2023-06-05
29,0.16025896210167323,NA,NA,NA,so2,M8: AugSynth_FE Centro (Bel. dropped),AugSynth_FE,2023w24,2023-06-12
30,0.012025598452620523,NA,NA,NA,so2,M8: AugSynth_FE Centro (Bel. dropped),AugSynth_FE,2023w25,2023-06-19
31,0.06891390717178836,NA,NA,NA,so2,M8: AugSynth_FE Centro (Bel. dropped),AugSynth_FE,2023w26,2023-06-26
32,0.37250251865134065,NA,NA,NA,so2,M8: AugSynth_FE Centro (Bel. dropped),AugSynth_FE,2023w27,2023-07-03
33,0.0877192351199878,NA,NA,NA,so2,M8: AugSynth_FE Centro (Bel. dropped),AugSynth_FE,2023w28,2023-07-10
34,0.39175171479735194,NA,NA,NA,so2,M8: AugSynth_FE Centro (Bel. dropped),AugSynth_FE,2023w29,2023-07-17
35,0.12630118334664364,NA,NA,NA,so2,M8: AugSynth_FE Centro (Bel. dropped),AugSynth_FE,2023w30,2023-07-24
36,-0.06769604221925352,NA,NA,NA,so2,M8: AugSynth_FE Centro (Bel. dropped),AugSynth_FE,2023w31,2023-07-31
37,-0.6955690834269025,NA,NA,NA,so2,M8: AugSynth_FE Centro (Bel. dropped),AugSynth_FE,2023w32,2023-08-07
38,-0.15335983408928233,NA,NA,NA,so2,M8: AugSynth_FE Centro (Bel. dropped),AugSynth_FE,2023w33,2023-08-14
39,0.013641499238361998,NA,NA,NA,so2,M8: AugSynth_FE Centro (Bel. dropped),AugSynth_FE,2023w34,2023-08-21
40,-0.4949131396103934,NA,NA,NA,so2,M8: AugSynth_FE Centro (Bel. dropped),AugSynth_FE,2023w35,2023-08-28
41,-0.46589002112126,NA,NA,NA,so2,M8: AugSynth_FE Centro (Bel. dropped),AugSynth_FE,2023w36,2023-09-04
42,-0.6244774693018089,NA,NA,NA,so2,M8: AugSynth_FE Centro (Bel. dropped),AugSynth_FE,2023w37,2023-09-11
43,-0.09282269427077683,NA,NA,NA,so2,M8: AugSynth_FE Centro (Bel. dropped),AugSynth_FE,2023w38,2023-09-18
44,0.16647554871058334,NA,NA,NA,so2,M8: AugSynth_FE Centro (Bel. dropped),AugSynth_FE,2023w39,2023-09-25
45,0.18650224559211814,NA,NA,NA,so2,M8: AugSynth_FE Centro (Bel. dropped),AugSynth_FE,2023w40,2023-10-02
46,-0.45232363592665625,NA,NA,NA,so2,M8: AugSynth_FE Centro (Bel. dropped),AugSynth_FE,2023w41,2023-10-09
47,-0.23054015120759952,NA,NA,NA,so2,M8: AugSynth_FE Centro (Bel. dropped),AugSynth_FE,2023w42,2023-10-16
48,-0.2891243959574785,NA,NA,NA,so2,M8: AugSynth_FE Centro (Bel. dropped),AugSynth_FE,2023w43,2023-10-23
49,0.3075491312830896,NA,NA,NA,so2,M8: AugSynth_FE Centro (Bel. dropped),AugSynth_FE,2023w44,2023-10-30
50,-0.6861307896262041,NA,NA,NA,so2,M8: AugSynth_FE Centro (Bel. dropped),AugSynth_FE,2023w45,2023-11-06
51,0.013583269714118718,NA,NA,NA,so2,M8: AugSynth_FE Centro (Bel. dropped),AugSynth_FE,2023w46,2023-11-13
52,0.010641246107698565,NA,NA,NA,so2,M8: AugSynth_FE Centro (Bel. dropped),AugSynth_FE,2023w47,2023-11-20
53,-0.12162493359215798,-0.7857023900666272,0.5424525228823113,0.692,so2,M8: AugSynth_FE Centro (Bel. dropped),AugSynth_FE,2023w48,2023-11-27
54,-0.3064228935226545,-0.9705003499971238,0.35765456295181475,0.369,so2,M8: AugSynth_FE Centro (Bel. dropped),AugSynth_FE,2023w49,2023-12-04
55,-0.06058804410743579,-0.724665500581905,0.6034894123670335,0.871,so2,M8: AugSynth_FE Centro (Bel. dropped),AugSynth_FE,2023w50,2023-12-11
56,0.023316981023165484,-0.6407604754513038,0.6873944374976347,0.926,so2,M8: AugSynth_FE Centro (Bel. dropped),AugSynth_FE,2023w51,2023-12-18
57,-0.08082347168553317,-0.7449009281600024,0.5832539847889361,0.839,so2,M8: AugSynth_FE Centro (Bel. dropped),AugSynth_FE,2023w52,2023-12-25
58,0.17424655203247985,-0.4898309044419894,0.8383240085069491,0.554,so2,M8: AugSynth_FE Centro (Bel. dropped),AugSynth_FE,2024w01,2024-01-01
59,-0.13124621870992925,-0.7953236751843985,0.53283123776454,0.682,so2,M8: AugSynth_FE Centro (Bel. dropped),AugSynth_FE,2024w02,2024-01-08
60,-0.09174414626668748,-0.7558216027411567,0.5723333102077818,0.808,so2,M8: AugSynth_FE Centro (Bel. dropped),AugSynth_FE,2024w03,2024-01-15
61,-0.06787745114248867,-0.7319549076169579,0.5962000053319806,0.837,so2,M8: AugSynth_FE Centro (Bel. dropped),AugSynth_FE,2024w04,2024-01-22
62,-0.14036805005965425,-0.8044455065341235,0.523709406414815,0.642,so2,M8: AugSynth_FE Centro (Bel. dropped),AugSynth_FE,2024w05,2024-01-29
63,-0.19516390823273766,-0.8592413647072069,0.4689135482417316,0.54,so2,M8: AugSynth_FE Centro (Bel. dropped),AugSynth_FE,2024w06,2024-02-05
64,-0.07158765983689186,-0.7356651163113611,0.5924897966375774,0.849,so2,M8: AugSynth_FE Centro (Bel. dropped),AugSynth_FE,2024w07,2024-02-12
65,-0.3497488743867596,-1.013826330861229,0.31432858208770964,0.266,so2,M8: AugSynth_FE Centro (Bel. dropped),AugSynth_FE,2024w08,2024-02-19
66,0.15120377976306787,-0.5128736767114014,0.8152812362375371,0.633,so2,M8: AugSynth_FE Centro (Bel. dropped),AugSynth_FE,2024w09,2024-02-26
67,-0.12737405627467946,-0.7914515127491487,0.5367034001997898,0.674,so2,M8: AugSynth_FE Centro (Bel. dropped),AugSynth_FE,2024w10,2024-03-04
68,-0.05138465163312489,-0.7154621081075941,0.6126928048413444,0.884,so2,M8: AugSynth_FE Centro (Bel. dropped),AugSynth_FE,2024w11,2024-03-11
69,-0.08507251647710001,-0.7491499729515693,0.5790049399973692,0.787,so2,M8: AugSynth_FE Centro (Bel. dropped),AugSynth_FE,2024w12,2024-03-18
70,0.3432658913860851,-0.32081156508838415,1.0073433478605542,0.304,so2,M8: AugSynth_FE Centro (Bel. dropped),AugSynth_FE,2024w13,2024-03-25
71,0.4486589124365934,-0.21541854403787586,1.1127363689110625,0.212,so2,M8: AugSynth_FE Centro (Bel. dropped),AugSynth_FE,2024w14,2024-04-01
72,-0.2694228811325725,-0.9335003376070418,0.39465457534189674,0.405,so2,M8: AugSynth_FE Centro (Bel. dropped),AugSynth_FE,2024w15,2024-04-08
73,-0.011264202150774283,-0.6753416586252435,0.652813254323695,1,so2,M8: AugSynth_FE Centro (Bel. dropped),AugSynth_FE,2024w16,2024-04-15
74,-0.009737229700055305,-0.6738146861745246,0.654340226774414,1,so2,M8: AugSynth_FE Centro (Bel. dropped),AugSynth_FE,2024w17,2024-04-22
75,-0.12593750007394844,-0.7900149565484177,0.5381399564005208,0.66,so2,M8: AugSynth_FE Centro (Bel. dropped),AugSynth_FE,2024w18,2024-04-29
76,-0.057033039661532614,-0.7211104961360019,0.6070444168129366,0.871,so2,M8: AugSynth_FE Centro (Bel. dropped),AugSynth_FE,2024w19,2024-05-06
77,-0.34920375803697823,-1.0132812145114474,0.314873698437491,0.267,so2,M8: AugSynth_FE Centro (Bel. dropped),AugSynth_FE,2024w20,2024-05-13
78,-0.9409837289753168,-1.605061185449786,-0.27690627250084754,0.014,so2,M8: AugSynth_FE Centro (Bel. dropped),AugSynth_FE,2024w21,2024-05-20
79,-0.6921937946759344,-1.3562712511504036,0,0.06,so2,M8: AugSynth_FE Centro (Bel. dropped),AugSynth_FE,2024w22,2024-05-27
80,-0.3661389961208267,-1.030216452595296,0.2979384603536426,0.357,so2,M8: AugSynth_FE Centro (Bel. dropped),AugSynth_FE,2024w23,2024-06-03
81,0.024215542448473903,-0.6398619140259953,0.6882929989229432,0.938,so2,M8: AugSynth_FE Centro (Bel. dropped),AugSynth_FE,2024w24,2024-06-10
82,-0.41828154024150854,-1.082358996715978,0.2457959162329607,0.237,so2,M8: AugSynth_FE Centro (Bel. dropped),AugSynth_FE,2024w25,2024-06-17
83,-0.04689710070122266,-0.7109745571756919,0.6171803557732466,0.88,so2,M8: AugSynth_FE Centro (Bel. dropped),AugSynth_FE,2024w26,2024-06-24
84,-0.14012502134974025,-0.8042024778242095,0.523952435124729,0.693,so2,M8: AugSynth_FE Centro (Bel. dropped),AugSynth_FE,2024w27,2024-07-01
85,-0.6041144952227526,-1.2681919516972218,0.05996296125171663,0.088,so2,M8: AugSynth_FE Centro (Bel. dropped),AugSynth_FE,2024w28,2024-07-08
86,-0.286147929934206,-0.9502253864086753,0.37792952654026324,0.396,so2,M8: AugSynth_FE Centro (Bel. dropped),AugSynth_FE,2024w29,2024-07-15
87,-0.24402258404943278,-0.908100040523902,0.4200548724250365,0.449,so2,M8: AugSynth_FE Centro (Bel. dropped),AugSynth_FE,2024w30,2024-07-22
88,0.19347821898588213,-0.4705992374885871,0.8575556754603514,0.567,so2,M8: AugSynth_FE Centro (Bel. dropped),AugSynth_FE,2024w31,2024-07-29
89,-0.28046329433626016,-0.9445407508107294,0.3836141621382091,0.417,so2,M8: AugSynth_FE Centro (Bel. dropped),AugSynth_FE,2024w32,2024-08-05
90,0.021873423918744583,-0.6422040325557247,0.6859508803932138,0.921,so2,M8: AugSynth_FE Centro (Bel. dropped),AugSynth_FE,2024w33,2024-08-12
91,0.15598302912443818,-0.5080944273500311,0.8200604855989074,0.627,so2,M8: AugSynth_FE Centro (Bel. dropped),AugSynth_FE,2024w34,2024-08-19
92,0.610880106958805,-0.05319734951566424,1.2749575634332744,0.167,so2,M8: AugSynth_FE Centro (Bel. dropped),AugSynth_FE,2024w35,2024-08-26
93,-0.4169702289564552,-1.0810476854309243,0.24710722751801406,0.226,so2,M8: AugSynth_FE Centro (Bel. dropped),AugSynth_FE,2024w36,2024-09-02
94,0.0304025635346985,-0.6336748929397708,0.6944800200091678,0.878,so2,M8: AugSynth_FE Centro (Bel. dropped),AugSynth_FE,2024w37,2024-09-09
95,-0.12818993502283815,-0.7922673914973074,0.5358875214516311,0.66,so2,M8: AugSynth_FE Centro (Bel. dropped),AugSynth_FE,2024w38,2024-09-16
96,0.14380458076795843,-0.5202728757065108,0.8078820372424277,0.677,so2,M8: AugSynth_FE Centro (Bel. dropped),AugSynth_FE,2024w39,2024-09-23
97,0.19202996257462202,-0.47204749389984724,0.8561074190490913,0.515,so2,M8: AugSynth_FE Centro (Bel. dropped),AugSynth_FE,2024w40,2024-09-30
98,0.03927223525954959,-0.6248052212149197,0.7033496917340188,0.877,so2,M8: AugSynth_FE Centro (Bel. dropped),AugSynth_FE,2024w41,2024-10-07
99,-0.6437281069017069,-1.307805563376176,0.020349349572762354,0.089,so2,M8: AugSynth_FE Centro (Bel. dropped),AugSynth_FE,2024w42,2024-10-14
100,-0.18329943257246817,-0.8473768890469374,0.4807780239020011,0.554,so2,M8: AugSynth_FE Centro (Bel. dropped),AugSynth_FE,2024w43,2024-10-21
101,-0.4366500858957154,-1.1007275423701848,0.22742737057875384,0.239,so2,M8: AugSynth_FE Centro (Bel. dropped),AugSynth_FE,2024w44,2024-10-28
102,0.1836881831956345,-0.48038927327883474,0.8477656396701038,0.564,so2,M8: AugSynth_FE Centro (Bel. dropped),AugSynth_FE,2024w45,2024-11-04
103,0.04964865186624978,-0.5873236023031391,0.713726108340719,0.864,so2,M8: AugSynth_FE Centro (Bel. dropped),AugSynth_FE,2024w46,2024-11-11
104,0.0887252601146633,-0.575352196359806,0.7528027165891326,0.806,so2,M8: AugSynth_FE Centro (Bel. dropped),AugSynth_FE,2024w47,2024-11-18
105,0.1418055782768426,-0.5222718781976267,0.8058830347513118,0.683,so2,M8: AugSynth_FE Centro (Bel. dropped),AugSynth_FE,2024w48,2024-11-25
106,0.17054207811828226,-0.493535378356187,0.8346195345927515,0.618,so2,M8: AugSynth_FE Centro (Bel. dropped),AugSynth_FE,2024w49,2024-12-02
107,-0.06988658781185864,-0.7339640442863279,0.5941908686626106,0.876,so2,M8: AugSynth_FE Centro (Bel. dropped),AugSynth_FE,2024w50,2024-12-09
108,0.10088107525545409,-0.5631963812190152,0.7649585317299233,0.672,so2,M8: AugSynth_FE Centro (Bel. dropped),AugSynth_FE,2024w51,2024-12-16
109,0.665202369220073,0,1.3292798256945422,0.084,so2,M8: AugSynth_FE Centro (Bel. dropped),AugSynth_FE,2024w52,2024-12-23
110,0.27909664395630296,-0.3849808125181663,0.9431741004307722,0.399,so2,M8: AugSynth_FE Centro (Bel. dropped),AugSynth_FE,2025w01,2024-12-30
111,0.4346674669288224,-0.22940998954564684,1.0987449234032916,0.199,so2,M8: AugSynth_FE Centro (Bel. dropped),AugSynth_FE,2025w02,2025-01-06
112,0.19350451340549513,-0.4705729430689741,0.8575819698799644,0.557,so2,M8: AugSynth_FE Centro (Bel. dropped),AugSynth_FE,2025w03,2025-01-13
113,0.10204035228233055,-0.5349319018870583,0.7661178087567998,0.715,so2,M8: AugSynth_FE Centro (Bel. dropped),AugSynth_FE,2025w04,2025-01-20
114,0.2760851181887376,-0.38799233828573165,0.9401625746632069,0.391,so2,M8: AugSynth_FE Centro (Bel. dropped),AugSynth_FE,2025w05,2025-01-27
115,0.6818369931575474,0,1.3459144496320166,0.058,so2,M8: AugSynth_FE Centro (Bel. dropped),AugSynth_FE,2025w06,2025-02-03
116,0.45695674131120256,-0.2071207151632667,1.1210341977856717,0.203,so2,M8: AugSynth_FE Centro (Bel. dropped),AugSynth_FE,2025w07,2025-02-10
117,0.06683640007907465,-0.5972410563953946,0.7309138565535439,0.869,so2,M8: AugSynth_FE Centro (Bel. dropped),AugSynth_FE,2025w08,2025-02-17
118,0.24732445374438816,-0.4167530027300811,0.9114019102188574,0.423,so2,M8: AugSynth_FE Centro (Bel. dropped),AugSynth_FE,2025w09,2025-02-24
119,0.3368047605923823,-0.32727269588208696,1.0008822170668514,0.375,so2,M8: AugSynth_FE Centro (Bel. dropped),AugSynth_FE,2025w10,2025-03-03
120,0.507225942826312,-0.1568515136481573,1.1713033993007813,0.19,so2,M8: AugSynth_FE Centro (Bel. dropped),AugSynth_FE,2025w11,2025-03-10
121,0.15654999259986568,-0.5075274638746036,0.8206274490743349,0.67,so2,M8: AugSynth_FE Centro (Bel. dropped),AugSynth_FE,2025w12,2025-03-17
122,-0.15206906255454133,-0.8161465190290106,0.5120083939199279,0.632,so2,M8: AugSynth_FE Centro (Bel. dropped),AugSynth_FE,2025w13,2025-03-24
123,-0.8013281769266759,-1.4654056334011452,-0.13725072045220665,0.019,so2,M8: AugSynth_FE Centro (Bel. dropped),AugSynth_FE,2025w14,2025-03-31
124,-0.8243699833251843,-1.4884474397996534,-0.16029252685071504,0.014,so2,M8: AugSynth_FE Centro (Bel. dropped),AugSynth_FE,2025w15,2025-04-07
125,-0.2637505365739097,-0.9007227907432985,0.4003269199005596,0.421,so2,M8: AugSynth_FE Centro (Bel. dropped),AugSynth_FE,2025w16,2025-04-14
126,0.08908449470374968,-0.5749929617707196,0.7531619511782189,0.78,so2,M8: AugSynth_FE Centro (Bel. dropped),AugSynth_FE,2025w17,2025-04-21
127,0.3195418307502347,-0.3445356257242346,0.9836192872247039,0.405,so2,M8: AugSynth_FE Centro (Bel. dropped),AugSynth_FE,2025w18,2025-04-28
128,-0.11430771378881488,-0.7783851702632841,0.5497697426856544,0.707,so2,M8: AugSynth_FE Centro (Bel. dropped),AugSynth_FE,2025w19,2025-05-05
129,0.48826858766027237,-0.17580886881419688,1.1523460441347417,0.219,so2,M8: AugSynth_FE Centro (Bel. dropped),AugSynth_FE,2025w20,2025-05-12
130,0.0462067414491365,-0.6178707150253328,0.7102841979236058,0.867,so2,M8: AugSynth_FE Centro (Bel. dropped),AugSynth_FE,2025w21,2025-05-19
131,0.4170514467032753,-0.24702600977119393,1.0811289031777447,0.263,so2,M8: AugSynth_FE Centro (Bel. dropped),AugSynth_FE,2025w22,2025-05-26
132,0.5658744658866166,-0.09820299058785265,1.229951922361086,0.119,so2,M8: AugSynth_FE Centro (Bel. dropped),AugSynth_FE,2025w23,2025-06-02
133,0.07173802770015203,-0.5923394287743172,0.7358154841746213,0.869,so2,M8: AugSynth_FE Centro (Bel. dropped),AugSynth_FE,2025w24,2025-06-09
134,-0.3662408212013024,-1.0303182776757716,0.29783663527316684,0.359,so2,M8: AugSynth_FE Centro (Bel. dropped),AugSynth_FE,2025w25,2025-06-16
1,-0.3344844308792496,NA,NA,NA,so2,M8b: AugSynth_FE Centro (Bel. in pool),AugSynth_FE,2022w48,2022-11-28
2,-0.184000740323623,NA,NA,NA,so2,M8b: AugSynth_FE Centro (Bel. in pool),AugSynth_FE,2022w49,2022-12-05
3,-0.20391257699311272,NA,NA,NA,so2,M8b: AugSynth_FE Centro (Bel. in pool),AugSynth_FE,2022w50,2022-12-12
4,-0.11224105573033305,NA,NA,NA,so2,M8b: AugSynth_FE Centro (Bel. in pool),AugSynth_FE,2022w51,2022-12-19
5,0.1498710967758332,NA,NA,NA,so2,M8b: AugSynth_FE Centro (Bel. in pool),AugSynth_FE,2022w52,2022-12-26
6,0.08938968808496806,NA,NA,NA,so2,M8b: AugSynth_FE Centro (Bel. in pool),AugSynth_FE,2023w01,2023-01-02
7,0.2373843703934413,NA,NA,NA,so2,M8b: AugSynth_FE Centro (Bel. in pool),AugSynth_FE,2023w02,2023-01-09
8,0.13689787912005724,NA,NA,NA,so2,M8b: AugSynth_FE Centro (Bel. in pool),AugSynth_FE,2023w03,2023-01-16
9,0.193905879923284,NA,NA,NA,so2,M8b: AugSynth_FE Centro (Bel. in pool),AugSynth_FE,2023w04,2023-01-23
10,-0.1361951780002244,NA,NA,NA,so2,M8b: AugSynth_FE Centro (Bel. in pool),AugSynth_FE,2023w05,2023-01-30
11,0.041128253770530865,NA,NA,NA,so2,M8b: AugSynth_FE Centro (Bel. in pool),AugSynth_FE,2023w06,2023-02-06
12,-0.04636187108582224,NA,NA,NA,so2,M8b: AugSynth_FE Centro (Bel. in pool),AugSynth_FE,2023w07,2023-02-13
13,0.15335535795055377,NA,NA,NA,so2,M8b: AugSynth_FE Centro (Bel. in pool),AugSynth_FE,2023w08,2023-02-20
14,-0.14312418837182772,NA,NA,NA,so2,M8b: AugSynth_FE Centro (Bel. in pool),AugSynth_FE,2023w09,2023-02-27
15,0.2851353006969992,NA,NA,NA,so2,M8b: AugSynth_FE Centro (Bel. in pool),AugSynth_FE,2023w10,2023-03-06
16,0.2911605337297791,NA,NA,NA,so2,M8b: AugSynth_FE Centro (Bel. in pool),AugSynth_FE,2023w11,2023-03-13
17,0.23692220499719374,NA,NA,NA,so2,M8b: AugSynth_FE Centro (Bel. in pool),AugSynth_FE,2023w12,2023-03-20
18,0.3103683503155352,NA,NA,NA,so2,M8b: AugSynth_FE Centro (Bel. in pool),AugSynth_FE,2023w13,2023-03-27
19,0.44779043530485607,NA,NA,NA,so2,M8b: AugSynth_FE Centro (Bel. in pool),AugSynth_FE,2023w14,2023-04-03
20,0.24809189613634786,NA,NA,NA,so2,M8b: AugSynth_FE Centro (Bel. in pool),AugSynth_FE,2023w15,2023-04-10
21,0.15217927810025467,NA,NA,NA,so2,M8b: AugSynth_FE Centro (Bel. in pool),AugSynth_FE,2023w16,2023-04-17
22,0.010350380439397622,NA,NA,NA,so2,M8b: AugSynth_FE Centro (Bel. in pool),AugSynth_FE,2023w17,2023-04-24
23,-0.3430991828763561,NA,NA,NA,so2,M8b: AugSynth_FE Centro (Bel. in pool),AugSynth_FE,2023w18,2023-05-01
24,-0.09089151174784282,NA,NA,NA,so2,M8b: AugSynth_FE Centro (Bel. in pool),AugSynth_FE,2023w19,2023-05-08
25,-0.10124278723893143,NA,NA,NA,so2,M8b: AugSynth_FE Centro (Bel. in pool),AugSynth_FE,2023w20,2023-05-15
26,-0.013006726916904743,NA,NA,NA,so2,M8b: AugSynth_FE Centro (Bel. in pool),AugSynth_FE,2023w21,2023-05-22
27,0.053555828770081915,NA,NA,NA,so2,M8b: AugSynth_FE Centro (Bel. in pool),AugSynth_FE,2023w22,2023-05-29
28,0.12806769150608677,NA,NA,NA,so2,M8b: AugSynth_FE Centro (Bel. in pool),AugSynth_FE,2023w23,2023-06-05
29,0.0750688416826113,NA,NA,NA,so2,M8b: AugSynth_FE Centro (Bel. in pool),AugSynth_FE,2023w24,2023-06-12
30,-0.06639740954935025,NA,NA,NA,so2,M8b: AugSynth_FE Centro (Bel. in pool),AugSynth_FE,2023w25,2023-06-19
31,-0.005065375665436855,NA,NA,NA,so2,M8b: AugSynth_FE Centro (Bel. in pool),AugSynth_FE,2023w26,2023-06-26
32,0.17259804029395465,NA,NA,NA,so2,M8b: AugSynth_FE Centro (Bel. in pool),AugSynth_FE,2023w27,2023-07-03
33,-0.014247195477088859,NA,NA,NA,so2,M8b: AugSynth_FE Centro (Bel. in pool),AugSynth_FE,2023w28,2023-07-10
34,0.005217936489889441,NA,NA,NA,so2,M8b: AugSynth_FE Centro (Bel. in pool),AugSynth_FE,2023w29,2023-07-17
35,-0.048561402321703584,NA,NA,NA,so2,M8b: AugSynth_FE Centro (Bel. in pool),AugSynth_FE,2023w30,2023-07-24
36,-0.3440977427409323,NA,NA,NA,so2,M8b: AugSynth_FE Centro (Bel. in pool),AugSynth_FE,2023w31,2023-07-31
37,-0.5365269631237682,NA,NA,NA,so2,M8b: AugSynth_FE Centro (Bel. in pool),AugSynth_FE,2023w32,2023-08-07
38,-0.08227723751743743,NA,NA,NA,so2,M8b: AugSynth_FE Centro (Bel. in pool),AugSynth_FE,2023w33,2023-08-14
39,0.0789661327233735,NA,NA,NA,so2,M8b: AugSynth_FE Centro (Bel. in pool),AugSynth_FE,2023w34,2023-08-21
40,-0.40875591554835,NA,NA,NA,so2,M8b: AugSynth_FE Centro (Bel. in pool),AugSynth_FE,2023w35,2023-08-28
41,-0.3966643371335996,NA,NA,NA,so2,M8b: AugSynth_FE Centro (Bel. in pool),AugSynth_FE,2023w36,2023-09-04
42,-0.38718652121225494,NA,NA,NA,so2,M8b: AugSynth_FE Centro (Bel. in pool),AugSynth_FE,2023w37,2023-09-11
43,0.024112674226311137,NA,NA,NA,so2,M8b: AugSynth_FE Centro (Bel. in pool),AugSynth_FE,2023w38,2023-09-18
44,0.1119976521547208,NA,NA,NA,so2,M8b: AugSynth_FE Centro (Bel. in pool),AugSynth_FE,2023w39,2023-09-25
45,0.011569296405954832,NA,NA,NA,so2,M8b: AugSynth_FE Centro (Bel. in pool),AugSynth_FE,2023w40,2023-10-02
46,0.020014751218565108,NA,NA,NA,so2,M8b: AugSynth_FE Centro (Bel. in pool),AugSynth_FE,2023w41,2023-10-09
47,-0.11989324370985632,NA,NA,NA,so2,M8b: AugSynth_FE Centro (Bel. in pool),AugSynth_FE,2023w42,2023-10-16
48,0.03776895267408942,NA,NA,NA,so2,M8b: AugSynth_FE Centro (Bel. in pool),AugSynth_FE,2023w43,2023-10-23
49,0.3930232702603813,NA,NA,NA,so2,M8b: AugSynth_FE Centro (Bel. in pool),AugSynth_FE,2023w44,2023-10-30
50,-0.22191629204660646,NA,NA,NA,so2,M8b: AugSynth_FE Centro (Bel. in pool),AugSynth_FE,2023w45,2023-11-06
51,0.07992187468304701,NA,NA,NA,so2,M8b: AugSynth_FE Centro (Bel. in pool),AugSynth_FE,2023w46,2023-11-13
52,0.1643360373825158,NA,NA,NA,so2,M8b: AugSynth_FE Centro (Bel. in pool),AugSynth_FE,2023w47,2023-11-20
53,0.15377272509167517,-0.35898346636435474,0.697605049363222,0.489,so2,M8b: AugSynth_FE Centro (Bel. in pool),AugSynth_FE,2023w48,2023-11-27
54,-0.08386630490477409,-0.5344702307297701,0.3356614881047051,0.694,so2,M8b: AugSynth_FE Centro (Bel. in pool),AugSynth_FE,2023w49,2023-12-04
55,0.2749080791923395,-0.2378481122636904,0.7876642706483694,0.29,so2,M8b: AugSynth_FE Centro (Bel. in pool),AugSynth_FE,2023w50,2023-12-11
56,0.04172244876587028,-0.4088814770591257,0.49232637459086637,0.84,so2,M8b: AugSynth_FE Centro (Bel. in pool),AugSynth_FE,2023w51,2023-12-18
57,0.1320709867825247,-0.3806852046735052,0.5826749126075208,0.556,so2,M8b: AugSynth_FE Centro (Bel. in pool),AugSynth_FE,2023w52,2023-12-25
58,0.24708342423572804,-0.2345966344047849,0.6976873500607241,0.294,so2,M8b: AugSynth_FE Centro (Bel. in pool),AugSynth_FE,2024w01,2024-01-01
59,0.0690811758133354,-0.41259888282717755,0.48860896882281457,0.762,so2,M8b: AugSynth_FE Centro (Bel. in pool),AugSynth_FE,2024w02,2024-01-08
60,0.3900511977840557,-0.15378112648749115,0.8717312564245687,0.181,so2,M8b: AugSynth_FE Centro (Bel. in pool),AugSynth_FE,2024w03,2024-01-15
61,0.17463232807623918,-0.2759715977487568,0.6252362539012353,0.38,so2,M8b: AugSynth_FE Centro (Bel. in pool),AugSynth_FE,2024w04,2024-01-22
62,0.04907224642950703,-0.40153167939548895,0.4996761722545031,0.806,so2,M8b: AugSynth_FE Centro (Bel. in pool),AugSynth_FE,2024w05,2024-01-29
63,0.1545548674609012,-0.32712519117961175,0.6362349261014142,0.498,so2,M8b: AugSynth_FE Centro (Bel. in pool),AugSynth_FE,2024w06,2024-02-05
64,0.2507262660674868,-0.23095379257302612,0.7013301918924829,0.267,so2,M8b: AugSynth_FE Centro (Bel. in pool),AugSynth_FE,2024w07,2024-02-12
65,0.03953625085401957,-0.47321994060201034,0.49014017667901566,0.837,so2,M8b: AugSynth_FE Centro (Bel. in pool),AugSynth_FE,2024w08,2024-02-19
66,0.3171061195795115,-0.22672620469203536,0.7677100454045076,0.2,so2,M8b: AugSynth_FE Centro (Bel. in pool),AugSynth_FE,2024w09,2024-02-26
67,0.14666417162648715,-0.3350158870140258,0.5972680974514832,0.487,so2,M8b: AugSynth_FE Centro (Bel. in pool),AugSynth_FE,2024w10,2024-03-04
68,0.12809444463021902,-0.32250948119477696,0.609774503270732,0.554,so2,M8b: AugSynth_FE Centro (Bel. in pool),AugSynth_FE,2024w11,2024-03-11
69,0.08269390990255543,-0.36791001592244055,0.5332978357275515,0.666,so2,M8b: AugSynth_FE Centro (Bel. in pool),AugSynth_FE,2024w12,2024-03-18
70,0.151472627192345,-0.299131298632651,0.5710004202018242,0.472,so2,M8b: AugSynth_FE Centro (Bel. in pool),AugSynth_FE,2024w13,2024-03-25
71,0.5397121437408259,0.058032085100312936,0.990316069565822,0.035,so2,M8b: AugSynth_FE Centro (Bel. in pool),AugSynth_FE,2024w14,2024-04-01
72,0.10411319376903427,-0.37756686487147867,0.5857932524095473,0.6,so2,M8b: AugSynth_FE Centro (Bel. in pool),AugSynth_FE,2024w15,2024-04-08
73,0.19483607424100557,-0.2557678515839904,0.6454400000660017,0.384,so2,M8b: AugSynth_FE Centro (Bel. in pool),AugSynth_FE,2024w16,2024-04-15
74,0.10862281099426863,-0.34198111483072735,0.6213790024502985,0.608,so2,M8b: AugSynth_FE Centro (Bel. in pool),AugSynth_FE,2024w17,2024-04-22
75,-0.0776415783744826,-0.4971693713839616,0.3729623474505135,0.738,so2,M8b: AugSynth_FE Centro (Bel. in pool),AugSynth_FE,2024w18,2024-04-29
76,0.010055366199226201,-0.4405485596257698,0.4606592920242223,0.967,so2,M8b: AugSynth_FE Centro (Bel. in pool),AugSynth_FE,2024w19,2024-05-06
77,-0.3168501120629732,-0.7363779050724522,0.1337538137620229,0.207,so2,M8b: AugSynth_FE Centro (Bel. in pool),AugSynth_FE,2024w20,2024-05-13
78,-0.7902007647612955,-1.2408046905862915,-0.37067297175181624,0.016,so2,M8b: AugSynth_FE Centro (Bel. in pool),AugSynth_FE,2024w21,2024-05-20
79,-0.5211054365129233,-1.0027854951534363,-0.0705015106879272,0.036,so2,M8b: AugSynth_FE Centro (Bel. in pool),AugSynth_FE,2024w22,2024-05-27
80,-0.7141210581094194,-1.2268772495654492,-0.13921260102235533,0.02,so2,M8b: AugSynth_FE Centro (Bel. in pool),AugSynth_FE,2024w23,2024-06-03
81,-0.4221062485532785,-0.9970147056403423,0.15280220853378546,0.197,so2,M8b: AugSynth_FE Centro (Bel. in pool),AugSynth_FE,2024w24,2024-06-10
82,-0.4567743036214844,-0.9073782294464804,0,0.056,so2,M8b: AugSynth_FE Centro (Bel. in pool),AugSynth_FE,2024w25,2024-06-17
83,-0.10268559256341137,-0.5532895183884073,0.3479183332615847,0.622,so2,M8b: AugSynth_FE Centro (Bel. in pool),AugSynth_FE,2024w26,2024-06-24
84,-0.1334423886445082,-0.5840463144695042,0.3482376699960048,0.564,so2,M8b: AugSynth_FE Centro (Bel. in pool),AugSynth_FE,2024w27,2024-07-01
85,-0.438701966598545,-0.889305892423541,0.011901959226451098,0.072,so2,M8b: AugSynth_FE Centro (Bel. in pool),AugSynth_FE,2024w28,2024-07-08
86,-0.29278802499195344,-0.7744680836324664,0.21996816646407646,0.25,so2,M8b: AugSynth_FE Centro (Bel. in pool),AugSynth_FE,2024w29,2024-07-15
87,-0.27190101991966587,-0.7225049457446618,0.20977903872084713,0.229,so2,M8b: AugSynth_FE Centro (Bel. in pool),AugSynth_FE,2024w30,2024-07-22
88,-0.18858098003993362,-0.6702610386804466,0.41740360986264724,0.424,so2,M8b: AugSynth_FE Centro (Bel. in pool),AugSynth_FE,2024w31,2024-07-29
89,-0.2934856197351592,-0.7751656783756722,0.12604217327432,0.23,so2,M8b: AugSynth_FE Centro (Bel. in pool),AugSynth_FE,2024w32,2024-08-05
90,-0.028105648358539126,-0.540861839814569,0.4846505430974908,0.866,so2,M8b: AugSynth_FE Centro (Bel. in pool),AugSynth_FE,2024w33,2024-08-12
91,0.17064179296746818,-0.31103826567304477,0.6212457187924643,0.399,so2,M8b: AugSynth_FE Centro (Bel. in pool),AugSynth_FE,2024w34,2024-08-19
92,0.3908981572456087,-0.12185803421042118,0.9036543487016386,0.191,so2,M8b: AugSynth_FE Centro (Bel. in pool),AugSynth_FE,2024w35,2024-08-26
93,-0.2116121184913493,-0.6622160443163453,0.3322202057801975,0.317,so2,M8b: AugSynth_FE Centro (Bel. in pool),AugSynth_FE,2024w36,2024-09-02
94,-0.020973339798842527,-0.5026533984393555,0.42963058602615356,0.895,so2,M8b: AugSynth_FE Centro (Bel. in pool),AugSynth_FE,2024w37,2024-09-09
95,-0.0414415807923767,-0.4920455066173727,0.4091623450326194,0.858,so2,M8b: AugSynth_FE Centro (Bel. in pool),AugSynth_FE,2024w38,2024-09-16
96,0.22813156299168158,-0.2224723628333144,0.7098116216321946,0.319,so2,M8b: AugSynth_FE Centro (Bel. in pool),AugSynth_FE,2024w39,2024-09-23
97,0.09758204062168829,-0.3530218852033077,0.5171098336311675,0.616,so2,M8b: AugSynth_FE Centro (Bel. in pool),AugSynth_FE,2024w40,2024-09-30
98,-0.09066394883069329,-0.5412678746556893,0.4220922426253366,0.701,so2,M8b: AugSynth_FE Centro (Bel. in pool),AugSynth_FE,2024w41,2024-10-07
99,-0.5838631439258266,-1.0344670697508227,-0.13325921810083052,0.022,so2,M8b: AugSynth_FE Centro (Bel. in pool),AugSynth_FE,2024w42,2024-10-14
100,-0.38464336513347575,-0.8352472909584717,0.09703669350703725,0.136,so2,M8b: AugSynth_FE Centro (Bel. in pool),AugSynth_FE,2024w43,2024-10-21
101,-0.34723032842054846,-0.8289103870610615,0.13444973021996454,0.228,so2,M8b: AugSynth_FE Centro (Bel. in pool),AugSynth_FE,2024w44,2024-10-28
102,0.07647838026763987,-0.3741255455573561,0.527082306092636,0.733,so2,M8b: AugSynth_FE Centro (Bel. in pool),AugSynth_FE,2024w45,2024-11-04
103,0.00850729369215486,-0.4420966321328411,0.45911121951715095,0.958,so2,M8b: AugSynth_FE Centro (Bel. in pool),AugSynth_FE,2024w46,2024-11-11
104,-0.059981942348684036,-0.51058586817368,0.39062198347631205,0.746,so2,M8b: AugSynth_FE Centro (Bel. in pool),AugSynth_FE,2024w47,2024-11-18
105,-0.0337867796056579,-0.4843907054306539,0.4478932790348551,0.853,so2,M8b: AugSynth_FE Centro (Bel. in pool),AugSynth_FE,2024w48,2024-11-25
106,0.27913838473054664,-0.2025416739099663,0.7608184433710596,0.256,so2,M8b: AugSynth_FE Centro (Bel. in pool),AugSynth_FE,2024w49,2024-12-02
107,0.1303493601036596,-0.3824068313523703,0.6120294187441726,0.546,so2,M8b: AugSynth_FE Centro (Bel. in pool),AugSynth_FE,2024w50,2024-12-09
108,0.19761127702638226,-0.2529926487986137,0.6482152028513783,0.323,so2,M8b: AugSynth_FE Centro (Bel. in pool),AugSynth_FE,2024w51,2024-12-16
109,0.3628432992181394,-0.08776062660685657,0.8445233578586524,0.185,so2,M8b: AugSynth_FE Centro (Bel. in pool),AugSynth_FE,2024w52,2024-12-23
110,0.2807185748507701,-0.20096148378974282,0.7623986334912831,0.232,so2,M8b: AugSynth_FE Centro (Bel. in pool),AugSynth_FE,2025w01,2024-12-30
111,0.27211784905740544,-0.14740994395207357,0.7537979076979184,0.233,so2,M8b: AugSynth_FE Centro (Bel. in pool),AugSynth_FE,2025w02,2025-01-06
112,0.24268704638012917,-0.23899301226038377,0.786519370651676,0.298,so2,M8b: AugSynth_FE Centro (Bel. in pool),AugSynth_FE,2025w03,2025-01-13
113,0.18898217932060768,-0.23054561368887133,0.6395861051456038,0.381,so2,M8b: AugSynth_FE Centro (Bel. in pool),AugSynth_FE,2025w04,2025-01-20
114,0.3545327538427465,-0.09607117198224946,0.8051366796677426,0.21,so2,M8b: AugSynth_FE Centro (Bel. in pool),AugSynth_FE,2025w05,2025-01-27
115,0.5245432148558327,-0.019289109415714212,1.0062232734963457,0.036,so2,M8b: AugSynth_FE Centro (Bel. in pool),AugSynth_FE,2025w06,2025-02-03
116,1.232438490085995,0.6886061658144482,1.6830424159109911,0.021,so2,M8b: AugSynth_FE Centro (Bel. in pool),AugSynth_FE,2025w07,2025-02-10
117,0.5430905562582888,0.03033436480225893,0.9936944820832849,0.04,so2,M8b: AugSynth_FE Centro (Bel. in pool),AugSynth_FE,2025w08,2025-02-17
118,0.6495963629514544,0.16791630431094146,1.1312764215919673,0.015,so2,M8b: AugSynth_FE Centro (Bel. in pool),AugSynth_FE,2025w09,2025-02-24
119,0.9074153264930641,0.36358300222151724,1.4201715179490941,0.03,so2,M8b: AugSynth_FE Centro (Bel. in pool),AugSynth_FE,2025w10,2025-03-03
120,0.941118949273751,0.42836275781772104,1.4227990079142638,0.021,so2,M8b: AugSynth_FE Centro (Bel. in pool),AugSynth_FE,2025w11,2025-03-10
121,0.3900011352126398,-0.09167892342787315,0.8716811938531528,0.132,so2,M8b: AugSynth_FE Centro (Bel. in pool),AugSynth_FE,2025w12,2025-03-17
122,0.08118812502611705,-0.3694158007988789,0.5317920508511131,0.752,so2,M8b: AugSynth_FE Centro (Bel. in pool),AugSynth_FE,2025w13,2025-03-24
123,-0.5489063251539211,-1.030586383794434,-0.09830239932892493,0.046,so2,M8b: AugSynth_FE Centro (Bel. in pool),AugSynth_FE,2025w14,2025-03-31
124,-0.5949249164511852,-1.0455288422761813,-0.14432099062618908,0.018,so2,M8b: AugSynth_FE Centro (Bel. in pool),AugSynth_FE,2025w15,2025-04-07
125,-0.0024974848988170706,-0.45310141072381305,0.448106440926179,1,so2,M8b: AugSynth_FE Centro (Bel. in pool),AugSynth_FE,2025w16,2025-04-14
126,0.12060655283948396,-0.29892124016999505,0.57121047866448,0.547,so2,M8b: AugSynth_FE Centro (Bel. in pool),AugSynth_FE,2025w17,2025-04-21
127,0.4765772577264198,-0.005102800914093153,0.9271811835514159,0.067,so2,M8b: AugSynth_FE Centro (Bel. in pool),AugSynth_FE,2025w18,2025-04-28
128,0.07382112858680645,-0.3767827972381895,0.49334892159628563,0.737,so2,M8b: AugSynth_FE Centro (Bel. in pool),AugSynth_FE,2025w19,2025-05-05
129,0.5142519034456327,0.03257184480511971,1.0270080949016624,0.028,so2,M8b: AugSynth_FE Centro (Bel. in pool),AugSynth_FE,2025w20,2025-05-12
130,0.3515984754047865,-0.09900545042020947,0.8022024012297826,0.159,so2,M8b: AugSynth_FE Centro (Bel. in pool),AugSynth_FE,2025w21,2025-05-19
131,0.723870241393107,0.273266315568111,1.2677025656646537,0.02,so2,M8b: AugSynth_FE Centro (Bel. in pool),AugSynth_FE,2025w22,2025-05-26
132,0.7547156303530653,0.30411170452806935,1.2053195561780614,0.019,so2,M8b: AugSynth_FE Centro (Bel. in pool),AugSynth_FE,2025w23,2025-06-02
133,0.38700042433786175,-0.0946796343026512,0.8376043501628578,0.113,so2,M8b: AugSynth_FE Centro (Bel. in pool),AugSynth_FE,2025w24,2025-06-09
134,0.16227277343762292,-0.350483418018407,0.6439528320781359,0.459,so2,M8b: AugSynth_FE Centro (Bel. in pool),AugSynth_FE,2025w25,2025-06-16
1,0.025328126478943558,NA,NA,NA,so2,M9: AugSynth_FE Belisario (Centro dropped),AugSynth_FE,2022w48,2022-11-28
2,0.02469727358031415,NA,NA,NA,so2,M9: AugSynth_FE Belisario (Centro dropped),AugSynth_FE,2022w49,2022-12-05
3,-0.142019803498735,NA,NA,NA,so2,M9: AugSynth_FE Belisario (Centro dropped),AugSynth_FE,2022w50,2022-12-12
4,-0.03607458654742346,NA,NA,NA,so2,M9: AugSynth_FE Belisario (Centro dropped),AugSynth_FE,2022w51,2022-12-19
5,-0.4276015996450766,NA,NA,NA,so2,M9: AugSynth_FE Belisario (Centro dropped),AugSynth_FE,2022w52,2022-12-26
6,-0.2285630181993934,NA,NA,NA,so2,M9: AugSynth_FE Belisario (Centro dropped),AugSynth_FE,2023w01,2023-01-02
7,-0.16634194168352923,NA,NA,NA,so2,M9: AugSynth_FE Belisario (Centro dropped),AugSynth_FE,2023w02,2023-01-09
8,-0.20317531611821393,NA,NA,NA,so2,M9: AugSynth_FE Belisario (Centro dropped),AugSynth_FE,2023w03,2023-01-16
9,-0.3214573759768622,NA,NA,NA,so2,M9: AugSynth_FE Belisario (Centro dropped),AugSynth_FE,2023w04,2023-01-23
10,0.09753629901635175,NA,NA,NA,so2,M9: AugSynth_FE Belisario (Centro dropped),AugSynth_FE,2023w05,2023-01-30
11,0.15156641612870692,NA,NA,NA,so2,M9: AugSynth_FE Belisario (Centro dropped),AugSynth_FE,2023w06,2023-02-06
12,0.2169997938024415,NA,NA,NA,so2,M9: AugSynth_FE Belisario (Centro dropped),AugSynth_FE,2023w07,2023-02-13
13,0.12786091590507032,NA,NA,NA,so2,M9: AugSynth_FE Belisario (Centro dropped),AugSynth_FE,2023w08,2023-02-20
14,0.06692248862875938,NA,NA,NA,so2,M9: AugSynth_FE Belisario (Centro dropped),AugSynth_FE,2023w09,2023-02-27
15,0.2883598222406263,NA,NA,NA,so2,M9: AugSynth_FE Belisario (Centro dropped),AugSynth_FE,2023w10,2023-03-06
16,0.04837003327510292,NA,NA,NA,so2,M9: AugSynth_FE Belisario (Centro dropped),AugSynth_FE,2023w11,2023-03-13
17,-0.003063889090305416,NA,NA,NA,so2,M9: AugSynth_FE Belisario (Centro dropped),AugSynth_FE,2023w12,2023-03-20
18,0.16987321889863005,NA,NA,NA,so2,M9: AugSynth_FE Belisario (Centro dropped),AugSynth_FE,2023w13,2023-03-27
19,0.1891109247641538,NA,NA,NA,so2,M9: AugSynth_FE Belisario (Centro dropped),AugSynth_FE,2023w14,2023-04-03
20,0.13643614756219913,NA,NA,NA,so2,M9: AugSynth_FE Belisario (Centro dropped),AugSynth_FE,2023w15,2023-04-10
21,0.14794086369979587,NA,NA,NA,so2,M9: AugSynth_FE Belisario (Centro dropped),AugSynth_FE,2023w16,2023-04-17
22,0.10082436688377738,NA,NA,NA,so2,M9: AugSynth_FE Belisario (Centro dropped),AugSynth_FE,2023w17,2023-04-24
23,-0.17511472794488325,NA,NA,NA,so2,M9: AugSynth_FE Belisario (Centro dropped),AugSynth_FE,2023w18,2023-05-01
24,-0.028931919096361502,NA,NA,NA,so2,M9: AugSynth_FE Belisario (Centro dropped),AugSynth_FE,2023w19,2023-05-08
25,0.1211100978199462,NA,NA,NA,so2,M9: AugSynth_FE Belisario (Centro dropped),AugSynth_FE,2023w20,2023-05-15
26,0.28834787733006473,NA,NA,NA,so2,M9: AugSynth_FE Belisario (Centro dropped),AugSynth_FE,2023w21,2023-05-22
27,0.24111097770595546,NA,NA,NA,so2,M9: AugSynth_FE Belisario (Centro dropped),AugSynth_FE,2023w22,2023-05-29
28,0.2611511474763839,NA,NA,NA,so2,M9: AugSynth_FE Belisario (Centro dropped),AugSynth_FE,2023w23,2023-06-05
29,0.06550976803076414,NA,NA,NA,so2,M9: AugSynth_FE Belisario (Centro dropped),AugSynth_FE,2023w24,2023-06-12
30,0.09764821537811974,NA,NA,NA,so2,M9: AugSynth_FE Belisario (Centro dropped),AugSynth_FE,2023w25,2023-06-19
31,0.09018932006179048,NA,NA,NA,so2,M9: AugSynth_FE Belisario (Centro dropped),AugSynth_FE,2023w26,2023-06-26
32,0.20378595898233098,NA,NA,NA,so2,M9: AugSynth_FE Belisario (Centro dropped),AugSynth_FE,2023w27,2023-07-03
33,0.10188147587071539,NA,NA,NA,so2,M9: AugSynth_FE Belisario (Centro dropped),AugSynth_FE,2023w28,2023-07-10
34,0.3601569828232677,NA,NA,NA,so2,M9: AugSynth_FE Belisario (Centro dropped),AugSynth_FE,2023w29,2023-07-17
35,0.16294845579015926,NA,NA,NA,so2,M9: AugSynth_FE Belisario (Centro dropped),AugSynth_FE,2023w30,2023-07-24
36,0.2046191057296669,NA,NA,NA,so2,M9: AugSynth_FE Belisario (Centro dropped),AugSynth_FE,2023w31,2023-07-31
37,-0.21591115996661592,NA,NA,NA,so2,M9: AugSynth_FE Belisario (Centro dropped),AugSynth_FE,2023w32,2023-08-07
38,-0.06824100512475528,NA,NA,NA,so2,M9: AugSynth_FE Belisario (Centro dropped),AugSynth_FE,2023w33,2023-08-14
39,-0.05504230893194406,NA,NA,NA,so2,M9: AugSynth_FE Belisario (Centro dropped),AugSynth_FE,2023w34,2023-08-21
40,-0.12047032790676782,NA,NA,NA,so2,M9: AugSynth_FE Belisario (Centro dropped),AugSynth_FE,2023w35,2023-08-28
41,-0.09918437659708412,NA,NA,NA,so2,M9: AugSynth_FE Belisario (Centro dropped),AugSynth_FE,2023w36,2023-09-04
42,-0.24601958084784914,NA,NA,NA,so2,M9: AugSynth_FE Belisario (Centro dropped),AugSynth_FE,2023w37,2023-09-11
43,-0.031964213745190984,NA,NA,NA,so2,M9: AugSynth_FE Belisario (Centro dropped),AugSynth_FE,2023w38,2023-09-18
44,0.15854517347149244,NA,NA,NA,so2,M9: AugSynth_FE Belisario (Centro dropped),AugSynth_FE,2023w39,2023-09-25
45,0.3156588604924708,NA,NA,NA,so2,M9: AugSynth_FE Belisario (Centro dropped),AugSynth_FE,2023w40,2023-10-02
46,-0.519479737892528,NA,NA,NA,so2,M9: AugSynth_FE Belisario (Centro dropped),AugSynth_FE,2023w41,2023-10-09
47,-0.15021745339148307,NA,NA,NA,so2,M9: AugSynth_FE Belisario (Centro dropped),AugSynth_FE,2023w42,2023-10-16
48,-0.3633917362084056,NA,NA,NA,so2,M9: AugSynth_FE Belisario (Centro dropped),AugSynth_FE,2023w43,2023-10-23
49,-0.0752642027919399,NA,NA,NA,so2,M9: AugSynth_FE Belisario (Centro dropped),AugSynth_FE,2023w44,2023-10-30
50,-0.5919280160026184,NA,NA,NA,so2,M9: AugSynth_FE Belisario (Centro dropped),AugSynth_FE,2023w45,2023-11-06
51,-0.09278891047689375,NA,NA,NA,so2,M9: AugSynth_FE Belisario (Centro dropped),AugSynth_FE,2023w46,2023-11-13
52,-0.1022429001431382,NA,NA,NA,so2,M9: AugSynth_FE Belisario (Centro dropped),AugSynth_FE,2023w47,2023-11-20
53,-0.22045268831137554,-0.7826920733201386,0.3417866966973875,0.389,so2,M9: AugSynth_FE Belisario (Centro dropped),AugSynth_FE,2023w48,2023-11-27
54,-0.1860362085440075,-0.7482755935527705,0.33030608381097903,0.401,so2,M9: AugSynth_FE Belisario (Centro dropped),AugSynth_FE,2023w49,2023-12-04
55,-0.3047073632070927,-0.8669467482158557,0.25753202180167034,0.206,so2,M9: AugSynth_FE Belisario (Centro dropped),AugSynth_FE,2023w50,2023-12-11
56,0.0343985114987182,-0.5278408735100448,0.5507408038537047,0.919,so2,M9: AugSynth_FE Belisario (Centro dropped),AugSynth_FE,2023w51,2023-12-18
57,-0.14812910914055388,-0.7103684941493169,0.41411027586820914,0.606,so2,M9: AugSynth_FE Belisario (Centro dropped),AugSynth_FE,2023w52,2023-12-25
58,-0.005595854556225577,-0.5678352395649886,0.5107464377987609,0.977,so2,M9: AugSynth_FE Belisario (Centro dropped),AugSynth_FE,2024w01,2024-01-01
59,-0.14928762196844803,-0.711527006977211,0.39000321671342686,0.537,so2,M9: AugSynth_FE Belisario (Centro dropped),AugSynth_FE,2024w02,2024-01-08
60,-0.47949458356472774,-1.0417339685734908,0.059796255117147146,0.054,so2,M9: AugSynth_FE Belisario (Centro dropped),AugSynth_FE,2024w03,2024-01-15
61,-0.283958637051136,-0.8232494757330108,0.2553322016307389,0.198,so2,M9: AugSynth_FE Belisario (Centro dropped),AugSynth_FE,2024w04,2024-01-22
62,-0.1560836360501101,-0.7183230210588731,0.3832072026317648,0.534,so2,M9: AugSynth_FE Belisario (Centro dropped),AugSynth_FE,2024w05,2024-01-29
63,-0.334807771401598,-0.897047156410361,0.20448306728027688,0.169,so2,M9: AugSynth_FE Belisario (Centro dropped),AugSynth_FE,2024w06,2024-02-05
64,-0.4111544221326795,-0.9733938071414425,0.15108496287608353,0.082,so2,M9: AugSynth_FE Belisario (Centro dropped),AugSynth_FE,2024w07,2024-02-12
65,-0.4053978919022396,-0.9676372769110027,0.1109444004527469,0.053,so2,M9: AugSynth_FE Belisario (Centro dropped),AugSynth_FE,2024w08,2024-02-19
66,-0.15759208681822368,-0.6968829255000984,0.35875020553676285,0.475,so2,M9: AugSynth_FE Belisario (Centro dropped),AugSynth_FE,2024w09,2024-02-26
67,-0.2519306947331601,-0.8141700797419231,0.24146305129493806,0.226,so2,M9: AugSynth_FE Belisario (Centro dropped),AugSynth_FE,2024w10,2024-03-04
68,-0.16265122534126908,-0.7019420640231439,0.3307425206868291,0.492,so2,M9: AugSynth_FE Belisario (Centro dropped),AugSynth_FE,2024w11,2024-03-11
69,-0.1666540340604612,-0.705944872742336,0.3496882582945253,0.494,so2,M9: AugSynth_FE Belisario (Centro dropped),AugSynth_FE,2024w12,2024-03-18
70,0.2691891541027731,-0.2930502309059899,0.7855314464577596,0.224,so2,M9: AugSynth_FE Belisario (Centro dropped),AugSynth_FE,2024w13,2024-03-25
71,-0.08159005203983694,-0.6438294370486,0.4347522403151496,0.768,so2,M9: AugSynth_FE Belisario (Centro dropped),AugSynth_FE,2024w14,2024-04-01
72,-0.40294510717458043,-0.9422359458564552,0.11339718518040609,0.08,so2,M9: AugSynth_FE Belisario (Centro dropped),AugSynth_FE,2024w15,2024-04-08
73,-0.24120559518578344,-0.7804964338676582,0.29808524349609145,0.264,so2,M9: AugSynth_FE Belisario (Centro dropped),AugSynth_FE,2024w16,2024-04-15
74,-0.09957221726210985,-0.6618116022708729,0.41677007509287667,0.718,so2,M9: AugSynth_FE Belisario (Centro dropped),AugSynth_FE,2024w17,2024-04-22
75,-0.06684833484979169,-0.5831906272047781,0.44949395750519483,0.853,so2,M9: AugSynth_FE Belisario (Centro dropped),AugSynth_FE,2024w18,2024-04-29
76,-0.08932406764458123,-0.6056663599995676,0.4270182247104053,0.782,so2,M9: AugSynth_FE Belisario (Centro dropped),AugSynth_FE,2024w19,2024-05-06
77,-0.024359718835686328,-0.5407020111906727,0.46903402719241183,0.981,so2,M9: AugSynth_FE Belisario (Centro dropped),AugSynth_FE,2024w20,2024-05-13
78,-0.11028299939948893,-0.672522384408252,0.4060592929554976,0.651,so2,M9: AugSynth_FE Belisario (Centro dropped),AugSynth_FE,2024w21,2024-05-20
79,-0.14667480879798056,-0.7089141938067436,0.36966748355700596,0.524,so2,M9: AugSynth_FE Belisario (Centro dropped),AugSynth_FE,2024w22,2024-05-27
80,0.3715310501358695,-0.19070833487289351,0.9337704351446325,0.131,so2,M9: AugSynth_FE Belisario (Centro dropped),AugSynth_FE,2024w23,2024-06-03
81,0.4960157588853147,-0.043275079796560055,1.0582551438940777,0.091,so2,M9: AugSynth_FE Belisario (Centro dropped),AugSynth_FE,2024w24,2024-06-10
82,0.10434998601492196,-0.45788939899384107,0.6436408246967968,0.697,so2,M9: AugSynth_FE Belisario (Centro dropped),AugSynth_FE,2024w25,2024-06-17
83,0.08984161496283893,-0.4723977700459241,0.6061839073178255,0.783,so2,M9: AugSynth_FE Belisario (Centro dropped),AugSynth_FE,2024w26,2024-06-24
84,-0.00445490407593252,-0.5666942890846955,0.5348359346059424,0.977,so2,M9: AugSynth_FE Belisario (Centro dropped),AugSynth_FE,2024w27,2024-07-01
85,-0.11939416485879684,-0.6816335498675599,0.3969481274961897,0.605,so2,M9: AugSynth_FE Belisario (Centro dropped),AugSynth_FE,2024w28,2024-07-08
86,-0.036300426488604653,-0.5985398114973677,0.5259389585201584,0.928,so2,M9: AugSynth_FE Belisario (Centro dropped),AugSynth_FE,2024w29,2024-07-15
87,0.055852423370940096,-0.5063869616378229,0.595143262052815,0.846,so2,M9: AugSynth_FE Belisario (Centro dropped),AugSynth_FE,2024w30,2024-07-22
88,0.5497424403908121,-0.012496944617950922,1.0890332790726869,0.059,so2,M9: AugSynth_FE Belisario (Centro dropped),AugSynth_FE,2024w31,2024-07-29
89,0.15380066222236355,-0.4084387227863995,0.7160400472311266,0.562,so2,M9: AugSynth_FE Belisario (Centro dropped),AugSynth_FE,2024w32,2024-08-05
90,0.05860601482718786,-0.5036333701815752,0.6208453998359509,0.853,so2,M9: AugSynth_FE Belisario (Centro dropped),AugSynth_FE,2024w33,2024-08-12
91,0.02359082078796071,-0.5157000178939141,0.5858302057967237,0.971,so2,M9: AugSynth_FE Belisario (Centro dropped),AugSynth_FE,2024w34,2024-08-19
92,0.3112115580057596,-0.2510278270030034,0.8734509430145226,0.252,so2,M9: AugSynth_FE Belisario (Centro dropped),AugSynth_FE,2024w35,2024-08-26
93,-0.2572964635677468,-0.7965873022496216,0.28199437511412806,0.191,so2,M9: AugSynth_FE Belisario (Centro dropped),AugSynth_FE,2024w36,2024-09-02
94,0.043002150073307543,-0.5192372349354555,0.6052415350820706,0.882,so2,M9: AugSynth_FE Belisario (Centro dropped),AugSynth_FE,2024w37,2024-09-09
95,-0.023171963563090925,-0.5624628022449657,0.5390674214456721,0.978,so2,M9: AugSynth_FE Belisario (Centro dropped),AugSynth_FE,2024w38,2024-09-16
96,-0.12331825953745623,-0.662609098219331,0.4389211254713068,0.629,so2,M9: AugSynth_FE Belisario (Centro dropped),AugSynth_FE,2024w39,2024-09-23
97,0.16226961655910555,-0.3999697684496575,0.6786119089140921,0.462,so2,M9: AugSynth_FE Belisario (Centro dropped),AugSynth_FE,2024w40,2024-09-30
98,0.22735586620760762,-0.3119349724742671,0.7895952512163706,0.368,so2,M9: AugSynth_FE Belisario (Centro dropped),AugSynth_FE,2024w41,2024-10-07
99,-0.06837870952041669,-0.5847210018754031,0.44796358283456983,0.858,so2,M9: AugSynth_FE Belisario (Centro dropped),AugSynth_FE,2024w42,2024-10-14
100,0.22153971840975117,-0.2948025739452353,0.7608305570916261,0.308,so2,M9: AugSynth_FE Belisario (Centro dropped),AugSynth_FE,2024w43,2024-10-21
101,-0.010560985128985845,-0.5728003701377489,0.5516783998797772,0.986,so2,M9: AugSynth_FE Belisario (Centro dropped),AugSynth_FE,2024w44,2024-10-28
102,0.1599952653662584,-0.4022441196425046,0.6992861040481333,0.507,so2,M9: AugSynth_FE Belisario (Centro dropped),AugSynth_FE,2024w45,2024-11-04
103,0.04670580134999791,-0.4925850373318768,0.5630480937049844,0.902,so2,M9: AugSynth_FE Belisario (Centro dropped),AugSynth_FE,2024w46,2024-11-11
104,0.20844849842534097,-0.35379088658342206,0.7247907907803275,0.362,so2,M9: AugSynth_FE Belisario (Centro dropped),AugSynth_FE,2024w47,2024-11-18
105,0.22428054711572454,-0.2920617452392619,0.7635713857975994,0.328,so2,M9: AugSynth_FE Belisario (Centro dropped),AugSynth_FE,2024w48,2024-11-25
106,-0.05509603491652215,-0.6173354199252852,0.46124625743846437,0.891,so2,M9: AugSynth_FE Belisario (Centro dropped),AugSynth_FE,2024w49,2024-12-02
107,-0.17047297299336917,-0.7327123580021322,0.39176641201539386,0.527,so2,M9: AugSynth_FE Belisario (Centro dropped),AugSynth_FE,2024w50,2024-12-09
108,-0.1377119772685098,-0.6540542696234962,0.3786303150864767,0.551,so2,M9: AugSynth_FE Belisario (Centro dropped),AugSynth_FE,2024w51,2024-12-16
109,0.3218621987289749,-0.2403771862797881,0.884101583737738,0.145,so2,M9: AugSynth_FE Belisario (Centro dropped),AugSynth_FE,2024w52,2024-12-23
110,-0.0589895209344935,-0.6212289059432565,0.5032498640742695,0.861,so2,M9: AugSynth_FE Belisario (Centro dropped),AugSynth_FE,2025w01,2024-12-30
111,0.12424721896157243,-0.39209507339341404,0.6635380576434473,0.629,so2,M9: AugSynth_FE Belisario (Centro dropped),AugSynth_FE,2025w02,2025-01-06
112,-0.08418173823156372,-0.6464211232403267,0.45510910045031117,0.756,so2,M9: AugSynth_FE Belisario (Centro dropped),AugSynth_FE,2025w03,2025-01-13
113,-0.11279627410595983,-0.6520871127878346,0.42649456457591506,0.626,so2,M9: AugSynth_FE Belisario (Centro dropped),AugSynth_FE,2025w04,2025-01-20
114,-0.12692584781526883,-0.6662166864971436,0.3894164445397177,0.629,so2,M9: AugSynth_FE Belisario (Centro dropped),AugSynth_FE,2025w05,2025-01-27
115,0.1416736995012844,-0.39761713918059033,0.6580159918562709,0.514,so2,M9: AugSynth_FE Belisario (Centro dropped),AugSynth_FE,2025w06,2025-02-03
116,-0.9764630742643629,-1.5157539129462376,-0.46012078190937644,0.015,so2,M9: AugSynth_FE Belisario (Centro dropped),AugSynth_FE,2025w07,2025-02-10
117,-0.5037758987651569,-1.0430667374470317,0.012566393589829472,0.064,so2,M9: AugSynth_FE Belisario (Centro dropped),AugSynth_FE,2025w08,2025-02-17
118,-0.3906289739286679,-0.9528683589374309,0.17161041108009512,0.098,so2,M9: AugSynth_FE Belisario (Centro dropped),AugSynth_FE,2025w09,2025-02-24
119,-0.5788353804837104,-1.1410747654924736,-0.03954454180183564,0.035,so2,M9: AugSynth_FE Belisario (Centro dropped),AugSynth_FE,2025w10,2025-03-03
120,-0.42879583125094034,-0.9910352162597034,0.08754646110404618,0.069,so2,M9: AugSynth_FE Belisario (Centro dropped),AugSynth_FE,2025w11,2025-03-10
121,-0.18754439559651537,-0.7497837806052784,0.32879789675847115,0.431,so2,M9: AugSynth_FE Belisario (Centro dropped),AugSynth_FE,2025w12,2025-03-17
122,-0.18950522066718856,-0.7517446056759516,0.34978561801468633,0.455,so2,M9: AugSynth_FE Belisario (Centro dropped),AugSynth_FE,2025w13,2025-03-24
123,-0.25451735723128666,-0.8167567422400497,0.30772202777747637,0.23,so2,M9: AugSynth_FE Belisario (Centro dropped),AugSynth_FE,2025w14,2025-03-31
124,-0.3268525801185793,-0.8890919651273423,0.21243825856329557,0.155,so2,M9: AugSynth_FE Belisario (Centro dropped),AugSynth_FE,2025w15,2025-04-07
125,-0.3384349373969415,-0.8547772297519279,0.1320102623042685,0.116,so2,M9: AugSynth_FE Belisario (Centro dropped),AugSynth_FE,2025w16,2025-04-14
126,-0.0516506744813785,-0.5909415131632533,0.464691617873608,0.879,so2,M9: AugSynth_FE Belisario (Centro dropped),AugSynth_FE,2025w17,2025-04-21
127,-0.195025996807086,-0.7343168354889608,0.3442648418747889,0.402,so2,M9: AugSynth_FE Belisario (Centro dropped),AugSynth_FE,2025w18,2025-04-28
128,-0.26527037841585277,-0.8045612170977275,0.25107191393913375,0.201,so2,M9: AugSynth_FE Belisario (Centro dropped),AugSynth_FE,2025w19,2025-05-05
129,-0.19381430844320124,-0.7560536934519643,0.3684250765655618,0.512,so2,M9: AugSynth_FE Belisario (Centro dropped),AugSynth_FE,2025w20,2025-05-12
130,-0.3997452744152161,-0.9390361130970909,0.13954556426665876,0.064,so2,M9: AugSynth_FE Belisario (Centro dropped),AugSynth_FE,2025w21,2025-05-19
131,-0.46628308972044497,-1.028522474729208,0.09595629528831806,0.055,so2,M9: AugSynth_FE Belisario (Centro dropped),AugSynth_FE,2025w22,2025-05-26
132,-0.3216681883480148,-0.8839075733567778,0.21762265033386008,0.192,so2,M9: AugSynth_FE Belisario (Centro dropped),AugSynth_FE,2025w23,2025-06-02
133,-0.4470092127145502,-1.0092485977233132,0.11523017229421284,0.073,so2,M9: AugSynth_FE Belisario (Centro dropped),AugSynth_FE,2025w24,2025-06-09
134,-0.7065420535938551,-1.2687814386026182,-0.1443026685850921,0.016,so2,M9: AugSynth_FE Belisario (Centro dropped),AugSynth_FE,2025w25,2025-06-16
