week_label,Y_treated,Y_synthetic,difference,post_period,pollutant,model,method,week_date
2022w48,1.7299287739828118,1.8431466170907034,-0.11321784310789162,FALSE,so2,M4: AugSynth Centro+Belisario,AugSynth,2022-11-28
2022w49,2.0897565900138977,2.0759829580716325,0.013773631942265219,FALSE,so2,M4: AugSynth Centro+Belisario,AugSynth,2022-12-05
2022w50,1.7629141980664027,1.9981162739583322,-0.23520207589192954,FALSE,so2,M4: AugSynth Centro+Belisario,AugSynth,2022-12-12
2022w51,1.7345094206941243,1.8984808226115997,-0.1639714019174754,FALSE,so2,M4: AugSynth Centro+Belisario,AugSynth,2022-12-19
2022w52,1.4954699095894428,1.9102316957067427,-0.41476178611729986,FALSE,so2,M4: AugSynth Centro+Belisario,AugSynth,2022-12-26
2023w01,1.7203846184307778,1.8205373311874642,-0.10015271275668636,FALSE,so2,M4: AugSynth Centro+Belisario,AugSynth,2023-01-02
2023w02,1.6539625950223606,1.596455846931237,0.05750674809112355,FALSE,so2,M4: AugSynth Centro+Belisario,AugSynth,2023-01-09
2023w03,1.6714176355604475,1.8162511660761238,-0.14483353051567627,FALSE,so2,M4: AugSynth Centro+Belisario,AugSynth,2023-01-16
2023w04,1.6389029741517038,1.813536527473582,-0.17463355332187813,FALSE,so2,M4: AugSynth Centro+Belisario,AugSynth,2023-01-23
2023w05,1.9336117592849225,1.9041347849821215,0.02947697430280094,FALSE,so2,M4: AugSynth Centro+Belisario,AugSynth,2023-01-30
2023w06,1.9321300158256574,1.9336799571265986,-0.0015499413009412155,FALSE,so2,M4: AugSynth Centro+Belisario,AugSynth,2023-02-06
2023w07,1.8881255339154472,1.6732260314458147,0.21489950246963252,FALSE,so2,M4: AugSynth Centro+Belisario,AugSynth,2023-02-13
2023w08,1.6523351703356832,1.5426378257412736,0.10969734459440961,FALSE,so2,M4: AugSynth Centro+Belisario,AugSynth,2023-02-20
2023w09,1.8553777584787525,1.797616043809711,0.05776171466904145,FALSE,so2,M4: AugSynth Centro+Belisario,AugSynth,2023-02-27
2023w10,1.5197529857541774,0.9818735212409823,0.5378794645131951,FALSE,so2,M4: AugSynth Centro+Belisario,AugSynth,2023-03-06
2023w11,1.5761836353112024,1.2948716457536436,0.2813119895575589,FALSE,so2,M4: AugSynth Centro+Belisario,AugSynth,2023-03-13
2023w12,1.6279163348559889,1.448387836853178,0.1795284980028109,FALSE,so2,M4: AugSynth Centro+Belisario,AugSynth,2023-03-20
2023w13,1.54291863158176,1.2415545252496663,0.30136410633209376,FALSE,so2,M4: AugSynth Centro+Belisario,AugSynth,2023-03-27
2023w14,1.604814064887684,1.2230208546232546,0.3817932102644295,FALSE,so2,M4: AugSynth Centro+Belisario,AugSynth,2023-04-03
2023w15,1.6940418414272742,1.4202937297309957,0.27374811169627855,FALSE,so2,M4: AugSynth Centro+Belisario,AugSynth,2023-04-10
2023w16,1.4637220262760433,1.2217185864513718,0.24200343982467154,FALSE,so2,M4: AugSynth Centro+Belisario,AugSynth,2023-04-17
2023w17,1.7566345384456068,1.5803041173253594,0.17633042112024744,FALSE,so2,M4: AugSynth Centro+Belisario,AugSynth,2023-04-24
2023w18,1.023800914235419,1.3662513752047194,-0.34245046096930043,FALSE,so2,M4: AugSynth Centro+Belisario,AugSynth,2023-05-01
2023w19,1.4713352461692157,1.5467153824401272,-0.07538013627091145,FALSE,so2,M4: AugSynth Centro+Belisario,AugSynth,2023-05-08
2023w20,1.6616118179568837,1.603305478652037,0.05830633930484663,FALSE,so2,M4: AugSynth Centro+Belisario,AugSynth,2023-05-15
2023w21,1.442836479014289,1.1191900485620299,0.32364643045225905,FALSE,so2,M4: AugSynth Centro+Belisario,AugSynth,2023-05-22
2023w22,1.4549284225349408,1.0981464512612424,0.3567819712736984,FALSE,so2,M4: AugSynth Centro+Belisario,AugSynth,2023-05-29
2023w23,1.5687122917271883,1.2541614478056289,0.3145508439215594,FALSE,so2,M4: AugSynth Centro+Belisario,AugSynth,2023-06-05
2023w24,1.4256832766855414,1.360881911188617,0.06480136549692439,FALSE,so2,M4: AugSynth Centro+Belisario,AugSynth,2023-06-12
2023w25,1.258711725736572,1.1584278200761975,0.1002839056603746,FALSE,so2,M4: AugSynth Centro+Belisario,AugSynth,2023-06-19
2023w26,1.3947222436447788,1.2741791038928576,0.12054313975192121,FALSE,so2,M4: AugSynth Centro+Belisario,AugSynth,2023-06-26
2023w27,1.4759974437868049,1.1465225884774202,0.3294748553093847,FALSE,so2,M4: AugSynth Centro+Belisario,AugSynth,2023-07-03
2023w28,1.580014944570129,1.4715667153477856,0.10844822922234343,FALSE,so2,M4: AugSynth Centro+Belisario,AugSynth,2023-07-10
2023w29,1.24670269794088,0.9235648084056479,0.32313788953523204,FALSE,so2,M4: AugSynth Centro+Belisario,AugSynth,2023-07-17
2023w30,1.3513000957791013,1.2201928547695076,0.1311072410095937,FALSE,so2,M4: AugSynth Centro+Belisario,AugSynth,2023-07-24
2023w31,1.01556010775268,1.0479787745767446,-0.03241866682406469,FALSE,so2,M4: AugSynth Centro+Belisario,AugSynth,2023-07-31
2023w32,0.8591576383619348,1.3556023362200769,-0.49644469785814205,FALSE,so2,M4: AugSynth Centro+Belisario,AugSynth,2023-08-07
2023w33,1.3444309347661072,1.4113652612676995,-0.06693432650159226,FALSE,so2,M4: AugSynth Centro+Belisario,AugSynth,2023-08-14
2023w34,1.3597332817582215,1.323652506971501,0.03608077478672045,FALSE,so2,M4: AugSynth Centro+Belisario,AugSynth,2023-08-21
2023w35,1.133540611905135,1.420407519313807,-0.28686690740867204,FALSE,so2,M4: AugSynth Centro+Belisario,AugSynth,2023-08-28
2023w36,1.307390303757287,1.7551801123638233,-0.4477898086065364,FALSE,so2,M4: AugSynth Centro+Belisario,AugSynth,2023-09-04
2023w37,1.3573078008081847,1.6892630636022017,-0.331955262794017,FALSE,so2,M4: AugSynth Centro+Belisario,AugSynth,2023-09-11
2023w38,1.412264473106072,1.2498025975383873,0.16246187556768477,FALSE,so2,M4: AugSynth Centro+Belisario,AugSynth,2023-09-18
2023w39,1.6420540297487922,1.4365581596868304,0.2054958700619618,FALSE,so2,M4: AugSynth Centro+Belisario,AugSynth,2023-09-25
2023w40,1.7645515989776306,1.3677423215950895,0.3968092773825411,FALSE,so2,M4: AugSynth Centro+Belisario,AugSynth,2023-10-02
2023w41,1.5308995630988798,2.039225963154789,-0.5083264000559091,FALSE,so2,M4: AugSynth Centro+Belisario,AugSynth,2023-10-09
2023w42,1.6844815816756384,2.135863911671914,-0.4513823299962756,FALSE,so2,M4: AugSynth Centro+Belisario,AugSynth,2023-10-16
2023w43,1.3553486878616066,1.619241765584236,-0.2638930777226294,FALSE,so2,M4: AugSynth Centro+Belisario,AugSynth,2023-10-23
2023w44,1.7895321378033402,1.702763762702796,0.08676837510054414,FALSE,so2,M4: AugSynth Centro+Belisario,AugSynth,2023-10-30
2023w45,1.1560209183532928,1.9731529492290316,-0.8171320308757388,FALSE,so2,M4: AugSynth Centro+Belisario,AugSynth,2023-11-06
2023w46,1.5261922097235658,1.567657975028445,-0.04146576530487911,FALSE,so2,M4: AugSynth Centro+Belisario,AugSynth,2023-11-13
2023w47,1.346039397625556,1.274073157256643,0.07196624036891297,FALSE,so2,M4: AugSynth Centro+Belisario,AugSynth,2023-11-20
2023w48,1.563349691996593,1.7438343599989876,-0.1804846680023946,FALSE,so2,M4: AugSynth Centro+Belisario,AugSynth,2023-11-27
2023w49,1.644754219620836,1.6150856496329624,0.029668569987873594,TRUE,so2,M4: AugSynth Centro+Belisario,AugSynth,2023-12-04
2023w50,1.581737363609874,1.7609432104944232,-0.1792058468845492,TRUE,so2,M4: AugSynth Centro+Belisario,AugSynth,2023-12-11
2023w51,1.6764859379104886,1.5311506416672094,0.14533529624327923,TRUE,so2,M4: AugSynth Centro+Belisario,AugSynth,2023-12-18
2023w52,1.0357177896582617,0.9816256310338701,0.05409215862439154,TRUE,so2,M4: AugSynth Centro+Belisario,AugSynth,2023-12-25
2024w01,1.6630254066870411,1.4371957670038644,0.2258296396831767,TRUE,so2,M4: AugSynth Centro+Belisario,AugSynth,2024-01-01
2024w02,1.510017011929896,1.4643488461215255,0.04566816580837041,TRUE,so2,M4: AugSynth Centro+Belisario,AugSynth,2024-01-08
2024w03,1.3466068787164138,1.4944025423453373,-0.1477956636289235,TRUE,so2,M4: AugSynth Centro+Belisario,AugSynth,2024-01-15
2024w04,1.2617252122342082,1.4069411296843266,-0.14521591745011841,TRUE,so2,M4: AugSynth Centro+Belisario,AugSynth,2024-01-22
2024w05,1.4962837214894944,1.61043322894378,-0.11414950745428554,TRUE,so2,M4: AugSynth Centro+Belisario,AugSynth,2024-01-29
2024w06,1.5132546650929868,1.709368126652544,-0.19611346155955722,TRUE,so2,M4: AugSynth Centro+Belisario,AugSynth,2024-02-05
2024w07,0.9068191854732484,1.2390000806923032,-0.3321808952190548,TRUE,so2,M4: AugSynth Centro+Belisario,AugSynth,2024-02-12
2024w08,1.2478066531080134,1.4093972695743644,-0.16159061646635098,TRUE,so2,M4: AugSynth Centro+Belisario,AugSynth,2024-02-19
2024w09,1.659265729293927,1.6061011795412252,0.053164549752701795,TRUE,so2,M4: AugSynth Centro+Belisario,AugSynth,2024-02-26
2024w10,1.5624458427417678,1.6217385148906243,-0.05929267214885647,TRUE,so2,M4: AugSynth Centro+Belisario,AugSynth,2024-03-04
2024w11,1.589384824081653,1.6396370198639034,-0.050252195782250375,TRUE,so2,M4: AugSynth Centro+Belisario,AugSynth,2024-03-11
2024w12,1.8524332094314873,1.7353264417122898,0.11710676771919748,TRUE,so2,M4: AugSynth Centro+Belisario,AugSynth,2024-03-18
2024w13,1.9553345546621497,1.7358197784201175,0.2195147762420322,TRUE,so2,M4: AugSynth Centro+Belisario,AugSynth,2024-03-25
2024w14,1.7071765909495622,1.3881997897412377,0.3189768012083245,TRUE,so2,M4: AugSynth Centro+Belisario,AugSynth,2024-04-01
2024w15,1.725338872489559,2.1693337803305504,-0.44399490784099127,TRUE,so2,M4: AugSynth Centro+Belisario,AugSynth,2024-04-08
2024w16,1.9424130512830367,1.8908041751512756,0.05160887613176102,TRUE,so2,M4: AugSynth Centro+Belisario,AugSynth,2024-04-15
2024w17,1.8817834173835093,1.9244601684974103,-0.04267675111390101,TRUE,so2,M4: AugSynth Centro+Belisario,AugSynth,2024-04-22
2024w18,1.7179632420782576,1.7390994518602738,-0.021136209782016246,TRUE,so2,M4: AugSynth Centro+Belisario,AugSynth,2024-04-29
2024w19,1.8060751830373043,1.8390469154903224,-0.0329717324530181,TRUE,so2,M4: AugSynth Centro+Belisario,AugSynth,2024-05-06
2024w20,1.7562392141682728,1.936443174936682,-0.18020396076840917,TRUE,so2,M4: AugSynth Centro+Belisario,AugSynth,2024-05-13
2024w21,1.1229111239826308,1.6509381769144866,-0.5280270529318558,TRUE,so2,M4: AugSynth Centro+Belisario,AugSynth,2024-05-20
2024w22,0.9868923429106465,1.2921207606797767,-0.3052284177691301,TRUE,so2,M4: AugSynth Centro+Belisario,AugSynth,2024-05-27
2024w23,0.9896509705980239,0.9136443722107991,0.07600659838722479,TRUE,so2,M4: AugSynth Centro+Belisario,AugSynth,2024-06-03
2024w24,1.1828484390387994,0.8118084616035627,0.37103997743523676,TRUE,so2,M4: AugSynth Centro+Belisario,AugSynth,2024-06-10
2024w25,1.373956614647267,1.377478886932215,-0.003522272284947947,TRUE,so2,M4: AugSynth Centro+Belisario,AugSynth,2024-06-17
2024w26,1.1776237640069973,1.045726221669265,0.1318975423377322,TRUE,so2,M4: AugSynth Centro+Belisario,AugSynth,2024-06-24
2024w27,1.161024147250044,1.252189798285309,-0.09116565103526497,TRUE,so2,M4: AugSynth Centro+Belisario,AugSynth,2024-07-01
2024w28,1.3692456877677177,1.6385164869927522,-0.2692707992250345,TRUE,so2,M4: AugSynth Centro+Belisario,AugSynth,2024-07-08
2024w29,1.0915038993088912,1.2227723877611925,-0.1312684884523012,TRUE,so2,M4: AugSynth Centro+Belisario,AugSynth,2024-07-15
2024w30,1.3735860814704972,1.7100833772598445,-0.3364972957893473,TRUE,so2,M4: AugSynth Centro+Belisario,AugSynth,2024-07-22
2024w31,1.3081326334889893,0.8724649747872848,0.43566765870170454,TRUE,so2,M4: AugSynth Centro+Belisario,AugSynth,2024-07-29
2024w32,1.63933809432296,1.5750750919492449,0.06426300237371518,TRUE,so2,M4: AugSynth Centro+Belisario,AugSynth,2024-08-05
2024w33,1.3343334859941849,1.4436583724389305,-0.10932488644474558,TRUE,so2,M4: AugSynth Centro+Belisario,AugSynth,2024-08-12
2024w34,1.5264174495547036,1.2506855737788714,0.27573187577583225,TRUE,so2,M4: AugSynth Centro+Belisario,AugSynth,2024-08-19
2024w35,1.475964963922075,1.1651244022579514,0.31084056166412366,TRUE,so2,M4: AugSynth Centro+Belisario,AugSynth,2024-08-26
2024w36,1.4551835159245097,1.8417451037790513,-0.38656158785454164,TRUE,so2,M4: AugSynth Centro+Belisario,AugSynth,2024-09-02
2024w37,1.4825209698526423,1.802726612535095,-0.32020564268245266,TRUE,so2,M4: AugSynth Centro+Belisario,AugSynth,2024-09-09
2024w38,1.4113822863638603,1.5065057766249366,-0.09512349026107625,TRUE,so2,M4: AugSynth Centro+Belisario,AugSynth,2024-09-16
2024w39,1.9363091345429293,1.9020693281477494,0.03423980639517987,TRUE,so2,M4: AugSynth Centro+Belisario,AugSynth,2024-09-23
2024w40,2.1863085674837013,1.8246217348816463,0.36168683260205503,TRUE,so2,M4: AugSynth Centro+Belisario,AugSynth,2024-09-30
2024w41,2.225750578407599,1.8617799013389513,0.3639706770686475,TRUE,so2,M4: AugSynth Centro+Belisario,AugSynth,2024-10-07
2024w42,1.5007999708680422,1.692595548044375,-0.1917955771763329,TRUE,so2,M4: AugSynth Centro+Belisario,AugSynth,2024-10-14
2024w43,1.8499767768712125,1.9464507516953813,-0.09647397482416875,TRUE,so2,M4: AugSynth Centro+Belisario,AugSynth,2024-10-21
2024w44,1.6941039414807735,2.1301577083912293,-0.43605376691045583,TRUE,so2,M4: AugSynth Centro+Belisario,AugSynth,2024-10-28
2024w45,2.07783258200525,1.8966869239192128,0.18114565808603733,TRUE,so2,M4: AugSynth Centro+Belisario,AugSynth,2024-11-04
2024w46,2.0843371435456928,2.0763829733714267,0.007954170174266029,TRUE,so2,M4: AugSynth Centro+Belisario,AugSynth,2024-11-11
2024w47,2.035476589295963,1.8758550536250678,0.15962153567089543,TRUE,so2,M4: AugSynth Centro+Belisario,AugSynth,2024-11-18
2024w48,2.0943950663346094,2.08264290101827,0.01175216531633927,TRUE,so2,M4: AugSynth Centro+Belisario,AugSynth,2024-11-25
2024w49,1.7464306528934341,1.5193984652183257,0.22703218767510847,TRUE,so2,M4: AugSynth Centro+Belisario,AugSynth,2024-12-02
2024w50,1.8774963610932232,1.9568375043809967,-0.07934114328777353,TRUE,so2,M4: AugSynth Centro+Belisario,AugSynth,2024-12-09
2024w51,1.7657744619585247,1.8401250127847835,-0.07435055082625874,TRUE,so2,M4: AugSynth Centro+Belisario,AugSynth,2024-12-16
2024w52,2.039687575824729,1.544455995859554,0.495231579965175,TRUE,so2,M4: AugSynth Centro+Belisario,AugSynth,2024-12-23
2025w01,1.6081489145676966,1.6455706216889014,-0.03742170712120485,TRUE,so2,M4: AugSynth Centro+Belisario,AugSynth,2024-12-30
2025w02,2.046365927550672,1.9425288416412807,0.10383708590939134,TRUE,so2,M4: AugSynth Centro+Belisario,AugSynth,2025-01-06
2025w03,1.7455213285255247,1.6890640273587214,0.05645730116680325,TRUE,so2,M4: AugSynth Centro+Belisario,AugSynth,2025-01-13
2025w04,1.8736307764482985,2.1090011460257174,-0.23537036957741897,TRUE,so2,M4: AugSynth Centro+Belisario,AugSynth,2025-01-20
2025w05,1.8865643432794181,1.8497680503643503,0.03679629291506781,TRUE,so2,M4: AugSynth Centro+Belisario,AugSynth,2025-01-27
2025w06,2.0148938500877978,1.6073137411928689,0.4075801088949289,TRUE,so2,M4: AugSynth Centro+Belisario,AugSynth,2025-02-03
2025w07,1.1028737885175381,1.4057725974648856,-0.30289880894734744,TRUE,so2,M4: AugSynth Centro+Belisario,AugSynth,2025-02-10
2025w08,0.859609670718926,0.9550051005257646,-0.09539542980683857,TRUE,so2,M4: AugSynth Centro+Belisario,AugSynth,2025-02-17
2025w09,1.1198230015975352,1.1328779584961992,-0.013054956898663983,TRUE,so2,M4: AugSynth Centro+Belisario,AugSynth,2025-02-24
2025w10,0.9756515207761209,0.9711707142194612,0.004480806556659722,TRUE,so2,M4: AugSynth Centro+Belisario,AugSynth,2025-03-03
2025w11,1.3387726631449617,1.1432115541663106,0.1955611089786511,TRUE,so2,M4: AugSynth Centro+Belisario,AugSynth,2025-03-10
2025w12,1.2122171106253459,1.116679355178803,0.09553775544654286,TRUE,so2,M4: AugSynth Centro+Belisario,AugSynth,2025-03-17
2025w13,1.19497499318914,1.2196469502853506,-0.024671957096210617,TRUE,so2,M4: AugSynth Centro+Belisario,AugSynth,2025-03-24
2025w14,0.6991790201683796,1.128235230490122,-0.42905621032174235,TRUE,so2,M4: AugSynth Centro+Belisario,AugSynth,2025-03-31
2025w15,0.6579460162645304,1.2309256436670588,-0.5729796274025284,TRUE,so2,M4: AugSynth Centro+Belisario,AugSynth,2025-04-07
2025w16,1.160220855196776,1.4682309487426488,-0.3080100935458727,TRUE,so2,M4: AugSynth Centro+Belisario,AugSynth,2025-04-14
2025w17,1.2652934819911987,1.2047271695621327,0.06056631242906607,TRUE,so2,M4: AugSynth Centro+Belisario,AugSynth,2025-04-21
2025w18,1.2885978018075903,1.1533888081618808,0.13520899364570949,TRUE,so2,M4: AugSynth Centro+Belisario,AugSynth,2025-04-28
2025w19,1.1457028063007724,1.3328289975639265,-0.1871261912631541,TRUE,so2,M4: AugSynth Centro+Belisario,AugSynth,2025-05-05
2025w20,1.1333659915471865,1.2621784573486579,-0.12881246580147132,TRUE,so2,M4: AugSynth Centro+Belisario,AugSynth,2025-05-12
2025w21,1.214437197854844,1.3997085942013305,-0.18527139634648648,TRUE,so2,M4: AugSynth Centro+Belisario,AugSynth,2025-05-19
2025w22,1.2507841190354778,1.3399573446433126,-0.0891732256078348,TRUE,so2,M4: AugSynth Centro+Belisario,AugSynth,2025-05-26
2025w23,1.3863947445608997,1.3008953057739991,0.08549943878690058,TRUE,so2,M4: AugSynth Centro+Belisario,AugSynth,2025-06-02
2025w24,1.1544436129450166,1.345215026330672,-0.1907714133856553,TRUE,so2,M4: AugSynth Centro+Belisario,AugSynth,2025-06-09
2025w25,0.8534347888348695,1.449968218508974,-0.5965334296741045,TRUE,so2,M4: AugSynth Centro+Belisario,AugSynth,2025-06-16
2022w48,1.5235168499264609,1.9248536220934962,-0.40133677216703534,FALSE,so2,M5: AugSynth Centro (Bel. dropped),AugSynth,2022-11-28
2022w49,1.98481029801287,2.1482925797946746,-0.16348228178180468,FALSE,so2,M5: AugSynth Centro (Bel. dropped),AugSynth,2022-12-05
2022w50,1.787528308255787,2.087759287233342,-0.30023097897755524,FALSE,so2,M5: AugSynth Centro (Bel. dropped),AugSynth,2022-12-12
2022w51,1.7189497992144027,1.9262622652599566,-0.20731246604555387,FALSE,so2,M5: AugSynth Centro (Bel. dropped),AugSynth,2022-12-19
2022w52,1.6495556590299894,1.969314864791054,-0.31975920576106476,FALSE,so2,M5: AugSynth Centro (Bel. dropped),AugSynth,2022-12-26
2023w01,1.862890793335221,1.8926622324182898,-0.029771439083068785,FALSE,so2,M5: AugSynth Centro (Bel. dropped),AugSynth,2023-01-02
2023w02,1.8531158493878266,1.656126833945127,0.19698901544269964,FALSE,so2,M5: AugSynth Centro (Bel. dropped),AugSynth,2023-01-09
2023w03,1.8265365634304183,1.899308239895202,-0.07277167646478366,FALSE,so2,M5: AugSynth Centro (Bel. dropped),AugSynth,2023-01-16
2023w04,1.8187259174578694,1.8763596441179213,-0.057633726660051954,FALSE,so2,M5: AugSynth Centro (Bel. dropped),AugSynth,2023-01-23
2023w05,1.929393545436177,1.9823354311518016,-0.052941885715624526,FALSE,so2,M5: AugSynth Centro (Bel. dropped),AugSynth,2023-01-30
2023w06,2.0282710467696647,2.061311755892405,-0.033040709122740264,FALSE,so2,M5: AugSynth Centro (Bel. dropped),AugSynth,2023-02-06
2023w07,1.9865492697123055,1.7785795902334498,0.2079696794788557,FALSE,so2,M5: AugSynth Centro (Bel. dropped),AugSynth,2023-02-13
2023w08,1.8057171614125376,1.655497917187467,0.1502192442250705,FALSE,so2,M5: AugSynth Centro (Bel. dropped),AugSynth,2023-02-20
2023w09,1.8840043497385062,1.896507559623755,-0.01250320988524889,FALSE,so2,M5: AugSynth Centro (Bel. dropped),AugSynth,2023-02-27
2023w10,1.7007400708408864,1.026696952091529,0.6740431187493574,FALSE,so2,M5: AugSynth Centro (Bel. dropped),AugSynth,2023-03-06
2023w11,1.7730975244394787,1.347261128494278,0.42583639594520073,FALSE,so2,M5: AugSynth Centro (Bel. dropped),AugSynth,2023-03-13
2023w12,1.8193205924314695,1.5178119065788742,0.30150868585259527,FALSE,so2,M5: AugSynth Centro (Bel. dropped),AugSynth,2023-03-20
2023w13,1.7212773941896358,1.2810491494599718,0.44022824472966393,FALSE,so2,M5: AugSynth Centro (Bel. dropped),AugSynth,2023-03-27
2023w14,1.8885836538635947,1.2599583205588196,0.6286253333047751,FALSE,so2,M5: AugSynth Centro (Bel. dropped),AugSynth,2023-04-03
2023w15,1.8660936062807585,1.474476722640878,0.39161688363988056,FALSE,so2,M5: AugSynth Centro (Bel. dropped),AugSynth,2023-04-10
2023w16,1.5614374363789174,1.2509725056675027,0.3104649307114147,FALSE,so2,M5: AugSynth Centro (Bel. dropped),AugSynth,2023-04-17
2023w17,1.8502903975290834,1.6403721808306915,0.20991821669839195,FALSE,so2,M5: AugSynth Centro (Bel. dropped),AugSynth,2023-04-24
2023w18,0.9120149370113666,1.4089634592287252,-0.49694852221735863,FALSE,so2,M5: AugSynth Centro (Bel. dropped),AugSynth,2023-05-01
2023w19,1.4828159281105124,1.5953431656092356,-0.11252723749872318,FALSE,so2,M5: AugSynth Centro (Bel. dropped),AugSynth,2023-05-08
2023w20,1.6577835333643822,1.6558797803281085,0.0019037530362737698,FALSE,so2,M5: AugSynth Centro (Bel. dropped),AugSynth,2023-05-15
2023w21,1.4921547518193679,1.1947077440173284,0.2974470078020395,FALSE,so2,M5: AugSynth Centro (Bel. dropped),AugSynth,2023-05-22
2023w22,1.5614374363789174,1.1796582860235187,0.38177915035539867,FALSE,so2,M5: AugSynth Centro (Bel. dropped),AugSynth,2023-05-29
2023w23,1.6950649984015373,1.3322830591672108,0.36278193923432656,FALSE,so2,M5: AugSynth Centro (Bel. dropped),AugSynth,2023-06-05
2023w24,1.4931287900337171,1.3997967093358252,0.0933320806978919,FALSE,so2,M5: AugSynth Centro (Bel. dropped),AugSynth,2023-06-12
2023w25,1.2747108188312777,1.2124876078405793,0.062223210990698385,FALSE,so2,M5: AugSynth Centro (Bel. dropped),AugSynth,2023-06-19
2023w26,1.4476246162714965,1.3316056663382296,0.11601894993326689,FALSE,so2,M5: AugSynth Centro (Bel. dropped),AugSynth,2023-06-26
2023w27,1.6049612404070217,1.1925176602914054,0.4124435801156163,FALSE,so2,M5: AugSynth Centro (Bel. dropped),AugSynth,2023-07-03
2023w28,1.6213006049766125,1.5200139354939697,0.10128666948264287,FALSE,so2,M5: AugSynth Centro (Bel. dropped),AugSynth,2023-07-10
2023w29,1.2210265588917635,0.923571819905697,0.29745473898606645,FALSE,so2,M5: AugSynth Centro (Bel. dropped),AugSynth,2023-07-17
2023w30,1.3566938913436,1.2567191052149782,0.09997478612862176,FALSE,so2,M5: AugSynth Centro (Bel. dropped),AugSynth,2023-07-24
2023w31,0.8107820570931598,1.0349098977417208,-0.22412784064856106,FALSE,so2,M5: AugSynth Centro (Bel. dropped),AugSynth,2023-07-31
2023w32,0.6554453133759338,1.4013935748482649,-0.7459482614723311,FALSE,so2,M5: AugSynth Centro (Bel. dropped),AugSynth,2023-08-07
2023w33,1.3871273474237824,1.4816793946357585,-0.09455204721197608,FALSE,so2,M5: AugSynth Centro (Bel. dropped),AugSynth,2023-08-14
2023w34,1.4820589831042699,1.392988602331917,0.08907038077235296,FALSE,so2,M5: AugSynth Centro (Bel. dropped),AugSynth,2023-08-21
2023w35,0.9741822102899327,1.4567085217910196,-0.48252631150108694,FALSE,so2,M5: AugSynth Centro (Bel. dropped),AugSynth,2023-08-28
2023w36,1.15415210934198,1.8243173095561656,-0.6701652002141856,FALSE,so2,M5: AugSynth Centro (Bel. dropped),AugSynth,2023-09-04
2023w37,1.2478939913838643,1.754653334894478,-0.5067593435106137,FALSE,so2,M5: AugSynth Centro (Bel. dropped),AugSynth,2023-09-11
2023w38,1.573672555987358,1.342780253635187,0.23089230235217095,FALSE,so2,M5: AugSynth Centro (Bel. dropped),AugSynth,2023-09-18
2023w39,1.779068163109745,1.54142811142764,0.2376400516821049,FALSE,so2,M5: AugSynth Centro (Bel. dropped),AugSynth,2023-09-25
2023w40,1.846352867832228,1.4699836952179826,0.3763691726142455,FALSE,so2,M5: AugSynth Centro (Bel. dropped),AugSynth,2023-10-02
2023w41,1.6598775091921698,2.12667486388423,-0.4667973546920601,FALSE,so2,M5: AugSynth Centro (Bel. dropped),AugSynth,2023-10-09
2023w42,1.6864606800601714,2.235689244423033,-0.5492285643628618,FALSE,so2,M5: AugSynth Centro (Bel. dropped),AugSynth,2023-10-16
2023w43,1.4719367459116133,1.696911627244556,-0.22497488133294263,FALSE,so2,M5: AugSynth Centro (Bel. dropped),AugSynth,2023-10-23
2023w44,2.0999628649005837,1.8123831546102103,0.28757971029037344,FALSE,so2,M5: AugSynth Centro (Bel. dropped),AugSynth,2023-10-30
2023w45,1.122979645116404,2.03500715148985,-0.9120275063734458,FALSE,so2,M5: AugSynth Centro (Bel. dropped),AugSynth,2023-11-06
2023w46,1.6255080926115948,1.6152686498706283,0.010239442740966442,FALSE,so2,M5: AugSynth Centro (Bel. dropped),AugSynth,2023-11-13
2023w47,1.5309717391546673,1.354661662741038,0.1763100764136294,FALSE,so2,M5: AugSynth Centro (Bel. dropped),AugSynth,2023-11-20
2023w48,1.7740479872958872,1.8772669496066576,-0.10321896231077043,FALSE,so2,M5: AugSynth Centro (Bel. dropped),AugSynth,2023-11-27
2023w49,1.5292396371049881,1.7008142901204097,-0.17157465301542163,TRUE,so2,M5: AugSynth Centro (Bel. dropped),AugSynth,2023-12-04
2023w50,1.852802304234756,1.8868917978217665,-0.03408949358701063,TRUE,so2,M5: AugSynth Centro (Bel. dropped),AugSynth,2023-12-11
2023w51,1.7697410555560509,1.607376447887081,0.16236460766896998,TRUE,so2,M5: AugSynth Centro (Bel. dropped),AugSynth,2023-12-18
2023w52,1.2127739602790046,1.0804990341811207,0.13227492609788394,TRUE,so2,M5: AugSynth Centro (Bel. dropped),AugSynth,2023-12-25
2024w01,1.8873221424057702,1.5310486597781308,0.35627348262763947,TRUE,so2,M5: AugSynth Centro (Bel. dropped),AugSynth,2024-01-01
2024w02,1.6550484236861527,1.5507207750847802,0.10432764860137245,TRUE,so2,M5: AugSynth Centro (Bel. dropped),AugSynth,2024-01-08
2024w03,1.6677697116621502,1.5904787509967067,0.0772909606654435,TRUE,so2,M5: AugSynth Centro (Bel. dropped),AugSynth,2024-01-15
2024w04,1.41455782639275,1.4517839423937597,-0.03722611600100967,TRUE,so2,M5: AugSynth Centro (Bel. dropped),AugSynth,2024-01-22
2024w05,1.6113693792838475,1.706775907895232,-0.09540652861138454,TRUE,so2,M5: AugSynth Centro (Bel. dropped),AugSynth,2024-01-29
2024w06,1.701469997880594,1.8026101747427576,-0.10114017686216359,TRUE,so2,M5: AugSynth Centro (Bel. dropped),AugSynth,2024-02-05
2024w07,1.086089763669219,1.2914880777716065,-0.2053983141023874,TRUE,so2,M5: AugSynth Centro (Bel. dropped),AugSynth,2024-02-12
2024w08,1.4741220714854109,1.4879817897939247,-0.013859718308513846,TRUE,so2,M5: AugSynth Centro (Bel. dropped),AugSynth,2024-02-19
2024w09,1.896869953630672,1.681101010212473,0.21576894341819886,TRUE,so2,M5: AugSynth Centro (Bel. dropped),AugSynth,2024-02-26
2024w10,1.7415182527913082,1.7015447802278802,0.03997347256342798,TRUE,so2,M5: AugSynth Centro (Bel. dropped),AugSynth,2024-03-04
2024w11,1.7350715329314825,1.7150964020432375,0.019975130888244985,TRUE,so2,M5: AugSynth Centro (Bel. dropped),AugSynth,2024-03-11
2024w12,1.826643871081557,1.8005415315844462,0.026102339497110716,TRUE,so2,M5: AugSynth Centro (Bel. dropped),AugSynth,2024-03-18
2024w13,2.083059987202547,1.8440124956754316,0.23904749152711524,TRUE,so2,M5: AugSynth Centro (Bel. dropped),AugSynth,2024-03-25
2024w14,2.045798577257244,1.4395575901308613,0.6062409871263825,TRUE,so2,M5: AugSynth Centro (Bel. dropped),AugSynth,2024-04-01
2024w15,1.8788032530999834,2.2490676114309442,-0.37026435833096083,TRUE,so2,M5: AugSynth Centro (Bel. dropped),AugSynth,2024-04-08
2024w16,1.9260232324926074,1.9396317882757774,-0.013608555783169995,TRUE,so2,M5: AugSynth Centro (Bel. dropped),AugSynth,2024-04-15
2024w17,2.018142213133331,2.0169265826612985,0.0012156304720325473,TRUE,so2,M5: AugSynth Centro (Bel. dropped),AugSynth,2024-04-22
2024w18,1.692307390256395,1.7938516716787725,-0.10154428142237748,TRUE,so2,M5: AugSynth Centro (Bel. dropped),AugSynth,2024-04-29
2024w19,1.87139183631315,1.8962560564643693,-0.024864220151219252,TRUE,so2,M5: AugSynth Centro (Bel. dropped),AugSynth,2024-05-06
2024w20,1.665704817887403,2.005413754904146,-0.3397089370167432,TRUE,so2,M5: AugSynth Centro (Bel. dropped),AugSynth,2024-05-13
2024w21,0.8243216311107514,1.7316017881995707,-0.9072801570888193,TRUE,so2,M5: AugSynth Centro (Bel. dropped),AugSynth,2024-05-20
2024w22,0.8106338760156122,1.3631939271577191,-0.5525600511421069,TRUE,so2,M5: AugSynth Centro (Bel. dropped),AugSynth,2024-05-27
2024w23,0.6241543090729939,0.9266547229542121,-0.3025004138812183,TRUE,so2,M5: AugSynth Centro (Bel. dropped),AugSynth,2024-06-03
2024w24,0.9604989865384754,0.8282198011114811,0.13227918542699435,TRUE,so2,M5: AugSynth Centro (Bel. dropped),AugSynth,2024-06-10
2024w25,1.2069683133057345,1.4395735387577766,-0.2326052254520421,TRUE,so2,M5: AugSynth Centro (Bel. dropped),AugSynth,2024-06-17
2024w26,1.1744410017198983,1.0937153846434042,0.08072561707649406,TRUE,so2,M5: AugSynth Centro (Bel. dropped),AugSynth,2024-06-24
2024w27,1.1364431475323367,1.312957766507321,-0.17651461897498444,TRUE,so2,M5: AugSynth Centro (Bel. dropped),AugSynth,2024-07-01
2024w28,1.2469365037580518,1.7241980885505046,-0.47726158479245284,TRUE,so2,M5: AugSynth Centro (Bel. dropped),AugSynth,2024-07-08
2024w29,0.961391559119251,1.235622605969212,-0.2742310468499609,TRUE,so2,M5: AugSynth Centro (Bel. dropped),AugSynth,2024-07-15
2024w30,1.232074234436811,1.8395198049409744,-0.6074455705041635,TRUE,so2,M5: AugSynth Centro (Bel. dropped),AugSynth,2024-07-22
2024w31,1.247032293786383,0.9736680619017145,0.2733642318846684,TRUE,so2,M5: AugSynth Centro (Bel. dropped),AugSynth,2024-07-29
2024w32,1.597972434324822,1.7048484684520693,-0.10687603412724722,TRUE,so2,M5: AugSynth Centro (Bel. dropped),AugSynth,2024-08-05
2024w33,1.335509709281608,1.5231678597448972,-0.18765815046328926,TRUE,so2,M5: AugSynth Centro (Bel. dropped),AugSynth,2024-08-12
2024w34,1.6651248738483542,1.2980813854579132,0.367043488390441,TRUE,so2,M5: AugSynth Centro (Bel. dropped),AugSynth,2024-08-19
2024w35,1.6955544447251658,1.1798526514777807,0.5157017932473851,TRUE,so2,M5: AugSynth Centro (Bel. dropped),AugSynth,2024-08-26
2024w36,1.4606284981725939,1.9095942996541349,-0.44896580148154097,TRUE,so2,M5: AugSynth Centro (Bel. dropped),AugSynth,2024-09-02
2024w37,1.490278930597786,1.9216724616521856,-0.4313935310543997,TRUE,so2,M5: AugSynth Centro (Bel. dropped),AugSynth,2024-09-09
2024w38,1.4593124538564626,1.6146481754209674,-0.15533572156450481,TRUE,so2,M5: AugSynth Centro (Bel. dropped),AugSynth,2024-09-16
2024w39,1.9064760798099063,1.9664824555663318,-0.060006375756425534,TRUE,so2,M5: AugSynth Centro (Bel. dropped),AugSynth,2024-09-23
2024w40,2.246085285754561,1.8903109041384172,0.3557743816161436,TRUE,so2,M5: AugSynth Centro (Bel. dropped),AugSynth,2024-09-30
2024w41,2.131796772013764,1.9481709306550523,0.18362584135871174,TRUE,so2,M5: AugSynth Centro (Bel. dropped),AugSynth,2024-10-07
2024w42,1.210451770423645,1.7446783621443296,-0.5342265917206845,TRUE,so2,M5: AugSynth Centro (Bel. dropped),AugSynth,2024-10-14
2024w43,1.656830274736701,2.0300095186552123,-0.3731792439185113,TRUE,so2,M5: AugSynth Centro (Bel. dropped),AugSynth,2024-10-21
2024w44,1.667455216581406,2.224028459396112,-0.5565732428147059,TRUE,so2,M5: AugSynth Centro (Bel. dropped),AugSynth,2024-10-28
2024w45,2.1347579823505436,1.979633169818036,0.15512481253250754,TRUE,so2,M5: AugSynth Centro (Bel. dropped),AugSynth,2024-11-04
2024w46,2.1676050325091407,2.1341599415997257,0.033445090909415054,TRUE,so2,M5: AugSynth Centro (Bel. dropped),AugSynth,2024-11-11
2024w47,2.0897218510873925,1.9692112045267538,0.1205106465606387,TRUE,so2,M5: AugSynth Centro (Bel. dropped),AugSynth,2024-11-18
2024w48,2.1075834830427165,2.1816906126980347,-0.07410712965531818,TRUE,so2,M5: AugSynth Centro (Bel. dropped),AugSynth,2024-11-25
2024w49,1.9603764345208963,1.5842239796585742,0.37615245486232207,TRUE,so2,M5: AugSynth Centro (Bel. dropped),AugSynth,2024-12-02
2024w50,2.0680013515372804,2.0760006749014224,-0.007999323364141997,TRUE,so2,M5: AugSynth Centro (Bel. dropped),AugSynth,2024-12-09
2024w51,1.934993637313963,1.9063074757171998,0.02868616159676307,TRUE,so2,M5: AugSynth Centro (Bel. dropped),AugSynth,2024-12-16
2024w52,2.2298710207052403,1.6121091056073011,0.6177619150979392,TRUE,so2,M5: AugSynth Centro (Bel. dropped),AugSynth,2024-12-23
2025w01,1.8160183834488397,1.7283438789034329,0.08767450454540682,TRUE,so2,M5: AugSynth Centro (Bel. dropped),AugSynth,2024-12-30
2025w02,2.236267211956397,2.00997449322589,0.22629271873050705,TRUE,so2,M5: AugSynth Centro (Bel. dropped),AugSynth,2025-01-06
2025w03,1.9059657455298842,1.7332242766576547,0.17274146887222952,TRUE,so2,M5: AugSynth Centro (Bel. dropped),AugSynth,2025-01-13
2025w04,2.0258649407764433,2.136409761778375,-0.11054482100193175,TRUE,so2,M5: AugSynth Centro (Bel. dropped),AugSynth,2025-01-20
2025w05,2.132192107065365,1.9064118455654278,0.22578026149993713,TRUE,so2,M5: AugSynth Centro (Bel. dropped),AugSynth,2025-01-27
2025w06,2.3187864723320537,1.6487399738716668,0.6700464984603869,TRUE,so2,M5: AugSynth Centro (Bel. dropped),AugSynth,2025-02-03
2025w07,1.8031755387093396,1.4221083061523883,0.3810672325569513,TRUE,so2,M5: AugSynth Centro (Bel. dropped),AugSynth,2025-02-10
2025w08,1.2494240672298533,1.0295887743929046,0.2198352928369487,TRUE,so2,M5: AugSynth Centro (Bel. dropped),AugSynth,2025-02-17
2025w09,1.5605977470146266,1.2275877875864718,0.3330099594281548,TRUE,so2,M5: AugSynth Centro (Bel. dropped),AugSynth,2025-02-24
2025w10,1.5603877144588085,1.0571561947983639,0.5032315196604447,TRUE,so2,M5: AugSynth Centro (Bel. dropped),AugSynth,2025-03-03
2025w11,1.9206411799272272,1.217306312290064,0.7033348676371631,TRUE,so2,M5: AugSynth Centro (Bel. dropped),AugSynth,2025-03-10
2025w12,1.5041514681069994,1.199230629449781,0.3049208386572184,TRUE,so2,M5: AugSynth Centro (Bel. dropped),AugSynth,2025-03-17
2025w13,1.3308873538481523,1.297553542877696,0.03333381097045618,TRUE,so2,M5: AugSynth Centro (Bel. dropped),AugSynth,2025-03-24
2025w14,0.49400494603564715,1.1812815834378105,-0.6872766374021634,TRUE,so2,M5: AugSynth Centro (Bel. dropped),AugSynth,2025-03-31
2025w15,0.40582060046882246,1.250171121061796,-0.8443505205929736,TRUE,so2,M5: AugSynth Centro (Bel. dropped),AugSynth,2025-04-07
2025w16,1.220829921392359,1.5047902883755948,-0.2839603669832358,TRUE,so2,M5: AugSynth Centro (Bel. dropped),AugSynth,2025-04-14
2025w17,1.373496145556592,1.2452038958449776,0.12829224971161435,TRUE,so2,M5: AugSynth Centro (Bel. dropped),AugSynth,2025-04-21
2025w18,1.5817240738665845,1.190739237952098,0.3909848359144865,TRUE,so2,M5: AugSynth Centro (Bel. dropped),AugSynth,2025-04-28
2025w19,1.241750168659966,1.3668438179320002,-0.12509364927203426,TRUE,so2,M5: AugSynth Centro (Bel. dropped),AugSynth,2025-05-05
2025w20,1.4097667173050328,1.2960029870176184,0.11376373028741438,TRUE,so2,M5: AugSynth Centro (Bel. dropped),AugSynth,2025-05-12
2025w21,1.4760588891531607,1.4463848382462572,0.02967405090690356,TRUE,so2,M5: AugSynth Centro (Bel. dropped),AugSynth,2025-05-19
2025w22,1.6695290586443916,1.3550342209688313,0.3144948376755603,TRUE,so2,M5: AugSynth Centro (Bel. dropped),AugSynth,2025-05-26
2025w23,1.811652869455809,1.3177881449335596,0.4938647245222494,TRUE,so2,M5: AugSynth Centro (Bel. dropped),AugSynth,2025-06-02
2025w24,1.4191458292494148,1.372422474986866,0.0467233542625487,TRUE,so2,M5: AugSynth Centro (Bel. dropped),AugSynth,2025-06-09
2025w25,1.0266387890430204,1.4860609716056021,-0.4594221825625817,TRUE,so2,M5: AugSynth Centro (Bel. dropped),AugSynth,2025-06-16
2022w48,1.5235168499264609,2.067496517446483,-0.5439796675200224,FALSE,so2,M5b: AugSynth Centro (Bel. in pool),AugSynth,2022-11-28
2022w49,1.98481029801287,2.29327330601575,-0.3084630080028803,FALSE,so2,M5b: AugSynth Centro (Bel. in pool),AugSynth,2022-12-05
2022w50,1.787528308255787,1.9233073765949733,-0.1357790683391864,FALSE,so2,M5b: AugSynth Centro (Bel. in pool),AugSynth,2022-12-12
2022w51,1.7189497992144027,1.8184058435083001,-0.09945604429389743,FALSE,so2,M5b: AugSynth Centro (Bel. in pool),AugSynth,2022-12-19
2022w52,1.6495556590299894,1.531558687038552,0.11799697199143733,FALSE,so2,M5b: AugSynth Centro (Bel. in pool),AugSynth,2022-12-26
2023w01,1.862890793335221,1.7336203811263178,0.12927041220890323,FALSE,so2,M5b: AugSynth Centro (Bel. in pool),AugSynth,2023-01-02
2023w02,1.8531158493878266,1.584597153161122,0.26851869622670455,FALSE,so2,M5b: AugSynth Centro (Bel. in pool),AugSynth,2023-01-09
2023w03,1.8265365634304183,1.7119862772869134,0.11455028614350482,FALSE,so2,M5b: AugSynth Centro (Bel. in pool),AugSynth,2023-01-16
2023w04,1.8187259174578694,1.629577829306118,0.18914808815175133,FALSE,so2,M5b: AugSynth Centro (Bel. in pool),AugSynth,2023-01-23
2023w05,1.929393545436177,2.062015888776228,-0.13262234334005085,FALSE,so2,M5b: AugSynth Centro (Bel. in pool),AugSynth,2023-01-30
2023w06,2.0282710467696647,2.059574235942622,-0.03130318917295716,FALSE,so2,M5b: AugSynth Centro (Bel. in pool),AugSynth,2023-02-06
2023w07,1.9865492697123055,1.9308226635929082,0.05572660611939728,FALSE,so2,M5b: AugSynth Centro (Bel. in pool),AugSynth,2023-02-13
2023w08,1.8057171614125376,1.6858134739542967,0.11990368745824087,FALSE,so2,M5b: AugSynth Centro (Bel. in pool),AugSynth,2023-02-20
2023w09,1.8840043497385062,1.9854967076392942,-0.10149235790078803,FALSE,so2,M5b: AugSynth Centro (Bel. in pool),AugSynth,2023-02-27
2023w10,1.7007400708408864,1.358486970157106,0.34225310068378034,FALSE,so2,M5b: AugSynth Centro (Bel. in pool),AugSynth,2023-03-06
2023w11,1.7730975244394787,1.4576511142572055,0.31544641018227315,FALSE,so2,M5b: AugSynth Centro (Bel. in pool),AugSynth,2023-03-13
2023w12,1.8193205924314695,1.5607874821607084,0.2585331102707611,FALSE,so2,M5b: AugSynth Centro (Bel. in pool),AugSynth,2023-03-20
2023w13,1.7212773941896358,1.4187962621754948,0.30248113201414095,FALSE,so2,M5b: AugSynth Centro (Bel. in pool),AugSynth,2023-03-27
2023w14,1.8885836538635947,1.371346252401351,0.5172374014622436,FALSE,so2,M5b: AugSynth Centro (Bel. in pool),AugSynth,2023-04-03
2023w15,1.8660936062807585,1.5982467304700314,0.2678468758107271,FALSE,so2,M5b: AugSynth Centro (Bel. in pool),AugSynth,2023-04-10
2023w16,1.5614374363789174,1.3961015621952775,0.16533587418363993,FALSE,so2,M5b: AugSynth Centro (Bel. in pool),AugSynth,2023-04-17
2023w17,1.8502903975290834,1.767725299912177,0.08256509761690634,FALSE,so2,M5b: AugSynth Centro (Bel. in pool),AugSynth,2023-04-24
2023w18,0.9120149370113666,1.2414999089525849,-0.3294849719412183,FALSE,so2,M5b: AugSynth Centro (Bel. in pool),AugSynth,2023-05-01
2023w19,1.4828159281105124,1.5507330319801318,-0.06791710386961936,FALSE,so2,M5b: AugSynth Centro (Bel. in pool),AugSynth,2023-05-08
2023w20,1.6577835333643822,1.7437744545657659,-0.08599092120138363,FALSE,so2,M5b: AugSynth Centro (Bel. in pool),AugSynth,2023-05-15
2023w21,1.4921547518193679,1.474050916914912,0.018103834904455773,FALSE,so2,M5b: AugSynth Centro (Bel. in pool),AugSynth,2023-05-22
2023w22,1.5614374363789174,1.4383317937311557,0.12310564264776169,FALSE,so2,M5b: AugSynth Centro (Bel. in pool),AugSynth,2023-05-29
2023w23,1.6950649984015373,1.5416337483180385,0.1534312500834989,FALSE,so2,M5b: AugSynth Centro (Bel. in pool),AugSynth,2023-06-05
2023w24,1.4931287900337171,1.434270050699809,0.05885873933390817,FALSE,so2,M5b: AugSynth Centro (Bel. in pool),AugSynth,2023-06-12
2023w25,1.2747108188312777,1.329958581417414,-0.055247762586136284,FALSE,so2,M5b: AugSynth Centro (Bel. in pool),AugSynth,2023-06-19
2023w26,1.4476246162714965,1.4306762133622044,0.016948402909292115,FALSE,so2,M5b: AugSynth Centro (Bel. in pool),AugSynth,2023-06-26
2023w27,1.6049612404070217,1.3860366379827946,0.21892460242422707,FALSE,so2,M5b: AugSynth Centro (Bel. in pool),AugSynth,2023-07-03
2023w28,1.6213006049766125,1.6099065551635972,0.011394049813015394,FALSE,so2,M5b: AugSynth Centro (Bel. in pool),AugSynth,2023-07-10
2023w29,1.2210265588917635,1.2299787403688034,-0.008952181477039911,FALSE,so2,M5b: AugSynth Centro (Bel. in pool),AugSynth,2023-07-17
2023w30,1.3566938913436,1.3891611758155886,-0.032467284471988656,FALSE,so2,M5b: AugSynth Centro (Bel. in pool),AugSynth,2023-07-24
2023w31,0.8107820570931598,1.1850516249791108,-0.374269567885951,FALSE,so2,M5b: AugSynth Centro (Bel. in pool),AugSynth,2023-07-31
2023w32,0.6554453133759338,1.1870720010326696,-0.5316266876567358,FALSE,so2,M5b: AugSynth Centro (Bel. in pool),AugSynth,2023-08-07
2023w33,1.3871273474237824,1.4330087891114904,-0.045881441687708024,FALSE,so2,M5b: AugSynth Centro (Bel. in pool),AugSynth,2023-08-14
2023w34,1.4820589831042699,1.365276207351863,0.11678277575240692,FALSE,so2,M5b: AugSynth Centro (Bel. in pool),AugSynth,2023-08-21
2023w35,0.9741822102899327,1.3869371437126907,-0.41275493342275804,FALSE,so2,M5b: AugSynth Centro (Bel. in pool),AugSynth,2023-08-28
2023w36,1.15415210934198,1.6306392822380533,-0.47648717289607334,FALSE,so2,M5b: AugSynth Centro (Bel. in pool),AugSynth,2023-09-04
2023w37,1.2478939913838643,1.6130957389630882,-0.36520174757922397,FALSE,so2,M5b: AugSynth Centro (Bel. in pool),AugSynth,2023-09-11
2023w38,1.573672555987358,1.4268824371330118,0.14679011885434612,FALSE,so2,M5b: AugSynth Centro (Bel. in pool),AugSynth,2023-09-18
2023w39,1.779068163109745,1.6956093159544121,0.0834588471553328,FALSE,so2,M5b: AugSynth Centro (Bel. in pool),AugSynth,2023-09-25
2023w40,1.846352867832228,1.8159951547826279,0.03035771304960022,FALSE,so2,M5b: AugSynth Centro (Bel. in pool),AugSynth,2023-10-02
2023w41,1.6598775091921698,1.646795831132783,0.013081678059386759,FALSE,so2,M5b: AugSynth Centro (Bel. in pool),AugSynth,2023-10-09
2023w42,1.6864606800601714,1.917193415604501,-0.2307327355443296,FALSE,so2,M5b: AugSynth Centro (Bel. in pool),AugSynth,2023-10-16
2023w43,1.4719367459116133,1.4359714122755685,0.035965333636044816,FALSE,so2,M5b: AugSynth Centro (Bel. in pool),AugSynth,2023-10-23
2023w44,2.0999628649005837,1.7469571298083342,0.35300573509224953,FALSE,so2,M5b: AugSynth Centro (Bel. in pool),AugSynth,2023-10-30
2023w45,1.122979645116404,1.4100336307969994,-0.28705398568059537,FALSE,so2,M5b: AugSynth Centro (Bel. in pool),AugSynth,2023-11-06
2023w46,1.6255080926115948,1.5340630563863495,0.09144503622524525,FALSE,so2,M5b: AugSynth Centro (Bel. in pool),AugSynth,2023-11-13
2023w47,1.5309717391546673,1.3210313200455046,0.20994041910916272,FALSE,so2,M5b: AugSynth Centro (Bel. in pool),AugSynth,2023-11-20
2023w48,1.7740479872958872,1.637150704429302,0.1368972828665851,FALSE,so2,M5b: AugSynth Centro (Bel. in pool),AugSynth,2023-11-27
2023w49,1.5292396371049881,1.8890079443014351,-0.35976830719644703,TRUE,so2,M5b: AugSynth Centro (Bel. in pool),AugSynth,2023-12-04
2023w50,1.852802304234756,1.5877581581041424,0.26504414613061344,TRUE,so2,M5b: AugSynth Centro (Bel. in pool),AugSynth,2023-12-11
2023w51,1.7697410555560509,1.7096654463163805,0.06007560923967037,TRUE,so2,M5b: AugSynth Centro (Bel. in pool),AugSynth,2023-12-18
2023w52,1.2127739602790046,1.0495639251886004,0.16321003509040422,TRUE,so2,M5b: AugSynth Centro (Bel. in pool),AugSynth,2023-12-25
2024w01,1.8873221424057702,1.5949348664053524,0.2923872760004178,TRUE,so2,M5b: AugSynth Centro (Bel. in pool),AugSynth,2024-01-01
2024w02,1.6550484236861527,1.527556867475335,0.12749155621081765,TRUE,so2,M5b: AugSynth Centro (Bel. in pool),AugSynth,2024-01-08
2024w03,1.6677697116621502,1.2614639947815454,0.4063057168806048,TRUE,so2,M5b: AugSynth Centro (Bel. in pool),AugSynth,2024-01-15
2024w04,1.41455782639275,1.2444156123045294,0.17014221408822072,TRUE,so2,M5b: AugSynth Centro (Bel. in pool),AugSynth,2024-01-22
2024w05,1.6113693792838475,1.5853999838419526,0.025969395441894916,TRUE,so2,M5b: AugSynth Centro (Bel. in pool),AugSynth,2024-01-29
2024w06,1.701469997880594,1.5527499527246074,0.1487200451559867,TRUE,so2,M5b: AugSynth Centro (Bel. in pool),AugSynth,2024-02-05
2024w07,1.086089763669219,0.9018674158169989,0.18422234785222014,TRUE,so2,M5b: AugSynth Centro (Bel. in pool),AugSynth,2024-02-12
2024w08,1.4741220714854109,1.2094527408917126,0.26466933059369824,TRUE,so2,M5b: AugSynth Centro (Bel. in pool),AugSynth,2024-02-19
2024w09,1.896869953630672,1.5859250837403223,0.31094486989034964,TRUE,so2,M5b: AugSynth Centro (Bel. in pool),AugSynth,2024-02-26
2024w10,1.7415182527913082,1.5605890757946437,0.18092917699666455,TRUE,so2,M5b: AugSynth Centro (Bel. in pool),AugSynth,2024-03-04
2024w11,1.7350715329314825,1.610662415138532,0.1244091177929505,TRUE,so2,M5b: AugSynth Centro (Bel. in pool),AugSynth,2024-03-11
2024w12,1.826643871081557,1.9787141299869448,-0.15207025890538794,TRUE,so2,M5b: AugSynth Centro (Bel. in pool),AugSynth,2024-03-18
2024w13,2.083059987202547,2.0087431005427625,0.07431688665978431,TRUE,so2,M5b: AugSynth Centro (Bel. in pool),AugSynth,2024-03-25
2024w14,2.045798577257244,1.4625013220881384,0.5832972551691054,TRUE,so2,M5b: AugSynth Centro (Bel. in pool),AugSynth,2024-04-01
2024w15,1.8788032530999834,1.8032816058778844,0.07552164722209898,TRUE,so2,M5b: AugSynth Centro (Bel. in pool),AugSynth,2024-04-08
2024w16,1.9260232324926074,2.0463919320463595,-0.12036869955375207,TRUE,so2,M5b: AugSynth Centro (Bel. in pool),AugSynth,2024-04-15
2024w17,2.018142213133331,1.9684480456256488,0.049694167507682296,TRUE,so2,M5b: AugSynth Centro (Bel. in pool),AugSynth,2024-04-22
2024w18,1.692307390256395,1.8621272843891408,-0.16981989413274579,TRUE,so2,M5b: AugSynth Centro (Bel. in pool),AugSynth,2024-04-29
2024w19,1.87139183631315,1.867791143849011,0.003600692464139188,TRUE,so2,M5b: AugSynth Centro (Bel. in pool),AugSynth,2024-05-06
2024w20,1.665704817887403,1.9818131820376164,-0.3161083641502134,TRUE,so2,M5b: AugSynth Centro (Bel. in pool),AugSynth,2024-05-13
2024w21,0.8243216311107514,1.5994167281003309,-0.7750950969895795,TRUE,so2,M5b: AugSynth Centro (Bel. in pool),AugSynth,2024-05-20
2024w22,0.8106338760156122,1.310465133562544,-0.4998312575469317,TRUE,so2,M5b: AugSynth Centro (Bel. in pool),AugSynth,2024-05-27
2024w23,0.6241543090729939,1.3221051676130613,-0.6979508585400674,TRUE,so2,M5b: AugSynth Centro (Bel. in pool),AugSynth,2024-06-03
2024w24,0.9604989865384754,1.352305116764279,-0.3918061302258036,TRUE,so2,M5b: AugSynth Centro (Bel. in pool),AugSynth,2024-06-10
2024w25,1.2069683133057345,1.6355350799395354,-0.4285667666338009,TRUE,so2,M5b: AugSynth Centro (Bel. in pool),AugSynth,2024-06-17
2024w26,1.1744410017198983,1.2520463281332894,-0.07760532641339113,TRUE,so2,M5b: AugSynth Centro (Bel. in pool),AugSynth,2024-06-24
2024w27,1.1364431475323367,1.3075432818885373,-0.17110013435620064,TRUE,so2,M5b: AugSynth Centro (Bel. in pool),AugSynth,2024-07-01
2024w28,1.2469365037580518,1.6666690075867712,-0.4197325038287194,TRUE,so2,M5b: AugSynth Centro (Bel. in pool),AugSynth,2024-07-08
2024w29,0.961391559119251,1.2589546708295642,-0.29756311171031324,TRUE,so2,M5b: AugSynth Centro (Bel. in pool),AugSynth,2024-07-15
2024w30,1.232074234436811,1.7704798799453036,-0.5384056455084927,TRUE,so2,M5b: AugSynth Centro (Bel. in pool),AugSynth,2024-07-22
2024w31,1.247032293786383,1.485055040818823,-0.23802274703244009,TRUE,so2,M5b: AugSynth Centro (Bel. in pool),AugSynth,2024-07-29
2024w32,1.597972434324822,1.8929232024464102,-0.29495076812158816,TRUE,so2,M5b: AugSynth Centro (Bel. in pool),AugSynth,2024-08-05
2024w33,1.335509709281608,1.499180115742319,-0.16367040646071107,TRUE,so2,M5b: AugSynth Centro (Bel. in pool),AugSynth,2024-08-12
2024w34,1.6651248738483542,1.4648067966599716,0.20031807718838257,TRUE,so2,M5b: AugSynth Centro (Bel. in pool),AugSynth,2024-08-19
2024w35,1.6955544447251658,1.2998458250815073,0.39570861964365855,TRUE,so2,M5b: AugSynth Centro (Bel. in pool),AugSynth,2024-08-26
2024w36,1.4606284981725939,1.6349831119193752,-0.1743546137467813,TRUE,so2,M5b: AugSynth Centro (Bel. in pool),AugSynth,2024-09-02
2024w37,1.490278930597786,1.7339401485366785,-0.24366121793889262,TRUE,so2,M5b: AugSynth Centro (Bel. in pool),AugSynth,2024-09-09
2024w38,1.4593124538564626,1.58148191273799,-0.12216945888152742,TRUE,so2,M5b: AugSynth Centro (Bel. in pool),AugSynth,2024-09-16
2024w39,1.9064760798099063,2.0755590883769997,-0.16908300856709335,TRUE,so2,M5b: AugSynth Centro (Bel. in pool),AugSynth,2024-09-23
2024w40,2.246085285754561,2.2000485725112364,0.04603671324332437,TRUE,so2,M5b: AugSynth Centro (Bel. in pool),AugSynth,2024-09-30
2024w41,2.131796772013764,2.403684392119038,-0.2718876201052738,TRUE,so2,M5b: AugSynth Centro (Bel. in pool),AugSynth,2024-10-07
2024w42,1.210451770423645,1.8617120661758482,-0.6512602957522031,TRUE,so2,M5b: AugSynth Centro (Bel. in pool),AugSynth,2024-10-14
2024w43,1.656830274736701,2.1820327479095676,-0.5252024731728666,TRUE,so2,M5b: AugSynth Centro (Bel. in pool),AugSynth,2024-10-21
2024w44,1.667455216581406,1.9522714856804202,-0.28481626909901414,TRUE,so2,M5b: AugSynth Centro (Bel. in pool),AugSynth,2024-10-28
2024w45,2.1347579823505436,2.150739109927374,-0.015981127576830456,TRUE,so2,M5b: AugSynth Centro (Bel. in pool),AugSynth,2024-11-04
2024w46,2.1676050325091407,2.115892321063494,0.0517127114456466,TRUE,so2,M5b: AugSynth Centro (Bel. in pool),AugSynth,2024-11-11
2024w47,2.0897218510873925,2.1288543900829087,-0.039132538995516164,TRUE,so2,M5b: AugSynth Centro (Bel. in pool),AugSynth,2024-11-18
2024w48,2.1075834830427165,2.269926798846916,-0.16234331580419958,TRUE,so2,M5b: AugSynth Centro (Bel. in pool),AugSynth,2024-11-25
2024w49,1.9603764345208963,1.6541869246845515,0.30618950983634474,TRUE,so2,M5b: AugSynth Centro (Bel. in pool),AugSynth,2024-12-02
2024w50,2.0680013515372804,1.9139412112352467,0.15406014030203363,TRUE,so2,M5b: AugSynth Centro (Bel. in pool),AugSynth,2024-12-09
2024w51,1.934993637313963,1.7369037697913656,0.19808986752259727,TRUE,so2,M5b: AugSynth Centro (Bel. in pool),AugSynth,2024-12-16
2024w52,2.2298710207052403,1.9003284814449983,0.329542539260242,TRUE,so2,M5b: AugSynth Centro (Bel. in pool),AugSynth,2024-12-23
2025w01,1.8160183834488397,1.553785347199083,0.2622330362497567,TRUE,so2,M5b: AugSynth Centro (Bel. in pool),AugSynth,2024-12-30
2025w02,2.236267211956397,1.9736763952865741,0.262590816669823,TRUE,so2,M5b: AugSynth Centro (Bel. in pool),AugSynth,2025-01-06
2025w03,1.9059657455298842,1.6787600281621444,0.22720571736773976,TRUE,so2,M5b: AugSynth Centro (Bel. in pool),AugSynth,2025-01-13
2025w04,2.0258649407764433,1.8322199452473835,0.19364499552905978,TRUE,so2,M5b: AugSynth Centro (Bel. in pool),AugSynth,2025-01-20
2025w05,2.132192107065365,1.7585201884547434,0.37367191861062143,TRUE,so2,M5b: AugSynth Centro (Bel. in pool),AugSynth,2025-01-27
2025w06,2.3187864723320537,1.7585882926596441,0.5601981796724096,TRUE,so2,M5b: AugSynth Centro (Bel. in pool),AugSynth,2025-02-03
2025w07,1.8031755387093396,0.5918805529336656,1.211294985775674,TRUE,so2,M5b: AugSynth Centro (Bel. in pool),AugSynth,2025-02-10
2025w08,1.2494240672298533,0.6737117485011057,0.5757123187287476,TRUE,so2,M5b: AugSynth Centro (Bel. in pool),AugSynth,2025-02-17
2025w09,1.5605977470146266,0.9193266111124294,0.6412711359021972,TRUE,so2,M5b: AugSynth Centro (Bel. in pool),AugSynth,2025-02-24
2025w10,1.5603877144588085,0.6376844757779125,0.922703238680896,TRUE,so2,M5b: AugSynth Centro (Bel. in pool),AugSynth,2025-03-03
2025w11,1.9206411799272272,0.9538857060053564,0.9667554739218708,TRUE,so2,M5b: AugSynth Centro (Bel. in pool),AugSynth,2025-03-10
2025w12,1.5041514681069994,1.1061430059457191,0.3980084621612803,TRUE,so2,M5b: AugSynth Centro (Bel. in pool),AugSynth,2025-03-17
2025w13,1.3308873538481523,1.229702368826867,0.10118498502128537,TRUE,so2,M5b: AugSynth Centro (Bel. in pool),AugSynth,2025-03-24
2025w14,0.49400494603564715,1.0480409861109448,-0.5540360400752976,TRUE,so2,M5b: AugSynth Centro (Bel. in pool),AugSynth,2025-03-31
2025w15,0.40582060046882246,0.9967944692804255,-0.5909738688116031,TRUE,so2,M5b: AugSynth Centro (Bel. in pool),AugSynth,2025-04-07
2025w16,1.220829921392359,1.2236558705734928,-0.002825949181133769,TRUE,so2,M5b: AugSynth Centro (Bel. in pool),AugSynth,2025-04-14
2025w17,1.373496145556592,1.2387423496170504,0.1347537959395415,TRUE,so2,M5b: AugSynth Centro (Bel. in pool),AugSynth,2025-04-21
2025w18,1.5817240738665845,1.0901500681526557,0.49157400571392884,TRUE,so2,M5b: AugSynth Centro (Bel. in pool),AugSynth,2025-04-28
2025w19,1.241750168659966,1.1493910225353383,0.09235914612462759,TRUE,so2,M5b: AugSynth Centro (Bel. in pool),AugSynth,2025-05-05
2025w20,1.4097667173050328,0.9516739260147428,0.45809279129029,TRUE,so2,M5b: AugSynth Centro (Bel. in pool),AugSynth,2025-05-12
2025w21,1.4760588891531607,1.09001308803884,0.38604580111432085,TRUE,so2,M5b: AugSynth Centro (Bel. in pool),AugSynth,2025-05-19
2025w22,1.6695290586443916,0.9243321079844831,0.7451969506599085,TRUE,so2,M5b: AugSynth Centro (Bel. in pool),AugSynth,2025-05-26
2025w23,1.811652869455809,1.0307326856225365,0.7809201838332724,TRUE,so2,M5b: AugSynth Centro (Bel. in pool),AugSynth,2025-06-02
2025w24,1.4191458292494148,0.9922817848647758,0.426864044384639,TRUE,so2,M5b: AugSynth Centro (Bel. in pool),AugSynth,2025-06-09
2025w25,1.0266387890430204,0.8407716571822281,0.1858671318607923,TRUE,so2,M5b: AugSynth Centro (Bel. in pool),AugSynth,2025-06-16
2022w48,1.9363406980391624,1.7614396120852953,0.1749010859538671,FALSE,so2,M6: AugSynth Belisario (Centro dropped),AugSynth,2022-11-28
2022w49,2.194702882014925,2.0036733363470196,0.19102954566790542,FALSE,so2,M6: AugSynth Belisario (Centro dropped),AugSynth,2022-12-05
2022w50,1.7383000878770183,1.9084732606778478,-0.17017317280082955,FALSE,so2,M6: AugSynth Belisario (Centro dropped),AugSynth,2022-12-12
2022w51,1.7500690421738458,1.870699379967875,-0.12063033779402921,FALSE,so2,M6: AugSynth Belisario (Centro dropped),AugSynth,2022-12-19
2022w52,1.3413841601488963,1.851148526621105,-0.5097643664722087,FALSE,so2,M6: AugSynth Belisario (Centro dropped),AugSynth,2022-12-26
2023w01,1.5778784435263344,1.74841242995598,-0.17053398642964557,FALSE,so2,M6: AugSynth Belisario (Centro dropped),AugSynth,2023-01-02
2023w02,1.4548093406568945,1.5367848599190808,-0.08197551926218627,FALSE,so2,M6: AugSynth Belisario (Centro dropped),AugSynth,2023-01-09
2023w03,1.5162987076904768,1.733194092256279,-0.21689538456580215,FALSE,so2,M6: AugSynth Belisario (Centro dropped),AugSynth,2023-01-16
2023w04,1.4590800308455383,1.75071341083366,-0.29163337998812167,FALSE,so2,M6: AugSynth Belisario (Centro dropped),AugSynth,2023-01-23
2023w05,1.9378299731336681,1.8259341388120394,0.11189583432162875,FALSE,so2,M6: AugSynth Belisario (Centro dropped),AugSynth,2023-01-30
2023w06,1.83598898488165,1.806048158358628,0.02994082652302188,FALSE,so2,M6: AugSynth Belisario (Centro dropped),AugSynth,2023-02-06
2023w07,1.789701798118589,1.5678724726514417,0.2218293254671473,FALSE,so2,M6: AugSynth Belisario (Centro dropped),AugSynth,2023-02-13
2023w08,1.4989531792588286,1.4297777342923765,0.06917544496645212,FALSE,so2,M6: AugSynth Belisario (Centro dropped),AugSynth,2023-02-20
2023w09,1.8267511672189989,1.698724527995309,0.12802663922368995,FALSE,so2,M6: AugSynth Belisario (Centro dropped),AugSynth,2023-02-27
2023w10,1.3387659006674681,0.9370500903906676,0.4017158102768006,FALSE,so2,M6: AugSynth Belisario (Centro dropped),AugSynth,2023-03-06
2023w11,1.3792697461829262,1.2424821630121556,0.13678758317077055,FALSE,so2,M6: AugSynth Belisario (Centro dropped),AugSynth,2023-03-13
2023w12,1.4365120772805082,1.3789637671216302,0.05754831015887807,FALSE,so2,M6: AugSynth Belisario (Centro dropped),AugSynth,2023-03-20
2023w13,1.3645598689738845,1.2020599010324091,0.16249996794147537,FALSE,so2,M6: AugSynth Belisario (Centro dropped),AugSynth,2023-03-27
2023w14,1.3210444759117734,1.1860833886885653,0.1349610872232081,FALSE,so2,M6: AugSynth Belisario (Centro dropped),AugSynth,2023-04-03
2023w15,1.52199007657379,1.3661107368160539,0.15587933975773605,FALSE,so2,M6: AugSynth Belisario (Centro dropped),AugSynth,2023-04-10
2023w16,1.366006616173169,1.1924646672319055,0.1735419489412635,FALSE,so2,M6: AugSynth Belisario (Centro dropped),AugSynth,2023-04-17
2023w17,1.6629786793621302,1.5202360538190713,0.14274262554305883,FALSE,so2,M6: AugSynth Belisario (Centro dropped),AugSynth,2023-04-24
2023w18,1.1355868914594711,1.3235392911778816,-0.1879523997184105,FALSE,so2,M6: AugSynth Belisario (Centro dropped),AugSynth,2023-05-01
2023w19,1.459854564227919,1.498087599267228,-0.03823303503930897,FALSE,so2,M6: AugSynth Belisario (Centro dropped),AugSynth,2023-05-08
2023w20,1.6654401025493852,1.5507311769708767,0.11470892557850854,FALSE,so2,M6: AugSynth Belisario (Centro dropped),AugSynth,2023-05-15
2023w21,1.3935182062092102,1.0436723531001415,0.3498458531090687,FALSE,so2,M6: AugSynth Belisario (Centro dropped),AugSynth,2023-05-22
2023w22,1.3484194086909642,1.0166346164940685,0.3317847921968957,FALSE,so2,M6: AugSynth Belisario (Centro dropped),AugSynth,2023-05-29
2023w23,1.4423595850528395,1.1760398364410838,0.26631974861175567,FALSE,so2,M6: AugSynth Belisario (Centro dropped),AugSynth,2023-06-05
2023w24,1.3582377633373655,1.3219671130391522,0.0362706502982133,FALSE,so2,M6: AugSynth Belisario (Centro dropped),AugSynth,2023-06-12
2023w25,1.2427126326418665,1.1043680323102139,0.13834460033165263,FALSE,so2,M6: AugSynth Belisario (Centro dropped),AugSynth,2023-06-19
2023w26,1.341819871018061,1.2167525414440026,0.12506732957405853,FALSE,so2,M6: AugSynth Belisario (Centro dropped),AugSynth,2023-06-26
2023w27,1.347033647166588,1.1005275166591804,0.24650613050740766,FALSE,so2,M6: AugSynth Belisario (Centro dropped),AugSynth,2023-07-03
2023w28,1.5387292841636457,1.4231194952012387,0.11560978896240703,FALSE,so2,M6: AugSynth Belisario (Centro dropped),AugSynth,2023-07-10
2023w29,1.2723788369899964,0.9235577969066076,0.3488210400833889,FALSE,so2,M6: AugSynth Belisario (Centro dropped),AugSynth,2023-07-17
2023w30,1.3459063002146026,1.1836666043231499,0.1622396958914527,FALSE,so2,M6: AugSynth Belisario (Centro dropped),AugSynth,2023-07-24
2023w31,1.2203381584122002,1.0610476514144906,0.15929050699770952,FALSE,so2,M6: AugSynth Belisario (Centro dropped),AugSynth,2023-07-31
2023w32,1.0628699633479357,1.3098110975920914,-0.24694113424415565,FALSE,so2,M6: AugSynth Belisario (Centro dropped),AugSynth,2023-08-07
2023w33,1.3017345221084318,1.341051127895601,-0.03931660578716922,FALSE,so2,M6: AugSynth Belisario (Centro dropped),AugSynth,2023-08-14
2023w34,1.2374075804121734,1.2543164116092467,-0.016908831197073315,FALSE,so2,M6: AugSynth Belisario (Centro dropped),AugSynth,2023-08-21
2023w35,1.2928990135203375,1.384106516837829,-0.0912075033174915,FALSE,so2,M6: AugSynth Belisario (Centro dropped),AugSynth,2023-08-28
2023w36,1.4606284981725939,1.6860429151749396,-0.22541441700234577,FALSE,so2,M6: AugSynth Belisario (Centro dropped),AugSynth,2023-09-04
2023w37,1.4667216102325051,1.623872792312193,-0.1571511820796878,FALSE,so2,M6: AugSynth Belisario (Centro dropped),AugSynth,2023-09-11
2023w38,1.2508563902247865,1.1568249414520493,0.09403144877273717,FALSE,so2,M6: AugSynth Belisario (Centro dropped),AugSynth,2023-09-18
2023w39,1.5050398963878393,1.3316882079574388,0.1733516884304005,FALSE,so2,M6: AugSynth Belisario (Centro dropped),AugSynth,2023-09-25
2023w40,1.6827503301230329,1.2655009479780024,0.4172493821450305,FALSE,so2,M6: AugSynth Belisario (Centro dropped),AugSynth,2023-10-02
2023w41,1.4019216170055897,1.9517770624266466,-0.5498554454210569,FALSE,so2,M6: AugSynth Belisario (Centro dropped),AugSynth,2023-10-09
2023w42,1.6825024832911055,2.0360385789223896,-0.3535360956312841,FALSE,so2,M6: AugSynth Belisario (Centro dropped),AugSynth,2023-10-16
2023w43,1.2387606298116,1.541571903924003,-0.30281127411240294,FALSE,so2,M6: AugSynth Belisario (Centro dropped),AugSynth,2023-10-23
2023w44,1.479101410706097,1.5931443708058908,-0.11404296009979387,FALSE,so2,M6: AugSynth Belisario (Centro dropped),AugSynth,2023-10-30
2023w45,1.1890621915901818,1.9112987469717493,-0.7222365553815675,FALSE,so2,M6: AugSynth Belisario (Centro dropped),AugSynth,2023-11-06
2023w46,1.426876326835537,1.5200473001907475,-0.09317097335521063,FALSE,so2,M6: AugSynth Belisario (Centro dropped),AugSynth,2023-11-13
2023w47,1.1611070560964447,1.193484651789742,-0.032377595693297234,FALSE,so2,M6: AugSynth Belisario (Centro dropped),AugSynth,2023-11-20
2023w48,1.3526513966972986,1.6104017703981215,-0.2577503737008229,FALSE,so2,M6: AugSynth Belisario (Centro dropped),AugSynth,2023-11-27
2023w49,1.7602688021366841,1.529357009150549,0.23091179298613507,TRUE,so2,M6: AugSynth Belisario (Centro dropped),AugSynth,2023-12-04
2023w50,1.310672422984992,1.6349946231680754,-0.32432220018308344,TRUE,so2,M6: AugSynth Belisario (Centro dropped),AugSynth,2023-12-11
2023w51,1.5832308202649263,1.454924835448351,0.1283059848165753,TRUE,so2,M6: AugSynth Belisario (Centro dropped),AugSynth,2023-12-18
2023w52,0.8586616190375187,0.8827522278827403,-0.024090608845221628,TRUE,so2,M6: AugSynth Belisario (Centro dropped),AugSynth,2023-12-25
2024w01,1.4387286709683118,1.3433428742295854,0.09538579673872638,TRUE,so2,M6: AugSynth Belisario (Centro dropped),AugSynth,2024-01-01
2024w02,1.3649856001736391,1.3779769171576584,-0.01299131698401923,TRUE,so2,M6: AugSynth Belisario (Centro dropped),AugSynth,2024-01-08
2024w03,1.0254440457706775,1.3983263336942748,-0.37288228792359734,TRUE,so2,M6: AugSynth Belisario (Centro dropped),AugSynth,2024-01-15
2024w04,1.108892598075666,1.3620983169766443,-0.2532057189009782,TRUE,so2,M6: AugSynth Belisario (Centro dropped),AugSynth,2024-01-22
2024w05,1.3811980636951415,1.514090549995336,-0.13289248630019457,TRUE,so2,M6: AugSynth Belisario (Centro dropped),AugSynth,2024-01-29
2024w06,1.3250393323053797,1.6161260785650466,-0.2910867462596669,TRUE,so2,M6: AugSynth Belisario (Centro dropped),AugSynth,2024-02-05
2024w07,0.7275486072772777,1.186512083610655,-0.4589634763333774,TRUE,so2,M6: AugSynth Belisario (Centro dropped),AugSynth,2024-02-12
2024w08,1.021491234730616,1.330812749351434,-0.3093215146208179,TRUE,so2,M6: AugSynth Belisario (Centro dropped),AugSynth,2024-02-19
2024w09,1.421661504957182,1.531101348874369,-0.10943984391718709,TRUE,so2,M6: AugSynth Belisario (Centro dropped),AugSynth,2024-02-26
2024w10,1.3833734326922271,1.5419322495522572,-0.15855881686003004,TRUE,so2,M6: AugSynth Belisario (Centro dropped),AugSynth,2024-03-04
2024w11,1.4436981152318238,1.5641776376848944,-0.12047952245307059,TRUE,so2,M6: AugSynth Belisario (Centro dropped),AugSynth,2024-03-11
2024w12,1.8782225477814178,1.6701113518454422,0.2081111959359756,TRUE,so2,M6: AugSynth Belisario (Centro dropped),AugSynth,2024-03-18
2024w13,1.8276091221217523,1.6276270611698311,0.19998206095192117,TRUE,so2,M6: AugSynth Belisario (Centro dropped),AugSynth,2024-03-25
2024w14,1.3685546046418808,1.3368419893538324,0.031712615288048474,TRUE,so2,M6: AugSynth Belisario (Centro dropped),AugSynth,2024-04-01
2024w15,1.5718744918791347,2.089599949232512,-0.5177254573533772,TRUE,so2,M6: AugSynth Belisario (Centro dropped),AugSynth,2024-04-08
2024w16,1.9588028700734657,1.8419765620314932,0.11682630804197247,TRUE,so2,M6: AugSynth Belisario (Centro dropped),AugSynth,2024-04-15
2024w17,1.7454246216336875,1.8319937543430866,-0.08656913270939914,TRUE,so2,M6: AugSynth Belisario (Centro dropped),AugSynth,2024-04-22
2024w18,1.7436190939001202,1.6843472320485697,0.05927186185155042,TRUE,so2,M6: AugSynth Belisario (Centro dropped),AugSynth,2024-04-29
2024w19,1.7407585297614583,1.7818377745233835,-0.04107924476192526,TRUE,so2,M6: AugSynth Belisario (Centro dropped),AugSynth,2024-05-06
2024w20,1.8467736104491428,1.8674725949735638,-0.020698984524420982,TRUE,so2,M6: AugSynth Belisario (Centro dropped),AugSynth,2024-05-13
2024w21,1.4215006168545101,1.5702745656295989,-0.14877394877508876,TRUE,so2,M6: AugSynth Belisario (Centro dropped),AugSynth,2024-05-20
2024w22,1.1631508098056809,1.2210475942025845,-0.0578967843969036,TRUE,so2,M6: AugSynth Belisario (Centro dropped),AugSynth,2024-05-27
2024w23,1.355147632123054,0.9006340214724216,0.45451361065063245,TRUE,so2,M6: AugSynth Belisario (Centro dropped),AugSynth,2024-06-03
2024w24,1.4051978915391232,0.7953971220990727,0.6098007694400506,TRUE,so2,M6: AugSynth Belisario (Centro dropped),AugSynth,2024-06-10
2024w25,1.5409449159887998,1.3153842351100606,0.22556068087873915,TRUE,so2,M6: AugSynth Belisario (Centro dropped),AugSynth,2024-06-17
2024w26,1.1808065262940965,0.997737058698053,0.1830694675960436,TRUE,so2,M6: AugSynth Belisario (Centro dropped),AugSynth,2024-06-24
2024w27,1.185605146967751,1.1914218300648163,-0.005816683097065178,TRUE,so2,M6: AugSynth Belisario (Centro dropped),AugSynth,2024-07-01
2024w28,1.4915548717773834,1.5528348854378444,-0.061280013660460986,TRUE,so2,M6: AugSynth Belisario (Centro dropped),AugSynth,2024-07-08
2024w29,1.2216162394985313,1.2099221695569733,0.011694069941557972,TRUE,so2,M6: AugSynth Belisario (Centro dropped),AugSynth,2024-07-15
2024w30,1.5150979285041835,1.5806469495808535,-0.06554902107667004,TRUE,so2,M6: AugSynth Belisario (Centro dropped),AugSynth,2024-07-22
2024w31,1.3692329731915955,0.7712618876827162,0.5979710855088793,TRUE,so2,M6: AugSynth Belisario (Centro dropped),AugSynth,2024-07-29
2024w32,1.680703754321098,1.4453017154507695,0.23540203887032862,TRUE,so2,M6: AugSynth Belisario (Centro dropped),AugSynth,2024-08-05
2024w33,1.3331572627067618,1.3641488851415753,-0.03099162243481346,TRUE,so2,M6: AugSynth Belisario (Centro dropped),AugSynth,2024-08-12
2024w34,1.387710025261053,1.203289762110055,0.18442026315099813,TRUE,so2,M6: AugSynth Belisario (Centro dropped),AugSynth,2024-08-19
2024w35,1.2563754831189844,1.1503961530479767,0.10597933007100768,TRUE,so2,M6: AugSynth Belisario (Centro dropped),AugSynth,2024-08-26
2024w36,1.4497385336764255,1.7738959079048968,-0.32415737422847135,TRUE,so2,M6: AugSynth Belisario (Centro dropped),AugSynth,2024-09-02
2024w37,1.4747630091074988,1.683780763420089,-0.20901775431259018,TRUE,so2,M6: AugSynth Belisario (Centro dropped),AugSynth,2024-09-09
2024w38,1.3634521188712583,1.3983633778315638,-0.03491125896030556,TRUE,so2,M6: AugSynth Belisario (Centro dropped),AugSynth,2024-09-16
2024w39,1.9661421892759523,1.8376562007352888,0.1284859885406635,TRUE,so2,M6: AugSynth Belisario (Centro dropped),AugSynth,2024-09-23
2024w40,2.1265318492128413,1.7589325656292265,0.3675992835836148,TRUE,so2,M6: AugSynth Belisario (Centro dropped),AugSynth,2024-09-30
2024w41,2.319704384801434,1.7753888720230975,0.5443155127783366,TRUE,so2,M6: AugSynth Belisario (Centro dropped),AugSynth,2024-10-07
2024w42,1.7911481713124393,1.640512733953868,0.1506354373585712,TRUE,so2,M6: AugSynth Belisario (Centro dropped),AugSynth,2024-10-14
2024w43,2.0431232790057243,1.8628919847348784,0.18023129427084594,TRUE,so2,M6: AugSynth Belisario (Centro dropped),AugSynth,2024-10-21
2024w44,1.720752666380141,2.036286957380956,-0.315534291000815,TRUE,so2,M6: AugSynth Belisario (Centro dropped),AugSynth,2024-10-28
2024w45,2.020907181659956,1.813740678022546,0.20716650363741018,TRUE,so2,M6: AugSynth Belisario (Centro dropped),AugSynth,2024-11-04
2024w46,2.001069254582245,2.0186060051439036,-0.01753675056165882,TRUE,so2,M6: AugSynth Belisario (Centro dropped),AugSynth,2024-11-11
2024w47,1.9812313275045337,1.782498902725607,0.1987324247789266,TRUE,so2,M6: AugSynth Belisario (Centro dropped),AugSynth,2024-11-18
2024w48,2.0812066496265027,1.9835951893427886,0.09761146028371415,TRUE,so2,M6: AugSynth Belisario (Centro dropped),AugSynth,2024-11-25
2024w49,1.5324848712659722,1.4545729507794454,0.07791192048652684,TRUE,so2,M6: AugSynth Belisario (Centro dropped),AugSynth,2024-12-02
2024w50,1.6869913706491662,1.8376743338524038,-0.1506829632032376,TRUE,so2,M6: AugSynth Belisario (Centro dropped),AugSynth,2024-12-09
2024w51,1.5965552866030868,1.7739425498499415,-0.17738726324685472,TRUE,so2,M6: AugSynth Belisario (Centro dropped),AugSynth,2024-12-16
2024w52,1.849504130944218,1.4768028861101496,0.3727012448340683,TRUE,so2,M6: AugSynth Belisario (Centro dropped),AugSynth,2024-12-23
2025w01,1.4002794456865533,1.5627973644623276,-0.16251791877577437,TRUE,so2,M6: AugSynth Belisario (Centro dropped),AugSynth,2024-12-30
2025w02,1.856464643144947,1.875083190052003,-0.01861854690705611,TRUE,so2,M6: AugSynth Belisario (Centro dropped),AugSynth,2025-01-06
2025w03,1.5850769115211651,1.6449037780629572,-0.059826866541792034,TRUE,so2,M6: AugSynth Belisario (Centro dropped),AugSynth,2025-01-13
2025w04,1.7213966121201538,2.0815925302745586,-0.36019591815440477,TRUE,so2,M6: AugSynth Belisario (Centro dropped),AugSynth,2025-01-20
2025w05,1.6409365794934714,1.7931242551613682,-0.15218767566789682,TRUE,so2,M6: AugSynth Belisario (Centro dropped),AugSynth,2025-01-27
2025w06,1.7110012278435416,1.5658875085148376,0.14511371932870398,TRUE,so2,M6: AugSynth Belisario (Centro dropped),AugSynth,2025-02-03
2025w07,0.4025720383257366,1.389436888774981,-0.9868648504492444,TRUE,so2,M6: AugSynth Belisario (Centro dropped),AugSynth,2025-02-10
2025w08,0.4697952742079987,0.8804214266552604,-0.41062615244726164,TRUE,so2,M6: AugSynth Belisario (Centro dropped),AugSynth,2025-02-17
2025w09,0.6790482561804436,1.0381681294051175,-0.35911987322467387,TRUE,so2,M6: AugSynth Belisario (Centro dropped),AugSynth,2025-02-24
2025w10,0.39091532709343324,0.8851852336405879,-0.49426990654715464,TRUE,so2,M6: AugSynth Belisario (Centro dropped),AugSynth,2025-03-03
2025w11,0.7569041463626964,1.0691167960442045,-0.3122126496815081,TRUE,so2,M6: AugSynth Belisario (Centro dropped),AugSynth,2025-03-10
2025w12,0.9202827531436925,1.0341280809088849,-0.1138453277651924,TRUE,so2,M6: AugSynth Belisario (Centro dropped),AugSynth,2025-03-17
2025w13,1.0590626325301276,1.1417403576935794,-0.08267772516345184,TRUE,so2,M6: AugSynth Belisario (Centro dropped),AugSynth,2025-03-24
2025w14,0.9043530943011122,1.075188877542888,-0.17083578324177573,TRUE,so2,M6: AugSynth Belisario (Centro dropped),AugSynth,2025-03-31
2025w15,0.9100714320602383,1.2116801662708567,-0.3016087342106184,TRUE,so2,M6: AugSynth Belisario (Centro dropped),AugSynth,2025-04-07
2025w16,1.0996117890011932,1.4316716091077721,-0.332059820106579,TRUE,so2,M6: AugSynth Belisario (Centro dropped),AugSynth,2025-04-14
2025w17,1.1570908184258055,1.1642504432779857,-0.007159624852180135,TRUE,so2,M6: AugSynth Belisario (Centro dropped),AugSynth,2025-04-21
2025w18,0.9954715297485963,1.1160383783690928,-0.12056684862049649,TRUE,so2,M6: AugSynth Belisario (Centro dropped),AugSynth,2025-04-28
2025w19,1.0496554439415786,1.2988141771934871,-0.24915873325190852,TRUE,so2,M6: AugSynth Belisario (Centro dropped),AugSynth,2025-05-05
2025w20,0.8569652657893402,1.228353927671587,-0.37138866188224673,TRUE,so2,M6: AugSynth Belisario (Centro dropped),AugSynth,2025-05-12
2025w21,0.9528155065565274,1.3530323501523531,-0.40021684359582577,TRUE,so2,M6: AugSynth Belisario (Centro dropped),AugSynth,2025-05-19
2025w22,0.8320391794265639,1.3248804683130706,-0.4928412888865067,TRUE,so2,M6: AugSynth Belisario (Centro dropped),AugSynth,2025-05-26
2025w23,0.9611366196659903,1.2840024666072518,-0.3228658469412615,TRUE,so2,M6: AugSynth Belisario (Centro dropped),AugSynth,2025-06-02
2025w24,0.8897413966406185,1.3180075776685385,-0.42826618102792,TRUE,so2,M6: AugSynth Belisario (Centro dropped),AugSynth,2025-06-09
2025w25,0.6802307886267185,1.4138754654051786,-0.7336446767784601,TRUE,so2,M6: AugSynth Belisario (Centro dropped),AugSynth,2025-06-16
2022w48,1.7299287739828118,1.8757244074858133,-0.1457956335030015,FALSE,so2,M7: AugSynth_FE Centro+Belisario,AugSynth_FE,2022-11-28
2022w49,2.0897565900138977,2.083380679728794,0.0063759102851035365,FALSE,so2,M7: AugSynth_FE Centro+Belisario,AugSynth_FE,2022-12-05
2022w50,1.7629141980664027,2.00129762640521,-0.23838342833880732,FALSE,so2,M7: AugSynth_FE Centro+Belisario,AugSynth_FE,2022-12-12
2022w51,1.7345094206941243,1.8678719284711005,-0.13336250777697622,FALSE,so2,M7: AugSynth_FE Centro+Belisario,AugSynth_FE,2022-12-19
2022w52,1.4954699095894428,1.928651076483692,-0.4331811668942491,FALSE,so2,M7: AugSynth_FE Centro+Belisario,AugSynth_FE,2022-12-26
2023w01,1.7203846184307778,1.8150014053469827,-0.0946167869162049,FALSE,so2,M7: AugSynth_FE Centro+Belisario,AugSynth_FE,2023-01-02
2023w02,1.6539625950223606,1.620883197783052,0.03307939723930864,FALSE,so2,M7: AugSynth_FE Centro+Belisario,AugSynth_FE,2023-01-09
2023w03,1.6714176355604475,1.8293708358851177,-0.1579532003246702,FALSE,so2,M7: AugSynth_FE Centro+Belisario,AugSynth_FE,2023-01-16
2023w04,1.6389029741517038,1.814204949475522,-0.17530197532381808,FALSE,so2,M7: AugSynth_FE Centro+Belisario,AugSynth_FE,2023-01-23
2023w05,1.9336117592849225,1.9153056611800598,0.01830609810486261,FALSE,so2,M7: AugSynth_FE Centro+Belisario,AugSynth_FE,2023-01-30
2023w06,1.9321300158256574,1.8882264697628988,0.04390354606275859,FALSE,so2,M7: AugSynth_FE Centro+Belisario,AugSynth_FE,2023-02-06
2023w07,1.8881255339154472,1.6592188883798904,0.22890664553555684,FALSE,so2,M7: AugSynth_FE Centro+Belisario,AugSynth_FE,2023-02-13
2023w08,1.6523351703356832,1.518270601731007,0.1340645686046762,FALSE,so2,M7: AugSynth_FE Centro+Belisario,AugSynth_FE,2023-02-20
2023w09,1.8553777584787525,1.7722444057915063,0.0831333526872462,FALSE,so2,M7: AugSynth_FE Centro+Belisario,AugSynth_FE,2023-02-27
2023w10,1.5197529857541774,1.0362782159980708,0.4834747697561066,FALSE,so2,M7: AugSynth_FE Centro+Belisario,AugSynth_FE,2023-03-06
2023w11,1.5761836353112024,1.3499707536050958,0.22621288170610665,FALSE,so2,M7: AugSynth_FE Centro+Belisario,AugSynth_FE,2023-03-13
2023w12,1.6279163348559889,1.4839162343331216,0.14400010052286727,FALSE,so2,M7: AugSynth_FE Centro+Belisario,AugSynth_FE,2023-03-20
2023w13,1.54291863158176,1.28992275719496,0.25299587438679993,FALSE,so2,M7: AugSynth_FE Centro+Belisario,AugSynth_FE,2023-03-27
2023w14,1.604814064887684,1.2195383689146149,0.3852756959730692,FALSE,so2,M7: AugSynth_FE Centro+Belisario,AugSynth_FE,2023-04-03
2023w15,1.6940418414272742,1.448885329418724,0.24515651200855015,FALSE,so2,M7: AugSynth_FE Centro+Belisario,AugSynth_FE,2023-04-10
2023w16,1.4637220262760433,1.2775645848018458,0.18615744147419755,FALSE,so2,M7: AugSynth_FE Centro+Belisario,AugSynth_FE,2023-04-17
2023w17,1.7566345384456068,1.6085806013780743,0.14805393706753245,FALSE,so2,M7: AugSynth_FE Centro+Belisario,AugSynth_FE,2023-04-24
2023w18,1.023800914235419,1.3844435403730893,-0.3606426261376703,FALSE,so2,M7: AugSynth_FE Centro+Belisario,AugSynth_FE,2023-05-01
2023w19,1.4713352461692157,1.5610343380543912,-0.08969909188517544,FALSE,so2,M7: AugSynth_FE Centro+Belisario,AugSynth_FE,2023-05-08
2023w20,1.6616118179568837,1.622422469465358,0.03918934849152578,FALSE,so2,M7: AugSynth_FE Centro+Belisario,AugSynth_FE,2023-05-15
2023w21,1.442836479014289,1.157021871984131,0.28581460703015793,FALSE,so2,M7: AugSynth_FE Centro+Belisario,AugSynth_FE,2023-05-22
2023w22,1.4549284225349408,1.1147824037038143,0.3401460188311265,FALSE,so2,M7: AugSynth_FE Centro+Belisario,AugSynth_FE,2023-05-29
2023w23,1.5687122917271883,1.2452500645881965,0.32346222713899175,FALSE,so2,M7: AugSynth_FE Centro+Belisario,AugSynth_FE,2023-06-05
2023w24,1.4256832766855414,1.383486437499856,0.04219683918568551,FALSE,so2,M7: AugSynth_FE Centro+Belisario,AugSynth_FE,2023-06-12
2023w25,1.258711725736572,1.1888702593621816,0.06984146637439048,FALSE,so2,M7: AugSynth_FE Centro+Belisario,AugSynth_FE,2023-06-19
2023w26,1.3947222436447788,1.299834509234253,0.09488773441052589,FALSE,so2,M7: AugSynth_FE Centro+Belisario,AugSynth_FE,2023-06-26
2023w27,1.4759974437868049,1.1849880305426197,0.29100941324418517,FALSE,so2,M7: AugSynth_FE Centro+Belisario,AugSynth_FE,2023-07-03
2023w28,1.580014944570129,1.4840815361046835,0.09593340846544551,FALSE,so2,M7: AugSynth_FE Centro+Belisario,AugSynth_FE,2023-07-10
2023w29,1.24670269794088,0.9879251385894967,0.25877755935138325,FALSE,so2,M7: AugSynth_FE Centro+Belisario,AugSynth_FE,2023-07-17
2023w30,1.3513000957791013,1.2446921351115778,0.10660796066752343,FALSE,so2,M7: AugSynth_FE Centro+Belisario,AugSynth_FE,2023-07-24
2023w31,1.01556010775268,1.1084638184830529,-0.09290371073037296,FALSE,so2,M7: AugSynth_FE Centro+Belisario,AugSynth_FE,2023-07-31
2023w32,0.8591576383619348,1.3524137200269217,-0.4932560816649869,FALSE,so2,M7: AugSynth_FE Centro+Belisario,AugSynth_FE,2023-08-07
2023w33,1.3444309347661072,1.4162466790979398,-0.07181574433183258,FALSE,so2,M7: AugSynth_FE Centro+Belisario,AugSynth_FE,2023-08-14
2023w34,1.3597332817582215,1.3254744383327965,0.034258843425424956,FALSE,so2,M7: AugSynth_FE Centro+Belisario,AugSynth_FE,2023-08-21
2023w35,1.133540611905135,1.456337570411537,-0.3227969585064021,FALSE,so2,M7: AugSynth_FE Centro+Belisario,AugSynth_FE,2023-08-28
2023w36,1.307390303757287,1.7509384472250562,-0.4435481434677693,FALSE,so2,M7: AugSynth_FE Centro+Belisario,AugSynth_FE,2023-09-04
2023w37,1.3573078008081847,1.7071709865563431,-0.34986318574815845,FALSE,so2,M7: AugSynth_FE Centro+Belisario,AugSynth_FE,2023-09-11
2023w38,1.412264473106072,1.230645390467179,0.18161908263889304,FALSE,so2,M7: AugSynth_FE Centro+Belisario,AugSynth_FE,2023-09-18
2023w39,1.6420540297487922,1.3754453273190996,0.2666087024296926,FALSE,so2,M7: AugSynth_FE Centro+Belisario,AugSynth_FE,2023-09-25
2023w40,1.7645515989776306,1.3451895759048789,0.4193620230727517,FALSE,so2,M7: AugSynth_FE Centro+Belisario,AugSynth_FE,2023-10-02
2023w41,1.5308995630988798,2.0292869324610354,-0.49838736936215566,FALSE,so2,M7: AugSynth_FE Centro+Belisario,AugSynth_FE,2023-10-09
2023w42,1.6844815816756384,2.0632173165385144,-0.37873573486287593,FALSE,so2,M7: AugSynth_FE Centro+Belisario,AugSynth_FE,2023-10-16
2023w43,1.3553486878616066,1.654715842618513,-0.29936715475690634,FALSE,so2,M7: AugSynth_FE Centro+Belisario,AugSynth_FE,2023-10-23
2023w44,1.7895321378033402,1.6878168200465176,0.10171531775682263,FALSE,so2,M7: AugSynth_FE Centro+Belisario,AugSynth_FE,2023-10-30
2023w45,1.1560209183532928,1.9793996556782687,-0.8233787373249759,FALSE,so2,M7: AugSynth_FE Centro+Belisario,AugSynth_FE,2023-11-06
2023w46,1.5261922097235658,1.5471602267153943,-0.020968016991828486,FALSE,so2,M7: AugSynth_FE Centro+Belisario,AugSynth_FE,2023-11-13
2023w47,1.346039397625556,1.2178969323514277,0.12814246527412831,FALSE,so2,M7: AugSynth_FE Centro+Belisario,AugSynth_FE,2023-11-20
2023w48,1.563349691996593,1.6380621863511535,-0.07471249435456051,FALSE,so2,M7: AugSynth_FE Centro+Belisario,AugSynth_FE,2023-11-27
2023w49,1.644754219620836,1.5878452629991504,0.0569089566216856,TRUE,so2,M7: AugSynth_FE Centro+Belisario,AugSynth_FE,2023-12-04
2023w50,1.581737363609874,1.6863728963157005,-0.1046355327058266,TRUE,so2,M7: AugSynth_FE Centro+Belisario,AugSynth_FE,2023-12-11
2023w51,1.6764859379104886,1.5481956152117546,0.12829032269873397,TRUE,so2,M7: AugSynth_FE Centro+Belisario,AugSynth_FE,2023-12-18
2023w52,1.0357177896582617,1.009896935845989,0.025820853812272615,TRUE,so2,M7: AugSynth_FE Centro+Belisario,AugSynth_FE,2023-12-25
2024w01,1.6630254066870411,1.4430477480770298,0.21997765861001128,TRUE,so2,M7: AugSynth_FE Centro+Belisario,AugSynth_FE,2024-01-01
2024w02,1.510017011929896,1.4774053257702227,0.03261168615967325,TRUE,so2,M7: AugSynth_FE Centro+Belisario,AugSynth_FE,2024-01-08
2024w03,1.3466068787164138,1.4972663524991208,-0.15065947378270694,TRUE,so2,M7: AugSynth_FE Centro+Belisario,AugSynth_FE,2024-01-15
2024w04,1.2617252122342082,1.4335746572263013,-0.1718494449920931,TRUE,so2,M7: AugSynth_FE Centro+Belisario,AugSynth_FE,2024-01-22
2024w05,1.4962837214894944,1.5754859311905751,-0.07920220970108072,TRUE,so2,M7: AugSynth_FE Centro+Belisario,AugSynth_FE,2024-01-29
2024w06,1.5132546650929868,1.684265794653667,-0.1710111295606802,TRUE,so2,M7: AugSynth_FE Centro+Belisario,AugSynth_FE,2024-02-05
2024w07,0.9068191854732484,1.2815438243154704,-0.37472463884222207,TRUE,so2,M7: AugSynth_FE Centro+Belisario,AugSynth_FE,2024-02-12
2024w08,1.2478066531080134,1.4282264533523954,-0.18041980024438198,TRUE,so2,M7: AugSynth_FE Centro+Belisario,AugSynth_FE,2024-02-19
2024w09,1.659265729293927,1.6021466170904453,0.05711911220348176,TRUE,so2,M7: AugSynth_FE Centro+Belisario,AugSynth_FE,2024-02-26
2024w10,1.5624458427417678,1.6359332107366855,-0.07348736799491773,TRUE,so2,M7: AugSynth_FE Centro+Belisario,AugSynth_FE,2024-03-04
2024w11,1.589384824081653,1.6452327986382314,-0.055847974556578306,TRUE,so2,M7: AugSynth_FE Centro+Belisario,AugSynth_FE,2024-03-11
2024w12,1.8524332094314873,1.729504061393773,0.12292914803771415,TRUE,so2,M7: AugSynth_FE Centro+Belisario,AugSynth_FE,2024-03-18
2024w13,1.9553345546621497,1.6969361582565219,0.2583983964056278,TRUE,so2,M7: AugSynth_FE Centro+Belisario,AugSynth_FE,2024-03-25
2024w14,1.7071765909495622,1.424983679036718,0.2821929119128441,TRUE,so2,M7: AugSynth_FE Centro+Belisario,AugSynth_FE,2024-04-01
2024w15,1.725338872489559,2.1459755231768165,-0.4206366506872574,TRUE,so2,M7: AugSynth_FE Centro+Belisario,AugSynth_FE,2024-04-08
2024w16,1.9424130512830367,1.89562189055839,0.04679116072464673,TRUE,so2,M7: AugSynth_FE Centro+Belisario,AugSynth_FE,2024-04-15
2024w17,1.8817834173835093,1.9517709405745673,-0.06998752319105805,TRUE,so2,M7: AugSynth_FE Centro+Belisario,AugSynth_FE,2024-04-22
2024w18,1.7179632420782576,1.7421298751178176,-0.024166633039560015,TRUE,so2,M7: AugSynth_FE Centro+Belisario,AugSynth_FE,2024-04-29
2024w19,1.8060751830373043,1.8427631303388021,-0.036687947301497825,TRUE,so2,M7: AugSynth_FE Centro+Belisario,AugSynth_FE,2024-05-06
2024w20,1.7562392141682728,1.9053599505619228,-0.14912073639364998,TRUE,so2,M7: AugSynth_FE Centro+Belisario,AugSynth_FE,2024-05-13
2024w21,1.1229111239826308,1.654639850496724,-0.5317287265140931,TRUE,so2,M7: AugSynth_FE Centro+Belisario,AugSynth_FE,2024-05-20
2024w22,0.9868923429106465,1.3177505093672421,-0.3308581664565956,TRUE,so2,M7: AugSynth_FE Centro+Belisario,AugSynth_FE,2024-05-27
2024w23,0.9896509705980239,0.9816953480516425,0.00795562254638138,TRUE,so2,M7: AugSynth_FE Centro+Belisario,AugSynth_FE,2024-06-03
2024w24,1.1828484390387994,0.8961331078747505,0.2867153311640489,TRUE,so2,M7: AugSynth_FE Centro+Belisario,AugSynth_FE,2024-06-10
2024w25,1.373956614647267,1.4131976495311018,-0.03924103488383479,TRUE,so2,M7: AugSynth_FE Centro+Belisario,AugSynth_FE,2024-06-17
2024w26,1.1776237640069973,1.085589244249158,0.09203451975783938,TRUE,so2,M7: AugSynth_FE Centro+Belisario,AugSynth_FE,2024-06-24
2024w27,1.161024147250044,1.2804556739240902,-0.11943152667404622,TRUE,so2,M7: AugSynth_FE Centro+Belisario,AugSynth_FE,2024-07-01
2024w28,1.3692456877677177,1.6247711151206494,-0.2555254273529317,TRUE,so2,M7: AugSynth_FE Centro+Belisario,AugSynth_FE,2024-07-08
2024w29,1.0915038993088912,1.2868385541810765,-0.19533465487218526,TRUE,so2,M7: AugSynth_FE Centro+Belisario,AugSynth_FE,2024-07-15
2024w30,1.3735860814704972,1.6483414637217668,-0.2747553822512696,TRUE,so2,M7: AugSynth_FE Centro+Belisario,AugSynth_FE,2024-07-22
2024w31,1.3081326334889893,0.8553995438650693,0.45273308962392,TRUE,so2,M7: AugSynth_FE Centro+Belisario,AugSynth_FE,2024-07-29
2024w32,1.63933809432296,1.5344009700396932,0.10493712428326685,TRUE,so2,M7: AugSynth_FE Centro+Belisario,AugSynth_FE,2024-08-05
2024w33,1.3343334859941849,1.4149868076720158,-0.0806533216778309,TRUE,so2,M7: AugSynth_FE Centro+Belisario,AugSynth_FE,2024-08-12
2024w34,1.5264174495547036,1.2568322096402098,0.2695852399144938,TRUE,so2,M7: AugSynth_FE Centro+Belisario,AugSynth_FE,2024-08-19
2024w35,1.475964963922075,1.2372607649612877,0.23870419896078743,TRUE,so2,M7: AugSynth_FE Centro+Belisario,AugSynth_FE,2024-08-26
2024w36,1.4551835159245097,1.8421159671642546,-0.38693245123974496,TRUE,so2,M7: AugSynth_FE Centro+Belisario,AugSynth_FE,2024-09-02
2024w37,1.4825209698526423,1.7544549628039658,-0.2719339929513236,TRUE,so2,M7: AugSynth_FE Centro+Belisario,AugSynth_FE,2024-09-09
2024w38,1.4113822863638603,1.5056407010501036,-0.0942584146862433,TRUE,so2,M7: AugSynth_FE Centro+Belisario,AugSynth_FE,2024-09-16
2024w39,1.9363091345429293,1.8770583553085514,0.05925077923437794,TRUE,so2,M7: AugSynth_FE Centro+Belisario,AugSynth_FE,2024-09-23
2024w40,2.1863085674837013,1.8479084599163442,0.33840010756735706,TRUE,so2,M7: AugSynth_FE Centro+Belisario,AugSynth_FE,2024-09-30
2024w41,2.225750578407599,1.841134326636505,0.3846162517710938,TRUE,so2,M7: AugSynth_FE Centro+Belisario,AugSynth_FE,2024-10-07
2024w42,1.5007999708680422,1.6330651470575157,-0.13226517618947353,TRUE,so2,M7: AugSynth_FE Centro+Belisario,AugSynth_FE,2024-10-14
2024w43,1.8499767768712125,1.9366861709565772,-0.08670939408536471,TRUE,so2,M7: AugSynth_FE Centro+Belisario,AugSynth_FE,2024-10-21
2024w44,1.6941039414807735,2.1282758916793023,-0.43417195019852883,TRUE,so2,M7: AugSynth_FE Centro+Belisario,AugSynth_FE,2024-10-28
2024w45,2.07783258200525,1.8958583209130553,0.18197426109219483,TRUE,so2,M7: AugSynth_FE Centro+Belisario,AugSynth_FE,2024-11-04
2024w46,2.0843371435456928,2.0915181125677447,-0.007180969022051897,TRUE,so2,M7: AugSynth_FE Centro+Belisario,AugSynth_FE,2024-11-11
2024w47,2.035476589295963,1.864446647673332,0.1710299416226313,TRUE,so2,M7: AugSynth_FE Centro+Belisario,AugSynth_FE,2024-11-18
2024w48,2.0943950663346094,2.049496309979036,0.044898756355573166,TRUE,so2,M7: AugSynth_FE Centro+Belisario,AugSynth_FE,2024-11-25
2024w49,1.7464306528934341,1.5837709550301164,0.1626596978633177,TRUE,so2,M7: AugSynth_FE Centro+Belisario,AugSynth_FE,2024-12-02
2024w50,1.8774963610932232,1.9448863832978172,-0.067390022204594,TRUE,so2,M7: AugSynth_FE Centro+Belisario,AugSynth_FE,2024-12-09
2024w51,1.7657744619585247,1.8364816491047353,-0.0707071871462106,TRUE,so2,M7: AugSynth_FE Centro+Belisario,AugSynth_FE,2024-12-16
2024w52,2.039687575824729,1.5427951485239844,0.4968924273007447,TRUE,so2,M7: AugSynth_FE Centro+Belisario,AugSynth_FE,2024-12-23
2025w01,1.6081489145676966,1.6531885716071235,-0.04503965703942692,TRUE,so2,M7: AugSynth_FE Centro+Belisario,AugSynth_FE,2024-12-30
2025w02,2.046365927550672,1.933752278308364,0.11261364924230799,TRUE,so2,M7: AugSynth_FE Centro+Belisario,AugSynth_FE,2025-01-06
2025w03,1.7455213285255247,1.7112010413441758,0.03432028718134883,TRUE,so2,M7: AugSynth_FE Centro+Belisario,AugSynth_FE,2025-01-13
2025w04,1.8736307764482985,2.1111025610129825,-0.2374717845646841,TRUE,so2,M7: AugSynth_FE Centro+Belisario,AugSynth_FE,2025-01-20
2025w05,1.8865643432794181,1.8462855986930544,0.04027874458636371,TRUE,so2,M7: AugSynth_FE Centro+Belisario,AugSynth_FE,2025-01-27
2025w06,2.0148938500877978,1.6043597514340115,0.4105340986537862,TRUE,so2,M7: AugSynth_FE Centro+Belisario,AugSynth_FE,2025-02-03
2025w07,1.1028737885175381,1.4613472984293987,-0.35847350991186056,TRUE,so2,M7: AugSynth_FE Centro+Belisario,AugSynth_FE,2025-02-10
2025w08,0.859609670718926,0.9836211918480501,-0.12401152112912406,TRUE,so2,M7: AugSynth_FE Centro+Belisario,AugSynth_FE,2025-02-17
2025w09,1.1198230015975352,1.1213970303432608,-0.001574028745725542,TRUE,so2,M7: AugSynth_FE Centro+Belisario,AugSynth_FE,2025-02-24
2025w10,0.9756515207761209,0.974748053604686,9.034671714349685e-4,TRUE,so2,M7: AugSynth_FE Centro+Belisario,AugSynth_FE,2025-03-03
2025w11,1.3387726631449617,1.167158452230094,0.17161421091486773,TRUE,so2,M7: AugSynth_FE Centro+Belisario,AugSynth_FE,2025-03-10
2025w12,1.2122171106253459,1.118687261849911,0.0935298487754348,TRUE,so2,M7: AugSynth_FE Centro+Belisario,AugSynth_FE,2025-03-17
2025w13,1.19497499318914,1.2411923896928063,-0.0462173965036663,TRUE,so2,M7: AugSynth_FE Centro+Belisario,AugSynth_FE,2025-03-24
2025w14,0.6991790201683796,1.1750256590265997,-0.4758466388582201,TRUE,so2,M7: AugSynth_FE Centro+Belisario,AugSynth_FE,2025-03-31
2025w15,0.6579460162645304,1.291926245302066,-0.6339802290375355,TRUE,so2,M7: AugSynth_FE Centro+Belisario,AugSynth_FE,2025-04-07
2025w16,1.160220855196776,1.503067427493411,-0.34284657229663495,TRUE,so2,M7: AugSynth_FE Centro+Belisario,AugSynth_FE,2025-04-14
2025w17,1.2652934819911987,1.2481468550856842,0.017146626905514495,TRUE,so2,M7: AugSynth_FE Centro+Belisario,AugSynth_FE,2025-04-21
2025w18,1.2885978018075903,1.2190651536254702,0.06953264818212013,TRUE,so2,M7: AugSynth_FE Centro+Belisario,AugSynth_FE,2025-04-28
2025w19,1.1457028063007724,1.371493738678122,-0.2257909323773497,TRUE,so2,M7: AugSynth_FE Centro+Belisario,AugSynth_FE,2025-05-05
2025w20,1.1333659915471865,1.2945444516691218,-0.16117846012193526,TRUE,so2,M7: AugSynth_FE Centro+Belisario,AugSynth_FE,2025-05-12
2025w21,1.214437197854844,1.4166159852481428,-0.20217878739329875,TRUE,so2,M7: AugSynth_FE Centro+Belisario,AugSynth_FE,2025-05-19
2025w22,1.2507841190354778,1.3867114139154684,-0.13592729487999056,TRUE,so2,M7: AugSynth_FE Centro+Belisario,AugSynth_FE,2025-05-26
2025w23,1.3863947445608997,1.3664129989465374,0.01998174561436228,TRUE,so2,M7: AugSynth_FE Centro+Belisario,AugSynth_FE,2025-06-02
2025w24,1.1544436129450166,1.3991396289085989,-0.24469601596358226,TRUE,so2,M7: AugSynth_FE Centro+Belisario,AugSynth_FE,2025-06-09
2025w25,0.8534347888348695,1.48826130249637,-0.6348265136615006,TRUE,so2,M7: AugSynth_FE Centro+Belisario,AugSynth_FE,2025-06-16
2022w48,1.5235168499264609,1.964507052443567,-0.4409902025171062,FALSE,so2,M8: AugSynth_FE Centro (Bel. dropped),AugSynth_FE,2022-11-28
2022w49,1.98481029801287,2.153193670613366,-0.16838337260049618,FALSE,so2,M8: AugSynth_FE Centro (Bel. dropped),AugSynth_FE,2022-12-05
2022w50,1.787528308255787,2.089687246537864,-0.30215893828207707,FALSE,so2,M8: AugSynth_FE Centro (Bel. dropped),AugSynth_FE,2022-12-12
2022w51,1.7189497992144027,1.8812310189153325,-0.1622812197009298,FALSE,so2,M8: AugSynth_FE Centro (Bel. dropped),AugSynth_FE,2022-12-19
2022w52,1.6495556590299894,1.9859509547611518,-0.33639529573116245,FALSE,so2,M8: AugSynth_FE Centro (Bel. dropped),AugSynth_FE,2022-12-26
2023w01,1.862890793335221,1.8839345853070584,-0.021043791971837367,FALSE,so2,M8: AugSynth_FE Centro (Bel. dropped),AugSynth_FE,2023-01-02
2023w02,1.8531158493878266,1.6831072862922343,0.1700085630955923,FALSE,so2,M8: AugSynth_FE Centro (Bel. dropped),AugSynth_FE,2023-01-09
2023w03,1.8265365634304183,1.9188830806660921,-0.09234651723567389,FALSE,so2,M8: AugSynth_FE Centro (Bel. dropped),AugSynth_FE,2023-01-16
2023w04,1.8187259174578694,1.8797395487743451,-0.06101363131647575,FALSE,so2,M8: AugSynth_FE Centro (Bel. dropped),AugSynth_FE,2023-01-23
2023w05,1.929393545436177,1.9946160429179403,-0.06522249748176323,FALSE,so2,M8: AugSynth_FE Centro (Bel. dropped),AugSynth_FE,2023-01-30
2023w06,2.0282710467696647,2.020006424165963,0.008264622603701532,FALSE,so2,M8: AugSynth_FE Centro (Bel. dropped),AugSynth_FE,2023-02-06
2023w07,1.9865492697123055,1.7602072208117974,0.22634204890050813,FALSE,so2,M8: AugSynth_FE Centro (Bel. dropped),AugSynth_FE,2023-02-13
2023w08,1.8057171614125376,1.6326183360076016,0.17309882540493593,FALSE,so2,M8: AugSynth_FE Centro (Bel. dropped),AugSynth_FE,2023-02-20
2023w09,1.8840043497385062,1.8725205184586977,0.011483831279808454,FALSE,so2,M8: AugSynth_FE Centro (Bel. dropped),AugSynth_FE,2023-02-27
2023w10,1.7007400708408864,1.0800107921497224,0.620729278691164,FALSE,so2,M8: AugSynth_FE Centro (Bel. dropped),AugSynth_FE,2023-03-06
2023w11,1.7730975244394787,1.4040500701040597,0.36904745433541897,FALSE,so2,M8: AugSynth_FE Centro (Bel. dropped),AugSynth_FE,2023-03-13
2023w12,1.8193205924314695,1.5547622988792145,0.264558293552255,FALSE,so2,M8: AugSynth_FE Centro (Bel. dropped),AugSynth_FE,2023-03-20
2023w13,1.7212773941896358,1.3243927456401419,0.3968846485494939,FALSE,so2,M8: AugSynth_FE Centro (Bel. dropped),AugSynth_FE,2023-03-27
2023w14,1.8885836538635947,1.2473492366765995,0.6412344171869953,FALSE,so2,M8: AugSynth_FE Centro (Bel. dropped),AugSynth_FE,2023-04-03
2023w15,1.8660936062807585,1.4983725666502163,0.36772103963054215,FALSE,so2,M8: AugSynth_FE Centro (Bel. dropped),AugSynth_FE,2023-04-10
2023w16,1.5614374363789174,1.3009998239286993,0.2604376124502181,FALSE,so2,M8: AugSynth_FE Centro (Bel. dropped),AugSynth_FE,2023-04-17
2023w17,1.8502903975290834,1.673291195110554,0.1769992024185294,FALSE,so2,M8: AugSynth_FE Centro (Bel. dropped),AugSynth_FE,2023-04-24
2023w18,0.9120149370113666,1.418551174490265,-0.5065362374788984,FALSE,so2,M8: AugSynth_FE Centro (Bel. dropped),AugSynth_FE,2023-05-01
2023w19,1.4828159281105124,1.6006020436239357,-0.11778611551342322,FALSE,so2,M8: AugSynth_FE Centro (Bel. dropped),AugSynth_FE,2023-05-08
2023w20,1.6577835333643822,1.6681659094470507,-0.010382376082668454,FALSE,so2,M8: AugSynth_FE Centro (Bel. dropped),AugSynth_FE,2023-05-15
2023w21,1.4921547518193679,1.2320444296600217,0.26011032215934615,FALSE,so2,M8: AugSynth_FE Centro (Bel. dropped),AugSynth_FE,2023-05-22
2023w22,1.5614374363789174,1.1940467198761564,0.367390716502761,FALSE,so2,M8: AugSynth_FE Centro (Bel. dropped),AugSynth_FE,2023-05-29
2023w23,1.6950649984015373,1.3198862240268778,0.3751787743746595,FALSE,so2,M8: AugSynth_FE Centro (Bel. dropped),AugSynth_FE,2023-06-05
2023w24,1.4931287900337171,1.4177599893278525,0.0753688007058646,FALSE,so2,M8: AugSynth_FE Centro (Bel. dropped),AugSynth_FE,2023-06-12
2023w25,1.2747108188312777,1.2433954643821992,0.031315354449078514,FALSE,so2,M8: AugSynth_FE Centro (Bel. dropped),AugSynth_FE,2023-06-19
2023w26,1.4476246162714965,1.3545953773942911,0.09302923887720538,FALSE,so2,M8: AugSynth_FE Centro (Bel. dropped),AugSynth_FE,2023-06-26
2023w27,1.6049612404070217,1.2230768478249683,0.3818843925820534,FALSE,so2,M8: AugSynth_FE Centro (Bel. dropped),AugSynth_FE,2023-07-03
2023w28,1.6213006049766125,1.5267269279737863,0.09457367700282626,FALSE,so2,M8: AugSynth_FE Centro (Bel. dropped),AugSynth_FE,2023-07-10
2023w29,1.2210265588917635,0.9809597664251634,0.24006679246660012,FALSE,so2,M8: AugSynth_FE Centro (Bel. dropped),AugSynth_FE,2023-07-17
2023w30,1.3566938913436,1.2739381515094323,0.08275573983416762,FALSE,so2,M8: AugSynth_FE Centro (Bel. dropped),AugSynth_FE,2023-07-24
2023w31,0.8107820570931598,1.086133033314804,-0.2753509762216443,FALSE,so2,M8: AugSynth_FE Centro (Bel. dropped),AugSynth_FE,2023-07-31
2023w32,0.6554453133759338,1.3905820214132725,-0.7351367080373387,FALSE,so2,M8: AugSynth_FE Centro (Bel. dropped),AugSynth_FE,2023-08-07
2023w33,1.3871273474237824,1.4819227141566218,-0.09479536673283939,FALSE,so2,M8: AugSynth_FE Centro (Bel. dropped),AugSynth_FE,2023-08-14
2023w34,1.4820589831042699,1.3914450626758945,0.09061392042837535,FALSE,so2,M8: AugSynth_FE Centro (Bel. dropped),AugSynth_FE,2023-08-21
2023w35,0.9741822102899327,1.4922300335196046,-0.5180478232296719,FALSE,so2,M8: AugSynth_FE Centro (Bel. dropped),AugSynth_FE,2023-08-28
2023w36,1.15415210934198,1.8225828697641975,-0.6684307604222175,FALSE,so2,M8: AugSynth_FE Centro (Bel. dropped),AugSynth_FE,2023-09-04
2023w37,1.2478939913838643,1.7741795627996855,-0.5262855714158212,FALSE,so2,M8: AugSynth_FE Centro (Bel. dropped),AugSynth_FE,2023-09-11
2023w38,1.573672555987358,1.338511859587177,0.2351606964001809,FALSE,so2,M8: AugSynth_FE Centro (Bel. dropped),AugSynth_FE,2023-09-18
2023w39,1.779068163109745,1.495051943064313,0.2840162200454319,FALSE,so2,M8: AugSynth_FE Centro (Bel. dropped),AugSynth_FE,2023-09-25
2023w40,1.846352867832228,1.4581705358469066,0.3881823319853215,FALSE,so2,M8: AugSynth_FE Centro (Bel. dropped),AugSynth_FE,2023-10-02
2023w41,1.6598775091921698,2.118987248120889,-0.4591097389287191,FALSE,so2,M8: AugSynth_FE Centro (Bel. dropped),AugSynth_FE,2023-10-09
2023w42,1.6864606800601714,2.15952481833958,-0.4730641382794085,FALSE,so2,M8: AugSynth_FE Centro (Bel. dropped),AugSynth_FE,2023-10-16
2023w43,1.4719367459116133,1.7402408245201213,-0.268304078608508,FALSE,so2,M8: AugSynth_FE Centro (Bel. dropped),AugSynth_FE,2023-10-23
2023w44,2.0999628649005837,1.8273294429092979,0.2726334219912858,FALSE,so2,M8: AugSynth_FE Centro (Bel. dropped),AugSynth_FE,2023-10-30
2023w45,1.122979645116404,2.039034666983078,-0.9160550218666741,FALSE,so2,M8: AugSynth_FE Centro (Bel. dropped),AugSynth_FE,2023-11-06
2023w46,1.6255080926115948,1.5890721195025332,0.03643597310906155,FALSE,so2,M8: AugSynth_FE Centro (Bel. dropped),AugSynth_FE,2023-11-13
2023w47,1.5309717391546673,1.304964594535079,0.22600714461958837,FALSE,so2,M8: AugSynth_FE Centro (Bel. dropped),AugSynth_FE,2023-11-20
2023w48,1.7740479872958872,1.7764609632735135,-0.0024129759776263526,FALSE,so2,M8: AugSynth_FE Centro (Bel. dropped),AugSynth_FE,2023-11-27
2023w49,1.5292396371049881,1.6778950735095248,-0.1486554364045367,TRUE,so2,M8: AugSynth_FE Centro (Bel. dropped),AugSynth_FE,2023-12-04
2023w50,1.852802304234756,1.81465020007853,0.03815210415622583,TRUE,so2,M8: AugSynth_FE Centro (Bel. dropped),AugSynth_FE,2023-12-11
2023w51,1.7697410555560509,1.629479414697821,0.14026164085822979,TRUE,so2,M8: AugSynth_FE Centro (Bel. dropped),AugSynth_FE,2023-12-18
2023w52,1.2127739602790046,1.1180649744679925,0.09470898581101217,TRUE,so2,M8: AugSynth_FE Centro (Bel. dropped),AugSynth_FE,2023-12-25
2024w01,1.8873221424057702,1.5418453190526313,0.3454768233531389,TRUE,so2,M8: AugSynth_FE Centro (Bel. dropped),AugSynth_FE,2024-01-01
2024w02,1.6550484236861527,1.568508915235582,0.08653950845057068,TRUE,so2,M8: AugSynth_FE Centro (Bel. dropped),AugSynth_FE,2024-01-08
2024w03,1.6677697116621502,1.5998218048093877,0.06794790685276242,TRUE,so2,M8: AugSynth_FE Centro (Bel. dropped),AugSynth_FE,2024-01-15
2024w04,1.41455782639275,1.4795851004429084,-0.06502727405015829,TRUE,so2,M8: AugSynth_FE Centro (Bel. dropped),AugSynth_FE,2024-01-22
2024w05,1.6113693792838475,1.6766199806030944,-0.06525060131924687,TRUE,so2,M8: AugSynth_FE Centro (Bel. dropped),AugSynth_FE,2024-01-29
2024w06,1.701469997880594,1.784260503941645,-0.08279050606105098,TRUE,so2,M8: AugSynth_FE Centro (Bel. dropped),AugSynth_FE,2024-02-05
2024w07,1.086089763669219,1.334446595958663,-0.24835683228944405,TRUE,so2,M8: AugSynth_FE Centro (Bel. dropped),AugSynth_FE,2024-02-12
2024w08,1.4741220714854109,1.5065165731784775,-0.03239450169306668,TRUE,so2,M8: AugSynth_FE Centro (Bel. dropped),AugSynth_FE,2024-02-19
2024w09,1.896869953630672,1.6822562836640915,0.21461366996658038,TRUE,so2,M8: AugSynth_FE Centro (Bel. dropped),AugSynth_FE,2024-02-26
2024w10,1.7415182527913082,1.720059793645224,0.02145845914608424,TRUE,so2,M8: AugSynth_FE Centro (Bel. dropped),AugSynth_FE,2024-03-04
2024w11,1.7350715329314825,1.7248260597188583,0.010245473212624256,TRUE,so2,M8: AugSynth_FE Centro (Bel. dropped),AugSynth_FE,2024-03-11
2024w12,1.826643871081557,1.798695760261249,0.027948110820307903,TRUE,so2,M8: AugSynth_FE Centro (Bel. dropped),AugSynth_FE,2024-03-18
2024w13,2.083059987202547,1.816001815655619,0.2670581715469278,TRUE,so2,M8: AugSynth_FE Centro (Bel. dropped),AugSynth_FE,2024-03-25
2024w14,2.045798577257244,1.4775845212729484,0.5682140559842954,TRUE,so2,M8: AugSynth_FE Centro (Bel. dropped),AugSynth_FE,2024-04-01
2024w15,1.8788032530999834,2.226739586121451,-0.34793633302146776,TRUE,so2,M8: AugSynth_FE Centro (Bel. dropped),AugSynth_FE,2024-04-08
2024w16,1.9260232324926074,1.9462565222605437,-0.020233289767936258,TRUE,so2,M8: AugSynth_FE Centro (Bel. dropped),AugSynth_FE,2024-04-15
2024w17,2.018142213133331,2.071579480650172,-0.05343726751684086,TRUE,so2,M8: AugSynth_FE Centro (Bel. dropped),AugSynth_FE,2024-04-22
2024w18,1.692307390256395,1.8050519276462142,-0.11274453738981927,TRUE,so2,M8: AugSynth_FE Centro (Bel. dropped),AugSynth_FE,2024-04-29
2024w19,1.87139183631315,1.9051299795092704,-0.03373814319612034,TRUE,so2,M8: AugSynth_FE Centro (Bel. dropped),AugSynth_FE,2024-05-06
2024w20,1.665704817887403,1.9727405393135908,-0.30703572142618785,TRUE,so2,M8: AugSynth_FE Centro (Bel. dropped),AugSynth_FE,2024-05-13
2024w21,0.8243216311107514,1.7394562048969093,-0.9151345737861579,TRUE,so2,M8: AugSynth_FE Centro (Bel. dropped),AugSynth_FE,2024-05-20
2024w22,0.8106338760156122,1.394019864177199,-0.5833859881615868,TRUE,so2,M8: AugSynth_FE Centro (Bel. dropped),AugSynth_FE,2024-05-27
2024w23,0.6241543090729939,0.9946601089760718,-0.37050579990307797,TRUE,so2,M8: AugSynth_FE Centro (Bel. dropped),AugSynth_FE,2024-06-03
2024w24,0.9604989865384754,0.9138677405950318,0.04663124594344359,TRUE,so2,M8: AugSynth_FE Centro (Bel. dropped),AugSynth_FE,2024-06-10
2024w25,1.2069683133057345,1.4836605762814705,-0.276692262975736,TRUE,so2,M8: AugSynth_FE Centro (Bel. dropped),AugSynth_FE,2024-06-17
2024w26,1.1744410017198983,1.1370877389655654,0.03735326275433293,TRUE,so2,M8: AugSynth_FE Centro (Bel. dropped),AugSynth_FE,2024-06-24
2024w27,1.1364431475323367,1.345062924588958,-0.20861977705662138,TRUE,so2,M8: AugSynth_FE Centro (Bel. dropped),AugSynth_FE,2024-07-01
2024w28,1.2469365037580518,1.7156992444193153,-0.46876274066126355,TRUE,so2,M8: AugSynth_FE Centro (Bel. dropped),AugSynth_FE,2024-07-08
2024w29,0.961391559119251,1.2991368060562727,-0.3377452469370217,TRUE,so2,M8: AugSynth_FE Centro (Bel. dropped),AugSynth_FE,2024-07-15
2024w30,1.232074234436811,1.7874831971470775,-0.5554089627102665,TRUE,so2,M8: AugSynth_FE Centro (Bel. dropped),AugSynth_FE,2024-07-22
2024w31,1.247032293786383,0.9744178626977945,0.2726144310885884,TRUE,so2,M8: AugSynth_FE Centro (Bel. dropped),AugSynth_FE,2024-07-29
2024w32,1.597972434324822,1.6790057274744932,-0.08103329314967112,TRUE,so2,M8: AugSynth_FE Centro (Bel. dropped),AugSynth_FE,2024-08-05
2024w33,1.335509709281608,1.5019250880435926,-0.16641537876198464,TRUE,so2,M8: AugSynth_FE Centro (Bel. dropped),AugSynth_FE,2024-08-12
2024w34,1.6651248738483542,1.3099266162467877,0.3551982576015664,TRUE,so2,M8: AugSynth_FE Centro (Bel. dropped),AugSynth_FE,2024-08-19
2024w35,1.6955544447251658,1.2625232819584884,0.4330311627666774,TRUE,so2,M8: AugSynth_FE Centro (Bel. dropped),AugSynth_FE,2024-08-26
2024w36,1.4606284981725939,1.9120527541858343,-0.45142425601324043,TRUE,so2,M8: AugSynth_FE Centro (Bel. dropped),AugSynth_FE,2024-09-02
2024w37,1.490278930597786,1.882419609386544,-0.392140678788758,TRUE,so2,M8: AugSynth_FE Centro (Bel. dropped),AugSynth_FE,2024-09-09
2024w38,1.4593124538564626,1.6284895780546742,-0.16917712419821163,TRUE,so2,M8: AugSynth_FE Centro (Bel. dropped),AugSynth_FE,2024-09-16
2024w39,1.9064760798099063,1.9425357390950184,-0.03605965928511212,TRUE,so2,M8: AugSynth_FE Centro (Bel. dropped),AugSynth_FE,2024-09-23
2024w40,2.246085285754561,1.919909146177689,0.32617613957687186,TRUE,so2,M8: AugSynth_FE Centro (Bel. dropped),AugSynth_FE,2024-09-30
2024w41,2.131796772013764,1.9309227298041551,0.20087404220960892,TRUE,so2,M8: AugSynth_FE Centro (Bel. dropped),AugSynth_FE,2024-10-07
2024w42,1.210451770423645,1.675953081087576,-0.46550131066393097,TRUE,so2,M8: AugSynth_FE Centro (Bel. dropped),AugSynth_FE,2024-10-14
2024w43,1.656830274736701,2.0251285606235188,-0.3682982858868178,TRUE,so2,M8: AugSynth_FE Centro (Bel. dropped),AugSynth_FE,2024-10-21
2024w44,1.667455216581406,2.2269847080727057,-0.5595294914912996,TRUE,so2,M8: AugSynth_FE Centro (Bel. dropped),AugSynth_FE,2024-10-28
2024w45,2.1347579823505436,1.9850910311227767,0.14966695122776685,TRUE,so2,M8: AugSynth_FE Centro (Bel. dropped),AugSynth_FE,2024-11-04
2024w46,2.1676050325091407,2.1490763906267243,0.01852864188241643,TRUE,so2,M8: AugSynth_FE Centro (Bel. dropped),AugSynth_FE,2024-11-11
2024w47,2.0897218510873925,1.9645566078152412,0.12516524327215128,TRUE,so2,M8: AugSynth_FE Centro (Bel. dropped),AugSynth_FE,2024-11-18
2024w48,2.1075834830427165,2.1603084685838,-0.0527249855410834,TRUE,so2,M8: AugSynth_FE Centro (Bel. dropped),AugSynth_FE,2024-11-25
2024w49,1.9603764345208963,1.660042110692901,0.3003343238279952,TRUE,so2,M8: AugSynth_FE Centro (Bel. dropped),AugSynth_FE,2024-12-02
2024w50,2.0680013515372804,2.0637608302319386,0.0042405213053418045,TRUE,so2,M8: AugSynth_FE Centro (Bel. dropped),AugSynth_FE,2024-12-09
2024w51,1.934993637313963,1.8952107875550785,0.03978284975888435,TRUE,so2,M8: AugSynth_FE Centro (Bel. dropped),AugSynth_FE,2024-12-16
2024w52,2.2298710207052403,1.6015974462972182,0.6282735744080221,TRUE,so2,M8: AugSynth_FE Centro (Bel. dropped),AugSynth_FE,2024-12-23
2025w01,1.8160183834488397,1.7234661129248865,0.0925522705239532,TRUE,so2,M8: AugSynth_FE Centro (Bel. dropped),AugSynth_FE,2024-12-30
2025w02,2.236267211956397,1.9917570218344969,0.24451019012190023,TRUE,so2,M8: AugSynth_FE Centro (Bel. dropped),AugSynth_FE,2025-01-06
2025w03,1.9059657455298842,1.752957200998906,0.15300854453097812,TRUE,so2,M8: AugSynth_FE Centro (Bel. dropped),AugSynth_FE,2025-01-13
2025w04,2.0258649407764433,2.1286024821395904,-0.10273754136314706,TRUE,so2,M8: AugSynth_FE Centro (Bel. dropped),AugSynth_FE,2025-01-20
2025w05,2.132192107065365,1.8928366986695184,0.23935540839584646,TRUE,so2,M8: AugSynth_FE Centro (Bel. dropped),AugSynth_FE,2025-01-27
2025w06,2.3187864723320537,1.6346653115722478,0.6841211607598059,TRUE,so2,M8: AugSynth_FE Centro (Bel. dropped),AugSynth_FE,2025-02-03
2025w07,1.8031755387093396,1.4702364426795476,0.332939096029792,TRUE,so2,M8: AugSynth_FE Centro (Bel. dropped),AugSynth_FE,2025-02-10
2025w08,1.2494240672298533,1.0607343356738617,0.18868973155599167,TRUE,so2,M8: AugSynth_FE Centro (Bel. dropped),AugSynth_FE,2025-02-17
2025w09,1.5605977470146266,1.2226695009833575,0.33792824603126914,TRUE,so2,M8: AugSynth_FE Centro (Bel. dropped),AugSynth_FE,2025-02-24
2025w10,1.5603877144588085,1.068040235194001,0.4923474792648075,TRUE,so2,M8: AugSynth_FE Centro (Bel. dropped),AugSynth_FE,2025-03-03
2025w11,1.9206411799272272,1.2491876132190645,0.6714535667081627,TRUE,so2,M8: AugSynth_FE Centro (Bel. dropped),AugSynth_FE,2025-03-10
2025w12,1.5041514681069994,1.2095052967621318,0.2946461713448676,TRUE,so2,M8: AugSynth_FE Centro (Bel. dropped),AugSynth_FE,2025-03-17
2025w13,1.3308873538481523,1.3278197504906828,0.0030676033574694728,TRUE,so2,M8: AugSynth_FE Centro (Bel. dropped),AugSynth_FE,2025-03-24
2025w14,0.49400494603564715,1.2352720450580363,-0.7412670990223892,TRUE,so2,M8: AugSynth_FE Centro (Bel. dropped),AugSynth_FE,2025-03-31
2025w15,0.40582060046882246,1.305058499168815,-0.8992378986999925,TRUE,so2,M8: AugSynth_FE Centro (Bel. dropped),AugSynth_FE,2025-04-07
2025w16,1.220829921392359,1.5346201789392928,-0.3137902575469338,TRUE,so2,M8: AugSynth_FE Centro (Bel. dropped),AugSynth_FE,2025-04-14
2025w17,1.373496145556592,1.2863483739606716,0.08714777159592035,TRUE,so2,M8: AugSynth_FE Centro (Bel. dropped),AugSynth_FE,2025-04-21
2025w18,1.5817240738665845,1.2559388066214665,0.325785267245118,TRUE,so2,M8: AugSynth_FE Centro (Bel. dropped),AugSynth_FE,2025-04-28
2025w19,1.241750168659966,1.397725616404018,-0.15597544774405203,TRUE,so2,M8: AugSynth_FE Centro (Bel. dropped),AugSynth_FE,2025-05-05
2025w20,1.4097667173050328,1.3081814773974882,0.10158523990754453,TRUE,so2,M8: AugSynth_FE Centro (Bel. dropped),AugSynth_FE,2025-05-12
2025w21,1.4760588891531607,1.451815388141798,0.024243501011362856,TRUE,so2,M8: AugSynth_FE Centro (Bel. dropped),AugSynth_FE,2025-05-19
2025w22,1.6695290586443916,1.3851535391757905,0.28437551946860107,TRUE,so2,M8: AugSynth_FE Centro (Bel. dropped),AugSynth_FE,2025-05-26
2025w23,1.811652869455809,1.3682522953020035,0.4434005741538054,TRUE,so2,M8: AugSynth_FE Centro (Bel. dropped),AugSynth_FE,2025-06-02
2025w24,1.4191458292494148,1.4124274196966586,0.006718409552756155,TRUE,so2,M8: AugSynth_FE Centro (Bel. dropped),AugSynth_FE,2025-06-09
2025w25,1.0266387890430204,1.50808048135471,-0.48144169231168954,TRUE,so2,M8: AugSynth_FE Centro (Bel. dropped),AugSynth_FE,2025-06-16
2022w48,1.5235168499264609,2.082203377683462,-0.5586865277570012,FALSE,so2,M8b: AugSynth_FE Centro (Bel. in pool),AugSynth_FE,2022-11-28
2022w49,1.98481029801287,2.300912339031103,-0.31610204101823314,FALSE,so2,M8b: AugSynth_FE Centro (Bel. in pool),AugSynth_FE,2022-12-05
2022w50,1.787528308255787,1.9101006714592086,-0.12257236320342169,FALSE,so2,M8b: AugSynth_FE Centro (Bel. in pool),AugSynth_FE,2022-12-12
2022w51,1.7189497992144027,1.8267706931248349,-0.10782089391043215,FALSE,so2,M8b: AugSynth_FE Centro (Bel. in pool),AugSynth_FE,2022-12-19
2022w52,1.6495556590299894,1.5237468429808818,0.12580881604910754,FALSE,so2,M8b: AugSynth_FE Centro (Bel. in pool),AugSynth_FE,2022-12-26
2023w01,1.862890793335221,1.7275456521002668,0.13534514123495422,FALSE,so2,M8b: AugSynth_FE Centro (Bel. in pool),AugSynth_FE,2023-01-02
2023w02,1.8531158493878266,1.5964833328513777,0.2566325165364489,FALSE,so2,M8b: AugSynth_FE Centro (Bel. in pool),AugSynth_FE,2023-01-09
2023w03,1.8265365634304183,1.7106961765897764,0.1158403868406419,FALSE,so2,M8b: AugSynth_FE Centro (Bel. in pool),AugSynth_FE,2023-01-16
2023w04,1.8187259174578694,1.631756238845511,0.18696967861235847,FALSE,so2,M8b: AugSynth_FE Centro (Bel. in pool),AugSynth_FE,2023-01-23
2023w05,1.929393545436177,2.067280582077512,-0.13788703664133517,FALSE,so2,M8b: AugSynth_FE Centro (Bel. in pool),AugSynth_FE,2023-01-30
2023w06,2.0282710467696647,2.035913481421154,-0.007642434651489172,FALSE,so2,M8b: AugSynth_FE Centro (Bel. in pool),AugSynth_FE,2023-02-06
2023w07,1.9865492697123055,1.917300872357785,0.0692483973545206,FALSE,so2,M8b: AugSynth_FE Centro (Bel. in pool),AugSynth_FE,2023-02-13
2023w08,1.8057171614125376,1.668887448650921,0.13682971276161648,FALSE,so2,M8b: AugSynth_FE Centro (Bel. in pool),AugSynth_FE,2023-02-20
2023w09,1.8840043497385062,1.979328278057368,-0.09532392831886183,FALSE,so2,M8b: AugSynth_FE Centro (Bel. in pool),AugSynth_FE,2023-02-27
2023w10,1.7007400708408864,1.3916622722180925,0.30907779862279394,FALSE,so2,M8b: AugSynth_FE Centro (Bel. in pool),AugSynth_FE,2023-03-06
2023w11,1.7730975244394787,1.4808637860057434,0.29223373843373524,FALSE,so2,M8b: AugSynth_FE Centro (Bel. in pool),AugSynth_FE,2023-03-13
2023w12,1.8193205924314695,1.5730883843328696,0.24623220809859991,FALSE,so2,M8b: AugSynth_FE Centro (Bel. in pool),AugSynth_FE,2023-03-20
2023w13,1.7212773941896358,1.4462529989159691,0.2750243952736666,FALSE,so2,M8b: AugSynth_FE Centro (Bel. in pool),AugSynth_FE,2023-03-27
2023w14,1.8885836538635947,1.3915371948836452,0.4970464589799495,FALSE,so2,M8b: AugSynth_FE Centro (Bel. in pool),AugSynth_FE,2023-04-03
2023w15,1.8660936062807585,1.6153024431972403,0.25079116308351823,FALSE,so2,M8b: AugSynth_FE Centro (Bel. in pool),AugSynth_FE,2023-04-10
2023w16,1.5614374363789174,1.4271047145945444,0.13433272178437305,FALSE,so2,M8b: AugSynth_FE Centro (Bel. in pool),AugSynth_FE,2023-04-17
2023w17,1.8502903975290834,1.79254732828623,0.05774306924285333,FALSE,so2,M8b: AugSynth_FE Centro (Bel. in pool),AugSynth_FE,2023-04-24
2023w18,0.9120149370113666,1.2473852912230312,-0.3353703542116646,FALSE,so2,M8b: AugSynth_FE Centro (Bel. in pool),AugSynth_FE,2023-05-01
2023w19,1.4828159281105124,1.5578582190862822,-0.07504229097576975,FALSE,so2,M8b: AugSynth_FE Centro (Bel. in pool),AugSynth_FE,2023-05-08
2023w20,1.6577835333643822,1.7577448909622206,-0.09996135759783842,FALSE,so2,M8b: AugSynth_FE Centro (Bel. in pool),AugSynth_FE,2023-05-15
2023w21,1.4921547518193679,1.489619787213343,0.00253496460602487,FALSE,so2,M8b: AugSynth_FE Centro (Bel. in pool),AugSynth_FE,2023-05-22
2023w22,1.5614374363789174,1.4463836379390465,0.11505379843987096,FALSE,so2,M8b: AugSynth_FE Centro (Bel. in pool),AugSynth_FE,2023-05-29
2023w23,1.6950649984015373,1.5484494890120815,0.1466155093894559,FALSE,so2,M8b: AugSynth_FE Centro (Bel. in pool),AugSynth_FE,2023-06-05
2023w24,1.4931287900337171,1.4569542206648796,0.03617456936883756,FALSE,so2,M8b: AugSynth_FE Centro (Bel. in pool),AugSynth_FE,2023-06-12
2023w25,1.2747108188312777,1.352489461609268,-0.07777864277799029,FALSE,so2,M8b: AugSynth_FE Centro (Bel. in pool),AugSynth_FE,2023-06-19
2023w26,1.4476246162714965,1.4467130857764234,9.115304950730874e-4,FALSE,so2,M8b: AugSynth_FE Centro (Bel. in pool),AugSynth_FE,2023-06-26
2023w27,1.6049612404070217,1.405812333905526,0.19914890650149575,FALSE,so2,M8b: AugSynth_FE Centro (Bel. in pool),AugSynth_FE,2023-07-03
2023w28,1.6213006049766125,1.6258998126510347,-0.004599207674422123,FALSE,so2,M8b: AugSynth_FE Centro (Bel. in pool),AugSynth_FE,2023-07-10
2023w29,1.2210265588917635,1.2834917629846623,-0.062465204092898796,FALSE,so2,M8b: AugSynth_FE Centro (Bel. in pool),AugSynth_FE,2023-07-17
2023w30,1.3566938913436,1.412706333816327,-0.056012442472727075,FALSE,so2,M8b: AugSynth_FE Centro (Bel. in pool),AugSynth_FE,2023-07-24
2023w31,0.8107820570931598,1.2366988106708516,-0.4259167535776919,FALSE,so2,M8b: AugSynth_FE Centro (Bel. in pool),AugSynth_FE,2023-07-31
2023w32,0.6554453133759338,1.1897347366899877,-0.5342894233140539,FALSE,so2,M8b: AugSynth_FE Centro (Bel. in pool),AugSynth_FE,2023-08-07
2023w33,1.3871273474237824,1.432250180636151,-0.04512283321236854,FALSE,so2,M8b: AugSynth_FE Centro (Bel. in pool),AugSynth_FE,2023-08-14
2023w34,1.4820589831042699,1.3668771979559635,0.11518178514830635,FALSE,so2,M8b: AugSynth_FE Centro (Bel. in pool),AugSynth_FE,2023-08-21
2023w35,0.9741822102899327,1.4104198418718215,-0.4362376315818888,FALSE,so2,M8b: AugSynth_FE Centro (Bel. in pool),AugSynth_FE,2023-08-28
2023w36,1.15415210934198,1.6312634200157061,-0.47711131067372614,FALSE,so2,M8b: AugSynth_FE Centro (Bel. in pool),AugSynth_FE,2023-09-04
2023w37,1.2478939913838643,1.6165732358594203,-0.368679244475556,FALSE,so2,M8b: AugSynth_FE Centro (Bel. in pool),AugSynth_FE,2023-09-11
2023w38,1.573672555987358,1.438252106031541,0.13542044995581692,FALSE,so2,M8b: AugSynth_FE Centro (Bel. in pool),AugSynth_FE,2023-09-18
2023w39,1.779068163109745,1.7034367481851913,0.07563141492455361,FALSE,so2,M8b: AugSynth_FE Centro (Bel. in pool),AugSynth_FE,2023-09-25
2023w40,1.846352867832228,1.8288565884918482,0.017496279340379894,FALSE,so2,M8b: AugSynth_FE Centro (Bel. in pool),AugSynth_FE,2023-10-02
2023w41,1.6598775091921698,1.6235227052079577,0.03635480398421209,FALSE,so2,M8b: AugSynth_FE Centro (Bel. in pool),AugSynth_FE,2023-10-09
2023w42,1.6864606800601714,1.8870818672719523,-0.2006211872117809,FALSE,so2,M8b: AugSynth_FE Centro (Bel. in pool),AugSynth_FE,2023-10-16
2023w43,1.4719367459116133,1.4355164721478124,0.03642027376380086,FALSE,so2,M8b: AugSynth_FE Centro (Bel. in pool),AugSynth_FE,2023-10-23
2023w44,2.0999628649005837,1.7628909016849474,0.33707196321563626,FALSE,so2,M8b: AugSynth_FE Centro (Bel. in pool),AugSynth_FE,2023-10-30
2023w45,1.122979645116404,1.389248886681311,-0.26626924156490706,FALSE,so2,M8b: AugSynth_FE Centro (Bel. in pool),AugSynth_FE,2023-11-06
2023w46,1.6255080926115948,1.542491056856546,0.08301703575504882,FALSE,so2,M8b: AugSynth_FE Centro (Bel. in pool),AugSynth_FE,2023-11-13
2023w47,1.5309717391546673,1.3210641190554628,0.2099076200992045,FALSE,so2,M8b: AugSynth_FE Centro (Bel. in pool),AugSynth_FE,2023-11-20
2023w48,1.7740479872958872,1.598632744276688,0.1754152430191993,FALSE,so2,M8b: AugSynth_FE Centro (Bel. in pool),AugSynth_FE,2023-11-27
2023w49,1.5292396371049881,1.8976223419700078,-0.36838270486501967,TRUE,so2,M8b: AugSynth_FE Centro (Bel. in pool),AugSynth_FE,2023-12-04
2023w50,1.852802304234756,1.5496006635235853,0.3032016407111706,TRUE,so2,M8b: AugSynth_FE Centro (Bel. in pool),AugSynth_FE,2023-12-11
2023w51,1.7697410555560509,1.7221368289319752,0.04760422662407571,TRUE,so2,M8b: AugSynth_FE Centro (Bel. in pool),AugSynth_FE,2023-12-18
2023w52,1.2127739602790046,1.0493069563035533,0.16346700397545133,TRUE,so2,M8b: AugSynth_FE Centro (Bel. in pool),AugSynth_FE,2023-12-25
2024w01,1.8873221424057702,1.5945348415393361,0.2927873008664341,TRUE,so2,M8b: AugSynth_FE Centro (Bel. in pool),AugSynth_FE,2024-01-01
2024w02,1.6550484236861527,1.5282787698020635,0.12676965388408923,TRUE,so2,M8b: AugSynth_FE Centro (Bel. in pool),AugSynth_FE,2024-01-08
2024w03,1.6677697116621502,1.2449625775133988,0.4228071341487514,TRUE,so2,M8b: AugSynth_FE Centro (Bel. in pool),AugSynth_FE,2024-01-15
2024w04,1.41455782639275,1.2586617708611942,0.15589605553155583,TRUE,so2,M8b: AugSynth_FE Centro (Bel. in pool),AugSynth_FE,2024-01-22
2024w05,1.6113693792838475,1.5757365117042554,0.035632867579592054,TRUE,so2,M8b: AugSynth_FE Centro (Bel. in pool),AugSynth_FE,2024-01-29
2024w06,1.701469997880594,1.5423102882867106,0.15915970959388348,TRUE,so2,M8b: AugSynth_FE Centro (Bel. in pool),AugSynth_FE,2024-02-05
2024w07,1.086089763669219,0.9033308586137099,0.18275890505550918,TRUE,so2,M8b: AugSynth_FE Centro (Bel. in pool),AugSynth_FE,2024-02-12
2024w08,1.4741220714854109,1.1983505607434068,0.275771510742004,TRUE,so2,M8b: AugSynth_FE Centro (Bel. in pool),AugSynth_FE,2024-02-19
2024w09,1.896869953630672,1.590057397736193,0.306812555894479,TRUE,so2,M8b: AugSynth_FE Centro (Bel. in pool),AugSynth_FE,2024-02-26
2024w10,1.7415182527913082,1.5604718480360518,0.18104640475525646,TRUE,so2,M8b: AugSynth_FE Centro (Bel. in pool),AugSynth_FE,2024-03-04
2024w11,1.7350715329314825,1.614532157827729,0.12053937510375357,TRUE,so2,M8b: AugSynth_FE Centro (Bel. in pool),AugSynth_FE,2024-03-11
2024w12,1.826643871081557,1.9992664003326512,-0.17262252925109434,TRUE,so2,M8b: AugSynth_FE Centro (Bel. in pool),AugSynth_FE,2024-03-18
2024w13,2.083059987202547,2.0113244814630953,0.07173550573945153,TRUE,so2,M8b: AugSynth_FE Centro (Bel. in pool),AugSynth_FE,2024-03-25
2024w14,2.045798577257244,1.4812167344499956,0.5645818428072482,TRUE,so2,M8b: AugSynth_FE Centro (Bel. in pool),AugSynth_FE,2024-04-01
2024w15,1.8788032530999834,1.785210820228522,0.09359243287146146,TRUE,so2,M8b: AugSynth_FE Centro (Bel. in pool),AugSynth_FE,2024-04-08
2024w16,1.9260232324926074,2.071765555382705,-0.14574232289009736,TRUE,so2,M8b: AugSynth_FE Centro (Bel. in pool),AugSynth_FE,2024-04-15
2024w17,2.018142213133331,1.9911368942820746,0.027005318851256455,TRUE,so2,M8b: AugSynth_FE Centro (Bel. in pool),AugSynth_FE,2024-04-22
2024w18,1.692307390256395,1.890274049117078,-0.197966658860683,TRUE,so2,M8b: AugSynth_FE Centro (Bel. in pool),AugSynth_FE,2024-04-29
2024w19,1.87139183631315,1.8851630932144356,-0.013771256901285556,TRUE,so2,M8b: AugSynth_FE Centro (Bel. in pool),AugSynth_FE,2024-05-06
2024w20,1.665704817887403,1.9846982938675353,-0.3189934759801323,TRUE,so2,M8b: AugSynth_FE Centro (Bel. in pool),AugSynth_FE,2024-05-13
2024w21,0.8243216311107514,1.598655785186139,-0.7743341540753875,TRUE,so2,M8b: AugSynth_FE Centro (Bel. in pool),AugSynth_FE,2024-05-20
2024w22,0.8106338760156122,1.3197673517763895,-0.5091334757607773,TRUE,so2,M8b: AugSynth_FE Centro (Bel. in pool),AugSynth_FE,2024-05-27
2024w23,0.6241543090729939,1.3781396748809316,-0.7539853658079377,TRUE,so2,M8b: AugSynth_FE Centro (Bel. in pool),AugSynth_FE,2024-06-03
2024w24,0.9604989865384754,1.4135576427025147,-0.4530586561640393,TRUE,so2,M8b: AugSynth_FE Centro (Bel. in pool),AugSynth_FE,2024-06-10
2024w25,1.2069683133057345,1.6643859450413436,-0.4574176317356091,TRUE,so2,M8b: AugSynth_FE Centro (Bel. in pool),AugSynth_FE,2024-06-17
2024w26,1.1744410017198983,1.2818317583055907,-0.10739075658569242,TRUE,so2,M8b: AugSynth_FE Centro (Bel. in pool),AugSynth_FE,2024-06-24
2024w27,1.1364431475323367,1.3234049625129785,-0.1869618149806418,TRUE,so2,M8b: AugSynth_FE Centro (Bel. in pool),AugSynth_FE,2024-07-01
2024w28,1.2469365037580518,1.6667026725977165,-0.4197661688396648,TRUE,so2,M8b: AugSynth_FE Centro (Bel. in pool),AugSynth_FE,2024-07-08
2024w29,0.961391559119251,1.2993410968942982,-0.3379495377750472,TRUE,so2,M8b: AugSynth_FE Centro (Bel. in pool),AugSynth_FE,2024-07-15
2024w30,1.232074234436811,1.7495485167998097,-0.5174742823629987,TRUE,so2,M8b: AugSynth_FE Centro (Bel. in pool),AugSynth_FE,2024-07-22
2024w31,1.247032293786383,1.513771224974051,-0.266738931187668,TRUE,so2,M8b: AugSynth_FE Centro (Bel. in pool),AugSynth_FE,2024-07-29
2024w32,1.597972434324822,1.8879441147175178,-0.2899716803926957,TRUE,so2,M8b: AugSynth_FE Centro (Bel. in pool),AugSynth_FE,2024-08-05
2024w33,1.335509709281608,1.5056899565516415,-0.17018024727003356,TRUE,so2,M8b: AugSynth_FE Centro (Bel. in pool),AugSynth_FE,2024-08-12
2024w34,1.6651248738483542,1.4962534151144506,0.16887145873390352,TRUE,so2,M8b: AugSynth_FE Centro (Bel. in pool),AugSynth_FE,2024-08-19
2024w35,1.6955544447251658,1.3557609746633699,0.33979347006179594,TRUE,so2,M8b: AugSynth_FE Centro (Bel. in pool),AugSynth_FE,2024-08-26
2024w36,1.4606284981725939,1.6336900659919376,-0.17306156781934368,TRUE,so2,M8b: AugSynth_FE Centro (Bel. in pool),AugSynth_FE,2024-09-02
2024w37,1.490278930597786,1.7134091204200912,-0.22313018982230526,TRUE,so2,M8b: AugSynth_FE Centro (Bel. in pool),AugSynth_FE,2024-09-09
2024w38,1.4593124538564626,1.5805818271820018,-0.12126937332553922,TRUE,so2,M8b: AugSynth_FE Centro (Bel. in pool),AugSynth_FE,2024-09-16
2024w39,1.9064760798099063,2.089927388681026,-0.1834513088711196,TRUE,so2,M8b: AugSynth_FE Centro (Bel. in pool),AugSynth_FE,2024-09-23
2024w40,2.246085285754561,2.2282348808384724,0.017850404916088358,TRUE,so2,M8b: AugSynth_FE Centro (Bel. in pool),AugSynth_FE,2024-09-30
2024w41,2.131796772013764,2.4244730695560843,-0.2926762975423203,TRUE,so2,M8b: AugSynth_FE Centro (Bel. in pool),AugSynth_FE,2024-10-07
2024w42,1.210451770423645,1.8694729287241,-0.659021158300455,TRUE,so2,M8b: AugSynth_FE Centro (Bel. in pool),AugSynth_FE,2024-10-14
2024w43,1.656830274736701,2.193941731734925,-0.5371114569982238,TRUE,so2,M8b: AugSynth_FE Centro (Bel. in pool),AugSynth_FE,2024-10-21
2024w44,1.667455216581406,1.9410994174441516,-0.27364420086274555,TRUE,so2,M8b: AugSynth_FE Centro (Bel. in pool),AugSynth_FE,2024-10-28
2024w45,2.1347579823505436,2.1636966641987474,-0.028938681848203807,TRUE,so2,M8b: AugSynth_FE Centro (Bel. in pool),AugSynth_FE,2024-11-04
2024w46,2.1676050325091407,2.128285006030402,0.03932002647873878,TRUE,so2,M8b: AugSynth_FE Centro (Bel. in pool),AugSynth_FE,2024-11-11
2024w47,2.0897218510873925,2.135336989881296,-0.045615138793903665,TRUE,so2,M8b: AugSynth_FE Centro (Bel. in pool),AugSynth_FE,2024-11-18
2024w48,2.1075834830427165,2.2771028625872565,-0.16951937954454,TRUE,so2,M8b: AugSynth_FE Centro (Bel. in pool),AugSynth_FE,2024-11-25
2024w49,1.9603764345208963,1.6798675394044684,0.28050889511642785,TRUE,so2,M8b: AugSynth_FE Centro (Bel. in pool),AugSynth_FE,2024-12-02
2024w50,2.0680013515372804,1.8841914183655122,0.1838099331717682,TRUE,so2,M8b: AugSynth_FE Centro (Bel. in pool),AugSynth_FE,2024-12-09
2024w51,1.934993637313963,1.7290155108295184,0.20597812648444447,TRUE,so2,M8b: AugSynth_FE Centro (Bel. in pool),AugSynth_FE,2024-12-16
2024w52,2.2298710207052403,1.908332166590028,0.32153885411521244,TRUE,so2,M8b: AugSynth_FE Centro (Bel. in pool),AugSynth_FE,2024-12-23
2025w01,1.8160183834488397,1.531618694507964,0.28439968894087575,TRUE,so2,M8b: AugSynth_FE Centro (Bel. in pool),AugSynth_FE,2024-12-30
2025w02,2.236267211956397,1.9692970581190719,0.26697015383732525,TRUE,so2,M8b: AugSynth_FE Centro (Bel. in pool),AugSynth_FE,2025-01-06
2025w03,1.9059657455298842,1.6939177328375388,0.2120480126923454,TRUE,so2,M8b: AugSynth_FE Centro (Bel. in pool),AugSynth_FE,2025-01-13
2025w04,2.0258649407764433,1.8392155395729999,0.18664940120344342,TRUE,so2,M8b: AugSynth_FE Centro (Bel. in pool),AugSynth_FE,2025-01-20
2025w05,2.132192107065365,1.7538806972363306,0.37831140982903433,TRUE,so2,M8b: AugSynth_FE Centro (Bel. in pool),AugSynth_FE,2025-01-27
2025w06,2.3187864723320537,1.7724704356028593,0.5463160367291944,TRUE,so2,M8b: AugSynth_FE Centro (Bel. in pool),AugSynth_FE,2025-02-03
2025w07,1.8031755387093396,0.586996683900713,1.2161788548086265,TRUE,so2,M8b: AugSynth_FE Centro (Bel. in pool),AugSynth_FE,2025-02-10
2025w08,1.2494240672298533,0.6658735183636806,0.5835505488661727,TRUE,so2,M8b: AugSynth_FE Centro (Bel. in pool),AugSynth_FE,2025-02-17
2025w09,1.5605977470146266,0.9064807859465873,0.6541169610680393,TRUE,so2,M8b: AugSynth_FE Centro (Bel. in pool),AugSynth_FE,2025-02-24
2025w10,1.5603877144588085,0.6258785111081095,0.934509203350699,TRUE,so2,M8b: AugSynth_FE Centro (Bel. in pool),AugSynth_FE,2025-03-03
2025w11,1.9206411799272272,0.9557766548393116,0.9648645250879155,TRUE,so2,M8b: AugSynth_FE Centro (Bel. in pool),AugSynth_FE,2025-03-10
2025w12,1.5041514681069994,1.111684355494825,0.3924671126121744,TRUE,so2,M8b: AugSynth_FE Centro (Bel. in pool),AugSynth_FE,2025-03-17
2025w13,1.3308873538481523,1.2393407125892828,0.09154664125886947,TRUE,so2,M8b: AugSynth_FE Centro (Bel. in pool),AugSynth_FE,2025-03-24
2025w14,0.49400494603564715,1.0685247451984887,-0.5745197991628416,TRUE,so2,M8b: AugSynth_FE Centro (Bel. in pool),AugSynth_FE,2025-03-31
2025w15,0.40582060046882246,1.0157661025952673,-0.6099455021264448,TRUE,so2,M8b: AugSynth_FE Centro (Bel. in pool),AugSynth_FE,2025-04-07
2025w16,1.220829921392359,1.2328770683980905,-0.012047147005731507,TRUE,so2,M8b: AugSynth_FE Centro (Bel. in pool),AugSynth_FE,2025-04-14
2025w17,1.373496145556592,1.260282223613389,0.1132139219432029,TRUE,so2,M8b: AugSynth_FE Centro (Bel. in pool),AugSynth_FE,2025-04-21
2025w18,1.5817240738665845,1.1119978533445167,0.4697262205220678,TRUE,so2,M8b: AugSynth_FE Centro (Bel. in pool),AugSynth_FE,2025-04-28
2025w19,1.241750168659966,1.1589180128313603,0.08283215582860559,TRUE,so2,M8b: AugSynth_FE Centro (Bel. in pool),AugSynth_FE,2025-05-05
2025w20,1.4097667173050328,0.9408621227007876,0.46890459460424516,TRUE,so2,M8b: AugSynth_FE Centro (Bel. in pool),AugSynth_FE,2025-05-12
2025w21,1.4760588891531607,1.0814225633704497,0.394636325782711,TRUE,so2,M8b: AugSynth_FE Centro (Bel. in pool),AugSynth_FE,2025-05-19
2025w22,1.6695290586443916,0.925411925591023,0.7441171330533686,TRUE,so2,M8b: AugSynth_FE Centro (Bel. in pool),AugSynth_FE,2025-05-26
2025w23,1.811652869455809,1.0394951768033915,0.7721576926524174,TRUE,so2,M8b: AugSynth_FE Centro (Bel. in pool),AugSynth_FE,2025-06-02
2025w24,1.4191458292494148,0.9914653774130987,0.4276804518363161,TRUE,so2,M8b: AugSynth_FE Centro (Bel. in pool),AugSynth_FE,2025-06-09
2025w25,1.0266387890430204,0.8204511658002657,0.20618762324275475,TRUE,so2,M8b: AugSynth_FE Centro (Bel. in pool),AugSynth_FE,2025-06-16
2022w48,1.9363406980391624,1.7880148928716246,0.1483258051675378,FALSE,so2,M9: AugSynth_FE Belisario (Centro dropped),AugSynth_FE,2022-11-28
2022w49,2.194702882014925,2.0120690468620155,0.18263383515290954,FALSE,so2,M9: AugSynth_FE Belisario (Centro dropped),AugSynth_FE,2022-12-05
2022w50,1.7383000878770183,1.9113782097199574,-0.17307812184293914,FALSE,so2,M9: AugSynth_FE Belisario (Centro dropped),AugSynth_FE,2022-12-12
2022w51,1.7500690421738458,1.8532187532310593,-0.10314971105721349,FALSE,so2,M9: AugSynth_FE Belisario (Centro dropped),AugSynth_FE,2022-12-19
2022w52,1.3413841601488963,1.871161079033147,-0.5297769188842507,FALSE,so2,M9: AugSynth_FE Belisario (Centro dropped),AugSynth_FE,2022-12-26
2023w01,1.5778784435263344,1.7449046057060509,-0.16702616217971644,FALSE,so2,M9: AugSynth_FE Belisario (Centro dropped),AugSynth_FE,2023-01-02
2023w02,1.4548093406568945,1.5593721692768354,-0.10456282861994093,FALSE,so2,M9: AugSynth_FE Belisario (Centro dropped),AugSynth_FE,2023-01-09
2023w03,1.5162987076904768,1.7412684088582722,-0.22496970116779536,FALSE,so2,M9: AugSynth_FE Belisario (Centro dropped),AugSynth_FE,2023-01-16
2023w04,1.4590800308455383,1.7499462712480287,-0.29086624040249043,FALSE,so2,M9: AugSynth_FE Belisario (Centro dropped),AugSynth_FE,2023-01-23
2023w05,1.9378299731336681,1.8350575244200922,0.10277244871357594,FALSE,so2,M9: AugSynth_FE Belisario (Centro dropped),AugSynth_FE,2023-01-30
2023w06,1.83598898488165,1.7553769116825282,0.08061207319912178,FALSE,so2,M9: AugSynth_FE Belisario (Centro dropped),AugSynth_FE,2023-02-06
2023w07,1.789701798118589,1.5545391082889064,0.23516268982968258,FALSE,so2,M9: AugSynth_FE Belisario (Centro dropped),AugSynth_FE,2023-02-13
2023w08,1.4989531792588286,1.4019616160248576,0.09699156323397107,FALSE,so2,M9: AugSynth_FE Belisario (Centro dropped),AugSynth_FE,2023-02-20
2023w09,1.8267511672189989,1.671141551603475,0.15560961561552378,FALSE,so2,M9: AugSynth_FE Belisario (Centro dropped),AugSynth_FE,2023-02-27
2023w10,1.3387659006674681,0.9914739475771974,0.3472919530902707,FALSE,so2,M9: AugSynth_FE Belisario (Centro dropped),AugSynth_FE,2023-03-06
2023w11,1.3792697461829262,1.2956504492885963,0.0836192968943299,FALSE,so2,M9: AugSynth_FE Belisario (Centro dropped),AugSynth_FE,2023-03-13
2023w12,1.4365120772805082,1.4135202972796275,0.022991780000880757,FALSE,so2,M9: AugSynth_FE Belisario (Centro dropped),AugSynth_FE,2023-03-20
2023w13,1.3645598689738845,1.2557648208561842,0.10879504811770024,FALSE,so2,M9: AugSynth_FE Belisario (Centro dropped),AugSynth_FE,2023-03-27
2023w14,1.3210444759117734,1.1914059000184363,0.12963857589333716,FALSE,so2,M9: AugSynth_FE Belisario (Centro dropped),AugSynth_FE,2023-04-03
2023w15,1.52199007657379,1.3987421520851868,0.12324792448860311,FALSE,so2,M9: AugSynth_FE Belisario (Centro dropped),AugSynth_FE,2023-04-10
2023w16,1.366006616173169,1.253601630899433,0.11240498527373588,FALSE,so2,M9: AugSynth_FE Belisario (Centro dropped),AugSynth_FE,2023-04-17
2023w17,1.6629786793621302,1.5463323836075555,0.11664629575457464,FALSE,so2,M9: AugSynth_FE Belisario (Centro dropped),AugSynth_FE,2023-04-24
2023w18,1.1355868914594711,1.3490911042854548,-0.21350421282598364,FALSE,so2,M9: AugSynth_FE Belisario (Centro dropped),AugSynth_FE,2023-05-01
2023w19,1.459854564227919,1.5197585736205073,-0.05990400939258822,FALSE,so2,M9: AugSynth_FE Belisario (Centro dropped),AugSynth_FE,2023-05-08
2023w20,1.6654401025493852,1.5757601549364797,0.08967994761290554,FALSE,so2,M9: AugSynth_FE Belisario (Centro dropped),AugSynth_FE,2023-05-15
2023w21,1.3935182062092102,1.080613046145317,0.31290516006389324,FALSE,so2,M9: AugSynth_FE Belisario (Centro dropped),AugSynth_FE,2023-05-22
2023w22,1.3484194086909642,1.0333708273706037,0.3150485813203605,FALSE,so2,M9: AugSynth_FE Belisario (Centro dropped),AugSynth_FE,2023-05-29
2023w23,1.4423595850528395,1.1695345647919886,0.27282502026085087,FALSE,so2,M9: AugSynth_FE Belisario (Centro dropped),AugSynth_FE,2023-06-05
2023w24,1.3582377633373655,1.3502097160096174,0.008028047327748089,FALSE,so2,M9: AugSynth_FE Belisario (Centro dropped),AugSynth_FE,2023-06-12
2023w25,1.2427126326418665,1.1353415001793796,0.10737113246248686,FALSE,so2,M9: AugSynth_FE Belisario (Centro dropped),AugSynth_FE,2023-06-19
2023w26,1.341819871018061,1.2448251958025565,0.09699467521550464,FALSE,so2,M9: AugSynth_FE Belisario (Centro dropped),AugSynth_FE,2023-06-26
2023w27,1.347033647166588,1.1445315886753757,0.20250205849121228,FALSE,so2,M9: AugSynth_FE Belisario (Centro dropped),AugSynth_FE,2023-07-03
2023w28,1.5387292841636457,1.4405866181798466,0.09814266598379917,FALSE,so2,M9: AugSynth_FE Belisario (Centro dropped),AugSynth_FE,2023-07-10
2023w29,1.2723788369899964,0.995632416062721,0.2767464209272754,FALSE,so2,M9: AugSynth_FE Belisario (Centro dropped),AugSynth_FE,2023-07-17
2023w30,1.3459063002146026,1.2146711853295937,0.13123511488500883,FALSE,so2,M9: AugSynth_FE Belisario (Centro dropped),AugSynth_FE,2023-07-24
2023w31,1.2203381584122002,1.1317492772417272,0.08858888117047292,FALSE,so2,M9: AugSynth_FE Belisario (Centro dropped),AugSynth_FE,2023-07-31
2023w32,1.0628699633479357,1.3137540082666515,-0.25088404491871574,FALSE,so2,M9: AugSynth_FE Belisario (Centro dropped),AugSynth_FE,2023-08-07
2023w33,1.3017345221084318,1.349204378632035,-0.04746985652360314,FALSE,so2,M9: AugSynth_FE Belisario (Centro dropped),AugSynth_FE,2023-08-14
2023w34,1.2374075804121734,1.258491334829805,-0.02108375441763166,FALSE,so2,M9: AugSynth_FE Belisario (Centro dropped),AugSynth_FE,2023-08-21
2023w35,1.2928990135203375,1.4219930707158648,-0.12909405719552725,FALSE,so2,M9: AugSynth_FE Belisario (Centro dropped),AugSynth_FE,2023-08-28
2023w36,1.4606284981725939,1.6802903836373344,-0.21966188546474053,FALSE,so2,M9: AugSynth_FE Belisario (Centro dropped),AugSynth_FE,2023-09-04
2023w37,1.4667216102325051,1.6398706928085205,-0.17314908257601536,FALSE,so2,M9: AugSynth_FE Belisario (Centro dropped),AugSynth_FE,2023-09-11
2023w38,1.2508563902247865,1.1263315355820347,0.12452485464275176,FALSE,so2,M9: AugSynth_FE Belisario (Centro dropped),AugSynth_FE,2023-09-18
2023w39,1.5050398963878393,1.260562619467068,0.24447727692077126,FALSE,so2,M9: AugSynth_FE Belisario (Centro dropped),AugSynth_FE,2023-09-25
2023w40,1.6827503301230329,1.233957427741545,0.44879290238148783,FALSE,so2,M9: AugSynth_FE Belisario (Centro dropped),AugSynth_FE,2023-10-02
2023w41,1.4019216170055897,1.9390640407975899,-0.5371424237920002,FALSE,so2,M9: AugSynth_FE Belisario (Centro dropped),AugSynth_FE,2023-10-09
2023w42,1.6825024832911055,1.9661286137157437,-0.28362613042463813,FALSE,so2,M9: AugSynth_FE Belisario (Centro dropped),AugSynth_FE,2023-10-16
2023w43,1.2387606298116,1.5701389102229242,-0.3313782804113241,FALSE,so2,M9: AugSynth_FE Belisario (Centro dropped),AugSynth_FE,2023-10-23
2023w44,1.479101410706097,1.5577189129664963,-0.07861750226039943,FALSE,so2,M9: AugSynth_FE Belisario (Centro dropped),AugSynth_FE,2023-10-30
2023w45,1.1890621915901818,1.9182302782582217,-0.7291680866680399,FALSE,so2,M9: AugSynth_FE Belisario (Centro dropped),AugSynth_FE,2023-11-06
2023w46,1.426876326835537,1.5054678334594416,-0.07859150662390468,FALSE,so2,M9: AugSynth_FE Belisario (Centro dropped),AugSynth_FE,2023-11-13
2023w47,1.1611070560964447,1.1317798714163256,0.02932718468011908,FALSE,so2,M9: AugSynth_FE Belisario (Centro dropped),AugSynth_FE,2023-11-20
2023w48,1.3526513966972986,1.4998806938202491,-0.14722929712295052,FALSE,so2,M9: AugSynth_FE Belisario (Centro dropped),AugSynth_FE,2023-11-27
2023w49,1.7602688021366841,1.4987817076212924,0.26148709451539176,TRUE,so2,M9: AugSynth_FE Belisario (Centro dropped),AugSynth_FE,2023-12-04
2023w50,1.310672422984992,1.5574090456375411,-0.24673662265254914,TRUE,so2,M9: AugSynth_FE Belisario (Centro dropped),AugSynth_FE,2023-12-11
2023w51,1.5832308202649263,1.4675821858708116,0.11564863439411477,TRUE,so2,M9: AugSynth_FE Belisario (Centro dropped),AugSynth_FE,2023-12-18
2023w52,0.8586616190375187,0.9025113875329782,-0.04384976849545952,TRUE,so2,M9: AugSynth_FE Belisario (Centro dropped),AugSynth_FE,2023-12-25
2024w01,1.4387286709683118,1.3436408691542083,0.09508780181410348,TRUE,so2,M9: AugSynth_FE Belisario (Centro dropped),AugSynth_FE,2024-01-01
2024w02,1.3649856001736391,1.386249739192995,-0.021264139019355977,TRUE,so2,M9: AugSynth_FE Belisario (Centro dropped),AugSynth_FE,2024-01-08
2024w03,1.0254440457706775,1.394785445731954,-0.36934139996127646,TRUE,so2,M9: AugSynth_FE Belisario (Centro dropped),AugSynth_FE,2024-01-15
2024w04,1.108892598075666,1.3893723794527886,-0.2804797813771225,TRUE,so2,M9: AugSynth_FE Belisario (Centro dropped),AugSynth_FE,2024-01-22
2024w05,1.3811980636951415,1.4754223380515445,-0.09422427435640301,TRUE,so2,M9: AugSynth_FE Belisario (Centro dropped),AugSynth_FE,2024-01-29
2024w06,1.3250393323053797,1.5862174074643318,-0.2611780751589521,TRUE,so2,M9: AugSynth_FE Belisario (Centro dropped),AugSynth_FE,2024-02-05
2024w07,0.7275486072772777,1.2291390951108432,-0.5015904878335655,TRUE,so2,M9: AugSynth_FE Belisario (Centro dropped),AugSynth_FE,2024-02-12
2024w08,1.021491234730616,1.3485957368405537,-0.3271045021099377,TRUE,so2,M9: AugSynth_FE Belisario (Centro dropped),AugSynth_FE,2024-02-19
2024w09,1.421661504957182,1.523374704159561,-0.1017131992023792,TRUE,so2,M9: AugSynth_FE Belisario (Centro dropped),AugSynth_FE,2024-02-26
2024w10,1.3833734326922271,1.5524979112900015,-0.16912447859777435,TRUE,so2,M9: AugSynth_FE Belisario (Centro dropped),AugSynth_FE,2024-03-04
2024w11,1.4436981152318238,1.566999642089788,-0.12330152685796425,TRUE,so2,M9: AugSynth_FE Belisario (Centro dropped),AugSynth_FE,2024-03-11
2024w12,1.8782225477814178,1.662180596429436,0.2160419513519818,TRUE,so2,M9: AugSynth_FE Belisario (Centro dropped),AugSynth_FE,2024-03-18
2024w13,1.8276091221217523,1.580373109358636,0.24723601276311635,TRUE,so2,M9: AugSynth_FE Belisario (Centro dropped),AugSynth_FE,2024-03-25
2024w14,1.3685546046418808,1.3723949627092975,-0.0038403580674166715,TRUE,so2,M9: AugSynth_FE Belisario (Centro dropped),AugSynth_FE,2024-04-01
2024w15,1.5718744918791347,2.065727254427504,-0.4938527625483691,TRUE,so2,M9: AugSynth_FE Belisario (Centro dropped),AugSynth_FE,2024-04-08
2024w16,1.9588028700734657,1.8472529007681853,0.11154996930528038,TRUE,so2,M9: AugSynth_FE Belisario (Centro dropped),AugSynth_FE,2024-04-15
2024w17,1.7454246216336875,1.839341113908004,-0.09391649227431653,TRUE,so2,M9: AugSynth_FE Belisario (Centro dropped),AugSynth_FE,2024-04-22
2024w18,1.7436190939001202,1.683716491540519,0.05990260235960121,TRUE,so2,M9: AugSynth_FE Belisario (Centro dropped),AugSynth_FE,2024-04-29
2024w19,1.7407585297614583,1.782688218543957,-0.0419296887824987,TRUE,so2,M9: AugSynth_FE Belisario (Centro dropped),AugSynth_FE,2024-05-06
2024w20,1.8467736104491428,1.8384266019772493,0.008347008471893513,TRUE,so2,M9: AugSynth_FE Belisario (Centro dropped),AugSynth_FE,2024-05-13
2024w21,1.4215006168545101,1.5706650302940617,-0.14916441343955156,TRUE,so2,M9: AugSynth_FE Belisario (Centro dropped),AugSynth_FE,2024-05-20
2024w22,1.1631508098056809,1.2423836473234733,-0.07923283751779242,TRUE,so2,M9: AugSynth_FE Belisario (Centro dropped),AugSynth_FE,2024-05-27
2024w23,1.355147632123054,0.9699660338109284,0.3851815983121256,TRUE,so2,M9: AugSynth_FE Belisario (Centro dropped),AugSynth_FE,2024-06-03
2024w24,1.4051978915391232,0.8792393522018103,0.525958539337313,TRUE,so2,M9: AugSynth_FE Belisario (Centro dropped),AugSynth_FE,2024-06-10
2024w25,1.5409449159887998,1.3449947582725885,0.19595015771621127,TRUE,so2,M9: AugSynth_FE Belisario (Centro dropped),AugSynth_FE,2024-06-17
2024w26,1.1808065262940965,1.0354001364882504,0.1454063898058462,TRUE,so2,M9: AugSynth_FE Belisario (Centro dropped),AugSynth_FE,2024-06-24
2024w27,1.185605146967751,1.2169402148117272,-0.031335067843976105,TRUE,so2,M9: AugSynth_FE Belisario (Centro dropped),AugSynth_FE,2024-07-01
2024w28,1.4915548717773834,1.535061865193569,-0.04350699341618558,TRUE,so2,M9: AugSynth_FE Belisario (Centro dropped),AugSynth_FE,2024-07-08
2024w29,1.2216162394985313,1.276216179932305,-0.05459994043377381,TRUE,so2,M9: AugSynth_FE Belisario (Centro dropped),AugSynth_FE,2024-07-15
2024w30,1.5150979285041835,1.510851110025218,0.004246818478965464,TRUE,so2,M9: AugSynth_FE Belisario (Centro dropped),AugSynth_FE,2024-07-22
2024w31,1.3692329731915955,0.7405290381382312,0.6287039350533643,TRUE,so2,M9: AugSynth_FE Belisario (Centro dropped),AugSynth_FE,2024-07-29
2024w32,1.680703754321098,1.3919496350061387,0.2887541193149594,TRUE,so2,M9: AugSynth_FE Belisario (Centro dropped),AugSynth_FE,2024-08-05
2024w33,1.3331572627067618,1.3305676044366763,0.002589658270085504,TRUE,so2,M9: AugSynth_FE Belisario (Centro dropped),AugSynth_FE,2024-08-12
2024w34,1.387710025261053,1.206485116933825,0.18122490832722793,TRUE,so2,M9: AugSynth_FE Belisario (Centro dropped),AugSynth_FE,2024-08-19
2024w35,1.2563754831189844,1.2170447332046956,0.039330749914288754,TRUE,so2,M9: AugSynth_FE Belisario (Centro dropped),AugSynth_FE,2024-08-26
2024w36,1.4497385336764255,1.7736112213435875,-0.32387268766716204,TRUE,so2,M9: AugSynth_FE Belisario (Centro dropped),AugSynth_FE,2024-09-02
2024w37,1.4747630091074988,1.6281727702408122,-0.1534097611333134,TRUE,so2,M9: AugSynth_FE Belisario (Centro dropped),AugSynth_FE,2024-09-09
2024w38,1.3634521188712583,1.3853673679738991,-0.021915249102640866,TRUE,so2,M9: AugSynth_FE Belisario (Centro dropped),AugSynth_FE,2024-09-16
2024w39,1.9661421892759523,1.813097767268348,0.15304442200760437,TRUE,so2,M9: AugSynth_FE Belisario (Centro dropped),AugSynth_FE,2024-09-23
2024w40,2.1265318492128413,1.7771121352731378,0.3494197139397035,TRUE,so2,M9: AugSynth_FE Belisario (Centro dropped),AugSynth_FE,2024-09-30
2024w41,2.319704384801434,1.7528140467180207,0.5668903380834134,TRUE,so2,M9: AugSynth_FE Belisario (Centro dropped),AugSynth_FE,2024-10-07
2024w42,1.7911481713124393,1.5891116672333703,0.20203650407906903,TRUE,so2,M9: AugSynth_FE Belisario (Centro dropped),AugSynth_FE,2024-10-14
2024w43,2.0431232790057243,1.850414822721211,0.19270845628451339,TRUE,so2,M9: AugSynth_FE Belisario (Centro dropped),AugSynth_FE,2024-10-21
2024w44,1.720752666380141,2.0312698512510687,-0.31051718487092783,TRUE,so2,M9: AugSynth_FE Belisario (Centro dropped),AugSynth_FE,2024-10-28
2024w45,2.020907181659956,1.8080337450377273,0.2128734366222289,TRUE,so2,M9: AugSynth_FE Belisario (Centro dropped),AugSynth_FE,2024-11-04
2024w46,2.001069254582245,2.034369104676114,-0.03329985009386904,TRUE,so2,M9: AugSynth_FE Belisario (Centro dropped),AugSynth_FE,2024-11-11
2024w47,1.9812313275045337,1.765367715509568,0.21586361199496573,TRUE,so2,M9: AugSynth_FE Belisario (Centro dropped),AugSynth_FE,2024-11-18
2024w48,2.0812066496265027,1.9427430907175074,0.1384635589089953,TRUE,so2,M9: AugSynth_FE Belisario (Centro dropped),AugSynth_FE,2024-11-25
2024w49,1.5324848712659722,1.5096049801346514,0.02287989113132083,TRUE,so2,M9: AugSynth_FE Belisario (Centro dropped),AugSynth_FE,2024-12-02
2024w50,1.6869913706491662,1.8230398892382125,-0.13604851858904632,TRUE,so2,M9: AugSynth_FE Belisario (Centro dropped),AugSynth_FE,2024-12-09
2024w51,1.5965552866030868,1.7754384533466532,-0.1788831667435664,TRUE,so2,M9: AugSynth_FE Belisario (Centro dropped),AugSynth_FE,2024-12-16
2024w52,1.849504130944218,1.4802873385222124,0.36921679242200556,TRUE,so2,M9: AugSynth_FE Belisario (Centro dropped),AugSynth_FE,2024-12-23
2025w01,1.4002794456865533,1.577846925049726,-0.17756747936317274,TRUE,so2,M9: AugSynth_FE Belisario (Centro dropped),AugSynth_FE,2024-12-30
2025w02,1.856464643144947,1.873279205886833,-0.016814562741886085,TRUE,so2,M9: AugSynth_FE Belisario (Centro dropped),AugSynth_FE,2025-01-06
2025w03,1.5850769115211651,1.6691644667935739,-0.08408755527240874,TRUE,so2,M9: AugSynth_FE Belisario (Centro dropped),AugSynth_FE,2025-01-13
2025w04,1.7213966121201538,2.0934523164426535,-0.3720557043224997,TRUE,so2,M9: AugSynth_FE Belisario (Centro dropped),AugSynth_FE,2025-01-20
2025w05,1.6409365794934714,1.7970468708285936,-0.15611029133512222,TRUE,so2,M9: AugSynth_FE Belisario (Centro dropped),AugSynth_FE,2025-01-27
2025w06,1.7110012278435416,1.5719512596554275,0.1390499681881141,TRUE,so2,M9: AugSynth_FE Belisario (Centro dropped),AugSynth_FE,2025-02-03
2025w07,0.4025720383257366,1.4524800493205947,-1.0499080109948582,TRUE,so2,M9: AugSynth_FE Belisario (Centro dropped),AugSynth_FE,2025-02-10
2025w08,0.4697952742079987,0.9065973716603651,-0.4368020974523664,TRUE,so2,M9: AugSynth_FE Belisario (Centro dropped),AugSynth_FE,2025-02-17
2025w09,0.6790482561804436,1.021942968934165,-0.3428947127537214,TRUE,so2,M9: AugSynth_FE Belisario (Centro dropped),AugSynth_FE,2025-02-24
2025w10,0.39091532709343324,0.8834662816908792,-0.4925509545974459,TRUE,so2,M9: AugSynth_FE Belisario (Centro dropped),AugSynth_FE,2025-03-03
2025w11,0.7569041463626964,1.0870066410561932,-0.33010249469349673,TRUE,so2,M9: AugSynth_FE Belisario (Centro dropped),AugSynth_FE,2025-03-10
2025w12,0.9202827531436925,1.030661411281005,-0.11037865813731262,TRUE,so2,M9: AugSynth_FE Belisario (Centro dropped),AugSynth_FE,2025-03-17
2025w13,1.0590626325301276,1.1569075183136663,-0.09784488578353878,TRUE,so2,M9: AugSynth_FE Belisario (Centro dropped),AugSynth_FE,2025-03-24
2025w14,0.9043530943011122,1.1177874678874034,-0.21343437358629114,TRUE,so2,M9: AugSynth_FE Belisario (Centro dropped),AugSynth_FE,2025-03-31
2025w15,0.9100714320602383,1.2784474616125774,-0.36837602955233906,TRUE,so2,M9: AugSynth_FE Belisario (Centro dropped),AugSynth_FE,2025-04-07
2025w16,1.0996117890011932,1.4715681623356531,-0.37195637333445997,TRUE,so2,M9: AugSynth_FE Belisario (Centro dropped),AugSynth_FE,2025-04-14
2025w17,1.1570908184258055,1.210152732489603,-0.053061914063797566,TRUE,so2,M9: AugSynth_FE Belisario (Centro dropped),AugSynth_FE,2025-04-21
2025w18,0.9954715297485963,1.1825700555205652,-0.18709852577196884,TRUE,so2,M9: AugSynth_FE Belisario (Centro dropped),AugSynth_FE,2025-04-28
2025w19,1.0496554439415786,1.343949493049844,-0.2942940491082653,TRUE,so2,M9: AugSynth_FE Belisario (Centro dropped),AugSynth_FE,2025-05-05
2025w20,0.8569652657893402,1.275008806655626,-0.4180435408662858,TRUE,so2,M9: AugSynth_FE Belisario (Centro dropped),AugSynth_FE,2025-05-12
2025w21,0.9528155065565274,1.3785022494961225,-0.4256867429395952,TRUE,so2,M9: AugSynth_FE Belisario (Centro dropped),AugSynth_FE,2025-05-19
2025w22,0.8320391794265639,1.384713903242553,-0.5526747238159891,TRUE,so2,M9: AugSynth_FE Belisario (Centro dropped),AugSynth_FE,2025-05-26
2025w23,0.9611366196659903,1.3610577683488667,-0.3999211486828764,TRUE,so2,M9: AugSynth_FE Belisario (Centro dropped),AugSynth_FE,2025-06-02
2025w24,0.8897413966406185,1.3820248129837995,-0.49228341634318107,TRUE,so2,M9: AugSynth_FE Belisario (Centro dropped),AugSynth_FE,2025-06-09
2025w25,0.6802307886267185,1.4636660485818631,-0.7834352599551446,TRUE,so2,M9: AugSynth_FE Belisario (Centro dropped),AugSynth_FE,2025-06-16
2022w48,1.6573036895326876,1.607797885687108,0.049505803845579566,FALSE,so2,M1: SDID Centro+Belisario,SDID,2022-11-28
2022w49,2.0704135530850056,2.0001703669254423,0.07024318615956338,FALSE,so2,M1: SDID Centro+Belisario,SDID,2022-12-05
2022w50,1.878304918526288,1.7688251530239842,0.10947976550230365,FALSE,so2,M1: SDID Centro+Belisario,SDID,2022-12-12
2022w51,1.6422626782045033,1.675345629473235,-0.03308295126873162,FALSE,so2,M1: SDID Centro+Belisario,SDID,2022-12-19
2022w52,1.4574521223608323,1.727619855283477,-0.2701677329226446,FALSE,so2,M1: SDID Centro+Belisario,SDID,2022-12-26
2023w01,1.8435948547319259,1.6688418066870905,0.17475304804483538,FALSE,so2,M1: SDID Centro+Belisario,SDID,2023-01-02
2023w02,1.6516735528472966,1.5605440819725565,0.0911294708747401,FALSE,so2,M1: SDID Centro+Belisario,SDID,2023-01-09
2023w03,1.646632648210851,1.6974314067877119,-0.05079875857686078,FALSE,so2,M1: SDID Centro+Belisario,SDID,2023-01-16
2023w04,1.5851820870795232,1.818094198163853,-0.23291211108432974,FALSE,so2,M1: SDID Centro+Belisario,SDID,2023-01-23
2023w05,1.895229016863679,1.9139272977314807,-0.018698280867801786,FALSE,so2,M1: SDID Centro+Belisario,SDID,2023-01-30
2023w06,2.0514972217058527,1.9857521969605616,0.06574502474529109,FALSE,so2,M1: SDID Centro+Belisario,SDID,2023-02-06
2023w07,2.2681456089192373,1.6547255817941136,0.6134200271251238,FALSE,so2,M1: SDID Centro+Belisario,SDID,2023-02-13
2023w08,1.810516263517635,1.6211186482623656,0.18939761525526944,FALSE,so2,M1: SDID Centro+Belisario,SDID,2023-02-20
2023w09,2.0315698667516178,1.8204990733388677,0.21107079341275004,FALSE,so2,M1: SDID Centro+Belisario,SDID,2023-02-27
2023w10,2.0691292275446123,1.478258631423915,0.5908705961206973,FALSE,so2,M1: SDID Centro+Belisario,SDID,2023-03-06
2023w11,1.937997110813445,1.5719048270569291,0.3660922837565159,FALSE,so2,M1: SDID Centro+Belisario,SDID,2023-03-13
2023w12,2.0014020780180704,1.5090929279591723,0.4923091500588981,FALSE,so2,M1: SDID Centro+Belisario,SDID,2023-03-20
2023w13,1.9129607800374437,1.0440946952488968,0.868866084788547,FALSE,so2,M1: SDID Centro+Belisario,SDID,2023-03-27
2023w14,1.9321797499234918,1.1571684069942538,0.775011342929238,FALSE,so2,M1: SDID Centro+Belisario,SDID,2023-04-03
2023w15,1.801927385324343,1.1639522253208026,0.6379751600035404,FALSE,so2,M1: SDID Centro+Belisario,SDID,2023-04-10
2023w16,1.7695754611368093,1.1022046008699709,0.6673708602668385,FALSE,so2,M1: SDID Centro+Belisario,SDID,2023-04-17
2023w17,2.017833508335731,1.5571811332205316,0.4606523751151992,FALSE,so2,M1: SDID Centro+Belisario,SDID,2023-04-24
2023w18,1.3795494450388257,1.2542769344193974,0.12527251061942835,FALSE,so2,M1: SDID Centro+Belisario,SDID,2023-05-01
2023w19,1.6106719311244022,1.3755463357263291,0.2351255953980731,FALSE,so2,M1: SDID Centro+Belisario,SDID,2023-05-08
2023w20,1.964335258717366,1.3835992097470367,0.5807360489703293,FALSE,so2,M1: SDID Centro+Belisario,SDID,2023-05-15
2023w21,1.9031392468940842,1.3240014446432649,0.5791378022508193,FALSE,so2,M1: SDID Centro+Belisario,SDID,2023-05-22
2023w22,1.8902387440140551,1.3127297421259083,0.5775090018881468,FALSE,so2,M1: SDID Centro+Belisario,SDID,2023-05-29
2023w23,2.1722047215942717,1.4634255263828853,0.7087791952113864,FALSE,so2,M1: SDID Centro+Belisario,SDID,2023-06-05
2023w24,1.8469186121089631,1.3522523622155307,0.49466624989343244,FALSE,so2,M1: SDID Centro+Belisario,SDID,2023-06-12
2023w25,1.722957520122061,1.4665843436226347,0.25637317649942637,FALSE,so2,M1: SDID Centro+Belisario,SDID,2023-06-19
2023w26,1.8573216961419636,1.502407762127421,0.35491393401454263,FALSE,so2,M1: SDID Centro+Belisario,SDID,2023-06-26
2023w27,2.004567901886608,1.3114252797275865,0.6931426221590213,FALSE,so2,M1: SDID Centro+Belisario,SDID,2023-07-03
2023w28,1.8002000579714545,1.382291227474181,0.41790883049727356,FALSE,so2,M1: SDID Centro+Belisario,SDID,2023-07-10
2023w29,1.474923104673619,1.2647308307021847,0.21019227397143436,FALSE,so2,M1: SDID Centro+Belisario,SDID,2023-07-17
2023w30,1.6061836545566908,1.2008147980577737,0.4053688564989171,FALSE,so2,M1: SDID Centro+Belisario,SDID,2023-07-24
2023w31,1.3138829603926538,1.2099157141507875,0.10396724624186637,FALSE,so2,M1: SDID Centro+Belisario,SDID,2023-07-31
2023w32,1.1359378555994442,1.3070546821584803,-0.17111682655903615,FALSE,so2,M1: SDID Centro+Belisario,SDID,2023-08-07
2023w33,1.6618202521282233,1.379923779351479,0.28189647277674434,FALSE,so2,M1: SDID Centro+Belisario,SDID,2023-08-14
2023w34,1.5584737829459914,1.3226254843069412,0.2358482986390502,FALSE,so2,M1: SDID Centro+Belisario,SDID,2023-08-21
2023w35,1.128965892463441,1.3902494304592345,-0.2612835379957936,FALSE,so2,M1: SDID Centro+Belisario,SDID,2023-08-28
2023w36,1.0447278045226776,1.655782182399187,-0.6110543778765094,FALSE,so2,M1: SDID Centro+Belisario,SDID,2023-09-04
2023w37,1.0451658800559467,1.5969752472881995,-0.5518093672322528,FALSE,so2,M1: SDID Centro+Belisario,SDID,2023-09-11
2023w38,1.149343327882638,1.5346350122312802,-0.38529168434864225,FALSE,so2,M1: SDID Centro+Belisario,SDID,2023-09-18
2023w39,1.2101236947317044,1.5263610228539015,-0.31623732812219707,FALSE,so2,M1: SDID Centro+Belisario,SDID,2023-09-25
2023w40,1.482443752092402,1.3720122482427448,0.11043150384965728,FALSE,so2,M1: SDID Centro+Belisario,SDID,2023-10-02
2023w41,1.0941184477090415,1.7163651085989788,-0.6222466608899373,FALSE,so2,M1: SDID Centro+Belisario,SDID,2023-10-09
2023w42,1.355466155299757,1.698183833712627,-0.34271767841287004,FALSE,so2,M1: SDID Centro+Belisario,SDID,2023-10-16
2023w43,1.2800355859227777,1.614310233620363,-0.3342746476975853,FALSE,so2,M1: SDID Centro+Belisario,SDID,2023-10-23
2023w44,1.755001651909558,1.838733383221521,-0.08373173131196299,FALSE,so2,M1: SDID Centro+Belisario,SDID,2023-10-30
2023w45,0.8635125781913383,1.7608007703265636,-0.8972881921352253,FALSE,so2,M1: SDID Centro+Belisario,SDID,2023-11-06
2023w46,1.238660735674076,1.1356189675777466,0.10304176809632937,FALSE,so2,M1: SDID Centro+Belisario,SDID,2023-11-13
2023w47,1.1806978461258513,1.8030623558915262,-0.6223645097656749,FALSE,so2,M1: SDID Centro+Belisario,SDID,2023-11-20
2023w48,1.3139801250192447,1.584852820849762,-0.27087269583051743,FALSE,so2,M1: SDID Centro+Belisario,SDID,2023-11-27
2023w49,1.4712051472404615,1.6285623272008902,-0.15735717996042875,TRUE,so2,M1: SDID Centro+Belisario,SDID,2023-12-04
2023w50,1.6739453879524608,1.6001571665101242,0.07378822144233665,TRUE,so2,M1: SDID Centro+Belisario,SDID,2023-12-11
2023w51,1.307099720441586,1.3840795707698377,-0.07697985032825172,TRUE,so2,M1: SDID Centro+Belisario,SDID,2023-12-18
2023w52,1.0192102255026132,0.7840568846364115,0.23515334086620165,TRUE,so2,M1: SDID Centro+Belisario,SDID,2023-12-25
2024w01,1.6106646432438874,1.5144498196910368,0.0962148235528506,TRUE,so2,M1: SDID Centro+Belisario,SDID,2024-01-01
2024w02,1.466448739286405,1.3676441556336596,0.09880458365274536,TRUE,so2,M1: SDID Centro+Belisario,SDID,2024-01-08
2024w03,1.263185255995866,1.3625905970560934,-0.09940534106022736,TRUE,so2,M1: SDID Centro+Belisario,SDID,2024-01-15
2024w04,1.0197353881062612,1.0026932327958298,0.017042155310431406,TRUE,so2,M1: SDID Centro+Belisario,SDID,2024-01-22
2024w05,1.304558585240708,1.5246483075823494,-0.22008972234164137,TRUE,so2,M1: SDID Centro+Belisario,SDID,2024-01-29
2024w06,1.4545953300763372,1.7962420444420413,-0.34164671436570404,TRUE,so2,M1: SDID Centro+Belisario,SDID,2024-02-05
2024w07,0.9336033483328645,1.0532960326941685,-0.11969268436130398,TRUE,so2,M1: SDID Centro+Belisario,SDID,2024-02-12
2024w08,1.4512763306258498,1.3884895171381206,0.06278681348772919,TRUE,so2,M1: SDID Centro+Belisario,SDID,2024-02-19
2024w09,1.8743671880323582,1.6872750961628484,0.1870920918695098,TRUE,so2,M1: SDID Centro+Belisario,SDID,2024-02-26
2024w10,1.8955725769599852,1.7439911772065797,0.15158139975340545,TRUE,so2,M1: SDID Centro+Belisario,SDID,2024-03-04
2024w11,1.709836766138114,1.6698892900690943,0.039947476069019716,TRUE,so2,M1: SDID Centro+Belisario,SDID,2024-03-11
2024w12,2.0883470188278377,2.0472533400559167,0.04109367877192094,TRUE,so2,M1: SDID Centro+Belisario,SDID,2024-03-18
2024w13,2.1430846664446532,2.0525744490447546,0.09051021739989862,TRUE,so2,M1: SDID Centro+Belisario,SDID,2024-03-25
2024w14,2.0809265904602925,1.7447535118313218,0.3361730786289707,TRUE,so2,M1: SDID Centro+Belisario,SDID,2024-04-01
2024w15,1.6941685977842293,2.0865437202060826,-0.39237512242185324,TRUE,so2,M1: SDID Centro+Belisario,SDID,2024-04-08
2024w16,2.040308389575973,2.076936606878678,-0.036628217302705046,TRUE,so2,M1: SDID Centro+Belisario,SDID,2024-04-15
2024w17,1.859595357985687,2.52330854632807,-0.663713188342383,TRUE,so2,M1: SDID Centro+Belisario,SDID,2024-04-22
2024w18,1.901279808118534,2.0537370667355015,-0.15245725861696746,TRUE,so2,M1: SDID Centro+Belisario,SDID,2024-04-29
2024w19,2.1501303277064396,2.411885114327756,-0.26175478662131635,TRUE,so2,M1: SDID Centro+Belisario,SDID,2024-05-06
2024w20,2.365551268866883,2.3977074754451437,-0.03215620657826079,TRUE,so2,M1: SDID Centro+Belisario,SDID,2024-05-13
2024w21,1.5580627483537661,1.940833648049127,-0.38277089969536093,TRUE,so2,M1: SDID Centro+Belisario,SDID,2024-05-20
2024w22,1.2643563118962247,1.6149392390036066,-0.3505829271073819,TRUE,so2,M1: SDID Centro+Belisario,SDID,2024-05-27
2024w23,1.6377437861250348,1.5355590540105541,0.10218473211448065,TRUE,so2,M1: SDID Centro+Belisario,SDID,2024-06-03
2024w24,1.8952025185627606,1.515188210235063,0.38001430832769767,TRUE,so2,M1: SDID Centro+Belisario,SDID,2024-06-10
2024w25,1.9228354351735195,1.9635358893177162,-0.04070045414419665,TRUE,so2,M1: SDID Centro+Belisario,SDID,2024-06-17
2024w26,1.7522568079780987,1.6556831680335662,0.0965736399445325,TRUE,so2,M1: SDID Centro+Belisario,SDID,2024-06-24
2024w27,1.7058561436000534,1.8033186870410927,-0.09746254344103922,TRUE,so2,M1: SDID Centro+Belisario,SDID,2024-07-01
2024w28,1.6126703568803835,1.9482875054163773,-0.3356171485359938,TRUE,so2,M1: SDID Centro+Belisario,SDID,2024-07-08
2024w29,1.3402265053887152,1.5137807634600016,-0.17355425807128633,TRUE,so2,M1: SDID Centro+Belisario,SDID,2024-07-15
2024w30,1.6508163655703874,2.1492112207438017,-0.4983948551734143,TRUE,so2,M1: SDID Centro+Belisario,SDID,2024-07-22
2024w31,1.6488559667821407,1.8171954546217461,-0.1683394878396054,TRUE,so2,M1: SDID Centro+Belisario,SDID,2024-07-29
2024w32,1.7466371496753406,2.0680116562224296,-0.321374506547089,TRUE,so2,M1: SDID Centro+Belisario,SDID,2024-08-05
2024w33,1.3947032202095047,1.935252366255125,-0.5405491460456204,TRUE,so2,M1: SDID Centro+Belisario,SDID,2024-08-12
2024w34,1.552252981872908,1.670266833980046,-0.11801385210713788,TRUE,so2,M1: SDID Centro+Belisario,SDID,2024-08-19
2024w35,1.6201351097223713,1.7302305941364664,-0.11009548441409511,TRUE,so2,M1: SDID Centro+Belisario,SDID,2024-08-26
2024w36,1.2479444273864622,1.6951383000403797,-0.4471938726539175,TRUE,so2,M1: SDID Centro+Belisario,SDID,2024-09-02
2024w37,1.0595879913751745,1.5778965440433896,-0.5183085526682152,TRUE,so2,M1: SDID Centro+Belisario,SDID,2024-09-09
2024w52,2.1839727426390834,1.4813332013199363,0.7026395413191471,TRUE,so2,M1: SDID Centro+Belisario,SDID,2024-12-23
2025w01,1.8797867869605243,1.1887107517477005,0.6910760352128238,TRUE,so2,M1: SDID Centro+Belisario,SDID,2024-12-30
2025w02,1.9721252425571933,1.4316312243834186,0.5404940181737747,TRUE,so2,M1: SDID Centro+Belisario,SDID,2025-01-06
2025w03,1.8556989815454643,1.6955187646284835,0.1601802169169808,TRUE,so2,M1: SDID Centro+Belisario,SDID,2025-01-13
2025w04,1.7701177507119166,1.689493956187961,0.08062379452395563,TRUE,so2,M1: SDID Centro+Belisario,SDID,2025-01-20
2025w05,1.8774427151411441,1.26348421450958,0.6139585006315642,TRUE,so2,M1: SDID Centro+Belisario,SDID,2025-01-27
2025w06,2.297147565030216,1.617508687013624,0.6796388780165923,TRUE,so2,M1: SDID Centro+Belisario,SDID,2025-02-03
2025w07,1.3940542205911772,1.2277287975202007,0.16632542307097653,TRUE,so2,M1: SDID Centro+Belisario,SDID,2025-02-10
2025w08,1.1942645312690139,1.0078008171842858,0.18646371408472806,TRUE,so2,M1: SDID Centro+Belisario,SDID,2025-02-17
2025w09,1.3234360345020564,1.1833110401134266,0.1401249943886298,TRUE,so2,M1: SDID Centro+Belisario,SDID,2025-02-24
2025w10,1.388052196473661,1.181100555116784,0.20695164135687705,TRUE,so2,M1: SDID Centro+Belisario,SDID,2025-03-03
2025w11,1.6975588807405053,1.4641467746849244,0.23341210605558094,TRUE,so2,M1: SDID Centro+Belisario,SDID,2025-03-10
2025w12,1.3476881953310513,1.2628652361793562,0.08482295915169513,TRUE,so2,M1: SDID Centro+Belisario,SDID,2025-03-17
2025w13,1.5084442351809368,1.503251351108393,0.005192884072543924,TRUE,so2,M1: SDID Centro+Belisario,SDID,2025-03-24
2025w14,1.0219473098608283,1.34486949036308,-0.32292218050225174,TRUE,so2,M1: SDID Centro+Belisario,SDID,2025-03-31
2025w15,0.7885225380771858,1.182560124587689,-0.39403758651050336,TRUE,so2,M1: SDID Centro+Belisario,SDID,2025-04-07
2025w16,1.0373553899226864,1.0822313798540184,-0.044875989931332017,TRUE,so2,M1: SDID Centro+Belisario,SDID,2025-04-14
2025w17,1.4620415011422907,1.2090351214741395,0.2530063796681512,TRUE,so2,M1: SDID Centro+Belisario,SDID,2025-04-21
2025w18,1.5731166334579996,1.0910563867861671,0.48206024667183245,TRUE,so2,M1: SDID Centro+Belisario,SDID,2025-04-28
2025w19,1.4642027901980907,1.4266226968522462,0.037580093345844556,TRUE,so2,M1: SDID Centro+Belisario,SDID,2025-05-05
2025w20,1.7319689713613493,1.1950673832653556,0.5369015880959938,TRUE,so2,M1: SDID Centro+Belisario,SDID,2025-05-12
2025w21,1.3422592587018005,1.346583140701399,-0.0043238819995985445,TRUE,so2,M1: SDID Centro+Belisario,SDID,2025-05-19
2025w22,1.5300490918069056,1.1752549249415876,0.35479416686531806,TRUE,so2,M1: SDID Centro+Belisario,SDID,2025-05-26
2025w23,2.0024983240974588,1.3818508770465545,0.6206474470509042,TRUE,so2,M1: SDID Centro+Belisario,SDID,2025-06-02
2025w24,1.8309089629498971,1.4901530732873443,0.3407558896625529,TRUE,so2,M1: SDID Centro+Belisario,SDID,2025-06-09
2025w25,1.3546620344612723,1.5108669808988953,-0.15620494643762295,TRUE,so2,M1: SDID Centro+Belisario,SDID,2025-06-16
2022w48,1.4955553313430772,1.6208512061187113,-0.1252958747756341,FALSE,so2,M2: SDID Centro (Bel. dropped),SDID,2022-11-28
2022w49,2.0118072251771397,2.004210790275091,0.007596434902048532,FALSE,so2,M2: SDID Centro (Bel. dropped),SDID,2022-12-05
2022w50,1.914201227737404,1.7796068805317529,0.13459434720565122,FALSE,so2,M2: SDID Centro (Bel. dropped),SDID,2022-12-12
2022w51,1.602179294471848,1.6652435248769326,-0.06306423040508458,FALSE,so2,M2: SDID Centro (Bel. dropped),SDID,2022-12-19
2022w52,1.6333826562228564,1.7327369303163307,-0.0993542740934743,FALSE,so2,M2: SDID Centro (Bel. dropped),SDID,2022-12-26
2023w01,2.0149832163108723,1.6708166830235256,0.3441665332873467,FALSE,so2,M2: SDID Centro (Bel. dropped),SDID,2023-01-02
2023w02,1.8943128909858702,1.5638716185929757,0.33044127239289445,FALSE,so2,M2: SDID Centro (Bel. dropped),SDID,2023-01-09
2023w03,1.8284782383462077,1.7081648242599874,0.12031341408622032,FALSE,so2,M2: SDID Centro (Bel. dropped),SDID,2023-01-16
2023w04,1.812308017761103,1.8155205916326043,-0.003212573871501201,FALSE,so2,M2: SDID Centro (Bel. dropped),SDID,2023-01-23
2023w05,1.8963178990454577,1.9163667553999506,-0.02004885635449294,FALSE,so2,M2: SDID Centro (Bel. dropped),SDID,2023-01-30
2023w06,2.1462963200308636,1.995286582984412,0.1510097370464516,FALSE,so2,M2: SDID Centro (Bel. dropped),SDID,2023-02-06
2023w07,2.395764440259997,1.6625377894432682,0.7332266508167289,FALSE,so2,M2: SDID Centro (Bel. dropped),SDID,2023-02-13
2023w08,1.9458534314915117,1.62385840438199,0.32199502710952177,FALSE,so2,M2: SDID Centro (Bel. dropped),SDID,2023-02-20
2023w09,2.0008210551638985,1.820199028525023,0.1806220266388756,FALSE,so2,M2: SDID Centro (Bel. dropped),SDID,2023-02-27
2023w10,2.2989216782641466,1.477244656130633,0.8216770221335137,FALSE,so2,M2: SDID Centro (Bel. dropped),SDID,2023-03-06
2023w11,2.1747347964378854,1.5775812078289682,0.5971535886089172,FALSE,so2,M2: SDID Centro (Bel. dropped),SDID,2023-03-13
2023w12,2.279561013169187,1.5302482154742658,0.749312797694921,FALSE,so2,M2: SDID Centro (Bel. dropped),SDID,2023-03-20
2023w13,2.127550852497654,1.0723564812374766,1.0551943712601775,FALSE,so2,M2: SDID Centro (Bel. dropped),SDID,2023-03-27
2023w14,2.214758863481375,1.1621867495708906,1.0525721139104844,FALSE,so2,M2: SDID Centro (Bel. dropped),SDID,2023-04-03
2023w15,1.9378751644504455,1.1810438003397998,0.7568313641106457,FALSE,so2,M2: SDID Centro (Bel. dropped),SDID,2023-04-10
2023w16,1.9039070458918947,1.1158714645045644,0.7880355813873303,FALSE,so2,M2: SDID Centro (Bel. dropped),SDID,2023-04-17
2023w17,2.094449454087756,1.5738553507641009,0.520594103323655,FALSE,so2,M2: SDID Centro (Bel. dropped),SDID,2023-04-24
2023w18,1.3414285705799611,1.2687904478066117,0.07263812277334947,FALSE,so2,M2: SDID Centro (Bel. dropped),SDID,2023-05-01
2023w19,1.6598324923222576,1.3860851331101203,0.27374735921213733,FALSE,so2,M2: SDID Centro (Bel. dropped),SDID,2023-05-08
2023w20,1.9212932512117533,1.3977661642466859,0.5235270869650674,FALSE,so2,M2: SDID Centro (Bel. dropped),SDID,2023-05-15
2023w21,1.9713202534520227,1.3443209689606799,0.6269992844913428,FALSE,so2,M2: SDID Centro (Bel. dropped),SDID,2023-05-22
2023w22,1.9675791815283272,1.323626667189206,0.6439525143391212,FALSE,so2,M2: SDID Centro (Bel. dropped),SDID,2023-05-29
2023w23,2.326613564452222,1.4714184534307024,0.8551951110215195,FALSE,so2,M2: SDID Centro (Bel. dropped),SDID,2023-06-05
2023w24,1.9904382311198885,1.3703203157957946,0.6201179153240939,FALSE,so2,M2: SDID Centro (Bel. dropped),SDID,2023-06-12
2023w25,1.6914188510919337,1.481764596701152,0.20965425439078178,FALSE,so2,M2: SDID Centro (Bel. dropped),SDID,2023-06-19
2023w26,1.8573476571635825,1.5173615462681758,0.33998611089540676,FALSE,so2,M2: SDID Centro (Bel. dropped),SDID,2023-06-26
2023w27,2.21204972160347,1.3199405508169522,0.8921091707865176,FALSE,so2,M2: SDID Centro (Bel. dropped),SDID,2023-07-03
2023w28,1.923677935056695,1.3875473594552894,0.5361305756014056,FALSE,so2,M2: SDID Centro (Bel. dropped),SDID,2023-07-10
2023w29,1.3562569969693516,1.2728338505737629,0.08342314639558879,FALSE,so2,M2: SDID Centro (Bel. dropped),SDID,2023-07-17
2023w30,1.6230608915985143,1.2106756954772135,0.41238519612130076,FALSE,so2,M2: SDID Centro (Bel. dropped),SDID,2023-07-24
2023w31,1.1340615517862913,1.219340979741828,-0.08527942795553667,FALSE,so2,M2: SDID Centro (Bel. dropped),SDID,2023-07-31
2023w32,0.9692552059772844,1.3192480429713311,-0.3499928369940467,FALSE,so2,M2: SDID Centro (Bel. dropped),SDID,2023-08-07
2023w33,1.6335334405898199,1.391044758774093,0.2424886818157268,FALSE,so2,M2: SDID Centro (Bel. dropped),SDID,2023-08-14
2023w34,1.6935865189930603,1.3326306106799284,0.36095590831313196,FALSE,so2,M2: SDID Centro (Bel. dropped),SDID,2023-08-21
2023w35,0.8703640563369601,1.3984810696519048,-0.52811701331494465,FALSE,so2,M2: SDID Centro (Bel. dropped),SDID,2023-08-28
2023w36,0.74731248915860915,1.6545620723233836,-0.9072495831647744,FALSE,so2,M2: SDID Centro (Bel. dropped),SDID,2023-09-04
2023w37,0.7617322604236403,1.5913165536127707,-0.8295842931891304,FALSE,so2,M2: SDID Centro (Bel. dropped),SDID,2023-09-11
2023w38,1.205231922683578,1.5271250704975152,-0.3218931478139373,FALSE,so2,M2: SDID Centro (Bel. dropped),SDID,2023-09-18
2023w39,1.2818536049572709,1.5219056215258078,-0.24005201656853692,FALSE,so2,M2: SDID Centro (Bel. dropped),SDID,2023-09-25
2023w40,1.6024168462729624,1.3651097682414581,0.2373070780315043,FALSE,so2,M2: SDID Centro (Bel. dropped),SDID,2023-10-02
2023w41,1.2093121172013157,1.7166261815487456,-0.5073140643474299,FALSE,so2,M2: SDID Centro (Bel. dropped),SDID,2023-10-09
2023w42,1.292121950701237,1.7048642517881611,-0.4127423010869242,FALSE,so2,M2: SDID Centro (Bel. dropped),SDID,2023-10-16
2023w43,1.4250888301358149,1.6224175303049897,-0.1973287001691748,FALSE,so2,M2: SDID Centro (Bel. dropped),SDID,2023-10-23
2023w44,2.149848805273538,1.8492434438984424,0.30060536137509564,FALSE,so2,M2: SDID Centro (Bel. dropped),SDID,2023-10-30
2023w45,0.661495710388533,1.7438434941370087,-1.0823477837484756,FALSE,so2,M2: SDID Centro (Bel. dropped),SDID,2023-11-06
2023w46,1.316573050077618,1.131382695522581,0.18519035455503707,FALSE,so2,M2: SDID Centro (Bel. dropped),SDID,2023-11-13
2023w47,1.3657256558430593,1.7656709192852327,-0.3999452634421734,FALSE,so2,M2: SDID Centro (Bel. dropped),SDID,2023-11-20
2023w48,1.5727785867142798,1.5743565346016193,-0.0015779478873394481,FALSE,so2,M2: SDID Centro (Bel. dropped),SDID,2023-11-27
2023w49,1.4310184936145485,1.6222627806647492,-0.1912442870502007,TRUE,so2,M2: SDID Centro (Bel. dropped),SDID,2023-12-04
2023w50,1.971316950193459,1.6036158548727557,0.3677010953207034,TRUE,so2,M2: SDID Centro (Bel. dropped),SDID,2023-12-11
2023w51,1.2998789360568404,1.3859836023687864,-0.08610466631194602,TRUE,so2,M2: SDID Centro (Bel. dropped),SDID,2023-12-18
2023w52,1.203298399085138,0.8006353149520733,0.40266308413306473,TRUE,so2,M2: SDID Centro (Bel. dropped),SDID,2023-12-25
2024w01,1.8735104345038993,1.5171345425827343,0.35637589192116503,TRUE,so2,M2: SDID Centro (Bel. dropped),SDID,2024-01-01
2024w02,1.6450385384602324,1.3710413281482647,0.27399721031196766,TRUE,so2,M2: SDID Centro (Bel. dropped),SDID,2024-01-08
2024w03,1.707287209310769,1.3655908439354068,0.3416963653753622,TRUE,so2,M2: SDID Centro (Bel. dropped),SDID,2024-01-15
2024w04,1.1021547914319219,1.0063426878567387,0.0958121035751831,TRUE,so2,M2: SDID Centro (Bel. dropped),SDID,2024-01-22
2024w05,1.4769612349247365,1.5244606317629086,-0.04749939683817206,TRUE,so2,M2: SDID Centro (Bel. dropped),SDID,2024-01-29
2024w06,1.631167331936011,1.8009941487473065,-0.16982681681129552,TRUE,so2,M2: SDID Centro (Bel. dropped),SDID,2024-02-05
2024w07,1.1859944632270936,1.0690198159570834,0.11697464727001017,TRUE,so2,M2: SDID Centro (Bel. dropped),SDID,2024-02-12
2024w08,1.6699170157677787,1.3941229370753483,0.27579407869243044,TRUE,so2,M2: SDID Centro (Bel. dropped),SDID,2024-02-19
2024w09,2.1696982933178086,1.6816409920767454,0.48805730124106317,TRUE,so2,M2: SDID Centro (Bel. dropped),SDID,2024-02-26
2024w10,2.0994796154350923,1.7540272796063885,0.3454523358287038,TRUE,so2,M2: SDID Centro (Bel. dropped),SDID,2024-03-04
2024w11,1.8817628024473716,1.6758762190827563,0.2058865833646153,TRUE,so2,M2: SDID Centro (Bel. dropped),SDID,2024-03-11
2024w12,2.0512097779054077,2.047688363647966,0.0035214142574417906,TRUE,so2,M2: SDID Centro (Bel. dropped),SDID,2024-03-18
2024w13,2.3366317296328125,2.0568401572497965,0.279791572383016,TRUE,so2,M2: SDID Centro (Bel. dropped),SDID,2024-03-25
2024w14,2.5036762622438022,1.7444222242856589,0.7592540379581434,TRUE,so2,M2: SDID Centro (Bel. dropped),SDID,2024-04-01
2024w15,1.8660270064626079,2.089782290165852,-0.22375528370324393,TRUE,so2,M2: SDID Centro (Bel. dropped),SDID,2024-04-08
2024w16,2.0051188923848837,2.0816171472556952,-0.07649825487081152,TRUE,so2,M2: SDID Centro (Bel. dropped),SDID,2024-04-15
2024w17,2.0409620046593235,2.528934656516557,-0.4879726518572336,TRUE,so2,M2: SDID Centro (Bel. dropped),SDID,2024-04-22
2024w18,1.829423677683357,2.0585548474827515,-0.22913116979939452,TRUE,so2,M2: SDID Centro (Bel. dropped),SDID,2024-04-29
2024w19,2.2836581637853155,2.40412355747627,-0.12046539369095433,TRUE,so2,M2: SDID Centro (Bel. dropped),SDID,2024-05-06
2024w20,2.212091285284866,2.3976632124114112,-0.18557192712654524,TRUE,so2,M2: SDID Centro (Bel. dropped),SDID,2024-05-13
2024w21,1.2958120084460485,1.945613961110722,-0.6498019526646734,TRUE,so2,M2: SDID Centro (Bel. dropped),SDID,2024-05-20
2024w22,1.1229343739702735,1.62128357217314,-0.4983491982028665,TRUE,so2,M2: SDID Centro (Bel. dropped),SDID,2024-05-27
2024w23,1.301219946819507,1.5236410939647782,-0.22242114714527128,TRUE,so2,M2: SDID Centro (Bel. dropped),SDID,2024-06-03
2024w24,1.6861299855960281,1.5044724209816165,0.18165756461441163,TRUE,so2,M2: SDID Centro (Bel. dropped),SDID,2024-06-10
2024w25,1.6712651505008893,1.965569619656937,-0.2943044691560477,TRUE,so2,M2: SDID Centro (Bel. dropped),SDID,2024-06-17
2024w26,1.7154652633352308,1.6542517609343965,0.06121350240083423,TRUE,so2,M2: SDID Centro (Bel. dropped),SDID,2024-06-24
2024w27,1.7359209266518185,1.8053819002605502,-0.06946097360873171,TRUE,so2,M2: SDID Centro (Bel. dropped),SDID,2024-07-01
2024w28,1.5086140620977329,1.9513619351000195,-0.4427478730022867,TRUE,so2,M2: SDID Centro (Bel. dropped),SDID,2024-07-08
2024w29,1.1796086966561217,1.5189123299276186,-0.33930363327149693,TRUE,so2,M2: SDID Centro (Bel. dropped),SDID,2024-07-15
2024w30,1.4820340186858996,2.159107983146208,-0.6770739644603085,TRUE,so2,M2: SDID Centro (Bel. dropped),SDID,2024-07-22
2024w31,1.5420236274679575,1.8117585751623855,-0.26973494769442796,TRUE,so2,M2: SDID Centro (Bel. dropped),SDID,2024-07-29
2024w32,1.673293396959677,2.0673885722053735,-0.3940951752456965,TRUE,so2,M2: SDID Centro (Bel. dropped),SDID,2024-08-05
2024w33,1.4102405068284727,1.9296688872061345,-0.5194283803776618,TRUE,so2,M2: SDID Centro (Bel. dropped),SDID,2024-08-12
2024w34,1.7624464081741138,1.6585011200345714,0.1039452881395424,TRUE,so2,M2: SDID Centro (Bel. dropped),SDID,2024-08-19
2024w35,1.8076810805555052,1.7283350707092038,0.07934600984630147,TRUE,so2,M2: SDID Centro (Bel. dropped),SDID,2024-08-26
2024w36,1.2511510388311442,1.7106101181246915,-0.45945907929354735,TRUE,so2,M2: SDID Centro (Bel. dropped),SDID,2024-09-02
2024w37,1.0392780202654692,1.5875929175585897,-0.5483148972931204,TRUE,so2,M2: SDID Centro (Bel. dropped),SDID,2024-09-09
2024w52,2.41029057406402,1.4783320696492535,0.9319585044147667,TRUE,so2,M2: SDID Centro (Bel. dropped),SDID,2024-12-23
2025w01,2.085190359955586,1.2074839530900237,0.8777064068655624,TRUE,so2,M2: SDID Centro (Bel. dropped),SDID,2024-12-30
2025w02,2.169451241776645,1.439973297969543,0.729477943807102,TRUE,so2,M2: SDID Centro (Bel. dropped),SDID,2025-01-06
2025w03,2.0384092902576088,1.6920373954294352,0.34637189482817354,TRUE,so2,M2: SDID Centro (Bel. dropped),SDID,2025-01-13
2025w04,1.9076254419788636,1.6951094811174512,0.21251596086141245,TRUE,so2,M2: SDID Centro (Bel. dropped),SDID,2025-01-20
2025w05,2.127062954783335,1.262083599304532,0.864979355478803,TRUE,so2,M2: SDID Centro (Bel. dropped),SDID,2025-01-27
2025w06,2.6656793849498728,1.6170529124584458,1.048626472491427,TRUE,so2,M2: SDID Centro (Bel. dropped),SDID,2025-02-03
2025w07,2.149345995488094,1.2394076303269186,0.9099383651611754,TRUE,so2,M2: SDID Centro (Bel. dropped),SDID,2025-02-10
2025w08,1.6616059077019805,1.0177944908727345,0.6438114168292459,TRUE,so2,M2: SDID Centro (Bel. dropped),SDID,2025-02-17
2025w09,1.720122889351494,1.197896069577173,0.522226819774321,TRUE,so2,M2: SDID Centro (Bel. dropped),SDID,2025-02-24
2025w10,2.008533580532413,1.1935243167774892,0.815009263754924,TRUE,so2,M2: SDID Centro (Bel. dropped),SDID,2025-03-03
2025w11,2.3215811375429105,1.4711603139431535,0.850420823599757,TRUE,so2,M2: SDID Centro (Bel. dropped),SDID,2025-03-10
2025w12,1.6370560180998144,1.276794297675865,0.3602617204239493,TRUE,so2,M2: SDID Centro (Bel. dropped),SDID,2025-03-17
2025w13,1.6414962700362288,1.5172076223706221,0.12428864766560666,TRUE,so2,M2: SDID Centro (Bel. dropped),SDID,2025-03-24
2025w14,0.7390124558385621,1.3603872339991439,-0.6213747781605817,TRUE,so2,M2: SDID Centro (Bel. dropped),SDID,2025-03-31
2025w15,0.516204598768542,1.1935165405898365,-0.6773119418212945,TRUE,so2,M2: SDID Centro (Bel. dropped),SDID,2025-04-07
2025w16,1.0864692240302665,1.0955195410130427,-0.009050316982776252,TRUE,so2,M2: SDID Centro (Bel. dropped),SDID,2025-04-14
2025w17,1.538024856189332,1.220377089278951,0.317647766910381,TRUE,so2,M2: SDID Centro (Bel. dropped),SDID,2025-04-21
2025w18,1.8452964772875415,1.1016376164622772,0.7436588608252643,TRUE,so2,M2: SDID Centro (Bel. dropped),SDID,2025-04-28
2025w19,1.6100327276654296,1.4364344443588435,0.1735982833065861,TRUE,so2,M2: SDID Centro (Bel. dropped),SDID,2025-05-05
2025w20,2.022918635983029,1.1978618906143648,0.8250567453686644,TRUE,so2,M2: SDID Centro (Bel. dropped),SDID,2025-05-12
2025w21,1.5837876179746853,1.3552055605412248,0.2285820574334605,TRUE,so2,M2: SDID Centro (Bel. dropped),SDID,2025-05-19
2025w22,1.9257836044316683,1.1798130184256501,0.7459705860060182,TRUE,so2,M2: SDID Centro (Bel. dropped),SDID,2025-05-26
2025w23,2.497613107850973,1.39131133189525,1.106301775955723,TRUE,so2,M2: SDID Centro (Bel. dropped),SDID,2025-06-02
2025w24,2.0779831059731206,1.4996267445445806,0.5783563614285401,TRUE,so2,M2: SDID Centro (Bel. dropped),SDID,2025-06-09
2025w25,1.6295397834975922,1.5207181793039002,0.10882160419369202,TRUE,so2,M2: SDID Centro (Bel. dropped),SDID,2025-06-16
2022w48,1.4955553313430772,1.6704023081555468,-0.17484697681246963,FALSE,so2,M2b: SDID Centro (Bel. in pool),SDID,2022-11-28
2022w49,2.0118072251771397,2.03348382596443,-0.02167660078729039,FALSE,so2,M2b: SDID Centro (Bel. in pool),SDID,2022-12-05
2022w50,1.914201227737404,1.798186159780203,0.11601506795720118,FALSE,so2,M2b: SDID Centro (Bel. in pool),SDID,2022-12-12
2022w51,1.602179294471848,1.6662636846420404,-0.0640843901701924,FALSE,so2,M2b: SDID Centro (Bel. in pool),SDID,2022-12-19
2022w52,1.6333826562228564,1.635383755017499,-0.0020010987946426084,FALSE,so2,M2b: SDID Centro (Bel. in pool),SDID,2022-12-26
2023w01,2.0149832163108723,1.6722083223895576,0.34277489392131466,FALSE,so2,M2b: SDID Centro (Bel. in pool),SDID,2023-01-02
2023w02,1.8943128909858702,1.5313738322244612,0.362939058761409,FALSE,so2,M2b: SDID Centro (Bel. in pool),SDID,2023-01-09
2023w03,1.8284782383462077,1.6595284075004502,0.16894983084575754,FALSE,so2,M2b: SDID Centro (Bel. in pool),SDID,2023-01-16
2023w04,1.812308017761103,1.7143099659128518,0.09799805184825128,FALSE,so2,M2b: SDID Centro (Bel. in pool),SDID,2023-01-23
2023w05,1.8963178990454577,1.912360375231786,-0.01604247618632826,FALSE,so2,M2b: SDID Centro (Bel. in pool),SDID,2023-01-30
2023w06,2.1462963200308636,1.9923746493707142,0.1539216706601494,FALSE,so2,M2b: SDID Centro (Bel. in pool),SDID,2023-02-06
2023w07,2.395764440259997,1.7714913887743016,0.6242730514856956,FALSE,so2,M2b: SDID Centro (Bel. in pool),SDID,2023-02-13
2023w08,1.9458534314915117,1.6368707148864785,0.3089827166050332,FALSE,so2,M2b: SDID Centro (Bel. in pool),SDID,2023-02-20
2023w09,2.0008210551638985,1.874833929926879,0.1259871252370195,FALSE,so2,M2b: SDID Centro (Bel. in pool),SDID,2023-02-27
2023w10,2.2989216782641466,1.5561531315730512,0.7427685466910954,FALSE,so2,M2b: SDID Centro (Bel. in pool),SDID,2023-03-06
2023w11,2.1747347964378854,1.6066806104908096,0.5680541859470758,FALSE,so2,M2b: SDID Centro (Bel. in pool),SDID,2023-03-13
2023w12,2.279561013169187,1.5806992154347346,0.6988617977344522,FALSE,so2,M2b: SDID Centro (Bel. in pool),SDID,2023-03-20
2023w13,2.127550852497654,1.2212839949024064,0.9062668575952477,FALSE,so2,M2b: SDID Centro (Bel. in pool),SDID,2023-03-27
2023w14,2.214758863481375,1.2726163919853262,0.9421424714960489,FALSE,so2,M2b: SDID Centro (Bel. in pool),SDID,2023-04-03
2023w15,1.9378751644504455,1.2943190932722635,0.643556071178182,FALSE,so2,M2b: SDID Centro (Bel. in pool),SDID,2023-04-10
2023w16,1.9039070458918947,1.2353364892048166,0.6685705566870781,FALSE,so2,M2b: SDID Centro (Bel. in pool),SDID,2023-04-17
2023w17,2.094449454087756,1.6619970415983194,0.43245241248943644,FALSE,so2,M2b: SDID Centro (Bel. in pool),SDID,2023-04-24
2023w18,1.3414285705799611,1.306998478485042,0.03443009209491921,FALSE,so2,M2b: SDID Centro (Bel. in pool),SDID,2023-05-01
2023w19,1.6598324923222576,1.4290992807980762,0.23073321152418136,FALSE,so2,M2b: SDID Centro (Bel. in pool),SDID,2023-05-08
2023w20,1.9212932512117533,1.5381376651284837,0.3831555860832696,FALSE,so2,M2b: SDID Centro (Bel. in pool),SDID,2023-05-15
2023w21,1.9713202534520227,1.460293789506336,0.5110264639456867,FALSE,so2,M2b: SDID Centro (Bel. in pool),SDID,2023-05-22
2023w22,1.9675791815283272,1.4359263585376667,0.5316528229906605,FALSE,so2,M2b: SDID Centro (Bel. in pool),SDID,2023-05-29
2023w23,2.326613564452222,1.5958145440870692,0.7307990203651527,FALSE,so2,M2b: SDID Centro (Bel. in pool),SDID,2023-06-05
2023w24,1.9904382311198885,1.4512344093670886,0.5392038217527999,FALSE,so2,M2b: SDID Centro (Bel. in pool),SDID,2023-06-12
2023w25,1.6914188510919337,1.547488186526821,0.1439306645651126,FALSE,so2,M2b: SDID Centro (Bel. in pool),SDID,2023-06-19
2023w26,1.8573476571635825,1.5975071535690042,0.25984050359457833,FALSE,so2,M2b: SDID Centro (Bel. in pool),SDID,2023-06-26
2023w27,2.21204972160347,1.4277276668330572,0.7843220547704126,FALSE,so2,M2b: SDID Centro (Bel. in pool),SDID,2023-07-03
2023w28,1.923677935056695,1.4540000203694374,0.4696779146872576,FALSE,so2,M2b: SDID Centro (Bel. in pool),SDID,2023-07-10
2023w29,1.3562569969693516,1.3445835165310032,0.011673480438348482,FALSE,so2,M2b: SDID Centro (Bel. in pool),SDID,2023-07-17
2023w30,1.6230608915985143,1.297736038939329,0.3253248526591852,FALSE,so2,M2b: SDID Centro (Bel. in pool),SDID,2023-07-24
2023w31,1.1340615517862913,1.282087330193532,-0.14802577840724074,FALSE,so2,M2b: SDID Centro (Bel. in pool),SDID,2023-07-31
2023w32,0.9692552059772844,1.3206577840310854,-0.35140257805380093,FALSE,so2,M2b: SDID Centro (Bel. in pool),SDID,2023-08-07
2023w33,1.6335334405898199,1.461736752639506,0.1717966879503139,FALSE,so2,M2b: SDID Centro (Bel. in pool),SDID,2023-08-14
2023w34,1.6935865189930603,1.3568035545753223,0.33678296441773803,FALSE,so2,M2b: SDID Centro (Bel. in pool),SDID,2023-08-21
2023w35,0.8703640563369601,1.398710441858211,-0.5283463855212509,FALSE,so2,M2b: SDID Centro (Bel. in pool),SDID,2023-08-28
2023w36,0.74731248915860915,1.5854246967436485,-0.8381122075850393,FALSE,so2,M2b: SDID Centro (Bel. in pool),SDID,2023-09-04
2023w37,0.7617322604236403,1.5310782554649185,-0.7693459950412782,FALSE,so2,M2b: SDID Centro (Bel. in pool),SDID,2023-09-11
2023w38,1.205231922683578,1.429002924711559,-0.22377100202798106,FALSE,so2,M2b: SDID Centro (Bel. in pool),SDID,2023-09-18
2023w39,1.2818536049572709,1.438556096313829,-0.15670249135655823,FALSE,so2,M2b: SDID Centro (Bel. in pool),SDID,2023-09-25
2023w40,1.6024168462729624,1.3630136341571752,0.2394032121157872,FALSE,so2,M2b: SDID Centro (Bel. in pool),SDID,2023-10-02
2023w41,1.2093121172013157,1.5547959812278511,-0.3454838640265354,FALSE,so2,M2b: SDID Centro (Bel. in pool),SDID,2023-10-09
2023w42,1.292121950701237,1.6468389554297735,-0.3547170047285366,FALSE,so2,M2b: SDID Centro (Bel. in pool),SDID,2023-10-16
2023w43,1.4250888301358149,1.5182673508149886,-0.09317852067917376,FALSE,so2,M2b: SDID Centro (Bel. in pool),SDID,2023-10-23
2023w44,2.149848805273538,1.7485596700591222,0.4012891352144159,FALSE,so2,M2b: SDID Centro (Bel. in pool),SDID,2023-10-30
2023w45,0.661495710388533,1.5875829725499437,-0.9260872621614107,FALSE,so2,M2b: SDID Centro (Bel. in pool),SDID,2023-11-06
2023w46,1.316573050077618,1.1378204203516336,0.1787526297259845,FALSE,so2,M2b: SDID Centro (Bel. in pool),SDID,2023-11-13
2023w47,1.3657256558430593,1.583296532782487,-0.21757087693942778,FALSE,so2,M2b: SDID Centro (Bel. in pool),SDID,2023-11-20
2023w48,1.5727785867142798,1.459220166831668,0.11355841988261184,FALSE,so2,M2b: SDID Centro (Bel. in pool),SDID,2023-11-27
2023w49,1.4310184936145485,1.5970896857146233,-0.16607119210007482,TRUE,so2,M2b: SDID Centro (Bel. in pool),SDID,2023-12-04
2023w50,1.971316950193459,1.5570454650700705,0.4142714851233886,TRUE,so2,M2b: SDID Centro (Bel. in pool),SDID,2023-12-11
2023w51,1.2998789360568404,1.3719339644728652,-0.07205502841602485,TRUE,so2,M2b: SDID Centro (Bel. in pool),SDID,2023-12-18
2023w52,1.203298399085138,0.8141677405710738,0.38913065851406425,TRUE,so2,M2b: SDID Centro (Bel. in pool),SDID,2023-12-25
2024w01,1.8735104345038993,1.4810172416693033,0.39249319283459605,TRUE,so2,M2b: SDID Centro (Bel. in pool),SDID,2024-01-01
2024w02,1.6450385384602324,1.3547331172296417,0.29030542123059067,TRUE,so2,M2b: SDID Centro (Bel. in pool),SDID,2024-01-08
2024w03,1.707287209310769,1.2467729657889353,0.4605142435218337,TRUE,so2,M2b: SDID Centro (Bel. in pool),SDID,2024-01-15
2024w04,1.1021547914319219,0.9927753536740281,0.10937943775789372,TRUE,so2,M2b: SDID Centro (Bel. in pool),SDID,2024-01-22
2024w05,1.4769612349247365,1.4392496241381652,0.03771161078657137,TRUE,so2,M2b: SDID Centro (Bel. in pool),SDID,2024-01-29
2024w06,1.631167331936011,1.6889635971439567,-0.057796265207945785,TRUE,so2,M2b: SDID Centro (Bel. in pool),SDID,2024-02-05
2024w07,1.1859944632270936,0.9891934398791695,0.19680102334792404,TRUE,so2,M2b: SDID Centro (Bel. in pool),SDID,2024-02-12
2024w08,1.6699170157677787,1.3611800675002976,0.3087369482674811,TRUE,so2,M2b: SDID Centro (Bel. in pool),SDID,2024-02-19
2024w09,2.1696982933178086,1.6583410068105517,0.5113572865072569,TRUE,so2,M2b: SDID Centro (Bel. in pool),SDID,2024-02-26
2024w10,2.0994796154350923,1.7448043781151852,0.35467523731990713,TRUE,so2,M2b: SDID Centro (Bel. in pool),SDID,2024-03-04
2024w11,1.8817628024473716,1.648632295082086,0.23313050736528562,TRUE,so2,M2b: SDID Centro (Bel. in pool),SDID,2024-03-11
2024w12,2.0512097779054077,2.0663329573121376,-0.015123179406729914,TRUE,so2,M2b: SDID Centro (Bel. in pool),SDID,2024-03-18
2024w13,2.3366317296328125,2.0371115892085436,0.2995201404242689,TRUE,so2,M2b: SDID Centro (Bel. in pool),SDID,2024-03-25
2024w14,2.5036762622438022,1.7247344173102026,0.7789418449335996,TRUE,so2,M2b: SDID Centro (Bel. in pool),SDID,2024-04-01
2024w15,1.8660270064626079,1.967304830301057,-0.10127782383844908,TRUE,so2,M2b: SDID Centro (Bel. in pool),SDID,2024-04-08
2024w16,2.0051188923848837,2.082835521809969,-0.07771662942508506,TRUE,so2,M2b: SDID Centro (Bel. in pool),SDID,2024-04-15
2024w17,2.0409620046593235,2.3447622521718845,-0.30380024751256096,TRUE,so2,M2b: SDID Centro (Bel. in pool),SDID,2024-04-22
2024w18,1.829423677683357,2.0429482393146774,-0.2135245616313204,TRUE,so2,M2b: SDID Centro (Bel. in pool),SDID,2024-04-29
2024w19,2.2836581637853155,2.3165154570157704,-0.03285729323045494,TRUE,so2,M2b: SDID Centro (Bel. in pool),SDID,2024-05-06
2024w20,2.212091285284866,2.425577492523253,-0.21348620723838696,TRUE,so2,M2b: SDID Centro (Bel. in pool),SDID,2024-05-13
2024w21,1.2958120084460485,1.9205775204217936,-0.6247655119757451,TRUE,so2,M2b: SDID Centro (Bel. in pool),SDID,2024-05-20
2024w22,1.1229343739702735,1.575902903797512,-0.45296852982723856,TRUE,so2,M2b: SDID Centro (Bel. in pool),SDID,2024-05-27
2024w23,1.301219946819507,1.6175737760316469,-0.31635382921213995,TRUE,so2,M2b: SDID Centro (Bel. in pool),SDID,2024-06-03
2024w24,1.6861299855960281,1.6316058787139358,0.054524106882092305,TRUE,so2,M2b: SDID Centro (Bel. in pool),SDID,2024-06-10
2024w25,1.6712651505008893,2.012880335876105,-0.34161518537521585,TRUE,so2,M2b: SDID Centro (Bel. in pool),SDID,2024-06-17
2024w26,1.7154652633352308,1.6837776422259445,0.031687621109286246,TRUE,so2,M2b: SDID Centro (Bel. in pool),SDID,2024-06-24
2024w27,1.7359209266518185,1.7778509500235793,-0.04193002337176077,TRUE,so2,M2b: SDID Centro (Bel. in pool),SDID,2024-07-01
2024w28,1.5086140620977329,1.902009651905963,-0.3933955898082302,TRUE,so2,M2b: SDID Centro (Bel. in pool),SDID,2024-07-08
2024w29,1.1796086966561217,1.5159935071966208,-0.3363848105404992,TRUE,so2,M2b: SDID Centro (Bel. in pool),SDID,2024-07-15
2024w30,1.4820340186858996,2.089547235568863,-0.6075132168829636,TRUE,so2,M2b: SDID Centro (Bel. in pool),SDID,2024-07-22
2024w31,1.5420236274679575,1.7979644863076194,-0.2559408588396619,TRUE,so2,M2b: SDID Centro (Bel. in pool),SDID,2024-07-29
2024w32,1.673293396959677,2.0146789416307826,-0.3413855446711056,TRUE,so2,M2b: SDID Centro (Bel. in pool),SDID,2024-08-05
2024w33,1.4102405068284727,1.8066273430042714,-0.39638683617579873,TRUE,so2,M2b: SDID Centro (Bel. in pool),SDID,2024-08-12
2024w34,1.7624464081741138,1.5846219279819824,0.17782448019213137,TRUE,so2,M2b: SDID Centro (Bel. in pool),SDID,2024-08-19
2024w35,1.8076810805555052,1.6614050801768692,0.14627600037863608,TRUE,so2,M2b: SDID Centro (Bel. in pool),SDID,2024-08-26
2024w36,1.2511510388311442,1.613854486115928,-0.3627034472847839,TRUE,so2,M2b: SDID Centro (Bel. in pool),SDID,2024-09-02
2024w37,1.0392780202654692,1.4802276345896679,-0.44094961432419866,TRUE,so2,M2b: SDID Centro (Bel. in pool),SDID,2024-09-09
2024w52,2.41029057406402,1.582493079771431,0.8277974942925892,TRUE,so2,M2b: SDID Centro (Bel. in pool),SDID,2024-12-23
2025w01,2.085190359955586,1.3169759536914538,0.7682144062641323,TRUE,so2,M2b: SDID Centro (Bel. in pool),SDID,2024-12-30
2025w02,2.169451241776645,1.5174648237067174,0.6519864180699275,TRUE,so2,M2b: SDID Centro (Bel. in pool),SDID,2025-01-06
2025w03,2.0384092902576088,1.6864141927053307,0.3519950975522781,TRUE,so2,M2b: SDID Centro (Bel. in pool),SDID,2025-01-13
2025w04,1.9076254419788636,1.6842123273034113,0.22341311467545233,TRUE,so2,M2b: SDID Centro (Bel. in pool),SDID,2025-01-20
2025w05,2.127062954783335,1.343407156182108,0.7836557986012271,TRUE,so2,M2b: SDID Centro (Bel. in pool),SDID,2025-01-27
2025w06,2.6656793849498728,1.6860239618632895,0.9796554230865833,TRUE,so2,M2b: SDID Centro (Bel. in pool),SDID,2025-02-03
2025w07,2.149345995488094,1.1106228291593847,1.0387231663287093,TRUE,so2,M2b: SDID Centro (Bel. in pool),SDID,2025-02-10
2025w08,1.6616059077019805,0.957202384448613,0.7044035232533674,TRUE,so2,M2b: SDID Centro (Bel. in pool),SDID,2025-02-17
2025w09,1.720122889351494,1.1451518060693548,0.5749710832821391,TRUE,so2,M2b: SDID Centro (Bel. in pool),SDID,2025-02-24
2025w10,2.008533580532413,1.1055123642776232,0.9030212162547899,TRUE,so2,M2b: SDID Centro (Bel. in pool),SDID,2025-03-03
2025w11,2.3215811375429105,1.3866436587698134,0.9349374787730971,TRUE,so2,M2b: SDID Centro (Bel. in pool),SDID,2025-03-10
2025w12,1.6370560180998144,1.235557577567673,0.40149844053214134,TRUE,so2,M2b: SDID Centro (Bel. in pool),SDID,2025-03-17
2025w13,1.6414962700362288,1.4919009488203976,0.1495953212158312,TRUE,so2,M2b: SDID Centro (Bel. in pool),SDID,2025-03-24
2025w14,0.7390124558385621,1.354224484294848,-0.615212028456286,TRUE,so2,M2b: SDID Centro (Bel. in pool),SDID,2025-03-31
2025w15,0.516204598768542,1.1673044979953977,-0.6510998992268557,TRUE,so2,M2b: SDID Centro (Bel. in pool),SDID,2025-04-07
2025w16,1.0864692240302665,1.0769962854853576,0.009472938544908827,TRUE,so2,M2b: SDID Centro (Bel. in pool),SDID,2025-04-14
2025w17,1.538024856189332,1.2613529103683256,0.2766719458210063,TRUE,so2,M2b: SDID Centro (Bel. in pool),SDID,2025-04-21
2025w18,1.8452964772875415,1.1487799198587272,0.6965165574288144,TRUE,so2,M2b: SDID Centro (Bel. in pool),SDID,2025-04-28
2025w19,1.6100327276654296,1.413764833513247,0.1962678941521825,TRUE,so2,M2b: SDID Centro (Bel. in pool),SDID,2025-05-05
2025w20,2.022918635983029,1.251118811473165,0.7717998245098641,TRUE,so2,M2b: SDID Centro (Bel. in pool),SDID,2025-05-12
2025w21,1.5837876179746853,1.3021511083263988,0.28163650964828646,TRUE,so2,M2b: SDID Centro (Bel. in pool),SDID,2025-05-19
2025w22,1.9257836044316683,1.1704070880663051,0.7553765163653632,TRUE,so2,M2b: SDID Centro (Bel. in pool),SDID,2025-05-26
2025w23,2.497613107850973,1.419000914763994,1.078612193086979,TRUE,so2,M2b: SDID Centro (Bel. in pool),SDID,2025-06-02
2025w24,2.0779831059731206,1.5210450027675897,0.5569381032055309,TRUE,so2,M2b: SDID Centro (Bel. in pool),SDID,2025-06-09
2025w25,1.6295397834975922,1.4259326598498951,0.20360712364769706,TRUE,so2,M2b: SDID Centro (Bel. in pool),SDID,2025-06-16
2022w48,1.8190520477222982,1.6119881018144007,0.20706394590789756,FALSE,so2,M3: SDID Belisario (Centro dropped),SDID,2022-11-28
2022w49,2.129019880992872,2.0022018985877734,0.12681798240509856,FALSE,so2,M3: SDID Belisario (Centro dropped),SDID,2022-12-05
2022w50,1.842408609315172,1.7732503064577347,0.06915830285743718,FALSE,so2,M3: SDID Belisario (Centro dropped),SDID,2022-12-12
2022w51,1.6823460619371586,1.6581631428929737,0.024182919044184903,FALSE,so2,M3: SDID Belisario (Centro dropped),SDID,2022-12-19
2022w52,1.2815215884988083,1.7297139442201719,-0.4481923557213636,FALSE,so2,M3: SDID Belisario (Centro dropped),SDID,2022-12-26
2023w01,1.6722064931529794,1.667997405742735,0.004209087410244505,FALSE,so2,M3: SDID Belisario (Centro dropped),SDID,2023-01-02
2023w02,1.4090342147087227,1.5599232716952989,-0.15088905698657618,FALSE,so2,M3: SDID Belisario (Centro dropped),SDID,2023-01-09
2023w03,1.4647870580754945,1.6984390768450683,-0.23365201876957387,FALSE,so2,M3: SDID Belisario (Centro dropped),SDID,2023-01-16
2023w04,1.3580561563979434,1.8097717875541735,-0.45171563115623004,FALSE,so2,M3: SDID Belisario (Centro dropped),SDID,2023-01-23
2023w05,1.8941401346819005,1.916297317619475,-0.022157182937574627,FALSE,so2,M3: SDID Belisario (Centro dropped),SDID,2023-01-30
2023w06,1.9566981233808416,1.9782083414299314,-0.021510218049089813,FALSE,so2,M3: SDID Belisario (Centro dropped),SDID,2023-02-06
2023w07,2.1405267775784775,1.658097667439156,0.48242911013932144,FALSE,so2,M3: SDID Belisario (Centro dropped),SDID,2023-02-13
2023w08,1.6751790955437582,1.6183893319939893,0.056789763549768946,FALSE,so2,M3: SDID Belisario (Centro dropped),SDID,2023-02-20
2023w09,2.062318678339337,1.8098102586553448,0.2525084196839922,FALSE,so2,M3: SDID Belisario (Centro dropped),SDID,2023-02-27
2023w10,1.8393367768250781,1.4823328392052972,0.3570039376197809,FALSE,so2,M3: SDID Belisario (Centro dropped),SDID,2023-03-06
2023w11,1.7012594251890047,1.5795702522355253,0.12168917295347947,FALSE,so2,M3: SDID Belisario (Centro dropped),SDID,2023-03-13
2023w12,1.7232431428669537,1.5289244257639012,0.19431871710305249,FALSE,so2,M3: SDID Belisario (Centro dropped),SDID,2023-03-20
2023w13,1.6983707075772334,1.0686549662795688,0.6297157412976646,FALSE,so2,M3: SDID Belisario (Centro dropped),SDID,2023-03-27
2023w14,1.6496006363656084,1.1543358407654072,0.4952647956002012,FALSE,so2,M3: SDID Belisario (Centro dropped),SDID,2023-04-03
2023w15,1.6659796061982404,1.1812265129818529,0.4847530932163875,FALSE,so2,M3: SDID Belisario (Centro dropped),SDID,2023-04-10
2023w16,1.6352438763817236,1.1170622881836898,0.5181815881980338,FALSE,so2,M3: SDID Belisario (Centro dropped),SDID,2023-04-17
2023w17,1.9412175625837056,1.565662268044644,0.37555529453906167,FALSE,so2,M3: SDID Belisario (Centro dropped),SDID,2023-04-24
2023w18,1.41767031949769,1.2685261085578512,0.14914421093983887,FALSE,so2,M3: SDID Belisario (Centro dropped),SDID,2023-05-01
2023w19,1.5615113699265468,1.3826510305005326,0.1788603394260142,FALSE,so2,M3: SDID Belisario (Centro dropped),SDID,2023-05-08
2023w20,2.0073772662229787,1.3926534246827258,0.614723841540253,FALSE,so2,M3: SDID Belisario (Centro dropped),SDID,2023-05-15
2023w21,1.834958240336146,1.342067314423988,0.4928909259121579,FALSE,so2,M3: SDID Belisario (Centro dropped),SDID,2023-05-22
2023w22,1.812898306499783,1.3211549295591842,0.4917433769405988,FALSE,so2,M3: SDID Belisario (Centro dropped),SDID,2023-05-29
2023w23,2.0177958787363215,1.4644106971638264,0.553385181572495,FALSE,so2,M3: SDID Belisario (Centro dropped),SDID,2023-06-05
2023w24,1.703398993098038,1.3637545399139346,0.3396444531841034,FALSE,so2,M3: SDID Belisario (Centro dropped),SDID,2023-06-12
2023w25,1.7544961891521884,1.4815591051096433,0.27293708404254513,FALSE,so2,M3: SDID Belisario (Centro dropped),SDID,2023-06-19
2023w26,1.8572957351203447,1.5200986120445676,0.3371971230757771,FALSE,so2,M3: SDID Belisario (Centro dropped),SDID,2023-06-26
2023w27,1.797086082169746,1.325328749094961,0.47175733307478507,FALSE,so2,M3: SDID Belisario (Centro dropped),SDID,2023-07-03
2023w28,1.6767221808862138,1.3819005503646242,0.2948216305215896,FALSE,so2,M3: SDID Belisario (Centro dropped),SDID,2023-07-10
2023w29,1.5935892123778865,1.2889639577341454,0.30462525464374113,FALSE,so2,M3: SDID Belisario (Centro dropped),SDID,2023-07-17
2023w30,1.5893064175148672,1.2115478018564625,0.37775861565840474,FALSE,so2,M3: SDID Belisario (Centro dropped),SDID,2023-07-24
2023w31,1.4937043689990166,1.2293661833267249,0.2643381856722917,FALSE,so2,M3: SDID Belisario (Centro dropped),SDID,2023-07-31
2023w32,1.3026205052216038,1.3143018881494095,-0.011681382927805739,FALSE,so2,M3: SDID Belisario (Centro dropped),SDID,2023-08-07
2023w33,1.6901070636666269,1.3861154458834868,0.3039916177831401,FALSE,so2,M3: SDID Belisario (Centro dropped),SDID,2023-08-14
2023w34,1.4233610468989222,1.3287807773073999,0.09458026959152233,FALSE,so2,M3: SDID Belisario (Centro dropped),SDID,2023-08-21
2023w35,1.3875677285899215,1.4011753503365,-0.013607621746578591,FALSE,so2,M3: SDID Belisario (Centro dropped),SDID,2023-08-28
2023w36,1.342143119886746,1.6522905275154105,-0.31014740762866455,FALSE,so2,M3: SDID Belisario (Centro dropped),SDID,2023-09-04
2023w37,1.3285994996882529,1.5926200126250427,-0.26402051293678985,FALSE,so2,M3: SDID Belisario (Centro dropped),SDID,2023-09-11
2023w38,1.0934547330816982,1.5238605841939172,-0.4304058511122191,FALSE,so2,M3: SDID Belisario (Centro dropped),SDID,2023-09-18
2023w39,1.138393784506138,1.497881752637683,-0.35948796813154504,FALSE,so2,M3: SDID Belisario (Centro dropped),SDID,2023-09-25
2023w40,1.3624706579118415,1.3567865265470112,0.005684131364830369,FALSE,so2,M3: SDID Belisario (Centro dropped),SDID,2023-10-02
2023w41,0.9789247782167674,1.7093660209652426,-0.7304412427484752,FALSE,so2,M3: SDID Belisario (Centro dropped),SDID,2023-10-09
2023w42,1.4188103598982769,1.6836602666801426,-0.2648499067818657,FALSE,so2,M3: SDID Belisario (Centro dropped),SDID,2023-10-16
2023w43,1.1349823417097407,1.6180611887837333,-0.4830788470739926,FALSE,so2,M3: SDID Belisario (Centro dropped),SDID,2023-10-23
2023w44,1.3601544985455776,1.8203837150561721,-0.46022921651059456,FALSE,so2,M3: SDID Belisario (Centro dropped),SDID,2023-10-30
2023w45,1.0655294459941436,1.7466873466904416,-0.681157900696298,FALSE,so2,M3: SDID Belisario (Centro dropped),SDID,2023-11-06
2023w46,1.160748421270534,1.1195741821243261,0.04117423914620777,FALSE,so2,M3: SDID Belisario (Centro dropped),SDID,2023-11-13
2023w47,0.9956700364086433,1.7558220830650928,-0.7601520466564495,FALSE,so2,M3: SDID Belisario (Centro dropped),SDID,2023-11-20
2023w48,1.0551816633242097,1.5482339127291826,-0.49305224940497294,FALSE,so2,M3: SDID Belisario (Centro dropped),SDID,2023-11-27
2023w49,1.5113918008663743,1.6092970701712734,-0.09790526930489918,TRUE,so2,M3: SDID Belisario (Centro dropped),SDID,2023-12-04
2023w50,1.3765738257114626,1.5855816679802242,-0.20900784226876157,TRUE,so2,M3: SDID Belisario (Centro dropped),SDID,2023-12-11
2023w51,1.3143205048263316,1.3769537484544938,-0.06263324362816225,TRUE,so2,M3: SDID Belisario (Centro dropped),SDID,2023-12-18
2023w52,0.8351220519200884,0.8013321282310384,0.03378992368904998,TRUE,so2,M3: SDID Belisario (Centro dropped),SDID,2023-12-25
2024w01,1.3478188519838752,1.5147867508952588,-0.16696789891138364,TRUE,so2,M3: SDID Belisario (Centro dropped),SDID,2024-01-01
2024w02,1.2878589401125775,1.3642535787440977,-0.07639463863152018,TRUE,so2,M3: SDID Belisario (Centro dropped),SDID,2024-01-08
2024w03,0.8190833026809632,1.3596925752366174,-0.5406092725556542,TRUE,so2,M3: SDID Belisario (Centro dropped),SDID,2024-01-15
2024w04,0.9373159847806007,1.0033574294362735,-0.06604144465567274,TRUE,so2,M3: SDID Belisario (Centro dropped),SDID,2024-01-22
2024w05,1.1321559355566797,1.5127462584282543,-0.38059032287157457,TRUE,so2,M3: SDID Belisario (Centro dropped),SDID,2024-01-29
2024w06,1.2780233282166638,1.7874094957343851,-0.5093861675177214,TRUE,so2,M3: SDID Belisario (Centro dropped),SDID,2024-02-05
2024w07,0.6812122334386355,1.0685557339852845,-0.387343500546649,TRUE,so2,M3: SDID Belisario (Centro dropped),SDID,2024-02-12
2024w08,1.232635645483921,1.388664464514228,-0.1560288190303072,TRUE,so2,M3: SDID Belisario (Centro dropped),SDID,2024-02-19
2024w09,1.5790360827469079,1.6700475379328987,-0.09101145518599085,TRUE,so2,M3: SDID Belisario (Centro dropped),SDID,2024-02-26
2024w10,1.6916655384848778,1.7467045559112933,-0.05503901742641548,TRUE,so2,M3: SDID Belisario (Centro dropped),SDID,2024-03-04
2024w11,1.5379107298288566,1.6674315099305257,-0.12952078010166912,TRUE,so2,M3: SDID Belisario (Centro dropped),SDID,2024-03-11
2024w12,2.125484259750268,2.037034716103514,0.08844954364675406,TRUE,so2,M3: SDID Belisario (Centro dropped),SDID,2024-03-18
2024w13,1.9495376032564935,2.037125496730572,-0.08758789347407836,TRUE,so2,M3: SDID Belisario (Centro dropped),SDID,2024-03-25
2024w14,1.658176918676783,1.7485744155065341,-0.09039749682975118,TRUE,so2,M3: SDID Belisario (Centro dropped),SDID,2024-04-01
2024w15,1.5223101891058508,2.07684095135877,-0.554530762252919,TRUE,so2,M3: SDID Belisario (Centro dropped),SDID,2024-04-08
2024w16,2.075497886767062,2.074708057431327,7.89829335734904e-4,TRUE,so2,M3: SDID Belisario (Centro dropped),SDID,2024-04-15
2024w17,1.6782287113120504,2.515440864781006,-0.8372121534689554,TRUE,so2,M3: SDID Belisario (Centro dropped),SDID,2024-04-22
2024w18,1.973135938553711,2.0463605546442,-0.0732246160904888,TRUE,so2,M3: SDID Belisario (Centro dropped),SDID,2024-04-29
2024w19,2.016602491627564,2.397763490441883,-0.38116099881431875,TRUE,so2,M3: SDID Belisario (Centro dropped),SDID,2024-05-06
2024w20,2.5190112524489,2.3888175280056823,0.13019372444321764,TRUE,so2,M3: SDID Belisario (Centro dropped),SDID,2024-05-13
2024w21,1.8203134882614835,1.938323772189332,-0.11801028392784851,TRUE,so2,M3: SDID Belisario (Centro dropped),SDID,2024-05-20
2024w22,1.405778249822176,1.6221757002498625,-0.21639745042768643,TRUE,so2,M3: SDID Belisario (Centro dropped),SDID,2024-05-27
2024w23,1.9742676254305624,1.5329722371436232,0.44129538828693926,TRUE,so2,M3: SDID Belisario (Centro dropped),SDID,2024-06-03
2024w24,2.104275051529493,1.515105970925971,0.5891690806035219,TRUE,so2,M3: SDID Belisario (Centro dropped),SDID,2024-06-10
2024w25,2.1744057198461495,1.9612270921304864,0.2131786277156631,TRUE,so2,M3: SDID Belisario (Centro dropped),SDID,2024-06-17
2024w26,1.7890483526209664,1.6515905680885878,0.13745778453237856,TRUE,so2,M3: SDID Belisario (Centro dropped),SDID,2024-06-24
2024w27,1.6757913605482886,1.802546236204615,-0.12675487565632637,TRUE,so2,M3: SDID Belisario (Centro dropped),SDID,2024-07-01
2024w28,1.7167266516630344,1.940631792839733,-0.22390514117669857,TRUE,so2,M3: SDID Belisario (Centro dropped),SDID,2024-07-08
2024w29,1.500844314121309,1.5249878429010093,-0.024143528779700274,TRUE,so2,M3: SDID Belisario (Centro dropped),SDID,2024-07-15
2024w30,1.8195987124548751,2.144676779097387,-0.32507806664251193,TRUE,so2,M3: SDID Belisario (Centro dropped),SDID,2024-07-22
2024w31,1.7556883060963238,1.8067435797878224,-0.05105527369149865,TRUE,so2,M3: SDID Belisario (Centro dropped),SDID,2024-07-29
2024w32,1.819980902391004,2.0498086178989174,-0.22982771550791337,TRUE,so2,M3: SDID Belisario (Centro dropped),SDID,2024-08-05
2024w33,1.3791659335905366,1.9254531701898288,-0.5462872365992921,TRUE,so2,M3: SDID Belisario (Centro dropped),SDID,2024-08-12
2024w34,1.3420595555717023,1.6562750160590318,-0.3142154604873295,TRUE,so2,M3: SDID Belisario (Centro dropped),SDID,2024-08-19
2024w35,1.4325891388892373,1.7353016472759228,-0.3027125083866855,TRUE,so2,M3: SDID Belisario (Centro dropped),SDID,2024-08-26
2024w36,1.2447378159417801,1.7069835586970683,-0.4622457427552882,TRUE,so2,M3: SDID Belisario (Centro dropped),SDID,2024-09-02
2024w37,1.0798979624848797,1.5780224959682145,-0.49812453348333485,TRUE,so2,M3: SDID Belisario (Centro dropped),SDID,2024-09-09
2024w52,1.9576549112141464,1.4832817330170749,0.4743731781970715,TRUE,so2,M3: SDID Belisario (Centro dropped),SDID,2024-12-23
2025w01,1.6743832139654624,1.2112611183298798,0.4631220956355826,TRUE,so2,M3: SDID Belisario (Centro dropped),SDID,2024-12-30
2025w02,1.7747992433377417,1.4359785796723354,0.3388206636654063,TRUE,so2,M3: SDID Belisario (Centro dropped),SDID,2025-01-06
2025w03,1.6729886728333199,1.6931741837470256,-0.020185510913705684,TRUE,so2,M3: SDID Belisario (Centro dropped),SDID,2025-01-13
2025w04,1.6326100594449697,1.6884569209691316,-0.05584686152416185,TRUE,so2,M3: SDID Belisario (Centro dropped),SDID,2025-01-20
2025w05,1.6278224754989532,1.2535825144661896,0.3742399610327636,TRUE,so2,M3: SDID Belisario (Centro dropped),SDID,2025-01-27
2025w06,1.9286157451105597,1.614566607918766,0.3140491371917937,TRUE,so2,M3: SDID Belisario (Centro dropped),SDID,2025-02-03
2025w07,0.6387624456942603,1.243060717419816,-0.6042982717255557,TRUE,so2,M3: SDID Belisario (Centro dropped),SDID,2025-02-10
2025w08,0.7269231548360473,1.017936840740875,-0.2910136859048278,TRUE,so2,M3: SDID Belisario (Centro dropped),SDID,2025-02-17
2025w09,0.926749179652619,1.1833348443364045,-0.2565856646837854,TRUE,so2,M3: SDID Belisario (Centro dropped),SDID,2025-02-24
2025w10,0.7675708124149089,1.1811857387990752,-0.4136149263841663,TRUE,so2,M3: SDID Belisario (Centro dropped),SDID,2025-03-03
2025w11,1.0735366239381001,1.4651864549693223,-0.3916498310312222,TRUE,so2,M3: SDID Belisario (Centro dropped),SDID,2025-03-10
2025w12,1.0583203725622883,1.261012170719047,-0.20269179815675864,TRUE,so2,M3: SDID Belisario (Centro dropped),SDID,2025-03-17
2025w13,1.3753922003256447,1.5095310531847514,-0.13413885285910676,TRUE,so2,M3: SDID Belisario (Centro dropped),SDID,2025-03-24
2025w14,1.3048821638830945,1.3565328649648984,-0.05165070108180392,TRUE,so2,M3: SDID Belisario (Centro dropped),SDID,2025-03-31
2025w15,1.0608404773858295,1.2008812280459418,-0.14004075066011223,TRUE,so2,M3: SDID Belisario (Centro dropped),SDID,2025-04-07
2025w16,0.9882415558151063,1.0930001618933278,-0.10475860607822152,TRUE,so2,M3: SDID Belisario (Centro dropped),SDID,2025-04-14
2025w17,1.3860581460952495,1.2179214398281677,0.16813670626708177,TRUE,so2,M3: SDID Belisario (Centro dropped),SDID,2025-04-21
2025w18,1.3009367896284574,1.1071753108683877,0.19376147876006966,TRUE,so2,M3: SDID Belisario (Centro dropped),SDID,2025-04-28
2025w19,1.318372852730752,1.4380413046364442,-0.11966845190569209,TRUE,so2,M3: SDID Belisario (Centro dropped),SDID,2025-05-05
2025w20,1.4410193067396695,1.210132783665813,0.2308865230738566,TRUE,so2,M3: SDID Belisario (Centro dropped),SDID,2025-05-12
2025w21,1.1007308994289158,1.3559236354739495,-0.2551927360450337,TRUE,so2,M3: SDID Belisario (Centro dropped),SDID,2025-05-19
2025w22,1.134314579182143,1.1885979433338918,-0.054283364151748836,TRUE,so2,M3: SDID Belisario (Centro dropped),SDID,2025-05-26
2025w23,1.5073835403439444,1.4027544292888687,0.10462911105507566,TRUE,so2,M3: SDID Belisario (Centro dropped),SDID,2025-06-02
2025w24,1.5838348199266734,1.504901519392296,0.0789333005343773,TRUE,so2,M3: SDID Belisario (Centro dropped),SDID,2025-06-09
2025w25,1.0797842854249524,1.5295403850606966,-0.44975609963574414,TRUE,so2,M3: SDID Belisario (Centro dropped),SDID,2025-06-16
