measure,station,month,value,hours
PM2.5 weekday morning peak hour (04-12),belisario,2023-01,8.0,193.0
PM2.5 weekday morning peak hour (04-12),belisario,2023-02,9.0,177.0
PM2.5 weekday morning peak hour (04-12),belisario,2023-03,11.0,204.0
PM2.5 weekday morning peak hour (04-12),belisario,2023-04,8.0,171.0
PM2.5 weekday morning peak hour (04-12),belisario,2023-05,9.0,206.0
PM2.5 weekday morning peak hour (04-12),belisario,2023-06,8.0,198.0
PM2.5 weekday morning peak hour (04-12),belisario,2023-07,8.0,189.0
PM2.5 weekday morning peak hour (04-12),belisario,2023-08,9.0,207.0
PM2.5 weekday morning peak hour (04-12),belisario,2023-09,11.0,189.0
PM2.5 weekday morning peak hour (04-12),belisario,2023-10,10.0,189.0
PM2.5 weekday morning peak hour (04-12),belisario,2023-11,10.0,186.0
PM2.5 weekday morning peak hour (04-12),belisario,2023-12,11.0,189.0
PM2.5 weekday morning peak hour (04-12),belisario,2024-01,11.0,201.0
PM2.5 weekday morning peak hour (04-12),belisario,2024-02,12.0,189.0
PM2.5 weekday morning peak hour (04-12),belisario,2024-03,9.0,189.0
PM2.5 weekday morning peak hour (04-12),belisario,2024-04,11.0,190.0
PM2.5 weekday morning peak hour (04-12),belisario,2024-05,9.0,196.0
PM2.5 weekday morning peak hour (04-12),belisario,2024-06,11.0,180.0
PM2.5 weekday morning peak hour (04-12),belisario,2024-07,9.0,203.0
PM2.5 weekday morning peak hour (04-12),belisario,2024-08,9.0,198.0
PM2.5 weekday morning peak hour (04-12),belisario,2024-09,10.0,182.0
PM2.5 weekday morning peak hour (04-12),belisario,2024-10,8.0,197.0
PM2.5 weekday morning peak hour (04-12),belisario,2024-12,11.0,187.0
PM2.5 weekday morning peak hour (04-12),belisario,2025-01,8.0,198.0
PM2.5 weekday morning peak hour (04-12),belisario,2025-02,11.0,180.0
PM2.5 weekday morning peak hour (04-12),belisario,2025-03,8.0,162.0
PM2.5 weekday morning peak hour (04-12),belisario,2025-04,11.0,193.0
PM2.5 weekday morning peak hour (04-12),belisario,2025-05,8.0,198.0
PM2.5 weekday morning peak hour (04-12),belisario,2025-06,8.0,184.0
PM2.5 weekday morning peak hour (04-12),belisario,2025-07,9.0,207.0
PM2.5 weekday morning peak hour (04-12),belisario,2025-08,11.0,189.0
PM2.5 weekday morning peak hour (04-12),belisario,2025-09,9.0,197.0
PM2.5 weekday morning peak hour (04-12),belisario,2025-10,8.0,206.0
PM2.5 weekday morning peak hour (04-12),belisario,2025-11,9.0,180.0
PM2.5 weekday morning peak hour (04-12),belisario,2025-12,9.0,207.0
PM2.5 weekday morning peak hour (04-12),belisario,2026-01,12.0,195.0
PM2.5 weekday morning peak hour (04-12),belisario,2026-02,10.0,171.0
PM2.5 weekday morning peak hour (04-12),belisario,2026-03,12.0,185.0
PM2.5 weekday morning peak hour (04-12),belisario,2026-04,9.0,194.0
PM2.5 weekday morning peak hour (04-12),belisario,2026-05,12.0,168.0
PM2.5 weekday morning peak hour (04-12),belisario,2026-06,12.0,191.0
PM2.5 weekday morning peak hour (04-12),belisario,2026-07,8.0,203.0
PM2.5 weekday morning peak hour (04-12),belisario,2026-08,8.0,176.0
PM2.5 weekday morning peak hour (04-12),carapungo,2023-01,7.0,195.0
PM2.5 weekday morning peak hour (04-12),carapungo,2023-02,7.0,177.0
PM2.5 weekday morning peak hour (04-12),carapungo,2023-03,11.0,206.0
PM2.5 weekday morning peak hour (04-12),carapungo,2023-04,7.0,174.0
PM2.5 weekday morning peak hour (04-12),carapungo,2023-05,7.0,204.0
PM2.5 weekday morning peak hour (04-12),carapungo,2023-06,7.0,198.0
PM2.5 weekday morning peak hour (04-12),carapungo,2023-07,8.0,189.0
PM2.5 weekday morning peak hour (04-12),carapungo,2023-08,6.0,207.0
PM2.5 weekday morning peak hour (04-12),carapungo,2023-09,7.0,173.0
PM2.5 weekday morning peak hour (04-12),carapungo,2023-10,7.0,193.0
PM2.5 weekday morning peak hour (04-12),carapungo,2023-11,7.0,194.0
PM2.5 weekday morning peak hour (04-12),carapungo,2023-12,7.0,188.0
PM2.5 weekday morning peak hour (04-12),carapungo,2024-01,7.0,206.0
PM2.5 weekday morning peak hour (04-12),carapungo,2024-02,7.0,183.0
PM2.5 weekday morning peak hour (04-12),carapungo,2024-03,7.0,187.0
PM2.5 weekday morning peak hour (04-12),carapungo,2024-04,7.0,184.0
PM2.5 weekday morning peak hour (04-12),carapungo,2024-05,7.0,206.0
PM2.5 weekday morning peak hour (04-12),carapungo,2024-06,6.0,179.0
PM2.5 weekday morning peak hour (04-12),carapungo,2024-07,7.0,207.0
PM2.5 weekday morning peak hour (04-12),carapungo,2024-08,7.0,198.0
PM2.5 weekday morning peak hour (04-12),carapungo,2024-09,6.0,181.0
PM2.5 weekday morning peak hour (04-12),carapungo,2024-10,6.0,186.0
PM2.5 weekday morning peak hour (04-12),carapungo,2024-11,7.0,149.0
PM2.5 weekday morning peak hour (04-12),carapungo,2024-12,7.0,162.0
PM2.5 weekday morning peak hour (04-12),carapungo,2025-01,7.0,207.0
PM2.5 weekday morning peak hour (04-12),carapungo,2025-02,11.0,178.0
PM2.5 weekday morning peak hour (04-12),carapungo,2025-03,7.0,93.0
PM2.5 weekday morning peak hour (04-12),carapungo,2025-04,7.0,173.0
PM2.5 weekday morning peak hour (04-12),carapungo,2025-05,7.0,198.0
PM2.5 weekday morning peak hour (04-12),carapungo,2025-06,7.0,189.0
PM2.5 weekday morning peak hour (04-12),carapungo,2025-07,7.0,200.0
PM2.5 weekday morning peak hour (04-12),carapungo,2025-08,7.0,189.0
PM2.5 weekday morning peak hour (04-12),carapungo,2025-09,7.0,195.0
PM2.5 weekday morning peak hour (04-12),carapungo,2025-10,6.0,187.0
PM2.5 weekday morning peak hour (04-12),carapungo,2025-11,7.0,172.0
PM2.5 weekday morning peak hour (04-12),carapungo,2025-12,6.0,200.0
PM2.5 weekday morning peak hour (04-12),carapungo,2026-01,11.0,197.0
PM2.5 weekday morning peak hour (04-12),carapungo,2026-02,7.0,178.0
PM2.5 weekday morning peak hour (04-12),carapungo,2026-03,7.0,198.0
PM2.5 weekday morning peak hour (04-12),carapungo,2026-04,7.0,195.0
PM2.5 weekday morning peak hour (04-12),carapungo,2026-05,7.0,185.0
PM2.5 weekday morning peak hour (04-12),carapungo,2026-06,7.0,189.0
PM2.5 weekday morning peak hour (04-12),carapungo,2026-07,7.0,201.0
PM2.5 weekday morning peak hour (04-12),carapungo,2026-08,7.0,189.0
PM2.5 weekday morning peak hour (04-12),centro,2023-01,8.0,198.0
PM2.5 weekday morning peak hour (04-12),centro,2023-02,8.0,170.0
PM2.5 weekday morning peak hour (04-12),centro,2023-03,8.0,206.0
PM2.5 weekday morning peak hour (04-12),centro,2023-04,8.0,180.0
PM2.5 weekday morning peak hour (04-12),centro,2023-05,8.0,206.0
PM2.5 weekday morning peak hour (04-12),centro,2023-06,8.0,198.0
PM2.5 weekday morning peak hour (04-12),centro,2023-07,7.0,189.0
PM2.5 weekday morning peak hour (04-12),centro,2023-08,8.0,203.0
PM2.5 weekday morning peak hour (04-12),centro,2023-09,7.0,184.0
PM2.5 weekday morning peak hour (04-12),centro,2023-10,8.0,190.0
PM2.5 weekday morning peak hour (04-12),centro,2023-11,8.0,198.0
PM2.5 weekday morning peak hour (04-12),centro,2023-12,8.0,189.0
PM2.5 weekday morning peak hour (04-12),centro,2024-01,8.0,201.0
PM2.5 weekday morning peak hour (04-12),centro,2024-02,8.0,182.0
PM2.5 weekday morning peak hour (04-12),centro,2024-03,8.0,178.0
PM2.5 weekday morning peak hour (04-12),centro,2024-04,7.0,182.0
PM2.5 weekday morning peak hour (04-12),centro,2024-05,8.0,202.0
PM2.5 weekday morning peak hour (04-12),centro,2024-06,11.0,177.0
PM2.5 weekday morning peak hour (04-12),centro,2024-07,12.0,207.0
PM2.5 weekday morning peak hour (04-12),centro,2024-08,11.0,180.0
PM2.5 weekday morning peak hour (04-12),centro,2024-09,12.0,169.0
PM2.5 weekday morning peak hour (04-12),centro,2024-10,11.0,206.0
PM2.5 weekday morning peak hour (04-12),centro,2024-11,8.0,181.0
PM2.5 weekday morning peak hour (04-12),centro,2024-12,9.0,198.0
PM2.5 weekday morning peak hour (04-12),centro,2025-01,7.0,207.0
PM2.5 weekday morning peak hour (04-12),centro,2025-02,11.0,180.0
PM2.5 weekday morning peak hour (04-12),centro,2025-03,7.0,185.0
PM2.5 weekday morning peak hour (04-12),centro,2025-04,11.0,189.0
PM2.5 weekday morning peak hour (04-12),centro,2025-05,8.0,198.0
PM2.5 weekday morning peak hour (04-12),centro,2025-06,8.0,189.0
PM2.5 weekday morning peak hour (04-12),centro,2025-07,11.0,172.0
PM2.5 weekday morning peak hour (04-12),centro,2025-08,11.0,189.0
PM2.5 weekday morning peak hour (04-12),centro,2025-09,7.0,198.0
PM2.5 weekday morning peak hour (04-12),centro,2025-10,7.0,200.0
PM2.5 weekday morning peak hour (04-12),centro,2025-11,7.0,167.0
PM2.5 weekday morning peak hour (04-12),centro,2025-12,8.0,205.0
PM2.5 weekday morning peak hour (04-12),centro,2026-01,8.0,196.0
PM2.5 weekday morning peak hour (04-12),centro,2026-02,7.0,175.0
PM2.5 weekday morning peak hour (04-12),centro,2026-03,8.0,194.0
PM2.5 weekday morning peak hour (04-12),centro,2026-04,8.0,188.0
PM2.5 weekday morning peak hour (04-12),centro,2026-05,7.0,189.0
PM2.5 weekday morning peak hour (04-12),centro,2026-06,8.0,189.0
PM2.5 weekday morning peak hour (04-12),centro,2026-07,11.0,204.0
PM2.5 weekday morning peak hour (04-12),centro,2026-08,11.0,187.0
PM2.5 weekday morning peak hour (04-12),cotocollao,2023-01,7.0,198.0
PM2.5 weekday morning peak hour (04-12),cotocollao,2023-02,7.0,179.0
PM2.5 weekday morning peak hour (04-12),cotocollao,2023-03,7.0,205.0
PM2.5 weekday morning peak hour (04-12),cotocollao,2023-04,7.0,179.0
PM2.5 weekday morning peak hour (04-12),cotocollao,2023-05,7.0,198.0
PM2.5 weekday morning peak hour (04-12),cotocollao,2023-06,9.0,197.0
PM2.5 weekday morning peak hour (04-12),cotocollao,2023-07,9.0,185.0
PM2.5 weekday morning peak hour (04-12),cotocollao,2023-08,9.0,194.0
PM2.5 weekday morning peak hour (04-12),cotocollao,2023-09,7.0,189.0
PM2.5 weekday morning peak hour (04-12),cotocollao,2023-10,7.0,198.0
PM2.5 weekday morning peak hour (04-12),cotocollao,2023-11,7.0,194.0
PM2.5 weekday morning peak hour (04-12),cotocollao,2023-12,7.0,173.0
PM2.5 weekday morning peak hour (04-12),cotocollao,2024-01,9.0,191.0
PM2.5 weekday morning peak hour (04-12),cotocollao,2024-02,7.0,183.0
PM2.5 weekday morning peak hour (04-12),cotocollao,2024-03,11.0,169.0
PM2.5 weekday morning peak hour (04-12),cotocollao,2024-04,7.0,141.0
PM2.5 weekday morning peak hour (04-12),cotocollao,2024-05,7.0,207.0
PM2.5 weekday morning peak hour (04-12),cotocollao,2024-06,7.0,178.0
PM2.5 weekday morning peak hour (04-12),cotocollao,2024-07,9.0,207.0
PM2.5 weekday morning peak hour (04-12),cotocollao,2024-08,8.0,194.0
PM2.5 weekday morning peak hour (04-12),cotocollao,2024-09,9.0,167.0
PM2.5 weekday morning peak hour (04-12),cotocollao,2024-10,7.0,207.0
PM2.5 weekday morning peak hour (04-12),cotocollao,2024-11,7.0,188.0
PM2.5 weekday morning peak hour (04-12),cotocollao,2024-12,10.0,190.0
PM2.5 weekday morning peak hour (04-12),cotocollao,2025-01,7.0,195.0
PM2.5 weekday morning peak hour (04-12),cotocollao,2025-02,11.0,179.0
PM2.5 weekday morning peak hour (04-12),cotocollao,2025-03,7.0,185.0
PM2.5 weekday morning peak hour (04-12),cotocollao,2025-04,10.0,198.0
PM2.5 weekday morning peak hour (04-12),cotocollao,2025-05,7.0,198.0
PM2.5 weekday morning peak hour (04-12),cotocollao,2025-06,7.0,188.0
PM2.5 weekday morning peak hour (04-12),cotocollao,2025-07,8.0,207.0
PM2.5 weekday morning peak hour (04-12),cotocollao,2025-08,9.0,189.0
PM2.5 weekday morning peak hour (04-12),cotocollao,2025-09,7.0,193.0
PM2.5 weekday morning peak hour (04-12),cotocollao,2025-10,7.0,207.0
PM2.5 weekday morning peak hour (04-12),cotocollao,2025-11,7.0,155.0
PM2.5 weekday morning peak hour (04-12),cotocollao,2025-12,9.0,206.0
PM2.5 weekday morning peak hour (04-12),cotocollao,2026-01,9.0,194.0
PM2.5 weekday morning peak hour (04-12),cotocollao,2026-02,7.0,178.0
PM2.5 weekday morning peak hour (04-12),cotocollao,2026-03,9.0,194.0
PM2.5 weekday morning peak hour (04-12),cotocollao,2026-04,10.0,198.0
PM2.5 weekday morning peak hour (04-12),cotocollao,2026-05,8.0,186.0
PM2.5 weekday morning peak hour (04-12),cotocollao,2026-06,8.0,189.0
PM2.5 weekday morning peak hour (04-12),cotocollao,2026-07,9.0,198.0
PM2.5 weekday morning peak hour (04-12),cotocollao,2026-08,6.0,186.0
PM2.5 weekday morning peak hour (04-12),elcamal,2025-01,7.0,179.0
PM2.5 weekday morning peak hour (04-12),elcamal,2025-02,7.0,180.0
PM2.5 weekday morning peak hour (04-12),elcamal,2025-03,7.0,189.0
PM2.5 weekday morning peak hour (04-12),elcamal,2025-04,7.0,198.0
PM2.5 weekday morning peak hour (04-12),elcamal,2025-05,7.0,198.0
PM2.5 weekday morning peak hour (04-12),elcamal,2025-06,7.0,189.0
PM2.5 weekday morning peak hour (04-12),elcamal,2025-07,9.0,207.0
PM2.5 weekday morning peak hour (04-12),elcamal,2025-08,8.0,189.0
PM2.5 weekday morning peak hour (04-12),elcamal,2025-09,6.0,194.0
PM2.5 weekday morning peak hour (04-12),elcamal,2025-10,7.0,205.0
PM2.5 weekday morning peak hour (04-12),elcamal,2025-11,7.0,180.0
PM2.5 weekday morning peak hour (04-12),elcamal,2025-12,7.0,199.0
PM2.5 weekday morning peak hour (04-12),elcamal,2026-01,7.0,198.0
PM2.5 weekday morning peak hour (04-12),elcamal,2026-02,7.0,177.0
PM2.5 weekday morning peak hour (04-12),elcamal,2026-03,7.0,195.0
PM2.5 weekday morning peak hour (04-12),elcamal,2026-04,7.0,190.0
PM2.5 weekday morning peak hour (04-12),elcamal,2026-05,7.0,188.0
PM2.5 weekday morning peak hour (04-12),elcamal,2026-06,7.0,99.0
PM2.5 weekday morning peak hour (04-12),guamani,2023-01,6.0,191.0
PM2.5 weekday morning peak hour (04-12),guamani,2023-02,6.0,147.0
PM2.5 weekday morning peak hour (04-12),guamani,2023-03,7.0,200.0
PM2.5 weekday morning peak hour (04-12),guamani,2023-04,6.0,175.0
PM2.5 weekday morning peak hour (04-12),guamani,2023-05,11.0,186.0
PM2.5 weekday morning peak hour (04-12),guamani,2023-06,12.0,188.0
PM2.5 weekday morning peak hour (04-12),guamani,2023-07,11.0,184.0
PM2.5 weekday morning peak hour (04-12),guamani,2023-08,11.0,197.0
PM2.5 weekday morning peak hour (04-12),guamani,2023-09,12.0,188.0
PM2.5 weekday morning peak hour (04-12),guamani,2023-10,11.0,194.0
PM2.5 weekday morning peak hour (04-12),guamani,2023-11,11.0,180.0
PM2.5 weekday morning peak hour (04-12),guamani,2023-12,11.0,179.0
PM2.5 weekday morning peak hour (04-12),guamani,2024-01,12.0,195.0
PM2.5 weekday morning peak hour (04-12),guamani,2024-02,6.0,187.0
PM2.5 weekday morning peak hour (04-12),guamani,2024-03,11.0,170.0
PM2.5 weekday morning peak hour (04-12),guamani,2024-04,6.0,179.0
PM2.5 weekday morning peak hour (04-12),guamani,2024-05,6.0,202.0
PM2.5 weekday morning peak hour (04-12),guamani,2024-06,12.0,180.0
PM2.5 weekday morning peak hour (04-12),guamani,2024-07,12.0,198.0
PM2.5 weekday morning peak hour (04-12),guamani,2024-08,11.0,198.0
PM2.5 weekday morning peak hour (04-12),guamani,2024-09,11.0,146.0
PM2.5 weekday morning peak hour (04-12),guamani,2024-12,12.0,173.0
PM2.5 weekday morning peak hour (04-12),guamani,2025-01,7.0,189.0
PM2.5 weekday morning peak hour (04-12),guamani,2025-02,7.0,172.0
PM2.5 weekday morning peak hour (04-12),guamani,2025-03,6.0,161.0
PM2.5 weekday morning peak hour (04-12),guamani,2025-04,6.0,198.0
PM2.5 weekday morning peak hour (04-12),guamani,2025-05,6.0,176.0
PM2.5 weekday morning peak hour (04-12),guamani,2025-06,6.0,113.0
PM2.5 weekday morning peak hour (04-12),guamani,2026-08,11.0,108.0
PM2.5 weekday morning peak hour (04-12),loschillos,2023-01,11.0,189.0
PM2.5 weekday morning peak hour (04-12),loschillos,2023-02,10.0,179.0
PM2.5 weekday morning peak hour (04-12),loschillos,2023-03,12.0,207.0
PM2.5 weekday morning peak hour (04-12),loschillos,2023-04,7.0,180.0
PM2.5 weekday morning peak hour (04-12),loschillos,2023-05,7.0,207.0
PM2.5 weekday morning peak hour (04-12),loschillos,2023-06,7.0,189.0
PM2.5 weekday morning peak hour (04-12),loschillos,2023-07,12.0,189.0
PM2.5 weekday morning peak hour (04-12),loschillos,2023-08,11.0,207.0
PM2.5 weekday morning peak hour (04-12),loschillos,2023-09,7.0,189.0
PM2.5 weekday morning peak hour (04-12),loschillos,2023-10,12.0,197.0
PM2.5 weekday morning peak hour (04-12),loschillos,2023-11,10.0,198.0
PM2.5 weekday morning peak hour (04-12),loschillos,2023-12,9.0,165.0
PM2.5 weekday morning peak hour (04-12),loschillos,2024-01,8.0,202.0
PM2.5 weekday morning peak hour (04-12),loschillos,2024-02,8.0,187.0
PM2.5 weekday morning peak hour (04-12),loschillos,2024-03,7.0,183.0
PM2.5 weekday morning peak hour (04-12),loschillos,2024-04,9.0,123.0
PM2.5 weekday morning peak hour (04-12),loschillos,2024-05,10.0,204.0
PM2.5 weekday morning peak hour (04-12),loschillos,2024-06,12.0,180.0
PM2.5 weekday morning peak hour (04-12),loschillos,2024-07,9.0,207.0
PM2.5 weekday morning peak hour (04-12),loschillos,2024-08,10.0,198.0
PM2.5 weekday morning peak hour (04-12),loschillos,2024-09,8.0,168.0
PM2.5 weekday morning peak hour (04-12),loschillos,2024-10,11.0,112.0
PM2.5 weekday morning peak hour (04-12),loschillos,2024-12,11.0,171.0
PM2.5 weekday morning peak hour (04-12),loschillos,2025-01,10.0,207.0
PM2.5 weekday morning peak hour (04-12),loschillos,2025-02,10.0,159.0
PM2.5 weekday morning peak hour (04-12),loschillos,2025-03,9.0,99.0
PM2.5 weekday morning peak hour (04-12),loschillos,2025-04,9.0,143.0
PM2.5 weekday morning peak hour (04-12),loschillos,2025-05,10.0,198.0
PM2.5 weekday morning peak hour (04-12),loschillos,2025-06,9.0,188.0
PM2.5 weekday morning peak hour (04-12),loschillos,2025-07,9.0,205.0
PM2.5 weekday morning peak hour (04-12),loschillos,2025-08,9.0,189.0
PM2.5 weekday morning peak hour (04-12),loschillos,2025-09,10.0,184.0
PM2.5 weekday morning peak hour (04-12),loschillos,2025-10,9.0,207.0
PM2.5 weekday morning peak hour (04-12),loschillos,2025-12,8.0,100.0
PM2.5 weekday morning peak hour (04-12),loschillos,2026-01,9.0,197.0
PM2.5 weekday morning peak hour (04-12),loschillos,2026-02,8.0,180.0
PM2.5 weekday morning peak hour (04-12),loschillos,2026-03,10.0,197.0
PM2.5 weekday morning peak hour (04-12),loschillos,2026-04,8.0,185.0
PM2.5 weekday morning peak hour (04-12),loschillos,2026-05,8.0,124.0
PM2.5 weekday morning peak hour (04-12),loschillos,2026-06,9.0,197.0
PM2.5 weekday morning peak hour (04-12),loschillos,2026-07,8.0,165.0
PM2.5 weekday morning peak hour (04-12),loschillos,2026-08,9.0,183.0
PM2.5 weekday morning peak hour (04-12),sanantonio,2023-01,7.0,198.0
PM2.5 weekday morning peak hour (04-12),sanantonio,2023-02,7.0,177.0
PM2.5 weekday morning peak hour (04-12),sanantonio,2023-03,7.0,203.0
PM2.5 weekday morning peak hour (04-12),sanantonio,2023-04,7.0,179.0
PM2.5 weekday morning peak hour (04-12),sanantonio,2023-06,7.0,153.0
PM2.5 weekday morning peak hour (04-12),sanantonio,2023-07,7.0,116.0
PM2.5 weekday morning peak hour (04-12),sanantonio,2023-08,7.0,178.0
PM2.5 weekday morning peak hour (04-12),sanantonio,2023-09,6.0,189.0
PM2.5 weekday morning peak hour (04-12),sanantonio,2023-12,9.0,166.0
PM2.5 weekday morning peak hour (04-12),sanantonio,2024-01,7.0,197.0
PM2.5 weekday morning peak hour (04-12),sanantonio,2024-02,7.0,189.0
PM2.5 weekday morning peak hour (04-12),sanantonio,2024-03,7.0,180.0
PM2.5 weekday morning peak hour (04-12),sanantonio,2024-05,6.0,171.0
PM2.5 weekday morning peak hour (04-12),sanantonio,2024-06,7.0,145.0
PM2.5 weekday morning peak hour (04-12),sanantonio,2024-07,12.0,195.0
PM2.5 weekday morning peak hour (04-12),sanantonio,2024-08,6.0,166.0
PM2.5 weekday morning peak hour (04-12),sanantonio,2024-09,6.0,118.0
PM2.5 weekday morning peak hour (04-12),sanantonio,2025-01,7.0,178.0
PM2.5 weekday morning peak hour (04-12),sanantonio,2025-02,11.0,166.0
PM2.5 weekday morning peak hour (04-12),sanantonio,2025-03,7.0,107.0
PM2.5 weekday morning peak hour (04-12),sanantonio,2025-04,7.0,188.0
PM2.5 weekday morning peak hour (04-12),sanantonio,2025-05,7.0,197.0
PM2.5 weekday morning peak hour (04-12),sanantonio,2025-06,7.0,122.0
PM2.5 weekday morning peak hour (04-12),sanantonio,2025-07,7.0,197.0
PM2.5 weekday morning peak hour (04-12),sanantonio,2025-08,7.0,141.0
PM2.5 weekday morning peak hour (04-12),sanantonio,2025-09,7.0,122.0
PM2.5 weekday morning peak hour (04-12),tumbaco,2023-01,9.0,196.0
PM2.5 weekday morning peak hour (04-12),tumbaco,2023-02,9.0,178.0
PM2.5 weekday morning peak hour (04-12),tumbaco,2023-03,7.0,200.0
PM2.5 weekday morning peak hour (04-12),tumbaco,2023-04,7.0,177.0
PM2.5 weekday morning peak hour (04-12),tumbaco,2023-05,7.0,205.0
PM2.5 weekday morning peak hour (04-12),tumbaco,2023-06,6.0,198.0
PM2.5 weekday morning peak hour (04-12),tumbaco,2023-07,6.0,185.0
PM2.5 weekday morning peak hour (04-12),tumbaco,2023-08,6.0,200.0
PM2.5 weekday morning peak hour (04-12),tumbaco,2023-09,8.0,189.0
PM2.5 weekday morning peak hour (04-12),tumbaco,2023-10,7.0,194.0
PM2.5 weekday morning peak hour (04-12),tumbaco,2023-11,8.0,173.0
PM2.5 weekday morning peak hour (04-12),tumbaco,2023-12,8.0,165.0
PM2.5 weekday morning peak hour (04-12),tumbaco,2024-01,7.0,204.0
PM2.5 weekday morning peak hour (04-12),tumbaco,2024-02,8.0,185.0
PM2.5 weekday morning peak hour (04-12),tumbaco,2024-03,7.0,189.0
PM2.5 weekday morning peak hour (04-12),tumbaco,2024-04,8.0,172.0
PM2.5 weekday morning peak hour (04-12),tumbaco,2024-05,9.0,204.0
PM2.5 weekday morning peak hour (04-12),tumbaco,2024-06,6.0,177.0
PM2.5 weekday morning peak hour (04-12),tumbaco,2024-07,6.0,207.0
PM2.5 weekday morning peak hour (04-12),tumbaco,2024-08,6.0,196.0
PM2.5 weekday morning peak hour (04-12),tumbaco,2024-09,8.0,176.0
PM2.5 weekday morning peak hour (04-12),tumbaco,2024-12,9.0,152.0
PM2.5 weekday morning peak hour (04-12),tumbaco,2025-01,7.0,207.0
PM2.5 weekday morning peak hour (04-12),tumbaco,2025-02,7.0,179.0
PM2.5 weekday morning peak hour (04-12),tumbaco,2025-03,7.0,189.0
PM2.5 weekday morning peak hour (04-12),tumbaco,2025-04,7.0,198.0
PM2.5 weekday morning peak hour (04-12),tumbaco,2025-05,9.0,191.0
PM2.5 weekday morning peak hour (04-12),tumbaco,2025-06,7.0,189.0
PM2.5 weekday morning peak hour (04-12),tumbaco,2025-07,6.0,207.0
PM2.5 weekday morning peak hour (04-12),tumbaco,2025-08,6.0,189.0
PM2.5 weekday morning peak hour (04-12),tumbaco,2025-09,8.0,172.0
PM2.5 weekday morning peak hour (04-12),tumbaco,2025-10,6.0,168.0
PM2.5 weekday morning peak hour (04-12),tumbaco,2025-11,6.0,180.0
PM2.5 weekday morning peak hour (04-12),tumbaco,2025-12,6.0,198.0
PM2.5 weekday morning peak hour (04-12),tumbaco,2026-01,9.0,198.0
PM2.5 weekday morning peak hour (04-12),tumbaco,2026-02,6.0,168.0
PM2.5 weekday morning peak hour (04-12),tumbaco,2026-03,7.0,191.0
PM2.5 weekday morning peak hour (04-12),tumbaco,2026-04,6.0,191.0
PM2.5 weekday morning peak hour (04-12),tumbaco,2026-05,9.0,185.0
PM2.5 weekday morning peak hour (04-12),tumbaco,2026-06,6.0,193.0
PM2.5 weekday morning peak hour (04-12),tumbaco,2026-07,6.0,189.0
PM2.5 weekday morning peak hour (04-12),tumbaco,2026-08,6.0,186.0
CO weekday morning peak hour (04-12),belisario,2023-01,7.0,196.0
CO weekday morning peak hour (04-12),belisario,2023-02,8.0,178.0
CO weekday morning peak hour (04-12),belisario,2023-03,8.0,204.0
CO weekday morning peak hour (04-12),belisario,2023-04,7.0,180.0
CO weekday morning peak hour (04-12),belisario,2023-05,7.0,206.0
CO weekday morning peak hour (04-12),belisario,2023-06,7.0,198.0
CO weekday morning peak hour (04-12),belisario,2023-07,7.0,166.0
CO weekday morning peak hour (04-12),belisario,2023-08,7.0,193.0
CO weekday morning peak hour (04-12),belisario,2023-09,7.0,124.0
CO weekday morning peak hour (04-12),belisario,2023-10,7.0,191.0
CO weekday morning peak hour (04-12),belisario,2023-11,7.0,183.0
CO weekday morning peak hour (04-12),belisario,2023-12,7.0,174.0
CO weekday morning peak hour (04-12),belisario,2024-01,7.0,202.0
CO weekday morning peak hour (04-12),belisario,2024-02,8.0,182.0
CO weekday morning peak hour (04-12),belisario,2024-03,7.0,187.0
CO weekday morning peak hour (04-12),belisario,2024-04,7.0,190.0
CO weekday morning peak hour (04-12),belisario,2024-05,7.0,183.0
CO weekday morning peak hour (04-12),belisario,2024-06,7.0,174.0
CO weekday morning peak hour (04-12),belisario,2024-07,7.0,202.0
CO weekday morning peak hour (04-12),belisario,2024-08,7.0,196.0
CO weekday morning peak hour (04-12),belisario,2024-09,7.0,184.0
CO weekday morning peak hour (04-12),belisario,2024-10,7.0,194.0
CO weekday morning peak hour (04-12),belisario,2024-12,7.0,185.0
CO weekday morning peak hour (04-12),belisario,2025-01,7.0,155.0
CO weekday morning peak hour (04-12),belisario,2025-02,8.0,180.0
CO weekday morning peak hour (04-12),belisario,2025-03,7.0,162.0
CO weekday morning peak hour (04-12),belisario,2025-04,7.0,190.0
CO weekday morning peak hour (04-12),belisario,2025-05,7.0,197.0
CO weekday morning peak hour (04-12),belisario,2025-06,7.0,182.0
CO weekday morning peak hour (04-12),belisario,2025-07,7.0,207.0
CO weekday morning peak hour (04-12),belisario,2025-08,7.0,187.0
CO weekday morning peak hour (04-12),belisario,2025-09,7.0,197.0
CO weekday morning peak hour (04-12),belisario,2025-10,7.0,202.0
CO weekday morning peak hour (04-12),belisario,2025-11,7.0,180.0
CO weekday morning peak hour (04-12),belisario,2025-12,7.0,207.0
CO weekday morning peak hour (04-12),belisario,2026-01,7.0,192.0
CO weekday morning peak hour (04-12),belisario,2026-02,7.0,171.0
CO weekday morning peak hour (04-12),belisario,2026-03,8.0,185.0
CO weekday morning peak hour (04-12),belisario,2026-04,7.0,191.0
CO weekday morning peak hour (04-12),belisario,2026-05,7.0,169.0
CO weekday morning peak hour (04-12),belisario,2026-06,7.0,191.0
CO weekday morning peak hour (04-12),belisario,2026-07,7.0,203.0
CO weekday morning peak hour (04-12),belisario,2026-08,7.0,172.0
CO weekday morning peak hour (04-12),carapungo,2023-01,7.0,194.0
CO weekday morning peak hour (04-12),carapungo,2023-02,7.0,177.0
CO weekday morning peak hour (04-12),carapungo,2023-03,7.0,191.0
CO weekday morning peak hour (04-12),carapungo,2023-04,6.0,173.0
CO weekday morning peak hour (04-12),carapungo,2023-05,7.0,201.0
CO weekday morning peak hour (04-12),carapungo,2023-06,7.0,192.0
CO weekday morning peak hour (04-12),carapungo,2023-07,6.0,185.0
CO weekday morning peak hour (04-12),carapungo,2023-08,6.0,205.0
CO weekday morning peak hour (04-12),carapungo,2023-09,6.0,184.0
CO weekday morning peak hour (04-12),carapungo,2023-10,6.0,192.0
CO weekday morning peak hour (04-12),carapungo,2023-11,7.0,193.0
CO weekday morning peak hour (04-12),carapungo,2023-12,7.0,187.0
CO weekday morning peak hour (04-12),carapungo,2024-01,7.0,201.0
CO weekday morning peak hour (04-12),carapungo,2024-02,7.0,182.0
CO weekday morning peak hour (04-12),carapungo,2024-03,7.0,182.0
CO weekday morning peak hour (04-12),carapungo,2024-04,7.0,176.0
CO weekday morning peak hour (04-12),carapungo,2024-05,6.0,187.0
CO weekday morning peak hour (04-12),carapungo,2024-06,7.0,156.0
CO weekday morning peak hour (04-12),carapungo,2024-07,7.0,185.0
CO weekday morning peak hour (04-12),carapungo,2024-08,6.0,194.0
CO weekday morning peak hour (04-12),carapungo,2024-09,6.0,180.0
CO weekday morning peak hour (04-12),carapungo,2024-10,6.0,186.0
CO weekday morning peak hour (04-12),carapungo,2024-11,6.0,149.0
CO weekday morning peak hour (04-12),carapungo,2024-12,7.0,172.0
CO weekday morning peak hour (04-12),carapungo,2025-01,7.0,204.0
CO weekday morning peak hour (04-12),carapungo,2025-02,7.0,177.0
CO weekday morning peak hour (04-12),carapungo,2025-03,7.0,98.0
CO weekday morning peak hour (04-12),carapungo,2025-04,7.0,186.0
CO weekday morning peak hour (04-12),carapungo,2025-05,7.0,195.0
CO weekday morning peak hour (04-12),carapungo,2025-06,7.0,182.0
CO weekday morning peak hour (04-12),carapungo,2025-07,7.0,197.0
CO weekday morning peak hour (04-12),carapungo,2025-08,6.0,160.0
CO weekday morning peak hour (04-12),carapungo,2025-09,6.0,166.0
CO weekday morning peak hour (04-12),carapungo,2025-10,7.0,185.0
CO weekday morning peak hour (04-12),carapungo,2025-11,7.0,170.0
CO weekday morning peak hour (04-12),carapungo,2025-12,6.0,199.0
CO weekday morning peak hour (04-12),carapungo,2026-01,7.0,198.0
CO weekday morning peak hour (04-12),carapungo,2026-02,7.0,176.0
CO weekday morning peak hour (04-12),carapungo,2026-03,7.0,197.0
CO weekday morning peak hour (04-12),carapungo,2026-04,7.0,192.0
CO weekday morning peak hour (04-12),carapungo,2026-05,7.0,188.0
CO weekday morning peak hour (04-12),carapungo,2026-06,7.0,193.0
CO weekday morning peak hour (04-12),carapungo,2026-07,6.0,203.0
CO weekday morning peak hour (04-12),carapungo,2026-08,6.0,189.0
CO weekday morning peak hour (04-12),centro,2023-01,7.0,198.0
CO weekday morning peak hour (04-12),centro,2023-02,7.0,174.0
CO weekday morning peak hour (04-12),centro,2023-03,7.0,207.0
CO weekday morning peak hour (04-12),centro,2023-04,7.0,157.0
CO weekday morning peak hour (04-12),centro,2023-05,7.0,186.0
CO weekday morning peak hour (04-12),centro,2023-06,7.0,194.0
CO weekday morning peak hour (04-12),centro,2023-07,7.0,188.0
CO weekday morning peak hour (04-12),centro,2023-08,7.0,204.0
CO weekday morning peak hour (04-12),centro,2023-09,6.0,180.0
CO weekday morning peak hour (04-12),centro,2023-10,7.0,187.0
CO weekday morning peak hour (04-12),centro,2023-11,7.0,197.0
CO weekday morning peak hour (04-12),centro,2023-12,7.0,187.0
CO weekday morning peak hour (04-12),centro,2024-01,7.0,207.0
CO weekday morning peak hour (04-12),centro,2024-02,7.0,181.0
CO weekday morning peak hour (04-12),centro,2024-03,7.0,186.0
CO weekday morning peak hour (04-12),centro,2024-04,7.0,182.0
CO weekday morning peak hour (04-12),centro,2024-05,7.0,200.0
CO weekday morning peak hour (04-12),centro,2024-06,7.0,178.0
CO weekday morning peak hour (04-12),centro,2024-07,7.0,207.0
CO weekday morning peak hour (04-12),centro,2024-08,7.0,195.0
CO weekday morning peak hour (04-12),centro,2024-09,6.0,172.0
CO weekday morning peak hour (04-12),centro,2024-10,7.0,204.0
CO weekday morning peak hour (04-12),centro,2024-11,7.0,181.0
CO weekday morning peak hour (04-12),centro,2024-12,7.0,192.0
CO weekday morning peak hour (04-12),centro,2025-01,7.0,204.0
CO weekday morning peak hour (04-12),centro,2025-02,7.0,180.0
CO weekday morning peak hour (04-12),centro,2025-03,7.0,184.0
CO weekday morning peak hour (04-12),centro,2025-04,7.0,195.0
CO weekday morning peak hour (04-12),centro,2025-05,7.0,198.0
CO weekday morning peak hour (04-12),centro,2025-06,7.0,183.0
CO weekday morning peak hour (04-12),centro,2025-07,7.0,206.0
CO weekday morning peak hour (04-12),centro,2025-08,7.0,188.0
CO weekday morning peak hour (04-12),centro,2025-09,7.0,198.0
CO weekday morning peak hour (04-12),centro,2025-10,7.0,197.0
CO weekday morning peak hour (04-12),centro,2025-11,7.0,177.0
CO weekday morning peak hour (04-12),centro,2025-12,7.0,205.0
CO weekday morning peak hour (04-12),centro,2026-01,7.0,196.0
CO weekday morning peak hour (04-12),centro,2026-02,7.0,174.0
CO weekday morning peak hour (04-12),centro,2026-03,7.0,188.0
CO weekday morning peak hour (04-12),centro,2026-04,7.0,190.0
CO weekday morning peak hour (04-12),centro,2026-05,7.0,188.0
CO weekday morning peak hour (04-12),centro,2026-06,7.0,195.0
CO weekday morning peak hour (04-12),centro,2026-07,7.0,203.0
CO weekday morning peak hour (04-12),centro,2026-08,7.0,187.0
CO weekday morning peak hour (04-12),cotocollao,2023-01,7.0,191.0
CO weekday morning peak hour (04-12),cotocollao,2023-02,7.0,178.0
CO weekday morning peak hour (04-12),cotocollao,2023-03,6.0,192.0
CO weekday morning peak hour (04-12),cotocollao,2023-04,6.0,158.0
CO weekday morning peak hour (04-12),cotocollao,2023-05,6.0,195.0
CO weekday morning peak hour (04-12),cotocollao,2023-06,6.0,184.0
CO weekday morning peak hour (04-12),cotocollao,2023-07,6.0,174.0
CO weekday morning peak hour (04-12),cotocollao,2023-08,6.0,192.0
CO weekday morning peak hour (04-12),cotocollao,2023-09,6.0,188.0
CO weekday morning peak hour (04-12),cotocollao,2023-10,6.0,193.0
CO weekday morning peak hour (04-12),cotocollao,2023-11,6.0,177.0
CO weekday morning peak hour (04-12),cotocollao,2023-12,7.0,134.0
CO weekday morning peak hour (04-12),cotocollao,2024-01,7.0,201.0
CO weekday morning peak hour (04-12),cotocollao,2024-02,7.0,175.0
CO weekday morning peak hour (04-12),cotocollao,2024-03,7.0,178.0
CO weekday morning peak hour (04-12),cotocollao,2024-04,7.0,145.0
CO weekday morning peak hour (04-12),cotocollao,2024-05,6.0,179.0
CO weekday morning peak hour (04-12),cotocollao,2024-06,7.0,163.0
CO weekday morning peak hour (04-12),cotocollao,2024-07,6.0,202.0
CO weekday morning peak hour (04-12),cotocollao,2024-08,6.0,191.0
CO weekday morning peak hour (04-12),cotocollao,2024-09,6.0,170.0
CO weekday morning peak hour (04-12),cotocollao,2024-10,6.0,205.0
CO weekday morning peak hour (04-12),cotocollao,2024-11,7.0,186.0
CO weekday morning peak hour (04-12),cotocollao,2024-12,7.0,179.0
CO weekday morning peak hour (04-12),cotocollao,2025-01,7.0,186.0
CO weekday morning peak hour (04-12),cotocollao,2025-02,7.0,174.0
CO weekday morning peak hour (04-12),cotocollao,2025-03,7.0,174.0
CO weekday morning peak hour (04-12),cotocollao,2025-04,7.0,189.0
CO weekday morning peak hour (04-12),cotocollao,2025-05,6.0,190.0
CO weekday morning peak hour (04-12),cotocollao,2025-06,7.0,179.0
CO weekday morning peak hour (04-12),cotocollao,2025-07,6.0,207.0
CO weekday morning peak hour (04-12),cotocollao,2025-08,7.0,188.0
CO weekday morning peak hour (04-12),cotocollao,2025-09,6.0,192.0
CO weekday morning peak hour (04-12),cotocollao,2025-10,7.0,187.0
CO weekday morning peak hour (04-12),cotocollao,2025-11,7.0,149.0
CO weekday morning peak hour (04-12),cotocollao,2025-12,6.0,186.0
CO weekday morning peak hour (04-12),cotocollao,2026-01,7.0,197.0
CO weekday morning peak hour (04-12),cotocollao,2026-02,7.0,173.0
CO weekday morning peak hour (04-12),cotocollao,2026-03,7.0,194.0
CO weekday morning peak hour (04-12),cotocollao,2026-04,7.0,195.0
CO weekday morning peak hour (04-12),cotocollao,2026-05,7.0,185.0
CO weekday morning peak hour (04-12),cotocollao,2026-06,6.0,189.0
CO weekday morning peak hour (04-12),cotocollao,2026-07,6.0,206.0
CO weekday morning peak hour (04-12),cotocollao,2026-08,6.0,186.0
CO weekday morning peak hour (04-12),elcamal,2025-01,7.0,155.0
CO weekday morning peak hour (04-12),elcamal,2025-02,7.0,173.0
CO weekday morning peak hour (04-12),elcamal,2025-03,7.0,186.0
CO weekday morning peak hour (04-12),elcamal,2025-04,7.0,196.0
CO weekday morning peak hour (04-12),elcamal,2025-05,7.0,195.0
CO weekday morning peak hour (04-12),elcamal,2025-06,7.0,189.0
CO weekday morning peak hour (04-12),elcamal,2025-07,7.0,203.0
CO weekday morning peak hour (04-12),elcamal,2025-08,7.0,189.0
CO weekday morning peak hour (04-12),elcamal,2025-09,7.0,165.0
CO weekday morning peak hour (04-12),elcamal,2025-10,6.0,203.0
CO weekday morning peak hour (04-12),elcamal,2025-11,7.0,176.0
CO weekday morning peak hour (04-12),elcamal,2025-12,7.0,203.0
CO weekday morning peak hour (04-12),elcamal,2026-01,7.0,198.0
CO weekday morning peak hour (04-12),elcamal,2026-02,7.0,170.0
CO weekday morning peak hour (04-12),elcamal,2026-03,7.0,192.0
CO weekday morning peak hour (04-12),elcamal,2026-04,7.0,181.0
CO weekday morning peak hour (04-12),elcamal,2026-05,7.0,186.0
CO weekday morning peak hour (04-12),elcamal,2026-06,7.0,99.0
CO weekday morning peak hour (04-12),guamani,2023-01,6.0,192.0
CO weekday morning peak hour (04-12),guamani,2023-02,6.0,177.0
CO weekday morning peak hour (04-12),guamani,2023-03,6.0,163.0
CO weekday morning peak hour (04-12),guamani,2023-04,6.0,172.0
CO weekday morning peak hour (04-12),guamani,2023-05,7.0,194.0
CO weekday morning peak hour (04-12),guamani,2023-06,6.0,197.0
CO weekday morning peak hour (04-12),guamani,2023-07,6.0,188.0
CO weekday morning peak hour (04-12),guamani,2023-08,6.0,198.0
CO weekday morning peak hour (04-12),guamani,2023-09,6.0,185.0
CO weekday morning peak hour (04-12),guamani,2023-10,6.0,178.0
CO weekday morning peak hour (04-12),guamani,2023-11,6.0,184.0
CO weekday morning peak hour (04-12),guamani,2023-12,6.0,181.0
CO weekday morning peak hour (04-12),guamani,2024-01,7.0,203.0
CO weekday morning peak hour (04-12),guamani,2024-02,6.0,186.0
CO weekday morning peak hour (04-12),guamani,2024-03,7.0,177.0
CO weekday morning peak hour (04-12),guamani,2024-04,6.0,129.0
CO weekday morning peak hour (04-12),guamani,2024-05,7.0,200.0
CO weekday morning peak hour (04-12),guamani,2024-06,6.0,177.0
CO weekday morning peak hour (04-12),guamani,2024-07,6.0,204.0
CO weekday morning peak hour (04-12),guamani,2024-08,6.0,178.0
CO weekday morning peak hour (04-12),guamani,2024-09,6.0,165.0
CO weekday morning peak hour (04-12),guamani,2024-12,6.0,188.0
CO weekday morning peak hour (04-12),guamani,2025-01,7.0,203.0
CO weekday morning peak hour (04-12),guamani,2025-02,6.0,158.0
CO weekday morning peak hour (04-12),guamani,2025-03,6.0,176.0
CO weekday morning peak hour (04-12),guamani,2025-04,6.0,192.0
CO weekday morning peak hour (04-12),guamani,2025-05,7.0,192.0
CO weekday morning peak hour (04-12),guamani,2025-06,7.0,112.0
CO weekday morning peak hour (04-12),loschillos,2023-01,7.0,198.0
CO weekday morning peak hour (04-12),loschillos,2023-02,7.0,179.0
CO weekday morning peak hour (04-12),loschillos,2023-03,7.0,207.0
CO weekday morning peak hour (04-12),loschillos,2023-04,7.0,180.0
CO weekday morning peak hour (04-12),loschillos,2023-05,7.0,207.0
CO weekday morning peak hour (04-12),loschillos,2023-06,7.0,198.0
CO weekday morning peak hour (04-12),loschillos,2023-07,7.0,189.0
CO weekday morning peak hour (04-12),loschillos,2023-08,7.0,207.0
CO weekday morning peak hour (04-12),loschillos,2023-09,7.0,188.0
CO weekday morning peak hour (04-12),loschillos,2023-10,7.0,190.0
CO weekday morning peak hour (04-12),loschillos,2023-11,7.0,198.0
CO weekday morning peak hour (04-12),loschillos,2023-12,7.0,179.0
CO weekday morning peak hour (04-12),loschillos,2024-01,7.0,199.0
CO weekday morning peak hour (04-12),loschillos,2024-02,7.0,187.0
CO weekday morning peak hour (04-12),loschillos,2024-03,7.0,187.0
CO weekday morning peak hour (04-12),loschillos,2024-04,7.0,176.0
CO weekday morning peak hour (04-12),loschillos,2024-05,7.0,201.0
CO weekday morning peak hour (04-12),loschillos,2024-06,7.0,174.0
CO weekday morning peak hour (04-12),loschillos,2024-07,7.0,206.0
CO weekday morning peak hour (04-12),loschillos,2024-08,7.0,198.0
CO weekday morning peak hour (04-12),loschillos,2024-09,7.0,172.0
CO weekday morning peak hour (04-12),loschillos,2024-10,6.0,150.0
CO weekday morning peak hour (04-12),loschillos,2024-12,7.0,173.0
CO weekday morning peak hour (04-12),loschillos,2025-01,7.0,185.0
CO weekday morning peak hour (04-12),loschillos,2025-02,7.0,128.0
CO weekday morning peak hour (04-12),loschillos,2025-04,7.0,189.0
CO weekday morning peak hour (04-12),loschillos,2025-05,7.0,198.0
CO weekday morning peak hour (04-12),loschillos,2025-06,7.0,187.0
CO weekday morning peak hour (04-12),loschillos,2025-07,7.0,199.0
CO weekday morning peak hour (04-12),loschillos,2025-08,7.0,187.0
CO weekday morning peak hour (04-12),loschillos,2025-09,7.0,191.0
CO weekday morning peak hour (04-12),loschillos,2025-10,7.0,173.0
CO weekday morning peak hour (04-12),loschillos,2026-01,7.0,189.0
CO weekday morning peak hour (04-12),loschillos,2026-02,7.0,175.0
CO weekday morning peak hour (04-12),loschillos,2026-03,7.0,186.0
CO weekday morning peak hour (04-12),loschillos,2026-04,7.0,198.0
CO weekday morning peak hour (04-12),loschillos,2026-05,7.0,182.0
CO weekday morning peak hour (04-12),loschillos,2026-06,7.0,194.0
CO weekday morning peak hour (04-12),loschillos,2026-07,7.0,203.0
CO weekday morning peak hour (04-12),loschillos,2026-08,7.0,182.0
CO weekday morning peak hour (04-12),tumbaco,2023-01,7.0,198.0
CO weekday morning peak hour (04-12),tumbaco,2023-02,7.0,178.0
CO weekday morning peak hour (04-12),tumbaco,2023-03,7.0,207.0
CO weekday morning peak hour (04-12),tumbaco,2023-04,7.0,176.0
CO weekday morning peak hour (04-12),tumbaco,2023-05,7.0,206.0
CO weekday morning peak hour (04-12),tumbaco,2023-06,7.0,197.0
CO weekday morning peak hour (04-12),tumbaco,2023-07,7.0,189.0
CO weekday morning peak hour (04-12),tumbaco,2023-08,7.0,200.0
CO weekday morning peak hour (04-12),tumbaco,2023-09,7.0,186.0
CO weekday morning peak hour (04-12),tumbaco,2023-10,7.0,197.0
CO weekday morning peak hour (04-12),tumbaco,2023-11,7.0,183.0
CO weekday morning peak hour (04-12),tumbaco,2023-12,7.0,170.0
CO weekday morning peak hour (04-12),tumbaco,2024-01,7.0,204.0
CO weekday morning peak hour (04-12),tumbaco,2024-02,7.0,166.0
CO weekday morning peak hour (04-12),tumbaco,2024-03,7.0,188.0
CO weekday morning peak hour (04-12),tumbaco,2024-04,7.0,141.0
CO weekday morning peak hour (04-12),tumbaco,2024-05,7.0,199.0
CO weekday morning peak hour (04-12),tumbaco,2024-06,7.0,160.0
CO weekday morning peak hour (04-12),tumbaco,2024-07,7.0,205.0
CO weekday morning peak hour (04-12),tumbaco,2024-08,7.0,194.0
CO weekday morning peak hour (04-12),tumbaco,2024-09,7.0,152.0
CO weekday morning peak hour (04-12),tumbaco,2024-12,7.0,176.0
CO weekday morning peak hour (04-12),tumbaco,2025-01,7.0,191.0
CO weekday morning peak hour (04-12),tumbaco,2025-02,7.0,173.0
CO weekday morning peak hour (04-12),tumbaco,2025-03,7.0,169.0
CO weekday morning peak hour (04-12),tumbaco,2025-04,7.0,191.0
CO weekday morning peak hour (04-12),tumbaco,2025-05,7.0,169.0
CO weekday morning peak hour (04-12),tumbaco,2025-06,7.0,175.0
CO weekday morning peak hour (04-12),tumbaco,2025-07,7.0,201.0
CO weekday morning peak hour (04-12),tumbaco,2025-08,7.0,188.0
CO weekday morning peak hour (04-12),tumbaco,2025-09,7.0,177.0
CO weekday morning peak hour (04-12),tumbaco,2025-10,7.0,195.0
CO weekday morning peak hour (04-12),tumbaco,2025-11,7.0,175.0
CO weekday morning peak hour (04-12),tumbaco,2025-12,6.0,202.0
CO weekday morning peak hour (04-12),tumbaco,2026-01,7.0,197.0
CO weekday morning peak hour (04-12),tumbaco,2026-02,7.0,167.0
NO2 weekday morning peak hour (04-12),belisario,2023-01,8.0,196.0
NO2 weekday morning peak hour (04-12),belisario,2023-02,8.0,160.0
NO2 weekday morning peak hour (04-12),belisario,2023-03,9.0,204.0
NO2 weekday morning peak hour (04-12),belisario,2023-04,8.0,178.0
NO2 weekday morning peak hour (04-12),belisario,2023-05,8.0,206.0
NO2 weekday morning peak hour (04-12),belisario,2023-06,9.0,198.0
NO2 weekday morning peak hour (04-12),belisario,2023-07,8.0,185.0
NO2 weekday morning peak hour (04-12),belisario,2023-08,7.0,207.0
NO2 weekday morning peak hour (04-12),belisario,2023-09,7.0,189.0
NO2 weekday morning peak hour (04-12),belisario,2023-10,7.0,196.0
NO2 weekday morning peak hour (04-12),belisario,2023-11,7.0,183.0
NO2 weekday morning peak hour (04-12),belisario,2023-12,9.0,189.0
NO2 weekday morning peak hour (04-12),belisario,2024-01,9.0,206.0
NO2 weekday morning peak hour (04-12),belisario,2024-02,8.0,189.0
NO2 weekday morning peak hour (04-12),belisario,2024-03,8.0,189.0
NO2 weekday morning peak hour (04-12),belisario,2024-04,9.0,191.0
NO2 weekday morning peak hour (04-12),belisario,2024-05,9.0,197.0
NO2 weekday morning peak hour (04-12),belisario,2024-06,8.0,180.0
NO2 weekday morning peak hour (04-12),belisario,2024-07,7.0,203.0
NO2 weekday morning peak hour (04-12),belisario,2024-08,7.0,198.0
NO2 weekday morning peak hour (04-12),belisario,2024-09,7.0,184.0
NO2 weekday morning peak hour (04-12),belisario,2024-10,7.0,197.0
NO2 weekday morning peak hour (04-12),belisario,2024-12,8.0,187.0
NO2 weekday morning peak hour (04-12),belisario,2025-01,8.0,200.0
NO2 weekday morning peak hour (04-12),belisario,2025-02,8.0,170.0
NO2 weekday morning peak hour (04-12),belisario,2025-03,8.0,152.0
NO2 weekday morning peak hour (04-12),belisario,2025-04,8.0,182.0
NO2 weekday morning peak hour (04-12),belisario,2025-05,7.0,192.0
NO2 weekday morning peak hour (04-12),belisario,2025-06,8.0,182.0
NO2 weekday morning peak hour (04-12),belisario,2025-07,7.0,196.0
NO2 weekday morning peak hour (04-12),belisario,2025-08,7.0,178.0
NO2 weekday morning peak hour (04-12),belisario,2025-09,8.0,186.0
NO2 weekday morning peak hour (04-12),belisario,2025-10,8.0,193.0
NO2 weekday morning peak hour (04-12),belisario,2025-11,9.0,170.0
NO2 weekday morning peak hour (04-12),belisario,2025-12,8.0,196.0
NO2 weekday morning peak hour (04-12),belisario,2026-01,8.0,190.0
NO2 weekday morning peak hour (04-12),belisario,2026-03,8.0,174.0
NO2 weekday morning peak hour (04-12),belisario,2026-04,8.0,180.0
NO2 weekday morning peak hour (04-12),belisario,2026-05,8.0,167.0
NO2 weekday morning peak hour (04-12),belisario,2026-06,7.0,187.0
NO2 weekday morning peak hour (04-12),belisario,2026-07,7.0,191.0
NO2 weekday morning peak hour (04-12),belisario,2026-08,7.0,166.0
NO2 weekday morning peak hour (04-12),carapungo,2023-01,7.0,198.0
NO2 weekday morning peak hour (04-12),carapungo,2023-02,6.0,179.0
NO2 weekday morning peak hour (04-12),carapungo,2023-03,6.0,202.0
NO2 weekday morning peak hour (04-12),carapungo,2023-04,6.0,170.0
NO2 weekday morning peak hour (04-12),carapungo,2023-05,6.0,203.0
NO2 weekday morning peak hour (04-12),carapungo,2023-06,6.0,198.0
NO2 weekday morning peak hour (04-12),carapungo,2023-07,6.0,189.0
NO2 weekday morning peak hour (04-12),carapungo,2023-08,6.0,205.0
NO2 weekday morning peak hour (04-12),carapungo,2023-09,6.0,188.0
NO2 weekday morning peak hour (04-12),carapungo,2023-10,6.0,190.0
NO2 weekday morning peak hour (04-12),carapungo,2023-11,6.0,186.0
NO2 weekday morning peak hour (04-12),carapungo,2023-12,7.0,189.0
NO2 weekday morning peak hour (04-12),carapungo,2024-01,6.0,203.0
NO2 weekday morning peak hour (04-12),carapungo,2024-02,7.0,188.0
NO2 weekday morning peak hour (04-12),carapungo,2024-03,7.0,188.0
NO2 weekday morning peak hour (04-12),carapungo,2024-04,9.0,187.0
NO2 weekday morning peak hour (04-12),carapungo,2024-05,6.0,201.0
NO2 weekday morning peak hour (04-12),carapungo,2024-06,6.0,177.0
NO2 weekday morning peak hour (04-12),carapungo,2024-07,6.0,206.0
NO2 weekday morning peak hour (04-12),carapungo,2024-08,6.0,198.0
NO2 weekday morning peak hour (04-12),carapungo,2024-09,6.0,176.0
NO2 weekday morning peak hour (04-12),carapungo,2024-10,6.0,188.0
NO2 weekday morning peak hour (04-12),carapungo,2024-11,6.0,153.0
NO2 weekday morning peak hour (04-12),carapungo,2024-12,6.0,174.0
NO2 weekday morning peak hour (04-12),carapungo,2025-01,7.0,204.0
NO2 weekday morning peak hour (04-12),carapungo,2025-02,6.0,165.0
NO2 weekday morning peak hour (04-12),carapungo,2025-05,6.0,187.0
NO2 weekday morning peak hour (04-12),carapungo,2025-06,6.0,181.0
NO2 weekday morning peak hour (04-12),carapungo,2025-07,6.0,185.0
NO2 weekday morning peak hour (04-12),carapungo,2025-08,6.0,173.0
NO2 weekday morning peak hour (04-12),carapungo,2025-09,6.0,180.0
NO2 weekday morning peak hour (04-12),carapungo,2025-10,6.0,174.0
NO2 weekday morning peak hour (04-12),carapungo,2025-12,6.0,188.0
NO2 weekday morning peak hour (04-12),carapungo,2026-01,6.0,186.0
NO2 weekday morning peak hour (04-12),carapungo,2026-02,6.0,168.0
NO2 weekday morning peak hour (04-12),carapungo,2026-03,6.0,187.0
NO2 weekday morning peak hour (04-12),carapungo,2026-04,6.0,184.0
NO2 weekday morning peak hour (04-12),carapungo,2026-05,6.0,178.0
NO2 weekday morning peak hour (04-12),carapungo,2026-06,6.0,181.0
NO2 weekday morning peak hour (04-12),carapungo,2026-07,6.0,191.0
NO2 weekday morning peak hour (04-12),carapungo,2026-08,6.0,179.0
NO2 weekday morning peak hour (04-12),centro,2023-01,7.0,198.0
NO2 weekday morning peak hour (04-12),centro,2023-02,7.0,169.0
NO2 weekday morning peak hour (04-12),centro,2023-03,8.0,207.0
NO2 weekday morning peak hour (04-12),centro,2023-04,7.0,180.0
NO2 weekday morning peak hour (04-12),centro,2023-05,7.0,206.0
NO2 weekday morning peak hour (04-12),centro,2023-06,7.0,198.0
NO2 weekday morning peak hour (04-12),centro,2023-07,7.0,189.0
NO2 weekday morning peak hour (04-12),centro,2023-08,7.0,204.0
NO2 weekday morning peak hour (04-12),centro,2023-09,6.0,169.0
NO2 weekday morning peak hour (04-12),centro,2023-10,7.0,175.0
NO2 weekday morning peak hour (04-12),centro,2023-11,7.0,197.0
NO2 weekday morning peak hour (04-12),centro,2023-12,8.0,176.0
NO2 weekday morning peak hour (04-12),centro,2024-01,7.0,207.0
NO2 weekday morning peak hour (04-12),centro,2024-02,7.0,181.0
NO2 weekday morning peak hour (04-12),centro,2024-03,8.0,186.0
NO2 weekday morning peak hour (04-12),centro,2024-04,8.0,182.0
NO2 weekday morning peak hour (04-12),centro,2024-05,8.0,192.0
NO2 weekday morning peak hour (04-12),centro,2024-06,9.0,178.0
NO2 weekday morning peak hour (04-12),centro,2024-07,7.0,206.0
NO2 weekday morning peak hour (04-12),centro,2024-08,6.0,195.0
NO2 weekday morning peak hour (04-12),centro,2024-09,6.0,174.0
NO2 weekday morning peak hour (04-12),centro,2024-10,7.0,207.0
NO2 weekday morning peak hour (04-12),centro,2024-11,8.0,181.0
NO2 weekday morning peak hour (04-12),centro,2024-12,8.0,193.0
NO2 weekday morning peak hour (04-12),centro,2025-01,8.0,205.0
NO2 weekday morning peak hour (04-12),centro,2025-02,8.0,178.0
NO2 weekday morning peak hour (04-12),centro,2025-03,8.0,174.0
NO2 weekday morning peak hour (04-12),centro,2025-04,8.0,187.0
NO2 weekday morning peak hour (04-12),centro,2025-05,8.0,187.0
NO2 weekday morning peak hour (04-12),centro,2025-06,8.0,157.0
NO2 weekday morning peak hour (04-12),centro,2025-10,8.0,183.0
NO2 weekday morning peak hour (04-12),centro,2026-03,8.0,145.0
NO2 weekday morning peak hour (04-12),centro,2026-04,7.0,168.0
NO2 weekday morning peak hour (04-12),centro,2026-06,7.0,185.0
NO2 weekday morning peak hour (04-12),centro,2026-07,6.0,193.0
NO2 weekday morning peak hour (04-12),centro,2026-08,6.0,176.0
NO2 weekday morning peak hour (04-12),cotocollao,2023-01,8.0,198.0
NO2 weekday morning peak hour (04-12),cotocollao,2023-02,9.0,179.0
NO2 weekday morning peak hour (04-12),cotocollao,2023-03,9.0,207.0
NO2 weekday morning peak hour (04-12),cotocollao,2023-04,9.0,179.0
NO2 weekday morning peak hour (04-12),cotocollao,2023-05,8.0,199.0
NO2 weekday morning peak hour (04-12),cotocollao,2023-06,7.0,198.0
NO2 weekday morning peak hour (04-12),cotocollao,2023-07,7.0,185.0
NO2 weekday morning peak hour (04-12),cotocollao,2023-08,6.0,192.0
NO2 weekday morning peak hour (04-12),cotocollao,2023-09,7.0,189.0
NO2 weekday morning peak hour (04-12),cotocollao,2023-10,7.0,194.0
NO2 weekday morning peak hour (04-12),cotocollao,2023-11,7.0,195.0
NO2 weekday morning peak hour (04-12),cotocollao,2023-12,7.0,182.0
NO2 weekday morning peak hour (04-12),cotocollao,2024-01,7.0,197.0
NO2 weekday morning peak hour (04-12),cotocollao,2024-02,7.0,186.0
NO2 weekday morning peak hour (04-12),cotocollao,2024-03,8.0,174.0
NO2 weekday morning peak hour (04-12),cotocollao,2024-04,8.0,142.0
NO2 weekday morning peak hour (04-12),cotocollao,2024-05,9.0,204.0
NO2 weekday morning peak hour (04-12),cotocollao,2024-06,7.0,176.0
NO2 weekday morning peak hour (04-12),cotocollao,2024-07,6.0,205.0
NO2 weekday morning peak hour (04-12),cotocollao,2024-08,6.0,194.0
NO2 weekday morning peak hour (04-12),cotocollao,2024-09,6.0,183.0
NO2 weekday morning peak hour (04-12),cotocollao,2024-10,7.0,207.0
NO2 weekday morning peak hour (04-12),cotocollao,2024-11,7.0,188.0
NO2 weekday morning peak hour (04-12),cotocollao,2024-12,8.0,181.0
NO2 weekday morning peak hour (04-12),cotocollao,2025-01,7.0,194.0
NO2 weekday morning peak hour (04-12),cotocollao,2025-02,9.0,170.0
NO2 weekday morning peak hour (04-12),cotocollao,2025-03,7.0,175.0
NO2 weekday morning peak hour (04-12),cotocollao,2025-04,7.0,185.0
NO2 weekday morning peak hour (04-12),cotocollao,2025-05,7.0,187.0
NO2 weekday morning peak hour (04-12),cotocollao,2025-06,7.0,177.0
NO2 weekday morning peak hour (04-12),cotocollao,2025-07,6.0,196.0
NO2 weekday morning peak hour (04-12),cotocollao,2025-09,6.0,174.0
NO2 weekday morning peak hour (04-12),cotocollao,2025-10,8.0,196.0
NO2 weekday morning peak hour (04-12),cotocollao,2025-12,9.0,195.0
NO2 weekday morning peak hour (04-12),cotocollao,2026-01,7.0,187.0
NO2 weekday morning peak hour (04-12),cotocollao,2026-03,9.0,183.0
NO2 weekday morning peak hour (04-12),cotocollao,2026-04,8.0,175.0
NO2 weekday morning peak hour (04-12),cotocollao,2026-05,7.0,176.0
NO2 weekday morning peak hour (04-12),cotocollao,2026-06,7.0,181.0
NO2 weekday morning peak hour (04-12),cotocollao,2026-07,7.0,195.0
NO2 weekday morning peak hour (04-12),cotocollao,2026-08,6.0,176.0
NO2 weekday morning peak hour (04-12),elcamal,2025-01,10.0,166.0
NO2 weekday morning peak hour (04-12),elcamal,2025-02,11.0,135.0
NO2 weekday morning peak hour (04-12),elcamal,2025-03,7.0,178.0
NO2 weekday morning peak hour (04-12),elcamal,2025-04,7.0,187.0
NO2 weekday morning peak hour (04-12),elcamal,2025-05,7.0,187.0
NO2 weekday morning peak hour (04-12),elcamal,2025-06,7.0,179.0
NO2 weekday morning peak hour (04-12),elcamal,2025-07,6.0,195.0
NO2 weekday morning peak hour (04-12),elcamal,2025-08,6.0,179.0
NO2 weekday morning peak hour (04-12),elcamal,2025-09,6.0,183.0
NO2 weekday morning peak hour (04-12),elcamal,2025-10,6.0,190.0
NO2 weekday morning peak hour (04-12),elcamal,2025-11,7.0,170.0
NO2 weekday morning peak hour (04-12),elcamal,2025-12,7.0,173.0
NO2 weekday morning peak hour (04-12),elcamal,2026-01,7.0,187.0
NO2 weekday morning peak hour (04-12),elcamal,2026-02,7.0,165.0
NO2 weekday morning peak hour (04-12),elcamal,2026-03,7.0,184.0
NO2 weekday morning peak hour (04-12),elcamal,2026-04,7.0,179.0
NO2 weekday morning peak hour (04-12),elcamal,2026-05,6.0,177.0
NO2 weekday morning peak hour (04-12),guamani,2023-01,6.0,193.0
NO2 weekday morning peak hour (04-12),guamani,2023-02,6.0,178.0
NO2 weekday morning peak hour (04-12),guamani,2023-03,6.0,201.0
NO2 weekday morning peak hour (04-12),guamani,2023-04,6.0,175.0
NO2 weekday morning peak hour (04-12),guamani,2023-05,7.0,190.0
NO2 weekday morning peak hour (04-12),guamani,2023-06,6.0,174.0
NO2 weekday morning peak hour (04-12),guamani,2023-07,6.0,189.0
NO2 weekday morning peak hour (04-12),guamani,2023-08,6.0,198.0
NO2 weekday morning peak hour (04-12),guamani,2023-09,6.0,189.0
NO2 weekday morning peak hour (04-12),guamani,2023-10,6.0,197.0
NO2 weekday morning peak hour (04-12),guamani,2023-11,6.0,183.0
NO2 weekday morning peak hour (04-12),guamani,2023-12,6.0,184.0
NO2 weekday morning peak hour (04-12),guamani,2024-01,6.0,207.0
NO2 weekday morning peak hour (04-12),guamani,2024-02,6.0,189.0
NO2 weekday morning peak hour (04-12),guamani,2024-03,6.0,178.0
NO2 weekday morning peak hour (04-12),guamani,2024-04,6.0,171.0
NO2 weekday morning peak hour (04-12),guamani,2024-05,6.0,204.0
NO2 weekday morning peak hour (04-12),guamani,2024-06,6.0,180.0
NO2 weekday morning peak hour (04-12),guamani,2024-07,6.0,207.0
NO2 weekday morning peak hour (04-12),guamani,2024-08,6.0,198.0
NO2 weekday morning peak hour (04-12),guamani,2024-09,6.0,163.0
NO2 weekday morning peak hour (04-12),guamani,2024-12,6.0,188.0
NO2 weekday morning peak hour (04-12),guamani,2025-01,6.0,207.0
NO2 weekday morning peak hour (04-12),guamani,2025-02,6.0,160.0
NO2 weekday morning peak hour (04-12),guamani,2025-03,6.0,184.0
NO2 weekday morning peak hour (04-12),guamani,2025-04,6.0,198.0
NO2 weekday morning peak hour (04-12),guamani,2025-05,6.0,194.0
NO2 weekday morning peak hour (04-12),guamani,2025-06,6.0,108.0
NO2 weekday morning peak hour (04-12),loschillos,2023-01,11.0,196.0
NO2 weekday morning peak hour (04-12),loschillos,2023-02,11.0,178.0
NO2 weekday morning peak hour (04-12),loschillos,2023-03,8.0,207.0
NO2 weekday morning peak hour (04-12),loschillos,2023-04,8.0,180.0
NO2 weekday morning peak hour (04-12),loschillos,2023-05,7.0,207.0
NO2 weekday morning peak hour (04-12),loschillos,2023-06,7.0,198.0
NO2 weekday morning peak hour (04-12),loschillos,2023-07,7.0,189.0
NO2 weekday morning peak hour (04-12),loschillos,2023-08,7.0,207.0
NO2 weekday morning peak hour (04-12),loschillos,2023-09,7.0,189.0
NO2 weekday morning peak hour (04-12),loschillos,2023-10,11.0,197.0
NO2 weekday morning peak hour (04-12),loschillos,2023-11,10.0,198.0
NO2 weekday morning peak hour (04-12),loschillos,2023-12,10.0,180.0
NO2 weekday morning peak hour (04-12),loschillos,2024-01,11.0,205.0
NO2 weekday morning peak hour (04-12),loschillos,2024-02,11.0,189.0
NO2 weekday morning peak hour (04-12),loschillos,2024-03,11.0,189.0
NO2 weekday morning peak hour (04-12),loschillos,2024-04,10.0,175.0
NO2 weekday morning peak hour (04-12),loschillos,2024-05,12.0,204.0
NO2 weekday morning peak hour (04-12),loschillos,2024-06,7.0,180.0
NO2 weekday morning peak hour (04-12),loschillos,2024-07,8.0,207.0
NO2 weekday morning peak hour (04-12),loschillos,2024-08,7.0,198.0
NO2 weekday morning peak hour (04-12),loschillos,2024-09,7.0,172.0
NO2 weekday morning peak hour (04-12),loschillos,2024-10,7.0,150.0
NO2 weekday morning peak hour (04-12),loschillos,2024-12,11.0,162.0
NO2 weekday morning peak hour (04-12),loschillos,2025-01,11.0,166.0
NO2 weekday morning peak hour (04-12),loschillos,2025-04,8.0,157.0
NO2 weekday morning peak hour (04-12),loschillos,2025-05,9.0,187.0
NO2 weekday morning peak hour (04-12),loschillos,2025-06,8.0,177.0
NO2 weekday morning peak hour (04-12),loschillos,2025-07,8.0,196.0
NO2 weekday morning peak hour (04-12),loschillos,2025-08,8.0,178.0
NO2 weekday morning peak hour (04-12),loschillos,2025-09,7.0,180.0
NO2 weekday morning peak hour (04-12),loschillos,2025-10,8.0,167.0
NO2 weekday morning peak hour (04-12),loschillos,2026-03,11.0,178.0
NO2 weekday morning peak hour (04-12),loschillos,2026-04,11.0,187.0
NO2 weekday morning peak hour (04-12),loschillos,2026-05,8.0,172.0
NO2 weekday morning peak hour (04-12),loschillos,2026-06,8.0,187.0
NO2 weekday morning peak hour (04-12),loschillos,2026-07,8.0,194.0
NO2 weekday morning peak hour (04-12),loschillos,2026-08,7.0,176.0
NO2 weekday morning peak hour (04-12),tumbaco,2023-01,8.0,198.0
NO2 weekday morning peak hour (04-12),tumbaco,2023-02,9.0,178.0
NO2 weekday morning peak hour (04-12),tumbaco,2023-03,7.0,207.0
NO2 weekday morning peak hour (04-12),tumbaco,2023-04,8.0,177.0
NO2 weekday morning peak hour (04-12),tumbaco,2023-05,8.0,197.0
NO2 weekday morning peak hour (04-12),tumbaco,2023-06,8.0,198.0
NO2 weekday morning peak hour (04-12),tumbaco,2023-07,7.0,180.0
NO2 weekday morning peak hour (04-12),tumbaco,2023-08,8.0,162.0
NO2 weekday morning peak hour (04-12),tumbaco,2023-09,8.0,189.0
NO2 weekday morning peak hour (04-12),tumbaco,2023-10,8.0,198.0
NO2 weekday morning peak hour (04-12),tumbaco,2023-11,8.0,181.0
NO2 weekday morning peak hour (04-12),tumbaco,2023-12,10.0,171.0
NO2 weekday morning peak hour (04-12),tumbaco,2024-01,8.0,207.0
NO2 weekday morning peak hour (04-12),tumbaco,2024-02,8.0,189.0
NO2 weekday morning peak hour (04-12),tumbaco,2024-03,8.0,189.0
NO2 weekday morning peak hour (04-12),tumbaco,2024-04,8.0,177.0
NO2 weekday morning peak hour (04-12),tumbaco,2024-05,9.0,205.0
NO2 weekday morning peak hour (04-12),tumbaco,2024-06,8.0,178.0
NO2 weekday morning peak hour (04-12),tumbaco,2024-07,7.0,205.0
NO2 weekday morning peak hour (04-12),tumbaco,2024-08,8.0,196.0
NO2 weekday morning peak hour (04-12),tumbaco,2024-09,7.0,178.0
NO2 weekday morning peak hour (04-12),tumbaco,2024-12,8.0,183.0
NO2 weekday morning peak hour (04-12),tumbaco,2025-01,8.0,207.0
NO2 weekday morning peak hour (04-12),tumbaco,2025-04,7.0,177.0
NO2 weekday morning peak hour (04-12),tumbaco,2025-05,8.0,183.0
NO2 weekday morning peak hour (04-12),tumbaco,2025-06,9.0,178.0
NO2 weekday morning peak hour (04-12),tumbaco,2025-07,7.0,196.0
NO2 weekday morning peak hour (04-12),tumbaco,2025-08,8.0,177.0
NO2 weekday morning peak hour (04-12),tumbaco,2025-09,7.0,170.0
NO2 weekday morning peak hour (04-12),tumbaco,2025-10,8.0,192.0
NO2 weekday morning peak hour (04-12),tumbaco,2025-11,7.0,173.0
NO2 weekday morning peak hour (04-12),tumbaco,2025-12,8.0,204.0
NO2 weekday morning peak hour (04-12),tumbaco,2026-01,9.0,193.0
NO2 weekday morning peak hour (04-12),tumbaco,2026-02,8.0,159.0
NO2 weekday morning peak hour (04-12),tumbaco,2026-03,8.0,180.0
NO2 weekday morning peak hour (04-12),tumbaco,2026-04,9.0,180.0
NO2 weekday morning peak hour (04-12),tumbaco,2026-05,8.0,175.0
NO2 weekday morning peak hour (04-12),tumbaco,2026-06,8.0,186.0
NO2 weekday morning peak hour (04-12),tumbaco,2026-07,9.0,194.0
NO2 weekday morning peak hour (04-12),tumbaco,2026-08,8.0,176.0
SO2 weekday morning peak hour (04-12),belisario,2023-01,10.0,198.0
SO2 weekday morning peak hour (04-12),belisario,2023-02,10.0,178.0
SO2 weekday morning peak hour (04-12),belisario,2023-03,8.0,203.0
SO2 weekday morning peak hour (04-12),belisario,2023-04,8.0,179.0
SO2 weekday morning peak hour (04-12),belisario,2023-05,8.0,207.0
SO2 weekday morning peak hour (04-12),belisario,2023-06,8.0,198.0
SO2 weekday morning peak hour (04-12),belisario,2023-07,8.0,187.0
SO2 weekday morning peak hour (04-12),belisario,2023-08,7.0,207.0
SO2 weekday morning peak hour (04-12),belisario,2023-09,10.0,187.0
SO2 weekday morning peak hour (04-12),belisario,2023-10,10.0,196.0
SO2 weekday morning peak hour (04-12),belisario,2023-11,10.0,181.0
SO2 weekday morning peak hour (04-12),belisario,2023-12,10.0,188.0
SO2 weekday morning peak hour (04-12),belisario,2024-01,10.0,204.0
SO2 weekday morning peak hour (04-12),belisario,2024-02,9.0,189.0
SO2 weekday morning peak hour (04-12),belisario,2024-03,9.0,187.0
SO2 weekday morning peak hour (04-12),belisario,2024-04,11.0,191.0
SO2 weekday morning peak hour (04-12),belisario,2024-05,8.0,196.0
SO2 weekday morning peak hour (04-12),belisario,2024-06,8.0,180.0
SO2 weekday morning peak hour (04-12),belisario,2024-07,7.0,203.0
SO2 weekday morning peak hour (04-12),belisario,2024-08,9.0,198.0
SO2 weekday morning peak hour (04-12),belisario,2024-09,10.0,184.0
SO2 weekday morning peak hour (04-12),belisario,2024-10,9.0,192.0
SO2 weekday morning peak hour (04-12),belisario,2024-12,11.0,187.0
SO2 weekday morning peak hour (04-12),belisario,2025-01,9.0,199.0
SO2 weekday morning peak hour (04-12),belisario,2025-02,10.0,176.0
SO2 weekday morning peak hour (04-12),belisario,2025-03,8.0,162.0
SO2 weekday morning peak hour (04-12),belisario,2025-04,8.0,192.0
SO2 weekday morning peak hour (04-12),belisario,2025-05,7.0,198.0
SO2 weekday morning peak hour (04-12),belisario,2025-06,8.0,172.0
SO2 weekday morning peak hour (04-12),belisario,2025-07,7.0,207.0
SO2 weekday morning peak hour (04-12),belisario,2025-08,9.0,189.0
SO2 weekday morning peak hour (04-12),belisario,2025-09,7.0,197.0
SO2 weekday morning peak hour (04-12),belisario,2025-10,8.0,204.0
SO2 weekday morning peak hour (04-12),belisario,2025-11,12.0,180.0
SO2 weekday morning peak hour (04-12),belisario,2025-12,10.0,184.0
SO2 weekday morning peak hour (04-12),belisario,2026-01,10.0,195.0
SO2 weekday morning peak hour (04-12),belisario,2026-02,11.0,171.0
SO2 weekday morning peak hour (04-12),belisario,2026-03,9.0,167.0
SO2 weekday morning peak hour (04-12),belisario,2026-04,10.0,190.0
SO2 weekday morning peak hour (04-12),belisario,2026-05,9.0,170.0
SO2 weekday morning peak hour (04-12),belisario,2026-06,7.0,190.0
SO2 weekday morning peak hour (04-12),belisario,2026-07,7.0,204.0
SO2 weekday morning peak hour (04-12),belisario,2026-08,9.0,166.0
SO2 weekday morning peak hour (04-12),carapungo,2023-01,8.0,181.0
SO2 weekday morning peak hour (04-12),carapungo,2023-02,8.0,166.0
SO2 weekday morning peak hour (04-12),carapungo,2023-03,7.0,207.0
SO2 weekday morning peak hour (04-12),carapungo,2023-04,7.0,165.0
SO2 weekday morning peak hour (04-12),carapungo,2023-05,6.0,200.0
SO2 weekday morning peak hour (04-12),carapungo,2023-06,7.0,197.0
SO2 weekday morning peak hour (04-12),carapungo,2023-07,7.0,189.0
SO2 weekday morning peak hour (04-12),carapungo,2023-08,6.0,205.0
SO2 weekday morning peak hour (04-12),carapungo,2023-09,7.0,170.0
SO2 weekday morning peak hour (04-12),carapungo,2023-10,8.0,173.0
SO2 weekday morning peak hour (04-12),carapungo,2023-11,7.0,153.0
SO2 weekday morning peak hour (04-12),carapungo,2023-12,7.0,187.0
SO2 weekday morning peak hour (04-12),carapungo,2024-01,7.0,206.0
SO2 weekday morning peak hour (04-12),carapungo,2024-02,8.0,178.0
SO2 weekday morning peak hour (04-12),carapungo,2024-03,8.0,180.0
SO2 weekday morning peak hour (04-12),carapungo,2024-04,9.0,128.0
SO2 weekday morning peak hour (04-12),carapungo,2024-05,7.0,193.0
SO2 weekday morning peak hour (04-12),carapungo,2024-06,6.0,176.0
SO2 weekday morning peak hour (04-12),carapungo,2024-07,7.0,204.0
SO2 weekday morning peak hour (04-12),carapungo,2024-08,8.0,177.0
SO2 weekday morning peak hour (04-12),carapungo,2024-09,6.0,175.0
SO2 weekday morning peak hour (04-12),carapungo,2024-10,7.0,142.0
SO2 weekday morning peak hour (04-12),carapungo,2024-12,11.0,162.0
SO2 weekday morning peak hour (04-12),carapungo,2025-01,8.0,146.0
SO2 weekday morning peak hour (04-12),carapungo,2025-02,7.0,179.0
SO2 weekday morning peak hour (04-12),carapungo,2025-04,6.0,186.0
SO2 weekday morning peak hour (04-12),carapungo,2025-05,7.0,197.0
SO2 weekday morning peak hour (04-12),carapungo,2025-06,7.0,189.0
SO2 weekday morning peak hour (04-12),carapungo,2025-07,7.0,203.0
SO2 weekday morning peak hour (04-12),carapungo,2025-08,7.0,181.0
SO2 weekday morning peak hour (04-12),carapungo,2025-09,6.0,190.0
SO2 weekday morning peak hour (04-12),carapungo,2025-10,7.0,187.0
SO2 weekday morning peak hour (04-12),carapungo,2025-11,8.0,168.0
SO2 weekday morning peak hour (04-12),carapungo,2025-12,7.0,194.0
SO2 weekday morning peak hour (04-12),carapungo,2026-01,8.0,186.0
SO2 weekday morning peak hour (04-12),carapungo,2026-02,7.0,178.0
SO2 weekday morning peak hour (04-12),carapungo,2026-03,7.0,194.0
SO2 weekday morning peak hour (04-12),carapungo,2026-04,7.0,192.0
SO2 weekday morning peak hour (04-12),carapungo,2026-05,7.0,188.0
SO2 weekday morning peak hour (04-12),carapungo,2026-06,7.0,188.0
SO2 weekday morning peak hour (04-12),carapungo,2026-07,7.0,200.0
SO2 weekday morning peak hour (04-12),carapungo,2026-08,7.0,184.0
SO2 weekday morning peak hour (04-12),centro,2023-01,7.0,198.0
SO2 weekday morning peak hour (04-12),centro,2023-02,7.0,173.0
SO2 weekday morning peak hour (04-12),centro,2023-03,7.0,206.0
SO2 weekday morning peak hour (04-12),centro,2023-04,7.0,180.0
SO2 weekday morning peak hour (04-12),centro,2023-05,7.0,206.0
SO2 weekday morning peak hour (04-12),centro,2023-06,7.0,198.0
SO2 weekday morning peak hour (04-12),centro,2023-07,7.0,180.0
SO2 weekday morning peak hour (04-12),centro,2023-08,7.0,204.0
SO2 weekday morning peak hour (04-12),centro,2023-09,7.0,184.0
SO2 weekday morning peak hour (04-12),centro,2023-10,7.0,181.0
SO2 weekday morning peak hour (04-12),centro,2023-11,10.0,198.0
SO2 weekday morning peak hour (04-12),centro,2023-12,7.0,184.0
SO2 weekday morning peak hour (04-12),centro,2024-01,7.0,206.0
SO2 weekday morning peak hour (04-12),centro,2024-02,7.0,181.0
SO2 weekday morning peak hour (04-12),centro,2024-03,7.0,185.0
SO2 weekday morning peak hour (04-12),centro,2024-04,7.0,182.0
SO2 weekday morning peak hour (04-12),centro,2024-05,7.0,192.0
SO2 weekday morning peak hour (04-12),centro,2024-06,7.0,168.0
SO2 weekday morning peak hour (04-12),centro,2024-07,7.0,207.0
SO2 weekday morning peak hour (04-12),centro,2024-08,7.0,194.0
SO2 weekday morning peak hour (04-12),centro,2024-09,10.0,174.0
SO2 weekday morning peak hour (04-12),centro,2024-10,10.0,203.0
SO2 weekday morning peak hour (04-12),centro,2024-11,10.0,177.0
SO2 weekday morning peak hour (04-12),centro,2024-12,7.0,197.0
SO2 weekday morning peak hour (04-12),centro,2025-01,7.0,202.0
SO2 weekday morning peak hour (04-12),centro,2025-02,7.0,135.0
SO2 weekday morning peak hour (04-12),centro,2025-03,7.0,168.0
SO2 weekday morning peak hour (04-12),centro,2025-04,6.0,152.0
SO2 weekday morning peak hour (04-12),centro,2025-05,7.0,186.0
SO2 weekday morning peak hour (04-12),centro,2025-06,7.0,102.0
SO2 weekday morning peak hour (04-12),centro,2025-07,7.0,207.0
SO2 weekday morning peak hour (04-12),centro,2025-08,7.0,189.0
SO2 weekday morning peak hour (04-12),centro,2025-09,7.0,198.0
SO2 weekday morning peak hour (04-12),centro,2025-10,7.0,185.0
SO2 weekday morning peak hour (04-12),centro,2025-11,7.0,159.0
SO2 weekday morning peak hour (04-12),centro,2025-12,7.0,197.0
SO2 weekday morning peak hour (04-12),centro,2026-01,7.0,197.0
SO2 weekday morning peak hour (04-12),centro,2026-02,6.0,176.0
SO2 weekday morning peak hour (04-12),centro,2026-03,6.0,195.0
SO2 weekday morning peak hour (04-12),centro,2026-04,6.0,189.0
SO2 weekday morning peak hour (04-12),centro,2026-05,6.0,187.0
SO2 weekday morning peak hour (04-12),centro,2026-06,6.0,198.0
SO2 weekday morning peak hour (04-12),centro,2026-07,6.0,203.0
SO2 weekday morning peak hour (04-12),centro,2026-08,7.0,185.0
SO2 weekday morning peak hour (04-12),cotocollao,2023-01,10.0,198.0
SO2 weekday morning peak hour (04-12),cotocollao,2023-02,9.0,179.0
SO2 weekday morning peak hour (04-12),cotocollao,2023-03,9.0,205.0
SO2 weekday morning peak hour (04-12),cotocollao,2023-04,8.0,179.0
SO2 weekday morning peak hour (04-12),cotocollao,2023-05,7.0,196.0
SO2 weekday morning peak hour (04-12),cotocollao,2023-06,7.0,198.0
SO2 weekday morning peak hour (04-12),cotocollao,2023-07,7.0,181.0
SO2 weekday morning peak hour (04-12),cotocollao,2023-08,6.0,194.0
SO2 weekday morning peak hour (04-12),cotocollao,2023-09,7.0,189.0
SO2 weekday morning peak hour (04-12),cotocollao,2023-10,9.0,197.0
SO2 weekday morning peak hour (04-12),cotocollao,2023-11,7.0,191.0
SO2 weekday morning peak hour (04-12),cotocollao,2023-12,8.0,185.0
SO2 weekday morning peak hour (04-12),cotocollao,2024-01,7.0,206.0
SO2 weekday morning peak hour (04-12),cotocollao,2024-02,9.0,186.0
SO2 weekday morning peak hour (04-12),cotocollao,2024-03,9.0,178.0
SO2 weekday morning peak hour (04-12),cotocollao,2024-04,7.0,146.0
SO2 weekday morning peak hour (04-12),cotocollao,2024-05,8.0,204.0
SO2 weekday morning peak hour (04-12),cotocollao,2024-06,7.0,176.0
SO2 weekday morning peak hour (04-12),cotocollao,2024-07,7.0,205.0
SO2 weekday morning peak hour (04-12),cotocollao,2024-08,7.0,193.0
SO2 weekday morning peak hour (04-12),cotocollao,2024-09,7.0,184.0
SO2 weekday morning peak hour (04-12),cotocollao,2024-10,9.0,204.0
SO2 weekday morning peak hour (04-12),cotocollao,2024-11,8.0,187.0
SO2 weekday morning peak hour (04-12),cotocollao,2024-12,9.0,190.0
SO2 weekday morning peak hour (04-12),cotocollao,2025-01,9.0,195.0
SO2 weekday morning peak hour (04-12),cotocollao,2025-02,11.0,178.0
SO2 weekday morning peak hour (04-12),cotocollao,2025-03,9.0,186.0
SO2 weekday morning peak hour (04-12),cotocollao,2025-04,9.0,198.0
SO2 weekday morning peak hour (04-12),cotocollao,2025-05,7.0,198.0
SO2 weekday morning peak hour (04-12),cotocollao,2025-06,7.0,188.0
SO2 weekday morning peak hour (04-12),cotocollao,2025-07,7.0,206.0
SO2 weekday morning peak hour (04-12),cotocollao,2025-08,9.0,189.0
SO2 weekday morning peak hour (04-12),cotocollao,2025-09,7.0,193.0
SO2 weekday morning peak hour (04-12),cotocollao,2025-10,8.0,207.0
SO2 weekday morning peak hour (04-12),cotocollao,2025-11,11.0,171.0
SO2 weekday morning peak hour (04-12),cotocollao,2025-12,8.0,205.0
SO2 weekday morning peak hour (04-12),cotocollao,2026-01,10.0,196.0
SO2 weekday morning peak hour (04-12),cotocollao,2026-02,10.0,178.0
SO2 weekday morning peak hour (04-12),cotocollao,2026-03,9.0,194.0
SO2 weekday morning peak hour (04-12),cotocollao,2026-04,8.0,195.0
SO2 weekday morning peak hour (04-12),cotocollao,2026-05,8.0,186.0
SO2 weekday morning peak hour (04-12),cotocollao,2026-06,7.0,192.0
SO2 weekday morning peak hour (04-12),cotocollao,2026-07,7.0,207.0
SO2 weekday morning peak hour (04-12),cotocollao,2026-08,7.0,183.0
SO2 weekday morning peak hour (04-12),elcamal,2025-01,7.0,162.0
SO2 weekday morning peak hour (04-12),elcamal,2025-02,7.0,171.0
SO2 weekday morning peak hour (04-12),elcamal,2025-03,7.0,188.0
SO2 weekday morning peak hour (04-12),elcamal,2025-04,7.0,198.0
SO2 weekday morning peak hour (04-12),elcamal,2025-05,7.0,198.0
SO2 weekday morning peak hour (04-12),elcamal,2025-06,7.0,165.0
SO2 weekday morning peak hour (04-12),elcamal,2025-07,7.0,202.0
SO2 weekday morning peak hour (04-12),elcamal,2025-08,7.0,168.0
SO2 weekday morning peak hour (04-12),elcamal,2025-09,7.0,194.0
SO2 weekday morning peak hour (04-12),elcamal,2025-10,6.0,203.0
SO2 weekday morning peak hour (04-12),elcamal,2025-11,7.0,180.0
SO2 weekday morning peak hour (04-12),elcamal,2025-12,7.0,199.0
SO2 weekday morning peak hour (04-12),elcamal,2026-01,8.0,198.0
SO2 weekday morning peak hour (04-12),elcamal,2026-02,7.0,176.0
SO2 weekday morning peak hour (04-12),elcamal,2026-03,7.0,194.0
SO2 weekday morning peak hour (04-12),elcamal,2026-04,7.0,190.0
SO2 weekday morning peak hour (04-12),elcamal,2026-05,6.0,186.0
SO2 weekday morning peak hour (04-12),guamani,2023-01,12.0,189.0
SO2 weekday morning peak hour (04-12),guamani,2023-02,11.0,170.0
SO2 weekday morning peak hour (04-12),guamani,2023-03,7.0,187.0
SO2 weekday morning peak hour (04-12),guamani,2023-04,6.0,158.0
SO2 weekday morning peak hour (04-12),guamani,2023-05,7.0,194.0
SO2 weekday morning peak hour (04-12),guamani,2023-06,7.0,197.0
SO2 weekday morning peak hour (04-12),guamani,2023-07,6.0,189.0
SO2 weekday morning peak hour (04-12),guamani,2023-08,6.0,198.0
SO2 weekday morning peak hour (04-12),guamani,2023-09,6.0,189.0
SO2 weekday morning peak hour (04-12),guamani,2023-10,11.0,192.0
SO2 weekday morning peak hour (04-12),guamani,2023-11,6.0,183.0
SO2 weekday morning peak hour (04-12),guamani,2023-12,11.0,180.0
SO2 weekday morning peak hour (04-12),guamani,2024-01,12.0,203.0
SO2 weekday morning peak hour (04-12),guamani,2024-02,6.0,189.0
SO2 weekday morning peak hour (04-12),guamani,2024-03,11.0,175.0
SO2 weekday morning peak hour (04-12),guamani,2024-04,12.0,164.0
SO2 weekday morning peak hour (04-12),guamani,2024-05,11.0,203.0
SO2 weekday morning peak hour (04-12),guamani,2024-06,7.0,171.0
SO2 weekday morning peak hour (04-12),guamani,2024-07,11.0,203.0
SO2 weekday morning peak hour (04-12),guamani,2024-08,10.0,197.0
SO2 weekday morning peak hour (04-12),guamani,2024-09,11.0,150.0
SO2 weekday morning peak hour (04-12),guamani,2024-12,12.0,186.0
SO2 weekday morning peak hour (04-12),guamani,2025-01,12.0,207.0
SO2 weekday morning peak hour (04-12),guamani,2025-02,12.0,173.0
SO2 weekday morning peak hour (04-12),guamani,2025-03,7.0,184.0
SO2 weekday morning peak hour (04-12),guamani,2025-04,7.0,198.0
SO2 weekday morning peak hour (04-12),guamani,2025-05,6.0,197.0
SO2 weekday morning peak hour (04-12),guamani,2025-06,7.0,108.0
SO2 weekday morning peak hour (04-12),guamani,2026-08,10.0,107.0
SO2 weekday morning peak hour (04-12),loschillos,2023-01,10.0,168.0
SO2 weekday morning peak hour (04-12),loschillos,2023-03,8.0,204.0
SO2 weekday morning peak hour (04-12),loschillos,2023-04,7.0,180.0
SO2 weekday morning peak hour (04-12),loschillos,2023-05,7.0,204.0
SO2 weekday morning peak hour (04-12),loschillos,2023-06,7.0,197.0
SO2 weekday morning peak hour (04-12),loschillos,2023-07,7.0,181.0
SO2 weekday morning peak hour (04-12),loschillos,2023-08,8.0,202.0
SO2 weekday morning peak hour (04-12),loschillos,2023-09,7.0,177.0
SO2 weekday morning peak hour (04-12),loschillos,2023-10,11.0,166.0
SO2 weekday morning peak hour (04-12),loschillos,2023-11,10.0,170.0
SO2 weekday morning peak hour (04-12),loschillos,2024-01,11.0,189.0
SO2 weekday morning peak hour (04-12),loschillos,2024-02,8.0,170.0
SO2 weekday morning peak hour (04-12),loschillos,2024-03,9.0,175.0
SO2 weekday morning peak hour (04-12),loschillos,2024-05,11.0,180.0
SO2 weekday morning peak hour (04-12),loschillos,2024-06,8.0,178.0
SO2 weekday morning peak hour (04-12),loschillos,2024-07,8.0,195.0
SO2 weekday morning peak hour (04-12),loschillos,2024-08,11.0,184.0
SO2 weekday morning peak hour (04-12),loschillos,2024-09,5.0,154.0
SO2 weekday morning peak hour (04-12),loschillos,2024-10,7.0,134.0
SO2 weekday morning peak hour (04-12),loschillos,2024-12,10.0,151.0
SO2 weekday morning peak hour (04-12),loschillos,2025-01,10.0,202.0
SO2 weekday morning peak hour (04-12),loschillos,2025-02,10.0,117.0
SO2 weekday morning peak hour (04-12),loschillos,2025-04,8.0,190.0
SO2 weekday morning peak hour (04-12),loschillos,2025-05,8.0,198.0
SO2 weekday morning peak hour (04-12),loschillos,2025-06,8.0,176.0
SO2 weekday morning peak hour (04-12),loschillos,2025-07,8.0,205.0
SO2 weekday morning peak hour (04-12),loschillos,2025-08,8.0,184.0
SO2 weekday morning peak hour (04-12),loschillos,2025-09,8.0,191.0
SO2 weekday morning peak hour (04-12),loschillos,2025-10,9.0,180.0
SO2 weekday morning peak hour (04-12),loschillos,2026-01,12.0,157.0
SO2 weekday morning peak hour (04-12),loschillos,2026-02,8.0,172.0
SO2 weekday morning peak hour (04-12),loschillos,2026-03,11.0,173.0
SO2 weekday morning peak hour (04-12),loschillos,2026-04,11.0,176.0
SO2 weekday morning peak hour (04-12),loschillos,2026-05,10.0,166.0
SO2 weekday morning peak hour (04-12),loschillos,2026-06,7.0,189.0
SO2 weekday morning peak hour (04-12),loschillos,2026-07,8.0,202.0
SO2 weekday morning peak hour (04-12),loschillos,2026-08,7.0,173.0
SO2 weekday morning peak hour (04-12),tumbaco,2023-01,9.0,183.0
SO2 weekday morning peak hour (04-12),tumbaco,2023-02,9.0,174.0
SO2 weekday morning peak hour (04-12),tumbaco,2023-03,8.0,195.0
SO2 weekday morning peak hour (04-12),tumbaco,2023-04,8.0,162.0
SO2 weekday morning peak hour (04-12),tumbaco,2023-05,7.0,185.0
SO2 weekday morning peak hour (04-12),tumbaco,2023-06,7.0,172.0
SO2 weekday morning peak hour (04-12),tumbaco,2023-07,7.0,174.0
SO2 weekday morning peak hour (04-12),tumbaco,2023-08,8.0,196.0
SO2 weekday morning peak hour (04-12),tumbaco,2023-10,8.0,175.0
SO2 weekday morning peak hour (04-12),tumbaco,2023-11,8.0,134.0
SO2 weekday morning peak hour (04-12),tumbaco,2023-12,9.0,134.0
SO2 weekday morning peak hour (04-12),tumbaco,2024-01,8.0,190.0
SO2 weekday morning peak hour (04-12),tumbaco,2024-02,9.0,172.0
SO2 weekday morning peak hour (04-12),tumbaco,2024-03,9.0,175.0
SO2 weekday morning peak hour (04-12),tumbaco,2024-04,9.0,149.0
SO2 weekday morning peak hour (04-12),tumbaco,2024-05,8.0,176.0
SO2 weekday morning peak hour (04-12),tumbaco,2024-06,9.0,172.0
SO2 weekday morning peak hour (04-12),tumbaco,2024-07,8.0,198.0
SO2 weekday morning peak hour (04-12),tumbaco,2024-09,8.0,156.0
SO2 weekday morning peak hour (04-12),tumbaco,2024-12,9.0,173.0
SO2 weekday morning peak hour (04-12),tumbaco,2025-01,8.0,207.0
SO2 weekday morning peak hour (04-12),tumbaco,2025-02,8.0,179.0
SO2 weekday morning peak hour (04-12),tumbaco,2025-03,8.0,189.0
SO2 weekday morning peak hour (04-12),tumbaco,2025-04,8.0,197.0
SO2 weekday morning peak hour (04-12),tumbaco,2025-05,8.0,194.0
SO2 weekday morning peak hour (04-12),tumbaco,2025-06,8.0,189.0
SO2 weekday morning peak hour (04-12),tumbaco,2025-07,8.0,207.0
SO2 weekday morning peak hour (04-12),tumbaco,2025-08,8.0,188.0
SO2 weekday morning peak hour (04-12),tumbaco,2025-09,8.0,180.0
SO2 weekday morning peak hour (04-12),tumbaco,2025-10,8.0,195.0
SO2 weekday morning peak hour (04-12),tumbaco,2025-11,12.0,176.0
SO2 weekday morning peak hour (04-12),tumbaco,2025-12,7.0,166.0
SO2 weekday morning peak hour (04-12),tumbaco,2026-01,9.0,184.0
SO2 weekday morning peak hour (04-12),tumbaco,2026-02,9.0,164.0
SO2 weekday morning peak hour (04-12),tumbaco,2026-03,8.0,176.0
SO2 weekday morning peak hour (04-12),tumbaco,2026-04,8.0,158.0
SO2 weekday morning peak hour (04-12),tumbaco,2026-05,8.0,183.0
SO2 weekday morning peak hour (04-12),tumbaco,2026-06,5.0,176.0
SO2 weekday morning peak hour (04-12),tumbaco,2026-07,8.0,204.0
SO2 weekday morning peak hour (04-12),tumbaco,2026-08,8.0,147.0
O3 weekday morning peak hour (04-12),belisario,2023-01,12.0,198.0
O3 weekday morning peak hour (04-12),belisario,2023-02,12.0,177.0
O3 weekday morning peak hour (04-12),belisario,2023-03,12.0,204.0
O3 weekday morning peak hour (04-12),belisario,2023-04,12.0,180.0
O3 weekday morning peak hour (04-12),belisario,2023-05,12.0,206.0
O3 weekday morning peak hour (04-12),belisario,2023-06,12.0,198.0
O3 weekday morning peak hour (04-12),belisario,2023-07,12.0,189.0
O3 weekday morning peak hour (04-12),belisario,2023-08,12.0,207.0
O3 weekday morning peak hour (04-12),belisario,2023-09,12.0,189.0
O3 weekday morning peak hour (04-12),belisario,2023-10,12.0,190.0
O3 weekday morning peak hour (04-12),belisario,2023-11,12.0,194.0
O3 weekday morning peak hour (04-12),belisario,2023-12,12.0,189.0
O3 weekday morning peak hour (04-12),belisario,2024-01,12.0,207.0
O3 weekday morning peak hour (04-12),belisario,2024-02,12.0,189.0
O3 weekday morning peak hour (04-12),belisario,2024-03,12.0,152.0
O3 weekday morning peak hour (04-12),belisario,2024-04,12.0,191.0
O3 weekday morning peak hour (04-12),belisario,2024-05,12.0,196.0
O3 weekday morning peak hour (04-12),belisario,2024-06,12.0,180.0
O3 weekday morning peak hour (04-12),belisario,2024-07,12.0,196.0
O3 weekday morning peak hour (04-12),belisario,2024-08,12.0,198.0
O3 weekday morning peak hour (04-12),belisario,2024-09,12.0,184.0
O3 weekday morning peak hour (04-12),belisario,2024-10,12.0,197.0
O3 weekday morning peak hour (04-12),belisario,2024-12,12.0,187.0
O3 weekday morning peak hour (04-12),belisario,2025-01,12.0,199.0
O3 weekday morning peak hour (04-12),belisario,2025-02,12.0,180.0
O3 weekday morning peak hour (04-12),belisario,2025-03,12.0,162.0
O3 weekday morning peak hour (04-12),belisario,2025-04,12.0,192.0
O3 weekday morning peak hour (04-12),belisario,2025-05,12.0,198.0
O3 weekday morning peak hour (04-12),belisario,2025-06,12.0,183.0
O3 weekday morning peak hour (04-12),belisario,2025-07,12.0,204.0
O3 weekday morning peak hour (04-12),belisario,2025-08,12.0,189.0
O3 weekday morning peak hour (04-12),belisario,2025-09,12.0,193.0
O3 weekday morning peak hour (04-12),belisario,2025-10,12.0,197.0
O3 weekday morning peak hour (04-12),belisario,2025-11,12.0,180.0
O3 weekday morning peak hour (04-12),belisario,2025-12,12.0,199.0
O3 weekday morning peak hour (04-12),belisario,2026-01,12.0,191.0
O3 weekday morning peak hour (04-12),belisario,2026-02,12.0,171.0
O3 weekday morning peak hour (04-12),belisario,2026-03,12.0,185.0
O3 weekday morning peak hour (04-12),belisario,2026-04,12.0,179.0
O3 weekday morning peak hour (04-12),belisario,2026-05,12.0,120.0
O3 weekday morning peak hour (04-12),belisario,2026-06,12.0,153.0
O3 weekday morning peak hour (04-12),belisario,2026-07,12.0,185.0
O3 weekday morning peak hour (04-12),belisario,2026-08,11.0,172.0
O3 weekday morning peak hour (04-12),carapungo,2023-01,12.0,194.0
O3 weekday morning peak hour (04-12),carapungo,2023-02,12.0,176.0
O3 weekday morning peak hour (04-12),carapungo,2023-03,12.0,206.0
O3 weekday morning peak hour (04-12),carapungo,2023-04,11.0,174.0
O3 weekday morning peak hour (04-12),carapungo,2023-05,12.0,205.0
O3 weekday morning peak hour (04-12),carapungo,2023-06,11.0,198.0
O3 weekday morning peak hour (04-12),carapungo,2023-07,12.0,189.0
O3 weekday morning peak hour (04-12),carapungo,2023-08,11.0,207.0
O3 weekday morning peak hour (04-12),carapungo,2023-09,12.0,189.0
O3 weekday morning peak hour (04-12),carapungo,2023-10,11.0,198.0
O3 weekday morning peak hour (04-12),carapungo,2023-11,12.0,194.0
O3 weekday morning peak hour (04-12),carapungo,2023-12,12.0,189.0
O3 weekday morning peak hour (04-12),carapungo,2024-01,12.0,207.0
O3 weekday morning peak hour (04-12),carapungo,2024-02,12.0,189.0
O3 weekday morning peak hour (04-12),carapungo,2024-03,12.0,188.0
O3 weekday morning peak hour (04-12),carapungo,2024-04,12.0,187.0
O3 weekday morning peak hour (04-12),carapungo,2024-05,12.0,206.0
O3 weekday morning peak hour (04-12),carapungo,2024-06,12.0,178.0
O3 weekday morning peak hour (04-12),carapungo,2024-07,12.0,207.0
O3 weekday morning peak hour (04-12),carapungo,2024-08,12.0,196.0
O3 weekday morning peak hour (04-12),carapungo,2024-09,11.0,184.0
O3 weekday morning peak hour (04-12),carapungo,2024-10,12.0,188.0
O3 weekday morning peak hour (04-12),carapungo,2024-11,12.0,153.0
O3 weekday morning peak hour (04-12),carapungo,2024-12,12.0,141.0
O3 weekday morning peak hour (04-12),carapungo,2025-01,12.0,207.0
O3 weekday morning peak hour (04-12),carapungo,2025-02,11.0,179.0
O3 weekday morning peak hour (04-12),carapungo,2025-03,11.0,100.0
O3 weekday morning peak hour (04-12),carapungo,2025-04,12.0,191.0
O3 weekday morning peak hour (04-12),carapungo,2025-05,12.0,198.0
O3 weekday morning peak hour (04-12),carapungo,2025-06,12.0,189.0
O3 weekday morning peak hour (04-12),carapungo,2025-07,12.0,203.0
O3 weekday morning peak hour (04-12),carapungo,2025-08,12.0,188.0
O3 weekday morning peak hour (04-12),carapungo,2025-09,11.0,195.0
O3 weekday morning peak hour (04-12),carapungo,2025-10,11.0,186.0
O3 weekday morning peak hour (04-12),carapungo,2025-11,11.0,172.0
O3 weekday morning peak hour (04-12),carapungo,2025-12,12.0,202.0
O3 weekday morning peak hour (04-12),carapungo,2026-01,12.0,197.0
O3 weekday morning peak hour (04-12),carapungo,2026-02,12.0,178.0
O3 weekday morning peak hour (04-12),carapungo,2026-03,12.0,198.0
O3 weekday morning peak hour (04-12),carapungo,2026-04,12.0,195.0
O3 weekday morning peak hour (04-12),carapungo,2026-05,12.0,188.0
O3 weekday morning peak hour (04-12),carapungo,2026-06,12.0,187.0
O3 weekday morning peak hour (04-12),carapungo,2026-08,12.0,189.0
O3 weekday morning peak hour (04-12),centro,2023-01,12.0,198.0
O3 weekday morning peak hour (04-12),centro,2023-02,12.0,174.0
O3 weekday morning peak hour (04-12),centro,2023-03,12.0,207.0
O3 weekday morning peak hour (04-12),centro,2023-04,12.0,180.0
O3 weekday morning peak hour (04-12),centro,2023-05,12.0,206.0
O3 weekday morning peak hour (04-12),centro,2023-06,12.0,198.0
O3 weekday morning peak hour (04-12),centro,2023-07,12.0,189.0
O3 weekday morning peak hour (04-12),centro,2023-08,12.0,204.0
O3 weekday morning peak hour (04-12),centro,2023-09,12.0,187.0
O3 weekday morning peak hour (04-12),centro,2023-10,12.0,190.0
O3 weekday morning peak hour (04-12),centro,2023-11,12.0,197.0
O3 weekday morning peak hour (04-12),centro,2023-12,12.0,189.0
O3 weekday morning peak hour (04-12),centro,2024-01,12.0,207.0
O3 weekday morning peak hour (04-12),centro,2024-02,12.0,181.0
O3 weekday morning peak hour (04-12),centro,2024-03,12.0,186.0
O3 weekday morning peak hour (04-12),centro,2024-04,12.0,182.0
O3 weekday morning peak hour (04-12),centro,2024-05,12.0,202.0
O3 weekday morning peak hour (04-12),centro,2024-06,12.0,178.0
O3 weekday morning peak hour (04-12),centro,2024-07,12.0,207.0
O3 weekday morning peak hour (04-12),centro,2024-08,12.0,195.0
O3 weekday morning peak hour (04-12),centro,2024-09,12.0,174.0
O3 weekday morning peak hour (04-12),centro,2024-10,12.0,207.0
O3 weekday morning peak hour (04-12),centro,2024-11,12.0,181.0
O3 weekday morning peak hour (04-12),centro,2024-12,12.0,197.0
O3 weekday morning peak hour (04-12),centro,2025-01,12.0,206.0
O3 weekday morning peak hour (04-12),centro,2025-02,12.0,180.0
O3 weekday morning peak hour (04-12),centro,2025-03,12.0,184.0
O3 weekday morning peak hour (04-12),centro,2025-04,12.0,198.0
O3 weekday morning peak hour (04-12),centro,2025-05,12.0,198.0
O3 weekday morning peak hour (04-12),centro,2025-06,12.0,189.0
O3 weekday morning peak hour (04-12),centro,2025-07,12.0,207.0
O3 weekday morning peak hour (04-12),centro,2025-08,12.0,189.0
O3 weekday morning peak hour (04-12),centro,2025-09,12.0,198.0
O3 weekday morning peak hour (04-12),centro,2025-10,12.0,145.0
O3 weekday morning peak hour (04-12),centro,2025-11,12.0,104.0
O3 weekday morning peak hour (04-12),centro,2025-12,12.0,205.0
O3 weekday morning peak hour (04-12),centro,2026-01,12.0,196.0
O3 weekday morning peak hour (04-12),centro,2026-02,12.0,175.0
O3 weekday morning peak hour (04-12),centro,2026-03,12.0,196.0
O3 weekday morning peak hour (04-12),centro,2026-04,12.0,187.0
O3 weekday morning peak hour (04-12),centro,2026-05,12.0,188.0
O3 weekday morning peak hour (04-12),centro,2026-06,12.0,198.0
O3 weekday morning peak hour (04-12),centro,2026-07,12.0,204.0
O3 weekday morning peak hour (04-12),centro,2026-08,12.0,187.0
O3 weekday morning peak hour (04-12),cotocollao,2023-01,12.0,189.0
O3 weekday morning peak hour (04-12),cotocollao,2023-02,12.0,178.0
O3 weekday morning peak hour (04-12),cotocollao,2023-03,11.0,196.0
O3 weekday morning peak hour (04-12),cotocollao,2023-04,11.0,158.0
O3 weekday morning peak hour (04-12),cotocollao,2023-05,12.0,190.0
O3 weekday morning peak hour (04-12),cotocollao,2023-06,12.0,183.0
O3 weekday morning peak hour (04-12),cotocollao,2023-07,12.0,180.0
O3 weekday morning peak hour (04-12),cotocollao,2023-08,12.0,184.0
O3 weekday morning peak hour (04-12),cotocollao,2023-09,12.0,184.0
O3 weekday morning peak hour (04-12),cotocollao,2023-10,12.0,182.0
O3 weekday morning peak hour (04-12),cotocollao,2023-11,12.0,188.0
O3 weekday morning peak hour (04-12),cotocollao,2023-12,11.0,184.0
O3 weekday morning peak hour (04-12),cotocollao,2024-01,12.0,202.0
O3 weekday morning peak hour (04-12),cotocollao,2024-02,12.0,176.0
O3 weekday morning peak hour (04-12),cotocollao,2024-03,12.0,172.0
O3 weekday morning peak hour (04-12),cotocollao,2024-04,11.0,131.0
O3 weekday morning peak hour (04-12),cotocollao,2024-05,12.0,198.0
O3 weekday morning peak hour (04-12),cotocollao,2024-06,12.0,176.0
O3 weekday morning peak hour (04-12),cotocollao,2024-07,12.0,207.0
O3 weekday morning peak hour (04-12),cotocollao,2024-08,12.0,195.0
O3 weekday morning peak hour (04-12),cotocollao,2024-09,12.0,173.0
O3 weekday morning peak hour (04-12),cotocollao,2024-10,12.0,207.0
O3 weekday morning peak hour (04-12),cotocollao,2024-11,11.0,188.0
O3 weekday morning peak hour (04-12),cotocollao,2024-12,12.0,190.0
O3 weekday morning peak hour (04-12),cotocollao,2025-01,12.0,195.0
O3 weekday morning peak hour (04-12),cotocollao,2025-02,12.0,180.0
O3 weekday morning peak hour (04-12),cotocollao,2025-03,11.0,186.0
O3 weekday morning peak hour (04-12),cotocollao,2025-04,12.0,198.0
O3 weekday morning peak hour (04-12),cotocollao,2025-05,12.0,198.0
O3 weekday morning peak hour (04-12),cotocollao,2025-06,12.0,188.0
O3 weekday morning peak hour (04-12),cotocollao,2025-07,12.0,207.0
O3 weekday morning peak hour (04-12),cotocollao,2025-08,12.0,188.0
O3 weekday morning peak hour (04-12),cotocollao,2025-09,11.0,193.0
O3 weekday morning peak hour (04-12),cotocollao,2025-10,11.0,207.0
O3 weekday morning peak hour (04-12),cotocollao,2025-11,11.0,177.0
O3 weekday morning peak hour (04-12),cotocollao,2025-12,12.0,206.0
O3 weekday morning peak hour (04-12),cotocollao,2026-01,12.0,197.0
O3 weekday morning peak hour (04-12),cotocollao,2026-02,12.0,178.0
O3 weekday morning peak hour (04-12),cotocollao,2026-03,12.0,194.0
O3 weekday morning peak hour (04-12),cotocollao,2026-04,12.0,195.0
O3 weekday morning peak hour (04-12),cotocollao,2026-05,12.0,186.0
O3 weekday morning peak hour (04-12),cotocollao,2026-06,12.0,156.0
O3 weekday morning peak hour (04-12),cotocollao,2026-07,12.0,207.0
O3 weekday morning peak hour (04-12),cotocollao,2026-08,12.0,186.0
O3 weekday morning peak hour (04-12),elcamal,2025-01,12.0,167.0
O3 weekday morning peak hour (04-12),elcamal,2025-02,12.0,180.0
O3 weekday morning peak hour (04-12),elcamal,2025-03,12.0,189.0
O3 weekday morning peak hour (04-12),elcamal,2025-04,12.0,198.0
O3 weekday morning peak hour (04-12),elcamal,2025-05,12.0,198.0
O3 weekday morning peak hour (04-12),elcamal,2025-06,12.0,189.0
O3 weekday morning peak hour (04-12),elcamal,2025-07,12.0,207.0
O3 weekday morning peak hour (04-12),elcamal,2025-08,12.0,189.0
O3 weekday morning peak hour (04-12),elcamal,2025-09,12.0,194.0
O3 weekday morning peak hour (04-12),elcamal,2025-10,12.0,201.0
O3 weekday morning peak hour (04-12),elcamal,2025-11,12.0,178.0
O3 weekday morning peak hour (04-12),elcamal,2025-12,12.0,203.0
O3 weekday morning peak hour (04-12),elcamal,2026-01,12.0,197.0
O3 weekday morning peak hour (04-12),elcamal,2026-02,12.0,177.0
O3 weekday morning peak hour (04-12),elcamal,2026-03,12.0,195.0
O3 weekday morning peak hour (04-12),elcamal,2026-04,12.0,189.0
O3 weekday morning peak hour (04-12),elcamal,2026-05,12.0,188.0
O3 weekday morning peak hour (04-12),elcamal,2026-06,12.0,99.0
O3 weekday morning peak hour (04-12),guamani,2023-01,10.0,192.0
O3 weekday morning peak hour (04-12),guamani,2023-02,12.0,177.0
O3 weekday morning peak hour (04-12),guamani,2023-03,12.0,189.0
O3 weekday morning peak hour (04-12),guamani,2023-04,12.0,169.0
O3 weekday morning peak hour (04-12),guamani,2023-05,12.0,193.0
O3 weekday morning peak hour (04-12),guamani,2023-06,11.0,198.0
O3 weekday morning peak hour (04-12),guamani,2023-07,12.0,189.0
O3 weekday morning peak hour (04-12),guamani,2023-08,11.0,198.0
O3 weekday morning peak hour (04-12),guamani,2023-09,12.0,189.0
O3 weekday morning peak hour (04-12),guamani,2023-10,12.0,181.0
O3 weekday morning peak hour (04-12),guamani,2023-11,12.0,184.0
O3 weekday morning peak hour (04-12),guamani,2023-12,12.0,185.0
O3 weekday morning peak hour (04-12),guamani,2024-01,12.0,205.0
O3 weekday morning peak hour (04-12),guamani,2024-02,12.0,188.0
O3 weekday morning peak hour (04-12),guamani,2024-03,12.0,178.0
O3 weekday morning peak hour (04-12),guamani,2024-04,12.0,180.0
O3 weekday morning peak hour (04-12),guamani,2024-05,12.0,202.0
O3 weekday morning peak hour (04-12),guamani,2024-06,12.0,173.0
O3 weekday morning peak hour (04-12),guamani,2024-07,12.0,205.0
O3 weekday morning peak hour (04-12),guamani,2024-08,12.0,198.0
O3 weekday morning peak hour (04-12),guamani,2024-09,11.0,165.0
O3 weekday morning peak hour (04-12),guamani,2024-12,12.0,157.0
O3 weekday morning peak hour (04-12),guamani,2025-01,12.0,170.0
O3 weekday morning peak hour (04-12),guamani,2025-02,12.0,119.0
O3 weekday morning peak hour (04-12),guamani,2025-03,12.0,183.0
O3 weekday morning peak hour (04-12),guamani,2025-04,11.0,198.0
O3 weekday morning peak hour (04-12),guamani,2025-05,12.0,193.0
O3 weekday morning peak hour (04-12),guamani,2025-06,12.0,107.0
O3 weekday morning peak hour (04-12),guamani,2026-08,10.0,102.0
O3 weekday morning peak hour (04-12),loschillos,2023-01,12.0,198.0
O3 weekday morning peak hour (04-12),loschillos,2023-02,12.0,179.0
O3 weekday morning peak hour (04-12),loschillos,2023-03,12.0,207.0
O3 weekday morning peak hour (04-12),loschillos,2023-04,12.0,180.0
O3 weekday morning peak hour (04-12),loschillos,2023-05,12.0,207.0
O3 weekday morning peak hour (04-12),loschillos,2023-06,11.0,198.0
O3 weekday morning peak hour (04-12),loschillos,2023-07,12.0,189.0
O3 weekday morning peak hour (04-12),loschillos,2023-08,12.0,205.0
O3 weekday morning peak hour (04-12),loschillos,2023-09,11.0,188.0
O3 weekday morning peak hour (04-12),loschillos,2023-10,12.0,197.0
O3 weekday morning peak hour (04-12),loschillos,2023-11,12.0,198.0
O3 weekday morning peak hour (04-12),loschillos,2023-12,12.0,180.0
O3 weekday morning peak hour (04-12),loschillos,2024-01,12.0,205.0
O3 weekday morning peak hour (04-12),loschillos,2024-02,12.0,189.0
O3 weekday morning peak hour (04-12),loschillos,2024-03,12.0,189.0
O3 weekday morning peak hour (04-12),loschillos,2024-04,12.0,177.0
O3 weekday morning peak hour (04-12),loschillos,2024-05,12.0,204.0
O3 weekday morning peak hour (04-12),loschillos,2024-06,12.0,180.0
O3 weekday morning peak hour (04-12),loschillos,2024-07,12.0,206.0
O3 weekday morning peak hour (04-12),loschillos,2024-08,12.0,198.0
O3 weekday morning peak hour (04-12),loschillos,2024-09,12.0,157.0
O3 weekday morning peak hour (04-12),loschillos,2024-10,12.0,150.0
O3 weekday morning peak hour (04-12),loschillos,2024-12,12.0,176.0
O3 weekday morning peak hour (04-12),loschillos,2025-01,12.0,196.0
O3 weekday morning peak hour (04-12),loschillos,2025-02,12.0,155.0
O3 weekday morning peak hour (04-12),loschillos,2025-04,12.0,193.0
O3 weekday morning peak hour (04-12),loschillos,2025-05,12.0,198.0
O3 weekday morning peak hour (04-12),loschillos,2025-06,12.0,187.0
O3 weekday morning peak hour (04-12),loschillos,2025-07,11.0,207.0
O3 weekday morning peak hour (04-12),loschillos,2025-08,12.0,183.0
O3 weekday morning peak hour (04-12),loschillos,2025-09,12.0,177.0
O3 weekday morning peak hour (04-12),loschillos,2025-10,12.0,149.0
O3 weekday morning peak hour (04-12),loschillos,2026-01,12.0,193.0
O3 weekday morning peak hour (04-12),loschillos,2026-02,12.0,157.0
O3 weekday morning peak hour (04-12),loschillos,2026-03,12.0,187.0
O3 weekday morning peak hour (04-12),loschillos,2026-04,12.0,195.0
O3 weekday morning peak hour (04-12),loschillos,2026-05,12.0,183.0
O3 weekday morning peak hour (04-12),loschillos,2026-06,12.0,198.0
O3 weekday morning peak hour (04-12),loschillos,2026-07,12.0,204.0
O3 weekday morning peak hour (04-12),loschillos,2026-08,11.0,178.0
O3 weekday morning peak hour (04-12),sanantonio,2023-01,12.0,172.0
O3 weekday morning peak hour (04-12),sanantonio,2023-02,12.0,159.0
O3 weekday morning peak hour (04-12),sanantonio,2023-03,11.0,183.0
O3 weekday morning peak hour (04-12),sanantonio,2023-10,11.0,163.0
O3 weekday morning peak hour (04-12),sanantonio,2023-11,11.0,174.0
O3 weekday morning peak hour (04-12),sanantonio,2024-03,11.0,170.0
O3 weekday morning peak hour (04-12),sanantonio,2024-04,12.0,153.0
O3 weekday morning peak hour (04-12),sanantonio,2024-09,11.0,174.0
O3 weekday morning peak hour (04-12),sanantonio,2024-10,12.0,152.0
O3 weekday morning peak hour (04-12),sanantonio,2024-12,11.0,177.0
O3 weekday morning peak hour (04-12),sanantonio,2025-01,12.0,207.0
O3 weekday morning peak hour (04-12),sanantonio,2025-02,11.0,180.0
O3 weekday morning peak hour (04-12),sanantonio,2025-03,11.0,119.0
O3 weekday morning peak hour (04-12),sanantonio,2025-04,12.0,198.0
O3 weekday morning peak hour (04-12),sanantonio,2025-05,12.0,198.0
O3 weekday morning peak hour (04-12),sanantonio,2025-06,12.0,189.0
O3 weekday morning peak hour (04-12),sanantonio,2025-07,11.0,180.0
O3 weekday morning peak hour (04-12),sanantonio,2025-08,11.0,145.0
O3 weekday morning peak hour (04-12),sanantonio,2025-09,11.0,144.0
O3 weekday morning peak hour (04-12),sanantonio,2025-10,11.0,181.0
O3 weekday morning peak hour (04-12),sanantonio,2025-11,11.0,177.0
O3 weekday morning peak hour (04-12),sanantonio,2025-12,11.0,205.0
O3 weekday morning peak hour (04-12),sanantonio,2026-01,11.0,194.0
O3 weekday morning peak hour (04-12),sanantonio,2026-02,11.0,177.0
O3 weekday morning peak hour (04-12),sanantonio,2026-03,12.0,198.0
O3 weekday morning peak hour (04-12),sanantonio,2026-04,12.0,197.0
O3 weekday morning peak hour (04-12),sanantonio,2026-05,11.0,189.0
O3 weekday morning peak hour (04-12),sanantonio,2026-06,12.0,194.0
O3 weekday morning peak hour (04-12),sanantonio,2026-07,11.0,207.0
O3 weekday morning peak hour (04-12),sanantonio,2026-08,11.0,189.0
O3 weekday morning peak hour (04-12),tumbaco,2023-01,12.0,185.0
O3 weekday morning peak hour (04-12),tumbaco,2023-02,12.0,177.0
O3 weekday morning peak hour (04-12),tumbaco,2023-03,12.0,206.0
O3 weekday morning peak hour (04-12),tumbaco,2023-04,12.0,145.0
O3 weekday morning peak hour (04-12),tumbaco,2023-05,12.0,206.0
O3 weekday morning peak hour (04-12),tumbaco,2023-06,11.0,198.0
O3 weekday morning peak hour (04-12),tumbaco,2023-07,12.0,189.0
O3 weekday morning peak hour (04-12),tumbaco,2023-08,11.0,200.0
O3 weekday morning peak hour (04-12),tumbaco,2023-09,12.0,189.0
O3 weekday morning peak hour (04-12),tumbaco,2023-10,12.0,198.0
O3 weekday morning peak hour (04-12),tumbaco,2023-11,12.0,183.0
O3 weekday morning peak hour (04-12),tumbaco,2023-12,12.0,173.0
O3 weekday morning peak hour (04-12),tumbaco,2024-01,12.0,207.0
O3 weekday morning peak hour (04-12),tumbaco,2024-02,12.0,189.0
O3 weekday morning peak hour (04-12),tumbaco,2024-03,12.0,189.0
O3 weekday morning peak hour (04-12),tumbaco,2024-04,12.0,177.0
O3 weekday morning peak hour (04-12),tumbaco,2024-05,12.0,205.0
O3 weekday morning peak hour (04-12),tumbaco,2024-06,12.0,178.0
O3 weekday morning peak hour (04-12),tumbaco,2024-07,12.0,202.0
O3 weekday morning peak hour (04-12),tumbaco,2024-08,12.0,194.0
O3 weekday morning peak hour (04-12),tumbaco,2024-09,12.0,174.0
O3 weekday morning peak hour (04-12),tumbaco,2024-12,12.0,182.0
O3 weekday morning peak hour (04-12),tumbaco,2025-01,12.0,207.0
O3 weekday morning peak hour (04-12),tumbaco,2025-02,12.0,114.0
O3 weekday morning peak hour (04-12),tumbaco,2025-03,12.0,189.0
O3 weekday morning peak hour (04-12),tumbaco,2025-04,12.0,198.0
O3 weekday morning peak hour (04-12),tumbaco,2025-05,12.0,192.0
O3 weekday morning peak hour (04-12),tumbaco,2025-06,12.0,189.0
O3 weekday morning peak hour (04-12),tumbaco,2025-07,11.0,207.0
O3 weekday morning peak hour (04-12),tumbaco,2025-08,12.0,188.0
O3 weekday morning peak hour (04-12),tumbaco,2025-09,11.0,180.0
O3 weekday morning peak hour (04-12),tumbaco,2025-10,12.0,195.0
O3 weekday morning peak hour (04-12),tumbaco,2025-11,12.0,177.0
O3 weekday morning peak hour (04-12),tumbaco,2025-12,12.0,188.0
O3 weekday morning peak hour (04-12),tumbaco,2026-01,12.0,193.0
O3 weekday morning peak hour (04-12),tumbaco,2026-02,12.0,168.0
O3 weekday morning peak hour (04-12),tumbaco,2026-03,12.0,191.0
O3 weekday morning peak hour (04-12),tumbaco,2026-04,12.0,191.0
O3 weekday morning peak hour (04-12),tumbaco,2026-05,12.0,185.0
O3 weekday morning peak hour (04-12),tumbaco,2026-06,12.0,192.0
O3 weekday morning peak hour (04-12),tumbaco,2026-07,12.0,189.0
O3 weekday morning peak hour (04-12),tumbaco,2026-08,12.0,183.0
RS daily centroid hour (radiation-weighted mean hour),belisario,2023-01,11.37,
RS daily centroid hour (radiation-weighted mean hour),belisario,2023-02,11.52,
RS daily centroid hour (radiation-weighted mean hour),belisario,2023-03,11.3,
RS daily centroid hour (radiation-weighted mean hour),belisario,2023-04,11.07,
RS daily centroid hour (radiation-weighted mean hour),belisario,2023-05,11.21,
RS daily centroid hour (radiation-weighted mean hour),belisario,2023-06,11.35,
RS daily centroid hour (radiation-weighted mean hour),belisario,2023-07,11.55,
RS daily centroid hour (radiation-weighted mean hour),belisario,2023-08,11.35,
RS daily centroid hour (radiation-weighted mean hour),belisario,2023-09,11.16,
RS daily centroid hour (radiation-weighted mean hour),belisario,2023-10,10.98,
RS daily centroid hour (radiation-weighted mean hour),belisario,2023-11,10.97,
RS daily centroid hour (radiation-weighted mean hour),belisario,2023-12,11.13,
RS daily centroid hour (radiation-weighted mean hour),belisario,2024-01,11.59,
RS daily centroid hour (radiation-weighted mean hour),belisario,2024-02,11.45,
RS daily centroid hour (radiation-weighted mean hour),belisario,2024-03,11.44,
RS daily centroid hour (radiation-weighted mean hour),belisario,2024-04,11.21,
RS daily centroid hour (radiation-weighted mean hour),belisario,2024-05,11.29,
RS daily centroid hour (radiation-weighted mean hour),belisario,2024-06,11.44,
RS daily centroid hour (radiation-weighted mean hour),belisario,2024-07,11.51,
RS daily centroid hour (radiation-weighted mean hour),belisario,2024-08,11.37,
RS daily centroid hour (radiation-weighted mean hour),belisario,2024-09,11.3,
RS daily centroid hour (radiation-weighted mean hour),belisario,2024-10,11.06,
RS daily centroid hour (radiation-weighted mean hour),belisario,2024-11,11.29,
RS daily centroid hour (radiation-weighted mean hour),belisario,2024-12,11.28,
RS daily centroid hour (radiation-weighted mean hour),belisario,2025-01,11.54,
RS daily centroid hour (radiation-weighted mean hour),belisario,2025-02,11.42,
RS daily centroid hour (radiation-weighted mean hour),belisario,2025-03,11.16,
RS daily centroid hour (radiation-weighted mean hour),belisario,2025-04,11.17,
RS daily centroid hour (radiation-weighted mean hour),belisario,2025-05,11.2,
RS daily centroid hour (radiation-weighted mean hour),belisario,2025-06,11.44,
RS daily centroid hour (radiation-weighted mean hour),belisario,2025-07,11.48,
RS daily centroid hour (radiation-weighted mean hour),belisario,2025-08,11.31,
RS daily centroid hour (radiation-weighted mean hour),belisario,2025-09,11.11,
RS daily centroid hour (radiation-weighted mean hour),belisario,2025-10,10.92,
RS daily centroid hour (radiation-weighted mean hour),belisario,2025-11,10.96,
RS daily centroid hour (radiation-weighted mean hour),belisario,2025-12,11.54,
RS daily centroid hour (radiation-weighted mean hour),belisario,2026-01,11.56,
RS daily centroid hour (radiation-weighted mean hour),belisario,2026-02,11.36,
RS daily centroid hour (radiation-weighted mean hour),belisario,2026-03,11.4,
RS daily centroid hour (radiation-weighted mean hour),belisario,2026-04,11.36,
RS daily centroid hour (radiation-weighted mean hour),belisario,2026-05,11.14,
RS daily centroid hour (radiation-weighted mean hour),belisario,2026-06,11.29,
RS daily centroid hour (radiation-weighted mean hour),belisario,2026-07,11.51,
RS daily centroid hour (radiation-weighted mean hour),belisario,2026-08,11.41,
RS daily centroid hour (radiation-weighted mean hour),carapungo,2023-01,11.62,
RS daily centroid hour (radiation-weighted mean hour),carapungo,2023-02,11.76,
RS daily centroid hour (radiation-weighted mean hour),carapungo,2023-03,11.57,
RS daily centroid hour (radiation-weighted mean hour),carapungo,2023-04,11.35,
RS daily centroid hour (radiation-weighted mean hour),carapungo,2023-05,11.5,
RS daily centroid hour (radiation-weighted mean hour),carapungo,2023-06,11.49,
RS daily centroid hour (radiation-weighted mean hour),carapungo,2023-07,11.58,
RS daily centroid hour (radiation-weighted mean hour),carapungo,2023-08,11.41,
RS daily centroid hour (radiation-weighted mean hour),carapungo,2023-09,11.25,
RS daily centroid hour (radiation-weighted mean hour),carapungo,2023-10,11.16,
RS daily centroid hour (radiation-weighted mean hour),carapungo,2023-11,11.26,
RS daily centroid hour (radiation-weighted mean hour),carapungo,2023-12,11.4,
RS daily centroid hour (radiation-weighted mean hour),carapungo,2024-01,11.83,
RS daily centroid hour (radiation-weighted mean hour),carapungo,2024-02,11.72,
RS daily centroid hour (radiation-weighted mean hour),carapungo,2024-03,11.61,
RS daily centroid hour (radiation-weighted mean hour),carapungo,2024-04,11.46,
RS daily centroid hour (radiation-weighted mean hour),carapungo,2024-05,11.45,
RS daily centroid hour (radiation-weighted mean hour),carapungo,2024-06,11.62,
RS daily centroid hour (radiation-weighted mean hour),carapungo,2024-07,11.58,
RS daily centroid hour (radiation-weighted mean hour),carapungo,2024-08,11.46,
RS daily centroid hour (radiation-weighted mean hour),carapungo,2024-09,11.39,
RS daily centroid hour (radiation-weighted mean hour),carapungo,2024-10,11.32,
RS daily centroid hour (radiation-weighted mean hour),carapungo,2024-11,11.61,
RS daily centroid hour (radiation-weighted mean hour),carapungo,2024-12,11.43,
RS daily centroid hour (radiation-weighted mean hour),carapungo,2025-01,11.79,
RS daily centroid hour (radiation-weighted mean hour),carapungo,2025-02,11.74,
RS daily centroid hour (radiation-weighted mean hour),carapungo,2025-03,11.49,
RS daily centroid hour (radiation-weighted mean hour),carapungo,2025-04,11.27,
RS daily centroid hour (radiation-weighted mean hour),carapungo,2025-05,11.43,
RS daily centroid hour (radiation-weighted mean hour),carapungo,2025-06,11.52,
RS daily centroid hour (radiation-weighted mean hour),carapungo,2025-07,11.47,
RS daily centroid hour (radiation-weighted mean hour),carapungo,2025-08,11.43,
RS daily centroid hour (radiation-weighted mean hour),carapungo,2025-09,11.11,
RS daily centroid hour (radiation-weighted mean hour),carapungo,2025-10,11.15,
RS daily centroid hour (radiation-weighted mean hour),carapungo,2025-11,11.23,
RS daily centroid hour (radiation-weighted mean hour),carapungo,2025-12,11.64,
RS daily centroid hour (radiation-weighted mean hour),carapungo,2026-01,11.84,
RS daily centroid hour (radiation-weighted mean hour),carapungo,2026-02,11.63,
RS daily centroid hour (radiation-weighted mean hour),carapungo,2026-03,11.76,
RS daily centroid hour (radiation-weighted mean hour),carapungo,2026-04,11.49,
RS daily centroid hour (radiation-weighted mean hour),carapungo,2026-05,11.35,
RS daily centroid hour (radiation-weighted mean hour),carapungo,2026-06,11.52,
RS daily centroid hour (radiation-weighted mean hour),carapungo,2026-07,11.54,
RS daily centroid hour (radiation-weighted mean hour),carapungo,2026-08,11.37,
RS daily centroid hour (radiation-weighted mean hour),centro,2023-01,11.25,
RS daily centroid hour (radiation-weighted mean hour),centro,2023-02,11.45,
RS daily centroid hour (radiation-weighted mean hour),centro,2023-03,11.3,
RS daily centroid hour (radiation-weighted mean hour),centro,2023-04,11.04,
RS daily centroid hour (radiation-weighted mean hour),centro,2023-05,11.19,
RS daily centroid hour (radiation-weighted mean hour),centro,2023-06,11.41,
RS daily centroid hour (radiation-weighted mean hour),centro,2023-07,11.53,
RS daily centroid hour (radiation-weighted mean hour),centro,2023-08,11.27,
RS daily centroid hour (radiation-weighted mean hour),centro,2023-09,11.06,
RS daily centroid hour (radiation-weighted mean hour),centro,2023-10,10.94,
RS daily centroid hour (radiation-weighted mean hour),centro,2023-11,10.94,
RS daily centroid hour (radiation-weighted mean hour),centro,2023-12,11.06,
RS daily centroid hour (radiation-weighted mean hour),centro,2024-01,11.51,
RS daily centroid hour (radiation-weighted mean hour),centro,2024-02,11.44,
RS daily centroid hour (radiation-weighted mean hour),centro,2024-03,11.34,
RS daily centroid hour (radiation-weighted mean hour),centro,2024-04,11.15,
RS daily centroid hour (radiation-weighted mean hour),centro,2024-05,11.17,
RS daily centroid hour (radiation-weighted mean hour),centro,2024-06,11.37,
RS daily centroid hour (radiation-weighted mean hour),centro,2024-07,11.51,
RS daily centroid hour (radiation-weighted mean hour),centro,2024-08,11.36,
RS daily centroid hour (radiation-weighted mean hour),centro,2024-09,11.2,
RS daily centroid hour (radiation-weighted mean hour),centro,2024-10,11.03,
RS daily centroid hour (radiation-weighted mean hour),centro,2024-11,11.3,
RS daily centroid hour (radiation-weighted mean hour),centro,2024-12,11.15,
RS daily centroid hour (radiation-weighted mean hour),centro,2025-01,11.49,
RS daily centroid hour (radiation-weighted mean hour),centro,2025-02,11.36,
RS daily centroid hour (radiation-weighted mean hour),centro,2025-03,11.19,
RS daily centroid hour (radiation-weighted mean hour),centro,2025-04,11.13,
RS daily centroid hour (radiation-weighted mean hour),centro,2025-05,11.24,
RS daily centroid hour (radiation-weighted mean hour),centro,2025-06,11.42,
RS daily centroid hour (radiation-weighted mean hour),centro,2025-07,11.51,
RS daily centroid hour (radiation-weighted mean hour),centro,2025-08,11.28,
RS daily centroid hour (radiation-weighted mean hour),centro,2025-09,11.06,
RS daily centroid hour (radiation-weighted mean hour),centro,2025-10,10.86,
RS daily centroid hour (radiation-weighted mean hour),centro,2025-11,11.05,
RS daily centroid hour (radiation-weighted mean hour),centro,2025-12,11.4,
RS daily centroid hour (radiation-weighted mean hour),centro,2026-01,11.4,
RS daily centroid hour (radiation-weighted mean hour),centro,2026-02,11.26,
RS daily centroid hour (radiation-weighted mean hour),centro,2026-03,11.47,
RS daily centroid hour (radiation-weighted mean hour),centro,2026-04,11.37,
RS daily centroid hour (radiation-weighted mean hour),centro,2026-05,11.04,
RS daily centroid hour (radiation-weighted mean hour),centro,2026-06,11.32,
RS daily centroid hour (radiation-weighted mean hour),centro,2026-07,11.48,
RS daily centroid hour (radiation-weighted mean hour),centro,2026-08,11.39,
RS daily centroid hour (radiation-weighted mean hour),cotocollao,2023-01,11.58,
RS daily centroid hour (radiation-weighted mean hour),cotocollao,2023-02,11.81,
RS daily centroid hour (radiation-weighted mean hour),cotocollao,2023-03,11.49,
RS daily centroid hour (radiation-weighted mean hour),cotocollao,2023-04,11.35,
RS daily centroid hour (radiation-weighted mean hour),cotocollao,2023-05,11.48,
RS daily centroid hour (radiation-weighted mean hour),cotocollao,2023-06,11.46,
RS daily centroid hour (radiation-weighted mean hour),cotocollao,2023-07,11.52,
RS daily centroid hour (radiation-weighted mean hour),cotocollao,2023-08,11.37,
RS daily centroid hour (radiation-weighted mean hour),cotocollao,2023-09,11.2,
RS daily centroid hour (radiation-weighted mean hour),cotocollao,2023-10,11.2,
RS daily centroid hour (radiation-weighted mean hour),cotocollao,2023-11,11.21,
RS daily centroid hour (radiation-weighted mean hour),cotocollao,2023-12,11.29,
RS daily centroid hour (radiation-weighted mean hour),cotocollao,2024-01,11.73,
RS daily centroid hour (radiation-weighted mean hour),cotocollao,2024-02,11.69,
RS daily centroid hour (radiation-weighted mean hour),cotocollao,2024-03,11.61,
RS daily centroid hour (radiation-weighted mean hour),cotocollao,2024-04,11.35,
RS daily centroid hour (radiation-weighted mean hour),cotocollao,2024-05,11.45,
RS daily centroid hour (radiation-weighted mean hour),cotocollao,2024-06,11.57,
RS daily centroid hour (radiation-weighted mean hour),cotocollao,2024-07,11.54,
RS daily centroid hour (radiation-weighted mean hour),cotocollao,2024-08,11.44,
RS daily centroid hour (radiation-weighted mean hour),cotocollao,2024-09,11.35,
RS daily centroid hour (radiation-weighted mean hour),cotocollao,2024-10,11.28,
RS daily centroid hour (radiation-weighted mean hour),cotocollao,2024-11,11.49,
RS daily centroid hour (radiation-weighted mean hour),cotocollao,2024-12,11.41,
RS daily centroid hour (radiation-weighted mean hour),cotocollao,2025-01,11.71,
RS daily centroid hour (radiation-weighted mean hour),cotocollao,2025-02,11.68,
RS daily centroid hour (radiation-weighted mean hour),cotocollao,2025-03,11.42,
RS daily centroid hour (radiation-weighted mean hour),cotocollao,2025-04,11.33,
RS daily centroid hour (radiation-weighted mean hour),cotocollao,2025-05,11.37,
RS daily centroid hour (radiation-weighted mean hour),cotocollao,2025-06,11.48,
RS daily centroid hour (radiation-weighted mean hour),cotocollao,2025-07,11.39,
RS daily centroid hour (radiation-weighted mean hour),cotocollao,2025-08,11.38,
RS daily centroid hour (radiation-weighted mean hour),cotocollao,2025-09,11.16,
RS daily centroid hour (radiation-weighted mean hour),cotocollao,2025-10,11.13,
RS daily centroid hour (radiation-weighted mean hour),cotocollao,2025-11,11.28,
RS daily centroid hour (radiation-weighted mean hour),cotocollao,2025-12,11.6,
RS daily centroid hour (radiation-weighted mean hour),cotocollao,2026-01,11.82,
RS daily centroid hour (radiation-weighted mean hour),cotocollao,2026-02,11.69,
RS daily centroid hour (radiation-weighted mean hour),cotocollao,2026-03,11.77,
RS daily centroid hour (radiation-weighted mean hour),cotocollao,2026-04,11.54,
RS daily centroid hour (radiation-weighted mean hour),cotocollao,2026-05,11.24,
RS daily centroid hour (radiation-weighted mean hour),cotocollao,2026-06,11.41,
RS daily centroid hour (radiation-weighted mean hour),cotocollao,2026-07,11.48,
RS daily centroid hour (radiation-weighted mean hour),cotocollao,2026-08,11.26,
RS daily centroid hour (radiation-weighted mean hour),elcamal,2025-01,11.61,
RS daily centroid hour (radiation-weighted mean hour),elcamal,2025-02,11.49,
RS daily centroid hour (radiation-weighted mean hour),elcamal,2025-03,11.22,
RS daily centroid hour (radiation-weighted mean hour),elcamal,2025-04,11.17,
RS daily centroid hour (radiation-weighted mean hour),elcamal,2025-05,11.25,
RS daily centroid hour (radiation-weighted mean hour),elcamal,2025-06,11.49,
RS daily centroid hour (radiation-weighted mean hour),elcamal,2025-07,11.54,
RS daily centroid hour (radiation-weighted mean hour),elcamal,2025-08,11.34,
RS daily centroid hour (radiation-weighted mean hour),elcamal,2025-09,11.11,
RS daily centroid hour (radiation-weighted mean hour),elcamal,2025-10,10.91,
RS daily centroid hour (radiation-weighted mean hour),elcamal,2025-11,11.1,
RS daily centroid hour (radiation-weighted mean hour),elcamal,2025-12,11.55,
RS daily centroid hour (radiation-weighted mean hour),elcamal,2026-01,11.52,
RS daily centroid hour (radiation-weighted mean hour),elcamal,2026-02,11.34,
RS daily centroid hour (radiation-weighted mean hour),elcamal,2026-03,11.6,
RS daily centroid hour (radiation-weighted mean hour),elcamal,2026-04,11.35,
RS daily centroid hour (radiation-weighted mean hour),elcamal,2026-05,11.07,
RS daily centroid hour (radiation-weighted mean hour),elcamal,2026-06,11.21,
RS daily centroid hour (radiation-weighted mean hour),guamani,2023-01,11.27,
RS daily centroid hour (radiation-weighted mean hour),guamani,2023-02,11.43,
RS daily centroid hour (radiation-weighted mean hour),guamani,2023-03,11.21,
RS daily centroid hour (radiation-weighted mean hour),guamani,2023-04,11.04,
RS daily centroid hour (radiation-weighted mean hour),guamani,2023-05,11.16,
RS daily centroid hour (radiation-weighted mean hour),guamani,2023-06,11.33,
RS daily centroid hour (radiation-weighted mean hour),guamani,2023-07,11.53,
RS daily centroid hour (radiation-weighted mean hour),guamani,2023-08,11.36,
RS daily centroid hour (radiation-weighted mean hour),guamani,2023-09,11.12,
RS daily centroid hour (radiation-weighted mean hour),guamani,2023-10,10.82,
RS daily centroid hour (radiation-weighted mean hour),guamani,2023-11,10.91,
RS daily centroid hour (radiation-weighted mean hour),guamani,2023-12,10.97,
RS daily centroid hour (radiation-weighted mean hour),guamani,2024-01,11.4,
RS daily centroid hour (radiation-weighted mean hour),guamani,2024-02,11.42,
RS daily centroid hour (radiation-weighted mean hour),guamani,2024-03,11.35,
RS daily centroid hour (radiation-weighted mean hour),guamani,2024-04,11.14,
RS daily centroid hour (radiation-weighted mean hour),guamani,2024-05,11.17,
RS daily centroid hour (radiation-weighted mean hour),guamani,2024-06,11.33,
RS daily centroid hour (radiation-weighted mean hour),guamani,2024-07,11.58,
RS daily centroid hour (radiation-weighted mean hour),guamani,2024-08,11.43,
RS daily centroid hour (radiation-weighted mean hour),guamani,2024-09,11.33,
RS daily centroid hour (radiation-weighted mean hour),guamani,2024-11,11.28,
RS daily centroid hour (radiation-weighted mean hour),guamani,2024-12,10.99,
RS daily centroid hour (radiation-weighted mean hour),guamani,2025-01,11.39,
RS daily centroid hour (radiation-weighted mean hour),guamani,2025-02,11.35,
RS daily centroid hour (radiation-weighted mean hour),guamani,2025-03,11.15,
RS daily centroid hour (radiation-weighted mean hour),guamani,2025-04,11.04,
RS daily centroid hour (radiation-weighted mean hour),guamani,2025-05,11.11,
RS daily centroid hour (radiation-weighted mean hour),guamani,2025-06,11.32,
RS daily centroid hour (radiation-weighted mean hour),loschillos,2023-01,11.31,
RS daily centroid hour (radiation-weighted mean hour),loschillos,2023-02,11.56,
RS daily centroid hour (radiation-weighted mean hour),loschillos,2023-03,11.39,
RS daily centroid hour (radiation-weighted mean hour),loschillos,2023-04,11.18,
RS daily centroid hour (radiation-weighted mean hour),loschillos,2023-05,11.42,
RS daily centroid hour (radiation-weighted mean hour),loschillos,2023-06,11.6,
RS daily centroid hour (radiation-weighted mean hour),loschillos,2023-07,11.72,
RS daily centroid hour (radiation-weighted mean hour),loschillos,2023-08,11.51,
RS daily centroid hour (radiation-weighted mean hour),loschillos,2023-09,11.26,
RS daily centroid hour (radiation-weighted mean hour),loschillos,2023-10,10.94,
RS daily centroid hour (radiation-weighted mean hour),loschillos,2023-11,10.99,
RS daily centroid hour (radiation-weighted mean hour),loschillos,2023-12,11.14,
RS daily centroid hour (radiation-weighted mean hour),loschillos,2024-01,11.55,
RS daily centroid hour (radiation-weighted mean hour),loschillos,2024-02,11.52,
RS daily centroid hour (radiation-weighted mean hour),loschillos,2024-03,11.48,
RS daily centroid hour (radiation-weighted mean hour),loschillos,2024-04,11.34,
RS daily centroid hour (radiation-weighted mean hour),loschillos,2024-05,11.35,
RS daily centroid hour (radiation-weighted mean hour),loschillos,2024-06,11.5,
RS daily centroid hour (radiation-weighted mean hour),loschillos,2024-07,11.76,
RS daily centroid hour (radiation-weighted mean hour),loschillos,2024-08,11.5,
RS daily centroid hour (radiation-weighted mean hour),loschillos,2024-09,11.36,
RS daily centroid hour (radiation-weighted mean hour),loschillos,2024-12,11.19,
RS daily centroid hour (radiation-weighted mean hour),loschillos,2025-01,11.55,
RS daily centroid hour (radiation-weighted mean hour),loschillos,2025-02,11.46,
RS daily centroid hour (radiation-weighted mean hour),loschillos,2025-03,11.32,
RS daily centroid hour (radiation-weighted mean hour),loschillos,2025-04,11.25,
RS daily centroid hour (radiation-weighted mean hour),loschillos,2025-05,11.35,
RS daily centroid hour (radiation-weighted mean hour),loschillos,2025-06,11.64,
RS daily centroid hour (radiation-weighted mean hour),loschillos,2025-07,11.71,
RS daily centroid hour (radiation-weighted mean hour),loschillos,2025-08,11.57,
RS daily centroid hour (radiation-weighted mean hour),loschillos,2025-09,11.27,
RS daily centroid hour (radiation-weighted mean hour),loschillos,2025-10,10.96,
RS daily centroid hour (radiation-weighted mean hour),loschillos,2025-12,11.47,
RS daily centroid hour (radiation-weighted mean hour),loschillos,2026-01,11.53,
RS daily centroid hour (radiation-weighted mean hour),loschillos,2026-02,11.4,
RS daily centroid hour (radiation-weighted mean hour),loschillos,2026-03,11.52,
RS daily centroid hour (radiation-weighted mean hour),loschillos,2026-04,11.31,
RS daily centroid hour (radiation-weighted mean hour),loschillos,2026-05,11.24,
RS daily centroid hour (radiation-weighted mean hour),loschillos,2026-06,11.59,
RS daily centroid hour (radiation-weighted mean hour),loschillos,2026-07,11.66,
RS daily centroid hour (radiation-weighted mean hour),loschillos,2026-08,11.52,
RS daily centroid hour (radiation-weighted mean hour),sanantonio,2023-01,11.72,
RS daily centroid hour (radiation-weighted mean hour),sanantonio,2023-02,11.79,
RS daily centroid hour (radiation-weighted mean hour),sanantonio,2023-03,11.65,
RS daily centroid hour (radiation-weighted mean hour),sanantonio,2023-04,11.47,
RS daily centroid hour (radiation-weighted mean hour),sanantonio,2023-05,11.54,
RS daily centroid hour (radiation-weighted mean hour),sanantonio,2023-06,11.48,
RS daily centroid hour (radiation-weighted mean hour),sanantonio,2023-07,11.6,
RS daily centroid hour (radiation-weighted mean hour),sanantonio,2023-08,11.44,
RS daily centroid hour (radiation-weighted mean hour),sanantonio,2023-09,11.31,
RS daily centroid hour (radiation-weighted mean hour),sanantonio,2023-10,11.27,
RS daily centroid hour (radiation-weighted mean hour),sanantonio,2023-11,11.31,
RS daily centroid hour (radiation-weighted mean hour),sanantonio,2023-12,11.47,
RS daily centroid hour (radiation-weighted mean hour),sanantonio,2024-01,11.73,
RS daily centroid hour (radiation-weighted mean hour),sanantonio,2024-02,11.76,
RS daily centroid hour (radiation-weighted mean hour),sanantonio,2024-03,11.76,
RS daily centroid hour (radiation-weighted mean hour),sanantonio,2024-04,11.59,
RS daily centroid hour (radiation-weighted mean hour),sanantonio,2024-05,11.38,
RS daily centroid hour (radiation-weighted mean hour),sanantonio,2024-06,11.62,
RS daily centroid hour (radiation-weighted mean hour),sanantonio,2024-07,11.63,
RS daily centroid hour (radiation-weighted mean hour),sanantonio,2024-08,11.48,
RS daily centroid hour (radiation-weighted mean hour),sanantonio,2024-09,11.48,
RS daily centroid hour (radiation-weighted mean hour),sanantonio,2024-11,11.49,
RS daily centroid hour (radiation-weighted mean hour),sanantonio,2024-12,11.43,
RS daily centroid hour (radiation-weighted mean hour),sanantonio,2025-01,11.83,
RS daily centroid hour (radiation-weighted mean hour),sanantonio,2025-02,11.75,
RS daily centroid hour (radiation-weighted mean hour),sanantonio,2025-03,11.6,
RS daily centroid hour (radiation-weighted mean hour),sanantonio,2025-04,11.47,
RS daily centroid hour (radiation-weighted mean hour),sanantonio,2025-05,11.42,
RS daily centroid hour (radiation-weighted mean hour),sanantonio,2025-06,11.54,
RS daily centroid hour (radiation-weighted mean hour),sanantonio,2025-07,11.53,
RS daily centroid hour (radiation-weighted mean hour),sanantonio,2025-08,11.47,
RS daily centroid hour (radiation-weighted mean hour),sanantonio,2025-09,11.35,
RS daily centroid hour (radiation-weighted mean hour),sanantonio,2025-10,11.29,
RS daily centroid hour (radiation-weighted mean hour),sanantonio,2025-11,11.35,
RS daily centroid hour (radiation-weighted mean hour),sanantonio,2025-12,11.64,
RS daily centroid hour (radiation-weighted mean hour),sanantonio,2026-01,11.88,
RS daily centroid hour (radiation-weighted mean hour),sanantonio,2026-02,11.79,
RS daily centroid hour (radiation-weighted mean hour),sanantonio,2026-03,11.89,
RS daily centroid hour (radiation-weighted mean hour),sanantonio,2026-04,11.67,
RS daily centroid hour (radiation-weighted mean hour),sanantonio,2026-05,11.4,
RS daily centroid hour (radiation-weighted mean hour),sanantonio,2026-06,11.56,
RS daily centroid hour (radiation-weighted mean hour),sanantonio,2026-07,11.66,
RS daily centroid hour (radiation-weighted mean hour),sanantonio,2026-08,11.5,
RS daily centroid hour (radiation-weighted mean hour),tumbaco,2023-01,11.51,
RS daily centroid hour (radiation-weighted mean hour),tumbaco,2023-02,11.8,
RS daily centroid hour (radiation-weighted mean hour),tumbaco,2023-03,11.56,
RS daily centroid hour (radiation-weighted mean hour),tumbaco,2023-04,11.34,
RS daily centroid hour (radiation-weighted mean hour),tumbaco,2023-05,11.55,
RS daily centroid hour (radiation-weighted mean hour),tumbaco,2023-06,11.76,
RS daily centroid hour (radiation-weighted mean hour),tumbaco,2023-07,11.85,
RS daily centroid hour (radiation-weighted mean hour),tumbaco,2023-08,11.72,
RS daily centroid hour (radiation-weighted mean hour),tumbaco,2023-09,11.46,
RS daily centroid hour (radiation-weighted mean hour),tumbaco,2023-10,11.14,
RS daily centroid hour (radiation-weighted mean hour),tumbaco,2023-11,11.21,
RS daily centroid hour (radiation-weighted mean hour),tumbaco,2023-12,11.48,
RS daily centroid hour (radiation-weighted mean hour),tumbaco,2024-01,11.89,
RS daily centroid hour (radiation-weighted mean hour),tumbaco,2024-02,11.74,
RS daily centroid hour (radiation-weighted mean hour),tumbaco,2024-03,11.72,
RS daily centroid hour (radiation-weighted mean hour),tumbaco,2024-04,11.55,
RS daily centroid hour (radiation-weighted mean hour),tumbaco,2024-05,11.49,
RS daily centroid hour (radiation-weighted mean hour),tumbaco,2024-06,11.73,
RS daily centroid hour (radiation-weighted mean hour),tumbaco,2024-07,11.89,
RS daily centroid hour (radiation-weighted mean hour),tumbaco,2024-08,11.68,
RS daily centroid hour (radiation-weighted mean hour),tumbaco,2024-09,11.63,
RS daily centroid hour (radiation-weighted mean hour),tumbaco,2024-10,11.3,
RS daily centroid hour (radiation-weighted mean hour),tumbaco,2024-12,11.41,
RS daily centroid hour (radiation-weighted mean hour),tumbaco,2025-01,11.79,
RS daily centroid hour (radiation-weighted mean hour),tumbaco,2025-02,11.66,
RS daily centroid hour (radiation-weighted mean hour),tumbaco,2025-03,11.49,
RS daily centroid hour (radiation-weighted mean hour),tumbaco,2025-04,11.38,
RS daily centroid hour (radiation-weighted mean hour),tumbaco,2025-05,11.63,
RS daily centroid hour (radiation-weighted mean hour),tumbaco,2025-06,11.8,
RS daily centroid hour (radiation-weighted mean hour),tumbaco,2025-07,11.84,
RS daily centroid hour (radiation-weighted mean hour),tumbaco,2025-08,11.7,
RS daily centroid hour (radiation-weighted mean hour),tumbaco,2025-09,11.53,
RS daily centroid hour (radiation-weighted mean hour),tumbaco,2025-10,11.02,
RS daily centroid hour (radiation-weighted mean hour),tumbaco,2025-11,11.2,
RS daily centroid hour (radiation-weighted mean hour),tumbaco,2025-12,11.62,
RS daily centroid hour (radiation-weighted mean hour),tumbaco,2026-01,11.67,
RS daily centroid hour (radiation-weighted mean hour),tumbaco,2026-02,11.61,
RS daily centroid hour (radiation-weighted mean hour),tumbaco,2026-03,11.62,
RS daily centroid hour (radiation-weighted mean hour),tumbaco,2026-04,11.45,
RS daily centroid hour (radiation-weighted mean hour),tumbaco,2026-05,11.44,
RS daily centroid hour (radiation-weighted mean hour),tumbaco,2026-06,11.61,
RS daily centroid hour (radiation-weighted mean hour),tumbaco,2026-07,11.8,
RS daily centroid hour (radiation-weighted mean hour),tumbaco,2026-08,11.69,
TMP daily maximum hour,belisario,2023-01,12.0,
TMP daily maximum hour,belisario,2023-02,13.0,
TMP daily maximum hour,belisario,2023-03,13.0,
TMP daily maximum hour,belisario,2023-04,12.0,
TMP daily maximum hour,belisario,2023-05,13.0,
TMP daily maximum hour,belisario,2023-06,13.0,
TMP daily maximum hour,belisario,2023-07,13.0,
TMP daily maximum hour,belisario,2023-08,13.0,
TMP daily maximum hour,belisario,2023-09,12.0,
TMP daily maximum hour,belisario,2023-10,12.0,
TMP daily maximum hour,belisario,2023-11,12.0,
TMP daily maximum hour,belisario,2023-12,12.0,
TMP daily maximum hour,belisario,2024-01,13.0,
TMP daily maximum hour,belisario,2024-02,13.0,
TMP daily maximum hour,belisario,2024-03,12.0,
TMP daily maximum hour,belisario,2024-04,12.0,
TMP daily maximum hour,belisario,2024-05,13.0,
TMP daily maximum hour,belisario,2024-06,13.0,
TMP daily maximum hour,belisario,2024-07,13.0,
TMP daily maximum hour,belisario,2024-08,13.0,
TMP daily maximum hour,belisario,2024-09,13.0,
TMP daily maximum hour,belisario,2024-10,12.0,
TMP daily maximum hour,belisario,2024-11,12.0,
TMP daily maximum hour,belisario,2024-12,12.0,
TMP daily maximum hour,belisario,2025-01,13.0,
TMP daily maximum hour,belisario,2025-02,12.0,
TMP daily maximum hour,belisario,2025-03,11.0,
TMP daily maximum hour,belisario,2025-04,12.0,
TMP daily maximum hour,belisario,2025-05,13.0,
TMP daily maximum hour,belisario,2025-06,13.0,
TMP daily maximum hour,belisario,2025-07,13.0,
TMP daily maximum hour,belisario,2025-08,13.0,
TMP daily maximum hour,belisario,2025-09,12.0,
TMP daily maximum hour,belisario,2025-10,12.0,
TMP daily maximum hour,belisario,2025-11,12.0,
TMP daily maximum hour,belisario,2025-12,13.0,
TMP daily maximum hour,belisario,2026-01,13.0,
TMP daily maximum hour,belisario,2026-02,12.0,
TMP daily maximum hour,belisario,2026-03,13.0,
TMP daily maximum hour,belisario,2026-04,13.0,
TMP daily maximum hour,belisario,2026-05,12.0,
TMP daily maximum hour,belisario,2026-06,13.0,
TMP daily maximum hour,belisario,2026-07,13.0,
TMP daily maximum hour,belisario,2026-08,12.0,
TMP daily maximum hour,carapungo,2023-01,12.0,
TMP daily maximum hour,carapungo,2023-02,12.0,
TMP daily maximum hour,carapungo,2023-03,12.0,
TMP daily maximum hour,carapungo,2023-04,12.0,
TMP daily maximum hour,carapungo,2023-05,12.0,
TMP daily maximum hour,carapungo,2023-06,12.0,
TMP daily maximum hour,carapungo,2023-07,12.0,
TMP daily maximum hour,carapungo,2023-08,12.0,
TMP daily maximum hour,carapungo,2023-09,12.0,
TMP daily maximum hour,carapungo,2023-10,11.0,
TMP daily maximum hour,carapungo,2023-11,12.0,
TMP daily maximum hour,carapungo,2023-12,12.0,
TMP daily maximum hour,carapungo,2024-01,12.0,
TMP daily maximum hour,carapungo,2024-02,12.0,
TMP daily maximum hour,carapungo,2024-03,12.0,
TMP daily maximum hour,carapungo,2024-04,12.0,
TMP daily maximum hour,carapungo,2024-05,12.0,
TMP daily maximum hour,carapungo,2024-06,12.0,
TMP daily maximum hour,carapungo,2024-07,13.0,
TMP daily maximum hour,carapungo,2024-08,12.0,
TMP daily maximum hour,carapungo,2024-09,12.0,
TMP daily maximum hour,carapungo,2024-10,12.0,
TMP daily maximum hour,carapungo,2024-11,12.0,
TMP daily maximum hour,carapungo,2024-12,11.0,
TMP daily maximum hour,carapungo,2025-01,13.0,
TMP daily maximum hour,carapungo,2025-02,11.0,
TMP daily maximum hour,carapungo,2025-03,11.0,
TMP daily maximum hour,carapungo,2025-04,12.0,
TMP daily maximum hour,carapungo,2025-05,12.0,
TMP daily maximum hour,carapungo,2025-06,13.0,
TMP daily maximum hour,carapungo,2025-07,12.0,
TMP daily maximum hour,carapungo,2025-08,12.0,
TMP daily maximum hour,carapungo,2025-09,12.0,
TMP daily maximum hour,carapungo,2025-10,12.0,
TMP daily maximum hour,carapungo,2025-11,12.0,
TMP daily maximum hour,carapungo,2025-12,12.0,
TMP daily maximum hour,carapungo,2026-01,13.0,
TMP daily maximum hour,carapungo,2026-02,12.0,
TMP daily maximum hour,carapungo,2026-03,12.0,
TMP daily maximum hour,carapungo,2026-04,12.0,
TMP daily maximum hour,carapungo,2026-05,12.0,
TMP daily maximum hour,carapungo,2026-06,12.0,
TMP daily maximum hour,carapungo,2026-07,13.0,
TMP daily maximum hour,carapungo,2026-08,12.0,
TMP daily maximum hour,centro,2023-01,12.0,
TMP daily maximum hour,centro,2023-02,12.0,
TMP daily maximum hour,centro,2023-03,13.0,
TMP daily maximum hour,centro,2023-04,12.0,
TMP daily maximum hour,centro,2023-05,13.0,
TMP daily maximum hour,centro,2023-06,13.0,
TMP daily maximum hour,centro,2023-07,13.0,
TMP daily maximum hour,centro,2023-08,13.0,
TMP daily maximum hour,centro,2023-09,13.0,
TMP daily maximum hour,centro,2023-10,12.0,
TMP daily maximum hour,centro,2023-11,12.0,
TMP daily maximum hour,centro,2023-12,12.0,
TMP daily maximum hour,centro,2024-01,13.0,
TMP daily maximum hour,centro,2024-02,13.0,
TMP daily maximum hour,centro,2024-03,13.0,
TMP daily maximum hour,centro,2024-04,12.0,
TMP daily maximum hour,centro,2024-05,12.0,
TMP daily maximum hour,centro,2024-06,13.0,
TMP daily maximum hour,centro,2024-07,13.0,
TMP daily maximum hour,centro,2024-08,13.0,
TMP daily maximum hour,centro,2024-09,13.0,
TMP daily maximum hour,centro,2024-10,12.0,
TMP daily maximum hour,centro,2024-11,13.0,
TMP daily maximum hour,centro,2024-12,12.0,
TMP daily maximum hour,centro,2025-01,13.0,
TMP daily maximum hour,centro,2025-02,12.0,
TMP daily maximum hour,centro,2025-03,11.0,
TMP daily maximum hour,centro,2025-04,12.0,
TMP daily maximum hour,centro,2025-05,12.0,
TMP daily maximum hour,centro,2025-06,13.0,
TMP daily maximum hour,centro,2025-07,13.0,
TMP daily maximum hour,centro,2025-08,13.0,
TMP daily maximum hour,centro,2025-09,13.0,
TMP daily maximum hour,centro,2025-10,12.0,
TMP daily maximum hour,centro,2025-11,12.0,
TMP daily maximum hour,centro,2025-12,13.0,
TMP daily maximum hour,centro,2026-01,13.0,
TMP daily maximum hour,centro,2026-02,12.0,
TMP daily maximum hour,centro,2026-03,13.0,
TMP daily maximum hour,centro,2026-04,13.0,
TMP daily maximum hour,centro,2026-05,12.0,
TMP daily maximum hour,centro,2026-06,13.0,
TMP daily maximum hour,centro,2026-07,13.0,
TMP daily maximum hour,centro,2026-08,13.0,
TMP daily maximum hour,cotocollao,2023-01,12.0,
TMP daily maximum hour,cotocollao,2023-02,12.0,
TMP daily maximum hour,cotocollao,2023-03,12.0,
TMP daily maximum hour,cotocollao,2023-04,11.0,
TMP daily maximum hour,cotocollao,2023-05,12.0,
TMP daily maximum hour,cotocollao,2023-06,12.0,
TMP daily maximum hour,cotocollao,2023-07,12.0,
TMP daily maximum hour,cotocollao,2023-08,12.0,
TMP daily maximum hour,cotocollao,2023-09,12.0,
TMP daily maximum hour,cotocollao,2023-10,11.0,
TMP daily maximum hour,cotocollao,2023-11,11.0,
TMP daily maximum hour,cotocollao,2023-12,11.0,
TMP daily maximum hour,cotocollao,2024-01,12.0,
TMP daily maximum hour,cotocollao,2024-02,12.0,
TMP daily maximum hour,cotocollao,2024-03,12.0,
TMP daily maximum hour,cotocollao,2024-04,11.0,
TMP daily maximum hour,cotocollao,2024-05,12.0,
TMP daily maximum hour,cotocollao,2024-06,12.0,
TMP daily maximum hour,cotocollao,2024-07,13.0,
TMP daily maximum hour,cotocollao,2024-08,12.0,
TMP daily maximum hour,cotocollao,2024-09,12.0,
TMP daily maximum hour,cotocollao,2024-10,12.0,
TMP daily maximum hour,cotocollao,2024-11,12.0,
TMP daily maximum hour,cotocollao,2024-12,11.0,
TMP daily maximum hour,cotocollao,2025-01,12.0,
TMP daily maximum hour,cotocollao,2025-02,11.0,
TMP daily maximum hour,cotocollao,2025-03,11.0,
TMP daily maximum hour,cotocollao,2025-04,11.0,
TMP daily maximum hour,cotocollao,2025-05,12.0,
TMP daily maximum hour,cotocollao,2025-06,12.0,
TMP daily maximum hour,cotocollao,2025-07,13.0,
TMP daily maximum hour,cotocollao,2025-08,12.0,
TMP daily maximum hour,cotocollao,2025-09,12.0,
TMP daily maximum hour,cotocollao,2025-10,12.0,
TMP daily maximum hour,cotocollao,2025-11,11.0,
TMP daily maximum hour,cotocollao,2025-12,12.0,
TMP daily maximum hour,cotocollao,2026-01,12.0,
TMP daily maximum hour,cotocollao,2026-02,12.0,
TMP daily maximum hour,cotocollao,2026-03,12.0,
TMP daily maximum hour,cotocollao,2026-04,12.0,
TMP daily maximum hour,cotocollao,2026-05,12.0,
TMP daily maximum hour,cotocollao,2026-06,12.0,
TMP daily maximum hour,cotocollao,2026-07,12.0,
TMP daily maximum hour,cotocollao,2026-08,12.0,
TMP daily maximum hour,elcamal,2024-12,11.0,
TMP daily maximum hour,elcamal,2025-01,12.0,
TMP daily maximum hour,elcamal,2025-02,11.0,
TMP daily maximum hour,elcamal,2025-03,11.0,
TMP daily maximum hour,elcamal,2025-04,12.0,
TMP daily maximum hour,elcamal,2025-05,12.0,
TMP daily maximum hour,elcamal,2025-06,12.0,
TMP daily maximum hour,elcamal,2025-07,13.0,
TMP daily maximum hour,elcamal,2025-08,12.0,
TMP daily maximum hour,elcamal,2025-09,12.0,
TMP daily maximum hour,elcamal,2025-10,12.0,
TMP daily maximum hour,elcamal,2025-11,12.0,
TMP daily maximum hour,elcamal,2025-12,12.0,
TMP daily maximum hour,elcamal,2026-01,12.0,
TMP daily maximum hour,elcamal,2026-02,12.0,
TMP daily maximum hour,elcamal,2026-03,12.0,
TMP daily maximum hour,elcamal,2026-04,12.0,
TMP daily maximum hour,elcamal,2026-05,12.0,
TMP daily maximum hour,elcamal,2026-06,12.0,
TMP daily maximum hour,guamani,2023-01,12.0,
TMP daily maximum hour,guamani,2023-02,12.0,
TMP daily maximum hour,guamani,2023-03,12.0,
TMP daily maximum hour,guamani,2023-04,12.0,
TMP daily maximum hour,guamani,2023-05,12.0,
TMP daily maximum hour,guamani,2023-06,14.0,
TMP daily maximum hour,guamani,2023-07,13.0,
TMP daily maximum hour,guamani,2023-08,13.0,
TMP daily maximum hour,guamani,2023-09,12.0,
TMP daily maximum hour,guamani,2023-10,12.0,
TMP daily maximum hour,guamani,2023-11,12.0,
TMP daily maximum hour,guamani,2023-12,11.0,
TMP daily maximum hour,guamani,2024-01,13.0,
TMP daily maximum hour,guamani,2024-02,12.0,
TMP daily maximum hour,guamani,2024-03,12.0,
TMP daily maximum hour,guamani,2024-04,11.0,
TMP daily maximum hour,guamani,2024-05,12.0,
TMP daily maximum hour,guamani,2024-06,13.0,
TMP daily maximum hour,guamani,2024-07,13.0,
TMP daily maximum hour,guamani,2024-08,13.0,
TMP daily maximum hour,guamani,2024-09,12.0,
TMP daily maximum hour,guamani,2024-10,12.0,
TMP daily maximum hour,guamani,2024-11,13.0,
TMP daily maximum hour,guamani,2024-12,12.0,
TMP daily maximum hour,guamani,2025-01,12.0,
TMP daily maximum hour,guamani,2025-02,12.0,
TMP daily maximum hour,guamani,2025-03,12.0,
TMP daily maximum hour,guamani,2025-04,11.0,
TMP daily maximum hour,guamani,2025-05,12.0,
TMP daily maximum hour,guamani,2025-06,13.0,
TMP daily maximum hour,loschillos,2023-01,13.0,
TMP daily maximum hour,loschillos,2023-02,13.0,
TMP daily maximum hour,loschillos,2023-03,12.0,
TMP daily maximum hour,loschillos,2023-04,12.0,
TMP daily maximum hour,loschillos,2023-05,13.0,
TMP daily maximum hour,loschillos,2023-06,12.0,
TMP daily maximum hour,loschillos,2023-07,14.0,
TMP daily maximum hour,loschillos,2023-08,12.0,
TMP daily maximum hour,loschillos,2023-09,12.0,
TMP daily maximum hour,loschillos,2023-10,12.0,
TMP daily maximum hour,loschillos,2023-11,12.0,
TMP daily maximum hour,loschillos,2023-12,12.0,
TMP daily maximum hour,loschillos,2024-01,13.0,
TMP daily maximum hour,loschillos,2024-02,12.0,
TMP daily maximum hour,loschillos,2024-03,12.0,
TMP daily maximum hour,loschillos,2024-04,12.0,
TMP daily maximum hour,loschillos,2024-05,12.0,
TMP daily maximum hour,loschillos,2024-06,14.0,
TMP daily maximum hour,loschillos,2024-07,13.0,
TMP daily maximum hour,loschillos,2024-08,13.0,
TMP daily maximum hour,loschillos,2024-09,13.0,
TMP daily maximum hour,loschillos,2024-10,12.0,
TMP daily maximum hour,loschillos,2024-11,13.0,
TMP daily maximum hour,loschillos,2024-12,12.0,
TMP daily maximum hour,loschillos,2025-01,13.0,
TMP daily maximum hour,loschillos,2025-02,12.0,
TMP daily maximum hour,loschillos,2025-03,12.0,
TMP daily maximum hour,loschillos,2025-04,12.0,
TMP daily maximum hour,loschillos,2025-05,12.0,
TMP daily maximum hour,loschillos,2025-06,12.0,
TMP daily maximum hour,loschillos,2025-07,12.0,
TMP daily maximum hour,loschillos,2025-08,14.0,
TMP daily maximum hour,loschillos,2025-09,12.0,
TMP daily maximum hour,loschillos,2025-10,12.0,
TMP daily maximum hour,loschillos,2025-11,12.0,
TMP daily maximum hour,loschillos,2025-12,13.0,
TMP daily maximum hour,loschillos,2026-01,12.0,
TMP daily maximum hour,loschillos,2026-02,12.0,
TMP daily maximum hour,loschillos,2026-03,13.0,
TMP daily maximum hour,loschillos,2026-04,13.0,
TMP daily maximum hour,loschillos,2026-05,12.0,
TMP daily maximum hour,loschillos,2026-06,12.0,
TMP daily maximum hour,loschillos,2026-07,13.0,
TMP daily maximum hour,loschillos,2026-08,12.0,
TMP daily maximum hour,sanantonio,2023-01,12.0,
TMP daily maximum hour,sanantonio,2023-02,12.0,
TMP daily maximum hour,sanantonio,2023-03,12.0,
TMP daily maximum hour,sanantonio,2023-04,12.0,
TMP daily maximum hour,sanantonio,2023-05,12.0,
TMP daily maximum hour,sanantonio,2023-06,12.0,
TMP daily maximum hour,sanantonio,2023-07,12.0,
TMP daily maximum hour,sanantonio,2023-08,12.0,
TMP daily maximum hour,sanantonio,2023-09,12.0,
TMP daily maximum hour,sanantonio,2023-10,11.0,
TMP daily maximum hour,sanantonio,2023-11,12.0,
TMP daily maximum hour,sanantonio,2023-12,12.0,
TMP daily maximum hour,sanantonio,2024-01,12.0,
TMP daily maximum hour,sanantonio,2024-02,12.0,
TMP daily maximum hour,sanantonio,2024-03,12.0,
TMP daily maximum hour,sanantonio,2024-04,11.0,
TMP daily maximum hour,sanantonio,2024-05,12.0,
TMP daily maximum hour,sanantonio,2024-06,12.0,
TMP daily maximum hour,sanantonio,2024-07,12.0,
TMP daily maximum hour,sanantonio,2024-08,12.0,
TMP daily maximum hour,sanantonio,2024-09,12.0,
TMP daily maximum hour,sanantonio,2024-10,12.0,
TMP daily maximum hour,sanantonio,2024-11,11.0,
TMP daily maximum hour,sanantonio,2024-12,11.0,
TMP daily maximum hour,sanantonio,2025-01,12.0,
TMP daily maximum hour,sanantonio,2025-02,11.0,
TMP daily maximum hour,sanantonio,2025-03,11.0,
TMP daily maximum hour,sanantonio,2025-04,11.0,
TMP daily maximum hour,sanantonio,2025-05,12.0,
TMP daily maximum hour,sanantonio,2025-06,11.0,
TMP daily maximum hour,sanantonio,2025-07,12.0,
TMP daily maximum hour,sanantonio,2025-08,11.0,
TMP daily maximum hour,sanantonio,2025-09,11.0,
TMP daily maximum hour,sanantonio,2025-10,11.0,
TMP daily maximum hour,sanantonio,2025-11,12.0,
TMP daily maximum hour,sanantonio,2025-12,12.0,
TMP daily maximum hour,sanantonio,2026-01,12.0,
TMP daily maximum hour,sanantonio,2026-02,12.0,
TMP daily maximum hour,sanantonio,2026-03,12.0,
TMP daily maximum hour,sanantonio,2026-04,12.0,
TMP daily maximum hour,sanantonio,2026-05,11.0,
TMP daily maximum hour,sanantonio,2026-06,12.0,
TMP daily maximum hour,sanantonio,2026-07,12.0,
TMP daily maximum hour,sanantonio,2026-08,12.0,
TMP daily maximum hour,tumbaco,2023-01,13.0,
TMP daily maximum hour,tumbaco,2023-02,13.0,
TMP daily maximum hour,tumbaco,2023-03,12.0,
TMP daily maximum hour,tumbaco,2023-04,12.0,
TMP daily maximum hour,tumbaco,2023-05,13.0,
TMP daily maximum hour,tumbaco,2023-06,12.0,
TMP daily maximum hour,tumbaco,2023-07,13.0,
TMP daily maximum hour,tumbaco,2023-08,12.0,
TMP daily maximum hour,tumbaco,2023-09,12.0,
TMP daily maximum hour,tumbaco,2023-10,13.0,
TMP daily maximum hour,tumbaco,2023-11,12.0,
TMP daily maximum hour,tumbaco,2023-12,12.0,
TMP daily maximum hour,tumbaco,2024-01,13.0,
TMP daily maximum hour,tumbaco,2024-02,13.0,
TMP daily maximum hour,tumbaco,2024-03,13.0,
TMP daily maximum hour,tumbaco,2024-04,13.0,
TMP daily maximum hour,tumbaco,2024-05,13.0,
TMP daily maximum hour,tumbaco,2024-06,13.0,
TMP daily maximum hour,tumbaco,2024-07,13.0,
TMP daily maximum hour,tumbaco,2024-08,13.0,
TMP daily maximum hour,tumbaco,2024-09,13.0,
TMP daily maximum hour,tumbaco,2024-10,13.0,
TMP daily maximum hour,tumbaco,2024-11,13.0,
TMP daily maximum hour,tumbaco,2024-12,12.0,
TMP daily maximum hour,tumbaco,2025-01,13.0,
TMP daily maximum hour,tumbaco,2025-02,12.0,
TMP daily maximum hour,tumbaco,2025-03,12.0,
TMP daily maximum hour,tumbaco,2025-04,12.0,
TMP daily maximum hour,tumbaco,2025-05,12.0,
TMP daily maximum hour,tumbaco,2025-06,13.0,
TMP daily maximum hour,tumbaco,2025-07,13.0,
TMP daily maximum hour,tumbaco,2025-08,13.0,
TMP daily maximum hour,tumbaco,2025-09,13.0,
TMP daily maximum hour,tumbaco,2025-10,12.0,
TMP daily maximum hour,tumbaco,2025-11,12.0,
TMP daily maximum hour,tumbaco,2025-12,13.0,
TMP daily maximum hour,tumbaco,2026-01,13.0,
TMP daily maximum hour,tumbaco,2026-02,13.0,
TMP daily maximum hour,tumbaco,2026-03,13.0,
TMP daily maximum hour,tumbaco,2026-04,12.0,
TMP daily maximum hour,tumbaco,2026-05,13.0,
TMP daily maximum hour,tumbaco,2026-06,13.0,
TMP daily maximum hour,tumbaco,2026-07,13.0,
TMP daily maximum hour,tumbaco,2026-08,13.0,
PM2.5 Los Chillos best lag vs mean of 5 fixed stations (-4..4; negative = Los Chillos later),loschillos,2023-01,-1.0,723.0
PM2.5 Los Chillos best lag vs mean of 5 fixed stations (-4..4; negative = Los Chillos later),loschillos,2023-02,-1.0,667.0
PM2.5 Los Chillos best lag vs mean of 5 fixed stations (-4..4; negative = Los Chillos later),loschillos,2023-03,0.0,731.0
PM2.5 Los Chillos best lag vs mean of 5 fixed stations (-4..4; negative = Los Chillos later),loschillos,2023-04,0.0,720.0
PM2.5 Los Chillos best lag vs mean of 5 fixed stations (-4..4; negative = Los Chillos later),loschillos,2023-05,0.0,741.0
PM2.5 Los Chillos best lag vs mean of 5 fixed stations (-4..4; negative = Los Chillos later),loschillos,2023-06,0.0,705.0
PM2.5 Los Chillos best lag vs mean of 5 fixed stations (-4..4; negative = Los Chillos later),loschillos,2023-07,0.0,744.0
PM2.5 Los Chillos best lag vs mean of 5 fixed stations (-4..4; negative = Los Chillos later),loschillos,2023-08,0.0,743.0
PM2.5 Los Chillos best lag vs mean of 5 fixed stations (-4..4; negative = Los Chillos later),loschillos,2023-09,0.0,720.0
PM2.5 Los Chillos best lag vs mean of 5 fixed stations (-4..4; negative = Los Chillos later),loschillos,2023-10,-1.0,732.0
PM2.5 Los Chillos best lag vs mean of 5 fixed stations (-4..4; negative = Los Chillos later),loschillos,2023-11,0.0,681.0
PM2.5 Los Chillos best lag vs mean of 5 fixed stations (-4..4; negative = Los Chillos later),loschillos,2023-12,0.0,659.0
PM2.5 Los Chillos best lag vs mean of 5 fixed stations (-4..4; negative = Los Chillos later),loschillos,2024-01,0.0,730.0
PM2.5 Los Chillos best lag vs mean of 5 fixed stations (-4..4; negative = Los Chillos later),loschillos,2024-02,-1.0,690.0
PM2.5 Los Chillos best lag vs mean of 5 fixed stations (-4..4; negative = Los Chillos later),loschillos,2024-03,-1.0,722.0
PM2.5 Los Chillos best lag vs mean of 5 fixed stations (-4..4; negative = Los Chillos later),loschillos,2024-04,-1.0,424.0
PM2.5 Los Chillos best lag vs mean of 5 fixed stations (-4..4; negative = Los Chillos later),loschillos,2024-05,0.0,736.0
PM2.5 Los Chillos best lag vs mean of 5 fixed stations (-4..4; negative = Los Chillos later),loschillos,2024-06,-1.0,720.0
PM2.5 Los Chillos best lag vs mean of 5 fixed stations (-4..4; negative = Los Chillos later),loschillos,2024-07,0.0,744.0
PM2.5 Los Chillos best lag vs mean of 5 fixed stations (-4..4; negative = Los Chillos later),loschillos,2024-08,0.0,744.0
PM2.5 Los Chillos best lag vs mean of 5 fixed stations (-4..4; negative = Los Chillos later),loschillos,2024-09,0.0,620.0
PM2.5 Los Chillos best lag vs mean of 5 fixed stations (-4..4; negative = Los Chillos later),loschillos,2024-10,-2.0,301.0
PM2.5 Los Chillos best lag vs mean of 5 fixed stations (-4..4; negative = Los Chillos later),loschillos,2024-11,0.0,320.0
PM2.5 Los Chillos best lag vs mean of 5 fixed stations (-4..4; negative = Los Chillos later),loschillos,2024-12,-2.0,561.0
PM2.5 Los Chillos best lag vs mean of 5 fixed stations (-4..4; negative = Los Chillos later),loschillos,2025-01,-2.0,743.0
PM2.5 Los Chillos best lag vs mean of 5 fixed stations (-4..4; negative = Los Chillos later),loschillos,2025-02,-3.0,625.0
PM2.5 Los Chillos best lag vs mean of 5 fixed stations (-4..4; negative = Los Chillos later),loschillos,2025-03,-4.0,370.0
PM2.5 Los Chillos best lag vs mean of 5 fixed stations (-4..4; negative = Los Chillos later),loschillos,2025-04,0.0,532.0
PM2.5 Los Chillos best lag vs mean of 5 fixed stations (-4..4; negative = Los Chillos later),loschillos,2025-05,-2.0,742.0
PM2.5 Los Chillos best lag vs mean of 5 fixed stations (-4..4; negative = Los Chillos later),loschillos,2025-06,-2.0,710.0
PM2.5 Los Chillos best lag vs mean of 5 fixed stations (-4..4; negative = Los Chillos later),loschillos,2025-07,-2.0,728.0
PM2.5 Los Chillos best lag vs mean of 5 fixed stations (-4..4; negative = Los Chillos later),loschillos,2025-08,3.0,744.0
PM2.5 Los Chillos best lag vs mean of 5 fixed stations (-4..4; negative = Los Chillos later),loschillos,2025-09,-2.0,678.0
PM2.5 Los Chillos best lag vs mean of 5 fixed stations (-4..4; negative = Los Chillos later),loschillos,2025-10,-2.0,732.0
PM2.5 Los Chillos best lag vs mean of 5 fixed stations (-4..4; negative = Los Chillos later),loschillos,2025-12,-1.0,382.0
PM2.5 Los Chillos best lag vs mean of 5 fixed stations (-4..4; negative = Los Chillos later),loschillos,2026-01,-3.0,731.0
PM2.5 Los Chillos best lag vs mean of 5 fixed stations (-4..4; negative = Los Chillos later),loschillos,2026-02,-2.0,672.0
PM2.5 Los Chillos best lag vs mean of 5 fixed stations (-4..4; negative = Los Chillos later),loschillos,2026-03,-1.0,742.0
PM2.5 Los Chillos best lag vs mean of 5 fixed stations (-4..4; negative = Los Chillos later),loschillos,2026-04,-2.0,688.0
PM2.5 Los Chillos best lag vs mean of 5 fixed stations (-4..4; negative = Los Chillos later),loschillos,2026-05,4.0,517.0
PM2.5 Los Chillos best lag vs mean of 5 fixed stations (-4..4; negative = Los Chillos later),loschillos,2026-06,-1.0,717.0
PM2.5 Los Chillos best lag vs mean of 5 fixed stations (-4..4; negative = Los Chillos later),loschillos,2026-07,-2.0,629.0
PM2.5 Los Chillos best lag vs mean of 5 fixed stations (-4..4; negative = Los Chillos later),loschillos,2026-08,-2.0,689.0
