time,estimate,ci_lower,ci_upper,p_val,pollutant,model,method,week_label,week_date
1,0.03160643067471547,NA,NA,NA,no2,M4: AugSynth Centro+Belisario,AugSynth,2022w48,2022-11-28
2,-0.01176459559665366,NA,NA,NA,no2,M4: AugSynth Centro+Belisario,AugSynth,2022w49,2022-12-05
3,-0.08558664433652119,NA,NA,NA,no2,M4: AugSynth Centro+Belisario,AugSynth,2022w50,2022-12-12
4,0.14332052126119965,NA,NA,NA,no2,M4: AugSynth Centro+Belisario,AugSynth,2022w51,2022-12-19
5,-0.0540471449162645,NA,NA,NA,no2,M4: AugSynth Centro+Belisario,AugSynth,2022w52,2022-12-26
6,-0.10872947440528336,NA,NA,NA,no2,M4: AugSynth Centro+Belisario,AugSynth,2023w01,2023-01-02
7,0.0038031167054652926,NA,NA,NA,no2,M4: AugSynth Centro+Belisario,AugSynth,2023w02,2023-01-09
8,-0.03784934668527695,NA,NA,NA,no2,M4: AugSynth Centro+Belisario,AugSynth,2023w03,2023-01-16
9,-0.11804267077544806,NA,NA,NA,no2,M4: AugSynth Centro+Belisario,AugSynth,2023w04,2023-01-23
10,0.07169943692449499,NA,NA,NA,no2,M4: AugSynth Centro+Belisario,AugSynth,2023w05,2023-01-30
11,0.0167084299794813,NA,NA,NA,no2,M4: AugSynth Centro+Belisario,AugSynth,2023w06,2023-02-06
12,0.023490076341195376,NA,NA,NA,no2,M4: AugSynth Centro+Belisario,AugSynth,2023w07,2023-02-13
13,-0.037531889133499696,NA,NA,NA,no2,M4: AugSynth Centro+Belisario,AugSynth,2023w08,2023-02-20
14,0.04058473972667054,NA,NA,NA,no2,M4: AugSynth Centro+Belisario,AugSynth,2023w09,2023-02-27
15,0.05726531691456227,NA,NA,NA,no2,M4: AugSynth Centro+Belisario,AugSynth,2023w10,2023-03-06
16,-0.07630221374358204,NA,NA,NA,no2,M4: AugSynth Centro+Belisario,AugSynth,2023w11,2023-03-13
17,-0.0012937321922961154,NA,NA,NA,no2,M4: AugSynth Centro+Belisario,AugSynth,2023w12,2023-03-20
18,0.009957062294057017,NA,NA,NA,no2,M4: AugSynth Centro+Belisario,AugSynth,2023w13,2023-03-27
19,-0.020498590054045973,NA,NA,NA,no2,M4: AugSynth Centro+Belisario,AugSynth,2023w14,2023-04-03
20,0.04120274010719838,NA,NA,NA,no2,M4: AugSynth Centro+Belisario,AugSynth,2023w15,2023-04-10
21,0.042608073800148194,NA,NA,NA,no2,M4: AugSynth Centro+Belisario,AugSynth,2023w16,2023-04-17
22,0.030996479188447612,NA,NA,NA,no2,M4: AugSynth Centro+Belisario,AugSynth,2023w17,2023-04-24
23,-0.09359690341617277,NA,NA,NA,no2,M4: AugSynth Centro+Belisario,AugSynth,2023w18,2023-05-01
24,-0.15651513870545886,NA,NA,NA,no2,M4: AugSynth Centro+Belisario,AugSynth,2023w19,2023-05-08
25,0.10292688978496889,NA,NA,NA,no2,M4: AugSynth Centro+Belisario,AugSynth,2023w20,2023-05-15
26,0.03763372850622604,NA,NA,NA,no2,M4: AugSynth Centro+Belisario,AugSynth,2023w21,2023-05-22
27,-0.07174261496728596,NA,NA,NA,no2,M4: AugSynth Centro+Belisario,AugSynth,2023w22,2023-05-29
28,-0.05137168176610096,NA,NA,NA,no2,M4: AugSynth Centro+Belisario,AugSynth,2023w23,2023-06-05
29,-0.10125864779899452,NA,NA,NA,no2,M4: AugSynth Centro+Belisario,AugSynth,2023w24,2023-06-12
30,0.039889494612799226,NA,NA,NA,no2,M4: AugSynth Centro+Belisario,AugSynth,2023w25,2023-06-19
31,-0.05417778892270686,NA,NA,NA,no2,M4: AugSynth Centro+Belisario,AugSynth,2023w26,2023-06-26
32,0.1097578156183805,NA,NA,NA,no2,M4: AugSynth Centro+Belisario,AugSynth,2023w27,2023-07-03
33,0.02079052438615525,NA,NA,NA,no2,M4: AugSynth Centro+Belisario,AugSynth,2023w28,2023-07-10
34,-0.13089902409141008,NA,NA,NA,no2,M4: AugSynth Centro+Belisario,AugSynth,2023w29,2023-07-17
35,0.0646744539809232,NA,NA,NA,no2,M4: AugSynth Centro+Belisario,AugSynth,2023w30,2023-07-24
36,0.02439839963255208,NA,NA,NA,no2,M4: AugSynth Centro+Belisario,AugSynth,2023w31,2023-07-31
37,-0.16030172496776363,NA,NA,NA,no2,M4: AugSynth Centro+Belisario,AugSynth,2023w32,2023-08-07
38,0.36940585865415443,NA,NA,NA,no2,M4: AugSynth Centro+Belisario,AugSynth,2023w33,2023-08-14
39,0.25043576986154337,NA,NA,NA,no2,M4: AugSynth Centro+Belisario,AugSynth,2023w34,2023-08-21
40,0.12776739656030767,NA,NA,NA,no2,M4: AugSynth Centro+Belisario,AugSynth,2023w35,2023-08-28
41,0.07346501120263449,NA,NA,NA,no2,M4: AugSynth Centro+Belisario,AugSynth,2023w36,2023-09-04
42,-0.04768123906475408,NA,NA,NA,no2,M4: AugSynth Centro+Belisario,AugSynth,2023w37,2023-09-11
43,-0.1443417439497785,NA,NA,NA,no2,M4: AugSynth Centro+Belisario,AugSynth,2023w38,2023-09-18
44,0.04873983648442248,NA,NA,NA,no2,M4: AugSynth Centro+Belisario,AugSynth,2023w39,2023-09-25
45,0.003933144432984648,NA,NA,NA,no2,M4: AugSynth Centro+Belisario,AugSynth,2023w40,2023-10-02
46,0.03135951879980592,NA,NA,NA,no2,M4: AugSynth Centro+Belisario,AugSynth,2023w41,2023-10-09
47,0.05881558929147079,NA,NA,NA,no2,M4: AugSynth Centro+Belisario,AugSynth,2023w42,2023-10-16
48,0.02133636139566164,NA,NA,NA,no2,M4: AugSynth Centro+Belisario,AugSynth,2023w43,2023-10-23
49,-0.010555997202698286,NA,NA,NA,no2,M4: AugSynth Centro+Belisario,AugSynth,2023w44,2023-10-30
50,0.042402540924992405,NA,NA,NA,no2,M4: AugSynth Centro+Belisario,AugSynth,2023w45,2023-11-06
51,0.21855942025022346,NA,NA,NA,no2,M4: AugSynth Centro+Belisario,AugSynth,2023w46,2023-11-13
52,0.08782100116179326,NA,NA,NA,no2,M4: AugSynth Centro+Belisario,AugSynth,2023w47,2023-11-20
53,0.07209376051774408,-0.17559893270199145,0.33479813211443327,0.401,no2,M4: AugSynth Centro+Belisario,AugSynth,2023w48,2023-11-27
54,0.1200353270502501,-0.17269240130034644,0.3677280202699856,0.201,no2,M4: AugSynth Centro+Belisario,AugSynth,2023w49,2023-12-04
55,0.10690735176343313,-0.1407853414563024,0.3696117233601223,0.258,no2,M4: AugSynth Centro+Belisario,AugSynth,2023w50,2023-12-11
56,0.11065273836479017,-0.13703995485494536,0.35834543158452564,0.226,no2,M4: AugSynth Centro+Belisario,AugSynth,2023w51,2023-12-18
57,0.22406148621957334,-0.023631207000162177,0.47175417943930903,0.057,no2,M4: AugSynth Centro+Belisario,AugSynth,2023w52,2023-12-25
58,0.28644603587446227,0.038753342654726755,0.5191270507172443,0.034,no2,M4: AugSynth Centro+Belisario,AugSynth,2024w01,2024-01-01
59,0.10840173211295534,-0.22936103136850222,0.37110610370964453,0.266,no2,M4: AugSynth Centro+Belisario,AugSynth,2024w02,2024-01-08
60,0.005231823007082248,-0.22744919183569962,0.29795955135767876,0.943,no2,M4: AugSynth Centro+Belisario,AugSynth,2024w03,2024-01-15
61,0.07186032676522869,-0.2959257934701362,0.3345646983619179,0.424,no2,M4: AugSynth Centro+Belisario,AugSynth,2024w04,2024-01-22
62,0.13984208236491336,-0.10785061085482216,0.40254645396160266,0.125,no2,M4: AugSynth Centro+Belisario,AugSynth,2024w05,2024-01-29
63,0.05908307768458254,-0.18860961553515299,0.32178744928127173,0.47,no2,M4: AugSynth Centro+Belisario,AugSynth,2024w06,2024-02-05
64,0.035739750654212976,-0.22696462094247621,0.29844412225090217,0.726,no2,M4: AugSynth Centro+Belisario,AugSynth,2024w07,2024-02-12
65,0.02990558126216225,-0.23279879033452694,0.29260995285885144,0.765,no2,M4: AugSynth Centro+Belisario,AugSynth,2024w08,2024-02-19
66,0.13846028718284753,-0.10923240603688798,0.3861529804025832,0.178,no2,M4: AugSynth Centro+Belisario,AugSynth,2024w09,2024-02-26
67,0.06963305631329364,-0.16304795852948822,0.4224074981717048,0.42,no2,M4: AugSynth Centro+Belisario,AugSynth,2024w10,2024-03-04
68,0.0712989537250972,-0.191405417871592,0.3189916469448327,0.417,no2,M4: AugSynth Centro+Belisario,AugSynth,2024w11,2024-03-11
69,0.1800590652856653,-0.06763362793407023,0.427751758505401,0.075,no2,M4: AugSynth Centro+Belisario,AugSynth,2024w12,2024-03-18
70,0.2867537301508918,0.05407271530810995,0.5344464233706274,0.037,no2,M4: AugSynth Centro+Belisario,AugSynth,2024w13,2024-03-25
71,0.17593190800926584,-0.056749106833516,0.42362460122900153,0.085,no2,M4: AugSynth Centro+Belisario,AugSynth,2024w14,2024-04-01
72,0.10888017410433992,-0.1388125191153956,0.3565728673240754,0.263,no2,M4: AugSynth Centro+Belisario,AugSynth,2024w15,2024-04-08
73,0.06748772911134182,-0.1802049641083937,0.330192100708031,0.423,no2,M4: AugSynth Centro+Belisario,AugSynth,2024w16,2024-04-15
74,0.19709586237504206,-0.05059683084469345,0.44478855559477776,0.07,no2,M4: AugSynth Centro+Belisario,AugSynth,2024w17,2024-04-22
75,0.2451418733301618,-0.017562498266527393,0.507846244926851,0.058,no2,M4: AugSynth Centro+Belisario,AugSynth,2024w18,2024-04-29
76,0.16576110909795227,-0.08193158412178324,0.4735005158255026,0.101,no2,M4: AugSynth Centro+Belisario,AugSynth,2024w19,2024-05-06
77,0.11568212872749095,-0.13201056449224458,0.39339817870113386,0.203,no2,M4: AugSynth Centro+Belisario,AugSynth,2024w20,2024-05-13
78,0.17021177477466498,-0.062469240068116855,0.4329161463713543,0.072,no2,M4: AugSynth Centro+Belisario,AugSynth,2024w21,2024-05-20
79,0.21601643346404487,-0.03167625975569065,0.46370912668378056,0.072,no2,M4: AugSynth Centro+Belisario,AugSynth,2024w22,2024-05-27
80,0.2626841375804023,-2.0234016286868606e-5,0.4803534740462307,0.065,no2,M4: AugSynth Centro+Belisario,AugSynth,2024w23,2024-06-03
81,0.35379226915747086,0.09108789756078167,0.6164966407541601,0.031,no2,M4: AugSynth Centro+Belisario,AugSynth,2024w24,2024-06-10
82,0.20460911513581248,-0.04308357808392303,0.4523018083555482,0.073,no2,M4: AugSynth Centro+Belisario,AugSynth,2024w25,2024-06-17
83,0.19653989704653885,-0.03614111779624299,0.44423259026627454,0.076,no2,M4: AugSynth Centro+Belisario,AugSynth,2024w26,2024-06-24
84,0.1449343480326264,-0.10275834518710912,0.3926270412523621,0.161,no2,M4: AugSynth Centro+Belisario,AugSynth,2024w27,2024-07-01
85,0.050808484934531606,-0.24191924341606494,0.2985011781542671,0.495,no2,M4: AugSynth Centro+Belisario,AugSynth,2024w28,2024-07-08
86,0.008870557964113512,-0.2538338136325757,0.2715749295608027,0.928,no2,M4: AugSynth Centro+Belisario,AugSynth,2024w29,2024-07-15
87,0.20578519813414387,-0.10195420859340634,0.46848956973083317,0.066,no2,M4: AugSynth Centro+Belisario,AugSynth,2024w30,2024-07-22
88,0.351435301670433,0.10374260845069751,0.6141396732671223,0.034,no2,M4: AugSynth Centro+Belisario,AugSynth,2024w31,2024-07-29
89,0.1894944646678356,-0.0732099069288536,0.4371871578875713,0.073,no2,M4: AugSynth Centro+Belisario,AugSynth,2024w32,2024-08-05
90,0.07810040981086308,-0.15458060503191878,0.34080478140755227,0.306,no2,M4: AugSynth Centro+Belisario,AugSynth,2024w33,2024-08-12
91,0.10478680833259624,-0.1429058848871393,0.4575612501910074,0.291,no2,M4: AugSynth Centro+Belisario,AugSynth,2024w34,2024-08-19
92,0.16741722255438374,-0.1853572193040275,0.43012159415107304,0.089,no2,M4: AugSynth Centro+Belisario,AugSynth,2024w35,2024-08-26
93,-0.01170344483262653,-0.25939613805236206,0.25100092676406266,0.891,no2,M4: AugSynth Centro+Belisario,AugSynth,2024w36,2024-09-02
94,0.10861980859068998,-0.1540845630059992,0.3863358585643329,0.263,no2,M4: AugSynth Centro+Belisario,AugSynth,2024w37,2024-09-09
95,0.0026275813615952437,-0.350146860496816,0.26533195295828443,0.971,no2,M4: AugSynth Centro+Belisario,AugSynth,2024w38,2024-09-16
96,-0.12205167372813142,-0.3847560453248206,0.14065269786855777,0.22,no2,M4: AugSynth Centro+Belisario,AugSynth,2024w39,2024-09-23
97,0.08085498376504541,-0.16683770945469012,0.3285476769847809,0.344,no2,M4: AugSynth Centro+Belisario,AugSynth,2024w40,2024-09-30
98,0.046166032022195935,-0.2015266611975396,0.2938587252419314,0.558,no2,M4: AugSynth Centro+Belisario,AugSynth,2024w41,2024-10-07
99,0.10510984145872104,-0.12757117338406082,0.38282589143236395,0.327,no2,M4: AugSynth Centro+Belisario,AugSynth,2024w42,2024-10-14
100,0.035472043961463307,-0.21222064925827222,0.2981764155581525,0.681,no2,M4: AugSynth Centro+Belisario,AugSynth,2024w43,2024-10-21
101,0.011225035686978302,-0.26649101428666455,0.2889410856606212,0.893,no2,M4: AugSynth Centro+Belisario,AugSynth,2024w44,2024-10-28
102,-0.03851880706540145,-0.3162348570390443,0.22418556453128774,0.731,no2,M4: AugSynth Centro+Belisario,AugSynth,2024w45,2024-11-04
103,-0.05908290234698077,-0.3067755955667163,0.20362146924970842,0.476,no2,M4: AugSynth Centro+Belisario,AugSynth,2024w46,2024-11-11
104,0.1434896933496037,-0.1042029998701318,0.3911823865693394,0.127,no2,M4: AugSynth Centro+Belisario,AugSynth,2024w47,2024-11-18
105,0.1822115670032649,-0.14053951810123896,0.4449159385999542,0.08,no2,M4: AugSynth Centro+Belisario,AugSynth,2024w48,2024-11-25
106,0.17306655156612782,-0.10464949840751503,0.5258409934245392,0.086,no2,M4: AugSynth Centro+Belisario,AugSynth,2024w49,2024-12-02
107,0.2067110631949305,-0.025969951647851347,0.4844271131685735,0.063,no2,M4: AugSynth Centro+Belisario,AugSynth,2024w50,2024-12-09
108,0.10219320993358982,-0.26559291030177506,0.3498859031533253,0.284,no2,M4: AugSynth Centro+Belisario,AugSynth,2024w51,2024-12-16
109,0.15589858166419068,-0.09179411155554483,0.38857959650697266,0.109,no2,M4: AugSynth Centro+Belisario,AugSynth,2024w52,2024-12-23
110,0.2679999479685713,-0.009716102005071559,0.5457159979422144,0.057,no2,M4: AugSynth Centro+Belisario,AugSynth,2025w01,2024-12-30
111,0.1015817089003912,-0.161122662696298,0.3642860804970804,0.283,no2,M4: AugSynth Centro+Belisario,AugSynth,2025w02,2025-01-06
112,0.17428414692524097,-0.05839686791754087,0.40696516176802294,0.078,no2,M4: AugSynth Centro+Belisario,AugSynth,2025w03,2025-01-13
113,0.06713217287230577,-0.19557219872438342,0.374871579599856,0.413,no2,M4: AugSynth Centro+Belisario,AugSynth,2025w04,2025-01-20
114,0.19718168454623486,-0.050511008673500654,0.44487437776597055,0.066,no2,M4: AugSynth Centro+Belisario,AugSynth,2025w05,2025-01-27
115,0.3246947380291676,0.07700204480943208,0.5723874312489032,0.046,no2,M4: AugSynth Centro+Belisario,AugSynth,2025w06,2025-02-03
116,0.15017181916304168,-0.20260262269536955,0.4278878691366847,0.148,no2,M4: AugSynth Centro+Belisario,AugSynth,2025w07,2025-02-10
117,0.12733086407036343,-0.16539686428023312,0.43507027079791366,0.224,no2,M4: AugSynth Centro+Belisario,AugSynth,2025w08,2025-02-17
118,0.4452266524314785,0.07744053219611363,0.8130127726668435,0.041,no2,M4: AugSynth Centro+Belisario,AugSynth,2025w09,2025-02-24
119,0.39619491083561087,0.02840879060024598,0.7639810310709758,0.045,no2,M4: AugSynth Centro+Belisario,AugSynth,2025w10,2025-03-03
120,0.33821336955971226,-0.029572750675652626,0.7059994897950772,0.08,no2,M4: AugSynth Centro+Belisario,AugSynth,2025w11,2025-03-10
121,0.2466377630356913,-0.1211483571996736,0.6144238832710562,0.067,no2,M4: AugSynth Centro+Belisario,AugSynth,2025w12,2025-03-17
122,0.41305297932388196,0.045266859088517075,0.7808390995592469,0.036,no2,M4: AugSynth Centro+Belisario,AugSynth,2025w13,2025-03-24
123,0.305151151344222,-0.0626349688911429,0.6729372715795869,0.088,no2,M4: AugSynth Centro+Belisario,AugSynth,2025w14,2025-03-31
124,0.09920951549913815,-0.22354156960536575,0.4369722789805957,0.359,no2,M4: AugSynth Centro+Belisario,AugSynth,2025w15,2025-04-07
125,0.07052555897586732,-0.19217881262082187,0.3332299305725565,0.416,no2,M4: AugSynth Centro+Belisario,AugSynth,2025w16,2025-04-14
126,6.906825552697171e-4,-0.3070487241722805,0.2483833757750052,1,no2,M4: AugSynth Centro+Belisario,AugSynth,2025w17,2025-04-21
127,0.17939362114022783,-0.09832242883341502,0.4270863143599635,0.071,no2,M4: AugSynth Centro+Belisario,AugSynth,2025w18,2025-04-28
128,-0.04078849880124347,-0.30349287039793266,0.22191587279544572,0.715,no2,M4: AugSynth Centro+Belisario,AugSynth,2025w19,2025-05-05
129,0.22216585834044533,-0.02552683487929018,0.469858551560181,0.068,no2,M4: AugSynth Centro+Belisario,AugSynth,2025w20,2025-05-12
130,0.10052246213968985,-0.16218190945699934,0.36322683373637904,0.301,no2,M4: AugSynth Centro+Belisario,AugSynth,2025w21,2025-05-19
131,0.13891792689086557,-0.10877476632886994,0.4016222984875549,0.175,no2,M4: AugSynth Centro+Belisario,AugSynth,2025w22,2025-05-26
132,0.07905924418248844,-0.18364512741420075,0.34176361577917763,0.347,no2,M4: AugSynth Centro+Belisario,AugSynth,2025w23,2025-06-02
133,0.23111707913882018,-0.03158729245786901,0.4938214507355095,0.083,no2,M4: AugSynth Centro+Belisario,AugSynth,2025w24,2025-06-09
134,-0.3287170724040278,-0.5764097656237633,-0.08102437918429217,0.038,no2,M4: AugSynth Centro+Belisario,AugSynth,2025w25,2025-06-16
1,6.834515258664631e-4,NA,NA,NA,no2,M5: AugSynth Centro (Bel. dropped),AugSynth,2022w48,2022-11-28
2,0.09578616571250986,NA,NA,NA,no2,M5: AugSynth Centro (Bel. dropped),AugSynth,2022w49,2022-12-05
3,-0.11520066521997396,NA,NA,NA,no2,M5: AugSynth Centro (Bel. dropped),AugSynth,2022w50,2022-12-12
4,0.18086940775506122,NA,NA,NA,no2,M5: AugSynth Centro (Bel. dropped),AugSynth,2022w51,2022-12-19
5,0.02895864583040808,NA,NA,NA,no2,M5: AugSynth Centro (Bel. dropped),AugSynth,2022w52,2022-12-26
6,-0.04572622084231304,NA,NA,NA,no2,M5: AugSynth Centro (Bel. dropped),AugSynth,2023w01,2023-01-02
7,0.046707162348434306,NA,NA,NA,no2,M5: AugSynth Centro (Bel. dropped),AugSynth,2023w02,2023-01-09
8,-0.050241402056580675,NA,NA,NA,no2,M5: AugSynth Centro (Bel. dropped),AugSynth,2023w03,2023-01-16
9,-0.1406517697740033,NA,NA,NA,no2,M5: AugSynth Centro (Bel. dropped),AugSynth,2023w04,2023-01-23
10,0.05857811712790184,NA,NA,NA,no2,M5: AugSynth Centro (Bel. dropped),AugSynth,2023w05,2023-01-30
11,0.0906506857963949,NA,NA,NA,no2,M5: AugSynth Centro (Bel. dropped),AugSynth,2023w06,2023-02-06
12,-0.0029976249794549936,NA,NA,NA,no2,M5: AugSynth Centro (Bel. dropped),AugSynth,2023w07,2023-02-13
13,-0.05329414120785225,NA,NA,NA,no2,M5: AugSynth Centro (Bel. dropped),AugSynth,2023w08,2023-02-20
14,0.010952823086983532,NA,NA,NA,no2,M5: AugSynth Centro (Bel. dropped),AugSynth,2023w09,2023-02-27
15,0.038007463096987326,NA,NA,NA,no2,M5: AugSynth Centro (Bel. dropped),AugSynth,2023w10,2023-03-06
16,-0.09134573326856588,NA,NA,NA,no2,M5: AugSynth Centro (Bel. dropped),AugSynth,2023w11,2023-03-13
17,-0.03687308393345212,NA,NA,NA,no2,M5: AugSynth Centro (Bel. dropped),AugSynth,2023w12,2023-03-20
18,-0.003916485083921284,NA,NA,NA,no2,M5: AugSynth Centro (Bel. dropped),AugSynth,2023w13,2023-03-27
19,-0.028508035341198834,NA,NA,NA,no2,M5: AugSynth Centro (Bel. dropped),AugSynth,2023w14,2023-04-03
20,0.01932604963277962,NA,NA,NA,no2,M5: AugSynth Centro (Bel. dropped),AugSynth,2023w15,2023-04-10
21,-0.03854060341773824,NA,NA,NA,no2,M5: AugSynth Centro (Bel. dropped),AugSynth,2023w16,2023-04-17
22,0.012726370933755504,NA,NA,NA,no2,M5: AugSynth Centro (Bel. dropped),AugSynth,2023w17,2023-04-24
23,-0.14143861205366903,NA,NA,NA,no2,M5: AugSynth Centro (Bel. dropped),AugSynth,2023w18,2023-05-01
24,-0.1930555584716429,NA,NA,NA,no2,M5: AugSynth Centro (Bel. dropped),AugSynth,2023w19,2023-05-08
25,0.11562829708214828,NA,NA,NA,no2,M5: AugSynth Centro (Bel. dropped),AugSynth,2023w20,2023-05-15
26,0.017484595603600273,NA,NA,NA,no2,M5: AugSynth Centro (Bel. dropped),AugSynth,2023w21,2023-05-22
27,-0.06617526767275228,NA,NA,NA,no2,M5: AugSynth Centro (Bel. dropped),AugSynth,2023w22,2023-05-29
28,-0.016506303475824602,NA,NA,NA,no2,M5: AugSynth Centro (Bel. dropped),AugSynth,2023w23,2023-06-05
29,-0.008576706436544068,NA,NA,NA,no2,M5: AugSynth Centro (Bel. dropped),AugSynth,2023w24,2023-06-12
30,0.14239592168839454,NA,NA,NA,no2,M5: AugSynth Centro (Bel. dropped),AugSynth,2023w25,2023-06-19
31,0.017183540469052794,NA,NA,NA,no2,M5: AugSynth Centro (Bel. dropped),AugSynth,2023w26,2023-06-26
32,0.2076078821092251,NA,NA,NA,no2,M5: AugSynth Centro (Bel. dropped),AugSynth,2023w27,2023-07-03
33,0.05441494364851529,NA,NA,NA,no2,M5: AugSynth Centro (Bel. dropped),AugSynth,2023w28,2023-07-10
34,-0.15557358347567218,NA,NA,NA,no2,M5: AugSynth Centro (Bel. dropped),AugSynth,2023w29,2023-07-17
35,0.07924215373702959,NA,NA,NA,no2,M5: AugSynth Centro (Bel. dropped),AugSynth,2023w30,2023-07-24
36,-0.01739324823313293,NA,NA,NA,no2,M5: AugSynth Centro (Bel. dropped),AugSynth,2023w31,2023-07-31
37,-0.231664830265784,NA,NA,NA,no2,M5: AugSynth Centro (Bel. dropped),AugSynth,2023w32,2023-08-07
38,0.36743406026940173,NA,NA,NA,no2,M5: AugSynth Centro (Bel. dropped),AugSynth,2023w33,2023-08-14
39,0.2717920668878602,NA,NA,NA,no2,M5: AugSynth Centro (Bel. dropped),AugSynth,2023w34,2023-08-21
40,0.08176642803152356,NA,NA,NA,no2,M5: AugSynth Centro (Bel. dropped),AugSynth,2023w35,2023-08-28
41,0.010600401104675417,NA,NA,NA,no2,M5: AugSynth Centro (Bel. dropped),AugSynth,2023w36,2023-09-04
42,-0.11413619282841525,NA,NA,NA,no2,M5: AugSynth Centro (Bel. dropped),AugSynth,2023w37,2023-09-11
43,-0.14265455583993703,NA,NA,NA,no2,M5: AugSynth Centro (Bel. dropped),AugSynth,2023w38,2023-09-18
44,-0.0067328022074684135,NA,NA,NA,no2,M5: AugSynth Centro (Bel. dropped),AugSynth,2023w39,2023-09-25
45,-0.03402518940327415,NA,NA,NA,no2,M5: AugSynth Centro (Bel. dropped),AugSynth,2023w40,2023-10-02
46,0.04740336356743535,NA,NA,NA,no2,M5: AugSynth Centro (Bel. dropped),AugSynth,2023w41,2023-10-09
47,0.11814715696062272,NA,NA,NA,no2,M5: AugSynth Centro (Bel. dropped),AugSynth,2023w42,2023-10-16
48,-0.0042242921998907335,NA,NA,NA,no2,M5: AugSynth Centro (Bel. dropped),AugSynth,2023w43,2023-10-23
49,-0.043212539908978,NA,NA,NA,no2,M5: AugSynth Centro (Bel. dropped),AugSynth,2023w44,2023-10-30
50,0.04119273998858297,NA,NA,NA,no2,M5: AugSynth Centro (Bel. dropped),AugSynth,2023w45,2023-11-06
51,0.22847400322096645,NA,NA,NA,no2,M5: AugSynth Centro (Bel. dropped),AugSynth,2023w46,2023-11-13
52,-0.024784697088904295,NA,NA,NA,no2,M5: AugSynth Centro (Bel. dropped),AugSynth,2023w47,2023-11-20
53,0.05422412027134316,-0.21318941476022565,0.33609244098029406,0.506,no2,M5: AugSynth Centro (Bel. dropped),AugSynth,2023w48,2023-11-27
54,0.031158853330537806,-0.236254681701031,0.3130271740394887,0.692,no2,M5: AugSynth Centro (Bel. dropped),AugSynth,2023w49,2023-12-04
55,0.15717217089720759,-0.11024136413436121,0.48240484863830485,0.179,no2,M5: AugSynth Centro (Bel. dropped),AugSynth,2023w50,2023-12-11
56,0.131265747797086,-0.13614778723448281,0.44204363986080114,0.255,no2,M5: AugSynth Centro (Bel. dropped),AugSynth,2023w51,2023-12-18
57,0.22079396941584672,-0.06107435129310418,0.5026622901247977,0.091,no2,M5: AugSynth Centro (Bel. dropped),AugSynth,2023w52,2023-12-25
58,0.26702647775212407,0,0.548894798461075,0.053,no2,M5: AugSynth Centro (Bel. dropped),AugSynth,2024w01,2024-01-01
59,0.07809403000983828,-0.20377429069911263,0.3744171363961713,0.395,no2,M5: AugSynth Centro (Bel. dropped),AugSynth,2024w02,2024-01-08
60,0.0042371738308881746,-0.26317636120068066,0.2861054945398391,0.959,no2,M5: AugSynth Centro (Bel. dropped),AugSynth,2024w03,2024-01-15
61,0.03167149150268678,-0.23574204352888203,0.3135398122116377,0.682,no2,M5: AugSynth Centro (Bel. dropped),AugSynth,2024w04,2024-01-22
62,0.06522740462848331,-0.2021861304030855,0.3470957253374342,0.459,no2,M5: AugSynth Centro (Bel. dropped),AugSynth,2024w05,2024-01-29
63,0.03143401954535374,-0.23597951548621507,0.31330234025430465,0.685,no2,M5: AugSynth Centro (Bel. dropped),AugSynth,2024w06,2024-02-05
64,-0.05539202665760534,-0.40953427575346674,0.22647629405134556,0.481,no2,M5: AugSynth Centro (Bel. dropped),AugSynth,2024w07,2024-02-12
65,-0.0770864731336025,-0.3589547938425534,0.19032706189796628,0.422,no2,M5: AugSynth Centro (Bel. dropped),AugSynth,2024w08,2024-02-19
66,0.1006240800407121,-0.1667894549908567,0.382492400749663,0.331,no2,M5: AugSynth Centro (Bel. dropped),AugSynth,2024w09,2024-02-26
67,0.036987047636546144,-0.23042648739502267,0.3044005826681149,0.703,no2,M5: AugSynth Centro (Bel. dropped),AugSynth,2024w10,2024-03-04
68,-0.009905981694798616,-0.36404823079066,0.25750755333677017,0.899,no2,M5: AugSynth Centro (Bel. dropped),AugSynth,2024w11,2024-03-11
69,0.13972589988618855,-0.12768763514538026,0.42159422059513946,0.256,no2,M5: AugSynth Centro (Bel. dropped),AugSynth,2024w12,2024-03-18
70,0.25865454117088005,-0.008758993860688749,0.526068076202449,0.069,no2,M5: AugSynth Centro (Bel. dropped),AugSynth,2024w13,2024-03-25
71,0.09215440750397086,-0.18971391320498004,0.3884775138903039,0.371,no2,M5: AugSynth Centro (Bel. dropped),AugSynth,2024w14,2024-04-01
72,0.12819887567902377,-0.13921465935254504,0.38115762503321043,0.25,no2,M5: AugSynth Centro (Bel. dropped),AugSynth,2024w15,2024-04-08
73,0.00816420124923356,-0.2592493337823353,0.29003252195818446,0.896,no2,M5: AugSynth Centro (Bel. dropped),AugSynth,2024w16,2024-04-15
74,0.12063275709230714,-0.14678077793926167,0.3880462921238759,0.289,no2,M5: AugSynth Centro (Bel. dropped),AugSynth,2024w17,2024-04-22
75,0.220530020218066,-0.0613383004908849,0.502398340927017,0.097,no2,M5: AugSynth Centro (Bel. dropped),AugSynth,2024w18,2024-04-29
76,0.19553683719068715,-0.11524105487302794,0.47740515789963817,0.125,no2,M5: AugSynth Centro (Bel. dropped),AugSynth,2024w19,2024-05-06
77,0.05623375680276954,-0.21117977822879927,0.33810207751172044,0.476,no2,M5: AugSynth Centro (Bel. dropped),AugSynth,2024w20,2024-05-13
78,0.1704056471438804,-0.1114626735650705,0.4378191821754493,0.146,no2,M5: AugSynth Centro (Bel. dropped),AugSynth,2024w21,2024-05-20
79,0.2083098867163482,-0.059103648315220594,0.461268636070535,0.105,no2,M5: AugSynth Centro (Bel. dropped),AugSynth,2024w22,2024-05-27
80,0.1837659766866584,-0.09810234402229251,0.48008908307299153,0.167,no2,M5: AugSynth Centro (Bel. dropped),AugSynth,2024w23,2024-06-03
81,0.2567127660082522,-0.02515555470069869,0.5385810867172032,0.047,no2,M5: AugSynth Centro (Bel. dropped),AugSynth,2024w24,2024-06-10
82,0.17792774232601083,-0.08948579270555797,0.4453412773575797,0.15,no2,M5: AugSynth Centro (Bel. dropped),AugSynth,2024w25,2024-06-17
83,0.1282040916904852,-0.15366422901846571,0.4100724123994361,0.272,no2,M5: AugSynth Centro (Bel. dropped),AugSynth,2024w26,2024-06-24
84,0.08288787820617749,-0.1989804425027734,0.3647561989151284,0.399,no2,M5: AugSynth Centro (Bel. dropped),AugSynth,2024w27,2024-07-01
85,0.03831287644744741,-0.2291006585841214,0.33463598283378043,0.644,no2,M5: AugSynth Centro (Bel. dropped),AugSynth,2024w28,2024-07-08
86,-0.033872261025971184,-0.3157405817349221,0.26245084536036184,0.699,no2,M5: AugSynth Centro (Bel. dropped),AugSynth,2024w29,2024-07-15
87,0.19431551361759647,-0.14537194980088283,0.4761838343265475,0.13,no2,M5: AugSynth Centro (Bel. dropped),AugSynth,2024w30,2024-07-22
88,0.35236182210019296,0.02712914435909576,0.6053205714543797,0.032,no2,M5: AugSynth Centro (Bel. dropped),AugSynth,2024w31,2024-07-29
89,0.18551856400168054,-0.06744018535250615,0.45293209903324944,0.135,no2,M5: AugSynth Centro (Bel. dropped),AugSynth,2024w32,2024-08-05
90,0.07911283879284259,-0.18830069623872622,0.3609811595017935,0.415,no2,M5: AugSynth Centro (Bel. dropped),AugSynth,2024w33,2024-08-12
91,0.06513654096344457,-0.18782220839074215,0.3614596473497776,0.44,no2,M5: AugSynth Centro (Bel. dropped),AugSynth,2024w34,2024-08-19
92,0.17533104624273133,-0.10653727446621958,0.45719936695168234,0.167,no2,M5: AugSynth Centro (Bel. dropped),AugSynth,2024w35,2024-08-26
93,-0.0928507423003726,-0.3458094916545593,0.1890175784085783,0.334,no2,M5: AugSynth Centro (Bel. dropped),AugSynth,2024w36,2024-09-02
94,0.05251340407784122,-0.22935491663110968,0.34883651046417424,0.524,no2,M5: AugSynth Centro (Bel. dropped),AugSynth,2024w37,2024-09-09
95,-0.011996310489232442,-0.3516837739077117,0.26987201021971846,0.839,no2,M5: AugSynth Centro (Bel. dropped),AugSynth,2024w38,2024-09-16
96,-0.19027264647060882,-0.4721409671795598,0.09159567423834214,0.153,no2,M5: AugSynth Centro (Bel. dropped),AugSynth,2024w39,2024-09-23
97,0.04664134999947356,-0.19186261367733104,0.31405488503104234,0.531,no2,M5: AugSynth Centro (Bel. dropped),AugSynth,2024w40,2024-09-30
98,-0.0033101277420808373,-0.2707236627736497,0.35083212135378056,0.957,no2,M5: AugSynth Centro (Bel. dropped),AugSynth,2024w41,2024-10-07
99,0.0330120045421074,-0.2633111018442256,0.3293351109284404,0.692,no2,M5: AugSynth Centro (Bel. dropped),AugSynth,2024w42,2024-10-14
100,-0.0661743746313932,-0.33358790966296203,0.2012391604001756,0.427,no2,M5: AugSynth Centro (Bel. dropped),AugSynth,2024w43,2024-10-21
101,-0.03786532174114976,-0.37755278515962903,0.24400299896780114,0.682,no2,M5: AugSynth Centro (Bel. dropped),AugSynth,2024w44,2024-10-28
102,-0.06153239695922075,-0.41567464605508214,0.2781550664592585,0.439,no2,M5: AugSynth Centro (Bel. dropped),AugSynth,2024w45,2024-11-04
103,-0.04675257458537718,-0.314166109616946,0.24957053180095584,0.552,no2,M5: AugSynth Centro (Bel. dropped),AugSynth,2024w46,2024-11-11
104,0.05773051166027754,-0.20968302337129127,0.2962344753370822,0.447,no2,M5: AugSynth Centro (Bel. dropped),AugSynth,2024w47,2024-11-18
105,0.09318141383762901,-0.1886869068713219,0.3750497345465799,0.378,no2,M5: AugSynth Centro (Bel. dropped),AugSynth,2024w48,2024-11-25
106,0.15574429659322053,-0.11166923843834826,0.4231578316247894,0.162,no2,M5: AugSynth Centro (Bel. dropped),AugSynth,2024w49,2024-12-02
107,0.16773385304202915,-0.09967968198953965,0.44960217375098016,0.158,no2,M5: AugSynth Centro (Bel. dropped),AugSynth,2024w50,2024-12-09
108,0.024396205641057378,-0.24301732939051143,0.29180974067262616,0.732,no2,M5: AugSynth Centro (Bel. dropped),AugSynth,2024w51,2024-12-16
109,0.13184221533929863,-0.13557131969227018,0.41371053604824953,0.257,no2,M5: AugSynth Centro (Bel. dropped),AugSynth,2024w52,2024-12-23
110,0.250232588127298,-0.04609051825903501,0.5899200515457774,0.09,no2,M5: AugSynth Centro (Bel. dropped),AugSynth,2025w01,2024-12-30
111,0.022077427669620064,-0.25979089303933084,0.28949096270118885,0.736,no2,M5: AugSynth Centro (Bel. dropped),AugSynth,2025w02,2025-01-06
112,0.10820815040482934,-0.15920538462673947,0.3756216854363981,0.327,no2,M5: AugSynth Centro (Bel. dropped),AugSynth,2025w03,2025-01-13
113,0.04136095671667217,-0.24050736399227873,0.3232292774256231,0.613,no2,M5: AugSynth Centro (Bel. dropped),AugSynth,2025w04,2025-01-20
114,0.20053705234031938,-0.05242169701386731,0.46795058737188827,0.118,no2,M5: AugSynth Centro (Bel. dropped),AugSynth,2025w05,2025-01-27
115,0.32661857998231714,0.05920504495074834,0.5940321150138861,0.045,no2,M5: AugSynth Centro (Bel. dropped),AugSynth,2025w06,2025-02-03
116,0.1393392022347424,-0.1569839041515906,0.4356623086210754,0.247,no2,M5: AugSynth Centro (Bel. dropped),AugSynth,2025w07,2025-02-10
117,0.12228165451889028,-0.1884962375448248,0.4330595465826054,0.317,no2,M5: AugSynth Centro (Bel. dropped),AugSynth,2025w08,2025-02-17
118,0.43780836645081056,0.08366611735494917,0.791950615546672,0.034,no2,M5: AugSynth Centro (Bel. dropped),AugSynth,2025w09,2025-02-24
119,0.35610689486792513,0,0.7102491439637866,0.071,no2,M5: AugSynth Centro (Bel. dropped),AugSynth,2025w10,2025-03-03
120,0.2773826791149947,-0.0767595699808667,0.6315249282108562,0.122,no2,M5: AugSynth Centro (Bel. dropped),AugSynth,2025w11,2025-03-10
121,0.18481142280677387,-0.16933082628908752,0.5389536719026353,0.227,no2,M5: AugSynth Centro (Bel. dropped),AugSynth,2025w12,2025-03-17
122,0.38817113455523167,0,0.7423133836510931,0.055,no2,M5: AugSynth Centro (Bel. dropped),AugSynth,2025w13,2025-03-24
123,0.2451901779386385,-0.10895207115722289,0.5993324270345,0.157,no2,M5: AugSynth Centro (Bel. dropped),AugSynth,2025w14,2025-03-31
124,0.05942767020603279,-0.2802597932124465,0.4135699193018942,0.476,no2,M5: AugSynth Centro (Bel. dropped),AugSynth,2025w15,2025-04-07
125,-0.01797752399376451,-0.2998458447027154,0.2638907967151864,0.834,no2,M5: AugSynth Centro (Bel. dropped),AugSynth,2025w16,2025-04-14
126,-0.09168404629471905,-0.37355236700366995,0.19018427441423186,0.389,no2,M5: AugSynth Centro (Bel. dropped),AugSynth,2025w17,2025-04-21
127,0.09431108107453756,-0.17310245395703125,0.36172461610610634,0.363,no2,M5: AugSynth Centro (Bel. dropped),AugSynth,2025w18,2025-04-28
128,-0.10657130319227681,-0.3884396239012277,0.1752970175166741,0.338,no2,M5: AugSynth Centro (Bel. dropped),AugSynth,2025w19,2025-05-05
129,0.15381702696633015,-0.12805129374262075,0.43568534767528116,0.196,no2,M5: AugSynth Centro (Bel. dropped),AugSynth,2025w20,2025-05-12
130,0.002931835789359294,-0.2789364849195916,0.2848001564983102,0.974,no2,M5: AugSynth Centro (Bel. dropped),AugSynth,2025w21,2025-05-19
131,0.07138364209514769,-0.19602989293642112,0.3532519628040986,0.43,no2,M5: AugSynth Centro (Bel. dropped),AugSynth,2025w22,2025-05-26
132,0.016004692509151486,-0.2658636281997994,0.34123737025024864,0.838,no2,M5: AugSynth Centro (Bel. dropped),AugSynth,2025w23,2025-06-02
133,0.13226227221665932,-0.1496060484922916,0.4141305929256102,0.214,no2,M5: AugSynth Centro (Bel. dropped),AugSynth,2025w24,2025-06-09
134,-0.7526982100243811,-1.0056569593785678,-0.47082988931543013,0.015,no2,M5: AugSynth Centro (Bel. dropped),AugSynth,2025w25,2025-06-16
1,-0.04992644746272745,NA,NA,NA,no2,M5b: AugSynth Centro (Bel. in pool),AugSynth,2022w48,2022-11-28
2,0.20674976724057936,NA,NA,NA,no2,M5b: AugSynth Centro (Bel. in pool),AugSynth,2022w49,2022-12-05
3,-0.07224323405383037,NA,NA,NA,no2,M5b: AugSynth Centro (Bel. in pool),AugSynth,2022w50,2022-12-12
4,0.0817143419869506,NA,NA,NA,no2,M5b: AugSynth Centro (Bel. in pool),AugSynth,2022w51,2022-12-19
5,0.15469267025363242,NA,NA,NA,no2,M5b: AugSynth Centro (Bel. in pool),AugSynth,2022w52,2022-12-26
6,0.11102618904090322,NA,NA,NA,no2,M5b: AugSynth Centro (Bel. in pool),AugSynth,2023w01,2023-01-02
7,0.06895177514339235,NA,NA,NA,no2,M5b: AugSynth Centro (Bel. in pool),AugSynth,2023w02,2023-01-09
8,-0.019709904717563287,NA,NA,NA,no2,M5b: AugSynth Centro (Bel. in pool),AugSynth,2023w03,2023-01-16
9,-0.051966654096322173,NA,NA,NA,no2,M5b: AugSynth Centro (Bel. in pool),AugSynth,2023w04,2023-01-23
10,0.008761156339117893,NA,NA,NA,no2,M5b: AugSynth Centro (Bel. in pool),AugSynth,2023w05,2023-01-30
11,0.15370305219736524,NA,NA,NA,no2,M5b: AugSynth Centro (Bel. in pool),AugSynth,2023w06,2023-02-06
12,-0.005219889874774619,NA,NA,NA,no2,M5b: AugSynth Centro (Bel. in pool),AugSynth,2023w07,2023-02-13
13,0.011683079270684349,NA,NA,NA,no2,M5b: AugSynth Centro (Bel. in pool),AugSynth,2023w08,2023-02-20
14,-0.024857177684981746,NA,NA,NA,no2,M5b: AugSynth Centro (Bel. in pool),AugSynth,2023w09,2023-02-27
15,-0.0066494835942467745,NA,NA,NA,no2,M5b: AugSynth Centro (Bel. in pool),AugSynth,2023w10,2023-03-06
16,-0.021193998399737346,NA,NA,NA,no2,M5b: AugSynth Centro (Bel. in pool),AugSynth,2023w11,2023-03-13
17,-0.037102692513959035,NA,NA,NA,no2,M5b: AugSynth Centro (Bel. in pool),AugSynth,2023w12,2023-03-20
18,0.00452392386788647,NA,NA,NA,no2,M5b: AugSynth Centro (Bel. in pool),AugSynth,2023w13,2023-03-27
19,0.005765100707170845,NA,NA,NA,no2,M5b: AugSynth Centro (Bel. in pool),AugSynth,2023w14,2023-04-03
20,0.004165115445461609,NA,NA,NA,no2,M5b: AugSynth Centro (Bel. in pool),AugSynth,2023w15,2023-04-10
21,-0.12723672714029766,NA,NA,NA,no2,M5b: AugSynth Centro (Bel. in pool),AugSynth,2023w16,2023-04-17
22,-0.0149074986514246,NA,NA,NA,no2,M5b: AugSynth Centro (Bel. in pool),AugSynth,2023w17,2023-04-24
23,-0.11030200404113621,NA,NA,NA,no2,M5b: AugSynth Centro (Bel. in pool),AugSynth,2023w18,2023-05-01
24,-0.08632787594832925,NA,NA,NA,no2,M5b: AugSynth Centro (Bel. in pool),AugSynth,2023w19,2023-05-08
25,0.05156168299700781,NA,NA,NA,no2,M5b: AugSynth Centro (Bel. in pool),AugSynth,2023w20,2023-05-15
26,-0.00568841763509953,NA,NA,NA,no2,M5b: AugSynth Centro (Bel. in pool),AugSynth,2023w21,2023-05-22
27,0.029771258591426708,NA,NA,NA,no2,M5b: AugSynth Centro (Bel. in pool),AugSynth,2023w22,2023-05-29
28,0.06842227919831423,NA,NA,NA,no2,M5b: AugSynth Centro (Bel. in pool),AugSynth,2023w23,2023-06-05
29,0.1521073006049729,NA,NA,NA,no2,M5b: AugSynth Centro (Bel. in pool),AugSynth,2023w24,2023-06-12
30,0.19835751543752567,NA,NA,NA,no2,M5b: AugSynth Centro (Bel. in pool),AugSynth,2023w25,2023-06-19
31,0.12678658472077542,NA,NA,NA,no2,M5b: AugSynth Centro (Bel. in pool),AugSynth,2023w26,2023-06-26
32,0.23992723376270764,NA,NA,NA,no2,M5b: AugSynth Centro (Bel. in pool),AugSynth,2023w27,2023-07-03
33,0.0851903337436366,NA,NA,NA,no2,M5b: AugSynth Centro (Bel. in pool),AugSynth,2023w28,2023-07-10
34,-0.06925288069023816,NA,NA,NA,no2,M5b: AugSynth Centro (Bel. in pool),AugSynth,2023w29,2023-07-17
35,0.05794965889484205,NA,NA,NA,no2,M5b: AugSynth Centro (Bel. in pool),AugSynth,2023w30,2023-07-24
36,-0.07899506492486408,NA,NA,NA,no2,M5b: AugSynth Centro (Bel. in pool),AugSynth,2023w31,2023-07-31
37,-0.14776614300310786,NA,NA,NA,no2,M5b: AugSynth Centro (Bel. in pool),AugSynth,2023w32,2023-08-07
38,0.091276387525554,NA,NA,NA,no2,M5b: AugSynth Centro (Bel. in pool),AugSynth,2023w33,2023-08-14
39,0.08370785932742164,NA,NA,NA,no2,M5b: AugSynth Centro (Bel. in pool),AugSynth,2023w34,2023-08-21
40,-0.08582222268932771,NA,NA,NA,no2,M5b: AugSynth Centro (Bel. in pool),AugSynth,2023w35,2023-08-28
41,-0.12228733831752825,NA,NA,NA,no2,M5b: AugSynth Centro (Bel. in pool),AugSynth,2023w36,2023-09-04
42,-0.14400722497113572,NA,NA,NA,no2,M5b: AugSynth Centro (Bel. in pool),AugSynth,2023w37,2023-09-11
43,-0.05628771773701846,NA,NA,NA,no2,M5b: AugSynth Centro (Bel. in pool),AugSynth,2023w38,2023-09-18
44,-0.10718866942042471,NA,NA,NA,no2,M5b: AugSynth Centro (Bel. in pool),AugSynth,2023w39,2023-09-25
45,-0.04350333807737039,NA,NA,NA,no2,M5b: AugSynth Centro (Bel. in pool),AugSynth,2023w40,2023-10-02
46,0.018112764442422158,NA,NA,NA,no2,M5b: AugSynth Centro (Bel. in pool),AugSynth,2023w41,2023-10-09
47,0.12328293218315123,NA,NA,NA,no2,M5b: AugSynth Centro (Bel. in pool),AugSynth,2023w42,2023-10-16
48,-0.044272072602177914,NA,NA,NA,no2,M5b: AugSynth Centro (Bel. in pool),AugSynth,2023w43,2023-10-23
49,-0.04545772066944975,NA,NA,NA,no2,M5b: AugSynth Centro (Bel. in pool),AugSynth,2023w44,2023-10-30
50,0.005891388922163898,NA,NA,NA,no2,M5b: AugSynth Centro (Bel. in pool),AugSynth,2023w45,2023-11-06
51,0.05748595766986586,NA,NA,NA,no2,M5b: AugSynth Centro (Bel. in pool),AugSynth,2023w46,2023-11-13
52,-0.1937479670624196,NA,NA,NA,no2,M5b: AugSynth Centro (Bel. in pool),AugSynth,2023w47,2023-11-20
53,-0.016708477224451013,-0.2180468451109573,0.18462989066205526,0.818,no2,M5b: AugSynth Centro (Bel. in pool),AugSynth,2023w48,2023-11-27
54,-0.14433940487590036,-0.35656092778329884,0.06788211803149813,0.194,no2,M5b: AugSynth Centro (Bel. in pool),AugSynth,2023w49,2023-12-04
55,0.11951209974340182,-0.09270942316399666,0.3208504676299081,0.252,no2,M5b: AugSynth Centro (Bel. in pool),AugSynth,2023w50,2023-12-11
56,0.07016130655619124,-0.13117706133031504,0.2714996744426975,0.523,no2,M5b: AugSynth Centro (Bel. in pool),AugSynth,2023w51,2023-12-18
57,0.03677669732777478,-0.18632798060051595,0.24899822023517326,0.71,no2,M5b: AugSynth Centro (Bel. in pool),AugSynth,2023w52,2023-12-25
58,0.02766146792569879,-0.22809267506526862,0.23988299083309728,0.756,no2,M5b: AugSynth Centro (Bel. in pool),AugSynth,2024w01,2024-01-01
59,-0.02846300586444661,-0.2406845287718451,0.18375851704295187,0.755,no2,M5b: AugSynth Centro (Bel. in pool),AugSynth,2024w02,2024-01-08
60,-0.00878455238210707,-0.21012292026861334,0.1925538155043992,0.867,no2,M5b: AugSynth Centro (Bel. in pool),AugSynth,2024w03,2024-01-15
61,-0.0777668956312434,-0.2899884185386419,0.12357147225526288,0.437,no2,M5b: AugSynth Centro (Bel. in pool),AugSynth,2024w04,2024-01-22
62,-0.10721234119322132,-0.330317019121512,0.10500918171417717,0.336,no2,M5b: AugSynth Centro (Bel. in pool),AugSynth,2024w05,2024-01-29
63,-0.05752557365890132,-0.2588639415454076,0.14381279422760496,0.572,no2,M5b: AugSynth Centro (Bel. in pool),AugSynth,2024w06,2024-02-05
64,-0.1802800962240516,-0.3816184641105579,0.031941426683346874,0.088,no2,M5b: AugSynth Centro (Bel. in pool),AugSynth,2024w07,2024-02-12
65,-0.18570245672710683,-0.3870408246136131,0.02651906618029165,0.092,no2,M5b: AugSynth Centro (Bel. in pool),AugSynth,2024w08,2024-02-19
66,-0.049729070399818553,-0.26195059330721704,0.16249245250757993,0.657,no2,M5b: AugSynth Centro (Bel. in pool),AugSynth,2024w09,2024-02-26
67,-0.04060604707370308,-0.25282756998110156,0.1716154758336954,0.719,no2,M5b: AugSynth Centro (Bel. in pool),AugSynth,2024w10,2024-03-04
68,-0.15603051935558554,-0.368252042262984,0.056191003551812946,0.13,no2,M5b: AugSynth Centro (Bel. in pool),AugSynth,2024w11,2024-03-11
69,-0.04213915743148844,-0.26524383535977913,0.17008236547591005,0.707,no2,M5b: AugSynth Centro (Bel. in pool),AugSynth,2024w12,2024-03-18
70,0.007058127349431675,-0.22692970559975129,0.2410459602986147,0.965,no2,M5b: AugSynth Centro (Bel. in pool),AugSynth,2024w13,2024-03-25
71,-0.11296569516849253,-0.3360703730967832,0.09925582773890596,0.307,no2,M5b: AugSynth Centro (Bel. in pool),AugSynth,2024w14,2024-04-01
72,0.04713736494745202,-0.15420100293905425,0.2484757328339583,0.691,no2,M5b: AugSynth Centro (Bel. in pool),AugSynth,2024w15,2024-04-08
73,-0.10269886425864483,-0.3149203871660433,0.09863950362786145,0.343,no2,M5b: AugSynth Centro (Bel. in pool),AugSynth,2024w16,2024-04-15
74,-0.11318272805536367,-0.32540425096276215,0.10992194987292708,0.299,no2,M5b: AugSynth Centro (Bel. in pool),AugSynth,2024w17,2024-04-22
75,-0.0021342425680983546,-0.22523892049638908,0.21008728033930013,1,no2,M5b: AugSynth Centro (Bel. in pool),AugSynth,2024w18,2024-04-29
76,0.07567776255023029,-0.1365437603571682,0.27701613043673656,0.478,no2,M5b: AugSynth Centro (Bel. in pool),AugSynth,2024w19,2024-05-06
77,-0.08963024452210533,-0.3018517674295038,0.12259127838529316,0.393,no2,M5b: AugSynth Centro (Bel. in pool),AugSynth,2024w20,2024-05-13
78,0.02289575242672992,-0.17844261545977635,0.2351172753341284,0.759,no2,M5b: AugSynth Centro (Bel. in pool),AugSynth,2024w21,2024-05-20
79,0.015667451833657253,-0.19655407107374123,0.21700581972016353,0.829,no2,M5b: AugSynth Centro (Bel. in pool),AugSynth,2024w22,2024-05-27
80,-0.11148072566914546,-0.33458540359743616,0.10074079723825302,0.307,no2,M5b: AugSynth Centro (Bel. in pool),AugSynth,2024w23,2024-06-03
81,-0.11737324674870964,-0.3731273897396771,0.11661458620047338,0.317,no2,M5b: AugSynth Centro (Bel. in pool),AugSynth,2024w24,2024-06-10
82,-0.01901262414389926,-0.23123414705129774,0.23674151884706818,0.764,no2,M5b: AugSynth Centro (Bel. in pool),AugSynth,2024w25,2024-06-17
83,-0.08489724447872815,-0.30800192240701885,0.12732427842867033,0.443,no2,M5b: AugSynth Centro (Bel. in pool),AugSynth,2024w26,2024-06-24
84,-0.0895484394438566,-0.3126531173721473,0.12267308346354189,0.395,no2,M5b: AugSynth Centro (Bel. in pool),AugSynth,2024w27,2024-07-01
85,-0.027312528787476253,-0.22865089667398253,0.17402583909903002,0.731,no2,M5b: AugSynth Centro (Bel. in pool),AugSynth,2024w28,2024-07-08
86,-0.10734928296024426,-0.30868765084675054,0.10487223994715422,0.319,no2,M5b: AugSynth Centro (Bel. in pool),AugSynth,2024w29,2024-07-15
87,-0.006898057571846028,-0.23000273550013675,0.20532346533555246,0.878,no2,M5b: AugSynth Centro (Bel. in pool),AugSynth,2024w30,2024-07-22
88,0.03326417339935217,-0.2007236595498308,0.2672520063485352,0.721,no2,M5b: AugSynth Centro (Bel. in pool),AugSynth,2024w31,2024-07-29
89,0.024285102130088276,-0.1879364207773102,0.22562347001659455,0.762,no2,M5b: AugSynth Centro (Bel. in pool),AugSynth,2024w32,2024-08-05
90,-0.008527567250931067,-0.20986593513743734,0.1928108006355752,0.868,no2,M5b: AugSynth Centro (Bel. in pool),AugSynth,2024w33,2024-08-12
91,-0.07655110573111257,-0.28877262863851105,0.12478726215539371,0.456,no2,M5b: AugSynth Centro (Bel. in pool),AugSynth,2024w34,2024-08-19
92,0.00799760407348371,-0.20422391883391477,0.20933597195998999,0.868,no2,M5b: AugSynth Centro (Bel. in pool),AugSynth,2024w35,2024-08-26
93,-0.1735668488463018,-0.3749052167328081,0.027771519040204473,0.096,no2,M5b: AugSynth Centro (Bel. in pool),AugSynth,2024w36,2024-09-02
94,-0.11356653236564895,-0.33667121029393965,0.09865499054174953,0.306,no2,M5b: AugSynth Centro (Bel. in pool),AugSynth,2024w37,2024-09-09
95,-0.04506176887162994,-0.2464001367581362,0.15627659901487634,0.66,no2,M5b: AugSynth Centro (Bel. in pool),AugSynth,2024w38,2024-09-16
96,-0.16564225464423465,-0.37786377755163314,0.04657926826316383,0.083,no2,M5b: AugSynth Centro (Bel. in pool),AugSynth,2024w39,2024-09-23
97,-0.04684786411383168,-0.2699525420421224,0.1544905037726746,0.647,no2,M5b: AugSynth Centro (Bel. in pool),AugSynth,2024w40,2024-09-30
98,-0.07588970212561819,-0.28811122503301667,0.15809813082356483,0.428,no2,M5b: AugSynth Centro (Bel. in pool),AugSynth,2024w41,2024-10-07
99,-0.12708593058681616,-0.33930745349421465,0.08513559232058232,0.24,no2,M5b: AugSynth Centro (Bel. in pool),AugSynth,2024w42,2024-10-14
100,-0.18730296012666425,-0.39952448303406274,0.014035407759842022,0.085,no2,M5b: AugSynth Centro (Bel. in pool),AugSynth,2024w43,2024-10-21
101,-0.11395727066251338,-0.32617879356991186,0.0873810972239929,0.303,no2,M5b: AugSynth Centro (Bel. in pool),AugSynth,2024w44,2024-10-28
102,-0.05628717613572398,-0.25762554402223026,0.1450511917507823,0.616,no2,M5b: AugSynth Centro (Bel. in pool),AugSynth,2024w45,2024-11-04
103,-6.071196972721182e-4,-0.2019454875837784,0.21161440321012637,1,no2,M5b: AugSynth Centro (Bel. in pool),AugSynth,2024w46,2024-11-11
104,-0.13788999755751608,-0.35011152046491456,0.0634483703289902,0.178,no2,M5b: AugSynth Centro (Bel. in pool),AugSynth,2024w47,2024-11-18
105,-0.15108924120612466,-0.36331076411352314,0.06113228170127383,0.171,no2,M5b: AugSynth Centro (Bel. in pool),AugSynth,2024w48,2024-11-25
106,0.007815350555117728,-0.20440617235228076,0.24180318350430074,0.864,no2,M5b: AugSynth Centro (Bel. in pool),AugSynth,2024w49,2024-12-02
107,-0.03650886942967091,-0.2487303923370694,0.16482949845683537,0.724,no2,M5b: AugSynth Centro (Bel. in pool),AugSynth,2024w50,2024-12-09
108,-0.1316937949946233,-0.3330321628811296,0.06964457289188297,0.203,no2,M5b: AugSynth Centro (Bel. in pool),AugSynth,2024w51,2024-12-16
109,-0.012530471212285565,-0.25740145918236074,0.1888078966742207,0.817,no2,M5b: AugSynth Centro (Bel. in pool),AugSynth,2024w52,2024-12-23
110,0.0025089656744388122,-0.2205957122538519,0.2147304885818373,1,no2,M5b: AugSynth Centro (Bel. in pool),AugSynth,2025w01,2024-12-30
111,-0.140200926247386,-0.3524224491547845,0.07202059666001248,0.172,no2,M5b: AugSynth Centro (Bel. in pool),AugSynth,2025w02,2025-01-06
112,-0.09232321592078829,-0.3045447388281868,0.11989830698661019,0.34,no2,M5b: AugSynth Centro (Bel. in pool),AugSynth,2025w03,2025-01-13
113,-0.05543205229373527,-0.25677042018024154,0.145906315592771,0.582,no2,M5b: AugSynth Centro (Bel. in pool),AugSynth,2025w04,2025-01-20
114,0.030715918756893057,-0.17062244912961322,0.23205428664339933,0.728,no2,M5b: AugSynth Centro (Bel. in pool),AugSynth,2025w05,2025-01-27
115,0.05627488959975624,-0.16682978832853448,0.2684964125071547,0.596,no2,M5b: AugSynth Centro (Bel. in pool),AugSynth,2025w06,2025-02-03
116,-0.014806612356473625,-0.2270281352638721,0.19741491055092486,0.819,no2,M5b: AugSynth Centro (Bel. in pool),AugSynth,2025w07,2025-02-10
117,-6.715132201735585e-4,-0.21289303612757204,0.21155000968722493,1,no2,M5b: AugSynth Centro (Bel. in pool),AugSynth,2025w08,2025-02-17
118,0.03562090526170003,-0.19836692768748293,0.26960873821088305,0.697,no2,M5b: AugSynth Centro (Bel. in pool),AugSynth,2025w09,2025-02-24
119,-0.03163559266322702,-0.26562342561241,0.2132353953068482,0.754,no2,M5b: AugSynth Centro (Bel. in pool),AugSynth,2025w10,2025-03-03
120,-0.07910745477496794,-0.3130952877241509,0.1875298432368917,0.505,no2,M5b: AugSynth Centro (Bel. in pool),AugSynth,2025w11,2025-03-10
121,-0.11970864631843536,-0.3536964792676183,0.12516234165163986,0.317,no2,M5b: AugSynth Centro (Bel. in pool),AugSynth,2025w12,2025-03-17
122,-0.042915284982809165,-0.2986694279737766,0.20195570298726606,0.713,no2,M5b: AugSynth Centro (Bel. in pool),AugSynth,2025w13,2025-03-24
123,-0.1052866827175456,-0.3283913606458363,0.15046746027342184,0.35,no2,M5b: AugSynth Centro (Bel. in pool),AugSynth,2025w14,2025-03-31
124,-0.11316338233897172,-0.3253849052463702,0.10994129558931903,0.29,no2,M5b: AugSynth Centro (Bel. in pool),AugSynth,2025w15,2025-04-07
125,-0.13121533393614104,-0.34343685684353953,0.08100618897125744,0.236,no2,M5b: AugSynth Centro (Bel. in pool),AugSynth,2025w16,2025-04-14
126,-0.1503044674895726,-0.3625259903969711,0.051033900396933674,0.159,no2,M5b: AugSynth Centro (Bel. in pool),AugSynth,2025w17,2025-04-21
127,-0.12798215326776807,-0.34020367617516656,0.08423936963963041,0.256,no2,M5b: AugSynth Centro (Bel. in pool),AugSynth,2025w18,2025-04-28
128,-0.13900985339111394,-0.3403482212776202,0.07321166951628455,0.22,no2,M5b: AugSynth Centro (Bel. in pool),AugSynth,2025w19,2025-05-05
129,-0.0918464312194116,-0.3149511091477023,0.12037509168798688,0.378,no2,M5b: AugSynth Centro (Bel. in pool),AugSynth,2025w20,2025-05-12
130,-0.1817026035497995,-0.3830409714363058,0.030518919357598984,0.103,no2,M5b: AugSynth Centro (Bel. in pool),AugSynth,2025w21,2025-05-19
131,-0.11176432906816958,-0.32398585197556806,0.0895740388183367,0.291,no2,M5b: AugSynth Centro (Bel. in pool),AugSynth,2025w22,2025-05-26
132,-0.11832289991623801,-0.3305444228236365,0.08301546797026826,0.271,no2,M5b: AugSynth Centro (Bel. in pool),AugSynth,2025w23,2025-06-02
133,-0.14808562917156687,-0.37119030709985756,0.06413589373583162,0.192,no2,M5b: AugSynth Centro (Bel. in pool),AugSynth,2025w24,2025-06-09
134,-0.8504064266316504,-1.0517447945181566,-0.6490680587451442,0.023,no2,M5b: AugSynth Centro (Bel. in pool),AugSynth,2025w25,2025-06-16
1,0.06644726320827754,NA,NA,NA,no2,M6: AugSynth Belisario (Centro dropped),AugSynth,2022w48,2022-11-28
2,-0.11855755536055357,NA,NA,NA,no2,M6: AugSynth Belisario (Centro dropped),AugSynth,2022w49,2022-12-05
3,-0.07118369123269552,NA,NA,NA,no2,M6: AugSynth Belisario (Centro dropped),AugSynth,2022w50,2022-12-12
4,0.06940192502509213,NA,NA,NA,no2,M6: AugSynth Belisario (Centro dropped),AugSynth,2022w51,2022-12-19
5,-0.1071835115056099,NA,NA,NA,no2,M6: AugSynth Belisario (Centro dropped),AugSynth,2022w52,2022-12-26
6,-0.1543614672172442,NA,NA,NA,no2,M6: AugSynth Belisario (Centro dropped),AugSynth,2023w01,2023-01-02
7,-0.052558657564988565,NA,NA,NA,no2,M6: AugSynth Belisario (Centro dropped),AugSynth,2023w02,2023-01-09
8,2.6078628737424836e-4,NA,NA,NA,no2,M6: AugSynth Belisario (Centro dropped),AugSynth,2023w03,2023-01-16
9,-0.0971809662219778,NA,NA,NA,no2,M6: AugSynth Belisario (Centro dropped),AugSynth,2023w04,2023-01-23
10,0.10584911973489008,NA,NA,NA,no2,M6: AugSynth Belisario (Centro dropped),AugSynth,2023w05,2023-01-30
11,-0.022522051561523426,NA,NA,NA,no2,M6: AugSynth Belisario (Centro dropped),AugSynth,2023w06,2023-02-06
12,0.1007838772508256,NA,NA,NA,no2,M6: AugSynth Belisario (Centro dropped),AugSynth,2023w07,2023-02-13
13,0.024973197724066143,NA,NA,NA,no2,M6: AugSynth Belisario (Centro dropped),AugSynth,2023w08,2023-02-20
14,0.10415657341421003,NA,NA,NA,no2,M6: AugSynth Belisario (Centro dropped),AugSynth,2023w09,2023-02-27
15,0.07268559291238308,NA,NA,NA,no2,M6: AugSynth Belisario (Centro dropped),AugSynth,2023w10,2023-03-06
16,-0.08087355850587175,NA,NA,NA,no2,M6: AugSynth Belisario (Centro dropped),AugSynth,2023w11,2023-03-13
17,0.040206719721526785,NA,NA,NA,no2,M6: AugSynth Belisario (Centro dropped),AugSynth,2023w12,2023-03-20
18,0.03251279666078988,NA,NA,NA,no2,M6: AugSynth Belisario (Centro dropped),AugSynth,2023w13,2023-03-27
19,-0.02051469050249377,NA,NA,NA,no2,M6: AugSynth Belisario (Centro dropped),AugSynth,2023w14,2023-04-03
20,0.10550600354639528,NA,NA,NA,no2,M6: AugSynth Belisario (Centro dropped),AugSynth,2023w15,2023-04-10
21,0.10476422519578277,NA,NA,NA,no2,M6: AugSynth Belisario (Centro dropped),AugSynth,2023w16,2023-04-17
22,0.059194728377253814,NA,NA,NA,no2,M6: AugSynth Belisario (Centro dropped),AugSynth,2023w17,2023-04-24
23,-0.04988723100894532,NA,NA,NA,no2,M6: AugSynth Belisario (Centro dropped),AugSynth,2023w18,2023-05-01
24,-0.12789197163935961,NA,NA,NA,no2,M6: AugSynth Belisario (Centro dropped),AugSynth,2023w19,2023-05-08
25,0.09829814111282387,NA,NA,NA,no2,M6: AugSynth Belisario (Centro dropped),AugSynth,2023w20,2023-05-15
26,0.05949793792193958,NA,NA,NA,no2,M6: AugSynth Belisario (Centro dropped),AugSynth,2023w21,2023-05-22
27,-0.0358047015909273,NA,NA,NA,no2,M6: AugSynth Belisario (Centro dropped),AugSynth,2023w22,2023-05-29
28,-0.08007053065262149,NA,NA,NA,no2,M6: AugSynth Belisario (Centro dropped),AugSynth,2023w23,2023-06-05
29,-0.22104566703170958,NA,NA,NA,no2,M6: AugSynth Belisario (Centro dropped),AugSynth,2023w24,2023-06-12
30,-0.06010816715548062,NA,NA,NA,no2,M6: AugSynth Belisario (Centro dropped),AugSynth,2023w25,2023-06-19
31,-0.12814969122150766,NA,NA,NA,no2,M6: AugSynth Belisario (Centro dropped),AugSynth,2023w26,2023-06-26
32,0.060955015304851035,NA,NA,NA,no2,M6: AugSynth Belisario (Centro dropped),AugSynth,2023w27,2023-07-03
33,0.0017631480021269574,NA,NA,NA,no2,M6: AugSynth Belisario (Centro dropped),AugSynth,2023w28,2023-07-10
34,-0.10576786656942883,NA,NA,NA,no2,M6: AugSynth Belisario (Centro dropped),AugSynth,2023w29,2023-07-17
35,0.07369179154988137,NA,NA,NA,no2,M6: AugSynth Belisario (Centro dropped),AugSynth,2023w30,2023-07-24
36,0.057609289752875714,NA,NA,NA,no2,M6: AugSynth Belisario (Centro dropped),AugSynth,2023w31,2023-07-31
37,-0.06983539292146057,NA,NA,NA,no2,M6: AugSynth Belisario (Centro dropped),AugSynth,2023w32,2023-08-07
38,0.3991734724826239,NA,NA,NA,no2,M6: AugSynth Belisario (Centro dropped),AugSynth,2023w33,2023-08-14
39,0.24400866460498927,NA,NA,NA,no2,M6: AugSynth Belisario (Centro dropped),AugSynth,2023w34,2023-08-21
40,0.18085934965244688,NA,NA,NA,no2,M6: AugSynth Belisario (Centro dropped),AugSynth,2023w35,2023-08-28
41,0.14415902428391814,NA,NA,NA,no2,M6: AugSynth Belisario (Centro dropped),AugSynth,2023w36,2023-09-04
42,0.022730738302298548,NA,NA,NA,no2,M6: AugSynth Belisario (Centro dropped),AugSynth,2023w37,2023-09-11
43,-0.18993177697522823,NA,NA,NA,no2,M6: AugSynth Belisario (Centro dropped),AugSynth,2023w38,2023-09-18
44,0.09045220589930247,NA,NA,NA,no2,M6: AugSynth Belisario (Centro dropped),AugSynth,2023w39,2023-09-25
45,0.09034772348723719,NA,NA,NA,no2,M6: AugSynth Belisario (Centro dropped),AugSynth,2023w40,2023-10-02
46,0.013291537193565794,NA,NA,NA,no2,M6: AugSynth Belisario (Centro dropped),AugSynth,2023w41,2023-10-09
47,0.039476204121316805,NA,NA,NA,no2,M6: AugSynth Belisario (Centro dropped),AugSynth,2023w42,2023-10-16
48,0.055341499361784674,NA,NA,NA,no2,M6: AugSynth Belisario (Centro dropped),AugSynth,2023w43,2023-10-23
49,0.07166472315101435,NA,NA,NA,no2,M6: AugSynth Belisario (Centro dropped),AugSynth,2023w44,2023-10-30
50,0.06522664254085253,NA,NA,NA,no2,M6: AugSynth Belisario (Centro dropped),AugSynth,2023w45,2023-11-06
51,0.24672678373525603,NA,NA,NA,no2,M6: AugSynth Belisario (Centro dropped),AugSynth,2023w46,2023-11-13
52,0.19624486705951982,NA,NA,NA,no2,M6: AugSynth Belisario (Centro dropped),AugSynth,2023w47,2023-11-20
53,0.1284136807978622,-0.11237597930478746,0.3847381576813279,0.226,no2,M6: AugSynth Belisario (Centro dropped),AugSynth,2023w48,2023-11-27
54,0.2170360455354814,-0.023753614567168263,0.5821042398846599,0.106,no2,M6: AugSynth Belisario (Centro dropped),AugSynth,2023w49,2023-12-04
55,0.09463541660913455,-0.1461542434935151,0.33542507671178423,0.396,no2,M6: AugSynth Belisario (Centro dropped),AugSynth,2023w50,2023-12-11
56,0.11015354026821855,-0.1306361198344311,0.35094320037086824,0.286,no2,M6: AugSynth Belisario (Centro dropped),AugSynth,2023w51,2023-12-18
57,0.25016069439427024,0,0.506485171277736,0.056,no2,M6: AugSynth Belisario (Centro dropped),AugSynth,2023w52,2023-12-25
58,0.32805881050094365,0.087269150398294,0.5688484706035933,0.039,no2,M6: AugSynth Belisario (Centro dropped),AugSynth,2024w01,2024-01-01
59,0.16441906198841183,-0.07637059811423783,0.4052087220910615,0.166,no2,M6: AugSynth Belisario (Centro dropped),AugSynth,2024w02,2024-01-08
60,-0.0036102805963511564,-0.2443999406990008,0.28378382984874684,0.96,no2,M6: AugSynth Belisario (Centro dropped),AugSynth,2024w03,2024-01-15
61,0.0845625927892737,-0.15622706731337596,0.3408870696727394,0.508,no2,M6: AugSynth Belisario (Centro dropped),AugSynth,2024w04,2024-01-22
62,0.24578589917632598,-0.11928229517285252,0.5953192767446883,0.079,no2,M6: AugSynth Belisario (Centro dropped),AugSynth,2024w05,2024-01-29
63,0.06328432621867375,-0.23964460100724033,0.31960880310213946,0.692,no2,M6: AugSynth Belisario (Centro dropped),AugSynth,2024w06,2024-02-05
64,0.08214081804200468,-0.29846219308798994,0.3384652949254704,0.484,no2,M6: AugSynth Belisario (Centro dropped),AugSynth,2024w07,2024-02-12
65,0.1384495879338017,-0.11787488894966408,0.472448148721348,0.197,no2,M6: AugSynth Belisario (Centro dropped),AugSynth,2024w08,2024-02-19
66,0.17765950111969087,-0.15633905966785544,0.4339839780031566,0.163,no2,M6: AugSynth Belisario (Centro dropped),AugSynth,2024w09,2024-02-26
67,0.1375861131481222,-0.10320354695452746,0.4405150403740362,0.184,no2,M6: AugSynth Belisario (Centro dropped),AugSynth,2024w10,2024-03-04
68,0.13421132474366404,-0.10657833535898562,0.39053580162712975,0.243,no2,M6: AugSynth Belisario (Centro dropped),AugSynth,2024w11,2024-03-11
69,0.2380241841510209,-0.0027654759516287652,0.4788138442536706,0.077,no2,M6: AugSynth Belisario (Centro dropped),AugSynth,2024w12,2024-03-18
70,0.3297663010463312,0.08897664094368155,0.5705559611489809,0.041,no2,M6: AugSynth Belisario (Centro dropped),AugSynth,2024w13,2024-03-25
71,0.2675953428362301,-0.004263950828051782,0.5083850029388798,0.039,no2,M6: AugSynth Belisario (Centro dropped),AugSynth,2024w14,2024-04-01
72,0.09877519268076318,-0.14201446742188648,0.33956485278341286,0.372,no2,M6: AugSynth Belisario (Centro dropped),AugSynth,2024w15,2024-04-08
73,0.13225953769441823,-0.10853012240823143,0.3730491977970679,0.228,no2,M6: AugSynth Belisario (Centro dropped),AugSynth,2024w16,2024-04-15
74,0.24225396097989638,0,0.48304362108254606,0.057,no2,M6: AugSynth Belisario (Centro dropped),AugSynth,2024w17,2024-04-22
75,0.274065114751175,0.033275454648525354,0.5148547748538247,0.032,no2,M6: AugSynth Belisario (Centro dropped),AugSynth,2024w18,2024-04-29
76,0.12797955684650253,-0.11281010325614713,0.4464433008532327,0.22,no2,M6: AugSynth Belisario (Centro dropped),AugSynth,2024w19,2024-05-06
77,0.18750251639674254,-0.11542641082917154,0.4282921764993922,0.135,no2,M6: AugSynth Belisario (Centro dropped),AugSynth,2024w20,2024-05-13
78,0.171963602930302,-0.06882605717234766,0.5059621637178483,0.151,no2,M6: AugSynth Belisario (Centro dropped),AugSynth,2024w21,2024-05-20
79,0.23603733058863208,-0.004752329514017578,0.47682699069128176,0.075,no2,M6: AugSynth Belisario (Centro dropped),AugSynth,2024w22,2024-05-27
80,0.3092413403519463,-0.07136167077804834,0.550031000454596,0.031,no2,M6: AugSynth Belisario (Centro dropped),AugSynth,2024w23,2024-06-03
81,0.4374291716139518,0.18110469473048602,0.6782188317166015,0.022,no2,M6: AugSynth Belisario (Centro dropped),AugSynth,2024w24,2024-06-10
82,0.21557111659179995,-0.025218543510849706,0.45636077669444963,0.103,no2,M6: AugSynth Belisario (Centro dropped),AugSynth,2024w25,2024-06-17
83,0.26998608969019955,-0.03294283753571453,0.5884498336969297,0.046,no2,M6: AugSynth Belisario (Centro dropped),AugSynth,2024w26,2024-06-24
84,0.2072574546325101,-0.03353220547013955,0.4480471147351598,0.086,no2,M6: AugSynth Belisario (Centro dropped),AugSynth,2024w27,2024-07-01
85,0.06407946641820716,-0.1767101936844425,0.30486912652085685,0.637,no2,M6: AugSynth Belisario (Centro dropped),AugSynth,2024w28,2024-07-08
86,0.012852177258817488,-0.3366812003095449,0.2691766541422832,0.967,no2,M6: AugSynth Belisario (Centro dropped),AugSynth,2024w29,2024-07-15
87,0.21626008724687207,-0.024529572855777587,0.5347238312536022,0.086,no2,M6: AugSynth Belisario (Centro dropped),AugSynth,2024w30,2024-07-22
88,0.3399630195527674,0.09917335945011777,0.5807526796554171,0.033,no2,M6: AugSynth Belisario (Centro dropped),AugSynth,2024w31,2024-07-29
89,0.20264470645169697,-0.03814495365095269,0.44343436655434665,0.087,no2,M6: AugSynth Belisario (Centro dropped),AugSynth,2024w32,2024-08-05
90,0.07202303227155626,-0.1687666278310934,0.31281269237420595,0.568,no2,M6: AugSynth Belisario (Centro dropped),AugSynth,2024w33,2024-08-12
91,0.12035881158861761,-0.12043084851403205,0.3611484716912673,0.257,no2,M6: AugSynth Belisario (Centro dropped),AugSynth,2024w34,2024-08-19
92,0.13717914927142782,-0.10361051083122183,0.3779688093740775,0.181,no2,M6: AugSynth Belisario (Centro dropped),AugSynth,2024w35,2024-08-26
93,0.06009698367558025,-0.1806926764270694,0.30088664377822993,0.69,no2,M6: AugSynth Belisario (Centro dropped),AugSynth,2024w36,2024-09-02
94,0.1660407335284253,-0.07474892657422436,0.422365210411891,0.166,no2,M6: AugSynth Belisario (Centro dropped),AugSynth,2024w37,2024-09-09
95,0.015698568941759916,-0.3338348086266025,0.31862749616767394,0.94,no2,M6: AugSynth Belisario (Centro dropped),AugSynth,2024w38,2024-09-16
96,-0.08263880009037239,-0.33896327697383816,0.17368567679309332,0.459,no2,M6: AugSynth Belisario (Centro dropped),AugSynth,2024w39,2024-09-23
97,0.11175030688920495,-0.1290393532134447,0.35253996699185464,0.24,no2,M6: AugSynth Belisario (Centro dropped),AugSynth,2024w40,2024-09-30
98,0.10613047068098513,-0.13465918942166452,0.3469201307836348,0.305,no2,M6: AugSynth Belisario (Centro dropped),AugSynth,2024w41,2024-10-07
99,0.13939901492956697,-0.1169254619538988,0.3957234918130327,0.203,no2,M6: AugSynth Belisario (Centro dropped),AugSynth,2024w42,2024-10-14
100,0.12127989967399033,-0.11950976042865932,0.37760437655745605,0.254,no2,M6: AugSynth Belisario (Centro dropped),AugSynth,2024w43,2024-10-21
101,-0.0037736498927980477,-0.2600981267762638,0.25255082699066767,0.964,no2,M6: AugSynth Belisario (Centro dropped),AugSynth,2024w44,2024-10-28
102,-0.03135742059424773,-0.2876818974777135,0.20943223950840195,0.858,no2,M6: AugSynth Belisario (Centro dropped),AugSynth,2024w45,2024-11-04
103,-0.10360338785502687,-0.45313676542338927,0.1371862722476228,0.388,no2,M6: AugSynth Belisario (Centro dropped),AugSynth,2024w46,2024-11-11
104,0.20732307551902274,-0.15774511883015577,0.4481127356216724,0.089,no2,M6: AugSynth Belisario (Centro dropped),AugSynth,2024w47,2024-11-18
105,0.2320704851785087,-0.008719174924140954,0.566069045966055,0.102,no2,M6: AugSynth Belisario (Centro dropped),AugSynth,2024w48,2024-11-25
106,0.19102680638057556,-0.04976285372207409,0.5405601839489379,0.115,no2,M6: AugSynth Belisario (Centro dropped),AugSynth,2024w49,2024-12-02
107,0.2510706237663083,-0.12953238736368633,0.49186028386895797,0.04,no2,M6: AugSynth Belisario (Centro dropped),AugSynth,2024w50,2024-12-09
108,0.18400500286356936,-0.0567846572390803,0.42479466296621904,0.128,no2,M6: AugSynth Belisario (Centro dropped),AugSynth,2024w51,2024-12-16
109,0.19907663173533585,-0.18152637939465877,0.43986629183798553,0.077,no2,M6: AugSynth Belisario (Centro dropped),AugSynth,2024w52,2024-12-23
110,0.2393215594037872,-0.09467700138375912,0.4956460362872529,0.087,no2,M6: AugSynth Belisario (Centro dropped),AugSynth,2025w01,2024-12-30
111,0.14589991009062597,-0.1104245667928398,0.4022243869740917,0.193,no2,M6: AugSynth Belisario (Centro dropped),AugSynth,2025w02,2025-01-06
112,0.22003535874498548,-0.02075430135766418,0.46082501884763516,0.089,no2,M6: AugSynth Belisario (Centro dropped),AugSynth,2025w03,2025-01-13
113,0.04580967452494189,-0.2571192527009722,0.41087786887412037,0.806,no2,M6: AugSynth Belisario (Centro dropped),AugSynth,2025w04,2025-01-20
114,0.178546870875389,-0.06224278922726065,0.4193365309780387,0.158,no2,M6: AugSynth Belisario (Centro dropped),AugSynth,2025w05,2025-01-27
115,0.29132096570013477,0.050531305597485116,0.5321106258027845,0.039,no2,M6: AugSynth Belisario (Centro dropped),AugSynth,2025w06,2025-02-03
116,0.10848408949106858,-0.1633752041732133,0.3648085663745343,0.39,no2,M6: AugSynth Belisario (Centro dropped),AugSynth,2025w07,2025-02-10
117,0.07936901097903748,-0.1924902826852444,0.4599720221090321,0.553,no2,M6: AugSynth Belisario (Centro dropped),AugSynth,2025w08,2025-02-17
118,0.2956084313429179,-0.03839012944462838,0.6296069921304642,0.091,no2,M6: AugSynth Belisario (Centro dropped),AugSynth,2025w09,2025-02-24
119,0.258989016674287,-0.10607917767489153,0.6240572110234655,0.155,no2,M6: AugSynth Belisario (Centro dropped),AugSynth,2025w10,2025-03-03
120,0.21274033358826117,-0.16786267754173345,0.5933433447182558,0.193,no2,M6: AugSynth Belisario (Centro dropped),AugSynth,2025w11,2025-03-10
121,0.15391104402209566,-0.22669196710789896,0.5189792383712741,0.285,no2,M6: AugSynth Belisario (Centro dropped),AugSynth,2025w12,2025-03-17
122,0.2711423555854924,-0.07839102198287003,0.651745366715487,0.118,no2,M6: AugSynth Belisario (Centro dropped),AugSynth,2025w13,2025-03-24
123,0.17601006914783524,-0.18905812520134327,0.5566130802778299,0.226,no2,M6: AugSynth Belisario (Centro dropped),AugSynth,2025w14,2025-03-31
124,0.019870237394392642,-0.26752387305070535,0.30726434783949064,0.928,no2,M6: AugSynth Belisario (Centro dropped),AugSynth,2025w15,2025-04-07
125,0.16707997239231398,-0.07370968771033568,0.4234044492757797,0.154,no2,M6: AugSynth Belisario (Centro dropped),AugSynth,2025w16,2025-04-14
126,0.09886311849604246,-0.25067025907231993,0.33965277859869214,0.395,no2,M6: AugSynth Belisario (Centro dropped),AugSynth,2025w17,2025-04-21
127,0.23703284242588385,-0.01929163445758192,0.47782250252853353,0.068,no2,M6: AugSynth Belisario (Centro dropped),AugSynth,2025w18,2025-04-28
128,-0.017641696760578363,-0.27396617364404413,0.2542175969037035,0.939,no2,M6: AugSynth Belisario (Centro dropped),AugSynth,2025w19,2025-05-05
129,0.2713167338249831,0.03052707372233346,0.6519197449549777,0.036,no2,M6: AugSynth Belisario (Centro dropped),AugSynth,2025w20,2025-05-12
130,0.16692899957395602,-0.1981391947752225,0.42325347645742173,0.142,no2,M6: AugSynth Belisario (Centro dropped),AugSynth,2025w21,2025-05-19
131,0.171796894788395,-0.06899276531425466,0.459191005233493,0.165,no2,M6: AugSynth Belisario (Centro dropped),AugSynth,2025w22,2025-05-26
132,0.10318622525671861,-0.21527751875001158,0.3439758853593683,0.394,no2,M6: AugSynth Belisario (Centro dropped),AugSynth,2025w23,2025-06-02
133,0.28584909706601414,0.029524620182548367,0.5266387571686638,0.036,no2,M6: AugSynth Belisario (Centro dropped),AugSynth,2025w24,2025-06-09
134,0.06226306430857065,-0.178526595794079,0.30305272441122033,0.698,no2,M6: AugSynth Belisario (Centro dropped),AugSynth,2025w25,2025-06-16
1,0.028311626457082628,NA,NA,NA,no2,M7: AugSynth_FE Centro+Belisario,AugSynth_FE,2022w48,2022-11-28
2,-0.08528447020713603,NA,NA,NA,no2,M7: AugSynth_FE Centro+Belisario,AugSynth_FE,2022w49,2022-12-05
3,-0.047470880579028485,NA,NA,NA,no2,M7: AugSynth_FE Centro+Belisario,AugSynth_FE,2022w50,2022-12-12
4,0.12495724040221301,NA,NA,NA,no2,M7: AugSynth_FE Centro+Belisario,AugSynth_FE,2022w51,2022-12-19
5,-0.09574673838287584,NA,NA,NA,no2,M7: AugSynth_FE Centro+Belisario,AugSynth_FE,2022w52,2022-12-26
6,-0.10916643012132665,NA,NA,NA,no2,M7: AugSynth_FE Centro+Belisario,AugSynth_FE,2023w01,2023-01-02
7,-0.0505071417804297,NA,NA,NA,no2,M7: AugSynth_FE Centro+Belisario,AugSynth_FE,2023w02,2023-01-09
8,-0.08683544902080831,NA,NA,NA,no2,M7: AugSynth_FE Centro+Belisario,AugSynth_FE,2023w03,2023-01-16
9,-0.13475899066189667,NA,NA,NA,no2,M7: AugSynth_FE Centro+Belisario,AugSynth_FE,2023w04,2023-01-23
10,-0.020776998512421763,NA,NA,NA,no2,M7: AugSynth_FE Centro+Belisario,AugSynth_FE,2023w05,2023-01-30
11,-0.03390984064585156,NA,NA,NA,no2,M7: AugSynth_FE Centro+Belisario,AugSynth_FE,2023w06,2023-02-06
12,-6.560946968954262e-4,NA,NA,NA,no2,M7: AugSynth_FE Centro+Belisario,AugSynth_FE,2023w07,2023-02-13
13,-0.09373549302639006,NA,NA,NA,no2,M7: AugSynth_FE Centro+Belisario,AugSynth_FE,2023w08,2023-02-20
14,0.027601729920994522,NA,NA,NA,no2,M7: AugSynth_FE Centro+Belisario,AugSynth_FE,2023w09,2023-02-27
15,0.04856611164516611,NA,NA,NA,no2,M7: AugSynth_FE Centro+Belisario,AugSynth_FE,2023w10,2023-03-06
16,-0.1080079056208274,NA,NA,NA,no2,M7: AugSynth_FE Centro+Belisario,AugSynth_FE,2023w11,2023-03-13
17,0.008790542347211883,NA,NA,NA,no2,M7: AugSynth_FE Centro+Belisario,AugSynth_FE,2023w12,2023-03-20
18,0.015864838246202773,NA,NA,NA,no2,M7: AugSynth_FE Centro+Belisario,AugSynth_FE,2023w13,2023-03-27
19,0.03746016892371351,NA,NA,NA,no2,M7: AugSynth_FE Centro+Belisario,AugSynth_FE,2023w14,2023-04-03
20,0.020764135934318695,NA,NA,NA,no2,M7: AugSynth_FE Centro+Belisario,AugSynth_FE,2023w15,2023-04-10
21,0.05095745289125597,NA,NA,NA,no2,M7: AugSynth_FE Centro+Belisario,AugSynth_FE,2023w16,2023-04-17
22,-0.0065786062231008025,NA,NA,NA,no2,M7: AugSynth_FE Centro+Belisario,AugSynth_FE,2023w17,2023-04-24
23,-0.13278378429022109,NA,NA,NA,no2,M7: AugSynth_FE Centro+Belisario,AugSynth_FE,2023w18,2023-05-01
24,-0.07958054925249725,NA,NA,NA,no2,M7: AugSynth_FE Centro+Belisario,AugSynth_FE,2023w19,2023-05-08
25,0.14084875905709815,NA,NA,NA,no2,M7: AugSynth_FE Centro+Belisario,AugSynth_FE,2023w20,2023-05-15
26,0.07001672768600065,NA,NA,NA,no2,M7: AugSynth_FE Centro+Belisario,AugSynth_FE,2023w21,2023-05-22
27,-0.05367156257628336,NA,NA,NA,no2,M7: AugSynth_FE Centro+Belisario,AugSynth_FE,2023w22,2023-05-29
28,0.09680219756260344,NA,NA,NA,no2,M7: AugSynth_FE Centro+Belisario,AugSynth_FE,2023w23,2023-06-05
29,-0.012955764931879443,NA,NA,NA,no2,M7: AugSynth_FE Centro+Belisario,AugSynth_FE,2023w24,2023-06-12
30,0.08068118320410145,NA,NA,NA,no2,M7: AugSynth_FE Centro+Belisario,AugSynth_FE,2023w25,2023-06-19
31,0.010160448729733318,NA,NA,NA,no2,M7: AugSynth_FE Centro+Belisario,AugSynth_FE,2023w26,2023-06-26
32,0.07787283403239398,NA,NA,NA,no2,M7: AugSynth_FE Centro+Belisario,AugSynth_FE,2023w27,2023-07-03
33,-0.0023965277162463217,NA,NA,NA,no2,M7: AugSynth_FE Centro+Belisario,AugSynth_FE,2023w28,2023-07-10
34,0.006647093837235829,NA,NA,NA,no2,M7: AugSynth_FE Centro+Belisario,AugSynth_FE,2023w29,2023-07-17
35,0.013722670702414508,NA,NA,NA,no2,M7: AugSynth_FE Centro+Belisario,AugSynth_FE,2023w30,2023-07-24
36,0.031127664591083626,NA,NA,NA,no2,M7: AugSynth_FE Centro+Belisario,AugSynth_FE,2023w31,2023-07-31
37,-0.1706397423541799,NA,NA,NA,no2,M7: AugSynth_FE Centro+Belisario,AugSynth_FE,2023w32,2023-08-07
38,0.22952214215117372,NA,NA,NA,no2,M7: AugSynth_FE Centro+Belisario,AugSynth_FE,2023w33,2023-08-14
39,0.10054010367986121,NA,NA,NA,no2,M7: AugSynth_FE Centro+Belisario,AugSynth_FE,2023w34,2023-08-21
40,0.034293045137107736,NA,NA,NA,no2,M7: AugSynth_FE Centro+Belisario,AugSynth_FE,2023w35,2023-08-28
41,-0.06763112414913097,NA,NA,NA,no2,M7: AugSynth_FE Centro+Belisario,AugSynth_FE,2023w36,2023-09-04
42,-0.08599884089463394,NA,NA,NA,no2,M7: AugSynth_FE Centro+Belisario,AugSynth_FE,2023w37,2023-09-11
43,-0.06184715507102423,NA,NA,NA,no2,M7: AugSynth_FE Centro+Belisario,AugSynth_FE,2023w38,2023-09-18
44,0.006278959641064841,NA,NA,NA,no2,M7: AugSynth_FE Centro+Belisario,AugSynth_FE,2023w39,2023-09-25
45,0.03925617932554459,NA,NA,NA,no2,M7: AugSynth_FE Centro+Belisario,AugSynth_FE,2023w40,2023-10-02
46,-0.019204027852029792,NA,NA,NA,no2,M7: AugSynth_FE Centro+Belisario,AugSynth_FE,2023w41,2023-10-09
47,0.026834128502240873,NA,NA,NA,no2,M7: AugSynth_FE Centro+Belisario,AugSynth_FE,2023w42,2023-10-16
48,0.02833175931663634,NA,NA,NA,no2,M7: AugSynth_FE Centro+Belisario,AugSynth_FE,2023w43,2023-10-23
49,-0.05550618084228098,NA,NA,NA,no2,M7: AugSynth_FE Centro+Belisario,AugSynth_FE,2023w44,2023-10-30
50,0.020049200140876966,NA,NA,NA,no2,M7: AugSynth_FE Centro+Belisario,AugSynth_FE,2023w45,2023-11-06
51,0.15025236560783783,NA,NA,NA,no2,M7: AugSynth_FE Centro+Belisario,AugSynth_FE,2023w46,2023-11-13
52,0.08913898973623624,NA,NA,NA,no2,M7: AugSynth_FE Centro+Belisario,AugSynth_FE,2023w47,2023-11-20
53,0.009058032448297837,-0.1809521403451919,0.2481030885433333,0.904,no2,M7: AugSynth_FE Centro+Belisario,AugSynth_FE,2023w48,2023-11-27
54,0.10336786407387866,-0.07438358789422464,0.26886059521659555,0.173,no2,M7: AugSynth_FE Centro+Belisario,AugSynth_FE,2023w49,2023-12-04
55,0.016894936910316183,-0.16085651505778711,0.20690510970380593,0.833,no2,M7: AugSynth_FE Centro+Belisario,AugSynth_FE,2023w50,2023-12-11
56,0.05878681384862139,-0.11896463811948191,0.2242795449913383,0.504,no2,M7: AugSynth_FE Centro+Belisario,AugSynth_FE,2023w51,2023-12-18
57,0.10405162141879698,-0.07369983054930632,0.2818030733869003,0.234,no2,M7: AugSynth_FE Centro+Belisario,AugSynth_FE,2023w52,2023-12-25
58,0.13525673406207384,-0.04249471790602946,0.31300818603017716,0.17,no2,M7: AugSynth_FE Centro+Belisario,AugSynth_FE,2024w01,2024-01-01
59,0.005926998518464455,-0.17182445344963884,0.28174821708965925,0.957,no2,M7: AugSynth_FE Centro+Belisario,AugSynth_FE,2024w02,2024-01-08
60,-0.09792881857773228,-0.27568027054583555,0.06756391256498462,0.225,no2,M7: AugSynth_FE Centro+Belisario,AugSynth_FE,2024w03,2024-01-15
61,0.07399451369885135,-0.10375693826925195,0.30078084896850044,0.386,no2,M7: AugSynth_FE Centro+Belisario,AugSynth_FE,2024w04,2024-01-22
62,0.04982768627898526,-0.12792376568911804,0.21532041742170216,0.58,no2,M7: AugSynth_FE Centro+Belisario,AugSynth_FE,2024w05,2024-01-29
63,0.0549438809354208,-0.1228075710326825,0.2204366120781377,0.484,no2,M7: AugSynth_FE Centro+Belisario,AugSynth_FE,2024w06,2024-02-05
64,0.01592927344375683,-0.16182217852434647,0.19368072541186016,0.837,no2,M7: AugSynth_FE Centro+Belisario,AugSynth_FE,2024w07,2024-02-12
65,-0.027859000298914083,-0.20561045226701738,0.14989245166918924,0.726,no2,M7: AugSynth_FE Centro+Belisario,AugSynth_FE,2024w08,2024-02-19
66,0.013021369969051566,-0.16473008199905173,0.1907728219371549,0.85,no2,M7: AugSynth_FE Centro+Belisario,AugSynth_FE,2024w09,2024-02-26
67,-0.022577705123148384,-0.20032915709125168,0.15517374684495494,0.742,no2,M7: AugSynth_FE Centro+Belisario,AugSynth_FE,2024w10,2024-03-04
68,0.0555886586930221,-0.1221627932750812,0.221081389835739,0.503,no2,M7: AugSynth_FE Centro+Belisario,AugSynth_FE,2024w11,2024-03-11
69,-0.03930158821201779,-0.22931176100550751,0.15070858458147196,0.636,no2,M7: AugSynth_FE Centro+Belisario,AugSynth_FE,2024w12,2024-03-18
70,0.011073603661193143,-0.20345401078306946,0.21334249728006938,0.898,no2,M7: AugSynth_FE Centro+Belisario,AugSynth_FE,2024w13,2024-03-25
71,-0.04086928119292743,-0.2431381748118036,0.1613996124259488,0.61,no2,M7: AugSynth_FE Centro+Belisario,AugSynth_FE,2024w14,2024-04-01
72,-0.0848327355860099,-0.27484290837949965,0.080659995556707,0.401,no2,M7: AugSynth_FE Centro+Belisario,AugSynth_FE,2024w15,2024-04-08
73,-0.03906914381405535,-0.21682059578215865,0.16319974980482088,0.608,no2,M7: AugSynth_FE Centro+Belisario,AugSynth_FE,2024w16,2024-04-15
74,0.07560321796252545,-0.10214823400557785,0.2533546699306288,0.382,no2,M7: AugSynth_FE Centro+Belisario,AugSynth_FE,2024w17,2024-04-22
75,0.05119476823447533,-0.1755915670351737,0.24120494102796508,0.582,no2,M7: AugSynth_FE Centro+Belisario,AugSynth_FE,2024w18,2024-04-29
76,-0.007182288036746698,-0.19719246083023642,0.1583104431059702,0.945,no2,M7: AugSynth_FE Centro+Belisario,AugSynth_FE,2024w19,2024-05-06
77,-0.013404925940198265,-0.19115637790830156,0.16434652602790506,0.873,no2,M7: AugSynth_FE Centro+Belisario,AugSynth_FE,2024w20,2024-05-13
78,-0.007480625365699378,-0.1974907981591891,0.17027082660240395,0.892,no2,M7: AugSynth_FE Centro+Belisario,AugSynth_FE,2024w21,2024-05-20
79,0.019625081770249242,-0.17038509102324048,0.19737653373835257,0.828,no2,M7: AugSynth_FE Centro+Belisario,AugSynth_FE,2024w22,2024-05-27
80,0.13798306179259923,-0.03976839017550407,0.327993234586089,0.115,no2,M7: AugSynth_FE Centro+Belisario,AugSynth_FE,2024w23,2024-06-03
81,0.1963457039226797,0.018594251954576396,0.38635587671616944,0.036,no2,M7: AugSynth_FE Centro+Belisario,AugSynth_FE,2024w24,2024-06-10
82,0.04181576583449287,-0.13593568613361043,0.2195672178025962,0.571,no2,M7: AugSynth_FE Centro+Belisario,AugSynth_FE,2024w25,2024-06-17
83,0.01990556992182313,-0.1701046028716666,0.23443318436608573,0.795,no2,M7: AugSynth_FE Centro+Belisario,AugSynth_FE,2024w26,2024-06-24
84,0.023784002629406942,-0.16622617016408278,0.20153545459751027,0.724,no2,M7: AugSynth_FE Centro+Belisario,AugSynth_FE,2024w27,2024-07-01
85,-0.09188226313905945,-0.25737499428177635,0.07361046800365745,0.263,no2,M7: AugSynth_FE Centro+Belisario,AugSynth_FE,2024w28,2024-07-08
86,-0.01566949610377133,-0.1811622272464882,0.14982323503894557,0.812,no2,M7: AugSynth_FE Centro+Belisario,AugSynth_FE,2024w29,2024-07-15
87,0.05648118538735636,-0.13352898740613336,0.22197391653007326,0.513,no2,M7: AugSynth_FE Centro+Belisario,AugSynth_FE,2024w30,2024-07-22
88,0.1336530335851709,-0.056357139208318835,0.32366320637866064,0.158,no2,M7: AugSynth_FE Centro+Belisario,AugSynth_FE,2024w31,2024-07-29
89,-0.010195470667476059,-0.20020564346096578,0.16755598130062727,0.895,no2,M7: AugSynth_FE Centro+Belisario,AugSynth_FE,2024w32,2024-08-05
90,-0.1090039890680834,-0.3357903243377324,0.0564887420746335,0.209,no2,M7: AugSynth_FE Centro+Belisario,AugSynth_FE,2024w33,2024-08-12
91,-0.07450757510321271,-0.252259027071316,0.09098515603950419,0.427,no2,M7: AugSynth_FE Centro+Belisario,AugSynth_FE,2024w34,2024-08-19
92,-0.1072271218935219,-0.29723729468701166,0.08278305089996785,0.214,no2,M7: AugSynth_FE Centro+Belisario,AugSynth_FE,2024w35,2024-08-26
93,-0.16775388366402044,-0.3700227772828966,0.009997568304082882,0.07,no2,M7: AugSynth_FE Centro+Belisario,AugSynth_FE,2024w36,2024-09-02
94,-0.037289995549417476,-0.2273001683429072,0.14046145641868585,0.616,no2,M7: AugSynth_FE Centro+Belisario,AugSynth_FE,2024w37,2024-09-09
95,-0.0937914687131216,-0.28380164150661136,0.07170126242959529,0.307,no2,M7: AugSynth_FE Centro+Belisario,AugSynth_FE,2024w38,2024-09-16
96,-0.10537235835401759,-0.28312381032212086,0.060120372788699306,0.219,no2,M7: AugSynth_FE Centro+Belisario,AugSynth_FE,2024w39,2024-09-23
97,-0.07028030627173187,-0.24803175823983517,0.19328219147407655,0.402,no2,M7: AugSynth_FE Centro+Belisario,AugSynth_FE,2024w40,2024-09-30
98,-0.048056849675225166,-0.25032574329410134,0.11743588146749173,0.554,no2,M7: AugSynth_FE Centro+Belisario,AugSynth_FE,2024w41,2024-10-07
99,0.04196603712990665,-0.18482029813974238,0.21971748909800998,0.596,no2,M7: AugSynth_FE Centro+Belisario,AugSynth_FE,2024w42,2024-10-14
100,0.08838163730365256,-0.08936981466445074,0.2661330892717559,0.355,no2,M7: AugSynth_FE Centro+Belisario,AugSynth_FE,2024w43,2024-10-21
101,0.012483758864061834,-0.16526769310404146,0.19023521083216516,0.863,no2,M7: AugSynth_FE Centro+Belisario,AugSynth_FE,2024w44,2024-10-28
102,-0.09226113295124705,-0.2700125849193503,0.08549031901685628,0.29,no2,M7: AugSynth_FE Centro+Belisario,AugSynth_FE,2024w45,2024-11-04
103,-0.059377841273828835,-0.27390545571809144,0.11837361069427449,0.455,no2,M7: AugSynth_FE Centro+Belisario,AugSynth_FE,2024w46,2024-11-11
104,0.07477739704082831,-0.10297405492727499,0.2402701281835452,0.394,no2,M7: AugSynth_FE Centro+Belisario,AugSynth_FE,2024w47,2024-11-18
105,0.1177956385698451,-0.0599558133982582,0.283288369712562,0.165,no2,M7: AugSynth_FE Centro+Belisario,AugSynth_FE,2024w48,2024-11-25
106,0.07004661458360806,-0.10770483738449524,0.23553934572632496,0.445,no2,M7: AugSynth_FE Centro+Belisario,AugSynth_FE,2024w49,2024-12-02
107,0.09347276112656422,-0.08427869084153908,0.27122421309466754,0.289,no2,M7: AugSynth_FE Centro+Belisario,AugSynth_FE,2024w50,2024-12-09
108,-0.0022470602408581897,-0.16773979138357506,0.1632456709018587,0.978,no2,M7: AugSynth_FE Centro+Belisario,AugSynth_FE,2024w51,2024-12-16
109,0.012960919868943765,-0.1525318112737731,0.1907123718370471,0.857,no2,M7: AugSynth_FE Centro+Belisario,AugSynth_FE,2024w52,2024-12-23
110,0.15606024310350008,-0.03394992968998964,0.3583291367223763,0.144,no2,M7: AugSynth_FE Centro+Belisario,AugSynth_FE,2025w01,2024-12-30
111,0.07206981015388658,-0.10568164181421671,0.26207998294737633,0.399,no2,M7: AugSynth_FE Centro+Belisario,AugSynth_FE,2025w02,2025-01-06
112,0.040449980621320325,-0.13730147134678297,0.21820143258942365,0.59,no2,M7: AugSynth_FE Centro+Belisario,AugSynth_FE,2025w03,2025-01-13
113,0.04508628386428448,-0.16944133057997812,0.2228377358323878,0.547,no2,M7: AugSynth_FE Centro+Belisario,AugSynth_FE,2025w04,2025-01-20
114,0.04842923807044652,-0.11706349307227035,0.22618069003854985,0.564,no2,M7: AugSynth_FE Centro+Belisario,AugSynth_FE,2025w05,2025-01-27
115,0.20036544720503846,0.022613995236935164,0.3781168991731418,0.04,no2,M7: AugSynth_FE Centro+Belisario,AugSynth_FE,2025w06,2025-02-03
116,0.14501459980636522,-0.09403045628867025,0.33502477259985497,0.122,no2,M7: AugSynth_FE Centro+Belisario,AugSynth_FE,2025w07,2025-02-10
117,0.12754681815312496,-0.0747220754657512,0.34207443259738757,0.191,no2,M7: AugSynth_FE Centro+Belisario,AugSynth_FE,2025w08,2025-02-17
118,0.4561041213352155,0.15576546111324785,0.7564427815571831,0.021,no2,M7: AugSynth_FE Centro+Belisario,AugSynth_FE,2025w09,2025-02-24
119,0.4674467055008358,0.16710804527886813,0.7677853657228034,0.044,no2,M7: AugSynth_FE Centro+Belisario,AugSynth_FE,2025w10,2025-03-03
120,0.4466480031730464,0,0.7469866633950141,0.06,no2,M7: AugSynth_FE Centro+Belisario,AugSynth_FE,2025w11,2025-03-10
121,0.3980766208383093,0.09773796061634166,0.698415281060277,0.033,no2,M7: AugSynth_FE Centro+Belisario,AugSynth_FE,2025w12,2025-03-17
122,0.39498142700312755,0.0946427667811599,0.6953200872250952,0.033,no2,M7: AugSynth_FE Centro+Belisario,AugSynth_FE,2025w13,2025-03-24
123,0.3974379134961752,0,0.6977765737181428,0.056,no2,M7: AugSynth_FE Centro+Belisario,AugSynth_FE,2025w14,2025-03-31
124,0.12788422906207098,-0.09890210620757806,0.3424118435063336,0.187,no2,M7: AugSynth_FE Centro+Belisario,AugSynth_FE,2025w15,2025-04-07
125,0.05394322568844201,-0.18510183040659345,0.24395339848193176,0.521,no2,M7: AugSynth_FE Centro+Belisario,AugSynth_FE,2025w16,2025-04-14
126,0.04258803627108687,-0.13516341569701643,0.20808076741380377,0.572,no2,M7: AugSynth_FE Centro+Belisario,AugSynth_FE,2025w17,2025-04-21
127,0.09875875529753309,-0.07899269667057021,0.2765102072656364,0.255,no2,M7: AugSynth_FE Centro+Belisario,AugSynth_FE,2025w18,2025-04-28
128,-0.042925327716993866,-0.22067677968509716,0.13482612425110946,0.56,no2,M7: AugSynth_FE Centro+Belisario,AugSynth_FE,2025w19,2025-05-05
129,0.21254759652149202,-0.0019800179227705828,0.3657816068388225,0.043,no2,M7: AugSynth_FE Centro+Belisario,AugSynth_FE,2025w20,2025-05-12
130,0.07847009830338081,-0.09928135366472249,0.3052564335730299,0.393,no2,M7: AugSynth_FE Centro+Belisario,AugSynth_FE,2025w21,2025-05-19
131,0.09791409011953833,-0.06757864102317854,0.26340682126225523,0.235,no2,M7: AugSynth_FE Centro+Belisario,AugSynth_FE,2025w22,2025-05-26
132,0.062440848655996195,-0.1153106033121071,0.24019230062409952,0.469,no2,M7: AugSynth_FE Centro+Belisario,AugSynth_FE,2025w23,2025-06-02
133,0.16451939784391234,-0.013232054124190956,0.3913057331135614,0.087,no2,M7: AugSynth_FE Centro+Belisario,AugSynth_FE,2025w24,2025-06-09
134,-0.43843736399286914,-0.6161888159609724,-0.27294463285015225,0.019,no2,M7: AugSynth_FE Centro+Belisario,AugSynth_FE,2025w25,2025-06-16
1,-0.006306321356183808,NA,NA,NA,no2,M8: AugSynth_FE Centro (Bel. dropped),AugSynth_FE,2022w48,2022-11-28
2,0.01874755582646248,NA,NA,NA,no2,M8: AugSynth_FE Centro (Bel. dropped),AugSynth_FE,2022w49,2022-12-05
3,-0.07829199848937884,NA,NA,NA,no2,M8: AugSynth_FE Centro (Bel. dropped),AugSynth_FE,2022w50,2022-12-12
4,0.15666988376636537,NA,NA,NA,no2,M8: AugSynth_FE Centro (Bel. dropped),AugSynth_FE,2022w51,2022-12-19
5,-0.012562997362231432,NA,NA,NA,no2,M8: AugSynth_FE Centro (Bel. dropped),AugSynth_FE,2022w52,2022-12-26
6,-0.043361358296710506,NA,NA,NA,no2,M8: AugSynth_FE Centro (Bel. dropped),AugSynth_FE,2023w01,2023-01-02
7,-0.01510741258146231,NA,NA,NA,no2,M8: AugSynth_FE Centro (Bel. dropped),AugSynth_FE,2023w02,2023-01-09
8,-0.09991495024566488,NA,NA,NA,no2,M8: AugSynth_FE Centro (Bel. dropped),AugSynth_FE,2023w03,2023-01-16
9,-0.1556084023186748,NA,NA,NA,no2,M8: AugSynth_FE Centro (Bel. dropped),AugSynth_FE,2023w04,2023-01-23
10,-0.03242166787859224,NA,NA,NA,no2,M8: AugSynth_FE Centro (Bel. dropped),AugSynth_FE,2023w05,2023-01-30
11,0.04580325092055482,NA,NA,NA,no2,M8: AugSynth_FE Centro (Bel. dropped),AugSynth_FE,2023w06,2023-02-06
12,-0.018785032294740933,NA,NA,NA,no2,M8: AugSynth_FE Centro (Bel. dropped),AugSynth_FE,2023w07,2023-02-13
13,-0.10222734339128792,NA,NA,NA,no2,M8: AugSynth_FE Centro (Bel. dropped),AugSynth_FE,2023w08,2023-02-20
14,0.006049458478672776,NA,NA,NA,no2,M8: AugSynth_FE Centro (Bel. dropped),AugSynth_FE,2023w09,2023-02-27
15,0.030983934641561017,NA,NA,NA,no2,M8: AugSynth_FE Centro (Bel. dropped),AugSynth_FE,2023w10,2023-03-06
16,-0.12607392721469113,NA,NA,NA,no2,M8: AugSynth_FE Centro (Bel. dropped),AugSynth_FE,2023w11,2023-03-13
17,-0.025712922444911968,NA,NA,NA,no2,M8: AugSynth_FE Centro (Bel. dropped),AugSynth_FE,2023w12,2023-03-20
18,0.0061412061312076105,NA,NA,NA,no2,M8: AugSynth_FE Centro (Bel. dropped),AugSynth_FE,2023w13,2023-03-27
19,0.03343146931469709,NA,NA,NA,no2,M8: AugSynth_FE Centro (Bel. dropped),AugSynth_FE,2023w14,2023-04-03
20,0.005275893021813971,NA,NA,NA,no2,M8: AugSynth_FE Centro (Bel. dropped),AugSynth_FE,2023w15,2023-04-10
21,-0.03151800627535506,NA,NA,NA,no2,M8: AugSynth_FE Centro (Bel. dropped),AugSynth_FE,2023w16,2023-04-17
22,-0.02618609179356035,NA,NA,NA,no2,M8: AugSynth_FE Centro (Bel. dropped),AugSynth_FE,2023w17,2023-04-24
23,-0.18073389839984033,NA,NA,NA,no2,M8: AugSynth_FE Centro (Bel. dropped),AugSynth_FE,2023w18,2023-05-01
24,-0.10699306398163655,NA,NA,NA,no2,M8: AugSynth_FE Centro (Bel. dropped),AugSynth_FE,2023w19,2023-05-08
25,0.15823012401968262,NA,NA,NA,no2,M8: AugSynth_FE Centro (Bel. dropped),AugSynth_FE,2023w20,2023-05-15
26,0.05480412134211177,NA,NA,NA,no2,M8: AugSynth_FE Centro (Bel. dropped),AugSynth_FE,2023w21,2023-05-22
27,-0.03799488400854045,NA,NA,NA,no2,M8: AugSynth_FE Centro (Bel. dropped),AugSynth_FE,2023w22,2023-05-29
28,0.1460091507646739,NA,NA,NA,no2,M8: AugSynth_FE Centro (Bel. dropped),AugSynth_FE,2023w23,2023-06-05
29,0.08543811721969963,NA,NA,NA,no2,M8: AugSynth_FE Centro (Bel. dropped),AugSynth_FE,2023w24,2023-06-12
30,0.19064684623346118,NA,NA,NA,no2,M8: AugSynth_FE Centro (Bel. dropped),AugSynth_FE,2023w25,2023-06-19
31,0.08851572903827609,NA,NA,NA,no2,M8: AugSynth_FE Centro (Bel. dropped),AugSynth_FE,2023w26,2023-06-26
32,0.18016981112743968,NA,NA,NA,no2,M8: AugSynth_FE Centro (Bel. dropped),AugSynth_FE,2023w27,2023-07-03
33,0.035631532455667525,NA,NA,NA,no2,M8: AugSynth_FE Centro (Bel. dropped),AugSynth_FE,2023w28,2023-07-10
34,-0.008578673727186903,NA,NA,NA,no2,M8: AugSynth_FE Centro (Bel. dropped),AugSynth_FE,2023w29,2023-07-17
35,0.03372458436657366,NA,NA,NA,no2,M8: AugSynth_FE Centro (Bel. dropped),AugSynth_FE,2023w30,2023-07-24
36,-0.008977018469352505,NA,NA,NA,no2,M8: AugSynth_FE Centro (Bel. dropped),AugSynth_FE,2023w31,2023-07-31
37,-0.23675388484786364,NA,NA,NA,no2,M8: AugSynth_FE Centro (Bel. dropped),AugSynth_FE,2023w32,2023-08-07
38,0.22420174741973886,NA,NA,NA,no2,M8: AugSynth_FE Centro (Bel. dropped),AugSynth_FE,2023w33,2023-08-14
39,0.11485754343305787,NA,NA,NA,no2,M8: AugSynth_FE Centro (Bel. dropped),AugSynth_FE,2023w34,2023-08-21
40,-0.018072848601508262,NA,NA,NA,no2,M8: AugSynth_FE Centro (Bel. dropped),AugSynth_FE,2023w35,2023-08-28
41,-0.14070063499127317,NA,NA,NA,no2,M8: AugSynth_FE Centro (Bel. dropped),AugSynth_FE,2023w36,2023-09-04
42,-0.1556616043479364,NA,NA,NA,no2,M8: AugSynth_FE Centro (Bel. dropped),AugSynth_FE,2023w37,2023-09-11
43,-0.05921529770956058,NA,NA,NA,no2,M8: AugSynth_FE Centro (Bel. dropped),AugSynth_FE,2023w38,2023-09-18
44,-0.05250320276685683,NA,NA,NA,no2,M8: AugSynth_FE Centro (Bel. dropped),AugSynth_FE,2023w39,2023-09-25
45,0.010470371078855845,NA,NA,NA,no2,M8: AugSynth_FE Centro (Bel. dropped),AugSynth_FE,2023w40,2023-10-02
46,-0.006340470214527993,NA,NA,NA,no2,M8: AugSynth_FE Centro (Bel. dropped),AugSynth_FE,2023w41,2023-10-09
47,0.09141558686997531,NA,NA,NA,no2,M8: AugSynth_FE Centro (Bel. dropped),AugSynth_FE,2023w42,2023-10-16
48,0.001991705528057608,NA,NA,NA,no2,M8: AugSynth_FE Centro (Bel. dropped),AugSynth_FE,2023w43,2023-10-23
49,-0.08722320654474824,NA,NA,NA,no2,M8: AugSynth_FE Centro (Bel. dropped),AugSynth_FE,2023w44,2023-10-30
50,0.02026490443553497,NA,NA,NA,no2,M8: AugSynth_FE Centro (Bel. dropped),AugSynth_FE,2023w45,2023-11-06
51,0.15965502216729632,NA,NA,NA,no2,M8: AugSynth_FE Centro (Bel. dropped),AugSynth_FE,2023w46,2023-11-13
52,-0.025302429047167507,NA,NA,NA,no2,M8: AugSynth_FE Centro (Bel. dropped),AugSynth_FE,2023w47,2023-11-20
53,-0.0065418065339390985,-0.23449114313540836,0.23443320644475701,0.965,no2,M8: AugSynth_FE Centro (Bel. dropped),AugSynth_FE,2023w48,2023-11-27
54,0.013089582713620374,-0.2148597538878489,0.24103891931508964,0.817,no2,M8: AugSynth_FE Centro (Bel. dropped),AugSynth_FE,2023w49,2023-12-04
55,0.06764032202079973,-0.16030901458066954,0.30861533499949584,0.411,no2,M8: AugSynth_FE Centro (Bel. dropped),AugSynth_FE,2023w50,2023-12-11
56,0.07777150289047885,-0.1371521573337636,0.3057208394919481,0.412,no2,M8: AugSynth_FE Centro (Bel. dropped),AugSynth_FE,2023w51,2023-12-18
57,0.09109029676734215,-0.1238333634569003,0.3450909861232651,0.394,no2,M8: AugSynth_FE Centro (Bel. dropped),AugSynth_FE,2023w52,2023-12-25
58,0.10681602991102457,-0.10810763031321788,0.3608167192669475,0.37,no2,M8: AugSynth_FE Centro (Bel. dropped),AugSynth_FE,2024w01,2024-01-01
59,-0.03312964225630477,-0.26107897885777404,0.2208710470996182,0.672,no2,M8: AugSynth_FE Centro (Bel. dropped),AugSynth_FE,2024w02,2024-01-08
60,-0.11012099921687879,-0.32504465944112126,0.13085401376181732,0.342,no2,M8: AugSynth_FE Centro (Bel. dropped),AugSynth_FE,2024w03,2024-01-15
61,0.028927701597185163,-0.1990216350042841,0.25687703819865443,0.686,no2,M8: AugSynth_FE Centro (Bel. dropped),AugSynth_FE,2024w04,2024-01-22
62,-0.02823920563007576,-0.2431628658543182,0.21273580734862035,0.664,no2,M8: AugSynth_FE Centro (Bel. dropped),AugSynth_FE,2024w05,2024-01-29
63,0.02287242290703384,-0.20507691369443543,0.2508217595085031,0.728,no2,M8: AugSynth_FE Centro (Bel. dropped),AugSynth_FE,2024w06,2024-02-05
64,-0.08548648406407233,-0.3264614970427684,0.15548852891462378,0.392,no2,M8: AugSynth_FE Centro (Bel. dropped),AugSynth_FE,2024w07,2024-02-12
65,-0.14244977874722053,-0.3703991153486898,0.09852523423147558,0.269,no2,M8: AugSynth_FE Centro (Bel. dropped),AugSynth_FE,2024w08,2024-02-19
66,-0.03621866435559262,-0.2511423245798351,0.2047563486231035,0.597,no2,M8: AugSynth_FE Centro (Bel. dropped),AugSynth_FE,2024w09,2024-02-26
67,-0.06009211410232007,-0.27501577432656255,0.18088289887637604,0.448,no2,M8: AugSynth_FE Centro (Bel. dropped),AugSynth_FE,2024w10,2024-03-04
68,-0.031316573762037336,-0.2592659103635066,0.19663276283943193,0.652,no2,M8: AugSynth_FE Centro (Bel. dropped),AugSynth_FE,2024w11,2024-03-11
69,-0.09445390319123437,-0.32240323979270363,0.17257246254191533,0.387,no2,M8: AugSynth_FE Centro (Bel. dropped),AugSynth_FE,2024w12,2024-03-18
70,-0.03468885151627976,-0.2756638644949758,0.2583888669713236,0.63,no2,M8: AugSynth_FE Centro (Bel. dropped),AugSynth_FE,2024w13,2024-03-25
71,-0.14092351919303603,-0.3688728557945053,0.1391285229173405,0.272,no2,M8: AugSynth_FE Centro (Bel. dropped),AugSynth_FE,2024w14,2024-04-01
72,-0.07975849826784032,-0.2946821584920828,0.17424219108808264,0.413,no2,M8: AugSynth_FE Centro (Bel. dropped),AugSynth_FE,2024w15,2024-04-08
73,-0.1088759065733389,-0.3237995667975814,0.13209910640535721,0.302,no2,M8: AugSynth_FE Centro (Bel. dropped),AugSynth_FE,2024w16,2024-04-15
74,-0.012851049551449556,-0.24080038615291882,0.2150982870500197,0.825,no2,M8: AugSynth_FE Centro (Bel. dropped),AugSynth_FE,2024w17,2024-04-22
75,0.009661797676110417,-0.21828753892535885,0.2766881634092601,0.832,no2,M8: AugSynth_FE Centro (Bel. dropped),AugSynth_FE,2024w18,2024-04-29
76,0.005960382659827346,-0.22198895394164192,0.2599610720157503,0.939,no2,M8: AugSynth_FE Centro (Bel. dropped),AugSynth_FE,2024w19,2024-05-06
77,-0.08316570243905463,-0.2980893626632971,0.15780931053964148,0.416,no2,M8: AugSynth_FE Centro (Bel. dropped),AugSynth_FE,2024w20,2024-05-13
78,-0.023391690171594703,-0.25134102677306397,0.23060899918432826,0.751,no2,M8: AugSynth_FE Centro (Bel. dropped),AugSynth_FE,2024w21,2024-05-20
79,-0.003489438014328883,-0.23143877461579815,0.2505112513415941,0.98,no2,M8: AugSynth_FE Centro (Bel. dropped),AugSynth_FE,2024w22,2024-05-27
80,0.04222969890011674,-0.18571963770135252,0.2962303882560397,0.552,no2,M8: AugSynth_FE Centro (Bel. dropped),AugSynth_FE,2024w23,2024-06-03
81,0.08185622378335244,-0.13306743644089,0.32283123676204856,0.439,no2,M8: AugSynth_FE Centro (Bel. dropped),AugSynth_FE,2024w24,2024-06-10
82,-2.0903709932973413e-4,-0.24118405007802582,0.22774029950213953,1,no2,M8: AugSynth_FE Centro (Bel. dropped),AugSynth_FE,2024w25,2024-06-17
83,-0.06275873559290623,-0.2907080721943755,0.20426763014024346,0.483,no2,M8: AugSynth_FE Centro (Bel. dropped),AugSynth_FE,2024w26,2024-06-24
84,-0.05051589069512019,-0.2524138745421358,0.20348479866080277,0.491,no2,M8: AugSynth_FE Centro (Bel. dropped),AugSynth_FE,2024w27,2024-07-01
85,-0.11577017523730726,-0.33069383546154973,0.12520483774138885,0.32,no2,M8: AugSynth_FE Centro (Bel. dropped),AugSynth_FE,2024w28,2024-07-08
86,-0.06661350850946768,-0.30758852148816374,0.1613358280920016,0.431,no2,M8: AugSynth_FE Centro (Bel. dropped),AugSynth_FE,2024w29,2024-07-15
87,0.03489686932275671,-0.19305246727871256,0.2758718823014528,0.616,no2,M8: AugSynth_FE Centro (Bel. dropped),AugSynth_FE,2024w30,2024-07-22
88,0.11621779214153305,-0.11173154445993622,0.370218481497456,0.302,no2,M8: AugSynth_FE Centro (Bel. dropped),AugSynth_FE,2024w31,2024-07-29
89,-0.02713046169077371,-0.255079798292243,0.22687022766514925,0.726,no2,M8: AugSynth_FE Centro (Bel. dropped),AugSynth_FE,2024w32,2024-08-05
90,-0.12250620484567154,-0.3504555414471408,0.11846880813302457,0.28,no2,M8: AugSynth_FE Centro (Bel. dropped),AugSynth_FE,2024w33,2024-08-12
91,-0.13085180624021175,-0.3718268192189078,0.11012320673848436,0.275,no2,M8: AugSynth_FE Centro (Bel. dropped),AugSynth_FE,2024w34,2024-08-19
92,-0.1244047547965299,-0.35235409139799917,0.12959593455939306,0.3,no2,M8: AugSynth_FE Centro (Bel. dropped),AugSynth_FE,2024w35,2024-08-26
93,-0.2644733572586113,-0.46637134110562695,-0.023498344279915262,0.015,no2,M8: AugSynth_FE Centro (Bel. dropped),AugSynth_FE,2024w36,2024-09-02
94,-0.10407760223022411,-0.3320269388316934,0.14992308712569885,0.351,no2,M8: AugSynth_FE Centro (Bel. dropped),AugSynth_FE,2024w37,2024-09-09
95,-0.11473141697655587,-0.34268075357802513,0.1132179196249134,0.286,no2,M8: AugSynth_FE Centro (Bel. dropped),AugSynth_FE,2024w38,2024-09-16
96,-0.1740989260044521,-0.41507393898314815,0.05385041059701717,0.186,no2,M8: AugSynth_FE Centro (Bel. dropped),AugSynth_FE,2024w39,2024-09-23
97,-0.11556563475507442,-0.3695663241109973,0.1254093782236217,0.295,no2,M8: AugSynth_FE Centro (Bel. dropped),AugSynth_FE,2024w40,2024-09-30
98,-0.10226445542913565,-0.3171881156533781,0.13871055754956046,0.299,no2,M8: AugSynth_FE Centro (Bel. dropped),AugSynth_FE,2024w41,2024-10-07
99,-0.03317275158051336,-0.2741477645592094,0.20780226139818275,0.668,no2,M8: AugSynth_FE Centro (Bel. dropped),AugSynth_FE,2024w42,2024-10-14
100,-0.012917921167333368,-0.24086725776880263,0.20200573905690905,0.815,no2,M8: AugSynth_FE Centro (Bel. dropped),AugSynth_FE,2024w43,2024-10-21
101,-0.042332225915314936,-0.29633291527123784,0.18561711068615433,0.536,no2,M8: AugSynth_FE Centro (Bel. dropped),AugSynth_FE,2024w44,2024-10-28
102,-0.12457993841386727,-0.35252927501533654,0.11639507456482884,0.261,no2,M8: AugSynth_FE Centro (Bel. dropped),AugSynth_FE,2024w45,2024-11-04
103,-0.05179727119710176,-0.279746607798571,0.16312638902714066,0.458,no2,M8: AugSynth_FE Centro (Bel. dropped),AugSynth_FE,2024w46,2024-11-11
104,-0.01783532222306139,-0.23275898244730384,0.21011401437840788,0.784,no2,M8: AugSynth_FE Centro (Bel. dropped),AugSynth_FE,2024w47,2024-11-18
105,0.01712460342546196,-0.2108247331760073,0.23204826364970438,0.792,no2,M8: AugSynth_FE Centro (Bel. dropped),AugSynth_FE,2024w48,2024-11-25
106,0.04745526951494128,-0.15444271433207435,0.2884302824936374,0.489,no2,M8: AugSynth_FE Centro (Bel. dropped),AugSynth_FE,2024w49,2024-12-02
107,0.04457894132296758,-0.17034471890127487,0.27252827792443685,0.542,no2,M8: AugSynth_FE Centro (Bel. dropped),AugSynth_FE,2024w50,2024-12-09
108,-0.08803472353927244,-0.3029583837635149,0.15294028943942367,0.357,no2,M8: AugSynth_FE Centro (Bel. dropped),AugSynth_FE,2024w51,2024-12-16
109,-0.020583984172275915,-0.23550764439651836,0.2203910288064202,0.759,no2,M8: AugSynth_FE Centro (Bel. dropped),AugSynth_FE,2024w52,2024-12-23
110,0.11821610972793195,-0.13578457962799095,0.3982681518383085,0.32,no2,M8: AugSynth_FE Centro (Bel. dropped),AugSynth_FE,2025w01,2024-12-30
111,-0.017191937771419585,-0.23211559799566203,0.22378307520727653,0.789,no2,M8: AugSynth_FE Centro (Bel. dropped),AugSynth_FE,2025w02,2025-01-06
112,-0.0380164968831469,-0.27899150986184296,0.21598419247277606,0.559,no2,M8: AugSynth_FE Centro (Bel. dropped),AugSynth_FE,2025w03,2025-01-13
113,0.009818511370331517,-0.23115650160836457,0.23776784797180078,0.84,no2,M8: AugSynth_FE Centro (Bel. dropped),AugSynth_FE,2025w04,2025-01-20
114,0.038661910597316496,-0.17626174962692595,0.2796369235760126,0.545,no2,M8: AugSynth_FE Centro (Bel. dropped),AugSynth_FE,2025w05,2025-01-27
115,0.1896431551435196,-0.0383061814579497,0.44364384449944233,0.087,no2,M8: AugSynth_FE Centro (Bel. dropped),AugSynth_FE,2025w06,2025-02-03
116,0.12138338238384572,-0.1326173069720772,0.3753840717397687,0.292,no2,M8: AugSynth_FE Centro (Bel. dropped),AugSynth_FE,2025w07,2025-02-10
117,0.10874458073483995,-0.15828178499830975,0.3887966228452165,0.368,no2,M8: AugSynth_FE Centro (Bel. dropped),AugSynth_FE,2025w08,2025-02-17
118,0.4244176724209541,0.1052886011788971,0.743546743663011,0.023,no2,M8: AugSynth_FE Centro (Bel. dropped),AugSynth_FE,2025w09,2025-02-24
119,0.40623138979242723,0,0.7253604610344841,0.053,no2,M8: AugSynth_FE Centro (Bel. dropped),AugSynth_FE,2025w10,2025-03-03
120,0.36486168509586525,0,0.6839907563379222,0.118,no2,M8: AugSynth_FE Centro (Bel. dropped),AugSynth_FE,2025w11,2025-03-10
121,0.3132950430636061,-0.005834028178450856,0.632424114305663,0.166,no2,M8: AugSynth_FE Centro (Bel. dropped),AugSynth_FE,2025w12,2025-03-17
122,0.333034642375742,0,0.6521637136177989,0.079,no2,M8: AugSynth_FE Centro (Bel. dropped),AugSynth_FE,2025w13,2025-03-24
123,0.3142263253063744,-0.004902745935682573,0.6333553965484313,0.142,no2,M8: AugSynth_FE Centro (Bel. dropped),AugSynth_FE,2025w14,2025-03-31
124,0.06868642514645495,-0.2374169697183752,0.36176414363405834,0.488,no2,M8: AugSynth_FE Centro (Bel. dropped),AugSynth_FE,2025w15,2025-04-07
125,-0.026168810815945243,-0.2541181474174145,0.21480620216275087,0.712,no2,M8: AugSynth_FE Centro (Bel. dropped),AugSynth_FE,2025w16,2025-04-14
126,-0.0425128168942317,-0.27046215349570096,0.15938516695278399,0.528,no2,M8: AugSynth_FE Centro (Bel. dropped),AugSynth_FE,2025w17,2025-04-21
127,0.0034379827999622137,-0.22451135380150705,0.24441299577865833,0.978,no2,M8: AugSynth_FE Centro (Bel. dropped),AugSynth_FE,2025w18,2025-04-28
128,-0.11267881680156,-0.35365382978025606,0.11527051979990927,0.292,no2,M8: AugSynth_FE Centro (Bel. dropped),AugSynth_FE,2025w19,2025-05-05
129,0.1414497172603597,-0.08649961934110956,0.369399053861829,0.262,no2,M8: AugSynth_FE Centro (Bel. dropped),AugSynth_FE,2025w20,2025-05-12
130,-0.02467997074893491,-0.26565498372763097,0.20326936585253436,0.729,no2,M8: AugSynth_FE Centro (Bel. dropped),AugSynth_FE,2025w21,2025-05-19
131,0.02429065413791509,-0.20365868246355417,0.25223999073938436,0.711,no2,M8: AugSynth_FE Centro (Bel. dropped),AugSynth_FE,2025w22,2025-05-26
132,-0.007061054453949556,-0.23501039105541882,0.2208882821475197,0.884,no2,M8: AugSynth_FE Centro (Bel. dropped),AugSynth_FE,2025w23,2025-06-02
133,0.053734895590227705,-0.17421444101124156,0.2947099085689238,0.494,no2,M8: AugSynth_FE Centro (Bel. dropped),AugSynth_FE,2025w24,2025-06-09
134,-0.8741737248694013,-1.1021230614708706,-0.6331987118907052,0.019,no2,M8: AugSynth_FE Centro (Bel. dropped),AugSynth_FE,2025w25,2025-06-16
1,-0.038162506710486266,NA,NA,NA,no2,M8b: AugSynth_FE Centro (Bel. in pool),AugSynth_FE,2022w48,2022-11-28
2,0.11159137043413292,NA,NA,NA,no2,M8b: AugSynth_FE Centro (Bel. in pool),AugSynth_FE,2022w49,2022-12-05
3,-0.07059530444162787,NA,NA,NA,no2,M8b: AugSynth_FE Centro (Bel. in pool),AugSynth_FE,2022w50,2022-12-12
4,0.11049240910362546,NA,NA,NA,no2,M8b: AugSynth_FE Centro (Bel. in pool),AugSynth_FE,2022w51,2022-12-19
5,0.07545378202043374,NA,NA,NA,no2,M8b: AugSynth_FE Centro (Bel. in pool),AugSynth_FE,2022w52,2022-12-26
6,0.042613322136698883,NA,NA,NA,no2,M8b: AugSynth_FE Centro (Bel. in pool),AugSynth_FE,2023w01,2023-01-02
7,0.0270163957229399,NA,NA,NA,no2,M8b: AugSynth_FE Centro (Bel. in pool),AugSynth_FE,2023w02,2023-01-09
8,-0.06366334619778291,NA,NA,NA,no2,M8b: AugSynth_FE Centro (Bel. in pool),AugSynth_FE,2023w03,2023-01-16
9,-0.09939600070380816,NA,NA,NA,no2,M8b: AugSynth_FE Centro (Bel. in pool),AugSynth_FE,2023w04,2023-01-23
10,-0.027623901219561375,NA,NA,NA,no2,M8b: AugSynth_FE Centro (Bel. in pool),AugSynth_FE,2023w05,2023-01-30
11,0.10274824624999024,NA,NA,NA,no2,M8b: AugSynth_FE Centro (Bel. in pool),AugSynth_FE,2023w06,2023-02-06
12,-0.027750572576172416,NA,NA,NA,no2,M8b: AugSynth_FE Centro (Bel. in pool),AugSynth_FE,2023w07,2023-02-13
13,-0.06081684447011293,NA,NA,NA,no2,M8b: AugSynth_FE Centro (Bel. in pool),AugSynth_FE,2023w08,2023-02-20
14,-0.017673258515013224,NA,NA,NA,no2,M8b: AugSynth_FE Centro (Bel. in pool),AugSynth_FE,2023w09,2023-02-27
15,-0.0022566575511548947,NA,NA,NA,no2,M8b: AugSynth_FE Centro (Bel. in pool),AugSynth_FE,2023w10,2023-03-06
16,-0.08307374565593717,NA,NA,NA,no2,M8b: AugSynth_FE Centro (Bel. in pool),AugSynth_FE,2023w11,2023-03-13
17,-0.04867767304048032,NA,NA,NA,no2,M8b: AugSynth_FE Centro (Bel. in pool),AugSynth_FE,2023w12,2023-03-20
18,-0.0073698340034296095,NA,NA,NA,no2,M8b: AugSynth_FE Centro (Bel. in pool),AugSynth_FE,2023w13,2023-03-27
19,0.011642038666086041,NA,NA,NA,no2,M8b: AugSynth_FE Centro (Bel. in pool),AugSynth_FE,2023w14,2023-04-03
20,-0.013281226153819325,NA,NA,NA,no2,M8b: AugSynth_FE Centro (Bel. in pool),AugSynth_FE,2023w15,2023-04-10
21,-0.09848148784303978,NA,NA,NA,no2,M8b: AugSynth_FE Centro (Bel. in pool),AugSynth_FE,2023w16,2023-04-17
22,-0.03320485276912599,NA,NA,NA,no2,M8b: AugSynth_FE Centro (Bel. in pool),AugSynth_FE,2023w17,2023-04-24
23,-0.1379520690534024,NA,NA,NA,no2,M8b: AugSynth_FE Centro (Bel. in pool),AugSynth_FE,2023w18,2023-05-01
24,-0.08071936011041281,NA,NA,NA,no2,M8b: AugSynth_FE Centro (Bel. in pool),AugSynth_FE,2023w19,2023-05-08
25,0.09721486853388184,NA,NA,NA,no2,M8b: AugSynth_FE Centro (Bel. in pool),AugSynth_FE,2023w20,2023-05-15
26,0.011933482298569054,NA,NA,NA,no2,M8b: AugSynth_FE Centro (Bel. in pool),AugSynth_FE,2023w21,2023-05-22
27,-0.003873850762994735,NA,NA,NA,no2,M8b: AugSynth_FE Centro (Bel. in pool),AugSynth_FE,2023w22,2023-05-29
28,0.12285727942493851,NA,NA,NA,no2,M8b: AugSynth_FE Centro (Bel. in pool),AugSynth_FE,2023w23,2023-06-05
29,0.14048558943431866,NA,NA,NA,no2,M8b: AugSynth_FE Centro (Bel. in pool),AugSynth_FE,2023w24,2023-06-12
30,0.20593328179340498,NA,NA,NA,no2,M8b: AugSynth_FE Centro (Bel. in pool),AugSynth_FE,2023w25,2023-06-19
31,0.12248484224829115,NA,NA,NA,no2,M8b: AugSynth_FE Centro (Bel. in pool),AugSynth_FE,2023w26,2023-06-26
32,0.19092739077063303,NA,NA,NA,no2,M8b: AugSynth_FE Centro (Bel. in pool),AugSynth_FE,2023w27,2023-07-03
33,0.055594035231572914,NA,NA,NA,no2,M8b: AugSynth_FE Centro (Bel. in pool),AugSynth_FE,2023w28,2023-07-10
34,-0.019035884206017872,NA,NA,NA,no2,M8b: AugSynth_FE Centro (Bel. in pool),AugSynth_FE,2023w29,2023-07-17
35,0.03742742434202384,NA,NA,NA,no2,M8b: AugSynth_FE Centro (Bel. in pool),AugSynth_FE,2023w30,2023-07-24
36,-0.04335847584199426,NA,NA,NA,no2,M8b: AugSynth_FE Centro (Bel. in pool),AugSynth_FE,2023w31,2023-07-31
37,-0.18458234397491324,NA,NA,NA,no2,M8b: AugSynth_FE Centro (Bel. in pool),AugSynth_FE,2023w32,2023-08-07
38,0.10760266723709444,NA,NA,NA,no2,M8b: AugSynth_FE Centro (Bel. in pool),AugSynth_FE,2023w33,2023-08-14
39,0.0727168725268088,NA,NA,NA,no2,M8b: AugSynth_FE Centro (Bel. in pool),AugSynth_FE,2023w34,2023-08-21
40,-0.059477713848920644,NA,NA,NA,no2,M8b: AugSynth_FE Centro (Bel. in pool),AugSynth_FE,2023w35,2023-08-28
41,-0.14248456802747755,NA,NA,NA,no2,M8b: AugSynth_FE Centro (Bel. in pool),AugSynth_FE,2023w36,2023-09-04
42,-0.14690496648053264,NA,NA,NA,no2,M8b: AugSynth_FE Centro (Bel. in pool),AugSynth_FE,2023w37,2023-09-11
43,-0.026080487914024175,NA,NA,NA,no2,M8b: AugSynth_FE Centro (Bel. in pool),AugSynth_FE,2023w38,2023-09-18
44,-0.0838062989936299,NA,NA,NA,no2,M8b: AugSynth_FE Centro (Bel. in pool),AugSynth_FE,2023w39,2023-09-25
45,-0.02319793812901061,NA,NA,NA,no2,M8b: AugSynth_FE Centro (Bel. in pool),AugSynth_FE,2023w40,2023-10-02
46,0.010501441122725996,NA,NA,NA,no2,M8b: AugSynth_FE Centro (Bel. in pool),AugSynth_FE,2023w41,2023-10-09
47,0.11123725542148,NA,NA,NA,no2,M8b: AugSynth_FE Centro (Bel. in pool),AugSynth_FE,2023w42,2023-10-16
48,-0.025158904893969325,NA,NA,NA,no2,M8b: AugSynth_FE Centro (Bel. in pool),AugSynth_FE,2023w43,2023-10-23
49,-0.0757754945819622,NA,NA,NA,no2,M8b: AugSynth_FE Centro (Bel. in pool),AugSynth_FE,2023w44,2023-10-30
50,0.011014305560841375,NA,NA,NA,no2,M8b: AugSynth_FE Centro (Bel. in pool),AugSynth_FE,2023w45,2023-11-06
51,0.09083071292799838,NA,NA,NA,no2,M8b: AugSynth_FE Centro (Bel. in pool),AugSynth_FE,2023w46,2023-11-13
52,-0.12588344453768086,NA,NA,NA,no2,M8b: AugSynth_FE Centro (Bel. in pool),AugSynth_FE,2023w47,2023-11-20
53,-0.01764764545889319,-0.21606160443030778,0.17004123464920162,0.853,no2,M8b: AugSynth_FE Centro (Bel. in pool),AugSynth_FE,2023w48,2023-11-27
54,-0.08231781118408721,-0.3021819278821412,0.14827138437728649,0.438,no2,M8b: AugSynth_FE Centro (Bel. in pool),AugSynth_FE,2023w49,2023-12-04
55,0.08500934709105357,-0.11340461188036102,0.2941483849257878,0.441,no2,M8b: AugSynth_FE Centro (Bel. in pool),AugSynth_FE,2023w50,2023-12-11
56,0.057636200405929205,-0.13005267970216566,0.25605015937734377,0.552,no2,M8b: AugSynth_FE Centro (Bel. in pool),AugSynth_FE,2023w51,2023-12-18
57,0.032596512763102936,-0.16581744620831165,0.2524606294611569,0.725,no2,M8b: AugSynth_FE Centro (Bel. in pool),AugSynth_FE,2023w52,2023-12-25
58,0.025285378810464998,-0.1838536590242693,0.24514949550851894,0.813,no2,M8b: AugSynth_FE Centro (Bel. in pool),AugSynth_FE,2024w01,2024-01-01
59,-0.05639736045545707,-0.25481131942687163,0.15274167737927719,0.578,no2,M8b: AugSynth_FE Centro (Bel. in pool),AugSynth_FE,2024w02,2024-01-08
60,-0.06837764037318195,-0.2667915993445965,0.1407613974615523,0.492,no2,M8b: AugSynth_FE Centro (Bel. in pool),AugSynth_FE,2024w03,2024-01-15
61,-0.029760466228436755,-0.21744934633653162,0.1686534927429778,0.732,no2,M8b: AugSynth_FE Centro (Bel. in pool),AugSynth_FE,2024w04,2024-01-22
62,-0.09121391927972988,-0.28962787825114444,0.11792511855500437,0.394,no2,M8b: AugSynth_FE Centro (Bel. in pool),AugSynth_FE,2024w05,2024-01-29
63,-0.0198115714096172,-0.2182255303810318,0.1678773086984776,0.815,no2,M8b: AugSynth_FE Centro (Bel. in pool),AugSynth_FE,2024w06,2024-02-05
64,-0.1439760385475246,-0.3531150763822589,0.06516299928720964,0.182,no2,M8b: AugSynth_FE Centro (Bel. in pool),AugSynth_FE,2024w07,2024-02-12
65,-0.1863714111955601,-0.4062355278936141,0.022767626639174143,0.08,no2,M8b: AugSynth_FE Centro (Bel. in pool),AugSynth_FE,2024w08,2024-02-19
66,-0.0674336573348362,-0.2872977740328902,0.14170538049989806,0.527,no2,M8b: AugSynth_FE Centro (Bel. in pool),AugSynth_FE,2024w09,2024-02-26
67,-0.06778490623935474,-0.2661988652107693,0.14135413159537952,0.508,no2,M8b: AugSynth_FE Centro (Bel. in pool),AugSynth_FE,2024w10,2024-03-04
68,-0.1013270622588478,-0.3104661000935821,0.09708689671256676,0.363,no2,M8b: AugSynth_FE Centro (Bel. in pool),AugSynth_FE,2024w11,2024-03-11
69,-0.10261130913213146,-0.31175034696686577,0.12797788642924224,0.389,no2,M8b: AugSynth_FE Centro (Bel. in pool),AugSynth_FE,2024w12,2024-03-18
70,-0.06342533978912446,-0.28328945648717846,0.16716385577224924,0.582,no2,M8b: AugSynth_FE Centro (Bel. in pool),AugSynth_FE,2024w13,2024-03-25
71,-0.17134394122004393,-0.38048297905477824,0.05924525434132977,0.085,no2,M8b: AugSynth_FE Centro (Bel. in pool),AugSynth_FE,2024w14,2024-04-01
72,-0.03550998389510962,-0.24464902172984393,0.18435413280294433,0.707,no2,M8b: AugSynth_FE Centro (Bel. in pool),AugSynth_FE,2024w15,2024-04-08
73,-0.12452279978211145,-0.322936758753526,0.0846162380526228,0.209,no2,M8b: AugSynth_FE Centro (Bel. in pool),AugSynth_FE,2024w16,2024-04-15
74,-0.09416971670338414,-0.30330875453811845,0.11496932113135011,0.385,no2,M8b: AugSynth_FE Centro (Bel. in pool),AugSynth_FE,2024w17,2024-04-22
75,-0.037174899435877595,-0.2463139372706119,0.1934142961254961,0.725,no2,M8b: AugSynth_FE Centro (Bel. in pool),AugSynth_FE,2024w18,2024-04-29
76,0.015163765297420362,-0.18325019367399423,0.24575296085879406,0.827,no2,M8b: AugSynth_FE Centro (Bel. in pool),AugSynth_FE,2024w19,2024-05-06
77,-0.11142568045880363,-0.2991145605668985,0.09771335737593062,0.285,no2,M8b: AugSynth_FE Centro (Bel. in pool),AugSynth_FE,2024w20,2024-05-13
78,-0.02824574158504456,-0.22665970055645915,0.1916183751130094,0.801,no2,M8b: AugSynth_FE Centro (Bel. in pool),AugSynth_FE,2024w21,2024-05-20
79,-0.024840757719091666,-0.22325471669050626,0.19502335897896228,0.805,no2,M8b: AugSynth_FE Centro (Bel. in pool),AugSynth_FE,2024w22,2024-05-27
80,-0.07415127606477556,-0.29401539276282956,0.15643791949659813,0.556,no2,M8b: AugSynth_FE Centro (Bel. in pool),AugSynth_FE,2024w23,2024-06-03
81,-0.07298453154445728,-0.30357372710583097,0.18977990060687555,0.57,no2,M8b: AugSynth_FE Centro (Bel. in pool),AugSynth_FE,2024w24,2024-06-10
82,-0.042310074448654866,-0.27289927001002856,0.17755404224939908,0.676,no2,M8b: AugSynth_FE Centro (Bel. in pool),AugSynth_FE,2024w25,2024-06-17
83,-0.11445370104692865,-0.3128676600183432,0.09468533678780561,0.33,no2,M8b: AugSynth_FE Centro (Bel. in pool),AugSynth_FE,2024w26,2024-06-24
84,-0.09983864208646454,-0.2982526010578791,0.12002547461158941,0.37,no2,M8b: AugSynth_FE Centro (Bel. in pool),AugSynth_FE,2024w27,2024-07-01
85,-0.08198310195811054,-0.2803970609295251,0.12715593587662372,0.479,no2,M8b: AugSynth_FE Centro (Bel. in pool),AugSynth_FE,2024w28,2024-07-08
86,-0.08346541421769027,-0.28187937318910483,0.10422346589040454,0.415,no2,M8b: AugSynth_FE Centro (Bel. in pool),AugSynth_FE,2024w29,2024-07-15
87,-0.0024595886041782755,-0.21159862643891258,0.19595437036723629,1,no2,M8b: AugSynth_FE Centro (Bel. in pool),AugSynth_FE,2024w30,2024-07-22
88,0.04246337984034598,-0.17740073685770802,0.26232749653839993,0.685,no2,M8b: AugSynth_FE Centro (Bel. in pool),AugSynth_FE,2024w31,2024-07-29
89,-0.03052893429555459,-0.22894289326696918,0.16788502467585997,0.751,no2,M8b: AugSynth_FE Centro (Bel. in pool),AugSynth_FE,2024w32,2024-08-05
90,-0.07457438287200491,-0.2837134207067392,0.13456465496272935,0.514,no2,M8b: AugSynth_FE Centro (Bel. in pool),AugSynth_FE,2024w33,2024-08-12
91,-0.12168936432636324,-0.3201033232977778,0.08744967350837102,0.268,no2,M8b: AugSynth_FE Centro (Bel. in pool),AugSynth_FE,2024w34,2024-08-19
92,-0.07954764953321769,-0.2994117662312717,0.14031646716483626,0.544,no2,M8b: AugSynth_FE Centro (Bel. in pool),AugSynth_FE,2024w35,2024-08-26
93,-0.22928420599776667,-0.4276981649691812,-0.020145168163032412,0.019,no2,M8b: AugSynth_FE Centro (Bel. in pool),AugSynth_FE,2024w36,2024-09-02
94,-0.11715309994720746,-0.32629213778194177,0.09198593788752679,0.302,no2,M8b: AugSynth_FE Centro (Bel. in pool),AugSynth_FE,2024w37,2024-09-09
95,-0.07771528055897559,-0.27612923953039015,0.12069867841243898,0.528,no2,M8b: AugSynth_FE Centro (Bel. in pool),AugSynth_FE,2024w38,2024-09-16
96,-0.15504715710692007,-0.3641861949416544,0.03264172300117474,0.088,no2,M8b: AugSynth_FE Centro (Bel. in pool),AugSynth_FE,2024w39,2024-09-23
97,-0.10370036867357513,-0.3021143276449897,0.10543866916115913,0.376,no2,M8b: AugSynth_FE Centro (Bel. in pool),AugSynth_FE,2024w40,2024-09-30
98,-0.10546921649192642,-0.2931580966000213,0.09294474247948814,0.272,no2,M8b: AugSynth_FE Centro (Bel. in pool),AugSynth_FE,2024w41,2024-10-07
99,-0.08977800226905153,-0.29891704010378584,0.10863595670236303,0.396,no2,M8b: AugSynth_FE Centro (Bel. in pool),AugSynth_FE,2024w42,2024-10-14
100,-0.10655432321766245,-0.32641843991571645,0.1025847146170718,0.362,no2,M8b: AugSynth_FE Centro (Bel. in pool),AugSynth_FE,2024w43,2024-10-21
101,-0.07499104186833438,-0.2948551585663884,0.12342291710308018,0.535,no2,M8b: AugSynth_FE Centro (Bel. in pool),AugSynth_FE,2024w44,2024-10-28
102,-0.09581019975985505,-0.2942241587312696,0.1133288380748792,0.355,no2,M8b: AugSynth_FE Centro (Bel. in pool),AugSynth_FE,2024w45,2024-11-04
103,-0.018917957099616967,-0.21733191607103156,0.16877092300847785,0.842,no2,M8b: AugSynth_FE Centro (Bel. in pool),AugSynth_FE,2024w46,2024-11-11
104,-0.10050346900840923,-0.2989174279798238,0.09791048996300533,0.336,no2,M8b: AugSynth_FE Centro (Bel. in pool),AugSynth_FE,2024w47,2024-11-18
105,-0.09094066629415565,-0.31080478299220965,0.1289234504038983,0.423,no2,M8b: AugSynth_FE Centro (Bel. in pool),AugSynth_FE,2024w48,2024-11-25
106,0.0014466480633825718,-0.1862422320447123,0.21058568589811683,1,no2,M8b: AugSynth_FE Centro (Bel. in pool),AugSynth_FE,2024w49,2024-12-02
107,-0.0262006623963722,-0.2246146213677868,0.18293837543836206,0.794,no2,M8b: AugSynth_FE Centro (Bel. in pool),AugSynth_FE,2024w50,2024-12-09
108,-0.12912027318066377,-0.31680915328875864,0.06929368579075079,0.167,no2,M8b: AugSynth_FE Centro (Bel. in pool),AugSynth_FE,2024w51,2024-12-16
109,-0.043972423603384936,-0.24238638257479952,0.15444153536802963,0.631,no2,M8b: AugSynth_FE Centro (Bel. in pool),AugSynth_FE,2024w52,2024-12-23
110,0.02054890307517354,-0.19931521362288046,0.2725882563631866,0.848,no2,M8b: AugSynth_FE Centro (Bel. in pool),AugSynth_FE,2025w01,2024-12-30
111,-0.09760705398646508,-0.3067460918211994,0.11153198384826918,0.377,no2,M8b: AugSynth_FE Centro (Bel. in pool),AugSynth_FE,2025w02,2025-01-06
112,-0.09738326898500249,-0.29579722795641705,0.12248084771305146,0.374,no2,M8b: AugSynth_FE Centro (Bel. in pool),AugSynth_FE,2025w03,2025-01-13
113,-0.030220531528336814,-0.23935956936307112,0.16819342744307775,0.754,no2,M8b: AugSynth_FE Centro (Bel. in pool),AugSynth_FE,2025w04,2025-01-20
114,0.009739484624105454,-0.18867447434730913,0.2188785224588397,0.944,no2,M8b: AugSynth_FE Centro (Bel. in pool),AugSynth_FE,2025w05,2025-01-27
115,0.08477286265626827,-0.12436617517846603,0.3046369793543222,0.49,no2,M8b: AugSynth_FE Centro (Bel. in pool),AugSynth_FE,2025w06,2025-02-03
116,0.03693047297307572,-0.18293364372497828,0.2675196685344494,0.689,no2,M8b: AugSynth_FE Centro (Bel. in pool),AugSynth_FE,2025w07,2025-02-10
117,0.03454554319986336,-0.19604365236151033,0.28658489648787644,0.681,no2,M8b: AugSynth_FE Centro (Bel. in pool),AugSynth_FE,2025w08,2025-02-17
118,0.18056248811985887,-0.08220194403147396,0.4433269202711917,0.408,no2,M8b: AugSynth_FE Centro (Bel. in pool),AugSynth_FE,2025w09,2025-02-24
119,0.14209575706947186,-0.12066867508186097,0.4048601892208047,0.534,no2,M8b: AugSynth_FE Centro (Bel. in pool),AugSynth_FE,2025w10,2025-03-03
120,0.10037026802540527,-0.16239416412592755,0.3631347001767381,0.652,no2,M8b: AugSynth_FE Centro (Bel. in pool),AugSynth_FE,2025w11,2025-03-10
121,0.07157154066042759,-0.19119289149090524,0.3343359728117604,0.665,no2,M8b: AugSynth_FE Centro (Bel. in pool),AugSynth_FE,2025w12,2025-03-17
122,0.10451699444455453,-0.1582474377067783,0.36728142659588736,0.563,no2,M8b: AugSynth_FE Centro (Bel. in pool),AugSynth_FE,2025w13,2025-03-24
123,0.0743690358566571,-0.18839539629467572,0.33713346800798993,0.672,no2,M8b: AugSynth_FE Centro (Bel. in pool),AugSynth_FE,2025w14,2025-03-31
124,-0.024342027629747243,-0.28710645978108007,0.23842240452158558,0.904,no2,M8b: AugSynth_FE Centro (Bel. in pool),AugSynth_FE,2025w15,2025-04-07
125,-0.09132505795348944,-0.30046409578822375,0.10708890101792512,0.397,no2,M8b: AugSynth_FE Centro (Bel. in pool),AugSynth_FE,2025w16,2025-04-14
126,-0.1055640360756942,-0.30397799504710876,0.09284992289572036,0.342,no2,M8b: AugSynth_FE Centro (Bel. in pool),AugSynth_FE,2025w17,2025-04-21
127,-0.09310870685522277,-0.3022477446899571,0.12675540984283118,0.397,no2,M8b: AugSynth_FE Centro (Bel. in pool),AugSynth_FE,2025w18,2025-04-28
128,-0.12589207734445163,-0.3243060363158662,0.06179680276364319,0.202,no2,M8b: AugSynth_FE Centro (Bel. in pool),AugSynth_FE,2025w19,2025-05-05
129,0.001510776420359683,-0.229078419141014,0.22137489311841363,1,no2,M8b: AugSynth_FE Centro (Bel. in pool),AugSynth_FE,2025w20,2025-05-12
130,-0.11378323192217721,-0.3229222697569115,0.09535580591255705,0.307,no2,M8b: AugSynth_FE Centro (Bel. in pool),AugSynth_FE,2025w21,2025-05-19
131,-0.06020379574272372,-0.26934283357745803,0.14893524209201053,0.602,no2,M8b: AugSynth_FE Centro (Bel. in pool),AugSynth_FE,2025w22,2025-05-26
132,-0.07215896961220958,-0.27057292858362414,0.12625498935920498,0.53,no2,M8b: AugSynth_FE Centro (Bel. in pool),AugSynth_FE,2025w23,2025-06-02
133,-0.08314206619294762,-0.3137312617543213,0.15817220823174571,0.521,no2,M8b: AugSynth_FE Centro (Bel. in pool),AugSynth_FE,2025w24,2025-06-09
134,-0.872669847965756,-1.0710838069371704,-0.652805731267702,0.014,no2,M8b: AugSynth_FE Centro (Bel. in pool),AugSynth_FE,2025w25,2025-06-16
1,0.054096979453507554,NA,NA,NA,no2,M9: AugSynth_FE Belisario (Centro dropped),AugSynth_FE,2022w48,2022-11-28
2,-0.19380272546557586,NA,NA,NA,no2,M9: AugSynth_FE Belisario (Centro dropped),AugSynth_FE,2022w49,2022-12-05
3,-0.02208774329011476,NA,NA,NA,no2,M9: AugSynth_FE Belisario (Centro dropped),AugSynth_FE,2022w50,2022-12-12
4,0.0840028775384587,NA,NA,NA,no2,M9: AugSynth_FE Belisario (Centro dropped),AugSynth_FE,2022w51,2022-12-19
5,-0.18146399203936303,NA,NA,NA,no2,M9: AugSynth_FE Belisario (Centro dropped),AugSynth_FE,2022w52,2022-12-26
6,-0.17400641790421734,NA,NA,NA,no2,M9: AugSynth_FE Belisario (Centro dropped),AugSynth_FE,2023w01,2023-01-02
7,-0.09775861300181088,NA,NA,NA,no2,M9: AugSynth_FE Belisario (Centro dropped),AugSynth_FE,2023w02,2023-01-09
8,-0.07731044391312958,NA,NA,NA,no2,M9: AugSynth_FE Belisario (Centro dropped),AugSynth_FE,2023w03,2023-01-16
9,-0.11279713536146163,NA,NA,NA,no2,M9: AugSynth_FE Belisario (Centro dropped),AugSynth_FE,2023w04,2023-01-23
10,-0.006670943731423407,NA,NA,NA,no2,M9: AugSynth_FE Belisario (Centro dropped),AugSynth_FE,2023w05,2023-01-30
11,-0.10770316646106837,NA,NA,NA,no2,M9: AugSynth_FE Belisario (Centro dropped),AugSynth_FE,2023w06,2023-02-06
12,0.026593807986211804,NA,NA,NA,no2,M9: AugSynth_FE Belisario (Centro dropped),AugSynth_FE,2023w07,2023-02-13
13,-0.07546963976003163,NA,NA,NA,no2,M9: AugSynth_FE Belisario (Centro dropped),AugSynth_FE,2023w08,2023-02-20
14,0.057448017703988885,NA,NA,NA,no2,M9: AugSynth_FE Belisario (Centro dropped),AugSynth_FE,2023w09,2023-02-27
15,0.06747291163031832,NA,NA,NA,no2,M9: AugSynth_FE Belisario (Centro dropped),AugSynth_FE,2023w10,2023-03-06
16,-0.09322071402184529,NA,NA,NA,no2,M9: AugSynth_FE Belisario (Centro dropped),AugSynth_FE,2023w11,2023-03-13
17,0.04298598000410392,NA,NA,NA,no2,M9: AugSynth_FE Belisario (Centro dropped),AugSynth_FE,2023w12,2023-03-20
18,0.029813186388796264,NA,NA,NA,no2,M9: AugSynth_FE Belisario (Centro dropped),AugSynth_FE,2023w13,2023-03-27
19,0.04446555037548272,NA,NA,NA,no2,M9: AugSynth_FE Belisario (Centro dropped),AugSynth_FE,2023w14,2023-04-03
20,0.042787410923225355,NA,NA,NA,no2,M9: AugSynth_FE Belisario (Centro dropped),AugSynth_FE,2023w15,2023-04-10
21,0.13039152872462179,NA,NA,NA,no2,M9: AugSynth_FE Belisario (Centro dropped),AugSynth_FE,2023w16,2023-04-17
22,0.009512994957817877,NA,NA,NA,no2,M9: AugSynth_FE Belisario (Centro dropped),AugSynth_FE,2023w17,2023-04-24
23,-0.08674969160244395,NA,NA,NA,no2,M9: AugSynth_FE Belisario (Centro dropped),AugSynth_FE,2023w18,2023-05-01
24,-0.043427824425168016,NA,NA,NA,no2,M9: AugSynth_FE Belisario (Centro dropped),AugSynth_FE,2023w19,2023-05-08
25,0.12584041219134656,NA,NA,NA,no2,M9: AugSynth_FE Belisario (Centro dropped),AugSynth_FE,2023w20,2023-05-15
26,0.0898285569360211,NA,NA,NA,no2,M9: AugSynth_FE Belisario (Centro dropped),AugSynth_FE,2023w21,2023-05-22
27,-0.05894149133347204,NA,NA,NA,no2,M9: AugSynth_FE Belisario (Centro dropped),AugSynth_FE,2023w22,2023-05-29
28,0.06059738354592481,NA,NA,NA,no2,M9: AugSynth_FE Belisario (Centro dropped),AugSynth_FE,2023w23,2023-06-05
29,-0.1070790554196881,NA,NA,NA,no2,M9: AugSynth_FE Belisario (Centro dropped),AugSynth_FE,2023w24,2023-06-12
30,-0.022759490744354682,NA,NA,NA,no2,M9: AugSynth_FE Belisario (Centro dropped),AugSynth_FE,2023w25,2023-06-19
31,-0.06268506416555386,NA,NA,NA,no2,M9: AugSynth_FE Belisario (Centro dropped),AugSynth_FE,2023w26,2023-06-26
32,-0.020401613298687504,NA,NA,NA,no2,M9: AugSynth_FE Belisario (Centro dropped),AugSynth_FE,2023w27,2023-07-03
33,-0.03572195302813208,NA,NA,NA,no2,M9: AugSynth_FE Belisario (Centro dropped),AugSynth_FE,2023w28,2023-07-10
34,0.027325806984535017,NA,NA,NA,no2,M9: AugSynth_FE Belisario (Centro dropped),AugSynth_FE,2023w29,2023-07-17
35,2.591948728958293e-4,NA,NA,NA,no2,M9: AugSynth_FE Belisario (Centro dropped),AugSynth_FE,2023w30,2023-07-24
36,0.0703965831086304,NA,NA,NA,no2,M9: AugSynth_FE Belisario (Centro dropped),AugSynth_FE,2023w31,2023-07-31
37,-0.10009855127738376,NA,NA,NA,no2,M9: AugSynth_FE Belisario (Centro dropped),AugSynth_FE,2023w32,2023-08-07
38,0.23193956422129203,NA,NA,NA,no2,M9: AugSynth_FE Belisario (Centro dropped),AugSynth_FE,2023w33,2023-08-14
39,0.07713408087135454,NA,NA,NA,no2,M9: AugSynth_FE Belisario (Centro dropped),AugSynth_FE,2023w34,2023-08-21
40,0.07510000814503437,NA,NA,NA,no2,M9: AugSynth_FE Belisario (Centro dropped),AugSynth_FE,2023w35,2023-08-28
41,-0.009690052760852552,NA,NA,NA,no2,M9: AugSynth_FE Belisario (Centro dropped),AugSynth_FE,2023w36,2023-09-04
42,-0.024206527608488404,NA,NA,NA,no2,M9: AugSynth_FE Belisario (Centro dropped),AugSynth_FE,2023w37,2023-09-11
43,-0.06845663691946502,NA,NA,NA,no2,M9: AugSynth_FE Belisario (Centro dropped),AugSynth_FE,2023w38,2023-09-18
44,0.05852539825286929,NA,NA,NA,no2,M9: AugSynth_FE Belisario (Centro dropped),AugSynth_FE,2023w39,2023-09-25
45,0.07515799908058884,NA,NA,NA,no2,M9: AugSynth_FE Belisario (Centro dropped),AugSynth_FE,2023w40,2023-10-02
46,-0.03910883518787678,NA,NA,NA,no2,M9: AugSynth_FE Belisario (Centro dropped),AugSynth_FE,2023w41,2023-10-09
47,-0.03466962074276703,NA,NA,NA,no2,M9: AugSynth_FE Belisario (Centro dropped),AugSynth_FE,2023w42,2023-10-16
48,0.04924787588611146,NA,NA,NA,no2,M9: AugSynth_FE Belisario (Centro dropped),AugSynth_FE,2023w43,2023-10-23
49,-0.026535523061272492,NA,NA,NA,no2,M9: AugSynth_FE Belisario (Centro dropped),AugSynth_FE,2023w44,2023-10-30
50,0.017954408000319777,NA,NA,NA,no2,M9: AugSynth_FE Belisario (Centro dropped),AugSynth_FE,2023w45,2023-11-06
51,0.13645364235967294,NA,NA,NA,no2,M9: AugSynth_FE Belisario (Centro dropped),AugSynth_FE,2023w46,2023-11-13
52,0.19749130638251922,NA,NA,NA,no2,M9: AugSynth_FE Belisario (Centro dropped),AugSynth_FE,2023w47,2023-11-20
53,0.02444692739052501,-0.1744752321101573,0.23708785651194397,0.849,no2,M9: AugSynth_FE Belisario (Centro dropped),AugSynth_FE,2023w48,2023-11-27
54,0.18795538280455037,-0.010966776696131941,0.38687754230523264,0.099,no2,M9: AugSynth_FE Belisario (Centro dropped),AugSynth_FE,2023w49,2023-12-04
55,-0.03514843424587566,-0.23407059374655798,0.1774924948755433,0.734,no2,M9: AugSynth_FE Belisario (Centro dropped),AugSynth_FE,2023w50,2023-12-11
56,0.035574919172475905,-0.1633472403282064,0.2893721571561051,0.759,no2,M9: AugSynth_FE Belisario (Centro dropped),AugSynth_FE,2023w51,2023-12-18
57,0.10236912375019536,-0.12399057499196037,0.3150100528716143,0.305,no2,M9: AugSynth_FE Belisario (Centro dropped),AugSynth_FE,2023w52,2023-12-25
58,0.15198182958418327,-0.07437786915797245,0.37834152832633905,0.103,no2,M9: AugSynth_FE Belisario (Centro dropped),AugSynth_FE,2024w01,2024-01-01
59,0.0312480398472208,-0.20883042851567163,0.2576077385893766,0.819,no2,M9: AugSynth_FE Belisario (Centro dropped),AugSynth_FE,2024w02,2024-01-08
60,-0.1013325625396364,-0.32769226128179213,0.12502713620251937,0.286,no2,M9: AugSynth_FE Belisario (Centro dropped),AugSynth_FE,2024w03,2024-01-15
61,0.10933091565177122,-0.1033100134696478,0.3219718447731902,0.233,no2,M9: AugSynth_FE Belisario (Centro dropped),AugSynth_FE,2024w04,2024-01-22
62,0.12076744469824297,-0.07815471480243935,0.33340837381966193,0.193,no2,M9: AugSynth_FE Belisario (Centro dropped),AugSynth_FE,2024w05,2024-01-29
63,0.07788096351528262,-0.1210411959853997,0.2905218926367016,0.402,no2,M9: AugSynth_FE Belisario (Centro dropped),AugSynth_FE,2024w06,2024-02-05
64,0.10154717887515963,-0.11109375024625939,0.3416256472380521,0.291,no2,M9: AugSynth_FE Belisario (Centro dropped),AugSynth_FE,2024w07,2024-02-12
65,0.07460601263077482,-0.1517536861113809,0.3009657113729306,0.478,no2,M9: AugSynth_FE Belisario (Centro dropped),AugSynth_FE,2024w08,2024-02-19
66,0.04640202208517552,-0.1662389070362435,0.2727617208273313,0.698,no2,M9: AugSynth_FE Belisario (Centro dropped),AugSynth_FE,2024w09,2024-02-26
67,0.005758189082338827,-0.2068827400390802,0.2183991182037578,0.984,no2,M9: AugSynth_FE Belisario (Centro dropped),AugSynth_FE,2024w10,2024-03-04
68,0.13121315052938387,-0.08142777859203515,0.35757284927153965,0.155,no2,M9: AugSynth_FE Belisario (Centro dropped),AugSynth_FE,2024w11,2024-03-11
69,-0.002363564441773214,-0.25616080242540235,0.251433673541856,0.982,no2,M9: AugSynth_FE Belisario (Centro dropped),AugSynth_FE,2024w12,2024-03-18
70,0.0373599135171645,-0.23015609408720136,0.3048759211215304,0.811,no2,M9: AugSynth_FE Belisario (Centro dropped),AugSynth_FE,2024w13,2024-03-25
71,0.04014626972806612,-0.213650968255563,0.37625612543611553,0.746,no2,M9: AugSynth_FE Belisario (Centro dropped),AugSynth_FE,2024w14,2024-04-01
72,-0.10802258407575005,-0.3481010524386425,0.13205588428714243,0.245,no2,M9: AugSynth_FE Belisario (Centro dropped),AugSynth_FE,2024w15,2024-04-08
73,0.01512510107726417,-0.21123459766489155,0.24148479981941995,0.917,no2,M9: AugSynth_FE Belisario (Centro dropped),AugSynth_FE,2024w16,2024-04-15
74,0.14943375652082347,-0.07692594222133226,0.37579345526297925,0.142,no2,M9: AugSynth_FE Belisario (Centro dropped),AugSynth_FE,2024w17,2024-04-22
75,0.07139405779165298,-0.18240318019197616,0.31147252615454546,0.558,no2,M9: AugSynth_FE Belisario (Centro dropped),AugSynth_FE,2024w18,2024-04-29
76,-0.041521958029207884,-0.295319196012837,0.1985565103336846,0.732,no2,M9: AugSynth_FE Belisario (Centro dropped),AugSynth_FE,2024w19,2024-05-06
77,0.04165771422203113,-0.1847019845201246,0.2680174129641869,0.708,no2,M9: AugSynth_FE Belisario (Centro dropped),AugSynth_FE,2024w20,2024-05-13
78,-0.01258915262114435,-0.2663863906047735,0.22748931574174813,0.939,no2,M9: AugSynth_FE Belisario (Centro dropped),AugSynth_FE,2024w21,2024-05-20
79,0.022548740949404955,-0.23124849703422418,0.26262720931229744,0.922,no2,M9: AugSynth_FE Belisario (Centro dropped),AugSynth_FE,2024w22,2024-05-27
80,0.21163944190622486,-0.02843902645666757,0.45171791026911734,0.102,no2,M9: AugSynth_FE Belisario (Centro dropped),AugSynth_FE,2024w23,2024-06-03
81,0.2884226960786762,0.020906688474310348,0.5422199340623054,0.021,no2,M9: AugSynth_FE Belisario (Centro dropped),AugSynth_FE,2024w24,2024-06-10
82,0.06480428278416461,-0.18899295519946452,0.3048827511470571,0.581,no2,M9: AugSynth_FE Belisario (Centro dropped),AugSynth_FE,2024w25,2024-06-17
83,0.08478042245758699,-0.15529804590530544,0.31114012119974277,0.446,no2,M9: AugSynth_FE Belisario (Centro dropped),AugSynth_FE,2024w26,2024-06-24
84,0.08109628126454371,-0.145263417477612,0.3211747496274362,0.464,no2,M9: AugSynth_FE Belisario (Centro dropped),AugSynth_FE,2024w27,2024-07-01
85,-0.08365226317471874,-0.31001196191687447,0.14270743556743704,0.402,no2,M9: AugSynth_FE Belisario (Centro dropped),AugSynth_FE,2024w28,2024-07-08
86,0.021538991200047874,-0.17738316830063444,0.24789868994220365,0.912,no2,M9: AugSynth_FE Belisario (Centro dropped),AugSynth_FE,2024w29,2024-07-15
87,0.06389911809905602,-0.1624605806430997,0.2902588168412118,0.572,no2,M9: AugSynth_FE Belisario (Centro dropped),AugSynth_FE,2024w30,2024-07-22
88,0.12736254559933524,-0.1264346923842939,0.39487855320370113,0.226,no2,M9: AugSynth_FE Belisario (Centro dropped),AugSynth_FE,2024w31,2024-07-29
89,-0.008900090521313242,-0.24897855888420567,0.23117837784157924,0.961,no2,M9: AugSynth_FE Belisario (Centro dropped),AugSynth_FE,2024w32,2024-08-05
90,-0.11442450660403036,-0.3545029749669228,0.12565396175886212,0.241,no2,M9: AugSynth_FE Belisario (Centro dropped),AugSynth_FE,2024w33,2024-08-12
91,-0.03906847528158375,-0.2928657132652129,0.20100999308130874,0.753,no2,M9: AugSynth_FE Belisario (Centro dropped),AugSynth_FE,2024w34,2024-08-19
92,-0.12087140065737412,-0.4158249475032134,0.17408214618846518,0.38,no2,M9: AugSynth_FE Belisario (Centro dropped),AugSynth_FE,2024w35,2024-08-26
93,-0.09235627473796582,-0.33243474310085824,0.14772219362492667,0.402,no2,M9: AugSynth_FE Belisario (Centro dropped),AugSynth_FE,2024w36,2024-09-02
94,0.013590936524556785,-0.21276876221759894,0.2811069441289227,0.934,no2,M9: AugSynth_FE Belisario (Centro dropped),AugSynth_FE,2024w37,2024-09-09
95,-0.0829620644775515,-0.2818842239782338,0.1708351735060777,0.391,no2,M9: AugSynth_FE Belisario (Centro dropped),AugSynth_FE,2024w38,2024-09-16
96,-0.04038599331511028,-0.2393081528157926,0.15853616618557198,0.705,no2,M9: AugSynth_FE Belisario (Centro dropped),AugSynth_FE,2024w39,2024-09-23
97,-0.03842599791188572,-0.26478569665404145,0.18793370083027006,0.763,no2,M9: AugSynth_FE Belisario (Centro dropped),AugSynth_FE,2024w40,2024-09-30
98,-7.917580862493168e-4,-0.22715145682840504,0.21184917103516965,0.98,no2,M9: AugSynth_FE Belisario (Centro dropped),AugSynth_FE,2024w41,2024-10-07
99,0.1136758025609379,-0.11268389618121782,0.32631673168235686,0.256,no2,M9: AugSynth_FE Belisario (Centro dropped),AugSynth_FE,2024w42,2024-10-14
100,0.18546527335842233,-0.013456886142259983,0.3981062024798413,0.132,no2,M9: AugSynth_FE Belisario (Centro dropped),AugSynth_FE,2024w43,2024-10-21
101,0.05859833292871519,-0.16776136581344053,0.2986768012916077,0.596,no2,M9: AugSynth_FE Belisario (Centro dropped),AugSynth_FE,2024w44,2024-10-28
102,-0.07413903464661908,-0.3004987333887748,0.1522206640955367,0.484,no2,M9: AugSynth_FE Belisario (Centro dropped),AugSynth_FE,2024w45,2024-11-04
103,-0.07552064792844337,-0.2881615770498624,0.12340151157223889,0.461,no2,M9: AugSynth_FE Belisario (Centro dropped),AugSynth_FE,2024w46,2024-11-11
104,0.1577562669380006,-0.05488466218341842,0.37039719605941956,0.106,no2,M9: AugSynth_FE Belisario (Centro dropped),AugSynth_FE,2024w47,2024-11-18
105,0.201797176080714,-0.02456252266144171,0.4281568748228698,0.11,no2,M9: AugSynth_FE Belisario (Centro dropped),AugSynth_FE,2024w48,2024-11-25
106,0.08615126936022444,-0.12648965976119458,0.2987921984816434,0.335,no2,M9: AugSynth_FE Belisario (Centro dropped),AugSynth_FE,2024w49,2024-12-02
107,0.12810935073449858,-0.09825034800765714,0.35446904947665436,0.176,no2,M9: AugSynth_FE Belisario (Centro dropped),AugSynth_FE,2024w50,2024-12-09
108,0.07151236270231509,-0.12740979679836723,0.28415329182373406,0.473,no2,M9: AugSynth_FE Belisario (Centro dropped),AugSynth_FE,2024w51,2024-12-16
109,0.03345603760882687,-0.19290366113332885,0.25981573635098265,0.805,no2,M9: AugSynth_FE Belisario (Centro dropped),AugSynth_FE,2024w52,2024-12-23
110,0.16777275517565204,-0.12718079167018723,0.44900753240075464,0.158,no2,M9: AugSynth_FE Belisario (Centro dropped),AugSynth_FE,2025w01,2024-12-30
111,0.1464477332011307,-0.07991196554102503,0.3865262015640232,0.12,no2,M9: AugSynth_FE Belisario (Centro dropped),AugSynth_FE,2025w02,2025-01-06
112,0.10379345462217193,-0.1362850137407205,0.3164343837435909,0.276,no2,M9: AugSynth_FE Belisario (Centro dropped),AugSynth_FE,2025w03,2025-01-13
113,0.066043816590458,-0.16031588215169773,0.3061222849533505,0.55,no2,M9: AugSynth_FE Belisario (Centro dropped),AugSynth_FE,2025w04,2025-01-20
114,0.04162324200554046,-0.18473645673661526,0.26798294074769624,0.73,no2,M9: AugSynth_FE Belisario (Centro dropped),AugSynth_FE,2025w05,2025-01-27
115,0.19587703518166677,-0.04420143318122566,0.42223673392382255,0.106,no2,M9: AugSynth_FE Belisario (Centro dropped),AugSynth_FE,2025w06,2025-02-03
116,0.14903264120529292,-0.10476459677833623,0.4028298791889221,0.142,no2,M9: AugSynth_FE Belisario (Centro dropped),AugSynth_FE,2025w07,2025-02-10
117,0.1257541525623358,-0.15548062466276677,0.4069889297874384,0.276,no2,M9: AugSynth_FE Belisario (Centro dropped),AugSynth_FE,2025w08,2025-02-17
118,0.4579625916871586,0.12185273597910917,0.794072447395208,0.046,no2,M9: AugSynth_FE Belisario (Centro dropped),AugSynth_FE,2025w09,2025-02-24
119,0.502839076682656,0,0.8389489323907054,0.07,no2,M9: AugSynth_FE Belisario (Centro dropped),AugSynth_FE,2025w10,2025-03-03
120,0.5022004810453815,0.1660906253373321,0.8383103367534309,0.049,no2,M9: AugSynth_FE Belisario (Centro dropped),AugSynth_FE,2025w11,2025-03-10
121,0.44775922024000003,0,0.7838690759480494,0.068,no2,M9: AugSynth_FE Belisario (Centro dropped),AugSynth_FE,2025w12,2025-03-17
122,0.4068315059358123,0,0.7429413616438617,0.132,no2,M9: AugSynth_FE Belisario (Centro dropped),AugSynth_FE,2025w13,2025-03-24
123,0.4502019052077517,0.11409204949970231,0.7863117609158011,0.049,no2,M9: AugSynth_FE Belisario (Centro dropped),AugSynth_FE,2025w14,2025-03-31
124,0.1588134386212836,-0.1635776474660291,0.4812045247085963,0.25,no2,M9: AugSynth_FE Belisario (Centro dropped),AugSynth_FE,2025w15,2025-04-07
125,0.14461438041917107,-0.06802654870224795,0.35725530954059004,0.16,no2,M9: AugSynth_FE Belisario (Centro dropped),AugSynth_FE,2025w16,2025-04-14
126,0.1345439523482903,-0.06437820715239201,0.33346611184897257,0.151,no2,M9: AugSynth_FE Belisario (Centro dropped),AugSynth_FE,2025w17,2025-04-21
127,0.1804671030228091,-0.032173826098609914,0.4068268017649649,0.092,no2,M9: AugSynth_FE Belisario (Centro dropped),AugSynth_FE,2025w18,2025-04-28
128,0.020310225803738202,-0.17861193369694411,0.21923238530442046,0.908,no2,M9: AugSynth_FE Belisario (Centro dropped),AugSynth_FE,2025w19,2025-05-05
129,0.2775548854223846,0.07863272592170228,0.49019581454380357,0.018,no2,M9: AugSynth_FE Belisario (Centro dropped),AugSynth_FE,2025w20,2025-05-12
130,0.17171529496219406,-0.040925634159224955,0.39807499370434984,0.108,no2,M9: AugSynth_FE Belisario (Centro dropped),AugSynth_FE,2025w21,2025-05-19
131,0.16250260546710393,-0.05013832365431509,0.3751435345885229,0.117,no2,M9: AugSynth_FE Belisario (Centro dropped),AugSynth_FE,2025w22,2025-05-26
132,0.12149205617613701,-0.09114887294528201,0.3478517549182928,0.175,no2,M9: AugSynth_FE Belisario (Centro dropped),AugSynth_FE,2025w23,2025-06-02
133,0.2595797066343115,0.04693877751289249,0.499658174997204,0.036,no2,M9: AugSynth_FE Belisario (Centro dropped),AugSynth_FE,2025w24,2025-06-09
134,-0.01797054420987365,-0.24433024295202938,0.20838915453228213,0.921,no2,M9: AugSynth_FE Belisario (Centro dropped),AugSynth_FE,2025w25,2025-06-16
