week_label,Y_treated,Y_synthetic,difference,post_period,pollutant,model,method,week_date
2022w48,3.4290063681179164,3.397399937443201,0.03160643067471547,FALSE,no2,M4: AugSynth Centro+Belisario,AugSynth,2022-11-28
2022w49,3.7020199338182636,3.713784529414917,-0.01176459559665366,FALSE,no2,M4: AugSynth Centro+Belisario,AugSynth,2022-12-05
2022w50,3.5446931402729254,3.6302797846094466,-0.08558664433652119,FALSE,no2,M4: AugSynth Centro+Belisario,AugSynth,2022-12-12
2022w51,3.6283661984683753,3.4850456772071756,0.14332052126119965,FALSE,no2,M4: AugSynth Centro+Belisario,AugSynth,2022-12-19
2022w52,3.6507235645127962,3.7047707094290607,-0.0540471449162645,FALSE,no2,M4: AugSynth Centro+Belisario,AugSynth,2022-12-26
2023w01,3.6574542835819814,3.766183757987265,-0.10872947440528336,FALSE,no2,M4: AugSynth Centro+Belisario,AugSynth,2023-01-02
2023w02,3.7677193184818294,3.763916201776364,0.0038031167054652926,FALSE,no2,M4: AugSynth Centro+Belisario,AugSynth,2023-01-09
2023w03,3.628589333267931,3.666438679953208,-0.03784934668527695,FALSE,no2,M4: AugSynth Centro+Belisario,AugSynth,2023-01-16
2023w04,3.3924033288153947,3.510445999590843,-0.11804267077544806,FALSE,no2,M4: AugSynth Centro+Belisario,AugSynth,2023-01-23
2023w05,3.659587637858353,3.587888200933858,0.07169943692449499,FALSE,no2,M4: AugSynth Centro+Belisario,AugSynth,2023-01-30
2023w06,3.537498829527215,3.520790399547734,0.0167084299794813,FALSE,no2,M4: AugSynth Centro+Belisario,AugSynth,2023-02-06
2023w07,3.5587406340287093,3.535250557687514,0.023490076341195376,FALSE,no2,M4: AugSynth Centro+Belisario,AugSynth,2023-02-13
2023w08,3.527549110759037,3.565080999892537,-0.037531889133499696,FALSE,no2,M4: AugSynth Centro+Belisario,AugSynth,2023-02-20
2023w09,3.568155881951201,3.5275711422245304,0.04058473972667054,FALSE,no2,M4: AugSynth Centro+Belisario,AugSynth,2023-02-27
2023w10,3.497924799447933,3.4406594825333707,0.05726531691456227,FALSE,no2,M4: AugSynth Centro+Belisario,AugSynth,2023-03-06
2023w11,3.416638168447977,3.4929403821915592,-0.07630221374358204,FALSE,no2,M4: AugSynth Centro+Belisario,AugSynth,2023-03-13
2023w12,3.659744473644727,3.661038205837023,-0.0012937321922961154,FALSE,no2,M4: AugSynth Centro+Belisario,AugSynth,2023-03-20
2023w13,3.782782016907878,3.772824954613821,0.009957062294057017,FALSE,no2,M4: AugSynth Centro+Belisario,AugSynth,2023-03-27
2023w14,3.643096028584038,3.663594618638084,-0.020498590054045973,FALSE,no2,M4: AugSynth Centro+Belisario,AugSynth,2023-04-03
2023w15,3.5623085096859395,3.521105769578741,0.04120274010719838,FALSE,no2,M4: AugSynth Centro+Belisario,AugSynth,2023-04-10
2023w16,3.655961624455475,3.6133535506553267,0.042608073800148194,FALSE,no2,M4: AugSynth Centro+Belisario,AugSynth,2023-04-17
2023w17,3.6747864352874124,3.643789956098965,0.030996479188447612,FALSE,no2,M4: AugSynth Centro+Belisario,AugSynth,2023-04-24
2023w18,3.063659185227049,3.157256088643222,-0.09359690341617277,FALSE,no2,M4: AugSynth Centro+Belisario,AugSynth,2023-05-01
2023w19,3.4566762691958486,3.6131914079013074,-0.15651513870545886,FALSE,no2,M4: AugSynth Centro+Belisario,AugSynth,2023-05-08
2023w20,3.5756053734838202,3.4726784836988513,0.10292688978496889,FALSE,no2,M4: AugSynth Centro+Belisario,AugSynth,2023-05-15
2023w21,3.5238001056234367,3.4861663771172107,0.03763372850622604,FALSE,no2,M4: AugSynth Centro+Belisario,AugSynth,2023-05-22
2023w22,3.39272592806401,3.464468543031296,-0.07174261496728596,FALSE,no2,M4: AugSynth Centro+Belisario,AugSynth,2023-05-29
2023w23,3.423878015719776,3.475249697485877,-0.05137168176610096,FALSE,no2,M4: AugSynth Centro+Belisario,AugSynth,2023-06-05
2023w24,3.3550996836221993,3.456358331421194,-0.10125864779899452,FALSE,no2,M4: AugSynth Centro+Belisario,AugSynth,2023-06-12
2023w25,3.3212681712564773,3.281378676643678,0.039889494612799226,FALSE,no2,M4: AugSynth Centro+Belisario,AugSynth,2023-06-19
2023w26,3.362259912355535,3.416437701278242,-0.05417778892270686,FALSE,no2,M4: AugSynth Centro+Belisario,AugSynth,2023-06-26
2023w27,3.5176434990864345,3.407885683468054,0.1097578156183805,FALSE,no2,M4: AugSynth Centro+Belisario,AugSynth,2023-07-03
2023w28,3.545408783738863,3.5246182593527076,0.02079052438615525,FALSE,no2,M4: AugSynth Centro+Belisario,AugSynth,2023-07-10
2023w29,3.2419943971683765,3.3728934212597865,-0.13089902409141008,FALSE,no2,M4: AugSynth Centro+Belisario,AugSynth,2023-07-17
2023w30,3.5275665702455328,3.4628921162646096,0.0646744539809232,FALSE,no2,M4: AugSynth Centro+Belisario,AugSynth,2023-07-24
2023w31,3.3494138903554664,3.3250154907229144,0.02439839963255208,FALSE,no2,M4: AugSynth Centro+Belisario,AugSynth,2023-07-31
2023w32,3.3572497167369395,3.517551441704703,-0.16030172496776363,FALSE,no2,M4: AugSynth Centro+Belisario,AugSynth,2023-08-07
2023w33,3.7365353208463032,3.367129462192149,0.36940585865415443,FALSE,no2,M4: AugSynth Centro+Belisario,AugSynth,2023-08-14
2023w34,3.771960628117357,3.521524858255814,0.25043576986154337,FALSE,no2,M4: AugSynth Centro+Belisario,AugSynth,2023-08-21
2023w35,3.5484494970333795,3.420682100473072,0.12776739656030767,FALSE,no2,M4: AugSynth Centro+Belisario,AugSynth,2023-08-28
2023w36,3.5828206574481047,3.5093556462454703,0.07346501120263449,FALSE,no2,M4: AugSynth Centro+Belisario,AugSynth,2023-09-04
2023w37,3.5188981465540894,3.5665793856188435,-0.04768123906475408,FALSE,no2,M4: AugSynth Centro+Belisario,AugSynth,2023-09-11
2023w38,3.660366949619551,3.8047086935693293,-0.1443417439497785,FALSE,no2,M4: AugSynth Centro+Belisario,AugSynth,2023-09-18
2023w39,4.004801382154497,3.9560615456700745,0.04873983648442248,FALSE,no2,M4: AugSynth Centro+Belisario,AugSynth,2023-09-25
2023w40,3.939834147909805,3.9359010034768205,0.003933144432984648,FALSE,no2,M4: AugSynth Centro+Belisario,AugSynth,2023-10-02
2023w41,3.93514422648561,3.903784707685804,0.03135951879980592,FALSE,no2,M4: AugSynth Centro+Belisario,AugSynth,2023-10-09
2023w42,3.873741677689029,3.8149260883975584,0.05881558929147079,FALSE,no2,M4: AugSynth Centro+Belisario,AugSynth,2023-10-16
2023w43,3.90536275497677,3.8840263935811086,0.02133636139566164,FALSE,no2,M4: AugSynth Centro+Belisario,AugSynth,2023-10-23
2023w44,3.6113814428478284,3.6219374400505266,-0.010555997202698286,FALSE,no2,M4: AugSynth Centro+Belisario,AugSynth,2023-10-30
2023w45,3.6119996087896915,3.569597067864699,0.042402540924992405,FALSE,no2,M4: AugSynth Centro+Belisario,AugSynth,2023-11-06
2023w46,3.7862224735496817,3.567663053299458,0.21855942025022346,FALSE,no2,M4: AugSynth Centro+Belisario,AugSynth,2023-11-13
2023w47,3.8096166258846287,3.7217956247228354,0.08782100116179326,FALSE,no2,M4: AugSynth Centro+Belisario,AugSynth,2023-11-20
2023w48,3.6045990418874694,3.5325052813697253,0.07209376051774408,TRUE,no2,M4: AugSynth Centro+Belisario,AugSynth,2023-11-27
2023w49,3.657818151724923,3.537782824674673,0.1200353270502501,TRUE,no2,M4: AugSynth Centro+Belisario,AugSynth,2023-12-04
2023w50,3.6653973045759005,3.5584899528124674,0.10690735176343313,TRUE,no2,M4: AugSynth Centro+Belisario,AugSynth,2023-12-11
2023w51,3.7515461010732793,3.640893362708489,0.11065273836479017,TRUE,no2,M4: AugSynth Centro+Belisario,AugSynth,2023-12-18
2023w52,3.4807997455886057,3.2567382593690324,0.22406148621957334,TRUE,no2,M4: AugSynth Centro+Belisario,AugSynth,2023-12-25
2024w01,3.658660690254904,3.372214654380442,0.28644603587446227,TRUE,no2,M4: AugSynth Centro+Belisario,AugSynth,2024-01-01
2024w02,3.4745056495431634,3.366103917430208,0.10840173211295534,TRUE,no2,M4: AugSynth Centro+Belisario,AugSynth,2024-01-08
2024w03,3.3733438689663098,3.3681120459592275,0.005231823007082248,TRUE,no2,M4: AugSynth Centro+Belisario,AugSynth,2024-01-15
2024w04,3.456125263432786,3.3842649366675572,0.07186032676522869,TRUE,no2,M4: AugSynth Centro+Belisario,AugSynth,2024-01-22
2024w05,3.6668267221909474,3.526984639826034,0.13984208236491336,TRUE,no2,M4: AugSynth Centro+Belisario,AugSynth,2024-01-29
2024w06,3.67788859939456,3.6188055217099775,0.05908307768458254,TRUE,no2,M4: AugSynth Centro+Belisario,AugSynth,2024-02-05
2024w07,3.1913491866342563,3.1556094359800433,0.035739750654212976,TRUE,no2,M4: AugSynth Centro+Belisario,AugSynth,2024-02-12
2024w08,3.4826022969444916,3.4526967156823294,0.02990558126216225,TRUE,no2,M4: AugSynth Centro+Belisario,AugSynth,2024-02-19
2024w09,3.819416828933849,3.6809565417510015,0.13846028718284753,TRUE,no2,M4: AugSynth Centro+Belisario,AugSynth,2024-02-26
2024w10,3.655793821704,3.5861607653907064,0.06963305631329364,TRUE,no2,M4: AugSynth Centro+Belisario,AugSynth,2024-03-04
2024w11,3.5097688740420834,3.438469920316986,0.0712989537250972,TRUE,no2,M4: AugSynth Centro+Belisario,AugSynth,2024-03-11
2024w12,3.701597360025759,3.5215382947400937,0.1800590652856653,TRUE,no2,M4: AugSynth Centro+Belisario,AugSynth,2024-03-18
2024w13,3.8449321225798245,3.5581783924289327,0.2867537301508918,TRUE,no2,M4: AugSynth Centro+Belisario,AugSynth,2024-03-25
2024w14,3.7487896601779678,3.572857752168702,0.17593190800926584,TRUE,no2,M4: AugSynth Centro+Belisario,AugSynth,2024-04-01
2024w15,3.696487201077983,3.587607026973643,0.10888017410433992,TRUE,no2,M4: AugSynth Centro+Belisario,AugSynth,2024-04-08
2024w16,3.784603341590975,3.717115612479633,0.06748772911134182,TRUE,no2,M4: AugSynth Centro+Belisario,AugSynth,2024-04-15
2024w17,3.7913604189663275,3.5942645565912854,0.19709586237504206,TRUE,no2,M4: AugSynth Centro+Belisario,AugSynth,2024-04-22
2024w18,3.5697469012028056,3.324605027872644,0.2451418733301618,TRUE,no2,M4: AugSynth Centro+Belisario,AugSynth,2024-04-29
2024w19,3.668204510245129,3.502443401147177,0.16576110909795227,TRUE,no2,M4: AugSynth Centro+Belisario,AugSynth,2024-05-06
2024w20,3.570309593633202,3.454627464905711,0.11568212872749095,TRUE,no2,M4: AugSynth Centro+Belisario,AugSynth,2024-05-13
2024w21,3.32833990678795,3.1581281320132852,0.17021177477466498,TRUE,no2,M4: AugSynth Centro+Belisario,AugSynth,2024-05-20
2024w22,3.4763001913674545,3.2602837579034096,0.21601643346404487,TRUE,no2,M4: AugSynth Centro+Belisario,AugSynth,2024-05-27
2024w23,3.2998604503609767,3.0371763127805744,0.2626841375804023,TRUE,no2,M4: AugSynth Centro+Belisario,AugSynth,2024-06-03
2024w24,3.403898494716646,3.0501062255591753,0.35379226915747086,TRUE,no2,M4: AugSynth Centro+Belisario,AugSynth,2024-06-10
2024w25,3.674895825621753,3.4702867104859405,0.20460911513581248,TRUE,no2,M4: AugSynth Centro+Belisario,AugSynth,2024-06-17
2024w26,3.52552083685172,3.3289809398051813,0.19653989704653885,TRUE,no2,M4: AugSynth Centro+Belisario,AugSynth,2024-06-24
2024w27,3.386724974043748,3.2417906260111216,0.1449343480326264,TRUE,no2,M4: AugSynth Centro+Belisario,AugSynth,2024-07-01
2024w28,3.445426172840083,3.3946176879055514,0.050808484934531606,TRUE,no2,M4: AugSynth Centro+Belisario,AugSynth,2024-07-08
2024w29,3.280326844808281,3.2714562868441677,0.008870557964113512,TRUE,no2,M4: AugSynth Centro+Belisario,AugSynth,2024-07-15
2024w30,3.36537036359966,3.1595851654655163,0.20578519813414387,TRUE,no2,M4: AugSynth Centro+Belisario,AugSynth,2024-07-22
2024w31,3.3894378132363743,3.0380025115659413,0.351435301670433,TRUE,no2,M4: AugSynth Centro+Belisario,AugSynth,2024-07-29
2024w32,3.6427321379529545,3.453237673285119,0.1894944646678356,TRUE,no2,M4: AugSynth Centro+Belisario,AugSynth,2024-08-05
2024w33,3.350024034200782,3.271923624389919,0.07810040981086308,TRUE,no2,M4: AugSynth Centro+Belisario,AugSynth,2024-08-12
2024w34,3.5096829932168587,3.4048961848842625,0.10478680833259624,TRUE,no2,M4: AugSynth Centro+Belisario,AugSynth,2024-08-19
2024w35,3.3679620250934708,3.200544802539087,0.16741722255438374,TRUE,no2,M4: AugSynth Centro+Belisario,AugSynth,2024-08-26
2024w36,3.52570284456951,3.5374062894021367,-0.01170344483262653,TRUE,no2,M4: AugSynth Centro+Belisario,AugSynth,2024-09-02
2024w37,3.5238462879184365,3.4152264793277465,0.10861980859068998,TRUE,no2,M4: AugSynth Centro+Belisario,AugSynth,2024-09-09
2024w38,3.6158003375896124,3.613172756228017,0.0026275813615952437,TRUE,no2,M4: AugSynth Centro+Belisario,AugSynth,2024-09-16
2024w39,3.7431804125881856,3.865232086316317,-0.12205167372813142,TRUE,no2,M4: AugSynth Centro+Belisario,AugSynth,2024-09-23
2024w40,4.055378619001789,3.9745236352367432,0.08085498376504541,TRUE,no2,M4: AugSynth Centro+Belisario,AugSynth,2024-09-30
2024w41,3.8930635419089454,3.8468975098867495,0.046166032022195935,TRUE,no2,M4: AugSynth Centro+Belisario,AugSynth,2024-10-07
2024w42,3.7648153028231732,3.659705461364452,0.10510984145872104,TRUE,no2,M4: AugSynth Centro+Belisario,AugSynth,2024-10-14
2024w43,3.8459855936979332,3.81051354973647,0.035472043961463307,TRUE,no2,M4: AugSynth Centro+Belisario,AugSynth,2024-10-21
2024w44,3.734731479391055,3.7235064437040766,0.011225035686978302,TRUE,no2,M4: AugSynth Centro+Belisario,AugSynth,2024-10-28
2024w45,3.7377336112906336,3.776252418356035,-0.03851880706540145,TRUE,no2,M4: AugSynth Centro+Belisario,AugSynth,2024-11-04
2024w46,3.8518815844770686,3.9109644868240494,-0.05908290234698077,TRUE,no2,M4: AugSynth Centro+Belisario,AugSynth,2024-11-11
2024w47,3.833124267010332,3.689634573660728,0.1434896933496037,TRUE,no2,M4: AugSynth Centro+Belisario,AugSynth,2024-11-18
2024w48,3.818257896060029,3.636046329056764,0.1822115670032649,TRUE,no2,M4: AugSynth Centro+Belisario,AugSynth,2024-11-25
2024w49,3.7985380341175725,3.6254714825514447,0.17306655156612782,TRUE,no2,M4: AugSynth Centro+Belisario,AugSynth,2024-12-02
2024w50,3.5698111351063364,3.363100071911406,0.2067110631949305,TRUE,no2,M4: AugSynth Centro+Belisario,AugSynth,2024-12-09
2024w51,3.5163802792675978,3.414187069334008,0.10219320993358982,TRUE,no2,M4: AugSynth Centro+Belisario,AugSynth,2024-12-16
2024w52,3.514964057858905,3.3590654761947145,0.15589858166419068,TRUE,no2,M4: AugSynth Centro+Belisario,AugSynth,2024-12-23
2025w01,3.225338200464545,2.9573382524959735,0.2679999479685713,TRUE,no2,M4: AugSynth Centro+Belisario,AugSynth,2024-12-30
2025w02,3.584079846534343,3.482498137633952,0.1015817089003912,TRUE,no2,M4: AugSynth Centro+Belisario,AugSynth,2025-01-06
2025w03,3.604608861234345,3.430324714309104,0.17428414692524097,TRUE,no2,M4: AugSynth Centro+Belisario,AugSynth,2025-01-13
2025w04,3.8197592597082943,3.7526270868359886,0.06713217287230577,TRUE,no2,M4: AugSynth Centro+Belisario,AugSynth,2025-01-20
2025w05,3.4133093046654466,3.2161276201192117,0.19718168454623486,TRUE,no2,M4: AugSynth Centro+Belisario,AugSynth,2025-01-27
2025w06,3.737261305602946,3.412566567573778,0.3246947380291676,TRUE,no2,M4: AugSynth Centro+Belisario,AugSynth,2025-02-03
2025w07,3.567166537748834,3.4169947185857925,0.15017181916304168,TRUE,no2,M4: AugSynth Centro+Belisario,AugSynth,2025-02-10
2025w08,3.4566563356821605,3.329325471611797,0.12733086407036343,TRUE,no2,M4: AugSynth Centro+Belisario,AugSynth,2025-02-17
2025w09,3.633444229002942,3.1882175765714633,0.4452266524314785,TRUE,no2,M4: AugSynth Centro+Belisario,AugSynth,2025-02-24
2025w10,3.665417399047019,3.2692224882114083,0.39619491083561087,TRUE,no2,M4: AugSynth Centro+Belisario,AugSynth,2025-03-03
2025w11,3.7664259314694837,3.4282125619097714,0.33821336955971226,TRUE,no2,M4: AugSynth Centro+Belisario,AugSynth,2025-03-10
2025w12,3.665783216258675,3.419145453222984,0.2466377630356913,TRUE,no2,M4: AugSynth Centro+Belisario,AugSynth,2025-03-17
2025w13,3.648671431744812,3.23561845242093,0.41305297932388196,TRUE,no2,M4: AugSynth Centro+Belisario,AugSynth,2025-03-24
2025w14,3.7656337757290115,3.4604826243847895,0.305151151344222,TRUE,no2,M4: AugSynth Centro+Belisario,AugSynth,2025-03-31
2025w15,3.530837483804586,3.431627968305448,0.09920951549913815,TRUE,no2,M4: AugSynth Centro+Belisario,AugSynth,2025-04-07
2025w16,3.4495293554976447,3.3790037965217774,0.07052555897586732,TRUE,no2,M4: AugSynth Centro+Belisario,AugSynth,2025-04-14
2025w17,3.780914624274911,3.7802239417196413,6.906825552697171e-4,TRUE,no2,M4: AugSynth Centro+Belisario,AugSynth,2025-04-21
2025w18,3.598899558471915,3.419505937331687,0.17939362114022783,TRUE,no2,M4: AugSynth Centro+Belisario,AugSynth,2025-04-28
2025w19,3.5031718401748604,3.543960338976104,-0.04078849880124347,TRUE,no2,M4: AugSynth Centro+Belisario,AugSynth,2025-05-05
2025w20,3.4670693828145787,3.2449035244741333,0.22216585834044533,TRUE,no2,M4: AugSynth Centro+Belisario,AugSynth,2025-05-12
2025w21,3.4484242102628007,3.347901748123111,0.10052246213968985,TRUE,no2,M4: AugSynth Centro+Belisario,AugSynth,2025-05-19
2025w22,3.302302777510712,3.1633848506198463,0.13891792689086557,TRUE,no2,M4: AugSynth Centro+Belisario,AugSynth,2025-05-26
2025w23,3.3367849601250192,3.257725715942531,0.07905924418248844,TRUE,no2,M4: AugSynth Centro+Belisario,AugSynth,2025-06-02
2025w24,3.5275824257575925,3.2964653466187723,0.23111707913882018,TRUE,no2,M4: AugSynth Centro+Belisario,AugSynth,2025-06-09
2025w25,2.925092116932062,3.25380918933609,-0.3287170724040278,TRUE,no2,M4: AugSynth Centro+Belisario,AugSynth,2025-06-16
2022w48,3.409110435154017,3.4084269836281504,6.834515258664631e-4,FALSE,no2,M5: AugSynth Centro (Bel. dropped),AugSynth,2022-11-28
2022w49,3.8264179118855406,3.7306317461730307,0.09578616571250986,FALSE,no2,M5: AugSynth Centro (Bel. dropped),AugSynth,2022-12-05
2022w50,3.525909442501763,3.641110107721737,-0.11520066521997396,FALSE,no2,M5: AugSynth Centro (Bel. dropped),AugSynth,2022-12-12
2022w51,3.6681153647612086,3.4872459570061474,0.18086940775506122,FALSE,no2,M5: AugSynth Centro (Bel. dropped),AugSynth,2022-12-19
2022w52,3.74879794432518,3.719839298494772,0.02895864583040808,FALSE,no2,M5: AugSynth Centro (Bel. dropped),AugSynth,2022-12-26
2023w01,3.7395804898175986,3.7853067106599116,-0.04572622084231304,FALSE,no2,M5: AugSynth Centro (Bel. dropped),AugSynth,2023-01-02
2023w02,3.8134468313995202,3.766739669051086,0.046707162348434306,FALSE,no2,M5: AugSynth Centro (Bel. dropped),AugSynth,2023-01-09
2023w03,3.627766171255473,3.678007573312054,-0.050241402056580675,FALSE,no2,M5: AugSynth Centro (Bel. dropped),AugSynth,2023-01-16
2023w04,3.3842094560406664,3.5248612258146697,-0.1406517697740033,FALSE,no2,M5: AugSynth Centro (Bel. dropped),AugSynth,2023-01-23
2023w05,3.660377093641224,3.6017989765133223,0.05857811712790184,FALSE,no2,M5: AugSynth Centro (Bel. dropped),AugSynth,2023-01-30
2023w06,3.6221438544994173,3.5314931687030224,0.0906506857963949,FALSE,no2,M5: AugSynth Centro (Bel. dropped),AugSynth,2023-02-06
2023w07,3.5605630113984876,3.5635606363779426,-0.0029976249794549936,FALSE,no2,M5: AugSynth Centro (Bel. dropped),AugSynth,2023-02-13
2023w08,3.546163151912341,3.599457293120193,-0.05329414120785225,FALSE,no2,M5: AugSynth Centro (Bel. dropped),AugSynth,2023-02-20
2023w09,3.5542522231826434,3.54329940009566,0.010952823086983532,FALSE,no2,M5: AugSynth Centro (Bel. dropped),AugSynth,2023-02-27
2023w10,3.4993016342052035,3.461294171108216,0.038007463096987326,FALSE,no2,M5: AugSynth Centro (Bel. dropped),AugSynth,2023-03-06
2023w11,3.4278501315482126,3.5191958648167785,-0.09134573326856588,FALSE,no2,M5: AugSynth Centro (Bel. dropped),AugSynth,2023-03-13
2023w12,3.6550985848110167,3.691971668744469,-0.03687308393345212,FALSE,no2,M5: AugSynth Centro (Bel. dropped),AugSynth,2023-03-20
2023w13,3.796649564365561,3.800566049449482,-0.003916485083921284,FALSE,no2,M5: AugSynth Centro (Bel. dropped),AugSynth,2023-03-27
2023w14,3.66505625514066,3.693564290481859,-0.028508035341198834,FALSE,no2,M5: AugSynth Centro (Bel. dropped),AugSynth,2023-04-03
2023w15,3.5693261023723237,3.550000052739544,0.01932604963277962,FALSE,no2,M5: AugSynth Centro (Bel. dropped),AugSynth,2023-04-10
2023w16,3.5955664453019454,3.6341070487196836,-0.03854060341773824,FALSE,no2,M5: AugSynth Centro (Bel. dropped),AugSynth,2023-04-17
2023w17,3.672529858236844,3.6598034873030887,0.012726370933755504,FALSE,no2,M5: AugSynth Centro (Bel. dropped),AugSynth,2023-04-24
2023w18,3.0155675800547614,3.1570061921084305,-0.14143861205366903,FALSE,no2,M5: AugSynth Centro (Bel. dropped),AugSynth,2023-05-01
2023w19,3.4343097331123578,3.6273652915840007,-0.1930555584716429,FALSE,no2,M5: AugSynth Centro (Bel. dropped),AugSynth,2023-05-08
2023w20,3.602513323453567,3.486885026371419,0.11562829708214828,FALSE,no2,M5: AugSynth Centro (Bel. dropped),AugSynth,2023-05-15
2023w21,3.52979579378716,3.5123111981835597,0.017484595603600273,FALSE,no2,M5: AugSynth Centro (Bel. dropped),AugSynth,2023-05-22
2023w22,3.4245557712393904,3.4907310389121426,-0.06617526767275228,FALSE,no2,M5: AugSynth Centro (Bel. dropped),AugSynth,2023-05-29
2023w23,3.478209861804493,3.494716165280318,-0.016506303475824602,FALSE,no2,M5: AugSynth Centro (Bel. dropped),AugSynth,2023-06-05
2023w24,3.461790630437442,3.470367336873986,-0.008576706436544068,FALSE,no2,M5: AugSynth Centro (Bel. dropped),AugSynth,2023-06-12
2023w25,3.4324053087863486,3.290009387097954,0.14239592168839454,FALSE,no2,M5: AugSynth Centro (Bel. dropped),AugSynth,2023-06-19
2023w26,3.447073250485089,3.4298897100160364,0.017183540469052794,FALSE,no2,M5: AugSynth Centro (Bel. dropped),AugSynth,2023-06-26
2023w27,3.6499480324451716,3.4423401503359465,0.2076078821092251,FALSE,no2,M5: AugSynth Centro (Bel. dropped),AugSynth,2023-07-03
2023w28,3.5974766306405925,3.5430616869920772,0.05441494364851529,FALSE,no2,M5: AugSynth Centro (Bel. dropped),AugSynth,2023-07-10
2023w29,3.2280998193957324,3.3836734028714046,-0.15557358347567218,FALSE,no2,M5: AugSynth Centro (Bel. dropped),AugSynth,2023-07-17
2023w30,3.5560430580186044,3.476800904281575,0.07924215373702959,FALSE,no2,M5: AugSynth Centro (Bel. dropped),AugSynth,2023-07-24
2023w31,3.308253289352691,3.3256465375858237,-0.01739324823313293,FALSE,no2,M5: AugSynth Centro (Bel. dropped),AugSynth,2023-07-31
2023w32,3.2970460112367186,3.5287108415025026,-0.231664830265784,FALSE,no2,M5: AugSynth Centro (Bel. dropped),AugSynth,2023-08-07
2023w33,3.754066202606751,3.386632142337349,0.36743406026940173,FALSE,no2,M5: AugSynth Centro (Bel. dropped),AugSynth,2023-08-14
2023w34,3.7926462003958044,3.520854133507944,0.2717920668878602,FALSE,no2,M5: AugSynth Centro (Bel. dropped),AugSynth,2023-08-21
2023w35,3.485548742462061,3.4037823144305372,0.08176642803152356,FALSE,no2,M5: AugSynth Centro (Bel. dropped),AugSynth,2023-08-28
2023w36,3.5062078360556863,3.495607434951011,0.010600401104675417,FALSE,no2,M5: AugSynth Centro (Bel. dropped),AugSynth,2023-09-04
2023w37,3.447476459182883,3.561612652011298,-0.11413619282841525,FALSE,no2,M5: AugSynth Centro (Bel. dropped),AugSynth,2023-09-11
2023w38,3.6507145167665214,3.7933690726064584,-0.14265455583993703,FALSE,no2,M5: AugSynth Centro (Bel. dropped),AugSynth,2023-09-18
2023w39,3.943909194290468,3.9506419964979362,-0.0067328022074684135,FALSE,no2,M5: AugSynth Centro (Bel. dropped),AugSynth,2023-09-25
2023w40,3.9228376491239807,3.956862838527255,-0.03402518940327415,FALSE,no2,M5: AugSynth Centro (Bel. dropped),AugSynth,2023-10-02
2023w41,3.9435410521446914,3.896137688577256,0.04740336356743535,FALSE,no2,M5: AugSynth Centro (Bel. dropped),AugSynth,2023-10-09
2023w42,3.9355311770077255,3.8173840200471028,0.11814715696062272,FALSE,no2,M5: AugSynth Centro (Bel. dropped),AugSynth,2023-10-16
2023w43,3.886964992753961,3.891189284953852,-0.0042242921998907335,FALSE,no2,M5: AugSynth Centro (Bel. dropped),AugSynth,2023-10-23
2023w44,3.5929878553183427,3.6362003952273207,-0.043212539908978,FALSE,no2,M5: AugSynth Centro (Bel. dropped),AugSynth,2023-10-30
2023w45,3.6145688973387715,3.5733761573501885,0.04119273998858297,FALSE,no2,M5: AugSynth Centro (Bel. dropped),AugSynth,2023-11-06
2023w46,3.7956614589770945,3.567187455756128,0.22847400322096645,FALSE,no2,M5: AugSynth Centro (Bel. dropped),AugSynth,2023-11-13
2023w47,3.7016722759126885,3.726456973001593,-0.024784697088904295,FALSE,no2,M5: AugSynth Centro (Bel. dropped),AugSynth,2023-11-20
2023w48,3.587206575202634,3.532982454931291,0.05422412027134316,TRUE,no2,M5: AugSynth Centro (Bel. dropped),AugSynth,2023-11-27
2023w49,3.571408869639598,3.5402500163090602,0.031158853330537806,TRUE,no2,M5: AugSynth Centro (Bel. dropped),AugSynth,2023-12-04
2023w50,3.720814072644282,3.5636419017470744,0.15717217089720759,TRUE,no2,M5: AugSynth Centro (Bel. dropped),AugSynth,2023-12-11
2023w51,3.7864597824528,3.655194034655714,0.131265747797086,TRUE,no2,M5: AugSynth Centro (Bel. dropped),AugSynth,2023-12-18
2023w52,3.4837497579939734,3.2629557885781266,0.22079396941584672,TRUE,no2,M5: AugSynth Centro (Bel. dropped),AugSynth,2023-12-25
2024w01,3.6493847034157967,3.3823582256636726,0.26702647775212407,TRUE,no2,M5: AugSynth Centro (Bel. dropped),AugSynth,2024-01-01
2024w02,3.4555487730785863,3.377454743068748,0.07809403000983828,TRUE,no2,M5: AugSynth Centro (Bel. dropped),AugSynth,2024-01-08
2024w03,3.375617431059383,3.3713802572284948,0.0042371738308881746,TRUE,no2,M5: AugSynth Centro (Bel. dropped),AugSynth,2024-01-15
2024w04,3.414168448026634,3.3824969565239473,0.03167149150268678,TRUE,no2,M5: AugSynth Centro (Bel. dropped),AugSynth,2024-01-22
2024w05,3.595721955627687,3.5304945509992036,0.06522740462848331,TRUE,no2,M5: AugSynth Centro (Bel. dropped),AugSynth,2024-01-29
2024w06,3.6472585294228357,3.615824509877482,0.03143401954535374,TRUE,no2,M5: AugSynth Centro (Bel. dropped),AugSynth,2024-02-05
2024w07,3.099521555470332,3.1549135821279375,-0.05539202665760534,TRUE,no2,M5: AugSynth Centro (Bel. dropped),AugSynth,2024-02-12
2024w08,3.387796883598909,3.4648833567325115,-0.0770864731336025,TRUE,no2,M5: AugSynth Centro (Bel. dropped),AugSynth,2024-02-19
2024w09,3.7833104596790363,3.6826863796383242,0.1006240800407121,TRUE,no2,M5: AugSynth Centro (Bel. dropped),AugSynth,2024-02-26
2024w10,3.6307823645616377,3.5937953169250916,0.036987047636546144,TRUE,no2,M5: AugSynth Centro (Bel. dropped),AugSynth,2024-03-04
2024w11,3.422371616893562,3.4322775985883607,-0.009905981694798616,TRUE,no2,M5: AugSynth Centro (Bel. dropped),AugSynth,2024-03-11
2024w12,3.661114209153167,3.5213883092669787,0.13972589988618855,TRUE,no2,M5: AugSynth Centro (Bel. dropped),AugSynth,2024-03-18
2024w13,3.820616529580485,3.561961988409605,0.25865454117088005,TRUE,no2,M5: AugSynth Centro (Bel. dropped),AugSynth,2024-03-25
2024w14,3.6742563896925087,3.582101982188538,0.09215440750397086,TRUE,no2,M5: AugSynth Centro (Bel. dropped),AugSynth,2024-04-01
2024w15,3.7130516060849215,3.5848527304058977,0.12819887567902377,TRUE,no2,M5: AugSynth Centro (Bel. dropped),AugSynth,2024-04-08
2024w16,3.7269697208610713,3.7188055196118377,0.00816420124923356,TRUE,no2,M5: AugSynth Centro (Bel. dropped),AugSynth,2024-04-15
2024w17,3.7152211127841883,3.594588355691881,0.12063275709230714,TRUE,no2,M5: AugSynth Centro (Bel. dropped),AugSynth,2024-04-22
2024w18,3.549109595040774,3.328579574822708,0.220530020218066,TRUE,no2,M5: AugSynth Centro (Bel. dropped),AugSynth,2024-04-29
2024w19,3.6990772790903823,3.503540441899695,0.19553683719068715,TRUE,no2,M5: AugSynth Centro (Bel. dropped),AugSynth,2024-05-06
2024w20,3.513765857448189,3.4575321006454196,0.05623375680276954,TRUE,no2,M5: AugSynth Centro (Bel. dropped),AugSynth,2024-05-13
2024w21,3.3282682016393976,3.1578625544955172,0.1704056471438804,TRUE,no2,M5: AugSynth Centro (Bel. dropped),AugSynth,2024-05-20
2024w22,3.464328663102245,3.256018776385897,0.2083098867163482,TRUE,no2,M5: AugSynth Centro (Bel. dropped),AugSynth,2024-05-27
2024w23,3.220314789062455,3.0365488123757967,0.1837659766866584,TRUE,no2,M5: AugSynth Centro (Bel. dropped),AugSynth,2024-06-03
2024w24,3.311491468577662,3.05477870256941,0.2567127660082522,TRUE,no2,M5: AugSynth Centro (Bel. dropped),AugSynth,2024-06-10
2024w25,3.649601405983703,3.4716736636576924,0.17792774232601083,TRUE,no2,M5: AugSynth Centro (Bel. dropped),AugSynth,2024-06-17
2024w26,3.4649334976254496,3.3367294059349644,0.1282040916904852,TRUE,no2,M5: AugSynth Centro (Bel. dropped),AugSynth,2024-06-24
2024w27,3.3300235622076304,3.247135684001453,0.08288787820617749,TRUE,no2,M5: AugSynth Centro (Bel. dropped),AugSynth,2024-07-01
2024w28,3.427233265101877,3.3889203886544297,0.03831287644744741,TRUE,no2,M5: AugSynth Centro (Bel. dropped),AugSynth,2024-07-08
2024w29,3.22602355222652,3.2598958132524913,-0.033872261025971184,TRUE,no2,M5: AugSynth Centro (Bel. dropped),AugSynth,2024-07-15
2024w30,3.3375710369577267,3.1432555233401303,0.19431551361759647,TRUE,no2,M5: AugSynth Centro (Bel. dropped),AugSynth,2024-07-22
2024w31,3.36814604316544,3.015784221065247,0.35236182210019296,TRUE,no2,M5: AugSynth Centro (Bel. dropped),AugSynth,2024-07-29
2024w32,3.6378843608740388,3.4523657968723582,0.18551856400168054,TRUE,no2,M5: AugSynth Centro (Bel. dropped),AugSynth,2024-08-05
2024w33,3.3355607763693125,3.25644793757647,0.07911283879284259,TRUE,no2,M5: AugSynth Centro (Bel. dropped),AugSynth,2024-08-12
2024w34,3.4586798170755175,3.393543276112073,0.06513654096344457,TRUE,no2,M5: AugSynth Centro (Bel. dropped),AugSynth,2024-08-19
2024w35,3.3527888113431947,3.1774577651004634,0.17533104624273133,TRUE,no2,M5: AugSynth Centro (Bel. dropped),AugSynth,2024-08-26
2024w36,3.4335032164140706,3.5263539587144432,-0.0928507423003726,TRUE,no2,M5: AugSynth Centro (Bel. dropped),AugSynth,2024-09-02
2024w37,3.445724503712233,3.393211099634392,0.05251340407784122,TRUE,no2,M5: AugSynth Centro (Bel. dropped),AugSynth,2024-09-09
2024w38,3.590669239938634,3.6026655504278664,-0.011996310489232442,TRUE,no2,M5: AugSynth Centro (Bel. dropped),AugSynth,2024-09-16
2024w39,3.669858021605637,3.8601306680762457,-0.19027264647060882,TRUE,no2,M5: AugSynth Centro (Bel. dropped),AugSynth,2024-09-23
2024w40,4.026684135968928,3.9800427859694545,0.04664134999947356,TRUE,no2,M5: AugSynth Centro (Bel. dropped),AugSynth,2024-09-30
2024w41,3.851749155417421,3.855059283159502,-0.0033101277420808373,TRUE,no2,M5: AugSynth Centro (Bel. dropped),AugSynth,2024-10-07
2024w42,3.6861005966635005,3.653088592121393,0.0330120045421074,TRUE,no2,M5: AugSynth Centro (Bel. dropped),AugSynth,2024-10-14
2024w43,3.7488371869426675,3.8150115615740607,-0.0661743746313932,TRUE,no2,M5: AugSynth Centro (Bel. dropped),AugSynth,2024-10-21
2024w44,3.6789132898020864,3.716778611543236,-0.03786532174114976,TRUE,no2,M5: AugSynth Centro (Bel. dropped),AugSynth,2024-10-28
2024w45,3.721217562025881,3.782749958985102,-0.06153239695922075,TRUE,no2,M5: AugSynth Centro (Bel. dropped),AugSynth,2024-11-04
2024w46,3.867924816706348,3.914677391291725,-0.04675257458537718,TRUE,no2,M5: AugSynth Centro (Bel. dropped),AugSynth,2024-11-11
2024w47,3.74882149008047,3.6910909784201924,0.05773051166027754,TRUE,no2,M5: AugSynth Centro (Bel. dropped),AugSynth,2024-11-18
2024w48,3.7239489346062706,3.6307675207686416,0.09318141383762901,TRUE,no2,M5: AugSynth Centro (Bel. dropped),AugSynth,2024-11-25
2024w49,3.7909470540709695,3.635202757477749,0.15574429659322053,TRUE,no2,M5: AugSynth Centro (Bel. dropped),AugSynth,2024-12-02
2024w50,3.534124425037787,3.366390571995758,0.16773385304202915,TRUE,no2,M5: AugSynth Centro (Bel. dropped),AugSynth,2024-12-09
2024w51,3.4364679957440747,3.4120717901030173,0.024396205641057378,TRUE,no2,M5: AugSynth Centro (Bel. dropped),AugSynth,2024-12-16
2024w52,3.4961539636045886,3.36431174826529,0.13184221533929863,TRUE,no2,M5: AugSynth Centro (Bel. dropped),AugSynth,2024-12-23
2025w01,3.2135416232774987,2.9633090351502007,0.250232588127298,TRUE,no2,M5: AugSynth Centro (Bel. dropped),AugSynth,2024-12-30
2025w02,3.5077671658599665,3.4856897381903464,0.022077427669620064,TRUE,no2,M5: AugSynth Centro (Bel. dropped),AugSynth,2025-01-06
2025w03,3.5430441058903916,3.4348359554855623,0.10820815040482934,TRUE,no2,M5: AugSynth Centro (Bel. dropped),AugSynth,2025-01-13
2025w04,3.7929090845367672,3.751548127820095,0.04136095671667217,TRUE,no2,M5: AugSynth Centro (Bel. dropped),AugSynth,2025-01-20
2025w05,3.4143439193320426,3.2138068669917232,0.20053705234031938,TRUE,no2,M5: AugSynth Centro (Bel. dropped),AugSynth,2025-01-27
2025w06,3.7428071919726427,3.4161886119903255,0.32661857998231714,TRUE,no2,M5: AugSynth Centro (Bel. dropped),AugSynth,2025-02-03
2025w07,3.5582771009952934,3.418937898760551,0.1393392022347424,TRUE,no2,M5: AugSynth Centro (Bel. dropped),AugSynth,2025-02-10
2025w08,3.461665128429245,3.3393834739103547,0.12228165451889028,TRUE,no2,M5: AugSynth Centro (Bel. dropped),AugSynth,2025-02-17
2025w09,3.6353380205190176,3.197529654068207,0.43780836645081056,TRUE,no2,M5: AugSynth Centro (Bel. dropped),AugSynth,2025-02-24
2025w10,3.6387521463663552,3.28264525149843,0.35610689486792513,TRUE,no2,M5: AugSynth Centro (Bel. dropped),AugSynth,2025-03-03
2025w11,3.7232824911359303,3.4458998120209356,0.2773826791149947,TRUE,no2,M5: AugSynth Centro (Bel. dropped),AugSynth,2025-03-10
2025w12,3.6073439661314177,3.422532543324644,0.18481142280677387,TRUE,no2,M5: AugSynth Centro (Bel. dropped),AugSynth,2025-03-17
2025w13,3.6083217527427958,3.220150618187564,0.38817113455523167,TRUE,no2,M5: AugSynth Centro (Bel. dropped),AugSynth,2025-03-24
2025w14,3.7059577856486876,3.460767607710049,0.2451901779386385,TRUE,no2,M5: AugSynth Centro (Bel. dropped),AugSynth,2025-03-31
2025w15,3.4742516242346366,3.414823954028604,0.05942767020603279,TRUE,no2,M5: AugSynth Centro (Bel. dropped),AugSynth,2025-04-07
2025w16,3.3728550614284734,3.390832585422238,-0.01797752399376451,TRUE,no2,M5: AugSynth Centro (Bel. dropped),AugSynth,2025-04-14
2025w17,3.7073576753597095,3.7990417216544285,-0.09168404629471905,TRUE,no2,M5: AugSynth Centro (Bel. dropped),AugSynth,2025-04-21
2025w18,3.5193151760953816,3.425004095020844,0.09431108107453756,TRUE,no2,M5: AugSynth Centro (Bel. dropped),AugSynth,2025-04-28
2025w19,3.440460828945056,3.547032132137333,-0.10657130319227681,TRUE,no2,M5: AugSynth Centro (Bel. dropped),AugSynth,2025-05-05
2025w20,3.4009973616594884,3.2471803346931583,0.15381702696633015,TRUE,no2,M5: AugSynth Centro (Bel. dropped),AugSynth,2025-05-12
2025w21,3.3433210631314663,3.340389227342107,0.002931835789359294,TRUE,no2,M5: AugSynth Centro (Bel. dropped),AugSynth,2025-05-19
2025w22,3.2333177037654117,3.161934061670264,0.07138364209514769,TRUE,no2,M5: AugSynth Centro (Bel. dropped),AugSynth,2025-05-26
2025w23,3.2719615119597902,3.2559568194506388,0.016004692509151486,TRUE,no2,M5: AugSynth Centro (Bel. dropped),AugSynth,2025-06-02
2025w24,3.4336323028053175,3.301370030588658,0.13226227221665932,TRUE,no2,M5: AugSynth Centro (Bel. dropped),AugSynth,2025-06-09
2025w25,2.4949028175077683,3.2476010275321494,-0.7526982100243811,TRUE,no2,M5: AugSynth Centro (Bel. dropped),AugSynth,2025-06-16
2022w48,3.409110435154017,3.4590368826167444,-0.04992644746272745,FALSE,no2,M5b: AugSynth Centro (Bel. in pool),AugSynth,2022-11-28
2022w49,3.8264179118855406,3.6196681446449612,0.20674976724057936,FALSE,no2,M5b: AugSynth Centro (Bel. in pool),AugSynth,2022-12-05
2022w50,3.525909442501763,3.5981526765555936,-0.07224323405383037,FALSE,no2,M5b: AugSynth Centro (Bel. in pool),AugSynth,2022-12-12
2022w51,3.6681153647612086,3.586401022774258,0.0817143419869506,FALSE,no2,M5b: AugSynth Centro (Bel. in pool),AugSynth,2022-12-19
2022w52,3.74879794432518,3.5941052740715476,0.15469267025363242,FALSE,no2,M5b: AugSynth Centro (Bel. in pool),AugSynth,2022-12-26
2023w01,3.7395804898175986,3.6285543007766954,0.11102618904090322,FALSE,no2,M5b: AugSynth Centro (Bel. in pool),AugSynth,2023-01-02
2023w02,3.8134468313995202,3.744495056256128,0.06895177514339235,FALSE,no2,M5b: AugSynth Centro (Bel. in pool),AugSynth,2023-01-09
2023w03,3.627766171255473,3.6474760759730365,-0.019709904717563287,FALSE,no2,M5b: AugSynth Centro (Bel. in pool),AugSynth,2023-01-16
2023w04,3.3842094560406664,3.4361761101369885,-0.051966654096322173,FALSE,no2,M5b: AugSynth Centro (Bel. in pool),AugSynth,2023-01-23
2023w05,3.660377093641224,3.651615937302106,0.008761156339117893,FALSE,no2,M5b: AugSynth Centro (Bel. in pool),AugSynth,2023-01-30
2023w06,3.6221438544994173,3.468440802302052,0.15370305219736524,FALSE,no2,M5b: AugSynth Centro (Bel. in pool),AugSynth,2023-02-06
2023w07,3.5605630113984876,3.5657829012732623,-0.005219889874774619,FALSE,no2,M5b: AugSynth Centro (Bel. in pool),AugSynth,2023-02-13
2023w08,3.546163151912341,3.5344800726416565,0.011683079270684349,FALSE,no2,M5b: AugSynth Centro (Bel. in pool),AugSynth,2023-02-20
2023w09,3.5542522231826434,3.579109400867625,-0.024857177684981746,FALSE,no2,M5b: AugSynth Centro (Bel. in pool),AugSynth,2023-02-27
2023w10,3.4993016342052035,3.5059511177994502,-0.0066494835942467745,FALSE,no2,M5b: AugSynth Centro (Bel. in pool),AugSynth,2023-03-06
2023w11,3.4278501315482126,3.44904412994795,-0.021193998399737346,FALSE,no2,M5b: AugSynth Centro (Bel. in pool),AugSynth,2023-03-13
2023w12,3.6550985848110167,3.6922012773249757,-0.037102692513959035,FALSE,no2,M5b: AugSynth Centro (Bel. in pool),AugSynth,2023-03-20
2023w13,3.796649564365561,3.7921256404976744,0.00452392386788647,FALSE,no2,M5b: AugSynth Centro (Bel. in pool),AugSynth,2023-03-27
2023w14,3.66505625514066,3.659291154433489,0.005765100707170845,FALSE,no2,M5b: AugSynth Centro (Bel. in pool),AugSynth,2023-04-03
2023w15,3.5693261023723237,3.565160986926862,0.004165115445461609,FALSE,no2,M5b: AugSynth Centro (Bel. in pool),AugSynth,2023-04-10
2023w16,3.5955664453019454,3.722803172442243,-0.12723672714029766,FALSE,no2,M5b: AugSynth Centro (Bel. in pool),AugSynth,2023-04-17
2023w17,3.672529858236844,3.687437356888269,-0.0149074986514246,FALSE,no2,M5b: AugSynth Centro (Bel. in pool),AugSynth,2023-04-24
2023w18,3.0155675800547614,3.1258695840958977,-0.11030200404113621,FALSE,no2,M5b: AugSynth Centro (Bel. in pool),AugSynth,2023-05-01
2023w19,3.4343097331123578,3.520637609060687,-0.08632787594832925,FALSE,no2,M5b: AugSynth Centro (Bel. in pool),AugSynth,2023-05-08
2023w20,3.602513323453567,3.5509516404565593,0.05156168299700781,FALSE,no2,M5b: AugSynth Centro (Bel. in pool),AugSynth,2023-05-15
2023w21,3.52979579378716,3.5354842114222595,-0.00568841763509953,FALSE,no2,M5b: AugSynth Centro (Bel. in pool),AugSynth,2023-05-22
2023w22,3.4245557712393904,3.3947845126479637,0.029771258591426708,FALSE,no2,M5b: AugSynth Centro (Bel. in pool),AugSynth,2023-05-29
2023w23,3.478209861804493,3.409787582606179,0.06842227919831423,FALSE,no2,M5b: AugSynth Centro (Bel. in pool),AugSynth,2023-06-05
2023w24,3.461790630437442,3.309683329832469,0.1521073006049729,FALSE,no2,M5b: AugSynth Centro (Bel. in pool),AugSynth,2023-06-12
2023w25,3.4324053087863486,3.234047793348823,0.19835751543752567,FALSE,no2,M5b: AugSynth Centro (Bel. in pool),AugSynth,2023-06-19
2023w26,3.447073250485089,3.3202866657643137,0.12678658472077542,FALSE,no2,M5b: AugSynth Centro (Bel. in pool),AugSynth,2023-06-26
2023w27,3.6499480324451716,3.410020798682464,0.23992723376270764,FALSE,no2,M5b: AugSynth Centro (Bel. in pool),AugSynth,2023-07-03
2023w28,3.5974766306405925,3.512286296896956,0.0851903337436366,FALSE,no2,M5b: AugSynth Centro (Bel. in pool),AugSynth,2023-07-10
2023w29,3.2280998193957324,3.2973527000859706,-0.06925288069023816,FALSE,no2,M5b: AugSynth Centro (Bel. in pool),AugSynth,2023-07-17
2023w30,3.5560430580186044,3.4980933991237624,0.05794965889484205,FALSE,no2,M5b: AugSynth Centro (Bel. in pool),AugSynth,2023-07-24
2023w31,3.308253289352691,3.387248354277555,-0.07899506492486408,FALSE,no2,M5b: AugSynth Centro (Bel. in pool),AugSynth,2023-07-31
2023w32,3.2970460112367186,3.4448121542398265,-0.14776614300310786,FALSE,no2,M5b: AugSynth Centro (Bel. in pool),AugSynth,2023-08-07
2023w33,3.754066202606751,3.662789815081197,0.091276387525554,FALSE,no2,M5b: AugSynth Centro (Bel. in pool),AugSynth,2023-08-14
2023w34,3.7926462003958044,3.7089383410683827,0.08370785932742164,FALSE,no2,M5b: AugSynth Centro (Bel. in pool),AugSynth,2023-08-21
2023w35,3.485548742462061,3.5713709651513885,-0.08582222268932771,FALSE,no2,M5b: AugSynth Centro (Bel. in pool),AugSynth,2023-08-28
2023w36,3.5062078360556863,3.6284951743732146,-0.12228733831752825,FALSE,no2,M5b: AugSynth Centro (Bel. in pool),AugSynth,2023-09-04
2023w37,3.447476459182883,3.5914836841540185,-0.14400722497113572,FALSE,no2,M5b: AugSynth Centro (Bel. in pool),AugSynth,2023-09-11
2023w38,3.6507145167665214,3.70700223450354,-0.05628771773701846,FALSE,no2,M5b: AugSynth Centro (Bel. in pool),AugSynth,2023-09-18
2023w39,3.943909194290468,4.0510978637108925,-0.10718866942042471,FALSE,no2,M5b: AugSynth Centro (Bel. in pool),AugSynth,2023-09-25
2023w40,3.9228376491239807,3.966340987201351,-0.04350333807737039,FALSE,no2,M5b: AugSynth Centro (Bel. in pool),AugSynth,2023-10-02
2023w41,3.9435410521446914,3.9254282877022693,0.018112764442422158,FALSE,no2,M5b: AugSynth Centro (Bel. in pool),AugSynth,2023-10-09
2023w42,3.9355311770077255,3.8122482448245743,0.12328293218315123,FALSE,no2,M5b: AugSynth Centro (Bel. in pool),AugSynth,2023-10-16
2023w43,3.886964992753961,3.931237065356139,-0.044272072602177914,FALSE,no2,M5b: AugSynth Centro (Bel. in pool),AugSynth,2023-10-23
2023w44,3.5929878553183427,3.6384455759877925,-0.04545772066944975,FALSE,no2,M5b: AugSynth Centro (Bel. in pool),AugSynth,2023-10-30
2023w45,3.6145688973387715,3.6086775084166076,0.005891388922163898,FALSE,no2,M5b: AugSynth Centro (Bel. in pool),AugSynth,2023-11-06
2023w46,3.7956614589770945,3.7381755013072286,0.05748595766986586,FALSE,no2,M5b: AugSynth Centro (Bel. in pool),AugSynth,2023-11-13
2023w47,3.7016722759126885,3.895420242975108,-0.1937479670624196,FALSE,no2,M5b: AugSynth Centro (Bel. in pool),AugSynth,2023-11-20
2023w48,3.587206575202634,3.603915052427085,-0.016708477224451013,TRUE,no2,M5b: AugSynth Centro (Bel. in pool),AugSynth,2023-11-27
2023w49,3.571408869639598,3.7157482745154984,-0.14433940487590036,TRUE,no2,M5b: AugSynth Centro (Bel. in pool),AugSynth,2023-12-04
2023w50,3.720814072644282,3.60130197290088,0.11951209974340182,TRUE,no2,M5b: AugSynth Centro (Bel. in pool),AugSynth,2023-12-11
2023w51,3.7864597824528,3.716298475896609,0.07016130655619124,TRUE,no2,M5b: AugSynth Centro (Bel. in pool),AugSynth,2023-12-18
2023w52,3.4837497579939734,3.4469730606661986,0.03677669732777478,TRUE,no2,M5b: AugSynth Centro (Bel. in pool),AugSynth,2023-12-25
2024w01,3.6493847034157967,3.621723235490098,0.02766146792569879,TRUE,no2,M5b: AugSynth Centro (Bel. in pool),AugSynth,2024-01-01
2024w02,3.4555487730785863,3.484011778943033,-0.02846300586444661,TRUE,no2,M5b: AugSynth Centro (Bel. in pool),AugSynth,2024-01-08
2024w03,3.375617431059383,3.38440198344149,-0.00878455238210707,TRUE,no2,M5b: AugSynth Centro (Bel. in pool),AugSynth,2024-01-15
2024w04,3.414168448026634,3.4919353436578775,-0.0777668956312434,TRUE,no2,M5b: AugSynth Centro (Bel. in pool),AugSynth,2024-01-22
2024w05,3.595721955627687,3.7029342968209082,-0.10721234119322132,TRUE,no2,M5b: AugSynth Centro (Bel. in pool),AugSynth,2024-01-29
2024w06,3.6472585294228357,3.704784103081737,-0.05752557365890132,TRUE,no2,M5b: AugSynth Centro (Bel. in pool),AugSynth,2024-02-05
2024w07,3.099521555470332,3.2798016516943838,-0.1802800962240516,TRUE,no2,M5b: AugSynth Centro (Bel. in pool),AugSynth,2024-02-12
2024w08,3.387796883598909,3.573499340326016,-0.18570245672710683,TRUE,no2,M5b: AugSynth Centro (Bel. in pool),AugSynth,2024-02-19
2024w09,3.7833104596790363,3.833039530078855,-0.049729070399818553,TRUE,no2,M5b: AugSynth Centro (Bel. in pool),AugSynth,2024-02-26
2024w10,3.6307823645616377,3.671388411635341,-0.04060604707370308,TRUE,no2,M5b: AugSynth Centro (Bel. in pool),AugSynth,2024-03-04
2024w11,3.422371616893562,3.5784021362491476,-0.15603051935558554,TRUE,no2,M5b: AugSynth Centro (Bel. in pool),AugSynth,2024-03-11
2024w12,3.661114209153167,3.7032533665846556,-0.04213915743148844,TRUE,no2,M5b: AugSynth Centro (Bel. in pool),AugSynth,2024-03-18
2024w13,3.820616529580485,3.8135584022310534,0.007058127349431675,TRUE,no2,M5b: AugSynth Centro (Bel. in pool),AugSynth,2024-03-25
2024w14,3.6742563896925087,3.787222084861001,-0.11296569516849253,TRUE,no2,M5b: AugSynth Centro (Bel. in pool),AugSynth,2024-04-01
2024w15,3.7130516060849215,3.6659142411374694,0.04713736494745202,TRUE,no2,M5b: AugSynth Centro (Bel. in pool),AugSynth,2024-04-08
2024w16,3.7269697208610713,3.829668585119716,-0.10269886425864483,TRUE,no2,M5b: AugSynth Centro (Bel. in pool),AugSynth,2024-04-15
2024w17,3.7152211127841883,3.828403840839552,-0.11318272805536367,TRUE,no2,M5b: AugSynth Centro (Bel. in pool),AugSynth,2024-04-22
2024w18,3.549109595040774,3.5512438376088724,-0.0021342425680983546,TRUE,no2,M5b: AugSynth Centro (Bel. in pool),AugSynth,2024-04-29
2024w19,3.6990772790903823,3.623399516540152,0.07567776255023029,TRUE,no2,M5b: AugSynth Centro (Bel. in pool),AugSynth,2024-05-06
2024w20,3.513765857448189,3.6033961019702945,-0.08963024452210533,TRUE,no2,M5b: AugSynth Centro (Bel. in pool),AugSynth,2024-05-13
2024w21,3.3282682016393976,3.3053724492126677,0.02289575242672992,TRUE,no2,M5b: AugSynth Centro (Bel. in pool),AugSynth,2024-05-20
2024w22,3.464328663102245,3.448661211268588,0.015667451833657253,TRUE,no2,M5b: AugSynth Centro (Bel. in pool),AugSynth,2024-05-27
2024w23,3.220314789062455,3.3317955147316005,-0.11148072566914546,TRUE,no2,M5b: AugSynth Centro (Bel. in pool),AugSynth,2024-06-03
2024w24,3.311491468577662,3.428864715326372,-0.11737324674870964,TRUE,no2,M5b: AugSynth Centro (Bel. in pool),AugSynth,2024-06-10
2024w25,3.649601405983703,3.6686140301276025,-0.01901262414389926,TRUE,no2,M5b: AugSynth Centro (Bel. in pool),AugSynth,2024-06-17
2024w26,3.4649334976254496,3.5498307421041777,-0.08489724447872815,TRUE,no2,M5b: AugSynth Centro (Bel. in pool),AugSynth,2024-06-24
2024w27,3.3300235622076304,3.419572001651487,-0.0895484394438566,TRUE,no2,M5b: AugSynth Centro (Bel. in pool),AugSynth,2024-07-01
2024w28,3.427233265101877,3.4545457938893533,-0.027312528787476253,TRUE,no2,M5b: AugSynth Centro (Bel. in pool),AugSynth,2024-07-08
2024w29,3.22602355222652,3.3333728351867644,-0.10734928296024426,TRUE,no2,M5b: AugSynth Centro (Bel. in pool),AugSynth,2024-07-15
2024w30,3.3375710369577267,3.3444690945295728,-0.006898057571846028,TRUE,no2,M5b: AugSynth Centro (Bel. in pool),AugSynth,2024-07-22
2024w31,3.36814604316544,3.334881869766088,0.03326417339935217,TRUE,no2,M5b: AugSynth Centro (Bel. in pool),AugSynth,2024-07-29
2024w32,3.6378843608740388,3.6135992587439505,0.024285102130088276,TRUE,no2,M5b: AugSynth Centro (Bel. in pool),AugSynth,2024-08-05
2024w33,3.3355607763693125,3.3440883436202435,-0.008527567250931067,TRUE,no2,M5b: AugSynth Centro (Bel. in pool),AugSynth,2024-08-12
2024w34,3.4586798170755175,3.53523092280663,-0.07655110573111257,TRUE,no2,M5b: AugSynth Centro (Bel. in pool),AugSynth,2024-08-19
2024w35,3.3527888113431947,3.344791207269711,0.00799760407348371,TRUE,no2,M5b: AugSynth Centro (Bel. in pool),AugSynth,2024-08-26
2024w36,3.4335032164140706,3.6070700652603724,-0.1735668488463018,TRUE,no2,M5b: AugSynth Centro (Bel. in pool),AugSynth,2024-09-02
2024w37,3.445724503712233,3.559291036077882,-0.11356653236564895,TRUE,no2,M5b: AugSynth Centro (Bel. in pool),AugSynth,2024-09-09
2024w38,3.590669239938634,3.635731008810264,-0.04506176887162994,TRUE,no2,M5b: AugSynth Centro (Bel. in pool),AugSynth,2024-09-16
2024w39,3.669858021605637,3.8355002762498716,-0.16564225464423465,TRUE,no2,M5b: AugSynth Centro (Bel. in pool),AugSynth,2024-09-23
2024w40,4.026684135968928,4.07353200008276,-0.04684786411383168,TRUE,no2,M5b: AugSynth Centro (Bel. in pool),AugSynth,2024-09-30
2024w41,3.851749155417421,3.927638857543039,-0.07588970212561819,TRUE,no2,M5b: AugSynth Centro (Bel. in pool),AugSynth,2024-10-07
2024w42,3.6861005966635005,3.8131865272503167,-0.12708593058681616,TRUE,no2,M5b: AugSynth Centro (Bel. in pool),AugSynth,2024-10-14
2024w43,3.7488371869426675,3.936140147069332,-0.18730296012666425,TRUE,no2,M5b: AugSynth Centro (Bel. in pool),AugSynth,2024-10-21
2024w44,3.6789132898020864,3.7928705604646,-0.11395727066251338,TRUE,no2,M5b: AugSynth Centro (Bel. in pool),AugSynth,2024-10-28
2024w45,3.721217562025881,3.777504738161605,-0.05628717613572398,TRUE,no2,M5b: AugSynth Centro (Bel. in pool),AugSynth,2024-11-04
2024w46,3.867924816706348,3.86853193640362,-6.071196972721182e-4,TRUE,no2,M5b: AugSynth Centro (Bel. in pool),AugSynth,2024-11-11
2024w47,3.74882149008047,3.886711487637986,-0.13788999755751608,TRUE,no2,M5b: AugSynth Centro (Bel. in pool),AugSynth,2024-11-18
2024w48,3.7239489346062706,3.8750381758123953,-0.15108924120612466,TRUE,no2,M5b: AugSynth Centro (Bel. in pool),AugSynth,2024-11-25
2024w49,3.7909470540709695,3.783131703515852,0.007815350555117728,TRUE,no2,M5b: AugSynth Centro (Bel. in pool),AugSynth,2024-12-02
2024w50,3.534124425037787,3.570633294467458,-0.03650886942967091,TRUE,no2,M5b: AugSynth Centro (Bel. in pool),AugSynth,2024-12-09
2024w51,3.4364679957440747,3.568161790738698,-0.1316937949946233,TRUE,no2,M5b: AugSynth Centro (Bel. in pool),AugSynth,2024-12-16
2024w52,3.4961539636045886,3.508684434816874,-0.012530471212285565,TRUE,no2,M5b: AugSynth Centro (Bel. in pool),AugSynth,2024-12-23
2025w01,3.2135416232774987,3.21103265760306,0.0025089656744388122,TRUE,no2,M5b: AugSynth Centro (Bel. in pool),AugSynth,2024-12-30
2025w02,3.5077671658599665,3.6479680921073525,-0.140200926247386,TRUE,no2,M5b: AugSynth Centro (Bel. in pool),AugSynth,2025-01-06
2025w03,3.5430441058903916,3.63536732181118,-0.09232321592078829,TRUE,no2,M5b: AugSynth Centro (Bel. in pool),AugSynth,2025-01-13
2025w04,3.7929090845367672,3.8483411368305025,-0.05543205229373527,TRUE,no2,M5b: AugSynth Centro (Bel. in pool),AugSynth,2025-01-20
2025w05,3.4143439193320426,3.3836280005751496,0.030715918756893057,TRUE,no2,M5b: AugSynth Centro (Bel. in pool),AugSynth,2025-01-27
2025w06,3.7428071919726427,3.6865323023728864,0.05627488959975624,TRUE,no2,M5b: AugSynth Centro (Bel. in pool),AugSynth,2025-02-03
2025w07,3.5582771009952934,3.573083713351767,-0.014806612356473625,TRUE,no2,M5b: AugSynth Centro (Bel. in pool),AugSynth,2025-02-10
2025w08,3.461665128429245,3.4623366416494186,-6.715132201735585e-4,TRUE,no2,M5b: AugSynth Centro (Bel. in pool),AugSynth,2025-02-17
2025w09,3.6353380205190176,3.5997171152573175,0.03562090526170003,TRUE,no2,M5b: AugSynth Centro (Bel. in pool),AugSynth,2025-02-24
2025w10,3.6387521463663552,3.6703877390295823,-0.03163559266322702,TRUE,no2,M5b: AugSynth Centro (Bel. in pool),AugSynth,2025-03-03
2025w11,3.7232824911359303,3.8023899459108983,-0.07910745477496794,TRUE,no2,M5b: AugSynth Centro (Bel. in pool),AugSynth,2025-03-10
2025w12,3.6073439661314177,3.727052612449853,-0.11970864631843536,TRUE,no2,M5b: AugSynth Centro (Bel. in pool),AugSynth,2025-03-17
2025w13,3.6083217527427958,3.651237037725605,-0.042915284982809165,TRUE,no2,M5b: AugSynth Centro (Bel. in pool),AugSynth,2025-03-24
2025w14,3.7059577856486876,3.811244468366233,-0.1052866827175456,TRUE,no2,M5b: AugSynth Centro (Bel. in pool),AugSynth,2025-03-31
2025w15,3.4742516242346366,3.5874150065736083,-0.11316338233897172,TRUE,no2,M5b: AugSynth Centro (Bel. in pool),AugSynth,2025-04-07
2025w16,3.3728550614284734,3.5040703953646144,-0.13121533393614104,TRUE,no2,M5b: AugSynth Centro (Bel. in pool),AugSynth,2025-04-14
2025w17,3.7073576753597095,3.857662142849282,-0.1503044674895726,TRUE,no2,M5b: AugSynth Centro (Bel. in pool),AugSynth,2025-04-21
2025w18,3.5193151760953816,3.6472973293631497,-0.12798215326776807,TRUE,no2,M5b: AugSynth Centro (Bel. in pool),AugSynth,2025-04-28
2025w19,3.440460828945056,3.57947068233617,-0.13900985339111394,TRUE,no2,M5b: AugSynth Centro (Bel. in pool),AugSynth,2025-05-05
2025w20,3.4009973616594884,3.4928437928789,-0.0918464312194116,TRUE,no2,M5b: AugSynth Centro (Bel. in pool),AugSynth,2025-05-12
2025w21,3.3433210631314663,3.5250236666812658,-0.1817026035497995,TRUE,no2,M5b: AugSynth Centro (Bel. in pool),AugSynth,2025-05-19
2025w22,3.2333177037654117,3.3450820328335813,-0.11176432906816958,TRUE,no2,M5b: AugSynth Centro (Bel. in pool),AugSynth,2025-05-26
2025w23,3.2719615119597902,3.3902844118760282,-0.11832289991623801,TRUE,no2,M5b: AugSynth Centro (Bel. in pool),AugSynth,2025-06-02
2025w24,3.4336323028053175,3.5817179319768844,-0.14808562917156687,TRUE,no2,M5b: AugSynth Centro (Bel. in pool),AugSynth,2025-06-09
2025w25,2.4949028175077683,3.3453092441394188,-0.8504064266316504,TRUE,no2,M5b: AugSynth Centro (Bel. in pool),AugSynth,2025-06-16
2022w48,3.448902301081816,3.3824550378735383,0.06644726320827754,FALSE,no2,M6: AugSynth Belisario (Centro dropped),AugSynth,2022-11-28
2022w49,3.577621955750986,3.6961795111115396,-0.11855755536055357,FALSE,no2,M6: AugSynth Belisario (Centro dropped),AugSynth,2022-12-05
2022w50,3.563476838044088,3.6346605292767835,-0.07118369123269552,FALSE,no2,M6: AugSynth Belisario (Centro dropped),AugSynth,2022-12-12
2022w51,3.588617032175542,3.51921510715045,0.06940192502509213,FALSE,no2,M6: AugSynth Belisario (Centro dropped),AugSynth,2022-12-19
2022w52,3.5526491847004125,3.6598326962060224,-0.1071835115056099,FALSE,no2,M6: AugSynth Belisario (Centro dropped),AugSynth,2022-12-26
2023w01,3.575328077346364,3.729689544563608,-0.1543614672172442,FALSE,no2,M6: AugSynth Belisario (Centro dropped),AugSynth,2023-01-02
2023w02,3.7219918055641386,3.774550463129127,-0.052558657564988565,FALSE,no2,M6: AugSynth Belisario (Centro dropped),AugSynth,2023-01-09
2023w03,3.6294124952803886,3.6291517089930143,2.6078628737424836e-4,FALSE,no2,M6: AugSynth Belisario (Centro dropped),AugSynth,2023-01-16
2023w04,3.400597201590123,3.497778167812101,-0.0971809662219778,FALSE,no2,M6: AugSynth Belisario (Centro dropped),AugSynth,2023-01-23
2023w05,3.6587981820754814,3.5529490623405913,0.10584911973489008,FALSE,no2,M6: AugSynth Belisario (Centro dropped),AugSynth,2023-01-30
2023w06,3.4528538045550135,3.475375856116537,-0.022522051561523426,FALSE,no2,M6: AugSynth Belisario (Centro dropped),AugSynth,2023-02-06
2023w07,3.556918256658931,3.4561343794081054,0.1007838772508256,FALSE,no2,M6: AugSynth Belisario (Centro dropped),AugSynth,2023-02-13
2023w08,3.508935069605733,3.4839618718816667,0.024973197724066143,FALSE,no2,M6: AugSynth Belisario (Centro dropped),AugSynth,2023-02-20
2023w09,3.582059540719759,3.477902967305549,0.10415657341421003,FALSE,no2,M6: AugSynth Belisario (Centro dropped),AugSynth,2023-02-27
2023w10,3.496547964690663,3.42386237177828,0.07268559291238308,FALSE,no2,M6: AugSynth Belisario (Centro dropped),AugSynth,2023-03-06
2023w11,3.4054262053477413,3.486299763853613,-0.08087355850587175,FALSE,no2,M6: AugSynth Belisario (Centro dropped),AugSynth,2023-03-13
2023w12,3.664390362478437,3.6241836427569103,0.040206719721526785,FALSE,no2,M6: AugSynth Belisario (Centro dropped),AugSynth,2023-03-20
2023w13,3.7689144694501944,3.7364016727894045,0.03251279666078988,FALSE,no2,M6: AugSynth Belisario (Centro dropped),AugSynth,2023-03-27
2023w14,3.6211358020274167,3.6416504925299105,-0.02051469050249377,FALSE,no2,M6: AugSynth Belisario (Centro dropped),AugSynth,2023-04-03
2023w15,3.5552909169995557,3.4497849134531604,0.10550600354639528,FALSE,no2,M6: AugSynth Belisario (Centro dropped),AugSynth,2023-04-10
2023w16,3.7163568036090044,3.6115925784132217,0.10476422519578277,FALSE,no2,M6: AugSynth Belisario (Centro dropped),AugSynth,2023-04-17
2023w17,3.677043012337981,3.6178482839607273,0.059194728377253814,FALSE,no2,M6: AugSynth Belisario (Centro dropped),AugSynth,2023-04-24
2023w18,3.1117507903993364,3.1616380214082818,-0.04988723100894532,FALSE,no2,M6: AugSynth Belisario (Centro dropped),AugSynth,2023-05-01
2023w19,3.479042805279339,3.6069347769186986,-0.12789197163935961,FALSE,no2,M6: AugSynth Belisario (Centro dropped),AugSynth,2023-05-08
2023w20,3.548697423514074,3.45039928240125,0.09829814111282387,FALSE,no2,M6: AugSynth Belisario (Centro dropped),AugSynth,2023-05-15
2023w21,3.517804417459713,3.4583064795377734,0.05949793792193958,FALSE,no2,M6: AugSynth Belisario (Centro dropped),AugSynth,2023-05-22
2023w22,3.36089608488863,3.396700786479557,-0.0358047015909273,FALSE,no2,M6: AugSynth Belisario (Centro dropped),AugSynth,2023-05-29
2023w23,3.369546169635059,3.4496167002876805,-0.08007053065262149,FALSE,no2,M6: AugSynth Belisario (Centro dropped),AugSynth,2023-06-05
2023w24,3.2484087368069567,3.4694544038386663,-0.22104566703170958,FALSE,no2,M6: AugSynth Belisario (Centro dropped),AugSynth,2023-06-12
2023w25,3.2101310337266065,3.270239200882087,-0.06010816715548062,FALSE,no2,M6: AugSynth Belisario (Centro dropped),AugSynth,2023-06-19
2023w26,3.2774465742259804,3.405596265447488,-0.12814969122150766,FALSE,no2,M6: AugSynth Belisario (Centro dropped),AugSynth,2023-06-26
2023w27,3.3853389657276973,3.3243839504228463,0.060955015304851035,FALSE,no2,M6: AugSynth Belisario (Centro dropped),AugSynth,2023-07-03
2023w28,3.493340936837133,3.491577788835006,0.0017631480021269574,FALSE,no2,M6: AugSynth Belisario (Centro dropped),AugSynth,2023-07-10
2023w29,3.25588897494102,3.361656841510449,-0.10576786656942883,FALSE,no2,M6: AugSynth Belisario (Centro dropped),AugSynth,2023-07-17
2023w30,3.4990900824724607,3.4253982909225793,0.07369179154988137,FALSE,no2,M6: AugSynth Belisario (Centro dropped),AugSynth,2023-07-24
2023w31,3.390574491358242,3.3329652016053664,0.057609289752875714,FALSE,no2,M6: AugSynth Belisario (Centro dropped),AugSynth,2023-07-31
2023w32,3.417453422237161,3.4872888151586214,-0.06983539292146057,FALSE,no2,M6: AugSynth Belisario (Centro dropped),AugSynth,2023-08-07
2023w33,3.719004439085856,3.319830966603232,0.3991734724826239,FALSE,no2,M6: AugSynth Belisario (Centro dropped),AugSynth,2023-08-14
2023w34,3.7512750558389096,3.5072663912339204,0.24400866460498927,FALSE,no2,M6: AugSynth Belisario (Centro dropped),AugSynth,2023-08-21
2023w35,3.6113502516046982,3.4304909019522514,0.18085934965244688,FALSE,no2,M6: AugSynth Belisario (Centro dropped),AugSynth,2023-08-28
2023w36,3.6594334788405236,3.5152744545566055,0.14415902428391814,FALSE,no2,M6: AugSynth Belisario (Centro dropped),AugSynth,2023-09-04
2023w37,3.590319833925296,3.5675890956229974,0.022730738302298548,FALSE,no2,M6: AugSynth Belisario (Centro dropped),AugSynth,2023-09-11
2023w38,3.6700193824725797,3.859951159447808,-0.18993177697522823,FALSE,no2,M6: AugSynth Belisario (Centro dropped),AugSynth,2023-09-18
2023w39,4.065693570018527,3.9752413641192246,0.09045220589930247,FALSE,no2,M6: AugSynth Belisario (Centro dropped),AugSynth,2023-09-25
2023w40,3.9568306466956296,3.8664829232083924,0.09034772348723719,FALSE,no2,M6: AugSynth Belisario (Centro dropped),AugSynth,2023-10-02
2023w41,3.926747400826528,3.9134558636329624,0.013291537193565794,FALSE,no2,M6: AugSynth Belisario (Centro dropped),AugSynth,2023-10-09
2023w42,3.811952178370333,3.772475974249016,0.039476204121316805,FALSE,no2,M6: AugSynth Belisario (Centro dropped),AugSynth,2023-10-16
2023w43,3.923760517199579,3.868419017837794,0.055341499361784674,FALSE,no2,M6: AugSynth Belisario (Centro dropped),AugSynth,2023-10-23
2023w44,3.6297750303773144,3.5581103072263,0.07166472315101435,FALSE,no2,M6: AugSynth Belisario (Centro dropped),AugSynth,2023-10-30
2023w45,3.609430320240611,3.5442036776997585,0.06522664254085253,FALSE,no2,M6: AugSynth Belisario (Centro dropped),AugSynth,2023-11-06
2023w46,3.7767834881222684,3.5300567043870124,0.24672678373525603,FALSE,no2,M6: AugSynth Belisario (Centro dropped),AugSynth,2023-11-13
2023w47,3.9175609758565684,3.7213161087970485,0.19624486705951982,FALSE,no2,M6: AugSynth Belisario (Centro dropped),AugSynth,2023-11-20
2023w48,3.6219915085723047,3.4935778277744425,0.1284136807978622,TRUE,no2,M6: AugSynth Belisario (Centro dropped),AugSynth,2023-11-27
2023w49,3.7442274338102486,3.527191388274767,0.2170360455354814,TRUE,no2,M6: AugSynth Belisario (Centro dropped),AugSynth,2023-12-04
2023w50,3.609980536507519,3.5153451198983845,0.09463541660913455,TRUE,no2,M6: AugSynth Belisario (Centro dropped),AugSynth,2023-12-11
2023w51,3.7166324196937586,3.60647887942554,0.11015354026821855,TRUE,no2,M6: AugSynth Belisario (Centro dropped),AugSynth,2023-12-18
2023w52,3.477849733183238,3.227689038788968,0.25016069439427024,TRUE,no2,M6: AugSynth Belisario (Centro dropped),AugSynth,2023-12-25
2024w01,3.667936677094011,3.3398778665930675,0.32805881050094365,TRUE,no2,M6: AugSynth Belisario (Centro dropped),AugSynth,2024-01-01
2024w02,3.4934625260077405,3.3290434640193287,0.16441906198841183,TRUE,no2,M6: AugSynth Belisario (Centro dropped),AugSynth,2024-01-08
2024w03,3.371070306873237,3.374680587469588,-0.0036102805963511564,TRUE,no2,M6: AugSynth Belisario (Centro dropped),AugSynth,2024-01-15
2024w04,3.4980820788389377,3.413519486049664,0.0845625927892737,TRUE,no2,M6: AugSynth Belisario (Centro dropped),AugSynth,2024-01-22
2024w05,3.7379314887542083,3.4921455895778823,0.24578589917632598,TRUE,no2,M6: AugSynth Belisario (Centro dropped),AugSynth,2024-01-29
2024w06,3.708518669366285,3.645234343147611,0.06328432621867375,TRUE,no2,M6: AugSynth Belisario (Centro dropped),AugSynth,2024-02-05
2024w07,3.283176817798181,3.201035999756176,0.08214081804200468,TRUE,no2,M6: AugSynth Belisario (Centro dropped),AugSynth,2024-02-12
2024w08,3.5774077102900743,3.4389581223562726,0.1384495879338017,TRUE,no2,M6: AugSynth Belisario (Centro dropped),AugSynth,2024-02-19
2024w09,3.8555231981886613,3.6778636970689704,0.17765950111969087,TRUE,no2,M6: AugSynth Belisario (Centro dropped),AugSynth,2024-02-26
2024w10,3.6808052788463623,3.54321916569824,0.1375861131481222,TRUE,no2,M6: AugSynth Belisario (Centro dropped),AugSynth,2024-03-04
2024w11,3.5971661311906042,3.46295480644694,0.13421132474366404,TRUE,no2,M6: AugSynth Belisario (Centro dropped),AugSynth,2024-03-11
2024w12,3.7420805108983513,3.5040563267473304,0.2380241841510209,TRUE,no2,M6: AugSynth Belisario (Centro dropped),AugSynth,2024-03-18
2024w13,3.8692477155791636,3.5394814145328324,0.3297663010463312,TRUE,no2,M6: AugSynth Belisario (Centro dropped),AugSynth,2024-03-25
2024w14,3.823322930663427,3.555727587827197,0.2675953428362301,TRUE,no2,M6: AugSynth Belisario (Centro dropped),AugSynth,2024-04-01
2024w15,3.679922796071044,3.581147603390281,0.09877519268076318,TRUE,no2,M6: AugSynth Belisario (Centro dropped),AugSynth,2024-04-08
2024w16,3.8422369623208783,3.70997742462646,0.13225953769441823,TRUE,no2,M6: AugSynth Belisario (Centro dropped),AugSynth,2024-04-15
2024w17,3.8674997251484666,3.6252457641685703,0.24225396097989638,TRUE,no2,M6: AugSynth Belisario (Centro dropped),AugSynth,2024-04-22
2024w18,3.590384207364837,3.316319092613662,0.274065114751175,TRUE,no2,M6: AugSynth Belisario (Centro dropped),AugSynth,2024-04-29
2024w19,3.6373317413998754,3.509352184553373,0.12797955684650253,TRUE,no2,M6: AugSynth Belisario (Centro dropped),AugSynth,2024-05-06
2024w20,3.626853329818215,3.4393508134214725,0.18750251639674254,TRUE,no2,M6: AugSynth Belisario (Centro dropped),AugSynth,2024-05-13
2024w21,3.328411611936503,3.156448009006201,0.171963602930302,TRUE,no2,M6: AugSynth Belisario (Centro dropped),AugSynth,2024-05-20
2024w22,3.4882717196326642,3.252234389044032,0.23603733058863208,TRUE,no2,M6: AugSynth Belisario (Centro dropped),AugSynth,2024-05-27
2024w23,3.379406111659498,3.0701647713075517,0.3092413403519463,TRUE,no2,M6: AugSynth Belisario (Centro dropped),AugSynth,2024-06-03
2024w24,3.49630552085563,3.0588763492416784,0.4374291716139518,TRUE,no2,M6: AugSynth Belisario (Centro dropped),AugSynth,2024-06-10
2024w25,3.700190245259803,3.484619128668003,0.21557111659179995,TRUE,no2,M6: AugSynth Belisario (Centro dropped),AugSynth,2024-06-17
2024w26,3.5861081760779907,3.316122086387791,0.26998608969019955,TRUE,no2,M6: AugSynth Belisario (Centro dropped),AugSynth,2024-06-24
2024w27,3.4434263858798655,3.2361689312473554,0.2072574546325101,TRUE,no2,M6: AugSynth Belisario (Centro dropped),AugSynth,2024-07-01
2024w28,3.4636190805782894,3.399539614160082,0.06407946641820716,TRUE,no2,M6: AugSynth Belisario (Centro dropped),AugSynth,2024-07-08
2024w29,3.334630137390042,3.3217779601312247,0.012852177258817488,TRUE,no2,M6: AugSynth Belisario (Centro dropped),AugSynth,2024-07-15
2024w30,3.393169690241593,3.176909602994721,0.21626008724687207,TRUE,no2,M6: AugSynth Belisario (Centro dropped),AugSynth,2024-07-22
2024w31,3.410729583307308,3.0707665637545407,0.3399630195527674,TRUE,no2,M6: AugSynth Belisario (Centro dropped),AugSynth,2024-07-29
2024w32,3.6475799150318697,3.4449352085801728,0.20264470645169697,TRUE,no2,M6: AugSynth Belisario (Centro dropped),AugSynth,2024-08-05
2024w33,3.3644872920322513,3.292464259760695,0.07202303227155626,TRUE,no2,M6: AugSynth Belisario (Centro dropped),AugSynth,2024-08-12
2024w34,3.5606861693582004,3.4403273577695828,0.12035881158861761,TRUE,no2,M6: AugSynth Belisario (Centro dropped),AugSynth,2024-08-19
2024w35,3.383135238843747,3.245956089572319,0.13717914927142782,TRUE,no2,M6: AugSynth Belisario (Centro dropped),AugSynth,2024-08-26
2024w36,3.61790247272495,3.5578054890493696,0.06009698367558025,TRUE,no2,M6: AugSynth Belisario (Centro dropped),AugSynth,2024-09-02
2024w37,3.60196807212464,3.4359273385962146,0.1660407335284253,TRUE,no2,M6: AugSynth Belisario (Centro dropped),AugSynth,2024-09-09
2024w38,3.640931435240591,3.625232866298831,0.015698568941759916,TRUE,no2,M6: AugSynth Belisario (Centro dropped),AugSynth,2024-09-16
2024w39,3.816502803570734,3.899141603661106,-0.08263880009037239,TRUE,no2,M6: AugSynth Belisario (Centro dropped),AugSynth,2024-09-23
2024w40,4.084073102034649,3.9723227951454443,0.11175030688920495,TRUE,no2,M6: AugSynth Belisario (Centro dropped),AugSynth,2024-09-30
2024w41,3.93437792840047,3.8282474577194847,0.10613047068098513,TRUE,no2,M6: AugSynth Belisario (Centro dropped),AugSynth,2024-10-07
2024w42,3.8435300089828455,3.7041309940532785,0.13939901492956697,TRUE,no2,M6: AugSynth Belisario (Centro dropped),AugSynth,2024-10-14
2024w43,3.9431340004531985,3.821854100779208,0.12127989967399033,TRUE,no2,M6: AugSynth Belisario (Centro dropped),AugSynth,2024-10-21
2024w44,3.7905496689800233,3.7943233188728214,-0.0037736498927980477,TRUE,no2,M6: AugSynth Belisario (Centro dropped),AugSynth,2024-10-28
2024w45,3.7542496605553857,3.7856070811496334,-0.03135742059424773,TRUE,no2,M6: AugSynth Belisario (Centro dropped),AugSynth,2024-11-04
2024w46,3.8358383522477895,3.9394417401028163,-0.10360338785502687,TRUE,no2,M6: AugSynth Belisario (Centro dropped),AugSynth,2024-11-11
2024w47,3.9174270439401933,3.7101039684211705,0.20732307551902274,TRUE,no2,M6: AugSynth Belisario (Centro dropped),AugSynth,2024-11-18
2024w48,3.912566857513787,3.6804963723352784,0.2320704851785087,TRUE,no2,M6: AugSynth Belisario (Centro dropped),AugSynth,2024-11-25
2024w49,3.806129014164176,3.6151022077836004,0.19102680638057556,TRUE,no2,M6: AugSynth Belisario (Centro dropped),AugSynth,2024-12-02
2024w50,3.6054978451748854,3.354427221408577,0.2510706237663083,TRUE,no2,M6: AugSynth Belisario (Centro dropped),AugSynth,2024-12-09
2024w51,3.596292562791121,3.4122875599275515,0.18400500286356936,TRUE,no2,M6: AugSynth Belisario (Centro dropped),AugSynth,2024-12-16
2024w52,3.5337741521132213,3.3346975203778855,0.19907663173533585,TRUE,no2,M6: AugSynth Belisario (Centro dropped),AugSynth,2024-12-23
2025w01,3.237134777651591,2.9978132182478037,0.2393215594037872,TRUE,no2,M6: AugSynth Belisario (Centro dropped),AugSynth,2024-12-30
2025w02,3.660392527208719,3.5144926171180932,0.14589991009062597,TRUE,no2,M6: AugSynth Belisario (Centro dropped),AugSynth,2025-01-06
2025w03,3.6661736165782983,3.446138257833313,0.22003535874498548,TRUE,no2,M6: AugSynth Belisario (Centro dropped),AugSynth,2025-01-13
2025w04,3.846609434879821,3.800799760354879,0.04580967452494189,TRUE,no2,M6: AugSynth Belisario (Centro dropped),AugSynth,2025-01-20
2025w05,3.41227468999885,3.233727819123461,0.178546870875389,TRUE,no2,M6: AugSynth Belisario (Centro dropped),AugSynth,2025-01-27
2025w06,3.7317154192332485,3.4403944535331137,0.29132096570013477,TRUE,no2,M6: AugSynth Belisario (Centro dropped),AugSynth,2025-02-03
2025w07,3.5760559745023754,3.467571885011307,0.10848408949106858,TRUE,no2,M6: AugSynth Belisario (Centro dropped),AugSynth,2025-02-10
2025w08,3.451647542935076,3.3722785319560384,0.07936901097903748,TRUE,no2,M6: AugSynth Belisario (Centro dropped),AugSynth,2025-02-17
2025w09,3.6315504374868657,3.3359420061439478,0.2956084313429179,TRUE,no2,M6: AugSynth Belisario (Centro dropped),AugSynth,2025-02-24
2025w10,3.6920826517276826,3.4330936350533956,0.258989016674287,TRUE,no2,M6: AugSynth Belisario (Centro dropped),AugSynth,2025-03-03
2025w11,3.809569371803037,3.596829038214776,0.21274033358826117,TRUE,no2,M6: AugSynth Belisario (Centro dropped),AugSynth,2025-03-10
2025w12,3.7242224663859327,3.570311422363837,0.15391104402209566,TRUE,no2,M6: AugSynth Belisario (Centro dropped),AugSynth,2025-03-17
2025w13,3.6890211107468285,3.417878755161336,0.2711423555854924,TRUE,no2,M6: AugSynth Belisario (Centro dropped),AugSynth,2025-03-24
2025w14,3.8253097658093353,3.6492996966615,0.17601006914783524,TRUE,no2,M6: AugSynth Belisario (Centro dropped),AugSynth,2025-03-31
2025w15,3.5874233433745357,3.567553105980143,0.019870237394392642,TRUE,no2,M6: AugSynth Belisario (Centro dropped),AugSynth,2025-04-07
2025w16,3.526203649566816,3.359123677174502,0.16707997239231398,TRUE,no2,M6: AugSynth Belisario (Centro dropped),AugSynth,2025-04-14
2025w17,3.854471573190113,3.7556084546940705,0.09886311849604246,TRUE,no2,M6: AugSynth Belisario (Centro dropped),AugSynth,2025-04-21
2025w18,3.678483940848448,3.441451098422564,0.23703284242588385,TRUE,no2,M6: AugSynth Belisario (Centro dropped),AugSynth,2025-04-28
2025w19,3.565882851404665,3.5835245481652436,-0.017641696760578363,TRUE,no2,M6: AugSynth Belisario (Centro dropped),AugSynth,2025-05-05
2025w20,3.5331414039696685,3.2618246701446854,0.2713167338249831,TRUE,no2,M6: AugSynth Belisario (Centro dropped),AugSynth,2025-05-12
2025w21,3.553527357394135,3.386598357820179,0.16692899957395602,TRUE,no2,M6: AugSynth Belisario (Centro dropped),AugSynth,2025-05-19
2025w22,3.3712878512560116,3.1994909564676166,0.171796894788395,TRUE,no2,M6: AugSynth Belisario (Centro dropped),AugSynth,2025-05-26
2025w23,3.401608408290248,3.298422183033529,0.10318622525671861,TRUE,no2,M6: AugSynth Belisario (Centro dropped),AugSynth,2025-06-02
2025w24,3.6215325487098675,3.3356834516438534,0.28584909706601414,TRUE,no2,M6: AugSynth Belisario (Centro dropped),AugSynth,2025-06-09
2025w25,3.355281416356356,3.293018352047785,0.06226306430857065,TRUE,no2,M6: AugSynth Belisario (Centro dropped),AugSynth,2025-06-16
2022w48,3.4290063681179164,3.4006947416608337,0.028311626457082628,FALSE,no2,M7: AugSynth_FE Centro+Belisario,AugSynth_FE,2022-11-28
2022w49,3.7020199338182636,3.7873044040253996,-0.08528447020713603,FALSE,no2,M7: AugSynth_FE Centro+Belisario,AugSynth_FE,2022-12-05
2022w50,3.5446931402729254,3.592164020851954,-0.047470880579028485,FALSE,no2,M7: AugSynth_FE Centro+Belisario,AugSynth_FE,2022-12-12
2022w51,3.6283661984683753,3.5034089580661623,0.12495724040221301,FALSE,no2,M7: AugSynth_FE Centro+Belisario,AugSynth_FE,2022-12-19
2022w52,3.6507235645127962,3.746470302895672,-0.09574673838287584,FALSE,no2,M7: AugSynth_FE Centro+Belisario,AugSynth_FE,2022-12-26
2023w01,3.6574542835819814,3.766620713703308,-0.10916643012132665,FALSE,no2,M7: AugSynth_FE Centro+Belisario,AugSynth_FE,2023-01-02
2023w02,3.7677193184818294,3.818226460262259,-0.0505071417804297,FALSE,no2,M7: AugSynth_FE Centro+Belisario,AugSynth_FE,2023-01-09
2023w03,3.628589333267931,3.715424782288739,-0.08683544902080831,FALSE,no2,M7: AugSynth_FE Centro+Belisario,AugSynth_FE,2023-01-16
2023w04,3.3924033288153947,3.5271623194772914,-0.13475899066189667,FALSE,no2,M7: AugSynth_FE Centro+Belisario,AugSynth_FE,2023-01-23
2023w05,3.659587637858353,3.6803646363707747,-0.020776998512421763,FALSE,no2,M7: AugSynth_FE Centro+Belisario,AugSynth_FE,2023-01-30
2023w06,3.537498829527215,3.5714086701730667,-0.03390984064585156,FALSE,no2,M7: AugSynth_FE Centro+Belisario,AugSynth_FE,2023-02-06
2023w07,3.5587406340287093,3.5593967287256048,-6.560946968954262e-4,FALSE,no2,M7: AugSynth_FE Centro+Belisario,AugSynth_FE,2023-02-13
2023w08,3.527549110759037,3.621284603785427,-0.09373549302639006,FALSE,no2,M7: AugSynth_FE Centro+Belisario,AugSynth_FE,2023-02-20
2023w09,3.568155881951201,3.5405541520302064,0.027601729920994522,FALSE,no2,M7: AugSynth_FE Centro+Belisario,AugSynth_FE,2023-02-27
2023w10,3.497924799447933,3.449358687802767,0.04856611164516611,FALSE,no2,M7: AugSynth_FE Centro+Belisario,AugSynth_FE,2023-03-06
2023w11,3.416638168447977,3.5246460740688046,-0.1080079056208274,FALSE,no2,M7: AugSynth_FE Centro+Belisario,AugSynth_FE,2023-03-13
2023w12,3.659744473644727,3.650953931297515,0.008790542347211883,FALSE,no2,M7: AugSynth_FE Centro+Belisario,AugSynth_FE,2023-03-20
2023w13,3.782782016907878,3.766917178661675,0.015864838246202773,FALSE,no2,M7: AugSynth_FE Centro+Belisario,AugSynth_FE,2023-03-27
2023w14,3.643096028584038,3.6056358596603246,0.03746016892371351,FALSE,no2,M7: AugSynth_FE Centro+Belisario,AugSynth_FE,2023-04-03
2023w15,3.5623085096859395,3.541544373751621,0.020764135934318695,FALSE,no2,M7: AugSynth_FE Centro+Belisario,AugSynth_FE,2023-04-10
2023w16,3.655961624455475,3.605004171564219,0.05095745289125597,FALSE,no2,M7: AugSynth_FE Centro+Belisario,AugSynth_FE,2023-04-17
2023w17,3.6747864352874124,3.6813650415105132,-0.0065786062231008025,FALSE,no2,M7: AugSynth_FE Centro+Belisario,AugSynth_FE,2023-04-24
2023w18,3.063659185227049,3.1964429695172702,-0.13278378429022109,FALSE,no2,M7: AugSynth_FE Centro+Belisario,AugSynth_FE,2023-05-01
2023w19,3.4566762691958486,3.536256818448346,-0.07958054925249725,FALSE,no2,M7: AugSynth_FE Centro+Belisario,AugSynth_FE,2023-05-08
2023w20,3.5756053734838202,3.434756614426722,0.14084875905709815,FALSE,no2,M7: AugSynth_FE Centro+Belisario,AugSynth_FE,2023-05-15
2023w21,3.5238001056234367,3.453783377937436,0.07001672768600065,FALSE,no2,M7: AugSynth_FE Centro+Belisario,AugSynth_FE,2023-05-22
2023w22,3.39272592806401,3.4463974906402934,-0.05367156257628336,FALSE,no2,M7: AugSynth_FE Centro+Belisario,AugSynth_FE,2023-05-29
2023w23,3.423878015719776,3.3270758181571725,0.09680219756260344,FALSE,no2,M7: AugSynth_FE Centro+Belisario,AugSynth_FE,2023-06-05
2023w24,3.3550996836221993,3.368055448554079,-0.012955764931879443,FALSE,no2,M7: AugSynth_FE Centro+Belisario,AugSynth_FE,2023-06-12
2023w25,3.3212681712564773,3.240586988052376,0.08068118320410145,FALSE,no2,M7: AugSynth_FE Centro+Belisario,AugSynth_FE,2023-06-19
2023w26,3.362259912355535,3.3520994636258017,0.010160448729733318,FALSE,no2,M7: AugSynth_FE Centro+Belisario,AugSynth_FE,2023-06-26
2023w27,3.5176434990864345,3.4397706650540405,0.07787283403239398,FALSE,no2,M7: AugSynth_FE Centro+Belisario,AugSynth_FE,2023-07-03
2023w28,3.545408783738863,3.547805311455109,-0.0023965277162463217,FALSE,no2,M7: AugSynth_FE Centro+Belisario,AugSynth_FE,2023-07-10
2023w29,3.2419943971683765,3.2353473033311406,0.006647093837235829,FALSE,no2,M7: AugSynth_FE Centro+Belisario,AugSynth_FE,2023-07-17
2023w30,3.5275665702455328,3.5138438995431183,0.013722670702414508,FALSE,no2,M7: AugSynth_FE Centro+Belisario,AugSynth_FE,2023-07-24
2023w31,3.3494138903554664,3.318286225764383,0.031127664591083626,FALSE,no2,M7: AugSynth_FE Centro+Belisario,AugSynth_FE,2023-07-31
2023w32,3.3572497167369395,3.5278894590911194,-0.1706397423541799,FALSE,no2,M7: AugSynth_FE Centro+Belisario,AugSynth_FE,2023-08-07
2023w33,3.7365353208463032,3.5070131786951295,0.22952214215117372,FALSE,no2,M7: AugSynth_FE Centro+Belisario,AugSynth_FE,2023-08-14
2023w34,3.771960628117357,3.671420524437496,0.10054010367986121,FALSE,no2,M7: AugSynth_FE Centro+Belisario,AugSynth_FE,2023-08-21
2023w35,3.5484494970333795,3.514156451896272,0.034293045137107736,FALSE,no2,M7: AugSynth_FE Centro+Belisario,AugSynth_FE,2023-08-28
2023w36,3.5828206574481047,3.6504517815972357,-0.06763112414913097,FALSE,no2,M7: AugSynth_FE Centro+Belisario,AugSynth_FE,2023-09-04
2023w37,3.5188981465540894,3.6048969874487233,-0.08599884089463394,FALSE,no2,M7: AugSynth_FE Centro+Belisario,AugSynth_FE,2023-09-11
2023w38,3.660366949619551,3.722214104690575,-0.06184715507102423,FALSE,no2,M7: AugSynth_FE Centro+Belisario,AugSynth_FE,2023-09-18
2023w39,4.004801382154497,3.998522422513432,0.006278959641064841,FALSE,no2,M7: AugSynth_FE Centro+Belisario,AugSynth_FE,2023-09-25
2023w40,3.939834147909805,3.9005779685842605,0.03925617932554459,FALSE,no2,M7: AugSynth_FE Centro+Belisario,AugSynth_FE,2023-10-02
2023w41,3.93514422648561,3.95434825433764,-0.019204027852029792,FALSE,no2,M7: AugSynth_FE Centro+Belisario,AugSynth_FE,2023-10-09
2023w42,3.873741677689029,3.8469075491867883,0.026834128502240873,FALSE,no2,M7: AugSynth_FE Centro+Belisario,AugSynth_FE,2023-10-16
2023w43,3.90536275497677,3.877030995660134,0.02833175931663634,FALSE,no2,M7: AugSynth_FE Centro+Belisario,AugSynth_FE,2023-10-23
2023w44,3.6113814428478284,3.6668876236901093,-0.05550618084228098,FALSE,no2,M7: AugSynth_FE Centro+Belisario,AugSynth_FE,2023-10-30
2023w45,3.6119996087896915,3.5919504086488145,0.020049200140876966,FALSE,no2,M7: AugSynth_FE Centro+Belisario,AugSynth_FE,2023-11-06
2023w46,3.7862224735496817,3.635970107941844,0.15025236560783783,FALSE,no2,M7: AugSynth_FE Centro+Belisario,AugSynth_FE,2023-11-13
2023w47,3.8096166258846287,3.7204776361483924,0.08913898973623624,FALSE,no2,M7: AugSynth_FE Centro+Belisario,AugSynth_FE,2023-11-20
2023w48,3.6045990418874694,3.5955410094391715,0.009058032448297837,TRUE,no2,M7: AugSynth_FE Centro+Belisario,AugSynth_FE,2023-11-27
2023w49,3.657818151724923,3.5544502876510444,0.10336786407387866,TRUE,no2,M7: AugSynth_FE Centro+Belisario,AugSynth_FE,2023-12-04
2023w50,3.6653973045759005,3.6485023676655843,0.016894936910316183,TRUE,no2,M7: AugSynth_FE Centro+Belisario,AugSynth_FE,2023-12-11
2023w51,3.7515461010732793,3.692759287224658,0.05878681384862139,TRUE,no2,M7: AugSynth_FE Centro+Belisario,AugSynth_FE,2023-12-18
2023w52,3.4807997455886057,3.3767481241698087,0.10405162141879698,TRUE,no2,M7: AugSynth_FE Centro+Belisario,AugSynth_FE,2023-12-25
2024w01,3.658660690254904,3.5234039561928303,0.13525673406207384,TRUE,no2,M7: AugSynth_FE Centro+Belisario,AugSynth_FE,2024-01-01
2024w02,3.4745056495431634,3.468578651024699,0.005926998518464455,TRUE,no2,M7: AugSynth_FE Centro+Belisario,AugSynth_FE,2024-01-08
2024w03,3.3733438689663098,3.471272687544042,-0.09792881857773228,TRUE,no2,M7: AugSynth_FE Centro+Belisario,AugSynth_FE,2024-01-15
2024w04,3.456125263432786,3.3821307497339346,0.07399451369885135,TRUE,no2,M7: AugSynth_FE Centro+Belisario,AugSynth_FE,2024-01-22
2024w05,3.6668267221909474,3.616999035911962,0.04982768627898526,TRUE,no2,M7: AugSynth_FE Centro+Belisario,AugSynth_FE,2024-01-29
2024w06,3.67788859939456,3.6229447184591392,0.0549438809354208,TRUE,no2,M7: AugSynth_FE Centro+Belisario,AugSynth_FE,2024-02-05
2024w07,3.1913491866342563,3.1754199131904994,0.01592927344375683,TRUE,no2,M7: AugSynth_FE Centro+Belisario,AugSynth_FE,2024-02-12
2024w08,3.4826022969444916,3.5104612972434057,-0.027859000298914083,TRUE,no2,M7: AugSynth_FE Centro+Belisario,AugSynth_FE,2024-02-19
2024w09,3.819416828933849,3.8063954589647975,0.013021369969051566,TRUE,no2,M7: AugSynth_FE Centro+Belisario,AugSynth_FE,2024-02-26
2024w10,3.655793821704,3.6783715268271484,-0.022577705123148384,TRUE,no2,M7: AugSynth_FE Centro+Belisario,AugSynth_FE,2024-03-04
2024w11,3.5097688740420834,3.4541802153490613,0.0555886586930221,TRUE,no2,M7: AugSynth_FE Centro+Belisario,AugSynth_FE,2024-03-11
2024w12,3.701597360025759,3.740898948237777,-0.03930158821201779,TRUE,no2,M7: AugSynth_FE Centro+Belisario,AugSynth_FE,2024-03-18
2024w13,3.8449321225798245,3.8338585189186314,0.011073603661193143,TRUE,no2,M7: AugSynth_FE Centro+Belisario,AugSynth_FE,2024-03-25
2024w14,3.7487896601779678,3.789658941370895,-0.04086928119292743,TRUE,no2,M7: AugSynth_FE Centro+Belisario,AugSynth_FE,2024-04-01
2024w15,3.696487201077983,3.781319936663993,-0.0848327355860099,TRUE,no2,M7: AugSynth_FE Centro+Belisario,AugSynth_FE,2024-04-08
2024w16,3.784603341590975,3.82367248540503,-0.03906914381405535,TRUE,no2,M7: AugSynth_FE Centro+Belisario,AugSynth_FE,2024-04-15
2024w17,3.7913604189663275,3.715757201003802,0.07560321796252545,TRUE,no2,M7: AugSynth_FE Centro+Belisario,AugSynth_FE,2024-04-22
2024w18,3.5697469012028056,3.5185521329683302,0.05119476823447533,TRUE,no2,M7: AugSynth_FE Centro+Belisario,AugSynth_FE,2024-04-29
2024w19,3.668204510245129,3.6753867982818758,-0.007182288036746698,TRUE,no2,M7: AugSynth_FE Centro+Belisario,AugSynth_FE,2024-05-06
2024w20,3.570309593633202,3.5837145195734004,-0.013404925940198265,TRUE,no2,M7: AugSynth_FE Centro+Belisario,AugSynth_FE,2024-05-13
2024w21,3.32833990678795,3.3358205321536496,-0.007480625365699378,TRUE,no2,M7: AugSynth_FE Centro+Belisario,AugSynth_FE,2024-05-20
2024w22,3.4763001913674545,3.4566751095972053,0.019625081770249242,TRUE,no2,M7: AugSynth_FE Centro+Belisario,AugSynth_FE,2024-05-27
2024w23,3.2998604503609767,3.1618773885683775,0.13798306179259923,TRUE,no2,M7: AugSynth_FE Centro+Belisario,AugSynth_FE,2024-06-03
2024w24,3.403898494716646,3.2075527907939665,0.1963457039226797,TRUE,no2,M7: AugSynth_FE Centro+Belisario,AugSynth_FE,2024-06-10
2024w25,3.674895825621753,3.63308005978726,0.04181576583449287,TRUE,no2,M7: AugSynth_FE Centro+Belisario,AugSynth_FE,2024-06-17
2024w26,3.52552083685172,3.505615266929897,0.01990556992182313,TRUE,no2,M7: AugSynth_FE Centro+Belisario,AugSynth_FE,2024-06-24
2024w27,3.386724974043748,3.362940971414341,0.023784002629406942,TRUE,no2,M7: AugSynth_FE Centro+Belisario,AugSynth_FE,2024-07-01
2024w28,3.445426172840083,3.5373084359791425,-0.09188226313905945,TRUE,no2,M7: AugSynth_FE Centro+Belisario,AugSynth_FE,2024-07-08
2024w29,3.280326844808281,3.2959963409120525,-0.01566949610377133,TRUE,no2,M7: AugSynth_FE Centro+Belisario,AugSynth_FE,2024-07-15
2024w30,3.36537036359966,3.3088891782123038,0.05648118538735636,TRUE,no2,M7: AugSynth_FE Centro+Belisario,AugSynth_FE,2024-07-22
2024w31,3.3894378132363743,3.2557847796512034,0.1336530335851709,TRUE,no2,M7: AugSynth_FE Centro+Belisario,AugSynth_FE,2024-07-29
2024w32,3.6427321379529545,3.6529276086204305,-0.010195470667476059,TRUE,no2,M7: AugSynth_FE Centro+Belisario,AugSynth_FE,2024-08-05
2024w33,3.350024034200782,3.4590280232688655,-0.1090039890680834,TRUE,no2,M7: AugSynth_FE Centro+Belisario,AugSynth_FE,2024-08-12
2024w34,3.5096829932168587,3.5841905683200714,-0.07450757510321271,TRUE,no2,M7: AugSynth_FE Centro+Belisario,AugSynth_FE,2024-08-19
2024w35,3.3679620250934708,3.4751891469869927,-0.1072271218935219,TRUE,no2,M7: AugSynth_FE Centro+Belisario,AugSynth_FE,2024-08-26
2024w36,3.52570284456951,3.6934567282335307,-0.16775388366402044,TRUE,no2,M7: AugSynth_FE Centro+Belisario,AugSynth_FE,2024-09-02
2024w37,3.5238462879184365,3.561136283467854,-0.037289995549417476,TRUE,no2,M7: AugSynth_FE Centro+Belisario,AugSynth_FE,2024-09-09
2024w38,3.6158003375896124,3.709591806302734,-0.0937914687131216,TRUE,no2,M7: AugSynth_FE Centro+Belisario,AugSynth_FE,2024-09-16
2024w39,3.7431804125881856,3.848552770942203,-0.10537235835401759,TRUE,no2,M7: AugSynth_FE Centro+Belisario,AugSynth_FE,2024-09-23
2024w40,4.055378619001789,4.1256589252735205,-0.07028030627173187,TRUE,no2,M7: AugSynth_FE Centro+Belisario,AugSynth_FE,2024-09-30
2024w41,3.8930635419089454,3.9411203915841706,-0.048056849675225166,TRUE,no2,M7: AugSynth_FE Centro+Belisario,AugSynth_FE,2024-10-07
2024w42,3.7648153028231732,3.7228492656932666,0.04196603712990665,TRUE,no2,M7: AugSynth_FE Centro+Belisario,AugSynth_FE,2024-10-14
2024w43,3.8459855936979332,3.7576039563942807,0.08838163730365256,TRUE,no2,M7: AugSynth_FE Centro+Belisario,AugSynth_FE,2024-10-21
2024w44,3.734731479391055,3.722247720526993,0.012483758864061834,TRUE,no2,M7: AugSynth_FE Centro+Belisario,AugSynth_FE,2024-10-28
2024w45,3.7377336112906336,3.8299947442418807,-0.09226113295124705,TRUE,no2,M7: AugSynth_FE Centro+Belisario,AugSynth_FE,2024-11-04
2024w46,3.8518815844770686,3.9112594257508975,-0.059377841273828835,TRUE,no2,M7: AugSynth_FE Centro+Belisario,AugSynth_FE,2024-11-11
2024w47,3.833124267010332,3.7583468699695035,0.07477739704082831,TRUE,no2,M7: AugSynth_FE Centro+Belisario,AugSynth_FE,2024-11-18
2024w48,3.818257896060029,3.7004622574901838,0.1177956385698451,TRUE,no2,M7: AugSynth_FE Centro+Belisario,AugSynth_FE,2024-11-25
2024w49,3.7985380341175725,3.7284914195339645,0.07004661458360806,TRUE,no2,M7: AugSynth_FE Centro+Belisario,AugSynth_FE,2024-12-02
2024w50,3.5698111351063364,3.476338373979772,0.09347276112656422,TRUE,no2,M7: AugSynth_FE Centro+Belisario,AugSynth_FE,2024-12-09
2024w51,3.5163802792675978,3.518627339508456,-0.0022470602408581897,TRUE,no2,M7: AugSynth_FE Centro+Belisario,AugSynth_FE,2024-12-16
2024w52,3.514964057858905,3.5020031379899614,0.012960919868943765,TRUE,no2,M7: AugSynth_FE Centro+Belisario,AugSynth_FE,2024-12-23
2025w01,3.225338200464545,3.0692779573610447,0.15606024310350008,TRUE,no2,M7: AugSynth_FE Centro+Belisario,AugSynth_FE,2024-12-30
2025w02,3.584079846534343,3.5120100363804565,0.07206981015388658,TRUE,no2,M7: AugSynth_FE Centro+Belisario,AugSynth_FE,2025-01-06
2025w03,3.604608861234345,3.5641588806130247,0.040449980621320325,TRUE,no2,M7: AugSynth_FE Centro+Belisario,AugSynth_FE,2025-01-13
2025w04,3.8197592597082943,3.77467297584401,0.04508628386428448,TRUE,no2,M7: AugSynth_FE Centro+Belisario,AugSynth_FE,2025-01-20
2025w05,3.4133093046654466,3.364880066595,0.04842923807044652,TRUE,no2,M7: AugSynth_FE Centro+Belisario,AugSynth_FE,2025-01-27
2025w06,3.737261305602946,3.5368958583979073,0.20036544720503846,TRUE,no2,M7: AugSynth_FE Centro+Belisario,AugSynth_FE,2025-02-03
2025w07,3.567166537748834,3.422151937942469,0.14501459980636522,TRUE,no2,M7: AugSynth_FE Centro+Belisario,AugSynth_FE,2025-02-10
2025w08,3.4566563356821605,3.3291095175290355,0.12754681815312496,TRUE,no2,M7: AugSynth_FE Centro+Belisario,AugSynth_FE,2025-02-17
2025w09,3.633444229002942,3.1773401076677263,0.4561041213352155,TRUE,no2,M7: AugSynth_FE Centro+Belisario,AugSynth_FE,2025-02-24
2025w10,3.665417399047019,3.1979706935461834,0.4674467055008358,TRUE,no2,M7: AugSynth_FE Centro+Belisario,AugSynth_FE,2025-03-03
2025w11,3.7664259314694837,3.3197779282964373,0.4466480031730464,TRUE,no2,M7: AugSynth_FE Centro+Belisario,AugSynth_FE,2025-03-10
2025w12,3.665783216258675,3.267706595420366,0.3980766208383093,TRUE,no2,M7: AugSynth_FE Centro+Belisario,AugSynth_FE,2025-03-17
2025w13,3.648671431744812,3.2536900047416846,0.39498142700312755,TRUE,no2,M7: AugSynth_FE Centro+Belisario,AugSynth_FE,2025-03-24
2025w14,3.7656337757290115,3.3681958622328363,0.3974379134961752,TRUE,no2,M7: AugSynth_FE Centro+Belisario,AugSynth_FE,2025-03-31
2025w15,3.530837483804586,3.402953254742515,0.12788422906207098,TRUE,no2,M7: AugSynth_FE Centro+Belisario,AugSynth_FE,2025-04-07
2025w16,3.4495293554976447,3.3955861298092027,0.05394322568844201,TRUE,no2,M7: AugSynth_FE Centro+Belisario,AugSynth_FE,2025-04-14
2025w17,3.780914624274911,3.738326588003824,0.04258803627108687,TRUE,no2,M7: AugSynth_FE Centro+Belisario,AugSynth_FE,2025-04-21
2025w18,3.598899558471915,3.5001408031743817,0.09875875529753309,TRUE,no2,M7: AugSynth_FE Centro+Belisario,AugSynth_FE,2025-04-28
2025w19,3.5031718401748604,3.5460971678918543,-0.042925327716993866,TRUE,no2,M7: AugSynth_FE Centro+Belisario,AugSynth_FE,2025-05-05
2025w20,3.4670693828145787,3.2545217862930866,0.21254759652149202,TRUE,no2,M7: AugSynth_FE Centro+Belisario,AugSynth_FE,2025-05-12
2025w21,3.4484242102628007,3.36995411195942,0.07847009830338081,TRUE,no2,M7: AugSynth_FE Centro+Belisario,AugSynth_FE,2025-05-19
2025w22,3.302302777510712,3.2043886873911736,0.09791409011953833,TRUE,no2,M7: AugSynth_FE Centro+Belisario,AugSynth_FE,2025-05-26
2025w23,3.3367849601250192,3.274344111469023,0.062440848655996195,TRUE,no2,M7: AugSynth_FE Centro+Belisario,AugSynth_FE,2025-06-02
2025w24,3.5275824257575925,3.36306302791368,0.16451939784391234,TRUE,no2,M7: AugSynth_FE Centro+Belisario,AugSynth_FE,2025-06-09
2025w25,2.925092116932062,3.363529480924931,-0.43843736399286914,TRUE,no2,M7: AugSynth_FE Centro+Belisario,AugSynth_FE,2025-06-16
2022w48,3.409110435154017,3.4154167565102007,-0.006306321356183808,FALSE,no2,M8: AugSynth_FE Centro (Bel. dropped),AugSynth_FE,2022-11-28
2022w49,3.8264179118855406,3.807670356059078,0.01874755582646248,FALSE,no2,M8: AugSynth_FE Centro (Bel. dropped),AugSynth_FE,2022-12-05
2022w50,3.525909442501763,3.604201440991142,-0.07829199848937884,FALSE,no2,M8: AugSynth_FE Centro (Bel. dropped),AugSynth_FE,2022-12-12
2022w51,3.6681153647612086,3.511445480994843,0.15666988376636537,FALSE,no2,M8: AugSynth_FE Centro (Bel. dropped),AugSynth_FE,2022-12-19
2022w52,3.74879794432518,3.7613609416874114,-0.012562997362231432,FALSE,no2,M8: AugSynth_FE Centro (Bel. dropped),AugSynth_FE,2022-12-26
2023w01,3.7395804898175986,3.782941848114309,-0.043361358296710506,FALSE,no2,M8: AugSynth_FE Centro (Bel. dropped),AugSynth_FE,2023-01-02
2023w02,3.8134468313995202,3.8285542439809825,-0.01510741258146231,FALSE,no2,M8: AugSynth_FE Centro (Bel. dropped),AugSynth_FE,2023-01-09
2023w03,3.627766171255473,3.727681121501138,-0.09991495024566488,FALSE,no2,M8: AugSynth_FE Centro (Bel. dropped),AugSynth_FE,2023-01-16
2023w04,3.3842094560406664,3.539817858359341,-0.1556084023186748,FALSE,no2,M8: AugSynth_FE Centro (Bel. dropped),AugSynth_FE,2023-01-23
2023w05,3.660377093641224,3.6927987615198163,-0.03242166787859224,FALSE,no2,M8: AugSynth_FE Centro (Bel. dropped),AugSynth_FE,2023-01-30
2023w06,3.6221438544994173,3.5763406035788625,0.04580325092055482,FALSE,no2,M8: AugSynth_FE Centro (Bel. dropped),AugSynth_FE,2023-02-06
2023w07,3.5605630113984876,3.5793480436932286,-0.018785032294740933,FALSE,no2,M8: AugSynth_FE Centro (Bel. dropped),AugSynth_FE,2023-02-13
2023w08,3.546163151912341,3.648390495303629,-0.10222734339128792,FALSE,no2,M8: AugSynth_FE Centro (Bel. dropped),AugSynth_FE,2023-02-20
2023w09,3.5542522231826434,3.5482027647039707,0.006049458478672776,FALSE,no2,M8: AugSynth_FE Centro (Bel. dropped),AugSynth_FE,2023-02-27
2023w10,3.4993016342052035,3.4683176995636424,0.030983934641561017,FALSE,no2,M8: AugSynth_FE Centro (Bel. dropped),AugSynth_FE,2023-03-06
2023w11,3.4278501315482126,3.5539240587629037,-0.12607392721469113,FALSE,no2,M8: AugSynth_FE Centro (Bel. dropped),AugSynth_FE,2023-03-13
2023w12,3.6550985848110167,3.6808115072559286,-0.025712922444911968,FALSE,no2,M8: AugSynth_FE Centro (Bel. dropped),AugSynth_FE,2023-03-20
2023w13,3.796649564365561,3.7905083582343533,0.0061412061312076105,FALSE,no2,M8: AugSynth_FE Centro (Bel. dropped),AugSynth_FE,2023-03-27
2023w14,3.66505625514066,3.631624785825963,0.03343146931469709,FALSE,no2,M8: AugSynth_FE Centro (Bel. dropped),AugSynth_FE,2023-04-03
2023w15,3.5693261023723237,3.5640502093505098,0.005275893021813971,FALSE,no2,M8: AugSynth_FE Centro (Bel. dropped),AugSynth_FE,2023-04-10
2023w16,3.5955664453019454,3.6270844515773004,-0.03151800627535506,FALSE,no2,M8: AugSynth_FE Centro (Bel. dropped),AugSynth_FE,2023-04-17
2023w17,3.672529858236844,3.6987159500304045,-0.02618609179356035,FALSE,no2,M8: AugSynth_FE Centro (Bel. dropped),AugSynth_FE,2023-04-24
2023w18,3.0155675800547614,3.1963014784546018,-0.18073389839984033,FALSE,no2,M8: AugSynth_FE Centro (Bel. dropped),AugSynth_FE,2023-05-01
2023w19,3.4343097331123578,3.5413027970939943,-0.10699306398163655,FALSE,no2,M8: AugSynth_FE Centro (Bel. dropped),AugSynth_FE,2023-05-08
2023w20,3.602513323453567,3.4442831994338845,0.15823012401968262,FALSE,no2,M8: AugSynth_FE Centro (Bel. dropped),AugSynth_FE,2023-05-15
2023w21,3.52979579378716,3.4749916724450483,0.05480412134211177,FALSE,no2,M8: AugSynth_FE Centro (Bel. dropped),AugSynth_FE,2023-05-22
2023w22,3.4245557712393904,3.462550655247931,-0.03799488400854045,FALSE,no2,M8: AugSynth_FE Centro (Bel. dropped),AugSynth_FE,2023-05-29
2023w23,3.478209861804493,3.3322007110398193,0.1460091507646739,FALSE,no2,M8: AugSynth_FE Centro (Bel. dropped),AugSynth_FE,2023-06-05
2023w24,3.461790630437442,3.3763525132177423,0.08543811721969963,FALSE,no2,M8: AugSynth_FE Centro (Bel. dropped),AugSynth_FE,2023-06-12
2023w25,3.4324053087863486,3.2417584625528875,0.19064684623346118,FALSE,no2,M8: AugSynth_FE Centro (Bel. dropped),AugSynth_FE,2023-06-19
2023w26,3.447073250485089,3.358557521446813,0.08851572903827609,FALSE,no2,M8: AugSynth_FE Centro (Bel. dropped),AugSynth_FE,2023-06-26
2023w27,3.6499480324451716,3.469778221317732,0.18016981112743968,FALSE,no2,M8: AugSynth_FE Centro (Bel. dropped),AugSynth_FE,2023-07-03
2023w28,3.5974766306405925,3.561845098184925,0.035631532455667525,FALSE,no2,M8: AugSynth_FE Centro (Bel. dropped),AugSynth_FE,2023-07-10
2023w29,3.2280998193957324,3.2366784931229193,-0.008578673727186903,FALSE,no2,M8: AugSynth_FE Centro (Bel. dropped),AugSynth_FE,2023-07-17
2023w30,3.5560430580186044,3.5223184736520308,0.03372458436657366,FALSE,no2,M8: AugSynth_FE Centro (Bel. dropped),AugSynth_FE,2023-07-24
2023w31,3.308253289352691,3.3172303078220433,-0.008977018469352505,FALSE,no2,M8: AugSynth_FE Centro (Bel. dropped),AugSynth_FE,2023-07-31
2023w32,3.2970460112367186,3.5337998960845822,-0.23675388484786364,FALSE,no2,M8: AugSynth_FE Centro (Bel. dropped),AugSynth_FE,2023-08-07
2023w33,3.754066202606751,3.529864455187012,0.22420174741973886,FALSE,no2,M8: AugSynth_FE Centro (Bel. dropped),AugSynth_FE,2023-08-14
2023w34,3.7926462003958044,3.6777886569627465,0.11485754343305787,FALSE,no2,M8: AugSynth_FE Centro (Bel. dropped),AugSynth_FE,2023-08-21
2023w35,3.485548742462061,3.503621591063569,-0.018072848601508262,FALSE,no2,M8: AugSynth_FE Centro (Bel. dropped),AugSynth_FE,2023-08-28
2023w36,3.5062078360556863,3.6469084710469595,-0.14070063499127317,FALSE,no2,M8: AugSynth_FE Centro (Bel. dropped),AugSynth_FE,2023-09-04
2023w37,3.447476459182883,3.6031380635308192,-0.1556616043479364,FALSE,no2,M8: AugSynth_FE Centro (Bel. dropped),AugSynth_FE,2023-09-11
2023w38,3.6507145167665214,3.709929814476082,-0.05921529770956058,FALSE,no2,M8: AugSynth_FE Centro (Bel. dropped),AugSynth_FE,2023-09-18
2023w39,3.943909194290468,3.9964123970573247,-0.05250320276685683,FALSE,no2,M8: AugSynth_FE Centro (Bel. dropped),AugSynth_FE,2023-09-25
2023w40,3.9228376491239807,3.912367278045125,0.010470371078855845,FALSE,no2,M8: AugSynth_FE Centro (Bel. dropped),AugSynth_FE,2023-10-02
2023w41,3.9435410521446914,3.9498815223592194,-0.006340470214527993,FALSE,no2,M8: AugSynth_FE Centro (Bel. dropped),AugSynth_FE,2023-10-09
2023w42,3.9355311770077255,3.84411559013775,0.09141558686997531,FALSE,no2,M8: AugSynth_FE Centro (Bel. dropped),AugSynth_FE,2023-10-16
2023w43,3.886964992753961,3.8849732872259035,0.001991705528057608,FALSE,no2,M8: AugSynth_FE Centro (Bel. dropped),AugSynth_FE,2023-10-23
2023w44,3.5929878553183427,3.680211061863091,-0.08722320654474824,FALSE,no2,M8: AugSynth_FE Centro (Bel. dropped),AugSynth_FE,2023-10-30
2023w45,3.6145688973387715,3.5943039929032365,0.02026490443553497,FALSE,no2,M8: AugSynth_FE Centro (Bel. dropped),AugSynth_FE,2023-11-06
2023w46,3.7956614589770945,3.636006436809798,0.15965502216729632,FALSE,no2,M8: AugSynth_FE Centro (Bel. dropped),AugSynth_FE,2023-11-13
2023w47,3.7016722759126885,3.726974704959856,-0.025302429047167507,FALSE,no2,M8: AugSynth_FE Centro (Bel. dropped),AugSynth_FE,2023-11-20
2023w48,3.587206575202634,3.593748381736573,-0.0065418065339390985,TRUE,no2,M8: AugSynth_FE Centro (Bel. dropped),AugSynth_FE,2023-11-27
2023w49,3.571408869639598,3.5583192869259777,0.013089582713620374,TRUE,no2,M8: AugSynth_FE Centro (Bel. dropped),AugSynth_FE,2023-12-04
2023w50,3.720814072644282,3.6531737506234823,0.06764032202079973,TRUE,no2,M8: AugSynth_FE Centro (Bel. dropped),AugSynth_FE,2023-12-11
2023w51,3.7864597824528,3.7086882795623213,0.07777150289047885,TRUE,no2,M8: AugSynth_FE Centro (Bel. dropped),AugSynth_FE,2023-12-18
2023w52,3.4837497579939734,3.392659461226631,0.09109029676734215,TRUE,no2,M8: AugSynth_FE Centro (Bel. dropped),AugSynth_FE,2023-12-25
2024w01,3.6493847034157967,3.542568673504772,0.10681602991102457,TRUE,no2,M8: AugSynth_FE Centro (Bel. dropped),AugSynth_FE,2024-01-01
2024w02,3.4555487730785863,3.488678415334891,-0.03312964225630477,TRUE,no2,M8: AugSynth_FE Centro (Bel. dropped),AugSynth_FE,2024-01-08
2024w03,3.375617431059383,3.4857384302762617,-0.11012099921687879,TRUE,no2,M8: AugSynth_FE Centro (Bel. dropped),AugSynth_FE,2024-01-15
2024w04,3.414168448026634,3.385240746429449,0.028927701597185163,TRUE,no2,M8: AugSynth_FE Centro (Bel. dropped),AugSynth_FE,2024-01-22
2024w05,3.595721955627687,3.6239611612577627,-0.02823920563007576,TRUE,no2,M8: AugSynth_FE Centro (Bel. dropped),AugSynth_FE,2024-01-29
2024w06,3.6472585294228357,3.624386106515802,0.02287242290703384,TRUE,no2,M8: AugSynth_FE Centro (Bel. dropped),AugSynth_FE,2024-02-05
2024w07,3.099521555470332,3.1850080395344045,-0.08548648406407233,TRUE,no2,M8: AugSynth_FE Centro (Bel. dropped),AugSynth_FE,2024-02-12
2024w08,3.387796883598909,3.5302466623461295,-0.14244977874722053,TRUE,no2,M8: AugSynth_FE Centro (Bel. dropped),AugSynth_FE,2024-02-19
2024w09,3.7833104596790363,3.819529124034629,-0.03621866435559262,TRUE,no2,M8: AugSynth_FE Centro (Bel. dropped),AugSynth_FE,2024-02-26
2024w10,3.6307823645616377,3.690874478663958,-0.06009211410232007,TRUE,no2,M8: AugSynth_FE Centro (Bel. dropped),AugSynth_FE,2024-03-04
2024w11,3.422371616893562,3.4536881906555994,-0.031316573762037336,TRUE,no2,M8: AugSynth_FE Centro (Bel. dropped),AugSynth_FE,2024-03-11
2024w12,3.661114209153167,3.7555681123444016,-0.09445390319123437,TRUE,no2,M8: AugSynth_FE Centro (Bel. dropped),AugSynth_FE,2024-03-18
2024w13,3.820616529580485,3.855305381096765,-0.03468885151627976,TRUE,no2,M8: AugSynth_FE Centro (Bel. dropped),AugSynth_FE,2024-03-25
2024w14,3.6742563896925087,3.8151799088855447,-0.14092351919303603,TRUE,no2,M8: AugSynth_FE Centro (Bel. dropped),AugSynth_FE,2024-04-01
2024w15,3.7130516060849215,3.792810104352762,-0.07975849826784032,TRUE,no2,M8: AugSynth_FE Centro (Bel. dropped),AugSynth_FE,2024-04-08
2024w16,3.7269697208610713,3.83584562743441,-0.1088759065733389,TRUE,no2,M8: AugSynth_FE Centro (Bel. dropped),AugSynth_FE,2024-04-15
2024w17,3.7152211127841883,3.728072162335638,-0.012851049551449556,TRUE,no2,M8: AugSynth_FE Centro (Bel. dropped),AugSynth_FE,2024-04-22
2024w18,3.549109595040774,3.5394477973646636,0.009661797676110417,TRUE,no2,M8: AugSynth_FE Centro (Bel. dropped),AugSynth_FE,2024-04-29
2024w19,3.6990772790903823,3.693116896430555,0.005960382659827346,TRUE,no2,M8: AugSynth_FE Centro (Bel. dropped),AugSynth_FE,2024-05-06
2024w20,3.513765857448189,3.596931559887244,-0.08316570243905463,TRUE,no2,M8: AugSynth_FE Centro (Bel. dropped),AugSynth_FE,2024-05-13
2024w21,3.3282682016393976,3.3516598918109923,-0.023391690171594703,TRUE,no2,M8: AugSynth_FE Centro (Bel. dropped),AugSynth_FE,2024-05-20
2024w22,3.464328663102245,3.467818101116574,-0.003489438014328883,TRUE,no2,M8: AugSynth_FE Centro (Bel. dropped),AugSynth_FE,2024-05-27
2024w23,3.220314789062455,3.1780850901623383,0.04222969890011674,TRUE,no2,M8: AugSynth_FE Centro (Bel. dropped),AugSynth_FE,2024-06-03
2024w24,3.311491468577662,3.2296352447943097,0.08185622378335244,TRUE,no2,M8: AugSynth_FE Centro (Bel. dropped),AugSynth_FE,2024-06-10
2024w25,3.649601405983703,3.649810443083033,-2.0903709932973413e-4,TRUE,no2,M8: AugSynth_FE Centro (Bel. dropped),AugSynth_FE,2024-06-17
2024w26,3.4649334976254496,3.527692233218356,-0.06275873559290623,TRUE,no2,M8: AugSynth_FE Centro (Bel. dropped),AugSynth_FE,2024-06-24
2024w27,3.3300235622076304,3.3805394529027506,-0.05051589069512019,TRUE,no2,M8: AugSynth_FE Centro (Bel. dropped),AugSynth_FE,2024-07-01
2024w28,3.427233265101877,3.5430034403391844,-0.11577017523730726,TRUE,no2,M8: AugSynth_FE Centro (Bel. dropped),AugSynth_FE,2024-07-08
2024w29,3.22602355222652,3.292637060735988,-0.06661350850946768,TRUE,no2,M8: AugSynth_FE Centro (Bel. dropped),AugSynth_FE,2024-07-15
2024w30,3.3375710369577267,3.30267416763497,0.03489686932275671,TRUE,no2,M8: AugSynth_FE Centro (Bel. dropped),AugSynth_FE,2024-07-22
2024w31,3.36814604316544,3.251928251023907,0.11621779214153305,TRUE,no2,M8: AugSynth_FE Centro (Bel. dropped),AugSynth_FE,2024-07-29
2024w32,3.6378843608740388,3.6650148225648125,-0.02713046169077371,TRUE,no2,M8: AugSynth_FE Centro (Bel. dropped),AugSynth_FE,2024-08-05
2024w33,3.3355607763693125,3.458066981214984,-0.12250620484567154,TRUE,no2,M8: AugSynth_FE Centro (Bel. dropped),AugSynth_FE,2024-08-12
2024w34,3.4586798170755175,3.5895316233157293,-0.13085180624021175,TRUE,no2,M8: AugSynth_FE Centro (Bel. dropped),AugSynth_FE,2024-08-19
2024w35,3.3527888113431947,3.4771935661397246,-0.1244047547965299,TRUE,no2,M8: AugSynth_FE Centro (Bel. dropped),AugSynth_FE,2024-08-26
2024w36,3.4335032164140706,3.697976573672682,-0.2644733572586113,TRUE,no2,M8: AugSynth_FE Centro (Bel. dropped),AugSynth_FE,2024-09-02
2024w37,3.445724503712233,3.549802105942457,-0.10407760223022411,TRUE,no2,M8: AugSynth_FE Centro (Bel. dropped),AugSynth_FE,2024-09-09
2024w38,3.590669239938634,3.70540065691519,-0.11473141697655587,TRUE,no2,M8: AugSynth_FE Centro (Bel. dropped),AugSynth_FE,2024-09-16
2024w39,3.669858021605637,3.843956947610089,-0.1740989260044521,TRUE,no2,M8: AugSynth_FE Centro (Bel. dropped),AugSynth_FE,2024-09-23
2024w40,4.026684135968928,4.1422497707240025,-0.11556563475507442,TRUE,no2,M8: AugSynth_FE Centro (Bel. dropped),AugSynth_FE,2024-09-30
2024w41,3.851749155417421,3.9540136108465567,-0.10226445542913565,TRUE,no2,M8: AugSynth_FE Centro (Bel. dropped),AugSynth_FE,2024-10-07
2024w42,3.6861005966635005,3.719273348244014,-0.03317275158051336,TRUE,no2,M8: AugSynth_FE Centro (Bel. dropped),AugSynth_FE,2024-10-14
2024w43,3.7488371869426675,3.761755108110001,-0.012917921167333368,TRUE,no2,M8: AugSynth_FE Centro (Bel. dropped),AugSynth_FE,2024-10-21
2024w44,3.6789132898020864,3.7212455157174014,-0.042332225915314936,TRUE,no2,M8: AugSynth_FE Centro (Bel. dropped),AugSynth_FE,2024-10-28
2024w45,3.721217562025881,3.8457975004397484,-0.12457993841386727,TRUE,no2,M8: AugSynth_FE Centro (Bel. dropped),AugSynth_FE,2024-11-04
2024w46,3.867924816706348,3.9197220879034496,-0.05179727119710176,TRUE,no2,M8: AugSynth_FE Centro (Bel. dropped),AugSynth_FE,2024-11-11
2024w47,3.74882149008047,3.7666568123035313,-0.01783532222306139,TRUE,no2,M8: AugSynth_FE Centro (Bel. dropped),AugSynth_FE,2024-11-18
2024w48,3.7239489346062706,3.7068243311808087,0.01712460342546196,TRUE,no2,M8: AugSynth_FE Centro (Bel. dropped),AugSynth_FE,2024-11-25
2024w49,3.7909470540709695,3.7434917845560283,0.04745526951494128,TRUE,no2,M8: AugSynth_FE Centro (Bel. dropped),AugSynth_FE,2024-12-02
2024w50,3.534124425037787,3.4895454837148194,0.04457894132296758,TRUE,no2,M8: AugSynth_FE Centro (Bel. dropped),AugSynth_FE,2024-12-09
2024w51,3.4364679957440747,3.524502719283347,-0.08803472353927244,TRUE,no2,M8: AugSynth_FE Centro (Bel. dropped),AugSynth_FE,2024-12-16
2024w52,3.4961539636045886,3.5167379477768645,-0.020583984172275915,TRUE,no2,M8: AugSynth_FE Centro (Bel. dropped),AugSynth_FE,2024-12-23
2025w01,3.2135416232774987,3.0953255135495668,0.11821610972793195,TRUE,no2,M8: AugSynth_FE Centro (Bel. dropped),AugSynth_FE,2024-12-30
2025w02,3.5077671658599665,3.524959103631386,-0.017191937771419585,TRUE,no2,M8: AugSynth_FE Centro (Bel. dropped),AugSynth_FE,2025-01-06
2025w03,3.5430441058903916,3.5810606027735385,-0.0380164968831469,TRUE,no2,M8: AugSynth_FE Centro (Bel. dropped),AugSynth_FE,2025-01-13
2025w04,3.7929090845367672,3.7830905731664357,0.009818511370331517,TRUE,no2,M8: AugSynth_FE Centro (Bel. dropped),AugSynth_FE,2025-01-20
2025w05,3.4143439193320426,3.375682008734726,0.038661910597316496,TRUE,no2,M8: AugSynth_FE Centro (Bel. dropped),AugSynth_FE,2025-01-27
2025w06,3.7428071919726427,3.553164036829123,0.1896431551435196,TRUE,no2,M8: AugSynth_FE Centro (Bel. dropped),AugSynth_FE,2025-02-03
2025w07,3.5582771009952934,3.4368937186114477,0.12138338238384572,TRUE,no2,M8: AugSynth_FE Centro (Bel. dropped),AugSynth_FE,2025-02-10
2025w08,3.461665128429245,3.352920547694405,0.10874458073483995,TRUE,no2,M8: AugSynth_FE Centro (Bel. dropped),AugSynth_FE,2025-02-17
2025w09,3.6353380205190176,3.2109203480980635,0.4244176724209541,TRUE,no2,M8: AugSynth_FE Centro (Bel. dropped),AugSynth_FE,2025-02-24
2025w10,3.6387521463663552,3.232520756573928,0.40623138979242723,TRUE,no2,M8: AugSynth_FE Centro (Bel. dropped),AugSynth_FE,2025-03-03
2025w11,3.7232824911359303,3.358420806040065,0.36486168509586525,TRUE,no2,M8: AugSynth_FE Centro (Bel. dropped),AugSynth_FE,2025-03-10
2025w12,3.6073439661314177,3.2940489230678116,0.3132950430636061,TRUE,no2,M8: AugSynth_FE Centro (Bel. dropped),AugSynth_FE,2025-03-17
2025w13,3.6083217527427958,3.2752871103670538,0.333034642375742,TRUE,no2,M8: AugSynth_FE Centro (Bel. dropped),AugSynth_FE,2025-03-24
2025w14,3.7059577856486876,3.391731460342313,0.3142263253063744,TRUE,no2,M8: AugSynth_FE Centro (Bel. dropped),AugSynth_FE,2025-03-31
2025w15,3.4742516242346366,3.4055651990881817,0.06868642514645495,TRUE,no2,M8: AugSynth_FE Centro (Bel. dropped),AugSynth_FE,2025-04-07
2025w16,3.3728550614284734,3.3990238722444186,-0.026168810815945243,TRUE,no2,M8: AugSynth_FE Centro (Bel. dropped),AugSynth_FE,2025-04-14
2025w17,3.7073576753597095,3.749870492253941,-0.0425128168942317,TRUE,no2,M8: AugSynth_FE Centro (Bel. dropped),AugSynth_FE,2025-04-21
2025w18,3.5193151760953816,3.5158771932954194,0.0034379827999622137,TRUE,no2,M8: AugSynth_FE Centro (Bel. dropped),AugSynth_FE,2025-04-28
2025w19,3.440460828945056,3.553139645746616,-0.11267881680156,TRUE,no2,M8: AugSynth_FE Centro (Bel. dropped),AugSynth_FE,2025-05-05
2025w20,3.4009973616594884,3.2595476443991287,0.1414497172603597,TRUE,no2,M8: AugSynth_FE Centro (Bel. dropped),AugSynth_FE,2025-05-12
2025w21,3.3433210631314663,3.368001033880401,-0.02467997074893491,TRUE,no2,M8: AugSynth_FE Centro (Bel. dropped),AugSynth_FE,2025-05-19
2025w22,3.2333177037654117,3.2090270496274966,0.02429065413791509,TRUE,no2,M8: AugSynth_FE Centro (Bel. dropped),AugSynth_FE,2025-05-26
2025w23,3.2719615119597902,3.27902256641374,-0.007061054453949556,TRUE,no2,M8: AugSynth_FE Centro (Bel. dropped),AugSynth_FE,2025-06-02
2025w24,3.4336323028053175,3.37989740721509,0.053734895590227705,TRUE,no2,M8: AugSynth_FE Centro (Bel. dropped),AugSynth_FE,2025-06-09
2025w25,2.4949028175077683,3.3690765423771696,-0.8741737248694013,TRUE,no2,M8: AugSynth_FE Centro (Bel. dropped),AugSynth_FE,2025-06-16
2022w48,3.409110435154017,3.447272941864503,-0.038162506710486266,FALSE,no2,M8b: AugSynth_FE Centro (Bel. in pool),AugSynth_FE,2022-11-28
2022w49,3.8264179118855406,3.7148265414514077,0.11159137043413292,FALSE,no2,M8b: AugSynth_FE Centro (Bel. in pool),AugSynth_FE,2022-12-05
2022w50,3.525909442501763,3.596504746943391,-0.07059530444162787,FALSE,no2,M8b: AugSynth_FE Centro (Bel. in pool),AugSynth_FE,2022-12-12
2022w51,3.6681153647612086,3.557622955657583,0.11049240910362546,FALSE,no2,M8b: AugSynth_FE Centro (Bel. in pool),AugSynth_FE,2022-12-19
2022w52,3.74879794432518,3.6733441623047463,0.07545378202043374,FALSE,no2,M8b: AugSynth_FE Centro (Bel. in pool),AugSynth_FE,2022-12-26
2023w01,3.7395804898175986,3.6969671676808997,0.042613322136698883,FALSE,no2,M8b: AugSynth_FE Centro (Bel. in pool),AugSynth_FE,2023-01-02
2023w02,3.8134468313995202,3.7864304356765803,0.0270163957229399,FALSE,no2,M8b: AugSynth_FE Centro (Bel. in pool),AugSynth_FE,2023-01-09
2023w03,3.627766171255473,3.691429517453256,-0.06366334619778291,FALSE,no2,M8b: AugSynth_FE Centro (Bel. in pool),AugSynth_FE,2023-01-16
2023w04,3.3842094560406664,3.4836054567444745,-0.09939600070380816,FALSE,no2,M8b: AugSynth_FE Centro (Bel. in pool),AugSynth_FE,2023-01-23
2023w05,3.660377093641224,3.6880009948607855,-0.027623901219561375,FALSE,no2,M8b: AugSynth_FE Centro (Bel. in pool),AugSynth_FE,2023-01-30
2023w06,3.6221438544994173,3.519395608249427,0.10274824624999024,FALSE,no2,M8b: AugSynth_FE Centro (Bel. in pool),AugSynth_FE,2023-02-06
2023w07,3.5605630113984876,3.58831358397466,-0.027750572576172416,FALSE,no2,M8b: AugSynth_FE Centro (Bel. in pool),AugSynth_FE,2023-02-13
2023w08,3.546163151912341,3.606979996382454,-0.06081684447011293,FALSE,no2,M8b: AugSynth_FE Centro (Bel. in pool),AugSynth_FE,2023-02-20
2023w09,3.5542522231826434,3.5719254816976567,-0.017673258515013224,FALSE,no2,M8b: AugSynth_FE Centro (Bel. in pool),AugSynth_FE,2023-02-27
2023w10,3.4993016342052035,3.5015582917563584,-0.0022566575511548947,FALSE,no2,M8b: AugSynth_FE Centro (Bel. in pool),AugSynth_FE,2023-03-06
2023w11,3.4278501315482126,3.51092387720415,-0.08307374565593717,FALSE,no2,M8b: AugSynth_FE Centro (Bel. in pool),AugSynth_FE,2023-03-13
2023w12,3.6550985848110167,3.703776257851497,-0.04867767304048032,FALSE,no2,M8b: AugSynth_FE Centro (Bel. in pool),AugSynth_FE,2023-03-20
2023w13,3.796649564365561,3.8040193983689905,-0.0073698340034296095,FALSE,no2,M8b: AugSynth_FE Centro (Bel. in pool),AugSynth_FE,2023-03-27
2023w14,3.66505625514066,3.653414216474574,0.011642038666086041,FALSE,no2,M8b: AugSynth_FE Centro (Bel. in pool),AugSynth_FE,2023-04-03
2023w15,3.5693261023723237,3.582607328526143,-0.013281226153819325,FALSE,no2,M8b: AugSynth_FE Centro (Bel. in pool),AugSynth_FE,2023-04-10
2023w16,3.5955664453019454,3.694047933144985,-0.09848148784303978,FALSE,no2,M8b: AugSynth_FE Centro (Bel. in pool),AugSynth_FE,2023-04-17
2023w17,3.672529858236844,3.70573471100597,-0.03320485276912599,FALSE,no2,M8b: AugSynth_FE Centro (Bel. in pool),AugSynth_FE,2023-04-24
2023w18,3.0155675800547614,3.153519649108164,-0.1379520690534024,FALSE,no2,M8b: AugSynth_FE Centro (Bel. in pool),AugSynth_FE,2023-05-01
2023w19,3.4343097331123578,3.5150290932227706,-0.08071936011041281,FALSE,no2,M8b: AugSynth_FE Centro (Bel. in pool),AugSynth_FE,2023-05-08
2023w20,3.602513323453567,3.5052984549196853,0.09721486853388184,FALSE,no2,M8b: AugSynth_FE Centro (Bel. in pool),AugSynth_FE,2023-05-15
2023w21,3.52979579378716,3.517862311488591,0.011933482298569054,FALSE,no2,M8b: AugSynth_FE Centro (Bel. in pool),AugSynth_FE,2023-05-22
2023w22,3.4245557712393904,3.428429622002385,-0.003873850762994735,FALSE,no2,M8b: AugSynth_FE Centro (Bel. in pool),AugSynth_FE,2023-05-29
2023w23,3.478209861804493,3.3553525823795547,0.12285727942493851,FALSE,no2,M8b: AugSynth_FE Centro (Bel. in pool),AugSynth_FE,2023-06-05
2023w24,3.461790630437442,3.3213050410031233,0.14048558943431866,FALSE,no2,M8b: AugSynth_FE Centro (Bel. in pool),AugSynth_FE,2023-06-12
2023w25,3.4324053087863486,3.2264720269929437,0.20593328179340498,FALSE,no2,M8b: AugSynth_FE Centro (Bel. in pool),AugSynth_FE,2023-06-19
2023w26,3.447073250485089,3.324588408236798,0.12248484224829115,FALSE,no2,M8b: AugSynth_FE Centro (Bel. in pool),AugSynth_FE,2023-06-26
2023w27,3.6499480324451716,3.4590206416745386,0.19092739077063303,FALSE,no2,M8b: AugSynth_FE Centro (Bel. in pool),AugSynth_FE,2023-07-03
2023w28,3.5974766306405925,3.5418825954090196,0.055594035231572914,FALSE,no2,M8b: AugSynth_FE Centro (Bel. in pool),AugSynth_FE,2023-07-10
2023w29,3.2280998193957324,3.2471357036017503,-0.019035884206017872,FALSE,no2,M8b: AugSynth_FE Centro (Bel. in pool),AugSynth_FE,2023-07-17
2023w30,3.5560430580186044,3.5186156336765806,0.03742742434202384,FALSE,no2,M8b: AugSynth_FE Centro (Bel. in pool),AugSynth_FE,2023-07-24
2023w31,3.308253289352691,3.351611765194685,-0.04335847584199426,FALSE,no2,M8b: AugSynth_FE Centro (Bel. in pool),AugSynth_FE,2023-07-31
2023w32,3.2970460112367186,3.481628355211632,-0.18458234397491324,FALSE,no2,M8b: AugSynth_FE Centro (Bel. in pool),AugSynth_FE,2023-08-07
2023w33,3.754066202606751,3.6464635353696564,0.10760266723709444,FALSE,no2,M8b: AugSynth_FE Centro (Bel. in pool),AugSynth_FE,2023-08-14
2023w34,3.7926462003958044,3.7199293278689955,0.0727168725268088,FALSE,no2,M8b: AugSynth_FE Centro (Bel. in pool),AugSynth_FE,2023-08-21
2023w35,3.485548742462061,3.5450264563109815,-0.059477713848920644,FALSE,no2,M8b: AugSynth_FE Centro (Bel. in pool),AugSynth_FE,2023-08-28
2023w36,3.5062078360556863,3.648692404083164,-0.14248456802747755,FALSE,no2,M8b: AugSynth_FE Centro (Bel. in pool),AugSynth_FE,2023-09-04
2023w37,3.447476459182883,3.5943814256634155,-0.14690496648053264,FALSE,no2,M8b: AugSynth_FE Centro (Bel. in pool),AugSynth_FE,2023-09-11
2023w38,3.6507145167665214,3.6767950046805455,-0.026080487914024175,FALSE,no2,M8b: AugSynth_FE Centro (Bel. in pool),AugSynth_FE,2023-09-18
2023w39,3.943909194290468,4.027715493284098,-0.0838062989936299,FALSE,no2,M8b: AugSynth_FE Centro (Bel. in pool),AugSynth_FE,2023-09-25
2023w40,3.9228376491239807,3.9460355872529913,-0.02319793812901061,FALSE,no2,M8b: AugSynth_FE Centro (Bel. in pool),AugSynth_FE,2023-10-02
2023w41,3.9435410521446914,3.9330396110219654,0.010501441122725996,FALSE,no2,M8b: AugSynth_FE Centro (Bel. in pool),AugSynth_FE,2023-10-09
2023w42,3.9355311770077255,3.8242939215862455,0.11123725542148,FALSE,no2,M8b: AugSynth_FE Centro (Bel. in pool),AugSynth_FE,2023-10-16
2023w43,3.886964992753961,3.9121238976479304,-0.025158904893969325,FALSE,no2,M8b: AugSynth_FE Centro (Bel. in pool),AugSynth_FE,2023-10-23
2023w44,3.5929878553183427,3.668763349900305,-0.0757754945819622,FALSE,no2,M8b: AugSynth_FE Centro (Bel. in pool),AugSynth_FE,2023-10-30
2023w45,3.6145688973387715,3.60355459177793,0.011014305560841375,FALSE,no2,M8b: AugSynth_FE Centro (Bel. in pool),AugSynth_FE,2023-11-06
2023w46,3.7956614589770945,3.704830746049096,0.09083071292799838,FALSE,no2,M8b: AugSynth_FE Centro (Bel. in pool),AugSynth_FE,2023-11-13
2023w47,3.7016722759126885,3.8275557204503694,-0.12588344453768086,FALSE,no2,M8b: AugSynth_FE Centro (Bel. in pool),AugSynth_FE,2023-11-20
2023w48,3.587206575202634,3.6048542206615273,-0.01764764545889319,TRUE,no2,M8b: AugSynth_FE Centro (Bel. in pool),AugSynth_FE,2023-11-27
2023w49,3.571408869639598,3.6537266808236852,-0.08231781118408721,TRUE,no2,M8b: AugSynth_FE Centro (Bel. in pool),AugSynth_FE,2023-12-04
2023w50,3.720814072644282,3.6358047255532284,0.08500934709105357,TRUE,no2,M8b: AugSynth_FE Centro (Bel. in pool),AugSynth_FE,2023-12-11
2023w51,3.7864597824528,3.728823582046871,0.057636200405929205,TRUE,no2,M8b: AugSynth_FE Centro (Bel. in pool),AugSynth_FE,2023-12-18
2023w52,3.4837497579939734,3.4511532452308704,0.032596512763102936,TRUE,no2,M8b: AugSynth_FE Centro (Bel. in pool),AugSynth_FE,2023-12-25
2024w01,3.6493847034157967,3.6240993246053317,0.025285378810464998,TRUE,no2,M8b: AugSynth_FE Centro (Bel. in pool),AugSynth_FE,2024-01-01
2024w02,3.4555487730785863,3.5119461335340434,-0.05639736045545707,TRUE,no2,M8b: AugSynth_FE Centro (Bel. in pool),AugSynth_FE,2024-01-08
2024w03,3.375617431059383,3.443995071432565,-0.06837764037318195,TRUE,no2,M8b: AugSynth_FE Centro (Bel. in pool),AugSynth_FE,2024-01-15
2024w04,3.414168448026634,3.443928914255071,-0.029760466228436755,TRUE,no2,M8b: AugSynth_FE Centro (Bel. in pool),AugSynth_FE,2024-01-22
2024w05,3.595721955627687,3.686935874907417,-0.09121391927972988,TRUE,no2,M8b: AugSynth_FE Centro (Bel. in pool),AugSynth_FE,2024-01-29
2024w06,3.6472585294228357,3.667070100832453,-0.0198115714096172,TRUE,no2,M8b: AugSynth_FE Centro (Bel. in pool),AugSynth_FE,2024-02-05
2024w07,3.099521555470332,3.2434975940178568,-0.1439760385475246,TRUE,no2,M8b: AugSynth_FE Centro (Bel. in pool),AugSynth_FE,2024-02-12
2024w08,3.387796883598909,3.574168294794469,-0.1863714111955601,TRUE,no2,M8b: AugSynth_FE Centro (Bel. in pool),AugSynth_FE,2024-02-19
2024w09,3.7833104596790363,3.8507441170138725,-0.0674336573348362,TRUE,no2,M8b: AugSynth_FE Centro (Bel. in pool),AugSynth_FE,2024-02-26
2024w10,3.6307823645616377,3.6985672708009925,-0.06778490623935474,TRUE,no2,M8b: AugSynth_FE Centro (Bel. in pool),AugSynth_FE,2024-03-04
2024w11,3.422371616893562,3.52369867915241,-0.1013270622588478,TRUE,no2,M8b: AugSynth_FE Centro (Bel. in pool),AugSynth_FE,2024-03-11
2024w12,3.661114209153167,3.7637255182852987,-0.10261130913213146,TRUE,no2,M8b: AugSynth_FE Centro (Bel. in pool),AugSynth_FE,2024-03-18
2024w13,3.820616529580485,3.8840418693696095,-0.06342533978912446,TRUE,no2,M8b: AugSynth_FE Centro (Bel. in pool),AugSynth_FE,2024-03-25
2024w14,3.6742563896925087,3.8456003309125526,-0.17134394122004393,TRUE,no2,M8b: AugSynth_FE Centro (Bel. in pool),AugSynth_FE,2024-04-01
2024w15,3.7130516060849215,3.748561589980031,-0.03550998389510962,TRUE,no2,M8b: AugSynth_FE Centro (Bel. in pool),AugSynth_FE,2024-04-08
2024w16,3.7269697208610713,3.8514925206431827,-0.12452279978211145,TRUE,no2,M8b: AugSynth_FE Centro (Bel. in pool),AugSynth_FE,2024-04-15
2024w17,3.7152211127841883,3.8093908294875725,-0.09416971670338414,TRUE,no2,M8b: AugSynth_FE Centro (Bel. in pool),AugSynth_FE,2024-04-22
2024w18,3.549109595040774,3.5862844944766517,-0.037174899435877595,TRUE,no2,M8b: AugSynth_FE Centro (Bel. in pool),AugSynth_FE,2024-04-29
2024w19,3.6990772790903823,3.683913513792962,0.015163765297420362,TRUE,no2,M8b: AugSynth_FE Centro (Bel. in pool),AugSynth_FE,2024-05-06
2024w20,3.513765857448189,3.6251915379069928,-0.11142568045880363,TRUE,no2,M8b: AugSynth_FE Centro (Bel. in pool),AugSynth_FE,2024-05-13
2024w21,3.3282682016393976,3.356513943224442,-0.02824574158504456,TRUE,no2,M8b: AugSynth_FE Centro (Bel. in pool),AugSynth_FE,2024-05-20
2024w22,3.464328663102245,3.489169420821337,-0.024840757719091666,TRUE,no2,M8b: AugSynth_FE Centro (Bel. in pool),AugSynth_FE,2024-05-27
2024w23,3.220314789062455,3.2944660651272306,-0.07415127606477556,TRUE,no2,M8b: AugSynth_FE Centro (Bel. in pool),AugSynth_FE,2024-06-03
2024w24,3.311491468577662,3.3844760001221195,-0.07298453154445728,TRUE,no2,M8b: AugSynth_FE Centro (Bel. in pool),AugSynth_FE,2024-06-10
2024w25,3.649601405983703,3.691911480432358,-0.042310074448654866,TRUE,no2,M8b: AugSynth_FE Centro (Bel. in pool),AugSynth_FE,2024-06-17
2024w26,3.4649334976254496,3.579387198672378,-0.11445370104692865,TRUE,no2,M8b: AugSynth_FE Centro (Bel. in pool),AugSynth_FE,2024-06-24
2024w27,3.3300235622076304,3.429862204294095,-0.09983864208646454,TRUE,no2,M8b: AugSynth_FE Centro (Bel. in pool),AugSynth_FE,2024-07-01
2024w28,3.427233265101877,3.5092163670599876,-0.08198310195811054,TRUE,no2,M8b: AugSynth_FE Centro (Bel. in pool),AugSynth_FE,2024-07-08
2024w29,3.22602355222652,3.3094889664442104,-0.08346541421769027,TRUE,no2,M8b: AugSynth_FE Centro (Bel. in pool),AugSynth_FE,2024-07-15
2024w30,3.3375710369577267,3.340030625561905,-0.0024595886041782755,TRUE,no2,M8b: AugSynth_FE Centro (Bel. in pool),AugSynth_FE,2024-07-22
2024w31,3.36814604316544,3.325682663325094,0.04246337984034598,TRUE,no2,M8b: AugSynth_FE Centro (Bel. in pool),AugSynth_FE,2024-07-29
2024w32,3.6378843608740388,3.6684132951695934,-0.03052893429555459,TRUE,no2,M8b: AugSynth_FE Centro (Bel. in pool),AugSynth_FE,2024-08-05
2024w33,3.3355607763693125,3.4101351592413174,-0.07457438287200491,TRUE,no2,M8b: AugSynth_FE Centro (Bel. in pool),AugSynth_FE,2024-08-12
2024w34,3.4586798170755175,3.5803691814018808,-0.12168936432636324,TRUE,no2,M8b: AugSynth_FE Centro (Bel. in pool),AugSynth_FE,2024-08-19
2024w35,3.3527888113431947,3.4323364608764124,-0.07954764953321769,TRUE,no2,M8b: AugSynth_FE Centro (Bel. in pool),AugSynth_FE,2024-08-26
2024w36,3.4335032164140706,3.6627874224118373,-0.22928420599776667,TRUE,no2,M8b: AugSynth_FE Centro (Bel. in pool),AugSynth_FE,2024-09-02
2024w37,3.445724503712233,3.5628776036594405,-0.11715309994720746,TRUE,no2,M8b: AugSynth_FE Centro (Bel. in pool),AugSynth_FE,2024-09-09
2024w38,3.590669239938634,3.6683845204976095,-0.07771528055897559,TRUE,no2,M8b: AugSynth_FE Centro (Bel. in pool),AugSynth_FE,2024-09-16
2024w39,3.669858021605637,3.824905178712557,-0.15504715710692007,TRUE,no2,M8b: AugSynth_FE Centro (Bel. in pool),AugSynth_FE,2024-09-23
2024w40,4.026684135968928,4.130384504642503,-0.10370036867357513,TRUE,no2,M8b: AugSynth_FE Centro (Bel. in pool),AugSynth_FE,2024-09-30
2024w41,3.851749155417421,3.9572183719093474,-0.10546921649192642,TRUE,no2,M8b: AugSynth_FE Centro (Bel. in pool),AugSynth_FE,2024-10-07
2024w42,3.6861005966635005,3.775878598932552,-0.08977800226905153,TRUE,no2,M8b: AugSynth_FE Centro (Bel. in pool),AugSynth_FE,2024-10-14
2024w43,3.7488371869426675,3.85539151016033,-0.10655432321766245,TRUE,no2,M8b: AugSynth_FE Centro (Bel. in pool),AugSynth_FE,2024-10-21
2024w44,3.6789132898020864,3.753904331670421,-0.07499104186833438,TRUE,no2,M8b: AugSynth_FE Centro (Bel. in pool),AugSynth_FE,2024-10-28
2024w45,3.721217562025881,3.817027761785736,-0.09581019975985505,TRUE,no2,M8b: AugSynth_FE Centro (Bel. in pool),AugSynth_FE,2024-11-04
2024w46,3.867924816706348,3.8868427738059648,-0.018917957099616967,TRUE,no2,M8b: AugSynth_FE Centro (Bel. in pool),AugSynth_FE,2024-11-11
2024w47,3.74882149008047,3.849324959088879,-0.10050346900840923,TRUE,no2,M8b: AugSynth_FE Centro (Bel. in pool),AugSynth_FE,2024-11-18
2024w48,3.7239489346062706,3.8148896009004263,-0.09094066629415565,TRUE,no2,M8b: AugSynth_FE Centro (Bel. in pool),AugSynth_FE,2024-11-25
2024w49,3.7909470540709695,3.789500406007587,0.0014466480633825718,TRUE,no2,M8b: AugSynth_FE Centro (Bel. in pool),AugSynth_FE,2024-12-02
2024w50,3.534124425037787,3.560325087434159,-0.0262006623963722,TRUE,no2,M8b: AugSynth_FE Centro (Bel. in pool),AugSynth_FE,2024-12-09
2024w51,3.4364679957440747,3.5655882689247385,-0.12912027318066377,TRUE,no2,M8b: AugSynth_FE Centro (Bel. in pool),AugSynth_FE,2024-12-16
2024w52,3.4961539636045886,3.5401263872079736,-0.043972423603384936,TRUE,no2,M8b: AugSynth_FE Centro (Bel. in pool),AugSynth_FE,2024-12-23
2025w01,3.2135416232774987,3.192992720202325,0.02054890307517354,TRUE,no2,M8b: AugSynth_FE Centro (Bel. in pool),AugSynth_FE,2024-12-30
2025w02,3.5077671658599665,3.6053742198464316,-0.09760705398646508,TRUE,no2,M8b: AugSynth_FE Centro (Bel. in pool),AugSynth_FE,2025-01-06
2025w03,3.5430441058903916,3.640427374875394,-0.09738326898500249,TRUE,no2,M8b: AugSynth_FE Centro (Bel. in pool),AugSynth_FE,2025-01-13
2025w04,3.7929090845367672,3.823129616065104,-0.030220531528336814,TRUE,no2,M8b: AugSynth_FE Centro (Bel. in pool),AugSynth_FE,2025-01-20
2025w05,3.4143439193320426,3.404604434707937,0.009739484624105454,TRUE,no2,M8b: AugSynth_FE Centro (Bel. in pool),AugSynth_FE,2025-01-27
2025w06,3.7428071919726427,3.6580343293163744,0.08477286265626827,TRUE,no2,M8b: AugSynth_FE Centro (Bel. in pool),AugSynth_FE,2025-02-03
2025w07,3.5582771009952934,3.5213466280222177,0.03693047297307572,TRUE,no2,M8b: AugSynth_FE Centro (Bel. in pool),AugSynth_FE,2025-02-10
2025w08,3.461665128429245,3.4271195852293816,0.03454554319986336,TRUE,no2,M8b: AugSynth_FE Centro (Bel. in pool),AugSynth_FE,2025-02-17
2025w09,3.6353380205190176,3.4547755323991587,0.18056248811985887,TRUE,no2,M8b: AugSynth_FE Centro (Bel. in pool),AugSynth_FE,2025-02-24
2025w10,3.6387521463663552,3.4966563892968834,0.14209575706947186,TRUE,no2,M8b: AugSynth_FE Centro (Bel. in pool),AugSynth_FE,2025-03-03
2025w11,3.7232824911359303,3.622912223110525,0.10037026802540527,TRUE,no2,M8b: AugSynth_FE Centro (Bel. in pool),AugSynth_FE,2025-03-10
2025w12,3.6073439661314177,3.53577242547099,0.07157154066042759,TRUE,no2,M8b: AugSynth_FE Centro (Bel. in pool),AugSynth_FE,2025-03-17
2025w13,3.6083217527427958,3.5038047582982412,0.10451699444455453,TRUE,no2,M8b: AugSynth_FE Centro (Bel. in pool),AugSynth_FE,2025-03-24
2025w14,3.7059577856486876,3.6315887497920305,0.0743690358566571,TRUE,no2,M8b: AugSynth_FE Centro (Bel. in pool),AugSynth_FE,2025-03-31
2025w15,3.4742516242346366,3.498593651864384,-0.024342027629747243,TRUE,no2,M8b: AugSynth_FE Centro (Bel. in pool),AugSynth_FE,2025-04-07
2025w16,3.3728550614284734,3.464180119381963,-0.09132505795348944,TRUE,no2,M8b: AugSynth_FE Centro (Bel. in pool),AugSynth_FE,2025-04-14
2025w17,3.7073576753597095,3.8129217114354037,-0.1055640360756942,TRUE,no2,M8b: AugSynth_FE Centro (Bel. in pool),AugSynth_FE,2025-04-21
2025w18,3.5193151760953816,3.6124238829506043,-0.09310870685522277,TRUE,no2,M8b: AugSynth_FE Centro (Bel. in pool),AugSynth_FE,2025-04-28
2025w19,3.440460828945056,3.5663529062895076,-0.12589207734445163,TRUE,no2,M8b: AugSynth_FE Centro (Bel. in pool),AugSynth_FE,2025-05-05
2025w20,3.4009973616594884,3.3994865852391287,0.001510776420359683,TRUE,no2,M8b: AugSynth_FE Centro (Bel. in pool),AugSynth_FE,2025-05-12
2025w21,3.3433210631314663,3.4571042950536435,-0.11378323192217721,TRUE,no2,M8b: AugSynth_FE Centro (Bel. in pool),AugSynth_FE,2025-05-19
2025w22,3.2333177037654117,3.2935214995081354,-0.06020379574272372,TRUE,no2,M8b: AugSynth_FE Centro (Bel. in pool),AugSynth_FE,2025-05-26
2025w23,3.2719615119597902,3.344120481572,-0.07215896961220958,TRUE,no2,M8b: AugSynth_FE Centro (Bel. in pool),AugSynth_FE,2025-06-02
2025w24,3.4336323028053175,3.516774368998265,-0.08314206619294762,TRUE,no2,M8b: AugSynth_FE Centro (Bel. in pool),AugSynth_FE,2025-06-09
2025w25,2.4949028175077683,3.3675726654735243,-0.872669847965756,TRUE,no2,M8b: AugSynth_FE Centro (Bel. in pool),AugSynth_FE,2025-06-16
2022w48,3.448902301081816,3.3948053216283083,0.054096979453507554,FALSE,no2,M9: AugSynth_FE Belisario (Centro dropped),AugSynth_FE,2022-11-28
2022w49,3.577621955750986,3.771424681216562,-0.19380272546557586,FALSE,no2,M9: AugSynth_FE Belisario (Centro dropped),AugSynth_FE,2022-12-05
2022w50,3.563476838044088,3.5855645813342027,-0.02208774329011476,FALSE,no2,M9: AugSynth_FE Belisario (Centro dropped),AugSynth_FE,2022-12-12
2022w51,3.588617032175542,3.5046141546370833,0.0840028775384587,FALSE,no2,M9: AugSynth_FE Belisario (Centro dropped),AugSynth_FE,2022-12-19
2022w52,3.5526491847004125,3.7341131767397755,-0.18146399203936303,FALSE,no2,M9: AugSynth_FE Belisario (Centro dropped),AugSynth_FE,2022-12-26
2023w01,3.575328077346364,3.749334495250581,-0.17400641790421734,FALSE,no2,M9: AugSynth_FE Belisario (Centro dropped),AugSynth_FE,2023-01-02
2023w02,3.7219918055641386,3.8197504185659494,-0.09775861300181088,FALSE,no2,M9: AugSynth_FE Belisario (Centro dropped),AugSynth_FE,2023-01-09
2023w03,3.6294124952803886,3.706722939193518,-0.07731044391312958,FALSE,no2,M9: AugSynth_FE Belisario (Centro dropped),AugSynth_FE,2023-01-16
2023w04,3.400597201590123,3.5133943369515848,-0.11279713536146163,FALSE,no2,M9: AugSynth_FE Belisario (Centro dropped),AugSynth_FE,2023-01-23
2023w05,3.6587981820754814,3.6654691258069048,-0.006670943731423407,FALSE,no2,M9: AugSynth_FE Belisario (Centro dropped),AugSynth_FE,2023-01-30
2023w06,3.4528538045550135,3.560556971016082,-0.10770316646106837,FALSE,no2,M9: AugSynth_FE Belisario (Centro dropped),AugSynth_FE,2023-02-06
2023w07,3.556918256658931,3.530324448672719,0.026593807986211804,FALSE,no2,M9: AugSynth_FE Belisario (Centro dropped),AugSynth_FE,2023-02-13
2023w08,3.508935069605733,3.5844047093657645,-0.07546963976003163,FALSE,no2,M9: AugSynth_FE Belisario (Centro dropped),AugSynth_FE,2023-02-20
2023w09,3.582059540719759,3.52461152301577,0.057448017703988885,FALSE,no2,M9: AugSynth_FE Belisario (Centro dropped),AugSynth_FE,2023-02-27
2023w10,3.496547964690663,3.4290750530603447,0.06747291163031832,FALSE,no2,M9: AugSynth_FE Belisario (Centro dropped),AugSynth_FE,2023-03-06
2023w11,3.4054262053477413,3.4986469193695866,-0.09322071402184529,FALSE,no2,M9: AugSynth_FE Belisario (Centro dropped),AugSynth_FE,2023-03-13
2023w12,3.664390362478437,3.621404382474333,0.04298598000410392,FALSE,no2,M9: AugSynth_FE Belisario (Centro dropped),AugSynth_FE,2023-03-20
2023w13,3.7689144694501944,3.739101283061398,0.029813186388796264,FALSE,no2,M9: AugSynth_FE Belisario (Centro dropped),AugSynth_FE,2023-03-27
2023w14,3.6211358020274167,3.576670251651934,0.04446555037548272,FALSE,no2,M9: AugSynth_FE Belisario (Centro dropped),AugSynth_FE,2023-04-03
2023w15,3.5552909169995557,3.5125035060763303,0.042787410923225355,FALSE,no2,M9: AugSynth_FE Belisario (Centro dropped),AugSynth_FE,2023-04-10
2023w16,3.7163568036090044,3.5859652748843827,0.13039152872462179,FALSE,no2,M9: AugSynth_FE Belisario (Centro dropped),AugSynth_FE,2023-04-17
2023w17,3.677043012337981,3.6675300173801633,0.009512994957817877,FALSE,no2,M9: AugSynth_FE Belisario (Centro dropped),AugSynth_FE,2023-04-24
2023w18,3.1117507903993364,3.1985004820017804,-0.08674969160244395,FALSE,no2,M9: AugSynth_FE Belisario (Centro dropped),AugSynth_FE,2023-05-01
2023w19,3.479042805279339,3.522470629704507,-0.043427824425168016,FALSE,no2,M9: AugSynth_FE Belisario (Centro dropped),AugSynth_FE,2023-05-08
2023w20,3.548697423514074,3.4228570113227272,0.12584041219134656,FALSE,no2,M9: AugSynth_FE Belisario (Centro dropped),AugSynth_FE,2023-05-15
2023w21,3.517804417459713,3.427975860523692,0.0898285569360211,FALSE,no2,M9: AugSynth_FE Belisario (Centro dropped),AugSynth_FE,2023-05-22
2023w22,3.36089608488863,3.419837576222102,-0.05894149133347204,FALSE,no2,M9: AugSynth_FE Belisario (Centro dropped),AugSynth_FE,2023-05-29
2023w23,3.369546169635059,3.3089487860891342,0.06059738354592481,FALSE,no2,M9: AugSynth_FE Belisario (Centro dropped),AugSynth_FE,2023-06-05
2023w24,3.2484087368069567,3.355487792226645,-0.1070790554196881,FALSE,no2,M9: AugSynth_FE Belisario (Centro dropped),AugSynth_FE,2023-06-12
2023w25,3.2101310337266065,3.232890524470961,-0.022759490744354682,FALSE,no2,M9: AugSynth_FE Belisario (Centro dropped),AugSynth_FE,2023-06-19
2023w26,3.2774465742259804,3.3401316383915343,-0.06268506416555386,FALSE,no2,M9: AugSynth_FE Belisario (Centro dropped),AugSynth_FE,2023-06-26
2023w27,3.3853389657276973,3.405740579026385,-0.020401613298687504,FALSE,no2,M9: AugSynth_FE Belisario (Centro dropped),AugSynth_FE,2023-07-03
2023w28,3.493340936837133,3.529062889865265,-0.03572195302813208,FALSE,no2,M9: AugSynth_FE Belisario (Centro dropped),AugSynth_FE,2023-07-10
2023w29,3.25588897494102,3.228563167956485,0.027325806984535017,FALSE,no2,M9: AugSynth_FE Belisario (Centro dropped),AugSynth_FE,2023-07-17
2023w30,3.4990900824724607,3.498830887599565,2.591948728958293e-4,FALSE,no2,M9: AugSynth_FE Belisario (Centro dropped),AugSynth_FE,2023-07-24
2023w31,3.390574491358242,3.3201779082496117,0.0703965831086304,FALSE,no2,M9: AugSynth_FE Belisario (Centro dropped),AugSynth_FE,2023-07-31
2023w32,3.417453422237161,3.5175519735145446,-0.10009855127738376,FALSE,no2,M9: AugSynth_FE Belisario (Centro dropped),AugSynth_FE,2023-08-07
2023w33,3.719004439085856,3.487064874864564,0.23193956422129203,FALSE,no2,M9: AugSynth_FE Belisario (Centro dropped),AugSynth_FE,2023-08-14
2023w34,3.7512750558389096,3.674140974967555,0.07713408087135454,FALSE,no2,M9: AugSynth_FE Belisario (Centro dropped),AugSynth_FE,2023-08-21
2023w35,3.6113502516046982,3.536250243459664,0.07510000814503437,FALSE,no2,M9: AugSynth_FE Belisario (Centro dropped),AugSynth_FE,2023-08-28
2023w36,3.6594334788405236,3.669123531601376,-0.009690052760852552,FALSE,no2,M9: AugSynth_FE Belisario (Centro dropped),AugSynth_FE,2023-09-04
2023w37,3.590319833925296,3.6145263615337844,-0.024206527608488404,FALSE,no2,M9: AugSynth_FE Belisario (Centro dropped),AugSynth_FE,2023-09-11
2023w38,3.6700193824725797,3.7384760193920448,-0.06845663691946502,FALSE,no2,M9: AugSynth_FE Belisario (Centro dropped),AugSynth_FE,2023-09-18
2023w39,4.065693570018527,4.007168171765658,0.05852539825286929,FALSE,no2,M9: AugSynth_FE Belisario (Centro dropped),AugSynth_FE,2023-09-25
2023w40,3.9568306466956296,3.8816726476150407,0.07515799908058884,FALSE,no2,M9: AugSynth_FE Belisario (Centro dropped),AugSynth_FE,2023-10-02
2023w41,3.926747400826528,3.965856236014405,-0.03910883518787678,FALSE,no2,M9: AugSynth_FE Belisario (Centro dropped),AugSynth_FE,2023-10-09
2023w42,3.811952178370333,3.8466217991131,-0.03466962074276703,FALSE,no2,M9: AugSynth_FE Belisario (Centro dropped),AugSynth_FE,2023-10-16
2023w43,3.923760517199579,3.8745126413134674,0.04924787588611146,FALSE,no2,M9: AugSynth_FE Belisario (Centro dropped),AugSynth_FE,2023-10-23
2023w44,3.6297750303773144,3.656310553438587,-0.026535523061272492,FALSE,no2,M9: AugSynth_FE Belisario (Centro dropped),AugSynth_FE,2023-10-30
2023w45,3.609430320240611,3.5914759122402913,0.017954408000319777,FALSE,no2,M9: AugSynth_FE Belisario (Centro dropped),AugSynth_FE,2023-11-06
2023w46,3.7767834881222684,3.6403298457625954,0.13645364235967294,FALSE,no2,M9: AugSynth_FE Belisario (Centro dropped),AugSynth_FE,2023-11-13
2023w47,3.9175609758565684,3.720069669474049,0.19749130638251922,FALSE,no2,M9: AugSynth_FE Belisario (Centro dropped),AugSynth_FE,2023-11-20
2023w48,3.6219915085723047,3.5975445811817797,0.02444692739052501,TRUE,no2,M9: AugSynth_FE Belisario (Centro dropped),AugSynth_FE,2023-11-27
2023w49,3.7442274338102486,3.556272051005698,0.18795538280455037,TRUE,no2,M9: AugSynth_FE Belisario (Centro dropped),AugSynth_FE,2023-12-04
2023w50,3.609980536507519,3.6451289707533947,-0.03514843424587566,TRUE,no2,M9: AugSynth_FE Belisario (Centro dropped),AugSynth_FE,2023-12-11
2023w51,3.7166324196937586,3.6810575005212827,0.035574919172475905,TRUE,no2,M9: AugSynth_FE Belisario (Centro dropped),AugSynth_FE,2023-12-18
2023w52,3.477849733183238,3.3754806094330427,0.10236912375019536,TRUE,no2,M9: AugSynth_FE Belisario (Centro dropped),AugSynth_FE,2023-12-25
2024w01,3.667936677094011,3.515954847509828,0.15198182958418327,TRUE,no2,M9: AugSynth_FE Belisario (Centro dropped),AugSynth_FE,2024-01-01
2024w02,3.4934625260077405,3.4622144861605197,0.0312480398472208,TRUE,no2,M9: AugSynth_FE Belisario (Centro dropped),AugSynth_FE,2024-01-08
2024w03,3.371070306873237,3.4724028694128735,-0.1013325625396364,TRUE,no2,M9: AugSynth_FE Belisario (Centro dropped),AugSynth_FE,2024-01-15
2024w04,3.4980820788389377,3.3887511631871665,0.10933091565177122,TRUE,no2,M9: AugSynth_FE Belisario (Centro dropped),AugSynth_FE,2024-01-22
2024w05,3.7379314887542083,3.6171640440559654,0.12076744469824297,TRUE,no2,M9: AugSynth_FE Belisario (Centro dropped),AugSynth_FE,2024-01-29
2024w06,3.708518669366285,3.630637705851002,0.07788096351528262,TRUE,no2,M9: AugSynth_FE Belisario (Centro dropped),AugSynth_FE,2024-02-05
2024w07,3.283176817798181,3.181629638923021,0.10154717887515963,TRUE,no2,M9: AugSynth_FE Belisario (Centro dropped),AugSynth_FE,2024-02-12
2024w08,3.5774077102900743,3.5028016976592995,0.07460601263077482,TRUE,no2,M9: AugSynth_FE Belisario (Centro dropped),AugSynth_FE,2024-02-19
2024w09,3.8555231981886613,3.8091211761034858,0.04640202208517552,TRUE,no2,M9: AugSynth_FE Belisario (Centro dropped),AugSynth_FE,2024-02-26
2024w10,3.6808052788463623,3.6750470897640235,0.005758189082338827,TRUE,no2,M9: AugSynth_FE Belisario (Centro dropped),AugSynth_FE,2024-03-04
2024w11,3.5971661311906042,3.4659529806612204,0.13121315052938387,TRUE,no2,M9: AugSynth_FE Belisario (Centro dropped),AugSynth_FE,2024-03-11
2024w12,3.7420805108983513,3.7444440753401245,-0.002363564441773214,TRUE,no2,M9: AugSynth_FE Belisario (Centro dropped),AugSynth_FE,2024-03-18
2024w13,3.8692477155791636,3.831887802061999,0.0373599135171645,TRUE,no2,M9: AugSynth_FE Belisario (Centro dropped),AugSynth_FE,2024-03-25
2024w14,3.823322930663427,3.7831766609353608,0.04014626972806612,TRUE,no2,M9: AugSynth_FE Belisario (Centro dropped),AugSynth_FE,2024-04-01
2024w15,3.679922796071044,3.787945380146794,-0.10802258407575005,TRUE,no2,M9: AugSynth_FE Belisario (Centro dropped),AugSynth_FE,2024-04-08
2024w16,3.8422369623208783,3.827111861243614,0.01512510107726417,TRUE,no2,M9: AugSynth_FE Belisario (Centro dropped),AugSynth_FE,2024-04-15
2024w17,3.8674997251484666,3.718065968627643,0.14943375652082347,TRUE,no2,M9: AugSynth_FE Belisario (Centro dropped),AugSynth_FE,2024-04-22
2024w18,3.590384207364837,3.518990149573184,0.07139405779165298,TRUE,no2,M9: AugSynth_FE Belisario (Centro dropped),AugSynth_FE,2024-04-29
2024w19,3.6373317413998754,3.6788536994290832,-0.041521958029207884,TRUE,no2,M9: AugSynth_FE Belisario (Centro dropped),AugSynth_FE,2024-05-06
2024w20,3.626853329818215,3.585195615596184,0.04165771422203113,TRUE,no2,M9: AugSynth_FE Belisario (Centro dropped),AugSynth_FE,2024-05-13
2024w21,3.328411611936503,3.341000764557647,-0.01258915262114435,TRUE,no2,M9: AugSynth_FE Belisario (Centro dropped),AugSynth_FE,2024-05-20
2024w22,3.4882717196326642,3.4657229786832593,0.022548740949404955,TRUE,no2,M9: AugSynth_FE Belisario (Centro dropped),AugSynth_FE,2024-05-27
2024w23,3.379406111659498,3.167766669753273,0.21163944190622486,TRUE,no2,M9: AugSynth_FE Belisario (Centro dropped),AugSynth_FE,2024-06-03
2024w24,3.49630552085563,3.207882824776954,0.2884226960786762,TRUE,no2,M9: AugSynth_FE Belisario (Centro dropped),AugSynth_FE,2024-06-10
2024w25,3.700190245259803,3.635385962475638,0.06480428278416461,TRUE,no2,M9: AugSynth_FE Belisario (Centro dropped),AugSynth_FE,2024-06-17
2024w26,3.5861081760779907,3.5013277536204037,0.08478042245758699,TRUE,no2,M9: AugSynth_FE Belisario (Centro dropped),AugSynth_FE,2024-06-24
2024w27,3.4434263858798655,3.362330104615322,0.08109628126454371,TRUE,no2,M9: AugSynth_FE Belisario (Centro dropped),AugSynth_FE,2024-07-01
2024w28,3.4636190805782894,3.547271343753008,-0.08365226317471874,TRUE,no2,M9: AugSynth_FE Belisario (Centro dropped),AugSynth_FE,2024-07-08
2024w29,3.334630137390042,3.3130911461899943,0.021538991200047874,TRUE,no2,M9: AugSynth_FE Belisario (Centro dropped),AugSynth_FE,2024-07-15
2024w30,3.393169690241593,3.329270572142537,0.06389911809905602,TRUE,no2,M9: AugSynth_FE Belisario (Centro dropped),AugSynth_FE,2024-07-22
2024w31,3.410729583307308,3.283367037707973,0.12736254559933524,TRUE,no2,M9: AugSynth_FE Belisario (Centro dropped),AugSynth_FE,2024-07-29
2024w32,3.6475799150318697,3.656480005553183,-0.008900090521313242,TRUE,no2,M9: AugSynth_FE Belisario (Centro dropped),AugSynth_FE,2024-08-05
2024w33,3.3644872920322513,3.4789117986362816,-0.11442450660403036,TRUE,no2,M9: AugSynth_FE Belisario (Centro dropped),AugSynth_FE,2024-08-12
2024w34,3.5606861693582004,3.599754644639784,-0.03906847528158375,TRUE,no2,M9: AugSynth_FE Belisario (Centro dropped),AugSynth_FE,2024-08-19
2024w35,3.383135238843747,3.504006639501121,-0.12087140065737412,TRUE,no2,M9: AugSynth_FE Belisario (Centro dropped),AugSynth_FE,2024-08-26
2024w36,3.61790247272495,3.7102587474629156,-0.09235627473796582,TRUE,no2,M9: AugSynth_FE Belisario (Centro dropped),AugSynth_FE,2024-09-02
2024w37,3.60196807212464,3.588377135600083,0.013590936524556785,TRUE,no2,M9: AugSynth_FE Belisario (Centro dropped),AugSynth_FE,2024-09-09
2024w38,3.640931435240591,3.7238934997181423,-0.0829620644775515,TRUE,no2,M9: AugSynth_FE Belisario (Centro dropped),AugSynth_FE,2024-09-16
2024w39,3.816502803570734,3.856888796885844,-0.04038599331511028,TRUE,no2,M9: AugSynth_FE Belisario (Centro dropped),AugSynth_FE,2024-09-23
2024w40,4.084073102034649,4.122499099946535,-0.03842599791188572,TRUE,no2,M9: AugSynth_FE Belisario (Centro dropped),AugSynth_FE,2024-09-30
2024w41,3.93437792840047,3.935169686486719,-7.917580862493168e-4,TRUE,no2,M9: AugSynth_FE Belisario (Centro dropped),AugSynth_FE,2024-10-07
2024w42,3.8435300089828455,3.7298542064219076,0.1136758025609379,TRUE,no2,M9: AugSynth_FE Belisario (Centro dropped),AugSynth_FE,2024-10-14
2024w43,3.9431340004531985,3.757668727094776,0.18546527335842233,TRUE,no2,M9: AugSynth_FE Belisario (Centro dropped),AugSynth_FE,2024-10-21
2024w44,3.7905496689800233,3.731951336051308,0.05859833292871519,TRUE,no2,M9: AugSynth_FE Belisario (Centro dropped),AugSynth_FE,2024-10-28
2024w45,3.7542496605553857,3.8283886952020048,-0.07413903464661908,TRUE,no2,M9: AugSynth_FE Belisario (Centro dropped),AugSynth_FE,2024-11-04
2024w46,3.8358383522477895,3.911359000176233,-0.07552064792844337,TRUE,no2,M9: AugSynth_FE Belisario (Centro dropped),AugSynth_FE,2024-11-11
2024w47,3.9174270439401933,3.7596707770021927,0.1577562669380006,TRUE,no2,M9: AugSynth_FE Belisario (Centro dropped),AugSynth_FE,2024-11-18
2024w48,3.912566857513787,3.710769681433073,0.201797176080714,TRUE,no2,M9: AugSynth_FE Belisario (Centro dropped),AugSynth_FE,2024-11-25
2024w49,3.806129014164176,3.7199777448039515,0.08615126936022444,TRUE,no2,M9: AugSynth_FE Belisario (Centro dropped),AugSynth_FE,2024-12-02
2024w50,3.6054978451748854,3.477388494440387,0.12810935073449858,TRUE,no2,M9: AugSynth_FE Belisario (Centro dropped),AugSynth_FE,2024-12-09
2024w51,3.596292562791121,3.5247802000888058,0.07151236270231509,TRUE,no2,M9: AugSynth_FE Belisario (Centro dropped),AugSynth_FE,2024-12-16
2024w52,3.5337741521132213,3.5003181145043945,0.03345603760882687,TRUE,no2,M9: AugSynth_FE Belisario (Centro dropped),AugSynth_FE,2024-12-23
2025w01,3.237134777651591,3.069362022475939,0.16777275517565204,TRUE,no2,M9: AugSynth_FE Belisario (Centro dropped),AugSynth_FE,2024-12-30
2025w02,3.660392527208719,3.5139447940075885,0.1464477332011307,TRUE,no2,M9: AugSynth_FE Belisario (Centro dropped),AugSynth_FE,2025-01-06
2025w03,3.6661736165782983,3.5623801619561264,0.10379345462217193,TRUE,no2,M9: AugSynth_FE Belisario (Centro dropped),AugSynth_FE,2025-01-13
2025w04,3.846609434879821,3.780565618289363,0.066043816590458,TRUE,no2,M9: AugSynth_FE Belisario (Centro dropped),AugSynth_FE,2025-01-20
2025w05,3.41227468999885,3.3706514479933096,0.04162324200554046,TRUE,no2,M9: AugSynth_FE Belisario (Centro dropped),AugSynth_FE,2025-01-27
2025w06,3.7317154192332485,3.5358383840515817,0.19587703518166677,TRUE,no2,M9: AugSynth_FE Belisario (Centro dropped),AugSynth_FE,2025-02-03
2025w07,3.5760559745023754,3.4270233332970825,0.14903264120529292,TRUE,no2,M9: AugSynth_FE Belisario (Centro dropped),AugSynth_FE,2025-02-10
2025w08,3.451647542935076,3.32589339037274,0.1257541525623358,TRUE,no2,M9: AugSynth_FE Belisario (Centro dropped),AugSynth_FE,2025-02-17
2025w09,3.6315504374868657,3.173587845799707,0.4579625916871586,TRUE,no2,M9: AugSynth_FE Belisario (Centro dropped),AugSynth_FE,2025-02-24
2025w10,3.6920826517276826,3.1892435750450265,0.502839076682656,TRUE,no2,M9: AugSynth_FE Belisario (Centro dropped),AugSynth_FE,2025-03-03
2025w11,3.809569371803037,3.3073688907576555,0.5022004810453815,TRUE,no2,M9: AugSynth_FE Belisario (Centro dropped),AugSynth_FE,2025-03-10
2025w12,3.7242224663859327,3.2764632461459327,0.44775922024000003,TRUE,no2,M9: AugSynth_FE Belisario (Centro dropped),AugSynth_FE,2025-03-17
2025w13,3.6890211107468285,3.282189604811016,0.4068315059358123,TRUE,no2,M9: AugSynth_FE Belisario (Centro dropped),AugSynth_FE,2025-03-24
2025w14,3.8253097658093353,3.3751078606015836,0.4502019052077517,TRUE,no2,M9: AugSynth_FE Belisario (Centro dropped),AugSynth_FE,2025-03-31
2025w15,3.5874233433745357,3.428609904753252,0.1588134386212836,TRUE,no2,M9: AugSynth_FE Belisario (Centro dropped),AugSynth_FE,2025-04-07
2025w16,3.526203649566816,3.381589269147645,0.14461438041917107,TRUE,no2,M9: AugSynth_FE Belisario (Centro dropped),AugSynth_FE,2025-04-14
2025w17,3.854471573190113,3.7199276208418226,0.1345439523482903,TRUE,no2,M9: AugSynth_FE Belisario (Centro dropped),AugSynth_FE,2025-04-21
2025w18,3.678483940848448,3.498016837825639,0.1804671030228091,TRUE,no2,M9: AugSynth_FE Belisario (Centro dropped),AugSynth_FE,2025-04-28
2025w19,3.565882851404665,3.545572625600927,0.020310225803738202,TRUE,no2,M9: AugSynth_FE Belisario (Centro dropped),AugSynth_FE,2025-05-05
2025w20,3.5331414039696685,3.255586518547284,0.2775548854223846,TRUE,no2,M9: AugSynth_FE Belisario (Centro dropped),AugSynth_FE,2025-05-12
2025w21,3.553527357394135,3.381812062431941,0.17171529496219406,TRUE,no2,M9: AugSynth_FE Belisario (Centro dropped),AugSynth_FE,2025-05-19
2025w22,3.3712878512560116,3.2087852457889077,0.16250260546710393,TRUE,no2,M9: AugSynth_FE Belisario (Centro dropped),AugSynth_FE,2025-05-26
2025w23,3.401608408290248,3.280116352114111,0.12149205617613701,TRUE,no2,M9: AugSynth_FE Belisario (Centro dropped),AugSynth_FE,2025-06-02
2025w24,3.6215325487098675,3.361952842075556,0.2595797066343115,TRUE,no2,M9: AugSynth_FE Belisario (Centro dropped),AugSynth_FE,2025-06-09
2025w25,3.355281416356356,3.3732519605662294,-0.01797054420987365,TRUE,no2,M9: AugSynth_FE Belisario (Centro dropped),AugSynth_FE,2025-06-16
2022w48,3.320185675721178,3.0440232146981616,0.27616246102301645,FALSE,no2,M1: SDID Centro+Belisario,SDID,2022-11-28
2022w49,3.639107562746074,3.522699960462365,0.11640760228370883,FALSE,no2,M1: SDID Centro+Belisario,SDID,2022-12-05
2022w50,3.55584575630425,3.3530575108531044,0.2027882454511456,FALSE,no2,M1: SDID Centro+Belisario,SDID,2022-12-12
2022w51,3.5980812433287417,3.356319505831468,0.2417617374972738,FALSE,no2,M1: SDID Centro+Belisario,SDID,2022-12-19
2022w52,3.6002693128432544,3.412559004956951,0.18771030788630316,FALSE,no2,M1: SDID Centro+Belisario,SDID,2022-12-26
2023w01,3.6659935475839474,3.402052918793037,0.2639406287909103,FALSE,no2,M1: SDID Centro+Belisario,SDID,2023-01-02
2023w02,3.6981688132151938,3.5049229587171356,0.1932458544980582,FALSE,no2,M1: SDID Centro+Belisario,SDID,2023-01-09
2023w03,3.5606136599054583,3.3729784227228716,0.18763523718258668,FALSE,no2,M1: SDID Centro+Belisario,SDID,2023-01-16
2023w04,3.3357990401787854,3.229541040965034,0.10625799921375156,FALSE,no2,M1: SDID Centro+Belisario,SDID,2023-01-23
2023w05,3.6208878350253446,3.4286766102807054,0.19221122474463925,FALSE,no2,M1: SDID Centro+Belisario,SDID,2023-01-30
2023w06,3.5216916764537736,3.321205928207601,0.2004857482461726,FALSE,no2,M1: SDID Centro+Belisario,SDID,2023-02-06
2023w07,3.6598742399426896,3.2625223551626923,0.3973518847799973,FALSE,no2,M1: SDID Centro+Belisario,SDID,2023-02-13
2023w08,3.5318300924996366,3.2979748085817677,0.23385528391786892,FALSE,no2,M1: SDID Centro+Belisario,SDID,2023-02-20
2023w09,3.58545877947984,3.2804173921621196,0.30504138731772024,FALSE,no2,M1: SDID Centro+Belisario,SDID,2023-02-27
2023w10,3.5560098540919176,3.2122296016106366,0.34378025248128097,FALSE,no2,M1: SDID Centro+Belisario,SDID,2023-03-06
2023w11,3.3867844513804704,3.2197665524583345,0.1670178989221358,FALSE,no2,M1: SDID Centro+Belisario,SDID,2023-03-13
2023w12,3.6393194456046323,3.3543008886661023,0.28501855693852995,FALSE,no2,M1: SDID Centro+Belisario,SDID,2023-03-20
2023w13,3.769942951463652,3.439296514978741,0.3306464364849111,FALSE,no2,M1: SDID Centro+Belisario,SDID,2023-03-27
2023w14,3.5904333428517923,3.2187439606484647,0.3716893822033276,FALSE,no2,M1: SDID Centro+Belisario,SDID,2023-04-03
2023w15,3.4545092030136146,3.1003599158415467,0.35414928717206795,FALSE,no2,M1: SDID Centro+Belisario,SDID,2023-04-10
2023w16,3.612490847347248,3.2728587343873308,0.33963211295991735,FALSE,no2,M1: SDID Centro+Belisario,SDID,2023-04-17
2023w17,3.625664125107666,3.309636241960165,0.31602788314750097,FALSE,no2,M1: SDID Centro+Belisario,SDID,2023-04-24
2023w18,3.177677314866192,3.0658023317887118,0.11187498307748012,FALSE,no2,M1: SDID Centro+Belisario,SDID,2023-05-01
2023w19,3.4666725007676344,3.327388169550468,0.13928433121716655,FALSE,no2,M1: SDID Centro+Belisario,SDID,2023-05-08
2023w20,3.6174061607428936,3.2083477087608614,0.40905845198203217,FALSE,no2,M1: SDID Centro+Belisario,SDID,2023-05-15
2023w21,3.6357361580872523,3.2920505391867576,0.34368561890049465,FALSE,no2,M1: SDID Centro+Belisario,SDID,2023-05-22
2023w22,3.487744814080165,3.206211818367213,0.281532995712952,FALSE,no2,M1: SDID Centro+Belisario,SDID,2023-05-29
2023w23,3.586009314270127,3.1617174845253415,0.4242918297447855,FALSE,no2,M1: SDID Centro+Belisario,SDID,2023-06-05
2023w24,3.4451472038723465,3.2141214369255975,0.23102576694674903,FALSE,no2,M1: SDID Centro+Belisario,SDID,2023-06-12
2023w25,3.5156439655957037,3.197690941100353,0.3179530244953508,FALSE,no2,M1: SDID Centro+Belisario,SDID,2023-06-19
2023w26,3.5346219785371638,3.27793573195713,0.2566862465800339,FALSE,no2,M1: SDID Centro+Belisario,SDID,2023-06-26
2023w27,3.6450993302325587,3.148707983933438,0.4963913462991205,FALSE,no2,M1: SDID Centro+Belisario,SDID,2023-07-03
2023w28,3.5125585939338855,3.2047169118023597,0.30784168213152574,FALSE,no2,M1: SDID Centro+Belisario,SDID,2023-07-10
2023w29,3.3368570392527213,3.215927985657804,0.12092905359491724,FALSE,no2,M1: SDID Centro+Belisario,SDID,2023-07-17
2023w30,3.6138612543796373,3.2855943745979506,0.3282668797816868,FALSE,no2,M1: SDID Centro+Belisario,SDID,2023-07-24
2023w31,3.515538668138379,3.277495937738895,0.2380427303994841,FALSE,no2,M1: SDID Centro+Belisario,SDID,2023-07-31
2023w32,3.3244192029094233,3.17430710389807,0.15011209901135336,FALSE,no2,M1: SDID Centro+Belisario,SDID,2023-08-07
2023w33,3.6687514401022208,3.1652419373814027,0.5035095027208181,FALSE,no2,M1: SDID Centro+Belisario,SDID,2023-08-14
2023w34,3.6060537945488926,3.3148079481546353,0.2912458463942573,FALSE,no2,M1: SDID Centro+Belisario,SDID,2023-08-21
2023w35,3.416473595450739,3.2659791234459643,0.1504944720047745,FALSE,no2,M1: SDID Centro+Belisario,SDID,2023-08-28
2023w36,3.270007913202739,3.235227042270594,0.03478087093214466,FALSE,no2,M1: SDID Centro+Belisario,SDID,2023-09-04
2023w37,3.182005656966689,3.136657489062528,0.04534816790416096,FALSE,no2,M1: SDID Centro+Belisario,SDID,2023-09-11
2023w38,3.3755378793373643,3.2893759973515992,0.08616188198576502,FALSE,no2,M1: SDID Centro+Belisario,SDID,2023-09-18
2023w39,3.595770665864694,3.456321941749868,0.13944872411482612,FALSE,no2,M1: SDID Centro+Belisario,SDID,2023-09-25
2023w40,3.602350475623856,3.2128836533996745,0.3894668222241813,FALSE,no2,M1: SDID Centro+Belisario,SDID,2023-10-02
2023w41,3.550777621653772,3.3871151679222824,0.1636624537314897,FALSE,no2,M1: SDID Centro+Belisario,SDID,2023-10-09
2023w42,3.5311491033004434,3.2624913089143934,0.26865779438605,FALSE,no2,M1: SDID Centro+Belisario,SDID,2023-10-16
2023w43,3.658038913659831,3.3150708909297664,0.34296802273006444,FALSE,no2,M1: SDID Centro+Belisario,SDID,2023-10-23
2023w44,3.3747369798904376,2.9812910530582615,0.39344592683217616,FALSE,no2,M1: SDID Centro+Belisario,SDID,2023-10-30
2023w45,3.518603009475754,3.219463311146644,0.2991396983291099,FALSE,no2,M1: SDID Centro+Belisario,SDID,2023-11-06
2023w46,3.6166464194037484,3.1995026153463595,0.41714380405738893,FALSE,no2,M1: SDID Centro+Belisario,SDID,2023-11-13
2023w47,3.695371557010014,3.3268115670170824,0.3685599899929315,FALSE,no2,M1: SDID Centro+Belisario,SDID,2023-11-20
2023w48,3.446985750477613,3.170358518457911,0.2766272320197021,TRUE,no2,M1: SDID Centro+Belisario,SDID,2023-11-27
2023w49,3.5522785506397225,3.2707595122457866,0.2815190383939359,TRUE,no2,M1: SDID Centro+Belisario,SDID,2023-12-04
2023w50,3.684764419734183,3.3058614591895887,0.37890296054459416,TRUE,no2,M1: SDID Centro+Belisario,SDID,2023-12-11
2023w51,3.5620994043813026,3.328932012283951,0.23316739209735138,TRUE,no2,M1: SDID Centro+Belisario,SDID,2023-12-18
2023w52,3.465597359118811,3.0267838822623654,0.43881347685644556,TRUE,no2,M1: SDID Centro+Belisario,SDID,2023-12-25
2024w01,3.5684066563538144,3.222714236872583,0.3456924194812312,TRUE,no2,M1: SDID Centro+Belisario,SDID,2024-01-01
2024w02,3.400529951297825,3.114057031741696,0.2864729195561293,TRUE,no2,M1: SDID Centro+Belisario,SDID,2024-01-08
2024w03,3.2742237546273323,3.1084675958194175,0.16575615880791483,TRUE,no2,M1: SDID Centro+Belisario,SDID,2024-01-15
2024w04,3.3889209134074614,3.0926864962511313,0.29623441715633003,TRUE,no2,M1: SDID Centro+Belisario,SDID,2024-01-22
2024w05,3.6014083301354,3.340431196623771,0.2609771335116289,TRUE,no2,M1: SDID Centro+Belisario,SDID,2024-01-29
2024w06,3.6298082156866514,3.452547459438951,0.17726075624770044,TRUE,no2,M1: SDID Centro+Belisario,SDID,2024-02-05
2024w07,3.1787123965535526,3.0097652573773788,0.16894713917617388,TRUE,no2,M1: SDID Centro+Belisario,SDID,2024-02-12
2024w08,3.519298254766859,3.2836624010552353,0.23563585371162388,TRUE,no2,M1: SDID Centro+Belisario,SDID,2024-02-19
2024w09,3.890731678347124,3.5606742574451067,0.3300574209020173,TRUE,no2,M1: SDID Centro+Belisario,SDID,2024-02-26
2024w10,3.6615861677935357,3.348615306560544,0.31297086123299156,TRUE,no2,M1: SDID Centro+Belisario,SDID,2024-03-04
2024w11,3.404109160061479,3.218036042880792,0.18607311718068686,TRUE,no2,M1: SDID Centro+Belisario,SDID,2024-03-11
2024w12,3.6792341443913994,3.503660641663253,0.1755735027281462,TRUE,no2,M1: SDID Centro+Belisario,SDID,2024-03-18
2024w13,3.7803797472166476,3.5567774154471965,0.2236023317694511,TRUE,no2,M1: SDID Centro+Belisario,SDID,2024-03-25
2024w14,3.7196198135336,3.4930480923819274,0.22657172115167246,TRUE,no2,M1: SDID Centro+Belisario,SDID,2024-04-01
2024w15,3.5453175228156146,3.422738887526588,0.12257863528902657,TRUE,no2,M1: SDID Centro+Belisario,SDID,2024-04-08
2024w16,3.673924443571169,3.5055679704685168,0.16835647310265234,TRUE,no2,M1: SDID Centro+Belisario,SDID,2024-04-15
2024w17,3.637877346580219,3.4134134673565786,0.22446387922364064,TRUE,no2,M1: SDID Centro+Belisario,SDID,2024-04-22
2024w18,3.4974172207308607,3.2577099520934754,0.23970726863738534,TRUE,no2,M1: SDID Centro+Belisario,SDID,2024-04-29
2024w19,3.7265858232118845,3.5792094455976287,0.14737637761425582,TRUE,no2,M1: SDID Centro+Belisario,SDID,2024-05-06
2024w20,3.7658474536798803,3.488147800066752,0.2776996536131282,TRUE,no2,M1: SDID Centro+Belisario,SDID,2024-05-13
2024w21,3.476318446516001,3.2657990713849747,0.21051937513102637,TRUE,no2,M1: SDID Centro+Belisario,SDID,2024-05-20
2024w22,3.540258562379485,3.359937176251486,0.18032138612799908,TRUE,no2,M1: SDID Centro+Belisario,SDID,2024-05-27
2024w23,3.4751538449771537,3.153292901104265,0.32186094387288877,TRUE,no2,M1: SDID Centro+Belisario,SDID,2024-06-03
2024w24,3.599893703538814,3.201665353377143,0.39822835016167124,TRUE,no2,M1: SDID Centro+Belisario,SDID,2024-06-10
2024w25,3.8226483920227707,3.553318036307158,0.2693303557156126,TRUE,no2,M1: SDID Centro+Belisario,SDID,2024-06-17
2024w26,3.7051023325075967,3.435418848950566,0.26968348355703053,TRUE,no2,M1: SDID Centro+Belisario,SDID,2024-06-24
2024w27,3.530126346151752,3.2904264713730837,0.23969987477866805,TRUE,no2,M1: SDID Centro+Belisario,SDID,2024-07-01
2024w28,3.475178418256329,3.3973152600790604,0.07786315817726841,TRUE,no2,M1: SDID Centro+Belisario,SDID,2024-07-08
2024w29,3.382884307595773,3.2496863340641617,0.13319797353161134,TRUE,no2,M1: SDID Centro+Belisario,SDID,2024-07-15
2024w30,3.4586309532111086,3.3494477770940057,0.10918317611710293,TRUE,no2,M1: SDID Centro+Belisario,SDID,2024-07-22
2024w31,3.5666241620482655,3.4075381026906046,0.15908605935766085,TRUE,no2,M1: SDID Centro+Belisario,SDID,2024-07-29
2024w32,3.471222994696361,3.3656210407682554,0.10560195392810545,TRUE,no2,M1: SDID Centro+Belisario,SDID,2024-08-05
2024w33,3.2243394957712637,3.275849215104877,-0.05150971933361337,TRUE,no2,M1: SDID Centro+Belisario,SDID,2024-08-12
2024w34,3.332903123141194,3.3397997172494973,-0.006896594108303233,TRUE,no2,M1: SDID Centro+Belisario,SDID,2024-08-19
2024w35,3.3252580281067536,3.3827075280319088,-0.057449499925155134,TRUE,no2,M1: SDID Centro+Belisario,SDID,2024-08-26
2024w36,3.285092742832002,3.3692905253859813,-0.08419778255397947,TRUE,no2,M1: SDID Centro+Belisario,SDID,2024-09-02
2024w37,3.1347599406457323,3.1578378443342867,-0.023077903688554446,TRUE,no2,M1: SDID Centro+Belisario,SDID,2024-09-09
2024w52,3.526410971888984,3.2693233559401187,0.2570876159488651,TRUE,no2,M1: SDID Centro+Belisario,SDID,2024-12-23
2025w01,3.2592855664959006,2.894030442223344,0.3652551242725566,TRUE,no2,M1: SDID Centro+Belisario,SDID,2024-12-30
2025w02,3.5304486035407585,3.2518545836058297,0.2785940199349288,TRUE,no2,M1: SDID Centro+Belisario,SDID,2025-01-06
2025w03,3.639145659271965,3.3517466604096295,0.28739899886233555,TRUE,no2,M1: SDID Centro+Belisario,SDID,2025-01-13
2025w04,3.752119324244985,3.5122400374182132,0.23987928682677184,TRUE,no2,M1: SDID Centro+Belisario,SDID,2025-01-20
2025w05,3.368351105225705,3.0606947601781647,0.30765634504754047,TRUE,no2,M1: SDID Centro+Belisario,SDID,2025-01-27
2025w06,3.8139770762440106,3.421110052384366,0.3928670238596448,TRUE,no2,M1: SDID Centro+Belisario,SDID,2025-02-03
2025w07,3.631820208235502,3.2636978488140866,0.36812235942141536,TRUE,no2,M1: SDID Centro+Belisario,SDID,2025-02-10
2025w08,3.525689327330728,3.1392010387333644,0.3864882885973637,TRUE,no2,M1: SDID Centro+Belisario,SDID,2025-02-17
2025w09,3.6675756273207076,3.1582476223206486,0.509328005000059,TRUE,no2,M1: SDID Centro+Belisario,SDID,2025-02-24
2025w10,3.662589134913131,3.0929193254628324,0.5696698094502985,TRUE,no2,M1: SDID Centro+Belisario,SDID,2025-03-03
2025w11,3.741910528711934,3.1827376250427686,0.5591729036691655,TRUE,no2,M1: SDID Centro+Belisario,SDID,2025-03-10
2025w12,3.577259415893991,3.0856907151146307,0.4915687007793603,TRUE,no2,M1: SDID Centro+Belisario,SDID,2025-03-17
2025w13,3.630893597068451,3.215070589438159,0.415823007630292,TRUE,no2,M1: SDID Centro+Belisario,SDID,2025-03-24
2025w14,3.745392792697426,3.312446626222521,0.43294616647490525,TRUE,no2,M1: SDID Centro+Belisario,SDID,2025-03-31
2025w15,3.4307940884536645,3.272069120582195,0.1587249678714695,TRUE,no2,M1: SDID Centro+Belisario,SDID,2025-04-07
2025w16,3.2439215470299425,2.9744114321558133,0.26951011487412924,TRUE,no2,M1: SDID Centro+Belisario,SDID,2025-04-14
2025w17,3.7024341563766923,3.354307473491418,0.34812668288527426,TRUE,no2,M1: SDID Centro+Belisario,SDID,2025-04-21
2025w18,3.527795294815914,3.194489302537169,0.33330599227874513,TRUE,no2,M1: SDID Centro+Belisario,SDID,2025-04-28
2025w19,3.568310731414278,3.427882380321651,0.14042835109262697,TRUE,no2,M1: SDID Centro+Belisario,SDID,2025-05-05
2025w20,3.6447897854087623,3.2152948715650247,0.4294949138437376,TRUE,no2,M1: SDID Centro+Belisario,SDID,2025-05-12
2025w21,3.419877192467735,3.2924959639142504,0.12738122855348477,TRUE,no2,M1: SDID Centro+Belisario,SDID,2025-05-19
2025w22,3.3653656051714425,3.132403310418975,0.23296229475246744,TRUE,no2,M1: SDID Centro+Belisario,SDID,2025-05-26
2025w23,3.4918662370005498,3.26163377904848,0.2302324579520696,TRUE,no2,M1: SDID Centro+Belisario,SDID,2025-06-02
2025w24,3.7060206365577395,3.3545108811475477,0.3515097554101918,TRUE,no2,M1: SDID Centro+Belisario,SDID,2025-06-09
2025w25,3.043188531577568,3.4002041470112547,-0.35701561543368676,TRUE,no2,M1: SDID Centro+Belisario,SDID,2025-06-16
2022w48,3.332439916291157,3.036253330405829,0.2961865858853283,FALSE,no2,M2: SDID Centro (Bel. dropped),SDID,2022-11-28
2022w49,3.8137498684972613,3.5218442512858528,0.2919056172114085,FALSE,no2,M2: SDID Centro (Bel. dropped),SDID,2022-12-05
2022w50,3.5638810276166155,3.348227128110296,0.2156538995063193,FALSE,no2,M2: SDID Centro (Bel. dropped),SDID,2022-12-12
2022w51,3.648113984931047,3.3488991925345815,0.2992147923964654,FALSE,no2,M2: SDID Centro (Bel. dropped),SDID,2022-12-19
2022w52,3.71358554923888,3.412400881649831,0.30118466758904905,FALSE,no2,M2: SDID Centro (Bel. dropped),SDID,2022-12-26
2023w01,3.779721545524373,3.400197420758081,0.37952412476629194,FALSE,no2,M2: SDID Centro (Bel. dropped),SDID,2023-01-02
2023w02,3.772784816206951,3.499541013435619,0.273243802771332,FALSE,no2,M2: SDID Centro (Bel. dropped),SDID,2023-01-09
2023w03,3.5892281297355266,3.369743610152703,0.21948451958282345,FALSE,no2,M2: SDID Centro (Bel. dropped),SDID,2023-01-16
2023w04,3.3806901834663186,3.2272849586259578,0.1534052248403608,FALSE,no2,M2: SDID Centro (Bel. dropped),SDID,2023-01-23
2023w05,3.643884577210142,3.4279595145927217,0.21592506261742006,FALSE,no2,M2: SDID Centro (Bel. dropped),SDID,2023-01-30
2023w06,3.6437979673348235,3.318216206642401,0.3255817606924225,FALSE,no2,M2: SDID Centro (Bel. dropped),SDID,2023-02-06
2023w07,3.7095917347521836,3.2648361362371507,0.4447555985150329,FALSE,no2,M2: SDID Centro (Bel. dropped),SDID,2023-02-13
2023w08,3.556045383092851,3.3016481863670935,0.25439719672575745,FALSE,no2,M2: SDID Centro (Bel. dropped),SDID,2023-02-20
2023w09,3.5869500474212384,3.278327709723166,0.30862233769807235,FALSE,no2,M2: SDID Centro (Bel. dropped),SDID,2023-02-27
2023w10,3.602893491627915,3.211349897958282,0.391543593669633,FALSE,no2,M2: SDID Centro (Bel. dropped),SDID,2023-03-06
2023w11,3.438867646664432,3.221672855698027,0.21719479096640493,FALSE,no2,M2: SDID Centro (Bel. dropped),SDID,2023-03-13
2023w12,3.698312945161608,3.35756121109607,0.34075173406553816,FALSE,no2,M2: SDID Centro (Bel. dropped),SDID,2023-03-20
2023w13,3.824713791496563,3.441037422473666,0.38367636902289703,FALSE,no2,M2: SDID Centro (Bel. dropped),SDID,2023-03-27
2023w14,3.624146277904754,3.219375574658983,0.404770703245771,FALSE,no2,M2: SDID Centro (Bel. dropped),SDID,2023-04-03
2023w15,3.459741225251527,3.10411997237843,0.35562125287309687,FALSE,no2,M2: SDID Centro (Bel. dropped),SDID,2023-04-10
2023w16,3.5793624387215988,3.271997402450174,0.30736503627142486,FALSE,no2,M2: SDID Centro (Bel. dropped),SDID,2023-04-17
2023w17,3.633493575545048,3.3080922145525102,0.3254013609925379,FALSE,no2,M2: SDID Centro (Bel. dropped),SDID,2023-04-24
2023w18,3.173076687584785,3.060960287445317,0.11211640013946811,FALSE,no2,M2: SDID Centro (Bel. dropped),SDID,2023-05-01
2023w19,3.4722902901453336,3.3250266934176866,0.147263596727647,FALSE,no2,M2: SDID Centro (Bel. dropped),SDID,2023-05-08
2023w20,3.6602530265825988,3.2038251063130625,0.45642792026953627,FALSE,no2,M2: SDID Centro (Bel. dropped),SDID,2023-05-15
2023w21,3.6690523117932923,3.2919809753090283,0.37707133648426394,FALSE,no2,M2: SDID Centro (Bel. dropped),SDID,2023-05-22
2023w22,3.534671308265741,3.206119949878727,0.3285513583870139,FALSE,no2,M2: SDID Centro (Bel. dropped),SDID,2023-05-29
2023w23,3.68016684906077,3.157795159531683,0.5223716895290869,FALSE,no2,M2: SDID Centro (Bel. dropped),SDID,2023-06-05
2023w24,3.602323061176081,3.21016625601677,0.39215680515931073,FALSE,no2,M2: SDID Centro (Bel. dropped),SDID,2023-06-12
2023w25,3.6095540354671716,3.1948949609444415,0.4146590745227301,FALSE,no2,M2: SDID Centro (Bel. dropped),SDID,2023-06-19
2023w26,3.5962286481005084,3.277421450366491,0.3188071977340172,FALSE,no2,M2: SDID Centro (Bel. dropped),SDID,2023-06-26
2023w27,3.8482516957498283,3.15349407479966,0.6947576209501682,FALSE,no2,M2: SDID Centro (Bel. dropped),SDID,2023-07-03
2023w28,3.610408411249691,3.204493617582898,0.40591479366679284,FALSE,no2,M2: SDID Centro (Bel. dropped),SDID,2023-07-10
2023w29,3.263823825513206,3.215567662880554,0.04825616263265209,FALSE,no2,M2: SDID Centro (Bel. dropped),SDID,2023-07-17
2023w30,3.6470642319130353,3.2858710106051627,0.36119322130787257,FALSE,no2,M2: SDID Centro (Bel. dropped),SDID,2023-07-24
2023w31,3.4844523541023653,3.2767948746277558,0.20765747947460955,FALSE,no2,M2: SDID Centro (Bel. dropped),SDID,2023-07-31
2023w32,3.2814713874565165,3.1745304190032826,0.10694096845323386,FALSE,no2,M2: SDID Centro (Bel. dropped),SDID,2023-08-07
2023w33,3.670391675048189,3.1671785471664,0.5032131278817888,FALSE,no2,M2: SDID Centro (Bel. dropped),SDID,2023-08-14
2023w34,3.6469996938283384,3.31143380880465,0.33556588502368845,FALSE,no2,M2: SDID Centro (Bel. dropped),SDID,2023-08-21
2023w35,3.3128777562124947,3.25973732623638,0.05314042997611468,FALSE,no2,M2: SDID Centro (Bel. dropped),SDID,2023-08-28
2023w36,3.116499437895221,3.230431890703522,-0.11393245280830078,FALSE,no2,M2: SDID Centro (Bel. dropped),SDID,2023-09-04
2023w37,3.0210582206804997,3.130189554779572,-0.1091313340990725,FALSE,no2,M2: SDID Centro (Bel. dropped),SDID,2023-09-11
2023w38,3.319046933350824,3.2819568539729604,0.03709007937786346,FALSE,no2,M2: SDID Centro (Bel. dropped),SDID,2023-09-18
2023w39,3.5235147860689544,3.448303709491794,0.07521107657716053,FALSE,no2,M2: SDID Centro (Bel. dropped),SDID,2023-09-25
2023w40,3.617725876463941,3.2118353494533354,0.4058905270106057,FALSE,no2,M2: SDID Centro (Bel. dropped),SDID,2023-10-02
2023w41,3.54936840989277,3.3795236715078323,0.16984473838493752,FALSE,no2,M2: SDID Centro (Bel. dropped),SDID,2023-10-09
2023w42,3.5531937984253155,3.2572076180737595,0.295986180351556,FALSE,no2,M2: SDID Centro (Bel. dropped),SDID,2023-10-16
2023w43,3.6699763106197443,3.3119568942818463,0.358019416337898,FALSE,no2,M2: SDID Centro (Bel. dropped),SDID,2023-10-23
2023w44,3.395751891975637,2.9793524065919668,0.41639948538367033,FALSE,no2,M2: SDID Centro (Bel. dropped),SDID,2023-10-30
2023w45,3.4552373270899914,3.2149424828422384,0.24029484424775305,FALSE,no2,M2: SDID Centro (Bel. dropped),SDID,2023-11-06
2023w46,3.6411865498247242,3.1938732639127396,0.4473132859119846,FALSE,no2,M2: SDID Centro (Bel. dropped),SDID,2023-11-13
2023w47,3.593538991839502,3.3197515259589676,0.2737874658805346,FALSE,no2,M2: SDID Centro (Bel. dropped),SDID,2023-11-20
2023w48,3.4685316505160713,3.1653597760097103,0.30317187450636096,TRUE,no2,M2: SDID Centro (Bel. dropped),SDID,2023-11-27
2023w49,3.5297783457329195,3.2654061965447014,0.26437214918821805,TRUE,no2,M2: SDID Centro (Bel. dropped),SDID,2023-12-04
2023w50,3.7721463582642643,3.3034528027237515,0.46869355554051273,TRUE,no2,M2: SDID Centro (Bel. dropped),SDID,2023-12-11
2023w51,3.5502034953151105,3.3252815375545928,0.2249219577605177,TRUE,no2,M2: SDID Centro (Bel. dropped),SDID,2023-12-18
2023w52,3.4922907971801203,3.0258584340094585,0.4664323631706617,TRUE,no2,M2: SDID Centro (Bel. dropped),SDID,2023-12-25
2024w01,3.5819511507319697,3.2226512078843776,0.35929994284759204,TRUE,no2,M2: SDID Centro (Bel. dropped),SDID,2024-01-01
2024w02,3.425009257361591,3.111721709788976,0.3132875475726147,TRUE,no2,M2: SDID Centro (Bel. dropped),SDID,2024-01-08
2024w03,3.3477419600685687,3.1055120653245787,0.24222989474399004,TRUE,no2,M2: SDID Centro (Bel. dropped),SDID,2024-01-15
2024w04,3.3350296888032083,3.086288707581672,0.2487409812215362,TRUE,no2,M2: SDID Centro (Bel. dropped),SDID,2024-01-22
2024w05,3.5812007226939424,3.3363703079455647,0.24483041474837774,TRUE,no2,M2: SDID Centro (Bel. dropped),SDID,2024-01-29
2024w06,3.604835098427145,3.4451563120592033,0.15967878636794186,TRUE,no2,M2: SDID Centro (Bel. dropped),SDID,2024-02-05
2024w07,3.147099101905368,3.004655264553037,0.14244383735233113,TRUE,no2,M2: SDID Centro (Bel. dropped),SDID,2024-02-12
2024w08,3.437876609442325,3.2798094924727454,0.15806711696957976,TRUE,no2,M2: SDID Centro (Bel. dropped),SDID,2024-02-19
2024w09,3.8970077476626046,3.555844253848653,0.3411634938139514,TRUE,no2,M2: SDID Centro (Bel. dropped),SDID,2024-02-26
2024w10,3.6716758428214704,3.3456015009168096,0.3260743419046608,TRUE,no2,M2: SDID Centro (Bel. dropped),SDID,2024-03-04
2024w11,3.3637505845360516,3.210276862921407,0.15347372161464445,TRUE,no2,M2: SDID Centro (Bel. dropped),SDID,2024-03-11
2024w12,3.64937734586637,3.501609511516058,0.14776783435031193,TRUE,no2,M2: SDID Centro (Bel. dropped),SDID,2024-03-18
2024w13,3.7948455387525932,3.5544511678413926,0.24039437091120064,TRUE,no2,M2: SDID Centro (Bel. dropped),SDID,2024-03-25
2024w14,3.7002270559506387,3.4947158237399405,0.20551123221069822,TRUE,no2,M2: SDID Centro (Bel. dropped),SDID,2024-04-01
2024w15,3.5871147452282433,3.418848813408182,0.16826593182006144,TRUE,no2,M2: SDID Centro (Bel. dropped),SDID,2024-04-08
2024w16,3.6260629952847445,3.5016915835164677,0.12437141176827682,TRUE,no2,M2: SDID Centro (Bel. dropped),SDID,2024-04-15
2024w17,3.5781229528832634,3.407204732262285,0.17091822062097828,TRUE,no2,M2: SDID Centro (Bel. dropped),SDID,2024-04-22
2024w18,3.483852053431554,3.256335304878141,0.22751674855341308,TRUE,no2,M2: SDID Centro (Bel. dropped),SDID,2024-04-29
2024w19,3.7942164683970514,3.5759051011678196,0.21831136722923183,TRUE,no2,M2: SDID Centro (Bel. dropped),SDID,2024-05-06
2024w20,3.712874720797616,3.4856099071826483,0.22726481361496775,TRUE,no2,M2: SDID Centro (Bel. dropped),SDID,2024-05-13
2024w21,3.5148563322369037,3.263231731121942,0.2516246011149619,TRUE,no2,M2: SDID Centro (Bel. dropped),SDID,2024-05-20
2024w22,3.550965861218675,3.3573548952218304,0.1936109659968448,TRUE,no2,M2: SDID Centro (Bel. dropped),SDID,2024-05-27
2024w23,3.449514821308313,3.1483587204177996,0.3011561008905135,TRUE,no2,M2: SDID Centro (Bel. dropped),SDID,2024-06-03
2024w24,3.5526934231100125,3.1993814992638447,0.3533119238461677,TRUE,no2,M2: SDID Centro (Bel. dropped),SDID,2024-06-10
2024w25,3.7601143832193182,3.549053226479813,0.21106115673950532,TRUE,no2,M2: SDID Centro (Bel. dropped),SDID,2024-06-17
2024w26,3.6460132223334787,3.4339991447520175,0.21201407758146118,TRUE,no2,M2: SDID Centro (Bel. dropped),SDID,2024-06-24
2024w27,3.523257023443244,3.2882796608492164,0.23497736259402746,TRUE,no2,M2: SDID Centro (Bel. dropped),SDID,2024-07-01
2024w28,3.463927043885771,3.39278255232486,0.07114449156091096,TRUE,no2,M2: SDID Centro (Bel. dropped),SDID,2024-07-08
2024w29,3.3259647640604424,3.2436001745361525,0.08236458952428993,TRUE,no2,M2: SDID Centro (Bel. dropped),SDID,2024-07-15
2024w30,3.4327423901309255,3.343573519510893,0.08916887062003243,TRUE,no2,M2: SDID Centro (Bel. dropped),SDID,2024-07-22
2024w31,3.534399182985554,3.401728200567772,0.13267098241778186,TRUE,no2,M2: SDID Centro (Bel. dropped),SDID,2024-07-29
2024w32,3.4534907320777806,3.360521454911768,0.09296927716601244,TRUE,no2,M2: SDID Centro (Bel. dropped),SDID,2024-08-05
2024w33,3.2250654681833053,3.2736076308623843,-0.04854216267907896,TRUE,no2,M2: SDID Centro (Bel. dropped),SDID,2024-08-12
2024w34,3.3263636455082346,3.3342017770206094,-0.00783813151237478,TRUE,no2,M2: SDID Centro (Bel. dropped),SDID,2024-08-19
2024w35,3.310878444845366,3.376764461634203,-0.06588601678883688,TRUE,no2,M2: SDID Centro (Bel. dropped),SDID,2024-08-26
2024w36,3.191250071066876,3.3664565461739366,-0.17520647510706056,TRUE,no2,M2: SDID Centro (Bel. dropped),SDID,2024-09-02
2024w37,3.054053844664697,3.150675909709225,-0.09662206504452797,TRUE,no2,M2: SDID Centro (Bel. dropped),SDID,2024-09-09
2024w52,3.5501386375948165,3.2667190133690855,0.28341962422573097,TRUE,no2,M2: SDID Centro (Bel. dropped),SDID,2024-12-23
2025w01,3.259984982492362,2.891613163073372,0.3683718194189898,TRUE,no2,M2: SDID Centro (Bel. dropped),SDID,2024-12-30
2025w02,3.4659558991372017,3.2455608116860004,0.2203950874512013,TRUE,no2,M2: SDID Centro (Bel. dropped),SDID,2025-01-06
2025w03,3.611493734461402,3.348458337346854,0.26303539711454826,TRUE,no2,M2: SDID Centro (Bel. dropped),SDID,2025-01-13
2025w04,3.748851324520236,3.5042461334387287,0.24460519108150747,TRUE,no2,M2: SDID Centro (Bel. dropped),SDID,2025-01-20
2025w05,3.402062569976485,3.055371542021538,0.3466910279549471,TRUE,no2,M2: SDID Centro (Bel. dropped),SDID,2025-01-27
2025w06,3.8759400224797833,3.415616178880873,0.4603238435989101,TRUE,no2,M2: SDID Centro (Bel. dropped),SDID,2025-02-03
2025w07,3.6636975817465705,3.2564135039162796,0.40728407783029086,TRUE,no2,M2: SDID Centro (Bel. dropped),SDID,2025-02-10
2025w08,3.5722441665690856,3.1350461928628666,0.43719797370621905,TRUE,no2,M2: SDID Centro (Bel. dropped),SDID,2025-02-17
2025w09,3.6675437877683303,3.1511805515046385,0.5163632362636918,TRUE,no2,M2: SDID Centro (Bel. dropped),SDID,2025-02-24
2025w10,3.6581389549162164,3.0842527352762827,0.5738862196399337,TRUE,no2,M2: SDID Centro (Bel. dropped),SDID,2025-03-03
2025w11,3.741676409424565,3.176569220709415,0.56510718871515,TRUE,no2,M2: SDID Centro (Bel. dropped),SDID,2025-03-10
2025w12,3.537081207781727,3.076064903220564,0.46101630456116327,TRUE,no2,M2: SDID Centro (Bel. dropped),SDID,2025-03-17
2025w13,3.592611261863076,3.202123260441212,0.3904880014218639,TRUE,no2,M2: SDID Centro (Bel. dropped),SDID,2025-03-24
2025w14,3.6550253934881933,3.299405084330455,0.3556203091577381,TRUE,no2,M2: SDID Centro (Bel. dropped),SDID,2025-03-31
2025w15,3.3706371026937223,3.258203146544325,0.11243395614939722,TRUE,no2,M2: SDID Centro (Bel. dropped),SDID,2025-04-07
2025w16,3.1888620914369548,2.96953582272444,0.2193262687125146,TRUE,no2,M2: SDID Centro (Bel. dropped),SDID,2025-04-14
2025w17,3.622496050707967,3.352101619633211,0.2703944310747559,TRUE,no2,M2: SDID Centro (Bel. dropped),SDID,2025-04-21
2025w18,3.4648168295147,3.189735107759967,0.275081721754733,TRUE,no2,M2: SDID Centro (Bel. dropped),SDID,2025-04-28
2025w19,3.5398781009991493,3.4204176147303644,0.11946048626878492,TRUE,no2,M2: SDID Centro (Bel. dropped),SDID,2025-05-05
2025w20,3.6168005502354093,3.208546484328017,0.4082540659073923,TRUE,no2,M2: SDID Centro (Bel. dropped),SDID,2025-05-12
2025w21,3.3337853144869367,3.282620146662464,0.05116516782447267,TRUE,no2,M2: SDID Centro (Bel. dropped),SDID,2025-05-19
2025w22,3.3064879311083346,3.1252378773452163,0.1812500537631183,TRUE,no2,M2: SDID Centro (Bel. dropped),SDID,2025-05-26
2025w23,3.4899512359942246,3.2531195221559237,0.23683171383830093,TRUE,no2,M2: SDID Centro (Bel. dropped),SDID,2025-06-02
2025w24,3.627011927920688,3.3468240662209316,0.2801878616997562,TRUE,no2,M2: SDID Centro (Bel. dropped),SDID,2025-06-09
2025w25,2.6730691570568434,3.3942195833419513,-0.7211504262851078,TRUE,no2,M2: SDID Centro (Bel. dropped),SDID,2025-06-16
2022w48,3.332439916291157,3.082204894255243,0.25023502203591397,FALSE,no2,M2b: SDID Centro (Bel. in pool),SDID,2022-11-28
2022w49,3.8137498684972613,3.511165371872042,0.30258449662521913,FALSE,no2,M2b: SDID Centro (Bel. in pool),SDID,2022-12-05
2022w50,3.5638810276166155,3.382384813300695,0.18149621431592067,FALSE,no2,M2b: SDID Centro (Bel. in pool),SDID,2022-12-12
2022w51,3.648113984931047,3.382151038386432,0.2659629465446147,FALSE,no2,M2b: SDID Centro (Bel. in pool),SDID,2022-12-19
2022w52,3.71358554923888,3.4256514542598535,0.28793409497902633,FALSE,no2,M2b: SDID Centro (Bel. in pool),SDID,2022-12-26
2023w01,3.779721545524373,3.426826695088258,0.3528948504361149,FALSE,no2,M2b: SDID Centro (Bel. in pool),SDID,2023-01-02
2023w02,3.772784816206951,3.519855536775247,0.25292927943170396,FALSE,no2,M2b: SDID Centro (Bel. in pool),SDID,2023-01-09
2023w03,3.5892281297355266,3.397689424481143,0.19153870525438377,FALSE,no2,M2b: SDID Centro (Bel. in pool),SDID,2023-01-16
2023w04,3.3806901834663186,3.237968713634608,0.14272146983171075,FALSE,no2,M2b: SDID Centro (Bel. in pool),SDID,2023-01-23
2023w05,3.643884577210142,3.4583680688914695,0.18551650831867228,FALSE,no2,M2b: SDID Centro (Bel. in pool),SDID,2023-01-30
2023w06,3.6437979673348235,3.3317978694493275,0.312000097885496,FALSE,no2,M2b: SDID Centro (Bel. in pool),SDID,2023-02-06
2023w07,3.7095917347521836,3.3277996450552454,0.38179208969693823,FALSE,no2,M2b: SDID Centro (Bel. in pool),SDID,2023-02-13
2023w08,3.556045383092851,3.3400470285017483,0.21599835459110261,FALSE,no2,M2b: SDID Centro (Bel. in pool),SDID,2023-02-20
2023w09,3.5869500474212384,3.332662879049809,0.2542871683714294,FALSE,no2,M2b: SDID Centro (Bel. in pool),SDID,2023-02-27
2023w10,3.602893491627915,3.2646526361934094,0.33824085543450577,FALSE,no2,M2b: SDID Centro (Bel. in pool),SDID,2023-03-06
2023w11,3.438867646664432,3.2427119251585634,0.19615572150586846,FALSE,no2,M2b: SDID Centro (Bel. in pool),SDID,2023-03-13
2023w12,3.698312945161608,3.3986955496195175,0.29961739554209066,FALSE,no2,M2b: SDID Centro (Bel. in pool),SDID,2023-03-20
2023w13,3.824713791496563,3.4909618190960767,0.33375197240048626,FALSE,no2,M2b: SDID Centro (Bel. in pool),SDID,2023-03-27
2023w14,3.624146277904754,3.280283669863756,0.3438626080409981,FALSE,no2,M2b: SDID Centro (Bel. in pool),SDID,2023-04-03
2023w15,3.459741225251527,3.1675355353395007,0.2922056899120262,FALSE,no2,M2b: SDID Centro (Bel. in pool),SDID,2023-04-10
2023w16,3.5793624387215988,3.3389187260679973,0.24044371265360143,FALSE,no2,M2b: SDID Centro (Bel. in pool),SDID,2023-04-17
2023w17,3.633493575545048,3.363201973816156,0.27029160172889233,FALSE,no2,M2b: SDID Centro (Bel. in pool),SDID,2023-04-24
2023w18,3.173076687584785,3.0810671493702997,0.09200953821448543,FALSE,no2,M2b: SDID Centro (Bel. in pool),SDID,2023-05-01
2023w19,3.4722902901453336,3.3487202420425177,0.12357004810281591,FALSE,no2,M2b: SDID Centro (Bel. in pool),SDID,2023-05-08
2023w20,3.6602530265825988,3.2689418182301693,0.3913112083524295,FALSE,no2,M2b: SDID Centro (Bel. in pool),SDID,2023-05-15
2023w21,3.6690523117932923,3.347795108298036,0.3212572034952563,FALSE,no2,M2b: SDID Centro (Bel. in pool),SDID,2023-05-22
2023w22,3.534671308265741,3.2483041235104864,0.28636718475525447,FALSE,no2,M2b: SDID Centro (Bel. in pool),SDID,2023-05-29
2023w23,3.68016684906077,3.2165421696623526,0.46362467939841734,FALSE,no2,M2b: SDID Centro (Bel. in pool),SDID,2023-06-05
2023w24,3.602323061176081,3.2227839404868104,0.3795391206892704,FALSE,no2,M2b: SDID Centro (Bel. in pool),SDID,2023-06-12
2023w25,3.6095540354671716,3.23469543321165,0.3748586022555216,FALSE,no2,M2b: SDID Centro (Bel. in pool),SDID,2023-06-19
2023w26,3.5962286481005084,3.312453377879825,0.2837752702206835,FALSE,no2,M2b: SDID Centro (Bel. in pool),SDID,2023-06-26
2023w27,3.8482516957498283,3.206978051458188,0.6412736442916405,FALSE,no2,M2b: SDID Centro (Bel. in pool),SDID,2023-07-03
2023w28,3.610408411249691,3.242239881211267,0.36816853003842365,FALSE,no2,M2b: SDID Centro (Bel. in pool),SDID,2023-07-10
2023w29,3.263823825513206,3.250301839542791,0.013521985970414985,FALSE,no2,M2b: SDID Centro (Bel. in pool),SDID,2023-07-17
2023w30,3.6470642319130353,3.3390162890030277,0.3080479429100076,FALSE,no2,M2b: SDID Centro (Bel. in pool),SDID,2023-07-24
2023w31,3.4844523541023653,3.3250117854453767,0.15944056865698863,FALSE,no2,M2b: SDID Centro (Bel. in pool),SDID,2023-07-31
2023w32,3.2814713874565165,3.209221112340325,0.07225027511619153,FALSE,no2,M2b: SDID Centro (Bel. in pool),SDID,2023-08-07
2023w33,3.670391675048189,3.2578682873385776,0.4125233877096113,FALSE,no2,M2b: SDID Centro (Bel. in pool),SDID,2023-08-14
2023w34,3.6469996938283384,3.355868077527571,0.29113161630076734,FALSE,no2,M2b: SDID Centro (Bel. in pool),SDID,2023-08-21
2023w35,3.3128777562124947,3.3043045082896607,0.008573247922833982,FALSE,no2,M2b: SDID Centro (Bel. in pool),SDID,2023-08-28
2023w36,3.116499437895221,3.2634297317586496,-0.14693029386342848,FALSE,no2,M2b: SDID Centro (Bel. in pool),SDID,2023-09-04
2023w37,3.0210582206804997,3.1661080466574734,-0.1450498259769737,FALSE,no2,M2b: SDID Centro (Bel. in pool),SDID,2023-09-11
2023w38,3.319046933350824,3.306304825253867,0.012742108096956972,FALSE,no2,M2b: SDID Centro (Bel. in pool),SDID,2023-09-18
2023w39,3.5235147860689544,3.4849765262458665,0.038538259823087895,FALSE,no2,M2b: SDID Centro (Bel. in pool),SDID,2023-09-25
2023w40,3.617725876463941,3.2788647662955186,0.33886111016842246,FALSE,no2,M2b: SDID Centro (Bel. in pool),SDID,2023-10-02
2023w41,3.54936840989277,3.4078870908196497,0.14148131907312012,FALSE,no2,M2b: SDID Centro (Bel. in pool),SDID,2023-10-09
2023w42,3.5531937984253155,3.3005657753437436,0.25262802308157184,FALSE,no2,M2b: SDID Centro (Bel. in pool),SDID,2023-10-16
2023w43,3.6699763106197443,3.370807861699786,0.2991684489199584,FALSE,no2,M2b: SDID Centro (Bel. in pool),SDID,2023-10-23
2023w44,3.395751891975637,3.045792968277653,0.3499589236979843,FALSE,no2,M2b: SDID Centro (Bel. in pool),SDID,2023-10-30
2023w45,3.4552373270899914,3.2793630215093654,0.175874305580626,FALSE,no2,M2b: SDID Centro (Bel. in pool),SDID,2023-11-06
2023w46,3.6411865498247242,3.2634454870467464,0.3777410627779778,FALSE,no2,M2b: SDID Centro (Bel. in pool),SDID,2023-11-13
2023w47,3.593538991839502,3.4030569504387778,0.19048204140072444,FALSE,no2,M2b: SDID Centro (Bel. in pool),SDID,2023-11-20
2023w48,3.4685316505160713,3.2103443990418326,0.2581872514742387,TRUE,no2,M2b: SDID Centro (Bel. in pool),SDID,2023-11-27
2023w49,3.5297783457329195,3.3190851338491214,0.21069321188379808,TRUE,no2,M2b: SDID Centro (Bel. in pool),SDID,2023-12-04
2023w50,3.7721463582642643,3.355444517696231,0.41670184056803317,TRUE,no2,M2b: SDID Centro (Bel. in pool),SDID,2023-12-11
2023w51,3.5502034953151105,3.3686245496913676,0.18157894562374288,TRUE,no2,M2b: SDID Centro (Bel. in pool),SDID,2023-12-18
2023w52,3.4922907971801203,3.0996984330985344,0.3925923640815858,TRUE,no2,M2b: SDID Centro (Bel. in pool),SDID,2023-12-25
2024w01,3.5819511507319697,3.2823070135246923,0.29964413720727734,TRUE,no2,M2b: SDID Centro (Bel. in pool),SDID,2024-01-01
2024w02,3.425009257361591,3.1582454994659077,0.2667637578956832,TRUE,no2,M2b: SDID Centro (Bel. in pool),SDID,2024-01-08
2024w03,3.3477419600685687,3.1214841299900717,0.22625783007849698,TRUE,no2,M2b: SDID Centro (Bel. in pool),SDID,2024-01-15
2024w04,3.3350296888032083,3.148172028646157,0.18685766015705108,TRUE,no2,M2b: SDID Centro (Bel. in pool),SDID,2024-01-22
2024w05,3.5812007226939424,3.3861623261105733,0.19503839658336908,TRUE,no2,M2b: SDID Centro (Bel. in pool),SDID,2024-01-29
2024w06,3.604835098427145,3.4802447778978594,0.12459032052928576,TRUE,no2,M2b: SDID Centro (Bel. in pool),SDID,2024-02-05
2024w07,3.147099101905368,3.0397557064307326,0.10734339547463545,TRUE,no2,M2b: SDID Centro (Bel. in pool),SDID,2024-02-12
2024w08,3.437876609442325,3.336035102995773,0.1018415064465521,TRUE,no2,M2b: SDID Centro (Bel. in pool),SDID,2024-02-19
2024w09,3.8970077476626046,3.6131934222342394,0.28381432542836516,TRUE,no2,M2b: SDID Centro (Bel. in pool),SDID,2024-02-26
2024w10,3.6716758428214704,3.3994006583918908,0.27227518442957965,TRUE,no2,M2b: SDID Centro (Bel. in pool),SDID,2024-03-04
2024w11,3.3637505845360516,3.249621786973083,0.11412879756296856,TRUE,no2,M2b: SDID Centro (Bel. in pool),SDID,2024-03-11
2024w12,3.64937734586637,3.538120305187787,0.11125704067858289,TRUE,no2,M2b: SDID Centro (Bel. in pool),SDID,2024-03-18
2024w13,3.7948455387525932,3.591594338236929,0.20325120051566437,TRUE,no2,M2b: SDID Centro (Bel. in pool),SDID,2024-03-25
2024w14,3.7002270559506387,3.5391724361793453,0.16105461977129343,TRUE,no2,M2b: SDID Centro (Bel. in pool),SDID,2024-04-01
2024w15,3.5871147452282433,3.4325892410227206,0.1545255042055227,TRUE,no2,M2b: SDID Centro (Bel. in pool),SDID,2024-04-08
2024w16,3.6260629952847445,3.5397508146914753,0.08631218059326917,TRUE,no2,M2b: SDID Centro (Bel. in pool),SDID,2024-04-15
2024w17,3.5781229528832634,3.457290265568663,0.1208326873146004,TRUE,no2,M2b: SDID Centro (Bel. in pool),SDID,2024-04-22
2024w18,3.483852053431554,3.3015589787666832,0.18229307466487077,TRUE,no2,M2b: SDID Centro (Bel. in pool),SDID,2024-04-29
2024w19,3.7942164683970514,3.589556167072858,0.20466030132419322,TRUE,no2,M2b: SDID Centro (Bel. in pool),SDID,2024-05-06
2024w20,3.712874720797616,3.5445887512740533,0.16828596952356278,TRUE,no2,M2b: SDID Centro (Bel. in pool),SDID,2024-05-13
2024w21,3.5148563322369037,3.2936084481357537,0.22124788410115004,TRUE,no2,M2b: SDID Centro (Bel. in pool),SDID,2024-05-20
2024w22,3.550965861218675,3.387311775627873,0.1636540855908022,TRUE,no2,M2b: SDID Centro (Bel. in pool),SDID,2024-05-27
2024w23,3.449514821308313,3.210024328132228,0.23949049317608528,TRUE,no2,M2b: SDID Centro (Bel. in pool),SDID,2024-06-03
2024w24,3.5526934231100125,3.2790956006320697,0.27359782247794273,TRUE,no2,M2b: SDID Centro (Bel. in pool),SDID,2024-06-10
2024w25,3.7601143832193182,3.6079702890415546,0.15214409417776364,TRUE,no2,M2b: SDID Centro (Bel. in pool),SDID,2024-06-17
2024w26,3.6460132223334787,3.4928488210587183,0.1531644012747604,TRUE,no2,M2b: SDID Centro (Bel. in pool),SDID,2024-06-24
2024w27,3.523257023443244,3.3321519450770443,0.1911050783661996,TRUE,no2,M2b: SDID Centro (Bel. in pool),SDID,2024-07-01
2024w28,3.463927043885771,3.4079347902333526,0.055992253652418444,TRUE,no2,M2b: SDID Centro (Bel. in pool),SDID,2024-07-08
2024w29,3.3259647640604424,3.276650618658544,0.04931414540189838,TRUE,no2,M2b: SDID Centro (Bel. in pool),SDID,2024-07-15
2024w30,3.4327423901309255,3.3667942777222892,0.0659481124086363,TRUE,no2,M2b: SDID Centro (Bel. in pool),SDID,2024-07-22
2024w31,3.534399182985554,3.435070999572175,0.09932818341337901,TRUE,no2,M2b: SDID Centro (Bel. in pool),SDID,2024-07-29
2024w32,3.4534907320777806,3.38177483728502,0.07171589479276053,TRUE,no2,M2b: SDID Centro (Bel. in pool),SDID,2024-08-05
2024w33,3.2250654681833053,3.2637517748880036,-0.0386863067046983,TRUE,no2,M2b: SDID Centro (Bel. in pool),SDID,2024-08-12
2024w34,3.3263636455082346,3.3331511052749523,-0.006787459766717685,TRUE,no2,M2b: SDID Centro (Bel. in pool),SDID,2024-08-19
2024w35,3.310878444845366,3.3678487670379855,-0.05697032219261944,TRUE,no2,M2b: SDID Centro (Bel. in pool),SDID,2024-08-26
2024w36,3.191250071066876,3.3675055175906343,-0.17625544652375824,TRUE,no2,M2b: SDID Centro (Bel. in pool),SDID,2024-09-02
2024w37,3.054053844664697,3.1597138000557186,-0.10565995539102158,TRUE,no2,M2b: SDID Centro (Bel. in pool),SDID,2024-09-09
2024w52,3.5501386375948165,3.308167081162367,0.2419715564324494,TRUE,no2,M2b: SDID Centro (Bel. in pool),SDID,2024-12-23
2025w01,3.259984982492362,2.956748533320064,0.3032364491722981,TRUE,no2,M2b: SDID Centro (Bel. in pool),SDID,2024-12-30
2025w02,3.4659558991372017,3.306213189742639,0.1597427093945627,TRUE,no2,M2b: SDID Centro (Bel. in pool),SDID,2025-01-06
2025w03,3.611493734461402,3.40457676577987,0.20691696868153242,TRUE,no2,M2b: SDID Centro (Bel. in pool),SDID,2025-01-13
2025w04,3.748851324520236,3.546595556339895,0.2022557681803412,TRUE,no2,M2b: SDID Centro (Bel. in pool),SDID,2025-01-20
2025w05,3.402062569976485,3.1037761403524406,0.2982864296240444,TRUE,no2,M2b: SDID Centro (Bel. in pool),SDID,2025-01-27
2025w06,3.8759400224797833,3.4742626247127664,0.40167739776701694,TRUE,no2,M2b: SDID Centro (Bel. in pool),SDID,2025-02-03
2025w07,3.6636975817465705,3.3155688762945688,0.3481287054520017,TRUE,no2,M2b: SDID Centro (Bel. in pool),SDID,2025-02-10
2025w08,3.5722441665690856,3.19540856912963,0.3768355974394555,TRUE,no2,M2b: SDID Centro (Bel. in pool),SDID,2025-02-17
2025w09,3.6675437877683303,3.241817691243567,0.42572609652476334,TRUE,no2,M2b: SDID Centro (Bel. in pool),SDID,2025-02-24
2025w10,3.6581389549162164,3.1862799542313414,0.4718590006848751,TRUE,no2,M2b: SDID Centro (Bel. in pool),SDID,2025-03-03
2025w11,3.741676409424565,3.2763774179749396,0.4652989914496253,TRUE,no2,M2b: SDID Centro (Bel. in pool),SDID,2025-03-10
2025w12,3.537081207781727,3.169951814863958,0.36712939291776925,TRUE,no2,M2b: SDID Centro (Bel. in pool),SDID,2025-03-17
2025w13,3.592611261863076,3.2815009040954077,0.31111035776766816,TRUE,no2,M2b: SDID Centro (Bel. in pool),SDID,2025-03-24
2025w14,3.6550253934881933,3.3915148199020666,0.26351057358612673,TRUE,no2,M2b: SDID Centro (Bel. in pool),SDID,2025-03-31
2025w15,3.3706371026937223,3.2951901906298398,0.07544691206388254,TRUE,no2,M2b: SDID Centro (Bel. in pool),SDID,2025-04-07
2025w16,3.1888620914369548,3.0272645364277353,0.16159755500921946,TRUE,no2,M2b: SDID Centro (Bel. in pool),SDID,2025-04-14
2025w17,3.622496050707967,3.4287386510222952,0.19375739968567185,TRUE,no2,M2b: SDID Centro (Bel. in pool),SDID,2025-04-21
2025w18,3.4648168295147,3.2602521935612727,0.20456463595342722,TRUE,no2,M2b: SDID Centro (Bel. in pool),SDID,2025-04-28
2025w19,3.5398781009991493,3.4495718207605464,0.09030628023860299,TRUE,no2,M2b: SDID Centro (Bel. in pool),SDID,2025-05-05
2025w20,3.6168005502354093,3.2897852838684005,0.32701526636700873,TRUE,no2,M2b: SDID Centro (Bel. in pool),SDID,2025-05-12
2025w21,3.3337853144869367,3.3193549437384195,0.014430370748517163,TRUE,no2,M2b: SDID Centro (Bel. in pool),SDID,2025-05-19
2025w22,3.3064879311083346,3.176611796275893,0.12987613483244154,TRUE,no2,M2b: SDID Centro (Bel. in pool),SDID,2025-05-26
2025w23,3.4899512359942246,3.2934794434889945,0.19647179250523017,TRUE,no2,M2b: SDID Centro (Bel. in pool),SDID,2025-06-02
2025w24,3.627011927920688,3.4229694881117236,0.2040424398089642,TRUE,no2,M2b: SDID Centro (Bel. in pool),SDID,2025-06-09
2025w25,2.6730691570568434,3.3955321836659698,-0.7224630266091263,TRUE,no2,M2b: SDID Centro (Bel. in pool),SDID,2025-06-16
2022w48,3.307931435151199,3.048681394799596,0.25925004035160315,FALSE,no2,M3: SDID Belisario (Centro dropped),SDID,2022-11-28
2022w49,3.464465256994887,3.523347801729396,-0.05888254473450916,FALSE,no2,M3: SDID Belisario (Centro dropped),SDID,2022-12-05
2022w50,3.547810484991884,3.355431119371826,0.19237936562005808,FALSE,no2,M3: SDID Belisario (Centro dropped),SDID,2022-12-12
2022w51,3.5480485017264365,3.358982805376086,0.18906569635035053,FALSE,no2,M3: SDID Belisario (Centro dropped),SDID,2022-12-19
2022w52,3.486953076447629,3.4135273812477926,0.07342569519983622,FALSE,no2,M3: SDID Belisario (Centro dropped),SDID,2022-12-26
2023w01,3.552265549643521,3.4034821992551323,0.14878335038838886,FALSE,no2,M3: SDID Belisario (Centro dropped),SDID,2023-01-02
2023w02,3.6235528102234364,3.5078486761321472,0.11570413409128921,FALSE,no2,M3: SDID Belisario (Centro dropped),SDID,2023-01-09
2023w03,3.53199919007539,3.3752055958850002,0.15679359419038974,FALSE,no2,M3: SDID Belisario (Centro dropped),SDID,2023-01-16
2023w04,3.290907896891252,3.2301882920613947,0.0607196048298575,FALSE,no2,M3: SDID Belisario (Centro dropped),SDID,2023-01-23
2023w05,3.597891092840547,3.428449603964859,0.16944148887568788,FALSE,no2,M3: SDID Belisario (Centro dropped),SDID,2023-01-30
2023w06,3.399585385572723,3.3225024998796897,0.07708288569303345,FALSE,no2,M3: SDID Belisario (Centro dropped),SDID,2023-02-06
2023w07,3.6101567451331955,3.261901868640204,0.34825487649299136,FALSE,no2,M3: SDID Belisario (Centro dropped),SDID,2023-02-13
2023w08,3.507614801906423,3.296435674841516,0.21117912706490705,FALSE,no2,M3: SDID Belisario (Centro dropped),SDID,2023-02-20
2023w09,3.5839675115384417,3.2809231716734226,0.3030443398650191,FALSE,no2,M3: SDID Belisario (Centro dropped),SDID,2023-02-27
2023w10,3.5091262165559196,3.2125653952474287,0.29656082130849093,FALSE,no2,M3: SDID Belisario (Centro dropped),SDID,2023-03-06
2023w11,3.3347012560965092,3.218893376633034,0.11580787946347515,FALSE,no2,M3: SDID Belisario (Centro dropped),SDID,2023-03-13
2023w12,3.5803259460476564,3.3539974484344537,0.22632849761320273,FALSE,no2,M3: SDID Belisario (Centro dropped),SDID,2023-03-20
2023w13,3.715172111430741,3.4389964325219147,0.2761756789088263,FALSE,no2,M3: SDID Belisario (Centro dropped),SDID,2023-03-27
2023w14,3.556720407798831,3.218904200656718,0.3378162071421129,FALSE,no2,M3: SDID Belisario (Centro dropped),SDID,2023-04-03
2023w15,3.4492771807757028,3.099380655603084,0.34989652517261893,FALSE,no2,M3: SDID Belisario (Centro dropped),SDID,2023-04-10
2023w16,3.6456192559728975,3.273516828432494,0.37210242754040346,FALSE,no2,M3: SDID Belisario (Centro dropped),SDID,2023-04-17
2023w17,3.6178346746702843,3.3111139203337414,0.3067207543365429,FALSE,no2,M3: SDID Belisario (Centro dropped),SDID,2023-04-24
2023w18,3.182277942147599,3.067862668303508,0.11441527384409111,FALSE,no2,M3: SDID Belisario (Centro dropped),SDID,2023-05-01
2023w19,3.4610547113899357,3.328019154682437,0.13303555670749878,FALSE,no2,M3: SDID Belisario (Centro dropped),SDID,2023-05-08
2023w20,3.574559294903189,3.210362128882311,0.3641971660208778,FALSE,no2,M3: SDID Belisario (Centro dropped),SDID,2023-05-15
2023w21,3.602420004381212,3.292503243046795,0.3099167613344167,FALSE,no2,M3: SDID Belisario (Centro dropped),SDID,2023-05-22
2023w22,3.4408183198945888,3.2065752445403506,0.23424307535423816,FALSE,no2,M3: SDID Belisario (Centro dropped),SDID,2023-05-29
2023w23,3.4918517794794846,3.163327667952201,0.32852411152728367,FALSE,no2,M3: SDID Belisario (Centro dropped),SDID,2023-06-05
2023w24,3.2879713465686122,3.2155569756174525,0.07241437095115977,FALSE,no2,M3: SDID Belisario (Centro dropped),SDID,2023-06-12
2023w25,3.4217338957242363,3.1991781935268264,0.22255570219740983,FALSE,no2,M3: SDID Belisario (Centro dropped),SDID,2023-06-19
2023w26,3.4730153089738196,3.278112222775186,0.1949030861986336,FALSE,no2,M3: SDID Belisario (Centro dropped),SDID,2023-06-26
2023w27,3.441946964715289,3.1479765230611996,0.2939704416540896,FALSE,no2,M3: SDID Belisario (Centro dropped),SDID,2023-07-03
2023w28,3.41470877661808,3.2050155530645856,0.2096932235534945,FALSE,no2,M3: SDID Belisario (Centro dropped),SDID,2023-07-10
2023w29,3.409890252992236,3.21695034343033,0.19293990956190576,FALSE,no2,M3: SDID Belisario (Centro dropped),SDID,2023-07-17
2023w30,3.58065827684624,3.2857403474212625,0.2949179294249773,FALSE,no2,M3: SDID Belisario (Centro dropped),SDID,2023-07-24
2023w31,3.546624982174393,3.278675962649507,0.2679490195248859,FALSE,no2,M3: SDID Belisario (Centro dropped),SDID,2023-07-31
2023w32,3.3673670183623297,3.1750870832806175,0.19227993508171215,FALSE,no2,M3: SDID Belisario (Centro dropped),SDID,2023-08-07
2023w33,3.667111205156253,3.1645895206340655,0.5025216845221876,FALSE,no2,M3: SDID Belisario (Centro dropped),SDID,2023-08-14
2023w34,3.5651078952694473,3.3165044334380633,0.24860346183138393,FALSE,no2,M3: SDID Belisario (Centro dropped),SDID,2023-08-21
2023w35,3.520069434688983,3.269164639362096,0.2509047953268868,FALSE,no2,M3: SDID Belisario (Centro dropped),SDID,2023-08-28
2023w36,3.423516388510257,3.23762830503537,0.18588808347488728,FALSE,no2,M3: SDID Belisario (Centro dropped),SDID,2023-09-04
2023w37,3.342953093252878,3.1399383934106484,0.20301469984222953,FALSE,no2,M3: SDID Belisario (Centro dropped),SDID,2023-09-11
2023w38,3.432028825323905,3.2925601711127106,0.13946865421119448,FALSE,no2,M3: SDID Belisario (Centro dropped),SDID,2023-09-18
2023w39,3.6680265456604335,3.459830615579043,0.20819593008139048,FALSE,no2,M3: SDID Belisario (Centro dropped),SDID,2023-09-25
2023w40,3.5869750747837705,3.2144185147465896,0.37255656003718096,FALSE,no2,M3: SDID Belisario (Centro dropped),SDID,2023-10-02
2023w41,3.552186833414775,3.3903805155335225,0.16180631788125233,FALSE,no2,M3: SDID Belisario (Centro dropped),SDID,2023-10-09
2023w42,3.5091044081755713,3.2655777528413545,0.2435266553342168,FALSE,no2,M3: SDID Belisario (Centro dropped),SDID,2023-10-16
2023w43,3.6461015166999178,3.317939416755577,0.32816209994434065,FALSE,no2,M3: SDID Belisario (Centro dropped),SDID,2023-10-23
2023w44,3.3537220678052386,2.9842704712056536,0.36945159659958504,FALSE,no2,M3: SDID Belisario (Centro dropped),SDID,2023-10-30
2023w45,3.5819686918615172,3.221711395412628,0.36025729644888926,FALSE,no2,M3: SDID Belisario (Centro dropped),SDID,2023-11-06
2023w46,3.592106288982773,3.2028140678490917,0.38929222113368134,FALSE,no2,M3: SDID Belisario (Centro dropped),SDID,2023-11-13
2023w47,3.797204122180526,3.3308211035100395,0.4663830186704865,FALSE,no2,M3: SDID Belisario (Centro dropped),SDID,2023-11-20
2023w48,3.425439850439155,3.172944881959875,0.2524949684792799,TRUE,no2,M3: SDID Belisario (Centro dropped),SDID,2023-11-27
2023w49,3.574778755546526,3.273865612540938,0.3009131430055878,TRUE,no2,M3: SDID Belisario (Centro dropped),SDID,2023-12-04
2023w50,3.5973824812041015,3.3074662485275614,0.2899162326765401,TRUE,no2,M3: SDID Belisario (Centro dropped),SDID,2023-12-11
2023w51,3.5739953134474947,3.3314790834664474,0.24251622998104727,TRUE,no2,M3: SDID Belisario (Centro dropped),SDID,2023-12-18
2023w52,3.4389039210575016,3.028706001454502,0.41019791960299967,TRUE,no2,M3: SDID Belisario (Centro dropped),SDID,2023-12-25
2024w01,3.5548621619756595,3.2238110742246007,0.33105108775105885,TRUE,no2,M3: SDID Belisario (Centro dropped),SDID,2024-01-01
2024w02,3.3760506452340593,3.116853910158698,0.25919673507536123,TRUE,no2,M3: SDID Belisario (Centro dropped),SDID,2024-01-08
2024w03,3.2007055491860963,3.1105550337212824,0.0901505154648139,TRUE,no2,M3: SDID Belisario (Centro dropped),SDID,2024-01-15
2024w04,3.4428121380117145,3.0954896408234003,0.3473224971883142,TRUE,no2,M3: SDID Belisario (Centro dropped),SDID,2024-01-22
2024w05,3.621615937576858,3.343027704554321,0.2785882330225373,TRUE,no2,M3: SDID Belisario (Centro dropped),SDID,2024-01-29
2024w06,3.654781332946157,3.4557001343329827,0.19908119861317441,TRUE,no2,M3: SDID Belisario (Centro dropped),SDID,2024-02-05
2024w07,3.210325691201737,3.012658728046875,0.19766696315486199,TRUE,no2,M3: SDID Belisario (Centro dropped),SDID,2024-02-12
2024w08,3.600719900091393,3.286640428429091,0.3140794716623021,TRUE,no2,M3: SDID Belisario (Centro dropped),SDID,2024-02-19
2024w09,3.8844556090316438,3.5634097947443117,0.32104581428733203,TRUE,no2,M3: SDID Belisario (Centro dropped),SDID,2024-02-26
2024w10,3.651496492765601,3.3514424081666174,0.30005408459898364,TRUE,no2,M3: SDID Belisario (Centro dropped),SDID,2024-03-04
2024w11,3.4444677355869064,3.2216259182535802,0.2228418173333262,TRUE,no2,M3: SDID Belisario (Centro dropped),SDID,2024-03-11
2024w12,3.709090942916429,3.505409441322059,0.20368150159437004,TRUE,no2,M3: SDID Belisario (Centro dropped),SDID,2024-03-18
2024w13,3.7659139556807015,3.558543587355137,0.20737036832556432,TRUE,no2,M3: SDID Belisario (Centro dropped),SDID,2024-03-25
2024w14,3.739012571116561,3.4933254317719347,0.24568713934462627,TRUE,no2,M3: SDID Belisario (Centro dropped),SDID,2024-04-01
2024w15,3.5035203004029856,3.425253875895962,0.07826642450702348,TRUE,no2,M3: SDID Belisario (Centro dropped),SDID,2024-04-08
2024w16,3.7217858918575937,3.5086045736992544,0.2131813181583393,TRUE,no2,M3: SDID Belisario (Centro dropped),SDID,2024-04-15
2024w17,3.697631740277175,3.4158620993049853,0.2817696409721897,TRUE,no2,M3: SDID Belisario (Centro dropped),SDID,2024-04-22
2024w18,3.5109823880301674,3.2593012985721637,0.2516810894580037,TRUE,no2,M3: SDID Belisario (Centro dropped),SDID,2024-04-29
2024w19,3.658955178026718,3.5814891749381843,0.07746600308853369,TRUE,no2,M3: SDID Belisario (Centro dropped),SDID,2024-05-06
2024w20,3.8188201865621445,3.4900486946385163,0.3287714919236282,TRUE,no2,M3: SDID Belisario (Centro dropped),SDID,2024-05-13
2024w21,3.4377805607950984,3.267888136270455,0.16989242452464337,TRUE,no2,M3: SDID Belisario (Centro dropped),SDID,2024-05-20
2024w22,3.529551263540294,3.3619671821705426,0.16758408136975156,TRUE,no2,M3: SDID Belisario (Centro dropped),SDID,2024-05-27
2024w23,3.500792868645995,3.1555077554726974,0.34528511317329746,TRUE,no2,M3: SDID Belisario (Centro dropped),SDID,2024-06-03
2024w24,3.6470939839676157,3.203215043350207,0.4438789406174086,TRUE,no2,M3: SDID Belisario (Centro dropped),SDID,2024-06-10
2024w25,3.8851824008262232,3.555681838304659,0.32950056252156434,TRUE,no2,M3: SDID Belisario (Centro dropped),SDID,2024-06-17
2024w26,3.7641914426817147,3.43672981743873,0.3274616252429845,TRUE,no2,M3: SDID Belisario (Centro dropped),SDID,2024-06-24
2024w27,3.5369956688602597,3.292400644047345,0.24459502481291473,TRUE,no2,M3: SDID Belisario (Centro dropped),SDID,2024-07-01
2024w28,3.486429792626887,3.3999025932727287,0.08652719935415831,TRUE,no2,M3: SDID Belisario (Centro dropped),SDID,2024-07-08
2024w29,3.4398038511311038,3.2529771722622587,0.18682667886884508,TRUE,no2,M3: SDID Belisario (Centro dropped),SDID,2024-07-15
2024w30,3.484519516291292,3.3523329916752047,0.13218652461608738,TRUE,no2,M3: SDID Belisario (Centro dropped),SDID,2024-07-22
2024w31,3.5988491411109766,3.410488885695503,0.18836025541547352,TRUE,no2,M3: SDID Belisario (Centro dropped),SDID,2024-07-29
2024w32,3.4889552573149416,3.3681202458731008,0.12083501144184083,TRUE,no2,M3: SDID Belisario (Centro dropped),SDID,2024-08-05
2024w33,3.2236135233592216,3.2771622470739885,-0.05354872371476693,TRUE,no2,M3: SDID Belisario (Centro dropped),SDID,2024-08-12
2024w34,3.339442600774154,3.3420318627758823,-0.0025892620017282653,TRUE,no2,M3: SDID Belisario (Centro dropped),SDID,2024-08-19
2024w35,3.339637611368141,3.385953814470641,-0.04631620310249973,TRUE,no2,M3: SDID Belisario (Centro dropped),SDID,2024-08-26
2024w36,3.3789354145971275,3.371858252014693,0.007077162582434404,TRUE,no2,M3: SDID Belisario (Centro dropped),SDID,2024-09-02
2024w37,3.2154660366267676,3.1613186629446224,0.05414737368214517,TRUE,no2,M3: SDID Belisario (Centro dropped),SDID,2024-09-09
2024w52,3.5026833061831515,3.27122529779611,0.23145800838704167,TRUE,no2,M3: SDID Belisario (Centro dropped),SDID,2024-12-23
2025w01,3.2585861504994393,2.895540757899597,0.3630453925998425,TRUE,no2,M3: SDID Belisario (Centro dropped),SDID,2024-12-30
2025w02,3.594941307944315,3.254446923777338,0.34049438416697697,TRUE,no2,M3: SDID Belisario (Centro dropped),SDID,2025-01-06
2025w03,3.666797584082528,3.3532725280269777,0.31352505605555026,TRUE,no2,M3: SDID Belisario (Centro dropped),SDID,2025-01-13
2025w04,3.7553873239697335,3.5155988183129354,0.2397885056567981,TRUE,no2,M3: SDID Belisario (Centro dropped),SDID,2025-01-20
2025w05,3.334639640474925,3.062739921325383,0.2718997191495416,TRUE,no2,M3: SDID Belisario (Centro dropped),SDID,2025-01-27
2025w06,3.7520141300082384,3.423033949439463,0.32898018056877554,TRUE,no2,M3: SDID Belisario (Centro dropped),SDID,2025-02-03
2025w07,3.599942834724434,3.267372896943721,0.332569937780713,TRUE,no2,M3: SDID Belisario (Centro dropped),SDID,2025-02-10
2025w08,3.4791344880923707,3.141657086213275,0.3374774018790956,TRUE,no2,M3: SDID Belisario (Centro dropped),SDID,2025-02-17
2025w09,3.6676074668730845,3.1595988254734104,0.508008641399674,TRUE,no2,M3: SDID Belisario (Centro dropped),SDID,2025-02-24
2025w10,3.667039314910046,3.0948169869378512,0.5722223279721947,TRUE,no2,M3: SDID Belisario (Centro dropped),SDID,2025-03-03
2025w11,3.7421446479993032,3.1836753855530677,0.5584692624462355,TRUE,no2,M3: SDID Belisario (Centro dropped),SDID,2025-03-10
2025w12,3.617437624006255,3.0906460814063923,0.5267915425998626,TRUE,no2,M3: SDID Belisario (Centro dropped),SDID,2025-03-17
2025w13,3.669175932273826,3.220940762417505,0.4482351698563214,TRUE,no2,M3: SDID Belisario (Centro dropped),SDID,2025-03-24
2025w14,3.835760191906659,3.316102134265653,0.5196580576410059,TRUE,no2,M3: SDID Belisario (Centro dropped),SDID,2025-03-31
2025w15,3.4909510742136067,3.2774233800527317,0.21352769416087503,TRUE,no2,M3: SDID Belisario (Centro dropped),SDID,2025-04-07
2025w16,3.2989810026229303,2.9752634048490236,0.32371759777390663,TRUE,no2,M3: SDID Belisario (Centro dropped),SDID,2025-04-14
2025w17,3.782372262045418,3.3555997269499667,0.4267725350954512,TRUE,no2,M3: SDID Belisario (Centro dropped),SDID,2025-04-21
2025w18,3.5907737601171283,3.1963650078017602,0.3944087523153681,TRUE,no2,M3: SDID Belisario (Centro dropped),SDID,2025-04-28
2025w19,3.596743361829406,3.4303598873797343,0.16638347444967172,TRUE,no2,M3: SDID Belisario (Centro dropped),SDID,2025-05-05
2025w20,3.672779020582115,3.217578106136699,0.4552009144454159,TRUE,no2,M3: SDID Belisario (Centro dropped),SDID,2025-05-12
2025w21,3.5059690704485336,3.2961835062032177,0.20978556424531591,TRUE,no2,M3: SDID Belisario (Centro dropped),SDID,2025-05-19
2025w22,3.42424327923455,3.1345973387568127,0.2896459404777372,TRUE,no2,M3: SDID Belisario (Centro dropped),SDID,2025-05-26
2025w23,3.4937812380068753,3.264575137611819,0.2292061003950563,TRUE,no2,M3: SDID Belisario (Centro dropped),SDID,2025-06-02
2025w24,3.785029345194791,3.3577232387817073,0.42730610641308386,TRUE,no2,M3: SDID Belisario (Centro dropped),SDID,2025-06-09
2025w25,3.4133079060982925,3.4025377233989422,0.010770182699350261,TRUE,no2,M3: SDID Belisario (Centro dropped),SDID,2025-06-16
