{
"type": "FeatureCollection",
"name": "comparison_discs",
"crs": { "type": "name", "properties": { "name": "urn:ogc:def:crs:EPSG::32717" } },
"features": [
{ "type": "Feature", "properties": { "easting": 769000.0, "northing": 9969000.0, "id": "grid_E769000_N9969000", "retained": true }, "geometry": { "type": "Polygon", "coordinates": [ [ [ 769500.0, 9969000.0 ], [ 769499.314767377334647, 9968973.832021879032254 ], [ 769497.260947684175335, 9968947.735768366605043 ], [ 769493.844170297612436, 9968921.782767480239272 ], [ 769489.073800366953947, 9968896.044154591858387 ], [ 769482.96291314449627, 9968870.5904774479568 ], [ 769475.528258147533052, 9968845.491502812132239 ], [ 769466.790213248576038, 9968820.816025227308273 ], [ 769456.772728821262717, 9968796.631678462028503 ], [ 769445.503262094222009, 9968773.004750130698085 ], [ 769433.012701892177574, 9968750.0 ], [ 769419.335283972672187, 9968727.680482491850853 ], [ 769404.508497187518515, 9968706.107373854145408 ], [ 769388.572980728466064, 9968685.339804474264383 ], [ 769371.572412738692947, 9968665.434696821495891 ], [ 769353.553390593267977, 9968646.4466094058007 ], [ 769334.565303179435432, 9968628.427587261423469 ], [ 769314.660195524920709, 9968611.427019271999598 ], [ 769293.892626146203838, 9968595.491502812132239 ], [ 769272.31951750756707, 9968580.664716027677059 ], [ 769250.0, 9968566.987298108637333 ], [ 769226.995249869767576, 9968554.496737906709313 ], [ 769203.368321537855081, 9968543.227271178737283 ], [ 769179.183974772691727, 9968533.20978675223887 ], [ 769154.508497187518515, 9968524.471741853281856 ], [ 769129.409522551228292, 9968517.037086855620146 ], [ 769103.955845408840105, 9968510.92619963362813 ], [ 769078.217232520109974, 9968506.155829701572657 ], [ 769052.264231633860618, 9968502.739052316173911 ], [ 769026.167978121433407, 9968500.685232622548938 ], [ 769000.0, 9968500.0 ], [ 768973.832021878566593, 9968500.685232622548938 ], [ 768947.735768366139382, 9968502.739052316173911 ], [ 768921.782767479890026, 9968506.155829701572657 ], [ 768896.044154591159895, 9968510.92619963362813 ], [ 768870.590477448771708, 9968517.037086855620146 ], [ 768845.491502812481485, 9968524.471741853281856 ], [ 768820.816025227308273, 9968533.20978675223887 ], [ 768796.631678462144919, 9968543.227271178737283 ], [ 768773.004750130232424, 9968554.496737906709313 ], [ 768750.0, 9968566.987298108637333 ], [ 768727.68048249243293, 9968580.664716027677059 ], [ 768706.107373853796162, 9968595.491502812132239 ], [ 768685.339804475079291, 9968611.427019271999598 ], [ 768665.434696820564568, 9968628.427587261423469 ], [ 768646.446609406732023, 9968646.4466094058007 ], [ 768628.427587261307053, 9968665.434696821495891 ], [ 768611.427019271533936, 9968685.339804474264383 ], [ 768595.491502812481485, 9968706.107373854145408 ], [ 768580.664716027327813, 9968727.680482491850853 ], [ 768566.987298107822426, 9968750.0 ], [ 768554.496737905777991, 9968773.004750130698085 ], [ 768543.227271178737283, 9968796.631678462028503 ], [ 768533.209786751423962, 9968820.816025227308273 ], [ 768524.471741852466948, 9968845.491502812132239 ], [ 768517.03708685550373, 9968870.5904774479568 ], [ 768510.926199633046053, 9968896.044154591858387 ], [ 768506.155829702387564, 9968921.782767480239272 ], [ 768502.739052315824665, 9968947.735768366605043 ], [ 768500.685232622665353, 9968973.832021879032254 ], [ 768500.0, 9969000.0 ], [ 768500.685232622665353, 9969026.167978120967746 ], [ 768502.739052315824665, 9969052.264231633394957 ], [ 768506.155829702387564, 9969078.217232519760728 ], [ 768510.926199633046053, 9969103.955845408141613 ], [ 768517.03708685550373, 9969129.4095225520432 ], [ 768524.471741852466948, 9969154.508497187867761 ], [ 768533.209786751423962, 9969179.183974772691727 ], [ 768543.227271178737283, 9969203.368321537971497 ], [ 768554.496737905777991, 9969226.995249869301915 ], [ 768566.987298107822426, 9969250.0 ], [ 768580.664716027327813, 9969272.319517508149147 ], [ 768595.491502812481485, 9969293.892626145854592 ], [ 768611.427019271533936, 9969314.660195525735617 ], [ 768628.427587261307053, 9969334.565303178504109 ], [ 768646.446609406732023, 9969353.5533905941993 ], [ 768665.434696820564568, 9969371.572412738576531 ], [ 768685.339804475079291, 9969388.572980728000402 ], [ 768706.107373853796162, 9969404.508497187867761 ], [ 768727.68048249243293, 9969419.335283972322941 ], [ 768750.0, 9969433.012701891362667 ], [ 768773.004750130232424, 9969445.503262093290687 ], [ 768796.631678462144919, 9969456.772728821262717 ], [ 768820.816025227308273, 9969466.79021324776113 ], [ 768845.491502812481485, 9969475.528258146718144 ], [ 768870.590477448771708, 9969482.962913144379854 ], [ 768896.044154591159895, 9969489.07380036637187 ], [ 768921.782767479890026, 9969493.844170298427343 ], [ 768947.735768366139382, 9969497.260947683826089 ], [ 768973.832021878566593, 9969499.314767377451062 ], [ 769000.0, 9969500.0 ], [ 769026.167978121433407, 9969499.314767377451062 ], [ 769052.264231633860618, 9969497.260947683826089 ], [ 769078.217232520109974, 9969493.844170298427343 ], [ 769103.955845408840105, 9969489.07380036637187 ], [ 769129.409522551228292, 9969482.962913144379854 ], [ 769154.508497187518515, 9969475.528258146718144 ], [ 769179.183974772691727, 9969466.79021324776113 ], [ 769203.368321537855081, 9969456.772728821262717 ], [ 769226.995249869767576, 9969445.503262093290687 ], [ 769250.0, 9969433.012701891362667 ], [ 769272.31951750756707, 9969419.335283972322941 ], [ 769293.892626146203838, 9969404.508497187867761 ], [ 769314.660195524920709, 9969388.572980728000402 ], [ 769334.565303179435432, 9969371.572412738576531 ], [ 769353.553390593267977, 9969353.5533905941993 ], [ 769371.572412738692947, 9969334.565303178504109 ], [ 769388.572980728466064, 9969314.660195525735617 ], [ 769404.508497187518515, 9969293.892626145854592 ], [ 769419.335283972672187, 9969272.319517508149147 ], [ 769433.012701892177574, 9969250.0 ], [ 769445.503262094222009, 9969226.995249869301915 ], [ 769456.772728821262717, 9969203.368321537971497 ], [ 769466.790213248576038, 9969179.183974772691727 ], [ 769475.528258147533052, 9969154.508497187867761 ], [ 769482.96291314449627, 9969129.4095225520432 ], [ 769489.073800366953947, 9969103.955845408141613 ], [ 769493.844170297612436, 9969078.217232519760728 ], [ 769497.260947684175335, 9969052.264231633394957 ], [ 769499.314767377334647, 9969026.167978120967746 ], [ 769500.0, 9969000.0 ] ] ] } },
{ "type": "Feature", "properties": { "easting": 770000.0, "northing": 9963000.0, "id": "grid_E770000_N9963000", "retained": true }, "geometry": { "type": "Polygon", "coordinates": [ [ [ 770500.0, 9963000.0 ], [ 770499.314767377334647, 9962973.832021879032254 ], [ 770497.260947684175335, 9962947.735768366605043 ], [ 770493.844170297612436, 9962921.782767480239272 ], [ 770489.073800366953947, 9962896.044154591858387 ], [ 770482.96291314449627, 9962870.5904774479568 ], [ 770475.528258147533052, 9962845.491502812132239 ], [ 770466.790213248576038, 9962820.816025227308273 ], [ 770456.772728821262717, 9962796.631678462028503 ], [ 770445.503262094222009, 9962773.004750130698085 ], [ 770433.012701892177574, 9962750.0 ], [ 770419.335283972672187, 9962727.680482491850853 ], [ 770404.508497187518515, 9962706.107373854145408 ], [ 770388.572980728466064, 9962685.339804474264383 ], [ 770371.572412738692947, 9962665.434696821495891 ], [ 770353.553390593267977, 9962646.4466094058007 ], [ 770334.565303179435432, 9962628.427587261423469 ], [ 770314.660195524920709, 9962611.427019271999598 ], [ 770293.892626146203838, 9962595.491502812132239 ], [ 770272.31951750756707, 9962580.664716027677059 ], [ 770250.0, 9962566.987298108637333 ], [ 770226.995249869767576, 9962554.496737906709313 ], [ 770203.368321537855081, 9962543.227271178737283 ], [ 770179.183974772691727, 9962533.20978675223887 ], [ 770154.508497187518515, 9962524.471741853281856 ], [ 770129.409522551228292, 9962517.037086855620146 ], [ 770103.955845408840105, 9962510.92619963362813 ], [ 770078.217232520109974, 9962506.155829701572657 ], [ 770052.264231633860618, 9962502.739052316173911 ], [ 770026.167978121433407, 9962500.685232622548938 ], [ 770000.0, 9962500.0 ], [ 769973.832021878566593, 9962500.685232622548938 ], [ 769947.735768366139382, 9962502.739052316173911 ], [ 769921.782767479890026, 9962506.155829701572657 ], [ 769896.044154591159895, 9962510.92619963362813 ], [ 769870.590477448771708, 9962517.037086855620146 ], [ 769845.491502812481485, 9962524.471741853281856 ], [ 769820.816025227308273, 9962533.20978675223887 ], [ 769796.631678462144919, 9962543.227271178737283 ], [ 769773.004750130232424, 9962554.496737906709313 ], [ 769750.0, 9962566.987298108637333 ], [ 769727.68048249243293, 9962580.664716027677059 ], [ 769706.107373853796162, 9962595.491502812132239 ], [ 769685.339804475079291, 9962611.427019271999598 ], [ 769665.434696820564568, 9962628.427587261423469 ], [ 769646.446609406732023, 9962646.4466094058007 ], [ 769628.427587261307053, 9962665.434696821495891 ], [ 769611.427019271533936, 9962685.339804474264383 ], [ 769595.491502812481485, 9962706.107373854145408 ], [ 769580.664716027327813, 9962727.680482491850853 ], [ 769566.987298107822426, 9962750.0 ], [ 769554.496737905777991, 9962773.004750130698085 ], [ 769543.227271178737283, 9962796.631678462028503 ], [ 769533.209786751423962, 9962820.816025227308273 ], [ 769524.471741852466948, 9962845.491502812132239 ], [ 769517.03708685550373, 9962870.5904774479568 ], [ 769510.926199633046053, 9962896.044154591858387 ], [ 769506.155829702387564, 9962921.782767480239272 ], [ 769502.739052315824665, 9962947.735768366605043 ], [ 769500.685232622665353, 9962973.832021879032254 ], [ 769500.0, 9963000.0 ], [ 769500.685232622665353, 9963026.167978120967746 ], [ 769502.739052315824665, 9963052.264231633394957 ], [ 769506.155829702387564, 9963078.217232519760728 ], [ 769510.926199633046053, 9963103.955845408141613 ], [ 769517.03708685550373, 9963129.4095225520432 ], [ 769524.471741852466948, 9963154.508497187867761 ], [ 769533.209786751423962, 9963179.183974772691727 ], [ 769543.227271178737283, 9963203.368321537971497 ], [ 769554.496737905777991, 9963226.995249869301915 ], [ 769566.987298107822426, 9963250.0 ], [ 769580.664716027327813, 9963272.319517508149147 ], [ 769595.491502812481485, 9963293.892626145854592 ], [ 769611.427019271533936, 9963314.660195525735617 ], [ 769628.427587261307053, 9963334.565303178504109 ], [ 769646.446609406732023, 9963353.5533905941993 ], [ 769665.434696820564568, 9963371.572412738576531 ], [ 769685.339804475079291, 9963388.572980728000402 ], [ 769706.107373853796162, 9963404.508497187867761 ], [ 769727.68048249243293, 9963419.335283972322941 ], [ 769750.0, 9963433.012701891362667 ], [ 769773.004750130232424, 9963445.503262093290687 ], [ 769796.631678462144919, 9963456.772728821262717 ], [ 769820.816025227308273, 9963466.79021324776113 ], [ 769845.491502812481485, 9963475.528258146718144 ], [ 769870.590477448771708, 9963482.962913144379854 ], [ 769896.044154591159895, 9963489.07380036637187 ], [ 769921.782767479890026, 9963493.844170298427343 ], [ 769947.735768366139382, 9963497.260947683826089 ], [ 769973.832021878566593, 9963499.314767377451062 ], [ 770000.0, 9963500.0 ], [ 770026.167978121433407, 9963499.314767377451062 ], [ 770052.264231633860618, 9963497.260947683826089 ], [ 770078.217232520109974, 9963493.844170298427343 ], [ 770103.955845408840105, 9963489.07380036637187 ], [ 770129.409522551228292, 9963482.962913144379854 ], [ 770154.508497187518515, 9963475.528258146718144 ], [ 770179.183974772691727, 9963466.79021324776113 ], [ 770203.368321537855081, 9963456.772728821262717 ], [ 770226.995249869767576, 9963445.503262093290687 ], [ 770250.0, 9963433.012701891362667 ], [ 770272.31951750756707, 9963419.335283972322941 ], [ 770293.892626146203838, 9963404.508497187867761 ], [ 770314.660195524920709, 9963388.572980728000402 ], [ 770334.565303179435432, 9963371.572412738576531 ], [ 770353.553390593267977, 9963353.5533905941993 ], [ 770371.572412738692947, 9963334.565303178504109 ], [ 770388.572980728466064, 9963314.660195525735617 ], [ 770404.508497187518515, 9963293.892626145854592 ], [ 770419.335283972672187, 9963272.319517508149147 ], [ 770433.012701892177574, 9963250.0 ], [ 770445.503262094222009, 9963226.995249869301915 ], [ 770456.772728821262717, 9963203.368321537971497 ], [ 770466.790213248576038, 9963179.183974772691727 ], [ 770475.528258147533052, 9963154.508497187867761 ], [ 770482.96291314449627, 9963129.4095225520432 ], [ 770489.073800366953947, 9963103.955845408141613 ], [ 770493.844170297612436, 9963078.217232519760728 ], [ 770497.260947684175335, 9963052.264231633394957 ], [ 770499.314767377334647, 9963026.167978120967746 ], [ 770500.0, 9963000.0 ] ] ] } },
{ "type": "Feature", "properties": { "easting": 770000.0, "northing": 9964000.0, "id": "grid_E770000_N9964000", "retained": true }, "geometry": { "type": "Polygon", "coordinates": [ [ [ 770500.0, 9964000.0 ], [ 770499.314767377334647, 9963973.832021879032254 ], [ 770497.260947684175335, 9963947.735768366605043 ], [ 770493.844170297612436, 9963921.782767480239272 ], [ 770489.073800366953947, 9963896.044154591858387 ], [ 770482.96291314449627, 9963870.5904774479568 ], [ 770475.528258147533052, 9963845.491502812132239 ], [ 770466.790213248576038, 9963820.816025227308273 ], [ 770456.772728821262717, 9963796.631678462028503 ], [ 770445.503262094222009, 9963773.004750130698085 ], [ 770433.012701892177574, 9963750.0 ], [ 770419.335283972672187, 9963727.680482491850853 ], [ 770404.508497187518515, 9963706.107373854145408 ], [ 770388.572980728466064, 9963685.339804474264383 ], [ 770371.572412738692947, 9963665.434696821495891 ], [ 770353.553390593267977, 9963646.4466094058007 ], [ 770334.565303179435432, 9963628.427587261423469 ], [ 770314.660195524920709, 9963611.427019271999598 ], [ 770293.892626146203838, 9963595.491502812132239 ], [ 770272.31951750756707, 9963580.664716027677059 ], [ 770250.0, 9963566.987298108637333 ], [ 770226.995249869767576, 9963554.496737906709313 ], [ 770203.368321537855081, 9963543.227271178737283 ], [ 770179.183974772691727, 9963533.20978675223887 ], [ 770154.508497187518515, 9963524.471741853281856 ], [ 770129.409522551228292, 9963517.037086855620146 ], [ 770103.955845408840105, 9963510.92619963362813 ], [ 770078.217232520109974, 9963506.155829701572657 ], [ 770052.264231633860618, 9963502.739052316173911 ], [ 770026.167978121433407, 9963500.685232622548938 ], [ 770000.0, 9963500.0 ], [ 769973.832021878566593, 9963500.685232622548938 ], [ 769947.735768366139382, 9963502.739052316173911 ], [ 769921.782767479890026, 9963506.155829701572657 ], [ 769896.044154591159895, 9963510.92619963362813 ], [ 769870.590477448771708, 9963517.037086855620146 ], [ 769845.491502812481485, 9963524.471741853281856 ], [ 769820.816025227308273, 9963533.20978675223887 ], [ 769796.631678462144919, 9963543.227271178737283 ], [ 769773.004750130232424, 9963554.496737906709313 ], [ 769750.0, 9963566.987298108637333 ], [ 769727.68048249243293, 9963580.664716027677059 ], [ 769706.107373853796162, 9963595.491502812132239 ], [ 769685.339804475079291, 9963611.427019271999598 ], [ 769665.434696820564568, 9963628.427587261423469 ], [ 769646.446609406732023, 9963646.4466094058007 ], [ 769628.427587261307053, 9963665.434696821495891 ], [ 769611.427019271533936, 9963685.339804474264383 ], [ 769595.491502812481485, 9963706.107373854145408 ], [ 769580.664716027327813, 9963727.680482491850853 ], [ 769566.987298107822426, 9963750.0 ], [ 769554.496737905777991, 9963773.004750130698085 ], [ 769543.227271178737283, 9963796.631678462028503 ], [ 769533.209786751423962, 9963820.816025227308273 ], [ 769524.471741852466948, 9963845.491502812132239 ], [ 769517.03708685550373, 9963870.5904774479568 ], [ 769510.926199633046053, 9963896.044154591858387 ], [ 769506.155829702387564, 9963921.782767480239272 ], [ 769502.739052315824665, 9963947.735768366605043 ], [ 769500.685232622665353, 9963973.832021879032254 ], [ 769500.0, 9964000.0 ], [ 769500.685232622665353, 9964026.167978120967746 ], [ 769502.739052315824665, 9964052.264231633394957 ], [ 769506.155829702387564, 9964078.217232519760728 ], [ 769510.926199633046053, 9964103.955845408141613 ], [ 769517.03708685550373, 9964129.4095225520432 ], [ 769524.471741852466948, 9964154.508497187867761 ], [ 769533.209786751423962, 9964179.183974772691727 ], [ 769543.227271178737283, 9964203.368321537971497 ], [ 769554.496737905777991, 9964226.995249869301915 ], [ 769566.987298107822426, 9964250.0 ], [ 769580.664716027327813, 9964272.319517508149147 ], [ 769595.491502812481485, 9964293.892626145854592 ], [ 769611.427019271533936, 9964314.660195525735617 ], [ 769628.427587261307053, 9964334.565303178504109 ], [ 769646.446609406732023, 9964353.5533905941993 ], [ 769665.434696820564568, 9964371.572412738576531 ], [ 769685.339804475079291, 9964388.572980728000402 ], [ 769706.107373853796162, 9964404.508497187867761 ], [ 769727.68048249243293, 9964419.335283972322941 ], [ 769750.0, 9964433.012701891362667 ], [ 769773.004750130232424, 9964445.503262093290687 ], [ 769796.631678462144919, 9964456.772728821262717 ], [ 769820.816025227308273, 9964466.79021324776113 ], [ 769845.491502812481485, 9964475.528258146718144 ], [ 769870.590477448771708, 9964482.962913144379854 ], [ 769896.044154591159895, 9964489.07380036637187 ], [ 769921.782767479890026, 9964493.844170298427343 ], [ 769947.735768366139382, 9964497.260947683826089 ], [ 769973.832021878566593, 9964499.314767377451062 ], [ 770000.0, 9964500.0 ], [ 770026.167978121433407, 9964499.314767377451062 ], [ 770052.264231633860618, 9964497.260947683826089 ], [ 770078.217232520109974, 9964493.844170298427343 ], [ 770103.955845408840105, 9964489.07380036637187 ], [ 770129.409522551228292, 9964482.962913144379854 ], [ 770154.508497187518515, 9964475.528258146718144 ], [ 770179.183974772691727, 9964466.79021324776113 ], [ 770203.368321537855081, 9964456.772728821262717 ], [ 770226.995249869767576, 9964445.503262093290687 ], [ 770250.0, 9964433.012701891362667 ], [ 770272.31951750756707, 9964419.335283972322941 ], [ 770293.892626146203838, 9964404.508497187867761 ], [ 770314.660195524920709, 9964388.572980728000402 ], [ 770334.565303179435432, 9964371.572412738576531 ], [ 770353.553390593267977, 9964353.5533905941993 ], [ 770371.572412738692947, 9964334.565303178504109 ], [ 770388.572980728466064, 9964314.660195525735617 ], [ 770404.508497187518515, 9964293.892626145854592 ], [ 770419.335283972672187, 9964272.319517508149147 ], [ 770433.012701892177574, 9964250.0 ], [ 770445.503262094222009, 9964226.995249869301915 ], [ 770456.772728821262717, 9964203.368321537971497 ], [ 770466.790213248576038, 9964179.183974772691727 ], [ 770475.528258147533052, 9964154.508497187867761 ], [ 770482.96291314449627, 9964129.4095225520432 ], [ 770489.073800366953947, 9964103.955845408141613 ], [ 770493.844170297612436, 9964078.217232519760728 ], [ 770497.260947684175335, 9964052.264231633394957 ], [ 770499.314767377334647, 9964026.167978120967746 ], [ 770500.0, 9964000.0 ] ] ] } },
{ "type": "Feature", "properties": { "easting": 771000.0, "northing": 9962000.0, "id": "grid_E771000_N9962000", "retained": true }, "geometry": { "type": "Polygon", "coordinates": [ [ [ 771500.0, 9962000.0 ], [ 771499.314767377334647, 9961973.832021879032254 ], [ 771497.260947684175335, 9961947.735768366605043 ], [ 771493.844170297612436, 9961921.782767480239272 ], [ 771489.073800366953947, 9961896.044154591858387 ], [ 771482.96291314449627, 9961870.5904774479568 ], [ 771475.528258147533052, 9961845.491502812132239 ], [ 771466.790213248576038, 9961820.816025227308273 ], [ 771456.772728821262717, 9961796.631678462028503 ], [ 771445.503262094222009, 9961773.004750130698085 ], [ 771433.012701892177574, 9961750.0 ], [ 771419.335283972672187, 9961727.680482491850853 ], [ 771404.508497187518515, 9961706.107373854145408 ], [ 771388.572980728466064, 9961685.339804474264383 ], [ 771371.572412738692947, 9961665.434696821495891 ], [ 771353.553390593267977, 9961646.4466094058007 ], [ 771334.565303179435432, 9961628.427587261423469 ], [ 771314.660195524920709, 9961611.427019271999598 ], [ 771293.892626146203838, 9961595.491502812132239 ], [ 771272.31951750756707, 9961580.664716027677059 ], [ 771250.0, 9961566.987298108637333 ], [ 771226.995249869767576, 9961554.496737906709313 ], [ 771203.368321537855081, 9961543.227271178737283 ], [ 771179.183974772691727, 9961533.20978675223887 ], [ 771154.508497187518515, 9961524.471741853281856 ], [ 771129.409522551228292, 9961517.037086855620146 ], [ 771103.955845408840105, 9961510.92619963362813 ], [ 771078.217232520109974, 9961506.155829701572657 ], [ 771052.264231633860618, 9961502.739052316173911 ], [ 771026.167978121433407, 9961500.685232622548938 ], [ 771000.0, 9961500.0 ], [ 770973.832021878566593, 9961500.685232622548938 ], [ 770947.735768366139382, 9961502.739052316173911 ], [ 770921.782767479890026, 9961506.155829701572657 ], [ 770896.044154591159895, 9961510.92619963362813 ], [ 770870.590477448771708, 9961517.037086855620146 ], [ 770845.491502812481485, 9961524.471741853281856 ], [ 770820.816025227308273, 9961533.20978675223887 ], [ 770796.631678462144919, 9961543.227271178737283 ], [ 770773.004750130232424, 9961554.496737906709313 ], [ 770750.0, 9961566.987298108637333 ], [ 770727.68048249243293, 9961580.664716027677059 ], [ 770706.107373853796162, 9961595.491502812132239 ], [ 770685.339804475079291, 9961611.427019271999598 ], [ 770665.434696820564568, 9961628.427587261423469 ], [ 770646.446609406732023, 9961646.4466094058007 ], [ 770628.427587261307053, 9961665.434696821495891 ], [ 770611.427019271533936, 9961685.339804474264383 ], [ 770595.491502812481485, 9961706.107373854145408 ], [ 770580.664716027327813, 9961727.680482491850853 ], [ 770566.987298107822426, 9961750.0 ], [ 770554.496737905777991, 9961773.004750130698085 ], [ 770543.227271178737283, 9961796.631678462028503 ], [ 770533.209786751423962, 9961820.816025227308273 ], [ 770524.471741852466948, 9961845.491502812132239 ], [ 770517.03708685550373, 9961870.5904774479568 ], [ 770510.926199633046053, 9961896.044154591858387 ], [ 770506.155829702387564, 9961921.782767480239272 ], [ 770502.739052315824665, 9961947.735768366605043 ], [ 770500.685232622665353, 9961973.832021879032254 ], [ 770500.0, 9962000.0 ], [ 770500.685232622665353, 9962026.167978120967746 ], [ 770502.739052315824665, 9962052.264231633394957 ], [ 770506.155829702387564, 9962078.217232519760728 ], [ 770510.926199633046053, 9962103.955845408141613 ], [ 770517.03708685550373, 9962129.4095225520432 ], [ 770524.471741852466948, 9962154.508497187867761 ], [ 770533.209786751423962, 9962179.183974772691727 ], [ 770543.227271178737283, 9962203.368321537971497 ], [ 770554.496737905777991, 9962226.995249869301915 ], [ 770566.987298107822426, 9962250.0 ], [ 770580.664716027327813, 9962272.319517508149147 ], [ 770595.491502812481485, 9962293.892626145854592 ], [ 770611.427019271533936, 9962314.660195525735617 ], [ 770628.427587261307053, 9962334.565303178504109 ], [ 770646.446609406732023, 9962353.5533905941993 ], [ 770665.434696820564568, 9962371.572412738576531 ], [ 770685.339804475079291, 9962388.572980728000402 ], [ 770706.107373853796162, 9962404.508497187867761 ], [ 770727.68048249243293, 9962419.335283972322941 ], [ 770750.0, 9962433.012701891362667 ], [ 770773.004750130232424, 9962445.503262093290687 ], [ 770796.631678462144919, 9962456.772728821262717 ], [ 770820.816025227308273, 9962466.79021324776113 ], [ 770845.491502812481485, 9962475.528258146718144 ], [ 770870.590477448771708, 9962482.962913144379854 ], [ 770896.044154591159895, 9962489.07380036637187 ], [ 770921.782767479890026, 9962493.844170298427343 ], [ 770947.735768366139382, 9962497.260947683826089 ], [ 770973.832021878566593, 9962499.314767377451062 ], [ 771000.0, 9962500.0 ], [ 771026.167978121433407, 9962499.314767377451062 ], [ 771052.264231633860618, 9962497.260947683826089 ], [ 771078.217232520109974, 9962493.844170298427343 ], [ 771103.955845408840105, 9962489.07380036637187 ], [ 771129.409522551228292, 9962482.962913144379854 ], [ 771154.508497187518515, 9962475.528258146718144 ], [ 771179.183974772691727, 9962466.79021324776113 ], [ 771203.368321537855081, 9962456.772728821262717 ], [ 771226.995249869767576, 9962445.503262093290687 ], [ 771250.0, 9962433.012701891362667 ], [ 771272.31951750756707, 9962419.335283972322941 ], [ 771293.892626146203838, 9962404.508497187867761 ], [ 771314.660195524920709, 9962388.572980728000402 ], [ 771334.565303179435432, 9962371.572412738576531 ], [ 771353.553390593267977, 9962353.5533905941993 ], [ 771371.572412738692947, 9962334.565303178504109 ], [ 771388.572980728466064, 9962314.660195525735617 ], [ 771404.508497187518515, 9962293.892626145854592 ], [ 771419.335283972672187, 9962272.319517508149147 ], [ 771433.012701892177574, 9962250.0 ], [ 771445.503262094222009, 9962226.995249869301915 ], [ 771456.772728821262717, 9962203.368321537971497 ], [ 771466.790213248576038, 9962179.183974772691727 ], [ 771475.528258147533052, 9962154.508497187867761 ], [ 771482.96291314449627, 9962129.4095225520432 ], [ 771489.073800366953947, 9962103.955845408141613 ], [ 771493.844170297612436, 9962078.217232519760728 ], [ 771497.260947684175335, 9962052.264231633394957 ], [ 771499.314767377334647, 9962026.167978120967746 ], [ 771500.0, 9962000.0 ] ] ] } },
{ "type": "Feature", "properties": { "easting": 771000.0, "northing": 9963000.0, "id": "grid_E771000_N9963000", "retained": true }, "geometry": { "type": "Polygon", "coordinates": [ [ [ 771500.0, 9963000.0 ], [ 771499.314767377334647, 9962973.832021879032254 ], [ 771497.260947684175335, 9962947.735768366605043 ], [ 771493.844170297612436, 9962921.782767480239272 ], [ 771489.073800366953947, 9962896.044154591858387 ], [ 771482.96291314449627, 9962870.5904774479568 ], [ 771475.528258147533052, 9962845.491502812132239 ], [ 771466.790213248576038, 9962820.816025227308273 ], [ 771456.772728821262717, 9962796.631678462028503 ], [ 771445.503262094222009, 9962773.004750130698085 ], [ 771433.012701892177574, 9962750.0 ], [ 771419.335283972672187, 9962727.680482491850853 ], [ 771404.508497187518515, 9962706.107373854145408 ], [ 771388.572980728466064, 9962685.339804474264383 ], [ 771371.572412738692947, 9962665.434696821495891 ], [ 771353.553390593267977, 9962646.4466094058007 ], [ 771334.565303179435432, 9962628.427587261423469 ], [ 771314.660195524920709, 9962611.427019271999598 ], [ 771293.892626146203838, 9962595.491502812132239 ], [ 771272.31951750756707, 9962580.664716027677059 ], [ 771250.0, 9962566.987298108637333 ], [ 771226.995249869767576, 9962554.496737906709313 ], [ 771203.368321537855081, 9962543.227271178737283 ], [ 771179.183974772691727, 9962533.20978675223887 ], [ 771154.508497187518515, 9962524.471741853281856 ], [ 771129.409522551228292, 9962517.037086855620146 ], [ 771103.955845408840105, 9962510.92619963362813 ], [ 771078.217232520109974, 9962506.155829701572657 ], [ 771052.264231633860618, 9962502.739052316173911 ], [ 771026.167978121433407, 9962500.685232622548938 ], [ 771000.0, 9962500.0 ], [ 770973.832021878566593, 9962500.685232622548938 ], [ 770947.735768366139382, 9962502.739052316173911 ], [ 770921.782767479890026, 9962506.155829701572657 ], [ 770896.044154591159895, 9962510.92619963362813 ], [ 770870.590477448771708, 9962517.037086855620146 ], [ 770845.491502812481485, 9962524.471741853281856 ], [ 770820.816025227308273, 9962533.20978675223887 ], [ 770796.631678462144919, 9962543.227271178737283 ], [ 770773.004750130232424, 9962554.496737906709313 ], [ 770750.0, 9962566.987298108637333 ], [ 770727.68048249243293, 9962580.664716027677059 ], [ 770706.107373853796162, 9962595.491502812132239 ], [ 770685.339804475079291, 9962611.427019271999598 ], [ 770665.434696820564568, 9962628.427587261423469 ], [ 770646.446609406732023, 9962646.4466094058007 ], [ 770628.427587261307053, 9962665.434696821495891 ], [ 770611.427019271533936, 9962685.339804474264383 ], [ 770595.491502812481485, 9962706.107373854145408 ], [ 770580.664716027327813, 9962727.680482491850853 ], [ 770566.987298107822426, 9962750.0 ], [ 770554.496737905777991, 9962773.004750130698085 ], [ 770543.227271178737283, 9962796.631678462028503 ], [ 770533.209786751423962, 9962820.816025227308273 ], [ 770524.471741852466948, 9962845.491502812132239 ], [ 770517.03708685550373, 9962870.5904774479568 ], [ 770510.926199633046053, 9962896.044154591858387 ], [ 770506.155829702387564, 9962921.782767480239272 ], [ 770502.739052315824665, 9962947.735768366605043 ], [ 770500.685232622665353, 9962973.832021879032254 ], [ 770500.0, 9963000.0 ], [ 770500.685232622665353, 9963026.167978120967746 ], [ 770502.739052315824665, 9963052.264231633394957 ], [ 770506.155829702387564, 9963078.217232519760728 ], [ 770510.926199633046053, 9963103.955845408141613 ], [ 770517.03708685550373, 9963129.4095225520432 ], [ 770524.471741852466948, 9963154.508497187867761 ], [ 770533.209786751423962, 9963179.183974772691727 ], [ 770543.227271178737283, 9963203.368321537971497 ], [ 770554.496737905777991, 9963226.995249869301915 ], [ 770566.987298107822426, 9963250.0 ], [ 770580.664716027327813, 9963272.319517508149147 ], [ 770595.491502812481485, 9963293.892626145854592 ], [ 770611.427019271533936, 9963314.660195525735617 ], [ 770628.427587261307053, 9963334.565303178504109 ], [ 770646.446609406732023, 9963353.5533905941993 ], [ 770665.434696820564568, 9963371.572412738576531 ], [ 770685.339804475079291, 9963388.572980728000402 ], [ 770706.107373853796162, 9963404.508497187867761 ], [ 770727.68048249243293, 9963419.335283972322941 ], [ 770750.0, 9963433.012701891362667 ], [ 770773.004750130232424, 9963445.503262093290687 ], [ 770796.631678462144919, 9963456.772728821262717 ], [ 770820.816025227308273, 9963466.79021324776113 ], [ 770845.491502812481485, 9963475.528258146718144 ], [ 770870.590477448771708, 9963482.962913144379854 ], [ 770896.044154591159895, 9963489.07380036637187 ], [ 770921.782767479890026, 9963493.844170298427343 ], [ 770947.735768366139382, 9963497.260947683826089 ], [ 770973.832021878566593, 9963499.314767377451062 ], [ 771000.0, 9963500.0 ], [ 771026.167978121433407, 9963499.314767377451062 ], [ 771052.264231633860618, 9963497.260947683826089 ], [ 771078.217232520109974, 9963493.844170298427343 ], [ 771103.955845408840105, 9963489.07380036637187 ], [ 771129.409522551228292, 9963482.962913144379854 ], [ 771154.508497187518515, 9963475.528258146718144 ], [ 771179.183974772691727, 9963466.79021324776113 ], [ 771203.368321537855081, 9963456.772728821262717 ], [ 771226.995249869767576, 9963445.503262093290687 ], [ 771250.0, 9963433.012701891362667 ], [ 771272.31951750756707, 9963419.335283972322941 ], [ 771293.892626146203838, 9963404.508497187867761 ], [ 771314.660195524920709, 9963388.572980728000402 ], [ 771334.565303179435432, 9963371.572412738576531 ], [ 771353.553390593267977, 9963353.5533905941993 ], [ 771371.572412738692947, 9963334.565303178504109 ], [ 771388.572980728466064, 9963314.660195525735617 ], [ 771404.508497187518515, 9963293.892626145854592 ], [ 771419.335283972672187, 9963272.319517508149147 ], [ 771433.012701892177574, 9963250.0 ], [ 771445.503262094222009, 9963226.995249869301915 ], [ 771456.772728821262717, 9963203.368321537971497 ], [ 771466.790213248576038, 9963179.183974772691727 ], [ 771475.528258147533052, 9963154.508497187867761 ], [ 771482.96291314449627, 9963129.4095225520432 ], [ 771489.073800366953947, 9963103.955845408141613 ], [ 771493.844170297612436, 9963078.217232519760728 ], [ 771497.260947684175335, 9963052.264231633394957 ], [ 771499.314767377334647, 9963026.167978120967746 ], [ 771500.0, 9963000.0 ] ] ] } },
{ "type": "Feature", "properties": { "easting": 771000.0, "northing": 9964000.0, "id": "grid_E771000_N9964000", "retained": true }, "geometry": { "type": "Polygon", "coordinates": [ [ [ 771500.0, 9964000.0 ], [ 771499.314767377334647, 9963973.832021879032254 ], [ 771497.260947684175335, 9963947.735768366605043 ], [ 771493.844170297612436, 9963921.782767480239272 ], [ 771489.073800366953947, 9963896.044154591858387 ], [ 771482.96291314449627, 9963870.5904774479568 ], [ 771475.528258147533052, 9963845.491502812132239 ], [ 771466.790213248576038, 9963820.816025227308273 ], [ 771456.772728821262717, 9963796.631678462028503 ], [ 771445.503262094222009, 9963773.004750130698085 ], [ 771433.012701892177574, 9963750.0 ], [ 771419.335283972672187, 9963727.680482491850853 ], [ 771404.508497187518515, 9963706.107373854145408 ], [ 771388.572980728466064, 9963685.339804474264383 ], [ 771371.572412738692947, 9963665.434696821495891 ], [ 771353.553390593267977, 9963646.4466094058007 ], [ 771334.565303179435432, 9963628.427587261423469 ], [ 771314.660195524920709, 9963611.427019271999598 ], [ 771293.892626146203838, 9963595.491502812132239 ], [ 771272.31951750756707, 9963580.664716027677059 ], [ 771250.0, 9963566.987298108637333 ], [ 771226.995249869767576, 9963554.496737906709313 ], [ 771203.368321537855081, 9963543.227271178737283 ], [ 771179.183974772691727, 9963533.20978675223887 ], [ 771154.508497187518515, 9963524.471741853281856 ], [ 771129.409522551228292, 9963517.037086855620146 ], [ 771103.955845408840105, 9963510.92619963362813 ], [ 771078.217232520109974, 9963506.155829701572657 ], [ 771052.264231633860618, 9963502.739052316173911 ], [ 771026.167978121433407, 9963500.685232622548938 ], [ 771000.0, 9963500.0 ], [ 770973.832021878566593, 9963500.685232622548938 ], [ 770947.735768366139382, 9963502.739052316173911 ], [ 770921.782767479890026, 9963506.155829701572657 ], [ 770896.044154591159895, 9963510.92619963362813 ], [ 770870.590477448771708, 9963517.037086855620146 ], [ 770845.491502812481485, 9963524.471741853281856 ], [ 770820.816025227308273, 9963533.20978675223887 ], [ 770796.631678462144919, 9963543.227271178737283 ], [ 770773.004750130232424, 9963554.496737906709313 ], [ 770750.0, 9963566.987298108637333 ], [ 770727.68048249243293, 9963580.664716027677059 ], [ 770706.107373853796162, 9963595.491502812132239 ], [ 770685.339804475079291, 9963611.427019271999598 ], [ 770665.434696820564568, 9963628.427587261423469 ], [ 770646.446609406732023, 9963646.4466094058007 ], [ 770628.427587261307053, 9963665.434696821495891 ], [ 770611.427019271533936, 9963685.339804474264383 ], [ 770595.491502812481485, 9963706.107373854145408 ], [ 770580.664716027327813, 9963727.680482491850853 ], [ 770566.987298107822426, 9963750.0 ], [ 770554.496737905777991, 9963773.004750130698085 ], [ 770543.227271178737283, 9963796.631678462028503 ], [ 770533.209786751423962, 9963820.816025227308273 ], [ 770524.471741852466948, 9963845.491502812132239 ], [ 770517.03708685550373, 9963870.5904774479568 ], [ 770510.926199633046053, 9963896.044154591858387 ], [ 770506.155829702387564, 9963921.782767480239272 ], [ 770502.739052315824665, 9963947.735768366605043 ], [ 770500.685232622665353, 9963973.832021879032254 ], [ 770500.0, 9964000.0 ], [ 770500.685232622665353, 9964026.167978120967746 ], [ 770502.739052315824665, 9964052.264231633394957 ], [ 770506.155829702387564, 9964078.217232519760728 ], [ 770510.926199633046053, 9964103.955845408141613 ], [ 770517.03708685550373, 9964129.4095225520432 ], [ 770524.471741852466948, 9964154.508497187867761 ], [ 770533.209786751423962, 9964179.183974772691727 ], [ 770543.227271178737283, 9964203.368321537971497 ], [ 770554.496737905777991, 9964226.995249869301915 ], [ 770566.987298107822426, 9964250.0 ], [ 770580.664716027327813, 9964272.319517508149147 ], [ 770595.491502812481485, 9964293.892626145854592 ], [ 770611.427019271533936, 9964314.660195525735617 ], [ 770628.427587261307053, 9964334.565303178504109 ], [ 770646.446609406732023, 9964353.5533905941993 ], [ 770665.434696820564568, 9964371.572412738576531 ], [ 770685.339804475079291, 9964388.572980728000402 ], [ 770706.107373853796162, 9964404.508497187867761 ], [ 770727.68048249243293, 9964419.335283972322941 ], [ 770750.0, 9964433.012701891362667 ], [ 770773.004750130232424, 9964445.503262093290687 ], [ 770796.631678462144919, 9964456.772728821262717 ], [ 770820.816025227308273, 9964466.79021324776113 ], [ 770845.491502812481485, 9964475.528258146718144 ], [ 770870.590477448771708, 9964482.962913144379854 ], [ 770896.044154591159895, 9964489.07380036637187 ], [ 770921.782767479890026, 9964493.844170298427343 ], [ 770947.735768366139382, 9964497.260947683826089 ], [ 770973.832021878566593, 9964499.314767377451062 ], [ 771000.0, 9964500.0 ], [ 771026.167978121433407, 9964499.314767377451062 ], [ 771052.264231633860618, 9964497.260947683826089 ], [ 771078.217232520109974, 9964493.844170298427343 ], [ 771103.955845408840105, 9964489.07380036637187 ], [ 771129.409522551228292, 9964482.962913144379854 ], [ 771154.508497187518515, 9964475.528258146718144 ], [ 771179.183974772691727, 9964466.79021324776113 ], [ 771203.368321537855081, 9964456.772728821262717 ], [ 771226.995249869767576, 9964445.503262093290687 ], [ 771250.0, 9964433.012701891362667 ], [ 771272.31951750756707, 9964419.335283972322941 ], [ 771293.892626146203838, 9964404.508497187867761 ], [ 771314.660195524920709, 9964388.572980728000402 ], [ 771334.565303179435432, 9964371.572412738576531 ], [ 771353.553390593267977, 9964353.5533905941993 ], [ 771371.572412738692947, 9964334.565303178504109 ], [ 771388.572980728466064, 9964314.660195525735617 ], [ 771404.508497187518515, 9964293.892626145854592 ], [ 771419.335283972672187, 9964272.319517508149147 ], [ 771433.012701892177574, 9964250.0 ], [ 771445.503262094222009, 9964226.995249869301915 ], [ 771456.772728821262717, 9964203.368321537971497 ], [ 771466.790213248576038, 9964179.183974772691727 ], [ 771475.528258147533052, 9964154.508497187867761 ], [ 771482.96291314449627, 9964129.4095225520432 ], [ 771489.073800366953947, 9964103.955845408141613 ], [ 771493.844170297612436, 9964078.217232519760728 ], [ 771497.260947684175335, 9964052.264231633394957 ], [ 771499.314767377334647, 9964026.167978120967746 ], [ 771500.0, 9964000.0 ] ] ] } },
{ "type": "Feature", "properties": { "easting": 771000.0, "northing": 9965000.0, "id": "grid_E771000_N9965000", "retained": true }, "geometry": { "type": "Polygon", "coordinates": [ [ [ 771500.0, 9965000.0 ], [ 771499.314767377334647, 9964973.832021879032254 ], [ 771497.260947684175335, 9964947.735768366605043 ], [ 771493.844170297612436, 9964921.782767480239272 ], [ 771489.073800366953947, 9964896.044154591858387 ], [ 771482.96291314449627, 9964870.5904774479568 ], [ 771475.528258147533052, 9964845.491502812132239 ], [ 771466.790213248576038, 9964820.816025227308273 ], [ 771456.772728821262717, 9964796.631678462028503 ], [ 771445.503262094222009, 9964773.004750130698085 ], [ 771433.012701892177574, 9964750.0 ], [ 771419.335283972672187, 9964727.680482491850853 ], [ 771404.508497187518515, 9964706.107373854145408 ], [ 771388.572980728466064, 9964685.339804474264383 ], [ 771371.572412738692947, 9964665.434696821495891 ], [ 771353.553390593267977, 9964646.4466094058007 ], [ 771334.565303179435432, 9964628.427587261423469 ], [ 771314.660195524920709, 9964611.427019271999598 ], [ 771293.892626146203838, 9964595.491502812132239 ], [ 771272.31951750756707, 9964580.664716027677059 ], [ 771250.0, 9964566.987298108637333 ], [ 771226.995249869767576, 9964554.496737906709313 ], [ 771203.368321537855081, 9964543.227271178737283 ], [ 771179.183974772691727, 9964533.20978675223887 ], [ 771154.508497187518515, 9964524.471741853281856 ], [ 771129.409522551228292, 9964517.037086855620146 ], [ 771103.955845408840105, 9964510.92619963362813 ], [ 771078.217232520109974, 9964506.155829701572657 ], [ 771052.264231633860618, 9964502.739052316173911 ], [ 771026.167978121433407, 9964500.685232622548938 ], [ 771000.0, 9964500.0 ], [ 770973.832021878566593, 9964500.685232622548938 ], [ 770947.735768366139382, 9964502.739052316173911 ], [ 770921.782767479890026, 9964506.155829701572657 ], [ 770896.044154591159895, 9964510.92619963362813 ], [ 770870.590477448771708, 9964517.037086855620146 ], [ 770845.491502812481485, 9964524.471741853281856 ], [ 770820.816025227308273, 9964533.20978675223887 ], [ 770796.631678462144919, 9964543.227271178737283 ], [ 770773.004750130232424, 9964554.496737906709313 ], [ 770750.0, 9964566.987298108637333 ], [ 770727.68048249243293, 9964580.664716027677059 ], [ 770706.107373853796162, 9964595.491502812132239 ], [ 770685.339804475079291, 9964611.427019271999598 ], [ 770665.434696820564568, 9964628.427587261423469 ], [ 770646.446609406732023, 9964646.4466094058007 ], [ 770628.427587261307053, 9964665.434696821495891 ], [ 770611.427019271533936, 9964685.339804474264383 ], [ 770595.491502812481485, 9964706.107373854145408 ], [ 770580.664716027327813, 9964727.680482491850853 ], [ 770566.987298107822426, 9964750.0 ], [ 770554.496737905777991, 9964773.004750130698085 ], [ 770543.227271178737283, 9964796.631678462028503 ], [ 770533.209786751423962, 9964820.816025227308273 ], [ 770524.471741852466948, 9964845.491502812132239 ], [ 770517.03708685550373, 9964870.5904774479568 ], [ 770510.926199633046053, 9964896.044154591858387 ], [ 770506.155829702387564, 9964921.782767480239272 ], [ 770502.739052315824665, 9964947.735768366605043 ], [ 770500.685232622665353, 9964973.832021879032254 ], [ 770500.0, 9965000.0 ], [ 770500.685232622665353, 9965026.167978120967746 ], [ 770502.739052315824665, 9965052.264231633394957 ], [ 770506.155829702387564, 9965078.217232519760728 ], [ 770510.926199633046053, 9965103.955845408141613 ], [ 770517.03708685550373, 9965129.4095225520432 ], [ 770524.471741852466948, 9965154.508497187867761 ], [ 770533.209786751423962, 9965179.183974772691727 ], [ 770543.227271178737283, 9965203.368321537971497 ], [ 770554.496737905777991, 9965226.995249869301915 ], [ 770566.987298107822426, 9965250.0 ], [ 770580.664716027327813, 9965272.319517508149147 ], [ 770595.491502812481485, 9965293.892626145854592 ], [ 770611.427019271533936, 9965314.660195525735617 ], [ 770628.427587261307053, 9965334.565303178504109 ], [ 770646.446609406732023, 9965353.5533905941993 ], [ 770665.434696820564568, 9965371.572412738576531 ], [ 770685.339804475079291, 9965388.572980728000402 ], [ 770706.107373853796162, 9965404.508497187867761 ], [ 770727.68048249243293, 9965419.335283972322941 ], [ 770750.0, 9965433.012701891362667 ], [ 770773.004750130232424, 9965445.503262093290687 ], [ 770796.631678462144919, 9965456.772728821262717 ], [ 770820.816025227308273, 9965466.79021324776113 ], [ 770845.491502812481485, 9965475.528258146718144 ], [ 770870.590477448771708, 9965482.962913144379854 ], [ 770896.044154591159895, 9965489.07380036637187 ], [ 770921.782767479890026, 9965493.844170298427343 ], [ 770947.735768366139382, 9965497.260947683826089 ], [ 770973.832021878566593, 9965499.314767377451062 ], [ 771000.0, 9965500.0 ], [ 771026.167978121433407, 9965499.314767377451062 ], [ 771052.264231633860618, 9965497.260947683826089 ], [ 771078.217232520109974, 9965493.844170298427343 ], [ 771103.955845408840105, 9965489.07380036637187 ], [ 771129.409522551228292, 9965482.962913144379854 ], [ 771154.508497187518515, 9965475.528258146718144 ], [ 771179.183974772691727, 9965466.79021324776113 ], [ 771203.368321537855081, 9965456.772728821262717 ], [ 771226.995249869767576, 9965445.503262093290687 ], [ 771250.0, 9965433.012701891362667 ], [ 771272.31951750756707, 9965419.335283972322941 ], [ 771293.892626146203838, 9965404.508497187867761 ], [ 771314.660195524920709, 9965388.572980728000402 ], [ 771334.565303179435432, 9965371.572412738576531 ], [ 771353.553390593267977, 9965353.5533905941993 ], [ 771371.572412738692947, 9965334.565303178504109 ], [ 771388.572980728466064, 9965314.660195525735617 ], [ 771404.508497187518515, 9965293.892626145854592 ], [ 771419.335283972672187, 9965272.319517508149147 ], [ 771433.012701892177574, 9965250.0 ], [ 771445.503262094222009, 9965226.995249869301915 ], [ 771456.772728821262717, 9965203.368321537971497 ], [ 771466.790213248576038, 9965179.183974772691727 ], [ 771475.528258147533052, 9965154.508497187867761 ], [ 771482.96291314449627, 9965129.4095225520432 ], [ 771489.073800366953947, 9965103.955845408141613 ], [ 771493.844170297612436, 9965078.217232519760728 ], [ 771497.260947684175335, 9965052.264231633394957 ], [ 771499.314767377334647, 9965026.167978120967746 ], [ 771500.0, 9965000.0 ] ] ] } },
{ "type": "Feature", "properties": { "easting": 771000.0, "northing": 9966000.0, "id": "grid_E771000_N9966000", "retained": true }, "geometry": { "type": "Polygon", "coordinates": [ [ [ 771500.0, 9966000.0 ], [ 771499.314767377334647, 9965973.832021879032254 ], [ 771497.260947684175335, 9965947.735768366605043 ], [ 771493.844170297612436, 9965921.782767480239272 ], [ 771489.073800366953947, 9965896.044154591858387 ], [ 771482.96291314449627, 9965870.5904774479568 ], [ 771475.528258147533052, 9965845.491502812132239 ], [ 771466.790213248576038, 9965820.816025227308273 ], [ 771456.772728821262717, 9965796.631678462028503 ], [ 771445.503262094222009, 9965773.004750130698085 ], [ 771433.012701892177574, 9965750.0 ], [ 771419.335283972672187, 9965727.680482491850853 ], [ 771404.508497187518515, 9965706.107373854145408 ], [ 771388.572980728466064, 9965685.339804474264383 ], [ 771371.572412738692947, 9965665.434696821495891 ], [ 771353.553390593267977, 9965646.4466094058007 ], [ 771334.565303179435432, 9965628.427587261423469 ], [ 771314.660195524920709, 9965611.427019271999598 ], [ 771293.892626146203838, 9965595.491502812132239 ], [ 771272.31951750756707, 9965580.664716027677059 ], [ 771250.0, 9965566.987298108637333 ], [ 771226.995249869767576, 9965554.496737906709313 ], [ 771203.368321537855081, 9965543.227271178737283 ], [ 771179.183974772691727, 9965533.20978675223887 ], [ 771154.508497187518515, 9965524.471741853281856 ], [ 771129.409522551228292, 9965517.037086855620146 ], [ 771103.955845408840105, 9965510.92619963362813 ], [ 771078.217232520109974, 9965506.155829701572657 ], [ 771052.264231633860618, 9965502.739052316173911 ], [ 771026.167978121433407, 9965500.685232622548938 ], [ 771000.0, 9965500.0 ], [ 770973.832021878566593, 9965500.685232622548938 ], [ 770947.735768366139382, 9965502.739052316173911 ], [ 770921.782767479890026, 9965506.155829701572657 ], [ 770896.044154591159895, 9965510.92619963362813 ], [ 770870.590477448771708, 9965517.037086855620146 ], [ 770845.491502812481485, 9965524.471741853281856 ], [ 770820.816025227308273, 9965533.20978675223887 ], [ 770796.631678462144919, 9965543.227271178737283 ], [ 770773.004750130232424, 9965554.496737906709313 ], [ 770750.0, 9965566.987298108637333 ], [ 770727.68048249243293, 9965580.664716027677059 ], [ 770706.107373853796162, 9965595.491502812132239 ], [ 770685.339804475079291, 9965611.427019271999598 ], [ 770665.434696820564568, 9965628.427587261423469 ], [ 770646.446609406732023, 9965646.4466094058007 ], [ 770628.427587261307053, 9965665.434696821495891 ], [ 770611.427019271533936, 9965685.339804474264383 ], [ 770595.491502812481485, 9965706.107373854145408 ], [ 770580.664716027327813, 9965727.680482491850853 ], [ 770566.987298107822426, 9965750.0 ], [ 770554.496737905777991, 9965773.004750130698085 ], [ 770543.227271178737283, 9965796.631678462028503 ], [ 770533.209786751423962, 9965820.816025227308273 ], [ 770524.471741852466948, 9965845.491502812132239 ], [ 770517.03708685550373, 9965870.5904774479568 ], [ 770510.926199633046053, 9965896.044154591858387 ], [ 770506.155829702387564, 9965921.782767480239272 ], [ 770502.739052315824665, 9965947.735768366605043 ], [ 770500.685232622665353, 9965973.832021879032254 ], [ 770500.0, 9966000.0 ], [ 770500.685232622665353, 9966026.167978120967746 ], [ 770502.739052315824665, 9966052.264231633394957 ], [ 770506.155829702387564, 9966078.217232519760728 ], [ 770510.926199633046053, 9966103.955845408141613 ], [ 770517.03708685550373, 9966129.4095225520432 ], [ 770524.471741852466948, 9966154.508497187867761 ], [ 770533.209786751423962, 9966179.183974772691727 ], [ 770543.227271178737283, 9966203.368321537971497 ], [ 770554.496737905777991, 9966226.995249869301915 ], [ 770566.987298107822426, 9966250.0 ], [ 770580.664716027327813, 9966272.319517508149147 ], [ 770595.491502812481485, 9966293.892626145854592 ], [ 770611.427019271533936, 9966314.660195525735617 ], [ 770628.427587261307053, 9966334.565303178504109 ], [ 770646.446609406732023, 9966353.5533905941993 ], [ 770665.434696820564568, 9966371.572412738576531 ], [ 770685.339804475079291, 9966388.572980728000402 ], [ 770706.107373853796162, 9966404.508497187867761 ], [ 770727.68048249243293, 9966419.335283972322941 ], [ 770750.0, 9966433.012701891362667 ], [ 770773.004750130232424, 9966445.503262093290687 ], [ 770796.631678462144919, 9966456.772728821262717 ], [ 770820.816025227308273, 9966466.79021324776113 ], [ 770845.491502812481485, 9966475.528258146718144 ], [ 770870.590477448771708, 9966482.962913144379854 ], [ 770896.044154591159895, 9966489.07380036637187 ], [ 770921.782767479890026, 9966493.844170298427343 ], [ 770947.735768366139382, 9966497.260947683826089 ], [ 770973.832021878566593, 9966499.314767377451062 ], [ 771000.0, 9966500.0 ], [ 771026.167978121433407, 9966499.314767377451062 ], [ 771052.264231633860618, 9966497.260947683826089 ], [ 771078.217232520109974, 9966493.844170298427343 ], [ 771103.955845408840105, 9966489.07380036637187 ], [ 771129.409522551228292, 9966482.962913144379854 ], [ 771154.508497187518515, 9966475.528258146718144 ], [ 771179.183974772691727, 9966466.79021324776113 ], [ 771203.368321537855081, 9966456.772728821262717 ], [ 771226.995249869767576, 9966445.503262093290687 ], [ 771250.0, 9966433.012701891362667 ], [ 771272.31951750756707, 9966419.335283972322941 ], [ 771293.892626146203838, 9966404.508497187867761 ], [ 771314.660195524920709, 9966388.572980728000402 ], [ 771334.565303179435432, 9966371.572412738576531 ], [ 771353.553390593267977, 9966353.5533905941993 ], [ 771371.572412738692947, 9966334.565303178504109 ], [ 771388.572980728466064, 9966314.660195525735617 ], [ 771404.508497187518515, 9966293.892626145854592 ], [ 771419.335283972672187, 9966272.319517508149147 ], [ 771433.012701892177574, 9966250.0 ], [ 771445.503262094222009, 9966226.995249869301915 ], [ 771456.772728821262717, 9966203.368321537971497 ], [ 771466.790213248576038, 9966179.183974772691727 ], [ 771475.528258147533052, 9966154.508497187867761 ], [ 771482.96291314449627, 9966129.4095225520432 ], [ 771489.073800366953947, 9966103.955845408141613 ], [ 771493.844170297612436, 9966078.217232519760728 ], [ 771497.260947684175335, 9966052.264231633394957 ], [ 771499.314767377334647, 9966026.167978120967746 ], [ 771500.0, 9966000.0 ] ] ] } },
{ "type": "Feature", "properties": { "easting": 771000.0, "northing": 9969000.0, "id": "grid_E771000_N9969000", "retained": true }, "geometry": { "type": "Polygon", "coordinates": [ [ [ 771500.0, 9969000.0 ], [ 771499.314767377334647, 9968973.832021879032254 ], [ 771497.260947684175335, 9968947.735768366605043 ], [ 771493.844170297612436, 9968921.782767480239272 ], [ 771489.073800366953947, 9968896.044154591858387 ], [ 771482.96291314449627, 9968870.5904774479568 ], [ 771475.528258147533052, 9968845.491502812132239 ], [ 771466.790213248576038, 9968820.816025227308273 ], [ 771456.772728821262717, 9968796.631678462028503 ], [ 771445.503262094222009, 9968773.004750130698085 ], [ 771433.012701892177574, 9968750.0 ], [ 771419.335283972672187, 9968727.680482491850853 ], [ 771404.508497187518515, 9968706.107373854145408 ], [ 771388.572980728466064, 9968685.339804474264383 ], [ 771371.572412738692947, 9968665.434696821495891 ], [ 771353.553390593267977, 9968646.4466094058007 ], [ 771334.565303179435432, 9968628.427587261423469 ], [ 771314.660195524920709, 9968611.427019271999598 ], [ 771293.892626146203838, 9968595.491502812132239 ], [ 771272.31951750756707, 9968580.664716027677059 ], [ 771250.0, 9968566.987298108637333 ], [ 771226.995249869767576, 9968554.496737906709313 ], [ 771203.368321537855081, 9968543.227271178737283 ], [ 771179.183974772691727, 9968533.20978675223887 ], [ 771154.508497187518515, 9968524.471741853281856 ], [ 771129.409522551228292, 9968517.037086855620146 ], [ 771103.955845408840105, 9968510.92619963362813 ], [ 771078.217232520109974, 9968506.155829701572657 ], [ 771052.264231633860618, 9968502.739052316173911 ], [ 771026.167978121433407, 9968500.685232622548938 ], [ 771000.0, 9968500.0 ], [ 770973.832021878566593, 9968500.685232622548938 ], [ 770947.735768366139382, 9968502.739052316173911 ], [ 770921.782767479890026, 9968506.155829701572657 ], [ 770896.044154591159895, 9968510.92619963362813 ], [ 770870.590477448771708, 9968517.037086855620146 ], [ 770845.491502812481485, 9968524.471741853281856 ], [ 770820.816025227308273, 9968533.20978675223887 ], [ 770796.631678462144919, 9968543.227271178737283 ], [ 770773.004750130232424, 9968554.496737906709313 ], [ 770750.0, 9968566.987298108637333 ], [ 770727.68048249243293, 9968580.664716027677059 ], [ 770706.107373853796162, 9968595.491502812132239 ], [ 770685.339804475079291, 9968611.427019271999598 ], [ 770665.434696820564568, 9968628.427587261423469 ], [ 770646.446609406732023, 9968646.4466094058007 ], [ 770628.427587261307053, 9968665.434696821495891 ], [ 770611.427019271533936, 9968685.339804474264383 ], [ 770595.491502812481485, 9968706.107373854145408 ], [ 770580.664716027327813, 9968727.680482491850853 ], [ 770566.987298107822426, 9968750.0 ], [ 770554.496737905777991, 9968773.004750130698085 ], [ 770543.227271178737283, 9968796.631678462028503 ], [ 770533.209786751423962, 9968820.816025227308273 ], [ 770524.471741852466948, 9968845.491502812132239 ], [ 770517.03708685550373, 9968870.5904774479568 ], [ 770510.926199633046053, 9968896.044154591858387 ], [ 770506.155829702387564, 9968921.782767480239272 ], [ 770502.739052315824665, 9968947.735768366605043 ], [ 770500.685232622665353, 9968973.832021879032254 ], [ 770500.0, 9969000.0 ], [ 770500.685232622665353, 9969026.167978120967746 ], [ 770502.739052315824665, 9969052.264231633394957 ], [ 770506.155829702387564, 9969078.217232519760728 ], [ 770510.926199633046053, 9969103.955845408141613 ], [ 770517.03708685550373, 9969129.4095225520432 ], [ 770524.471741852466948, 9969154.508497187867761 ], [ 770533.209786751423962, 9969179.183974772691727 ], [ 770543.227271178737283, 9969203.368321537971497 ], [ 770554.496737905777991, 9969226.995249869301915 ], [ 770566.987298107822426, 9969250.0 ], [ 770580.664716027327813, 9969272.319517508149147 ], [ 770595.491502812481485, 9969293.892626145854592 ], [ 770611.427019271533936, 9969314.660195525735617 ], [ 770628.427587261307053, 9969334.565303178504109 ], [ 770646.446609406732023, 9969353.5533905941993 ], [ 770665.434696820564568, 9969371.572412738576531 ], [ 770685.339804475079291, 9969388.572980728000402 ], [ 770706.107373853796162, 9969404.508497187867761 ], [ 770727.68048249243293, 9969419.335283972322941 ], [ 770750.0, 9969433.012701891362667 ], [ 770773.004750130232424, 9969445.503262093290687 ], [ 770796.631678462144919, 9969456.772728821262717 ], [ 770820.816025227308273, 9969466.79021324776113 ], [ 770845.491502812481485, 9969475.528258146718144 ], [ 770870.590477448771708, 9969482.962913144379854 ], [ 770896.044154591159895, 9969489.07380036637187 ], [ 770921.782767479890026, 9969493.844170298427343 ], [ 770947.735768366139382, 9969497.260947683826089 ], [ 770973.832021878566593, 9969499.314767377451062 ], [ 771000.0, 9969500.0 ], [ 771026.167978121433407, 9969499.314767377451062 ], [ 771052.264231633860618, 9969497.260947683826089 ], [ 771078.217232520109974, 9969493.844170298427343 ], [ 771103.955845408840105, 9969489.07380036637187 ], [ 771129.409522551228292, 9969482.962913144379854 ], [ 771154.508497187518515, 9969475.528258146718144 ], [ 771179.183974772691727, 9969466.79021324776113 ], [ 771203.368321537855081, 9969456.772728821262717 ], [ 771226.995249869767576, 9969445.503262093290687 ], [ 771250.0, 9969433.012701891362667 ], [ 771272.31951750756707, 9969419.335283972322941 ], [ 771293.892626146203838, 9969404.508497187867761 ], [ 771314.660195524920709, 9969388.572980728000402 ], [ 771334.565303179435432, 9969371.572412738576531 ], [ 771353.553390593267977, 9969353.5533905941993 ], [ 771371.572412738692947, 9969334.565303178504109 ], [ 771388.572980728466064, 9969314.660195525735617 ], [ 771404.508497187518515, 9969293.892626145854592 ], [ 771419.335283972672187, 9969272.319517508149147 ], [ 771433.012701892177574, 9969250.0 ], [ 771445.503262094222009, 9969226.995249869301915 ], [ 771456.772728821262717, 9969203.368321537971497 ], [ 771466.790213248576038, 9969179.183974772691727 ], [ 771475.528258147533052, 9969154.508497187867761 ], [ 771482.96291314449627, 9969129.4095225520432 ], [ 771489.073800366953947, 9969103.955845408141613 ], [ 771493.844170297612436, 9969078.217232519760728 ], [ 771497.260947684175335, 9969052.264231633394957 ], [ 771499.314767377334647, 9969026.167978120967746 ], [ 771500.0, 9969000.0 ] ] ] } },
{ "type": "Feature", "properties": { "easting": 771000.0, "northing": 9970000.0, "id": "grid_E771000_N9970000", "retained": true }, "geometry": { "type": "Polygon", "coordinates": [ [ [ 771500.0, 9970000.0 ], [ 771499.314767377334647, 9969973.832021879032254 ], [ 771497.260947684175335, 9969947.735768366605043 ], [ 771493.844170297612436, 9969921.782767480239272 ], [ 771489.073800366953947, 9969896.044154591858387 ], [ 771482.96291314449627, 9969870.5904774479568 ], [ 771475.528258147533052, 9969845.491502812132239 ], [ 771466.790213248576038, 9969820.816025227308273 ], [ 771456.772728821262717, 9969796.631678462028503 ], [ 771445.503262094222009, 9969773.004750130698085 ], [ 771433.012701892177574, 9969750.0 ], [ 771419.335283972672187, 9969727.680482491850853 ], [ 771404.508497187518515, 9969706.107373854145408 ], [ 771388.572980728466064, 9969685.339804474264383 ], [ 771371.572412738692947, 9969665.434696821495891 ], [ 771353.553390593267977, 9969646.4466094058007 ], [ 771334.565303179435432, 9969628.427587261423469 ], [ 771314.660195524920709, 9969611.427019271999598 ], [ 771293.892626146203838, 9969595.491502812132239 ], [ 771272.31951750756707, 9969580.664716027677059 ], [ 771250.0, 9969566.987298108637333 ], [ 771226.995249869767576, 9969554.496737906709313 ], [ 771203.368321537855081, 9969543.227271178737283 ], [ 771179.183974772691727, 9969533.20978675223887 ], [ 771154.508497187518515, 9969524.471741853281856 ], [ 771129.409522551228292, 9969517.037086855620146 ], [ 771103.955845408840105, 9969510.92619963362813 ], [ 771078.217232520109974, 9969506.155829701572657 ], [ 771052.264231633860618, 9969502.739052316173911 ], [ 771026.167978121433407, 9969500.685232622548938 ], [ 771000.0, 9969500.0 ], [ 770973.832021878566593, 9969500.685232622548938 ], [ 770947.735768366139382, 9969502.739052316173911 ], [ 770921.782767479890026, 9969506.155829701572657 ], [ 770896.044154591159895, 9969510.92619963362813 ], [ 770870.590477448771708, 9969517.037086855620146 ], [ 770845.491502812481485, 9969524.471741853281856 ], [ 770820.816025227308273, 9969533.20978675223887 ], [ 770796.631678462144919, 9969543.227271178737283 ], [ 770773.004750130232424, 9969554.496737906709313 ], [ 770750.0, 9969566.987298108637333 ], [ 770727.68048249243293, 9969580.664716027677059 ], [ 770706.107373853796162, 9969595.491502812132239 ], [ 770685.339804475079291, 9969611.427019271999598 ], [ 770665.434696820564568, 9969628.427587261423469 ], [ 770646.446609406732023, 9969646.4466094058007 ], [ 770628.427587261307053, 9969665.434696821495891 ], [ 770611.427019271533936, 9969685.339804474264383 ], [ 770595.491502812481485, 9969706.107373854145408 ], [ 770580.664716027327813, 9969727.680482491850853 ], [ 770566.987298107822426, 9969750.0 ], [ 770554.496737905777991, 9969773.004750130698085 ], [ 770543.227271178737283, 9969796.631678462028503 ], [ 770533.209786751423962, 9969820.816025227308273 ], [ 770524.471741852466948, 9969845.491502812132239 ], [ 770517.03708685550373, 9969870.5904774479568 ], [ 770510.926199633046053, 9969896.044154591858387 ], [ 770506.155829702387564, 9969921.782767480239272 ], [ 770502.739052315824665, 9969947.735768366605043 ], [ 770500.685232622665353, 9969973.832021879032254 ], [ 770500.0, 9970000.0 ], [ 770500.685232622665353, 9970026.167978120967746 ], [ 770502.739052315824665, 9970052.264231633394957 ], [ 770506.155829702387564, 9970078.217232519760728 ], [ 770510.926199633046053, 9970103.955845408141613 ], [ 770517.03708685550373, 9970129.4095225520432 ], [ 770524.471741852466948, 9970154.508497187867761 ], [ 770533.209786751423962, 9970179.183974772691727 ], [ 770543.227271178737283, 9970203.368321537971497 ], [ 770554.496737905777991, 9970226.995249869301915 ], [ 770566.987298107822426, 9970250.0 ], [ 770580.664716027327813, 9970272.319517508149147 ], [ 770595.491502812481485, 9970293.892626145854592 ], [ 770611.427019271533936, 9970314.660195525735617 ], [ 770628.427587261307053, 9970334.565303178504109 ], [ 770646.446609406732023, 9970353.5533905941993 ], [ 770665.434696820564568, 9970371.572412738576531 ], [ 770685.339804475079291, 9970388.572980728000402 ], [ 770706.107373853796162, 9970404.508497187867761 ], [ 770727.68048249243293, 9970419.335283972322941 ], [ 770750.0, 9970433.012701891362667 ], [ 770773.004750130232424, 9970445.503262093290687 ], [ 770796.631678462144919, 9970456.772728821262717 ], [ 770820.816025227308273, 9970466.79021324776113 ], [ 770845.491502812481485, 9970475.528258146718144 ], [ 770870.590477448771708, 9970482.962913144379854 ], [ 770896.044154591159895, 9970489.07380036637187 ], [ 770921.782767479890026, 9970493.844170298427343 ], [ 770947.735768366139382, 9970497.260947683826089 ], [ 770973.832021878566593, 9970499.314767377451062 ], [ 771000.0, 9970500.0 ], [ 771026.167978121433407, 9970499.314767377451062 ], [ 771052.264231633860618, 9970497.260947683826089 ], [ 771078.217232520109974, 9970493.844170298427343 ], [ 771103.955845408840105, 9970489.07380036637187 ], [ 771129.409522551228292, 9970482.962913144379854 ], [ 771154.508497187518515, 9970475.528258146718144 ], [ 771179.183974772691727, 9970466.79021324776113 ], [ 771203.368321537855081, 9970456.772728821262717 ], [ 771226.995249869767576, 9970445.503262093290687 ], [ 771250.0, 9970433.012701891362667 ], [ 771272.31951750756707, 9970419.335283972322941 ], [ 771293.892626146203838, 9970404.508497187867761 ], [ 771314.660195524920709, 9970388.572980728000402 ], [ 771334.565303179435432, 9970371.572412738576531 ], [ 771353.553390593267977, 9970353.5533905941993 ], [ 771371.572412738692947, 9970334.565303178504109 ], [ 771388.572980728466064, 9970314.660195525735617 ], [ 771404.508497187518515, 9970293.892626145854592 ], [ 771419.335283972672187, 9970272.319517508149147 ], [ 771433.012701892177574, 9970250.0 ], [ 771445.503262094222009, 9970226.995249869301915 ], [ 771456.772728821262717, 9970203.368321537971497 ], [ 771466.790213248576038, 9970179.183974772691727 ], [ 771475.528258147533052, 9970154.508497187867761 ], [ 771482.96291314449627, 9970129.4095225520432 ], [ 771489.073800366953947, 9970103.955845408141613 ], [ 771493.844170297612436, 9970078.217232519760728 ], [ 771497.260947684175335, 9970052.264231633394957 ], [ 771499.314767377334647, 9970026.167978120967746 ], [ 771500.0, 9970000.0 ] ] ] } },
{ "type": "Feature", "properties": { "easting": 772000.0, "northing": 9971000.0, "id": "grid_E772000_N9971000", "retained": true }, "geometry": { "type": "Polygon", "coordinates": [ [ [ 772500.0, 9971000.0 ], [ 772499.314767377334647, 9970973.832021879032254 ], [ 772497.260947684175335, 9970947.735768366605043 ], [ 772493.844170297612436, 9970921.782767480239272 ], [ 772489.073800366953947, 9970896.044154591858387 ], [ 772482.96291314449627, 9970870.5904774479568 ], [ 772475.528258147533052, 9970845.491502812132239 ], [ 772466.790213248576038, 9970820.816025227308273 ], [ 772456.772728821262717, 9970796.631678462028503 ], [ 772445.503262094222009, 9970773.004750130698085 ], [ 772433.012701892177574, 9970750.0 ], [ 772419.335283972672187, 9970727.680482491850853 ], [ 772404.508497187518515, 9970706.107373854145408 ], [ 772388.572980728466064, 9970685.339804474264383 ], [ 772371.572412738692947, 9970665.434696821495891 ], [ 772353.553390593267977, 9970646.4466094058007 ], [ 772334.565303179435432, 9970628.427587261423469 ], [ 772314.660195524920709, 9970611.427019271999598 ], [ 772293.892626146203838, 9970595.491502812132239 ], [ 772272.31951750756707, 9970580.664716027677059 ], [ 772250.0, 9970566.987298108637333 ], [ 772226.995249869767576, 9970554.496737906709313 ], [ 772203.368321537855081, 9970543.227271178737283 ], [ 772179.183974772691727, 9970533.20978675223887 ], [ 772154.508497187518515, 9970524.471741853281856 ], [ 772129.409522551228292, 9970517.037086855620146 ], [ 772103.955845408840105, 9970510.92619963362813 ], [ 772078.217232520109974, 9970506.155829701572657 ], [ 772052.264231633860618, 9970502.739052316173911 ], [ 772026.167978121433407, 9970500.685232622548938 ], [ 772000.0, 9970500.0 ], [ 771973.832021878566593, 9970500.685232622548938 ], [ 771947.735768366139382, 9970502.739052316173911 ], [ 771921.782767479890026, 9970506.155829701572657 ], [ 771896.044154591159895, 9970510.92619963362813 ], [ 771870.590477448771708, 9970517.037086855620146 ], [ 771845.491502812481485, 9970524.471741853281856 ], [ 771820.816025227308273, 9970533.20978675223887 ], [ 771796.631678462144919, 9970543.227271178737283 ], [ 771773.004750130232424, 9970554.496737906709313 ], [ 771750.0, 9970566.987298108637333 ], [ 771727.68048249243293, 9970580.664716027677059 ], [ 771706.107373853796162, 9970595.491502812132239 ], [ 771685.339804475079291, 9970611.427019271999598 ], [ 771665.434696820564568, 9970628.427587261423469 ], [ 771646.446609406732023, 9970646.4466094058007 ], [ 771628.427587261307053, 9970665.434696821495891 ], [ 771611.427019271533936, 9970685.339804474264383 ], [ 771595.491502812481485, 9970706.107373854145408 ], [ 771580.664716027327813, 9970727.680482491850853 ], [ 771566.987298107822426, 9970750.0 ], [ 771554.496737905777991, 9970773.004750130698085 ], [ 771543.227271178737283, 9970796.631678462028503 ], [ 771533.209786751423962, 9970820.816025227308273 ], [ 771524.471741852466948, 9970845.491502812132239 ], [ 771517.03708685550373, 9970870.5904774479568 ], [ 771510.926199633046053, 9970896.044154591858387 ], [ 771506.155829702387564, 9970921.782767480239272 ], [ 771502.739052315824665, 9970947.735768366605043 ], [ 771500.685232622665353, 9970973.832021879032254 ], [ 771500.0, 9971000.0 ], [ 771500.685232622665353, 9971026.167978120967746 ], [ 771502.739052315824665, 9971052.264231633394957 ], [ 771506.155829702387564, 9971078.217232519760728 ], [ 771510.926199633046053, 9971103.955845408141613 ], [ 771517.03708685550373, 9971129.4095225520432 ], [ 771524.471741852466948, 9971154.508497187867761 ], [ 771533.209786751423962, 9971179.183974772691727 ], [ 771543.227271178737283, 9971203.368321537971497 ], [ 771554.496737905777991, 9971226.995249869301915 ], [ 771566.987298107822426, 9971250.0 ], [ 771580.664716027327813, 9971272.319517508149147 ], [ 771595.491502812481485, 9971293.892626145854592 ], [ 771611.427019271533936, 9971314.660195525735617 ], [ 771628.427587261307053, 9971334.565303178504109 ], [ 771646.446609406732023, 9971353.5533905941993 ], [ 771665.434696820564568, 9971371.572412738576531 ], [ 771685.339804475079291, 9971388.572980728000402 ], [ 771706.107373853796162, 9971404.508497187867761 ], [ 771727.68048249243293, 9971419.335283972322941 ], [ 771750.0, 9971433.012701891362667 ], [ 771773.004750130232424, 9971445.503262093290687 ], [ 771796.631678462144919, 9971456.772728821262717 ], [ 771820.816025227308273, 9971466.79021324776113 ], [ 771845.491502812481485, 9971475.528258146718144 ], [ 771870.590477448771708, 9971482.962913144379854 ], [ 771896.044154591159895, 9971489.07380036637187 ], [ 771921.782767479890026, 9971493.844170298427343 ], [ 771947.735768366139382, 9971497.260947683826089 ], [ 771973.832021878566593, 9971499.314767377451062 ], [ 772000.0, 9971500.0 ], [ 772026.167978121433407, 9971499.314767377451062 ], [ 772052.264231633860618, 9971497.260947683826089 ], [ 772078.217232520109974, 9971493.844170298427343 ], [ 772103.955845408840105, 9971489.07380036637187 ], [ 772129.409522551228292, 9971482.962913144379854 ], [ 772154.508497187518515, 9971475.528258146718144 ], [ 772179.183974772691727, 9971466.79021324776113 ], [ 772203.368321537855081, 9971456.772728821262717 ], [ 772226.995249869767576, 9971445.503262093290687 ], [ 772250.0, 9971433.012701891362667 ], [ 772272.31951750756707, 9971419.335283972322941 ], [ 772293.892626146203838, 9971404.508497187867761 ], [ 772314.660195524920709, 9971388.572980728000402 ], [ 772334.565303179435432, 9971371.572412738576531 ], [ 772353.553390593267977, 9971353.5533905941993 ], [ 772371.572412738692947, 9971334.565303178504109 ], [ 772388.572980728466064, 9971314.660195525735617 ], [ 772404.508497187518515, 9971293.892626145854592 ], [ 772419.335283972672187, 9971272.319517508149147 ], [ 772433.012701892177574, 9971250.0 ], [ 772445.503262094222009, 9971226.995249869301915 ], [ 772456.772728821262717, 9971203.368321537971497 ], [ 772466.790213248576038, 9971179.183974772691727 ], [ 772475.528258147533052, 9971154.508497187867761 ], [ 772482.96291314449627, 9971129.4095225520432 ], [ 772489.073800366953947, 9971103.955845408141613 ], [ 772493.844170297612436, 9971078.217232519760728 ], [ 772497.260947684175335, 9971052.264231633394957 ], [ 772499.314767377334647, 9971026.167978120967746 ], [ 772500.0, 9971000.0 ] ] ] } },
{ "type": "Feature", "properties": { "easting": 773000.0, "northing": 9972000.0, "id": "grid_E773000_N9972000", "retained": true }, "geometry": { "type": "Polygon", "coordinates": [ [ [ 773500.0, 9972000.0 ], [ 773499.314767377334647, 9971973.832021879032254 ], [ 773497.260947684175335, 9971947.735768366605043 ], [ 773493.844170297612436, 9971921.782767480239272 ], [ 773489.073800366953947, 9971896.044154591858387 ], [ 773482.96291314449627, 9971870.5904774479568 ], [ 773475.528258147533052, 9971845.491502812132239 ], [ 773466.790213248576038, 9971820.816025227308273 ], [ 773456.772728821262717, 9971796.631678462028503 ], [ 773445.503262094222009, 9971773.004750130698085 ], [ 773433.012701892177574, 9971750.0 ], [ 773419.335283972672187, 9971727.680482491850853 ], [ 773404.508497187518515, 9971706.107373854145408 ], [ 773388.572980728466064, 9971685.339804474264383 ], [ 773371.572412738692947, 9971665.434696821495891 ], [ 773353.553390593267977, 9971646.4466094058007 ], [ 773334.565303179435432, 9971628.427587261423469 ], [ 773314.660195524920709, 9971611.427019271999598 ], [ 773293.892626146203838, 9971595.491502812132239 ], [ 773272.31951750756707, 9971580.664716027677059 ], [ 773250.0, 9971566.987298108637333 ], [ 773226.995249869767576, 9971554.496737906709313 ], [ 773203.368321537855081, 9971543.227271178737283 ], [ 773179.183974772691727, 9971533.20978675223887 ], [ 773154.508497187518515, 9971524.471741853281856 ], [ 773129.409522551228292, 9971517.037086855620146 ], [ 773103.955845408840105, 9971510.92619963362813 ], [ 773078.217232520109974, 9971506.155829701572657 ], [ 773052.264231633860618, 9971502.739052316173911 ], [ 773026.167978121433407, 9971500.685232622548938 ], [ 773000.0, 9971500.0 ], [ 772973.832021878566593, 9971500.685232622548938 ], [ 772947.735768366139382, 9971502.739052316173911 ], [ 772921.782767479890026, 9971506.155829701572657 ], [ 772896.044154591159895, 9971510.92619963362813 ], [ 772870.590477448771708, 9971517.037086855620146 ], [ 772845.491502812481485, 9971524.471741853281856 ], [ 772820.816025227308273, 9971533.20978675223887 ], [ 772796.631678462144919, 9971543.227271178737283 ], [ 772773.004750130232424, 9971554.496737906709313 ], [ 772750.0, 9971566.987298108637333 ], [ 772727.68048249243293, 9971580.664716027677059 ], [ 772706.107373853796162, 9971595.491502812132239 ], [ 772685.339804475079291, 9971611.427019271999598 ], [ 772665.434696820564568, 9971628.427587261423469 ], [ 772646.446609406732023, 9971646.4466094058007 ], [ 772628.427587261307053, 9971665.434696821495891 ], [ 772611.427019271533936, 9971685.339804474264383 ], [ 772595.491502812481485, 9971706.107373854145408 ], [ 772580.664716027327813, 9971727.680482491850853 ], [ 772566.987298107822426, 9971750.0 ], [ 772554.496737905777991, 9971773.004750130698085 ], [ 772543.227271178737283, 9971796.631678462028503 ], [ 772533.209786751423962, 9971820.816025227308273 ], [ 772524.471741852466948, 9971845.491502812132239 ], [ 772517.03708685550373, 9971870.5904774479568 ], [ 772510.926199633046053, 9971896.044154591858387 ], [ 772506.155829702387564, 9971921.782767480239272 ], [ 772502.739052315824665, 9971947.735768366605043 ], [ 772500.685232622665353, 9971973.832021879032254 ], [ 772500.0, 9972000.0 ], [ 772500.685232622665353, 9972026.167978120967746 ], [ 772502.739052315824665, 9972052.264231633394957 ], [ 772506.155829702387564, 9972078.217232519760728 ], [ 772510.926199633046053, 9972103.955845408141613 ], [ 772517.03708685550373, 9972129.4095225520432 ], [ 772524.471741852466948, 9972154.508497187867761 ], [ 772533.209786751423962, 9972179.183974772691727 ], [ 772543.227271178737283, 9972203.368321537971497 ], [ 772554.496737905777991, 9972226.995249869301915 ], [ 772566.987298107822426, 9972250.0 ], [ 772580.664716027327813, 9972272.319517508149147 ], [ 772595.491502812481485, 9972293.892626145854592 ], [ 772611.427019271533936, 9972314.660195525735617 ], [ 772628.427587261307053, 9972334.565303178504109 ], [ 772646.446609406732023, 9972353.5533905941993 ], [ 772665.434696820564568, 9972371.572412738576531 ], [ 772685.339804475079291, 9972388.572980728000402 ], [ 772706.107373853796162, 9972404.508497187867761 ], [ 772727.68048249243293, 9972419.335283972322941 ], [ 772750.0, 9972433.012701891362667 ], [ 772773.004750130232424, 9972445.503262093290687 ], [ 772796.631678462144919, 9972456.772728821262717 ], [ 772820.816025227308273, 9972466.79021324776113 ], [ 772845.491502812481485, 9972475.528258146718144 ], [ 772870.590477448771708, 9972482.962913144379854 ], [ 772896.044154591159895, 9972489.07380036637187 ], [ 772921.782767479890026, 9972493.844170298427343 ], [ 772947.735768366139382, 9972497.260947683826089 ], [ 772973.832021878566593, 9972499.314767377451062 ], [ 773000.0, 9972500.0 ], [ 773026.167978121433407, 9972499.314767377451062 ], [ 773052.264231633860618, 9972497.260947683826089 ], [ 773078.217232520109974, 9972493.844170298427343 ], [ 773103.955845408840105, 9972489.07380036637187 ], [ 773129.409522551228292, 9972482.962913144379854 ], [ 773154.508497187518515, 9972475.528258146718144 ], [ 773179.183974772691727, 9972466.79021324776113 ], [ 773203.368321537855081, 9972456.772728821262717 ], [ 773226.995249869767576, 9972445.503262093290687 ], [ 773250.0, 9972433.012701891362667 ], [ 773272.31951750756707, 9972419.335283972322941 ], [ 773293.892626146203838, 9972404.508497187867761 ], [ 773314.660195524920709, 9972388.572980728000402 ], [ 773334.565303179435432, 9972371.572412738576531 ], [ 773353.553390593267977, 9972353.5533905941993 ], [ 773371.572412738692947, 9972334.565303178504109 ], [ 773388.572980728466064, 9972314.660195525735617 ], [ 773404.508497187518515, 9972293.892626145854592 ], [ 773419.335283972672187, 9972272.319517508149147 ], [ 773433.012701892177574, 9972250.0 ], [ 773445.503262094222009, 9972226.995249869301915 ], [ 773456.772728821262717, 9972203.368321537971497 ], [ 773466.790213248576038, 9972179.183974772691727 ], [ 773475.528258147533052, 9972154.508497187867761 ], [ 773482.96291314449627, 9972129.4095225520432 ], [ 773489.073800366953947, 9972103.955845408141613 ], [ 773493.844170297612436, 9972078.217232519760728 ], [ 773497.260947684175335, 9972052.264231633394957 ], [ 773499.314767377334647, 9972026.167978120967746 ], [ 773500.0, 9972000.0 ] ] ] } },
{ "type": "Feature", "properties": { "easting": 774000.0, "northing": 9963000.0, "id": "grid_E774000_N9963000", "retained": true }, "geometry": { "type": "Polygon", "coordinates": [ [ [ 774500.0, 9963000.0 ], [ 774499.314767377334647, 9962973.832021879032254 ], [ 774497.260947684175335, 9962947.735768366605043 ], [ 774493.844170297612436, 9962921.782767480239272 ], [ 774489.073800366953947, 9962896.044154591858387 ], [ 774482.96291314449627, 9962870.5904774479568 ], [ 774475.528258147533052, 9962845.491502812132239 ], [ 774466.790213248576038, 9962820.816025227308273 ], [ 774456.772728821262717, 9962796.631678462028503 ], [ 774445.503262094222009, 9962773.004750130698085 ], [ 774433.012701892177574, 9962750.0 ], [ 774419.335283972672187, 9962727.680482491850853 ], [ 774404.508497187518515, 9962706.107373854145408 ], [ 774388.572980728466064, 9962685.339804474264383 ], [ 774371.572412738692947, 9962665.434696821495891 ], [ 774353.553390593267977, 9962646.4466094058007 ], [ 774334.565303179435432, 9962628.427587261423469 ], [ 774314.660195524920709, 9962611.427019271999598 ], [ 774293.892626146203838, 9962595.491502812132239 ], [ 774272.31951750756707, 9962580.664716027677059 ], [ 774250.0, 9962566.987298108637333 ], [ 774226.995249869767576, 9962554.496737906709313 ], [ 774203.368321537855081, 9962543.227271178737283 ], [ 774179.183974772691727, 9962533.20978675223887 ], [ 774154.508497187518515, 9962524.471741853281856 ], [ 774129.409522551228292, 9962517.037086855620146 ], [ 774103.955845408840105, 9962510.92619963362813 ], [ 774078.217232520109974, 9962506.155829701572657 ], [ 774052.264231633860618, 9962502.739052316173911 ], [ 774026.167978121433407, 9962500.685232622548938 ], [ 774000.0, 9962500.0 ], [ 773973.832021878566593, 9962500.685232622548938 ], [ 773947.735768366139382, 9962502.739052316173911 ], [ 773921.782767479890026, 9962506.155829701572657 ], [ 773896.044154591159895, 9962510.92619963362813 ], [ 773870.590477448771708, 9962517.037086855620146 ], [ 773845.491502812481485, 9962524.471741853281856 ], [ 773820.816025227308273, 9962533.20978675223887 ], [ 773796.631678462144919, 9962543.227271178737283 ], [ 773773.004750130232424, 9962554.496737906709313 ], [ 773750.0, 9962566.987298108637333 ], [ 773727.68048249243293, 9962580.664716027677059 ], [ 773706.107373853796162, 9962595.491502812132239 ], [ 773685.339804475079291, 9962611.427019271999598 ], [ 773665.434696820564568, 9962628.427587261423469 ], [ 773646.446609406732023, 9962646.4466094058007 ], [ 773628.427587261307053, 9962665.434696821495891 ], [ 773611.427019271533936, 9962685.339804474264383 ], [ 773595.491502812481485, 9962706.107373854145408 ], [ 773580.664716027327813, 9962727.680482491850853 ], [ 773566.987298107822426, 9962750.0 ], [ 773554.496737905777991, 9962773.004750130698085 ], [ 773543.227271178737283, 9962796.631678462028503 ], [ 773533.209786751423962, 9962820.816025227308273 ], [ 773524.471741852466948, 9962845.491502812132239 ], [ 773517.03708685550373, 9962870.5904774479568 ], [ 773510.926199633046053, 9962896.044154591858387 ], [ 773506.155829702387564, 9962921.782767480239272 ], [ 773502.739052315824665, 9962947.735768366605043 ], [ 773500.685232622665353, 9962973.832021879032254 ], [ 773500.0, 9963000.0 ], [ 773500.685232622665353, 9963026.167978120967746 ], [ 773502.739052315824665, 9963052.264231633394957 ], [ 773506.155829702387564, 9963078.217232519760728 ], [ 773510.926199633046053, 9963103.955845408141613 ], [ 773517.03708685550373, 9963129.4095225520432 ], [ 773524.471741852466948, 9963154.508497187867761 ], [ 773533.209786751423962, 9963179.183974772691727 ], [ 773543.227271178737283, 9963203.368321537971497 ], [ 773554.496737905777991, 9963226.995249869301915 ], [ 773566.987298107822426, 9963250.0 ], [ 773580.664716027327813, 9963272.319517508149147 ], [ 773595.491502812481485, 9963293.892626145854592 ], [ 773611.427019271533936, 9963314.660195525735617 ], [ 773628.427587261307053, 9963334.565303178504109 ], [ 773646.446609406732023, 9963353.5533905941993 ], [ 773665.434696820564568, 9963371.572412738576531 ], [ 773685.339804475079291, 9963388.572980728000402 ], [ 773706.107373853796162, 9963404.508497187867761 ], [ 773727.68048249243293, 9963419.335283972322941 ], [ 773750.0, 9963433.012701891362667 ], [ 773773.004750130232424, 9963445.503262093290687 ], [ 773796.631678462144919, 9963456.772728821262717 ], [ 773820.816025227308273, 9963466.79021324776113 ], [ 773845.491502812481485, 9963475.528258146718144 ], [ 773870.590477448771708, 9963482.962913144379854 ], [ 773896.044154591159895, 9963489.07380036637187 ], [ 773921.782767479890026, 9963493.844170298427343 ], [ 773947.735768366139382, 9963497.260947683826089 ], [ 773973.832021878566593, 9963499.314767377451062 ], [ 774000.0, 9963500.0 ], [ 774026.167978121433407, 9963499.314767377451062 ], [ 774052.264231633860618, 9963497.260947683826089 ], [ 774078.217232520109974, 9963493.844170298427343 ], [ 774103.955845408840105, 9963489.07380036637187 ], [ 774129.409522551228292, 9963482.962913144379854 ], [ 774154.508497187518515, 9963475.528258146718144 ], [ 774179.183974772691727, 9963466.79021324776113 ], [ 774203.368321537855081, 9963456.772728821262717 ], [ 774226.995249869767576, 9963445.503262093290687 ], [ 774250.0, 9963433.012701891362667 ], [ 774272.31951750756707, 9963419.335283972322941 ], [ 774293.892626146203838, 9963404.508497187867761 ], [ 774314.660195524920709, 9963388.572980728000402 ], [ 774334.565303179435432, 9963371.572412738576531 ], [ 774353.553390593267977, 9963353.5533905941993 ], [ 774371.572412738692947, 9963334.565303178504109 ], [ 774388.572980728466064, 9963314.660195525735617 ], [ 774404.508497187518515, 9963293.892626145854592 ], [ 774419.335283972672187, 9963272.319517508149147 ], [ 774433.012701892177574, 9963250.0 ], [ 774445.503262094222009, 9963226.995249869301915 ], [ 774456.772728821262717, 9963203.368321537971497 ], [ 774466.790213248576038, 9963179.183974772691727 ], [ 774475.528258147533052, 9963154.508497187867761 ], [ 774482.96291314449627, 9963129.4095225520432 ], [ 774489.073800366953947, 9963103.955845408141613 ], [ 774493.844170297612436, 9963078.217232519760728 ], [ 774497.260947684175335, 9963052.264231633394957 ], [ 774499.314767377334647, 9963026.167978120967746 ], [ 774500.0, 9963000.0 ] ] ] } },
{ "type": "Feature", "properties": { "easting": 774000.0, "northing": 9964000.0, "id": "grid_E774000_N9964000", "retained": true }, "geometry": { "type": "Polygon", "coordinates": [ [ [ 774500.0, 9964000.0 ], [ 774499.314767377334647, 9963973.832021879032254 ], [ 774497.260947684175335, 9963947.735768366605043 ], [ 774493.844170297612436, 9963921.782767480239272 ], [ 774489.073800366953947, 9963896.044154591858387 ], [ 774482.96291314449627, 9963870.5904774479568 ], [ 774475.528258147533052, 9963845.491502812132239 ], [ 774466.790213248576038, 9963820.816025227308273 ], [ 774456.772728821262717, 9963796.631678462028503 ], [ 774445.503262094222009, 9963773.004750130698085 ], [ 774433.012701892177574, 9963750.0 ], [ 774419.335283972672187, 9963727.680482491850853 ], [ 774404.508497187518515, 9963706.107373854145408 ], [ 774388.572980728466064, 9963685.339804474264383 ], [ 774371.572412738692947, 9963665.434696821495891 ], [ 774353.553390593267977, 9963646.4466094058007 ], [ 774334.565303179435432, 9963628.427587261423469 ], [ 774314.660195524920709, 9963611.427019271999598 ], [ 774293.892626146203838, 9963595.491502812132239 ], [ 774272.31951750756707, 9963580.664716027677059 ], [ 774250.0, 9963566.987298108637333 ], [ 774226.995249869767576, 9963554.496737906709313 ], [ 774203.368321537855081, 9963543.227271178737283 ], [ 774179.183974772691727, 9963533.20978675223887 ], [ 774154.508497187518515, 9963524.471741853281856 ], [ 774129.409522551228292, 9963517.037086855620146 ], [ 774103.955845408840105, 9963510.92619963362813 ], [ 774078.217232520109974, 9963506.155829701572657 ], [ 774052.264231633860618, 9963502.739052316173911 ], [ 774026.167978121433407, 9963500.685232622548938 ], [ 774000.0, 9963500.0 ], [ 773973.832021878566593, 9963500.685232622548938 ], [ 773947.735768366139382, 9963502.739052316173911 ], [ 773921.782767479890026, 9963506.155829701572657 ], [ 773896.044154591159895, 9963510.92619963362813 ], [ 773870.590477448771708, 9963517.037086855620146 ], [ 773845.491502812481485, 9963524.471741853281856 ], [ 773820.816025227308273, 9963533.20978675223887 ], [ 773796.631678462144919, 9963543.227271178737283 ], [ 773773.004750130232424, 9963554.496737906709313 ], [ 773750.0, 9963566.987298108637333 ], [ 773727.68048249243293, 9963580.664716027677059 ], [ 773706.107373853796162, 9963595.491502812132239 ], [ 773685.339804475079291, 9963611.427019271999598 ], [ 773665.434696820564568, 9963628.427587261423469 ], [ 773646.446609406732023, 9963646.4466094058007 ], [ 773628.427587261307053, 9963665.434696821495891 ], [ 773611.427019271533936, 9963685.339804474264383 ], [ 773595.491502812481485, 9963706.107373854145408 ], [ 773580.664716027327813, 9963727.680482491850853 ], [ 773566.987298107822426, 9963750.0 ], [ 773554.496737905777991, 9963773.004750130698085 ], [ 773543.227271178737283, 9963796.631678462028503 ], [ 773533.209786751423962, 9963820.816025227308273 ], [ 773524.471741852466948, 9963845.491502812132239 ], [ 773517.03708685550373, 9963870.5904774479568 ], [ 773510.926199633046053, 9963896.044154591858387 ], [ 773506.155829702387564, 9963921.782767480239272 ], [ 773502.739052315824665, 9963947.735768366605043 ], [ 773500.685232622665353, 9963973.832021879032254 ], [ 773500.0, 9964000.0 ], [ 773500.685232622665353, 9964026.167978120967746 ], [ 773502.739052315824665, 9964052.264231633394957 ], [ 773506.155829702387564, 9964078.217232519760728 ], [ 773510.926199633046053, 9964103.955845408141613 ], [ 773517.03708685550373, 9964129.4095225520432 ], [ 773524.471741852466948, 9964154.508497187867761 ], [ 773533.209786751423962, 9964179.183974772691727 ], [ 773543.227271178737283, 9964203.368321537971497 ], [ 773554.496737905777991, 9964226.995249869301915 ], [ 773566.987298107822426, 9964250.0 ], [ 773580.664716027327813, 9964272.319517508149147 ], [ 773595.491502812481485, 9964293.892626145854592 ], [ 773611.427019271533936, 9964314.660195525735617 ], [ 773628.427587261307053, 9964334.565303178504109 ], [ 773646.446609406732023, 9964353.5533905941993 ], [ 773665.434696820564568, 9964371.572412738576531 ], [ 773685.339804475079291, 9964388.572980728000402 ], [ 773706.107373853796162, 9964404.508497187867761 ], [ 773727.68048249243293, 9964419.335283972322941 ], [ 773750.0, 9964433.012701891362667 ], [ 773773.004750130232424, 9964445.503262093290687 ], [ 773796.631678462144919, 9964456.772728821262717 ], [ 773820.816025227308273, 9964466.79021324776113 ], [ 773845.491502812481485, 9964475.528258146718144 ], [ 773870.590477448771708, 9964482.962913144379854 ], [ 773896.044154591159895, 9964489.07380036637187 ], [ 773921.782767479890026, 9964493.844170298427343 ], [ 773947.735768366139382, 9964497.260947683826089 ], [ 773973.832021878566593, 9964499.314767377451062 ], [ 774000.0, 9964500.0 ], [ 774026.167978121433407, 9964499.314767377451062 ], [ 774052.264231633860618, 9964497.260947683826089 ], [ 774078.217232520109974, 9964493.844170298427343 ], [ 774103.955845408840105, 9964489.07380036637187 ], [ 774129.409522551228292, 9964482.962913144379854 ], [ 774154.508497187518515, 9964475.528258146718144 ], [ 774179.183974772691727, 9964466.79021324776113 ], [ 774203.368321537855081, 9964456.772728821262717 ], [ 774226.995249869767576, 9964445.503262093290687 ], [ 774250.0, 9964433.012701891362667 ], [ 774272.31951750756707, 9964419.335283972322941 ], [ 774293.892626146203838, 9964404.508497187867761 ], [ 774314.660195524920709, 9964388.572980728000402 ], [ 774334.565303179435432, 9964371.572412738576531 ], [ 774353.553390593267977, 9964353.5533905941993 ], [ 774371.572412738692947, 9964334.565303178504109 ], [ 774388.572980728466064, 9964314.660195525735617 ], [ 774404.508497187518515, 9964293.892626145854592 ], [ 774419.335283972672187, 9964272.319517508149147 ], [ 774433.012701892177574, 9964250.0 ], [ 774445.503262094222009, 9964226.995249869301915 ], [ 774456.772728821262717, 9964203.368321537971497 ], [ 774466.790213248576038, 9964179.183974772691727 ], [ 774475.528258147533052, 9964154.508497187867761 ], [ 774482.96291314449627, 9964129.4095225520432 ], [ 774489.073800366953947, 9964103.955845408141613 ], [ 774493.844170297612436, 9964078.217232519760728 ], [ 774497.260947684175335, 9964052.264231633394957 ], [ 774499.314767377334647, 9964026.167978120967746 ], [ 774500.0, 9964000.0 ] ] ] } },
{ "type": "Feature", "properties": { "easting": 774000.0, "northing": 9973000.0, "id": "grid_E774000_N9973000", "retained": true }, "geometry": { "type": "Polygon", "coordinates": [ [ [ 774500.0, 9973000.0 ], [ 774499.314767377334647, 9972973.832021879032254 ], [ 774497.260947684175335, 9972947.735768366605043 ], [ 774493.844170297612436, 9972921.782767480239272 ], [ 774489.073800366953947, 9972896.044154591858387 ], [ 774482.96291314449627, 9972870.5904774479568 ], [ 774475.528258147533052, 9972845.491502812132239 ], [ 774466.790213248576038, 9972820.816025227308273 ], [ 774456.772728821262717, 9972796.631678462028503 ], [ 774445.503262094222009, 9972773.004750130698085 ], [ 774433.012701892177574, 9972750.0 ], [ 774419.335283972672187, 9972727.680482491850853 ], [ 774404.508497187518515, 9972706.107373854145408 ], [ 774388.572980728466064, 9972685.339804474264383 ], [ 774371.572412738692947, 9972665.434696821495891 ], [ 774353.553390593267977, 9972646.4466094058007 ], [ 774334.565303179435432, 9972628.427587261423469 ], [ 774314.660195524920709, 9972611.427019271999598 ], [ 774293.892626146203838, 9972595.491502812132239 ], [ 774272.31951750756707, 9972580.664716027677059 ], [ 774250.0, 9972566.987298108637333 ], [ 774226.995249869767576, 9972554.496737906709313 ], [ 774203.368321537855081, 9972543.227271178737283 ], [ 774179.183974772691727, 9972533.20978675223887 ], [ 774154.508497187518515, 9972524.471741853281856 ], [ 774129.409522551228292, 9972517.037086855620146 ], [ 774103.955845408840105, 9972510.92619963362813 ], [ 774078.217232520109974, 9972506.155829701572657 ], [ 774052.264231633860618, 9972502.739052316173911 ], [ 774026.167978121433407, 9972500.685232622548938 ], [ 774000.0, 9972500.0 ], [ 773973.832021878566593, 9972500.685232622548938 ], [ 773947.735768366139382, 9972502.739052316173911 ], [ 773921.782767479890026, 9972506.155829701572657 ], [ 773896.044154591159895, 9972510.92619963362813 ], [ 773870.590477448771708, 9972517.037086855620146 ], [ 773845.491502812481485, 9972524.471741853281856 ], [ 773820.816025227308273, 9972533.20978675223887 ], [ 773796.631678462144919, 9972543.227271178737283 ], [ 773773.004750130232424, 9972554.496737906709313 ], [ 773750.0, 9972566.987298108637333 ], [ 773727.68048249243293, 9972580.664716027677059 ], [ 773706.107373853796162, 9972595.491502812132239 ], [ 773685.339804475079291, 9972611.427019271999598 ], [ 773665.434696820564568, 9972628.427587261423469 ], [ 773646.446609406732023, 9972646.4466094058007 ], [ 773628.427587261307053, 9972665.434696821495891 ], [ 773611.427019271533936, 9972685.339804474264383 ], [ 773595.491502812481485, 9972706.107373854145408 ], [ 773580.664716027327813, 9972727.680482491850853 ], [ 773566.987298107822426, 9972750.0 ], [ 773554.496737905777991, 9972773.004750130698085 ], [ 773543.227271178737283, 9972796.631678462028503 ], [ 773533.209786751423962, 9972820.816025227308273 ], [ 773524.471741852466948, 9972845.491502812132239 ], [ 773517.03708685550373, 9972870.5904774479568 ], [ 773510.926199633046053, 9972896.044154591858387 ], [ 773506.155829702387564, 9972921.782767480239272 ], [ 773502.739052315824665, 9972947.735768366605043 ], [ 773500.685232622665353, 9972973.832021879032254 ], [ 773500.0, 9973000.0 ], [ 773500.685232622665353, 9973026.167978120967746 ], [ 773502.739052315824665, 9973052.264231633394957 ], [ 773506.155829702387564, 9973078.217232519760728 ], [ 773510.926199633046053, 9973103.955845408141613 ], [ 773517.03708685550373, 9973129.4095225520432 ], [ 773524.471741852466948, 9973154.508497187867761 ], [ 773533.209786751423962, 9973179.183974772691727 ], [ 773543.227271178737283, 9973203.368321537971497 ], [ 773554.496737905777991, 9973226.995249869301915 ], [ 773566.987298107822426, 9973250.0 ], [ 773580.664716027327813, 9973272.319517508149147 ], [ 773595.491502812481485, 9973293.892626145854592 ], [ 773611.427019271533936, 9973314.660195525735617 ], [ 773628.427587261307053, 9973334.565303178504109 ], [ 773646.446609406732023, 9973353.5533905941993 ], [ 773665.434696820564568, 9973371.572412738576531 ], [ 773685.339804475079291, 9973388.572980728000402 ], [ 773706.107373853796162, 9973404.508497187867761 ], [ 773727.68048249243293, 9973419.335283972322941 ], [ 773750.0, 9973433.012701891362667 ], [ 773773.004750130232424, 9973445.503262093290687 ], [ 773796.631678462144919, 9973456.772728821262717 ], [ 773820.816025227308273, 9973466.79021324776113 ], [ 773845.491502812481485, 9973475.528258146718144 ], [ 773870.590477448771708, 9973482.962913144379854 ], [ 773896.044154591159895, 9973489.07380036637187 ], [ 773921.782767479890026, 9973493.844170298427343 ], [ 773947.735768366139382, 9973497.260947683826089 ], [ 773973.832021878566593, 9973499.314767377451062 ], [ 774000.0, 9973500.0 ], [ 774026.167978121433407, 9973499.314767377451062 ], [ 774052.264231633860618, 9973497.260947683826089 ], [ 774078.217232520109974, 9973493.844170298427343 ], [ 774103.955845408840105, 9973489.07380036637187 ], [ 774129.409522551228292, 9973482.962913144379854 ], [ 774154.508497187518515, 9973475.528258146718144 ], [ 774179.183974772691727, 9973466.79021324776113 ], [ 774203.368321537855081, 9973456.772728821262717 ], [ 774226.995249869767576, 9973445.503262093290687 ], [ 774250.0, 9973433.012701891362667 ], [ 774272.31951750756707, 9973419.335283972322941 ], [ 774293.892626146203838, 9973404.508497187867761 ], [ 774314.660195524920709, 9973388.572980728000402 ], [ 774334.565303179435432, 9973371.572412738576531 ], [ 774353.553390593267977, 9973353.5533905941993 ], [ 774371.572412738692947, 9973334.565303178504109 ], [ 774388.572980728466064, 9973314.660195525735617 ], [ 774404.508497187518515, 9973293.892626145854592 ], [ 774419.335283972672187, 9973272.319517508149147 ], [ 774433.012701892177574, 9973250.0 ], [ 774445.503262094222009, 9973226.995249869301915 ], [ 774456.772728821262717, 9973203.368321537971497 ], [ 774466.790213248576038, 9973179.183974772691727 ], [ 774475.528258147533052, 9973154.508497187867761 ], [ 774482.96291314449627, 9973129.4095225520432 ], [ 774489.073800366953947, 9973103.955845408141613 ], [ 774493.844170297612436, 9973078.217232519760728 ], [ 774497.260947684175335, 9973052.264231633394957 ], [ 774499.314767377334647, 9973026.167978120967746 ], [ 774500.0, 9973000.0 ] ] ] } },
{ "type": "Feature", "properties": { "easting": 775000.0, "northing": 9963000.0, "id": "grid_E775000_N9963000", "retained": true }, "geometry": { "type": "Polygon", "coordinates": [ [ [ 775500.0, 9963000.0 ], [ 775499.314767377334647, 9962973.832021879032254 ], [ 775497.260947684175335, 9962947.735768366605043 ], [ 775493.844170297612436, 9962921.782767480239272 ], [ 775489.073800366953947, 9962896.044154591858387 ], [ 775482.96291314449627, 9962870.5904774479568 ], [ 775475.528258147533052, 9962845.491502812132239 ], [ 775466.790213248576038, 9962820.816025227308273 ], [ 775456.772728821262717, 9962796.631678462028503 ], [ 775445.503262094222009, 9962773.004750130698085 ], [ 775433.012701892177574, 9962750.0 ], [ 775419.335283972672187, 9962727.680482491850853 ], [ 775404.508497187518515, 9962706.107373854145408 ], [ 775388.572980728466064, 9962685.339804474264383 ], [ 775371.572412738692947, 9962665.434696821495891 ], [ 775353.553390593267977, 9962646.4466094058007 ], [ 775334.565303179435432, 9962628.427587261423469 ], [ 775314.660195524920709, 9962611.427019271999598 ], [ 775293.892626146203838, 9962595.491502812132239 ], [ 775272.31951750756707, 9962580.664716027677059 ], [ 775250.0, 9962566.987298108637333 ], [ 775226.995249869767576, 9962554.496737906709313 ], [ 775203.368321537855081, 9962543.227271178737283 ], [ 775179.183974772691727, 9962533.20978675223887 ], [ 775154.508497187518515, 9962524.471741853281856 ], [ 775129.409522551228292, 9962517.037086855620146 ], [ 775103.955845408840105, 9962510.92619963362813 ], [ 775078.217232520109974, 9962506.155829701572657 ], [ 775052.264231633860618, 9962502.739052316173911 ], [ 775026.167978121433407, 9962500.685232622548938 ], [ 775000.0, 9962500.0 ], [ 774973.832021878566593, 9962500.685232622548938 ], [ 774947.735768366139382, 9962502.739052316173911 ], [ 774921.782767479890026, 9962506.155829701572657 ], [ 774896.044154591159895, 9962510.92619963362813 ], [ 774870.590477448771708, 9962517.037086855620146 ], [ 774845.491502812481485, 9962524.471741853281856 ], [ 774820.816025227308273, 9962533.20978675223887 ], [ 774796.631678462144919, 9962543.227271178737283 ], [ 774773.004750130232424, 9962554.496737906709313 ], [ 774750.0, 9962566.987298108637333 ], [ 774727.68048249243293, 9962580.664716027677059 ], [ 774706.107373853796162, 9962595.491502812132239 ], [ 774685.339804475079291, 9962611.427019271999598 ], [ 774665.434696820564568, 9962628.427587261423469 ], [ 774646.446609406732023, 9962646.4466094058007 ], [ 774628.427587261307053, 9962665.434696821495891 ], [ 774611.427019271533936, 9962685.339804474264383 ], [ 774595.491502812481485, 9962706.107373854145408 ], [ 774580.664716027327813, 9962727.680482491850853 ], [ 774566.987298107822426, 9962750.0 ], [ 774554.496737905777991, 9962773.004750130698085 ], [ 774543.227271178737283, 9962796.631678462028503 ], [ 774533.209786751423962, 9962820.816025227308273 ], [ 774524.471741852466948, 9962845.491502812132239 ], [ 774517.03708685550373, 9962870.5904774479568 ], [ 774510.926199633046053, 9962896.044154591858387 ], [ 774506.155829702387564, 9962921.782767480239272 ], [ 774502.739052315824665, 9962947.735768366605043 ], [ 774500.685232622665353, 9962973.832021879032254 ], [ 774500.0, 9963000.0 ], [ 774500.685232622665353, 9963026.167978120967746 ], [ 774502.739052315824665, 9963052.264231633394957 ], [ 774506.155829702387564, 9963078.217232519760728 ], [ 774510.926199633046053, 9963103.955845408141613 ], [ 774517.03708685550373, 9963129.4095225520432 ], [ 774524.471741852466948, 9963154.508497187867761 ], [ 774533.209786751423962, 9963179.183974772691727 ], [ 774543.227271178737283, 9963203.368321537971497 ], [ 774554.496737905777991, 9963226.995249869301915 ], [ 774566.987298107822426, 9963250.0 ], [ 774580.664716027327813, 9963272.319517508149147 ], [ 774595.491502812481485, 9963293.892626145854592 ], [ 774611.427019271533936, 9963314.660195525735617 ], [ 774628.427587261307053, 9963334.565303178504109 ], [ 774646.446609406732023, 9963353.5533905941993 ], [ 774665.434696820564568, 9963371.572412738576531 ], [ 774685.339804475079291, 9963388.572980728000402 ], [ 774706.107373853796162, 9963404.508497187867761 ], [ 774727.68048249243293, 9963419.335283972322941 ], [ 774750.0, 9963433.012701891362667 ], [ 774773.004750130232424, 9963445.503262093290687 ], [ 774796.631678462144919, 9963456.772728821262717 ], [ 774820.816025227308273, 9963466.79021324776113 ], [ 774845.491502812481485, 9963475.528258146718144 ], [ 774870.590477448771708, 9963482.962913144379854 ], [ 774896.044154591159895, 9963489.07380036637187 ], [ 774921.782767479890026, 9963493.844170298427343 ], [ 774947.735768366139382, 9963497.260947683826089 ], [ 774973.832021878566593, 9963499.314767377451062 ], [ 775000.0, 9963500.0 ], [ 775026.167978121433407, 9963499.314767377451062 ], [ 775052.264231633860618, 9963497.260947683826089 ], [ 775078.217232520109974, 9963493.844170298427343 ], [ 775103.955845408840105, 9963489.07380036637187 ], [ 775129.409522551228292, 9963482.962913144379854 ], [ 775154.508497187518515, 9963475.528258146718144 ], [ 775179.183974772691727, 9963466.79021324776113 ], [ 775203.368321537855081, 9963456.772728821262717 ], [ 775226.995249869767576, 9963445.503262093290687 ], [ 775250.0, 9963433.012701891362667 ], [ 775272.31951750756707, 9963419.335283972322941 ], [ 775293.892626146203838, 9963404.508497187867761 ], [ 775314.660195524920709, 9963388.572980728000402 ], [ 775334.565303179435432, 9963371.572412738576531 ], [ 775353.553390593267977, 9963353.5533905941993 ], [ 775371.572412738692947, 9963334.565303178504109 ], [ 775388.572980728466064, 9963314.660195525735617 ], [ 775404.508497187518515, 9963293.892626145854592 ], [ 775419.335283972672187, 9963272.319517508149147 ], [ 775433.012701892177574, 9963250.0 ], [ 775445.503262094222009, 9963226.995249869301915 ], [ 775456.772728821262717, 9963203.368321537971497 ], [ 775466.790213248576038, 9963179.183974772691727 ], [ 775475.528258147533052, 9963154.508497187867761 ], [ 775482.96291314449627, 9963129.4095225520432 ], [ 775489.073800366953947, 9963103.955845408141613 ], [ 775493.844170297612436, 9963078.217232519760728 ], [ 775497.260947684175335, 9963052.264231633394957 ], [ 775499.314767377334647, 9963026.167978120967746 ], [ 775500.0, 9963000.0 ] ] ] } },
{ "type": "Feature", "properties": { "easting": 775000.0, "northing": 9964000.0, "id": "grid_E775000_N9964000", "retained": true }, "geometry": { "type": "Polygon", "coordinates": [ [ [ 775500.0, 9964000.0 ], [ 775499.314767377334647, 9963973.832021879032254 ], [ 775497.260947684175335, 9963947.735768366605043 ], [ 775493.844170297612436, 9963921.782767480239272 ], [ 775489.073800366953947, 9963896.044154591858387 ], [ 775482.96291314449627, 9963870.5904774479568 ], [ 775475.528258147533052, 9963845.491502812132239 ], [ 775466.790213248576038, 9963820.816025227308273 ], [ 775456.772728821262717, 9963796.631678462028503 ], [ 775445.503262094222009, 9963773.004750130698085 ], [ 775433.012701892177574, 9963750.0 ], [ 775419.335283972672187, 9963727.680482491850853 ], [ 775404.508497187518515, 9963706.107373854145408 ], [ 775388.572980728466064, 9963685.339804474264383 ], [ 775371.572412738692947, 9963665.434696821495891 ], [ 775353.553390593267977, 9963646.4466094058007 ], [ 775334.565303179435432, 9963628.427587261423469 ], [ 775314.660195524920709, 9963611.427019271999598 ], [ 775293.892626146203838, 9963595.491502812132239 ], [ 775272.31951750756707, 9963580.664716027677059 ], [ 775250.0, 9963566.987298108637333 ], [ 775226.995249869767576, 9963554.496737906709313 ], [ 775203.368321537855081, 9963543.227271178737283 ], [ 775179.183974772691727, 9963533.20978675223887 ], [ 775154.508497187518515, 9963524.471741853281856 ], [ 775129.409522551228292, 9963517.037086855620146 ], [ 775103.955845408840105, 9963510.92619963362813 ], [ 775078.217232520109974, 9963506.155829701572657 ], [ 775052.264231633860618, 9963502.739052316173911 ], [ 775026.167978121433407, 9963500.685232622548938 ], [ 775000.0, 9963500.0 ], [ 774973.832021878566593, 9963500.685232622548938 ], [ 774947.735768366139382, 9963502.739052316173911 ], [ 774921.782767479890026, 9963506.155829701572657 ], [ 774896.044154591159895, 9963510.92619963362813 ], [ 774870.590477448771708, 9963517.037086855620146 ], [ 774845.491502812481485, 9963524.471741853281856 ], [ 774820.816025227308273, 9963533.20978675223887 ], [ 774796.631678462144919, 9963543.227271178737283 ], [ 774773.004750130232424, 9963554.496737906709313 ], [ 774750.0, 9963566.987298108637333 ], [ 774727.68048249243293, 9963580.664716027677059 ], [ 774706.107373853796162, 9963595.491502812132239 ], [ 774685.339804475079291, 9963611.427019271999598 ], [ 774665.434696820564568, 9963628.427587261423469 ], [ 774646.446609406732023, 9963646.4466094058007 ], [ 774628.427587261307053, 9963665.434696821495891 ], [ 774611.427019271533936, 9963685.339804474264383 ], [ 774595.491502812481485, 9963706.107373854145408 ], [ 774580.664716027327813, 9963727.680482491850853 ], [ 774566.987298107822426, 9963750.0 ], [ 774554.496737905777991, 9963773.004750130698085 ], [ 774543.227271178737283, 9963796.631678462028503 ], [ 774533.209786751423962, 9963820.816025227308273 ], [ 774524.471741852466948, 9963845.491502812132239 ], [ 774517.03708685550373, 9963870.5904774479568 ], [ 774510.926199633046053, 9963896.044154591858387 ], [ 774506.155829702387564, 9963921.782767480239272 ], [ 774502.739052315824665, 9963947.735768366605043 ], [ 774500.685232622665353, 9963973.832021879032254 ], [ 774500.0, 9964000.0 ], [ 774500.685232622665353, 9964026.167978120967746 ], [ 774502.739052315824665, 9964052.264231633394957 ], [ 774506.155829702387564, 9964078.217232519760728 ], [ 774510.926199633046053, 9964103.955845408141613 ], [ 774517.03708685550373, 9964129.4095225520432 ], [ 774524.471741852466948, 9964154.508497187867761 ], [ 774533.209786751423962, 9964179.183974772691727 ], [ 774543.227271178737283, 9964203.368321537971497 ], [ 774554.496737905777991, 9964226.995249869301915 ], [ 774566.987298107822426, 9964250.0 ], [ 774580.664716027327813, 9964272.319517508149147 ], [ 774595.491502812481485, 9964293.892626145854592 ], [ 774611.427019271533936, 9964314.660195525735617 ], [ 774628.427587261307053, 9964334.565303178504109 ], [ 774646.446609406732023, 9964353.5533905941993 ], [ 774665.434696820564568, 9964371.572412738576531 ], [ 774685.339804475079291, 9964388.572980728000402 ], [ 774706.107373853796162, 9964404.508497187867761 ], [ 774727.68048249243293, 9964419.335283972322941 ], [ 774750.0, 9964433.012701891362667 ], [ 774773.004750130232424, 9964445.503262093290687 ], [ 774796.631678462144919, 9964456.772728821262717 ], [ 774820.816025227308273, 9964466.79021324776113 ], [ 774845.491502812481485, 9964475.528258146718144 ], [ 774870.590477448771708, 9964482.962913144379854 ], [ 774896.044154591159895, 9964489.07380036637187 ], [ 774921.782767479890026, 9964493.844170298427343 ], [ 774947.735768366139382, 9964497.260947683826089 ], [ 774973.832021878566593, 9964499.314767377451062 ], [ 775000.0, 9964500.0 ], [ 775026.167978121433407, 9964499.314767377451062 ], [ 775052.264231633860618, 9964497.260947683826089 ], [ 775078.217232520109974, 9964493.844170298427343 ], [ 775103.955845408840105, 9964489.07380036637187 ], [ 775129.409522551228292, 9964482.962913144379854 ], [ 775154.508497187518515, 9964475.528258146718144 ], [ 775179.183974772691727, 9964466.79021324776113 ], [ 775203.368321537855081, 9964456.772728821262717 ], [ 775226.995249869767576, 9964445.503262093290687 ], [ 775250.0, 9964433.012701891362667 ], [ 775272.31951750756707, 9964419.335283972322941 ], [ 775293.892626146203838, 9964404.508497187867761 ], [ 775314.660195524920709, 9964388.572980728000402 ], [ 775334.565303179435432, 9964371.572412738576531 ], [ 775353.553390593267977, 9964353.5533905941993 ], [ 775371.572412738692947, 9964334.565303178504109 ], [ 775388.572980728466064, 9964314.660195525735617 ], [ 775404.508497187518515, 9964293.892626145854592 ], [ 775419.335283972672187, 9964272.319517508149147 ], [ 775433.012701892177574, 9964250.0 ], [ 775445.503262094222009, 9964226.995249869301915 ], [ 775456.772728821262717, 9964203.368321537971497 ], [ 775466.790213248576038, 9964179.183974772691727 ], [ 775475.528258147533052, 9964154.508497187867761 ], [ 775482.96291314449627, 9964129.4095225520432 ], [ 775489.073800366953947, 9964103.955845408141613 ], [ 775493.844170297612436, 9964078.217232519760728 ], [ 775497.260947684175335, 9964052.264231633394957 ], [ 775499.314767377334647, 9964026.167978120967746 ], [ 775500.0, 9964000.0 ] ] ] } },
{ "type": "Feature", "properties": { "easting": 775000.0, "northing": 9965000.0, "id": "grid_E775000_N9965000", "retained": true }, "geometry": { "type": "Polygon", "coordinates": [ [ [ 775500.0, 9965000.0 ], [ 775499.314767377334647, 9964973.832021879032254 ], [ 775497.260947684175335, 9964947.735768366605043 ], [ 775493.844170297612436, 9964921.782767480239272 ], [ 775489.073800366953947, 9964896.044154591858387 ], [ 775482.96291314449627, 9964870.5904774479568 ], [ 775475.528258147533052, 9964845.491502812132239 ], [ 775466.790213248576038, 9964820.816025227308273 ], [ 775456.772728821262717, 9964796.631678462028503 ], [ 775445.503262094222009, 9964773.004750130698085 ], [ 775433.012701892177574, 9964750.0 ], [ 775419.335283972672187, 9964727.680482491850853 ], [ 775404.508497187518515, 9964706.107373854145408 ], [ 775388.572980728466064, 9964685.339804474264383 ], [ 775371.572412738692947, 9964665.434696821495891 ], [ 775353.553390593267977, 9964646.4466094058007 ], [ 775334.565303179435432, 9964628.427587261423469 ], [ 775314.660195524920709, 9964611.427019271999598 ], [ 775293.892626146203838, 9964595.491502812132239 ], [ 775272.31951750756707, 9964580.664716027677059 ], [ 775250.0, 9964566.987298108637333 ], [ 775226.995249869767576, 9964554.496737906709313 ], [ 775203.368321537855081, 9964543.227271178737283 ], [ 775179.183974772691727, 9964533.20978675223887 ], [ 775154.508497187518515, 9964524.471741853281856 ], [ 775129.409522551228292, 9964517.037086855620146 ], [ 775103.955845408840105, 9964510.92619963362813 ], [ 775078.217232520109974, 9964506.155829701572657 ], [ 775052.264231633860618, 9964502.739052316173911 ], [ 775026.167978121433407, 9964500.685232622548938 ], [ 775000.0, 9964500.0 ], [ 774973.832021878566593, 9964500.685232622548938 ], [ 774947.735768366139382, 9964502.739052316173911 ], [ 774921.782767479890026, 9964506.155829701572657 ], [ 774896.044154591159895, 9964510.92619963362813 ], [ 774870.590477448771708, 9964517.037086855620146 ], [ 774845.491502812481485, 9964524.471741853281856 ], [ 774820.816025227308273, 9964533.20978675223887 ], [ 774796.631678462144919, 9964543.227271178737283 ], [ 774773.004750130232424, 9964554.496737906709313 ], [ 774750.0, 9964566.987298108637333 ], [ 774727.68048249243293, 9964580.664716027677059 ], [ 774706.107373853796162, 9964595.491502812132239 ], [ 774685.339804475079291, 9964611.427019271999598 ], [ 774665.434696820564568, 9964628.427587261423469 ], [ 774646.446609406732023, 9964646.4466094058007 ], [ 774628.427587261307053, 9964665.434696821495891 ], [ 774611.427019271533936, 9964685.339804474264383 ], [ 774595.491502812481485, 9964706.107373854145408 ], [ 774580.664716027327813, 9964727.680482491850853 ], [ 774566.987298107822426, 9964750.0 ], [ 774554.496737905777991, 9964773.004750130698085 ], [ 774543.227271178737283, 9964796.631678462028503 ], [ 774533.209786751423962, 9964820.816025227308273 ], [ 774524.471741852466948, 9964845.491502812132239 ], [ 774517.03708685550373, 9964870.5904774479568 ], [ 774510.926199633046053, 9964896.044154591858387 ], [ 774506.155829702387564, 9964921.782767480239272 ], [ 774502.739052315824665, 9964947.735768366605043 ], [ 774500.685232622665353, 9964973.832021879032254 ], [ 774500.0, 9965000.0 ], [ 774500.685232622665353, 9965026.167978120967746 ], [ 774502.739052315824665, 9965052.264231633394957 ], [ 774506.155829702387564, 9965078.217232519760728 ], [ 774510.926199633046053, 9965103.955845408141613 ], [ 774517.03708685550373, 9965129.4095225520432 ], [ 774524.471741852466948, 9965154.508497187867761 ], [ 774533.209786751423962, 9965179.183974772691727 ], [ 774543.227271178737283, 9965203.368321537971497 ], [ 774554.496737905777991, 9965226.995249869301915 ], [ 774566.987298107822426, 9965250.0 ], [ 774580.664716027327813, 9965272.319517508149147 ], [ 774595.491502812481485, 9965293.892626145854592 ], [ 774611.427019271533936, 9965314.660195525735617 ], [ 774628.427587261307053, 9965334.565303178504109 ], [ 774646.446609406732023, 9965353.5533905941993 ], [ 774665.434696820564568, 9965371.572412738576531 ], [ 774685.339804475079291, 9965388.572980728000402 ], [ 774706.107373853796162, 9965404.508497187867761 ], [ 774727.68048249243293, 9965419.335283972322941 ], [ 774750.0, 9965433.012701891362667 ], [ 774773.004750130232424, 9965445.503262093290687 ], [ 774796.631678462144919, 9965456.772728821262717 ], [ 774820.816025227308273, 9965466.79021324776113 ], [ 774845.491502812481485, 9965475.528258146718144 ], [ 774870.590477448771708, 9965482.962913144379854 ], [ 774896.044154591159895, 9965489.07380036637187 ], [ 774921.782767479890026, 9965493.844170298427343 ], [ 774947.735768366139382, 9965497.260947683826089 ], [ 774973.832021878566593, 9965499.314767377451062 ], [ 775000.0, 9965500.0 ], [ 775026.167978121433407, 9965499.314767377451062 ], [ 775052.264231633860618, 9965497.260947683826089 ], [ 775078.217232520109974, 9965493.844170298427343 ], [ 775103.955845408840105, 9965489.07380036637187 ], [ 775129.409522551228292, 9965482.962913144379854 ], [ 775154.508497187518515, 9965475.528258146718144 ], [ 775179.183974772691727, 9965466.79021324776113 ], [ 775203.368321537855081, 9965456.772728821262717 ], [ 775226.995249869767576, 9965445.503262093290687 ], [ 775250.0, 9965433.012701891362667 ], [ 775272.31951750756707, 9965419.335283972322941 ], [ 775293.892626146203838, 9965404.508497187867761 ], [ 775314.660195524920709, 9965388.572980728000402 ], [ 775334.565303179435432, 9965371.572412738576531 ], [ 775353.553390593267977, 9965353.5533905941993 ], [ 775371.572412738692947, 9965334.565303178504109 ], [ 775388.572980728466064, 9965314.660195525735617 ], [ 775404.508497187518515, 9965293.892626145854592 ], [ 775419.335283972672187, 9965272.319517508149147 ], [ 775433.012701892177574, 9965250.0 ], [ 775445.503262094222009, 9965226.995249869301915 ], [ 775456.772728821262717, 9965203.368321537971497 ], [ 775466.790213248576038, 9965179.183974772691727 ], [ 775475.528258147533052, 9965154.508497187867761 ], [ 775482.96291314449627, 9965129.4095225520432 ], [ 775489.073800366953947, 9965103.955845408141613 ], [ 775493.844170297612436, 9965078.217232519760728 ], [ 775497.260947684175335, 9965052.264231633394957 ], [ 775499.314767377334647, 9965026.167978120967746 ], [ 775500.0, 9965000.0 ] ] ] } },
{ "type": "Feature", "properties": { "easting": 775000.0, "northing": 9966000.0, "id": "grid_E775000_N9966000", "retained": true }, "geometry": { "type": "Polygon", "coordinates": [ [ [ 775500.0, 9966000.0 ], [ 775499.314767377334647, 9965973.832021879032254 ], [ 775497.260947684175335, 9965947.735768366605043 ], [ 775493.844170297612436, 9965921.782767480239272 ], [ 775489.073800366953947, 9965896.044154591858387 ], [ 775482.96291314449627, 9965870.5904774479568 ], [ 775475.528258147533052, 9965845.491502812132239 ], [ 775466.790213248576038, 9965820.816025227308273 ], [ 775456.772728821262717, 9965796.631678462028503 ], [ 775445.503262094222009, 9965773.004750130698085 ], [ 775433.012701892177574, 9965750.0 ], [ 775419.335283972672187, 9965727.680482491850853 ], [ 775404.508497187518515, 9965706.107373854145408 ], [ 775388.572980728466064, 9965685.339804474264383 ], [ 775371.572412738692947, 9965665.434696821495891 ], [ 775353.553390593267977, 9965646.4466094058007 ], [ 775334.565303179435432, 9965628.427587261423469 ], [ 775314.660195524920709, 9965611.427019271999598 ], [ 775293.892626146203838, 9965595.491502812132239 ], [ 775272.31951750756707, 9965580.664716027677059 ], [ 775250.0, 9965566.987298108637333 ], [ 775226.995249869767576, 9965554.496737906709313 ], [ 775203.368321537855081, 9965543.227271178737283 ], [ 775179.183974772691727, 9965533.20978675223887 ], [ 775154.508497187518515, 9965524.471741853281856 ], [ 775129.409522551228292, 9965517.037086855620146 ], [ 775103.955845408840105, 9965510.92619963362813 ], [ 775078.217232520109974, 9965506.155829701572657 ], [ 775052.264231633860618, 9965502.739052316173911 ], [ 775026.167978121433407, 9965500.685232622548938 ], [ 775000.0, 9965500.0 ], [ 774973.832021878566593, 9965500.685232622548938 ], [ 774947.735768366139382, 9965502.739052316173911 ], [ 774921.782767479890026, 9965506.155829701572657 ], [ 774896.044154591159895, 9965510.92619963362813 ], [ 774870.590477448771708, 9965517.037086855620146 ], [ 774845.491502812481485, 9965524.471741853281856 ], [ 774820.816025227308273, 9965533.20978675223887 ], [ 774796.631678462144919, 9965543.227271178737283 ], [ 774773.004750130232424, 9965554.496737906709313 ], [ 774750.0, 9965566.987298108637333 ], [ 774727.68048249243293, 9965580.664716027677059 ], [ 774706.107373853796162, 9965595.491502812132239 ], [ 774685.339804475079291, 9965611.427019271999598 ], [ 774665.434696820564568, 9965628.427587261423469 ], [ 774646.446609406732023, 9965646.4466094058007 ], [ 774628.427587261307053, 9965665.434696821495891 ], [ 774611.427019271533936, 9965685.339804474264383 ], [ 774595.491502812481485, 9965706.107373854145408 ], [ 774580.664716027327813, 9965727.680482491850853 ], [ 774566.987298107822426, 9965750.0 ], [ 774554.496737905777991, 9965773.004750130698085 ], [ 774543.227271178737283, 9965796.631678462028503 ], [ 774533.209786751423962, 9965820.816025227308273 ], [ 774524.471741852466948, 9965845.491502812132239 ], [ 774517.03708685550373, 9965870.5904774479568 ], [ 774510.926199633046053, 9965896.044154591858387 ], [ 774506.155829702387564, 9965921.782767480239272 ], [ 774502.739052315824665, 9965947.735768366605043 ], [ 774500.685232622665353, 9965973.832021879032254 ], [ 774500.0, 9966000.0 ], [ 774500.685232622665353, 9966026.167978120967746 ], [ 774502.739052315824665, 9966052.264231633394957 ], [ 774506.155829702387564, 9966078.217232519760728 ], [ 774510.926199633046053, 9966103.955845408141613 ], [ 774517.03708685550373, 9966129.4095225520432 ], [ 774524.471741852466948, 9966154.508497187867761 ], [ 774533.209786751423962, 9966179.183974772691727 ], [ 774543.227271178737283, 9966203.368321537971497 ], [ 774554.496737905777991, 9966226.995249869301915 ], [ 774566.987298107822426, 9966250.0 ], [ 774580.664716027327813, 9966272.319517508149147 ], [ 774595.491502812481485, 9966293.892626145854592 ], [ 774611.427019271533936, 9966314.660195525735617 ], [ 774628.427587261307053, 9966334.565303178504109 ], [ 774646.446609406732023, 9966353.5533905941993 ], [ 774665.434696820564568, 9966371.572412738576531 ], [ 774685.339804475079291, 9966388.572980728000402 ], [ 774706.107373853796162, 9966404.508497187867761 ], [ 774727.68048249243293, 9966419.335283972322941 ], [ 774750.0, 9966433.012701891362667 ], [ 774773.004750130232424, 9966445.503262093290687 ], [ 774796.631678462144919, 9966456.772728821262717 ], [ 774820.816025227308273, 9966466.79021324776113 ], [ 774845.491502812481485, 9966475.528258146718144 ], [ 774870.590477448771708, 9966482.962913144379854 ], [ 774896.044154591159895, 9966489.07380036637187 ], [ 774921.782767479890026, 9966493.844170298427343 ], [ 774947.735768366139382, 9966497.260947683826089 ], [ 774973.832021878566593, 9966499.314767377451062 ], [ 775000.0, 9966500.0 ], [ 775026.167978121433407, 9966499.314767377451062 ], [ 775052.264231633860618, 9966497.260947683826089 ], [ 775078.217232520109974, 9966493.844170298427343 ], [ 775103.955845408840105, 9966489.07380036637187 ], [ 775129.409522551228292, 9966482.962913144379854 ], [ 775154.508497187518515, 9966475.528258146718144 ], [ 775179.183974772691727, 9966466.79021324776113 ], [ 775203.368321537855081, 9966456.772728821262717 ], [ 775226.995249869767576, 9966445.503262093290687 ], [ 775250.0, 9966433.012701891362667 ], [ 775272.31951750756707, 9966419.335283972322941 ], [ 775293.892626146203838, 9966404.508497187867761 ], [ 775314.660195524920709, 9966388.572980728000402 ], [ 775334.565303179435432, 9966371.572412738576531 ], [ 775353.553390593267977, 9966353.5533905941993 ], [ 775371.572412738692947, 9966334.565303178504109 ], [ 775388.572980728466064, 9966314.660195525735617 ], [ 775404.508497187518515, 9966293.892626145854592 ], [ 775419.335283972672187, 9966272.319517508149147 ], [ 775433.012701892177574, 9966250.0 ], [ 775445.503262094222009, 9966226.995249869301915 ], [ 775456.772728821262717, 9966203.368321537971497 ], [ 775466.790213248576038, 9966179.183974772691727 ], [ 775475.528258147533052, 9966154.508497187867761 ], [ 775482.96291314449627, 9966129.4095225520432 ], [ 775489.073800366953947, 9966103.955845408141613 ], [ 775493.844170297612436, 9966078.217232519760728 ], [ 775497.260947684175335, 9966052.264231633394957 ], [ 775499.314767377334647, 9966026.167978120967746 ], [ 775500.0, 9966000.0 ] ] ] } },
{ "type": "Feature", "properties": { "easting": 775000.0, "northing": 9967000.0, "id": "grid_E775000_N9967000", "retained": true }, "geometry": { "type": "Polygon", "coordinates": [ [ [ 775500.0, 9967000.0 ], [ 775499.314767377334647, 9966973.832021879032254 ], [ 775497.260947684175335, 9966947.735768366605043 ], [ 775493.844170297612436, 9966921.782767480239272 ], [ 775489.073800366953947, 9966896.044154591858387 ], [ 775482.96291314449627, 9966870.5904774479568 ], [ 775475.528258147533052, 9966845.491502812132239 ], [ 775466.790213248576038, 9966820.816025227308273 ], [ 775456.772728821262717, 9966796.631678462028503 ], [ 775445.503262094222009, 9966773.004750130698085 ], [ 775433.012701892177574, 9966750.0 ], [ 775419.335283972672187, 9966727.680482491850853 ], [ 775404.508497187518515, 9966706.107373854145408 ], [ 775388.572980728466064, 9966685.339804474264383 ], [ 775371.572412738692947, 9966665.434696821495891 ], [ 775353.553390593267977, 9966646.4466094058007 ], [ 775334.565303179435432, 9966628.427587261423469 ], [ 775314.660195524920709, 9966611.427019271999598 ], [ 775293.892626146203838, 9966595.491502812132239 ], [ 775272.31951750756707, 9966580.664716027677059 ], [ 775250.0, 9966566.987298108637333 ], [ 775226.995249869767576, 9966554.496737906709313 ], [ 775203.368321537855081, 9966543.227271178737283 ], [ 775179.183974772691727, 9966533.20978675223887 ], [ 775154.508497187518515, 9966524.471741853281856 ], [ 775129.409522551228292, 9966517.037086855620146 ], [ 775103.955845408840105, 9966510.92619963362813 ], [ 775078.217232520109974, 9966506.155829701572657 ], [ 775052.264231633860618, 9966502.739052316173911 ], [ 775026.167978121433407, 9966500.685232622548938 ], [ 775000.0, 9966500.0 ], [ 774973.832021878566593, 9966500.685232622548938 ], [ 774947.735768366139382, 9966502.739052316173911 ], [ 774921.782767479890026, 9966506.155829701572657 ], [ 774896.044154591159895, 9966510.92619963362813 ], [ 774870.590477448771708, 9966517.037086855620146 ], [ 774845.491502812481485, 9966524.471741853281856 ], [ 774820.816025227308273, 9966533.20978675223887 ], [ 774796.631678462144919, 9966543.227271178737283 ], [ 774773.004750130232424, 9966554.496737906709313 ], [ 774750.0, 9966566.987298108637333 ], [ 774727.68048249243293, 9966580.664716027677059 ], [ 774706.107373853796162, 9966595.491502812132239 ], [ 774685.339804475079291, 9966611.427019271999598 ], [ 774665.434696820564568, 9966628.427587261423469 ], [ 774646.446609406732023, 9966646.4466094058007 ], [ 774628.427587261307053, 9966665.434696821495891 ], [ 774611.427019271533936, 9966685.339804474264383 ], [ 774595.491502812481485, 9966706.107373854145408 ], [ 774580.664716027327813, 9966727.680482491850853 ], [ 774566.987298107822426, 9966750.0 ], [ 774554.496737905777991, 9966773.004750130698085 ], [ 774543.227271178737283, 9966796.631678462028503 ], [ 774533.209786751423962, 9966820.816025227308273 ], [ 774524.471741852466948, 9966845.491502812132239 ], [ 774517.03708685550373, 9966870.5904774479568 ], [ 774510.926199633046053, 9966896.044154591858387 ], [ 774506.155829702387564, 9966921.782767480239272 ], [ 774502.739052315824665, 9966947.735768366605043 ], [ 774500.685232622665353, 9966973.832021879032254 ], [ 774500.0, 9967000.0 ], [ 774500.685232622665353, 9967026.167978120967746 ], [ 774502.739052315824665, 9967052.264231633394957 ], [ 774506.155829702387564, 9967078.217232519760728 ], [ 774510.926199633046053, 9967103.955845408141613 ], [ 774517.03708685550373, 9967129.4095225520432 ], [ 774524.471741852466948, 9967154.508497187867761 ], [ 774533.209786751423962, 9967179.183974772691727 ], [ 774543.227271178737283, 9967203.368321537971497 ], [ 774554.496737905777991, 9967226.995249869301915 ], [ 774566.987298107822426, 9967250.0 ], [ 774580.664716027327813, 9967272.319517508149147 ], [ 774595.491502812481485, 9967293.892626145854592 ], [ 774611.427019271533936, 9967314.660195525735617 ], [ 774628.427587261307053, 9967334.565303178504109 ], [ 774646.446609406732023, 9967353.5533905941993 ], [ 774665.434696820564568, 9967371.572412738576531 ], [ 774685.339804475079291, 9967388.572980728000402 ], [ 774706.107373853796162, 9967404.508497187867761 ], [ 774727.68048249243293, 9967419.335283972322941 ], [ 774750.0, 9967433.012701891362667 ], [ 774773.004750130232424, 9967445.503262093290687 ], [ 774796.631678462144919, 9967456.772728821262717 ], [ 774820.816025227308273, 9967466.79021324776113 ], [ 774845.491502812481485, 9967475.528258146718144 ], [ 774870.590477448771708, 9967482.962913144379854 ], [ 774896.044154591159895, 9967489.07380036637187 ], [ 774921.782767479890026, 9967493.844170298427343 ], [ 774947.735768366139382, 9967497.260947683826089 ], [ 774973.832021878566593, 9967499.314767377451062 ], [ 775000.0, 9967500.0 ], [ 775026.167978121433407, 9967499.314767377451062 ], [ 775052.264231633860618, 9967497.260947683826089 ], [ 775078.217232520109974, 9967493.844170298427343 ], [ 775103.955845408840105, 9967489.07380036637187 ], [ 775129.409522551228292, 9967482.962913144379854 ], [ 775154.508497187518515, 9967475.528258146718144 ], [ 775179.183974772691727, 9967466.79021324776113 ], [ 775203.368321537855081, 9967456.772728821262717 ], [ 775226.995249869767576, 9967445.503262093290687 ], [ 775250.0, 9967433.012701891362667 ], [ 775272.31951750756707, 9967419.335283972322941 ], [ 775293.892626146203838, 9967404.508497187867761 ], [ 775314.660195524920709, 9967388.572980728000402 ], [ 775334.565303179435432, 9967371.572412738576531 ], [ 775353.553390593267977, 9967353.5533905941993 ], [ 775371.572412738692947, 9967334.565303178504109 ], [ 775388.572980728466064, 9967314.660195525735617 ], [ 775404.508497187518515, 9967293.892626145854592 ], [ 775419.335283972672187, 9967272.319517508149147 ], [ 775433.012701892177574, 9967250.0 ], [ 775445.503262094222009, 9967226.995249869301915 ], [ 775456.772728821262717, 9967203.368321537971497 ], [ 775466.790213248576038, 9967179.183974772691727 ], [ 775475.528258147533052, 9967154.508497187867761 ], [ 775482.96291314449627, 9967129.4095225520432 ], [ 775489.073800366953947, 9967103.955845408141613 ], [ 775493.844170297612436, 9967078.217232519760728 ], [ 775497.260947684175335, 9967052.264231633394957 ], [ 775499.314767377334647, 9967026.167978120967746 ], [ 775500.0, 9967000.0 ] ] ] } },
{ "type": "Feature", "properties": { "easting": 776000.0, "northing": 9967000.0, "id": "grid_E776000_N9967000", "retained": true }, "geometry": { "type": "Polygon", "coordinates": [ [ [ 776500.0, 9967000.0 ], [ 776499.314767377334647, 9966973.832021879032254 ], [ 776497.260947684175335, 9966947.735768366605043 ], [ 776493.844170297612436, 9966921.782767480239272 ], [ 776489.073800366953947, 9966896.044154591858387 ], [ 776482.96291314449627, 9966870.5904774479568 ], [ 776475.528258147533052, 9966845.491502812132239 ], [ 776466.790213248576038, 9966820.816025227308273 ], [ 776456.772728821262717, 9966796.631678462028503 ], [ 776445.503262094222009, 9966773.004750130698085 ], [ 776433.012701892177574, 9966750.0 ], [ 776419.335283972672187, 9966727.680482491850853 ], [ 776404.508497187518515, 9966706.107373854145408 ], [ 776388.572980728466064, 9966685.339804474264383 ], [ 776371.572412738692947, 9966665.434696821495891 ], [ 776353.553390593267977, 9966646.4466094058007 ], [ 776334.565303179435432, 9966628.427587261423469 ], [ 776314.660195524920709, 9966611.427019271999598 ], [ 776293.892626146203838, 9966595.491502812132239 ], [ 776272.31951750756707, 9966580.664716027677059 ], [ 776250.0, 9966566.987298108637333 ], [ 776226.995249869767576, 9966554.496737906709313 ], [ 776203.368321537855081, 9966543.227271178737283 ], [ 776179.183974772691727, 9966533.20978675223887 ], [ 776154.508497187518515, 9966524.471741853281856 ], [ 776129.409522551228292, 9966517.037086855620146 ], [ 776103.955845408840105, 9966510.92619963362813 ], [ 776078.217232520109974, 9966506.155829701572657 ], [ 776052.264231633860618, 9966502.739052316173911 ], [ 776026.167978121433407, 9966500.685232622548938 ], [ 776000.0, 9966500.0 ], [ 775973.832021878566593, 9966500.685232622548938 ], [ 775947.735768366139382, 9966502.739052316173911 ], [ 775921.782767479890026, 9966506.155829701572657 ], [ 775896.044154591159895, 9966510.92619963362813 ], [ 775870.590477448771708, 9966517.037086855620146 ], [ 775845.491502812481485, 9966524.471741853281856 ], [ 775820.816025227308273, 9966533.20978675223887 ], [ 775796.631678462144919, 9966543.227271178737283 ], [ 775773.004750130232424, 9966554.496737906709313 ], [ 775750.0, 9966566.987298108637333 ], [ 775727.68048249243293, 9966580.664716027677059 ], [ 775706.107373853796162, 9966595.491502812132239 ], [ 775685.339804475079291, 9966611.427019271999598 ], [ 775665.434696820564568, 9966628.427587261423469 ], [ 775646.446609406732023, 9966646.4466094058007 ], [ 775628.427587261307053, 9966665.434696821495891 ], [ 775611.427019271533936, 9966685.339804474264383 ], [ 775595.491502812481485, 9966706.107373854145408 ], [ 775580.664716027327813, 9966727.680482491850853 ], [ 775566.987298107822426, 9966750.0 ], [ 775554.496737905777991, 9966773.004750130698085 ], [ 775543.227271178737283, 9966796.631678462028503 ], [ 775533.209786751423962, 9966820.816025227308273 ], [ 775524.471741852466948, 9966845.491502812132239 ], [ 775517.03708685550373, 9966870.5904774479568 ], [ 775510.926199633046053, 9966896.044154591858387 ], [ 775506.155829702387564, 9966921.782767480239272 ], [ 775502.739052315824665, 9966947.735768366605043 ], [ 775500.685232622665353, 9966973.832021879032254 ], [ 775500.0, 9967000.0 ], [ 775500.685232622665353, 9967026.167978120967746 ], [ 775502.739052315824665, 9967052.264231633394957 ], [ 775506.155829702387564, 9967078.217232519760728 ], [ 775510.926199633046053, 9967103.955845408141613 ], [ 775517.03708685550373, 9967129.4095225520432 ], [ 775524.471741852466948, 9967154.508497187867761 ], [ 775533.209786751423962, 9967179.183974772691727 ], [ 775543.227271178737283, 9967203.368321537971497 ], [ 775554.496737905777991, 9967226.995249869301915 ], [ 775566.987298107822426, 9967250.0 ], [ 775580.664716027327813, 9967272.319517508149147 ], [ 775595.491502812481485, 9967293.892626145854592 ], [ 775611.427019271533936, 9967314.660195525735617 ], [ 775628.427587261307053, 9967334.565303178504109 ], [ 775646.446609406732023, 9967353.5533905941993 ], [ 775665.434696820564568, 9967371.572412738576531 ], [ 775685.339804475079291, 9967388.572980728000402 ], [ 775706.107373853796162, 9967404.508497187867761 ], [ 775727.68048249243293, 9967419.335283972322941 ], [ 775750.0, 9967433.012701891362667 ], [ 775773.004750130232424, 9967445.503262093290687 ], [ 775796.631678462144919, 9967456.772728821262717 ], [ 775820.816025227308273, 9967466.79021324776113 ], [ 775845.491502812481485, 9967475.528258146718144 ], [ 775870.590477448771708, 9967482.962913144379854 ], [ 775896.044154591159895, 9967489.07380036637187 ], [ 775921.782767479890026, 9967493.844170298427343 ], [ 775947.735768366139382, 9967497.260947683826089 ], [ 775973.832021878566593, 9967499.314767377451062 ], [ 776000.0, 9967500.0 ], [ 776026.167978121433407, 9967499.314767377451062 ], [ 776052.264231633860618, 9967497.260947683826089 ], [ 776078.217232520109974, 9967493.844170298427343 ], [ 776103.955845408840105, 9967489.07380036637187 ], [ 776129.409522551228292, 9967482.962913144379854 ], [ 776154.508497187518515, 9967475.528258146718144 ], [ 776179.183974772691727, 9967466.79021324776113 ], [ 776203.368321537855081, 9967456.772728821262717 ], [ 776226.995249869767576, 9967445.503262093290687 ], [ 776250.0, 9967433.012701891362667 ], [ 776272.31951750756707, 9967419.335283972322941 ], [ 776293.892626146203838, 9967404.508497187867761 ], [ 776314.660195524920709, 9967388.572980728000402 ], [ 776334.565303179435432, 9967371.572412738576531 ], [ 776353.553390593267977, 9967353.5533905941993 ], [ 776371.572412738692947, 9967334.565303178504109 ], [ 776388.572980728466064, 9967314.660195525735617 ], [ 776404.508497187518515, 9967293.892626145854592 ], [ 776419.335283972672187, 9967272.319517508149147 ], [ 776433.012701892177574, 9967250.0 ], [ 776445.503262094222009, 9967226.995249869301915 ], [ 776456.772728821262717, 9967203.368321537971497 ], [ 776466.790213248576038, 9967179.183974772691727 ], [ 776475.528258147533052, 9967154.508497187867761 ], [ 776482.96291314449627, 9967129.4095225520432 ], [ 776489.073800366953947, 9967103.955845408141613 ], [ 776493.844170297612436, 9967078.217232519760728 ], [ 776497.260947684175335, 9967052.264231633394957 ], [ 776499.314767377334647, 9967026.167978120967746 ], [ 776500.0, 9967000.0 ] ] ] } },
{ "type": "Feature", "properties": { "easting": 776000.0, "northing": 9968000.0, "id": "grid_E776000_N9968000", "retained": true }, "geometry": { "type": "Polygon", "coordinates": [ [ [ 776500.0, 9968000.0 ], [ 776499.314767377334647, 9967973.832021879032254 ], [ 776497.260947684175335, 9967947.735768366605043 ], [ 776493.844170297612436, 9967921.782767480239272 ], [ 776489.073800366953947, 9967896.044154591858387 ], [ 776482.96291314449627, 9967870.5904774479568 ], [ 776475.528258147533052, 9967845.491502812132239 ], [ 776466.790213248576038, 9967820.816025227308273 ], [ 776456.772728821262717, 9967796.631678462028503 ], [ 776445.503262094222009, 9967773.004750130698085 ], [ 776433.012701892177574, 9967750.0 ], [ 776419.335283972672187, 9967727.680482491850853 ], [ 776404.508497187518515, 9967706.107373854145408 ], [ 776388.572980728466064, 9967685.339804474264383 ], [ 776371.572412738692947, 9967665.434696821495891 ], [ 776353.553390593267977, 9967646.4466094058007 ], [ 776334.565303179435432, 9967628.427587261423469 ], [ 776314.660195524920709, 9967611.427019271999598 ], [ 776293.892626146203838, 9967595.491502812132239 ], [ 776272.31951750756707, 9967580.664716027677059 ], [ 776250.0, 9967566.987298108637333 ], [ 776226.995249869767576, 9967554.496737906709313 ], [ 776203.368321537855081, 9967543.227271178737283 ], [ 776179.183974772691727, 9967533.20978675223887 ], [ 776154.508497187518515, 9967524.471741853281856 ], [ 776129.409522551228292, 9967517.037086855620146 ], [ 776103.955845408840105, 9967510.92619963362813 ], [ 776078.217232520109974, 9967506.155829701572657 ], [ 776052.264231633860618, 9967502.739052316173911 ], [ 776026.167978121433407, 9967500.685232622548938 ], [ 776000.0, 9967500.0 ], [ 775973.832021878566593, 9967500.685232622548938 ], [ 775947.735768366139382, 9967502.739052316173911 ], [ 775921.782767479890026, 9967506.155829701572657 ], [ 775896.044154591159895, 9967510.92619963362813 ], [ 775870.590477448771708, 9967517.037086855620146 ], [ 775845.491502812481485, 9967524.471741853281856 ], [ 775820.816025227308273, 9967533.20978675223887 ], [ 775796.631678462144919, 9967543.227271178737283 ], [ 775773.004750130232424, 9967554.496737906709313 ], [ 775750.0, 9967566.987298108637333 ], [ 775727.68048249243293, 9967580.664716027677059 ], [ 775706.107373853796162, 9967595.491502812132239 ], [ 775685.339804475079291, 9967611.427019271999598 ], [ 775665.434696820564568, 9967628.427587261423469 ], [ 775646.446609406732023, 9967646.4466094058007 ], [ 775628.427587261307053, 9967665.434696821495891 ], [ 775611.427019271533936, 9967685.339804474264383 ], [ 775595.491502812481485, 9967706.107373854145408 ], [ 775580.664716027327813, 9967727.680482491850853 ], [ 775566.987298107822426, 9967750.0 ], [ 775554.496737905777991, 9967773.004750130698085 ], [ 775543.227271178737283, 9967796.631678462028503 ], [ 775533.209786751423962, 9967820.816025227308273 ], [ 775524.471741852466948, 9967845.491502812132239 ], [ 775517.03708685550373, 9967870.5904774479568 ], [ 775510.926199633046053, 9967896.044154591858387 ], [ 775506.155829702387564, 9967921.782767480239272 ], [ 775502.739052315824665, 9967947.735768366605043 ], [ 775500.685232622665353, 9967973.832021879032254 ], [ 775500.0, 9968000.0 ], [ 775500.685232622665353, 9968026.167978120967746 ], [ 775502.739052315824665, 9968052.264231633394957 ], [ 775506.155829702387564, 9968078.217232519760728 ], [ 775510.926199633046053, 9968103.955845408141613 ], [ 775517.03708685550373, 9968129.4095225520432 ], [ 775524.471741852466948, 9968154.508497187867761 ], [ 775533.209786751423962, 9968179.183974772691727 ], [ 775543.227271178737283, 9968203.368321537971497 ], [ 775554.496737905777991, 9968226.995249869301915 ], [ 775566.987298107822426, 9968250.0 ], [ 775580.664716027327813, 9968272.319517508149147 ], [ 775595.491502812481485, 9968293.892626145854592 ], [ 775611.427019271533936, 9968314.660195525735617 ], [ 775628.427587261307053, 9968334.565303178504109 ], [ 775646.446609406732023, 9968353.5533905941993 ], [ 775665.434696820564568, 9968371.572412738576531 ], [ 775685.339804475079291, 9968388.572980728000402 ], [ 775706.107373853796162, 9968404.508497187867761 ], [ 775727.68048249243293, 9968419.335283972322941 ], [ 775750.0, 9968433.012701891362667 ], [ 775773.004750130232424, 9968445.503262093290687 ], [ 775796.631678462144919, 9968456.772728821262717 ], [ 775820.816025227308273, 9968466.79021324776113 ], [ 775845.491502812481485, 9968475.528258146718144 ], [ 775870.590477448771708, 9968482.962913144379854 ], [ 775896.044154591159895, 9968489.07380036637187 ], [ 775921.782767479890026, 9968493.844170298427343 ], [ 775947.735768366139382, 9968497.260947683826089 ], [ 775973.832021878566593, 9968499.314767377451062 ], [ 776000.0, 9968500.0 ], [ 776026.167978121433407, 9968499.314767377451062 ], [ 776052.264231633860618, 9968497.260947683826089 ], [ 776078.217232520109974, 9968493.844170298427343 ], [ 776103.955845408840105, 9968489.07380036637187 ], [ 776129.409522551228292, 9968482.962913144379854 ], [ 776154.508497187518515, 9968475.528258146718144 ], [ 776179.183974772691727, 9968466.79021324776113 ], [ 776203.368321537855081, 9968456.772728821262717 ], [ 776226.995249869767576, 9968445.503262093290687 ], [ 776250.0, 9968433.012701891362667 ], [ 776272.31951750756707, 9968419.335283972322941 ], [ 776293.892626146203838, 9968404.508497187867761 ], [ 776314.660195524920709, 9968388.572980728000402 ], [ 776334.565303179435432, 9968371.572412738576531 ], [ 776353.553390593267977, 9968353.5533905941993 ], [ 776371.572412738692947, 9968334.565303178504109 ], [ 776388.572980728466064, 9968314.660195525735617 ], [ 776404.508497187518515, 9968293.892626145854592 ], [ 776419.335283972672187, 9968272.319517508149147 ], [ 776433.012701892177574, 9968250.0 ], [ 776445.503262094222009, 9968226.995249869301915 ], [ 776456.772728821262717, 9968203.368321537971497 ], [ 776466.790213248576038, 9968179.183974772691727 ], [ 776475.528258147533052, 9968154.508497187867761 ], [ 776482.96291314449627, 9968129.4095225520432 ], [ 776489.073800366953947, 9968103.955845408141613 ], [ 776493.844170297612436, 9968078.217232519760728 ], [ 776497.260947684175335, 9968052.264231633394957 ], [ 776499.314767377334647, 9968026.167978120967746 ], [ 776500.0, 9968000.0 ] ] ] } },
{ "type": "Feature", "properties": { "easting": 776000.0, "northing": 9986000.0, "id": "grid_E776000_N9986000", "retained": true }, "geometry": { "type": "Polygon", "coordinates": [ [ [ 776500.0, 9986000.0 ], [ 776499.314767377334647, 9985973.832021879032254 ], [ 776497.260947684175335, 9985947.735768366605043 ], [ 776493.844170297612436, 9985921.782767480239272 ], [ 776489.073800366953947, 9985896.044154591858387 ], [ 776482.96291314449627, 9985870.5904774479568 ], [ 776475.528258147533052, 9985845.491502812132239 ], [ 776466.790213248576038, 9985820.816025227308273 ], [ 776456.772728821262717, 9985796.631678462028503 ], [ 776445.503262094222009, 9985773.004750130698085 ], [ 776433.012701892177574, 9985750.0 ], [ 776419.335283972672187, 9985727.680482491850853 ], [ 776404.508497187518515, 9985706.107373854145408 ], [ 776388.572980728466064, 9985685.339804474264383 ], [ 776371.572412738692947, 9985665.434696821495891 ], [ 776353.553390593267977, 9985646.4466094058007 ], [ 776334.565303179435432, 9985628.427587261423469 ], [ 776314.660195524920709, 9985611.427019271999598 ], [ 776293.892626146203838, 9985595.491502812132239 ], [ 776272.31951750756707, 9985580.664716027677059 ], [ 776250.0, 9985566.987298108637333 ], [ 776226.995249869767576, 9985554.496737906709313 ], [ 776203.368321537855081, 9985543.227271178737283 ], [ 776179.183974772691727, 9985533.20978675223887 ], [ 776154.508497187518515, 9985524.471741853281856 ], [ 776129.409522551228292, 9985517.037086855620146 ], [ 776103.955845408840105, 9985510.92619963362813 ], [ 776078.217232520109974, 9985506.155829701572657 ], [ 776052.264231633860618, 9985502.739052316173911 ], [ 776026.167978121433407, 9985500.685232622548938 ], [ 776000.0, 9985500.0 ], [ 775973.832021878566593, 9985500.685232622548938 ], [ 775947.735768366139382, 9985502.739052316173911 ], [ 775921.782767479890026, 9985506.155829701572657 ], [ 775896.044154591159895, 9985510.92619963362813 ], [ 775870.590477448771708, 9985517.037086855620146 ], [ 775845.491502812481485, 9985524.471741853281856 ], [ 775820.816025227308273, 9985533.20978675223887 ], [ 775796.631678462144919, 9985543.227271178737283 ], [ 775773.004750130232424, 9985554.496737906709313 ], [ 775750.0, 9985566.987298108637333 ], [ 775727.68048249243293, 9985580.664716027677059 ], [ 775706.107373853796162, 9985595.491502812132239 ], [ 775685.339804475079291, 9985611.427019271999598 ], [ 775665.434696820564568, 9985628.427587261423469 ], [ 775646.446609406732023, 9985646.4466094058007 ], [ 775628.427587261307053, 9985665.434696821495891 ], [ 775611.427019271533936, 9985685.339804474264383 ], [ 775595.491502812481485, 9985706.107373854145408 ], [ 775580.664716027327813, 9985727.680482491850853 ], [ 775566.987298107822426, 9985750.0 ], [ 775554.496737905777991, 9985773.004750130698085 ], [ 775543.227271178737283, 9985796.631678462028503 ], [ 775533.209786751423962, 9985820.816025227308273 ], [ 775524.471741852466948, 9985845.491502812132239 ], [ 775517.03708685550373, 9985870.5904774479568 ], [ 775510.926199633046053, 9985896.044154591858387 ], [ 775506.155829702387564, 9985921.782767480239272 ], [ 775502.739052315824665, 9985947.735768366605043 ], [ 775500.685232622665353, 9985973.832021879032254 ], [ 775500.0, 9986000.0 ], [ 775500.685232622665353, 9986026.167978120967746 ], [ 775502.739052315824665, 9986052.264231633394957 ], [ 775506.155829702387564, 9986078.217232519760728 ], [ 775510.926199633046053, 9986103.955845408141613 ], [ 775517.03708685550373, 9986129.4095225520432 ], [ 775524.471741852466948, 9986154.508497187867761 ], [ 775533.209786751423962, 9986179.183974772691727 ], [ 775543.227271178737283, 9986203.368321537971497 ], [ 775554.496737905777991, 9986226.995249869301915 ], [ 775566.987298107822426, 9986250.0 ], [ 775580.664716027327813, 9986272.319517508149147 ], [ 775595.491502812481485, 9986293.892626145854592 ], [ 775611.427019271533936, 9986314.660195525735617 ], [ 775628.427587261307053, 9986334.565303178504109 ], [ 775646.446609406732023, 9986353.5533905941993 ], [ 775665.434696820564568, 9986371.572412738576531 ], [ 775685.339804475079291, 9986388.572980728000402 ], [ 775706.107373853796162, 9986404.508497187867761 ], [ 775727.68048249243293, 9986419.335283972322941 ], [ 775750.0, 9986433.012701891362667 ], [ 775773.004750130232424, 9986445.503262093290687 ], [ 775796.631678462144919, 9986456.772728821262717 ], [ 775820.816025227308273, 9986466.79021324776113 ], [ 775845.491502812481485, 9986475.528258146718144 ], [ 775870.590477448771708, 9986482.962913144379854 ], [ 775896.044154591159895, 9986489.07380036637187 ], [ 775921.782767479890026, 9986493.844170298427343 ], [ 775947.735768366139382, 9986497.260947683826089 ], [ 775973.832021878566593, 9986499.314767377451062 ], [ 776000.0, 9986500.0 ], [ 776026.167978121433407, 9986499.314767377451062 ], [ 776052.264231633860618, 9986497.260947683826089 ], [ 776078.217232520109974, 9986493.844170298427343 ], [ 776103.955845408840105, 9986489.07380036637187 ], [ 776129.409522551228292, 9986482.962913144379854 ], [ 776154.508497187518515, 9986475.528258146718144 ], [ 776179.183974772691727, 9986466.79021324776113 ], [ 776203.368321537855081, 9986456.772728821262717 ], [ 776226.995249869767576, 9986445.503262093290687 ], [ 776250.0, 9986433.012701891362667 ], [ 776272.31951750756707, 9986419.335283972322941 ], [ 776293.892626146203838, 9986404.508497187867761 ], [ 776314.660195524920709, 9986388.572980728000402 ], [ 776334.565303179435432, 9986371.572412738576531 ], [ 776353.553390593267977, 9986353.5533905941993 ], [ 776371.572412738692947, 9986334.565303178504109 ], [ 776388.572980728466064, 9986314.660195525735617 ], [ 776404.508497187518515, 9986293.892626145854592 ], [ 776419.335283972672187, 9986272.319517508149147 ], [ 776433.012701892177574, 9986250.0 ], [ 776445.503262094222009, 9986226.995249869301915 ], [ 776456.772728821262717, 9986203.368321537971497 ], [ 776466.790213248576038, 9986179.183974772691727 ], [ 776475.528258147533052, 9986154.508497187867761 ], [ 776482.96291314449627, 9986129.4095225520432 ], [ 776489.073800366953947, 9986103.955845408141613 ], [ 776493.844170297612436, 9986078.217232519760728 ], [ 776497.260947684175335, 9986052.264231633394957 ], [ 776499.314767377334647, 9986026.167978120967746 ], [ 776500.0, 9986000.0 ] ] ] } },
{ "type": "Feature", "properties": { "easting": 776000.0, "northing": 9989000.0, "id": "grid_E776000_N9989000", "retained": true }, "geometry": { "type": "Polygon", "coordinates": [ [ [ 776500.0, 9989000.0 ], [ 776499.314767377334647, 9988973.832021879032254 ], [ 776497.260947684175335, 9988947.735768366605043 ], [ 776493.844170297612436, 9988921.782767480239272 ], [ 776489.073800366953947, 9988896.044154591858387 ], [ 776482.96291314449627, 9988870.5904774479568 ], [ 776475.528258147533052, 9988845.491502812132239 ], [ 776466.790213248576038, 9988820.816025227308273 ], [ 776456.772728821262717, 9988796.631678462028503 ], [ 776445.503262094222009, 9988773.004750130698085 ], [ 776433.012701892177574, 9988750.0 ], [ 776419.335283972672187, 9988727.680482491850853 ], [ 776404.508497187518515, 9988706.107373854145408 ], [ 776388.572980728466064, 9988685.339804474264383 ], [ 776371.572412738692947, 9988665.434696821495891 ], [ 776353.553390593267977, 9988646.4466094058007 ], [ 776334.565303179435432, 9988628.427587261423469 ], [ 776314.660195524920709, 9988611.427019271999598 ], [ 776293.892626146203838, 9988595.491502812132239 ], [ 776272.31951750756707, 9988580.664716027677059 ], [ 776250.0, 9988566.987298108637333 ], [ 776226.995249869767576, 9988554.496737906709313 ], [ 776203.368321537855081, 9988543.227271178737283 ], [ 776179.183974772691727, 9988533.20978675223887 ], [ 776154.508497187518515, 9988524.471741853281856 ], [ 776129.409522551228292, 9988517.037086855620146 ], [ 776103.955845408840105, 9988510.92619963362813 ], [ 776078.217232520109974, 9988506.155829701572657 ], [ 776052.264231633860618, 9988502.739052316173911 ], [ 776026.167978121433407, 9988500.685232622548938 ], [ 776000.0, 9988500.0 ], [ 775973.832021878566593, 9988500.685232622548938 ], [ 775947.735768366139382, 9988502.739052316173911 ], [ 775921.782767479890026, 9988506.155829701572657 ], [ 775896.044154591159895, 9988510.92619963362813 ], [ 775870.590477448771708, 9988517.037086855620146 ], [ 775845.491502812481485, 9988524.471741853281856 ], [ 775820.816025227308273, 9988533.20978675223887 ], [ 775796.631678462144919, 9988543.227271178737283 ], [ 775773.004750130232424, 9988554.496737906709313 ], [ 775750.0, 9988566.987298108637333 ], [ 775727.68048249243293, 9988580.664716027677059 ], [ 775706.107373853796162, 9988595.491502812132239 ], [ 775685.339804475079291, 9988611.427019271999598 ], [ 775665.434696820564568, 9988628.427587261423469 ], [ 775646.446609406732023, 9988646.4466094058007 ], [ 775628.427587261307053, 9988665.434696821495891 ], [ 775611.427019271533936, 9988685.339804474264383 ], [ 775595.491502812481485, 9988706.107373854145408 ], [ 775580.664716027327813, 9988727.680482491850853 ], [ 775566.987298107822426, 9988750.0 ], [ 775554.496737905777991, 9988773.004750130698085 ], [ 775543.227271178737283, 9988796.631678462028503 ], [ 775533.209786751423962, 9988820.816025227308273 ], [ 775524.471741852466948, 9988845.491502812132239 ], [ 775517.03708685550373, 9988870.5904774479568 ], [ 775510.926199633046053, 9988896.044154591858387 ], [ 775506.155829702387564, 9988921.782767480239272 ], [ 775502.739052315824665, 9988947.735768366605043 ], [ 775500.685232622665353, 9988973.832021879032254 ], [ 775500.0, 9989000.0 ], [ 775500.685232622665353, 9989026.167978120967746 ], [ 775502.739052315824665, 9989052.264231633394957 ], [ 775506.155829702387564, 9989078.217232519760728 ], [ 775510.926199633046053, 9989103.955845408141613 ], [ 775517.03708685550373, 9989129.4095225520432 ], [ 775524.471741852466948, 9989154.508497187867761 ], [ 775533.209786751423962, 9989179.183974772691727 ], [ 775543.227271178737283, 9989203.368321537971497 ], [ 775554.496737905777991, 9989226.995249869301915 ], [ 775566.987298107822426, 9989250.0 ], [ 775580.664716027327813, 9989272.319517508149147 ], [ 775595.491502812481485, 9989293.892626145854592 ], [ 775611.427019271533936, 9989314.660195525735617 ], [ 775628.427587261307053, 9989334.565303178504109 ], [ 775646.446609406732023, 9989353.5533905941993 ], [ 775665.434696820564568, 9989371.572412738576531 ], [ 775685.339804475079291, 9989388.572980728000402 ], [ 775706.107373853796162, 9989404.508497187867761 ], [ 775727.68048249243293, 9989419.335283972322941 ], [ 775750.0, 9989433.012701891362667 ], [ 775773.004750130232424, 9989445.503262093290687 ], [ 775796.631678462144919, 9989456.772728821262717 ], [ 775820.816025227308273, 9989466.79021324776113 ], [ 775845.491502812481485, 9989475.528258146718144 ], [ 775870.590477448771708, 9989482.962913144379854 ], [ 775896.044154591159895, 9989489.07380036637187 ], [ 775921.782767479890026, 9989493.844170298427343 ], [ 775947.735768366139382, 9989497.260947683826089 ], [ 775973.832021878566593, 9989499.314767377451062 ], [ 776000.0, 9989500.0 ], [ 776026.167978121433407, 9989499.314767377451062 ], [ 776052.264231633860618, 9989497.260947683826089 ], [ 776078.217232520109974, 9989493.844170298427343 ], [ 776103.955845408840105, 9989489.07380036637187 ], [ 776129.409522551228292, 9989482.962913144379854 ], [ 776154.508497187518515, 9989475.528258146718144 ], [ 776179.183974772691727, 9989466.79021324776113 ], [ 776203.368321537855081, 9989456.772728821262717 ], [ 776226.995249869767576, 9989445.503262093290687 ], [ 776250.0, 9989433.012701891362667 ], [ 776272.31951750756707, 9989419.335283972322941 ], [ 776293.892626146203838, 9989404.508497187867761 ], [ 776314.660195524920709, 9989388.572980728000402 ], [ 776334.565303179435432, 9989371.572412738576531 ], [ 776353.553390593267977, 9989353.5533905941993 ], [ 776371.572412738692947, 9989334.565303178504109 ], [ 776388.572980728466064, 9989314.660195525735617 ], [ 776404.508497187518515, 9989293.892626145854592 ], [ 776419.335283972672187, 9989272.319517508149147 ], [ 776433.012701892177574, 9989250.0 ], [ 776445.503262094222009, 9989226.995249869301915 ], [ 776456.772728821262717, 9989203.368321537971497 ], [ 776466.790213248576038, 9989179.183974772691727 ], [ 776475.528258147533052, 9989154.508497187867761 ], [ 776482.96291314449627, 9989129.4095225520432 ], [ 776489.073800366953947, 9989103.955845408141613 ], [ 776493.844170297612436, 9989078.217232519760728 ], [ 776497.260947684175335, 9989052.264231633394957 ], [ 776499.314767377334647, 9989026.167978120967746 ], [ 776500.0, 9989000.0 ] ] ] } },
{ "type": "Feature", "properties": { "easting": 776000.0, "northing": 9990000.0, "id": "grid_E776000_N9990000", "retained": true }, "geometry": { "type": "Polygon", "coordinates": [ [ [ 776500.0, 9990000.0 ], [ 776499.314767377334647, 9989973.832021879032254 ], [ 776497.260947684175335, 9989947.735768366605043 ], [ 776493.844170297612436, 9989921.782767480239272 ], [ 776489.073800366953947, 9989896.044154591858387 ], [ 776482.96291314449627, 9989870.5904774479568 ], [ 776475.528258147533052, 9989845.491502812132239 ], [ 776466.790213248576038, 9989820.816025227308273 ], [ 776456.772728821262717, 9989796.631678462028503 ], [ 776445.503262094222009, 9989773.004750130698085 ], [ 776433.012701892177574, 9989750.0 ], [ 776419.335283972672187, 9989727.680482491850853 ], [ 776404.508497187518515, 9989706.107373854145408 ], [ 776388.572980728466064, 9989685.339804474264383 ], [ 776371.572412738692947, 9989665.434696821495891 ], [ 776353.553390593267977, 9989646.4466094058007 ], [ 776334.565303179435432, 9989628.427587261423469 ], [ 776314.660195524920709, 9989611.427019271999598 ], [ 776293.892626146203838, 9989595.491502812132239 ], [ 776272.31951750756707, 9989580.664716027677059 ], [ 776250.0, 9989566.987298108637333 ], [ 776226.995249869767576, 9989554.496737906709313 ], [ 776203.368321537855081, 9989543.227271178737283 ], [ 776179.183974772691727, 9989533.20978675223887 ], [ 776154.508497187518515, 9989524.471741853281856 ], [ 776129.409522551228292, 9989517.037086855620146 ], [ 776103.955845408840105, 9989510.92619963362813 ], [ 776078.217232520109974, 9989506.155829701572657 ], [ 776052.264231633860618, 9989502.739052316173911 ], [ 776026.167978121433407, 9989500.685232622548938 ], [ 776000.0, 9989500.0 ], [ 775973.832021878566593, 9989500.685232622548938 ], [ 775947.735768366139382, 9989502.739052316173911 ], [ 775921.782767479890026, 9989506.155829701572657 ], [ 775896.044154591159895, 9989510.92619963362813 ], [ 775870.590477448771708, 9989517.037086855620146 ], [ 775845.491502812481485, 9989524.471741853281856 ], [ 775820.816025227308273, 9989533.20978675223887 ], [ 775796.631678462144919, 9989543.227271178737283 ], [ 775773.004750130232424, 9989554.496737906709313 ], [ 775750.0, 9989566.987298108637333 ], [ 775727.68048249243293, 9989580.664716027677059 ], [ 775706.107373853796162, 9989595.491502812132239 ], [ 775685.339804475079291, 9989611.427019271999598 ], [ 775665.434696820564568, 9989628.427587261423469 ], [ 775646.446609406732023, 9989646.4466094058007 ], [ 775628.427587261307053, 9989665.434696821495891 ], [ 775611.427019271533936, 9989685.339804474264383 ], [ 775595.491502812481485, 9989706.107373854145408 ], [ 775580.664716027327813, 9989727.680482491850853 ], [ 775566.987298107822426, 9989750.0 ], [ 775554.496737905777991, 9989773.004750130698085 ], [ 775543.227271178737283, 9989796.631678462028503 ], [ 775533.209786751423962, 9989820.816025227308273 ], [ 775524.471741852466948, 9989845.491502812132239 ], [ 775517.03708685550373, 9989870.5904774479568 ], [ 775510.926199633046053, 9989896.044154591858387 ], [ 775506.155829702387564, 9989921.782767480239272 ], [ 775502.739052315824665, 9989947.735768366605043 ], [ 775500.685232622665353, 9989973.832021879032254 ], [ 775500.0, 9990000.0 ], [ 775500.685232622665353, 9990026.167978120967746 ], [ 775502.739052315824665, 9990052.264231633394957 ], [ 775506.155829702387564, 9990078.217232519760728 ], [ 775510.926199633046053, 9990103.955845408141613 ], [ 775517.03708685550373, 9990129.4095225520432 ], [ 775524.471741852466948, 9990154.508497187867761 ], [ 775533.209786751423962, 9990179.183974772691727 ], [ 775543.227271178737283, 9990203.368321537971497 ], [ 775554.496737905777991, 9990226.995249869301915 ], [ 775566.987298107822426, 9990250.0 ], [ 775580.664716027327813, 9990272.319517508149147 ], [ 775595.491502812481485, 9990293.892626145854592 ], [ 775611.427019271533936, 9990314.660195525735617 ], [ 775628.427587261307053, 9990334.565303178504109 ], [ 775646.446609406732023, 9990353.5533905941993 ], [ 775665.434696820564568, 9990371.572412738576531 ], [ 775685.339804475079291, 9990388.572980728000402 ], [ 775706.107373853796162, 9990404.508497187867761 ], [ 775727.68048249243293, 9990419.335283972322941 ], [ 775750.0, 9990433.012701891362667 ], [ 775773.004750130232424, 9990445.503262093290687 ], [ 775796.631678462144919, 9990456.772728821262717 ], [ 775820.816025227308273, 9990466.79021324776113 ], [ 775845.491502812481485, 9990475.528258146718144 ], [ 775870.590477448771708, 9990482.962913144379854 ], [ 775896.044154591159895, 9990489.07380036637187 ], [ 775921.782767479890026, 9990493.844170298427343 ], [ 775947.735768366139382, 9990497.260947683826089 ], [ 775973.832021878566593, 9990499.314767377451062 ], [ 776000.0, 9990500.0 ], [ 776026.167978121433407, 9990499.314767377451062 ], [ 776052.264231633860618, 9990497.260947683826089 ], [ 776078.217232520109974, 9990493.844170298427343 ], [ 776103.955845408840105, 9990489.07380036637187 ], [ 776129.409522551228292, 9990482.962913144379854 ], [ 776154.508497187518515, 9990475.528258146718144 ], [ 776179.183974772691727, 9990466.79021324776113 ], [ 776203.368321537855081, 9990456.772728821262717 ], [ 776226.995249869767576, 9990445.503262093290687 ], [ 776250.0, 9990433.012701891362667 ], [ 776272.31951750756707, 9990419.335283972322941 ], [ 776293.892626146203838, 9990404.508497187867761 ], [ 776314.660195524920709, 9990388.572980728000402 ], [ 776334.565303179435432, 9990371.572412738576531 ], [ 776353.553390593267977, 9990353.5533905941993 ], [ 776371.572412738692947, 9990334.565303178504109 ], [ 776388.572980728466064, 9990314.660195525735617 ], [ 776404.508497187518515, 9990293.892626145854592 ], [ 776419.335283972672187, 9990272.319517508149147 ], [ 776433.012701892177574, 9990250.0 ], [ 776445.503262094222009, 9990226.995249869301915 ], [ 776456.772728821262717, 9990203.368321537971497 ], [ 776466.790213248576038, 9990179.183974772691727 ], [ 776475.528258147533052, 9990154.508497187867761 ], [ 776482.96291314449627, 9990129.4095225520432 ], [ 776489.073800366953947, 9990103.955845408141613 ], [ 776493.844170297612436, 9990078.217232519760728 ], [ 776497.260947684175335, 9990052.264231633394957 ], [ 776499.314767377334647, 9990026.167978120967746 ], [ 776500.0, 9990000.0 ] ] ] } },
{ "type": "Feature", "properties": { "easting": 777000.0, "northing": 9971000.0, "id": "grid_E777000_N9971000", "retained": true }, "geometry": { "type": "Polygon", "coordinates": [ [ [ 777500.0, 9971000.0 ], [ 777499.314767377334647, 9970973.832021879032254 ], [ 777497.260947684175335, 9970947.735768366605043 ], [ 777493.844170297612436, 9970921.782767480239272 ], [ 777489.073800366953947, 9970896.044154591858387 ], [ 777482.96291314449627, 9970870.5904774479568 ], [ 777475.528258147533052, 9970845.491502812132239 ], [ 777466.790213248576038, 9970820.816025227308273 ], [ 777456.772728821262717, 9970796.631678462028503 ], [ 777445.503262094222009, 9970773.004750130698085 ], [ 777433.012701892177574, 9970750.0 ], [ 777419.335283972672187, 9970727.680482491850853 ], [ 777404.508497187518515, 9970706.107373854145408 ], [ 777388.572980728466064, 9970685.339804474264383 ], [ 777371.572412738692947, 9970665.434696821495891 ], [ 777353.553390593267977, 9970646.4466094058007 ], [ 777334.565303179435432, 9970628.427587261423469 ], [ 777314.660195524920709, 9970611.427019271999598 ], [ 777293.892626146203838, 9970595.491502812132239 ], [ 777272.31951750756707, 9970580.664716027677059 ], [ 777250.0, 9970566.987298108637333 ], [ 777226.995249869767576, 9970554.496737906709313 ], [ 777203.368321537855081, 9970543.227271178737283 ], [ 777179.183974772691727, 9970533.20978675223887 ], [ 777154.508497187518515, 9970524.471741853281856 ], [ 777129.409522551228292, 9970517.037086855620146 ], [ 777103.955845408840105, 9970510.92619963362813 ], [ 777078.217232520109974, 9970506.155829701572657 ], [ 777052.264231633860618, 9970502.739052316173911 ], [ 777026.167978121433407, 9970500.685232622548938 ], [ 777000.0, 9970500.0 ], [ 776973.832021878566593, 9970500.685232622548938 ], [ 776947.735768366139382, 9970502.739052316173911 ], [ 776921.782767479890026, 9970506.155829701572657 ], [ 776896.044154591159895, 9970510.92619963362813 ], [ 776870.590477448771708, 9970517.037086855620146 ], [ 776845.491502812481485, 9970524.471741853281856 ], [ 776820.816025227308273, 9970533.20978675223887 ], [ 776796.631678462144919, 9970543.227271178737283 ], [ 776773.004750130232424, 9970554.496737906709313 ], [ 776750.0, 9970566.987298108637333 ], [ 776727.68048249243293, 9970580.664716027677059 ], [ 776706.107373853796162, 9970595.491502812132239 ], [ 776685.339804475079291, 9970611.427019271999598 ], [ 776665.434696820564568, 9970628.427587261423469 ], [ 776646.446609406732023, 9970646.4466094058007 ], [ 776628.427587261307053, 9970665.434696821495891 ], [ 776611.427019271533936, 9970685.339804474264383 ], [ 776595.491502812481485, 9970706.107373854145408 ], [ 776580.664716027327813, 9970727.680482491850853 ], [ 776566.987298107822426, 9970750.0 ], [ 776554.496737905777991, 9970773.004750130698085 ], [ 776543.227271178737283, 9970796.631678462028503 ], [ 776533.209786751423962, 9970820.816025227308273 ], [ 776524.471741852466948, 9970845.491502812132239 ], [ 776517.03708685550373, 9970870.5904774479568 ], [ 776510.926199633046053, 9970896.044154591858387 ], [ 776506.155829702387564, 9970921.782767480239272 ], [ 776502.739052315824665, 9970947.735768366605043 ], [ 776500.685232622665353, 9970973.832021879032254 ], [ 776500.0, 9971000.0 ], [ 776500.685232622665353, 9971026.167978120967746 ], [ 776502.739052315824665, 9971052.264231633394957 ], [ 776506.155829702387564, 9971078.217232519760728 ], [ 776510.926199633046053, 9971103.955845408141613 ], [ 776517.03708685550373, 9971129.4095225520432 ], [ 776524.471741852466948, 9971154.508497187867761 ], [ 776533.209786751423962, 9971179.183974772691727 ], [ 776543.227271178737283, 9971203.368321537971497 ], [ 776554.496737905777991, 9971226.995249869301915 ], [ 776566.987298107822426, 9971250.0 ], [ 776580.664716027327813, 9971272.319517508149147 ], [ 776595.491502812481485, 9971293.892626145854592 ], [ 776611.427019271533936, 9971314.660195525735617 ], [ 776628.427587261307053, 9971334.565303178504109 ], [ 776646.446609406732023, 9971353.5533905941993 ], [ 776665.434696820564568, 9971371.572412738576531 ], [ 776685.339804475079291, 9971388.572980728000402 ], [ 776706.107373853796162, 9971404.508497187867761 ], [ 776727.68048249243293, 9971419.335283972322941 ], [ 776750.0, 9971433.012701891362667 ], [ 776773.004750130232424, 9971445.503262093290687 ], [ 776796.631678462144919, 9971456.772728821262717 ], [ 776820.816025227308273, 9971466.79021324776113 ], [ 776845.491502812481485, 9971475.528258146718144 ], [ 776870.590477448771708, 9971482.962913144379854 ], [ 776896.044154591159895, 9971489.07380036637187 ], [ 776921.782767479890026, 9971493.844170298427343 ], [ 776947.735768366139382, 9971497.260947683826089 ], [ 776973.832021878566593, 9971499.314767377451062 ], [ 777000.0, 9971500.0 ], [ 777026.167978121433407, 9971499.314767377451062 ], [ 777052.264231633860618, 9971497.260947683826089 ], [ 777078.217232520109974, 9971493.844170298427343 ], [ 777103.955845408840105, 9971489.07380036637187 ], [ 777129.409522551228292, 9971482.962913144379854 ], [ 777154.508497187518515, 9971475.528258146718144 ], [ 777179.183974772691727, 9971466.79021324776113 ], [ 777203.368321537855081, 9971456.772728821262717 ], [ 777226.995249869767576, 9971445.503262093290687 ], [ 777250.0, 9971433.012701891362667 ], [ 777272.31951750756707, 9971419.335283972322941 ], [ 777293.892626146203838, 9971404.508497187867761 ], [ 777314.660195524920709, 9971388.572980728000402 ], [ 777334.565303179435432, 9971371.572412738576531 ], [ 777353.553390593267977, 9971353.5533905941993 ], [ 777371.572412738692947, 9971334.565303178504109 ], [ 777388.572980728466064, 9971314.660195525735617 ], [ 777404.508497187518515, 9971293.892626145854592 ], [ 777419.335283972672187, 9971272.319517508149147 ], [ 777433.012701892177574, 9971250.0 ], [ 777445.503262094222009, 9971226.995249869301915 ], [ 777456.772728821262717, 9971203.368321537971497 ], [ 777466.790213248576038, 9971179.183974772691727 ], [ 777475.528258147533052, 9971154.508497187867761 ], [ 777482.96291314449627, 9971129.4095225520432 ], [ 777489.073800366953947, 9971103.955845408141613 ], [ 777493.844170297612436, 9971078.217232519760728 ], [ 777497.260947684175335, 9971052.264231633394957 ], [ 777499.314767377334647, 9971026.167978120967746 ], [ 777500.0, 9971000.0 ] ] ] } },
{ "type": "Feature", "properties": { "easting": 777000.0, "northing": 9980000.0, "id": "grid_E777000_N9980000", "retained": true }, "geometry": { "type": "Polygon", "coordinates": [ [ [ 777500.0, 9980000.0 ], [ 777499.314767377334647, 9979973.832021879032254 ], [ 777497.260947684175335, 9979947.735768366605043 ], [ 777493.844170297612436, 9979921.782767480239272 ], [ 777489.073800366953947, 9979896.044154591858387 ], [ 777482.96291314449627, 9979870.5904774479568 ], [ 777475.528258147533052, 9979845.491502812132239 ], [ 777466.790213248576038, 9979820.816025227308273 ], [ 777456.772728821262717, 9979796.631678462028503 ], [ 777445.503262094222009, 9979773.004750130698085 ], [ 777433.012701892177574, 9979750.0 ], [ 777419.335283972672187, 9979727.680482491850853 ], [ 777404.508497187518515, 9979706.107373854145408 ], [ 777388.572980728466064, 9979685.339804474264383 ], [ 777371.572412738692947, 9979665.434696821495891 ], [ 777353.553390593267977, 9979646.4466094058007 ], [ 777334.565303179435432, 9979628.427587261423469 ], [ 777314.660195524920709, 9979611.427019271999598 ], [ 777293.892626146203838, 9979595.491502812132239 ], [ 777272.31951750756707, 9979580.664716027677059 ], [ 777250.0, 9979566.987298108637333 ], [ 777226.995249869767576, 9979554.496737906709313 ], [ 777203.368321537855081, 9979543.227271178737283 ], [ 777179.183974772691727, 9979533.20978675223887 ], [ 777154.508497187518515, 9979524.471741853281856 ], [ 777129.409522551228292, 9979517.037086855620146 ], [ 777103.955845408840105, 9979510.92619963362813 ], [ 777078.217232520109974, 9979506.155829701572657 ], [ 777052.264231633860618, 9979502.739052316173911 ], [ 777026.167978121433407, 9979500.685232622548938 ], [ 777000.0, 9979500.0 ], [ 776973.832021878566593, 9979500.685232622548938 ], [ 776947.735768366139382, 9979502.739052316173911 ], [ 776921.782767479890026, 9979506.155829701572657 ], [ 776896.044154591159895, 9979510.92619963362813 ], [ 776870.590477448771708, 9979517.037086855620146 ], [ 776845.491502812481485, 9979524.471741853281856 ], [ 776820.816025227308273, 9979533.20978675223887 ], [ 776796.631678462144919, 9979543.227271178737283 ], [ 776773.004750130232424, 9979554.496737906709313 ], [ 776750.0, 9979566.987298108637333 ], [ 776727.68048249243293, 9979580.664716027677059 ], [ 776706.107373853796162, 9979595.491502812132239 ], [ 776685.339804475079291, 9979611.427019271999598 ], [ 776665.434696820564568, 9979628.427587261423469 ], [ 776646.446609406732023, 9979646.4466094058007 ], [ 776628.427587261307053, 9979665.434696821495891 ], [ 776611.427019271533936, 9979685.339804474264383 ], [ 776595.491502812481485, 9979706.107373854145408 ], [ 776580.664716027327813, 9979727.680482491850853 ], [ 776566.987298107822426, 9979750.0 ], [ 776554.496737905777991, 9979773.004750130698085 ], [ 776543.227271178737283, 9979796.631678462028503 ], [ 776533.209786751423962, 9979820.816025227308273 ], [ 776524.471741852466948, 9979845.491502812132239 ], [ 776517.03708685550373, 9979870.5904774479568 ], [ 776510.926199633046053, 9979896.044154591858387 ], [ 776506.155829702387564, 9979921.782767480239272 ], [ 776502.739052315824665, 9979947.735768366605043 ], [ 776500.685232622665353, 9979973.832021879032254 ], [ 776500.0, 9980000.0 ], [ 776500.685232622665353, 9980026.167978120967746 ], [ 776502.739052315824665, 9980052.264231633394957 ], [ 776506.155829702387564, 9980078.217232519760728 ], [ 776510.926199633046053, 9980103.955845408141613 ], [ 776517.03708685550373, 9980129.4095225520432 ], [ 776524.471741852466948, 9980154.508497187867761 ], [ 776533.209786751423962, 9980179.183974772691727 ], [ 776543.227271178737283, 9980203.368321537971497 ], [ 776554.496737905777991, 9980226.995249869301915 ], [ 776566.987298107822426, 9980250.0 ], [ 776580.664716027327813, 9980272.319517508149147 ], [ 776595.491502812481485, 9980293.892626145854592 ], [ 776611.427019271533936, 9980314.660195525735617 ], [ 776628.427587261307053, 9980334.565303178504109 ], [ 776646.446609406732023, 9980353.5533905941993 ], [ 776665.434696820564568, 9980371.572412738576531 ], [ 776685.339804475079291, 9980388.572980728000402 ], [ 776706.107373853796162, 9980404.508497187867761 ], [ 776727.68048249243293, 9980419.335283972322941 ], [ 776750.0, 9980433.012701891362667 ], [ 776773.004750130232424, 9980445.503262093290687 ], [ 776796.631678462144919, 9980456.772728821262717 ], [ 776820.816025227308273, 9980466.79021324776113 ], [ 776845.491502812481485, 9980475.528258146718144 ], [ 776870.590477448771708, 9980482.962913144379854 ], [ 776896.044154591159895, 9980489.07380036637187 ], [ 776921.782767479890026, 9980493.844170298427343 ], [ 776947.735768366139382, 9980497.260947683826089 ], [ 776973.832021878566593, 9980499.314767377451062 ], [ 777000.0, 9980500.0 ], [ 777026.167978121433407, 9980499.314767377451062 ], [ 777052.264231633860618, 9980497.260947683826089 ], [ 777078.217232520109974, 9980493.844170298427343 ], [ 777103.955845408840105, 9980489.07380036637187 ], [ 777129.409522551228292, 9980482.962913144379854 ], [ 777154.508497187518515, 9980475.528258146718144 ], [ 777179.183974772691727, 9980466.79021324776113 ], [ 777203.368321537855081, 9980456.772728821262717 ], [ 777226.995249869767576, 9980445.503262093290687 ], [ 777250.0, 9980433.012701891362667 ], [ 777272.31951750756707, 9980419.335283972322941 ], [ 777293.892626146203838, 9980404.508497187867761 ], [ 777314.660195524920709, 9980388.572980728000402 ], [ 777334.565303179435432, 9980371.572412738576531 ], [ 777353.553390593267977, 9980353.5533905941993 ], [ 777371.572412738692947, 9980334.565303178504109 ], [ 777388.572980728466064, 9980314.660195525735617 ], [ 777404.508497187518515, 9980293.892626145854592 ], [ 777419.335283972672187, 9980272.319517508149147 ], [ 777433.012701892177574, 9980250.0 ], [ 777445.503262094222009, 9980226.995249869301915 ], [ 777456.772728821262717, 9980203.368321537971497 ], [ 777466.790213248576038, 9980179.183974772691727 ], [ 777475.528258147533052, 9980154.508497187867761 ], [ 777482.96291314449627, 9980129.4095225520432 ], [ 777489.073800366953947, 9980103.955845408141613 ], [ 777493.844170297612436, 9980078.217232519760728 ], [ 777497.260947684175335, 9980052.264231633394957 ], [ 777499.314767377334647, 9980026.167978120967746 ], [ 777500.0, 9980000.0 ] ] ] } },
{ "type": "Feature", "properties": { "easting": 777000.0, "northing": 9986000.0, "id": "grid_E777000_N9986000", "retained": true }, "geometry": { "type": "Polygon", "coordinates": [ [ [ 777500.0, 9986000.0 ], [ 777499.314767377334647, 9985973.832021879032254 ], [ 777497.260947684175335, 9985947.735768366605043 ], [ 777493.844170297612436, 9985921.782767480239272 ], [ 777489.073800366953947, 9985896.044154591858387 ], [ 777482.96291314449627, 9985870.5904774479568 ], [ 777475.528258147533052, 9985845.491502812132239 ], [ 777466.790213248576038, 9985820.816025227308273 ], [ 777456.772728821262717, 9985796.631678462028503 ], [ 777445.503262094222009, 9985773.004750130698085 ], [ 777433.012701892177574, 9985750.0 ], [ 777419.335283972672187, 9985727.680482491850853 ], [ 777404.508497187518515, 9985706.107373854145408 ], [ 777388.572980728466064, 9985685.339804474264383 ], [ 777371.572412738692947, 9985665.434696821495891 ], [ 777353.553390593267977, 9985646.4466094058007 ], [ 777334.565303179435432, 9985628.427587261423469 ], [ 777314.660195524920709, 9985611.427019271999598 ], [ 777293.892626146203838, 9985595.491502812132239 ], [ 777272.31951750756707, 9985580.664716027677059 ], [ 777250.0, 9985566.987298108637333 ], [ 777226.995249869767576, 9985554.496737906709313 ], [ 777203.368321537855081, 9985543.227271178737283 ], [ 777179.183974772691727, 9985533.20978675223887 ], [ 777154.508497187518515, 9985524.471741853281856 ], [ 777129.409522551228292, 9985517.037086855620146 ], [ 777103.955845408840105, 9985510.92619963362813 ], [ 777078.217232520109974, 9985506.155829701572657 ], [ 777052.264231633860618, 9985502.739052316173911 ], [ 777026.167978121433407, 9985500.685232622548938 ], [ 777000.0, 9985500.0 ], [ 776973.832021878566593, 9985500.685232622548938 ], [ 776947.735768366139382, 9985502.739052316173911 ], [ 776921.782767479890026, 9985506.155829701572657 ], [ 776896.044154591159895, 9985510.92619963362813 ], [ 776870.590477448771708, 9985517.037086855620146 ], [ 776845.491502812481485, 9985524.471741853281856 ], [ 776820.816025227308273, 9985533.20978675223887 ], [ 776796.631678462144919, 9985543.227271178737283 ], [ 776773.004750130232424, 9985554.496737906709313 ], [ 776750.0, 9985566.987298108637333 ], [ 776727.68048249243293, 9985580.664716027677059 ], [ 776706.107373853796162, 9985595.491502812132239 ], [ 776685.339804475079291, 9985611.427019271999598 ], [ 776665.434696820564568, 9985628.427587261423469 ], [ 776646.446609406732023, 9985646.4466094058007 ], [ 776628.427587261307053, 9985665.434696821495891 ], [ 776611.427019271533936, 9985685.339804474264383 ], [ 776595.491502812481485, 9985706.107373854145408 ], [ 776580.664716027327813, 9985727.680482491850853 ], [ 776566.987298107822426, 9985750.0 ], [ 776554.496737905777991, 9985773.004750130698085 ], [ 776543.227271178737283, 9985796.631678462028503 ], [ 776533.209786751423962, 9985820.816025227308273 ], [ 776524.471741852466948, 9985845.491502812132239 ], [ 776517.03708685550373, 9985870.5904774479568 ], [ 776510.926199633046053, 9985896.044154591858387 ], [ 776506.155829702387564, 9985921.782767480239272 ], [ 776502.739052315824665, 9985947.735768366605043 ], [ 776500.685232622665353, 9985973.832021879032254 ], [ 776500.0, 9986000.0 ], [ 776500.685232622665353, 9986026.167978120967746 ], [ 776502.739052315824665, 9986052.264231633394957 ], [ 776506.155829702387564, 9986078.217232519760728 ], [ 776510.926199633046053, 9986103.955845408141613 ], [ 776517.03708685550373, 9986129.4095225520432 ], [ 776524.471741852466948, 9986154.508497187867761 ], [ 776533.209786751423962, 9986179.183974772691727 ], [ 776543.227271178737283, 9986203.368321537971497 ], [ 776554.496737905777991, 9986226.995249869301915 ], [ 776566.987298107822426, 9986250.0 ], [ 776580.664716027327813, 9986272.319517508149147 ], [ 776595.491502812481485, 9986293.892626145854592 ], [ 776611.427019271533936, 9986314.660195525735617 ], [ 776628.427587261307053, 9986334.565303178504109 ], [ 776646.446609406732023, 9986353.5533905941993 ], [ 776665.434696820564568, 9986371.572412738576531 ], [ 776685.339804475079291, 9986388.572980728000402 ], [ 776706.107373853796162, 9986404.508497187867761 ], [ 776727.68048249243293, 9986419.335283972322941 ], [ 776750.0, 9986433.012701891362667 ], [ 776773.004750130232424, 9986445.503262093290687 ], [ 776796.631678462144919, 9986456.772728821262717 ], [ 776820.816025227308273, 9986466.79021324776113 ], [ 776845.491502812481485, 9986475.528258146718144 ], [ 776870.590477448771708, 9986482.962913144379854 ], [ 776896.044154591159895, 9986489.07380036637187 ], [ 776921.782767479890026, 9986493.844170298427343 ], [ 776947.735768366139382, 9986497.260947683826089 ], [ 776973.832021878566593, 9986499.314767377451062 ], [ 777000.0, 9986500.0 ], [ 777026.167978121433407, 9986499.314767377451062 ], [ 777052.264231633860618, 9986497.260947683826089 ], [ 777078.217232520109974, 9986493.844170298427343 ], [ 777103.955845408840105, 9986489.07380036637187 ], [ 777129.409522551228292, 9986482.962913144379854 ], [ 777154.508497187518515, 9986475.528258146718144 ], [ 777179.183974772691727, 9986466.79021324776113 ], [ 777203.368321537855081, 9986456.772728821262717 ], [ 777226.995249869767576, 9986445.503262093290687 ], [ 777250.0, 9986433.012701891362667 ], [ 777272.31951750756707, 9986419.335283972322941 ], [ 777293.892626146203838, 9986404.508497187867761 ], [ 777314.660195524920709, 9986388.572980728000402 ], [ 777334.565303179435432, 9986371.572412738576531 ], [ 777353.553390593267977, 9986353.5533905941993 ], [ 777371.572412738692947, 9986334.565303178504109 ], [ 777388.572980728466064, 9986314.660195525735617 ], [ 777404.508497187518515, 9986293.892626145854592 ], [ 777419.335283972672187, 9986272.319517508149147 ], [ 777433.012701892177574, 9986250.0 ], [ 777445.503262094222009, 9986226.995249869301915 ], [ 777456.772728821262717, 9986203.368321537971497 ], [ 777466.790213248576038, 9986179.183974772691727 ], [ 777475.528258147533052, 9986154.508497187867761 ], [ 777482.96291314449627, 9986129.4095225520432 ], [ 777489.073800366953947, 9986103.955845408141613 ], [ 777493.844170297612436, 9986078.217232519760728 ], [ 777497.260947684175335, 9986052.264231633394957 ], [ 777499.314767377334647, 9986026.167978120967746 ], [ 777500.0, 9986000.0 ] ] ] } },
{ "type": "Feature", "properties": { "easting": 777000.0, "northing": 9989000.0, "id": "grid_E777000_N9989000", "retained": true }, "geometry": { "type": "Polygon", "coordinates": [ [ [ 777500.0, 9989000.0 ], [ 777499.314767377334647, 9988973.832021879032254 ], [ 777497.260947684175335, 9988947.735768366605043 ], [ 777493.844170297612436, 9988921.782767480239272 ], [ 777489.073800366953947, 9988896.044154591858387 ], [ 777482.96291314449627, 9988870.5904774479568 ], [ 777475.528258147533052, 9988845.491502812132239 ], [ 777466.790213248576038, 9988820.816025227308273 ], [ 777456.772728821262717, 9988796.631678462028503 ], [ 777445.503262094222009, 9988773.004750130698085 ], [ 777433.012701892177574, 9988750.0 ], [ 777419.335283972672187, 9988727.680482491850853 ], [ 777404.508497187518515, 9988706.107373854145408 ], [ 777388.572980728466064, 9988685.339804474264383 ], [ 777371.572412738692947, 9988665.434696821495891 ], [ 777353.553390593267977, 9988646.4466094058007 ], [ 777334.565303179435432, 9988628.427587261423469 ], [ 777314.660195524920709, 9988611.427019271999598 ], [ 777293.892626146203838, 9988595.491502812132239 ], [ 777272.31951750756707, 9988580.664716027677059 ], [ 777250.0, 9988566.987298108637333 ], [ 777226.995249869767576, 9988554.496737906709313 ], [ 777203.368321537855081, 9988543.227271178737283 ], [ 777179.183974772691727, 9988533.20978675223887 ], [ 777154.508497187518515, 9988524.471741853281856 ], [ 777129.409522551228292, 9988517.037086855620146 ], [ 777103.955845408840105, 9988510.92619963362813 ], [ 777078.217232520109974, 9988506.155829701572657 ], [ 777052.264231633860618, 9988502.739052316173911 ], [ 777026.167978121433407, 9988500.685232622548938 ], [ 777000.0, 9988500.0 ], [ 776973.832021878566593, 9988500.685232622548938 ], [ 776947.735768366139382, 9988502.739052316173911 ], [ 776921.782767479890026, 9988506.155829701572657 ], [ 776896.044154591159895, 9988510.92619963362813 ], [ 776870.590477448771708, 9988517.037086855620146 ], [ 776845.491502812481485, 9988524.471741853281856 ], [ 776820.816025227308273, 9988533.20978675223887 ], [ 776796.631678462144919, 9988543.227271178737283 ], [ 776773.004750130232424, 9988554.496737906709313 ], [ 776750.0, 9988566.987298108637333 ], [ 776727.68048249243293, 9988580.664716027677059 ], [ 776706.107373853796162, 9988595.491502812132239 ], [ 776685.339804475079291, 9988611.427019271999598 ], [ 776665.434696820564568, 9988628.427587261423469 ], [ 776646.446609406732023, 9988646.4466094058007 ], [ 776628.427587261307053, 9988665.434696821495891 ], [ 776611.427019271533936, 9988685.339804474264383 ], [ 776595.491502812481485, 9988706.107373854145408 ], [ 776580.664716027327813, 9988727.680482491850853 ], [ 776566.987298107822426, 9988750.0 ], [ 776554.496737905777991, 9988773.004750130698085 ], [ 776543.227271178737283, 9988796.631678462028503 ], [ 776533.209786751423962, 9988820.816025227308273 ], [ 776524.471741852466948, 9988845.491502812132239 ], [ 776517.03708685550373, 9988870.5904774479568 ], [ 776510.926199633046053, 9988896.044154591858387 ], [ 776506.155829702387564, 9988921.782767480239272 ], [ 776502.739052315824665, 9988947.735768366605043 ], [ 776500.685232622665353, 9988973.832021879032254 ], [ 776500.0, 9989000.0 ], [ 776500.685232622665353, 9989026.167978120967746 ], [ 776502.739052315824665, 9989052.264231633394957 ], [ 776506.155829702387564, 9989078.217232519760728 ], [ 776510.926199633046053, 9989103.955845408141613 ], [ 776517.03708685550373, 9989129.4095225520432 ], [ 776524.471741852466948, 9989154.508497187867761 ], [ 776533.209786751423962, 9989179.183974772691727 ], [ 776543.227271178737283, 9989203.368321537971497 ], [ 776554.496737905777991, 9989226.995249869301915 ], [ 776566.987298107822426, 9989250.0 ], [ 776580.664716027327813, 9989272.319517508149147 ], [ 776595.491502812481485, 9989293.892626145854592 ], [ 776611.427019271533936, 9989314.660195525735617 ], [ 776628.427587261307053, 9989334.565303178504109 ], [ 776646.446609406732023, 9989353.5533905941993 ], [ 776665.434696820564568, 9989371.572412738576531 ], [ 776685.339804475079291, 9989388.572980728000402 ], [ 776706.107373853796162, 9989404.508497187867761 ], [ 776727.68048249243293, 9989419.335283972322941 ], [ 776750.0, 9989433.012701891362667 ], [ 776773.004750130232424, 9989445.503262093290687 ], [ 776796.631678462144919, 9989456.772728821262717 ], [ 776820.816025227308273, 9989466.79021324776113 ], [ 776845.491502812481485, 9989475.528258146718144 ], [ 776870.590477448771708, 9989482.962913144379854 ], [ 776896.044154591159895, 9989489.07380036637187 ], [ 776921.782767479890026, 9989493.844170298427343 ], [ 776947.735768366139382, 9989497.260947683826089 ], [ 776973.832021878566593, 9989499.314767377451062 ], [ 777000.0, 9989500.0 ], [ 777026.167978121433407, 9989499.314767377451062 ], [ 777052.264231633860618, 9989497.260947683826089 ], [ 777078.217232520109974, 9989493.844170298427343 ], [ 777103.955845408840105, 9989489.07380036637187 ], [ 777129.409522551228292, 9989482.962913144379854 ], [ 777154.508497187518515, 9989475.528258146718144 ], [ 777179.183974772691727, 9989466.79021324776113 ], [ 777203.368321537855081, 9989456.772728821262717 ], [ 777226.995249869767576, 9989445.503262093290687 ], [ 777250.0, 9989433.012701891362667 ], [ 777272.31951750756707, 9989419.335283972322941 ], [ 777293.892626146203838, 9989404.508497187867761 ], [ 777314.660195524920709, 9989388.572980728000402 ], [ 777334.565303179435432, 9989371.572412738576531 ], [ 777353.553390593267977, 9989353.5533905941993 ], [ 777371.572412738692947, 9989334.565303178504109 ], [ 777388.572980728466064, 9989314.660195525735617 ], [ 777404.508497187518515, 9989293.892626145854592 ], [ 777419.335283972672187, 9989272.319517508149147 ], [ 777433.012701892177574, 9989250.0 ], [ 777445.503262094222009, 9989226.995249869301915 ], [ 777456.772728821262717, 9989203.368321537971497 ], [ 777466.790213248576038, 9989179.183974772691727 ], [ 777475.528258147533052, 9989154.508497187867761 ], [ 777482.96291314449627, 9989129.4095225520432 ], [ 777489.073800366953947, 9989103.955845408141613 ], [ 777493.844170297612436, 9989078.217232519760728 ], [ 777497.260947684175335, 9989052.264231633394957 ], [ 777499.314767377334647, 9989026.167978120967746 ], [ 777500.0, 9989000.0 ] ] ] } },
{ "type": "Feature", "properties": { "easting": 777000.0, "northing": 9990000.0, "id": "grid_E777000_N9990000", "retained": true }, "geometry": { "type": "Polygon", "coordinates": [ [ [ 777500.0, 9990000.0 ], [ 777499.314767377334647, 9989973.832021879032254 ], [ 777497.260947684175335, 9989947.735768366605043 ], [ 777493.844170297612436, 9989921.782767480239272 ], [ 777489.073800366953947, 9989896.044154591858387 ], [ 777482.96291314449627, 9989870.5904774479568 ], [ 777475.528258147533052, 9989845.491502812132239 ], [ 777466.790213248576038, 9989820.816025227308273 ], [ 777456.772728821262717, 9989796.631678462028503 ], [ 777445.503262094222009, 9989773.004750130698085 ], [ 777433.012701892177574, 9989750.0 ], [ 777419.335283972672187, 9989727.680482491850853 ], [ 777404.508497187518515, 9989706.107373854145408 ], [ 777388.572980728466064, 9989685.339804474264383 ], [ 777371.572412738692947, 9989665.434696821495891 ], [ 777353.553390593267977, 9989646.4466094058007 ], [ 777334.565303179435432, 9989628.427587261423469 ], [ 777314.660195524920709, 9989611.427019271999598 ], [ 777293.892626146203838, 9989595.491502812132239 ], [ 777272.31951750756707, 9989580.664716027677059 ], [ 777250.0, 9989566.987298108637333 ], [ 777226.995249869767576, 9989554.496737906709313 ], [ 777203.368321537855081, 9989543.227271178737283 ], [ 777179.183974772691727, 9989533.20978675223887 ], [ 777154.508497187518515, 9989524.471741853281856 ], [ 777129.409522551228292, 9989517.037086855620146 ], [ 777103.955845408840105, 9989510.92619963362813 ], [ 777078.217232520109974, 9989506.155829701572657 ], [ 777052.264231633860618, 9989502.739052316173911 ], [ 777026.167978121433407, 9989500.685232622548938 ], [ 777000.0, 9989500.0 ], [ 776973.832021878566593, 9989500.685232622548938 ], [ 776947.735768366139382, 9989502.739052316173911 ], [ 776921.782767479890026, 9989506.155829701572657 ], [ 776896.044154591159895, 9989510.92619963362813 ], [ 776870.590477448771708, 9989517.037086855620146 ], [ 776845.491502812481485, 9989524.471741853281856 ], [ 776820.816025227308273, 9989533.20978675223887 ], [ 776796.631678462144919, 9989543.227271178737283 ], [ 776773.004750130232424, 9989554.496737906709313 ], [ 776750.0, 9989566.987298108637333 ], [ 776727.68048249243293, 9989580.664716027677059 ], [ 776706.107373853796162, 9989595.491502812132239 ], [ 776685.339804475079291, 9989611.427019271999598 ], [ 776665.434696820564568, 9989628.427587261423469 ], [ 776646.446609406732023, 9989646.4466094058007 ], [ 776628.427587261307053, 9989665.434696821495891 ], [ 776611.427019271533936, 9989685.339804474264383 ], [ 776595.491502812481485, 9989706.107373854145408 ], [ 776580.664716027327813, 9989727.680482491850853 ], [ 776566.987298107822426, 9989750.0 ], [ 776554.496737905777991, 9989773.004750130698085 ], [ 776543.227271178737283, 9989796.631678462028503 ], [ 776533.209786751423962, 9989820.816025227308273 ], [ 776524.471741852466948, 9989845.491502812132239 ], [ 776517.03708685550373, 9989870.5904774479568 ], [ 776510.926199633046053, 9989896.044154591858387 ], [ 776506.155829702387564, 9989921.782767480239272 ], [ 776502.739052315824665, 9989947.735768366605043 ], [ 776500.685232622665353, 9989973.832021879032254 ], [ 776500.0, 9990000.0 ], [ 776500.685232622665353, 9990026.167978120967746 ], [ 776502.739052315824665, 9990052.264231633394957 ], [ 776506.155829702387564, 9990078.217232519760728 ], [ 776510.926199633046053, 9990103.955845408141613 ], [ 776517.03708685550373, 9990129.4095225520432 ], [ 776524.471741852466948, 9990154.508497187867761 ], [ 776533.209786751423962, 9990179.183974772691727 ], [ 776543.227271178737283, 9990203.368321537971497 ], [ 776554.496737905777991, 9990226.995249869301915 ], [ 776566.987298107822426, 9990250.0 ], [ 776580.664716027327813, 9990272.319517508149147 ], [ 776595.491502812481485, 9990293.892626145854592 ], [ 776611.427019271533936, 9990314.660195525735617 ], [ 776628.427587261307053, 9990334.565303178504109 ], [ 776646.446609406732023, 9990353.5533905941993 ], [ 776665.434696820564568, 9990371.572412738576531 ], [ 776685.339804475079291, 9990388.572980728000402 ], [ 776706.107373853796162, 9990404.508497187867761 ], [ 776727.68048249243293, 9990419.335283972322941 ], [ 776750.0, 9990433.012701891362667 ], [ 776773.004750130232424, 9990445.503262093290687 ], [ 776796.631678462144919, 9990456.772728821262717 ], [ 776820.816025227308273, 9990466.79021324776113 ], [ 776845.491502812481485, 9990475.528258146718144 ], [ 776870.590477448771708, 9990482.962913144379854 ], [ 776896.044154591159895, 9990489.07380036637187 ], [ 776921.782767479890026, 9990493.844170298427343 ], [ 776947.735768366139382, 9990497.260947683826089 ], [ 776973.832021878566593, 9990499.314767377451062 ], [ 777000.0, 9990500.0 ], [ 777026.167978121433407, 9990499.314767377451062 ], [ 777052.264231633860618, 9990497.260947683826089 ], [ 777078.217232520109974, 9990493.844170298427343 ], [ 777103.955845408840105, 9990489.07380036637187 ], [ 777129.409522551228292, 9990482.962913144379854 ], [ 777154.508497187518515, 9990475.528258146718144 ], [ 777179.183974772691727, 9990466.79021324776113 ], [ 777203.368321537855081, 9990456.772728821262717 ], [ 777226.995249869767576, 9990445.503262093290687 ], [ 777250.0, 9990433.012701891362667 ], [ 777272.31951750756707, 9990419.335283972322941 ], [ 777293.892626146203838, 9990404.508497187867761 ], [ 777314.660195524920709, 9990388.572980728000402 ], [ 777334.565303179435432, 9990371.572412738576531 ], [ 777353.553390593267977, 9990353.5533905941993 ], [ 777371.572412738692947, 9990334.565303178504109 ], [ 777388.572980728466064, 9990314.660195525735617 ], [ 777404.508497187518515, 9990293.892626145854592 ], [ 777419.335283972672187, 9990272.319517508149147 ], [ 777433.012701892177574, 9990250.0 ], [ 777445.503262094222009, 9990226.995249869301915 ], [ 777456.772728821262717, 9990203.368321537971497 ], [ 777466.790213248576038, 9990179.183974772691727 ], [ 777475.528258147533052, 9990154.508497187867761 ], [ 777482.96291314449627, 9990129.4095225520432 ], [ 777489.073800366953947, 9990103.955845408141613 ], [ 777493.844170297612436, 9990078.217232519760728 ], [ 777497.260947684175335, 9990052.264231633394957 ], [ 777499.314767377334647, 9990026.167978120967746 ], [ 777500.0, 9990000.0 ] ] ] } },
{ "type": "Feature", "properties": { "easting": 778000.0, "northing": 9972000.0, "id": "grid_E778000_N9972000", "retained": true }, "geometry": { "type": "Polygon", "coordinates": [ [ [ 778500.0, 9972000.0 ], [ 778499.314767377334647, 9971973.832021879032254 ], [ 778497.260947684175335, 9971947.735768366605043 ], [ 778493.844170297612436, 9971921.782767480239272 ], [ 778489.073800366953947, 9971896.044154591858387 ], [ 778482.96291314449627, 9971870.5904774479568 ], [ 778475.528258147533052, 9971845.491502812132239 ], [ 778466.790213248576038, 9971820.816025227308273 ], [ 778456.772728821262717, 9971796.631678462028503 ], [ 778445.503262094222009, 9971773.004750130698085 ], [ 778433.012701892177574, 9971750.0 ], [ 778419.335283972672187, 9971727.680482491850853 ], [ 778404.508497187518515, 9971706.107373854145408 ], [ 778388.572980728466064, 9971685.339804474264383 ], [ 778371.572412738692947, 9971665.434696821495891 ], [ 778353.553390593267977, 9971646.4466094058007 ], [ 778334.565303179435432, 9971628.427587261423469 ], [ 778314.660195524920709, 9971611.427019271999598 ], [ 778293.892626146203838, 9971595.491502812132239 ], [ 778272.31951750756707, 9971580.664716027677059 ], [ 778250.0, 9971566.987298108637333 ], [ 778226.995249869767576, 9971554.496737906709313 ], [ 778203.368321537855081, 9971543.227271178737283 ], [ 778179.183974772691727, 9971533.20978675223887 ], [ 778154.508497187518515, 9971524.471741853281856 ], [ 778129.409522551228292, 9971517.037086855620146 ], [ 778103.955845408840105, 9971510.92619963362813 ], [ 778078.217232520109974, 9971506.155829701572657 ], [ 778052.264231633860618, 9971502.739052316173911 ], [ 778026.167978121433407, 9971500.685232622548938 ], [ 778000.0, 9971500.0 ], [ 777973.832021878566593, 9971500.685232622548938 ], [ 777947.735768366139382, 9971502.739052316173911 ], [ 777921.782767479890026, 9971506.155829701572657 ], [ 777896.044154591159895, 9971510.92619963362813 ], [ 777870.590477448771708, 9971517.037086855620146 ], [ 777845.491502812481485, 9971524.471741853281856 ], [ 777820.816025227308273, 9971533.20978675223887 ], [ 777796.631678462144919, 9971543.227271178737283 ], [ 777773.004750130232424, 9971554.496737906709313 ], [ 777750.0, 9971566.987298108637333 ], [ 777727.68048249243293, 9971580.664716027677059 ], [ 777706.107373853796162, 9971595.491502812132239 ], [ 777685.339804475079291, 9971611.427019271999598 ], [ 777665.434696820564568, 9971628.427587261423469 ], [ 777646.446609406732023, 9971646.4466094058007 ], [ 777628.427587261307053, 9971665.434696821495891 ], [ 777611.427019271533936, 9971685.339804474264383 ], [ 777595.491502812481485, 9971706.107373854145408 ], [ 777580.664716027327813, 9971727.680482491850853 ], [ 777566.987298107822426, 9971750.0 ], [ 777554.496737905777991, 9971773.004750130698085 ], [ 777543.227271178737283, 9971796.631678462028503 ], [ 777533.209786751423962, 9971820.816025227308273 ], [ 777524.471741852466948, 9971845.491502812132239 ], [ 777517.03708685550373, 9971870.5904774479568 ], [ 777510.926199633046053, 9971896.044154591858387 ], [ 777506.155829702387564, 9971921.782767480239272 ], [ 777502.739052315824665, 9971947.735768366605043 ], [ 777500.685232622665353, 9971973.832021879032254 ], [ 777500.0, 9972000.0 ], [ 777500.685232622665353, 9972026.167978120967746 ], [ 777502.739052315824665, 9972052.264231633394957 ], [ 777506.155829702387564, 9972078.217232519760728 ], [ 777510.926199633046053, 9972103.955845408141613 ], [ 777517.03708685550373, 9972129.4095225520432 ], [ 777524.471741852466948, 9972154.508497187867761 ], [ 777533.209786751423962, 9972179.183974772691727 ], [ 777543.227271178737283, 9972203.368321537971497 ], [ 777554.496737905777991, 9972226.995249869301915 ], [ 777566.987298107822426, 9972250.0 ], [ 777580.664716027327813, 9972272.319517508149147 ], [ 777595.491502812481485, 9972293.892626145854592 ], [ 777611.427019271533936, 9972314.660195525735617 ], [ 777628.427587261307053, 9972334.565303178504109 ], [ 777646.446609406732023, 9972353.5533905941993 ], [ 777665.434696820564568, 9972371.572412738576531 ], [ 777685.339804475079291, 9972388.572980728000402 ], [ 777706.107373853796162, 9972404.508497187867761 ], [ 777727.68048249243293, 9972419.335283972322941 ], [ 777750.0, 9972433.012701891362667 ], [ 777773.004750130232424, 9972445.503262093290687 ], [ 777796.631678462144919, 9972456.772728821262717 ], [ 777820.816025227308273, 9972466.79021324776113 ], [ 777845.491502812481485, 9972475.528258146718144 ], [ 777870.590477448771708, 9972482.962913144379854 ], [ 777896.044154591159895, 9972489.07380036637187 ], [ 777921.782767479890026, 9972493.844170298427343 ], [ 777947.735768366139382, 9972497.260947683826089 ], [ 777973.832021878566593, 9972499.314767377451062 ], [ 778000.0, 9972500.0 ], [ 778026.167978121433407, 9972499.314767377451062 ], [ 778052.264231633860618, 9972497.260947683826089 ], [ 778078.217232520109974, 9972493.844170298427343 ], [ 778103.955845408840105, 9972489.07380036637187 ], [ 778129.409522551228292, 9972482.962913144379854 ], [ 778154.508497187518515, 9972475.528258146718144 ], [ 778179.183974772691727, 9972466.79021324776113 ], [ 778203.368321537855081, 9972456.772728821262717 ], [ 778226.995249869767576, 9972445.503262093290687 ], [ 778250.0, 9972433.012701891362667 ], [ 778272.31951750756707, 9972419.335283972322941 ], [ 778293.892626146203838, 9972404.508497187867761 ], [ 778314.660195524920709, 9972388.572980728000402 ], [ 778334.565303179435432, 9972371.572412738576531 ], [ 778353.553390593267977, 9972353.5533905941993 ], [ 778371.572412738692947, 9972334.565303178504109 ], [ 778388.572980728466064, 9972314.660195525735617 ], [ 778404.508497187518515, 9972293.892626145854592 ], [ 778419.335283972672187, 9972272.319517508149147 ], [ 778433.012701892177574, 9972250.0 ], [ 778445.503262094222009, 9972226.995249869301915 ], [ 778456.772728821262717, 9972203.368321537971497 ], [ 778466.790213248576038, 9972179.183974772691727 ], [ 778475.528258147533052, 9972154.508497187867761 ], [ 778482.96291314449627, 9972129.4095225520432 ], [ 778489.073800366953947, 9972103.955845408141613 ], [ 778493.844170297612436, 9972078.217232519760728 ], [ 778497.260947684175335, 9972052.264231633394957 ], [ 778499.314767377334647, 9972026.167978120967746 ], [ 778500.0, 9972000.0 ] ] ] } },
{ "type": "Feature", "properties": { "easting": 778000.0, "northing": 9985000.0, "id": "grid_E778000_N9985000", "retained": true }, "geometry": { "type": "Polygon", "coordinates": [ [ [ 778500.0, 9985000.0 ], [ 778499.314767377334647, 9984973.832021879032254 ], [ 778497.260947684175335, 9984947.735768366605043 ], [ 778493.844170297612436, 9984921.782767480239272 ], [ 778489.073800366953947, 9984896.044154591858387 ], [ 778482.96291314449627, 9984870.5904774479568 ], [ 778475.528258147533052, 9984845.491502812132239 ], [ 778466.790213248576038, 9984820.816025227308273 ], [ 778456.772728821262717, 9984796.631678462028503 ], [ 778445.503262094222009, 9984773.004750130698085 ], [ 778433.012701892177574, 9984750.0 ], [ 778419.335283972672187, 9984727.680482491850853 ], [ 778404.508497187518515, 9984706.107373854145408 ], [ 778388.572980728466064, 9984685.339804474264383 ], [ 778371.572412738692947, 9984665.434696821495891 ], [ 778353.553390593267977, 9984646.4466094058007 ], [ 778334.565303179435432, 9984628.427587261423469 ], [ 778314.660195524920709, 9984611.427019271999598 ], [ 778293.892626146203838, 9984595.491502812132239 ], [ 778272.31951750756707, 9984580.664716027677059 ], [ 778250.0, 9984566.987298108637333 ], [ 778226.995249869767576, 9984554.496737906709313 ], [ 778203.368321537855081, 9984543.227271178737283 ], [ 778179.183974772691727, 9984533.20978675223887 ], [ 778154.508497187518515, 9984524.471741853281856 ], [ 778129.409522551228292, 9984517.037086855620146 ], [ 778103.955845408840105, 9984510.92619963362813 ], [ 778078.217232520109974, 9984506.155829701572657 ], [ 778052.264231633860618, 9984502.739052316173911 ], [ 778026.167978121433407, 9984500.685232622548938 ], [ 778000.0, 9984500.0 ], [ 777973.832021878566593, 9984500.685232622548938 ], [ 777947.735768366139382, 9984502.739052316173911 ], [ 777921.782767479890026, 9984506.155829701572657 ], [ 777896.044154591159895, 9984510.92619963362813 ], [ 777870.590477448771708, 9984517.037086855620146 ], [ 777845.491502812481485, 9984524.471741853281856 ], [ 777820.816025227308273, 9984533.20978675223887 ], [ 777796.631678462144919, 9984543.227271178737283 ], [ 777773.004750130232424, 9984554.496737906709313 ], [ 777750.0, 9984566.987298108637333 ], [ 777727.68048249243293, 9984580.664716027677059 ], [ 777706.107373853796162, 9984595.491502812132239 ], [ 777685.339804475079291, 9984611.427019271999598 ], [ 777665.434696820564568, 9984628.427587261423469 ], [ 777646.446609406732023, 9984646.4466094058007 ], [ 777628.427587261307053, 9984665.434696821495891 ], [ 777611.427019271533936, 9984685.339804474264383 ], [ 777595.491502812481485, 9984706.107373854145408 ], [ 777580.664716027327813, 9984727.680482491850853 ], [ 777566.987298107822426, 9984750.0 ], [ 777554.496737905777991, 9984773.004750130698085 ], [ 777543.227271178737283, 9984796.631678462028503 ], [ 777533.209786751423962, 9984820.816025227308273 ], [ 777524.471741852466948, 9984845.491502812132239 ], [ 777517.03708685550373, 9984870.5904774479568 ], [ 777510.926199633046053, 9984896.044154591858387 ], [ 777506.155829702387564, 9984921.782767480239272 ], [ 777502.739052315824665, 9984947.735768366605043 ], [ 777500.685232622665353, 9984973.832021879032254 ], [ 777500.0, 9985000.0 ], [ 777500.685232622665353, 9985026.167978120967746 ], [ 777502.739052315824665, 9985052.264231633394957 ], [ 777506.155829702387564, 9985078.217232519760728 ], [ 777510.926199633046053, 9985103.955845408141613 ], [ 777517.03708685550373, 9985129.4095225520432 ], [ 777524.471741852466948, 9985154.508497187867761 ], [ 777533.209786751423962, 9985179.183974772691727 ], [ 777543.227271178737283, 9985203.368321537971497 ], [ 777554.496737905777991, 9985226.995249869301915 ], [ 777566.987298107822426, 9985250.0 ], [ 777580.664716027327813, 9985272.319517508149147 ], [ 777595.491502812481485, 9985293.892626145854592 ], [ 777611.427019271533936, 9985314.660195525735617 ], [ 777628.427587261307053, 9985334.565303178504109 ], [ 777646.446609406732023, 9985353.5533905941993 ], [ 777665.434696820564568, 9985371.572412738576531 ], [ 777685.339804475079291, 9985388.572980728000402 ], [ 777706.107373853796162, 9985404.508497187867761 ], [ 777727.68048249243293, 9985419.335283972322941 ], [ 777750.0, 9985433.012701891362667 ], [ 777773.004750130232424, 9985445.503262093290687 ], [ 777796.631678462144919, 9985456.772728821262717 ], [ 777820.816025227308273, 9985466.79021324776113 ], [ 777845.491502812481485, 9985475.528258146718144 ], [ 777870.590477448771708, 9985482.962913144379854 ], [ 777896.044154591159895, 9985489.07380036637187 ], [ 777921.782767479890026, 9985493.844170298427343 ], [ 777947.735768366139382, 9985497.260947683826089 ], [ 777973.832021878566593, 9985499.314767377451062 ], [ 778000.0, 9985500.0 ], [ 778026.167978121433407, 9985499.314767377451062 ], [ 778052.264231633860618, 9985497.260947683826089 ], [ 778078.217232520109974, 9985493.844170298427343 ], [ 778103.955845408840105, 9985489.07380036637187 ], [ 778129.409522551228292, 9985482.962913144379854 ], [ 778154.508497187518515, 9985475.528258146718144 ], [ 778179.183974772691727, 9985466.79021324776113 ], [ 778203.368321537855081, 9985456.772728821262717 ], [ 778226.995249869767576, 9985445.503262093290687 ], [ 778250.0, 9985433.012701891362667 ], [ 778272.31951750756707, 9985419.335283972322941 ], [ 778293.892626146203838, 9985404.508497187867761 ], [ 778314.660195524920709, 9985388.572980728000402 ], [ 778334.565303179435432, 9985371.572412738576531 ], [ 778353.553390593267977, 9985353.5533905941993 ], [ 778371.572412738692947, 9985334.565303178504109 ], [ 778388.572980728466064, 9985314.660195525735617 ], [ 778404.508497187518515, 9985293.892626145854592 ], [ 778419.335283972672187, 9985272.319517508149147 ], [ 778433.012701892177574, 9985250.0 ], [ 778445.503262094222009, 9985226.995249869301915 ], [ 778456.772728821262717, 9985203.368321537971497 ], [ 778466.790213248576038, 9985179.183974772691727 ], [ 778475.528258147533052, 9985154.508497187867761 ], [ 778482.96291314449627, 9985129.4095225520432 ], [ 778489.073800366953947, 9985103.955845408141613 ], [ 778493.844170297612436, 9985078.217232519760728 ], [ 778497.260947684175335, 9985052.264231633394957 ], [ 778499.314767377334647, 9985026.167978120967746 ], [ 778500.0, 9985000.0 ] ] ] } },
{ "type": "Feature", "properties": { "easting": 778000.0, "northing": 9986000.0, "id": "grid_E778000_N9986000", "retained": true }, "geometry": { "type": "Polygon", "coordinates": [ [ [ 778500.0, 9986000.0 ], [ 778499.314767377334647, 9985973.832021879032254 ], [ 778497.260947684175335, 9985947.735768366605043 ], [ 778493.844170297612436, 9985921.782767480239272 ], [ 778489.073800366953947, 9985896.044154591858387 ], [ 778482.96291314449627, 9985870.5904774479568 ], [ 778475.528258147533052, 9985845.491502812132239 ], [ 778466.790213248576038, 9985820.816025227308273 ], [ 778456.772728821262717, 9985796.631678462028503 ], [ 778445.503262094222009, 9985773.004750130698085 ], [ 778433.012701892177574, 9985750.0 ], [ 778419.335283972672187, 9985727.680482491850853 ], [ 778404.508497187518515, 9985706.107373854145408 ], [ 778388.572980728466064, 9985685.339804474264383 ], [ 778371.572412738692947, 9985665.434696821495891 ], [ 778353.553390593267977, 9985646.4466094058007 ], [ 778334.565303179435432, 9985628.427587261423469 ], [ 778314.660195524920709, 9985611.427019271999598 ], [ 778293.892626146203838, 9985595.491502812132239 ], [ 778272.31951750756707, 9985580.664716027677059 ], [ 778250.0, 9985566.987298108637333 ], [ 778226.995249869767576, 9985554.496737906709313 ], [ 778203.368321537855081, 9985543.227271178737283 ], [ 778179.183974772691727, 9985533.20978675223887 ], [ 778154.508497187518515, 9985524.471741853281856 ], [ 778129.409522551228292, 9985517.037086855620146 ], [ 778103.955845408840105, 9985510.92619963362813 ], [ 778078.217232520109974, 9985506.155829701572657 ], [ 778052.264231633860618, 9985502.739052316173911 ], [ 778026.167978121433407, 9985500.685232622548938 ], [ 778000.0, 9985500.0 ], [ 777973.832021878566593, 9985500.685232622548938 ], [ 777947.735768366139382, 9985502.739052316173911 ], [ 777921.782767479890026, 9985506.155829701572657 ], [ 777896.044154591159895, 9985510.92619963362813 ], [ 777870.590477448771708, 9985517.037086855620146 ], [ 777845.491502812481485, 9985524.471741853281856 ], [ 777820.816025227308273, 9985533.20978675223887 ], [ 777796.631678462144919, 9985543.227271178737283 ], [ 777773.004750130232424, 9985554.496737906709313 ], [ 777750.0, 9985566.987298108637333 ], [ 777727.68048249243293, 9985580.664716027677059 ], [ 777706.107373853796162, 9985595.491502812132239 ], [ 777685.339804475079291, 9985611.427019271999598 ], [ 777665.434696820564568, 9985628.427587261423469 ], [ 777646.446609406732023, 9985646.4466094058007 ], [ 777628.427587261307053, 9985665.434696821495891 ], [ 777611.427019271533936, 9985685.339804474264383 ], [ 777595.491502812481485, 9985706.107373854145408 ], [ 777580.664716027327813, 9985727.680482491850853 ], [ 777566.987298107822426, 9985750.0 ], [ 777554.496737905777991, 9985773.004750130698085 ], [ 777543.227271178737283, 9985796.631678462028503 ], [ 777533.209786751423962, 9985820.816025227308273 ], [ 777524.471741852466948, 9985845.491502812132239 ], [ 777517.03708685550373, 9985870.5904774479568 ], [ 777510.926199633046053, 9985896.044154591858387 ], [ 777506.155829702387564, 9985921.782767480239272 ], [ 777502.739052315824665, 9985947.735768366605043 ], [ 777500.685232622665353, 9985973.832021879032254 ], [ 777500.0, 9986000.0 ], [ 777500.685232622665353, 9986026.167978120967746 ], [ 777502.739052315824665, 9986052.264231633394957 ], [ 777506.155829702387564, 9986078.217232519760728 ], [ 777510.926199633046053, 9986103.955845408141613 ], [ 777517.03708685550373, 9986129.4095225520432 ], [ 777524.471741852466948, 9986154.508497187867761 ], [ 777533.209786751423962, 9986179.183974772691727 ], [ 777543.227271178737283, 9986203.368321537971497 ], [ 777554.496737905777991, 9986226.995249869301915 ], [ 777566.987298107822426, 9986250.0 ], [ 777580.664716027327813, 9986272.319517508149147 ], [ 777595.491502812481485, 9986293.892626145854592 ], [ 777611.427019271533936, 9986314.660195525735617 ], [ 777628.427587261307053, 9986334.565303178504109 ], [ 777646.446609406732023, 9986353.5533905941993 ], [ 777665.434696820564568, 9986371.572412738576531 ], [ 777685.339804475079291, 9986388.572980728000402 ], [ 777706.107373853796162, 9986404.508497187867761 ], [ 777727.68048249243293, 9986419.335283972322941 ], [ 777750.0, 9986433.012701891362667 ], [ 777773.004750130232424, 9986445.503262093290687 ], [ 777796.631678462144919, 9986456.772728821262717 ], [ 777820.816025227308273, 9986466.79021324776113 ], [ 777845.491502812481485, 9986475.528258146718144 ], [ 777870.590477448771708, 9986482.962913144379854 ], [ 777896.044154591159895, 9986489.07380036637187 ], [ 777921.782767479890026, 9986493.844170298427343 ], [ 777947.735768366139382, 9986497.260947683826089 ], [ 777973.832021878566593, 9986499.314767377451062 ], [ 778000.0, 9986500.0 ], [ 778026.167978121433407, 9986499.314767377451062 ], [ 778052.264231633860618, 9986497.260947683826089 ], [ 778078.217232520109974, 9986493.844170298427343 ], [ 778103.955845408840105, 9986489.07380036637187 ], [ 778129.409522551228292, 9986482.962913144379854 ], [ 778154.508497187518515, 9986475.528258146718144 ], [ 778179.183974772691727, 9986466.79021324776113 ], [ 778203.368321537855081, 9986456.772728821262717 ], [ 778226.995249869767576, 9986445.503262093290687 ], [ 778250.0, 9986433.012701891362667 ], [ 778272.31951750756707, 9986419.335283972322941 ], [ 778293.892626146203838, 9986404.508497187867761 ], [ 778314.660195524920709, 9986388.572980728000402 ], [ 778334.565303179435432, 9986371.572412738576531 ], [ 778353.553390593267977, 9986353.5533905941993 ], [ 778371.572412738692947, 9986334.565303178504109 ], [ 778388.572980728466064, 9986314.660195525735617 ], [ 778404.508497187518515, 9986293.892626145854592 ], [ 778419.335283972672187, 9986272.319517508149147 ], [ 778433.012701892177574, 9986250.0 ], [ 778445.503262094222009, 9986226.995249869301915 ], [ 778456.772728821262717, 9986203.368321537971497 ], [ 778466.790213248576038, 9986179.183974772691727 ], [ 778475.528258147533052, 9986154.508497187867761 ], [ 778482.96291314449627, 9986129.4095225520432 ], [ 778489.073800366953947, 9986103.955845408141613 ], [ 778493.844170297612436, 9986078.217232519760728 ], [ 778497.260947684175335, 9986052.264231633394957 ], [ 778499.314767377334647, 9986026.167978120967746 ], [ 778500.0, 9986000.0 ] ] ] } },
{ "type": "Feature", "properties": { "easting": 778000.0, "northing": 9987000.0, "id": "grid_E778000_N9987000", "retained": true }, "geometry": { "type": "Polygon", "coordinates": [ [ [ 778500.0, 9987000.0 ], [ 778499.314767377334647, 9986973.832021879032254 ], [ 778497.260947684175335, 9986947.735768366605043 ], [ 778493.844170297612436, 9986921.782767480239272 ], [ 778489.073800366953947, 9986896.044154591858387 ], [ 778482.96291314449627, 9986870.5904774479568 ], [ 778475.528258147533052, 9986845.491502812132239 ], [ 778466.790213248576038, 9986820.816025227308273 ], [ 778456.772728821262717, 9986796.631678462028503 ], [ 778445.503262094222009, 9986773.004750130698085 ], [ 778433.012701892177574, 9986750.0 ], [ 778419.335283972672187, 9986727.680482491850853 ], [ 778404.508497187518515, 9986706.107373854145408 ], [ 778388.572980728466064, 9986685.339804474264383 ], [ 778371.572412738692947, 9986665.434696821495891 ], [ 778353.553390593267977, 9986646.4466094058007 ], [ 778334.565303179435432, 9986628.427587261423469 ], [ 778314.660195524920709, 9986611.427019271999598 ], [ 778293.892626146203838, 9986595.491502812132239 ], [ 778272.31951750756707, 9986580.664716027677059 ], [ 778250.0, 9986566.987298108637333 ], [ 778226.995249869767576, 9986554.496737906709313 ], [ 778203.368321537855081, 9986543.227271178737283 ], [ 778179.183974772691727, 9986533.20978675223887 ], [ 778154.508497187518515, 9986524.471741853281856 ], [ 778129.409522551228292, 9986517.037086855620146 ], [ 778103.955845408840105, 9986510.92619963362813 ], [ 778078.217232520109974, 9986506.155829701572657 ], [ 778052.264231633860618, 9986502.739052316173911 ], [ 778026.167978121433407, 9986500.685232622548938 ], [ 778000.0, 9986500.0 ], [ 777973.832021878566593, 9986500.685232622548938 ], [ 777947.735768366139382, 9986502.739052316173911 ], [ 777921.782767479890026, 9986506.155829701572657 ], [ 777896.044154591159895, 9986510.92619963362813 ], [ 777870.590477448771708, 9986517.037086855620146 ], [ 777845.491502812481485, 9986524.471741853281856 ], [ 777820.816025227308273, 9986533.20978675223887 ], [ 777796.631678462144919, 9986543.227271178737283 ], [ 777773.004750130232424, 9986554.496737906709313 ], [ 777750.0, 9986566.987298108637333 ], [ 777727.68048249243293, 9986580.664716027677059 ], [ 777706.107373853796162, 9986595.491502812132239 ], [ 777685.339804475079291, 9986611.427019271999598 ], [ 777665.434696820564568, 9986628.427587261423469 ], [ 777646.446609406732023, 9986646.4466094058007 ], [ 777628.427587261307053, 9986665.434696821495891 ], [ 777611.427019271533936, 9986685.339804474264383 ], [ 777595.491502812481485, 9986706.107373854145408 ], [ 777580.664716027327813, 9986727.680482491850853 ], [ 777566.987298107822426, 9986750.0 ], [ 777554.496737905777991, 9986773.004750130698085 ], [ 777543.227271178737283, 9986796.631678462028503 ], [ 777533.209786751423962, 9986820.816025227308273 ], [ 777524.471741852466948, 9986845.491502812132239 ], [ 777517.03708685550373, 9986870.5904774479568 ], [ 777510.926199633046053, 9986896.044154591858387 ], [ 777506.155829702387564, 9986921.782767480239272 ], [ 777502.739052315824665, 9986947.735768366605043 ], [ 777500.685232622665353, 9986973.832021879032254 ], [ 777500.0, 9987000.0 ], [ 777500.685232622665353, 9987026.167978120967746 ], [ 777502.739052315824665, 9987052.264231633394957 ], [ 777506.155829702387564, 9987078.217232519760728 ], [ 777510.926199633046053, 9987103.955845408141613 ], [ 777517.03708685550373, 9987129.4095225520432 ], [ 777524.471741852466948, 9987154.508497187867761 ], [ 777533.209786751423962, 9987179.183974772691727 ], [ 777543.227271178737283, 9987203.368321537971497 ], [ 777554.496737905777991, 9987226.995249869301915 ], [ 777566.987298107822426, 9987250.0 ], [ 777580.664716027327813, 9987272.319517508149147 ], [ 777595.491502812481485, 9987293.892626145854592 ], [ 777611.427019271533936, 9987314.660195525735617 ], [ 777628.427587261307053, 9987334.565303178504109 ], [ 777646.446609406732023, 9987353.5533905941993 ], [ 777665.434696820564568, 9987371.572412738576531 ], [ 777685.339804475079291, 9987388.572980728000402 ], [ 777706.107373853796162, 9987404.508497187867761 ], [ 777727.68048249243293, 9987419.335283972322941 ], [ 777750.0, 9987433.012701891362667 ], [ 777773.004750130232424, 9987445.503262093290687 ], [ 777796.631678462144919, 9987456.772728821262717 ], [ 777820.816025227308273, 9987466.79021324776113 ], [ 777845.491502812481485, 9987475.528258146718144 ], [ 777870.590477448771708, 9987482.962913144379854 ], [ 777896.044154591159895, 9987489.07380036637187 ], [ 777921.782767479890026, 9987493.844170298427343 ], [ 777947.735768366139382, 9987497.260947683826089 ], [ 777973.832021878566593, 9987499.314767377451062 ], [ 778000.0, 9987500.0 ], [ 778026.167978121433407, 9987499.314767377451062 ], [ 778052.264231633860618, 9987497.260947683826089 ], [ 778078.217232520109974, 9987493.844170298427343 ], [ 778103.955845408840105, 9987489.07380036637187 ], [ 778129.409522551228292, 9987482.962913144379854 ], [ 778154.508497187518515, 9987475.528258146718144 ], [ 778179.183974772691727, 9987466.79021324776113 ], [ 778203.368321537855081, 9987456.772728821262717 ], [ 778226.995249869767576, 9987445.503262093290687 ], [ 778250.0, 9987433.012701891362667 ], [ 778272.31951750756707, 9987419.335283972322941 ], [ 778293.892626146203838, 9987404.508497187867761 ], [ 778314.660195524920709, 9987388.572980728000402 ], [ 778334.565303179435432, 9987371.572412738576531 ], [ 778353.553390593267977, 9987353.5533905941993 ], [ 778371.572412738692947, 9987334.565303178504109 ], [ 778388.572980728466064, 9987314.660195525735617 ], [ 778404.508497187518515, 9987293.892626145854592 ], [ 778419.335283972672187, 9987272.319517508149147 ], [ 778433.012701892177574, 9987250.0 ], [ 778445.503262094222009, 9987226.995249869301915 ], [ 778456.772728821262717, 9987203.368321537971497 ], [ 778466.790213248576038, 9987179.183974772691727 ], [ 778475.528258147533052, 9987154.508497187867761 ], [ 778482.96291314449627, 9987129.4095225520432 ], [ 778489.073800366953947, 9987103.955845408141613 ], [ 778493.844170297612436, 9987078.217232519760728 ], [ 778497.260947684175335, 9987052.264231633394957 ], [ 778499.314767377334647, 9987026.167978120967746 ], [ 778500.0, 9987000.0 ] ] ] } },
{ "type": "Feature", "properties": { "easting": 778000.0, "northing": 9989000.0, "id": "grid_E778000_N9989000", "retained": true }, "geometry": { "type": "Polygon", "coordinates": [ [ [ 778500.0, 9989000.0 ], [ 778499.314767377334647, 9988973.832021879032254 ], [ 778497.260947684175335, 9988947.735768366605043 ], [ 778493.844170297612436, 9988921.782767480239272 ], [ 778489.073800366953947, 9988896.044154591858387 ], [ 778482.96291314449627, 9988870.5904774479568 ], [ 778475.528258147533052, 9988845.491502812132239 ], [ 778466.790213248576038, 9988820.816025227308273 ], [ 778456.772728821262717, 9988796.631678462028503 ], [ 778445.503262094222009, 9988773.004750130698085 ], [ 778433.012701892177574, 9988750.0 ], [ 778419.335283972672187, 9988727.680482491850853 ], [ 778404.508497187518515, 9988706.107373854145408 ], [ 778388.572980728466064, 9988685.339804474264383 ], [ 778371.572412738692947, 9988665.434696821495891 ], [ 778353.553390593267977, 9988646.4466094058007 ], [ 778334.565303179435432, 9988628.427587261423469 ], [ 778314.660195524920709, 9988611.427019271999598 ], [ 778293.892626146203838, 9988595.491502812132239 ], [ 778272.31951750756707, 9988580.664716027677059 ], [ 778250.0, 9988566.987298108637333 ], [ 778226.995249869767576, 9988554.496737906709313 ], [ 778203.368321537855081, 9988543.227271178737283 ], [ 778179.183974772691727, 9988533.20978675223887 ], [ 778154.508497187518515, 9988524.471741853281856 ], [ 778129.409522551228292, 9988517.037086855620146 ], [ 778103.955845408840105, 9988510.92619963362813 ], [ 778078.217232520109974, 9988506.155829701572657 ], [ 778052.264231633860618, 9988502.739052316173911 ], [ 778026.167978121433407, 9988500.685232622548938 ], [ 778000.0, 9988500.0 ], [ 777973.832021878566593, 9988500.685232622548938 ], [ 777947.735768366139382, 9988502.739052316173911 ], [ 777921.782767479890026, 9988506.155829701572657 ], [ 777896.044154591159895, 9988510.92619963362813 ], [ 777870.590477448771708, 9988517.037086855620146 ], [ 777845.491502812481485, 9988524.471741853281856 ], [ 777820.816025227308273, 9988533.20978675223887 ], [ 777796.631678462144919, 9988543.227271178737283 ], [ 777773.004750130232424, 9988554.496737906709313 ], [ 777750.0, 9988566.987298108637333 ], [ 777727.68048249243293, 9988580.664716027677059 ], [ 777706.107373853796162, 9988595.491502812132239 ], [ 777685.339804475079291, 9988611.427019271999598 ], [ 777665.434696820564568, 9988628.427587261423469 ], [ 777646.446609406732023, 9988646.4466094058007 ], [ 777628.427587261307053, 9988665.434696821495891 ], [ 777611.427019271533936, 9988685.339804474264383 ], [ 777595.491502812481485, 9988706.107373854145408 ], [ 777580.664716027327813, 9988727.680482491850853 ], [ 777566.987298107822426, 9988750.0 ], [ 777554.496737905777991, 9988773.004750130698085 ], [ 777543.227271178737283, 9988796.631678462028503 ], [ 777533.209786751423962, 9988820.816025227308273 ], [ 777524.471741852466948, 9988845.491502812132239 ], [ 777517.03708685550373, 9988870.5904774479568 ], [ 777510.926199633046053, 9988896.044154591858387 ], [ 777506.155829702387564, 9988921.782767480239272 ], [ 777502.739052315824665, 9988947.735768366605043 ], [ 777500.685232622665353, 9988973.832021879032254 ], [ 777500.0, 9989000.0 ], [ 777500.685232622665353, 9989026.167978120967746 ], [ 777502.739052315824665, 9989052.264231633394957 ], [ 777506.155829702387564, 9989078.217232519760728 ], [ 777510.926199633046053, 9989103.955845408141613 ], [ 777517.03708685550373, 9989129.4095225520432 ], [ 777524.471741852466948, 9989154.508497187867761 ], [ 777533.209786751423962, 9989179.183974772691727 ], [ 777543.227271178737283, 9989203.368321537971497 ], [ 777554.496737905777991, 9989226.995249869301915 ], [ 777566.987298107822426, 9989250.0 ], [ 777580.664716027327813, 9989272.319517508149147 ], [ 777595.491502812481485, 9989293.892626145854592 ], [ 777611.427019271533936, 9989314.660195525735617 ], [ 777628.427587261307053, 9989334.565303178504109 ], [ 777646.446609406732023, 9989353.5533905941993 ], [ 777665.434696820564568, 9989371.572412738576531 ], [ 777685.339804475079291, 9989388.572980728000402 ], [ 777706.107373853796162, 9989404.508497187867761 ], [ 777727.68048249243293, 9989419.335283972322941 ], [ 777750.0, 9989433.012701891362667 ], [ 777773.004750130232424, 9989445.503262093290687 ], [ 777796.631678462144919, 9989456.772728821262717 ], [ 777820.816025227308273, 9989466.79021324776113 ], [ 777845.491502812481485, 9989475.528258146718144 ], [ 777870.590477448771708, 9989482.962913144379854 ], [ 777896.044154591159895, 9989489.07380036637187 ], [ 777921.782767479890026, 9989493.844170298427343 ], [ 777947.735768366139382, 9989497.260947683826089 ], [ 777973.832021878566593, 9989499.314767377451062 ], [ 778000.0, 9989500.0 ], [ 778026.167978121433407, 9989499.314767377451062 ], [ 778052.264231633860618, 9989497.260947683826089 ], [ 778078.217232520109974, 9989493.844170298427343 ], [ 778103.955845408840105, 9989489.07380036637187 ], [ 778129.409522551228292, 9989482.962913144379854 ], [ 778154.508497187518515, 9989475.528258146718144 ], [ 778179.183974772691727, 9989466.79021324776113 ], [ 778203.368321537855081, 9989456.772728821262717 ], [ 778226.995249869767576, 9989445.503262093290687 ], [ 778250.0, 9989433.012701891362667 ], [ 778272.31951750756707, 9989419.335283972322941 ], [ 778293.892626146203838, 9989404.508497187867761 ], [ 778314.660195524920709, 9989388.572980728000402 ], [ 778334.565303179435432, 9989371.572412738576531 ], [ 778353.553390593267977, 9989353.5533905941993 ], [ 778371.572412738692947, 9989334.565303178504109 ], [ 778388.572980728466064, 9989314.660195525735617 ], [ 778404.508497187518515, 9989293.892626145854592 ], [ 778419.335283972672187, 9989272.319517508149147 ], [ 778433.012701892177574, 9989250.0 ], [ 778445.503262094222009, 9989226.995249869301915 ], [ 778456.772728821262717, 9989203.368321537971497 ], [ 778466.790213248576038, 9989179.183974772691727 ], [ 778475.528258147533052, 9989154.508497187867761 ], [ 778482.96291314449627, 9989129.4095225520432 ], [ 778489.073800366953947, 9989103.955845408141613 ], [ 778493.844170297612436, 9989078.217232519760728 ], [ 778497.260947684175335, 9989052.264231633394957 ], [ 778499.314767377334647, 9989026.167978120967746 ], [ 778500.0, 9989000.0 ] ] ] } },
{ "type": "Feature", "properties": { "easting": 778000.0, "northing": 9990000.0, "id": "grid_E778000_N9990000", "retained": true }, "geometry": { "type": "Polygon", "coordinates": [ [ [ 778500.0, 9990000.0 ], [ 778499.314767377334647, 9989973.832021879032254 ], [ 778497.260947684175335, 9989947.735768366605043 ], [ 778493.844170297612436, 9989921.782767480239272 ], [ 778489.073800366953947, 9989896.044154591858387 ], [ 778482.96291314449627, 9989870.5904774479568 ], [ 778475.528258147533052, 9989845.491502812132239 ], [ 778466.790213248576038, 9989820.816025227308273 ], [ 778456.772728821262717, 9989796.631678462028503 ], [ 778445.503262094222009, 9989773.004750130698085 ], [ 778433.012701892177574, 9989750.0 ], [ 778419.335283972672187, 9989727.680482491850853 ], [ 778404.508497187518515, 9989706.107373854145408 ], [ 778388.572980728466064, 9989685.339804474264383 ], [ 778371.572412738692947, 9989665.434696821495891 ], [ 778353.553390593267977, 9989646.4466094058007 ], [ 778334.565303179435432, 9989628.427587261423469 ], [ 778314.660195524920709, 9989611.427019271999598 ], [ 778293.892626146203838, 9989595.491502812132239 ], [ 778272.31951750756707, 9989580.664716027677059 ], [ 778250.0, 9989566.987298108637333 ], [ 778226.995249869767576, 9989554.496737906709313 ], [ 778203.368321537855081, 9989543.227271178737283 ], [ 778179.183974772691727, 9989533.20978675223887 ], [ 778154.508497187518515, 9989524.471741853281856 ], [ 778129.409522551228292, 9989517.037086855620146 ], [ 778103.955845408840105, 9989510.92619963362813 ], [ 778078.217232520109974, 9989506.155829701572657 ], [ 778052.264231633860618, 9989502.739052316173911 ], [ 778026.167978121433407, 9989500.685232622548938 ], [ 778000.0, 9989500.0 ], [ 777973.832021878566593, 9989500.685232622548938 ], [ 777947.735768366139382, 9989502.739052316173911 ], [ 777921.782767479890026, 9989506.155829701572657 ], [ 777896.044154591159895, 9989510.92619963362813 ], [ 777870.590477448771708, 9989517.037086855620146 ], [ 777845.491502812481485, 9989524.471741853281856 ], [ 777820.816025227308273, 9989533.20978675223887 ], [ 777796.631678462144919, 9989543.227271178737283 ], [ 777773.004750130232424, 9989554.496737906709313 ], [ 777750.0, 9989566.987298108637333 ], [ 777727.68048249243293, 9989580.664716027677059 ], [ 777706.107373853796162, 9989595.491502812132239 ], [ 777685.339804475079291, 9989611.427019271999598 ], [ 777665.434696820564568, 9989628.427587261423469 ], [ 777646.446609406732023, 9989646.4466094058007 ], [ 777628.427587261307053, 9989665.434696821495891 ], [ 777611.427019271533936, 9989685.339804474264383 ], [ 777595.491502812481485, 9989706.107373854145408 ], [ 777580.664716027327813, 9989727.680482491850853 ], [ 777566.987298107822426, 9989750.0 ], [ 777554.496737905777991, 9989773.004750130698085 ], [ 777543.227271178737283, 9989796.631678462028503 ], [ 777533.209786751423962, 9989820.816025227308273 ], [ 777524.471741852466948, 9989845.491502812132239 ], [ 777517.03708685550373, 9989870.5904774479568 ], [ 777510.926199633046053, 9989896.044154591858387 ], [ 777506.155829702387564, 9989921.782767480239272 ], [ 777502.739052315824665, 9989947.735768366605043 ], [ 777500.685232622665353, 9989973.832021879032254 ], [ 777500.0, 9990000.0 ], [ 777500.685232622665353, 9990026.167978120967746 ], [ 777502.739052315824665, 9990052.264231633394957 ], [ 777506.155829702387564, 9990078.217232519760728 ], [ 777510.926199633046053, 9990103.955845408141613 ], [ 777517.03708685550373, 9990129.4095225520432 ], [ 777524.471741852466948, 9990154.508497187867761 ], [ 777533.209786751423962, 9990179.183974772691727 ], [ 777543.227271178737283, 9990203.368321537971497 ], [ 777554.496737905777991, 9990226.995249869301915 ], [ 777566.987298107822426, 9990250.0 ], [ 777580.664716027327813, 9990272.319517508149147 ], [ 777595.491502812481485, 9990293.892626145854592 ], [ 777611.427019271533936, 9990314.660195525735617 ], [ 777628.427587261307053, 9990334.565303178504109 ], [ 777646.446609406732023, 9990353.5533905941993 ], [ 777665.434696820564568, 9990371.572412738576531 ], [ 777685.339804475079291, 9990388.572980728000402 ], [ 777706.107373853796162, 9990404.508497187867761 ], [ 777727.68048249243293, 9990419.335283972322941 ], [ 777750.0, 9990433.012701891362667 ], [ 777773.004750130232424, 9990445.503262093290687 ], [ 777796.631678462144919, 9990456.772728821262717 ], [ 777820.816025227308273, 9990466.79021324776113 ], [ 777845.491502812481485, 9990475.528258146718144 ], [ 777870.590477448771708, 9990482.962913144379854 ], [ 777896.044154591159895, 9990489.07380036637187 ], [ 777921.782767479890026, 9990493.844170298427343 ], [ 777947.735768366139382, 9990497.260947683826089 ], [ 777973.832021878566593, 9990499.314767377451062 ], [ 778000.0, 9990500.0 ], [ 778026.167978121433407, 9990499.314767377451062 ], [ 778052.264231633860618, 9990497.260947683826089 ], [ 778078.217232520109974, 9990493.844170298427343 ], [ 778103.955845408840105, 9990489.07380036637187 ], [ 778129.409522551228292, 9990482.962913144379854 ], [ 778154.508497187518515, 9990475.528258146718144 ], [ 778179.183974772691727, 9990466.79021324776113 ], [ 778203.368321537855081, 9990456.772728821262717 ], [ 778226.995249869767576, 9990445.503262093290687 ], [ 778250.0, 9990433.012701891362667 ], [ 778272.31951750756707, 9990419.335283972322941 ], [ 778293.892626146203838, 9990404.508497187867761 ], [ 778314.660195524920709, 9990388.572980728000402 ], [ 778334.565303179435432, 9990371.572412738576531 ], [ 778353.553390593267977, 9990353.5533905941993 ], [ 778371.572412738692947, 9990334.565303178504109 ], [ 778388.572980728466064, 9990314.660195525735617 ], [ 778404.508497187518515, 9990293.892626145854592 ], [ 778419.335283972672187, 9990272.319517508149147 ], [ 778433.012701892177574, 9990250.0 ], [ 778445.503262094222009, 9990226.995249869301915 ], [ 778456.772728821262717, 9990203.368321537971497 ], [ 778466.790213248576038, 9990179.183974772691727 ], [ 778475.528258147533052, 9990154.508497187867761 ], [ 778482.96291314449627, 9990129.4095225520432 ], [ 778489.073800366953947, 9990103.955845408141613 ], [ 778493.844170297612436, 9990078.217232519760728 ], [ 778497.260947684175335, 9990052.264231633394957 ], [ 778499.314767377334647, 9990026.167978120967746 ], [ 778500.0, 9990000.0 ] ] ] } },
{ "type": "Feature", "properties": { "easting": 779000.0, "northing": 9972000.0, "id": "grid_E779000_N9972000", "retained": true }, "geometry": { "type": "Polygon", "coordinates": [ [ [ 779500.0, 9972000.0 ], [ 779499.314767377334647, 9971973.832021879032254 ], [ 779497.260947684175335, 9971947.735768366605043 ], [ 779493.844170297612436, 9971921.782767480239272 ], [ 779489.073800366953947, 9971896.044154591858387 ], [ 779482.96291314449627, 9971870.5904774479568 ], [ 779475.528258147533052, 9971845.491502812132239 ], [ 779466.790213248576038, 9971820.816025227308273 ], [ 779456.772728821262717, 9971796.631678462028503 ], [ 779445.503262094222009, 9971773.004750130698085 ], [ 779433.012701892177574, 9971750.0 ], [ 779419.335283972672187, 9971727.680482491850853 ], [ 779404.508497187518515, 9971706.107373854145408 ], [ 779388.572980728466064, 9971685.339804474264383 ], [ 779371.572412738692947, 9971665.434696821495891 ], [ 779353.553390593267977, 9971646.4466094058007 ], [ 779334.565303179435432, 9971628.427587261423469 ], [ 779314.660195524920709, 9971611.427019271999598 ], [ 779293.892626146203838, 9971595.491502812132239 ], [ 779272.31951750756707, 9971580.664716027677059 ], [ 779250.0, 9971566.987298108637333 ], [ 779226.995249869767576, 9971554.496737906709313 ], [ 779203.368321537855081, 9971543.227271178737283 ], [ 779179.183974772691727, 9971533.20978675223887 ], [ 779154.508497187518515, 9971524.471741853281856 ], [ 779129.409522551228292, 9971517.037086855620146 ], [ 779103.955845408840105, 9971510.92619963362813 ], [ 779078.217232520109974, 9971506.155829701572657 ], [ 779052.264231633860618, 9971502.739052316173911 ], [ 779026.167978121433407, 9971500.685232622548938 ], [ 779000.0, 9971500.0 ], [ 778973.832021878566593, 9971500.685232622548938 ], [ 778947.735768366139382, 9971502.739052316173911 ], [ 778921.782767479890026, 9971506.155829701572657 ], [ 778896.044154591159895, 9971510.92619963362813 ], [ 778870.590477448771708, 9971517.037086855620146 ], [ 778845.491502812481485, 9971524.471741853281856 ], [ 778820.816025227308273, 9971533.20978675223887 ], [ 778796.631678462144919, 9971543.227271178737283 ], [ 778773.004750130232424, 9971554.496737906709313 ], [ 778750.0, 9971566.987298108637333 ], [ 778727.68048249243293, 9971580.664716027677059 ], [ 778706.107373853796162, 9971595.491502812132239 ], [ 778685.339804475079291, 9971611.427019271999598 ], [ 778665.434696820564568, 9971628.427587261423469 ], [ 778646.446609406732023, 9971646.4466094058007 ], [ 778628.427587261307053, 9971665.434696821495891 ], [ 778611.427019271533936, 9971685.339804474264383 ], [ 778595.491502812481485, 9971706.107373854145408 ], [ 778580.664716027327813, 9971727.680482491850853 ], [ 778566.987298107822426, 9971750.0 ], [ 778554.496737905777991, 9971773.004750130698085 ], [ 778543.227271178737283, 9971796.631678462028503 ], [ 778533.209786751423962, 9971820.816025227308273 ], [ 778524.471741852466948, 9971845.491502812132239 ], [ 778517.03708685550373, 9971870.5904774479568 ], [ 778510.926199633046053, 9971896.044154591858387 ], [ 778506.155829702387564, 9971921.782767480239272 ], [ 778502.739052315824665, 9971947.735768366605043 ], [ 778500.685232622665353, 9971973.832021879032254 ], [ 778500.0, 9972000.0 ], [ 778500.685232622665353, 9972026.167978120967746 ], [ 778502.739052315824665, 9972052.264231633394957 ], [ 778506.155829702387564, 9972078.217232519760728 ], [ 778510.926199633046053, 9972103.955845408141613 ], [ 778517.03708685550373, 9972129.4095225520432 ], [ 778524.471741852466948, 9972154.508497187867761 ], [ 778533.209786751423962, 9972179.183974772691727 ], [ 778543.227271178737283, 9972203.368321537971497 ], [ 778554.496737905777991, 9972226.995249869301915 ], [ 778566.987298107822426, 9972250.0 ], [ 778580.664716027327813, 9972272.319517508149147 ], [ 778595.491502812481485, 9972293.892626145854592 ], [ 778611.427019271533936, 9972314.660195525735617 ], [ 778628.427587261307053, 9972334.565303178504109 ], [ 778646.446609406732023, 9972353.5533905941993 ], [ 778665.434696820564568, 9972371.572412738576531 ], [ 778685.339804475079291, 9972388.572980728000402 ], [ 778706.107373853796162, 9972404.508497187867761 ], [ 778727.68048249243293, 9972419.335283972322941 ], [ 778750.0, 9972433.012701891362667 ], [ 778773.004750130232424, 9972445.503262093290687 ], [ 778796.631678462144919, 9972456.772728821262717 ], [ 778820.816025227308273, 9972466.79021324776113 ], [ 778845.491502812481485, 9972475.528258146718144 ], [ 778870.590477448771708, 9972482.962913144379854 ], [ 778896.044154591159895, 9972489.07380036637187 ], [ 778921.782767479890026, 9972493.844170298427343 ], [ 778947.735768366139382, 9972497.260947683826089 ], [ 778973.832021878566593, 9972499.314767377451062 ], [ 779000.0, 9972500.0 ], [ 779026.167978121433407, 9972499.314767377451062 ], [ 779052.264231633860618, 9972497.260947683826089 ], [ 779078.217232520109974, 9972493.844170298427343 ], [ 779103.955845408840105, 9972489.07380036637187 ], [ 779129.409522551228292, 9972482.962913144379854 ], [ 779154.508497187518515, 9972475.528258146718144 ], [ 779179.183974772691727, 9972466.79021324776113 ], [ 779203.368321537855081, 9972456.772728821262717 ], [ 779226.995249869767576, 9972445.503262093290687 ], [ 779250.0, 9972433.012701891362667 ], [ 779272.31951750756707, 9972419.335283972322941 ], [ 779293.892626146203838, 9972404.508497187867761 ], [ 779314.660195524920709, 9972388.572980728000402 ], [ 779334.565303179435432, 9972371.572412738576531 ], [ 779353.553390593267977, 9972353.5533905941993 ], [ 779371.572412738692947, 9972334.565303178504109 ], [ 779388.572980728466064, 9972314.660195525735617 ], [ 779404.508497187518515, 9972293.892626145854592 ], [ 779419.335283972672187, 9972272.319517508149147 ], [ 779433.012701892177574, 9972250.0 ], [ 779445.503262094222009, 9972226.995249869301915 ], [ 779456.772728821262717, 9972203.368321537971497 ], [ 779466.790213248576038, 9972179.183974772691727 ], [ 779475.528258147533052, 9972154.508497187867761 ], [ 779482.96291314449627, 9972129.4095225520432 ], [ 779489.073800366953947, 9972103.955845408141613 ], [ 779493.844170297612436, 9972078.217232519760728 ], [ 779497.260947684175335, 9972052.264231633394957 ], [ 779499.314767377334647, 9972026.167978120967746 ], [ 779500.0, 9972000.0 ] ] ] } },
{ "type": "Feature", "properties": { "easting": 779000.0, "northing": 9973000.0, "id": "grid_E779000_N9973000", "retained": true }, "geometry": { "type": "Polygon", "coordinates": [ [ [ 779500.0, 9973000.0 ], [ 779499.314767377334647, 9972973.832021879032254 ], [ 779497.260947684175335, 9972947.735768366605043 ], [ 779493.844170297612436, 9972921.782767480239272 ], [ 779489.073800366953947, 9972896.044154591858387 ], [ 779482.96291314449627, 9972870.5904774479568 ], [ 779475.528258147533052, 9972845.491502812132239 ], [ 779466.790213248576038, 9972820.816025227308273 ], [ 779456.772728821262717, 9972796.631678462028503 ], [ 779445.503262094222009, 9972773.004750130698085 ], [ 779433.012701892177574, 9972750.0 ], [ 779419.335283972672187, 9972727.680482491850853 ], [ 779404.508497187518515, 9972706.107373854145408 ], [ 779388.572980728466064, 9972685.339804474264383 ], [ 779371.572412738692947, 9972665.434696821495891 ], [ 779353.553390593267977, 9972646.4466094058007 ], [ 779334.565303179435432, 9972628.427587261423469 ], [ 779314.660195524920709, 9972611.427019271999598 ], [ 779293.892626146203838, 9972595.491502812132239 ], [ 779272.31951750756707, 9972580.664716027677059 ], [ 779250.0, 9972566.987298108637333 ], [ 779226.995249869767576, 9972554.496737906709313 ], [ 779203.368321537855081, 9972543.227271178737283 ], [ 779179.183974772691727, 9972533.20978675223887 ], [ 779154.508497187518515, 9972524.471741853281856 ], [ 779129.409522551228292, 9972517.037086855620146 ], [ 779103.955845408840105, 9972510.92619963362813 ], [ 779078.217232520109974, 9972506.155829701572657 ], [ 779052.264231633860618, 9972502.739052316173911 ], [ 779026.167978121433407, 9972500.685232622548938 ], [ 779000.0, 9972500.0 ], [ 778973.832021878566593, 9972500.685232622548938 ], [ 778947.735768366139382, 9972502.739052316173911 ], [ 778921.782767479890026, 9972506.155829701572657 ], [ 778896.044154591159895, 9972510.92619963362813 ], [ 778870.590477448771708, 9972517.037086855620146 ], [ 778845.491502812481485, 9972524.471741853281856 ], [ 778820.816025227308273, 9972533.20978675223887 ], [ 778796.631678462144919, 9972543.227271178737283 ], [ 778773.004750130232424, 9972554.496737906709313 ], [ 778750.0, 9972566.987298108637333 ], [ 778727.68048249243293, 9972580.664716027677059 ], [ 778706.107373853796162, 9972595.491502812132239 ], [ 778685.339804475079291, 9972611.427019271999598 ], [ 778665.434696820564568, 9972628.427587261423469 ], [ 778646.446609406732023, 9972646.4466094058007 ], [ 778628.427587261307053, 9972665.434696821495891 ], [ 778611.427019271533936, 9972685.339804474264383 ], [ 778595.491502812481485, 9972706.107373854145408 ], [ 778580.664716027327813, 9972727.680482491850853 ], [ 778566.987298107822426, 9972750.0 ], [ 778554.496737905777991, 9972773.004750130698085 ], [ 778543.227271178737283, 9972796.631678462028503 ], [ 778533.209786751423962, 9972820.816025227308273 ], [ 778524.471741852466948, 9972845.491502812132239 ], [ 778517.03708685550373, 9972870.5904774479568 ], [ 778510.926199633046053, 9972896.044154591858387 ], [ 778506.155829702387564, 9972921.782767480239272 ], [ 778502.739052315824665, 9972947.735768366605043 ], [ 778500.685232622665353, 9972973.832021879032254 ], [ 778500.0, 9973000.0 ], [ 778500.685232622665353, 9973026.167978120967746 ], [ 778502.739052315824665, 9973052.264231633394957 ], [ 778506.155829702387564, 9973078.217232519760728 ], [ 778510.926199633046053, 9973103.955845408141613 ], [ 778517.03708685550373, 9973129.4095225520432 ], [ 778524.471741852466948, 9973154.508497187867761 ], [ 778533.209786751423962, 9973179.183974772691727 ], [ 778543.227271178737283, 9973203.368321537971497 ], [ 778554.496737905777991, 9973226.995249869301915 ], [ 778566.987298107822426, 9973250.0 ], [ 778580.664716027327813, 9973272.319517508149147 ], [ 778595.491502812481485, 9973293.892626145854592 ], [ 778611.427019271533936, 9973314.660195525735617 ], [ 778628.427587261307053, 9973334.565303178504109 ], [ 778646.446609406732023, 9973353.5533905941993 ], [ 778665.434696820564568, 9973371.572412738576531 ], [ 778685.339804475079291, 9973388.572980728000402 ], [ 778706.107373853796162, 9973404.508497187867761 ], [ 778727.68048249243293, 9973419.335283972322941 ], [ 778750.0, 9973433.012701891362667 ], [ 778773.004750130232424, 9973445.503262093290687 ], [ 778796.631678462144919, 9973456.772728821262717 ], [ 778820.816025227308273, 9973466.79021324776113 ], [ 778845.491502812481485, 9973475.528258146718144 ], [ 778870.590477448771708, 9973482.962913144379854 ], [ 778896.044154591159895, 9973489.07380036637187 ], [ 778921.782767479890026, 9973493.844170298427343 ], [ 778947.735768366139382, 9973497.260947683826089 ], [ 778973.832021878566593, 9973499.314767377451062 ], [ 779000.0, 9973500.0 ], [ 779026.167978121433407, 9973499.314767377451062 ], [ 779052.264231633860618, 9973497.260947683826089 ], [ 779078.217232520109974, 9973493.844170298427343 ], [ 779103.955845408840105, 9973489.07380036637187 ], [ 779129.409522551228292, 9973482.962913144379854 ], [ 779154.508497187518515, 9973475.528258146718144 ], [ 779179.183974772691727, 9973466.79021324776113 ], [ 779203.368321537855081, 9973456.772728821262717 ], [ 779226.995249869767576, 9973445.503262093290687 ], [ 779250.0, 9973433.012701891362667 ], [ 779272.31951750756707, 9973419.335283972322941 ], [ 779293.892626146203838, 9973404.508497187867761 ], [ 779314.660195524920709, 9973388.572980728000402 ], [ 779334.565303179435432, 9973371.572412738576531 ], [ 779353.553390593267977, 9973353.5533905941993 ], [ 779371.572412738692947, 9973334.565303178504109 ], [ 779388.572980728466064, 9973314.660195525735617 ], [ 779404.508497187518515, 9973293.892626145854592 ], [ 779419.335283972672187, 9973272.319517508149147 ], [ 779433.012701892177574, 9973250.0 ], [ 779445.503262094222009, 9973226.995249869301915 ], [ 779456.772728821262717, 9973203.368321537971497 ], [ 779466.790213248576038, 9973179.183974772691727 ], [ 779475.528258147533052, 9973154.508497187867761 ], [ 779482.96291314449627, 9973129.4095225520432 ], [ 779489.073800366953947, 9973103.955845408141613 ], [ 779493.844170297612436, 9973078.217232519760728 ], [ 779497.260947684175335, 9973052.264231633394957 ], [ 779499.314767377334647, 9973026.167978120967746 ], [ 779500.0, 9973000.0 ] ] ] } },
{ "type": "Feature", "properties": { "easting": 779000.0, "northing": 9985000.0, "id": "grid_E779000_N9985000", "retained": true }, "geometry": { "type": "Polygon", "coordinates": [ [ [ 779500.0, 9985000.0 ], [ 779499.314767377334647, 9984973.832021879032254 ], [ 779497.260947684175335, 9984947.735768366605043 ], [ 779493.844170297612436, 9984921.782767480239272 ], [ 779489.073800366953947, 9984896.044154591858387 ], [ 779482.96291314449627, 9984870.5904774479568 ], [ 779475.528258147533052, 9984845.491502812132239 ], [ 779466.790213248576038, 9984820.816025227308273 ], [ 779456.772728821262717, 9984796.631678462028503 ], [ 779445.503262094222009, 9984773.004750130698085 ], [ 779433.012701892177574, 9984750.0 ], [ 779419.335283972672187, 9984727.680482491850853 ], [ 779404.508497187518515, 9984706.107373854145408 ], [ 779388.572980728466064, 9984685.339804474264383 ], [ 779371.572412738692947, 9984665.434696821495891 ], [ 779353.553390593267977, 9984646.4466094058007 ], [ 779334.565303179435432, 9984628.427587261423469 ], [ 779314.660195524920709, 9984611.427019271999598 ], [ 779293.892626146203838, 9984595.491502812132239 ], [ 779272.31951750756707, 9984580.664716027677059 ], [ 779250.0, 9984566.987298108637333 ], [ 779226.995249869767576, 9984554.496737906709313 ], [ 779203.368321537855081, 9984543.227271178737283 ], [ 779179.183974772691727, 9984533.20978675223887 ], [ 779154.508497187518515, 9984524.471741853281856 ], [ 779129.409522551228292, 9984517.037086855620146 ], [ 779103.955845408840105, 9984510.92619963362813 ], [ 779078.217232520109974, 9984506.155829701572657 ], [ 779052.264231633860618, 9984502.739052316173911 ], [ 779026.167978121433407, 9984500.685232622548938 ], [ 779000.0, 9984500.0 ], [ 778973.832021878566593, 9984500.685232622548938 ], [ 778947.735768366139382, 9984502.739052316173911 ], [ 778921.782767479890026, 9984506.155829701572657 ], [ 778896.044154591159895, 9984510.92619963362813 ], [ 778870.590477448771708, 9984517.037086855620146 ], [ 778845.491502812481485, 9984524.471741853281856 ], [ 778820.816025227308273, 9984533.20978675223887 ], [ 778796.631678462144919, 9984543.227271178737283 ], [ 778773.004750130232424, 9984554.496737906709313 ], [ 778750.0, 9984566.987298108637333 ], [ 778727.68048249243293, 9984580.664716027677059 ], [ 778706.107373853796162, 9984595.491502812132239 ], [ 778685.339804475079291, 9984611.427019271999598 ], [ 778665.434696820564568, 9984628.427587261423469 ], [ 778646.446609406732023, 9984646.4466094058007 ], [ 778628.427587261307053, 9984665.434696821495891 ], [ 778611.427019271533936, 9984685.339804474264383 ], [ 778595.491502812481485, 9984706.107373854145408 ], [ 778580.664716027327813, 9984727.680482491850853 ], [ 778566.987298107822426, 9984750.0 ], [ 778554.496737905777991, 9984773.004750130698085 ], [ 778543.227271178737283, 9984796.631678462028503 ], [ 778533.209786751423962, 9984820.816025227308273 ], [ 778524.471741852466948, 9984845.491502812132239 ], [ 778517.03708685550373, 9984870.5904774479568 ], [ 778510.926199633046053, 9984896.044154591858387 ], [ 778506.155829702387564, 9984921.782767480239272 ], [ 778502.739052315824665, 9984947.735768366605043 ], [ 778500.685232622665353, 9984973.832021879032254 ], [ 778500.0, 9985000.0 ], [ 778500.685232622665353, 9985026.167978120967746 ], [ 778502.739052315824665, 9985052.264231633394957 ], [ 778506.155829702387564, 9985078.217232519760728 ], [ 778510.926199633046053, 9985103.955845408141613 ], [ 778517.03708685550373, 9985129.4095225520432 ], [ 778524.471741852466948, 9985154.508497187867761 ], [ 778533.209786751423962, 9985179.183974772691727 ], [ 778543.227271178737283, 9985203.368321537971497 ], [ 778554.496737905777991, 9985226.995249869301915 ], [ 778566.987298107822426, 9985250.0 ], [ 778580.664716027327813, 9985272.319517508149147 ], [ 778595.491502812481485, 9985293.892626145854592 ], [ 778611.427019271533936, 9985314.660195525735617 ], [ 778628.427587261307053, 9985334.565303178504109 ], [ 778646.446609406732023, 9985353.5533905941993 ], [ 778665.434696820564568, 9985371.572412738576531 ], [ 778685.339804475079291, 9985388.572980728000402 ], [ 778706.107373853796162, 9985404.508497187867761 ], [ 778727.68048249243293, 9985419.335283972322941 ], [ 778750.0, 9985433.012701891362667 ], [ 778773.004750130232424, 9985445.503262093290687 ], [ 778796.631678462144919, 9985456.772728821262717 ], [ 778820.816025227308273, 9985466.79021324776113 ], [ 778845.491502812481485, 9985475.528258146718144 ], [ 778870.590477448771708, 9985482.962913144379854 ], [ 778896.044154591159895, 9985489.07380036637187 ], [ 778921.782767479890026, 9985493.844170298427343 ], [ 778947.735768366139382, 9985497.260947683826089 ], [ 778973.832021878566593, 9985499.314767377451062 ], [ 779000.0, 9985500.0 ], [ 779026.167978121433407, 9985499.314767377451062 ], [ 779052.264231633860618, 9985497.260947683826089 ], [ 779078.217232520109974, 9985493.844170298427343 ], [ 779103.955845408840105, 9985489.07380036637187 ], [ 779129.409522551228292, 9985482.962913144379854 ], [ 779154.508497187518515, 9985475.528258146718144 ], [ 779179.183974772691727, 9985466.79021324776113 ], [ 779203.368321537855081, 9985456.772728821262717 ], [ 779226.995249869767576, 9985445.503262093290687 ], [ 779250.0, 9985433.012701891362667 ], [ 779272.31951750756707, 9985419.335283972322941 ], [ 779293.892626146203838, 9985404.508497187867761 ], [ 779314.660195524920709, 9985388.572980728000402 ], [ 779334.565303179435432, 9985371.572412738576531 ], [ 779353.553390593267977, 9985353.5533905941993 ], [ 779371.572412738692947, 9985334.565303178504109 ], [ 779388.572980728466064, 9985314.660195525735617 ], [ 779404.508497187518515, 9985293.892626145854592 ], [ 779419.335283972672187, 9985272.319517508149147 ], [ 779433.012701892177574, 9985250.0 ], [ 779445.503262094222009, 9985226.995249869301915 ], [ 779456.772728821262717, 9985203.368321537971497 ], [ 779466.790213248576038, 9985179.183974772691727 ], [ 779475.528258147533052, 9985154.508497187867761 ], [ 779482.96291314449627, 9985129.4095225520432 ], [ 779489.073800366953947, 9985103.955845408141613 ], [ 779493.844170297612436, 9985078.217232519760728 ], [ 779497.260947684175335, 9985052.264231633394957 ], [ 779499.314767377334647, 9985026.167978120967746 ], [ 779500.0, 9985000.0 ] ] ] } },
{ "type": "Feature", "properties": { "easting": 779000.0, "northing": 9986000.0, "id": "grid_E779000_N9986000", "retained": true }, "geometry": { "type": "Polygon", "coordinates": [ [ [ 779500.0, 9986000.0 ], [ 779499.314767377334647, 9985973.832021879032254 ], [ 779497.260947684175335, 9985947.735768366605043 ], [ 779493.844170297612436, 9985921.782767480239272 ], [ 779489.073800366953947, 9985896.044154591858387 ], [ 779482.96291314449627, 9985870.5904774479568 ], [ 779475.528258147533052, 9985845.491502812132239 ], [ 779466.790213248576038, 9985820.816025227308273 ], [ 779456.772728821262717, 9985796.631678462028503 ], [ 779445.503262094222009, 9985773.004750130698085 ], [ 779433.012701892177574, 9985750.0 ], [ 779419.335283972672187, 9985727.680482491850853 ], [ 779404.508497187518515, 9985706.107373854145408 ], [ 779388.572980728466064, 9985685.339804474264383 ], [ 779371.572412738692947, 9985665.434696821495891 ], [ 779353.553390593267977, 9985646.4466094058007 ], [ 779334.565303179435432, 9985628.427587261423469 ], [ 779314.660195524920709, 9985611.427019271999598 ], [ 779293.892626146203838, 9985595.491502812132239 ], [ 779272.31951750756707, 9985580.664716027677059 ], [ 779250.0, 9985566.987298108637333 ], [ 779226.995249869767576, 9985554.496737906709313 ], [ 779203.368321537855081, 9985543.227271178737283 ], [ 779179.183974772691727, 9985533.20978675223887 ], [ 779154.508497187518515, 9985524.471741853281856 ], [ 779129.409522551228292, 9985517.037086855620146 ], [ 779103.955845408840105, 9985510.92619963362813 ], [ 779078.217232520109974, 9985506.155829701572657 ], [ 779052.264231633860618, 9985502.739052316173911 ], [ 779026.167978121433407, 9985500.685232622548938 ], [ 779000.0, 9985500.0 ], [ 778973.832021878566593, 9985500.685232622548938 ], [ 778947.735768366139382, 9985502.739052316173911 ], [ 778921.782767479890026, 9985506.155829701572657 ], [ 778896.044154591159895, 9985510.92619963362813 ], [ 778870.590477448771708, 9985517.037086855620146 ], [ 778845.491502812481485, 9985524.471741853281856 ], [ 778820.816025227308273, 9985533.20978675223887 ], [ 778796.631678462144919, 9985543.227271178737283 ], [ 778773.004750130232424, 9985554.496737906709313 ], [ 778750.0, 9985566.987298108637333 ], [ 778727.68048249243293, 9985580.664716027677059 ], [ 778706.107373853796162, 9985595.491502812132239 ], [ 778685.339804475079291, 9985611.427019271999598 ], [ 778665.434696820564568, 9985628.427587261423469 ], [ 778646.446609406732023, 9985646.4466094058007 ], [ 778628.427587261307053, 9985665.434696821495891 ], [ 778611.427019271533936, 9985685.339804474264383 ], [ 778595.491502812481485, 9985706.107373854145408 ], [ 778580.664716027327813, 9985727.680482491850853 ], [ 778566.987298107822426, 9985750.0 ], [ 778554.496737905777991, 9985773.004750130698085 ], [ 778543.227271178737283, 9985796.631678462028503 ], [ 778533.209786751423962, 9985820.816025227308273 ], [ 778524.471741852466948, 9985845.491502812132239 ], [ 778517.03708685550373, 9985870.5904774479568 ], [ 778510.926199633046053, 9985896.044154591858387 ], [ 778506.155829702387564, 9985921.782767480239272 ], [ 778502.739052315824665, 9985947.735768366605043 ], [ 778500.685232622665353, 9985973.832021879032254 ], [ 778500.0, 9986000.0 ], [ 778500.685232622665353, 9986026.167978120967746 ], [ 778502.739052315824665, 9986052.264231633394957 ], [ 778506.155829702387564, 9986078.217232519760728 ], [ 778510.926199633046053, 9986103.955845408141613 ], [ 778517.03708685550373, 9986129.4095225520432 ], [ 778524.471741852466948, 9986154.508497187867761 ], [ 778533.209786751423962, 9986179.183974772691727 ], [ 778543.227271178737283, 9986203.368321537971497 ], [ 778554.496737905777991, 9986226.995249869301915 ], [ 778566.987298107822426, 9986250.0 ], [ 778580.664716027327813, 9986272.319517508149147 ], [ 778595.491502812481485, 9986293.892626145854592 ], [ 778611.427019271533936, 9986314.660195525735617 ], [ 778628.427587261307053, 9986334.565303178504109 ], [ 778646.446609406732023, 9986353.5533905941993 ], [ 778665.434696820564568, 9986371.572412738576531 ], [ 778685.339804475079291, 9986388.572980728000402 ], [ 778706.107373853796162, 9986404.508497187867761 ], [ 778727.68048249243293, 9986419.335283972322941 ], [ 778750.0, 9986433.012701891362667 ], [ 778773.004750130232424, 9986445.503262093290687 ], [ 778796.631678462144919, 9986456.772728821262717 ], [ 778820.816025227308273, 9986466.79021324776113 ], [ 778845.491502812481485, 9986475.528258146718144 ], [ 778870.590477448771708, 9986482.962913144379854 ], [ 778896.044154591159895, 9986489.07380036637187 ], [ 778921.782767479890026, 9986493.844170298427343 ], [ 778947.735768366139382, 9986497.260947683826089 ], [ 778973.832021878566593, 9986499.314767377451062 ], [ 779000.0, 9986500.0 ], [ 779026.167978121433407, 9986499.314767377451062 ], [ 779052.264231633860618, 9986497.260947683826089 ], [ 779078.217232520109974, 9986493.844170298427343 ], [ 779103.955845408840105, 9986489.07380036637187 ], [ 779129.409522551228292, 9986482.962913144379854 ], [ 779154.508497187518515, 9986475.528258146718144 ], [ 779179.183974772691727, 9986466.79021324776113 ], [ 779203.368321537855081, 9986456.772728821262717 ], [ 779226.995249869767576, 9986445.503262093290687 ], [ 779250.0, 9986433.012701891362667 ], [ 779272.31951750756707, 9986419.335283972322941 ], [ 779293.892626146203838, 9986404.508497187867761 ], [ 779314.660195524920709, 9986388.572980728000402 ], [ 779334.565303179435432, 9986371.572412738576531 ], [ 779353.553390593267977, 9986353.5533905941993 ], [ 779371.572412738692947, 9986334.565303178504109 ], [ 779388.572980728466064, 9986314.660195525735617 ], [ 779404.508497187518515, 9986293.892626145854592 ], [ 779419.335283972672187, 9986272.319517508149147 ], [ 779433.012701892177574, 9986250.0 ], [ 779445.503262094222009, 9986226.995249869301915 ], [ 779456.772728821262717, 9986203.368321537971497 ], [ 779466.790213248576038, 9986179.183974772691727 ], [ 779475.528258147533052, 9986154.508497187867761 ], [ 779482.96291314449627, 9986129.4095225520432 ], [ 779489.073800366953947, 9986103.955845408141613 ], [ 779493.844170297612436, 9986078.217232519760728 ], [ 779497.260947684175335, 9986052.264231633394957 ], [ 779499.314767377334647, 9986026.167978120967746 ], [ 779500.0, 9986000.0 ] ] ] } },
{ "type": "Feature", "properties": { "easting": 779000.0, "northing": 9987000.0, "id": "grid_E779000_N9987000", "retained": true }, "geometry": { "type": "Polygon", "coordinates": [ [ [ 779500.0, 9987000.0 ], [ 779499.314767377334647, 9986973.832021879032254 ], [ 779497.260947684175335, 9986947.735768366605043 ], [ 779493.844170297612436, 9986921.782767480239272 ], [ 779489.073800366953947, 9986896.044154591858387 ], [ 779482.96291314449627, 9986870.5904774479568 ], [ 779475.528258147533052, 9986845.491502812132239 ], [ 779466.790213248576038, 9986820.816025227308273 ], [ 779456.772728821262717, 9986796.631678462028503 ], [ 779445.503262094222009, 9986773.004750130698085 ], [ 779433.012701892177574, 9986750.0 ], [ 779419.335283972672187, 9986727.680482491850853 ], [ 779404.508497187518515, 9986706.107373854145408 ], [ 779388.572980728466064, 9986685.339804474264383 ], [ 779371.572412738692947, 9986665.434696821495891 ], [ 779353.553390593267977, 9986646.4466094058007 ], [ 779334.565303179435432, 9986628.427587261423469 ], [ 779314.660195524920709, 9986611.427019271999598 ], [ 779293.892626146203838, 9986595.491502812132239 ], [ 779272.31951750756707, 9986580.664716027677059 ], [ 779250.0, 9986566.987298108637333 ], [ 779226.995249869767576, 9986554.496737906709313 ], [ 779203.368321537855081, 9986543.227271178737283 ], [ 779179.183974772691727, 9986533.20978675223887 ], [ 779154.508497187518515, 9986524.471741853281856 ], [ 779129.409522551228292, 9986517.037086855620146 ], [ 779103.955845408840105, 9986510.92619963362813 ], [ 779078.217232520109974, 9986506.155829701572657 ], [ 779052.264231633860618, 9986502.739052316173911 ], [ 779026.167978121433407, 9986500.685232622548938 ], [ 779000.0, 9986500.0 ], [ 778973.832021878566593, 9986500.685232622548938 ], [ 778947.735768366139382, 9986502.739052316173911 ], [ 778921.782767479890026, 9986506.155829701572657 ], [ 778896.044154591159895, 9986510.92619963362813 ], [ 778870.590477448771708, 9986517.037086855620146 ], [ 778845.491502812481485, 9986524.471741853281856 ], [ 778820.816025227308273, 9986533.20978675223887 ], [ 778796.631678462144919, 9986543.227271178737283 ], [ 778773.004750130232424, 9986554.496737906709313 ], [ 778750.0, 9986566.987298108637333 ], [ 778727.68048249243293, 9986580.664716027677059 ], [ 778706.107373853796162, 9986595.491502812132239 ], [ 778685.339804475079291, 9986611.427019271999598 ], [ 778665.434696820564568, 9986628.427587261423469 ], [ 778646.446609406732023, 9986646.4466094058007 ], [ 778628.427587261307053, 9986665.434696821495891 ], [ 778611.427019271533936, 9986685.339804474264383 ], [ 778595.491502812481485, 9986706.107373854145408 ], [ 778580.664716027327813, 9986727.680482491850853 ], [ 778566.987298107822426, 9986750.0 ], [ 778554.496737905777991, 9986773.004750130698085 ], [ 778543.227271178737283, 9986796.631678462028503 ], [ 778533.209786751423962, 9986820.816025227308273 ], [ 778524.471741852466948, 9986845.491502812132239 ], [ 778517.03708685550373, 9986870.5904774479568 ], [ 778510.926199633046053, 9986896.044154591858387 ], [ 778506.155829702387564, 9986921.782767480239272 ], [ 778502.739052315824665, 9986947.735768366605043 ], [ 778500.685232622665353, 9986973.832021879032254 ], [ 778500.0, 9987000.0 ], [ 778500.685232622665353, 9987026.167978120967746 ], [ 778502.739052315824665, 9987052.264231633394957 ], [ 778506.155829702387564, 9987078.217232519760728 ], [ 778510.926199633046053, 9987103.955845408141613 ], [ 778517.03708685550373, 9987129.4095225520432 ], [ 778524.471741852466948, 9987154.508497187867761 ], [ 778533.209786751423962, 9987179.183974772691727 ], [ 778543.227271178737283, 9987203.368321537971497 ], [ 778554.496737905777991, 9987226.995249869301915 ], [ 778566.987298107822426, 9987250.0 ], [ 778580.664716027327813, 9987272.319517508149147 ], [ 778595.491502812481485, 9987293.892626145854592 ], [ 778611.427019271533936, 9987314.660195525735617 ], [ 778628.427587261307053, 9987334.565303178504109 ], [ 778646.446609406732023, 9987353.5533905941993 ], [ 778665.434696820564568, 9987371.572412738576531 ], [ 778685.339804475079291, 9987388.572980728000402 ], [ 778706.107373853796162, 9987404.508497187867761 ], [ 778727.68048249243293, 9987419.335283972322941 ], [ 778750.0, 9987433.012701891362667 ], [ 778773.004750130232424, 9987445.503262093290687 ], [ 778796.631678462144919, 9987456.772728821262717 ], [ 778820.816025227308273, 9987466.79021324776113 ], [ 778845.491502812481485, 9987475.528258146718144 ], [ 778870.590477448771708, 9987482.962913144379854 ], [ 778896.044154591159895, 9987489.07380036637187 ], [ 778921.782767479890026, 9987493.844170298427343 ], [ 778947.735768366139382, 9987497.260947683826089 ], [ 778973.832021878566593, 9987499.314767377451062 ], [ 779000.0, 9987500.0 ], [ 779026.167978121433407, 9987499.314767377451062 ], [ 779052.264231633860618, 9987497.260947683826089 ], [ 779078.217232520109974, 9987493.844170298427343 ], [ 779103.955845408840105, 9987489.07380036637187 ], [ 779129.409522551228292, 9987482.962913144379854 ], [ 779154.508497187518515, 9987475.528258146718144 ], [ 779179.183974772691727, 9987466.79021324776113 ], [ 779203.368321537855081, 9987456.772728821262717 ], [ 779226.995249869767576, 9987445.503262093290687 ], [ 779250.0, 9987433.012701891362667 ], [ 779272.31951750756707, 9987419.335283972322941 ], [ 779293.892626146203838, 9987404.508497187867761 ], [ 779314.660195524920709, 9987388.572980728000402 ], [ 779334.565303179435432, 9987371.572412738576531 ], [ 779353.553390593267977, 9987353.5533905941993 ], [ 779371.572412738692947, 9987334.565303178504109 ], [ 779388.572980728466064, 9987314.660195525735617 ], [ 779404.508497187518515, 9987293.892626145854592 ], [ 779419.335283972672187, 9987272.319517508149147 ], [ 779433.012701892177574, 9987250.0 ], [ 779445.503262094222009, 9987226.995249869301915 ], [ 779456.772728821262717, 9987203.368321537971497 ], [ 779466.790213248576038, 9987179.183974772691727 ], [ 779475.528258147533052, 9987154.508497187867761 ], [ 779482.96291314449627, 9987129.4095225520432 ], [ 779489.073800366953947, 9987103.955845408141613 ], [ 779493.844170297612436, 9987078.217232519760728 ], [ 779497.260947684175335, 9987052.264231633394957 ], [ 779499.314767377334647, 9987026.167978120967746 ], [ 779500.0, 9987000.0 ] ] ] } },
{ "type": "Feature", "properties": { "easting": 779000.0, "northing": 9988000.0, "id": "grid_E779000_N9988000", "retained": true }, "geometry": { "type": "Polygon", "coordinates": [ [ [ 779500.0, 9988000.0 ], [ 779499.314767377334647, 9987973.832021879032254 ], [ 779497.260947684175335, 9987947.735768366605043 ], [ 779493.844170297612436, 9987921.782767480239272 ], [ 779489.073800366953947, 9987896.044154591858387 ], [ 779482.96291314449627, 9987870.5904774479568 ], [ 779475.528258147533052, 9987845.491502812132239 ], [ 779466.790213248576038, 9987820.816025227308273 ], [ 779456.772728821262717, 9987796.631678462028503 ], [ 779445.503262094222009, 9987773.004750130698085 ], [ 779433.012701892177574, 9987750.0 ], [ 779419.335283972672187, 9987727.680482491850853 ], [ 779404.508497187518515, 9987706.107373854145408 ], [ 779388.572980728466064, 9987685.339804474264383 ], [ 779371.572412738692947, 9987665.434696821495891 ], [ 779353.553390593267977, 9987646.4466094058007 ], [ 779334.565303179435432, 9987628.427587261423469 ], [ 779314.660195524920709, 9987611.427019271999598 ], [ 779293.892626146203838, 9987595.491502812132239 ], [ 779272.31951750756707, 9987580.664716027677059 ], [ 779250.0, 9987566.987298108637333 ], [ 779226.995249869767576, 9987554.496737906709313 ], [ 779203.368321537855081, 9987543.227271178737283 ], [ 779179.183974772691727, 9987533.20978675223887 ], [ 779154.508497187518515, 9987524.471741853281856 ], [ 779129.409522551228292, 9987517.037086855620146 ], [ 779103.955845408840105, 9987510.92619963362813 ], [ 779078.217232520109974, 9987506.155829701572657 ], [ 779052.264231633860618, 9987502.739052316173911 ], [ 779026.167978121433407, 9987500.685232622548938 ], [ 779000.0, 9987500.0 ], [ 778973.832021878566593, 9987500.685232622548938 ], [ 778947.735768366139382, 9987502.739052316173911 ], [ 778921.782767479890026, 9987506.155829701572657 ], [ 778896.044154591159895, 9987510.92619963362813 ], [ 778870.590477448771708, 9987517.037086855620146 ], [ 778845.491502812481485, 9987524.471741853281856 ], [ 778820.816025227308273, 9987533.20978675223887 ], [ 778796.631678462144919, 9987543.227271178737283 ], [ 778773.004750130232424, 9987554.496737906709313 ], [ 778750.0, 9987566.987298108637333 ], [ 778727.68048249243293, 9987580.664716027677059 ], [ 778706.107373853796162, 9987595.491502812132239 ], [ 778685.339804475079291, 9987611.427019271999598 ], [ 778665.434696820564568, 9987628.427587261423469 ], [ 778646.446609406732023, 9987646.4466094058007 ], [ 778628.427587261307053, 9987665.434696821495891 ], [ 778611.427019271533936, 9987685.339804474264383 ], [ 778595.491502812481485, 9987706.107373854145408 ], [ 778580.664716027327813, 9987727.680482491850853 ], [ 778566.987298107822426, 9987750.0 ], [ 778554.496737905777991, 9987773.004750130698085 ], [ 778543.227271178737283, 9987796.631678462028503 ], [ 778533.209786751423962, 9987820.816025227308273 ], [ 778524.471741852466948, 9987845.491502812132239 ], [ 778517.03708685550373, 9987870.5904774479568 ], [ 778510.926199633046053, 9987896.044154591858387 ], [ 778506.155829702387564, 9987921.782767480239272 ], [ 778502.739052315824665, 9987947.735768366605043 ], [ 778500.685232622665353, 9987973.832021879032254 ], [ 778500.0, 9988000.0 ], [ 778500.685232622665353, 9988026.167978120967746 ], [ 778502.739052315824665, 9988052.264231633394957 ], [ 778506.155829702387564, 9988078.217232519760728 ], [ 778510.926199633046053, 9988103.955845408141613 ], [ 778517.03708685550373, 9988129.4095225520432 ], [ 778524.471741852466948, 9988154.508497187867761 ], [ 778533.209786751423962, 9988179.183974772691727 ], [ 778543.227271178737283, 9988203.368321537971497 ], [ 778554.496737905777991, 9988226.995249869301915 ], [ 778566.987298107822426, 9988250.0 ], [ 778580.664716027327813, 9988272.319517508149147 ], [ 778595.491502812481485, 9988293.892626145854592 ], [ 778611.427019271533936, 9988314.660195525735617 ], [ 778628.427587261307053, 9988334.565303178504109 ], [ 778646.446609406732023, 9988353.5533905941993 ], [ 778665.434696820564568, 9988371.572412738576531 ], [ 778685.339804475079291, 9988388.572980728000402 ], [ 778706.107373853796162, 9988404.508497187867761 ], [ 778727.68048249243293, 9988419.335283972322941 ], [ 778750.0, 9988433.012701891362667 ], [ 778773.004750130232424, 9988445.503262093290687 ], [ 778796.631678462144919, 9988456.772728821262717 ], [ 778820.816025227308273, 9988466.79021324776113 ], [ 778845.491502812481485, 9988475.528258146718144 ], [ 778870.590477448771708, 9988482.962913144379854 ], [ 778896.044154591159895, 9988489.07380036637187 ], [ 778921.782767479890026, 9988493.844170298427343 ], [ 778947.735768366139382, 9988497.260947683826089 ], [ 778973.832021878566593, 9988499.314767377451062 ], [ 779000.0, 9988500.0 ], [ 779026.167978121433407, 9988499.314767377451062 ], [ 779052.264231633860618, 9988497.260947683826089 ], [ 779078.217232520109974, 9988493.844170298427343 ], [ 779103.955845408840105, 9988489.07380036637187 ], [ 779129.409522551228292, 9988482.962913144379854 ], [ 779154.508497187518515, 9988475.528258146718144 ], [ 779179.183974772691727, 9988466.79021324776113 ], [ 779203.368321537855081, 9988456.772728821262717 ], [ 779226.995249869767576, 9988445.503262093290687 ], [ 779250.0, 9988433.012701891362667 ], [ 779272.31951750756707, 9988419.335283972322941 ], [ 779293.892626146203838, 9988404.508497187867761 ], [ 779314.660195524920709, 9988388.572980728000402 ], [ 779334.565303179435432, 9988371.572412738576531 ], [ 779353.553390593267977, 9988353.5533905941993 ], [ 779371.572412738692947, 9988334.565303178504109 ], [ 779388.572980728466064, 9988314.660195525735617 ], [ 779404.508497187518515, 9988293.892626145854592 ], [ 779419.335283972672187, 9988272.319517508149147 ], [ 779433.012701892177574, 9988250.0 ], [ 779445.503262094222009, 9988226.995249869301915 ], [ 779456.772728821262717, 9988203.368321537971497 ], [ 779466.790213248576038, 9988179.183974772691727 ], [ 779475.528258147533052, 9988154.508497187867761 ], [ 779482.96291314449627, 9988129.4095225520432 ], [ 779489.073800366953947, 9988103.955845408141613 ], [ 779493.844170297612436, 9988078.217232519760728 ], [ 779497.260947684175335, 9988052.264231633394957 ], [ 779499.314767377334647, 9988026.167978120967746 ], [ 779500.0, 9988000.0 ] ] ] } },
{ "type": "Feature", "properties": { "easting": 780000.0, "northing": 9966000.0, "id": "grid_E780000_N9966000", "retained": true }, "geometry": { "type": "Polygon", "coordinates": [ [ [ 780500.0, 9966000.0 ], [ 780499.314767377334647, 9965973.832021879032254 ], [ 780497.260947684175335, 9965947.735768366605043 ], [ 780493.844170297612436, 9965921.782767480239272 ], [ 780489.073800366953947, 9965896.044154591858387 ], [ 780482.96291314449627, 9965870.5904774479568 ], [ 780475.528258147533052, 9965845.491502812132239 ], [ 780466.790213248576038, 9965820.816025227308273 ], [ 780456.772728821262717, 9965796.631678462028503 ], [ 780445.503262094222009, 9965773.004750130698085 ], [ 780433.012701892177574, 9965750.0 ], [ 780419.335283972672187, 9965727.680482491850853 ], [ 780404.508497187518515, 9965706.107373854145408 ], [ 780388.572980728466064, 9965685.339804474264383 ], [ 780371.572412738692947, 9965665.434696821495891 ], [ 780353.553390593267977, 9965646.4466094058007 ], [ 780334.565303179435432, 9965628.427587261423469 ], [ 780314.660195524920709, 9965611.427019271999598 ], [ 780293.892626146203838, 9965595.491502812132239 ], [ 780272.31951750756707, 9965580.664716027677059 ], [ 780250.0, 9965566.987298108637333 ], [ 780226.995249869767576, 9965554.496737906709313 ], [ 780203.368321537855081, 9965543.227271178737283 ], [ 780179.183974772691727, 9965533.20978675223887 ], [ 780154.508497187518515, 9965524.471741853281856 ], [ 780129.409522551228292, 9965517.037086855620146 ], [ 780103.955845408840105, 9965510.92619963362813 ], [ 780078.217232520109974, 9965506.155829701572657 ], [ 780052.264231633860618, 9965502.739052316173911 ], [ 780026.167978121433407, 9965500.685232622548938 ], [ 780000.0, 9965500.0 ], [ 779973.832021878566593, 9965500.685232622548938 ], [ 779947.735768366139382, 9965502.739052316173911 ], [ 779921.782767479890026, 9965506.155829701572657 ], [ 779896.044154591159895, 9965510.92619963362813 ], [ 779870.590477448771708, 9965517.037086855620146 ], [ 779845.491502812481485, 9965524.471741853281856 ], [ 779820.816025227308273, 9965533.20978675223887 ], [ 779796.631678462144919, 9965543.227271178737283 ], [ 779773.004750130232424, 9965554.496737906709313 ], [ 779750.0, 9965566.987298108637333 ], [ 779727.68048249243293, 9965580.664716027677059 ], [ 779706.107373853796162, 9965595.491502812132239 ], [ 779685.339804475079291, 9965611.427019271999598 ], [ 779665.434696820564568, 9965628.427587261423469 ], [ 779646.446609406732023, 9965646.4466094058007 ], [ 779628.427587261307053, 9965665.434696821495891 ], [ 779611.427019271533936, 9965685.339804474264383 ], [ 779595.491502812481485, 9965706.107373854145408 ], [ 779580.664716027327813, 9965727.680482491850853 ], [ 779566.987298107822426, 9965750.0 ], [ 779554.496737905777991, 9965773.004750130698085 ], [ 779543.227271178737283, 9965796.631678462028503 ], [ 779533.209786751423962, 9965820.816025227308273 ], [ 779524.471741852466948, 9965845.491502812132239 ], [ 779517.03708685550373, 9965870.5904774479568 ], [ 779510.926199633046053, 9965896.044154591858387 ], [ 779506.155829702387564, 9965921.782767480239272 ], [ 779502.739052315824665, 9965947.735768366605043 ], [ 779500.685232622665353, 9965973.832021879032254 ], [ 779500.0, 9966000.0 ], [ 779500.685232622665353, 9966026.167978120967746 ], [ 779502.739052315824665, 9966052.264231633394957 ], [ 779506.155829702387564, 9966078.217232519760728 ], [ 779510.926199633046053, 9966103.955845408141613 ], [ 779517.03708685550373, 9966129.4095225520432 ], [ 779524.471741852466948, 9966154.508497187867761 ], [ 779533.209786751423962, 9966179.183974772691727 ], [ 779543.227271178737283, 9966203.368321537971497 ], [ 779554.496737905777991, 9966226.995249869301915 ], [ 779566.987298107822426, 9966250.0 ], [ 779580.664716027327813, 9966272.319517508149147 ], [ 779595.491502812481485, 9966293.892626145854592 ], [ 779611.427019271533936, 9966314.660195525735617 ], [ 779628.427587261307053, 9966334.565303178504109 ], [ 779646.446609406732023, 9966353.5533905941993 ], [ 779665.434696820564568, 9966371.572412738576531 ], [ 779685.339804475079291, 9966388.572980728000402 ], [ 779706.107373853796162, 9966404.508497187867761 ], [ 779727.68048249243293, 9966419.335283972322941 ], [ 779750.0, 9966433.012701891362667 ], [ 779773.004750130232424, 9966445.503262093290687 ], [ 779796.631678462144919, 9966456.772728821262717 ], [ 779820.816025227308273, 9966466.79021324776113 ], [ 779845.491502812481485, 9966475.528258146718144 ], [ 779870.590477448771708, 9966482.962913144379854 ], [ 779896.044154591159895, 9966489.07380036637187 ], [ 779921.782767479890026, 9966493.844170298427343 ], [ 779947.735768366139382, 9966497.260947683826089 ], [ 779973.832021878566593, 9966499.314767377451062 ], [ 780000.0, 9966500.0 ], [ 780026.167978121433407, 9966499.314767377451062 ], [ 780052.264231633860618, 9966497.260947683826089 ], [ 780078.217232520109974, 9966493.844170298427343 ], [ 780103.955845408840105, 9966489.07380036637187 ], [ 780129.409522551228292, 9966482.962913144379854 ], [ 780154.508497187518515, 9966475.528258146718144 ], [ 780179.183974772691727, 9966466.79021324776113 ], [ 780203.368321537855081, 9966456.772728821262717 ], [ 780226.995249869767576, 9966445.503262093290687 ], [ 780250.0, 9966433.012701891362667 ], [ 780272.31951750756707, 9966419.335283972322941 ], [ 780293.892626146203838, 9966404.508497187867761 ], [ 780314.660195524920709, 9966388.572980728000402 ], [ 780334.565303179435432, 9966371.572412738576531 ], [ 780353.553390593267977, 9966353.5533905941993 ], [ 780371.572412738692947, 9966334.565303178504109 ], [ 780388.572980728466064, 9966314.660195525735617 ], [ 780404.508497187518515, 9966293.892626145854592 ], [ 780419.335283972672187, 9966272.319517508149147 ], [ 780433.012701892177574, 9966250.0 ], [ 780445.503262094222009, 9966226.995249869301915 ], [ 780456.772728821262717, 9966203.368321537971497 ], [ 780466.790213248576038, 9966179.183974772691727 ], [ 780475.528258147533052, 9966154.508497187867761 ], [ 780482.96291314449627, 9966129.4095225520432 ], [ 780489.073800366953947, 9966103.955845408141613 ], [ 780493.844170297612436, 9966078.217232519760728 ], [ 780497.260947684175335, 9966052.264231633394957 ], [ 780499.314767377334647, 9966026.167978120967746 ], [ 780500.0, 9966000.0 ] ] ] } },
{ "type": "Feature", "properties": { "easting": 780000.0, "northing": 9976000.0, "id": "grid_E780000_N9976000", "retained": true }, "geometry": { "type": "Polygon", "coordinates": [ [ [ 780500.0, 9976000.0 ], [ 780499.314767377334647, 9975973.832021879032254 ], [ 780497.260947684175335, 9975947.735768366605043 ], [ 780493.844170297612436, 9975921.782767480239272 ], [ 780489.073800366953947, 9975896.044154591858387 ], [ 780482.96291314449627, 9975870.5904774479568 ], [ 780475.528258147533052, 9975845.491502812132239 ], [ 780466.790213248576038, 9975820.816025227308273 ], [ 780456.772728821262717, 9975796.631678462028503 ], [ 780445.503262094222009, 9975773.004750130698085 ], [ 780433.012701892177574, 9975750.0 ], [ 780419.335283972672187, 9975727.680482491850853 ], [ 780404.508497187518515, 9975706.107373854145408 ], [ 780388.572980728466064, 9975685.339804474264383 ], [ 780371.572412738692947, 9975665.434696821495891 ], [ 780353.553390593267977, 9975646.4466094058007 ], [ 780334.565303179435432, 9975628.427587261423469 ], [ 780314.660195524920709, 9975611.427019271999598 ], [ 780293.892626146203838, 9975595.491502812132239 ], [ 780272.31951750756707, 9975580.664716027677059 ], [ 780250.0, 9975566.987298108637333 ], [ 780226.995249869767576, 9975554.496737906709313 ], [ 780203.368321537855081, 9975543.227271178737283 ], [ 780179.183974772691727, 9975533.20978675223887 ], [ 780154.508497187518515, 9975524.471741853281856 ], [ 780129.409522551228292, 9975517.037086855620146 ], [ 780103.955845408840105, 9975510.92619963362813 ], [ 780078.217232520109974, 9975506.155829701572657 ], [ 780052.264231633860618, 9975502.739052316173911 ], [ 780026.167978121433407, 9975500.685232622548938 ], [ 780000.0, 9975500.0 ], [ 779973.832021878566593, 9975500.685232622548938 ], [ 779947.735768366139382, 9975502.739052316173911 ], [ 779921.782767479890026, 9975506.155829701572657 ], [ 779896.044154591159895, 9975510.92619963362813 ], [ 779870.590477448771708, 9975517.037086855620146 ], [ 779845.491502812481485, 9975524.471741853281856 ], [ 779820.816025227308273, 9975533.20978675223887 ], [ 779796.631678462144919, 9975543.227271178737283 ], [ 779773.004750130232424, 9975554.496737906709313 ], [ 779750.0, 9975566.987298108637333 ], [ 779727.68048249243293, 9975580.664716027677059 ], [ 779706.107373853796162, 9975595.491502812132239 ], [ 779685.339804475079291, 9975611.427019271999598 ], [ 779665.434696820564568, 9975628.427587261423469 ], [ 779646.446609406732023, 9975646.4466094058007 ], [ 779628.427587261307053, 9975665.434696821495891 ], [ 779611.427019271533936, 9975685.339804474264383 ], [ 779595.491502812481485, 9975706.107373854145408 ], [ 779580.664716027327813, 9975727.680482491850853 ], [ 779566.987298107822426, 9975750.0 ], [ 779554.496737905777991, 9975773.004750130698085 ], [ 779543.227271178737283, 9975796.631678462028503 ], [ 779533.209786751423962, 9975820.816025227308273 ], [ 779524.471741852466948, 9975845.491502812132239 ], [ 779517.03708685550373, 9975870.5904774479568 ], [ 779510.926199633046053, 9975896.044154591858387 ], [ 779506.155829702387564, 9975921.782767480239272 ], [ 779502.739052315824665, 9975947.735768366605043 ], [ 779500.685232622665353, 9975973.832021879032254 ], [ 779500.0, 9976000.0 ], [ 779500.685232622665353, 9976026.167978120967746 ], [ 779502.739052315824665, 9976052.264231633394957 ], [ 779506.155829702387564, 9976078.217232519760728 ], [ 779510.926199633046053, 9976103.955845408141613 ], [ 779517.03708685550373, 9976129.4095225520432 ], [ 779524.471741852466948, 9976154.508497187867761 ], [ 779533.209786751423962, 9976179.183974772691727 ], [ 779543.227271178737283, 9976203.368321537971497 ], [ 779554.496737905777991, 9976226.995249869301915 ], [ 779566.987298107822426, 9976250.0 ], [ 779580.664716027327813, 9976272.319517508149147 ], [ 779595.491502812481485, 9976293.892626145854592 ], [ 779611.427019271533936, 9976314.660195525735617 ], [ 779628.427587261307053, 9976334.565303178504109 ], [ 779646.446609406732023, 9976353.5533905941993 ], [ 779665.434696820564568, 9976371.572412738576531 ], [ 779685.339804475079291, 9976388.572980728000402 ], [ 779706.107373853796162, 9976404.508497187867761 ], [ 779727.68048249243293, 9976419.335283972322941 ], [ 779750.0, 9976433.012701891362667 ], [ 779773.004750130232424, 9976445.503262093290687 ], [ 779796.631678462144919, 9976456.772728821262717 ], [ 779820.816025227308273, 9976466.79021324776113 ], [ 779845.491502812481485, 9976475.528258146718144 ], [ 779870.590477448771708, 9976482.962913144379854 ], [ 779896.044154591159895, 9976489.07380036637187 ], [ 779921.782767479890026, 9976493.844170298427343 ], [ 779947.735768366139382, 9976497.260947683826089 ], [ 779973.832021878566593, 9976499.314767377451062 ], [ 780000.0, 9976500.0 ], [ 780026.167978121433407, 9976499.314767377451062 ], [ 780052.264231633860618, 9976497.260947683826089 ], [ 780078.217232520109974, 9976493.844170298427343 ], [ 780103.955845408840105, 9976489.07380036637187 ], [ 780129.409522551228292, 9976482.962913144379854 ], [ 780154.508497187518515, 9976475.528258146718144 ], [ 780179.183974772691727, 9976466.79021324776113 ], [ 780203.368321537855081, 9976456.772728821262717 ], [ 780226.995249869767576, 9976445.503262093290687 ], [ 780250.0, 9976433.012701891362667 ], [ 780272.31951750756707, 9976419.335283972322941 ], [ 780293.892626146203838, 9976404.508497187867761 ], [ 780314.660195524920709, 9976388.572980728000402 ], [ 780334.565303179435432, 9976371.572412738576531 ], [ 780353.553390593267977, 9976353.5533905941993 ], [ 780371.572412738692947, 9976334.565303178504109 ], [ 780388.572980728466064, 9976314.660195525735617 ], [ 780404.508497187518515, 9976293.892626145854592 ], [ 780419.335283972672187, 9976272.319517508149147 ], [ 780433.012701892177574, 9976250.0 ], [ 780445.503262094222009, 9976226.995249869301915 ], [ 780456.772728821262717, 9976203.368321537971497 ], [ 780466.790213248576038, 9976179.183974772691727 ], [ 780475.528258147533052, 9976154.508497187867761 ], [ 780482.96291314449627, 9976129.4095225520432 ], [ 780489.073800366953947, 9976103.955845408141613 ], [ 780493.844170297612436, 9976078.217232519760728 ], [ 780497.260947684175335, 9976052.264231633394957 ], [ 780499.314767377334647, 9976026.167978120967746 ], [ 780500.0, 9976000.0 ] ] ] } },
{ "type": "Feature", "properties": { "easting": 780000.0, "northing": 9985000.0, "id": "grid_E780000_N9985000", "retained": true }, "geometry": { "type": "Polygon", "coordinates": [ [ [ 780500.0, 9985000.0 ], [ 780499.314767377334647, 9984973.832021879032254 ], [ 780497.260947684175335, 9984947.735768366605043 ], [ 780493.844170297612436, 9984921.782767480239272 ], [ 780489.073800366953947, 9984896.044154591858387 ], [ 780482.96291314449627, 9984870.5904774479568 ], [ 780475.528258147533052, 9984845.491502812132239 ], [ 780466.790213248576038, 9984820.816025227308273 ], [ 780456.772728821262717, 9984796.631678462028503 ], [ 780445.503262094222009, 9984773.004750130698085 ], [ 780433.012701892177574, 9984750.0 ], [ 780419.335283972672187, 9984727.680482491850853 ], [ 780404.508497187518515, 9984706.107373854145408 ], [ 780388.572980728466064, 9984685.339804474264383 ], [ 780371.572412738692947, 9984665.434696821495891 ], [ 780353.553390593267977, 9984646.4466094058007 ], [ 780334.565303179435432, 9984628.427587261423469 ], [ 780314.660195524920709, 9984611.427019271999598 ], [ 780293.892626146203838, 9984595.491502812132239 ], [ 780272.31951750756707, 9984580.664716027677059 ], [ 780250.0, 9984566.987298108637333 ], [ 780226.995249869767576, 9984554.496737906709313 ], [ 780203.368321537855081, 9984543.227271178737283 ], [ 780179.183974772691727, 9984533.20978675223887 ], [ 780154.508497187518515, 9984524.471741853281856 ], [ 780129.409522551228292, 9984517.037086855620146 ], [ 780103.955845408840105, 9984510.92619963362813 ], [ 780078.217232520109974, 9984506.155829701572657 ], [ 780052.264231633860618, 9984502.739052316173911 ], [ 780026.167978121433407, 9984500.685232622548938 ], [ 780000.0, 9984500.0 ], [ 779973.832021878566593, 9984500.685232622548938 ], [ 779947.735768366139382, 9984502.739052316173911 ], [ 779921.782767479890026, 9984506.155829701572657 ], [ 779896.044154591159895, 9984510.92619963362813 ], [ 779870.590477448771708, 9984517.037086855620146 ], [ 779845.491502812481485, 9984524.471741853281856 ], [ 779820.816025227308273, 9984533.20978675223887 ], [ 779796.631678462144919, 9984543.227271178737283 ], [ 779773.004750130232424, 9984554.496737906709313 ], [ 779750.0, 9984566.987298108637333 ], [ 779727.68048249243293, 9984580.664716027677059 ], [ 779706.107373853796162, 9984595.491502812132239 ], [ 779685.339804475079291, 9984611.427019271999598 ], [ 779665.434696820564568, 9984628.427587261423469 ], [ 779646.446609406732023, 9984646.4466094058007 ], [ 779628.427587261307053, 9984665.434696821495891 ], [ 779611.427019271533936, 9984685.339804474264383 ], [ 779595.491502812481485, 9984706.107373854145408 ], [ 779580.664716027327813, 9984727.680482491850853 ], [ 779566.987298107822426, 9984750.0 ], [ 779554.496737905777991, 9984773.004750130698085 ], [ 779543.227271178737283, 9984796.631678462028503 ], [ 779533.209786751423962, 9984820.816025227308273 ], [ 779524.471741852466948, 9984845.491502812132239 ], [ 779517.03708685550373, 9984870.5904774479568 ], [ 779510.926199633046053, 9984896.044154591858387 ], [ 779506.155829702387564, 9984921.782767480239272 ], [ 779502.739052315824665, 9984947.735768366605043 ], [ 779500.685232622665353, 9984973.832021879032254 ], [ 779500.0, 9985000.0 ], [ 779500.685232622665353, 9985026.167978120967746 ], [ 779502.739052315824665, 9985052.264231633394957 ], [ 779506.155829702387564, 9985078.217232519760728 ], [ 779510.926199633046053, 9985103.955845408141613 ], [ 779517.03708685550373, 9985129.4095225520432 ], [ 779524.471741852466948, 9985154.508497187867761 ], [ 779533.209786751423962, 9985179.183974772691727 ], [ 779543.227271178737283, 9985203.368321537971497 ], [ 779554.496737905777991, 9985226.995249869301915 ], [ 779566.987298107822426, 9985250.0 ], [ 779580.664716027327813, 9985272.319517508149147 ], [ 779595.491502812481485, 9985293.892626145854592 ], [ 779611.427019271533936, 9985314.660195525735617 ], [ 779628.427587261307053, 9985334.565303178504109 ], [ 779646.446609406732023, 9985353.5533905941993 ], [ 779665.434696820564568, 9985371.572412738576531 ], [ 779685.339804475079291, 9985388.572980728000402 ], [ 779706.107373853796162, 9985404.508497187867761 ], [ 779727.68048249243293, 9985419.335283972322941 ], [ 779750.0, 9985433.012701891362667 ], [ 779773.004750130232424, 9985445.503262093290687 ], [ 779796.631678462144919, 9985456.772728821262717 ], [ 779820.816025227308273, 9985466.79021324776113 ], [ 779845.491502812481485, 9985475.528258146718144 ], [ 779870.590477448771708, 9985482.962913144379854 ], [ 779896.044154591159895, 9985489.07380036637187 ], [ 779921.782767479890026, 9985493.844170298427343 ], [ 779947.735768366139382, 9985497.260947683826089 ], [ 779973.832021878566593, 9985499.314767377451062 ], [ 780000.0, 9985500.0 ], [ 780026.167978121433407, 9985499.314767377451062 ], [ 780052.264231633860618, 9985497.260947683826089 ], [ 780078.217232520109974, 9985493.844170298427343 ], [ 780103.955845408840105, 9985489.07380036637187 ], [ 780129.409522551228292, 9985482.962913144379854 ], [ 780154.508497187518515, 9985475.528258146718144 ], [ 780179.183974772691727, 9985466.79021324776113 ], [ 780203.368321537855081, 9985456.772728821262717 ], [ 780226.995249869767576, 9985445.503262093290687 ], [ 780250.0, 9985433.012701891362667 ], [ 780272.31951750756707, 9985419.335283972322941 ], [ 780293.892626146203838, 9985404.508497187867761 ], [ 780314.660195524920709, 9985388.572980728000402 ], [ 780334.565303179435432, 9985371.572412738576531 ], [ 780353.553390593267977, 9985353.5533905941993 ], [ 780371.572412738692947, 9985334.565303178504109 ], [ 780388.572980728466064, 9985314.660195525735617 ], [ 780404.508497187518515, 9985293.892626145854592 ], [ 780419.335283972672187, 9985272.319517508149147 ], [ 780433.012701892177574, 9985250.0 ], [ 780445.503262094222009, 9985226.995249869301915 ], [ 780456.772728821262717, 9985203.368321537971497 ], [ 780466.790213248576038, 9985179.183974772691727 ], [ 780475.528258147533052, 9985154.508497187867761 ], [ 780482.96291314449627, 9985129.4095225520432 ], [ 780489.073800366953947, 9985103.955845408141613 ], [ 780493.844170297612436, 9985078.217232519760728 ], [ 780497.260947684175335, 9985052.264231633394957 ], [ 780499.314767377334647, 9985026.167978120967746 ], [ 780500.0, 9985000.0 ] ] ] } },
{ "type": "Feature", "properties": { "easting": 780000.0, "northing": 9986000.0, "id": "grid_E780000_N9986000", "retained": true }, "geometry": { "type": "Polygon", "coordinates": [ [ [ 780500.0, 9986000.0 ], [ 780499.314767377334647, 9985973.832021879032254 ], [ 780497.260947684175335, 9985947.735768366605043 ], [ 780493.844170297612436, 9985921.782767480239272 ], [ 780489.073800366953947, 9985896.044154591858387 ], [ 780482.96291314449627, 9985870.5904774479568 ], [ 780475.528258147533052, 9985845.491502812132239 ], [ 780466.790213248576038, 9985820.816025227308273 ], [ 780456.772728821262717, 9985796.631678462028503 ], [ 780445.503262094222009, 9985773.004750130698085 ], [ 780433.012701892177574, 9985750.0 ], [ 780419.335283972672187, 9985727.680482491850853 ], [ 780404.508497187518515, 9985706.107373854145408 ], [ 780388.572980728466064, 9985685.339804474264383 ], [ 780371.572412738692947, 9985665.434696821495891 ], [ 780353.553390593267977, 9985646.4466094058007 ], [ 780334.565303179435432, 9985628.427587261423469 ], [ 780314.660195524920709, 9985611.427019271999598 ], [ 780293.892626146203838, 9985595.491502812132239 ], [ 780272.31951750756707, 9985580.664716027677059 ], [ 780250.0, 9985566.987298108637333 ], [ 780226.995249869767576, 9985554.496737906709313 ], [ 780203.368321537855081, 9985543.227271178737283 ], [ 780179.183974772691727, 9985533.20978675223887 ], [ 780154.508497187518515, 9985524.471741853281856 ], [ 780129.409522551228292, 9985517.037086855620146 ], [ 780103.955845408840105, 9985510.92619963362813 ], [ 780078.217232520109974, 9985506.155829701572657 ], [ 780052.264231633860618, 9985502.739052316173911 ], [ 780026.167978121433407, 9985500.685232622548938 ], [ 780000.0, 9985500.0 ], [ 779973.832021878566593, 9985500.685232622548938 ], [ 779947.735768366139382, 9985502.739052316173911 ], [ 779921.782767479890026, 9985506.155829701572657 ], [ 779896.044154591159895, 9985510.92619963362813 ], [ 779870.590477448771708, 9985517.037086855620146 ], [ 779845.491502812481485, 9985524.471741853281856 ], [ 779820.816025227308273, 9985533.20978675223887 ], [ 779796.631678462144919, 9985543.227271178737283 ], [ 779773.004750130232424, 9985554.496737906709313 ], [ 779750.0, 9985566.987298108637333 ], [ 779727.68048249243293, 9985580.664716027677059 ], [ 779706.107373853796162, 9985595.491502812132239 ], [ 779685.339804475079291, 9985611.427019271999598 ], [ 779665.434696820564568, 9985628.427587261423469 ], [ 779646.446609406732023, 9985646.4466094058007 ], [ 779628.427587261307053, 9985665.434696821495891 ], [ 779611.427019271533936, 9985685.339804474264383 ], [ 779595.491502812481485, 9985706.107373854145408 ], [ 779580.664716027327813, 9985727.680482491850853 ], [ 779566.987298107822426, 9985750.0 ], [ 779554.496737905777991, 9985773.004750130698085 ], [ 779543.227271178737283, 9985796.631678462028503 ], [ 779533.209786751423962, 9985820.816025227308273 ], [ 779524.471741852466948, 9985845.491502812132239 ], [ 779517.03708685550373, 9985870.5904774479568 ], [ 779510.926199633046053, 9985896.044154591858387 ], [ 779506.155829702387564, 9985921.782767480239272 ], [ 779502.739052315824665, 9985947.735768366605043 ], [ 779500.685232622665353, 9985973.832021879032254 ], [ 779500.0, 9986000.0 ], [ 779500.685232622665353, 9986026.167978120967746 ], [ 779502.739052315824665, 9986052.264231633394957 ], [ 779506.155829702387564, 9986078.217232519760728 ], [ 779510.926199633046053, 9986103.955845408141613 ], [ 779517.03708685550373, 9986129.4095225520432 ], [ 779524.471741852466948, 9986154.508497187867761 ], [ 779533.209786751423962, 9986179.183974772691727 ], [ 779543.227271178737283, 9986203.368321537971497 ], [ 779554.496737905777991, 9986226.995249869301915 ], [ 779566.987298107822426, 9986250.0 ], [ 779580.664716027327813, 9986272.319517508149147 ], [ 779595.491502812481485, 9986293.892626145854592 ], [ 779611.427019271533936, 9986314.660195525735617 ], [ 779628.427587261307053, 9986334.565303178504109 ], [ 779646.446609406732023, 9986353.5533905941993 ], [ 779665.434696820564568, 9986371.572412738576531 ], [ 779685.339804475079291, 9986388.572980728000402 ], [ 779706.107373853796162, 9986404.508497187867761 ], [ 779727.68048249243293, 9986419.335283972322941 ], [ 779750.0, 9986433.012701891362667 ], [ 779773.004750130232424, 9986445.503262093290687 ], [ 779796.631678462144919, 9986456.772728821262717 ], [ 779820.816025227308273, 9986466.79021324776113 ], [ 779845.491502812481485, 9986475.528258146718144 ], [ 779870.590477448771708, 9986482.962913144379854 ], [ 779896.044154591159895, 9986489.07380036637187 ], [ 779921.782767479890026, 9986493.844170298427343 ], [ 779947.735768366139382, 9986497.260947683826089 ], [ 779973.832021878566593, 9986499.314767377451062 ], [ 780000.0, 9986500.0 ], [ 780026.167978121433407, 9986499.314767377451062 ], [ 780052.264231633860618, 9986497.260947683826089 ], [ 780078.217232520109974, 9986493.844170298427343 ], [ 780103.955845408840105, 9986489.07380036637187 ], [ 780129.409522551228292, 9986482.962913144379854 ], [ 780154.508497187518515, 9986475.528258146718144 ], [ 780179.183974772691727, 9986466.79021324776113 ], [ 780203.368321537855081, 9986456.772728821262717 ], [ 780226.995249869767576, 9986445.503262093290687 ], [ 780250.0, 9986433.012701891362667 ], [ 780272.31951750756707, 9986419.335283972322941 ], [ 780293.892626146203838, 9986404.508497187867761 ], [ 780314.660195524920709, 9986388.572980728000402 ], [ 780334.565303179435432, 9986371.572412738576531 ], [ 780353.553390593267977, 9986353.5533905941993 ], [ 780371.572412738692947, 9986334.565303178504109 ], [ 780388.572980728466064, 9986314.660195525735617 ], [ 780404.508497187518515, 9986293.892626145854592 ], [ 780419.335283972672187, 9986272.319517508149147 ], [ 780433.012701892177574, 9986250.0 ], [ 780445.503262094222009, 9986226.995249869301915 ], [ 780456.772728821262717, 9986203.368321537971497 ], [ 780466.790213248576038, 9986179.183974772691727 ], [ 780475.528258147533052, 9986154.508497187867761 ], [ 780482.96291314449627, 9986129.4095225520432 ], [ 780489.073800366953947, 9986103.955845408141613 ], [ 780493.844170297612436, 9986078.217232519760728 ], [ 780497.260947684175335, 9986052.264231633394957 ], [ 780499.314767377334647, 9986026.167978120967746 ], [ 780500.0, 9986000.0 ] ] ] } },
{ "type": "Feature", "properties": { "easting": 780000.0, "northing": 9987000.0, "id": "grid_E780000_N9987000", "retained": true }, "geometry": { "type": "Polygon", "coordinates": [ [ [ 780500.0, 9987000.0 ], [ 780499.314767377334647, 9986973.832021879032254 ], [ 780497.260947684175335, 9986947.735768366605043 ], [ 780493.844170297612436, 9986921.782767480239272 ], [ 780489.073800366953947, 9986896.044154591858387 ], [ 780482.96291314449627, 9986870.5904774479568 ], [ 780475.528258147533052, 9986845.491502812132239 ], [ 780466.790213248576038, 9986820.816025227308273 ], [ 780456.772728821262717, 9986796.631678462028503 ], [ 780445.503262094222009, 9986773.004750130698085 ], [ 780433.012701892177574, 9986750.0 ], [ 780419.335283972672187, 9986727.680482491850853 ], [ 780404.508497187518515, 9986706.107373854145408 ], [ 780388.572980728466064, 9986685.339804474264383 ], [ 780371.572412738692947, 9986665.434696821495891 ], [ 780353.553390593267977, 9986646.4466094058007 ], [ 780334.565303179435432, 9986628.427587261423469 ], [ 780314.660195524920709, 9986611.427019271999598 ], [ 780293.892626146203838, 9986595.491502812132239 ], [ 780272.31951750756707, 9986580.664716027677059 ], [ 780250.0, 9986566.987298108637333 ], [ 780226.995249869767576, 9986554.496737906709313 ], [ 780203.368321537855081, 9986543.227271178737283 ], [ 780179.183974772691727, 9986533.20978675223887 ], [ 780154.508497187518515, 9986524.471741853281856 ], [ 780129.409522551228292, 9986517.037086855620146 ], [ 780103.955845408840105, 9986510.92619963362813 ], [ 780078.217232520109974, 9986506.155829701572657 ], [ 780052.264231633860618, 9986502.739052316173911 ], [ 780026.167978121433407, 9986500.685232622548938 ], [ 780000.0, 9986500.0 ], [ 779973.832021878566593, 9986500.685232622548938 ], [ 779947.735768366139382, 9986502.739052316173911 ], [ 779921.782767479890026, 9986506.155829701572657 ], [ 779896.044154591159895, 9986510.92619963362813 ], [ 779870.590477448771708, 9986517.037086855620146 ], [ 779845.491502812481485, 9986524.471741853281856 ], [ 779820.816025227308273, 9986533.20978675223887 ], [ 779796.631678462144919, 9986543.227271178737283 ], [ 779773.004750130232424, 9986554.496737906709313 ], [ 779750.0, 9986566.987298108637333 ], [ 779727.68048249243293, 9986580.664716027677059 ], [ 779706.107373853796162, 9986595.491502812132239 ], [ 779685.339804475079291, 9986611.427019271999598 ], [ 779665.434696820564568, 9986628.427587261423469 ], [ 779646.446609406732023, 9986646.4466094058007 ], [ 779628.427587261307053, 9986665.434696821495891 ], [ 779611.427019271533936, 9986685.339804474264383 ], [ 779595.491502812481485, 9986706.107373854145408 ], [ 779580.664716027327813, 9986727.680482491850853 ], [ 779566.987298107822426, 9986750.0 ], [ 779554.496737905777991, 9986773.004750130698085 ], [ 779543.227271178737283, 9986796.631678462028503 ], [ 779533.209786751423962, 9986820.816025227308273 ], [ 779524.471741852466948, 9986845.491502812132239 ], [ 779517.03708685550373, 9986870.5904774479568 ], [ 779510.926199633046053, 9986896.044154591858387 ], [ 779506.155829702387564, 9986921.782767480239272 ], [ 779502.739052315824665, 9986947.735768366605043 ], [ 779500.685232622665353, 9986973.832021879032254 ], [ 779500.0, 9987000.0 ], [ 779500.685232622665353, 9987026.167978120967746 ], [ 779502.739052315824665, 9987052.264231633394957 ], [ 779506.155829702387564, 9987078.217232519760728 ], [ 779510.926199633046053, 9987103.955845408141613 ], [ 779517.03708685550373, 9987129.4095225520432 ], [ 779524.471741852466948, 9987154.508497187867761 ], [ 779533.209786751423962, 9987179.183974772691727 ], [ 779543.227271178737283, 9987203.368321537971497 ], [ 779554.496737905777991, 9987226.995249869301915 ], [ 779566.987298107822426, 9987250.0 ], [ 779580.664716027327813, 9987272.319517508149147 ], [ 779595.491502812481485, 9987293.892626145854592 ], [ 779611.427019271533936, 9987314.660195525735617 ], [ 779628.427587261307053, 9987334.565303178504109 ], [ 779646.446609406732023, 9987353.5533905941993 ], [ 779665.434696820564568, 9987371.572412738576531 ], [ 779685.339804475079291, 9987388.572980728000402 ], [ 779706.107373853796162, 9987404.508497187867761 ], [ 779727.68048249243293, 9987419.335283972322941 ], [ 779750.0, 9987433.012701891362667 ], [ 779773.004750130232424, 9987445.503262093290687 ], [ 779796.631678462144919, 9987456.772728821262717 ], [ 779820.816025227308273, 9987466.79021324776113 ], [ 779845.491502812481485, 9987475.528258146718144 ], [ 779870.590477448771708, 9987482.962913144379854 ], [ 779896.044154591159895, 9987489.07380036637187 ], [ 779921.782767479890026, 9987493.844170298427343 ], [ 779947.735768366139382, 9987497.260947683826089 ], [ 779973.832021878566593, 9987499.314767377451062 ], [ 780000.0, 9987500.0 ], [ 780026.167978121433407, 9987499.314767377451062 ], [ 780052.264231633860618, 9987497.260947683826089 ], [ 780078.217232520109974, 9987493.844170298427343 ], [ 780103.955845408840105, 9987489.07380036637187 ], [ 780129.409522551228292, 9987482.962913144379854 ], [ 780154.508497187518515, 9987475.528258146718144 ], [ 780179.183974772691727, 9987466.79021324776113 ], [ 780203.368321537855081, 9987456.772728821262717 ], [ 780226.995249869767576, 9987445.503262093290687 ], [ 780250.0, 9987433.012701891362667 ], [ 780272.31951750756707, 9987419.335283972322941 ], [ 780293.892626146203838, 9987404.508497187867761 ], [ 780314.660195524920709, 9987388.572980728000402 ], [ 780334.565303179435432, 9987371.572412738576531 ], [ 780353.553390593267977, 9987353.5533905941993 ], [ 780371.572412738692947, 9987334.565303178504109 ], [ 780388.572980728466064, 9987314.660195525735617 ], [ 780404.508497187518515, 9987293.892626145854592 ], [ 780419.335283972672187, 9987272.319517508149147 ], [ 780433.012701892177574, 9987250.0 ], [ 780445.503262094222009, 9987226.995249869301915 ], [ 780456.772728821262717, 9987203.368321537971497 ], [ 780466.790213248576038, 9987179.183974772691727 ], [ 780475.528258147533052, 9987154.508497187867761 ], [ 780482.96291314449627, 9987129.4095225520432 ], [ 780489.073800366953947, 9987103.955845408141613 ], [ 780493.844170297612436, 9987078.217232519760728 ], [ 780497.260947684175335, 9987052.264231633394957 ], [ 780499.314767377334647, 9987026.167978120967746 ], [ 780500.0, 9987000.0 ] ] ] } },
{ "type": "Feature", "properties": { "easting": 780000.0, "northing": 9988000.0, "id": "grid_E780000_N9988000", "retained": true }, "geometry": { "type": "Polygon", "coordinates": [ [ [ 780500.0, 9988000.0 ], [ 780499.314767377334647, 9987973.832021879032254 ], [ 780497.260947684175335, 9987947.735768366605043 ], [ 780493.844170297612436, 9987921.782767480239272 ], [ 780489.073800366953947, 9987896.044154591858387 ], [ 780482.96291314449627, 9987870.5904774479568 ], [ 780475.528258147533052, 9987845.491502812132239 ], [ 780466.790213248576038, 9987820.816025227308273 ], [ 780456.772728821262717, 9987796.631678462028503 ], [ 780445.503262094222009, 9987773.004750130698085 ], [ 780433.012701892177574, 9987750.0 ], [ 780419.335283972672187, 9987727.680482491850853 ], [ 780404.508497187518515, 9987706.107373854145408 ], [ 780388.572980728466064, 9987685.339804474264383 ], [ 780371.572412738692947, 9987665.434696821495891 ], [ 780353.553390593267977, 9987646.4466094058007 ], [ 780334.565303179435432, 9987628.427587261423469 ], [ 780314.660195524920709, 9987611.427019271999598 ], [ 780293.892626146203838, 9987595.491502812132239 ], [ 780272.31951750756707, 9987580.664716027677059 ], [ 780250.0, 9987566.987298108637333 ], [ 780226.995249869767576, 9987554.496737906709313 ], [ 780203.368321537855081, 9987543.227271178737283 ], [ 780179.183974772691727, 9987533.20978675223887 ], [ 780154.508497187518515, 9987524.471741853281856 ], [ 780129.409522551228292, 9987517.037086855620146 ], [ 780103.955845408840105, 9987510.92619963362813 ], [ 780078.217232520109974, 9987506.155829701572657 ], [ 780052.264231633860618, 9987502.739052316173911 ], [ 780026.167978121433407, 9987500.685232622548938 ], [ 780000.0, 9987500.0 ], [ 779973.832021878566593, 9987500.685232622548938 ], [ 779947.735768366139382, 9987502.739052316173911 ], [ 779921.782767479890026, 9987506.155829701572657 ], [ 779896.044154591159895, 9987510.92619963362813 ], [ 779870.590477448771708, 9987517.037086855620146 ], [ 779845.491502812481485, 9987524.471741853281856 ], [ 779820.816025227308273, 9987533.20978675223887 ], [ 779796.631678462144919, 9987543.227271178737283 ], [ 779773.004750130232424, 9987554.496737906709313 ], [ 779750.0, 9987566.987298108637333 ], [ 779727.68048249243293, 9987580.664716027677059 ], [ 779706.107373853796162, 9987595.491502812132239 ], [ 779685.339804475079291, 9987611.427019271999598 ], [ 779665.434696820564568, 9987628.427587261423469 ], [ 779646.446609406732023, 9987646.4466094058007 ], [ 779628.427587261307053, 9987665.434696821495891 ], [ 779611.427019271533936, 9987685.339804474264383 ], [ 779595.491502812481485, 9987706.107373854145408 ], [ 779580.664716027327813, 9987727.680482491850853 ], [ 779566.987298107822426, 9987750.0 ], [ 779554.496737905777991, 9987773.004750130698085 ], [ 779543.227271178737283, 9987796.631678462028503 ], [ 779533.209786751423962, 9987820.816025227308273 ], [ 779524.471741852466948, 9987845.491502812132239 ], [ 779517.03708685550373, 9987870.5904774479568 ], [ 779510.926199633046053, 9987896.044154591858387 ], [ 779506.155829702387564, 9987921.782767480239272 ], [ 779502.739052315824665, 9987947.735768366605043 ], [ 779500.685232622665353, 9987973.832021879032254 ], [ 779500.0, 9988000.0 ], [ 779500.685232622665353, 9988026.167978120967746 ], [ 779502.739052315824665, 9988052.264231633394957 ], [ 779506.155829702387564, 9988078.217232519760728 ], [ 779510.926199633046053, 9988103.955845408141613 ], [ 779517.03708685550373, 9988129.4095225520432 ], [ 779524.471741852466948, 9988154.508497187867761 ], [ 779533.209786751423962, 9988179.183974772691727 ], [ 779543.227271178737283, 9988203.368321537971497 ], [ 779554.496737905777991, 9988226.995249869301915 ], [ 779566.987298107822426, 9988250.0 ], [ 779580.664716027327813, 9988272.319517508149147 ], [ 779595.491502812481485, 9988293.892626145854592 ], [ 779611.427019271533936, 9988314.660195525735617 ], [ 779628.427587261307053, 9988334.565303178504109 ], [ 779646.446609406732023, 9988353.5533905941993 ], [ 779665.434696820564568, 9988371.572412738576531 ], [ 779685.339804475079291, 9988388.572980728000402 ], [ 779706.107373853796162, 9988404.508497187867761 ], [ 779727.68048249243293, 9988419.335283972322941 ], [ 779750.0, 9988433.012701891362667 ], [ 779773.004750130232424, 9988445.503262093290687 ], [ 779796.631678462144919, 9988456.772728821262717 ], [ 779820.816025227308273, 9988466.79021324776113 ], [ 779845.491502812481485, 9988475.528258146718144 ], [ 779870.590477448771708, 9988482.962913144379854 ], [ 779896.044154591159895, 9988489.07380036637187 ], [ 779921.782767479890026, 9988493.844170298427343 ], [ 779947.735768366139382, 9988497.260947683826089 ], [ 779973.832021878566593, 9988499.314767377451062 ], [ 780000.0, 9988500.0 ], [ 780026.167978121433407, 9988499.314767377451062 ], [ 780052.264231633860618, 9988497.260947683826089 ], [ 780078.217232520109974, 9988493.844170298427343 ], [ 780103.955845408840105, 9988489.07380036637187 ], [ 780129.409522551228292, 9988482.962913144379854 ], [ 780154.508497187518515, 9988475.528258146718144 ], [ 780179.183974772691727, 9988466.79021324776113 ], [ 780203.368321537855081, 9988456.772728821262717 ], [ 780226.995249869767576, 9988445.503262093290687 ], [ 780250.0, 9988433.012701891362667 ], [ 780272.31951750756707, 9988419.335283972322941 ], [ 780293.892626146203838, 9988404.508497187867761 ], [ 780314.660195524920709, 9988388.572980728000402 ], [ 780334.565303179435432, 9988371.572412738576531 ], [ 780353.553390593267977, 9988353.5533905941993 ], [ 780371.572412738692947, 9988334.565303178504109 ], [ 780388.572980728466064, 9988314.660195525735617 ], [ 780404.508497187518515, 9988293.892626145854592 ], [ 780419.335283972672187, 9988272.319517508149147 ], [ 780433.012701892177574, 9988250.0 ], [ 780445.503262094222009, 9988226.995249869301915 ], [ 780456.772728821262717, 9988203.368321537971497 ], [ 780466.790213248576038, 9988179.183974772691727 ], [ 780475.528258147533052, 9988154.508497187867761 ], [ 780482.96291314449627, 9988129.4095225520432 ], [ 780489.073800366953947, 9988103.955845408141613 ], [ 780493.844170297612436, 9988078.217232519760728 ], [ 780497.260947684175335, 9988052.264231633394957 ], [ 780499.314767377334647, 9988026.167978120967746 ], [ 780500.0, 9988000.0 ] ] ] } },
{ "type": "Feature", "properties": { "easting": 781000.0, "northing": 9967000.0, "id": "grid_E781000_N9967000", "retained": true }, "geometry": { "type": "Polygon", "coordinates": [ [ [ 781500.0, 9967000.0 ], [ 781499.314767377334647, 9966973.832021879032254 ], [ 781497.260947684175335, 9966947.735768366605043 ], [ 781493.844170297612436, 9966921.782767480239272 ], [ 781489.073800366953947, 9966896.044154591858387 ], [ 781482.96291314449627, 9966870.5904774479568 ], [ 781475.528258147533052, 9966845.491502812132239 ], [ 781466.790213248576038, 9966820.816025227308273 ], [ 781456.772728821262717, 9966796.631678462028503 ], [ 781445.503262094222009, 9966773.004750130698085 ], [ 781433.012701892177574, 9966750.0 ], [ 781419.335283972672187, 9966727.680482491850853 ], [ 781404.508497187518515, 9966706.107373854145408 ], [ 781388.572980728466064, 9966685.339804474264383 ], [ 781371.572412738692947, 9966665.434696821495891 ], [ 781353.553390593267977, 9966646.4466094058007 ], [ 781334.565303179435432, 9966628.427587261423469 ], [ 781314.660195524920709, 9966611.427019271999598 ], [ 781293.892626146203838, 9966595.491502812132239 ], [ 781272.31951750756707, 9966580.664716027677059 ], [ 781250.0, 9966566.987298108637333 ], [ 781226.995249869767576, 9966554.496737906709313 ], [ 781203.368321537855081, 9966543.227271178737283 ], [ 781179.183974772691727, 9966533.20978675223887 ], [ 781154.508497187518515, 9966524.471741853281856 ], [ 781129.409522551228292, 9966517.037086855620146 ], [ 781103.955845408840105, 9966510.92619963362813 ], [ 781078.217232520109974, 9966506.155829701572657 ], [ 781052.264231633860618, 9966502.739052316173911 ], [ 781026.167978121433407, 9966500.685232622548938 ], [ 781000.0, 9966500.0 ], [ 780973.832021878566593, 9966500.685232622548938 ], [ 780947.735768366139382, 9966502.739052316173911 ], [ 780921.782767479890026, 9966506.155829701572657 ], [ 780896.044154591159895, 9966510.92619963362813 ], [ 780870.590477448771708, 9966517.037086855620146 ], [ 780845.491502812481485, 9966524.471741853281856 ], [ 780820.816025227308273, 9966533.20978675223887 ], [ 780796.631678462144919, 9966543.227271178737283 ], [ 780773.004750130232424, 9966554.496737906709313 ], [ 780750.0, 9966566.987298108637333 ], [ 780727.68048249243293, 9966580.664716027677059 ], [ 780706.107373853796162, 9966595.491502812132239 ], [ 780685.339804475079291, 9966611.427019271999598 ], [ 780665.434696820564568, 9966628.427587261423469 ], [ 780646.446609406732023, 9966646.4466094058007 ], [ 780628.427587261307053, 9966665.434696821495891 ], [ 780611.427019271533936, 9966685.339804474264383 ], [ 780595.491502812481485, 9966706.107373854145408 ], [ 780580.664716027327813, 9966727.680482491850853 ], [ 780566.987298107822426, 9966750.0 ], [ 780554.496737905777991, 9966773.004750130698085 ], [ 780543.227271178737283, 9966796.631678462028503 ], [ 780533.209786751423962, 9966820.816025227308273 ], [ 780524.471741852466948, 9966845.491502812132239 ], [ 780517.03708685550373, 9966870.5904774479568 ], [ 780510.926199633046053, 9966896.044154591858387 ], [ 780506.155829702387564, 9966921.782767480239272 ], [ 780502.739052315824665, 9966947.735768366605043 ], [ 780500.685232622665353, 9966973.832021879032254 ], [ 780500.0, 9967000.0 ], [ 780500.685232622665353, 9967026.167978120967746 ], [ 780502.739052315824665, 9967052.264231633394957 ], [ 780506.155829702387564, 9967078.217232519760728 ], [ 780510.926199633046053, 9967103.955845408141613 ], [ 780517.03708685550373, 9967129.4095225520432 ], [ 780524.471741852466948, 9967154.508497187867761 ], [ 780533.209786751423962, 9967179.183974772691727 ], [ 780543.227271178737283, 9967203.368321537971497 ], [ 780554.496737905777991, 9967226.995249869301915 ], [ 780566.987298107822426, 9967250.0 ], [ 780580.664716027327813, 9967272.319517508149147 ], [ 780595.491502812481485, 9967293.892626145854592 ], [ 780611.427019271533936, 9967314.660195525735617 ], [ 780628.427587261307053, 9967334.565303178504109 ], [ 780646.446609406732023, 9967353.5533905941993 ], [ 780665.434696820564568, 9967371.572412738576531 ], [ 780685.339804475079291, 9967388.572980728000402 ], [ 780706.107373853796162, 9967404.508497187867761 ], [ 780727.68048249243293, 9967419.335283972322941 ], [ 780750.0, 9967433.012701891362667 ], [ 780773.004750130232424, 9967445.503262093290687 ], [ 780796.631678462144919, 9967456.772728821262717 ], [ 780820.816025227308273, 9967466.79021324776113 ], [ 780845.491502812481485, 9967475.528258146718144 ], [ 780870.590477448771708, 9967482.962913144379854 ], [ 780896.044154591159895, 9967489.07380036637187 ], [ 780921.782767479890026, 9967493.844170298427343 ], [ 780947.735768366139382, 9967497.260947683826089 ], [ 780973.832021878566593, 9967499.314767377451062 ], [ 781000.0, 9967500.0 ], [ 781026.167978121433407, 9967499.314767377451062 ], [ 781052.264231633860618, 9967497.260947683826089 ], [ 781078.217232520109974, 9967493.844170298427343 ], [ 781103.955845408840105, 9967489.07380036637187 ], [ 781129.409522551228292, 9967482.962913144379854 ], [ 781154.508497187518515, 9967475.528258146718144 ], [ 781179.183974772691727, 9967466.79021324776113 ], [ 781203.368321537855081, 9967456.772728821262717 ], [ 781226.995249869767576, 9967445.503262093290687 ], [ 781250.0, 9967433.012701891362667 ], [ 781272.31951750756707, 9967419.335283972322941 ], [ 781293.892626146203838, 9967404.508497187867761 ], [ 781314.660195524920709, 9967388.572980728000402 ], [ 781334.565303179435432, 9967371.572412738576531 ], [ 781353.553390593267977, 9967353.5533905941993 ], [ 781371.572412738692947, 9967334.565303178504109 ], [ 781388.572980728466064, 9967314.660195525735617 ], [ 781404.508497187518515, 9967293.892626145854592 ], [ 781419.335283972672187, 9967272.319517508149147 ], [ 781433.012701892177574, 9967250.0 ], [ 781445.503262094222009, 9967226.995249869301915 ], [ 781456.772728821262717, 9967203.368321537971497 ], [ 781466.790213248576038, 9967179.183974772691727 ], [ 781475.528258147533052, 9967154.508497187867761 ], [ 781482.96291314449627, 9967129.4095225520432 ], [ 781489.073800366953947, 9967103.955845408141613 ], [ 781493.844170297612436, 9967078.217232519760728 ], [ 781497.260947684175335, 9967052.264231633394957 ], [ 781499.314767377334647, 9967026.167978120967746 ], [ 781500.0, 9967000.0 ] ] ] } },
{ "type": "Feature", "properties": { "easting": 781000.0, "northing": 9984000.0, "id": "grid_E781000_N9984000", "retained": true }, "geometry": { "type": "Polygon", "coordinates": [ [ [ 781500.0, 9984000.0 ], [ 781499.314767377334647, 9983973.832021879032254 ], [ 781497.260947684175335, 9983947.735768366605043 ], [ 781493.844170297612436, 9983921.782767480239272 ], [ 781489.073800366953947, 9983896.044154591858387 ], [ 781482.96291314449627, 9983870.5904774479568 ], [ 781475.528258147533052, 9983845.491502812132239 ], [ 781466.790213248576038, 9983820.816025227308273 ], [ 781456.772728821262717, 9983796.631678462028503 ], [ 781445.503262094222009, 9983773.004750130698085 ], [ 781433.012701892177574, 9983750.0 ], [ 781419.335283972672187, 9983727.680482491850853 ], [ 781404.508497187518515, 9983706.107373854145408 ], [ 781388.572980728466064, 9983685.339804474264383 ], [ 781371.572412738692947, 9983665.434696821495891 ], [ 781353.553390593267977, 9983646.4466094058007 ], [ 781334.565303179435432, 9983628.427587261423469 ], [ 781314.660195524920709, 9983611.427019271999598 ], [ 781293.892626146203838, 9983595.491502812132239 ], [ 781272.31951750756707, 9983580.664716027677059 ], [ 781250.0, 9983566.987298108637333 ], [ 781226.995249869767576, 9983554.496737906709313 ], [ 781203.368321537855081, 9983543.227271178737283 ], [ 781179.183974772691727, 9983533.20978675223887 ], [ 781154.508497187518515, 9983524.471741853281856 ], [ 781129.409522551228292, 9983517.037086855620146 ], [ 781103.955845408840105, 9983510.92619963362813 ], [ 781078.217232520109974, 9983506.155829701572657 ], [ 781052.264231633860618, 9983502.739052316173911 ], [ 781026.167978121433407, 9983500.685232622548938 ], [ 781000.0, 9983500.0 ], [ 780973.832021878566593, 9983500.685232622548938 ], [ 780947.735768366139382, 9983502.739052316173911 ], [ 780921.782767479890026, 9983506.155829701572657 ], [ 780896.044154591159895, 9983510.92619963362813 ], [ 780870.590477448771708, 9983517.037086855620146 ], [ 780845.491502812481485, 9983524.471741853281856 ], [ 780820.816025227308273, 9983533.20978675223887 ], [ 780796.631678462144919, 9983543.227271178737283 ], [ 780773.004750130232424, 9983554.496737906709313 ], [ 780750.0, 9983566.987298108637333 ], [ 780727.68048249243293, 9983580.664716027677059 ], [ 780706.107373853796162, 9983595.491502812132239 ], [ 780685.339804475079291, 9983611.427019271999598 ], [ 780665.434696820564568, 9983628.427587261423469 ], [ 780646.446609406732023, 9983646.4466094058007 ], [ 780628.427587261307053, 9983665.434696821495891 ], [ 780611.427019271533936, 9983685.339804474264383 ], [ 780595.491502812481485, 9983706.107373854145408 ], [ 780580.664716027327813, 9983727.680482491850853 ], [ 780566.987298107822426, 9983750.0 ], [ 780554.496737905777991, 9983773.004750130698085 ], [ 780543.227271178737283, 9983796.631678462028503 ], [ 780533.209786751423962, 9983820.816025227308273 ], [ 780524.471741852466948, 9983845.491502812132239 ], [ 780517.03708685550373, 9983870.5904774479568 ], [ 780510.926199633046053, 9983896.044154591858387 ], [ 780506.155829702387564, 9983921.782767480239272 ], [ 780502.739052315824665, 9983947.735768366605043 ], [ 780500.685232622665353, 9983973.832021879032254 ], [ 780500.0, 9984000.0 ], [ 780500.685232622665353, 9984026.167978120967746 ], [ 780502.739052315824665, 9984052.264231633394957 ], [ 780506.155829702387564, 9984078.217232519760728 ], [ 780510.926199633046053, 9984103.955845408141613 ], [ 780517.03708685550373, 9984129.4095225520432 ], [ 780524.471741852466948, 9984154.508497187867761 ], [ 780533.209786751423962, 9984179.183974772691727 ], [ 780543.227271178737283, 9984203.368321537971497 ], [ 780554.496737905777991, 9984226.995249869301915 ], [ 780566.987298107822426, 9984250.0 ], [ 780580.664716027327813, 9984272.319517508149147 ], [ 780595.491502812481485, 9984293.892626145854592 ], [ 780611.427019271533936, 9984314.660195525735617 ], [ 780628.427587261307053, 9984334.565303178504109 ], [ 780646.446609406732023, 9984353.5533905941993 ], [ 780665.434696820564568, 9984371.572412738576531 ], [ 780685.339804475079291, 9984388.572980728000402 ], [ 780706.107373853796162, 9984404.508497187867761 ], [ 780727.68048249243293, 9984419.335283972322941 ], [ 780750.0, 9984433.012701891362667 ], [ 780773.004750130232424, 9984445.503262093290687 ], [ 780796.631678462144919, 9984456.772728821262717 ], [ 780820.816025227308273, 9984466.79021324776113 ], [ 780845.491502812481485, 9984475.528258146718144 ], [ 780870.590477448771708, 9984482.962913144379854 ], [ 780896.044154591159895, 9984489.07380036637187 ], [ 780921.782767479890026, 9984493.844170298427343 ], [ 780947.735768366139382, 9984497.260947683826089 ], [ 780973.832021878566593, 9984499.314767377451062 ], [ 781000.0, 9984500.0 ], [ 781026.167978121433407, 9984499.314767377451062 ], [ 781052.264231633860618, 9984497.260947683826089 ], [ 781078.217232520109974, 9984493.844170298427343 ], [ 781103.955845408840105, 9984489.07380036637187 ], [ 781129.409522551228292, 9984482.962913144379854 ], [ 781154.508497187518515, 9984475.528258146718144 ], [ 781179.183974772691727, 9984466.79021324776113 ], [ 781203.368321537855081, 9984456.772728821262717 ], [ 781226.995249869767576, 9984445.503262093290687 ], [ 781250.0, 9984433.012701891362667 ], [ 781272.31951750756707, 9984419.335283972322941 ], [ 781293.892626146203838, 9984404.508497187867761 ], [ 781314.660195524920709, 9984388.572980728000402 ], [ 781334.565303179435432, 9984371.572412738576531 ], [ 781353.553390593267977, 9984353.5533905941993 ], [ 781371.572412738692947, 9984334.565303178504109 ], [ 781388.572980728466064, 9984314.660195525735617 ], [ 781404.508497187518515, 9984293.892626145854592 ], [ 781419.335283972672187, 9984272.319517508149147 ], [ 781433.012701892177574, 9984250.0 ], [ 781445.503262094222009, 9984226.995249869301915 ], [ 781456.772728821262717, 9984203.368321537971497 ], [ 781466.790213248576038, 9984179.183974772691727 ], [ 781475.528258147533052, 9984154.508497187867761 ], [ 781482.96291314449627, 9984129.4095225520432 ], [ 781489.073800366953947, 9984103.955845408141613 ], [ 781493.844170297612436, 9984078.217232519760728 ], [ 781497.260947684175335, 9984052.264231633394957 ], [ 781499.314767377334647, 9984026.167978120967746 ], [ 781500.0, 9984000.0 ] ] ] } },
{ "type": "Feature", "properties": { "easting": 781000.0, "northing": 9985000.0, "id": "grid_E781000_N9985000", "retained": true }, "geometry": { "type": "Polygon", "coordinates": [ [ [ 781500.0, 9985000.0 ], [ 781499.314767377334647, 9984973.832021879032254 ], [ 781497.260947684175335, 9984947.735768366605043 ], [ 781493.844170297612436, 9984921.782767480239272 ], [ 781489.073800366953947, 9984896.044154591858387 ], [ 781482.96291314449627, 9984870.5904774479568 ], [ 781475.528258147533052, 9984845.491502812132239 ], [ 781466.790213248576038, 9984820.816025227308273 ], [ 781456.772728821262717, 9984796.631678462028503 ], [ 781445.503262094222009, 9984773.004750130698085 ], [ 781433.012701892177574, 9984750.0 ], [ 781419.335283972672187, 9984727.680482491850853 ], [ 781404.508497187518515, 9984706.107373854145408 ], [ 781388.572980728466064, 9984685.339804474264383 ], [ 781371.572412738692947, 9984665.434696821495891 ], [ 781353.553390593267977, 9984646.4466094058007 ], [ 781334.565303179435432, 9984628.427587261423469 ], [ 781314.660195524920709, 9984611.427019271999598 ], [ 781293.892626146203838, 9984595.491502812132239 ], [ 781272.31951750756707, 9984580.664716027677059 ], [ 781250.0, 9984566.987298108637333 ], [ 781226.995249869767576, 9984554.496737906709313 ], [ 781203.368321537855081, 9984543.227271178737283 ], [ 781179.183974772691727, 9984533.20978675223887 ], [ 781154.508497187518515, 9984524.471741853281856 ], [ 781129.409522551228292, 9984517.037086855620146 ], [ 781103.955845408840105, 9984510.92619963362813 ], [ 781078.217232520109974, 9984506.155829701572657 ], [ 781052.264231633860618, 9984502.739052316173911 ], [ 781026.167978121433407, 9984500.685232622548938 ], [ 781000.0, 9984500.0 ], [ 780973.832021878566593, 9984500.685232622548938 ], [ 780947.735768366139382, 9984502.739052316173911 ], [ 780921.782767479890026, 9984506.155829701572657 ], [ 780896.044154591159895, 9984510.92619963362813 ], [ 780870.590477448771708, 9984517.037086855620146 ], [ 780845.491502812481485, 9984524.471741853281856 ], [ 780820.816025227308273, 9984533.20978675223887 ], [ 780796.631678462144919, 9984543.227271178737283 ], [ 780773.004750130232424, 9984554.496737906709313 ], [ 780750.0, 9984566.987298108637333 ], [ 780727.68048249243293, 9984580.664716027677059 ], [ 780706.107373853796162, 9984595.491502812132239 ], [ 780685.339804475079291, 9984611.427019271999598 ], [ 780665.434696820564568, 9984628.427587261423469 ], [ 780646.446609406732023, 9984646.4466094058007 ], [ 780628.427587261307053, 9984665.434696821495891 ], [ 780611.427019271533936, 9984685.339804474264383 ], [ 780595.491502812481485, 9984706.107373854145408 ], [ 780580.664716027327813, 9984727.680482491850853 ], [ 780566.987298107822426, 9984750.0 ], [ 780554.496737905777991, 9984773.004750130698085 ], [ 780543.227271178737283, 9984796.631678462028503 ], [ 780533.209786751423962, 9984820.816025227308273 ], [ 780524.471741852466948, 9984845.491502812132239 ], [ 780517.03708685550373, 9984870.5904774479568 ], [ 780510.926199633046053, 9984896.044154591858387 ], [ 780506.155829702387564, 9984921.782767480239272 ], [ 780502.739052315824665, 9984947.735768366605043 ], [ 780500.685232622665353, 9984973.832021879032254 ], [ 780500.0, 9985000.0 ], [ 780500.685232622665353, 9985026.167978120967746 ], [ 780502.739052315824665, 9985052.264231633394957 ], [ 780506.155829702387564, 9985078.217232519760728 ], [ 780510.926199633046053, 9985103.955845408141613 ], [ 780517.03708685550373, 9985129.4095225520432 ], [ 780524.471741852466948, 9985154.508497187867761 ], [ 780533.209786751423962, 9985179.183974772691727 ], [ 780543.227271178737283, 9985203.368321537971497 ], [ 780554.496737905777991, 9985226.995249869301915 ], [ 780566.987298107822426, 9985250.0 ], [ 780580.664716027327813, 9985272.319517508149147 ], [ 780595.491502812481485, 9985293.892626145854592 ], [ 780611.427019271533936, 9985314.660195525735617 ], [ 780628.427587261307053, 9985334.565303178504109 ], [ 780646.446609406732023, 9985353.5533905941993 ], [ 780665.434696820564568, 9985371.572412738576531 ], [ 780685.339804475079291, 9985388.572980728000402 ], [ 780706.107373853796162, 9985404.508497187867761 ], [ 780727.68048249243293, 9985419.335283972322941 ], [ 780750.0, 9985433.012701891362667 ], [ 780773.004750130232424, 9985445.503262093290687 ], [ 780796.631678462144919, 9985456.772728821262717 ], [ 780820.816025227308273, 9985466.79021324776113 ], [ 780845.491502812481485, 9985475.528258146718144 ], [ 780870.590477448771708, 9985482.962913144379854 ], [ 780896.044154591159895, 9985489.07380036637187 ], [ 780921.782767479890026, 9985493.844170298427343 ], [ 780947.735768366139382, 9985497.260947683826089 ], [ 780973.832021878566593, 9985499.314767377451062 ], [ 781000.0, 9985500.0 ], [ 781026.167978121433407, 9985499.314767377451062 ], [ 781052.264231633860618, 9985497.260947683826089 ], [ 781078.217232520109974, 9985493.844170298427343 ], [ 781103.955845408840105, 9985489.07380036637187 ], [ 781129.409522551228292, 9985482.962913144379854 ], [ 781154.508497187518515, 9985475.528258146718144 ], [ 781179.183974772691727, 9985466.79021324776113 ], [ 781203.368321537855081, 9985456.772728821262717 ], [ 781226.995249869767576, 9985445.503262093290687 ], [ 781250.0, 9985433.012701891362667 ], [ 781272.31951750756707, 9985419.335283972322941 ], [ 781293.892626146203838, 9985404.508497187867761 ], [ 781314.660195524920709, 9985388.572980728000402 ], [ 781334.565303179435432, 9985371.572412738576531 ], [ 781353.553390593267977, 9985353.5533905941993 ], [ 781371.572412738692947, 9985334.565303178504109 ], [ 781388.572980728466064, 9985314.660195525735617 ], [ 781404.508497187518515, 9985293.892626145854592 ], [ 781419.335283972672187, 9985272.319517508149147 ], [ 781433.012701892177574, 9985250.0 ], [ 781445.503262094222009, 9985226.995249869301915 ], [ 781456.772728821262717, 9985203.368321537971497 ], [ 781466.790213248576038, 9985179.183974772691727 ], [ 781475.528258147533052, 9985154.508497187867761 ], [ 781482.96291314449627, 9985129.4095225520432 ], [ 781489.073800366953947, 9985103.955845408141613 ], [ 781493.844170297612436, 9985078.217232519760728 ], [ 781497.260947684175335, 9985052.264231633394957 ], [ 781499.314767377334647, 9985026.167978120967746 ], [ 781500.0, 9985000.0 ] ] ] } },
{ "type": "Feature", "properties": { "easting": 781000.0, "northing": 9986000.0, "id": "grid_E781000_N9986000", "retained": true }, "geometry": { "type": "Polygon", "coordinates": [ [ [ 781500.0, 9986000.0 ], [ 781499.314767377334647, 9985973.832021879032254 ], [ 781497.260947684175335, 9985947.735768366605043 ], [ 781493.844170297612436, 9985921.782767480239272 ], [ 781489.073800366953947, 9985896.044154591858387 ], [ 781482.96291314449627, 9985870.5904774479568 ], [ 781475.528258147533052, 9985845.491502812132239 ], [ 781466.790213248576038, 9985820.816025227308273 ], [ 781456.772728821262717, 9985796.631678462028503 ], [ 781445.503262094222009, 9985773.004750130698085 ], [ 781433.012701892177574, 9985750.0 ], [ 781419.335283972672187, 9985727.680482491850853 ], [ 781404.508497187518515, 9985706.107373854145408 ], [ 781388.572980728466064, 9985685.339804474264383 ], [ 781371.572412738692947, 9985665.434696821495891 ], [ 781353.553390593267977, 9985646.4466094058007 ], [ 781334.565303179435432, 9985628.427587261423469 ], [ 781314.660195524920709, 9985611.427019271999598 ], [ 781293.892626146203838, 9985595.491502812132239 ], [ 781272.31951750756707, 9985580.664716027677059 ], [ 781250.0, 9985566.987298108637333 ], [ 781226.995249869767576, 9985554.496737906709313 ], [ 781203.368321537855081, 9985543.227271178737283 ], [ 781179.183974772691727, 9985533.20978675223887 ], [ 781154.508497187518515, 9985524.471741853281856 ], [ 781129.409522551228292, 9985517.037086855620146 ], [ 781103.955845408840105, 9985510.92619963362813 ], [ 781078.217232520109974, 9985506.155829701572657 ], [ 781052.264231633860618, 9985502.739052316173911 ], [ 781026.167978121433407, 9985500.685232622548938 ], [ 781000.0, 9985500.0 ], [ 780973.832021878566593, 9985500.685232622548938 ], [ 780947.735768366139382, 9985502.739052316173911 ], [ 780921.782767479890026, 9985506.155829701572657 ], [ 780896.044154591159895, 9985510.92619963362813 ], [ 780870.590477448771708, 9985517.037086855620146 ], [ 780845.491502812481485, 9985524.471741853281856 ], [ 780820.816025227308273, 9985533.20978675223887 ], [ 780796.631678462144919, 9985543.227271178737283 ], [ 780773.004750130232424, 9985554.496737906709313 ], [ 780750.0, 9985566.987298108637333 ], [ 780727.68048249243293, 9985580.664716027677059 ], [ 780706.107373853796162, 9985595.491502812132239 ], [ 780685.339804475079291, 9985611.427019271999598 ], [ 780665.434696820564568, 9985628.427587261423469 ], [ 780646.446609406732023, 9985646.4466094058007 ], [ 780628.427587261307053, 9985665.434696821495891 ], [ 780611.427019271533936, 9985685.339804474264383 ], [ 780595.491502812481485, 9985706.107373854145408 ], [ 780580.664716027327813, 9985727.680482491850853 ], [ 780566.987298107822426, 9985750.0 ], [ 780554.496737905777991, 9985773.004750130698085 ], [ 780543.227271178737283, 9985796.631678462028503 ], [ 780533.209786751423962, 9985820.816025227308273 ], [ 780524.471741852466948, 9985845.491502812132239 ], [ 780517.03708685550373, 9985870.5904774479568 ], [ 780510.926199633046053, 9985896.044154591858387 ], [ 780506.155829702387564, 9985921.782767480239272 ], [ 780502.739052315824665, 9985947.735768366605043 ], [ 780500.685232622665353, 9985973.832021879032254 ], [ 780500.0, 9986000.0 ], [ 780500.685232622665353, 9986026.167978120967746 ], [ 780502.739052315824665, 9986052.264231633394957 ], [ 780506.155829702387564, 9986078.217232519760728 ], [ 780510.926199633046053, 9986103.955845408141613 ], [ 780517.03708685550373, 9986129.4095225520432 ], [ 780524.471741852466948, 9986154.508497187867761 ], [ 780533.209786751423962, 9986179.183974772691727 ], [ 780543.227271178737283, 9986203.368321537971497 ], [ 780554.496737905777991, 9986226.995249869301915 ], [ 780566.987298107822426, 9986250.0 ], [ 780580.664716027327813, 9986272.319517508149147 ], [ 780595.491502812481485, 9986293.892626145854592 ], [ 780611.427019271533936, 9986314.660195525735617 ], [ 780628.427587261307053, 9986334.565303178504109 ], [ 780646.446609406732023, 9986353.5533905941993 ], [ 780665.434696820564568, 9986371.572412738576531 ], [ 780685.339804475079291, 9986388.572980728000402 ], [ 780706.107373853796162, 9986404.508497187867761 ], [ 780727.68048249243293, 9986419.335283972322941 ], [ 780750.0, 9986433.012701891362667 ], [ 780773.004750130232424, 9986445.503262093290687 ], [ 780796.631678462144919, 9986456.772728821262717 ], [ 780820.816025227308273, 9986466.79021324776113 ], [ 780845.491502812481485, 9986475.528258146718144 ], [ 780870.590477448771708, 9986482.962913144379854 ], [ 780896.044154591159895, 9986489.07380036637187 ], [ 780921.782767479890026, 9986493.844170298427343 ], [ 780947.735768366139382, 9986497.260947683826089 ], [ 780973.832021878566593, 9986499.314767377451062 ], [ 781000.0, 9986500.0 ], [ 781026.167978121433407, 9986499.314767377451062 ], [ 781052.264231633860618, 9986497.260947683826089 ], [ 781078.217232520109974, 9986493.844170298427343 ], [ 781103.955845408840105, 9986489.07380036637187 ], [ 781129.409522551228292, 9986482.962913144379854 ], [ 781154.508497187518515, 9986475.528258146718144 ], [ 781179.183974772691727, 9986466.79021324776113 ], [ 781203.368321537855081, 9986456.772728821262717 ], [ 781226.995249869767576, 9986445.503262093290687 ], [ 781250.0, 9986433.012701891362667 ], [ 781272.31951750756707, 9986419.335283972322941 ], [ 781293.892626146203838, 9986404.508497187867761 ], [ 781314.660195524920709, 9986388.572980728000402 ], [ 781334.565303179435432, 9986371.572412738576531 ], [ 781353.553390593267977, 9986353.5533905941993 ], [ 781371.572412738692947, 9986334.565303178504109 ], [ 781388.572980728466064, 9986314.660195525735617 ], [ 781404.508497187518515, 9986293.892626145854592 ], [ 781419.335283972672187, 9986272.319517508149147 ], [ 781433.012701892177574, 9986250.0 ], [ 781445.503262094222009, 9986226.995249869301915 ], [ 781456.772728821262717, 9986203.368321537971497 ], [ 781466.790213248576038, 9986179.183974772691727 ], [ 781475.528258147533052, 9986154.508497187867761 ], [ 781482.96291314449627, 9986129.4095225520432 ], [ 781489.073800366953947, 9986103.955845408141613 ], [ 781493.844170297612436, 9986078.217232519760728 ], [ 781497.260947684175335, 9986052.264231633394957 ], [ 781499.314767377334647, 9986026.167978120967746 ], [ 781500.0, 9986000.0 ] ] ] } },
{ "type": "Feature", "properties": { "easting": 781000.0, "northing": 9988000.0, "id": "grid_E781000_N9988000", "retained": true }, "geometry": { "type": "Polygon", "coordinates": [ [ [ 781500.0, 9988000.0 ], [ 781499.314767377334647, 9987973.832021879032254 ], [ 781497.260947684175335, 9987947.735768366605043 ], [ 781493.844170297612436, 9987921.782767480239272 ], [ 781489.073800366953947, 9987896.044154591858387 ], [ 781482.96291314449627, 9987870.5904774479568 ], [ 781475.528258147533052, 9987845.491502812132239 ], [ 781466.790213248576038, 9987820.816025227308273 ], [ 781456.772728821262717, 9987796.631678462028503 ], [ 781445.503262094222009, 9987773.004750130698085 ], [ 781433.012701892177574, 9987750.0 ], [ 781419.335283972672187, 9987727.680482491850853 ], [ 781404.508497187518515, 9987706.107373854145408 ], [ 781388.572980728466064, 9987685.339804474264383 ], [ 781371.572412738692947, 9987665.434696821495891 ], [ 781353.553390593267977, 9987646.4466094058007 ], [ 781334.565303179435432, 9987628.427587261423469 ], [ 781314.660195524920709, 9987611.427019271999598 ], [ 781293.892626146203838, 9987595.491502812132239 ], [ 781272.31951750756707, 9987580.664716027677059 ], [ 781250.0, 9987566.987298108637333 ], [ 781226.995249869767576, 9987554.496737906709313 ], [ 781203.368321537855081, 9987543.227271178737283 ], [ 781179.183974772691727, 9987533.20978675223887 ], [ 781154.508497187518515, 9987524.471741853281856 ], [ 781129.409522551228292, 9987517.037086855620146 ], [ 781103.955845408840105, 9987510.92619963362813 ], [ 781078.217232520109974, 9987506.155829701572657 ], [ 781052.264231633860618, 9987502.739052316173911 ], [ 781026.167978121433407, 9987500.685232622548938 ], [ 781000.0, 9987500.0 ], [ 780973.832021878566593, 9987500.685232622548938 ], [ 780947.735768366139382, 9987502.739052316173911 ], [ 780921.782767479890026, 9987506.155829701572657 ], [ 780896.044154591159895, 9987510.92619963362813 ], [ 780870.590477448771708, 9987517.037086855620146 ], [ 780845.491502812481485, 9987524.471741853281856 ], [ 780820.816025227308273, 9987533.20978675223887 ], [ 780796.631678462144919, 9987543.227271178737283 ], [ 780773.004750130232424, 9987554.496737906709313 ], [ 780750.0, 9987566.987298108637333 ], [ 780727.68048249243293, 9987580.664716027677059 ], [ 780706.107373853796162, 9987595.491502812132239 ], [ 780685.339804475079291, 9987611.427019271999598 ], [ 780665.434696820564568, 9987628.427587261423469 ], [ 780646.446609406732023, 9987646.4466094058007 ], [ 780628.427587261307053, 9987665.434696821495891 ], [ 780611.427019271533936, 9987685.339804474264383 ], [ 780595.491502812481485, 9987706.107373854145408 ], [ 780580.664716027327813, 9987727.680482491850853 ], [ 780566.987298107822426, 9987750.0 ], [ 780554.496737905777991, 9987773.004750130698085 ], [ 780543.227271178737283, 9987796.631678462028503 ], [ 780533.209786751423962, 9987820.816025227308273 ], [ 780524.471741852466948, 9987845.491502812132239 ], [ 780517.03708685550373, 9987870.5904774479568 ], [ 780510.926199633046053, 9987896.044154591858387 ], [ 780506.155829702387564, 9987921.782767480239272 ], [ 780502.739052315824665, 9987947.735768366605043 ], [ 780500.685232622665353, 9987973.832021879032254 ], [ 780500.0, 9988000.0 ], [ 780500.685232622665353, 9988026.167978120967746 ], [ 780502.739052315824665, 9988052.264231633394957 ], [ 780506.155829702387564, 9988078.217232519760728 ], [ 780510.926199633046053, 9988103.955845408141613 ], [ 780517.03708685550373, 9988129.4095225520432 ], [ 780524.471741852466948, 9988154.508497187867761 ], [ 780533.209786751423962, 9988179.183974772691727 ], [ 780543.227271178737283, 9988203.368321537971497 ], [ 780554.496737905777991, 9988226.995249869301915 ], [ 780566.987298107822426, 9988250.0 ], [ 780580.664716027327813, 9988272.319517508149147 ], [ 780595.491502812481485, 9988293.892626145854592 ], [ 780611.427019271533936, 9988314.660195525735617 ], [ 780628.427587261307053, 9988334.565303178504109 ], [ 780646.446609406732023, 9988353.5533905941993 ], [ 780665.434696820564568, 9988371.572412738576531 ], [ 780685.339804475079291, 9988388.572980728000402 ], [ 780706.107373853796162, 9988404.508497187867761 ], [ 780727.68048249243293, 9988419.335283972322941 ], [ 780750.0, 9988433.012701891362667 ], [ 780773.004750130232424, 9988445.503262093290687 ], [ 780796.631678462144919, 9988456.772728821262717 ], [ 780820.816025227308273, 9988466.79021324776113 ], [ 780845.491502812481485, 9988475.528258146718144 ], [ 780870.590477448771708, 9988482.962913144379854 ], [ 780896.044154591159895, 9988489.07380036637187 ], [ 780921.782767479890026, 9988493.844170298427343 ], [ 780947.735768366139382, 9988497.260947683826089 ], [ 780973.832021878566593, 9988499.314767377451062 ], [ 781000.0, 9988500.0 ], [ 781026.167978121433407, 9988499.314767377451062 ], [ 781052.264231633860618, 9988497.260947683826089 ], [ 781078.217232520109974, 9988493.844170298427343 ], [ 781103.955845408840105, 9988489.07380036637187 ], [ 781129.409522551228292, 9988482.962913144379854 ], [ 781154.508497187518515, 9988475.528258146718144 ], [ 781179.183974772691727, 9988466.79021324776113 ], [ 781203.368321537855081, 9988456.772728821262717 ], [ 781226.995249869767576, 9988445.503262093290687 ], [ 781250.0, 9988433.012701891362667 ], [ 781272.31951750756707, 9988419.335283972322941 ], [ 781293.892626146203838, 9988404.508497187867761 ], [ 781314.660195524920709, 9988388.572980728000402 ], [ 781334.565303179435432, 9988371.572412738576531 ], [ 781353.553390593267977, 9988353.5533905941993 ], [ 781371.572412738692947, 9988334.565303178504109 ], [ 781388.572980728466064, 9988314.660195525735617 ], [ 781404.508497187518515, 9988293.892626145854592 ], [ 781419.335283972672187, 9988272.319517508149147 ], [ 781433.012701892177574, 9988250.0 ], [ 781445.503262094222009, 9988226.995249869301915 ], [ 781456.772728821262717, 9988203.368321537971497 ], [ 781466.790213248576038, 9988179.183974772691727 ], [ 781475.528258147533052, 9988154.508497187867761 ], [ 781482.96291314449627, 9988129.4095225520432 ], [ 781489.073800366953947, 9988103.955845408141613 ], [ 781493.844170297612436, 9988078.217232519760728 ], [ 781497.260947684175335, 9988052.264231633394957 ], [ 781499.314767377334647, 9988026.167978120967746 ], [ 781500.0, 9988000.0 ] ] ] } },
{ "type": "Feature", "properties": { "easting": 781000.0, "northing": 9989000.0, "id": "grid_E781000_N9989000", "retained": true }, "geometry": { "type": "Polygon", "coordinates": [ [ [ 781500.0, 9989000.0 ], [ 781499.314767377334647, 9988973.832021879032254 ], [ 781497.260947684175335, 9988947.735768366605043 ], [ 781493.844170297612436, 9988921.782767480239272 ], [ 781489.073800366953947, 9988896.044154591858387 ], [ 781482.96291314449627, 9988870.5904774479568 ], [ 781475.528258147533052, 9988845.491502812132239 ], [ 781466.790213248576038, 9988820.816025227308273 ], [ 781456.772728821262717, 9988796.631678462028503 ], [ 781445.503262094222009, 9988773.004750130698085 ], [ 781433.012701892177574, 9988750.0 ], [ 781419.335283972672187, 9988727.680482491850853 ], [ 781404.508497187518515, 9988706.107373854145408 ], [ 781388.572980728466064, 9988685.339804474264383 ], [ 781371.572412738692947, 9988665.434696821495891 ], [ 781353.553390593267977, 9988646.4466094058007 ], [ 781334.565303179435432, 9988628.427587261423469 ], [ 781314.660195524920709, 9988611.427019271999598 ], [ 781293.892626146203838, 9988595.491502812132239 ], [ 781272.31951750756707, 9988580.664716027677059 ], [ 781250.0, 9988566.987298108637333 ], [ 781226.995249869767576, 9988554.496737906709313 ], [ 781203.368321537855081, 9988543.227271178737283 ], [ 781179.183974772691727, 9988533.20978675223887 ], [ 781154.508497187518515, 9988524.471741853281856 ], [ 781129.409522551228292, 9988517.037086855620146 ], [ 781103.955845408840105, 9988510.92619963362813 ], [ 781078.217232520109974, 9988506.155829701572657 ], [ 781052.264231633860618, 9988502.739052316173911 ], [ 781026.167978121433407, 9988500.685232622548938 ], [ 781000.0, 9988500.0 ], [ 780973.832021878566593, 9988500.685232622548938 ], [ 780947.735768366139382, 9988502.739052316173911 ], [ 780921.782767479890026, 9988506.155829701572657 ], [ 780896.044154591159895, 9988510.92619963362813 ], [ 780870.590477448771708, 9988517.037086855620146 ], [ 780845.491502812481485, 9988524.471741853281856 ], [ 780820.816025227308273, 9988533.20978675223887 ], [ 780796.631678462144919, 9988543.227271178737283 ], [ 780773.004750130232424, 9988554.496737906709313 ], [ 780750.0, 9988566.987298108637333 ], [ 780727.68048249243293, 9988580.664716027677059 ], [ 780706.107373853796162, 9988595.491502812132239 ], [ 780685.339804475079291, 9988611.427019271999598 ], [ 780665.434696820564568, 9988628.427587261423469 ], [ 780646.446609406732023, 9988646.4466094058007 ], [ 780628.427587261307053, 9988665.434696821495891 ], [ 780611.427019271533936, 9988685.339804474264383 ], [ 780595.491502812481485, 9988706.107373854145408 ], [ 780580.664716027327813, 9988727.680482491850853 ], [ 780566.987298107822426, 9988750.0 ], [ 780554.496737905777991, 9988773.004750130698085 ], [ 780543.227271178737283, 9988796.631678462028503 ], [ 780533.209786751423962, 9988820.816025227308273 ], [ 780524.471741852466948, 9988845.491502812132239 ], [ 780517.03708685550373, 9988870.5904774479568 ], [ 780510.926199633046053, 9988896.044154591858387 ], [ 780506.155829702387564, 9988921.782767480239272 ], [ 780502.739052315824665, 9988947.735768366605043 ], [ 780500.685232622665353, 9988973.832021879032254 ], [ 780500.0, 9989000.0 ], [ 780500.685232622665353, 9989026.167978120967746 ], [ 780502.739052315824665, 9989052.264231633394957 ], [ 780506.155829702387564, 9989078.217232519760728 ], [ 780510.926199633046053, 9989103.955845408141613 ], [ 780517.03708685550373, 9989129.4095225520432 ], [ 780524.471741852466948, 9989154.508497187867761 ], [ 780533.209786751423962, 9989179.183974772691727 ], [ 780543.227271178737283, 9989203.368321537971497 ], [ 780554.496737905777991, 9989226.995249869301915 ], [ 780566.987298107822426, 9989250.0 ], [ 780580.664716027327813, 9989272.319517508149147 ], [ 780595.491502812481485, 9989293.892626145854592 ], [ 780611.427019271533936, 9989314.660195525735617 ], [ 780628.427587261307053, 9989334.565303178504109 ], [ 780646.446609406732023, 9989353.5533905941993 ], [ 780665.434696820564568, 9989371.572412738576531 ], [ 780685.339804475079291, 9989388.572980728000402 ], [ 780706.107373853796162, 9989404.508497187867761 ], [ 780727.68048249243293, 9989419.335283972322941 ], [ 780750.0, 9989433.012701891362667 ], [ 780773.004750130232424, 9989445.503262093290687 ], [ 780796.631678462144919, 9989456.772728821262717 ], [ 780820.816025227308273, 9989466.79021324776113 ], [ 780845.491502812481485, 9989475.528258146718144 ], [ 780870.590477448771708, 9989482.962913144379854 ], [ 780896.044154591159895, 9989489.07380036637187 ], [ 780921.782767479890026, 9989493.844170298427343 ], [ 780947.735768366139382, 9989497.260947683826089 ], [ 780973.832021878566593, 9989499.314767377451062 ], [ 781000.0, 9989500.0 ], [ 781026.167978121433407, 9989499.314767377451062 ], [ 781052.264231633860618, 9989497.260947683826089 ], [ 781078.217232520109974, 9989493.844170298427343 ], [ 781103.955845408840105, 9989489.07380036637187 ], [ 781129.409522551228292, 9989482.962913144379854 ], [ 781154.508497187518515, 9989475.528258146718144 ], [ 781179.183974772691727, 9989466.79021324776113 ], [ 781203.368321537855081, 9989456.772728821262717 ], [ 781226.995249869767576, 9989445.503262093290687 ], [ 781250.0, 9989433.012701891362667 ], [ 781272.31951750756707, 9989419.335283972322941 ], [ 781293.892626146203838, 9989404.508497187867761 ], [ 781314.660195524920709, 9989388.572980728000402 ], [ 781334.565303179435432, 9989371.572412738576531 ], [ 781353.553390593267977, 9989353.5533905941993 ], [ 781371.572412738692947, 9989334.565303178504109 ], [ 781388.572980728466064, 9989314.660195525735617 ], [ 781404.508497187518515, 9989293.892626145854592 ], [ 781419.335283972672187, 9989272.319517508149147 ], [ 781433.012701892177574, 9989250.0 ], [ 781445.503262094222009, 9989226.995249869301915 ], [ 781456.772728821262717, 9989203.368321537971497 ], [ 781466.790213248576038, 9989179.183974772691727 ], [ 781475.528258147533052, 9989154.508497187867761 ], [ 781482.96291314449627, 9989129.4095225520432 ], [ 781489.073800366953947, 9989103.955845408141613 ], [ 781493.844170297612436, 9989078.217232519760728 ], [ 781497.260947684175335, 9989052.264231633394957 ], [ 781499.314767377334647, 9989026.167978120967746 ], [ 781500.0, 9989000.0 ] ] ] } },
{ "type": "Feature", "properties": { "easting": 781000.0, "northing": 9990000.0, "id": "grid_E781000_N9990000", "retained": true }, "geometry": { "type": "Polygon", "coordinates": [ [ [ 781500.0, 9990000.0 ], [ 781499.314767377334647, 9989973.832021879032254 ], [ 781497.260947684175335, 9989947.735768366605043 ], [ 781493.844170297612436, 9989921.782767480239272 ], [ 781489.073800366953947, 9989896.044154591858387 ], [ 781482.96291314449627, 9989870.5904774479568 ], [ 781475.528258147533052, 9989845.491502812132239 ], [ 781466.790213248576038, 9989820.816025227308273 ], [ 781456.772728821262717, 9989796.631678462028503 ], [ 781445.503262094222009, 9989773.004750130698085 ], [ 781433.012701892177574, 9989750.0 ], [ 781419.335283972672187, 9989727.680482491850853 ], [ 781404.508497187518515, 9989706.107373854145408 ], [ 781388.572980728466064, 9989685.339804474264383 ], [ 781371.572412738692947, 9989665.434696821495891 ], [ 781353.553390593267977, 9989646.4466094058007 ], [ 781334.565303179435432, 9989628.427587261423469 ], [ 781314.660195524920709, 9989611.427019271999598 ], [ 781293.892626146203838, 9989595.491502812132239 ], [ 781272.31951750756707, 9989580.664716027677059 ], [ 781250.0, 9989566.987298108637333 ], [ 781226.995249869767576, 9989554.496737906709313 ], [ 781203.368321537855081, 9989543.227271178737283 ], [ 781179.183974772691727, 9989533.20978675223887 ], [ 781154.508497187518515, 9989524.471741853281856 ], [ 781129.409522551228292, 9989517.037086855620146 ], [ 781103.955845408840105, 9989510.92619963362813 ], [ 781078.217232520109974, 9989506.155829701572657 ], [ 781052.264231633860618, 9989502.739052316173911 ], [ 781026.167978121433407, 9989500.685232622548938 ], [ 781000.0, 9989500.0 ], [ 780973.832021878566593, 9989500.685232622548938 ], [ 780947.735768366139382, 9989502.739052316173911 ], [ 780921.782767479890026, 9989506.155829701572657 ], [ 780896.044154591159895, 9989510.92619963362813 ], [ 780870.590477448771708, 9989517.037086855620146 ], [ 780845.491502812481485, 9989524.471741853281856 ], [ 780820.816025227308273, 9989533.20978675223887 ], [ 780796.631678462144919, 9989543.227271178737283 ], [ 780773.004750130232424, 9989554.496737906709313 ], [ 780750.0, 9989566.987298108637333 ], [ 780727.68048249243293, 9989580.664716027677059 ], [ 780706.107373853796162, 9989595.491502812132239 ], [ 780685.339804475079291, 9989611.427019271999598 ], [ 780665.434696820564568, 9989628.427587261423469 ], [ 780646.446609406732023, 9989646.4466094058007 ], [ 780628.427587261307053, 9989665.434696821495891 ], [ 780611.427019271533936, 9989685.339804474264383 ], [ 780595.491502812481485, 9989706.107373854145408 ], [ 780580.664716027327813, 9989727.680482491850853 ], [ 780566.987298107822426, 9989750.0 ], [ 780554.496737905777991, 9989773.004750130698085 ], [ 780543.227271178737283, 9989796.631678462028503 ], [ 780533.209786751423962, 9989820.816025227308273 ], [ 780524.471741852466948, 9989845.491502812132239 ], [ 780517.03708685550373, 9989870.5904774479568 ], [ 780510.926199633046053, 9989896.044154591858387 ], [ 780506.155829702387564, 9989921.782767480239272 ], [ 780502.739052315824665, 9989947.735768366605043 ], [ 780500.685232622665353, 9989973.832021879032254 ], [ 780500.0, 9990000.0 ], [ 780500.685232622665353, 9990026.167978120967746 ], [ 780502.739052315824665, 9990052.264231633394957 ], [ 780506.155829702387564, 9990078.217232519760728 ], [ 780510.926199633046053, 9990103.955845408141613 ], [ 780517.03708685550373, 9990129.4095225520432 ], [ 780524.471741852466948, 9990154.508497187867761 ], [ 780533.209786751423962, 9990179.183974772691727 ], [ 780543.227271178737283, 9990203.368321537971497 ], [ 780554.496737905777991, 9990226.995249869301915 ], [ 780566.987298107822426, 9990250.0 ], [ 780580.664716027327813, 9990272.319517508149147 ], [ 780595.491502812481485, 9990293.892626145854592 ], [ 780611.427019271533936, 9990314.660195525735617 ], [ 780628.427587261307053, 9990334.565303178504109 ], [ 780646.446609406732023, 9990353.5533905941993 ], [ 780665.434696820564568, 9990371.572412738576531 ], [ 780685.339804475079291, 9990388.572980728000402 ], [ 780706.107373853796162, 9990404.508497187867761 ], [ 780727.68048249243293, 9990419.335283972322941 ], [ 780750.0, 9990433.012701891362667 ], [ 780773.004750130232424, 9990445.503262093290687 ], [ 780796.631678462144919, 9990456.772728821262717 ], [ 780820.816025227308273, 9990466.79021324776113 ], [ 780845.491502812481485, 9990475.528258146718144 ], [ 780870.590477448771708, 9990482.962913144379854 ], [ 780896.044154591159895, 9990489.07380036637187 ], [ 780921.782767479890026, 9990493.844170298427343 ], [ 780947.735768366139382, 9990497.260947683826089 ], [ 780973.832021878566593, 9990499.314767377451062 ], [ 781000.0, 9990500.0 ], [ 781026.167978121433407, 9990499.314767377451062 ], [ 781052.264231633860618, 9990497.260947683826089 ], [ 781078.217232520109974, 9990493.844170298427343 ], [ 781103.955845408840105, 9990489.07380036637187 ], [ 781129.409522551228292, 9990482.962913144379854 ], [ 781154.508497187518515, 9990475.528258146718144 ], [ 781179.183974772691727, 9990466.79021324776113 ], [ 781203.368321537855081, 9990456.772728821262717 ], [ 781226.995249869767576, 9990445.503262093290687 ], [ 781250.0, 9990433.012701891362667 ], [ 781272.31951750756707, 9990419.335283972322941 ], [ 781293.892626146203838, 9990404.508497187867761 ], [ 781314.660195524920709, 9990388.572980728000402 ], [ 781334.565303179435432, 9990371.572412738576531 ], [ 781353.553390593267977, 9990353.5533905941993 ], [ 781371.572412738692947, 9990334.565303178504109 ], [ 781388.572980728466064, 9990314.660195525735617 ], [ 781404.508497187518515, 9990293.892626145854592 ], [ 781419.335283972672187, 9990272.319517508149147 ], [ 781433.012701892177574, 9990250.0 ], [ 781445.503262094222009, 9990226.995249869301915 ], [ 781456.772728821262717, 9990203.368321537971497 ], [ 781466.790213248576038, 9990179.183974772691727 ], [ 781475.528258147533052, 9990154.508497187867761 ], [ 781482.96291314449627, 9990129.4095225520432 ], [ 781489.073800366953947, 9990103.955845408141613 ], [ 781493.844170297612436, 9990078.217232519760728 ], [ 781497.260947684175335, 9990052.264231633394957 ], [ 781499.314767377334647, 9990026.167978120967746 ], [ 781500.0, 9990000.0 ] ] ] } },
{ "type": "Feature", "properties": { "easting": 781000.0, "northing": 9991000.0, "id": "grid_E781000_N9991000", "retained": true }, "geometry": { "type": "Polygon", "coordinates": [ [ [ 781500.0, 9991000.0 ], [ 781499.314767377334647, 9990973.832021879032254 ], [ 781497.260947684175335, 9990947.735768366605043 ], [ 781493.844170297612436, 9990921.782767480239272 ], [ 781489.073800366953947, 9990896.044154591858387 ], [ 781482.96291314449627, 9990870.5904774479568 ], [ 781475.528258147533052, 9990845.491502812132239 ], [ 781466.790213248576038, 9990820.816025227308273 ], [ 781456.772728821262717, 9990796.631678462028503 ], [ 781445.503262094222009, 9990773.004750130698085 ], [ 781433.012701892177574, 9990750.0 ], [ 781419.335283972672187, 9990727.680482491850853 ], [ 781404.508497187518515, 9990706.107373854145408 ], [ 781388.572980728466064, 9990685.339804474264383 ], [ 781371.572412738692947, 9990665.434696821495891 ], [ 781353.553390593267977, 9990646.4466094058007 ], [ 781334.565303179435432, 9990628.427587261423469 ], [ 781314.660195524920709, 9990611.427019271999598 ], [ 781293.892626146203838, 9990595.491502812132239 ], [ 781272.31951750756707, 9990580.664716027677059 ], [ 781250.0, 9990566.987298108637333 ], [ 781226.995249869767576, 9990554.496737906709313 ], [ 781203.368321537855081, 9990543.227271178737283 ], [ 781179.183974772691727, 9990533.20978675223887 ], [ 781154.508497187518515, 9990524.471741853281856 ], [ 781129.409522551228292, 9990517.037086855620146 ], [ 781103.955845408840105, 9990510.92619963362813 ], [ 781078.217232520109974, 9990506.155829701572657 ], [ 781052.264231633860618, 9990502.739052316173911 ], [ 781026.167978121433407, 9990500.685232622548938 ], [ 781000.0, 9990500.0 ], [ 780973.832021878566593, 9990500.685232622548938 ], [ 780947.735768366139382, 9990502.739052316173911 ], [ 780921.782767479890026, 9990506.155829701572657 ], [ 780896.044154591159895, 9990510.92619963362813 ], [ 780870.590477448771708, 9990517.037086855620146 ], [ 780845.491502812481485, 9990524.471741853281856 ], [ 780820.816025227308273, 9990533.20978675223887 ], [ 780796.631678462144919, 9990543.227271178737283 ], [ 780773.004750130232424, 9990554.496737906709313 ], [ 780750.0, 9990566.987298108637333 ], [ 780727.68048249243293, 9990580.664716027677059 ], [ 780706.107373853796162, 9990595.491502812132239 ], [ 780685.339804475079291, 9990611.427019271999598 ], [ 780665.434696820564568, 9990628.427587261423469 ], [ 780646.446609406732023, 9990646.4466094058007 ], [ 780628.427587261307053, 9990665.434696821495891 ], [ 780611.427019271533936, 9990685.339804474264383 ], [ 780595.491502812481485, 9990706.107373854145408 ], [ 780580.664716027327813, 9990727.680482491850853 ], [ 780566.987298107822426, 9990750.0 ], [ 780554.496737905777991, 9990773.004750130698085 ], [ 780543.227271178737283, 9990796.631678462028503 ], [ 780533.209786751423962, 9990820.816025227308273 ], [ 780524.471741852466948, 9990845.491502812132239 ], [ 780517.03708685550373, 9990870.5904774479568 ], [ 780510.926199633046053, 9990896.044154591858387 ], [ 780506.155829702387564, 9990921.782767480239272 ], [ 780502.739052315824665, 9990947.735768366605043 ], [ 780500.685232622665353, 9990973.832021879032254 ], [ 780500.0, 9991000.0 ], [ 780500.685232622665353, 9991026.167978120967746 ], [ 780502.739052315824665, 9991052.264231633394957 ], [ 780506.155829702387564, 9991078.217232519760728 ], [ 780510.926199633046053, 9991103.955845408141613 ], [ 780517.03708685550373, 9991129.4095225520432 ], [ 780524.471741852466948, 9991154.508497187867761 ], [ 780533.209786751423962, 9991179.183974772691727 ], [ 780543.227271178737283, 9991203.368321537971497 ], [ 780554.496737905777991, 9991226.995249869301915 ], [ 780566.987298107822426, 9991250.0 ], [ 780580.664716027327813, 9991272.319517508149147 ], [ 780595.491502812481485, 9991293.892626145854592 ], [ 780611.427019271533936, 9991314.660195525735617 ], [ 780628.427587261307053, 9991334.565303178504109 ], [ 780646.446609406732023, 9991353.5533905941993 ], [ 780665.434696820564568, 9991371.572412738576531 ], [ 780685.339804475079291, 9991388.572980728000402 ], [ 780706.107373853796162, 9991404.508497187867761 ], [ 780727.68048249243293, 9991419.335283972322941 ], [ 780750.0, 9991433.012701891362667 ], [ 780773.004750130232424, 9991445.503262093290687 ], [ 780796.631678462144919, 9991456.772728821262717 ], [ 780820.816025227308273, 9991466.79021324776113 ], [ 780845.491502812481485, 9991475.528258146718144 ], [ 780870.590477448771708, 9991482.962913144379854 ], [ 780896.044154591159895, 9991489.07380036637187 ], [ 780921.782767479890026, 9991493.844170298427343 ], [ 780947.735768366139382, 9991497.260947683826089 ], [ 780973.832021878566593, 9991499.314767377451062 ], [ 781000.0, 9991500.0 ], [ 781026.167978121433407, 9991499.314767377451062 ], [ 781052.264231633860618, 9991497.260947683826089 ], [ 781078.217232520109974, 9991493.844170298427343 ], [ 781103.955845408840105, 9991489.07380036637187 ], [ 781129.409522551228292, 9991482.962913144379854 ], [ 781154.508497187518515, 9991475.528258146718144 ], [ 781179.183974772691727, 9991466.79021324776113 ], [ 781203.368321537855081, 9991456.772728821262717 ], [ 781226.995249869767576, 9991445.503262093290687 ], [ 781250.0, 9991433.012701891362667 ], [ 781272.31951750756707, 9991419.335283972322941 ], [ 781293.892626146203838, 9991404.508497187867761 ], [ 781314.660195524920709, 9991388.572980728000402 ], [ 781334.565303179435432, 9991371.572412738576531 ], [ 781353.553390593267977, 9991353.5533905941993 ], [ 781371.572412738692947, 9991334.565303178504109 ], [ 781388.572980728466064, 9991314.660195525735617 ], [ 781404.508497187518515, 9991293.892626145854592 ], [ 781419.335283972672187, 9991272.319517508149147 ], [ 781433.012701892177574, 9991250.0 ], [ 781445.503262094222009, 9991226.995249869301915 ], [ 781456.772728821262717, 9991203.368321537971497 ], [ 781466.790213248576038, 9991179.183974772691727 ], [ 781475.528258147533052, 9991154.508497187867761 ], [ 781482.96291314449627, 9991129.4095225520432 ], [ 781489.073800366953947, 9991103.955845408141613 ], [ 781493.844170297612436, 9991078.217232519760728 ], [ 781497.260947684175335, 9991052.264231633394957 ], [ 781499.314767377334647, 9991026.167978120967746 ], [ 781500.0, 9991000.0 ] ] ] } },
{ "type": "Feature", "properties": { "easting": 782000.0, "northing": 9983000.0, "id": "grid_E782000_N9983000", "retained": true }, "geometry": { "type": "Polygon", "coordinates": [ [ [ 782500.0, 9983000.0 ], [ 782499.314767377334647, 9982973.832021879032254 ], [ 782497.260947684175335, 9982947.735768366605043 ], [ 782493.844170297612436, 9982921.782767480239272 ], [ 782489.073800366953947, 9982896.044154591858387 ], [ 782482.96291314449627, 9982870.5904774479568 ], [ 782475.528258147533052, 9982845.491502812132239 ], [ 782466.790213248576038, 9982820.816025227308273 ], [ 782456.772728821262717, 9982796.631678462028503 ], [ 782445.503262094222009, 9982773.004750130698085 ], [ 782433.012701892177574, 9982750.0 ], [ 782419.335283972672187, 9982727.680482491850853 ], [ 782404.508497187518515, 9982706.107373854145408 ], [ 782388.572980728466064, 9982685.339804474264383 ], [ 782371.572412738692947, 9982665.434696821495891 ], [ 782353.553390593267977, 9982646.4466094058007 ], [ 782334.565303179435432, 9982628.427587261423469 ], [ 782314.660195524920709, 9982611.427019271999598 ], [ 782293.892626146203838, 9982595.491502812132239 ], [ 782272.31951750756707, 9982580.664716027677059 ], [ 782250.0, 9982566.987298108637333 ], [ 782226.995249869767576, 9982554.496737906709313 ], [ 782203.368321537855081, 9982543.227271178737283 ], [ 782179.183974772691727, 9982533.20978675223887 ], [ 782154.508497187518515, 9982524.471741853281856 ], [ 782129.409522551228292, 9982517.037086855620146 ], [ 782103.955845408840105, 9982510.92619963362813 ], [ 782078.217232520109974, 9982506.155829701572657 ], [ 782052.264231633860618, 9982502.739052316173911 ], [ 782026.167978121433407, 9982500.685232622548938 ], [ 782000.0, 9982500.0 ], [ 781973.832021878566593, 9982500.685232622548938 ], [ 781947.735768366139382, 9982502.739052316173911 ], [ 781921.782767479890026, 9982506.155829701572657 ], [ 781896.044154591159895, 9982510.92619963362813 ], [ 781870.590477448771708, 9982517.037086855620146 ], [ 781845.491502812481485, 9982524.471741853281856 ], [ 781820.816025227308273, 9982533.20978675223887 ], [ 781796.631678462144919, 9982543.227271178737283 ], [ 781773.004750130232424, 9982554.496737906709313 ], [ 781750.0, 9982566.987298108637333 ], [ 781727.68048249243293, 9982580.664716027677059 ], [ 781706.107373853796162, 9982595.491502812132239 ], [ 781685.339804475079291, 9982611.427019271999598 ], [ 781665.434696820564568, 9982628.427587261423469 ], [ 781646.446609406732023, 9982646.4466094058007 ], [ 781628.427587261307053, 9982665.434696821495891 ], [ 781611.427019271533936, 9982685.339804474264383 ], [ 781595.491502812481485, 9982706.107373854145408 ], [ 781580.664716027327813, 9982727.680482491850853 ], [ 781566.987298107822426, 9982750.0 ], [ 781554.496737905777991, 9982773.004750130698085 ], [ 781543.227271178737283, 9982796.631678462028503 ], [ 781533.209786751423962, 9982820.816025227308273 ], [ 781524.471741852466948, 9982845.491502812132239 ], [ 781517.03708685550373, 9982870.5904774479568 ], [ 781510.926199633046053, 9982896.044154591858387 ], [ 781506.155829702387564, 9982921.782767480239272 ], [ 781502.739052315824665, 9982947.735768366605043 ], [ 781500.685232622665353, 9982973.832021879032254 ], [ 781500.0, 9983000.0 ], [ 781500.685232622665353, 9983026.167978120967746 ], [ 781502.739052315824665, 9983052.264231633394957 ], [ 781506.155829702387564, 9983078.217232519760728 ], [ 781510.926199633046053, 9983103.955845408141613 ], [ 781517.03708685550373, 9983129.4095225520432 ], [ 781524.471741852466948, 9983154.508497187867761 ], [ 781533.209786751423962, 9983179.183974772691727 ], [ 781543.227271178737283, 9983203.368321537971497 ], [ 781554.496737905777991, 9983226.995249869301915 ], [ 781566.987298107822426, 9983250.0 ], [ 781580.664716027327813, 9983272.319517508149147 ], [ 781595.491502812481485, 9983293.892626145854592 ], [ 781611.427019271533936, 9983314.660195525735617 ], [ 781628.427587261307053, 9983334.565303178504109 ], [ 781646.446609406732023, 9983353.5533905941993 ], [ 781665.434696820564568, 9983371.572412738576531 ], [ 781685.339804475079291, 9983388.572980728000402 ], [ 781706.107373853796162, 9983404.508497187867761 ], [ 781727.68048249243293, 9983419.335283972322941 ], [ 781750.0, 9983433.012701891362667 ], [ 781773.004750130232424, 9983445.503262093290687 ], [ 781796.631678462144919, 9983456.772728821262717 ], [ 781820.816025227308273, 9983466.79021324776113 ], [ 781845.491502812481485, 9983475.528258146718144 ], [ 781870.590477448771708, 9983482.962913144379854 ], [ 781896.044154591159895, 9983489.07380036637187 ], [ 781921.782767479890026, 9983493.844170298427343 ], [ 781947.735768366139382, 9983497.260947683826089 ], [ 781973.832021878566593, 9983499.314767377451062 ], [ 782000.0, 9983500.0 ], [ 782026.167978121433407, 9983499.314767377451062 ], [ 782052.264231633860618, 9983497.260947683826089 ], [ 782078.217232520109974, 9983493.844170298427343 ], [ 782103.955845408840105, 9983489.07380036637187 ], [ 782129.409522551228292, 9983482.962913144379854 ], [ 782154.508497187518515, 9983475.528258146718144 ], [ 782179.183974772691727, 9983466.79021324776113 ], [ 782203.368321537855081, 9983456.772728821262717 ], [ 782226.995249869767576, 9983445.503262093290687 ], [ 782250.0, 9983433.012701891362667 ], [ 782272.31951750756707, 9983419.335283972322941 ], [ 782293.892626146203838, 9983404.508497187867761 ], [ 782314.660195524920709, 9983388.572980728000402 ], [ 782334.565303179435432, 9983371.572412738576531 ], [ 782353.553390593267977, 9983353.5533905941993 ], [ 782371.572412738692947, 9983334.565303178504109 ], [ 782388.572980728466064, 9983314.660195525735617 ], [ 782404.508497187518515, 9983293.892626145854592 ], [ 782419.335283972672187, 9983272.319517508149147 ], [ 782433.012701892177574, 9983250.0 ], [ 782445.503262094222009, 9983226.995249869301915 ], [ 782456.772728821262717, 9983203.368321537971497 ], [ 782466.790213248576038, 9983179.183974772691727 ], [ 782475.528258147533052, 9983154.508497187867761 ], [ 782482.96291314449627, 9983129.4095225520432 ], [ 782489.073800366953947, 9983103.955845408141613 ], [ 782493.844170297612436, 9983078.217232519760728 ], [ 782497.260947684175335, 9983052.264231633394957 ], [ 782499.314767377334647, 9983026.167978120967746 ], [ 782500.0, 9983000.0 ] ] ] } },
{ "type": "Feature", "properties": { "easting": 782000.0, "northing": 9984000.0, "id": "grid_E782000_N9984000", "retained": true }, "geometry": { "type": "Polygon", "coordinates": [ [ [ 782500.0, 9984000.0 ], [ 782499.314767377334647, 9983973.832021879032254 ], [ 782497.260947684175335, 9983947.735768366605043 ], [ 782493.844170297612436, 9983921.782767480239272 ], [ 782489.073800366953947, 9983896.044154591858387 ], [ 782482.96291314449627, 9983870.5904774479568 ], [ 782475.528258147533052, 9983845.491502812132239 ], [ 782466.790213248576038, 9983820.816025227308273 ], [ 782456.772728821262717, 9983796.631678462028503 ], [ 782445.503262094222009, 9983773.004750130698085 ], [ 782433.012701892177574, 9983750.0 ], [ 782419.335283972672187, 9983727.680482491850853 ], [ 782404.508497187518515, 9983706.107373854145408 ], [ 782388.572980728466064, 9983685.339804474264383 ], [ 782371.572412738692947, 9983665.434696821495891 ], [ 782353.553390593267977, 9983646.4466094058007 ], [ 782334.565303179435432, 9983628.427587261423469 ], [ 782314.660195524920709, 9983611.427019271999598 ], [ 782293.892626146203838, 9983595.491502812132239 ], [ 782272.31951750756707, 9983580.664716027677059 ], [ 782250.0, 9983566.987298108637333 ], [ 782226.995249869767576, 9983554.496737906709313 ], [ 782203.368321537855081, 9983543.227271178737283 ], [ 782179.183974772691727, 9983533.20978675223887 ], [ 782154.508497187518515, 9983524.471741853281856 ], [ 782129.409522551228292, 9983517.037086855620146 ], [ 782103.955845408840105, 9983510.92619963362813 ], [ 782078.217232520109974, 9983506.155829701572657 ], [ 782052.264231633860618, 9983502.739052316173911 ], [ 782026.167978121433407, 9983500.685232622548938 ], [ 782000.0, 9983500.0 ], [ 781973.832021878566593, 9983500.685232622548938 ], [ 781947.735768366139382, 9983502.739052316173911 ], [ 781921.782767479890026, 9983506.155829701572657 ], [ 781896.044154591159895, 9983510.92619963362813 ], [ 781870.590477448771708, 9983517.037086855620146 ], [ 781845.491502812481485, 9983524.471741853281856 ], [ 781820.816025227308273, 9983533.20978675223887 ], [ 781796.631678462144919, 9983543.227271178737283 ], [ 781773.004750130232424, 9983554.496737906709313 ], [ 781750.0, 9983566.987298108637333 ], [ 781727.68048249243293, 9983580.664716027677059 ], [ 781706.107373853796162, 9983595.491502812132239 ], [ 781685.339804475079291, 9983611.427019271999598 ], [ 781665.434696820564568, 9983628.427587261423469 ], [ 781646.446609406732023, 9983646.4466094058007 ], [ 781628.427587261307053, 9983665.434696821495891 ], [ 781611.427019271533936, 9983685.339804474264383 ], [ 781595.491502812481485, 9983706.107373854145408 ], [ 781580.664716027327813, 9983727.680482491850853 ], [ 781566.987298107822426, 9983750.0 ], [ 781554.496737905777991, 9983773.004750130698085 ], [ 781543.227271178737283, 9983796.631678462028503 ], [ 781533.209786751423962, 9983820.816025227308273 ], [ 781524.471741852466948, 9983845.491502812132239 ], [ 781517.03708685550373, 9983870.5904774479568 ], [ 781510.926199633046053, 9983896.044154591858387 ], [ 781506.155829702387564, 9983921.782767480239272 ], [ 781502.739052315824665, 9983947.735768366605043 ], [ 781500.685232622665353, 9983973.832021879032254 ], [ 781500.0, 9984000.0 ], [ 781500.685232622665353, 9984026.167978120967746 ], [ 781502.739052315824665, 9984052.264231633394957 ], [ 781506.155829702387564, 9984078.217232519760728 ], [ 781510.926199633046053, 9984103.955845408141613 ], [ 781517.03708685550373, 9984129.4095225520432 ], [ 781524.471741852466948, 9984154.508497187867761 ], [ 781533.209786751423962, 9984179.183974772691727 ], [ 781543.227271178737283, 9984203.368321537971497 ], [ 781554.496737905777991, 9984226.995249869301915 ], [ 781566.987298107822426, 9984250.0 ], [ 781580.664716027327813, 9984272.319517508149147 ], [ 781595.491502812481485, 9984293.892626145854592 ], [ 781611.427019271533936, 9984314.660195525735617 ], [ 781628.427587261307053, 9984334.565303178504109 ], [ 781646.446609406732023, 9984353.5533905941993 ], [ 781665.434696820564568, 9984371.572412738576531 ], [ 781685.339804475079291, 9984388.572980728000402 ], [ 781706.107373853796162, 9984404.508497187867761 ], [ 781727.68048249243293, 9984419.335283972322941 ], [ 781750.0, 9984433.012701891362667 ], [ 781773.004750130232424, 9984445.503262093290687 ], [ 781796.631678462144919, 9984456.772728821262717 ], [ 781820.816025227308273, 9984466.79021324776113 ], [ 781845.491502812481485, 9984475.528258146718144 ], [ 781870.590477448771708, 9984482.962913144379854 ], [ 781896.044154591159895, 9984489.07380036637187 ], [ 781921.782767479890026, 9984493.844170298427343 ], [ 781947.735768366139382, 9984497.260947683826089 ], [ 781973.832021878566593, 9984499.314767377451062 ], [ 782000.0, 9984500.0 ], [ 782026.167978121433407, 9984499.314767377451062 ], [ 782052.264231633860618, 9984497.260947683826089 ], [ 782078.217232520109974, 9984493.844170298427343 ], [ 782103.955845408840105, 9984489.07380036637187 ], [ 782129.409522551228292, 9984482.962913144379854 ], [ 782154.508497187518515, 9984475.528258146718144 ], [ 782179.183974772691727, 9984466.79021324776113 ], [ 782203.368321537855081, 9984456.772728821262717 ], [ 782226.995249869767576, 9984445.503262093290687 ], [ 782250.0, 9984433.012701891362667 ], [ 782272.31951750756707, 9984419.335283972322941 ], [ 782293.892626146203838, 9984404.508497187867761 ], [ 782314.660195524920709, 9984388.572980728000402 ], [ 782334.565303179435432, 9984371.572412738576531 ], [ 782353.553390593267977, 9984353.5533905941993 ], [ 782371.572412738692947, 9984334.565303178504109 ], [ 782388.572980728466064, 9984314.660195525735617 ], [ 782404.508497187518515, 9984293.892626145854592 ], [ 782419.335283972672187, 9984272.319517508149147 ], [ 782433.012701892177574, 9984250.0 ], [ 782445.503262094222009, 9984226.995249869301915 ], [ 782456.772728821262717, 9984203.368321537971497 ], [ 782466.790213248576038, 9984179.183974772691727 ], [ 782475.528258147533052, 9984154.508497187867761 ], [ 782482.96291314449627, 9984129.4095225520432 ], [ 782489.073800366953947, 9984103.955845408141613 ], [ 782493.844170297612436, 9984078.217232519760728 ], [ 782497.260947684175335, 9984052.264231633394957 ], [ 782499.314767377334647, 9984026.167978120967746 ], [ 782500.0, 9984000.0 ] ] ] } },
{ "type": "Feature", "properties": { "easting": 782000.0, "northing": 9985000.0, "id": "grid_E782000_N9985000", "retained": true }, "geometry": { "type": "Polygon", "coordinates": [ [ [ 782500.0, 9985000.0 ], [ 782499.314767377334647, 9984973.832021879032254 ], [ 782497.260947684175335, 9984947.735768366605043 ], [ 782493.844170297612436, 9984921.782767480239272 ], [ 782489.073800366953947, 9984896.044154591858387 ], [ 782482.96291314449627, 9984870.5904774479568 ], [ 782475.528258147533052, 9984845.491502812132239 ], [ 782466.790213248576038, 9984820.816025227308273 ], [ 782456.772728821262717, 9984796.631678462028503 ], [ 782445.503262094222009, 9984773.004750130698085 ], [ 782433.012701892177574, 9984750.0 ], [ 782419.335283972672187, 9984727.680482491850853 ], [ 782404.508497187518515, 9984706.107373854145408 ], [ 782388.572980728466064, 9984685.339804474264383 ], [ 782371.572412738692947, 9984665.434696821495891 ], [ 782353.553390593267977, 9984646.4466094058007 ], [ 782334.565303179435432, 9984628.427587261423469 ], [ 782314.660195524920709, 9984611.427019271999598 ], [ 782293.892626146203838, 9984595.491502812132239 ], [ 782272.31951750756707, 9984580.664716027677059 ], [ 782250.0, 9984566.987298108637333 ], [ 782226.995249869767576, 9984554.496737906709313 ], [ 782203.368321537855081, 9984543.227271178737283 ], [ 782179.183974772691727, 9984533.20978675223887 ], [ 782154.508497187518515, 9984524.471741853281856 ], [ 782129.409522551228292, 9984517.037086855620146 ], [ 782103.955845408840105, 9984510.92619963362813 ], [ 782078.217232520109974, 9984506.155829701572657 ], [ 782052.264231633860618, 9984502.739052316173911 ], [ 782026.167978121433407, 9984500.685232622548938 ], [ 782000.0, 9984500.0 ], [ 781973.832021878566593, 9984500.685232622548938 ], [ 781947.735768366139382, 9984502.739052316173911 ], [ 781921.782767479890026, 9984506.155829701572657 ], [ 781896.044154591159895, 9984510.92619963362813 ], [ 781870.590477448771708, 9984517.037086855620146 ], [ 781845.491502812481485, 9984524.471741853281856 ], [ 781820.816025227308273, 9984533.20978675223887 ], [ 781796.631678462144919, 9984543.227271178737283 ], [ 781773.004750130232424, 9984554.496737906709313 ], [ 781750.0, 9984566.987298108637333 ], [ 781727.68048249243293, 9984580.664716027677059 ], [ 781706.107373853796162, 9984595.491502812132239 ], [ 781685.339804475079291, 9984611.427019271999598 ], [ 781665.434696820564568, 9984628.427587261423469 ], [ 781646.446609406732023, 9984646.4466094058007 ], [ 781628.427587261307053, 9984665.434696821495891 ], [ 781611.427019271533936, 9984685.339804474264383 ], [ 781595.491502812481485, 9984706.107373854145408 ], [ 781580.664716027327813, 9984727.680482491850853 ], [ 781566.987298107822426, 9984750.0 ], [ 781554.496737905777991, 9984773.004750130698085 ], [ 781543.227271178737283, 9984796.631678462028503 ], [ 781533.209786751423962, 9984820.816025227308273 ], [ 781524.471741852466948, 9984845.491502812132239 ], [ 781517.03708685550373, 9984870.5904774479568 ], [ 781510.926199633046053, 9984896.044154591858387 ], [ 781506.155829702387564, 9984921.782767480239272 ], [ 781502.739052315824665, 9984947.735768366605043 ], [ 781500.685232622665353, 9984973.832021879032254 ], [ 781500.0, 9985000.0 ], [ 781500.685232622665353, 9985026.167978120967746 ], [ 781502.739052315824665, 9985052.264231633394957 ], [ 781506.155829702387564, 9985078.217232519760728 ], [ 781510.926199633046053, 9985103.955845408141613 ], [ 781517.03708685550373, 9985129.4095225520432 ], [ 781524.471741852466948, 9985154.508497187867761 ], [ 781533.209786751423962, 9985179.183974772691727 ], [ 781543.227271178737283, 9985203.368321537971497 ], [ 781554.496737905777991, 9985226.995249869301915 ], [ 781566.987298107822426, 9985250.0 ], [ 781580.664716027327813, 9985272.319517508149147 ], [ 781595.491502812481485, 9985293.892626145854592 ], [ 781611.427019271533936, 9985314.660195525735617 ], [ 781628.427587261307053, 9985334.565303178504109 ], [ 781646.446609406732023, 9985353.5533905941993 ], [ 781665.434696820564568, 9985371.572412738576531 ], [ 781685.339804475079291, 9985388.572980728000402 ], [ 781706.107373853796162, 9985404.508497187867761 ], [ 781727.68048249243293, 9985419.335283972322941 ], [ 781750.0, 9985433.012701891362667 ], [ 781773.004750130232424, 9985445.503262093290687 ], [ 781796.631678462144919, 9985456.772728821262717 ], [ 781820.816025227308273, 9985466.79021324776113 ], [ 781845.491502812481485, 9985475.528258146718144 ], [ 781870.590477448771708, 9985482.962913144379854 ], [ 781896.044154591159895, 9985489.07380036637187 ], [ 781921.782767479890026, 9985493.844170298427343 ], [ 781947.735768366139382, 9985497.260947683826089 ], [ 781973.832021878566593, 9985499.314767377451062 ], [ 782000.0, 9985500.0 ], [ 782026.167978121433407, 9985499.314767377451062 ], [ 782052.264231633860618, 9985497.260947683826089 ], [ 782078.217232520109974, 9985493.844170298427343 ], [ 782103.955845408840105, 9985489.07380036637187 ], [ 782129.409522551228292, 9985482.962913144379854 ], [ 782154.508497187518515, 9985475.528258146718144 ], [ 782179.183974772691727, 9985466.79021324776113 ], [ 782203.368321537855081, 9985456.772728821262717 ], [ 782226.995249869767576, 9985445.503262093290687 ], [ 782250.0, 9985433.012701891362667 ], [ 782272.31951750756707, 9985419.335283972322941 ], [ 782293.892626146203838, 9985404.508497187867761 ], [ 782314.660195524920709, 9985388.572980728000402 ], [ 782334.565303179435432, 9985371.572412738576531 ], [ 782353.553390593267977, 9985353.5533905941993 ], [ 782371.572412738692947, 9985334.565303178504109 ], [ 782388.572980728466064, 9985314.660195525735617 ], [ 782404.508497187518515, 9985293.892626145854592 ], [ 782419.335283972672187, 9985272.319517508149147 ], [ 782433.012701892177574, 9985250.0 ], [ 782445.503262094222009, 9985226.995249869301915 ], [ 782456.772728821262717, 9985203.368321537971497 ], [ 782466.790213248576038, 9985179.183974772691727 ], [ 782475.528258147533052, 9985154.508497187867761 ], [ 782482.96291314449627, 9985129.4095225520432 ], [ 782489.073800366953947, 9985103.955845408141613 ], [ 782493.844170297612436, 9985078.217232519760728 ], [ 782497.260947684175335, 9985052.264231633394957 ], [ 782499.314767377334647, 9985026.167978120967746 ], [ 782500.0, 9985000.0 ] ] ] } },
{ "type": "Feature", "properties": { "easting": 782000.0, "northing": 9986000.0, "id": "grid_E782000_N9986000", "retained": true }, "geometry": { "type": "Polygon", "coordinates": [ [ [ 782500.0, 9986000.0 ], [ 782499.314767377334647, 9985973.832021879032254 ], [ 782497.260947684175335, 9985947.735768366605043 ], [ 782493.844170297612436, 9985921.782767480239272 ], [ 782489.073800366953947, 9985896.044154591858387 ], [ 782482.96291314449627, 9985870.5904774479568 ], [ 782475.528258147533052, 9985845.491502812132239 ], [ 782466.790213248576038, 9985820.816025227308273 ], [ 782456.772728821262717, 9985796.631678462028503 ], [ 782445.503262094222009, 9985773.004750130698085 ], [ 782433.012701892177574, 9985750.0 ], [ 782419.335283972672187, 9985727.680482491850853 ], [ 782404.508497187518515, 9985706.107373854145408 ], [ 782388.572980728466064, 9985685.339804474264383 ], [ 782371.572412738692947, 9985665.434696821495891 ], [ 782353.553390593267977, 9985646.4466094058007 ], [ 782334.565303179435432, 9985628.427587261423469 ], [ 782314.660195524920709, 9985611.427019271999598 ], [ 782293.892626146203838, 9985595.491502812132239 ], [ 782272.31951750756707, 9985580.664716027677059 ], [ 782250.0, 9985566.987298108637333 ], [ 782226.995249869767576, 9985554.496737906709313 ], [ 782203.368321537855081, 9985543.227271178737283 ], [ 782179.183974772691727, 9985533.20978675223887 ], [ 782154.508497187518515, 9985524.471741853281856 ], [ 782129.409522551228292, 9985517.037086855620146 ], [ 782103.955845408840105, 9985510.92619963362813 ], [ 782078.217232520109974, 9985506.155829701572657 ], [ 782052.264231633860618, 9985502.739052316173911 ], [ 782026.167978121433407, 9985500.685232622548938 ], [ 782000.0, 9985500.0 ], [ 781973.832021878566593, 9985500.685232622548938 ], [ 781947.735768366139382, 9985502.739052316173911 ], [ 781921.782767479890026, 9985506.155829701572657 ], [ 781896.044154591159895, 9985510.92619963362813 ], [ 781870.590477448771708, 9985517.037086855620146 ], [ 781845.491502812481485, 9985524.471741853281856 ], [ 781820.816025227308273, 9985533.20978675223887 ], [ 781796.631678462144919, 9985543.227271178737283 ], [ 781773.004750130232424, 9985554.496737906709313 ], [ 781750.0, 9985566.987298108637333 ], [ 781727.68048249243293, 9985580.664716027677059 ], [ 781706.107373853796162, 9985595.491502812132239 ], [ 781685.339804475079291, 9985611.427019271999598 ], [ 781665.434696820564568, 9985628.427587261423469 ], [ 781646.446609406732023, 9985646.4466094058007 ], [ 781628.427587261307053, 9985665.434696821495891 ], [ 781611.427019271533936, 9985685.339804474264383 ], [ 781595.491502812481485, 9985706.107373854145408 ], [ 781580.664716027327813, 9985727.680482491850853 ], [ 781566.987298107822426, 9985750.0 ], [ 781554.496737905777991, 9985773.004750130698085 ], [ 781543.227271178737283, 9985796.631678462028503 ], [ 781533.209786751423962, 9985820.816025227308273 ], [ 781524.471741852466948, 9985845.491502812132239 ], [ 781517.03708685550373, 9985870.5904774479568 ], [ 781510.926199633046053, 9985896.044154591858387 ], [ 781506.155829702387564, 9985921.782767480239272 ], [ 781502.739052315824665, 9985947.735768366605043 ], [ 781500.685232622665353, 9985973.832021879032254 ], [ 781500.0, 9986000.0 ], [ 781500.685232622665353, 9986026.167978120967746 ], [ 781502.739052315824665, 9986052.264231633394957 ], [ 781506.155829702387564, 9986078.217232519760728 ], [ 781510.926199633046053, 9986103.955845408141613 ], [ 781517.03708685550373, 9986129.4095225520432 ], [ 781524.471741852466948, 9986154.508497187867761 ], [ 781533.209786751423962, 9986179.183974772691727 ], [ 781543.227271178737283, 9986203.368321537971497 ], [ 781554.496737905777991, 9986226.995249869301915 ], [ 781566.987298107822426, 9986250.0 ], [ 781580.664716027327813, 9986272.319517508149147 ], [ 781595.491502812481485, 9986293.892626145854592 ], [ 781611.427019271533936, 9986314.660195525735617 ], [ 781628.427587261307053, 9986334.565303178504109 ], [ 781646.446609406732023, 9986353.5533905941993 ], [ 781665.434696820564568, 9986371.572412738576531 ], [ 781685.339804475079291, 9986388.572980728000402 ], [ 781706.107373853796162, 9986404.508497187867761 ], [ 781727.68048249243293, 9986419.335283972322941 ], [ 781750.0, 9986433.012701891362667 ], [ 781773.004750130232424, 9986445.503262093290687 ], [ 781796.631678462144919, 9986456.772728821262717 ], [ 781820.816025227308273, 9986466.79021324776113 ], [ 781845.491502812481485, 9986475.528258146718144 ], [ 781870.590477448771708, 9986482.962913144379854 ], [ 781896.044154591159895, 9986489.07380036637187 ], [ 781921.782767479890026, 9986493.844170298427343 ], [ 781947.735768366139382, 9986497.260947683826089 ], [ 781973.832021878566593, 9986499.314767377451062 ], [ 782000.0, 9986500.0 ], [ 782026.167978121433407, 9986499.314767377451062 ], [ 782052.264231633860618, 9986497.260947683826089 ], [ 782078.217232520109974, 9986493.844170298427343 ], [ 782103.955845408840105, 9986489.07380036637187 ], [ 782129.409522551228292, 9986482.962913144379854 ], [ 782154.508497187518515, 9986475.528258146718144 ], [ 782179.183974772691727, 9986466.79021324776113 ], [ 782203.368321537855081, 9986456.772728821262717 ], [ 782226.995249869767576, 9986445.503262093290687 ], [ 782250.0, 9986433.012701891362667 ], [ 782272.31951750756707, 9986419.335283972322941 ], [ 782293.892626146203838, 9986404.508497187867761 ], [ 782314.660195524920709, 9986388.572980728000402 ], [ 782334.565303179435432, 9986371.572412738576531 ], [ 782353.553390593267977, 9986353.5533905941993 ], [ 782371.572412738692947, 9986334.565303178504109 ], [ 782388.572980728466064, 9986314.660195525735617 ], [ 782404.508497187518515, 9986293.892626145854592 ], [ 782419.335283972672187, 9986272.319517508149147 ], [ 782433.012701892177574, 9986250.0 ], [ 782445.503262094222009, 9986226.995249869301915 ], [ 782456.772728821262717, 9986203.368321537971497 ], [ 782466.790213248576038, 9986179.183974772691727 ], [ 782475.528258147533052, 9986154.508497187867761 ], [ 782482.96291314449627, 9986129.4095225520432 ], [ 782489.073800366953947, 9986103.955845408141613 ], [ 782493.844170297612436, 9986078.217232519760728 ], [ 782497.260947684175335, 9986052.264231633394957 ], [ 782499.314767377334647, 9986026.167978120967746 ], [ 782500.0, 9986000.0 ] ] ] } },
{ "type": "Feature", "properties": { "easting": 782000.0, "northing": 9987000.0, "id": "grid_E782000_N9987000", "retained": true }, "geometry": { "type": "Polygon", "coordinates": [ [ [ 782500.0, 9987000.0 ], [ 782499.314767377334647, 9986973.832021879032254 ], [ 782497.260947684175335, 9986947.735768366605043 ], [ 782493.844170297612436, 9986921.782767480239272 ], [ 782489.073800366953947, 9986896.044154591858387 ], [ 782482.96291314449627, 9986870.5904774479568 ], [ 782475.528258147533052, 9986845.491502812132239 ], [ 782466.790213248576038, 9986820.816025227308273 ], [ 782456.772728821262717, 9986796.631678462028503 ], [ 782445.503262094222009, 9986773.004750130698085 ], [ 782433.012701892177574, 9986750.0 ], [ 782419.335283972672187, 9986727.680482491850853 ], [ 782404.508497187518515, 9986706.107373854145408 ], [ 782388.572980728466064, 9986685.339804474264383 ], [ 782371.572412738692947, 9986665.434696821495891 ], [ 782353.553390593267977, 9986646.4466094058007 ], [ 782334.565303179435432, 9986628.427587261423469 ], [ 782314.660195524920709, 9986611.427019271999598 ], [ 782293.892626146203838, 9986595.491502812132239 ], [ 782272.31951750756707, 9986580.664716027677059 ], [ 782250.0, 9986566.987298108637333 ], [ 782226.995249869767576, 9986554.496737906709313 ], [ 782203.368321537855081, 9986543.227271178737283 ], [ 782179.183974772691727, 9986533.20978675223887 ], [ 782154.508497187518515, 9986524.471741853281856 ], [ 782129.409522551228292, 9986517.037086855620146 ], [ 782103.955845408840105, 9986510.92619963362813 ], [ 782078.217232520109974, 9986506.155829701572657 ], [ 782052.264231633860618, 9986502.739052316173911 ], [ 782026.167978121433407, 9986500.685232622548938 ], [ 782000.0, 9986500.0 ], [ 781973.832021878566593, 9986500.685232622548938 ], [ 781947.735768366139382, 9986502.739052316173911 ], [ 781921.782767479890026, 9986506.155829701572657 ], [ 781896.044154591159895, 9986510.92619963362813 ], [ 781870.590477448771708, 9986517.037086855620146 ], [ 781845.491502812481485, 9986524.471741853281856 ], [ 781820.816025227308273, 9986533.20978675223887 ], [ 781796.631678462144919, 9986543.227271178737283 ], [ 781773.004750130232424, 9986554.496737906709313 ], [ 781750.0, 9986566.987298108637333 ], [ 781727.68048249243293, 9986580.664716027677059 ], [ 781706.107373853796162, 9986595.491502812132239 ], [ 781685.339804475079291, 9986611.427019271999598 ], [ 781665.434696820564568, 9986628.427587261423469 ], [ 781646.446609406732023, 9986646.4466094058007 ], [ 781628.427587261307053, 9986665.434696821495891 ], [ 781611.427019271533936, 9986685.339804474264383 ], [ 781595.491502812481485, 9986706.107373854145408 ], [ 781580.664716027327813, 9986727.680482491850853 ], [ 781566.987298107822426, 9986750.0 ], [ 781554.496737905777991, 9986773.004750130698085 ], [ 781543.227271178737283, 9986796.631678462028503 ], [ 781533.209786751423962, 9986820.816025227308273 ], [ 781524.471741852466948, 9986845.491502812132239 ], [ 781517.03708685550373, 9986870.5904774479568 ], [ 781510.926199633046053, 9986896.044154591858387 ], [ 781506.155829702387564, 9986921.782767480239272 ], [ 781502.739052315824665, 9986947.735768366605043 ], [ 781500.685232622665353, 9986973.832021879032254 ], [ 781500.0, 9987000.0 ], [ 781500.685232622665353, 9987026.167978120967746 ], [ 781502.739052315824665, 9987052.264231633394957 ], [ 781506.155829702387564, 9987078.217232519760728 ], [ 781510.926199633046053, 9987103.955845408141613 ], [ 781517.03708685550373, 9987129.4095225520432 ], [ 781524.471741852466948, 9987154.508497187867761 ], [ 781533.209786751423962, 9987179.183974772691727 ], [ 781543.227271178737283, 9987203.368321537971497 ], [ 781554.496737905777991, 9987226.995249869301915 ], [ 781566.987298107822426, 9987250.0 ], [ 781580.664716027327813, 9987272.319517508149147 ], [ 781595.491502812481485, 9987293.892626145854592 ], [ 781611.427019271533936, 9987314.660195525735617 ], [ 781628.427587261307053, 9987334.565303178504109 ], [ 781646.446609406732023, 9987353.5533905941993 ], [ 781665.434696820564568, 9987371.572412738576531 ], [ 781685.339804475079291, 9987388.572980728000402 ], [ 781706.107373853796162, 9987404.508497187867761 ], [ 781727.68048249243293, 9987419.335283972322941 ], [ 781750.0, 9987433.012701891362667 ], [ 781773.004750130232424, 9987445.503262093290687 ], [ 781796.631678462144919, 9987456.772728821262717 ], [ 781820.816025227308273, 9987466.79021324776113 ], [ 781845.491502812481485, 9987475.528258146718144 ], [ 781870.590477448771708, 9987482.962913144379854 ], [ 781896.044154591159895, 9987489.07380036637187 ], [ 781921.782767479890026, 9987493.844170298427343 ], [ 781947.735768366139382, 9987497.260947683826089 ], [ 781973.832021878566593, 9987499.314767377451062 ], [ 782000.0, 9987500.0 ], [ 782026.167978121433407, 9987499.314767377451062 ], [ 782052.264231633860618, 9987497.260947683826089 ], [ 782078.217232520109974, 9987493.844170298427343 ], [ 782103.955845408840105, 9987489.07380036637187 ], [ 782129.409522551228292, 9987482.962913144379854 ], [ 782154.508497187518515, 9987475.528258146718144 ], [ 782179.183974772691727, 9987466.79021324776113 ], [ 782203.368321537855081, 9987456.772728821262717 ], [ 782226.995249869767576, 9987445.503262093290687 ], [ 782250.0, 9987433.012701891362667 ], [ 782272.31951750756707, 9987419.335283972322941 ], [ 782293.892626146203838, 9987404.508497187867761 ], [ 782314.660195524920709, 9987388.572980728000402 ], [ 782334.565303179435432, 9987371.572412738576531 ], [ 782353.553390593267977, 9987353.5533905941993 ], [ 782371.572412738692947, 9987334.565303178504109 ], [ 782388.572980728466064, 9987314.660195525735617 ], [ 782404.508497187518515, 9987293.892626145854592 ], [ 782419.335283972672187, 9987272.319517508149147 ], [ 782433.012701892177574, 9987250.0 ], [ 782445.503262094222009, 9987226.995249869301915 ], [ 782456.772728821262717, 9987203.368321537971497 ], [ 782466.790213248576038, 9987179.183974772691727 ], [ 782475.528258147533052, 9987154.508497187867761 ], [ 782482.96291314449627, 9987129.4095225520432 ], [ 782489.073800366953947, 9987103.955845408141613 ], [ 782493.844170297612436, 9987078.217232519760728 ], [ 782497.260947684175335, 9987052.264231633394957 ], [ 782499.314767377334647, 9987026.167978120967746 ], [ 782500.0, 9987000.0 ] ] ] } },
{ "type": "Feature", "properties": { "easting": 782000.0, "northing": 9989000.0, "id": "grid_E782000_N9989000", "retained": true }, "geometry": { "type": "Polygon", "coordinates": [ [ [ 782500.0, 9989000.0 ], [ 782499.314767377334647, 9988973.832021879032254 ], [ 782497.260947684175335, 9988947.735768366605043 ], [ 782493.844170297612436, 9988921.782767480239272 ], [ 782489.073800366953947, 9988896.044154591858387 ], [ 782482.96291314449627, 9988870.5904774479568 ], [ 782475.528258147533052, 9988845.491502812132239 ], [ 782466.790213248576038, 9988820.816025227308273 ], [ 782456.772728821262717, 9988796.631678462028503 ], [ 782445.503262094222009, 9988773.004750130698085 ], [ 782433.012701892177574, 9988750.0 ], [ 782419.335283972672187, 9988727.680482491850853 ], [ 782404.508497187518515, 9988706.107373854145408 ], [ 782388.572980728466064, 9988685.339804474264383 ], [ 782371.572412738692947, 9988665.434696821495891 ], [ 782353.553390593267977, 9988646.4466094058007 ], [ 782334.565303179435432, 9988628.427587261423469 ], [ 782314.660195524920709, 9988611.427019271999598 ], [ 782293.892626146203838, 9988595.491502812132239 ], [ 782272.31951750756707, 9988580.664716027677059 ], [ 782250.0, 9988566.987298108637333 ], [ 782226.995249869767576, 9988554.496737906709313 ], [ 782203.368321537855081, 9988543.227271178737283 ], [ 782179.183974772691727, 9988533.20978675223887 ], [ 782154.508497187518515, 9988524.471741853281856 ], [ 782129.409522551228292, 9988517.037086855620146 ], [ 782103.955845408840105, 9988510.92619963362813 ], [ 782078.217232520109974, 9988506.155829701572657 ], [ 782052.264231633860618, 9988502.739052316173911 ], [ 782026.167978121433407, 9988500.685232622548938 ], [ 782000.0, 9988500.0 ], [ 781973.832021878566593, 9988500.685232622548938 ], [ 781947.735768366139382, 9988502.739052316173911 ], [ 781921.782767479890026, 9988506.155829701572657 ], [ 781896.044154591159895, 9988510.92619963362813 ], [ 781870.590477448771708, 9988517.037086855620146 ], [ 781845.491502812481485, 9988524.471741853281856 ], [ 781820.816025227308273, 9988533.20978675223887 ], [ 781796.631678462144919, 9988543.227271178737283 ], [ 781773.004750130232424, 9988554.496737906709313 ], [ 781750.0, 9988566.987298108637333 ], [ 781727.68048249243293, 9988580.664716027677059 ], [ 781706.107373853796162, 9988595.491502812132239 ], [ 781685.339804475079291, 9988611.427019271999598 ], [ 781665.434696820564568, 9988628.427587261423469 ], [ 781646.446609406732023, 9988646.4466094058007 ], [ 781628.427587261307053, 9988665.434696821495891 ], [ 781611.427019271533936, 9988685.339804474264383 ], [ 781595.491502812481485, 9988706.107373854145408 ], [ 781580.664716027327813, 9988727.680482491850853 ], [ 781566.987298107822426, 9988750.0 ], [ 781554.496737905777991, 9988773.004750130698085 ], [ 781543.227271178737283, 9988796.631678462028503 ], [ 781533.209786751423962, 9988820.816025227308273 ], [ 781524.471741852466948, 9988845.491502812132239 ], [ 781517.03708685550373, 9988870.5904774479568 ], [ 781510.926199633046053, 9988896.044154591858387 ], [ 781506.155829702387564, 9988921.782767480239272 ], [ 781502.739052315824665, 9988947.735768366605043 ], [ 781500.685232622665353, 9988973.832021879032254 ], [ 781500.0, 9989000.0 ], [ 781500.685232622665353, 9989026.167978120967746 ], [ 781502.739052315824665, 9989052.264231633394957 ], [ 781506.155829702387564, 9989078.217232519760728 ], [ 781510.926199633046053, 9989103.955845408141613 ], [ 781517.03708685550373, 9989129.4095225520432 ], [ 781524.471741852466948, 9989154.508497187867761 ], [ 781533.209786751423962, 9989179.183974772691727 ], [ 781543.227271178737283, 9989203.368321537971497 ], [ 781554.496737905777991, 9989226.995249869301915 ], [ 781566.987298107822426, 9989250.0 ], [ 781580.664716027327813, 9989272.319517508149147 ], [ 781595.491502812481485, 9989293.892626145854592 ], [ 781611.427019271533936, 9989314.660195525735617 ], [ 781628.427587261307053, 9989334.565303178504109 ], [ 781646.446609406732023, 9989353.5533905941993 ], [ 781665.434696820564568, 9989371.572412738576531 ], [ 781685.339804475079291, 9989388.572980728000402 ], [ 781706.107373853796162, 9989404.508497187867761 ], [ 781727.68048249243293, 9989419.335283972322941 ], [ 781750.0, 9989433.012701891362667 ], [ 781773.004750130232424, 9989445.503262093290687 ], [ 781796.631678462144919, 9989456.772728821262717 ], [ 781820.816025227308273, 9989466.79021324776113 ], [ 781845.491502812481485, 9989475.528258146718144 ], [ 781870.590477448771708, 9989482.962913144379854 ], [ 781896.044154591159895, 9989489.07380036637187 ], [ 781921.782767479890026, 9989493.844170298427343 ], [ 781947.735768366139382, 9989497.260947683826089 ], [ 781973.832021878566593, 9989499.314767377451062 ], [ 782000.0, 9989500.0 ], [ 782026.167978121433407, 9989499.314767377451062 ], [ 782052.264231633860618, 9989497.260947683826089 ], [ 782078.217232520109974, 9989493.844170298427343 ], [ 782103.955845408840105, 9989489.07380036637187 ], [ 782129.409522551228292, 9989482.962913144379854 ], [ 782154.508497187518515, 9989475.528258146718144 ], [ 782179.183974772691727, 9989466.79021324776113 ], [ 782203.368321537855081, 9989456.772728821262717 ], [ 782226.995249869767576, 9989445.503262093290687 ], [ 782250.0, 9989433.012701891362667 ], [ 782272.31951750756707, 9989419.335283972322941 ], [ 782293.892626146203838, 9989404.508497187867761 ], [ 782314.660195524920709, 9989388.572980728000402 ], [ 782334.565303179435432, 9989371.572412738576531 ], [ 782353.553390593267977, 9989353.5533905941993 ], [ 782371.572412738692947, 9989334.565303178504109 ], [ 782388.572980728466064, 9989314.660195525735617 ], [ 782404.508497187518515, 9989293.892626145854592 ], [ 782419.335283972672187, 9989272.319517508149147 ], [ 782433.012701892177574, 9989250.0 ], [ 782445.503262094222009, 9989226.995249869301915 ], [ 782456.772728821262717, 9989203.368321537971497 ], [ 782466.790213248576038, 9989179.183974772691727 ], [ 782475.528258147533052, 9989154.508497187867761 ], [ 782482.96291314449627, 9989129.4095225520432 ], [ 782489.073800366953947, 9989103.955845408141613 ], [ 782493.844170297612436, 9989078.217232519760728 ], [ 782497.260947684175335, 9989052.264231633394957 ], [ 782499.314767377334647, 9989026.167978120967746 ], [ 782500.0, 9989000.0 ] ] ] } },
{ "type": "Feature", "properties": { "easting": 782000.0, "northing": 9990000.0, "id": "grid_E782000_N9990000", "retained": true }, "geometry": { "type": "Polygon", "coordinates": [ [ [ 782500.0, 9990000.0 ], [ 782499.314767377334647, 9989973.832021879032254 ], [ 782497.260947684175335, 9989947.735768366605043 ], [ 782493.844170297612436, 9989921.782767480239272 ], [ 782489.073800366953947, 9989896.044154591858387 ], [ 782482.96291314449627, 9989870.5904774479568 ], [ 782475.528258147533052, 9989845.491502812132239 ], [ 782466.790213248576038, 9989820.816025227308273 ], [ 782456.772728821262717, 9989796.631678462028503 ], [ 782445.503262094222009, 9989773.004750130698085 ], [ 782433.012701892177574, 9989750.0 ], [ 782419.335283972672187, 9989727.680482491850853 ], [ 782404.508497187518515, 9989706.107373854145408 ], [ 782388.572980728466064, 9989685.339804474264383 ], [ 782371.572412738692947, 9989665.434696821495891 ], [ 782353.553390593267977, 9989646.4466094058007 ], [ 782334.565303179435432, 9989628.427587261423469 ], [ 782314.660195524920709, 9989611.427019271999598 ], [ 782293.892626146203838, 9989595.491502812132239 ], [ 782272.31951750756707, 9989580.664716027677059 ], [ 782250.0, 9989566.987298108637333 ], [ 782226.995249869767576, 9989554.496737906709313 ], [ 782203.368321537855081, 9989543.227271178737283 ], [ 782179.183974772691727, 9989533.20978675223887 ], [ 782154.508497187518515, 9989524.471741853281856 ], [ 782129.409522551228292, 9989517.037086855620146 ], [ 782103.955845408840105, 9989510.92619963362813 ], [ 782078.217232520109974, 9989506.155829701572657 ], [ 782052.264231633860618, 9989502.739052316173911 ], [ 782026.167978121433407, 9989500.685232622548938 ], [ 782000.0, 9989500.0 ], [ 781973.832021878566593, 9989500.685232622548938 ], [ 781947.735768366139382, 9989502.739052316173911 ], [ 781921.782767479890026, 9989506.155829701572657 ], [ 781896.044154591159895, 9989510.92619963362813 ], [ 781870.590477448771708, 9989517.037086855620146 ], [ 781845.491502812481485, 9989524.471741853281856 ], [ 781820.816025227308273, 9989533.20978675223887 ], [ 781796.631678462144919, 9989543.227271178737283 ], [ 781773.004750130232424, 9989554.496737906709313 ], [ 781750.0, 9989566.987298108637333 ], [ 781727.68048249243293, 9989580.664716027677059 ], [ 781706.107373853796162, 9989595.491502812132239 ], [ 781685.339804475079291, 9989611.427019271999598 ], [ 781665.434696820564568, 9989628.427587261423469 ], [ 781646.446609406732023, 9989646.4466094058007 ], [ 781628.427587261307053, 9989665.434696821495891 ], [ 781611.427019271533936, 9989685.339804474264383 ], [ 781595.491502812481485, 9989706.107373854145408 ], [ 781580.664716027327813, 9989727.680482491850853 ], [ 781566.987298107822426, 9989750.0 ], [ 781554.496737905777991, 9989773.004750130698085 ], [ 781543.227271178737283, 9989796.631678462028503 ], [ 781533.209786751423962, 9989820.816025227308273 ], [ 781524.471741852466948, 9989845.491502812132239 ], [ 781517.03708685550373, 9989870.5904774479568 ], [ 781510.926199633046053, 9989896.044154591858387 ], [ 781506.155829702387564, 9989921.782767480239272 ], [ 781502.739052315824665, 9989947.735768366605043 ], [ 781500.685232622665353, 9989973.832021879032254 ], [ 781500.0, 9990000.0 ], [ 781500.685232622665353, 9990026.167978120967746 ], [ 781502.739052315824665, 9990052.264231633394957 ], [ 781506.155829702387564, 9990078.217232519760728 ], [ 781510.926199633046053, 9990103.955845408141613 ], [ 781517.03708685550373, 9990129.4095225520432 ], [ 781524.471741852466948, 9990154.508497187867761 ], [ 781533.209786751423962, 9990179.183974772691727 ], [ 781543.227271178737283, 9990203.368321537971497 ], [ 781554.496737905777991, 9990226.995249869301915 ], [ 781566.987298107822426, 9990250.0 ], [ 781580.664716027327813, 9990272.319517508149147 ], [ 781595.491502812481485, 9990293.892626145854592 ], [ 781611.427019271533936, 9990314.660195525735617 ], [ 781628.427587261307053, 9990334.565303178504109 ], [ 781646.446609406732023, 9990353.5533905941993 ], [ 781665.434696820564568, 9990371.572412738576531 ], [ 781685.339804475079291, 9990388.572980728000402 ], [ 781706.107373853796162, 9990404.508497187867761 ], [ 781727.68048249243293, 9990419.335283972322941 ], [ 781750.0, 9990433.012701891362667 ], [ 781773.004750130232424, 9990445.503262093290687 ], [ 781796.631678462144919, 9990456.772728821262717 ], [ 781820.816025227308273, 9990466.79021324776113 ], [ 781845.491502812481485, 9990475.528258146718144 ], [ 781870.590477448771708, 9990482.962913144379854 ], [ 781896.044154591159895, 9990489.07380036637187 ], [ 781921.782767479890026, 9990493.844170298427343 ], [ 781947.735768366139382, 9990497.260947683826089 ], [ 781973.832021878566593, 9990499.314767377451062 ], [ 782000.0, 9990500.0 ], [ 782026.167978121433407, 9990499.314767377451062 ], [ 782052.264231633860618, 9990497.260947683826089 ], [ 782078.217232520109974, 9990493.844170298427343 ], [ 782103.955845408840105, 9990489.07380036637187 ], [ 782129.409522551228292, 9990482.962913144379854 ], [ 782154.508497187518515, 9990475.528258146718144 ], [ 782179.183974772691727, 9990466.79021324776113 ], [ 782203.368321537855081, 9990456.772728821262717 ], [ 782226.995249869767576, 9990445.503262093290687 ], [ 782250.0, 9990433.012701891362667 ], [ 782272.31951750756707, 9990419.335283972322941 ], [ 782293.892626146203838, 9990404.508497187867761 ], [ 782314.660195524920709, 9990388.572980728000402 ], [ 782334.565303179435432, 9990371.572412738576531 ], [ 782353.553390593267977, 9990353.5533905941993 ], [ 782371.572412738692947, 9990334.565303178504109 ], [ 782388.572980728466064, 9990314.660195525735617 ], [ 782404.508497187518515, 9990293.892626145854592 ], [ 782419.335283972672187, 9990272.319517508149147 ], [ 782433.012701892177574, 9990250.0 ], [ 782445.503262094222009, 9990226.995249869301915 ], [ 782456.772728821262717, 9990203.368321537971497 ], [ 782466.790213248576038, 9990179.183974772691727 ], [ 782475.528258147533052, 9990154.508497187867761 ], [ 782482.96291314449627, 9990129.4095225520432 ], [ 782489.073800366953947, 9990103.955845408141613 ], [ 782493.844170297612436, 9990078.217232519760728 ], [ 782497.260947684175335, 9990052.264231633394957 ], [ 782499.314767377334647, 9990026.167978120967746 ], [ 782500.0, 9990000.0 ] ] ] } },
{ "type": "Feature", "properties": { "easting": 782000.0, "northing": 9991000.0, "id": "grid_E782000_N9991000", "retained": true }, "geometry": { "type": "Polygon", "coordinates": [ [ [ 782500.0, 9991000.0 ], [ 782499.314767377334647, 9990973.832021879032254 ], [ 782497.260947684175335, 9990947.735768366605043 ], [ 782493.844170297612436, 9990921.782767480239272 ], [ 782489.073800366953947, 9990896.044154591858387 ], [ 782482.96291314449627, 9990870.5904774479568 ], [ 782475.528258147533052, 9990845.491502812132239 ], [ 782466.790213248576038, 9990820.816025227308273 ], [ 782456.772728821262717, 9990796.631678462028503 ], [ 782445.503262094222009, 9990773.004750130698085 ], [ 782433.012701892177574, 9990750.0 ], [ 782419.335283972672187, 9990727.680482491850853 ], [ 782404.508497187518515, 9990706.107373854145408 ], [ 782388.572980728466064, 9990685.339804474264383 ], [ 782371.572412738692947, 9990665.434696821495891 ], [ 782353.553390593267977, 9990646.4466094058007 ], [ 782334.565303179435432, 9990628.427587261423469 ], [ 782314.660195524920709, 9990611.427019271999598 ], [ 782293.892626146203838, 9990595.491502812132239 ], [ 782272.31951750756707, 9990580.664716027677059 ], [ 782250.0, 9990566.987298108637333 ], [ 782226.995249869767576, 9990554.496737906709313 ], [ 782203.368321537855081, 9990543.227271178737283 ], [ 782179.183974772691727, 9990533.20978675223887 ], [ 782154.508497187518515, 9990524.471741853281856 ], [ 782129.409522551228292, 9990517.037086855620146 ], [ 782103.955845408840105, 9990510.92619963362813 ], [ 782078.217232520109974, 9990506.155829701572657 ], [ 782052.264231633860618, 9990502.739052316173911 ], [ 782026.167978121433407, 9990500.685232622548938 ], [ 782000.0, 9990500.0 ], [ 781973.832021878566593, 9990500.685232622548938 ], [ 781947.735768366139382, 9990502.739052316173911 ], [ 781921.782767479890026, 9990506.155829701572657 ], [ 781896.044154591159895, 9990510.92619963362813 ], [ 781870.590477448771708, 9990517.037086855620146 ], [ 781845.491502812481485, 9990524.471741853281856 ], [ 781820.816025227308273, 9990533.20978675223887 ], [ 781796.631678462144919, 9990543.227271178737283 ], [ 781773.004750130232424, 9990554.496737906709313 ], [ 781750.0, 9990566.987298108637333 ], [ 781727.68048249243293, 9990580.664716027677059 ], [ 781706.107373853796162, 9990595.491502812132239 ], [ 781685.339804475079291, 9990611.427019271999598 ], [ 781665.434696820564568, 9990628.427587261423469 ], [ 781646.446609406732023, 9990646.4466094058007 ], [ 781628.427587261307053, 9990665.434696821495891 ], [ 781611.427019271533936, 9990685.339804474264383 ], [ 781595.491502812481485, 9990706.107373854145408 ], [ 781580.664716027327813, 9990727.680482491850853 ], [ 781566.987298107822426, 9990750.0 ], [ 781554.496737905777991, 9990773.004750130698085 ], [ 781543.227271178737283, 9990796.631678462028503 ], [ 781533.209786751423962, 9990820.816025227308273 ], [ 781524.471741852466948, 9990845.491502812132239 ], [ 781517.03708685550373, 9990870.5904774479568 ], [ 781510.926199633046053, 9990896.044154591858387 ], [ 781506.155829702387564, 9990921.782767480239272 ], [ 781502.739052315824665, 9990947.735768366605043 ], [ 781500.685232622665353, 9990973.832021879032254 ], [ 781500.0, 9991000.0 ], [ 781500.685232622665353, 9991026.167978120967746 ], [ 781502.739052315824665, 9991052.264231633394957 ], [ 781506.155829702387564, 9991078.217232519760728 ], [ 781510.926199633046053, 9991103.955845408141613 ], [ 781517.03708685550373, 9991129.4095225520432 ], [ 781524.471741852466948, 9991154.508497187867761 ], [ 781533.209786751423962, 9991179.183974772691727 ], [ 781543.227271178737283, 9991203.368321537971497 ], [ 781554.496737905777991, 9991226.995249869301915 ], [ 781566.987298107822426, 9991250.0 ], [ 781580.664716027327813, 9991272.319517508149147 ], [ 781595.491502812481485, 9991293.892626145854592 ], [ 781611.427019271533936, 9991314.660195525735617 ], [ 781628.427587261307053, 9991334.565303178504109 ], [ 781646.446609406732023, 9991353.5533905941993 ], [ 781665.434696820564568, 9991371.572412738576531 ], [ 781685.339804475079291, 9991388.572980728000402 ], [ 781706.107373853796162, 9991404.508497187867761 ], [ 781727.68048249243293, 9991419.335283972322941 ], [ 781750.0, 9991433.012701891362667 ], [ 781773.004750130232424, 9991445.503262093290687 ], [ 781796.631678462144919, 9991456.772728821262717 ], [ 781820.816025227308273, 9991466.79021324776113 ], [ 781845.491502812481485, 9991475.528258146718144 ], [ 781870.590477448771708, 9991482.962913144379854 ], [ 781896.044154591159895, 9991489.07380036637187 ], [ 781921.782767479890026, 9991493.844170298427343 ], [ 781947.735768366139382, 9991497.260947683826089 ], [ 781973.832021878566593, 9991499.314767377451062 ], [ 782000.0, 9991500.0 ], [ 782026.167978121433407, 9991499.314767377451062 ], [ 782052.264231633860618, 9991497.260947683826089 ], [ 782078.217232520109974, 9991493.844170298427343 ], [ 782103.955845408840105, 9991489.07380036637187 ], [ 782129.409522551228292, 9991482.962913144379854 ], [ 782154.508497187518515, 9991475.528258146718144 ], [ 782179.183974772691727, 9991466.79021324776113 ], [ 782203.368321537855081, 9991456.772728821262717 ], [ 782226.995249869767576, 9991445.503262093290687 ], [ 782250.0, 9991433.012701891362667 ], [ 782272.31951750756707, 9991419.335283972322941 ], [ 782293.892626146203838, 9991404.508497187867761 ], [ 782314.660195524920709, 9991388.572980728000402 ], [ 782334.565303179435432, 9991371.572412738576531 ], [ 782353.553390593267977, 9991353.5533905941993 ], [ 782371.572412738692947, 9991334.565303178504109 ], [ 782388.572980728466064, 9991314.660195525735617 ], [ 782404.508497187518515, 9991293.892626145854592 ], [ 782419.335283972672187, 9991272.319517508149147 ], [ 782433.012701892177574, 9991250.0 ], [ 782445.503262094222009, 9991226.995249869301915 ], [ 782456.772728821262717, 9991203.368321537971497 ], [ 782466.790213248576038, 9991179.183974772691727 ], [ 782475.528258147533052, 9991154.508497187867761 ], [ 782482.96291314449627, 9991129.4095225520432 ], [ 782489.073800366953947, 9991103.955845408141613 ], [ 782493.844170297612436, 9991078.217232519760728 ], [ 782497.260947684175335, 9991052.264231633394957 ], [ 782499.314767377334647, 9991026.167978120967746 ], [ 782500.0, 9991000.0 ] ] ] } },
{ "type": "Feature", "properties": { "easting": 782000.0, "northing": 9992000.0, "id": "grid_E782000_N9992000", "retained": true }, "geometry": { "type": "Polygon", "coordinates": [ [ [ 782500.0, 9992000.0 ], [ 782499.314767377334647, 9991973.832021879032254 ], [ 782497.260947684175335, 9991947.735768366605043 ], [ 782493.844170297612436, 9991921.782767480239272 ], [ 782489.073800366953947, 9991896.044154591858387 ], [ 782482.96291314449627, 9991870.5904774479568 ], [ 782475.528258147533052, 9991845.491502812132239 ], [ 782466.790213248576038, 9991820.816025227308273 ], [ 782456.772728821262717, 9991796.631678462028503 ], [ 782445.503262094222009, 9991773.004750130698085 ], [ 782433.012701892177574, 9991750.0 ], [ 782419.335283972672187, 9991727.680482491850853 ], [ 782404.508497187518515, 9991706.107373854145408 ], [ 782388.572980728466064, 9991685.339804474264383 ], [ 782371.572412738692947, 9991665.434696821495891 ], [ 782353.553390593267977, 9991646.4466094058007 ], [ 782334.565303179435432, 9991628.427587261423469 ], [ 782314.660195524920709, 9991611.427019271999598 ], [ 782293.892626146203838, 9991595.491502812132239 ], [ 782272.31951750756707, 9991580.664716027677059 ], [ 782250.0, 9991566.987298108637333 ], [ 782226.995249869767576, 9991554.496737906709313 ], [ 782203.368321537855081, 9991543.227271178737283 ], [ 782179.183974772691727, 9991533.20978675223887 ], [ 782154.508497187518515, 9991524.471741853281856 ], [ 782129.409522551228292, 9991517.037086855620146 ], [ 782103.955845408840105, 9991510.92619963362813 ], [ 782078.217232520109974, 9991506.155829701572657 ], [ 782052.264231633860618, 9991502.739052316173911 ], [ 782026.167978121433407, 9991500.685232622548938 ], [ 782000.0, 9991500.0 ], [ 781973.832021878566593, 9991500.685232622548938 ], [ 781947.735768366139382, 9991502.739052316173911 ], [ 781921.782767479890026, 9991506.155829701572657 ], [ 781896.044154591159895, 9991510.92619963362813 ], [ 781870.590477448771708, 9991517.037086855620146 ], [ 781845.491502812481485, 9991524.471741853281856 ], [ 781820.816025227308273, 9991533.20978675223887 ], [ 781796.631678462144919, 9991543.227271178737283 ], [ 781773.004750130232424, 9991554.496737906709313 ], [ 781750.0, 9991566.987298108637333 ], [ 781727.68048249243293, 9991580.664716027677059 ], [ 781706.107373853796162, 9991595.491502812132239 ], [ 781685.339804475079291, 9991611.427019271999598 ], [ 781665.434696820564568, 9991628.427587261423469 ], [ 781646.446609406732023, 9991646.4466094058007 ], [ 781628.427587261307053, 9991665.434696821495891 ], [ 781611.427019271533936, 9991685.339804474264383 ], [ 781595.491502812481485, 9991706.107373854145408 ], [ 781580.664716027327813, 9991727.680482491850853 ], [ 781566.987298107822426, 9991750.0 ], [ 781554.496737905777991, 9991773.004750130698085 ], [ 781543.227271178737283, 9991796.631678462028503 ], [ 781533.209786751423962, 9991820.816025227308273 ], [ 781524.471741852466948, 9991845.491502812132239 ], [ 781517.03708685550373, 9991870.5904774479568 ], [ 781510.926199633046053, 9991896.044154591858387 ], [ 781506.155829702387564, 9991921.782767480239272 ], [ 781502.739052315824665, 9991947.735768366605043 ], [ 781500.685232622665353, 9991973.832021879032254 ], [ 781500.0, 9992000.0 ], [ 781500.685232622665353, 9992026.167978120967746 ], [ 781502.739052315824665, 9992052.264231633394957 ], [ 781506.155829702387564, 9992078.217232519760728 ], [ 781510.926199633046053, 9992103.955845408141613 ], [ 781517.03708685550373, 9992129.4095225520432 ], [ 781524.471741852466948, 9992154.508497187867761 ], [ 781533.209786751423962, 9992179.183974772691727 ], [ 781543.227271178737283, 9992203.368321537971497 ], [ 781554.496737905777991, 9992226.995249869301915 ], [ 781566.987298107822426, 9992250.0 ], [ 781580.664716027327813, 9992272.319517508149147 ], [ 781595.491502812481485, 9992293.892626145854592 ], [ 781611.427019271533936, 9992314.660195525735617 ], [ 781628.427587261307053, 9992334.565303178504109 ], [ 781646.446609406732023, 9992353.5533905941993 ], [ 781665.434696820564568, 9992371.572412738576531 ], [ 781685.339804475079291, 9992388.572980728000402 ], [ 781706.107373853796162, 9992404.508497187867761 ], [ 781727.68048249243293, 9992419.335283972322941 ], [ 781750.0, 9992433.012701891362667 ], [ 781773.004750130232424, 9992445.503262093290687 ], [ 781796.631678462144919, 9992456.772728821262717 ], [ 781820.816025227308273, 9992466.79021324776113 ], [ 781845.491502812481485, 9992475.528258146718144 ], [ 781870.590477448771708, 9992482.962913144379854 ], [ 781896.044154591159895, 9992489.07380036637187 ], [ 781921.782767479890026, 9992493.844170298427343 ], [ 781947.735768366139382, 9992497.260947683826089 ], [ 781973.832021878566593, 9992499.314767377451062 ], [ 782000.0, 9992500.0 ], [ 782026.167978121433407, 9992499.314767377451062 ], [ 782052.264231633860618, 9992497.260947683826089 ], [ 782078.217232520109974, 9992493.844170298427343 ], [ 782103.955845408840105, 9992489.07380036637187 ], [ 782129.409522551228292, 9992482.962913144379854 ], [ 782154.508497187518515, 9992475.528258146718144 ], [ 782179.183974772691727, 9992466.79021324776113 ], [ 782203.368321537855081, 9992456.772728821262717 ], [ 782226.995249869767576, 9992445.503262093290687 ], [ 782250.0, 9992433.012701891362667 ], [ 782272.31951750756707, 9992419.335283972322941 ], [ 782293.892626146203838, 9992404.508497187867761 ], [ 782314.660195524920709, 9992388.572980728000402 ], [ 782334.565303179435432, 9992371.572412738576531 ], [ 782353.553390593267977, 9992353.5533905941993 ], [ 782371.572412738692947, 9992334.565303178504109 ], [ 782388.572980728466064, 9992314.660195525735617 ], [ 782404.508497187518515, 9992293.892626145854592 ], [ 782419.335283972672187, 9992272.319517508149147 ], [ 782433.012701892177574, 9992250.0 ], [ 782445.503262094222009, 9992226.995249869301915 ], [ 782456.772728821262717, 9992203.368321537971497 ], [ 782466.790213248576038, 9992179.183974772691727 ], [ 782475.528258147533052, 9992154.508497187867761 ], [ 782482.96291314449627, 9992129.4095225520432 ], [ 782489.073800366953947, 9992103.955845408141613 ], [ 782493.844170297612436, 9992078.217232519760728 ], [ 782497.260947684175335, 9992052.264231633394957 ], [ 782499.314767377334647, 9992026.167978120967746 ], [ 782500.0, 9992000.0 ] ] ] } },
{ "type": "Feature", "properties": { "easting": 783000.0, "northing": 9991000.0, "id": "grid_E783000_N9991000", "retained": true }, "geometry": { "type": "Polygon", "coordinates": [ [ [ 783500.0, 9991000.0 ], [ 783499.314767377334647, 9990973.832021879032254 ], [ 783497.260947684175335, 9990947.735768366605043 ], [ 783493.844170297612436, 9990921.782767480239272 ], [ 783489.073800366953947, 9990896.044154591858387 ], [ 783482.96291314449627, 9990870.5904774479568 ], [ 783475.528258147533052, 9990845.491502812132239 ], [ 783466.790213248576038, 9990820.816025227308273 ], [ 783456.772728821262717, 9990796.631678462028503 ], [ 783445.503262094222009, 9990773.004750130698085 ], [ 783433.012701892177574, 9990750.0 ], [ 783419.335283972672187, 9990727.680482491850853 ], [ 783404.508497187518515, 9990706.107373854145408 ], [ 783388.572980728466064, 9990685.339804474264383 ], [ 783371.572412738692947, 9990665.434696821495891 ], [ 783353.553390593267977, 9990646.4466094058007 ], [ 783334.565303179435432, 9990628.427587261423469 ], [ 783314.660195524920709, 9990611.427019271999598 ], [ 783293.892626146203838, 9990595.491502812132239 ], [ 783272.31951750756707, 9990580.664716027677059 ], [ 783250.0, 9990566.987298108637333 ], [ 783226.995249869767576, 9990554.496737906709313 ], [ 783203.368321537855081, 9990543.227271178737283 ], [ 783179.183974772691727, 9990533.20978675223887 ], [ 783154.508497187518515, 9990524.471741853281856 ], [ 783129.409522551228292, 9990517.037086855620146 ], [ 783103.955845408840105, 9990510.92619963362813 ], [ 783078.217232520109974, 9990506.155829701572657 ], [ 783052.264231633860618, 9990502.739052316173911 ], [ 783026.167978121433407, 9990500.685232622548938 ], [ 783000.0, 9990500.0 ], [ 782973.832021878566593, 9990500.685232622548938 ], [ 782947.735768366139382, 9990502.739052316173911 ], [ 782921.782767479890026, 9990506.155829701572657 ], [ 782896.044154591159895, 9990510.92619963362813 ], [ 782870.590477448771708, 9990517.037086855620146 ], [ 782845.491502812481485, 9990524.471741853281856 ], [ 782820.816025227308273, 9990533.20978675223887 ], [ 782796.631678462144919, 9990543.227271178737283 ], [ 782773.004750130232424, 9990554.496737906709313 ], [ 782750.0, 9990566.987298108637333 ], [ 782727.68048249243293, 9990580.664716027677059 ], [ 782706.107373853796162, 9990595.491502812132239 ], [ 782685.339804475079291, 9990611.427019271999598 ], [ 782665.434696820564568, 9990628.427587261423469 ], [ 782646.446609406732023, 9990646.4466094058007 ], [ 782628.427587261307053, 9990665.434696821495891 ], [ 782611.427019271533936, 9990685.339804474264383 ], [ 782595.491502812481485, 9990706.107373854145408 ], [ 782580.664716027327813, 9990727.680482491850853 ], [ 782566.987298107822426, 9990750.0 ], [ 782554.496737905777991, 9990773.004750130698085 ], [ 782543.227271178737283, 9990796.631678462028503 ], [ 782533.209786751423962, 9990820.816025227308273 ], [ 782524.471741852466948, 9990845.491502812132239 ], [ 782517.03708685550373, 9990870.5904774479568 ], [ 782510.926199633046053, 9990896.044154591858387 ], [ 782506.155829702387564, 9990921.782767480239272 ], [ 782502.739052315824665, 9990947.735768366605043 ], [ 782500.685232622665353, 9990973.832021879032254 ], [ 782500.0, 9991000.0 ], [ 782500.685232622665353, 9991026.167978120967746 ], [ 782502.739052315824665, 9991052.264231633394957 ], [ 782506.155829702387564, 9991078.217232519760728 ], [ 782510.926199633046053, 9991103.955845408141613 ], [ 782517.03708685550373, 9991129.4095225520432 ], [ 782524.471741852466948, 9991154.508497187867761 ], [ 782533.209786751423962, 9991179.183974772691727 ], [ 782543.227271178737283, 9991203.368321537971497 ], [ 782554.496737905777991, 9991226.995249869301915 ], [ 782566.987298107822426, 9991250.0 ], [ 782580.664716027327813, 9991272.319517508149147 ], [ 782595.491502812481485, 9991293.892626145854592 ], [ 782611.427019271533936, 9991314.660195525735617 ], [ 782628.427587261307053, 9991334.565303178504109 ], [ 782646.446609406732023, 9991353.5533905941993 ], [ 782665.434696820564568, 9991371.572412738576531 ], [ 782685.339804475079291, 9991388.572980728000402 ], [ 782706.107373853796162, 9991404.508497187867761 ], [ 782727.68048249243293, 9991419.335283972322941 ], [ 782750.0, 9991433.012701891362667 ], [ 782773.004750130232424, 9991445.503262093290687 ], [ 782796.631678462144919, 9991456.772728821262717 ], [ 782820.816025227308273, 9991466.79021324776113 ], [ 782845.491502812481485, 9991475.528258146718144 ], [ 782870.590477448771708, 9991482.962913144379854 ], [ 782896.044154591159895, 9991489.07380036637187 ], [ 782921.782767479890026, 9991493.844170298427343 ], [ 782947.735768366139382, 9991497.260947683826089 ], [ 782973.832021878566593, 9991499.314767377451062 ], [ 783000.0, 9991500.0 ], [ 783026.167978121433407, 9991499.314767377451062 ], [ 783052.264231633860618, 9991497.260947683826089 ], [ 783078.217232520109974, 9991493.844170298427343 ], [ 783103.955845408840105, 9991489.07380036637187 ], [ 783129.409522551228292, 9991482.962913144379854 ], [ 783154.508497187518515, 9991475.528258146718144 ], [ 783179.183974772691727, 9991466.79021324776113 ], [ 783203.368321537855081, 9991456.772728821262717 ], [ 783226.995249869767576, 9991445.503262093290687 ], [ 783250.0, 9991433.012701891362667 ], [ 783272.31951750756707, 9991419.335283972322941 ], [ 783293.892626146203838, 9991404.508497187867761 ], [ 783314.660195524920709, 9991388.572980728000402 ], [ 783334.565303179435432, 9991371.572412738576531 ], [ 783353.553390593267977, 9991353.5533905941993 ], [ 783371.572412738692947, 9991334.565303178504109 ], [ 783388.572980728466064, 9991314.660195525735617 ], [ 783404.508497187518515, 9991293.892626145854592 ], [ 783419.335283972672187, 9991272.319517508149147 ], [ 783433.012701892177574, 9991250.0 ], [ 783445.503262094222009, 9991226.995249869301915 ], [ 783456.772728821262717, 9991203.368321537971497 ], [ 783466.790213248576038, 9991179.183974772691727 ], [ 783475.528258147533052, 9991154.508497187867761 ], [ 783482.96291314449627, 9991129.4095225520432 ], [ 783489.073800366953947, 9991103.955845408141613 ], [ 783493.844170297612436, 9991078.217232519760728 ], [ 783497.260947684175335, 9991052.264231633394957 ], [ 783499.314767377334647, 9991026.167978120967746 ], [ 783500.0, 9991000.0 ] ] ] } },
{ "type": "Feature", "properties": { "easting": 783000.0, "northing": 9992000.0, "id": "grid_E783000_N9992000", "retained": true }, "geometry": { "type": "Polygon", "coordinates": [ [ [ 783500.0, 9992000.0 ], [ 783499.314767377334647, 9991973.832021879032254 ], [ 783497.260947684175335, 9991947.735768366605043 ], [ 783493.844170297612436, 9991921.782767480239272 ], [ 783489.073800366953947, 9991896.044154591858387 ], [ 783482.96291314449627, 9991870.5904774479568 ], [ 783475.528258147533052, 9991845.491502812132239 ], [ 783466.790213248576038, 9991820.816025227308273 ], [ 783456.772728821262717, 9991796.631678462028503 ], [ 783445.503262094222009, 9991773.004750130698085 ], [ 783433.012701892177574, 9991750.0 ], [ 783419.335283972672187, 9991727.680482491850853 ], [ 783404.508497187518515, 9991706.107373854145408 ], [ 783388.572980728466064, 9991685.339804474264383 ], [ 783371.572412738692947, 9991665.434696821495891 ], [ 783353.553390593267977, 9991646.4466094058007 ], [ 783334.565303179435432, 9991628.427587261423469 ], [ 783314.660195524920709, 9991611.427019271999598 ], [ 783293.892626146203838, 9991595.491502812132239 ], [ 783272.31951750756707, 9991580.664716027677059 ], [ 783250.0, 9991566.987298108637333 ], [ 783226.995249869767576, 9991554.496737906709313 ], [ 783203.368321537855081, 9991543.227271178737283 ], [ 783179.183974772691727, 9991533.20978675223887 ], [ 783154.508497187518515, 9991524.471741853281856 ], [ 783129.409522551228292, 9991517.037086855620146 ], [ 783103.955845408840105, 9991510.92619963362813 ], [ 783078.217232520109974, 9991506.155829701572657 ], [ 783052.264231633860618, 9991502.739052316173911 ], [ 783026.167978121433407, 9991500.685232622548938 ], [ 783000.0, 9991500.0 ], [ 782973.832021878566593, 9991500.685232622548938 ], [ 782947.735768366139382, 9991502.739052316173911 ], [ 782921.782767479890026, 9991506.155829701572657 ], [ 782896.044154591159895, 9991510.92619963362813 ], [ 782870.590477448771708, 9991517.037086855620146 ], [ 782845.491502812481485, 9991524.471741853281856 ], [ 782820.816025227308273, 9991533.20978675223887 ], [ 782796.631678462144919, 9991543.227271178737283 ], [ 782773.004750130232424, 9991554.496737906709313 ], [ 782750.0, 9991566.987298108637333 ], [ 782727.68048249243293, 9991580.664716027677059 ], [ 782706.107373853796162, 9991595.491502812132239 ], [ 782685.339804475079291, 9991611.427019271999598 ], [ 782665.434696820564568, 9991628.427587261423469 ], [ 782646.446609406732023, 9991646.4466094058007 ], [ 782628.427587261307053, 9991665.434696821495891 ], [ 782611.427019271533936, 9991685.339804474264383 ], [ 782595.491502812481485, 9991706.107373854145408 ], [ 782580.664716027327813, 9991727.680482491850853 ], [ 782566.987298107822426, 9991750.0 ], [ 782554.496737905777991, 9991773.004750130698085 ], [ 782543.227271178737283, 9991796.631678462028503 ], [ 782533.209786751423962, 9991820.816025227308273 ], [ 782524.471741852466948, 9991845.491502812132239 ], [ 782517.03708685550373, 9991870.5904774479568 ], [ 782510.926199633046053, 9991896.044154591858387 ], [ 782506.155829702387564, 9991921.782767480239272 ], [ 782502.739052315824665, 9991947.735768366605043 ], [ 782500.685232622665353, 9991973.832021879032254 ], [ 782500.0, 9992000.0 ], [ 782500.685232622665353, 9992026.167978120967746 ], [ 782502.739052315824665, 9992052.264231633394957 ], [ 782506.155829702387564, 9992078.217232519760728 ], [ 782510.926199633046053, 9992103.955845408141613 ], [ 782517.03708685550373, 9992129.4095225520432 ], [ 782524.471741852466948, 9992154.508497187867761 ], [ 782533.209786751423962, 9992179.183974772691727 ], [ 782543.227271178737283, 9992203.368321537971497 ], [ 782554.496737905777991, 9992226.995249869301915 ], [ 782566.987298107822426, 9992250.0 ], [ 782580.664716027327813, 9992272.319517508149147 ], [ 782595.491502812481485, 9992293.892626145854592 ], [ 782611.427019271533936, 9992314.660195525735617 ], [ 782628.427587261307053, 9992334.565303178504109 ], [ 782646.446609406732023, 9992353.5533905941993 ], [ 782665.434696820564568, 9992371.572412738576531 ], [ 782685.339804475079291, 9992388.572980728000402 ], [ 782706.107373853796162, 9992404.508497187867761 ], [ 782727.68048249243293, 9992419.335283972322941 ], [ 782750.0, 9992433.012701891362667 ], [ 782773.004750130232424, 9992445.503262093290687 ], [ 782796.631678462144919, 9992456.772728821262717 ], [ 782820.816025227308273, 9992466.79021324776113 ], [ 782845.491502812481485, 9992475.528258146718144 ], [ 782870.590477448771708, 9992482.962913144379854 ], [ 782896.044154591159895, 9992489.07380036637187 ], [ 782921.782767479890026, 9992493.844170298427343 ], [ 782947.735768366139382, 9992497.260947683826089 ], [ 782973.832021878566593, 9992499.314767377451062 ], [ 783000.0, 9992500.0 ], [ 783026.167978121433407, 9992499.314767377451062 ], [ 783052.264231633860618, 9992497.260947683826089 ], [ 783078.217232520109974, 9992493.844170298427343 ], [ 783103.955845408840105, 9992489.07380036637187 ], [ 783129.409522551228292, 9992482.962913144379854 ], [ 783154.508497187518515, 9992475.528258146718144 ], [ 783179.183974772691727, 9992466.79021324776113 ], [ 783203.368321537855081, 9992456.772728821262717 ], [ 783226.995249869767576, 9992445.503262093290687 ], [ 783250.0, 9992433.012701891362667 ], [ 783272.31951750756707, 9992419.335283972322941 ], [ 783293.892626146203838, 9992404.508497187867761 ], [ 783314.660195524920709, 9992388.572980728000402 ], [ 783334.565303179435432, 9992371.572412738576531 ], [ 783353.553390593267977, 9992353.5533905941993 ], [ 783371.572412738692947, 9992334.565303178504109 ], [ 783388.572980728466064, 9992314.660195525735617 ], [ 783404.508497187518515, 9992293.892626145854592 ], [ 783419.335283972672187, 9992272.319517508149147 ], [ 783433.012701892177574, 9992250.0 ], [ 783445.503262094222009, 9992226.995249869301915 ], [ 783456.772728821262717, 9992203.368321537971497 ], [ 783466.790213248576038, 9992179.183974772691727 ], [ 783475.528258147533052, 9992154.508497187867761 ], [ 783482.96291314449627, 9992129.4095225520432 ], [ 783489.073800366953947, 9992103.955845408141613 ], [ 783493.844170297612436, 9992078.217232519760728 ], [ 783497.260947684175335, 9992052.264231633394957 ], [ 783499.314767377334647, 9992026.167978120967746 ], [ 783500.0, 9992000.0 ] ] ] } },
{ "type": "Feature", "properties": { "easting": 784000.0, "northing": 9989000.0, "id": "grid_E784000_N9989000", "retained": true }, "geometry": { "type": "Polygon", "coordinates": [ [ [ 784500.0, 9989000.0 ], [ 784499.314767377334647, 9988973.832021879032254 ], [ 784497.260947684175335, 9988947.735768366605043 ], [ 784493.844170297612436, 9988921.782767480239272 ], [ 784489.073800366953947, 9988896.044154591858387 ], [ 784482.96291314449627, 9988870.5904774479568 ], [ 784475.528258147533052, 9988845.491502812132239 ], [ 784466.790213248576038, 9988820.816025227308273 ], [ 784456.772728821262717, 9988796.631678462028503 ], [ 784445.503262094222009, 9988773.004750130698085 ], [ 784433.012701892177574, 9988750.0 ], [ 784419.335283972672187, 9988727.680482491850853 ], [ 784404.508497187518515, 9988706.107373854145408 ], [ 784388.572980728466064, 9988685.339804474264383 ], [ 784371.572412738692947, 9988665.434696821495891 ], [ 784353.553390593267977, 9988646.4466094058007 ], [ 784334.565303179435432, 9988628.427587261423469 ], [ 784314.660195524920709, 9988611.427019271999598 ], [ 784293.892626146203838, 9988595.491502812132239 ], [ 784272.31951750756707, 9988580.664716027677059 ], [ 784250.0, 9988566.987298108637333 ], [ 784226.995249869767576, 9988554.496737906709313 ], [ 784203.368321537855081, 9988543.227271178737283 ], [ 784179.183974772691727, 9988533.20978675223887 ], [ 784154.508497187518515, 9988524.471741853281856 ], [ 784129.409522551228292, 9988517.037086855620146 ], [ 784103.955845408840105, 9988510.92619963362813 ], [ 784078.217232520109974, 9988506.155829701572657 ], [ 784052.264231633860618, 9988502.739052316173911 ], [ 784026.167978121433407, 9988500.685232622548938 ], [ 784000.0, 9988500.0 ], [ 783973.832021878566593, 9988500.685232622548938 ], [ 783947.735768366139382, 9988502.739052316173911 ], [ 783921.782767479890026, 9988506.155829701572657 ], [ 783896.044154591159895, 9988510.92619963362813 ], [ 783870.590477448771708, 9988517.037086855620146 ], [ 783845.491502812481485, 9988524.471741853281856 ], [ 783820.816025227308273, 9988533.20978675223887 ], [ 783796.631678462144919, 9988543.227271178737283 ], [ 783773.004750130232424, 9988554.496737906709313 ], [ 783750.0, 9988566.987298108637333 ], [ 783727.68048249243293, 9988580.664716027677059 ], [ 783706.107373853796162, 9988595.491502812132239 ], [ 783685.339804475079291, 9988611.427019271999598 ], [ 783665.434696820564568, 9988628.427587261423469 ], [ 783646.446609406732023, 9988646.4466094058007 ], [ 783628.427587261307053, 9988665.434696821495891 ], [ 783611.427019271533936, 9988685.339804474264383 ], [ 783595.491502812481485, 9988706.107373854145408 ], [ 783580.664716027327813, 9988727.680482491850853 ], [ 783566.987298107822426, 9988750.0 ], [ 783554.496737905777991, 9988773.004750130698085 ], [ 783543.227271178737283, 9988796.631678462028503 ], [ 783533.209786751423962, 9988820.816025227308273 ], [ 783524.471741852466948, 9988845.491502812132239 ], [ 783517.03708685550373, 9988870.5904774479568 ], [ 783510.926199633046053, 9988896.044154591858387 ], [ 783506.155829702387564, 9988921.782767480239272 ], [ 783502.739052315824665, 9988947.735768366605043 ], [ 783500.685232622665353, 9988973.832021879032254 ], [ 783500.0, 9989000.0 ], [ 783500.685232622665353, 9989026.167978120967746 ], [ 783502.739052315824665, 9989052.264231633394957 ], [ 783506.155829702387564, 9989078.217232519760728 ], [ 783510.926199633046053, 9989103.955845408141613 ], [ 783517.03708685550373, 9989129.4095225520432 ], [ 783524.471741852466948, 9989154.508497187867761 ], [ 783533.209786751423962, 9989179.183974772691727 ], [ 783543.227271178737283, 9989203.368321537971497 ], [ 783554.496737905777991, 9989226.995249869301915 ], [ 783566.987298107822426, 9989250.0 ], [ 783580.664716027327813, 9989272.319517508149147 ], [ 783595.491502812481485, 9989293.892626145854592 ], [ 783611.427019271533936, 9989314.660195525735617 ], [ 783628.427587261307053, 9989334.565303178504109 ], [ 783646.446609406732023, 9989353.5533905941993 ], [ 783665.434696820564568, 9989371.572412738576531 ], [ 783685.339804475079291, 9989388.572980728000402 ], [ 783706.107373853796162, 9989404.508497187867761 ], [ 783727.68048249243293, 9989419.335283972322941 ], [ 783750.0, 9989433.012701891362667 ], [ 783773.004750130232424, 9989445.503262093290687 ], [ 783796.631678462144919, 9989456.772728821262717 ], [ 783820.816025227308273, 9989466.79021324776113 ], [ 783845.491502812481485, 9989475.528258146718144 ], [ 783870.590477448771708, 9989482.962913144379854 ], [ 783896.044154591159895, 9989489.07380036637187 ], [ 783921.782767479890026, 9989493.844170298427343 ], [ 783947.735768366139382, 9989497.260947683826089 ], [ 783973.832021878566593, 9989499.314767377451062 ], [ 784000.0, 9989500.0 ], [ 784026.167978121433407, 9989499.314767377451062 ], [ 784052.264231633860618, 9989497.260947683826089 ], [ 784078.217232520109974, 9989493.844170298427343 ], [ 784103.955845408840105, 9989489.07380036637187 ], [ 784129.409522551228292, 9989482.962913144379854 ], [ 784154.508497187518515, 9989475.528258146718144 ], [ 784179.183974772691727, 9989466.79021324776113 ], [ 784203.368321537855081, 9989456.772728821262717 ], [ 784226.995249869767576, 9989445.503262093290687 ], [ 784250.0, 9989433.012701891362667 ], [ 784272.31951750756707, 9989419.335283972322941 ], [ 784293.892626146203838, 9989404.508497187867761 ], [ 784314.660195524920709, 9989388.572980728000402 ], [ 784334.565303179435432, 9989371.572412738576531 ], [ 784353.553390593267977, 9989353.5533905941993 ], [ 784371.572412738692947, 9989334.565303178504109 ], [ 784388.572980728466064, 9989314.660195525735617 ], [ 784404.508497187518515, 9989293.892626145854592 ], [ 784419.335283972672187, 9989272.319517508149147 ], [ 784433.012701892177574, 9989250.0 ], [ 784445.503262094222009, 9989226.995249869301915 ], [ 784456.772728821262717, 9989203.368321537971497 ], [ 784466.790213248576038, 9989179.183974772691727 ], [ 784475.528258147533052, 9989154.508497187867761 ], [ 784482.96291314449627, 9989129.4095225520432 ], [ 784489.073800366953947, 9989103.955845408141613 ], [ 784493.844170297612436, 9989078.217232519760728 ], [ 784497.260947684175335, 9989052.264231633394957 ], [ 784499.314767377334647, 9989026.167978120967746 ], [ 784500.0, 9989000.0 ] ] ] } },
{ "type": "Feature", "properties": { "easting": 784000.0, "northing": 9990000.0, "id": "grid_E784000_N9990000", "retained": true }, "geometry": { "type": "Polygon", "coordinates": [ [ [ 784500.0, 9990000.0 ], [ 784499.314767377334647, 9989973.832021879032254 ], [ 784497.260947684175335, 9989947.735768366605043 ], [ 784493.844170297612436, 9989921.782767480239272 ], [ 784489.073800366953947, 9989896.044154591858387 ], [ 784482.96291314449627, 9989870.5904774479568 ], [ 784475.528258147533052, 9989845.491502812132239 ], [ 784466.790213248576038, 9989820.816025227308273 ], [ 784456.772728821262717, 9989796.631678462028503 ], [ 784445.503262094222009, 9989773.004750130698085 ], [ 784433.012701892177574, 9989750.0 ], [ 784419.335283972672187, 9989727.680482491850853 ], [ 784404.508497187518515, 9989706.107373854145408 ], [ 784388.572980728466064, 9989685.339804474264383 ], [ 784371.572412738692947, 9989665.434696821495891 ], [ 784353.553390593267977, 9989646.4466094058007 ], [ 784334.565303179435432, 9989628.427587261423469 ], [ 784314.660195524920709, 9989611.427019271999598 ], [ 784293.892626146203838, 9989595.491502812132239 ], [ 784272.31951750756707, 9989580.664716027677059 ], [ 784250.0, 9989566.987298108637333 ], [ 784226.995249869767576, 9989554.496737906709313 ], [ 784203.368321537855081, 9989543.227271178737283 ], [ 784179.183974772691727, 9989533.20978675223887 ], [ 784154.508497187518515, 9989524.471741853281856 ], [ 784129.409522551228292, 9989517.037086855620146 ], [ 784103.955845408840105, 9989510.92619963362813 ], [ 784078.217232520109974, 9989506.155829701572657 ], [ 784052.264231633860618, 9989502.739052316173911 ], [ 784026.167978121433407, 9989500.685232622548938 ], [ 784000.0, 9989500.0 ], [ 783973.832021878566593, 9989500.685232622548938 ], [ 783947.735768366139382, 9989502.739052316173911 ], [ 783921.782767479890026, 9989506.155829701572657 ], [ 783896.044154591159895, 9989510.92619963362813 ], [ 783870.590477448771708, 9989517.037086855620146 ], [ 783845.491502812481485, 9989524.471741853281856 ], [ 783820.816025227308273, 9989533.20978675223887 ], [ 783796.631678462144919, 9989543.227271178737283 ], [ 783773.004750130232424, 9989554.496737906709313 ], [ 783750.0, 9989566.987298108637333 ], [ 783727.68048249243293, 9989580.664716027677059 ], [ 783706.107373853796162, 9989595.491502812132239 ], [ 783685.339804475079291, 9989611.427019271999598 ], [ 783665.434696820564568, 9989628.427587261423469 ], [ 783646.446609406732023, 9989646.4466094058007 ], [ 783628.427587261307053, 9989665.434696821495891 ], [ 783611.427019271533936, 9989685.339804474264383 ], [ 783595.491502812481485, 9989706.107373854145408 ], [ 783580.664716027327813, 9989727.680482491850853 ], [ 783566.987298107822426, 9989750.0 ], [ 783554.496737905777991, 9989773.004750130698085 ], [ 783543.227271178737283, 9989796.631678462028503 ], [ 783533.209786751423962, 9989820.816025227308273 ], [ 783524.471741852466948, 9989845.491502812132239 ], [ 783517.03708685550373, 9989870.5904774479568 ], [ 783510.926199633046053, 9989896.044154591858387 ], [ 783506.155829702387564, 9989921.782767480239272 ], [ 783502.739052315824665, 9989947.735768366605043 ], [ 783500.685232622665353, 9989973.832021879032254 ], [ 783500.0, 9990000.0 ], [ 783500.685232622665353, 9990026.167978120967746 ], [ 783502.739052315824665, 9990052.264231633394957 ], [ 783506.155829702387564, 9990078.217232519760728 ], [ 783510.926199633046053, 9990103.955845408141613 ], [ 783517.03708685550373, 9990129.4095225520432 ], [ 783524.471741852466948, 9990154.508497187867761 ], [ 783533.209786751423962, 9990179.183974772691727 ], [ 783543.227271178737283, 9990203.368321537971497 ], [ 783554.496737905777991, 9990226.995249869301915 ], [ 783566.987298107822426, 9990250.0 ], [ 783580.664716027327813, 9990272.319517508149147 ], [ 783595.491502812481485, 9990293.892626145854592 ], [ 783611.427019271533936, 9990314.660195525735617 ], [ 783628.427587261307053, 9990334.565303178504109 ], [ 783646.446609406732023, 9990353.5533905941993 ], [ 783665.434696820564568, 9990371.572412738576531 ], [ 783685.339804475079291, 9990388.572980728000402 ], [ 783706.107373853796162, 9990404.508497187867761 ], [ 783727.68048249243293, 9990419.335283972322941 ], [ 783750.0, 9990433.012701891362667 ], [ 783773.004750130232424, 9990445.503262093290687 ], [ 783796.631678462144919, 9990456.772728821262717 ], [ 783820.816025227308273, 9990466.79021324776113 ], [ 783845.491502812481485, 9990475.528258146718144 ], [ 783870.590477448771708, 9990482.962913144379854 ], [ 783896.044154591159895, 9990489.07380036637187 ], [ 783921.782767479890026, 9990493.844170298427343 ], [ 783947.735768366139382, 9990497.260947683826089 ], [ 783973.832021878566593, 9990499.314767377451062 ], [ 784000.0, 9990500.0 ], [ 784026.167978121433407, 9990499.314767377451062 ], [ 784052.264231633860618, 9990497.260947683826089 ], [ 784078.217232520109974, 9990493.844170298427343 ], [ 784103.955845408840105, 9990489.07380036637187 ], [ 784129.409522551228292, 9990482.962913144379854 ], [ 784154.508497187518515, 9990475.528258146718144 ], [ 784179.183974772691727, 9990466.79021324776113 ], [ 784203.368321537855081, 9990456.772728821262717 ], [ 784226.995249869767576, 9990445.503262093290687 ], [ 784250.0, 9990433.012701891362667 ], [ 784272.31951750756707, 9990419.335283972322941 ], [ 784293.892626146203838, 9990404.508497187867761 ], [ 784314.660195524920709, 9990388.572980728000402 ], [ 784334.565303179435432, 9990371.572412738576531 ], [ 784353.553390593267977, 9990353.5533905941993 ], [ 784371.572412738692947, 9990334.565303178504109 ], [ 784388.572980728466064, 9990314.660195525735617 ], [ 784404.508497187518515, 9990293.892626145854592 ], [ 784419.335283972672187, 9990272.319517508149147 ], [ 784433.012701892177574, 9990250.0 ], [ 784445.503262094222009, 9990226.995249869301915 ], [ 784456.772728821262717, 9990203.368321537971497 ], [ 784466.790213248576038, 9990179.183974772691727 ], [ 784475.528258147533052, 9990154.508497187867761 ], [ 784482.96291314449627, 9990129.4095225520432 ], [ 784489.073800366953947, 9990103.955845408141613 ], [ 784493.844170297612436, 9990078.217232519760728 ], [ 784497.260947684175335, 9990052.264231633394957 ], [ 784499.314767377334647, 9990026.167978120967746 ], [ 784500.0, 9990000.0 ] ] ] } },
{ "type": "Feature", "properties": { "easting": 784000.0, "northing": 9992000.0, "id": "grid_E784000_N9992000", "retained": true }, "geometry": { "type": "Polygon", "coordinates": [ [ [ 784500.0, 9992000.0 ], [ 784499.314767377334647, 9991973.832021879032254 ], [ 784497.260947684175335, 9991947.735768366605043 ], [ 784493.844170297612436, 9991921.782767480239272 ], [ 784489.073800366953947, 9991896.044154591858387 ], [ 784482.96291314449627, 9991870.5904774479568 ], [ 784475.528258147533052, 9991845.491502812132239 ], [ 784466.790213248576038, 9991820.816025227308273 ], [ 784456.772728821262717, 9991796.631678462028503 ], [ 784445.503262094222009, 9991773.004750130698085 ], [ 784433.012701892177574, 9991750.0 ], [ 784419.335283972672187, 9991727.680482491850853 ], [ 784404.508497187518515, 9991706.107373854145408 ], [ 784388.572980728466064, 9991685.339804474264383 ], [ 784371.572412738692947, 9991665.434696821495891 ], [ 784353.553390593267977, 9991646.4466094058007 ], [ 784334.565303179435432, 9991628.427587261423469 ], [ 784314.660195524920709, 9991611.427019271999598 ], [ 784293.892626146203838, 9991595.491502812132239 ], [ 784272.31951750756707, 9991580.664716027677059 ], [ 784250.0, 9991566.987298108637333 ], [ 784226.995249869767576, 9991554.496737906709313 ], [ 784203.368321537855081, 9991543.227271178737283 ], [ 784179.183974772691727, 9991533.20978675223887 ], [ 784154.508497187518515, 9991524.471741853281856 ], [ 784129.409522551228292, 9991517.037086855620146 ], [ 784103.955845408840105, 9991510.92619963362813 ], [ 784078.217232520109974, 9991506.155829701572657 ], [ 784052.264231633860618, 9991502.739052316173911 ], [ 784026.167978121433407, 9991500.685232622548938 ], [ 784000.0, 9991500.0 ], [ 783973.832021878566593, 9991500.685232622548938 ], [ 783947.735768366139382, 9991502.739052316173911 ], [ 783921.782767479890026, 9991506.155829701572657 ], [ 783896.044154591159895, 9991510.92619963362813 ], [ 783870.590477448771708, 9991517.037086855620146 ], [ 783845.491502812481485, 9991524.471741853281856 ], [ 783820.816025227308273, 9991533.20978675223887 ], [ 783796.631678462144919, 9991543.227271178737283 ], [ 783773.004750130232424, 9991554.496737906709313 ], [ 783750.0, 9991566.987298108637333 ], [ 783727.68048249243293, 9991580.664716027677059 ], [ 783706.107373853796162, 9991595.491502812132239 ], [ 783685.339804475079291, 9991611.427019271999598 ], [ 783665.434696820564568, 9991628.427587261423469 ], [ 783646.446609406732023, 9991646.4466094058007 ], [ 783628.427587261307053, 9991665.434696821495891 ], [ 783611.427019271533936, 9991685.339804474264383 ], [ 783595.491502812481485, 9991706.107373854145408 ], [ 783580.664716027327813, 9991727.680482491850853 ], [ 783566.987298107822426, 9991750.0 ], [ 783554.496737905777991, 9991773.004750130698085 ], [ 783543.227271178737283, 9991796.631678462028503 ], [ 783533.209786751423962, 9991820.816025227308273 ], [ 783524.471741852466948, 9991845.491502812132239 ], [ 783517.03708685550373, 9991870.5904774479568 ], [ 783510.926199633046053, 9991896.044154591858387 ], [ 783506.155829702387564, 9991921.782767480239272 ], [ 783502.739052315824665, 9991947.735768366605043 ], [ 783500.685232622665353, 9991973.832021879032254 ], [ 783500.0, 9992000.0 ], [ 783500.685232622665353, 9992026.167978120967746 ], [ 783502.739052315824665, 9992052.264231633394957 ], [ 783506.155829702387564, 9992078.217232519760728 ], [ 783510.926199633046053, 9992103.955845408141613 ], [ 783517.03708685550373, 9992129.4095225520432 ], [ 783524.471741852466948, 9992154.508497187867761 ], [ 783533.209786751423962, 9992179.183974772691727 ], [ 783543.227271178737283, 9992203.368321537971497 ], [ 783554.496737905777991, 9992226.995249869301915 ], [ 783566.987298107822426, 9992250.0 ], [ 783580.664716027327813, 9992272.319517508149147 ], [ 783595.491502812481485, 9992293.892626145854592 ], [ 783611.427019271533936, 9992314.660195525735617 ], [ 783628.427587261307053, 9992334.565303178504109 ], [ 783646.446609406732023, 9992353.5533905941993 ], [ 783665.434696820564568, 9992371.572412738576531 ], [ 783685.339804475079291, 9992388.572980728000402 ], [ 783706.107373853796162, 9992404.508497187867761 ], [ 783727.68048249243293, 9992419.335283972322941 ], [ 783750.0, 9992433.012701891362667 ], [ 783773.004750130232424, 9992445.503262093290687 ], [ 783796.631678462144919, 9992456.772728821262717 ], [ 783820.816025227308273, 9992466.79021324776113 ], [ 783845.491502812481485, 9992475.528258146718144 ], [ 783870.590477448771708, 9992482.962913144379854 ], [ 783896.044154591159895, 9992489.07380036637187 ], [ 783921.782767479890026, 9992493.844170298427343 ], [ 783947.735768366139382, 9992497.260947683826089 ], [ 783973.832021878566593, 9992499.314767377451062 ], [ 784000.0, 9992500.0 ], [ 784026.167978121433407, 9992499.314767377451062 ], [ 784052.264231633860618, 9992497.260947683826089 ], [ 784078.217232520109974, 9992493.844170298427343 ], [ 784103.955845408840105, 9992489.07380036637187 ], [ 784129.409522551228292, 9992482.962913144379854 ], [ 784154.508497187518515, 9992475.528258146718144 ], [ 784179.183974772691727, 9992466.79021324776113 ], [ 784203.368321537855081, 9992456.772728821262717 ], [ 784226.995249869767576, 9992445.503262093290687 ], [ 784250.0, 9992433.012701891362667 ], [ 784272.31951750756707, 9992419.335283972322941 ], [ 784293.892626146203838, 9992404.508497187867761 ], [ 784314.660195524920709, 9992388.572980728000402 ], [ 784334.565303179435432, 9992371.572412738576531 ], [ 784353.553390593267977, 9992353.5533905941993 ], [ 784371.572412738692947, 9992334.565303178504109 ], [ 784388.572980728466064, 9992314.660195525735617 ], [ 784404.508497187518515, 9992293.892626145854592 ], [ 784419.335283972672187, 9992272.319517508149147 ], [ 784433.012701892177574, 9992250.0 ], [ 784445.503262094222009, 9992226.995249869301915 ], [ 784456.772728821262717, 9992203.368321537971497 ], [ 784466.790213248576038, 9992179.183974772691727 ], [ 784475.528258147533052, 9992154.508497187867761 ], [ 784482.96291314449627, 9992129.4095225520432 ], [ 784489.073800366953947, 9992103.955845408141613 ], [ 784493.844170297612436, 9992078.217232519760728 ], [ 784497.260947684175335, 9992052.264231633394957 ], [ 784499.314767377334647, 9992026.167978120967746 ], [ 784500.0, 9992000.0 ] ] ] } },
{ "type": "Feature", "properties": { "easting": 785000.0, "northing": 9978000.0, "id": "grid_E785000_N9978000", "retained": true }, "geometry": { "type": "Polygon", "coordinates": [ [ [ 785500.0, 9978000.0 ], [ 785499.314767377334647, 9977973.832021879032254 ], [ 785497.260947684175335, 9977947.735768366605043 ], [ 785493.844170297612436, 9977921.782767480239272 ], [ 785489.073800366953947, 9977896.044154591858387 ], [ 785482.96291314449627, 9977870.5904774479568 ], [ 785475.528258147533052, 9977845.491502812132239 ], [ 785466.790213248576038, 9977820.816025227308273 ], [ 785456.772728821262717, 9977796.631678462028503 ], [ 785445.503262094222009, 9977773.004750130698085 ], [ 785433.012701892177574, 9977750.0 ], [ 785419.335283972672187, 9977727.680482491850853 ], [ 785404.508497187518515, 9977706.107373854145408 ], [ 785388.572980728466064, 9977685.339804474264383 ], [ 785371.572412738692947, 9977665.434696821495891 ], [ 785353.553390593267977, 9977646.4466094058007 ], [ 785334.565303179435432, 9977628.427587261423469 ], [ 785314.660195524920709, 9977611.427019271999598 ], [ 785293.892626146203838, 9977595.491502812132239 ], [ 785272.31951750756707, 9977580.664716027677059 ], [ 785250.0, 9977566.987298108637333 ], [ 785226.995249869767576, 9977554.496737906709313 ], [ 785203.368321537855081, 9977543.227271178737283 ], [ 785179.183974772691727, 9977533.20978675223887 ], [ 785154.508497187518515, 9977524.471741853281856 ], [ 785129.409522551228292, 9977517.037086855620146 ], [ 785103.955845408840105, 9977510.92619963362813 ], [ 785078.217232520109974, 9977506.155829701572657 ], [ 785052.264231633860618, 9977502.739052316173911 ], [ 785026.167978121433407, 9977500.685232622548938 ], [ 785000.0, 9977500.0 ], [ 784973.832021878566593, 9977500.685232622548938 ], [ 784947.735768366139382, 9977502.739052316173911 ], [ 784921.782767479890026, 9977506.155829701572657 ], [ 784896.044154591159895, 9977510.92619963362813 ], [ 784870.590477448771708, 9977517.037086855620146 ], [ 784845.491502812481485, 9977524.471741853281856 ], [ 784820.816025227308273, 9977533.20978675223887 ], [ 784796.631678462144919, 9977543.227271178737283 ], [ 784773.004750130232424, 9977554.496737906709313 ], [ 784750.0, 9977566.987298108637333 ], [ 784727.68048249243293, 9977580.664716027677059 ], [ 784706.107373853796162, 9977595.491502812132239 ], [ 784685.339804475079291, 9977611.427019271999598 ], [ 784665.434696820564568, 9977628.427587261423469 ], [ 784646.446609406732023, 9977646.4466094058007 ], [ 784628.427587261307053, 9977665.434696821495891 ], [ 784611.427019271533936, 9977685.339804474264383 ], [ 784595.491502812481485, 9977706.107373854145408 ], [ 784580.664716027327813, 9977727.680482491850853 ], [ 784566.987298107822426, 9977750.0 ], [ 784554.496737905777991, 9977773.004750130698085 ], [ 784543.227271178737283, 9977796.631678462028503 ], [ 784533.209786751423962, 9977820.816025227308273 ], [ 784524.471741852466948, 9977845.491502812132239 ], [ 784517.03708685550373, 9977870.5904774479568 ], [ 784510.926199633046053, 9977896.044154591858387 ], [ 784506.155829702387564, 9977921.782767480239272 ], [ 784502.739052315824665, 9977947.735768366605043 ], [ 784500.685232622665353, 9977973.832021879032254 ], [ 784500.0, 9978000.0 ], [ 784500.685232622665353, 9978026.167978120967746 ], [ 784502.739052315824665, 9978052.264231633394957 ], [ 784506.155829702387564, 9978078.217232519760728 ], [ 784510.926199633046053, 9978103.955845408141613 ], [ 784517.03708685550373, 9978129.4095225520432 ], [ 784524.471741852466948, 9978154.508497187867761 ], [ 784533.209786751423962, 9978179.183974772691727 ], [ 784543.227271178737283, 9978203.368321537971497 ], [ 784554.496737905777991, 9978226.995249869301915 ], [ 784566.987298107822426, 9978250.0 ], [ 784580.664716027327813, 9978272.319517508149147 ], [ 784595.491502812481485, 9978293.892626145854592 ], [ 784611.427019271533936, 9978314.660195525735617 ], [ 784628.427587261307053, 9978334.565303178504109 ], [ 784646.446609406732023, 9978353.5533905941993 ], [ 784665.434696820564568, 9978371.572412738576531 ], [ 784685.339804475079291, 9978388.572980728000402 ], [ 784706.107373853796162, 9978404.508497187867761 ], [ 784727.68048249243293, 9978419.335283972322941 ], [ 784750.0, 9978433.012701891362667 ], [ 784773.004750130232424, 9978445.503262093290687 ], [ 784796.631678462144919, 9978456.772728821262717 ], [ 784820.816025227308273, 9978466.79021324776113 ], [ 784845.491502812481485, 9978475.528258146718144 ], [ 784870.590477448771708, 9978482.962913144379854 ], [ 784896.044154591159895, 9978489.07380036637187 ], [ 784921.782767479890026, 9978493.844170298427343 ], [ 784947.735768366139382, 9978497.260947683826089 ], [ 784973.832021878566593, 9978499.314767377451062 ], [ 785000.0, 9978500.0 ], [ 785026.167978121433407, 9978499.314767377451062 ], [ 785052.264231633860618, 9978497.260947683826089 ], [ 785078.217232520109974, 9978493.844170298427343 ], [ 785103.955845408840105, 9978489.07380036637187 ], [ 785129.409522551228292, 9978482.962913144379854 ], [ 785154.508497187518515, 9978475.528258146718144 ], [ 785179.183974772691727, 9978466.79021324776113 ], [ 785203.368321537855081, 9978456.772728821262717 ], [ 785226.995249869767576, 9978445.503262093290687 ], [ 785250.0, 9978433.012701891362667 ], [ 785272.31951750756707, 9978419.335283972322941 ], [ 785293.892626146203838, 9978404.508497187867761 ], [ 785314.660195524920709, 9978388.572980728000402 ], [ 785334.565303179435432, 9978371.572412738576531 ], [ 785353.553390593267977, 9978353.5533905941993 ], [ 785371.572412738692947, 9978334.565303178504109 ], [ 785388.572980728466064, 9978314.660195525735617 ], [ 785404.508497187518515, 9978293.892626145854592 ], [ 785419.335283972672187, 9978272.319517508149147 ], [ 785433.012701892177574, 9978250.0 ], [ 785445.503262094222009, 9978226.995249869301915 ], [ 785456.772728821262717, 9978203.368321537971497 ], [ 785466.790213248576038, 9978179.183974772691727 ], [ 785475.528258147533052, 9978154.508497187867761 ], [ 785482.96291314449627, 9978129.4095225520432 ], [ 785489.073800366953947, 9978103.955845408141613 ], [ 785493.844170297612436, 9978078.217232519760728 ], [ 785497.260947684175335, 9978052.264231633394957 ], [ 785499.314767377334647, 9978026.167978120967746 ], [ 785500.0, 9978000.0 ] ] ] } },
{ "type": "Feature", "properties": { "easting": 785000.0, "northing": 9990000.0, "id": "grid_E785000_N9990000", "retained": true }, "geometry": { "type": "Polygon", "coordinates": [ [ [ 785500.0, 9990000.0 ], [ 785499.314767377334647, 9989973.832021879032254 ], [ 785497.260947684175335, 9989947.735768366605043 ], [ 785493.844170297612436, 9989921.782767480239272 ], [ 785489.073800366953947, 9989896.044154591858387 ], [ 785482.96291314449627, 9989870.5904774479568 ], [ 785475.528258147533052, 9989845.491502812132239 ], [ 785466.790213248576038, 9989820.816025227308273 ], [ 785456.772728821262717, 9989796.631678462028503 ], [ 785445.503262094222009, 9989773.004750130698085 ], [ 785433.012701892177574, 9989750.0 ], [ 785419.335283972672187, 9989727.680482491850853 ], [ 785404.508497187518515, 9989706.107373854145408 ], [ 785388.572980728466064, 9989685.339804474264383 ], [ 785371.572412738692947, 9989665.434696821495891 ], [ 785353.553390593267977, 9989646.4466094058007 ], [ 785334.565303179435432, 9989628.427587261423469 ], [ 785314.660195524920709, 9989611.427019271999598 ], [ 785293.892626146203838, 9989595.491502812132239 ], [ 785272.31951750756707, 9989580.664716027677059 ], [ 785250.0, 9989566.987298108637333 ], [ 785226.995249869767576, 9989554.496737906709313 ], [ 785203.368321537855081, 9989543.227271178737283 ], [ 785179.183974772691727, 9989533.20978675223887 ], [ 785154.508497187518515, 9989524.471741853281856 ], [ 785129.409522551228292, 9989517.037086855620146 ], [ 785103.955845408840105, 9989510.92619963362813 ], [ 785078.217232520109974, 9989506.155829701572657 ], [ 785052.264231633860618, 9989502.739052316173911 ], [ 785026.167978121433407, 9989500.685232622548938 ], [ 785000.0, 9989500.0 ], [ 784973.832021878566593, 9989500.685232622548938 ], [ 784947.735768366139382, 9989502.739052316173911 ], [ 784921.782767479890026, 9989506.155829701572657 ], [ 784896.044154591159895, 9989510.92619963362813 ], [ 784870.590477448771708, 9989517.037086855620146 ], [ 784845.491502812481485, 9989524.471741853281856 ], [ 784820.816025227308273, 9989533.20978675223887 ], [ 784796.631678462144919, 9989543.227271178737283 ], [ 784773.004750130232424, 9989554.496737906709313 ], [ 784750.0, 9989566.987298108637333 ], [ 784727.68048249243293, 9989580.664716027677059 ], [ 784706.107373853796162, 9989595.491502812132239 ], [ 784685.339804475079291, 9989611.427019271999598 ], [ 784665.434696820564568, 9989628.427587261423469 ], [ 784646.446609406732023, 9989646.4466094058007 ], [ 784628.427587261307053, 9989665.434696821495891 ], [ 784611.427019271533936, 9989685.339804474264383 ], [ 784595.491502812481485, 9989706.107373854145408 ], [ 784580.664716027327813, 9989727.680482491850853 ], [ 784566.987298107822426, 9989750.0 ], [ 784554.496737905777991, 9989773.004750130698085 ], [ 784543.227271178737283, 9989796.631678462028503 ], [ 784533.209786751423962, 9989820.816025227308273 ], [ 784524.471741852466948, 9989845.491502812132239 ], [ 784517.03708685550373, 9989870.5904774479568 ], [ 784510.926199633046053, 9989896.044154591858387 ], [ 784506.155829702387564, 9989921.782767480239272 ], [ 784502.739052315824665, 9989947.735768366605043 ], [ 784500.685232622665353, 9989973.832021879032254 ], [ 784500.0, 9990000.0 ], [ 784500.685232622665353, 9990026.167978120967746 ], [ 784502.739052315824665, 9990052.264231633394957 ], [ 784506.155829702387564, 9990078.217232519760728 ], [ 784510.926199633046053, 9990103.955845408141613 ], [ 784517.03708685550373, 9990129.4095225520432 ], [ 784524.471741852466948, 9990154.508497187867761 ], [ 784533.209786751423962, 9990179.183974772691727 ], [ 784543.227271178737283, 9990203.368321537971497 ], [ 784554.496737905777991, 9990226.995249869301915 ], [ 784566.987298107822426, 9990250.0 ], [ 784580.664716027327813, 9990272.319517508149147 ], [ 784595.491502812481485, 9990293.892626145854592 ], [ 784611.427019271533936, 9990314.660195525735617 ], [ 784628.427587261307053, 9990334.565303178504109 ], [ 784646.446609406732023, 9990353.5533905941993 ], [ 784665.434696820564568, 9990371.572412738576531 ], [ 784685.339804475079291, 9990388.572980728000402 ], [ 784706.107373853796162, 9990404.508497187867761 ], [ 784727.68048249243293, 9990419.335283972322941 ], [ 784750.0, 9990433.012701891362667 ], [ 784773.004750130232424, 9990445.503262093290687 ], [ 784796.631678462144919, 9990456.772728821262717 ], [ 784820.816025227308273, 9990466.79021324776113 ], [ 784845.491502812481485, 9990475.528258146718144 ], [ 784870.590477448771708, 9990482.962913144379854 ], [ 784896.044154591159895, 9990489.07380036637187 ], [ 784921.782767479890026, 9990493.844170298427343 ], [ 784947.735768366139382, 9990497.260947683826089 ], [ 784973.832021878566593, 9990499.314767377451062 ], [ 785000.0, 9990500.0 ], [ 785026.167978121433407, 9990499.314767377451062 ], [ 785052.264231633860618, 9990497.260947683826089 ], [ 785078.217232520109974, 9990493.844170298427343 ], [ 785103.955845408840105, 9990489.07380036637187 ], [ 785129.409522551228292, 9990482.962913144379854 ], [ 785154.508497187518515, 9990475.528258146718144 ], [ 785179.183974772691727, 9990466.79021324776113 ], [ 785203.368321537855081, 9990456.772728821262717 ], [ 785226.995249869767576, 9990445.503262093290687 ], [ 785250.0, 9990433.012701891362667 ], [ 785272.31951750756707, 9990419.335283972322941 ], [ 785293.892626146203838, 9990404.508497187867761 ], [ 785314.660195524920709, 9990388.572980728000402 ], [ 785334.565303179435432, 9990371.572412738576531 ], [ 785353.553390593267977, 9990353.5533905941993 ], [ 785371.572412738692947, 9990334.565303178504109 ], [ 785388.572980728466064, 9990314.660195525735617 ], [ 785404.508497187518515, 9990293.892626145854592 ], [ 785419.335283972672187, 9990272.319517508149147 ], [ 785433.012701892177574, 9990250.0 ], [ 785445.503262094222009, 9990226.995249869301915 ], [ 785456.772728821262717, 9990203.368321537971497 ], [ 785466.790213248576038, 9990179.183974772691727 ], [ 785475.528258147533052, 9990154.508497187867761 ], [ 785482.96291314449627, 9990129.4095225520432 ], [ 785489.073800366953947, 9990103.955845408141613 ], [ 785493.844170297612436, 9990078.217232519760728 ], [ 785497.260947684175335, 9990052.264231633394957 ], [ 785499.314767377334647, 9990026.167978120967746 ], [ 785500.0, 9990000.0 ] ] ] } },
{ "type": "Feature", "properties": { "easting": 785000.0, "northing": 9991000.0, "id": "grid_E785000_N9991000", "retained": true }, "geometry": { "type": "Polygon", "coordinates": [ [ [ 785500.0, 9991000.0 ], [ 785499.314767377334647, 9990973.832021879032254 ], [ 785497.260947684175335, 9990947.735768366605043 ], [ 785493.844170297612436, 9990921.782767480239272 ], [ 785489.073800366953947, 9990896.044154591858387 ], [ 785482.96291314449627, 9990870.5904774479568 ], [ 785475.528258147533052, 9990845.491502812132239 ], [ 785466.790213248576038, 9990820.816025227308273 ], [ 785456.772728821262717, 9990796.631678462028503 ], [ 785445.503262094222009, 9990773.004750130698085 ], [ 785433.012701892177574, 9990750.0 ], [ 785419.335283972672187, 9990727.680482491850853 ], [ 785404.508497187518515, 9990706.107373854145408 ], [ 785388.572980728466064, 9990685.339804474264383 ], [ 785371.572412738692947, 9990665.434696821495891 ], [ 785353.553390593267977, 9990646.4466094058007 ], [ 785334.565303179435432, 9990628.427587261423469 ], [ 785314.660195524920709, 9990611.427019271999598 ], [ 785293.892626146203838, 9990595.491502812132239 ], [ 785272.31951750756707, 9990580.664716027677059 ], [ 785250.0, 9990566.987298108637333 ], [ 785226.995249869767576, 9990554.496737906709313 ], [ 785203.368321537855081, 9990543.227271178737283 ], [ 785179.183974772691727, 9990533.20978675223887 ], [ 785154.508497187518515, 9990524.471741853281856 ], [ 785129.409522551228292, 9990517.037086855620146 ], [ 785103.955845408840105, 9990510.92619963362813 ], [ 785078.217232520109974, 9990506.155829701572657 ], [ 785052.264231633860618, 9990502.739052316173911 ], [ 785026.167978121433407, 9990500.685232622548938 ], [ 785000.0, 9990500.0 ], [ 784973.832021878566593, 9990500.685232622548938 ], [ 784947.735768366139382, 9990502.739052316173911 ], [ 784921.782767479890026, 9990506.155829701572657 ], [ 784896.044154591159895, 9990510.92619963362813 ], [ 784870.590477448771708, 9990517.037086855620146 ], [ 784845.491502812481485, 9990524.471741853281856 ], [ 784820.816025227308273, 9990533.20978675223887 ], [ 784796.631678462144919, 9990543.227271178737283 ], [ 784773.004750130232424, 9990554.496737906709313 ], [ 784750.0, 9990566.987298108637333 ], [ 784727.68048249243293, 9990580.664716027677059 ], [ 784706.107373853796162, 9990595.491502812132239 ], [ 784685.339804475079291, 9990611.427019271999598 ], [ 784665.434696820564568, 9990628.427587261423469 ], [ 784646.446609406732023, 9990646.4466094058007 ], [ 784628.427587261307053, 9990665.434696821495891 ], [ 784611.427019271533936, 9990685.339804474264383 ], [ 784595.491502812481485, 9990706.107373854145408 ], [ 784580.664716027327813, 9990727.680482491850853 ], [ 784566.987298107822426, 9990750.0 ], [ 784554.496737905777991, 9990773.004750130698085 ], [ 784543.227271178737283, 9990796.631678462028503 ], [ 784533.209786751423962, 9990820.816025227308273 ], [ 784524.471741852466948, 9990845.491502812132239 ], [ 784517.03708685550373, 9990870.5904774479568 ], [ 784510.926199633046053, 9990896.044154591858387 ], [ 784506.155829702387564, 9990921.782767480239272 ], [ 784502.739052315824665, 9990947.735768366605043 ], [ 784500.685232622665353, 9990973.832021879032254 ], [ 784500.0, 9991000.0 ], [ 784500.685232622665353, 9991026.167978120967746 ], [ 784502.739052315824665, 9991052.264231633394957 ], [ 784506.155829702387564, 9991078.217232519760728 ], [ 784510.926199633046053, 9991103.955845408141613 ], [ 784517.03708685550373, 9991129.4095225520432 ], [ 784524.471741852466948, 9991154.508497187867761 ], [ 784533.209786751423962, 9991179.183974772691727 ], [ 784543.227271178737283, 9991203.368321537971497 ], [ 784554.496737905777991, 9991226.995249869301915 ], [ 784566.987298107822426, 9991250.0 ], [ 784580.664716027327813, 9991272.319517508149147 ], [ 784595.491502812481485, 9991293.892626145854592 ], [ 784611.427019271533936, 9991314.660195525735617 ], [ 784628.427587261307053, 9991334.565303178504109 ], [ 784646.446609406732023, 9991353.5533905941993 ], [ 784665.434696820564568, 9991371.572412738576531 ], [ 784685.339804475079291, 9991388.572980728000402 ], [ 784706.107373853796162, 9991404.508497187867761 ], [ 784727.68048249243293, 9991419.335283972322941 ], [ 784750.0, 9991433.012701891362667 ], [ 784773.004750130232424, 9991445.503262093290687 ], [ 784796.631678462144919, 9991456.772728821262717 ], [ 784820.816025227308273, 9991466.79021324776113 ], [ 784845.491502812481485, 9991475.528258146718144 ], [ 784870.590477448771708, 9991482.962913144379854 ], [ 784896.044154591159895, 9991489.07380036637187 ], [ 784921.782767479890026, 9991493.844170298427343 ], [ 784947.735768366139382, 9991497.260947683826089 ], [ 784973.832021878566593, 9991499.314767377451062 ], [ 785000.0, 9991500.0 ], [ 785026.167978121433407, 9991499.314767377451062 ], [ 785052.264231633860618, 9991497.260947683826089 ], [ 785078.217232520109974, 9991493.844170298427343 ], [ 785103.955845408840105, 9991489.07380036637187 ], [ 785129.409522551228292, 9991482.962913144379854 ], [ 785154.508497187518515, 9991475.528258146718144 ], [ 785179.183974772691727, 9991466.79021324776113 ], [ 785203.368321537855081, 9991456.772728821262717 ], [ 785226.995249869767576, 9991445.503262093290687 ], [ 785250.0, 9991433.012701891362667 ], [ 785272.31951750756707, 9991419.335283972322941 ], [ 785293.892626146203838, 9991404.508497187867761 ], [ 785314.660195524920709, 9991388.572980728000402 ], [ 785334.565303179435432, 9991371.572412738576531 ], [ 785353.553390593267977, 9991353.5533905941993 ], [ 785371.572412738692947, 9991334.565303178504109 ], [ 785388.572980728466064, 9991314.660195525735617 ], [ 785404.508497187518515, 9991293.892626145854592 ], [ 785419.335283972672187, 9991272.319517508149147 ], [ 785433.012701892177574, 9991250.0 ], [ 785445.503262094222009, 9991226.995249869301915 ], [ 785456.772728821262717, 9991203.368321537971497 ], [ 785466.790213248576038, 9991179.183974772691727 ], [ 785475.528258147533052, 9991154.508497187867761 ], [ 785482.96291314449627, 9991129.4095225520432 ], [ 785489.073800366953947, 9991103.955845408141613 ], [ 785493.844170297612436, 9991078.217232519760728 ], [ 785497.260947684175335, 9991052.264231633394957 ], [ 785499.314767377334647, 9991026.167978120967746 ], [ 785500.0, 9991000.0 ] ] ] } },
{ "type": "Feature", "properties": { "easting": 785000.0, "northing": 9992000.0, "id": "grid_E785000_N9992000", "retained": true }, "geometry": { "type": "Polygon", "coordinates": [ [ [ 785500.0, 9992000.0 ], [ 785499.314767377334647, 9991973.832021879032254 ], [ 785497.260947684175335, 9991947.735768366605043 ], [ 785493.844170297612436, 9991921.782767480239272 ], [ 785489.073800366953947, 9991896.044154591858387 ], [ 785482.96291314449627, 9991870.5904774479568 ], [ 785475.528258147533052, 9991845.491502812132239 ], [ 785466.790213248576038, 9991820.816025227308273 ], [ 785456.772728821262717, 9991796.631678462028503 ], [ 785445.503262094222009, 9991773.004750130698085 ], [ 785433.012701892177574, 9991750.0 ], [ 785419.335283972672187, 9991727.680482491850853 ], [ 785404.508497187518515, 9991706.107373854145408 ], [ 785388.572980728466064, 9991685.339804474264383 ], [ 785371.572412738692947, 9991665.434696821495891 ], [ 785353.553390593267977, 9991646.4466094058007 ], [ 785334.565303179435432, 9991628.427587261423469 ], [ 785314.660195524920709, 9991611.427019271999598 ], [ 785293.892626146203838, 9991595.491502812132239 ], [ 785272.31951750756707, 9991580.664716027677059 ], [ 785250.0, 9991566.987298108637333 ], [ 785226.995249869767576, 9991554.496737906709313 ], [ 785203.368321537855081, 9991543.227271178737283 ], [ 785179.183974772691727, 9991533.20978675223887 ], [ 785154.508497187518515, 9991524.471741853281856 ], [ 785129.409522551228292, 9991517.037086855620146 ], [ 785103.955845408840105, 9991510.92619963362813 ], [ 785078.217232520109974, 9991506.155829701572657 ], [ 785052.264231633860618, 9991502.739052316173911 ], [ 785026.167978121433407, 9991500.685232622548938 ], [ 785000.0, 9991500.0 ], [ 784973.832021878566593, 9991500.685232622548938 ], [ 784947.735768366139382, 9991502.739052316173911 ], [ 784921.782767479890026, 9991506.155829701572657 ], [ 784896.044154591159895, 9991510.92619963362813 ], [ 784870.590477448771708, 9991517.037086855620146 ], [ 784845.491502812481485, 9991524.471741853281856 ], [ 784820.816025227308273, 9991533.20978675223887 ], [ 784796.631678462144919, 9991543.227271178737283 ], [ 784773.004750130232424, 9991554.496737906709313 ], [ 784750.0, 9991566.987298108637333 ], [ 784727.68048249243293, 9991580.664716027677059 ], [ 784706.107373853796162, 9991595.491502812132239 ], [ 784685.339804475079291, 9991611.427019271999598 ], [ 784665.434696820564568, 9991628.427587261423469 ], [ 784646.446609406732023, 9991646.4466094058007 ], [ 784628.427587261307053, 9991665.434696821495891 ], [ 784611.427019271533936, 9991685.339804474264383 ], [ 784595.491502812481485, 9991706.107373854145408 ], [ 784580.664716027327813, 9991727.680482491850853 ], [ 784566.987298107822426, 9991750.0 ], [ 784554.496737905777991, 9991773.004750130698085 ], [ 784543.227271178737283, 9991796.631678462028503 ], [ 784533.209786751423962, 9991820.816025227308273 ], [ 784524.471741852466948, 9991845.491502812132239 ], [ 784517.03708685550373, 9991870.5904774479568 ], [ 784510.926199633046053, 9991896.044154591858387 ], [ 784506.155829702387564, 9991921.782767480239272 ], [ 784502.739052315824665, 9991947.735768366605043 ], [ 784500.685232622665353, 9991973.832021879032254 ], [ 784500.0, 9992000.0 ], [ 784500.685232622665353, 9992026.167978120967746 ], [ 784502.739052315824665, 9992052.264231633394957 ], [ 784506.155829702387564, 9992078.217232519760728 ], [ 784510.926199633046053, 9992103.955845408141613 ], [ 784517.03708685550373, 9992129.4095225520432 ], [ 784524.471741852466948, 9992154.508497187867761 ], [ 784533.209786751423962, 9992179.183974772691727 ], [ 784543.227271178737283, 9992203.368321537971497 ], [ 784554.496737905777991, 9992226.995249869301915 ], [ 784566.987298107822426, 9992250.0 ], [ 784580.664716027327813, 9992272.319517508149147 ], [ 784595.491502812481485, 9992293.892626145854592 ], [ 784611.427019271533936, 9992314.660195525735617 ], [ 784628.427587261307053, 9992334.565303178504109 ], [ 784646.446609406732023, 9992353.5533905941993 ], [ 784665.434696820564568, 9992371.572412738576531 ], [ 784685.339804475079291, 9992388.572980728000402 ], [ 784706.107373853796162, 9992404.508497187867761 ], [ 784727.68048249243293, 9992419.335283972322941 ], [ 784750.0, 9992433.012701891362667 ], [ 784773.004750130232424, 9992445.503262093290687 ], [ 784796.631678462144919, 9992456.772728821262717 ], [ 784820.816025227308273, 9992466.79021324776113 ], [ 784845.491502812481485, 9992475.528258146718144 ], [ 784870.590477448771708, 9992482.962913144379854 ], [ 784896.044154591159895, 9992489.07380036637187 ], [ 784921.782767479890026, 9992493.844170298427343 ], [ 784947.735768366139382, 9992497.260947683826089 ], [ 784973.832021878566593, 9992499.314767377451062 ], [ 785000.0, 9992500.0 ], [ 785026.167978121433407, 9992499.314767377451062 ], [ 785052.264231633860618, 9992497.260947683826089 ], [ 785078.217232520109974, 9992493.844170298427343 ], [ 785103.955845408840105, 9992489.07380036637187 ], [ 785129.409522551228292, 9992482.962913144379854 ], [ 785154.508497187518515, 9992475.528258146718144 ], [ 785179.183974772691727, 9992466.79021324776113 ], [ 785203.368321537855081, 9992456.772728821262717 ], [ 785226.995249869767576, 9992445.503262093290687 ], [ 785250.0, 9992433.012701891362667 ], [ 785272.31951750756707, 9992419.335283972322941 ], [ 785293.892626146203838, 9992404.508497187867761 ], [ 785314.660195524920709, 9992388.572980728000402 ], [ 785334.565303179435432, 9992371.572412738576531 ], [ 785353.553390593267977, 9992353.5533905941993 ], [ 785371.572412738692947, 9992334.565303178504109 ], [ 785388.572980728466064, 9992314.660195525735617 ], [ 785404.508497187518515, 9992293.892626145854592 ], [ 785419.335283972672187, 9992272.319517508149147 ], [ 785433.012701892177574, 9992250.0 ], [ 785445.503262094222009, 9992226.995249869301915 ], [ 785456.772728821262717, 9992203.368321537971497 ], [ 785466.790213248576038, 9992179.183974772691727 ], [ 785475.528258147533052, 9992154.508497187867761 ], [ 785482.96291314449627, 9992129.4095225520432 ], [ 785489.073800366953947, 9992103.955845408141613 ], [ 785493.844170297612436, 9992078.217232519760728 ], [ 785497.260947684175335, 9992052.264231633394957 ], [ 785499.314767377334647, 9992026.167978120967746 ], [ 785500.0, 9992000.0 ] ] ] } },
{ "type": "Feature", "properties": { "easting": 786000.0, "northing": 9977000.0, "id": "grid_E786000_N9977000", "retained": true }, "geometry": { "type": "Polygon", "coordinates": [ [ [ 786500.0, 9977000.0 ], [ 786499.314767377334647, 9976973.832021879032254 ], [ 786497.260947684175335, 9976947.735768366605043 ], [ 786493.844170297612436, 9976921.782767480239272 ], [ 786489.073800366953947, 9976896.044154591858387 ], [ 786482.96291314449627, 9976870.5904774479568 ], [ 786475.528258147533052, 9976845.491502812132239 ], [ 786466.790213248576038, 9976820.816025227308273 ], [ 786456.772728821262717, 9976796.631678462028503 ], [ 786445.503262094222009, 9976773.004750130698085 ], [ 786433.012701892177574, 9976750.0 ], [ 786419.335283972672187, 9976727.680482491850853 ], [ 786404.508497187518515, 9976706.107373854145408 ], [ 786388.572980728466064, 9976685.339804474264383 ], [ 786371.572412738692947, 9976665.434696821495891 ], [ 786353.553390593267977, 9976646.4466094058007 ], [ 786334.565303179435432, 9976628.427587261423469 ], [ 786314.660195524920709, 9976611.427019271999598 ], [ 786293.892626146203838, 9976595.491502812132239 ], [ 786272.31951750756707, 9976580.664716027677059 ], [ 786250.0, 9976566.987298108637333 ], [ 786226.995249869767576, 9976554.496737906709313 ], [ 786203.368321537855081, 9976543.227271178737283 ], [ 786179.183974772691727, 9976533.20978675223887 ], [ 786154.508497187518515, 9976524.471741853281856 ], [ 786129.409522551228292, 9976517.037086855620146 ], [ 786103.955845408840105, 9976510.92619963362813 ], [ 786078.217232520109974, 9976506.155829701572657 ], [ 786052.264231633860618, 9976502.739052316173911 ], [ 786026.167978121433407, 9976500.685232622548938 ], [ 786000.0, 9976500.0 ], [ 785973.832021878566593, 9976500.685232622548938 ], [ 785947.735768366139382, 9976502.739052316173911 ], [ 785921.782767479890026, 9976506.155829701572657 ], [ 785896.044154591159895, 9976510.92619963362813 ], [ 785870.590477448771708, 9976517.037086855620146 ], [ 785845.491502812481485, 9976524.471741853281856 ], [ 785820.816025227308273, 9976533.20978675223887 ], [ 785796.631678462144919, 9976543.227271178737283 ], [ 785773.004750130232424, 9976554.496737906709313 ], [ 785750.0, 9976566.987298108637333 ], [ 785727.68048249243293, 9976580.664716027677059 ], [ 785706.107373853796162, 9976595.491502812132239 ], [ 785685.339804475079291, 9976611.427019271999598 ], [ 785665.434696820564568, 9976628.427587261423469 ], [ 785646.446609406732023, 9976646.4466094058007 ], [ 785628.427587261307053, 9976665.434696821495891 ], [ 785611.427019271533936, 9976685.339804474264383 ], [ 785595.491502812481485, 9976706.107373854145408 ], [ 785580.664716027327813, 9976727.680482491850853 ], [ 785566.987298107822426, 9976750.0 ], [ 785554.496737905777991, 9976773.004750130698085 ], [ 785543.227271178737283, 9976796.631678462028503 ], [ 785533.209786751423962, 9976820.816025227308273 ], [ 785524.471741852466948, 9976845.491502812132239 ], [ 785517.03708685550373, 9976870.5904774479568 ], [ 785510.926199633046053, 9976896.044154591858387 ], [ 785506.155829702387564, 9976921.782767480239272 ], [ 785502.739052315824665, 9976947.735768366605043 ], [ 785500.685232622665353, 9976973.832021879032254 ], [ 785500.0, 9977000.0 ], [ 785500.685232622665353, 9977026.167978120967746 ], [ 785502.739052315824665, 9977052.264231633394957 ], [ 785506.155829702387564, 9977078.217232519760728 ], [ 785510.926199633046053, 9977103.955845408141613 ], [ 785517.03708685550373, 9977129.4095225520432 ], [ 785524.471741852466948, 9977154.508497187867761 ], [ 785533.209786751423962, 9977179.183974772691727 ], [ 785543.227271178737283, 9977203.368321537971497 ], [ 785554.496737905777991, 9977226.995249869301915 ], [ 785566.987298107822426, 9977250.0 ], [ 785580.664716027327813, 9977272.319517508149147 ], [ 785595.491502812481485, 9977293.892626145854592 ], [ 785611.427019271533936, 9977314.660195525735617 ], [ 785628.427587261307053, 9977334.565303178504109 ], [ 785646.446609406732023, 9977353.5533905941993 ], [ 785665.434696820564568, 9977371.572412738576531 ], [ 785685.339804475079291, 9977388.572980728000402 ], [ 785706.107373853796162, 9977404.508497187867761 ], [ 785727.68048249243293, 9977419.335283972322941 ], [ 785750.0, 9977433.012701891362667 ], [ 785773.004750130232424, 9977445.503262093290687 ], [ 785796.631678462144919, 9977456.772728821262717 ], [ 785820.816025227308273, 9977466.79021324776113 ], [ 785845.491502812481485, 9977475.528258146718144 ], [ 785870.590477448771708, 9977482.962913144379854 ], [ 785896.044154591159895, 9977489.07380036637187 ], [ 785921.782767479890026, 9977493.844170298427343 ], [ 785947.735768366139382, 9977497.260947683826089 ], [ 785973.832021878566593, 9977499.314767377451062 ], [ 786000.0, 9977500.0 ], [ 786026.167978121433407, 9977499.314767377451062 ], [ 786052.264231633860618, 9977497.260947683826089 ], [ 786078.217232520109974, 9977493.844170298427343 ], [ 786103.955845408840105, 9977489.07380036637187 ], [ 786129.409522551228292, 9977482.962913144379854 ], [ 786154.508497187518515, 9977475.528258146718144 ], [ 786179.183974772691727, 9977466.79021324776113 ], [ 786203.368321537855081, 9977456.772728821262717 ], [ 786226.995249869767576, 9977445.503262093290687 ], [ 786250.0, 9977433.012701891362667 ], [ 786272.31951750756707, 9977419.335283972322941 ], [ 786293.892626146203838, 9977404.508497187867761 ], [ 786314.660195524920709, 9977388.572980728000402 ], [ 786334.565303179435432, 9977371.572412738576531 ], [ 786353.553390593267977, 9977353.5533905941993 ], [ 786371.572412738692947, 9977334.565303178504109 ], [ 786388.572980728466064, 9977314.660195525735617 ], [ 786404.508497187518515, 9977293.892626145854592 ], [ 786419.335283972672187, 9977272.319517508149147 ], [ 786433.012701892177574, 9977250.0 ], [ 786445.503262094222009, 9977226.995249869301915 ], [ 786456.772728821262717, 9977203.368321537971497 ], [ 786466.790213248576038, 9977179.183974772691727 ], [ 786475.528258147533052, 9977154.508497187867761 ], [ 786482.96291314449627, 9977129.4095225520432 ], [ 786489.073800366953947, 9977103.955845408141613 ], [ 786493.844170297612436, 9977078.217232519760728 ], [ 786497.260947684175335, 9977052.264231633394957 ], [ 786499.314767377334647, 9977026.167978120967746 ], [ 786500.0, 9977000.0 ] ] ] } },
{ "type": "Feature", "properties": { "easting": 786000.0, "northing": 9991000.0, "id": "grid_E786000_N9991000", "retained": true }, "geometry": { "type": "Polygon", "coordinates": [ [ [ 786500.0, 9991000.0 ], [ 786499.314767377334647, 9990973.832021879032254 ], [ 786497.260947684175335, 9990947.735768366605043 ], [ 786493.844170297612436, 9990921.782767480239272 ], [ 786489.073800366953947, 9990896.044154591858387 ], [ 786482.96291314449627, 9990870.5904774479568 ], [ 786475.528258147533052, 9990845.491502812132239 ], [ 786466.790213248576038, 9990820.816025227308273 ], [ 786456.772728821262717, 9990796.631678462028503 ], [ 786445.503262094222009, 9990773.004750130698085 ], [ 786433.012701892177574, 9990750.0 ], [ 786419.335283972672187, 9990727.680482491850853 ], [ 786404.508497187518515, 9990706.107373854145408 ], [ 786388.572980728466064, 9990685.339804474264383 ], [ 786371.572412738692947, 9990665.434696821495891 ], [ 786353.553390593267977, 9990646.4466094058007 ], [ 786334.565303179435432, 9990628.427587261423469 ], [ 786314.660195524920709, 9990611.427019271999598 ], [ 786293.892626146203838, 9990595.491502812132239 ], [ 786272.31951750756707, 9990580.664716027677059 ], [ 786250.0, 9990566.987298108637333 ], [ 786226.995249869767576, 9990554.496737906709313 ], [ 786203.368321537855081, 9990543.227271178737283 ], [ 786179.183974772691727, 9990533.20978675223887 ], [ 786154.508497187518515, 9990524.471741853281856 ], [ 786129.409522551228292, 9990517.037086855620146 ], [ 786103.955845408840105, 9990510.92619963362813 ], [ 786078.217232520109974, 9990506.155829701572657 ], [ 786052.264231633860618, 9990502.739052316173911 ], [ 786026.167978121433407, 9990500.685232622548938 ], [ 786000.0, 9990500.0 ], [ 785973.832021878566593, 9990500.685232622548938 ], [ 785947.735768366139382, 9990502.739052316173911 ], [ 785921.782767479890026, 9990506.155829701572657 ], [ 785896.044154591159895, 9990510.92619963362813 ], [ 785870.590477448771708, 9990517.037086855620146 ], [ 785845.491502812481485, 9990524.471741853281856 ], [ 785820.816025227308273, 9990533.20978675223887 ], [ 785796.631678462144919, 9990543.227271178737283 ], [ 785773.004750130232424, 9990554.496737906709313 ], [ 785750.0, 9990566.987298108637333 ], [ 785727.68048249243293, 9990580.664716027677059 ], [ 785706.107373853796162, 9990595.491502812132239 ], [ 785685.339804475079291, 9990611.427019271999598 ], [ 785665.434696820564568, 9990628.427587261423469 ], [ 785646.446609406732023, 9990646.4466094058007 ], [ 785628.427587261307053, 9990665.434696821495891 ], [ 785611.427019271533936, 9990685.339804474264383 ], [ 785595.491502812481485, 9990706.107373854145408 ], [ 785580.664716027327813, 9990727.680482491850853 ], [ 785566.987298107822426, 9990750.0 ], [ 785554.496737905777991, 9990773.004750130698085 ], [ 785543.227271178737283, 9990796.631678462028503 ], [ 785533.209786751423962, 9990820.816025227308273 ], [ 785524.471741852466948, 9990845.491502812132239 ], [ 785517.03708685550373, 9990870.5904774479568 ], [ 785510.926199633046053, 9990896.044154591858387 ], [ 785506.155829702387564, 9990921.782767480239272 ], [ 785502.739052315824665, 9990947.735768366605043 ], [ 785500.685232622665353, 9990973.832021879032254 ], [ 785500.0, 9991000.0 ], [ 785500.685232622665353, 9991026.167978120967746 ], [ 785502.739052315824665, 9991052.264231633394957 ], [ 785506.155829702387564, 9991078.217232519760728 ], [ 785510.926199633046053, 9991103.955845408141613 ], [ 785517.03708685550373, 9991129.4095225520432 ], [ 785524.471741852466948, 9991154.508497187867761 ], [ 785533.209786751423962, 9991179.183974772691727 ], [ 785543.227271178737283, 9991203.368321537971497 ], [ 785554.496737905777991, 9991226.995249869301915 ], [ 785566.987298107822426, 9991250.0 ], [ 785580.664716027327813, 9991272.319517508149147 ], [ 785595.491502812481485, 9991293.892626145854592 ], [ 785611.427019271533936, 9991314.660195525735617 ], [ 785628.427587261307053, 9991334.565303178504109 ], [ 785646.446609406732023, 9991353.5533905941993 ], [ 785665.434696820564568, 9991371.572412738576531 ], [ 785685.339804475079291, 9991388.572980728000402 ], [ 785706.107373853796162, 9991404.508497187867761 ], [ 785727.68048249243293, 9991419.335283972322941 ], [ 785750.0, 9991433.012701891362667 ], [ 785773.004750130232424, 9991445.503262093290687 ], [ 785796.631678462144919, 9991456.772728821262717 ], [ 785820.816025227308273, 9991466.79021324776113 ], [ 785845.491502812481485, 9991475.528258146718144 ], [ 785870.590477448771708, 9991482.962913144379854 ], [ 785896.044154591159895, 9991489.07380036637187 ], [ 785921.782767479890026, 9991493.844170298427343 ], [ 785947.735768366139382, 9991497.260947683826089 ], [ 785973.832021878566593, 9991499.314767377451062 ], [ 786000.0, 9991500.0 ], [ 786026.167978121433407, 9991499.314767377451062 ], [ 786052.264231633860618, 9991497.260947683826089 ], [ 786078.217232520109974, 9991493.844170298427343 ], [ 786103.955845408840105, 9991489.07380036637187 ], [ 786129.409522551228292, 9991482.962913144379854 ], [ 786154.508497187518515, 9991475.528258146718144 ], [ 786179.183974772691727, 9991466.79021324776113 ], [ 786203.368321537855081, 9991456.772728821262717 ], [ 786226.995249869767576, 9991445.503262093290687 ], [ 786250.0, 9991433.012701891362667 ], [ 786272.31951750756707, 9991419.335283972322941 ], [ 786293.892626146203838, 9991404.508497187867761 ], [ 786314.660195524920709, 9991388.572980728000402 ], [ 786334.565303179435432, 9991371.572412738576531 ], [ 786353.553390593267977, 9991353.5533905941993 ], [ 786371.572412738692947, 9991334.565303178504109 ], [ 786388.572980728466064, 9991314.660195525735617 ], [ 786404.508497187518515, 9991293.892626145854592 ], [ 786419.335283972672187, 9991272.319517508149147 ], [ 786433.012701892177574, 9991250.0 ], [ 786445.503262094222009, 9991226.995249869301915 ], [ 786456.772728821262717, 9991203.368321537971497 ], [ 786466.790213248576038, 9991179.183974772691727 ], [ 786475.528258147533052, 9991154.508497187867761 ], [ 786482.96291314449627, 9991129.4095225520432 ], [ 786489.073800366953947, 9991103.955845408141613 ], [ 786493.844170297612436, 9991078.217232519760728 ], [ 786497.260947684175335, 9991052.264231633394957 ], [ 786499.314767377334647, 9991026.167978120967746 ], [ 786500.0, 9991000.0 ] ] ] } },
{ "type": "Feature", "properties": { "easting": 786000.0, "northing": 9992000.0, "id": "grid_E786000_N9992000", "retained": true }, "geometry": { "type": "Polygon", "coordinates": [ [ [ 786500.0, 9992000.0 ], [ 786499.314767377334647, 9991973.832021879032254 ], [ 786497.260947684175335, 9991947.735768366605043 ], [ 786493.844170297612436, 9991921.782767480239272 ], [ 786489.073800366953947, 9991896.044154591858387 ], [ 786482.96291314449627, 9991870.5904774479568 ], [ 786475.528258147533052, 9991845.491502812132239 ], [ 786466.790213248576038, 9991820.816025227308273 ], [ 786456.772728821262717, 9991796.631678462028503 ], [ 786445.503262094222009, 9991773.004750130698085 ], [ 786433.012701892177574, 9991750.0 ], [ 786419.335283972672187, 9991727.680482491850853 ], [ 786404.508497187518515, 9991706.107373854145408 ], [ 786388.572980728466064, 9991685.339804474264383 ], [ 786371.572412738692947, 9991665.434696821495891 ], [ 786353.553390593267977, 9991646.4466094058007 ], [ 786334.565303179435432, 9991628.427587261423469 ], [ 786314.660195524920709, 9991611.427019271999598 ], [ 786293.892626146203838, 9991595.491502812132239 ], [ 786272.31951750756707, 9991580.664716027677059 ], [ 786250.0, 9991566.987298108637333 ], [ 786226.995249869767576, 9991554.496737906709313 ], [ 786203.368321537855081, 9991543.227271178737283 ], [ 786179.183974772691727, 9991533.20978675223887 ], [ 786154.508497187518515, 9991524.471741853281856 ], [ 786129.409522551228292, 9991517.037086855620146 ], [ 786103.955845408840105, 9991510.92619963362813 ], [ 786078.217232520109974, 9991506.155829701572657 ], [ 786052.264231633860618, 9991502.739052316173911 ], [ 786026.167978121433407, 9991500.685232622548938 ], [ 786000.0, 9991500.0 ], [ 785973.832021878566593, 9991500.685232622548938 ], [ 785947.735768366139382, 9991502.739052316173911 ], [ 785921.782767479890026, 9991506.155829701572657 ], [ 785896.044154591159895, 9991510.92619963362813 ], [ 785870.590477448771708, 9991517.037086855620146 ], [ 785845.491502812481485, 9991524.471741853281856 ], [ 785820.816025227308273, 9991533.20978675223887 ], [ 785796.631678462144919, 9991543.227271178737283 ], [ 785773.004750130232424, 9991554.496737906709313 ], [ 785750.0, 9991566.987298108637333 ], [ 785727.68048249243293, 9991580.664716027677059 ], [ 785706.107373853796162, 9991595.491502812132239 ], [ 785685.339804475079291, 9991611.427019271999598 ], [ 785665.434696820564568, 9991628.427587261423469 ], [ 785646.446609406732023, 9991646.4466094058007 ], [ 785628.427587261307053, 9991665.434696821495891 ], [ 785611.427019271533936, 9991685.339804474264383 ], [ 785595.491502812481485, 9991706.107373854145408 ], [ 785580.664716027327813, 9991727.680482491850853 ], [ 785566.987298107822426, 9991750.0 ], [ 785554.496737905777991, 9991773.004750130698085 ], [ 785543.227271178737283, 9991796.631678462028503 ], [ 785533.209786751423962, 9991820.816025227308273 ], [ 785524.471741852466948, 9991845.491502812132239 ], [ 785517.03708685550373, 9991870.5904774479568 ], [ 785510.926199633046053, 9991896.044154591858387 ], [ 785506.155829702387564, 9991921.782767480239272 ], [ 785502.739052315824665, 9991947.735768366605043 ], [ 785500.685232622665353, 9991973.832021879032254 ], [ 785500.0, 9992000.0 ], [ 785500.685232622665353, 9992026.167978120967746 ], [ 785502.739052315824665, 9992052.264231633394957 ], [ 785506.155829702387564, 9992078.217232519760728 ], [ 785510.926199633046053, 9992103.955845408141613 ], [ 785517.03708685550373, 9992129.4095225520432 ], [ 785524.471741852466948, 9992154.508497187867761 ], [ 785533.209786751423962, 9992179.183974772691727 ], [ 785543.227271178737283, 9992203.368321537971497 ], [ 785554.496737905777991, 9992226.995249869301915 ], [ 785566.987298107822426, 9992250.0 ], [ 785580.664716027327813, 9992272.319517508149147 ], [ 785595.491502812481485, 9992293.892626145854592 ], [ 785611.427019271533936, 9992314.660195525735617 ], [ 785628.427587261307053, 9992334.565303178504109 ], [ 785646.446609406732023, 9992353.5533905941993 ], [ 785665.434696820564568, 9992371.572412738576531 ], [ 785685.339804475079291, 9992388.572980728000402 ], [ 785706.107373853796162, 9992404.508497187867761 ], [ 785727.68048249243293, 9992419.335283972322941 ], [ 785750.0, 9992433.012701891362667 ], [ 785773.004750130232424, 9992445.503262093290687 ], [ 785796.631678462144919, 9992456.772728821262717 ], [ 785820.816025227308273, 9992466.79021324776113 ], [ 785845.491502812481485, 9992475.528258146718144 ], [ 785870.590477448771708, 9992482.962913144379854 ], [ 785896.044154591159895, 9992489.07380036637187 ], [ 785921.782767479890026, 9992493.844170298427343 ], [ 785947.735768366139382, 9992497.260947683826089 ], [ 785973.832021878566593, 9992499.314767377451062 ], [ 786000.0, 9992500.0 ], [ 786026.167978121433407, 9992499.314767377451062 ], [ 786052.264231633860618, 9992497.260947683826089 ], [ 786078.217232520109974, 9992493.844170298427343 ], [ 786103.955845408840105, 9992489.07380036637187 ], [ 786129.409522551228292, 9992482.962913144379854 ], [ 786154.508497187518515, 9992475.528258146718144 ], [ 786179.183974772691727, 9992466.79021324776113 ], [ 786203.368321537855081, 9992456.772728821262717 ], [ 786226.995249869767576, 9992445.503262093290687 ], [ 786250.0, 9992433.012701891362667 ], [ 786272.31951750756707, 9992419.335283972322941 ], [ 786293.892626146203838, 9992404.508497187867761 ], [ 786314.660195524920709, 9992388.572980728000402 ], [ 786334.565303179435432, 9992371.572412738576531 ], [ 786353.553390593267977, 9992353.5533905941993 ], [ 786371.572412738692947, 9992334.565303178504109 ], [ 786388.572980728466064, 9992314.660195525735617 ], [ 786404.508497187518515, 9992293.892626145854592 ], [ 786419.335283972672187, 9992272.319517508149147 ], [ 786433.012701892177574, 9992250.0 ], [ 786445.503262094222009, 9992226.995249869301915 ], [ 786456.772728821262717, 9992203.368321537971497 ], [ 786466.790213248576038, 9992179.183974772691727 ], [ 786475.528258147533052, 9992154.508497187867761 ], [ 786482.96291314449627, 9992129.4095225520432 ], [ 786489.073800366953947, 9992103.955845408141613 ], [ 786493.844170297612436, 9992078.217232519760728 ], [ 786497.260947684175335, 9992052.264231633394957 ], [ 786499.314767377334647, 9992026.167978120967746 ], [ 786500.0, 9992000.0 ] ] ] } },
{ "type": "Feature", "properties": { "easting": 786000.0, "northing": 9993000.0, "id": "grid_E786000_N9993000", "retained": true }, "geometry": { "type": "Polygon", "coordinates": [ [ [ 786500.0, 9993000.0 ], [ 786499.314767377334647, 9992973.832021879032254 ], [ 786497.260947684175335, 9992947.735768366605043 ], [ 786493.844170297612436, 9992921.782767480239272 ], [ 786489.073800366953947, 9992896.044154591858387 ], [ 786482.96291314449627, 9992870.5904774479568 ], [ 786475.528258147533052, 9992845.491502812132239 ], [ 786466.790213248576038, 9992820.816025227308273 ], [ 786456.772728821262717, 9992796.631678462028503 ], [ 786445.503262094222009, 9992773.004750130698085 ], [ 786433.012701892177574, 9992750.0 ], [ 786419.335283972672187, 9992727.680482491850853 ], [ 786404.508497187518515, 9992706.107373854145408 ], [ 786388.572980728466064, 9992685.339804474264383 ], [ 786371.572412738692947, 9992665.434696821495891 ], [ 786353.553390593267977, 9992646.4466094058007 ], [ 786334.565303179435432, 9992628.427587261423469 ], [ 786314.660195524920709, 9992611.427019271999598 ], [ 786293.892626146203838, 9992595.491502812132239 ], [ 786272.31951750756707, 9992580.664716027677059 ], [ 786250.0, 9992566.987298108637333 ], [ 786226.995249869767576, 9992554.496737906709313 ], [ 786203.368321537855081, 9992543.227271178737283 ], [ 786179.183974772691727, 9992533.20978675223887 ], [ 786154.508497187518515, 9992524.471741853281856 ], [ 786129.409522551228292, 9992517.037086855620146 ], [ 786103.955845408840105, 9992510.92619963362813 ], [ 786078.217232520109974, 9992506.155829701572657 ], [ 786052.264231633860618, 9992502.739052316173911 ], [ 786026.167978121433407, 9992500.685232622548938 ], [ 786000.0, 9992500.0 ], [ 785973.832021878566593, 9992500.685232622548938 ], [ 785947.735768366139382, 9992502.739052316173911 ], [ 785921.782767479890026, 9992506.155829701572657 ], [ 785896.044154591159895, 9992510.92619963362813 ], [ 785870.590477448771708, 9992517.037086855620146 ], [ 785845.491502812481485, 9992524.471741853281856 ], [ 785820.816025227308273, 9992533.20978675223887 ], [ 785796.631678462144919, 9992543.227271178737283 ], [ 785773.004750130232424, 9992554.496737906709313 ], [ 785750.0, 9992566.987298108637333 ], [ 785727.68048249243293, 9992580.664716027677059 ], [ 785706.107373853796162, 9992595.491502812132239 ], [ 785685.339804475079291, 9992611.427019271999598 ], [ 785665.434696820564568, 9992628.427587261423469 ], [ 785646.446609406732023, 9992646.4466094058007 ], [ 785628.427587261307053, 9992665.434696821495891 ], [ 785611.427019271533936, 9992685.339804474264383 ], [ 785595.491502812481485, 9992706.107373854145408 ], [ 785580.664716027327813, 9992727.680482491850853 ], [ 785566.987298107822426, 9992750.0 ], [ 785554.496737905777991, 9992773.004750130698085 ], [ 785543.227271178737283, 9992796.631678462028503 ], [ 785533.209786751423962, 9992820.816025227308273 ], [ 785524.471741852466948, 9992845.491502812132239 ], [ 785517.03708685550373, 9992870.5904774479568 ], [ 785510.926199633046053, 9992896.044154591858387 ], [ 785506.155829702387564, 9992921.782767480239272 ], [ 785502.739052315824665, 9992947.735768366605043 ], [ 785500.685232622665353, 9992973.832021879032254 ], [ 785500.0, 9993000.0 ], [ 785500.685232622665353, 9993026.167978120967746 ], [ 785502.739052315824665, 9993052.264231633394957 ], [ 785506.155829702387564, 9993078.217232519760728 ], [ 785510.926199633046053, 9993103.955845408141613 ], [ 785517.03708685550373, 9993129.4095225520432 ], [ 785524.471741852466948, 9993154.508497187867761 ], [ 785533.209786751423962, 9993179.183974772691727 ], [ 785543.227271178737283, 9993203.368321537971497 ], [ 785554.496737905777991, 9993226.995249869301915 ], [ 785566.987298107822426, 9993250.0 ], [ 785580.664716027327813, 9993272.319517508149147 ], [ 785595.491502812481485, 9993293.892626145854592 ], [ 785611.427019271533936, 9993314.660195525735617 ], [ 785628.427587261307053, 9993334.565303178504109 ], [ 785646.446609406732023, 9993353.5533905941993 ], [ 785665.434696820564568, 9993371.572412738576531 ], [ 785685.339804475079291, 9993388.572980728000402 ], [ 785706.107373853796162, 9993404.508497187867761 ], [ 785727.68048249243293, 9993419.335283972322941 ], [ 785750.0, 9993433.012701891362667 ], [ 785773.004750130232424, 9993445.503262093290687 ], [ 785796.631678462144919, 9993456.772728821262717 ], [ 785820.816025227308273, 9993466.79021324776113 ], [ 785845.491502812481485, 9993475.528258146718144 ], [ 785870.590477448771708, 9993482.962913144379854 ], [ 785896.044154591159895, 9993489.07380036637187 ], [ 785921.782767479890026, 9993493.844170298427343 ], [ 785947.735768366139382, 9993497.260947683826089 ], [ 785973.832021878566593, 9993499.314767377451062 ], [ 786000.0, 9993500.0 ], [ 786026.167978121433407, 9993499.314767377451062 ], [ 786052.264231633860618, 9993497.260947683826089 ], [ 786078.217232520109974, 9993493.844170298427343 ], [ 786103.955845408840105, 9993489.07380036637187 ], [ 786129.409522551228292, 9993482.962913144379854 ], [ 786154.508497187518515, 9993475.528258146718144 ], [ 786179.183974772691727, 9993466.79021324776113 ], [ 786203.368321537855081, 9993456.772728821262717 ], [ 786226.995249869767576, 9993445.503262093290687 ], [ 786250.0, 9993433.012701891362667 ], [ 786272.31951750756707, 9993419.335283972322941 ], [ 786293.892626146203838, 9993404.508497187867761 ], [ 786314.660195524920709, 9993388.572980728000402 ], [ 786334.565303179435432, 9993371.572412738576531 ], [ 786353.553390593267977, 9993353.5533905941993 ], [ 786371.572412738692947, 9993334.565303178504109 ], [ 786388.572980728466064, 9993314.660195525735617 ], [ 786404.508497187518515, 9993293.892626145854592 ], [ 786419.335283972672187, 9993272.319517508149147 ], [ 786433.012701892177574, 9993250.0 ], [ 786445.503262094222009, 9993226.995249869301915 ], [ 786456.772728821262717, 9993203.368321537971497 ], [ 786466.790213248576038, 9993179.183974772691727 ], [ 786475.528258147533052, 9993154.508497187867761 ], [ 786482.96291314449627, 9993129.4095225520432 ], [ 786489.073800366953947, 9993103.955845408141613 ], [ 786493.844170297612436, 9993078.217232519760728 ], [ 786497.260947684175335, 9993052.264231633394957 ], [ 786499.314767377334647, 9993026.167978120967746 ], [ 786500.0, 9993000.0 ] ] ] } },
{ "type": "Feature", "properties": { "easting": 787000.0, "northing": 9994000.0, "id": "grid_E787000_N9994000", "retained": true }, "geometry": { "type": "Polygon", "coordinates": [ [ [ 787500.0, 9994000.0 ], [ 787499.314767377334647, 9993973.832021879032254 ], [ 787497.260947684175335, 9993947.735768366605043 ], [ 787493.844170297612436, 9993921.782767480239272 ], [ 787489.073800366953947, 9993896.044154591858387 ], [ 787482.96291314449627, 9993870.5904774479568 ], [ 787475.528258147533052, 9993845.491502812132239 ], [ 787466.790213248576038, 9993820.816025227308273 ], [ 787456.772728821262717, 9993796.631678462028503 ], [ 787445.503262094222009, 9993773.004750130698085 ], [ 787433.012701892177574, 9993750.0 ], [ 787419.335283972672187, 9993727.680482491850853 ], [ 787404.508497187518515, 9993706.107373854145408 ], [ 787388.572980728466064, 9993685.339804474264383 ], [ 787371.572412738692947, 9993665.434696821495891 ], [ 787353.553390593267977, 9993646.4466094058007 ], [ 787334.565303179435432, 9993628.427587261423469 ], [ 787314.660195524920709, 9993611.427019271999598 ], [ 787293.892626146203838, 9993595.491502812132239 ], [ 787272.31951750756707, 9993580.664716027677059 ], [ 787250.0, 9993566.987298108637333 ], [ 787226.995249869767576, 9993554.496737906709313 ], [ 787203.368321537855081, 9993543.227271178737283 ], [ 787179.183974772691727, 9993533.20978675223887 ], [ 787154.508497187518515, 9993524.471741853281856 ], [ 787129.409522551228292, 9993517.037086855620146 ], [ 787103.955845408840105, 9993510.92619963362813 ], [ 787078.217232520109974, 9993506.155829701572657 ], [ 787052.264231633860618, 9993502.739052316173911 ], [ 787026.167978121433407, 9993500.685232622548938 ], [ 787000.0, 9993500.0 ], [ 786973.832021878566593, 9993500.685232622548938 ], [ 786947.735768366139382, 9993502.739052316173911 ], [ 786921.782767479890026, 9993506.155829701572657 ], [ 786896.044154591159895, 9993510.92619963362813 ], [ 786870.590477448771708, 9993517.037086855620146 ], [ 786845.491502812481485, 9993524.471741853281856 ], [ 786820.816025227308273, 9993533.20978675223887 ], [ 786796.631678462144919, 9993543.227271178737283 ], [ 786773.004750130232424, 9993554.496737906709313 ], [ 786750.0, 9993566.987298108637333 ], [ 786727.68048249243293, 9993580.664716027677059 ], [ 786706.107373853796162, 9993595.491502812132239 ], [ 786685.339804475079291, 9993611.427019271999598 ], [ 786665.434696820564568, 9993628.427587261423469 ], [ 786646.446609406732023, 9993646.4466094058007 ], [ 786628.427587261307053, 9993665.434696821495891 ], [ 786611.427019271533936, 9993685.339804474264383 ], [ 786595.491502812481485, 9993706.107373854145408 ], [ 786580.664716027327813, 9993727.680482491850853 ], [ 786566.987298107822426, 9993750.0 ], [ 786554.496737905777991, 9993773.004750130698085 ], [ 786543.227271178737283, 9993796.631678462028503 ], [ 786533.209786751423962, 9993820.816025227308273 ], [ 786524.471741852466948, 9993845.491502812132239 ], [ 786517.03708685550373, 9993870.5904774479568 ], [ 786510.926199633046053, 9993896.044154591858387 ], [ 786506.155829702387564, 9993921.782767480239272 ], [ 786502.739052315824665, 9993947.735768366605043 ], [ 786500.685232622665353, 9993973.832021879032254 ], [ 786500.0, 9994000.0 ], [ 786500.685232622665353, 9994026.167978120967746 ], [ 786502.739052315824665, 9994052.264231633394957 ], [ 786506.155829702387564, 9994078.217232519760728 ], [ 786510.926199633046053, 9994103.955845408141613 ], [ 786517.03708685550373, 9994129.4095225520432 ], [ 786524.471741852466948, 9994154.508497187867761 ], [ 786533.209786751423962, 9994179.183974772691727 ], [ 786543.227271178737283, 9994203.368321537971497 ], [ 786554.496737905777991, 9994226.995249869301915 ], [ 786566.987298107822426, 9994250.0 ], [ 786580.664716027327813, 9994272.319517508149147 ], [ 786595.491502812481485, 9994293.892626145854592 ], [ 786611.427019271533936, 9994314.660195525735617 ], [ 786628.427587261307053, 9994334.565303178504109 ], [ 786646.446609406732023, 9994353.5533905941993 ], [ 786665.434696820564568, 9994371.572412738576531 ], [ 786685.339804475079291, 9994388.572980728000402 ], [ 786706.107373853796162, 9994404.508497187867761 ], [ 786727.68048249243293, 9994419.335283972322941 ], [ 786750.0, 9994433.012701891362667 ], [ 786773.004750130232424, 9994445.503262093290687 ], [ 786796.631678462144919, 9994456.772728821262717 ], [ 786820.816025227308273, 9994466.79021324776113 ], [ 786845.491502812481485, 9994475.528258146718144 ], [ 786870.590477448771708, 9994482.962913144379854 ], [ 786896.044154591159895, 9994489.07380036637187 ], [ 786921.782767479890026, 9994493.844170298427343 ], [ 786947.735768366139382, 9994497.260947683826089 ], [ 786973.832021878566593, 9994499.314767377451062 ], [ 787000.0, 9994500.0 ], [ 787026.167978121433407, 9994499.314767377451062 ], [ 787052.264231633860618, 9994497.260947683826089 ], [ 787078.217232520109974, 9994493.844170298427343 ], [ 787103.955845408840105, 9994489.07380036637187 ], [ 787129.409522551228292, 9994482.962913144379854 ], [ 787154.508497187518515, 9994475.528258146718144 ], [ 787179.183974772691727, 9994466.79021324776113 ], [ 787203.368321537855081, 9994456.772728821262717 ], [ 787226.995249869767576, 9994445.503262093290687 ], [ 787250.0, 9994433.012701891362667 ], [ 787272.31951750756707, 9994419.335283972322941 ], [ 787293.892626146203838, 9994404.508497187867761 ], [ 787314.660195524920709, 9994388.572980728000402 ], [ 787334.565303179435432, 9994371.572412738576531 ], [ 787353.553390593267977, 9994353.5533905941993 ], [ 787371.572412738692947, 9994334.565303178504109 ], [ 787388.572980728466064, 9994314.660195525735617 ], [ 787404.508497187518515, 9994293.892626145854592 ], [ 787419.335283972672187, 9994272.319517508149147 ], [ 787433.012701892177574, 9994250.0 ], [ 787445.503262094222009, 9994226.995249869301915 ], [ 787456.772728821262717, 9994203.368321537971497 ], [ 787466.790213248576038, 9994179.183974772691727 ], [ 787475.528258147533052, 9994154.508497187867761 ], [ 787482.96291314449627, 9994129.4095225520432 ], [ 787489.073800366953947, 9994103.955845408141613 ], [ 787493.844170297612436, 9994078.217232519760728 ], [ 787497.260947684175335, 9994052.264231633394957 ], [ 787499.314767377334647, 9994026.167978120967746 ], [ 787500.0, 9994000.0 ] ] ] } },
{ "type": "Feature", "properties": { "easting": 788000.0, "northing": 9991000.0, "id": "grid_E788000_N9991000", "retained": true }, "geometry": { "type": "Polygon", "coordinates": [ [ [ 788500.0, 9991000.0 ], [ 788499.314767377334647, 9990973.832021879032254 ], [ 788497.260947684175335, 9990947.735768366605043 ], [ 788493.844170297612436, 9990921.782767480239272 ], [ 788489.073800366953947, 9990896.044154591858387 ], [ 788482.96291314449627, 9990870.5904774479568 ], [ 788475.528258147533052, 9990845.491502812132239 ], [ 788466.790213248576038, 9990820.816025227308273 ], [ 788456.772728821262717, 9990796.631678462028503 ], [ 788445.503262094222009, 9990773.004750130698085 ], [ 788433.012701892177574, 9990750.0 ], [ 788419.335283972672187, 9990727.680482491850853 ], [ 788404.508497187518515, 9990706.107373854145408 ], [ 788388.572980728466064, 9990685.339804474264383 ], [ 788371.572412738692947, 9990665.434696821495891 ], [ 788353.553390593267977, 9990646.4466094058007 ], [ 788334.565303179435432, 9990628.427587261423469 ], [ 788314.660195524920709, 9990611.427019271999598 ], [ 788293.892626146203838, 9990595.491502812132239 ], [ 788272.31951750756707, 9990580.664716027677059 ], [ 788250.0, 9990566.987298108637333 ], [ 788226.995249869767576, 9990554.496737906709313 ], [ 788203.368321537855081, 9990543.227271178737283 ], [ 788179.183974772691727, 9990533.20978675223887 ], [ 788154.508497187518515, 9990524.471741853281856 ], [ 788129.409522551228292, 9990517.037086855620146 ], [ 788103.955845408840105, 9990510.92619963362813 ], [ 788078.217232520109974, 9990506.155829701572657 ], [ 788052.264231633860618, 9990502.739052316173911 ], [ 788026.167978121433407, 9990500.685232622548938 ], [ 788000.0, 9990500.0 ], [ 787973.832021878566593, 9990500.685232622548938 ], [ 787947.735768366139382, 9990502.739052316173911 ], [ 787921.782767479890026, 9990506.155829701572657 ], [ 787896.044154591159895, 9990510.92619963362813 ], [ 787870.590477448771708, 9990517.037086855620146 ], [ 787845.491502812481485, 9990524.471741853281856 ], [ 787820.816025227308273, 9990533.20978675223887 ], [ 787796.631678462144919, 9990543.227271178737283 ], [ 787773.004750130232424, 9990554.496737906709313 ], [ 787750.0, 9990566.987298108637333 ], [ 787727.68048249243293, 9990580.664716027677059 ], [ 787706.107373853796162, 9990595.491502812132239 ], [ 787685.339804475079291, 9990611.427019271999598 ], [ 787665.434696820564568, 9990628.427587261423469 ], [ 787646.446609406732023, 9990646.4466094058007 ], [ 787628.427587261307053, 9990665.434696821495891 ], [ 787611.427019271533936, 9990685.339804474264383 ], [ 787595.491502812481485, 9990706.107373854145408 ], [ 787580.664716027327813, 9990727.680482491850853 ], [ 787566.987298107822426, 9990750.0 ], [ 787554.496737905777991, 9990773.004750130698085 ], [ 787543.227271178737283, 9990796.631678462028503 ], [ 787533.209786751423962, 9990820.816025227308273 ], [ 787524.471741852466948, 9990845.491502812132239 ], [ 787517.03708685550373, 9990870.5904774479568 ], [ 787510.926199633046053, 9990896.044154591858387 ], [ 787506.155829702387564, 9990921.782767480239272 ], [ 787502.739052315824665, 9990947.735768366605043 ], [ 787500.685232622665353, 9990973.832021879032254 ], [ 787500.0, 9991000.0 ], [ 787500.685232622665353, 9991026.167978120967746 ], [ 787502.739052315824665, 9991052.264231633394957 ], [ 787506.155829702387564, 9991078.217232519760728 ], [ 787510.926199633046053, 9991103.955845408141613 ], [ 787517.03708685550373, 9991129.4095225520432 ], [ 787524.471741852466948, 9991154.508497187867761 ], [ 787533.209786751423962, 9991179.183974772691727 ], [ 787543.227271178737283, 9991203.368321537971497 ], [ 787554.496737905777991, 9991226.995249869301915 ], [ 787566.987298107822426, 9991250.0 ], [ 787580.664716027327813, 9991272.319517508149147 ], [ 787595.491502812481485, 9991293.892626145854592 ], [ 787611.427019271533936, 9991314.660195525735617 ], [ 787628.427587261307053, 9991334.565303178504109 ], [ 787646.446609406732023, 9991353.5533905941993 ], [ 787665.434696820564568, 9991371.572412738576531 ], [ 787685.339804475079291, 9991388.572980728000402 ], [ 787706.107373853796162, 9991404.508497187867761 ], [ 787727.68048249243293, 9991419.335283972322941 ], [ 787750.0, 9991433.012701891362667 ], [ 787773.004750130232424, 9991445.503262093290687 ], [ 787796.631678462144919, 9991456.772728821262717 ], [ 787820.816025227308273, 9991466.79021324776113 ], [ 787845.491502812481485, 9991475.528258146718144 ], [ 787870.590477448771708, 9991482.962913144379854 ], [ 787896.044154591159895, 9991489.07380036637187 ], [ 787921.782767479890026, 9991493.844170298427343 ], [ 787947.735768366139382, 9991497.260947683826089 ], [ 787973.832021878566593, 9991499.314767377451062 ], [ 788000.0, 9991500.0 ], [ 788026.167978121433407, 9991499.314767377451062 ], [ 788052.264231633860618, 9991497.260947683826089 ], [ 788078.217232520109974, 9991493.844170298427343 ], [ 788103.955845408840105, 9991489.07380036637187 ], [ 788129.409522551228292, 9991482.962913144379854 ], [ 788154.508497187518515, 9991475.528258146718144 ], [ 788179.183974772691727, 9991466.79021324776113 ], [ 788203.368321537855081, 9991456.772728821262717 ], [ 788226.995249869767576, 9991445.503262093290687 ], [ 788250.0, 9991433.012701891362667 ], [ 788272.31951750756707, 9991419.335283972322941 ], [ 788293.892626146203838, 9991404.508497187867761 ], [ 788314.660195524920709, 9991388.572980728000402 ], [ 788334.565303179435432, 9991371.572412738576531 ], [ 788353.553390593267977, 9991353.5533905941993 ], [ 788371.572412738692947, 9991334.565303178504109 ], [ 788388.572980728466064, 9991314.660195525735617 ], [ 788404.508497187518515, 9991293.892626145854592 ], [ 788419.335283972672187, 9991272.319517508149147 ], [ 788433.012701892177574, 9991250.0 ], [ 788445.503262094222009, 9991226.995249869301915 ], [ 788456.772728821262717, 9991203.368321537971497 ], [ 788466.790213248576038, 9991179.183974772691727 ], [ 788475.528258147533052, 9991154.508497187867761 ], [ 788482.96291314449627, 9991129.4095225520432 ], [ 788489.073800366953947, 9991103.955845408141613 ], [ 788493.844170297612436, 9991078.217232519760728 ], [ 788497.260947684175335, 9991052.264231633394957 ], [ 788499.314767377334647, 9991026.167978120967746 ], [ 788500.0, 9991000.0 ] ] ] } },
{ "type": "Feature", "properties": { "easting": 788000.0, "northing": 9992000.0, "id": "grid_E788000_N9992000", "retained": true }, "geometry": { "type": "Polygon", "coordinates": [ [ [ 788500.0, 9992000.0 ], [ 788499.314767377334647, 9991973.832021879032254 ], [ 788497.260947684175335, 9991947.735768366605043 ], [ 788493.844170297612436, 9991921.782767480239272 ], [ 788489.073800366953947, 9991896.044154591858387 ], [ 788482.96291314449627, 9991870.5904774479568 ], [ 788475.528258147533052, 9991845.491502812132239 ], [ 788466.790213248576038, 9991820.816025227308273 ], [ 788456.772728821262717, 9991796.631678462028503 ], [ 788445.503262094222009, 9991773.004750130698085 ], [ 788433.012701892177574, 9991750.0 ], [ 788419.335283972672187, 9991727.680482491850853 ], [ 788404.508497187518515, 9991706.107373854145408 ], [ 788388.572980728466064, 9991685.339804474264383 ], [ 788371.572412738692947, 9991665.434696821495891 ], [ 788353.553390593267977, 9991646.4466094058007 ], [ 788334.565303179435432, 9991628.427587261423469 ], [ 788314.660195524920709, 9991611.427019271999598 ], [ 788293.892626146203838, 9991595.491502812132239 ], [ 788272.31951750756707, 9991580.664716027677059 ], [ 788250.0, 9991566.987298108637333 ], [ 788226.995249869767576, 9991554.496737906709313 ], [ 788203.368321537855081, 9991543.227271178737283 ], [ 788179.183974772691727, 9991533.20978675223887 ], [ 788154.508497187518515, 9991524.471741853281856 ], [ 788129.409522551228292, 9991517.037086855620146 ], [ 788103.955845408840105, 9991510.92619963362813 ], [ 788078.217232520109974, 9991506.155829701572657 ], [ 788052.264231633860618, 9991502.739052316173911 ], [ 788026.167978121433407, 9991500.685232622548938 ], [ 788000.0, 9991500.0 ], [ 787973.832021878566593, 9991500.685232622548938 ], [ 787947.735768366139382, 9991502.739052316173911 ], [ 787921.782767479890026, 9991506.155829701572657 ], [ 787896.044154591159895, 9991510.92619963362813 ], [ 787870.590477448771708, 9991517.037086855620146 ], [ 787845.491502812481485, 9991524.471741853281856 ], [ 787820.816025227308273, 9991533.20978675223887 ], [ 787796.631678462144919, 9991543.227271178737283 ], [ 787773.004750130232424, 9991554.496737906709313 ], [ 787750.0, 9991566.987298108637333 ], [ 787727.68048249243293, 9991580.664716027677059 ], [ 787706.107373853796162, 9991595.491502812132239 ], [ 787685.339804475079291, 9991611.427019271999598 ], [ 787665.434696820564568, 9991628.427587261423469 ], [ 787646.446609406732023, 9991646.4466094058007 ], [ 787628.427587261307053, 9991665.434696821495891 ], [ 787611.427019271533936, 9991685.339804474264383 ], [ 787595.491502812481485, 9991706.107373854145408 ], [ 787580.664716027327813, 9991727.680482491850853 ], [ 787566.987298107822426, 9991750.0 ], [ 787554.496737905777991, 9991773.004750130698085 ], [ 787543.227271178737283, 9991796.631678462028503 ], [ 787533.209786751423962, 9991820.816025227308273 ], [ 787524.471741852466948, 9991845.491502812132239 ], [ 787517.03708685550373, 9991870.5904774479568 ], [ 787510.926199633046053, 9991896.044154591858387 ], [ 787506.155829702387564, 9991921.782767480239272 ], [ 787502.739052315824665, 9991947.735768366605043 ], [ 787500.685232622665353, 9991973.832021879032254 ], [ 787500.0, 9992000.0 ], [ 787500.685232622665353, 9992026.167978120967746 ], [ 787502.739052315824665, 9992052.264231633394957 ], [ 787506.155829702387564, 9992078.217232519760728 ], [ 787510.926199633046053, 9992103.955845408141613 ], [ 787517.03708685550373, 9992129.4095225520432 ], [ 787524.471741852466948, 9992154.508497187867761 ], [ 787533.209786751423962, 9992179.183974772691727 ], [ 787543.227271178737283, 9992203.368321537971497 ], [ 787554.496737905777991, 9992226.995249869301915 ], [ 787566.987298107822426, 9992250.0 ], [ 787580.664716027327813, 9992272.319517508149147 ], [ 787595.491502812481485, 9992293.892626145854592 ], [ 787611.427019271533936, 9992314.660195525735617 ], [ 787628.427587261307053, 9992334.565303178504109 ], [ 787646.446609406732023, 9992353.5533905941993 ], [ 787665.434696820564568, 9992371.572412738576531 ], [ 787685.339804475079291, 9992388.572980728000402 ], [ 787706.107373853796162, 9992404.508497187867761 ], [ 787727.68048249243293, 9992419.335283972322941 ], [ 787750.0, 9992433.012701891362667 ], [ 787773.004750130232424, 9992445.503262093290687 ], [ 787796.631678462144919, 9992456.772728821262717 ], [ 787820.816025227308273, 9992466.79021324776113 ], [ 787845.491502812481485, 9992475.528258146718144 ], [ 787870.590477448771708, 9992482.962913144379854 ], [ 787896.044154591159895, 9992489.07380036637187 ], [ 787921.782767479890026, 9992493.844170298427343 ], [ 787947.735768366139382, 9992497.260947683826089 ], [ 787973.832021878566593, 9992499.314767377451062 ], [ 788000.0, 9992500.0 ], [ 788026.167978121433407, 9992499.314767377451062 ], [ 788052.264231633860618, 9992497.260947683826089 ], [ 788078.217232520109974, 9992493.844170298427343 ], [ 788103.955845408840105, 9992489.07380036637187 ], [ 788129.409522551228292, 9992482.962913144379854 ], [ 788154.508497187518515, 9992475.528258146718144 ], [ 788179.183974772691727, 9992466.79021324776113 ], [ 788203.368321537855081, 9992456.772728821262717 ], [ 788226.995249869767576, 9992445.503262093290687 ], [ 788250.0, 9992433.012701891362667 ], [ 788272.31951750756707, 9992419.335283972322941 ], [ 788293.892626146203838, 9992404.508497187867761 ], [ 788314.660195524920709, 9992388.572980728000402 ], [ 788334.565303179435432, 9992371.572412738576531 ], [ 788353.553390593267977, 9992353.5533905941993 ], [ 788371.572412738692947, 9992334.565303178504109 ], [ 788388.572980728466064, 9992314.660195525735617 ], [ 788404.508497187518515, 9992293.892626145854592 ], [ 788419.335283972672187, 9992272.319517508149147 ], [ 788433.012701892177574, 9992250.0 ], [ 788445.503262094222009, 9992226.995249869301915 ], [ 788456.772728821262717, 9992203.368321537971497 ], [ 788466.790213248576038, 9992179.183974772691727 ], [ 788475.528258147533052, 9992154.508497187867761 ], [ 788482.96291314449627, 9992129.4095225520432 ], [ 788489.073800366953947, 9992103.955845408141613 ], [ 788493.844170297612436, 9992078.217232519760728 ], [ 788497.260947684175335, 9992052.264231633394957 ], [ 788499.314767377334647, 9992026.167978120967746 ], [ 788500.0, 9992000.0 ] ] ] } },
{ "type": "Feature", "properties": { "easting": 788000.0, "northing": 9993000.0, "id": "grid_E788000_N9993000", "retained": true }, "geometry": { "type": "Polygon", "coordinates": [ [ [ 788500.0, 9993000.0 ], [ 788499.314767377334647, 9992973.832021879032254 ], [ 788497.260947684175335, 9992947.735768366605043 ], [ 788493.844170297612436, 9992921.782767480239272 ], [ 788489.073800366953947, 9992896.044154591858387 ], [ 788482.96291314449627, 9992870.5904774479568 ], [ 788475.528258147533052, 9992845.491502812132239 ], [ 788466.790213248576038, 9992820.816025227308273 ], [ 788456.772728821262717, 9992796.631678462028503 ], [ 788445.503262094222009, 9992773.004750130698085 ], [ 788433.012701892177574, 9992750.0 ], [ 788419.335283972672187, 9992727.680482491850853 ], [ 788404.508497187518515, 9992706.107373854145408 ], [ 788388.572980728466064, 9992685.339804474264383 ], [ 788371.572412738692947, 9992665.434696821495891 ], [ 788353.553390593267977, 9992646.4466094058007 ], [ 788334.565303179435432, 9992628.427587261423469 ], [ 788314.660195524920709, 9992611.427019271999598 ], [ 788293.892626146203838, 9992595.491502812132239 ], [ 788272.31951750756707, 9992580.664716027677059 ], [ 788250.0, 9992566.987298108637333 ], [ 788226.995249869767576, 9992554.496737906709313 ], [ 788203.368321537855081, 9992543.227271178737283 ], [ 788179.183974772691727, 9992533.20978675223887 ], [ 788154.508497187518515, 9992524.471741853281856 ], [ 788129.409522551228292, 9992517.037086855620146 ], [ 788103.955845408840105, 9992510.92619963362813 ], [ 788078.217232520109974, 9992506.155829701572657 ], [ 788052.264231633860618, 9992502.739052316173911 ], [ 788026.167978121433407, 9992500.685232622548938 ], [ 788000.0, 9992500.0 ], [ 787973.832021878566593, 9992500.685232622548938 ], [ 787947.735768366139382, 9992502.739052316173911 ], [ 787921.782767479890026, 9992506.155829701572657 ], [ 787896.044154591159895, 9992510.92619963362813 ], [ 787870.590477448771708, 9992517.037086855620146 ], [ 787845.491502812481485, 9992524.471741853281856 ], [ 787820.816025227308273, 9992533.20978675223887 ], [ 787796.631678462144919, 9992543.227271178737283 ], [ 787773.004750130232424, 9992554.496737906709313 ], [ 787750.0, 9992566.987298108637333 ], [ 787727.68048249243293, 9992580.664716027677059 ], [ 787706.107373853796162, 9992595.491502812132239 ], [ 787685.339804475079291, 9992611.427019271999598 ], [ 787665.434696820564568, 9992628.427587261423469 ], [ 787646.446609406732023, 9992646.4466094058007 ], [ 787628.427587261307053, 9992665.434696821495891 ], [ 787611.427019271533936, 9992685.339804474264383 ], [ 787595.491502812481485, 9992706.107373854145408 ], [ 787580.664716027327813, 9992727.680482491850853 ], [ 787566.987298107822426, 9992750.0 ], [ 787554.496737905777991, 9992773.004750130698085 ], [ 787543.227271178737283, 9992796.631678462028503 ], [ 787533.209786751423962, 9992820.816025227308273 ], [ 787524.471741852466948, 9992845.491502812132239 ], [ 787517.03708685550373, 9992870.5904774479568 ], [ 787510.926199633046053, 9992896.044154591858387 ], [ 787506.155829702387564, 9992921.782767480239272 ], [ 787502.739052315824665, 9992947.735768366605043 ], [ 787500.685232622665353, 9992973.832021879032254 ], [ 787500.0, 9993000.0 ], [ 787500.685232622665353, 9993026.167978120967746 ], [ 787502.739052315824665, 9993052.264231633394957 ], [ 787506.155829702387564, 9993078.217232519760728 ], [ 787510.926199633046053, 9993103.955845408141613 ], [ 787517.03708685550373, 9993129.4095225520432 ], [ 787524.471741852466948, 9993154.508497187867761 ], [ 787533.209786751423962, 9993179.183974772691727 ], [ 787543.227271178737283, 9993203.368321537971497 ], [ 787554.496737905777991, 9993226.995249869301915 ], [ 787566.987298107822426, 9993250.0 ], [ 787580.664716027327813, 9993272.319517508149147 ], [ 787595.491502812481485, 9993293.892626145854592 ], [ 787611.427019271533936, 9993314.660195525735617 ], [ 787628.427587261307053, 9993334.565303178504109 ], [ 787646.446609406732023, 9993353.5533905941993 ], [ 787665.434696820564568, 9993371.572412738576531 ], [ 787685.339804475079291, 9993388.572980728000402 ], [ 787706.107373853796162, 9993404.508497187867761 ], [ 787727.68048249243293, 9993419.335283972322941 ], [ 787750.0, 9993433.012701891362667 ], [ 787773.004750130232424, 9993445.503262093290687 ], [ 787796.631678462144919, 9993456.772728821262717 ], [ 787820.816025227308273, 9993466.79021324776113 ], [ 787845.491502812481485, 9993475.528258146718144 ], [ 787870.590477448771708, 9993482.962913144379854 ], [ 787896.044154591159895, 9993489.07380036637187 ], [ 787921.782767479890026, 9993493.844170298427343 ], [ 787947.735768366139382, 9993497.260947683826089 ], [ 787973.832021878566593, 9993499.314767377451062 ], [ 788000.0, 9993500.0 ], [ 788026.167978121433407, 9993499.314767377451062 ], [ 788052.264231633860618, 9993497.260947683826089 ], [ 788078.217232520109974, 9993493.844170298427343 ], [ 788103.955845408840105, 9993489.07380036637187 ], [ 788129.409522551228292, 9993482.962913144379854 ], [ 788154.508497187518515, 9993475.528258146718144 ], [ 788179.183974772691727, 9993466.79021324776113 ], [ 788203.368321537855081, 9993456.772728821262717 ], [ 788226.995249869767576, 9993445.503262093290687 ], [ 788250.0, 9993433.012701891362667 ], [ 788272.31951750756707, 9993419.335283972322941 ], [ 788293.892626146203838, 9993404.508497187867761 ], [ 788314.660195524920709, 9993388.572980728000402 ], [ 788334.565303179435432, 9993371.572412738576531 ], [ 788353.553390593267977, 9993353.5533905941993 ], [ 788371.572412738692947, 9993334.565303178504109 ], [ 788388.572980728466064, 9993314.660195525735617 ], [ 788404.508497187518515, 9993293.892626145854592 ], [ 788419.335283972672187, 9993272.319517508149147 ], [ 788433.012701892177574, 9993250.0 ], [ 788445.503262094222009, 9993226.995249869301915 ], [ 788456.772728821262717, 9993203.368321537971497 ], [ 788466.790213248576038, 9993179.183974772691727 ], [ 788475.528258147533052, 9993154.508497187867761 ], [ 788482.96291314449627, 9993129.4095225520432 ], [ 788489.073800366953947, 9993103.955845408141613 ], [ 788493.844170297612436, 9993078.217232519760728 ], [ 788497.260947684175335, 9993052.264231633394957 ], [ 788499.314767377334647, 9993026.167978120967746 ], [ 788500.0, 9993000.0 ] ] ] } }
]
}
