rule,pool,target,estimator,fit,month,period,actual,synthetic,gap
amended,primary_screened,CENTER,ascm,holdout,202201,fit,6.14307754178697,6.14307757979278,-3.80058109428205e-08
amended,primary_screened,CENTER,ascm,holdout,202202,fit,9.60906310116557,9.6090634619757,-3.60810126665001e-07
amended,primary_screened,CENTER,ascm,holdout,202203,fit,11.241741235195,11.2417407665703,4.6862470526321e-07
amended,primary_screened,CENTER,ascm,holdout,202204,fit,11.6420739422776,11.6420741382826,-1.96005007779831e-07
amended,primary_screened,CENTER,ascm,holdout,202205,fit,11.0762492980381,11.0762490643865,2.33651622494335e-07
amended,primary_screened,CENTER,ascm,holdout,202206,fit,5.73515198081189,5.73515220175283,-2.20940941986214e-07
amended,primary_screened,CENTER,ascm,holdout,202207,fit,10.5613093569475,10.5613094661769,-1.09229407740941e-07
amended,primary_screened,CENTER,ascm,holdout,202208,fit,9.90624970782726,9.90624932367938,3.8414788683383e-07
amended,primary_screened,CENTER,ascm,holdout,202209,fit,11.6883147303766,11.6883148840494,-1.53672802483129e-07
amended,primary_screened,CENTER,ascm,holdout,202210,fit,12.2829076711858,12.2829080424483,-3.71262448339849e-07
amended,primary_screened,CENTER,ascm,holdout,202211,fit,12.5121973861312,12.5121969831104,4.0302081139032e-07
amended,primary_screened,CENTER,ascm,holdout,202212,fit,12.0588773740534,12.05887741915,-4.50965664811065e-08
amended,primary_screened,CENTER,ascm,holdout,202301,fit,12.1902443780959,12.19024433044,4.76559396389575e-08
amended,primary_screened,CENTER,ascm,holdout,202302,fit,11.1978931227458,11.1978932579155,-1.35169770487664e-07
amended,primary_screened,CENTER,ascm,holdout,202303,fit,14.2943689212923,14.2943687587626,1.62529744329731e-07
amended,primary_screened,CENTER,ascm,holdout,202304,fit,12.9284565877657,12.928456697079,-1.09313312179893e-07
amended,primary_screened,CENTER,ascm,holdout,202305,fit,13.6018417950204,13.601841755145,3.98754842478866e-08
amended,primary_screened,CENTER,ascm,holdout,202306,post,13.9114029433115,13.1100240702907,0.801378873020793
amended,primary_screened,CENTER,ascm,holdout,202307,post,9.93585191055462,9.97461320194845,-0.0387612913938344
amended,primary_screened,CENTER,ascm,holdout,202308,post,11.1983450816306,12.0243444168912,-0.825999335260599
amended,primary_screened,CENTER,ascm,holdout,202309,post,13.3176224361348,14.81220408827,-1.49458165213515
amended,primary_screened,CENTER,ascm,holdout,202310,post,13.7584539400038,14.4364551430205,-0.678001203016779
amended,primary_screened,CENTER,ascm,holdout,202311,post,15.0106819995135,15.3044409772445,-0.293758977730976
amended,primary_screened,CENTER,scm,holdout,202201,fit,6.14307754178697,6.76007455375536,-0.616997011968389
amended,primary_screened,CENTER,scm,holdout,202202,fit,9.60906310116557,10.2314555601223,-0.622392458956771
amended,primary_screened,CENTER,scm,holdout,202203,fit,11.241741235195,10.6180724792111,0.623668755983916
amended,primary_screened,CENTER,scm,holdout,202204,fit,11.6420739422776,11.3962249260936,0.245849016184053
amended,primary_screened,CENTER,scm,holdout,202205,fit,11.0762492980381,10.6506678327687,0.425581465269392
amended,primary_screened,CENTER,scm,holdout,202206,fit,5.73515198081189,6.41847602454598,-0.683324043734094
amended,primary_screened,CENTER,scm,holdout,202207,fit,10.5613093569475,10.2960528228738,0.265256534073673
amended,primary_screened,CENTER,scm,holdout,202208,fit,9.90624970782726,9.38982097691676,0.516428730910503
amended,primary_screened,CENTER,scm,holdout,202209,fit,11.6883147303766,12.2634997283979,-0.57518499802134
amended,primary_screened,CENTER,scm,holdout,202210,fit,12.2829076711858,12.9075784396152,-0.624670768429427
amended,primary_screened,CENTER,scm,holdout,202211,fit,12.5121973861312,12.1416794445606,0.370517941570563
amended,primary_screened,CENTER,scm,holdout,202212,fit,12.0588773740534,11.9395531153678,0.119324258685555
amended,primary_screened,CENTER,scm,holdout,202301,fit,12.1902443780959,11.9524091070777,0.237835271018222
amended,primary_screened,CENTER,scm,holdout,202302,fit,11.1978931227458,11.3030194963175,-0.10512637357173
amended,primary_screened,CENTER,scm,holdout,202303,fit,14.2943689212923,13.7371594908642,0.557209430428102
amended,primary_screened,CENTER,scm,holdout,202304,fit,12.9284565877657,13.1925775454928,-0.2641209577271
amended,primary_screened,CENTER,scm,holdout,202305,fit,13.6018417950204,13.3928713912494,0.20897040377103
amended,primary_screened,CENTER,scm,holdout,202306,post,13.9114029433115,13.2075455440269,0.70385739928466
amended,primary_screened,CENTER,scm,holdout,202307,post,9.93585191055462,9.91954304695096,0.0163088636036548
amended,primary_screened,CENTER,scm,holdout,202308,post,11.1983450816306,11.9381579125749,-0.739812830944313
amended,primary_screened,CENTER,scm,holdout,202309,post,13.3176224361348,14.5668801583478,-1.24925772221303
amended,primary_screened,CENTER,scm,holdout,202310,post,13.7584539400038,14.5704689204009,-0.812014980397175
amended,primary_screened,CENTER,scm,holdout,202311,post,15.0106819995135,14.6888871443856,0.321794855127996
amended,primary_screened,CENTER,did,holdout,202201,fit,6.14307754178697,9.42338469193003,-3.28030715014307
amended,primary_screened,CENTER,did,holdout,202202,fit,9.60906310116557,10.557086664032,-0.948023562866434
amended,primary_screened,CENTER,did,holdout,202203,fit,11.241741235195,10.7863250478704,0.455416187324634
amended,primary_screened,CENTER,did,holdout,202204,fit,11.6420739422776,11.0383187948641,0.603755147413491
amended,primary_screened,CENTER,did,holdout,202205,fit,11.0762492980381,10.9540908880908,0.122158409947337
amended,primary_screened,CENTER,did,holdout,202206,fit,5.73515198081189,9.81053165944064,-4.07537967862875
amended,primary_screened,CENTER,did,holdout,202207,fit,10.5613093569475,10.4562928208382,0.105016536109288
amended,primary_screened,CENTER,did,holdout,202208,fit,9.90624970782726,10.2574462599916,-0.351196552164339
amended,primary_screened,CENTER,did,holdout,202209,fit,11.6883147303766,11.664864992774,0.0234497376026379
amended,primary_screened,CENTER,did,holdout,202210,fit,12.2829076711858,11.8600287515741,0.422878919611712
amended,primary_screened,CENTER,did,holdout,202211,fit,12.5121973861312,11.329095479459,1.18310190667216
amended,primary_screened,CENTER,did,holdout,202212,fit,12.0588773740534,11.3042570956206,0.754620278432771
amended,primary_screened,CENTER,did,holdout,202301,fit,12.1902443780959,11.4452786750513,0.744965703044613
amended,primary_screened,CENTER,did,holdout,202302,fit,11.1978931227458,11.4082285832239,-0.210335460478154
amended,primary_screened,CENTER,did,holdout,202303,fit,14.2943689212923,12.3466421317527,1.94772678953963
amended,primary_screened,CENTER,did,holdout,202304,fit,12.9284565877657,12.1274134317088,0.801043156056924
amended,primary_screened,CENTER,did,holdout,202305,fit,13.6018417950204,11.9007321624949,1.70110963252554
amended,primary_screened,CENTER,did,holdout,202306,post,13.9114029433115,11.9371092535637,1.97429368974785
amended,primary_screened,CENTER,did,holdout,202307,post,9.93585191055462,10.7188950334404,-0.78304312288576
amended,primary_screened,CENTER,did,holdout,202308,post,11.1983450816306,11.505168701801,-0.306823620170434
amended,primary_screened,CENTER,did,holdout,202309,post,13.3176224361348,12.570639622185,0.74698281394984
amended,primary_screened,CENTER,did,holdout,202310,post,13.7584539400038,12.6832350570531,1.07521888295063
amended,primary_screened,CENTER,did,holdout,202311,post,15.0106819995135,12.4966675639402,2.51401443557337
amended,primary_screened,CENTER,ascm,full pre,202201,fit,6.14307754178697,6.14307758025534,-3.84683742638003e-08
amended,primary_screened,CENTER,ascm,full pre,202202,fit,9.60906310116557,9.60906358497942,-4.83813851204218e-07
amended,primary_screened,CENTER,ascm,full pre,202203,fit,11.241741235195,11.2417406347344,6.00460593247476e-07
amended,primary_screened,CENTER,ascm,full pre,202204,fit,11.6420739422776,11.642074152345,-2.10067375050471e-07
amended,primary_screened,CENTER,ascm,full pre,202205,fit,11.0762492980381,11.0762491735483,1.24489833552843e-07
amended,primary_screened,CENTER,ascm,full pre,202206,fit,5.73515198081189,5.735152196933,-2.16121110341305e-07
amended,primary_screened,CENTER,ascm,full pre,202207,fit,10.5613093569475,10.5613093118778,4.50696493459191e-08
amended,primary_screened,CENTER,ascm,full pre,202208,fit,9.90624970782726,9.90624949128254,2.16544719933154e-07
amended,primary_screened,CENTER,ascm,full pre,202209,fit,11.6883147303766,11.6883148419669,-1.11590260587491e-07
amended,primary_screened,CENTER,ascm,full pre,202210,fit,12.2829076711858,12.2829083340003,-6.62814450436144e-07
amended,primary_screened,CENTER,ascm,full pre,202211,fit,12.5121973861312,12.5121966858995,7.00231646888483e-07
amended,primary_screened,CENTER,ascm,full pre,202212,fit,12.0588773740534,12.0588774445844,-7.05309801674048e-08
amended,primary_screened,CENTER,ascm,full pre,202301,fit,12.1902443780959,12.1902444159975,-3.79016249496544e-08
amended,primary_screened,CENTER,ascm,full pre,202302,fit,11.1978931227458,11.1978931694658,-4.67200234055554e-08
amended,primary_screened,CENTER,ascm,full pre,202303,fit,14.2943689212923,14.2943685978814,3.23410910496591e-07
amended,primary_screened,CENTER,ascm,full pre,202304,fit,12.9284565877657,12.9284566867441,-9.89783934812749e-08
amended,primary_screened,CENTER,ascm,full pre,202305,fit,13.6018417950204,13.6018418339604,-3.89399676947733e-08
amended,primary_screened,CENTER,ascm,full pre,202306,fit,13.9114029433115,13.9114026239266,3.19384920288712e-07
amended,primary_screened,CENTER,ascm,full pre,202307,fit,9.93585191055462,9.93585193833972,-2.77851004426566e-08
amended,primary_screened,CENTER,ascm,full pre,202308,fit,11.1983450816306,11.1983451101282,-2.84976344744337e-08
amended,primary_screened,CENTER,ascm,full pre,202309,fit,13.3176224361348,13.3176227291104,-2.92975586901889e-07
amended,primary_screened,CENTER,ascm,full pre,202310,fit,13.7584539400038,13.7584537013346,2.38669189300822e-07
amended,primary_screened,CENTER,ascm,full pre,202311,fit,15.0106819995135,15.0106822025703,-2.03056748304675e-07
amended,primary_screened,CENTER,scm,full pre,202201,fit,6.14307754178697,6.736769485075,-0.593691943288032
amended,primary_screened,CENTER,scm,full pre,202202,fit,9.60906310116557,10.4891743475566,-0.880111246390998
amended,primary_screened,CENTER,scm,full pre,202203,fit,11.241741235195,10.5385376899545,0.703203545240566
amended,primary_screened,CENTER,scm,full pre,202204,fit,11.6420739422776,11.3725870247846,0.269486917493039
amended,primary_screened,CENTER,scm,full pre,202205,fit,11.0762492980381,10.6953081922463,0.380941105791807
amended,primary_screened,CENTER,scm,full pre,202206,fit,5.73515198081189,6.37963935611525,-0.644487375303366
amended,primary_screened,CENTER,scm,full pre,202207,fit,10.5613093569475,10.1373437115847,0.423965645362754
amended,primary_screened,CENTER,scm,full pre,202208,fit,9.90624970782726,9.42298544022229,0.483264267604968
amended,primary_screened,CENTER,scm,full pre,202209,fit,11.6883147303766,12.1486375370129,-0.460322806636317
amended,primary_screened,CENTER,scm,full pre,202210,fit,12.2829076711858,13.0224111680575,-0.739503496871725
amended,primary_screened,CENTER,scm,full pre,202211,fit,12.5121973861312,12.1669853872921,0.345211998839076
amended,primary_screened,CENTER,scm,full pre,202212,fit,12.0588773740534,12.1316921481863,-0.072814774132878
amended,primary_screened,CENTER,scm,full pre,202301,fit,12.1902443780959,11.904139334323,0.286105043772862
amended,primary_screened,CENTER,scm,full pre,202302,fit,11.1978931227458,11.0936542568543,0.10423886589151
amended,primary_screened,CENTER,scm,full pre,202303,fit,14.2943689212923,13.6352393947848,0.659129526507561
amended,primary_screened,CENTER,scm,full pre,202304,fit,12.9284565877657,12.9919521750252,-0.0634955872594745
amended,primary_screened,CENTER,scm,full pre,202305,fit,13.6018417950204,13.3417198516403,0.260121943380126
amended,primary_screened,CENTER,scm,full pre,202306,fit,13.9114029433115,13.2375946385104,0.673808304801158
amended,primary_screened,CENTER,scm,full pre,202307,fit,9.93585191055462,9.82361394141331,0.112237969141304
amended,primary_screened,CENTER,scm,full pre,202308,fit,11.1983450816306,11.5815257455062,-0.383180663875661
amended,primary_screened,CENTER,scm,full pre,202309,fit,13.3176224361348,13.776850430319,-0.459227994184174
amended,primary_screened,CENTER,scm,full pre,202310,fit,13.7584539400038,14.1957681834934,-0.437314243489631
amended,primary_screened,CENTER,scm,full pre,202311,fit,15.0106819995135,14.7538340730329,0.256847926480624
amended,primary_unscreened,CENTER,ascm,holdout,202201,fit,6.14307754178697,6.36980910867627,-0.226731566889298
amended,primary_unscreened,CENTER,ascm,holdout,202202,fit,9.60906310116557,9.69471232513412,-0.0856492239685522
amended,primary_unscreened,CENTER,ascm,holdout,202203,fit,11.241741235195,11.0024448862549,0.239296348940089
amended,primary_unscreened,CENTER,ascm,holdout,202204,fit,11.6420739422776,11.6192252218294,0.0228487204482271
amended,primary_unscreened,CENTER,ascm,holdout,202205,fit,11.0762492980381,11.082336242674,-0.00608694463588222
amended,primary_unscreened,CENTER,ascm,holdout,202206,fit,5.73515198081189,5.73847287325058,-0.00332089243869049
amended,primary_unscreened,CENTER,ascm,holdout,202207,fit,10.5613093569475,10.4219554869073,0.139353870040143
amended,primary_unscreened,CENTER,ascm,holdout,202208,fit,9.90624970782726,9.94320119189766,-0.0369514840703964
amended,primary_unscreened,CENTER,ascm,holdout,202209,fit,11.6883147303766,11.8783132261835,-0.189998495806851
amended,primary_unscreened,CENTER,ascm,holdout,202210,fit,12.2829076711858,12.6955757885139,-0.412668117328069
amended,primary_unscreened,CENTER,ascm,holdout,202211,fit,12.5121973861312,12.1319582490669,0.380239137064269
amended,primary_unscreened,CENTER,ascm,holdout,202212,fit,12.0588773740534,12.052031793525,0.00684558052839179
amended,primary_unscreened,CENTER,ascm,holdout,202301,fit,12.1902443780959,12.0489777874715,0.141266590624403
amended,primary_unscreened,CENTER,ascm,holdout,202302,fit,11.1978931227458,11.2523505367069,-0.0544574139611633
amended,primary_unscreened,CENTER,ascm,holdout,202303,fit,14.2943689212923,14.1826465738841,0.111722347408223
amended,primary_unscreened,CENTER,ascm,holdout,202304,fit,12.9284565877657,12.9184693118083,0.0099872759573838
amended,primary_unscreened,CENTER,ascm,holdout,202305,fit,13.6018417950204,13.6375375269327,-0.035695731912238
amended,primary_unscreened,CENTER,ascm,holdout,202306,post,13.9114029433115,13.7007435152679,0.21065942804367
amended,primary_unscreened,CENTER,ascm,holdout,202307,post,9.93585191055462,10.5494429628761,-0.613591052321509
amended,primary_unscreened,CENTER,ascm,holdout,202308,post,11.1983450816306,12.8894468531887,-1.69110177155816
amended,primary_unscreened,CENTER,ascm,holdout,202309,post,13.3176224361348,14.6288965747083,-1.31127413857353
amended,primary_unscreened,CENTER,ascm,holdout,202310,post,13.7584539400038,14.7009309686283,-0.942477028624516
amended,primary_unscreened,CENTER,ascm,holdout,202311,post,15.0106819995135,14.8138274643969,0.196854535116696
amended,primary_unscreened,CENTER,scm,holdout,202201,fit,6.14307754178697,6.52334932139609,-0.380271779609124
amended,primary_unscreened,CENTER,scm,holdout,202202,fit,9.60906310116557,9.71381613883782,-0.104753037672245
amended,primary_unscreened,CENTER,scm,holdout,202203,fit,11.241741235195,10.8348857236304,0.406855511564601
amended,primary_unscreened,CENTER,scm,holdout,202204,fit,11.6420739422776,11.5653411316116,0.0767328106660088
amended,primary_unscreened,CENTER,scm,holdout,202205,fit,11.0762492980381,11.0397326177028,0.0365166803352768
amended,primary_unscreened,CENTER,scm,holdout,202206,fit,5.73515198081189,5.75701846329348,-0.02186648248159
amended,primary_unscreened,CENTER,scm,holdout,202207,fit,10.5613093569475,10.3695019112435,0.191807445703999
amended,primary_unscreened,CENTER,scm,holdout,202208,fit,9.90624970782726,9.99057404561595,-0.08432433778869
amended,primary_unscreened,CENTER,scm,holdout,202209,fit,11.6883147303766,12.0537692272426,-0.365454496866017
amended,primary_unscreened,CENTER,scm,holdout,202210,fit,12.2829076711858,12.8292532169807,-0.546345545794862
amended,primary_unscreened,CENTER,scm,holdout,202211,fit,12.5121973861312,12.0828153532865,0.429382032844668
amended,primary_unscreened,CENTER,scm,holdout,202212,fit,12.0588773740534,12.0258273029949,0.0330500710585095
amended,primary_unscreened,CENTER,scm,holdout,202301,fit,12.1902443780959,11.9808975436025,0.209346834493395
amended,primary_unscreened,CENTER,scm,holdout,202302,fit,11.1978931227458,11.2501243604076,-0.0522312376618732
amended,primary_unscreened,CENTER,scm,holdout,202303,fit,14.2943689212923,14.0893420229036,0.205026898388743
amended,primary_unscreened,CENTER,scm,holdout,202304,fit,12.9284565877657,12.9183189412096,0.0101376465561227
amended,primary_unscreened,CENTER,scm,holdout,202305,fit,13.6018417950204,13.638025639752,-0.0361838447315837
amended,primary_unscreened,CENTER,scm,holdout,202306,post,13.9114029433115,13.6808321042072,0.23057083910431
amended,primary_unscreened,CENTER,scm,holdout,202307,post,9.93585191055462,10.5182668064606,-0.58241489590595
amended,primary_unscreened,CENTER,scm,holdout,202308,post,11.1983450816306,12.8545581061149,-1.65621302448432
amended,primary_unscreened,CENTER,scm,holdout,202309,post,13.3176224361348,14.5714872499147,-1.25386481377985
amended,primary_unscreened,CENTER,scm,holdout,202310,post,13.7584539400038,14.7414878309618,-0.983033890958005
amended,primary_unscreened,CENTER,scm,holdout,202311,post,15.0106819995135,14.7509585823301,0.259723417183487
amended,primary_unscreened,CENTER,did,holdout,202201,fit,6.14307754178697,9.40862255051296,-3.26554500872599
amended,primary_unscreened,CENTER,did,holdout,202202,fit,9.60906310116557,10.7307926248624,-1.12172952369683
amended,primary_unscreened,CENTER,did,holdout,202203,fit,11.241741235195,10.8553525219585,0.386388713236558
amended,primary_unscreened,CENTER,did,holdout,202204,fit,11.6420739422776,11.1591804663683,0.482893475909352
amended,primary_unscreened,CENTER,did,holdout,202205,fit,11.0762492980381,11.1564999302584,-0.0802506322202579
amended,primary_unscreened,CENTER,did,holdout,202206,fit,5.73515198081189,9.59039398230298,-3.85524200149109
amended,primary_unscreened,CENTER,did,holdout,202207,fit,10.5613093569475,10.6017853521888,-0.040475995241323
amended,primary_unscreened,CENTER,did,holdout,202208,fit,9.90624970782726,10.3362008059949,-0.429951098167622
amended,primary_unscreened,CENTER,did,holdout,202209,fit,11.6883147303766,11.5766996035714,0.111615126805182
amended,primary_unscreened,CENTER,did,holdout,202210,fit,12.2829076711858,11.8725019982028,0.410405672982987
amended,primary_unscreened,CENTER,did,holdout,202211,fit,12.5121973861312,11.257760209632,1.25443717649913
amended,primary_unscreened,CENTER,did,holdout,202212,fit,12.0588773740534,11.2757902310357,0.783087143017731
amended,primary_unscreened,CENTER,did,holdout,202301,fit,12.1902443780959,11.4096918870005,0.78055249109539
amended,primary_unscreened,CENTER,did,holdout,202302,fit,11.1978931227458,11.3329295517521,-0.135036429006348
amended,primary_unscreened,CENTER,did,holdout,202303,fit,14.2943689212923,12.1686578395599,2.12571108173243
amended,primary_unscreened,CENTER,did,holdout,202304,fit,12.9284565877657,12.050602723995,0.877853863770703
amended,primary_unscreened,CENTER,did,holdout,202305,fit,13.6018417950204,11.8865558515205,1.71528594349999
amended,primary_unscreened,CENTER,did,holdout,202306,post,13.9114029433115,11.9961676107811,1.91523533253047
amended,primary_unscreened,CENTER,did,holdout,202307,post,9.93585191055462,10.7637951474328,-0.827943236878154
amended,primary_unscreened,CENTER,did,holdout,202308,post,11.1983450816306,11.5554220225242,-0.357076940893602
amended,primary_unscreened,CENTER,did,holdout,202309,post,13.3176224361348,12.4320948464946,0.885527589640253
amended,primary_unscreened,CENTER,did,holdout,202310,post,13.7584539400038,12.6468747753637,1.11157916464006
amended,primary_unscreened,CENTER,did,holdout,202311,post,15.0106819995135,12.5181989839927,2.49248301552081
amended,primary_unscreened,CENTER,ascm,full pre,202201,fit,6.14307754178697,6.21464530452888,-0.0715677627419096
amended,primary_unscreened,CENTER,ascm,full pre,202202,fit,9.60906310116557,9.95973247559015,-0.350669374424578
amended,primary_unscreened,CENTER,ascm,full pre,202203,fit,11.241741235195,11.1153559295297,0.126385305665293
amended,primary_unscreened,CENTER,ascm,full pre,202204,fit,11.6420739422776,11.5163532733165,0.12572066896114
amended,primary_unscreened,CENTER,ascm,full pre,202205,fit,11.0762492980381,11.0336434412934,0.0426058567446894
amended,primary_unscreened,CENTER,ascm,full pre,202206,fit,5.73515198081189,5.84501739720108,-0.109865416389194
amended,primary_unscreened,CENTER,ascm,full pre,202207,fit,10.5613093569475,10.2968830224364,0.264426334511068
amended,primary_unscreened,CENTER,ascm,full pre,202208,fit,9.90624970782726,9.96527949319137,-0.0590297853641051
amended,primary_unscreened,CENTER,ascm,full pre,202209,fit,11.6883147303766,11.8070788612376,-0.118764130860972
amended,primary_unscreened,CENTER,ascm,full pre,202210,fit,12.2829076711858,12.8615133643098,-0.578605693123976
amended,primary_unscreened,CENTER,ascm,full pre,202211,fit,12.5121973861312,12.0907524735484,0.421444912582793
amended,primary_unscreened,CENTER,ascm,full pre,202212,fit,12.0588773740534,12.0735430533183,-0.0146656792648869
amended,primary_unscreened,CENTER,ascm,full pre,202301,fit,12.1902443780959,11.8878849189002,0.302359459195671
amended,primary_unscreened,CENTER,ascm,full pre,202302,fit,11.1978931227458,11.3705641838788,-0.172671061133009
amended,primary_unscreened,CENTER,ascm,full pre,202303,fit,14.2943689212923,14.0020821806029,0.29228674068942
amended,primary_unscreened,CENTER,ascm,full pre,202304,fit,12.9284565877657,12.7352266053203,0.1932299824454
amended,primary_unscreened,CENTER,ascm,full pre,202305,fit,13.6018417950204,13.6332582496028,-0.0314164545823541
amended,primary_unscreened,CENTER,ascm,full pre,202306,fit,13.9114029433115,13.8173554760961,0.0940474672154377
amended,primary_unscreened,CENTER,ascm,full pre,202307,fit,9.93585191055462,9.87649206974273,0.0593598408118812
amended,primary_unscreened,CENTER,ascm,full pre,202308,fit,11.1983450816306,11.3886213456847,-0.190276264054097
amended,primary_unscreened,CENTER,ascm,full pre,202309,fit,13.3176224361348,13.5246359388643,-0.207013502729458
amended,primary_unscreened,CENTER,ascm,full pre,202310,fit,13.7584539400038,13.9650441770002,-0.206590236996485
amended,primary_unscreened,CENTER,ascm,full pre,202311,fit,15.0106819995135,14.8214132066713,0.189268792842213
amended,primary_unscreened,CENTER,scm,full pre,202201,fit,6.14307754178697,6.36644248076282,-0.223364938975855
amended,primary_unscreened,CENTER,scm,full pre,202202,fit,9.60906310116557,10.0860854472074,-0.477022346041837
amended,primary_unscreened,CENTER,scm,full pre,202203,fit,11.241741235195,11.0144304829182,0.227310752276782
amended,primary_unscreened,CENTER,scm,full pre,202204,fit,11.6420739422776,11.4573070631394,0.184766879138218
amended,primary_unscreened,CENTER,scm,full pre,202205,fit,11.0762492980381,10.9646746598187,0.111574638219377
amended,primary_unscreened,CENTER,scm,full pre,202206,fit,5.73515198081189,5.82716355432015,-0.0920115735082616
amended,primary_unscreened,CENTER,scm,full pre,202207,fit,10.5613093569475,10.1394688318498,0.421840525097664
amended,primary_unscreened,CENTER,scm,full pre,202208,fit,9.90624970782726,9.93754003064708,-0.0312903228198156
amended,primary_unscreened,CENTER,scm,full pre,202209,fit,11.6883147303766,11.9315225272366,-0.243207796859958
amended,primary_unscreened,CENTER,scm,full pre,202210,fit,12.2829076711858,13.0733652769753,-0.790457605789475
amended,primary_unscreened,CENTER,scm,full pre,202211,fit,12.5121973861312,12.0815128683765,0.43068451775471
amended,primary_unscreened,CENTER,scm,full pre,202212,fit,12.0588773740534,12.129111027552,-0.0702336534986241
amended,primary_unscreened,CENTER,scm,full pre,202301,fit,12.1902443780959,11.7813491154141,0.408895262681783
amended,primary_unscreened,CENTER,scm,full pre,202302,fit,11.1978931227458,11.3464354211293,-0.148542298383502
amended,primary_unscreened,CENTER,scm,full pre,202303,fit,14.2943689212923,13.8347399278734,0.459628993418885
amended,primary_unscreened,CENTER,scm,full pre,202304,fit,12.9284565877657,12.599089830591,0.329366757174729
amended,primary_unscreened,CENTER,scm,full pre,202305,fit,13.6018417950204,13.6152411622815,-0.0133993672611012
amended,primary_unscreened,CENTER,scm,full pre,202306,fit,13.9114029433115,13.7263026229189,0.185100320392628
amended,primary_unscreened,CENTER,scm,full pre,202307,fit,9.93585191055462,9.79714321955942,0.138708690995198
amended,primary_unscreened,CENTER,scm,full pre,202308,fit,11.1983450816306,11.5250034763377,-0.326658394707136
amended,primary_unscreened,CENTER,scm,full pre,202309,fit,13.3176224361348,13.6284394090535,-0.310816972918671
amended,primary_unscreened,CENTER,scm,full pre,202310,fit,13.7584539400038,14.1406817371527,-0.382227797148911
amended,primary_unscreened,CENTER,scm,full pre,202311,fit,15.0106819995135,14.7204876963797,0.290194303133815
amended,primary_screened,CORE,ascm,holdout,202201,fit,7.97905914831491,7.97905917658627,-2.82713630284093e-08
amended,primary_screened,CORE,ascm,holdout,202202,fit,12.1896372928349,12.1896379635585,-6.70723512286031e-07
amended,primary_screened,CORE,ascm,holdout,202203,fit,14.3278967450052,14.3278959972844,7.47720754645798e-07
amended,primary_screened,CORE,ascm,holdout,202204,fit,14.6964400185268,14.6964402132804,-1.9475356083376e-07
amended,primary_screened,CORE,ascm,holdout,202205,fit,13.9897125121724,13.9897121248175,3.87354896602687e-07
amended,primary_screened,CORE,ascm,holdout,202206,fit,6.86308847714625,6.86308890912051,-4.31974261694279e-07
amended,primary_screened,CORE,ascm,holdout,202207,fit,13.9652356981579,13.9652357818937,-8.37357827521146e-08
amended,primary_screened,CORE,ascm,holdout,202208,fit,13.2643884014275,13.2643878347262,5.66701235271694e-07
amended,primary_screened,CORE,ascm,holdout,202209,fit,15.0961022283904,15.0961024769263,-2.48535844349362e-07
amended,primary_screened,CORE,ascm,holdout,202210,fit,15.3927327213571,15.3927332335341,-5.12177017242266e-07
amended,primary_screened,CORE,ascm,holdout,202211,fit,15.5179517510234,15.5179514130984,3.37925003535133e-07
amended,primary_screened,CORE,ascm,holdout,202212,fit,15.5926004099769,15.5926002119027,1.98074205925991e-07
amended,primary_screened,CORE,ascm,holdout,202301,fit,15.6240865689939,15.624086364453,2.04540894443994e-07
amended,primary_screened,CORE,ascm,holdout,202302,fit,14.2355830213578,14.2355833666157,-3.45257992862003e-07
amended,primary_screened,CORE,ascm,holdout,202303,fit,17.5263599206528,17.5263596700242,2.50628673370557e-07
amended,primary_screened,CORE,ascm,holdout,202304,fit,15.9997548681365,15.999755029314,-1.6117748025124e-07
amended,primary_screened,CORE,ascm,holdout,202305,fit,16.8514412953545,16.8514413116933,-1.63388342855342e-08
amended,primary_screened,CORE,ascm,holdout,202306,post,17.0100160031832,16.4408365690605,0.569179434122678
amended,primary_screened,CORE,ascm,holdout,202307,post,12.1621516896494,12.2797464434058,-0.117594753756459
amended,primary_screened,CORE,ascm,holdout,202308,post,13.7147880990265,15.2224138545184,-1.50762575549188
amended,primary_screened,CORE,ascm,holdout,202309,post,17.7474282201853,17.8773054211233,-0.129877200937976
amended,primary_screened,CORE,ascm,holdout,202310,post,18.0605998718312,17.6115668627026,0.449033009128627
amended,primary_screened,CORE,ascm,holdout,202311,post,19.7164428238841,18.8684268281598,0.84801599572431
amended,primary_screened,CORE,scm,holdout,202201,fit,7.97905914831491,9.06011773641835,-1.08105858810344
amended,primary_screened,CORE,scm,holdout,202202,fit,12.1896372928349,12.4424293065811,-0.252792013746141
amended,primary_screened,CORE,scm,holdout,202203,fit,14.3278967450052,12.7047146247636,1.62318212024163
amended,primary_screened,CORE,scm,holdout,202204,fit,14.6964400185268,13.6301582066972,1.06628181182969
amended,primary_screened,CORE,scm,holdout,202205,fit,13.9897125121724,12.5839098430995,1.40580266907291
amended,primary_screened,CORE,scm,holdout,202206,fit,6.86308847714625,8.52147764636717,-1.65838916922092
amended,primary_screened,CORE,scm,holdout,202207,fit,13.9652356981579,13.1231383333828,0.842097364775137
amended,primary_screened,CORE,scm,holdout,202208,fit,13.2643884014275,12.2037871503547,1.06060125107279
amended,primary_screened,CORE,scm,holdout,202209,fit,15.0961022283904,16.1327001255782,-1.03659789718773
amended,primary_screened,CORE,scm,holdout,202210,fit,15.3927327213571,16.3713126375284,-0.978579916171315
amended,primary_screened,CORE,scm,holdout,202211,fit,15.5179517510234,15.1231782880555,0.394773462967894
amended,primary_screened,CORE,scm,holdout,202212,fit,15.5926004099769,15.0879629266091,0.504637483367782
amended,primary_screened,CORE,scm,holdout,202301,fit,15.6240865689939,14.5452215467671,1.07886502222679
amended,primary_screened,CORE,scm,holdout,202302,fit,14.2355830213578,14.4739849854634,-0.238401964105696
amended,primary_screened,CORE,scm,holdout,202303,fit,17.5263599206528,17.2611526045773,0.265207316075546
amended,primary_screened,CORE,scm,holdout,202304,fit,15.9997548681365,16.7703578675425,-0.770602999405982
amended,primary_screened,CORE,scm,holdout,202305,fit,16.8514412953545,17.2525846060276,-0.401143310673064
amended,primary_screened,CORE,scm,holdout,202306,post,17.0100160031832,17.2551385202841,-0.245122517100878
amended,primary_screened,CORE,scm,holdout,202307,post,12.1621516896494,12.680602818296,-0.51845112864657
amended,primary_screened,CORE,scm,holdout,202308,post,13.7147880990265,15.7044007946786,-1.98961269565205
amended,primary_screened,CORE,scm,holdout,202309,post,17.7474282201853,19.0081028990531,-1.26067467886782
amended,primary_screened,CORE,scm,holdout,202310,post,18.0605998718312,18.4728209125769,-0.412221040745671
amended,primary_screened,CORE,scm,holdout,202311,post,19.7164428238841,18.1790124065948,1.53743041728922
amended,primary_screened,CORE,did,holdout,202201,fit,7.97905914831491,12.3905642771131,-4.4115051287982
amended,primary_screened,CORE,did,holdout,202202,fit,12.1896372928349,13.5242662492151,-1.33462895638014
amended,primary_screened,CORE,did,holdout,202203,fit,14.3278967450052,13.7535046330535,0.574392111951717
amended,primary_screened,CORE,did,holdout,202204,fit,14.6964400185268,14.0054983800472,0.690941638479641
amended,primary_screened,CORE,did,holdout,202205,fit,13.9897125121724,13.9212704732738,0.0684420388985423
amended,primary_screened,CORE,did,holdout,202206,fit,6.86308847714625,12.7777112446237,-5.91462276747746
amended,primary_screened,CORE,did,holdout,202207,fit,13.9652356981579,13.4234724060212,0.541763292136695
amended,primary_screened,CORE,did,holdout,202208,fit,13.2643884014275,13.2246258451747,0.039762556252791
amended,primary_screened,CORE,did,holdout,202209,fit,15.0961022283904,14.632044577957,0.464057650433404
amended,primary_screened,CORE,did,holdout,202210,fit,15.3927327213571,14.8272083367572,0.565524384599952
amended,primary_screened,CORE,did,holdout,202211,fit,15.5179517510234,14.2962750646421,1.22167668638136
amended,primary_screened,CORE,did,holdout,202212,fit,15.5926004099769,14.2714366808037,1.32116372917318
amended,primary_screened,CORE,did,holdout,202301,fit,15.6240865689939,14.4124582602344,1.21162830875952
amended,primary_screened,CORE,did,holdout,202302,fit,14.2355830213578,14.375408168407,-0.139825147049246
amended,primary_screened,CORE,did,holdout,202303,fit,17.5263599206528,15.3138217169358,2.21253820371707
amended,primary_screened,CORE,did,holdout,202304,fit,15.9997548681365,15.0945930168918,0.905161851244658
amended,primary_screened,CORE,did,holdout,202305,fit,16.8514412953545,14.867911747678,1.98352954767653
amended,primary_screened,CORE,did,holdout,202306,post,17.0100160031832,14.9042888387468,2.10572716443642
amended,primary_screened,CORE,did,holdout,202307,post,12.1621516896494,13.6860746186234,-1.52392292897407
amended,primary_screened,CORE,did,holdout,202308,post,13.7147880990265,14.4723482869841,-0.75756018795756
amended,primary_screened,CORE,did,holdout,202309,post,17.7474282201853,15.537819207368,2.20960901281725
amended,primary_screened,CORE,did,holdout,202310,post,18.0605998718312,15.6504146422362,2.41018522959498
amended,primary_screened,CORE,did,holdout,202311,post,19.7164428238841,15.4638471491233,4.25259567476081
amended,primary_screened,CORE,ascm,full pre,202201,fit,7.97905914831491,7.97905907925622,6.90586876572752e-08
amended,primary_screened,CORE,ascm,full pre,202202,fit,12.1896372928349,12.1896379432239,-6.50388985334871e-07
amended,primary_screened,CORE,ascm,full pre,202203,fit,14.3278967450052,14.3278961492818,5.95723358642886e-07
amended,primary_screened,CORE,ascm,full pre,202204,fit,14.6964400185268,14.6964402163176,-1.9779077398141e-07
amended,primary_screened,CORE,ascm,full pre,202205,fit,13.9897125121724,13.9897121325937,3.79578679599035e-07
amended,primary_screened,CORE,ascm,full pre,202206,fit,6.86308847714625,6.86308903696657,-5.5982032431956e-07
amended,primary_screened,CORE,ascm,full pre,202207,fit,13.9652356981579,13.9652358237905,-1.25632526604136e-07
amended,primary_screened,CORE,ascm,full pre,202208,fit,13.2643884014275,13.2643876472245,7.54202925890013e-07
amended,primary_screened,CORE,ascm,full pre,202209,fit,15.0961022283904,15.0961024306518,-2.02261343673626e-07
amended,primary_screened,CORE,ascm,full pre,202210,fit,15.3927327213571,15.3927333048524,-5.83495253891897e-07
amended,primary_screened,CORE,ascm,full pre,202211,fit,15.5179517510234,15.5179514764847,2.74538773936683e-07
amended,primary_screened,CORE,ascm,full pre,202212,fit,15.5926004099769,15.5926001692011,2.40775737125887e-07
amended,primary_screened,CORE,ascm,full pre,202301,fit,15.6240865689939,15.6240864048048,1.64189060569697e-07
amended,primary_screened,CORE,ascm,full pre,202302,fit,14.2355830213578,14.2355831801093,-1.58751506162957e-07
amended,primary_screened,CORE,ascm,full pre,202303,fit,17.5263599206528,17.5263597991049,1.21547895304275e-07
amended,primary_screened,CORE,ascm,full pre,202304,fit,15.9997548681365,15.9997551032972,-2.35160735329032e-07
amended,primary_screened,CORE,ascm,full pre,202305,fit,16.8514412953545,16.8514414368249,-1.41470426484602e-07
amended,primary_screened,CORE,ascm,full pre,202306,fit,17.0100160031832,17.0100158487933,1.54389908857411e-07
amended,primary_screened,CORE,ascm,full pre,202307,fit,12.1621516896494,12.1621514255223,2.641270508974e-07
amended,primary_screened,CORE,ascm,full pre,202308,fit,13.7147880990265,13.7147887490422,-6.50015683945071e-07
amended,primary_screened,CORE,ascm,full pre,202309,fit,17.7474282201853,17.747428087244,1.32941313069068e-07
amended,primary_screened,CORE,ascm,full pre,202310,fit,18.0605998718312,18.0605996982414,1.73589739915769e-07
amended,primary_screened,CORE,ascm,full pre,202311,fit,19.7164428238841,19.7164426437597,1.80124409610016e-07
amended,primary_screened,CORE,scm,full pre,202201,fit,7.97905914831491,8.9745539292121,-0.995494780897191
amended,primary_screened,CORE,scm,full pre,202202,fit,12.1896372928349,12.3777702451915,-0.188132952356563
amended,primary_screened,CORE,scm,full pre,202203,fit,14.3278967450052,12.5264544060701,1.80144233893513
amended,primary_screened,CORE,scm,full pre,202204,fit,14.6964400185268,13.5380419277125,1.15839809081436
amended,primary_screened,CORE,scm,full pre,202205,fit,13.9897125121724,12.6079599260192,1.38175258615318
amended,primary_screened,CORE,scm,full pre,202206,fit,6.86308847714625,8.50382177633261,-1.64073329918636
amended,primary_screened,CORE,scm,full pre,202207,fit,13.9652356981579,12.8600383059789,1.10519739217906
amended,primary_screened,CORE,scm,full pre,202208,fit,13.2643884014275,11.9305251661379,1.33386323528953
amended,primary_screened,CORE,scm,full pre,202209,fit,15.0961022283904,15.7690537546022,-0.672951526211746
amended,primary_screened,CORE,scm,full pre,202210,fit,15.3927327213571,16.6640252957374,-1.27129257438024
amended,primary_screened,CORE,scm,full pre,202211,fit,15.5179517510234,15.5101522868615,0.00779946416196964
amended,primary_screened,CORE,scm,full pre,202212,fit,15.5926004099769,15.329303352674,0.263297057302879
amended,primary_screened,CORE,scm,full pre,202301,fit,15.6240865689939,14.5254018660984,1.09868470289545
amended,primary_screened,CORE,scm,full pre,202302,fit,14.2355830213578,14.2241987823694,0.0113842389883523
amended,primary_screened,CORE,scm,full pre,202303,fit,17.5263599206528,17.1348660732923,0.391493847360557
amended,primary_screened,CORE,scm,full pre,202304,fit,15.9997548681365,16.3941191470462,-0.394364278909714
amended,primary_screened,CORE,scm,full pre,202305,fit,16.8514412953545,17.0847596603167,-0.233318364962194
amended,primary_screened,CORE,scm,full pre,202306,fit,17.0100160031832,16.8873071978426,0.122708805340586
amended,primary_screened,CORE,scm,full pre,202307,fit,12.1621516896494,12.4794364442754,-0.317284754625971
amended,primary_screened,CORE,scm,full pre,202308,fit,13.7147880990265,15.1855976589504,-1.47080955992385
amended,primary_screened,CORE,scm,full pre,202309,fit,17.7474282201853,18.4290253759936,-0.681597155808262
amended,primary_screened,CORE,scm,full pre,202310,fit,18.0605998718312,18.0904396679552,-0.0298397961240298
amended,primary_screened,CORE,scm,full pre,202311,fit,19.7164428238841,17.9949065536878,1.72153627019626
amended,primary_unscreened,CORE,ascm,holdout,202201,fit,7.97905914831491,8.54488110072912,-0.565821952414208
amended,primary_unscreened,CORE,ascm,holdout,202202,fit,12.1896372928349,12.3099966881641,-0.120359395329182
amended,primary_unscreened,CORE,ascm,holdout,202203,fit,14.3278967450052,13.9374547735057,0.39044197149944
amended,primary_unscreened,CORE,ascm,holdout,202204,fit,14.6964400185268,14.8203035599481,-0.12386354142126
amended,primary_unscreened,CORE,ascm,holdout,202205,fit,13.9897125121724,13.9864987393857,0.00321377278666901
amended,primary_unscreened,CORE,ascm,holdout,202206,fit,6.86308847714625,6.91577077991272,-0.052682302766474
amended,primary_unscreened,CORE,ascm,holdout,202207,fit,13.9652356981579,13.5135045152487,0.451731182909244
amended,primary_unscreened,CORE,ascm,holdout,202208,fit,13.2643884014275,13.2414181838902,0.0229702175372797
amended,primary_unscreened,CORE,ascm,holdout,202209,fit,15.0961022283904,15.2369685993929,-0.140866371002472
amended,primary_unscreened,CORE,ascm,holdout,202210,fit,15.3927327213571,16.2460559508483,-0.853323229491226
amended,primary_unscreened,CORE,ascm,holdout,202211,fit,15.5179517510234,15.1080636855094,0.409888065513995
amended,primary_unscreened,CORE,ascm,holdout,202212,fit,15.5926004099769,15.4425625613478,0.150037848629115
amended,primary_unscreened,CORE,ascm,holdout,202301,fit,15.6240865689939,15.1361432086989,0.487943360295015
amended,primary_unscreened,CORE,ascm,holdout,202302,fit,14.2355830213578,14.5228023953542,-0.287219373996422
amended,primary_unscreened,CORE,ascm,holdout,202303,fit,17.5263599206528,17.1012625673175,0.425097353335374
amended,primary_unscreened,CORE,ascm,holdout,202304,fit,15.9997548681365,16.0566379567863,-0.0568830886498066
amended,primary_unscreened,CORE,ascm,holdout,202305,fit,16.8514412953545,16.9917458127896,-0.140304517435073
amended,primary_unscreened,CORE,ascm,holdout,202306,post,17.0100160031832,16.7928411596962,0.217174843486962
amended,primary_unscreened,CORE,ascm,holdout,202307,post,12.1621516896494,12.9799355917331,-0.817783902083674
amended,primary_unscreened,CORE,ascm,holdout,202308,post,13.7147880990265,16.015975717044,-2.30118761801748
amended,primary_unscreened,CORE,ascm,holdout,202309,post,17.7474282201853,17.5776827061369,0.169745514048426
amended,primary_unscreened,CORE,ascm,holdout,202310,post,18.0605998718312,18.2161078497749,-0.155507977943685
amended,primary_unscreened,CORE,ascm,holdout,202311,post,19.7164428238841,18.3580864757389,1.35835634814516
amended,primary_unscreened,CORE,scm,holdout,202201,fit,7.97905914831491,8.91027279325371,-0.931213644938802
amended,primary_unscreened,CORE,scm,holdout,202202,fit,12.1896372928349,12.3829782800804,-0.193340987245435
amended,primary_unscreened,CORE,scm,holdout,202203,fit,14.3278967450052,13.8658624848961,0.462034260109114
amended,primary_unscreened,CORE,scm,holdout,202204,fit,14.6964400185268,14.7259243600402,-0.0294843415133954
amended,primary_unscreened,CORE,scm,holdout,202205,fit,13.9897125121724,14.067901017976,-0.0781885058035794
amended,primary_unscreened,CORE,scm,holdout,202206,fit,6.86308847714625,6.84621120707097,0.016877270075276
amended,primary_unscreened,CORE,scm,holdout,202207,fit,13.9652356981579,13.229680342328,0.73555535582989
amended,primary_unscreened,CORE,scm,holdout,202208,fit,13.2643884014275,13.0620341303525,0.202354271074983
amended,primary_unscreened,CORE,scm,holdout,202209,fit,15.0961022283904,15.2521809026688,-0.156078674278374
amended,primary_unscreened,CORE,scm,holdout,202210,fit,15.3927327213571,16.3537100125349,-0.960977291177828
amended,primary_unscreened,CORE,scm,holdout,202211,fit,15.5179517510234,15.2546387103944,0.26331304062907
amended,primary_unscreened,CORE,scm,holdout,202212,fit,15.5926004099769,15.3657904229738,0.226809987003064
amended,primary_unscreened,CORE,scm,holdout,202301,fit,15.6240865689939,15.1211252745072,0.502961294486699
amended,primary_unscreened,CORE,scm,holdout,202302,fit,14.2355830213578,14.417587250101,-0.182004228743285
amended,primary_unscreened,CORE,scm,holdout,202303,fit,17.5263599206528,16.7709633226822,0.75539659797062
amended,primary_unscreened,CORE,scm,holdout,202304,fit,15.9997548681365,16.0977374080669,-0.0979825399303866
amended,primary_unscreened,CORE,scm,holdout,202305,fit,16.8514412953545,16.9604396792436,-0.108998383889062
amended,primary_unscreened,CORE,scm,holdout,202306,post,17.0100160031832,16.7571526351878,0.252863367995364
amended,primary_unscreened,CORE,scm,holdout,202307,post,12.1621516896494,12.8386867263465,-0.67653503669707
amended,primary_unscreened,CORE,scm,holdout,202308,post,13.7147880990265,15.8709656915601,-2.15617759253356
amended,primary_unscreened,CORE,scm,holdout,202309,post,17.7474282201853,17.4194915754898,0.327936644695484
amended,primary_unscreened,CORE,scm,holdout,202310,post,18.0605998718312,17.9452661501681,0.115333721663099
amended,primary_unscreened,CORE,scm,holdout,202311,post,19.7164428238841,17.8624440334816,1.8539987904025
amended,primary_unscreened,CORE,did,holdout,202201,fit,7.97905914831491,12.375802135696,-4.39674298738112
amended,primary_unscreened,CORE,did,holdout,202202,fit,12.1896372928349,13.6979722100455,-1.50833491721054
amended,primary_unscreened,CORE,did,holdout,202203,fit,14.3278967450052,13.8225321071415,0.505364637863643
amended,primary_unscreened,CORE,did,holdout,202204,fit,14.6964400185268,14.1263600515513,0.5700799669755
amended,primary_unscreened,CORE,did,holdout,202205,fit,13.9897125121724,14.1236795154414,-0.133967003269056
amended,primary_unscreened,CORE,did,holdout,202206,fit,6.86308847714625,12.5575735674861,-5.6944850903398
amended,primary_unscreened,CORE,did,holdout,202207,fit,13.9652356981579,13.5689649373718,0.396270760786086
amended,primary_unscreened,CORE,did,holdout,202208,fit,13.2643884014275,13.303380391178,-0.0389919897504942
amended,primary_unscreened,CORE,did,holdout,202209,fit,15.0961022283904,14.5438791887545,0.552223039635948
amended,primary_unscreened,CORE,did,holdout,202210,fit,15.3927327213571,14.8396815833859,0.553051137971226
amended,primary_unscreened,CORE,did,holdout,202211,fit,15.5179517510234,14.2249397948151,1.29301195620833
amended,primary_unscreened,CORE,did,holdout,202212,fit,15.5926004099769,14.2429698162187,1.34963059375814
amended,primary_unscreened,CORE,did,holdout,202301,fit,15.6240865689939,14.3768714721836,1.24721509681029
amended,primary_unscreened,CORE,did,holdout,202302,fit,14.2355830213578,14.3001091369352,-0.0645261155774417
amended,primary_unscreened,CORE,did,holdout,202303,fit,17.5263599206528,15.135837424743,2.39052249590987
amended,primary_unscreened,CORE,did,holdout,202304,fit,15.9997548681365,15.0177823091781,0.981972558958438
amended,primary_unscreened,CORE,did,holdout,202305,fit,16.8514412953545,14.8537354367035,1.99770585865097
amended,primary_unscreened,CORE,did,holdout,202306,post,17.0100160031832,14.9633471959641,2.04666880721903
amended,primary_unscreened,CORE,did,holdout,202307,post,12.1621516896494,13.7309747326158,-1.56882304296646
amended,primary_unscreened,CORE,did,holdout,202308,post,13.7147880990265,14.5226016077072,-0.807813508680729
amended,primary_unscreened,CORE,did,holdout,202309,post,17.7474282201853,15.3992744316776,2.34815378850766
amended,primary_unscreened,CORE,did,holdout,202310,post,18.0605998718312,15.6140543605468,2.44654551128441
amended,primary_unscreened,CORE,did,holdout,202311,post,19.7164428238841,15.4853785691758,4.23106425470824
amended,primary_unscreened,CORE,ascm,full pre,202201,fit,7.97905914831491,8.27274223977705,-0.293683091462139
amended,primary_unscreened,CORE,ascm,full pre,202202,fit,12.1896372928349,12.6241282252088,-0.434490932373825
amended,primary_unscreened,CORE,ascm,full pre,202203,fit,14.3278967450052,14.1039893230705,0.223907421934642
amended,primary_unscreened,CORE,ascm,full pre,202204,fit,14.6964400185268,14.4895939398588,0.206846078668061
amended,primary_unscreened,CORE,ascm,full pre,202205,fit,13.9897125121724,13.8710152029347,0.118697309237653
amended,primary_unscreened,CORE,ascm,full pre,202206,fit,6.86308847714625,7.09772537040831,-0.234636893262064
amended,primary_unscreened,CORE,ascm,full pre,202207,fit,13.9652356981579,13.5209697269905,0.444265971167461
amended,primary_unscreened,CORE,ascm,full pre,202208,fit,13.2643884014275,12.9274645846763,0.33692381675119
amended,primary_unscreened,CORE,ascm,full pre,202209,fit,15.0961022283904,15.6622848811825,-0.566182652792014
amended,primary_unscreened,CORE,ascm,full pre,202210,fit,15.3927327213571,16.5185474929595,-1.12581477160238
amended,primary_unscreened,CORE,ascm,full pre,202211,fit,15.5179517510234,14.9252377193802,0.592714031643194
amended,primary_unscreened,CORE,ascm,full pre,202212,fit,15.5926004099769,15.1212829935426,0.471317416434316
amended,primary_unscreened,CORE,ascm,full pre,202301,fit,15.6240865689939,14.9970174946472,0.627069074346649
amended,primary_unscreened,CORE,ascm,full pre,202302,fit,14.2355830213578,14.4344813806683,-0.198898359310569
amended,primary_unscreened,CORE,ascm,full pre,202303,fit,17.5263599206528,17.0949878364514,0.43137208420147
amended,primary_unscreened,CORE,ascm,full pre,202304,fit,15.9997548681365,15.7816609894739,0.218093878662563
amended,primary_unscreened,CORE,ascm,full pre,202305,fit,16.8514412953545,17.1920229668181,-0.340581671463625
amended,primary_unscreened,CORE,ascm,full pre,202306,fit,17.0100160031832,16.8528689300484,0.157147073134752
amended,primary_unscreened,CORE,ascm,full pre,202307,fit,12.1621516896494,12.3675130840969,-0.205361394447488
amended,primary_unscreened,CORE,ascm,full pre,202308,fit,13.7147880990265,14.6433082840353,-0.928520185008813
amended,primary_unscreened,CORE,ascm,full pre,202309,fit,17.7474282201853,17.5250968403952,0.222331379790131
amended,primary_unscreened,CORE,ascm,full pre,202310,fit,18.0605998718312,18.2753218498131,-0.214721977981949
amended,primary_unscreened,CORE,ascm,full pre,202311,fit,19.7164428238841,19.2242364301513,0.492206393732783
amended,primary_unscreened,CORE,scm,full pre,202201,fit,7.97905914831491,8.34440814925672,-0.36534900094181
amended,primary_unscreened,CORE,scm,full pre,202202,fit,12.1896372928349,12.6656441555914,-0.476006862756506
amended,primary_unscreened,CORE,scm,full pre,202203,fit,14.3278967450052,13.7962857623421,0.531610982663093
amended,primary_unscreened,CORE,scm,full pre,202204,fit,14.6964400185268,14.7303365462884,-0.0338965277615433
amended,primary_unscreened,CORE,scm,full pre,202205,fit,13.9897125121724,13.6522753022183,0.337437209954057
amended,primary_unscreened,CORE,scm,full pre,202206,fit,6.86308847714625,7.20967896225808,-0.346590485111825
amended,primary_unscreened,CORE,scm,full pre,202207,fit,13.9652356981579,13.2530929649931,0.712142733164848
amended,primary_unscreened,CORE,scm,full pre,202208,fit,13.2643884014275,12.7588486617689,0.505539739658595
amended,primary_unscreened,CORE,scm,full pre,202209,fit,15.0961022283904,15.6697439569358,-0.573641728545367
amended,primary_unscreened,CORE,scm,full pre,202210,fit,15.3927327213571,16.7234714043046,-1.33073868294752
amended,primary_unscreened,CORE,scm,full pre,202211,fit,15.5179517510234,15.0475096472295,0.470442103793969
amended,primary_unscreened,CORE,scm,full pre,202212,fit,15.5926004099769,15.2454419798126,0.347158430164239
amended,primary_unscreened,CORE,scm,full pre,202301,fit,15.6240865689939,14.7052737120513,0.918812856942614
amended,primary_unscreened,CORE,scm,full pre,202302,fit,14.2355830213578,14.0339275449447,0.201655476413036
amended,primary_unscreened,CORE,scm,full pre,202303,fit,17.5263599206528,16.894574810996,0.631785109656786
amended,primary_unscreened,CORE,scm,full pre,202304,fit,15.9997548681365,15.8969393117606,0.102815556375914
amended,primary_unscreened,CORE,scm,full pre,202305,fit,16.8514412953545,17.3798784754417,-0.52843718008716
amended,primary_unscreened,CORE,scm,full pre,202306,fit,17.0100160031832,17.0134958734894,-0.00347987030623997
amended,primary_unscreened,CORE,scm,full pre,202307,fit,12.1621516896494,12.6416320380781,-0.479480348428718
amended,primary_unscreened,CORE,scm,full pre,202308,fit,13.7147880990265,14.9985496213873,-1.28376152236078
amended,primary_unscreened,CORE,scm,full pre,202309,fit,17.7474282201853,17.2243722877132,0.523055932472055
amended,primary_unscreened,CORE,scm,full pre,202310,fit,18.0605998718312,18.1468504978714,-0.0862506260401901
amended,primary_unscreened,CORE,scm,full pre,202311,fit,19.7164428238841,18.8327310779489,0.883711745935138
amended,primary_screened,RING7,ascm,holdout,202201,fit,5.69451247165533,5.69451246085808,1.07972466523165e-08
amended,primary_screened,RING7,ascm,holdout,202202,fit,8.25904761904762,8.25904798563968,-3.66592061595838e-07
amended,primary_screened,RING7,ascm,holdout,202203,fit,9.8705900621118,9.87058958828722,4.7382457601941e-07
amended,primary_screened,RING7,ascm,holdout,202204,fit,10.0415532879819,10.0415535194937,-2.31511828374664e-07
amended,primary_screened,RING7,ascm,holdout,202205,fit,9.47,9.46999987888884,1.21111156659026e-07
amended,primary_screened,RING7,ascm,holdout,202206,fit,5.27515151515151,5.27515168865923,-1.7350771663871e-07
amended,primary_screened,RING7,ascm,holdout,202207,fit,9.89151927437642,9.89151928385304,-9.47662570638386e-09
amended,primary_screened,RING7,ascm,holdout,202208,fit,9.27933747412008,9.27933719552719,2.78592890978757e-07
amended,primary_screened,RING7,ascm,holdout,202209,fit,10.7700757575758,10.7700758738244,-1.16248653370121e-07
amended,primary_screened,RING7,ascm,holdout,202210,fit,10.9086961451247,10.9086963939976,-2.48872842334436e-07
amended,primary_screened,RING7,ascm,holdout,202211,fit,11.0715476190476,11.0715472546662,3.64381396167346e-07
amended,primary_screened,RING7,ascm,holdout,202212,fit,10.9319372294372,10.9319373642461,-1.34808875174031e-07
amended,primary_screened,RING7,ascm,holdout,202301,fit,11.3795454545455,11.3795453747528,7.97926293927276e-08
amended,primary_screened,RING7,ascm,holdout,202302,fit,10.3055595238095,10.3055596417634,-1.17953915079738e-07
amended,primary_screened,RING7,ascm,holdout,202303,fit,12.9309730848861,12.9309729963914,8.8494729766353e-08
amended,primary_screened,RING7,ascm,holdout,202304,fit,11.6421904761905,11.6421905061516,-2.99610842802167e-08
amended,primary_screened,RING7,ascm,holdout,202305,fit,12.1628985507246,12.1628985387857,1.19389866881647e-08
amended,primary_screened,RING7,ascm,holdout,202306,post,12.1728787878788,12.2156584793695,-0.0427796914907397
amended,primary_screened,RING7,ascm,holdout,202307,post,8.73681405895692,9.22992111608226,-0.493107057125339
amended,primary_screened,RING7,ascm,holdout,202308,post,10.4528053830228,11.2787238145561,-0.825918431533282
amended,primary_screened,RING7,ascm,holdout,202309,post,12.6972902494331,13.8126974941003,-1.11540724466718
amended,primary_screened,RING7,ascm,holdout,202310,post,12.5672943722944,13.3288926098656,-0.761598237571187
amended,primary_screened,RING7,ascm,holdout,202311,post,13.297987012987,13.7640585824752,-0.466071569488175
amended,primary_screened,RING7,scm,holdout,202201,fit,5.69451247165533,6.16977620087387,-0.475263729218543
amended,primary_screened,RING7,scm,holdout,202202,fit,8.25904761904762,8.91641569061701,-0.657368071569392
amended,primary_screened,RING7,scm,holdout,202203,fit,9.8705900621118,9.43716237939567,0.433427682716129
amended,primary_screened,RING7,scm,holdout,202204,fit,10.0415532879819,9.98777163829146,0.0537816496903982
amended,primary_screened,RING7,scm,holdout,202205,fit,9.47,9.44569928506389,0.0243007149361087
amended,primary_screened,RING7,scm,holdout,202206,fit,5.27515151515151,5.81878903470315,-0.543637519551637
amended,primary_screened,RING7,scm,holdout,202207,fit,9.89151927437642,9.47942556860228,0.412093705774142
amended,primary_screened,RING7,scm,holdout,202208,fit,9.27933747412008,8.78871425854304,0.490623215577047
amended,primary_screened,RING7,scm,holdout,202209,fit,10.7700757575758,11.0976177356769,-0.327541978101182
amended,primary_screened,RING7,scm,holdout,202210,fit,10.9086961451247,11.1848974414795,-0.276201296354833
amended,primary_screened,RING7,scm,holdout,202211,fit,11.0715476190476,10.6587955460236,0.412752073024063
amended,primary_screened,RING7,scm,holdout,202212,fit,10.9319372294372,10.9693503605913,-0.037413131154068
amended,primary_screened,RING7,scm,holdout,202301,fit,11.3795454545455,11.0335066139722,0.346038840573209
amended,primary_screened,RING7,scm,holdout,202302,fit,10.3055595238095,10.5914723465864,-0.285912822776922
amended,primary_screened,RING7,scm,holdout,202303,fit,12.9309730848861,12.7410703797327,0.189902705153408
amended,primary_screened,RING7,scm,holdout,202304,fit,11.6421904761905,11.7550169399553,-0.112826463764813
amended,primary_screened,RING7,scm,holdout,202305,fit,12.1628985507246,11.9207978220738,0.242100728650868
amended,primary_screened,RING7,scm,holdout,202306,post,12.1728787878788,11.9409110019984,0.231967785880416
amended,primary_screened,RING7,scm,holdout,202307,post,8.73681405895692,9.31031447729199,-0.573500418335076
amended,primary_screened,RING7,scm,holdout,202308,post,10.4528053830228,11.2807595687917,-0.827954185768904
amended,primary_screened,RING7,scm,holdout,202309,post,12.6972902494331,13.569928521664,-0.872638272230855
amended,primary_screened,RING7,scm,holdout,202310,post,12.5672943722944,13.3701007751395,-0.802806402845093
amended,primary_screened,RING7,scm,holdout,202311,post,13.297987012987,13.2757647590821,0.0222222539049284
amended,primary_screened,RING7,did,holdout,202201,fit,5.69451247165533,8.31839159869881,-2.62387912704348
amended,primary_screened,RING7,did,holdout,202202,fit,8.25904761904762,9.45209357080078,-1.19304595175316
amended,primary_screened,RING7,did,holdout,202203,fit,9.8705900621118,9.68133195463916,0.189258107472638
amended,primary_screened,RING7,did,holdout,202204,fit,10.0415532879819,9.93332570163291,0.108227586348949
amended,primary_screened,RING7,did,holdout,202205,fit,9.47,9.84909779485955,-0.37909779485955
amended,primary_screened,RING7,did,holdout,202206,fit,5.27515151515151,8.70553856620941,-3.4303870510579
amended,primary_screened,RING7,did,holdout,202207,fit,9.89151927437642,9.35129972760694,0.540219546769482
amended,primary_screened,RING7,did,holdout,202208,fit,9.27933747412008,9.15245316676037,0.126884307359708
amended,primary_screened,RING7,did,holdout,202209,fit,10.7700757575758,10.5598718995427,0.210203858033013
amended,primary_screened,RING7,did,holdout,202210,fit,10.9086961451247,10.7550356583429,0.153660486781851
amended,primary_screened,RING7,did,holdout,202211,fit,11.0715476190476,10.2241023862278,0.847445232819842
amended,primary_screened,RING7,did,holdout,202212,fit,10.9319372294372,10.1992640023894,0.732673227047838
amended,primary_screened,RING7,did,holdout,202301,fit,11.3795454545455,10.3402855818201,1.03925987272539
amended,primary_screened,RING7,did,holdout,202302,fit,10.3055595238095,10.3032354899927,0.00232403381682644
amended,primary_screened,RING7,did,holdout,202303,fit,12.9309730848861,11.2416490385215,1.68932404636466
amended,primary_screened,RING7,did,holdout,202304,fit,11.6421904761905,11.0224203384775,0.61977013771293
amended,primary_screened,RING7,did,holdout,202305,fit,12.1628985507246,10.7957390692637,1.36715948146097
amended,primary_screened,RING7,did,holdout,202306,post,12.1728787878788,10.8321161603325,1.34076262754633
amended,primary_screened,RING7,did,holdout,202307,post,8.73681405895692,9.61390194020915,-0.877087881252232
amended,primary_screened,RING7,did,holdout,202308,post,10.4528053830228,10.4001756085698,0.0526297744530009
amended,primary_screened,RING7,did,holdout,202309,post,12.6972902494331,11.4656465289537,1.23164372047937
amended,primary_screened,RING7,did,holdout,202310,post,12.5672943722944,11.5782419638219,0.989052408472473
amended,primary_screened,RING7,did,holdout,202311,post,13.297987012987,11.391674470709,1.90631254227806
amended,primary_screened,RING7,ascm,full pre,202201,fit,5.69451247165533,5.69451245262669,1.90286399970319e-08
amended,primary_screened,RING7,ascm,full pre,202202,fit,8.25904761904762,8.25904807309106,-4.54043437514429e-07
amended,primary_screened,RING7,ascm,full pre,202203,fit,9.8705900621118,9.87058952389887,5.38212926670667e-07
amended,primary_screened,RING7,ascm,full pre,202204,fit,10.0415532879819,10.0415535026875,-2.14705679013605e-07
amended,primary_screened,RING7,ascm,full pre,202205,fit,9.47,9.4699999729429,2.70570961191652e-08
amended,primary_screened,RING7,ascm,full pre,202206,fit,5.27515151515151,5.275151657558,-1.42406483050195e-07
amended,primary_screened,RING7,ascm,full pre,202207,fit,9.89151927437642,9.89151923422366,4.01527575633054e-08
amended,primary_screened,RING7,ascm,full pre,202208,fit,9.27933747412008,9.2793372854274,1.88692681035718e-07
amended,primary_screened,RING7,ascm,full pre,202209,fit,10.7700757575758,10.7700758730453,-1.15469575234783e-07
amended,primary_screened,RING7,ascm,full pre,202210,fit,10.9086961451247,10.9086964722409,-3.27116181253473e-07
amended,primary_screened,RING7,ascm,full pre,202211,fit,11.0715476190476,11.0715471973173,4.21730337762938e-07
amended,primary_screened,RING7,ascm,full pre,202212,fit,10.9319372294372,10.9319373530504,-1.23613183689031e-07
amended,primary_screened,RING7,ascm,full pre,202301,fit,11.3795454545455,11.379545391606,6.29394278917062e-08
amended,primary_screened,RING7,ascm,full pre,202302,fit,10.3055595238095,10.3055596143348,-9.0525265505903e-08
amended,primary_screened,RING7,ascm,full pre,202303,fit,12.9309730848861,12.9309728459544,2.38931772145179e-07
amended,primary_screened,RING7,ascm,full pre,202304,fit,11.6421904761905,11.6421903688802,1.07310254904291e-07
amended,primary_screened,RING7,ascm,full pre,202305,fit,12.1628985507246,12.1628985555373,-4.81262851792508e-09
amended,primary_screened,RING7,ascm,full pre,202306,fit,12.1728787878788,12.1728787256461,6.22327078758644e-08
amended,primary_screened,RING7,ascm,full pre,202307,fit,8.73681405895692,8.73681414205782,-8.31009074886424e-08
amended,primary_screened,RING7,ascm,full pre,202308,fit,10.4528053830228,10.452805313514,6.95088147040224e-08
amended,primary_screened,RING7,ascm,full pre,202309,fit,12.6972902494331,12.697290466652,-2.17218895315341e-07
amended,primary_screened,RING7,ascm,full pre,202310,fit,12.5672943722944,12.5672943663679,5.92647175778893e-09
amended,primary_screened,RING7,ascm,full pre,202311,fit,13.297987012987,13.2979870216987,-8.71166783156241e-09
amended,primary_screened,RING7,scm,full pre,202201,fit,5.69451247165533,6.0789624665981,-0.384449994942768
amended,primary_screened,RING7,scm,full pre,202202,fit,8.25904761904762,9.12712638721319,-0.868078768165569
amended,primary_screened,RING7,scm,full pre,202203,fit,9.8705900621118,9.42492392471448,0.445666137397325
amended,primary_screened,RING7,scm,full pre,202204,fit,10.0415532879819,9.93303097021358,0.108522317768283
amended,primary_screened,RING7,scm,full pre,202205,fit,9.47,9.46298948121341,0.00701051878659342
amended,primary_screened,RING7,scm,full pre,202206,fit,5.27515151515151,5.80193905092725,-0.526787535775736
amended,primary_screened,RING7,scm,full pre,202207,fit,9.89151927437642,9.4715485957777,0.41997067859872
amended,primary_screened,RING7,scm,full pre,202208,fit,9.27933747412008,8.77915603497551,0.500181439144575
amended,primary_screened,RING7,scm,full pre,202209,fit,10.7700757575758,11.0386486352145,-0.268572877638716
amended,primary_screened,RING7,scm,full pre,202210,fit,10.9086961451247,11.295081706807,-0.386385561682282
amended,primary_screened,RING7,scm,full pre,202211,fit,11.0715476190476,10.7262078344127,0.34533978463492
amended,primary_screened,RING7,scm,full pre,202212,fit,10.9319372294372,10.9215743062826,0.0103629231546023
amended,primary_screened,RING7,scm,full pre,202301,fit,11.3795454545455,11.0900685255846,0.289476928960866
amended,primary_screened,RING7,scm,full pre,202302,fit,10.3055595238095,10.5078466496287,-0.202287125819156
amended,primary_screened,RING7,scm,full pre,202303,fit,12.9309730848861,12.5351391470219,0.395833937864213
amended,primary_screened,RING7,scm,full pre,202304,fit,11.6421904761905,11.4729746652883,0.169215810902205
amended,primary_screened,RING7,scm,full pre,202305,fit,12.1628985507246,11.9240396477409,0.238858902983758
amended,primary_screened,RING7,scm,full pre,202306,fit,12.1728787878788,11.8926168169834,0.280261970895371
amended,primary_screened,RING7,scm,full pre,202307,fit,8.73681405895692,8.92557642601855,-0.188762367061633
amended,primary_screened,RING7,scm,full pre,202308,fit,10.4528053830228,10.6202893496465,-0.167483966623772
amended,primary_screened,RING7,scm,full pre,202309,fit,12.6972902494331,12.8948292327143,-0.19753898328122
amended,primary_screened,RING7,scm,full pre,202310,fit,12.5672943722944,12.8745044663686,-0.307210094074215
amended,primary_screened,RING7,scm,full pre,202311,fit,13.297987012987,13.1363365173488,0.161650495638254
amended,primary_unscreened,RING7,ascm,holdout,202201,fit,5.69451247165533,5.89257081025048,-0.198058338595146
amended,primary_unscreened,RING7,ascm,holdout,202202,fit,8.25904761904762,8.46435938260915,-0.205311763561534
amended,primary_unscreened,RING7,ascm,holdout,202203,fit,9.8705900621118,9.57767850597485,0.29291155613695
amended,primary_unscreened,RING7,ascm,holdout,202204,fit,10.0415532879819,10.0486649780957,-0.00711169011381863
amended,primary_unscreened,RING7,ascm,holdout,202205,fit,9.47,9.48849974130739,-0.0184997413073891
amended,primary_unscreened,RING7,ascm,holdout,202206,fit,5.27515151515151,5.29902989194989,-0.0238783767983799
amended,primary_unscreened,RING7,ascm,holdout,202207,fit,9.89151927437642,9.71643350310775,0.175085771268664
amended,primary_unscreened,RING7,ascm,holdout,202208,fit,9.27933747412008,9.20822670750196,0.0711107666181263
amended,primary_unscreened,RING7,ascm,holdout,202209,fit,10.7700757575758,11.0072815244644,-0.237205766888671
amended,primary_unscreened,RING7,ascm,holdout,202210,fit,10.9086961451247,11.2242108953479,-0.31551475022318
amended,primary_unscreened,RING7,ascm,holdout,202211,fit,11.0715476190476,10.7197338078234,0.351813811224243
amended,primary_unscreened,RING7,ascm,holdout,202212,fit,10.9319372294372,11.0260895817657,-0.0941523523284662
amended,primary_unscreened,RING7,ascm,holdout,202301,fit,11.3795454545455,11.1442349117248,0.235310542820614
amended,primary_unscreened,RING7,ascm,holdout,202302,fit,10.3055595238095,10.4255432829053,-0.11998375909573
amended,primary_unscreened,RING7,ascm,holdout,202303,fit,12.9309730848861,12.8214001612586,0.109572923627574
amended,primary_unscreened,RING7,ascm,holdout,202304,fit,11.6421904761905,11.6611299261162,-0.0189394499257638
amended,primary_unscreened,RING7,ascm,holdout,202305,fit,12.1628985507246,12.1600479335827,0.0028506171419167
amended,primary_unscreened,RING7,ascm,holdout,202306,post,12.1728787878788,12.2487798933347,-0.0759011054559355
amended,primary_unscreened,RING7,ascm,holdout,202307,post,8.73681405895692,9.08762347265502,-0.350809413698102
amended,primary_unscreened,RING7,ascm,holdout,202308,post,10.4528053830228,11.4400681547682,-0.987262771745387
amended,primary_unscreened,RING7,ascm,holdout,202309,post,12.6972902494331,13.5621270373771,-0.864836787943984
amended,primary_unscreened,RING7,ascm,holdout,202310,post,12.5672943722944,13.5140326942719,-0.946738321977522
amended,primary_unscreened,RING7,ascm,holdout,202311,post,13.297987012987,13.4434102022108,-0.145423189223756
amended,primary_unscreened,RING7,scm,holdout,202201,fit,5.69451247165533,5.9506746093147,-0.256162137659366
amended,primary_unscreened,RING7,scm,holdout,202202,fit,8.25904761904762,8.52889784496757,-0.269850225919953
amended,primary_unscreened,RING7,scm,holdout,202203,fit,9.8705900621118,9.57498249348494,0.295607568626865
amended,primary_unscreened,RING7,scm,holdout,202204,fit,10.0415532879819,9.9968313372966,0.0447219506852559
amended,primary_unscreened,RING7,scm,holdout,202205,fit,9.47,9.53556009011095,-0.0655600901109477
amended,primary_unscreened,RING7,scm,holdout,202206,fit,5.27515151515151,5.34306895137478,-0.0679174362232606
amended,primary_unscreened,RING7,scm,holdout,202207,fit,9.89151927437642,9.69793490722544,0.193584367150981
amended,primary_unscreened,RING7,scm,holdout,202208,fit,9.27933747412008,9.21498537706285,0.0643520970572329
amended,primary_unscreened,RING7,scm,holdout,202209,fit,10.7700757575758,10.9777394342557,-0.207663676679939
amended,primary_unscreened,RING7,scm,holdout,202210,fit,10.9086961451247,11.2304854335313,-0.321789288406569
amended,primary_unscreened,RING7,scm,holdout,202211,fit,11.0715476190476,10.7576234911724,0.313924127875216
amended,primary_unscreened,RING7,scm,holdout,202212,fit,10.9319372294372,10.9302896454751,0.00164758396217124
amended,primary_unscreened,RING7,scm,holdout,202301,fit,11.3795454545455,11.1144840001867,0.265061454358762
amended,primary_unscreened,RING7,scm,holdout,202302,fit,10.3055595238095,10.5100937663166,-0.204534242507069
amended,primary_unscreened,RING7,scm,holdout,202303,fit,12.9309730848861,12.8216916727317,0.109281412154475
amended,primary_unscreened,RING7,scm,holdout,202304,fit,11.6421904761905,11.6506278775582,-0.00843740136768112
amended,primary_unscreened,RING7,scm,holdout,202305,fit,12.1628985507246,12.1223018251651,0.040596725559519
amended,primary_unscreened,RING7,scm,holdout,202306,post,12.1728787878788,12.2945842200838,-0.121705432205005
amended,primary_unscreened,RING7,scm,holdout,202307,post,8.73681405895692,9.27956492773171,-0.542750868774798
amended,primary_unscreened,RING7,scm,holdout,202308,post,10.4528053830228,11.5872183033502,-1.13441292032745
amended,primary_unscreened,RING7,scm,holdout,202309,post,12.6972902494331,13.4293411346089,-0.732050885175807
amended,primary_unscreened,RING7,scm,holdout,202310,post,12.5672943722944,13.4112876932399,-0.843993320945566
amended,primary_unscreened,RING7,scm,holdout,202311,post,13.297987012987,13.35025534213,-0.0522683291429384
amended,primary_unscreened,RING7,did,holdout,202201,fit,5.69451247165533,8.30362945728173,-2.6091169856264
amended,primary_unscreened,RING7,did,holdout,202202,fit,8.25904761904762,9.62579953163118,-1.36675191258356
amended,primary_unscreened,RING7,did,holdout,202203,fit,9.8705900621118,9.75035942872724,0.120230633384564
amended,primary_unscreened,RING7,did,holdout,202204,fit,10.0415532879819,10.054187373137,-0.012634085155188
amended,primary_unscreened,RING7,did,holdout,202205,fit,9.47,10.0515068370271,-0.581506837027146
amended,primary_unscreened,RING7,did,holdout,202206,fit,5.27515151515151,8.48540088907175,-3.21024937392024
amended,primary_unscreened,RING7,did,holdout,202207,fit,9.89151927437642,9.49679225895755,0.394727015418869
amended,primary_unscreened,RING7,did,holdout,202208,fit,9.27933747412008,9.23120771276366,0.0481297613564227
amended,primary_unscreened,RING7,did,holdout,202209,fit,10.7700757575758,10.4717065103402,0.298369247235556
amended,primary_unscreened,RING7,did,holdout,202210,fit,10.9086961451247,10.7675089049716,0.141187240153124
amended,primary_unscreened,RING7,did,holdout,202211,fit,11.0715476190476,10.1527671164008,0.918780502646811
amended,primary_unscreened,RING7,did,holdout,202212,fit,10.9319372294372,10.1707971378044,0.761140091632798
amended,primary_unscreened,RING7,did,holdout,202301,fit,11.3795454545455,10.3046987937693,1.07484666077617
amended,primary_unscreened,RING7,did,holdout,202302,fit,10.3055595238095,10.2279364585209,0.0776230652886341
amended,primary_unscreened,RING7,did,holdout,202303,fit,12.9309730848861,11.0636647463287,1.86730833855746
amended,primary_unscreened,RING7,did,holdout,202304,fit,11.6421904761905,10.9456096307638,0.696580845426709
amended,primary_unscreened,RING7,did,holdout,202305,fit,12.1628985507246,10.7815627582892,1.38133579243542
amended,primary_unscreened,RING7,did,holdout,202306,post,12.1728787878788,10.8911745175498,1.28170427032894
amended,primary_unscreened,RING7,did,holdout,202307,post,8.73681405895692,9.65880205420154,-0.921987995244628
amended,primary_unscreened,RING7,did,holdout,202308,post,10.4528053830228,10.4504289292929,0.00237645372983408
amended,primary_unscreened,RING7,did,holdout,202309,post,12.6972902494331,11.3271017532633,1.37018849616978
amended,primary_unscreened,RING7,did,holdout,202310,post,12.5672943722944,11.5418816821325,1.0254126901619
amended,primary_unscreened,RING7,did,holdout,202311,post,13.297987012987,11.4132058907615,1.8847811222255
amended,primary_unscreened,RING7,ascm,full pre,202201,fit,5.69451247165533,5.80834998914857,-0.113837517493246
amended,primary_unscreened,RING7,ascm,full pre,202202,fit,8.25904761904762,8.62221262795344,-0.363165008905824
amended,primary_unscreened,RING7,ascm,full pre,202203,fit,9.8705900621118,9.74983069643119,0.120759365680605
amended,primary_unscreened,RING7,ascm,full pre,202204,fit,10.0415532879819,9.88843659661935,0.153116691362513
amended,primary_unscreened,RING7,ascm,full pre,202205,fit,9.47,9.46195584267818,0.00804415732181596
amended,primary_unscreened,RING7,ascm,full pre,202206,fit,5.27515151515151,5.40232107547552,-0.127169560324008
amended,primary_unscreened,RING7,ascm,full pre,202207,fit,9.89151927437642,9.58733860676733,0.304180667609083
amended,primary_unscreened,RING7,ascm,full pre,202208,fit,9.27933747412008,9.19194549256445,0.0873919815556352
amended,primary_unscreened,RING7,ascm,full pre,202209,fit,10.7700757575758,10.9769293260144,-0.206853568438689
amended,primary_unscreened,RING7,ascm,full pre,202210,fit,10.9086961451247,11.3699290043971,-0.461232859272426
amended,primary_unscreened,RING7,ascm,full pre,202211,fit,11.0715476190476,10.7448611220202,0.326686497027421
amended,primary_unscreened,RING7,ascm,full pre,202212,fit,10.9319372294372,11.0309538956933,-0.0990166662560217
amended,primary_unscreened,RING7,ascm,full pre,202301,fit,11.3795454545455,11.0407389005355,0.338806554009913
amended,primary_unscreened,RING7,ascm,full pre,202302,fit,10.3055595238095,10.4467217307417,-0.141162206932126
amended,primary_unscreened,RING7,ascm,full pre,202303,fit,12.9309730848861,12.6926166899137,0.238356394972435
amended,primary_unscreened,RING7,ascm,full pre,202304,fit,11.6421904761905,11.3996014793613,0.24258899682915
amended,primary_unscreened,RING7,ascm,full pre,202305,fit,12.1628985507246,12.1657485852598,-0.00285003453514676
amended,primary_unscreened,RING7,ascm,full pre,202306,fit,12.1728787878788,12.0805071663326,0.0923716215461496
amended,primary_unscreened,RING7,ascm,full pre,202307,fit,8.73681405895692,8.67379646220125,0.0630175967556657
amended,primary_unscreened,RING7,ascm,full pre,202308,fit,10.4528053830228,10.7094401862409,-0.256634803218095
amended,primary_unscreened,RING7,ascm,full pre,202309,fit,12.6972902494331,12.7891404517052,-0.091850202272072
amended,primary_unscreened,RING7,ascm,full pre,202310,fit,12.5672943722944,12.8957055974943,-0.32841122519989
amended,primary_unscreened,RING7,ascm,full pre,202311,fit,13.297987012987,13.0811238848099,0.216863128177152
amended,primary_unscreened,RING7,scm,full pre,202201,fit,5.69451247165533,5.84592507521225,-0.151412603556925
amended,primary_unscreened,RING7,scm,full pre,202202,fit,8.25904761904762,8.63515092949832,-0.376103310450704
amended,primary_unscreened,RING7,scm,full pre,202203,fit,9.8705900621118,9.71511623417766,0.155473827934138
amended,primary_unscreened,RING7,scm,full pre,202204,fit,10.0415532879819,9.87404076819491,0.16751251978695
amended,primary_unscreened,RING7,scm,full pre,202205,fit,9.47,9.45187948577336,0.0181205142266414
amended,primary_unscreened,RING7,scm,full pre,202206,fit,5.27515151515151,5.44954708790001,-0.17439557274849
amended,primary_unscreened,RING7,scm,full pre,202207,fit,9.89151927437642,9.55739269516485,0.334126579211567
amended,primary_unscreened,RING7,scm,full pre,202208,fit,9.27933747412008,9.19017234172556,0.0891651323945197
amended,primary_unscreened,RING7,scm,full pre,202209,fit,10.7700757575758,10.9980641791394,-0.227988421563664
amended,primary_unscreened,RING7,scm,full pre,202210,fit,10.9086961451247,11.3771398111529,-0.468443666028167
amended,primary_unscreened,RING7,scm,full pre,202211,fit,11.0715476190476,10.7397293043112,0.331818314736429
amended,primary_unscreened,RING7,scm,full pre,202212,fit,10.9319372294372,11.0314847461541,-0.0995475167168358
amended,primary_unscreened,RING7,scm,full pre,202301,fit,11.3795454545455,11.043054920348,0.3364905341975
amended,primary_unscreened,RING7,scm,full pre,202302,fit,10.3055595238095,10.4658560397635,-0.160296515953972
amended,primary_unscreened,RING7,scm,full pre,202303,fit,12.9309730848861,12.6811354116209,0.249837673265194
amended,primary_unscreened,RING7,scm,full pre,202304,fit,11.6421904761905,11.3960059728977,0.246184503292737
amended,primary_unscreened,RING7,scm,full pre,202305,fit,12.1628985507246,12.1757730504853,-0.0128744997606187
amended,primary_unscreened,RING7,scm,full pre,202306,fit,12.1728787878788,12.0672717278399,0.105607060038897
amended,primary_unscreened,RING7,scm,full pre,202307,fit,8.73681405895692,8.71723494429435,0.0195791146625659
amended,primary_unscreened,RING7,scm,full pre,202308,fit,10.4528053830228,10.7003827396128,-0.247577356590014
amended,primary_unscreened,RING7,scm,full pre,202309,fit,12.6972902494331,12.7672313295165,-0.0699410800833888
amended,primary_unscreened,RING7,scm,full pre,202310,fit,12.5672943722944,12.8920944184492,-0.324800046154856
amended,primary_unscreened,RING7,scm,full pre,202311,fit,13.297987012987,13.0824547596008,0.215532253386218
amended,primary_screened,BELISARIO_RW,ascm,holdout,202201,fit,5.06867949222228,7.24825149101544,-2.17957199879316
amended,primary_screened,BELISARIO_RW,ascm,holdout,202202,fit,9.61499036209575,11.9425888094568,-2.32759844736102
amended,primary_screened,BELISARIO_RW,ascm,holdout,202203,fit,13.5318908927845,13.0780531094862,0.453837783298269
amended,primary_screened,BELISARIO_RW,ascm,holdout,202204,fit,14.1734295189175,14.3240118977022,-0.150582378784678
amended,primary_screened,BELISARIO_RW,ascm,holdout,202205,fit,13.0245845143236,12.8757851894971,0.148799324826442
amended,primary_screened,BELISARIO_RW,ascm,holdout,202206,fit,7.62782660459941,8.29170005773382,-0.66387345313441
amended,primary_screened,BELISARIO_RW,ascm,holdout,202207,fit,13.6590810872588,11.983290046659,1.67579104059978
amended,primary_screened,BELISARIO_RW,ascm,holdout,202208,fit,12.5061318734787,10.6250834220499,1.88104845142876
amended,primary_screened,BELISARIO_RW,ascm,holdout,202209,fit,16.7083007086964,16.3471856751349,0.361115033561521
amended,primary_screened,BELISARIO_RW,ascm,holdout,202210,fit,17.3310373002607,17.7265943605217,-0.395557060260931
amended,primary_screened,BELISARIO_RW,ascm,holdout,202211,fit,15.1089305540196,15.6589070288215,-0.549976474801982
amended,primary_screened,BELISARIO_RW,ascm,holdout,202212,fit,13.1745230484434,13.9434111601571,-0.768888111713764
amended,primary_screened,BELISARIO_RW,ascm,holdout,202301,fit,16.8335253648797,15.2764607598739,1.55706460500585
amended,primary_screened,BELISARIO_RW,ascm,holdout,202302,fit,15.0802626100368,15.3076800153015,-0.227417405264674
amended,primary_screened,BELISARIO_RW,ascm,holdout,202303,fit,19.7541328636322,18.6324740672517,1.12165879638054
amended,primary_screened,BELISARIO_RW,ascm,holdout,202304,fit,17.2735039155156,16.7667538065984,0.50675010891716
amended,primary_screened,BELISARIO_RW,ascm,holdout,202305,fit,16.307093706851,16.7496935207547,-0.442599813903691
amended,primary_screened,BELISARIO_RW,ascm,holdout,202306,post,17.0179896201255,17.1835814514872,-0.165591831361702
amended,primary_screened,BELISARIO_RW,ascm,holdout,202307,post,12.932219431272,12.7758256252225,0.156393806049547
amended,primary_screened,BELISARIO_RW,ascm,holdout,202308,post,14.743711783831,15.2362056671704,-0.492493883339368
amended,primary_screened,BELISARIO_RW,ascm,holdout,202309,post,18.1480759139321,19.6412990360951,-1.49322312216293
amended,primary_screened,BELISARIO_RW,ascm,holdout,202310,post,18.6109143760439,18.4182180671487,0.19269630889519
amended,primary_screened,BELISARIO_RW,ascm,holdout,202311,post,17.6500557345653,18.7017801607641,-1.05172442619878
amended,primary_screened,BELISARIO_RW,scm,holdout,202201,fit,5.06867949222228,7.68984829243338,-2.6211688002111
amended,primary_screened,BELISARIO_RW,scm,holdout,202202,fit,9.61499036209575,11.8600193552142,-2.24502899311849
amended,primary_screened,BELISARIO_RW,scm,holdout,202203,fit,13.5318908927845,12.7556167222043,0.776274170580157
amended,primary_screened,BELISARIO_RW,scm,holdout,202204,fit,14.1734295189175,14.1841057785071,-0.010676259589534
amended,primary_screened,BELISARIO_RW,scm,holdout,202205,fit,13.0245845143236,12.7438435345682,0.280740979755336
amended,primary_screened,BELISARIO_RW,scm,holdout,202206,fit,7.62782660459941,8.29076302965996,-0.662936425060553
amended,primary_screened,BELISARIO_RW,scm,holdout,202207,fit,13.6590810872588,11.8472119896053,1.81186909765347
amended,primary_screened,BELISARIO_RW,scm,holdout,202208,fit,12.5061318734787,10.6252222206851,1.8809096527936
amended,primary_screened,BELISARIO_RW,scm,holdout,202209,fit,16.7083007086964,16.5412703494819,0.167030359214593
amended,primary_screened,BELISARIO_RW,scm,holdout,202210,fit,17.3310373002607,17.5314045557491,-0.200367255488388
amended,primary_screened,BELISARIO_RW,scm,holdout,202211,fit,15.1089305540196,15.9271808427443,-0.818250288724741
amended,primary_screened,BELISARIO_RW,scm,holdout,202212,fit,13.1745230484434,14.4482362332434,-1.2737131848
amended,primary_screened,BELISARIO_RW,scm,holdout,202301,fit,16.8335253648797,15.0700444707575,1.76348089412222
amended,primary_screened,BELISARIO_RW,scm,holdout,202302,fit,15.0802626100368,14.6351544489541,0.44510816108267
amended,primary_screened,BELISARIO_RW,scm,holdout,202303,fit,19.7541328636322,17.7768114785088,1.97732138512343
amended,primary_screened,BELISARIO_RW,scm,holdout,202304,fit,17.2735039155156,16.8586712527799,0.414832662735609
amended,primary_screened,BELISARIO_RW,scm,holdout,202305,fit,16.307093706851,17.0872958510478,-0.78020214419681
amended,primary_screened,BELISARIO_RW,scm,holdout,202306,post,17.0179896201255,17.017082864812,0.000906755313483387
amended,primary_screened,BELISARIO_RW,scm,holdout,202307,post,12.932219431272,12.1791862725429,0.753033158729105
amended,primary_screened,BELISARIO_RW,scm,holdout,202308,post,14.743711783831,14.8907739211439,-0.147062137312917
amended,primary_screened,BELISARIO_RW,scm,holdout,202309,post,18.1480759139321,19.4070273271625,-1.25895141323041
amended,primary_screened,BELISARIO_RW,scm,holdout,202310,post,18.6109143760439,18.402717972897,0.208196403146971
amended,primary_screened,BELISARIO_RW,scm,holdout,202311,post,17.6500557345653,18.0324469903921,-0.382391255826754
amended,primary_screened,BELISARIO_RW,did,holdout,202201,fit,5.06867949222228,12.2532615323594,-7.1845820401371
amended,primary_screened,BELISARIO_RW,did,holdout,202202,fit,9.61499036209575,13.3869635044614,-3.7719731423656
amended,primary_screened,BELISARIO_RW,did,holdout,202203,fit,13.5318908927845,13.6162018882997,-0.0843109955152759
amended,primary_screened,BELISARIO_RW,did,holdout,202204,fit,14.1734295189175,13.8681956352935,0.305233883624057
amended,primary_screened,BELISARIO_RW,did,holdout,202205,fit,13.0245845143236,13.7839677285201,-0.759383214196543
amended,primary_screened,BELISARIO_RW,did,holdout,202206,fit,7.62782660459941,12.64040849987,-5.01258189527057
amended,primary_screened,BELISARIO_RW,did,holdout,202207,fit,13.6590810872588,13.2861696612675,0.37291142599126
amended,primary_screened,BELISARIO_RW,did,holdout,202208,fit,12.5061318734787,13.0873231004209,-0.581191226942263
amended,primary_screened,BELISARIO_RW,did,holdout,202209,fit,16.7083007086964,14.4947418332033,2.21355887549313
amended,primary_screened,BELISARIO_RW,did,holdout,202210,fit,17.3310373002607,14.6899055920034,2.64113170825729
amended,primary_screened,BELISARIO_RW,did,holdout,202211,fit,15.1089305540196,14.1589723198883,0.949958234131207
amended,primary_screened,BELISARIO_RW,did,holdout,202212,fit,13.1745230484434,14.13413393605,-0.959610887606589
amended,primary_screened,BELISARIO_RW,did,holdout,202301,fit,16.8335253648797,14.2751555154806,2.5583698493991
amended,primary_screened,BELISARIO_RW,did,holdout,202302,fit,15.0802626100368,14.2381054236533,0.84215718638351
amended,primary_screened,BELISARIO_RW,did,holdout,202303,fit,19.7541328636322,15.176518972182,4.57761389145018
amended,primary_screened,BELISARIO_RW,did,holdout,202304,fit,17.2735039155156,14.9572902721381,2.31621364337743
amended,primary_screened,BELISARIO_RW,did,holdout,202305,fit,16.307093706851,14.7306090029242,1.57648470392677
amended,primary_screened,BELISARIO_RW,did,holdout,202306,post,17.0179896201255,14.766986093993,2.25100352613243
amended,primary_screened,BELISARIO_RW,did,holdout,202307,post,12.932219431272,13.5487718738697,-0.616552442597708
amended,primary_screened,BELISARIO_RW,did,holdout,202308,post,14.743711783831,14.3350455422303,0.408666241600653
amended,primary_screened,BELISARIO_RW,did,holdout,202309,post,18.1480759139321,15.4005164626143,2.74755945131782
amended,primary_screened,BELISARIO_RW,did,holdout,202310,post,18.6109143760439,15.5131118974825,3.09780247856146
amended,primary_screened,BELISARIO_RW,did,holdout,202311,post,17.6500557345653,15.3265444043695,2.32351133019582
amended,primary_screened,BELISARIO_RW,ascm,full pre,202201,fit,5.06867949222228,7.29151832190342,-2.22283882968114
amended,primary_screened,BELISARIO_RW,ascm,full pre,202202,fit,9.61499036209575,11.9120593226079,-2.29706896051219
amended,primary_screened,BELISARIO_RW,ascm,full pre,202203,fit,13.5318908927845,13.1037772431809,0.428113649603572
amended,primary_screened,BELISARIO_RW,ascm,full pre,202204,fit,14.1734295189175,14.2822835074286,-0.108853988511104
amended,primary_screened,BELISARIO_RW,ascm,full pre,202205,fit,13.0245845143236,12.9829440814705,0.0416404328530771
amended,primary_screened,BELISARIO_RW,ascm,full pre,202206,fit,7.62782660459941,8.37745702447477,-0.749630419875355
amended,primary_screened,BELISARIO_RW,ascm,full pre,202207,fit,13.6590810872588,11.9370306937022,1.7220503935566
amended,primary_screened,BELISARIO_RW,ascm,full pre,202208,fit,12.5061318734787,10.6839833558343,1.82214851764437
amended,primary_screened,BELISARIO_RW,ascm,full pre,202209,fit,16.7083007086964,16.4358213374374,0.272479371259013
amended,primary_screened,BELISARIO_RW,ascm,full pre,202210,fit,17.3310373002607,17.7176747634532,-0.386637463192422
amended,primary_screened,BELISARIO_RW,ascm,full pre,202211,fit,15.1089305540196,15.5071240580199,-0.39819350400038
amended,primary_screened,BELISARIO_RW,ascm,full pre,202212,fit,13.1745230484434,13.9243517843308,-0.749828735887457
amended,primary_screened,BELISARIO_RW,ascm,full pre,202301,fit,16.8335253648797,15.2452729105843,1.58825245429549
amended,primary_screened,BELISARIO_RW,ascm,full pre,202302,fit,15.0802626100368,15.238516361552,-0.158253751515192
amended,primary_screened,BELISARIO_RW,ascm,full pre,202303,fit,19.7541328636322,18.299724311341,1.45440855229118
amended,primary_screened,BELISARIO_RW,ascm,full pre,202304,fit,17.2735039155156,16.6167135013272,0.656790414188311
amended,primary_screened,BELISARIO_RW,ascm,full pre,202305,fit,16.307093706851,16.5432931567702,-0.236199449919205
amended,primary_screened,BELISARIO_RW,ascm,full pre,202306,fit,17.0179896201255,16.9853548918118,0.0326347283136634
amended,primary_screened,BELISARIO_RW,ascm,full pre,202307,fit,12.932219431272,12.4019825055355,0.530236925736555
amended,primary_screened,BELISARIO_RW,ascm,full pre,202308,fit,14.743711783831,14.8720611984918,-0.128349414660788
amended,primary_screened,BELISARIO_RW,ascm,full pre,202309,fit,18.1480759139321,19.0799760005223,-0.931900086590183
amended,primary_screened,BELISARIO_RW,ascm,full pre,202310,fit,18.6109143760439,18.1901043616719,0.420810014371991
amended,primary_screened,BELISARIO_RW,ascm,full pre,202311,fit,17.6500557345653,18.2518665843337,-0.601810849768395
amended,primary_screened,BELISARIO_RW,scm,full pre,202201,fit,5.06867949222228,7.69269176782199,-2.62401227559971
amended,primary_screened,BELISARIO_RW,scm,full pre,202202,fit,9.61499036209575,11.8694733501796,-2.25448298808385
amended,primary_screened,BELISARIO_RW,scm,full pre,202203,fit,13.5318908927845,12.7319012818394,0.799989610945081
amended,primary_screened,BELISARIO_RW,scm,full pre,202204,fit,14.1734295189175,14.129463136944,0.043966381973517
amended,primary_screened,BELISARIO_RW,scm,full pre,202205,fit,13.0245845143236,12.7433550346751,0.281229479648506
amended,primary_screened,BELISARIO_RW,scm,full pre,202206,fit,7.62782660459941,8.26188658334789,-0.634059978748481
amended,primary_screened,BELISARIO_RW,scm,full pre,202207,fit,13.6590810872588,11.9518441568133,1.70723693044549
amended,primary_screened,BELISARIO_RW,scm,full pre,202208,fit,12.5061318734787,10.7184501067677,1.78768176671096
amended,primary_screened,BELISARIO_RW,scm,full pre,202209,fit,16.7083007086964,16.5786831089999,0.129617599696502
amended,primary_screened,BELISARIO_RW,scm,full pre,202210,fit,17.3310373002607,17.5186970636663,-0.187659763405588
amended,primary_screened,BELISARIO_RW,scm,full pre,202211,fit,15.1089305540196,15.904504737439,-0.795574183419406
amended,primary_screened,BELISARIO_RW,scm,full pre,202212,fit,13.1745230484434,14.4691613475723,-1.2946382991289
amended,primary_screened,BELISARIO_RW,scm,full pre,202301,fit,16.8335253648797,14.9872618230427,1.84626354183699
amended,primary_screened,BELISARIO_RW,scm,full pre,202302,fit,15.0802626100368,14.6560925700786,0.424170039958202
amended,primary_screened,BELISARIO_RW,scm,full pre,202303,fit,19.7541328636322,17.6501140427292,2.10401882090301
amended,primary_screened,BELISARIO_RW,scm,full pre,202304,fit,17.2735039155156,16.7430703769666,0.530433538548913
amended,primary_screened,BELISARIO_RW,scm,full pre,202305,fit,16.307093706851,17.0078956862016,-0.700801979350619
amended,primary_screened,BELISARIO_RW,scm,full pre,202306,fit,17.0179896201255,16.8530177660952,0.16497185403027
amended,primary_screened,BELISARIO_RW,scm,full pre,202307,fit,12.932219431272,12.080466337691,0.85175309358098
amended,primary_screened,BELISARIO_RW,scm,full pre,202308,fit,14.743711783831,14.8279541010096,-0.0842423171786493
amended,primary_screened,BELISARIO_RW,scm,full pre,202309,fit,18.1480759139321,19.1948580566772,-1.04678214274511
amended,primary_screened,BELISARIO_RW,scm,full pre,202310,fit,18.6109143760439,18.2731581458157,0.337756230228262
amended,primary_screened,BELISARIO_RW,scm,full pre,202311,fit,17.6500557345653,17.9069767674383,-0.256921032872917
amended,primary_unscreened,BELISARIO_RW,ascm,holdout,202201,fit,5.06867949222228,6.69271451783161,-1.62403502560933
amended,primary_unscreened,BELISARIO_RW,ascm,holdout,202202,fit,9.61499036209575,11.199949141559,-1.5849587794633
amended,primary_unscreened,BELISARIO_RW,ascm,holdout,202203,fit,13.5318908927845,12.6284941812236,0.903396711560806
amended,primary_unscreened,BELISARIO_RW,ascm,holdout,202204,fit,14.1734295189175,14.6997550457612,-0.526325526843634
amended,primary_unscreened,BELISARIO_RW,ascm,holdout,202205,fit,13.0245845143236,13.4120018464106,-0.387417332087024
amended,primary_unscreened,BELISARIO_RW,ascm,holdout,202206,fit,7.62782660459941,7.70470886068767,-0.0768822560882567
amended,primary_unscreened,BELISARIO_RW,ascm,holdout,202207,fit,13.6590810872588,12.3235172475061,1.33556383975265
amended,primary_unscreened,BELISARIO_RW,ascm,holdout,202208,fit,12.5061318734787,11.4531356878724,1.05299618560631
amended,primary_unscreened,BELISARIO_RW,ascm,holdout,202209,fit,16.7083007086964,16.9157993274242,-0.207498618727726
amended,primary_unscreened,BELISARIO_RW,ascm,holdout,202210,fit,17.3310373002607,18.3444908715234,-1.01345357126268
amended,primary_unscreened,BELISARIO_RW,ascm,holdout,202211,fit,15.1089305540196,14.6962510963531,0.412679457666478
amended,primary_unscreened,BELISARIO_RW,ascm,holdout,202212,fit,13.1745230484434,13.3275899263559,-0.153066877912497
amended,primary_unscreened,BELISARIO_RW,ascm,holdout,202301,fit,16.8335253648797,15.8554024844395,0.978122880440226
amended,primary_unscreened,BELISARIO_RW,ascm,holdout,202302,fit,15.0802626100368,14.9597841328789,0.120478477157901
amended,primary_unscreened,BELISARIO_RW,ascm,holdout,202303,fit,19.7541328636322,19.0683692961872,0.685763567445065
amended,primary_unscreened,BELISARIO_RW,ascm,holdout,202304,fit,17.2735039155156,16.4049486728275,0.868555242688075
amended,primary_unscreened,BELISARIO_RW,ascm,holdout,202305,fit,16.307093706851,17.0910120811741,-0.783918374323065
amended,primary_unscreened,BELISARIO_RW,ascm,holdout,202306,post,17.0179896201255,18.7976786939029,-1.77968907377745
amended,primary_unscreened,BELISARIO_RW,ascm,holdout,202307,post,12.932219431272,14.6944236465574,-1.76220421528544
amended,primary_unscreened,BELISARIO_RW,ascm,holdout,202308,post,14.743711783831,15.8436606165925,-1.09994883276148
amended,primary_unscreened,BELISARIO_RW,ascm,holdout,202309,post,18.1480759139321,20.6467635805354,-2.49868766660323
amended,primary_unscreened,BELISARIO_RW,ascm,holdout,202310,post,18.6109143760439,20.5659792093022,-1.95506483325824
amended,primary_unscreened,BELISARIO_RW,ascm,holdout,202311,post,17.6500557345653,21.5103777324282,-3.86032199786289
amended,primary_unscreened,BELISARIO_RW,scm,holdout,202201,fit,5.06867949222228,6.85443640434262,-1.78575691212034
amended,primary_unscreened,BELISARIO_RW,scm,holdout,202202,fit,9.61499036209575,11.2264995467247,-1.61150918462896
amended,primary_unscreened,BELISARIO_RW,scm,holdout,202203,fit,13.5318908927845,12.6136095918521,0.918281300932327
amended,primary_unscreened,BELISARIO_RW,scm,holdout,202204,fit,14.1734295189175,14.6723497886471,-0.498920269729558
amended,primary_unscreened,BELISARIO_RW,scm,holdout,202205,fit,13.0245845143236,13.2519567699849,-0.227372255661317
amended,primary_unscreened,BELISARIO_RW,scm,holdout,202206,fit,7.62782660459941,6.96993540853822,0.657891196061192
amended,primary_unscreened,BELISARIO_RW,scm,holdout,202207,fit,13.6590810872588,11.9306429240172,1.72843816324161
amended,primary_unscreened,BELISARIO_RW,scm,holdout,202208,fit,12.5061318734787,11.4368382551723,1.06929361830641
amended,primary_unscreened,BELISARIO_RW,scm,holdout,202209,fit,16.7083007086964,17.0572332500576,-0.348932541361105
amended,primary_unscreened,BELISARIO_RW,scm,holdout,202210,fit,17.3310373002607,18.2907148122619,-0.959677512001125
amended,primary_unscreened,BELISARIO_RW,scm,holdout,202211,fit,15.1089305540196,14.9813929961941,0.127537557825463
amended,primary_unscreened,BELISARIO_RW,scm,holdout,202212,fit,13.1745230484434,13.6871558132207,-0.512632764777367
amended,primary_unscreened,BELISARIO_RW,scm,holdout,202301,fit,16.8335253648797,15.7296354077283,1.10388995715147
amended,primary_unscreened,BELISARIO_RW,scm,holdout,202302,fit,15.0802626100368,14.9122503066054,0.168012303431413
amended,primary_unscreened,BELISARIO_RW,scm,holdout,202303,fit,19.7541328636322,18.3111696558507,1.44296320778156
amended,primary_unscreened,BELISARIO_RW,scm,holdout,202304,fit,17.2735039155156,16.4487670899766,0.824736825538974
amended,primary_unscreened,BELISARIO_RW,scm,holdout,202305,fit,16.307093706851,17.2523422614525,-0.945248554601513
amended,primary_unscreened,BELISARIO_RW,scm,holdout,202306,post,17.0179896201255,18.4286941581868,-1.41070453806136
amended,primary_unscreened,BELISARIO_RW,scm,holdout,202307,post,12.932219431272,13.8074852545416,-0.875265823269583
amended,primary_unscreened,BELISARIO_RW,scm,holdout,202308,post,14.743711783831,15.6658672629203,-0.922155479089344
amended,primary_unscreened,BELISARIO_RW,scm,holdout,202309,post,18.1480759139321,20.0141656473205,-1.8660897333884
amended,primary_unscreened,BELISARIO_RW,scm,holdout,202310,post,18.6109143760439,20.1466379898743,-1.53572361383036
amended,primary_unscreened,BELISARIO_RW,scm,holdout,202311,post,17.6500557345653,20.4859042669714,-2.83584853240607
amended,primary_unscreened,BELISARIO_RW,did,holdout,202201,fit,5.06867949222228,12.2384993909423,-7.16981989872003
amended,primary_unscreened,BELISARIO_RW,did,holdout,202202,fit,9.61499036209575,13.5606694652917,-3.94567910319599
amended,primary_unscreened,BELISARIO_RW,did,holdout,202203,fit,13.5318908927845,13.6852293623878,-0.153338469603353
amended,primary_unscreened,BELISARIO_RW,did,holdout,202204,fit,14.1734295189175,13.9890573067976,0.184372212119916
amended,primary_unscreened,BELISARIO_RW,did,holdout,202205,fit,13.0245845143236,13.9863767706877,-0.961792256364138
amended,primary_unscreened,BELISARIO_RW,did,holdout,202206,fit,7.62782660459941,12.4202708227323,-4.79244421813291
amended,primary_unscreened,BELISARIO_RW,did,holdout,202207,fit,13.6590810872588,13.4316621926181,0.227418894640648
amended,primary_unscreened,BELISARIO_RW,did,holdout,202208,fit,12.5061318734787,13.1660776464242,-0.659945772945545
amended,primary_unscreened,BELISARIO_RW,did,holdout,202209,fit,16.7083007086964,14.4065764440008,2.30172426469568
amended,primary_unscreened,BELISARIO_RW,did,holdout,202210,fit,17.3310373002607,14.7023788386322,2.62865846162857
amended,primary_unscreened,BELISARIO_RW,did,holdout,202211,fit,15.1089305540196,14.0876370500614,1.02129350395818
amended,primary_unscreened,BELISARIO_RW,did,holdout,202212,fit,13.1745230484434,14.105667071465,-0.931144023021629
amended,primary_unscreened,BELISARIO_RW,did,holdout,202301,fit,16.8335253648797,14.2395687274299,2.59395663744988
amended,primary_unscreened,BELISARIO_RW,did,holdout,202302,fit,15.0802626100368,14.1628063921815,0.917456217855317
amended,primary_unscreened,BELISARIO_RW,did,holdout,202303,fit,19.7541328636322,14.9985346799892,4.75559818364298
amended,primary_unscreened,BELISARIO_RW,did,holdout,202304,fit,17.2735039155156,14.8804795644243,2.39302435109121
amended,primary_unscreened,BELISARIO_RW,did,holdout,202305,fit,16.307093706851,14.7164326919498,1.59066101490121
amended,primary_unscreened,BELISARIO_RW,did,holdout,202306,post,17.0179896201255,14.8260444512104,2.19194516891504
amended,primary_unscreened,BELISARIO_RW,did,holdout,202307,post,12.932219431272,13.5936719878621,-0.661452556590103
amended,primary_unscreened,BELISARIO_RW,did,holdout,202308,post,14.743711783831,14.3852988629535,0.358412920877484
amended,primary_unscreened,BELISARIO_RW,did,holdout,202309,post,18.1480759139321,15.2619716869239,2.88610422700823
amended,primary_unscreened,BELISARIO_RW,did,holdout,202310,post,18.6109143760439,15.476751615793,3.13416276025088
amended,primary_unscreened,BELISARIO_RW,did,holdout,202311,post,17.6500557345653,15.3480758244221,2.30197991014326
amended,primary_unscreened,BELISARIO_RW,ascm,full pre,202201,fit,5.06867949222228,6.64053452474723,-1.57185503252495
amended,primary_unscreened,BELISARIO_RW,ascm,full pre,202202,fit,9.61499036209575,11.1815630580177,-1.56657269592194
amended,primary_unscreened,BELISARIO_RW,ascm,full pre,202203,fit,13.5318908927845,13.1189193934978,0.412971499286668
amended,primary_unscreened,BELISARIO_RW,ascm,full pre,202204,fit,14.1734295189175,14.7538055525971,-0.580376033679533
amended,primary_unscreened,BELISARIO_RW,ascm,full pre,202205,fit,13.0245845143236,13.4362962532336,-0.411711738909988
amended,primary_unscreened,BELISARIO_RW,ascm,full pre,202206,fit,7.62782660459941,7.69624945620577,-0.0684228516063579
amended,primary_unscreened,BELISARIO_RW,ascm,full pre,202207,fit,13.6590810872588,11.8681849804492,1.79089610680959
amended,primary_unscreened,BELISARIO_RW,ascm,full pre,202208,fit,12.5061318734787,11.5479528428247,0.958179030654009
amended,primary_unscreened,BELISARIO_RW,ascm,full pre,202209,fit,16.7083007086964,16.587018227206,0.12128248149045
amended,primary_unscreened,BELISARIO_RW,ascm,full pre,202210,fit,17.3310373002607,18.0030305935025,-0.671993293241755
amended,primary_unscreened,BELISARIO_RW,ascm,full pre,202211,fit,15.1089305540196,15.3651078364471,-0.256177282427585
amended,primary_unscreened,BELISARIO_RW,ascm,full pre,202212,fit,13.1745230484434,13.7442241469927,-0.569701098549288
amended,primary_unscreened,BELISARIO_RW,ascm,full pre,202301,fit,16.8335253648797,15.5510516797204,1.28247368515929
amended,primary_unscreened,BELISARIO_RW,ascm,full pre,202302,fit,15.0802626100368,14.955376068681,0.124886541355794
amended,primary_unscreened,BELISARIO_RW,ascm,full pre,202303,fit,19.7541328636322,18.3033226846209,1.45081017901136
amended,primary_unscreened,BELISARIO_RW,ascm,full pre,202304,fit,17.2735039155156,16.0201866225359,1.25331729297967
amended,primary_unscreened,BELISARIO_RW,ascm,full pre,202305,fit,16.307093706851,16.577440714044,-0.270347007193021
amended,primary_unscreened,BELISARIO_RW,ascm,full pre,202306,fit,17.0179896201255,17.4265330176316,-0.408543397506122
amended,primary_unscreened,BELISARIO_RW,ascm,full pre,202307,fit,12.932219431272,12.9025379943999,0.0296814368721527
amended,primary_unscreened,BELISARIO_RW,ascm,full pre,202308,fit,14.743711783831,14.5416298687211,0.202081915109924
amended,primary_unscreened,BELISARIO_RW,ascm,full pre,202309,fit,18.1480759139321,18.704726769687,-0.556650855754914
amended,primary_unscreened,BELISARIO_RW,ascm,full pre,202310,fit,18.6109143760439,18.5062552973927,0.104659078651249
amended,primary_unscreened,BELISARIO_RW,ascm,full pre,202311,fit,17.6500557345653,18.44894369463,-0.798887960064704
amended,primary_unscreened,BELISARIO_RW,scm,full pre,202201,fit,5.06867949222228,6.81950803216564,-1.75082853994336
amended,primary_unscreened,BELISARIO_RW,scm,full pre,202202,fit,9.61499036209575,11.2860497993841,-1.67105943728835
amended,primary_unscreened,BELISARIO_RW,scm,full pre,202203,fit,13.5318908927845,13.106352501474,0.425538391310479
amended,primary_unscreened,BELISARIO_RW,scm,full pre,202204,fit,14.1734295189175,14.7402974739638,-0.566867955046289
amended,primary_unscreened,BELISARIO_RW,scm,full pre,202205,fit,13.0245845143236,13.304248201689,-0.279663687365447
amended,primary_unscreened,BELISARIO_RW,scm,full pre,202206,fit,7.62782660459941,7.21153273349134,0.416293871108075
amended,primary_unscreened,BELISARIO_RW,scm,full pre,202207,fit,13.6590810872588,11.7735661494891,1.88551493776963
amended,primary_unscreened,BELISARIO_RW,scm,full pre,202208,fit,12.5061318734787,11.525247114119,0.980884759359663
amended,primary_unscreened,BELISARIO_RW,scm,full pre,202209,fit,16.7083007086964,16.7183311854484,-0.0100304767519184
amended,primary_unscreened,BELISARIO_RW,scm,full pre,202210,fit,17.3310373002607,18.0457268219829,-0.714689521722164
amended,primary_unscreened,BELISARIO_RW,scm,full pre,202211,fit,15.1089305540196,15.4338445291811,-0.324913975161595
amended,primary_unscreened,BELISARIO_RW,scm,full pre,202212,fit,13.1745230484434,14.0444824290559,-0.869959380612515
amended,primary_unscreened,BELISARIO_RW,scm,full pre,202301,fit,16.8335253648797,15.5055341213309,1.32799124354879
amended,primary_unscreened,BELISARIO_RW,scm,full pre,202302,fit,15.0802626100368,14.8780029065264,0.202259703510361
amended,primary_unscreened,BELISARIO_RW,scm,full pre,202303,fit,19.7541328636322,17.8894752677704,1.86465759586183
amended,primary_unscreened,BELISARIO_RW,scm,full pre,202304,fit,17.2735039155156,15.9565100443378,1.31699387117773
amended,primary_unscreened,BELISARIO_RW,scm,full pre,202305,fit,16.307093706851,16.7014752483628,-0.394381541511752
amended,primary_unscreened,BELISARIO_RW,scm,full pre,202306,fit,17.0179896201255,17.3725620115011,-0.354572391375683
amended,primary_unscreened,BELISARIO_RW,scm,full pre,202307,fit,12.932219431272,12.717149565057,0.215069866215019
amended,primary_unscreened,BELISARIO_RW,scm,full pre,202308,fit,14.743711783831,14.6692648294098,0.0744469544212283
amended,primary_unscreened,BELISARIO_RW,scm,full pre,202309,fit,18.1480759139321,18.6031382577605,-0.455062343828388
amended,primary_unscreened,BELISARIO_RW,scm,full pre,202310,fit,18.6109143760439,18.4617786641798,0.149135711864158
amended,primary_unscreened,BELISARIO_RW,scm,full pre,202311,fit,17.6500557345653,18.3026253896263,-0.652569655060972
amended,primary_screened,BELISARIO_EQ,ascm,holdout,202201,fit,4.83609977324263,6.82680504509248,-1.99070527184985
amended,primary_screened,BELISARIO_EQ,ascm,holdout,202202,fit,9.19028571428571,11.5225140612507,-2.33222834696497
amended,primary_screened,BELISARIO_EQ,ascm,holdout,202203,fit,13.0995134575569,12.69435566469,0.405157792866982
amended,primary_screened,BELISARIO_EQ,ascm,holdout,202204,fit,13.9129024943311,13.9558990228652,-0.0429965285341645
amended,primary_screened,BELISARIO_EQ,ascm,holdout,202205,fit,12.7398701298701,12.5019028588868,0.237967270983333
amended,primary_screened,BELISARIO_EQ,ascm,holdout,202206,fit,7.33573593073593,7.99951606905901,-0.663780138323081
amended,primary_screened,BELISARIO_EQ,ascm,holdout,202207,fit,13.1927097505669,11.5028681562184,1.68984159434849
amended,primary_screened,BELISARIO_EQ,ascm,holdout,202208,fit,11.9105279503106,10.137779182363,1.77274876794757
amended,primary_screened,BELISARIO_EQ,ascm,holdout,202209,fit,16.0625216450216,15.7818132113477,0.280708433673926
amended,primary_screened,BELISARIO_EQ,ascm,holdout,202210,fit,16.7917233560091,17.1853149586204,-0.393591602611313
amended,primary_screened,BELISARIO_EQ,ascm,holdout,202211,fit,14.4812337662338,15.1311315768722,-0.649897810638406
amended,primary_screened,BELISARIO_EQ,ascm,holdout,202212,fit,12.652987012987,13.3661190462447,-0.713132033257649
amended,primary_screened,BELISARIO_EQ,ascm,holdout,202301,fit,16.2524025974026,14.8353590095616,1.41704358784098
amended,primary_screened,BELISARIO_EQ,ascm,holdout,202302,fit,14.5856904761905,14.8009795104983,-0.215289034307805
amended,primary_screened,BELISARIO_EQ,ascm,holdout,202303,fit,19.2214389233954,18.2121220640034,1.00931685939209
amended,primary_screened,BELISARIO_EQ,ascm,holdout,202304,fit,16.7874523809524,16.3113852038426,0.476067177109734
amended,primary_screened,BELISARIO_EQ,ascm,holdout,202305,fit,15.9332401656315,16.2204708833074,-0.287230717675881
amended,primary_screened,BELISARIO_EQ,ascm,holdout,202306,post,16.5359307359307,16.7448866121485,-0.208955876217736
amended,primary_screened,BELISARIO_EQ,ascm,holdout,202307,post,12.3969614512472,12.4391491712687,-0.042187720021559
amended,primary_screened,BELISARIO_EQ,ascm,holdout,202308,post,14.1104244306418,14.7589549855269,-0.648530554885117
amended,primary_screened,BELISARIO_EQ,ascm,holdout,202309,post,17.4716213151927,19.1960539967175,-1.72443268152478
amended,primary_screened,BELISARIO_EQ,ascm,holdout,202310,post,17.9756818181818,17.9290524377923,0.0466293803895148
amended,primary_screened,BELISARIO_EQ,ascm,holdout,202311,post,16.9797186147186,18.2609409310137,-1.28122231629506
amended,primary_screened,BELISARIO_EQ,scm,holdout,202201,fit,4.83609977324263,7.27946322248552,-2.44336344924289
amended,primary_screened,BELISARIO_EQ,scm,holdout,202202,fit,9.19028571428571,11.4696691698747,-2.27938345558901
amended,primary_screened,BELISARIO_EQ,scm,holdout,202203,fit,13.0995134575569,12.4117879293227,0.687725528234235
amended,primary_screened,BELISARIO_EQ,scm,holdout,202204,fit,13.9129024943311,13.8360681077593,0.0768343865717842
amended,primary_screened,BELISARIO_EQ,scm,holdout,202205,fit,12.7398701298701,12.3851846479083,0.354685481961855
amended,primary_screened,BELISARIO_EQ,scm,holdout,202206,fit,7.33573593073593,8.01940182077024,-0.683665890034312
amended,primary_screened,BELISARIO_EQ,scm,holdout,202207,fit,13.1927097505669,11.4122195584972,1.78049019206965
amended,primary_screened,BELISARIO_EQ,scm,holdout,202208,fit,11.9105279503106,10.1836053058369,1.72692264447368
amended,primary_screened,BELISARIO_EQ,scm,holdout,202209,fit,16.0625216450216,15.9427137405952,0.119807904426484
amended,primary_screened,BELISARIO_EQ,scm,holdout,202210,fit,16.7917233560091,16.931219757304,-0.139496401294977
amended,primary_screened,BELISARIO_EQ,scm,holdout,202211,fit,14.4812337662338,15.3295941070294,-0.848360340795603
amended,primary_screened,BELISARIO_EQ,scm,holdout,202212,fit,12.652987012987,13.8231304225584,-1.17014340957137
amended,primary_screened,BELISARIO_EQ,scm,holdout,202301,fit,16.2524025974026,14.641192635351,1.61120996205163
amended,primary_screened,BELISARIO_EQ,scm,holdout,202302,fit,14.5856904761905,14.1509167136913,0.434773762499221
amended,primary_screened,BELISARIO_EQ,scm,holdout,202303,fit,19.2214389233954,17.4055007954869,1.8159381279085
amended,primary_screened,BELISARIO_EQ,scm,holdout,202304,fit,16.7874523809524,16.4246202159915,0.362832164960917
amended,primary_screened,BELISARIO_EQ,scm,holdout,202305,fit,15.9332401656315,16.5344291890315,-0.60118902340002
amended,primary_screened,BELISARIO_EQ,scm,holdout,202306,post,16.5359307359307,16.6295056531559,-0.0935749172251796
amended,primary_screened,BELISARIO_EQ,scm,holdout,202307,post,12.3969614512472,11.9131361558025,0.48382529544466
amended,primary_screened,BELISARIO_EQ,scm,holdout,202308,post,14.1104244306418,14.4771266294344,-0.366702198792618
amended,primary_screened,BELISARIO_EQ,scm,holdout,202309,post,17.4716213151927,19.0188815620147,-1.54726024682194
amended,primary_screened,BELISARIO_EQ,scm,holdout,202310,post,17.9756818181818,17.9549767111094,0.0207051070724233
amended,primary_screened,BELISARIO_EQ,scm,holdout,202311,post,16.9797186147186,17.6570395063059,-0.677320891587257
amended,primary_screened,BELISARIO_EQ,did,holdout,202201,fit,4.83609977324263,11.7949327739304,-6.9588330006878
amended,primary_screened,BELISARIO_EQ,did,holdout,202202,fit,9.19028571428571,12.9286347460324,-3.73834903174669
amended,primary_screened,BELISARIO_EQ,did,holdout,202203,fit,13.0995134575569,13.1578731298708,-0.0583596723138484
amended,primary_screened,BELISARIO_EQ,did,holdout,202204,fit,13.9129024943311,13.4098668768645,0.503035617466535
amended,primary_screened,BELISARIO_EQ,did,holdout,202205,fit,12.7398701298701,13.3256389700912,-0.585768840221041
amended,primary_screened,BELISARIO_EQ,did,holdout,202206,fit,7.33573593073593,12.182079741441,-4.8463438107051
amended,primary_screened,BELISARIO_EQ,did,holdout,202207,fit,13.1927097505669,12.8278409028386,0.364868847728337
amended,primary_screened,BELISARIO_EQ,did,holdout,202208,fit,11.9105279503106,12.628994341992,-0.71846639168144
amended,primary_screened,BELISARIO_EQ,did,holdout,202209,fit,16.0625216450216,14.0364130747744,2.02610857024728
amended,primary_screened,BELISARIO_EQ,did,holdout,202210,fit,16.7917233560091,14.2315768335745,2.56014652243458
amended,primary_screened,BELISARIO_EQ,did,holdout,202211,fit,14.4812337662338,13.7006435614594,0.780590204774368
amended,primary_screened,BELISARIO_EQ,did,holdout,202212,fit,12.652987012987,13.675805177621,-1.022818164634
amended,primary_screened,BELISARIO_EQ,did,holdout,202301,fit,16.2524025974026,13.8168267570517,2.43557584035091
amended,primary_screened,BELISARIO_EQ,did,holdout,202302,fit,14.5856904761905,13.7797766652243,0.805913810966153
amended,primary_screened,BELISARIO_EQ,did,holdout,202303,fit,19.2214389233954,14.7181902137531,4.50324870964236
amended,primary_screened,BELISARIO_EQ,did,holdout,202304,fit,16.7874523809524,14.4989615137092,2.28849086724321
amended,primary_screened,BELISARIO_EQ,did,holdout,202305,fit,15.9332401656315,14.2722802444953,1.66095992113618
amended,primary_screened,BELISARIO_EQ,did,holdout,202306,post,16.5359307359307,14.3086573355641,2.22727340036665
amended,primary_screened,BELISARIO_EQ,did,holdout,202307,post,12.3969614512472,13.0904431154408,-0.693481664193605
amended,primary_screened,BELISARIO_EQ,did,holdout,202308,post,14.1104244306418,13.8767167838014,0.233707646840426
amended,primary_screened,BELISARIO_EQ,did,holdout,202309,post,17.4716213151927,14.9421877041854,2.52943361100738
amended,primary_screened,BELISARIO_EQ,did,holdout,202310,post,17.9756818181818,15.0547831390535,2.92089867912829
amended,primary_screened,BELISARIO_EQ,did,holdout,202311,post,16.9797186147186,14.8682156459406,2.11150296877804
amended,primary_screened,BELISARIO_EQ,ascm,full pre,202201,fit,4.83609977324263,6.88743757936541,-2.05133780612278
amended,primary_screened,BELISARIO_EQ,ascm,full pre,202202,fit,9.19028571428571,11.4706084515554,-2.28032273726971
amended,primary_screened,BELISARIO_EQ,ascm,full pre,202203,fit,13.0995134575569,12.6623370567946,0.437176400762345
amended,primary_screened,BELISARIO_EQ,ascm,full pre,202204,fit,13.9129024943311,13.8850840802471,0.0278184140839475
amended,primary_screened,BELISARIO_EQ,ascm,full pre,202205,fit,12.7398701298701,12.7029351042446,0.0369350256255174
amended,primary_screened,BELISARIO_EQ,ascm,full pre,202206,fit,7.33573593073593,8.09834158971361,-0.762605658977679
amended,primary_screened,BELISARIO_EQ,ascm,full pre,202207,fit,13.1927097505669,11.4731637950991,1.71954595546784
amended,primary_screened,BELISARIO_EQ,ascm,full pre,202208,fit,11.9105279503106,10.2539619213227,1.65656602898781
amended,primary_screened,BELISARIO_EQ,ascm,full pre,202209,fit,16.0625216450216,15.9099698545402,0.152551790481402
amended,primary_screened,BELISARIO_EQ,ascm,full pre,202210,fit,16.7917233560091,17.142899293681,-0.351175937671968
amended,primary_screened,BELISARIO_EQ,ascm,full pre,202211,fit,14.4812337662338,14.9194528267985,-0.438219060564743
amended,primary_screened,BELISARIO_EQ,ascm,full pre,202212,fit,12.652987012987,13.3574738009065,-0.704486787919478
amended,primary_screened,BELISARIO_EQ,ascm,full pre,202301,fit,16.2524025974026,14.7782434706283,1.47415912677432
amended,primary_screened,BELISARIO_EQ,ascm,full pre,202302,fit,14.5856904761905,14.6985142531198,-0.112823776929348
amended,primary_screened,BELISARIO_EQ,ascm,full pre,202303,fit,19.2214389233954,17.7456762817548,1.47576264164062
amended,primary_screened,BELISARIO_EQ,ascm,full pre,202304,fit,16.7874523809524,16.1723122089778,0.615140171974542
amended,primary_screened,BELISARIO_EQ,ascm,full pre,202305,fit,15.9332401656315,15.9538737352908,-0.0206335696593598
amended,primary_screened,BELISARIO_EQ,ascm,full pre,202306,fit,16.5359307359307,16.4837164565862,0.0522142793444935
amended,primary_screened,BELISARIO_EQ,ascm,full pre,202307,fit,12.3969614512472,11.9195899303011,0.477371520946111
amended,primary_screened,BELISARIO_EQ,ascm,full pre,202308,fit,14.1104244306418,14.2520925633578,-0.141668132716022
amended,primary_screened,BELISARIO_EQ,ascm,full pre,202309,fit,17.4716213151927,18.3913973698928,-0.91977605470003
amended,primary_screened,BELISARIO_EQ,ascm,full pre,202310,fit,17.9756818181818,17.6635500893089,0.312131728872949
amended,primary_screened,BELISARIO_EQ,ascm,full pre,202311,fit,16.9797186147186,17.6340421771494,-0.654323562430761
amended,primary_screened,BELISARIO_EQ,scm,full pre,202201,fit,4.83609977324263,7.22904718566371,-2.39294741242108
amended,primary_screened,BELISARIO_EQ,scm,full pre,202202,fit,9.19028571428571,11.455533947866,-2.26524823358027
amended,primary_screened,BELISARIO_EQ,scm,full pre,202203,fit,13.0995134575569,12.3113108132796,0.788202644277304
amended,primary_screened,BELISARIO_EQ,scm,full pre,202204,fit,13.9129024943311,13.7820187964487,0.130883697882416
amended,primary_screened,BELISARIO_EQ,scm,full pre,202205,fit,12.7398701298701,12.4878360756441,0.252034054226005
amended,primary_screened,BELISARIO_EQ,scm,full pre,202206,fit,7.33573593073593,7.98003077284501,-0.644294842109082
amended,primary_screened,BELISARIO_EQ,scm,full pre,202207,fit,13.1927097505669,11.5300631703144,1.66264658025249
amended,primary_screened,BELISARIO_EQ,scm,full pre,202208,fit,11.9105279503106,10.2736344215855,1.63689352872505
amended,primary_screened,BELISARIO_EQ,scm,full pre,202209,fit,16.0625216450216,16.0191975896084,0.0433240554132048
amended,primary_screened,BELISARIO_EQ,scm,full pre,202210,fit,16.7917233560091,16.9494428326656,-0.157719476656506
amended,primary_screened,BELISARIO_EQ,scm,full pre,202211,fit,14.4812337662338,15.3499733442913,-0.868739578057511
amended,primary_screened,BELISARIO_EQ,scm,full pre,202212,fit,12.652987012987,13.8349735118523,-1.18198649886527
amended,primary_screened,BELISARIO_EQ,scm,full pre,202301,fit,16.2524025974026,14.5115030947264,1.74089950267615
amended,primary_screened,BELISARIO_EQ,scm,full pre,202302,fit,14.5856904761905,14.1457304928301,0.439959983360374
amended,primary_screened,BELISARIO_EQ,scm,full pre,202303,fit,19.2214389233954,17.1446666119505,2.07677231144496
amended,primary_screened,BELISARIO_EQ,scm,full pre,202304,fit,16.7874523809524,16.2716750200816,0.515777360870754
amended,primary_screened,BELISARIO_EQ,scm,full pre,202305,fit,15.9332401656315,16.3711768934833,-0.437936727851829
amended,primary_screened,BELISARIO_EQ,scm,full pre,202306,fit,16.5359307359307,16.2869495925873,0.248981143343443
amended,primary_screened,BELISARIO_EQ,scm,full pre,202307,fit,12.3969614512472,11.6831801418243,0.713781309422824
amended,primary_screened,BELISARIO_EQ,scm,full pre,202308,fit,14.1104244306418,14.2385550545326,-0.128130623890772
amended,primary_screened,BELISARIO_EQ,scm,full pre,202309,fit,17.4716213151927,18.528386490924,-1.05676517573121
amended,primary_screened,BELISARIO_EQ,scm,full pre,202310,fit,17.9756818181818,17.7092445646014,0.266437253580442
amended,primary_screened,BELISARIO_EQ,scm,full pre,202311,fit,16.9797186147186,17.3533211588199,-0.37360254410131
amended,primary_unscreened,BELISARIO_EQ,ascm,holdout,202201,fit,4.83609977324263,6.28845464351223,-1.4523548702696
amended,primary_unscreened,BELISARIO_EQ,ascm,holdout,202202,fit,9.19028571428571,10.788357826013,-1.59807211172729
amended,primary_unscreened,BELISARIO_EQ,ascm,holdout,202203,fit,13.0995134575569,12.2582475216318,0.841265935925184
amended,primary_unscreened,BELISARIO_EQ,ascm,holdout,202204,fit,13.9129024943311,14.3084409453349,-0.395538451003798
amended,primary_unscreened,BELISARIO_EQ,ascm,holdout,202205,fit,12.7398701298701,13.0218409112288,-0.281970781358647
amended,primary_unscreened,BELISARIO_EQ,ascm,holdout,202206,fit,7.33573593073593,7.39138374540069,-0.0556478146647557
amended,primary_unscreened,BELISARIO_EQ,ascm,holdout,202207,fit,13.1927097505669,11.8858893716808,1.30682037888611
amended,primary_unscreened,BELISARIO_EQ,ascm,holdout,202208,fit,11.9105279503106,11.0693807960555,0.84114715425509
amended,primary_unscreened,BELISARIO_EQ,ascm,holdout,202209,fit,16.0625216450216,16.3852622908586,-0.322740645836969
amended,primary_unscreened,BELISARIO_EQ,ascm,holdout,202210,fit,16.7917233560091,17.7330526433287,-0.941329287319657
amended,primary_unscreened,BELISARIO_EQ,ascm,holdout,202211,fit,14.4812337662338,14.1290499790512,0.352183787182604
amended,primary_unscreened,BELISARIO_EQ,ascm,holdout,202212,fit,12.652987012987,12.824198328779,-0.17121131579197
amended,primary_unscreened,BELISARIO_EQ,ascm,holdout,202301,fit,16.2524025974026,15.3343801731867,0.918022424215943
amended,primary_unscreened,BELISARIO_EQ,ascm,holdout,202302,fit,14.5856904761905,14.452010862273,0.133679613917522
amended,primary_unscreened,BELISARIO_EQ,ascm,holdout,202303,fit,19.2214389233954,18.6085850415139,0.612853881881527
amended,primary_unscreened,BELISARIO_EQ,ascm,holdout,202304,fit,16.7874523809524,15.918338386608,0.869113994344357
amended,primary_unscreened,BELISARIO_EQ,ascm,holdout,202305,fit,15.9332401656315,16.5894620582671,-0.656221892635655
amended,primary_unscreened,BELISARIO_EQ,ascm,holdout,202306,post,16.5359307359307,18.340324884182,-1.80439414825125
amended,primary_unscreened,BELISARIO_EQ,ascm,holdout,202307,post,12.3969614512472,14.2773684172373,-1.88040696599017
amended,primary_unscreened,BELISARIO_EQ,ascm,holdout,202308,post,14.1104244306418,15.3850946172075,-1.27467018656571
amended,primary_unscreened,BELISARIO_EQ,ascm,holdout,202309,post,17.4716213151927,20.0953780499976,-2.62375673480481
amended,primary_unscreened,BELISARIO_EQ,ascm,holdout,202310,post,17.9756818181818,19.986616290737,-2.01093447255522
amended,primary_unscreened,BELISARIO_EQ,ascm,holdout,202311,post,16.9797186147186,21.002815550959,-4.02309693624043
amended,primary_unscreened,BELISARIO_EQ,scm,holdout,202201,fit,4.83609977324263,6.43944262866632,-1.60334285542369
amended,primary_unscreened,BELISARIO_EQ,scm,holdout,202202,fit,9.19028571428571,10.7863839728674,-1.59609825858168
amended,primary_unscreened,BELISARIO_EQ,scm,holdout,202203,fit,13.0995134575569,12.2097702763633,0.889743181193595
amended,primary_unscreened,BELISARIO_EQ,scm,holdout,202204,fit,13.9129024943311,14.3253996266444,-0.412497132313346
amended,primary_unscreened,BELISARIO_EQ,scm,holdout,202205,fit,12.7398701298701,13.0035223731299,-0.26365224325977
amended,primary_unscreened,BELISARIO_EQ,scm,holdout,202206,fit,7.33573593073593,6.72236171543139,0.613374215304537
amended,primary_unscreened,BELISARIO_EQ,scm,holdout,202207,fit,13.1927097505669,11.5770991969626,1.61561055360434
amended,primary_unscreened,BELISARIO_EQ,scm,holdout,202208,fit,11.9105279503106,10.9493626652792,0.961165285031324
amended,primary_unscreened,BELISARIO_EQ,scm,holdout,202209,fit,16.0625216450216,16.3844883253604,-0.321966680338708
amended,primary_unscreened,BELISARIO_EQ,scm,holdout,202210,fit,16.7917233560091,17.6413080852006,-0.849584729191498
amended,primary_unscreened,BELISARIO_EQ,scm,holdout,202211,fit,14.4812337662338,14.4120493242887,0.0691844419450582
amended,primary_unscreened,BELISARIO_EQ,scm,holdout,202212,fit,12.652987012987,13.10408134496,-0.451094331972952
amended,primary_unscreened,BELISARIO_EQ,scm,holdout,202301,fit,16.2524025974026,15.2347058517005,1.01769674570212
amended,primary_unscreened,BELISARIO_EQ,scm,holdout,202302,fit,14.5856904761905,14.4333575120932,0.152332964097294
amended,primary_unscreened,BELISARIO_EQ,scm,holdout,202303,fit,19.2214389233954,17.916970351431,1.30446857196443
amended,primary_unscreened,BELISARIO_EQ,scm,holdout,202304,fit,16.7874523809524,16.0207139208997,0.766738460052693
amended,primary_unscreened,BELISARIO_EQ,scm,holdout,202305,fit,15.9332401656315,16.7757139375235,-0.842473771892005
amended,primary_unscreened,BELISARIO_EQ,scm,holdout,202306,post,16.5359307359307,18.1024461756617,-1.56651543973094
amended,primary_unscreened,BELISARIO_EQ,scm,holdout,202307,post,12.3969614512472,13.6269516645588,-1.22999021331163
amended,primary_unscreened,BELISARIO_EQ,scm,holdout,202308,post,14.1104244306418,15.3394617426008,-1.229037311959
amended,primary_unscreened,BELISARIO_EQ,scm,holdout,202309,post,17.4716213151927,19.6976923684095,-2.22607105321678
amended,primary_unscreened,BELISARIO_EQ,scm,holdout,202310,post,17.9756818181818,19.7340956224632,-1.75841380428142
amended,primary_unscreened,BELISARIO_EQ,scm,holdout,202311,post,16.9797186147186,20.1780296568056,-3.19831104208702
amended,primary_unscreened,BELISARIO_EQ,did,holdout,202201,fit,4.83609977324263,11.7801706325134,-6.94407085927073
amended,primary_unscreened,BELISARIO_EQ,did,holdout,202202,fit,9.19028571428571,13.1023407068628,-3.91205499257708
amended,primary_unscreened,BELISARIO_EQ,did,holdout,202203,fit,13.0995134575569,13.2269006039589,-0.127387146401926
amended,primary_unscreened,BELISARIO_EQ,did,holdout,202204,fit,13.9129024943311,13.5307285483687,0.382173945962395
amended,primary_unscreened,BELISARIO_EQ,did,holdout,202205,fit,12.7398701298701,13.5280480122588,-0.788177882388636
amended,primary_unscreened,BELISARIO_EQ,did,holdout,202206,fit,7.33573593073593,11.9619420643034,-4.62620613356745
amended,primary_unscreened,BELISARIO_EQ,did,holdout,202207,fit,13.1927097505669,12.9733334341892,0.219376316377724
amended,primary_unscreened,BELISARIO_EQ,did,holdout,202208,fit,11.9105279503106,12.7077488879953,-0.797220937684722
amended,primary_unscreened,BELISARIO_EQ,did,holdout,202209,fit,16.0625216450216,13.9482476855718,2.11427395944982
amended,primary_unscreened,BELISARIO_EQ,did,holdout,202210,fit,16.7917233560091,14.2440500802032,2.54767327580586
amended,primary_unscreened,BELISARIO_EQ,did,holdout,202211,fit,14.4812337662338,13.6293082916324,0.851925474601339
amended,primary_unscreened,BELISARIO_EQ,did,holdout,202212,fit,12.652987012987,13.6473383130361,-0.994351300049042
amended,primary_unscreened,BELISARIO_EQ,did,holdout,202301,fit,16.2524025974026,13.7812399690009,2.47116262840169
amended,primary_unscreened,BELISARIO_EQ,did,holdout,202302,fit,14.5856904761905,13.7044776337525,0.881212842437961
amended,primary_unscreened,BELISARIO_EQ,did,holdout,202303,fit,19.2214389233954,14.5402059215603,4.68123300183516
amended,primary_unscreened,BELISARIO_EQ,did,holdout,202304,fit,16.7874523809524,14.4221508059954,2.36530157495699
amended,primary_unscreened,BELISARIO_EQ,did,holdout,202305,fit,15.9332401656315,14.2581039335208,1.67513623211062
amended,primary_unscreened,BELISARIO_EQ,did,holdout,202306,post,16.5359307359307,14.3677156927815,2.16821504314927
amended,primary_unscreened,BELISARIO_EQ,did,holdout,202307,post,12.3969614512472,13.1353432294332,-0.738381778186
amended,primary_unscreened,BELISARIO_EQ,did,holdout,202308,post,14.1104244306418,13.9269701045246,0.183454326117257
amended,primary_unscreened,BELISARIO_EQ,did,holdout,202309,post,17.4716213151927,14.8036429284949,2.6679783866978
amended,primary_unscreened,BELISARIO_EQ,did,holdout,202310,post,17.9756818181818,15.0184228573641,2.95725896081772
amended,primary_unscreened,BELISARIO_EQ,did,holdout,202311,post,16.9797186147186,14.8897470659931,2.08997154872548
amended,primary_unscreened,BELISARIO_EQ,ascm,full pre,202201,fit,4.83609977324263,6.218452625011,-1.38235285176837
amended,primary_unscreened,BELISARIO_EQ,ascm,full pre,202202,fit,9.19028571428571,10.7870023083491,-1.59671659406337
amended,primary_unscreened,BELISARIO_EQ,ascm,full pre,202203,fit,13.0995134575569,12.731932217884,0.367581239672901
amended,primary_unscreened,BELISARIO_EQ,ascm,full pre,202204,fit,13.9129024943311,14.3192807989659,-0.406378304634851
amended,primary_unscreened,BELISARIO_EQ,ascm,full pre,202205,fit,12.7398701298701,13.0584333469321,-0.318563217062005
amended,primary_unscreened,BELISARIO_EQ,ascm,full pre,202206,fit,7.33573593073593,7.4134467810211,-0.0777108502851736
amended,primary_unscreened,BELISARIO_EQ,ascm,full pre,202207,fit,13.1927097505669,11.4385493593576,1.75416039120931
amended,primary_unscreened,BELISARIO_EQ,ascm,full pre,202208,fit,11.9105279503106,11.0988937068469,0.811634243463683
amended,primary_unscreened,BELISARIO_EQ,ascm,full pre,202209,fit,16.0625216450216,16.1084370056546,-0.0459153606329998
amended,primary_unscreened,BELISARIO_EQ,ascm,full pre,202210,fit,16.7917233560091,17.3942282501717,-0.602504894162635
amended,primary_unscreened,BELISARIO_EQ,ascm,full pre,202211,fit,14.4812337662338,14.8176808262536,-0.336447060019806
amended,primary_unscreened,BELISARIO_EQ,ascm,full pre,202212,fit,12.652987012987,13.2304891546311,-0.577502141644061
amended,primary_unscreened,BELISARIO_EQ,ascm,full pre,202301,fit,16.2524025974026,15.0073504456089,1.24505215179366
amended,primary_unscreened,BELISARIO_EQ,ascm,full pre,202302,fit,14.5856904761905,14.4732311094321,0.112459366758376
amended,primary_unscreened,BELISARIO_EQ,ascm,full pre,202303,fit,19.2214389233954,17.7825060339185,1.43893288947699
amended,primary_unscreened,BELISARIO_EQ,ascm,full pre,202304,fit,16.7874523809524,15.5415825834156,1.24586979753676
amended,primary_unscreened,BELISARIO_EQ,ascm,full pre,202305,fit,15.9332401656315,16.0668390937611,-0.133598928129674
amended,primary_unscreened,BELISARIO_EQ,ascm,full pre,202306,fit,16.5359307359307,16.8898025337383,-0.353871797807528
amended,primary_unscreened,BELISARIO_EQ,ascm,full pre,202307,fit,12.3969614512472,12.4010094626284,-0.00404801138122402
amended,primary_unscreened,BELISARIO_EQ,ascm,full pre,202308,fit,14.1104244306418,13.9626306857295,0.147793744912319
amended,primary_unscreened,BELISARIO_EQ,ascm,full pre,202309,fit,17.4716213151927,18.0484612533778,-0.57683993818506
amended,primary_unscreened,BELISARIO_EQ,ascm,full pre,202310,fit,17.9756818181818,17.8588528896215,0.116828928560281
amended,primary_unscreened,BELISARIO_EQ,ascm,full pre,202311,fit,16.9797186147186,17.8075814183261,-0.827862803607502
amended,primary_unscreened,BELISARIO_EQ,scm,full pre,202201,fit,4.83609977324263,6.38300521465685,-1.54690544141422
amended,primary_unscreened,BELISARIO_EQ,scm,full pre,202202,fit,9.19028571428571,10.9359062311122,-1.74562051682647
amended,primary_unscreened,BELISARIO_EQ,scm,full pre,202203,fit,13.0995134575569,12.7983874029409,0.301126054616008
amended,primary_unscreened,BELISARIO_EQ,scm,full pre,202204,fit,13.9129024943311,14.3765416539246,-0.463639159593503
amended,primary_unscreened,BELISARIO_EQ,scm,full pre,202205,fit,12.7398701298701,12.9759367302519,-0.23606660038172
amended,primary_unscreened,BELISARIO_EQ,scm,full pre,202206,fit,7.33573593073593,7.00845655179038,0.32727937894555
amended,primary_unscreened,BELISARIO_EQ,scm,full pre,202207,fit,13.1927097505669,11.3799339203899,1.81277583017704
amended,primary_unscreened,BELISARIO_EQ,scm,full pre,202208,fit,11.9105279503106,11.0575196496427,0.853008300667819
amended,primary_unscreened,BELISARIO_EQ,scm,full pre,202209,fit,16.0625216450216,16.0617862961264,0.000735348895247512
amended,primary_unscreened,BELISARIO_EQ,scm,full pre,202210,fit,16.7917233560091,17.4027697365759,-0.611046380566851
amended,primary_unscreened,BELISARIO_EQ,scm,full pre,202211,fit,14.4812337662338,14.9124561911628,-0.431222424929059
amended,primary_unscreened,BELISARIO_EQ,scm,full pre,202212,fit,12.652987012987,13.4805332685484,-0.827546255561432
amended,primary_unscreened,BELISARIO_EQ,scm,full pre,202301,fit,16.2524025974026,14.980823129035,1.2715794683676
amended,primary_unscreened,BELISARIO_EQ,scm,full pre,202302,fit,14.5856904761905,14.3446440366033,0.241046439587203
amended,primary_unscreened,BELISARIO_EQ,scm,full pre,202303,fit,19.2214389233954,17.4348020656003,1.78663685779511
amended,primary_unscreened,BELISARIO_EQ,scm,full pre,202304,fit,16.7874523809524,15.5264629142415,1.26098946671086
amended,primary_unscreened,BELISARIO_EQ,scm,full pre,202305,fit,15.9332401656315,16.1184555048076,-0.185215339176102
amended,primary_unscreened,BELISARIO_EQ,scm,full pre,202306,fit,16.5359307359307,16.8721046537898,-0.336173917859075
amended,primary_unscreened,BELISARIO_EQ,scm,full pre,202307,fit,12.3969614512472,12.2829727854841,0.11398866576303
amended,primary_unscreened,BELISARIO_EQ,scm,full pre,202308,fit,14.1104244306418,14.0459816320652,0.0644427985766054
amended,primary_unscreened,BELISARIO_EQ,scm,full pre,202309,fit,17.4716213151927,17.9866881882303,-0.515066873037554
amended,primary_unscreened,BELISARIO_EQ,scm,full pre,202310,fit,17.9756818181818,17.7840794641051,0.191602354076718
amended,primary_unscreened,BELISARIO_EQ,scm,full pre,202311,fit,16.9797186147186,17.6668260777228,-0.68710746300415
amended,primary_screened,CORRIDOR,ascm,holdout,202201,fit,4.66783798576902,4.67169675722099,-0.00385877145197266
amended,primary_screened,CORRIDOR,ascm,holdout,202202,fit,7.04788218390805,7.0520551603094,-0.00417297640135317
amended,primary_screened,CORRIDOR,ascm,holdout,202203,fit,7.997003998001,7.99608064497805,0.000923353022953322
amended,primary_screened,CORRIDOR,ascm,holdout,202204,fit,8.52942255062945,8.52653146958447,0.00289108104497515
amended,primary_screened,CORRIDOR,ascm,holdout,202205,fit,7.98690177638454,7.98529728006976,0.00160449631477722
amended,primary_screened,CORRIDOR,ascm,holdout,202206,fit,5.00935475444096,5.01033218582039,-0.000977431379426186
amended,primary_screened,CORRIDOR,ascm,holdout,202207,fit,7.55357690202518,7.55485860328674,-0.00128170126156224
amended,primary_screened,CORRIDOR,ascm,holdout,202208,fit,6.89844827586207,6.89263230451453,0.00581597134753498
amended,primary_screened,CORRIDOR,ascm,holdout,202209,fit,9.22313218390805,9.22764920403552,-0.00451702012747468
amended,primary_screened,CORRIDOR,ascm,holdout,202210,fit,9.57495894909688,9.57508215467974,-0.000123205582857722
amended,primary_screened,CORRIDOR,ascm,holdout,202211,fit,8.65511494252874,8.65622372781684,-0.00110878528810687
amended,primary_screened,CORRIDOR,ascm,holdout,202212,fit,8.63528213166144,8.63493101573744,0.000351115924001277
amended,primary_screened,CORRIDOR,ascm,holdout,202301,fit,9.09618338557994,9.09344409322072,0.00273929235922132
amended,primary_screened,CORRIDOR,ascm,holdout,202302,fit,8.74194252873563,8.74125288390223,0.000689644833407499
amended,primary_screened,CORRIDOR,ascm,holdout,202303,fit,10.5313693153423,10.5334188729479,-0.00204955760559145
amended,primary_screened,CORRIDOR,ascm,holdout,202304,fit,10.3291206896552,10.3298229337233,-0.000702244068088831
amended,primary_screened,CORRIDOR,ascm,holdout,202305,fit,10.3400249875062,10.3362482491867,0.0037767383195586
amended,primary_screened,CORRIDOR,ascm,holdout,202306,post,9.82473876698015,10.6536200024952,-0.82888123551502
amended,primary_screened,CORRIDOR,ascm,holdout,202307,post,7.37286808976464,7.52211975837936,-0.149251668614717
amended,primary_screened,CORRIDOR,ascm,holdout,202308,post,8.55808845577212,8.99144516190761,-0.433356706135491
amended,primary_screened,CORRIDOR,ascm,holdout,202309,post,9.98586480569239,11.2381352180831,-1.25227041239071
amended,primary_screened,CORRIDOR,ascm,holdout,202310,post,10.1963087774295,11.4761554862366,-1.27984670880709
amended,primary_screened,CORRIDOR,ascm,holdout,202311,post,10.2116196447231,11.0614201170691,-0.849800472345994
amended,primary_screened,CORRIDOR,scm,holdout,202201,fit,4.66783798576902,4.6725035983737,-0.00466561260467735
amended,primary_screened,CORRIDOR,scm,holdout,202202,fit,7.04788218390805,7.06242609175915,-0.0145439078511069
amended,primary_screened,CORRIDOR,scm,holdout,202203,fit,7.997003998001,7.99462328460311,0.00238071339789148
amended,primary_screened,CORRIDOR,scm,holdout,202204,fit,8.52942255062945,8.51326681966376,0.0161557309656892
amended,primary_screened,CORRIDOR,scm,holdout,202205,fit,7.98690177638454,7.98481576826215,0.00208600812238302
amended,primary_screened,CORRIDOR,scm,holdout,202206,fit,5.00935475444096,5.00800829776665,0.00134645667430888
amended,primary_screened,CORRIDOR,scm,holdout,202207,fit,7.55357690202518,7.55346556712713,0.000111334898043935
amended,primary_screened,CORRIDOR,scm,holdout,202208,fit,6.89844827586207,6.88994628311349,0.00850199274857655
amended,primary_screened,CORRIDOR,scm,holdout,202209,fit,9.22313218390805,9.23910633964767,-0.0159741557396256
amended,primary_screened,CORRIDOR,scm,holdout,202210,fit,9.57495894909688,9.57242009705095,0.00253885204593374
amended,primary_screened,CORRIDOR,scm,holdout,202211,fit,8.65511494252874,8.66186076676853,-0.00674582423979686
amended,primary_screened,CORRIDOR,scm,holdout,202212,fit,8.63528213166144,8.63404556488735,0.00123656677409123
amended,primary_screened,CORRIDOR,scm,holdout,202301,fit,9.09618338557994,9.08909695581838,0.0070864297615536
amended,primary_screened,CORRIDOR,scm,holdout,202302,fit,8.74194252873563,8.73258332520334,0.00935920353229491
amended,primary_screened,CORRIDOR,scm,holdout,202303,fit,10.5313693153423,10.5410141119271,-0.00964479658473216
amended,primary_screened,CORRIDOR,scm,holdout,202304,fit,10.3291206896552,10.3321713646022,-0.00305067494703515
amended,primary_screened,CORRIDOR,scm,holdout,202305,fit,10.3400249875062,10.3310436124082,0.00898137509800989
amended,primary_screened,CORRIDOR,scm,holdout,202306,post,9.82473876698015,10.5667452301266,-0.74200646314646
amended,primary_screened,CORRIDOR,scm,holdout,202307,post,7.37286808976464,7.39735113706806,-0.0244830473034199
amended,primary_screened,CORRIDOR,scm,holdout,202308,post,8.55808845577212,8.90879088432291,-0.350702428550797
amended,primary_screened,CORRIDOR,scm,holdout,202309,post,9.98586480569239,11.3278675688759,-1.34200276318351
amended,primary_screened,CORRIDOR,scm,holdout,202310,post,10.1963087774295,11.4109942606587,-1.21468548322921
amended,primary_screened,CORRIDOR,scm,holdout,202311,post,10.2116196447231,11.0591863152945,-0.847566670571409
amended,primary_screened,CORRIDOR,did,holdout,202201,fit,4.66783798576902,6.60853406900754,-1.94069608323852
amended,primary_screened,CORRIDOR,did,holdout,202202,fit,7.04788218390805,7.74223604110952,-0.69435385720147
amended,primary_screened,CORRIDOR,did,holdout,202203,fit,7.997003998001,7.9714744249479,0.0255295730530998
amended,primary_screened,CORRIDOR,did,holdout,202204,fit,8.52942255062945,8.22346817194165,0.305954378687799
amended,primary_screened,CORRIDOR,did,holdout,202205,fit,7.98690177638454,8.13924026516829,-0.152338488783752
amended,primary_screened,CORRIDOR,did,holdout,202206,fit,5.00935475444096,6.99568103651815,-1.98632628207719
amended,primary_screened,CORRIDOR,did,holdout,202207,fit,7.55357690202518,7.64144219791567,-0.0878652958904951
amended,primary_screened,CORRIDOR,did,holdout,202208,fit,6.89844827586207,7.44259563706911,-0.544147361207042
amended,primary_screened,CORRIDOR,did,holdout,202209,fit,9.22313218390805,8.85001436985148,0.373117814056565
amended,primary_screened,CORRIDOR,did,holdout,202210,fit,9.57495894909688,9.0451781286516,0.529780820445277
amended,primary_screened,CORRIDOR,did,holdout,202211,fit,8.65511494252874,8.51424485653651,0.140870085992223
amended,primary_screened,CORRIDOR,did,holdout,202212,fit,8.63528213166144,8.48940647269813,0.145875658963314
amended,primary_screened,CORRIDOR,did,holdout,202301,fit,9.09618338557994,8.6304280521288,0.465755333451138
amended,primary_screened,CORRIDOR,did,holdout,202302,fit,8.74194252873563,8.59337796030144,0.148564568434198
amended,primary_screened,CORRIDOR,did,holdout,202303,fit,10.5313693153423,9.5317915088302,0.999577806512127
amended,primary_screened,CORRIDOR,did,holdout,202304,fit,10.3291206896552,9.31256280878628,1.01655788086889
amended,primary_screened,CORRIDOR,did,holdout,202305,fit,10.3400249875062,9.08588153957241,1.25414344793384
amended,primary_screened,CORRIDOR,did,holdout,202306,post,9.82473876698015,9.1222586306412,0.70248013633895
amended,primary_screened,CORRIDOR,did,holdout,202307,post,7.37286808976464,7.90404441051789,-0.531176320753244
amended,primary_screened,CORRIDOR,did,holdout,202308,post,8.55808845577212,8.69031807887851,-0.132229623106396
amended,primary_screened,CORRIDOR,did,holdout,202309,post,9.98586480569239,9.75578899926247,0.230075806429918
amended,primary_screened,CORRIDOR,did,holdout,202310,post,10.1963087774295,9.86838443413064,0.327924343298831
amended,primary_screened,CORRIDOR,did,holdout,202311,post,10.2116196447231,9.68181694101769,0.529802703705405
amended,primary_screened,CORRIDOR,ascm,full pre,202201,fit,4.66783798576902,4.73839126399854,-0.0705532782295189
amended,primary_screened,CORRIDOR,ascm,full pre,202202,fit,7.04788218390805,7.26758914604576,-0.219706962137709
amended,primary_screened,CORRIDOR,ascm,full pre,202203,fit,7.997003998001,7.87865821600865,0.118345781992354
amended,primary_screened,CORRIDOR,ascm,full pre,202204,fit,8.52942255062945,8.47419032025729,0.0552322303721535
amended,primary_screened,CORRIDOR,ascm,full pre,202205,fit,7.98690177638454,8.02583243504846,-0.0389306586639222
amended,primary_screened,CORRIDOR,ascm,full pre,202206,fit,5.00935475444096,5.09762792733237,-0.0882731728914106
amended,primary_screened,CORRIDOR,ascm,full pre,202207,fit,7.55357690202518,7.39710517676125,0.156471725263931
amended,primary_screened,CORRIDOR,ascm,full pre,202208,fit,6.89844827586207,6.84975886049452,0.0486894153675515
amended,primary_screened,CORRIDOR,ascm,full pre,202209,fit,9.22313218390805,9.31270247080973,-0.0895702869016866
amended,primary_screened,CORRIDOR,ascm,full pre,202210,fit,9.57495894909688,9.59803025853268,-0.0230713094357977
amended,primary_screened,CORRIDOR,ascm,full pre,202211,fit,8.65511494252874,8.71229661756041,-0.0571816750316749
amended,primary_screened,CORRIDOR,ascm,full pre,202212,fit,8.63528213166144,8.59694108870761,0.0383410429538316
amended,primary_screened,CORRIDOR,ascm,full pre,202301,fit,9.09618338557994,8.93758070775134,0.158602677828602
amended,primary_screened,CORRIDOR,ascm,full pre,202302,fit,8.74194252873563,8.84055753957459,-0.098615010838957
amended,primary_screened,CORRIDOR,ascm,full pre,202303,fit,10.5313693153423,10.3835143649038,0.147854950438527
amended,primary_screened,CORRIDOR,ascm,full pre,202304,fit,10.3291206896552,10.1578710486057,0.171249641049455
amended,primary_screened,CORRIDOR,ascm,full pre,202305,fit,10.3400249875062,10.1930617648324,0.146963222673856
amended,primary_screened,CORRIDOR,ascm,full pre,202306,fit,9.82473876698015,9.8579514230712,-0.0332126560910506
amended,primary_screened,CORRIDOR,ascm,full pre,202307,fit,7.37286808976464,7.36016031417869,0.0127077755859562
amended,primary_screened,CORRIDOR,ascm,full pre,202308,fit,8.55808845577212,8.58782921227525,-0.0297407565031307
amended,primary_screened,CORRIDOR,ascm,full pre,202309,fit,9.98586480569239,10.0902632179076,-0.104398412215234
amended,primary_screened,CORRIDOR,ascm,full pre,202310,fit,10.1963087774295,10.3707120796464,-0.174403302216911
amended,primary_screened,CORRIDOR,ascm,full pre,202311,fit,10.2116196447231,10.2384206270923,-0.026800982369199
amended,primary_screened,CORRIDOR,scm,full pre,202201,fit,4.66783798576902,4.66177126162767,0.00606672414134568
amended,primary_screened,CORRIDOR,scm,full pre,202202,fit,7.04788218390805,7.27513164160355,-0.227249457695506
amended,primary_screened,CORRIDOR,scm,full pre,202203,fit,7.997003998001,7.80148846277726,0.195515535223741
amended,primary_screened,CORRIDOR,scm,full pre,202204,fit,8.52942255062945,8.43893827842142,0.0904842722080286
amended,primary_screened,CORRIDOR,scm,full pre,202205,fit,7.98690177638454,8.08079040900383,-0.0938886326192936
amended,primary_screened,CORRIDOR,scm,full pre,202206,fit,5.00935475444096,5.01958226942659,-0.0102275149856323
amended,primary_screened,CORRIDOR,scm,full pre,202207,fit,7.55357690202518,7.37943352047016,0.17414338155502
amended,primary_screened,CORRIDOR,scm,full pre,202208,fit,6.89844827586207,6.89866984841994,-0.000221572557867589
amended,primary_screened,CORRIDOR,scm,full pre,202209,fit,9.22313218390805,9.33320770273789,-0.11007551882984
amended,primary_screened,CORRIDOR,scm,full pre,202210,fit,9.57495894909688,9.57075276611309,0.00420618298378805
amended,primary_screened,CORRIDOR,scm,full pre,202211,fit,8.65511494252874,8.73255577643382,-0.0774408339050847
amended,primary_screened,CORRIDOR,scm,full pre,202212,fit,8.63528213166144,8.67617867805718,-0.0408965463957323
amended,primary_screened,CORRIDOR,scm,full pre,202301,fit,9.09618338557994,8.91757126083407,0.178612124745865
amended,primary_screened,CORRIDOR,scm,full pre,202302,fit,8.74194252873563,8.73867885756035,0.00326367117527937
amended,primary_screened,CORRIDOR,scm,full pre,202303,fit,10.5313693153423,10.4198020934121,0.11156722193021
amended,primary_screened,CORRIDOR,scm,full pre,202304,fit,10.3291206896552,10.0653425040107,0.26377818564451
amended,primary_screened,CORRIDOR,scm,full pre,202305,fit,10.3400249875062,10.1105768041501,0.229448183356158
amended,primary_screened,CORRIDOR,scm,full pre,202306,fit,9.82473876698015,9.88421037326527,-0.0594716062851184
amended,primary_screened,CORRIDOR,scm,full pre,202307,fit,7.37286808976464,7.26949458648901,0.103373503275633
amended,primary_screened,CORRIDOR,scm,full pre,202308,fit,8.55808845577212,8.67852453072409,-0.120436074951972
amended,primary_screened,CORRIDOR,scm,full pre,202309,fit,9.98586480569239,10.2000243212515,-0.214159515559135
amended,primary_screened,CORRIDOR,scm,full pre,202310,fit,10.1963087774295,10.3811501346987,-0.184841357269262
amended,primary_screened,CORRIDOR,scm,full pre,202311,fit,10.2116196447231,10.2968640852601,-0.0852444405369912
amended,primary_unscreened,CORRIDOR,ascm,holdout,202201,fit,4.66783798576902,4.66783798294847,2.82054646305596e-09
amended,primary_unscreened,CORRIDOR,ascm,holdout,202202,fit,7.04788218390805,7.04788218329466,6.13389339321202e-10
amended,primary_unscreened,CORRIDOR,ascm,holdout,202203,fit,7.997003998001,7.99700399759554,4.05456113128366e-10
amended,primary_unscreened,CORRIDOR,ascm,holdout,202204,fit,8.52942255062945,8.52942255073118,-1.01737285262971e-10
amended,primary_unscreened,CORRIDOR,ascm,holdout,202205,fit,7.98690177638454,7.9869017764818,-9.72617542061016e-11
amended,primary_unscreened,CORRIDOR,ascm,holdout,202206,fit,5.00935475444096,5.00935475192385,2.51711007592803e-09
amended,primary_unscreened,CORRIDOR,ascm,holdout,202207,fit,7.55357690202518,7.55357690119643,8.28746848924311e-10
amended,primary_unscreened,CORRIDOR,ascm,holdout,202208,fit,6.89844827586207,6.89844827458997,1.27209887068602e-09
amended,primary_unscreened,CORRIDOR,ascm,holdout,202209,fit,9.22313218390805,9.22313218470677,-7.98719312911089e-10
amended,primary_unscreened,CORRIDOR,ascm,holdout,202210,fit,9.57495894909688,9.5749589503894,-1.29251631619809e-09
amended,primary_unscreened,CORRIDOR,ascm,holdout,202211,fit,8.65511494252874,8.65511494279504,-2.66300759221849e-10
amended,primary_unscreened,CORRIDOR,ascm,holdout,202212,fit,8.63528213166144,8.63528213195784,-2.96397573151808e-10
amended,primary_unscreened,CORRIDOR,ascm,holdout,202301,fit,9.09618338557994,9.09618338609986,-5.19927212394578e-10
amended,primary_unscreened,CORRIDOR,ascm,holdout,202302,fit,8.74194252873563,8.74194252912742,-3.91784382713922e-10
amended,primary_unscreened,CORRIDOR,ascm,holdout,202303,fit,10.5313693153423,10.5313693171292,-1.78690306995577e-09
amended,primary_unscreened,CORRIDOR,ascm,holdout,202304,fit,10.3291206896552,10.329120691245,-1.58982871312219e-09
amended,primary_unscreened,CORRIDOR,ascm,holdout,202305,fit,10.3400249875062,10.3400249888222,-1.31597666097605e-09
amended,primary_unscreened,CORRIDOR,ascm,holdout,202306,post,9.82473876698015,10.5564483613441,-0.731709594363968
amended,primary_unscreened,CORRIDOR,ascm,holdout,202307,post,7.37286808976464,7.81728358594481,-0.44441549618017
amended,primary_unscreened,CORRIDOR,ascm,holdout,202308,post,8.55808845577212,9.43845399888417,-0.880365543112056
amended,primary_unscreened,CORRIDOR,ascm,holdout,202309,post,9.98586480569239,11.6349396659826,-1.64907486029018
amended,primary_unscreened,CORRIDOR,ascm,holdout,202310,post,10.1963087774295,11.5439660522406,-1.34765727481117
amended,primary_unscreened,CORRIDOR,ascm,holdout,202311,post,10.2116196447231,11.438836882546,-1.22721723782286
amended,primary_unscreened,CORRIDOR,scm,holdout,202201,fit,4.66783798576902,4.66783786205628,1.23712744048987e-07
amended,primary_unscreened,CORRIDOR,scm,holdout,202202,fit,7.04788218390805,7.04788833919111,-6.15528306191493e-06
amended,primary_unscreened,CORRIDOR,scm,holdout,202203,fit,7.997003998001,7.99699875553193,5.24246907396275e-06
amended,primary_unscreened,CORRIDOR,scm,holdout,202204,fit,8.52942255062945,8.52942356008002,-1.00945057468493e-06
amended,primary_unscreened,CORRIDOR,scm,holdout,202205,fit,7.98690177638454,7.98690106819225,7.08192280818309e-07
amended,primary_unscreened,CORRIDOR,scm,holdout,202206,fit,5.00935475444096,5.00935540345622,-6.49015260201225e-07
amended,primary_unscreened,CORRIDOR,scm,holdout,202207,fit,7.55357690202518,7.55357613026687,7.71758312367865e-07
amended,primary_unscreened,CORRIDOR,scm,holdout,202208,fit,6.89844827586207,6.89844656138682,1.71447524976998e-06
amended,primary_unscreened,CORRIDOR,scm,holdout,202209,fit,9.22313218390805,9.22313451865675,-2.33474870370287e-06
amended,primary_unscreened,CORRIDOR,scm,holdout,202210,fit,9.57495894909688,9.57496167254507,-2.72344818874615e-06
amended,primary_unscreened,CORRIDOR,scm,holdout,202211,fit,8.65511494252874,8.65511200576914,2.93675959284201e-06
amended,primary_unscreened,CORRIDOR,scm,holdout,202212,fit,8.63528213166144,8.63528276102054,-6.29359099946214e-07
amended,primary_unscreened,CORRIDOR,scm,holdout,202301,fit,9.09618338557994,9.09618143260337,1.95297657157312e-06
amended,primary_unscreened,CORRIDOR,scm,holdout,202302,fit,8.74194252873563,8.74194242281087,1.05924762294762e-07
amended,primary_unscreened,CORRIDOR,scm,holdout,202303,fit,10.5313693153423,10.5313689722101,3.4313223906679e-07
amended,primary_unscreened,CORRIDOR,scm,holdout,202304,fit,10.3291206896552,10.329119572928,1.11672717295619e-06
amended,primary_unscreened,CORRIDOR,scm,holdout,202305,fit,10.3400249875062,10.3400256844662,-6.96959910229111e-07
amended,primary_unscreened,CORRIDOR,scm,holdout,202306,post,9.82473876698015,10.6459973333762,-0.821258566396017
amended,primary_unscreened,CORRIDOR,scm,holdout,202307,post,7.37286808976464,7.6640186169529,-0.29115052718826
amended,primary_unscreened,CORRIDOR,scm,holdout,202308,post,8.55808845577212,9.40649545671403,-0.848407000941911
amended,primary_unscreened,CORRIDOR,scm,holdout,202309,post,9.98586480569239,11.5823668345199,-1.59650202882749
amended,primary_unscreened,CORRIDOR,scm,holdout,202310,post,10.1963087774295,11.5946461431491,-1.39833736571959
amended,primary_unscreened,CORRIDOR,scm,holdout,202311,post,10.2116196447231,11.4722806338038,-1.26066098908073
amended,primary_unscreened,CORRIDOR,did,holdout,202201,fit,4.66783798576902,6.59377192759047,-1.92593394182145
amended,primary_unscreened,CORRIDOR,did,holdout,202202,fit,7.04788218390805,7.91594200193991,-0.868059818031868
amended,primary_unscreened,CORRIDOR,did,holdout,202203,fit,7.997003998001,8.04050189903597,-0.0434979010349741
amended,primary_unscreened,CORRIDOR,did,holdout,202204,fit,8.52942255062945,8.34432984344578,0.185092707183662
amended,primary_unscreened,CORRIDOR,did,holdout,202205,fit,7.98690177638454,8.34164930733588,-0.354747530951347
amended,primary_unscreened,CORRIDOR,did,holdout,202206,fit,5.00935475444096,6.77554335938049,-1.76618860493953
amended,primary_unscreened,CORRIDOR,did,holdout,202207,fit,7.55357690202518,7.78693472926628,-0.233357827241107
amended,primary_unscreened,CORRIDOR,did,holdout,202208,fit,6.89844827586207,7.5213501830724,-0.622901907210326
amended,primary_unscreened,CORRIDOR,did,holdout,202209,fit,9.22313218390805,8.76184898064894,0.461283203259107
amended,primary_unscreened,CORRIDOR,did,holdout,202210,fit,9.57495894909688,9.05765137528033,0.517307573816551
amended,primary_unscreened,CORRIDOR,did,holdout,202211,fit,8.65511494252874,8.44290958670954,0.212205355819192
amended,primary_unscreened,CORRIDOR,did,holdout,202212,fit,8.63528213166144,8.46093960811317,0.174342523548274
amended,primary_unscreened,CORRIDOR,did,holdout,202301,fit,9.09618338557994,8.59484126407802,0.501342121501914
amended,primary_unscreened,CORRIDOR,did,holdout,202302,fit,8.74194252873563,8.51807892882963,0.223863599906005
amended,primary_unscreened,CORRIDOR,did,holdout,202303,fit,10.5313693153423,9.3538072166374,1.17756209870493
amended,primary_unscreened,CORRIDOR,did,holdout,202304,fit,10.3291206896552,9.2357521010725,1.09336858858267
amended,primary_unscreened,CORRIDOR,did,holdout,202305,fit,10.3400249875062,9.07170522859796,1.26831975890829
amended,primary_unscreened,CORRIDOR,did,holdout,202306,post,9.82473876698015,9.18131698785858,0.643421779121567
amended,primary_unscreened,CORRIDOR,did,holdout,202307,post,7.37286808976464,7.94894452451028,-0.576076434745639
amended,primary_unscreened,CORRIDOR,did,holdout,202308,post,8.55808845577212,8.74057139960168,-0.182482943829562
amended,primary_unscreened,CORRIDOR,did,holdout,202309,post,9.98586480569239,9.61724422357206,0.368620582120331
amended,primary_unscreened,CORRIDOR,did,holdout,202310,post,10.1963087774295,9.83202415244121,0.364284624988256
amended,primary_unscreened,CORRIDOR,did,holdout,202311,post,10.2116196447231,9.70334836107025,0.508271283652842
amended,primary_unscreened,CORRIDOR,ascm,full pre,202201,fit,4.66783798576902,4.66783777059967,2.15169351669431e-07
amended,primary_unscreened,CORRIDOR,ascm,full pre,202202,fit,7.04788218390805,7.04788245380306,-2.69895016558053e-07
amended,primary_unscreened,CORRIDOR,ascm,full pre,202203,fit,7.997003998001,7.99700406756085,-6.95598467714831e-08
amended,primary_unscreened,CORRIDOR,ascm,full pre,202204,fit,8.52942255062945,8.52942236014802,1.9048142974043e-07
amended,primary_unscreened,CORRIDOR,ascm,full pre,202205,fit,7.98690177638454,7.98690174837132,2.80132175234371e-08
amended,primary_unscreened,CORRIDOR,ascm,full pre,202206,fit,5.00935475444096,5.00935483766661,-8.32256450422619e-08
amended,primary_unscreened,CORRIDOR,ascm,full pre,202207,fit,7.55357690202518,7.55357671797263,1.8405255275411e-07
amended,primary_unscreened,CORRIDOR,ascm,full pre,202208,fit,6.89844827586207,6.89844841372335,-1.37861283278085e-07
amended,primary_unscreened,CORRIDOR,ascm,full pre,202209,fit,9.22313218390805,9.22313220628866,-2.23806182475528e-08
amended,primary_unscreened,CORRIDOR,ascm,full pre,202210,fit,9.57495894909688,9.57495882214829,1.26948590306597e-07
amended,primary_unscreened,CORRIDOR,ascm,full pre,202211,fit,8.65511494252874,8.65511514056203,-1.98033289322552e-07
amended,primary_unscreened,CORRIDOR,ascm,full pre,202212,fit,8.63528213166144,8.63528218543436,-5.37729185623448e-08
amended,primary_unscreened,CORRIDOR,ascm,full pre,202301,fit,9.09618338557994,9.09618323016077,1.55419170866367e-07
amended,primary_unscreened,CORRIDOR,ascm,full pre,202302,fit,8.74194252873563,8.74194267078867,-1.42053039553502e-07
amended,primary_unscreened,CORRIDOR,ascm,full pre,202303,fit,10.5313693153423,10.5313692125272,1.02815150171409e-07
amended,primary_unscreened,CORRIDOR,ascm,full pre,202304,fit,10.3291206896552,10.3291205155296,1.74125556640092e-07
amended,primary_unscreened,CORRIDOR,ascm,full pre,202305,fit,10.3400249875062,10.3400248480599,1.3944631049867e-07
amended,primary_unscreened,CORRIDOR,ascm,full pre,202306,fit,9.82473876698015,9.82473896428244,-1.97302297166857e-07
amended,primary_unscreened,CORRIDOR,ascm,full pre,202307,fit,7.37286808976464,7.37286816438692,-7.46222816871978e-08
amended,primary_unscreened,CORRIDOR,ascm,full pre,202308,fit,8.55808845577212,8.55808838234574,7.34263743140673e-08
amended,primary_unscreened,CORRIDOR,ascm,full pre,202309,fit,9.98586480569239,9.98586473288629,7.28061060328855e-08
amended,primary_unscreened,CORRIDOR,ascm,full pre,202310,fit,10.1963087774295,10.1963092054786,-4.28049155232202e-07
amended,primary_unscreened,CORRIDOR,ascm,full pre,202311,fit,10.2116196447231,10.2116194306715,2.14051599556342e-07
amended,primary_unscreened,CORRIDOR,scm,full pre,202201,fit,4.66783798576902,4.63827384810323,0.0295641376657914
amended,primary_unscreened,CORRIDOR,scm,full pre,202202,fit,7.04788218390805,7.13178038652463,-0.0838982026165827
amended,primary_unscreened,CORRIDOR,scm,full pre,202203,fit,7.997003998001,7.96478152266902,0.0322224753319773
amended,primary_unscreened,CORRIDOR,scm,full pre,202204,fit,8.52942255062945,8.43821008821979,0.0912124624096595
amended,primary_unscreened,CORRIDOR,scm,full pre,202205,fit,7.98690177638454,8.07082519356583,-0.0839234171812979
amended,primary_unscreened,CORRIDOR,scm,full pre,202206,fit,5.00935475444096,4.99029306629468,0.019061688146282
amended,primary_unscreened,CORRIDOR,scm,full pre,202207,fit,7.55357690202518,7.48805163817809,0.0655252638470909
amended,primary_unscreened,CORRIDOR,scm,full pre,202208,fit,6.89844827586207,6.93278187187901,-0.0343335960169435
amended,primary_unscreened,CORRIDOR,scm,full pre,202209,fit,9.22313218390805,9.27018915532375,-0.0470569714157083
amended,primary_unscreened,CORRIDOR,scm,full pre,202210,fit,9.57495894909688,9.59749437654656,-0.0225354274496823
amended,primary_unscreened,CORRIDOR,scm,full pre,202211,fit,8.65511494252874,8.68978812210607,-0.0346731795773323
amended,primary_unscreened,CORRIDOR,scm,full pre,202212,fit,8.63528213166144,8.62447718662654,0.0108049450349039
amended,primary_unscreened,CORRIDOR,scm,full pre,202301,fit,9.09618338557994,9.0410009223931,0.0551824631868421
amended,primary_unscreened,CORRIDOR,scm,full pre,202302,fit,8.74194252873563,8.70932894108821,0.0326135876474201
amended,primary_unscreened,CORRIDOR,scm,full pre,202303,fit,10.5313693153423,10.4708654993967,0.0605038159455926
amended,primary_unscreened,CORRIDOR,scm,full pre,202304,fit,10.3291206896552,10.2249514229902,0.104169266664929
amended,primary_unscreened,CORRIDOR,scm,full pre,202305,fit,10.3400249875062,10.293634407243,0.0463905802632212
amended,primary_unscreened,CORRIDOR,scm,full pre,202306,fit,9.82473876698015,9.87818171900757,-0.0534429520274262
amended,primary_unscreened,CORRIDOR,scm,full pre,202307,fit,7.37286808976464,7.32979584439057,0.0430722453740673
amended,primary_unscreened,CORRIDOR,scm,full pre,202308,fit,8.55808845577212,8.64499394617125,-0.0869054903991309
amended,primary_unscreened,CORRIDOR,scm,full pre,202309,fit,9.98586480569239,10.0291887937902,-0.043323988097784
amended,primary_unscreened,CORRIDOR,scm,full pre,202310,fit,10.1963087774295,10.2954946819049,-0.0991859044754548
amended,primary_unscreened,CORRIDOR,scm,full pre,202311,fit,10.2116196447231,10.166298308002,0.0453213367210648
amended,low_exposure_screened,CENTER,ascm,holdout,202201,fit,6.14307754178697,6.29344776224296,-0.15037022045599
amended,low_exposure_screened,CENTER,ascm,holdout,202202,fit,9.60906310116557,9.71519073972009,-0.10612763855452
amended,low_exposure_screened,CENTER,ascm,holdout,202203,fit,11.241741235195,11.0212060770235,0.220535158171565
amended,low_exposure_screened,CENTER,ascm,holdout,202204,fit,11.6420739422776,11.6091872464578,0.0328866958198777
amended,low_exposure_screened,CENTER,ascm,holdout,202205,fit,11.0762492980381,10.9119039976267,0.164345300411462
amended,low_exposure_screened,CENTER,ascm,holdout,202206,fit,5.73515198081189,5.94525245313857,-0.210100472326683
amended,low_exposure_screened,CENTER,ascm,holdout,202207,fit,10.5613093569475,10.4677543477732,0.0935550091742918
amended,low_exposure_screened,CENTER,ascm,holdout,202208,fit,9.90624970782726,9.84181761772755,0.0644320900997091
amended,low_exposure_screened,CENTER,ascm,holdout,202209,fit,11.6883147303766,11.8361981106925,-0.147883380315903
amended,low_exposure_screened,CENTER,ascm,holdout,202210,fit,12.2829076711858,12.6353108355921,-0.352403164406326
amended,low_exposure_screened,CENTER,ascm,holdout,202211,fit,12.5121973861312,12.1051050409453,0.407092345185871
amended,low_exposure_screened,CENTER,ascm,holdout,202212,fit,12.0588773740534,12.2035791387434,-0.14470176469001
amended,low_exposure_screened,CENTER,ascm,holdout,202301,fit,12.1902443780959,11.9729778423772,0.217266535718661
amended,low_exposure_screened,CENTER,ascm,holdout,202302,fit,11.1978931227458,11.4831276349074,-0.285234512161608
amended,low_exposure_screened,CENTER,ascm,holdout,202303,fit,14.2943689212923,14.2431404748899,0.0512284464023711
amended,low_exposure_screened,CENTER,ascm,holdout,202304,fit,12.9284565877657,13.1979170859617,-0.269460498196016
amended,low_exposure_screened,CENTER,ascm,holdout,202305,fit,13.6018417950204,13.1869017248972,0.414940070123246
amended,low_exposure_screened,CENTER,ascm,holdout,202306,post,13.9114029433115,14.1639710669011,-0.252568123589562
amended,low_exposure_screened,CENTER,ascm,holdout,202307,post,9.93585191055462,10.7224990888327,-0.78664717827812
amended,low_exposure_screened,CENTER,ascm,holdout,202308,post,11.1983450816306,13.6659539439775,-2.46760886234693
amended,low_exposure_screened,CENTER,ascm,holdout,202309,post,13.3176224361348,15.1574272138059,-1.83980477767111
amended,low_exposure_screened,CENTER,ascm,holdout,202310,post,13.7584539400038,15.3044495405198,-1.54599560051603
amended,low_exposure_screened,CENTER,ascm,holdout,202311,post,15.0106819995135,15.7953193419821,-0.784637342468534
amended,low_exposure_screened,CENTER,scm,holdout,202201,fit,6.14307754178697,7.19608442777139,-1.05300688598442
amended,low_exposure_screened,CENTER,scm,holdout,202202,fit,9.60906310116557,9.80381753921218,-0.194754438046605
amended,low_exposure_screened,CENTER,scm,holdout,202203,fit,11.241741235195,10.2311870505415,1.01055418465356
amended,low_exposure_screened,CENTER,scm,holdout,202204,fit,11.6420739422776,10.702381732562,0.939692209715609
amended,low_exposure_screened,CENTER,scm,holdout,202205,fit,11.0762492980381,10.1350127747697,0.941236523268433
amended,low_exposure_screened,CENTER,scm,holdout,202206,fit,5.73515198081189,6.12816251056255,-0.39301052975066
amended,low_exposure_screened,CENTER,scm,holdout,202207,fit,10.5613093569475,10.4259948295773,0.135314527370145
amended,low_exposure_screened,CENTER,scm,holdout,202208,fit,9.90624970782726,9.86869312454149,0.0375565832857738
amended,low_exposure_screened,CENTER,scm,holdout,202209,fit,11.6883147303766,12.5369628709415,-0.848648140564849
amended,low_exposure_screened,CENTER,scm,holdout,202210,fit,12.2829076711858,13.0378233534828,-0.754915682297023
amended,low_exposure_screened,CENTER,scm,holdout,202211,fit,12.5121973861312,11.7239984142028,0.788198971928358
amended,low_exposure_screened,CENTER,scm,holdout,202212,fit,12.0588773740534,11.8031282527894,0.25574912126401
amended,low_exposure_screened,CENTER,scm,holdout,202301,fit,12.1902443780959,11.4881666400113,0.702077738084602
amended,low_exposure_screened,CENTER,scm,holdout,202302,fit,11.1978931227458,11.9365863178337,-0.738693195087938
amended,low_exposure_screened,CENTER,scm,holdout,202303,fit,14.2943689212923,13.7332501367134,0.561118784578907
amended,low_exposure_screened,CENTER,scm,holdout,202304,fit,12.9284565877657,13.6649616535606,-0.736505065794923
amended,low_exposure_screened,CENTER,scm,holdout,202305,fit,13.6018417950204,13.0412791117376,0.560562683282798
amended,low_exposure_screened,CENTER,scm,holdout,202306,post,13.9114029433115,14.5243838035664,-0.612980860254849
amended,low_exposure_screened,CENTER,scm,holdout,202307,post,9.93585191055462,10.3847359491761,-0.448884038621509
amended,low_exposure_screened,CENTER,scm,holdout,202308,post,11.1983450816306,13.6991582068773,-2.50081312524675
amended,low_exposure_screened,CENTER,scm,holdout,202309,post,13.3176224361348,15.3036534209779,-1.98603098484305
amended,low_exposure_screened,CENTER,scm,holdout,202310,post,13.7584539400038,15.3723072375718,-1.61385329756805
amended,low_exposure_screened,CENTER,scm,holdout,202311,post,15.0106819995135,15.2945818398209,-0.283899840307399
amended,low_exposure_screened,CENTER,did,holdout,202201,fit,6.14307754178697,9.72738707128065,-3.58430952949368
amended,low_exposure_screened,CENTER,did,holdout,202202,fit,9.60906310116557,10.6517109248962,-1.0426478237306
amended,low_exposure_screened,CENTER,did,holdout,202203,fit,11.241741235195,10.6775019014317,0.564239333763309
amended,low_exposure_screened,CENTER,did,holdout,202204,fit,11.6420739422776,10.8458155167329,0.796258425544721
amended,low_exposure_screened,CENTER,did,holdout,202205,fit,11.0762492980381,10.817333760394,0.258915537644105
amended,low_exposure_screened,CENTER,did,holdout,202206,fit,5.73515198081189,9.9777143520246,-4.24256237121271
amended,low_exposure_screened,CENTER,did,holdout,202207,fit,10.5613093569475,10.6228953857175,-0.0615860287700869
amended,low_exposure_screened,CENTER,did,holdout,202208,fit,9.90624970782726,10.4863689361683,-0.580119228341051
amended,low_exposure_screened,CENTER,did,holdout,202209,fit,11.6883147303766,11.5223530004132,0.165961729963362
amended,low_exposure_screened,CENTER,did,holdout,202210,fit,12.2829076711858,11.6428670410463,0.640040630139469
amended,low_exposure_screened,CENTER,did,holdout,202211,fit,12.5121973861312,11.253176713737,1.25902067239421
amended,low_exposure_screened,CENTER,did,holdout,202212,fit,12.0588773740534,11.4351536257139,0.623723748339518
amended,low_exposure_screened,CENTER,did,holdout,202301,fit,12.1902443780959,11.3566032409135,0.833641137182415
amended,low_exposure_screened,CENTER,did,holdout,202302,fit,11.1978931227458,11.47635973442,-0.27846661167421
amended,low_exposure_screened,CENTER,did,holdout,202303,fit,14.2943689212923,12.2136895020758,2.08067941921648
amended,low_exposure_screened,CENTER,did,holdout,202304,fit,12.9284565877657,12.0756666127269,0.852789975038839
amended,low_exposure_screened,CENTER,did,holdout,202305,fit,13.6018417950204,11.8874208110245,1.7144209839959
amended,low_exposure_screened,CENTER,did,holdout,202306,post,13.9114029433115,11.8992511485614,2.01215179475014
amended,low_exposure_screened,CENTER,did,holdout,202307,post,9.93585191055462,10.905613324745,-0.969761414190385
amended,low_exposure_screened,CENTER,did,holdout,202308,post,11.1983450816306,11.6697626559751,-0.47141757434451
amended,low_exposure_screened,CENTER,did,holdout,202309,post,13.3176224361348,12.506551218421,0.811071217713813
amended,low_exposure_screened,CENTER,did,holdout,202310,post,13.7584539400038,12.5315118508221,1.22694208918166
amended,low_exposure_screened,CENTER,did,holdout,202311,post,15.0106819995135,12.4164962183065,2.59418578120708
amended,low_exposure_screened,CENTER,ascm,full pre,202201,fit,6.14307754178697,6.27077662594261,-0.127699084155644
amended,low_exposure_screened,CENTER,ascm,full pre,202202,fit,9.60906310116557,9.87107733260333,-0.262014231437757
amended,low_exposure_screened,CENTER,ascm,full pre,202203,fit,11.241741235195,10.9876813316473,0.254059903547724
amended,low_exposure_screened,CENTER,ascm,full pre,202204,fit,11.6420739422776,11.4933010564661,0.148772885811558
amended,low_exposure_screened,CENTER,ascm,full pre,202205,fit,11.0762492980381,11.0346042150424,0.0416450829957267
amended,low_exposure_screened,CENTER,ascm,full pre,202206,fit,5.73515198081189,6.02526864714298,-0.290116666331093
amended,low_exposure_screened,CENTER,ascm,full pre,202207,fit,10.5613093569475,10.4238749037775,0.137434453169947
amended,low_exposure_screened,CENTER,ascm,full pre,202208,fit,9.90624970782726,9.77883253624797,0.127417171579289
amended,low_exposure_screened,CENTER,ascm,full pre,202209,fit,11.6883147303766,11.8648908395067,-0.176576109130128
amended,low_exposure_screened,CENTER,ascm,full pre,202210,fit,12.2829076711858,12.7191013715496,-0.436193700363823
amended,low_exposure_screened,CENTER,ascm,full pre,202211,fit,12.5121973861312,12.0788142413309,0.433383144800242
amended,low_exposure_screened,CENTER,ascm,full pre,202212,fit,12.0588773740534,12.0737979440174,-0.0149205699639712
amended,low_exposure_screened,CENTER,ascm,full pre,202301,fit,12.1902443780959,12.0335628295749,0.156681548520993
amended,low_exposure_screened,CENTER,ascm,full pre,202302,fit,11.1978931227458,11.4043422921181,-0.206449169372281
amended,low_exposure_screened,CENTER,ascm,full pre,202303,fit,14.2943689212923,14.1109099551014,0.183458966190878
amended,low_exposure_screened,CENTER,ascm,full pre,202304,fit,12.9284565877657,12.979822365899,-0.0513657781333503
amended,low_exposure_screened,CENTER,ascm,full pre,202305,fit,13.6018417950204,13.3164102991627,0.285431495857722
amended,low_exposure_screened,CENTER,ascm,full pre,202306,fit,13.9114029433115,13.9380503504451,-0.0266474071335896
amended,low_exposure_screened,CENTER,ascm,full pre,202307,fit,9.93585191055462,9.75329504009107,0.18255687046355
amended,low_exposure_screened,CENTER,ascm,full pre,202308,fit,11.1983450816306,11.4079771005205,-0.20963201888997
amended,low_exposure_screened,CENTER,ascm,full pre,202309,fit,13.3176224361348,13.3512104220175,-0.0335879858826971
amended,low_exposure_screened,CENTER,ascm,full pre,202310,fit,13.7584539400038,13.7919930571781,-0.0335391171743176
amended,low_exposure_screened,CENTER,ascm,full pre,202311,fit,15.0106819995135,15.0927816844826,-0.0820996849690321
amended,low_exposure_screened,CENTER,scm,full pre,202201,fit,6.14307754178697,7.06614524636947,-0.923067704582497
amended,low_exposure_screened,CENTER,scm,full pre,202202,fit,9.60906310116557,10.0048714651132,-0.395808363947641
amended,low_exposure_screened,CENTER,scm,full pre,202203,fit,11.241741235195,10.0530896408108,1.18865159438422
amended,low_exposure_screened,CENTER,scm,full pre,202204,fit,11.6420739422776,10.3136421701653,1.32843177211229
amended,low_exposure_screened,CENTER,scm,full pre,202205,fit,11.0762492980381,10.1420562244993,0.934193073538788
amended,low_exposure_screened,CENTER,scm,full pre,202206,fit,5.73515198081189,6.1397238257506,-0.404571844938713
amended,low_exposure_screened,CENTER,scm,full pre,202207,fit,10.5613093569475,10.4223907087474,0.13891864820002
amended,low_exposure_screened,CENTER,scm,full pre,202208,fit,9.90624970782726,9.84611899723826,0.0601307105890054
amended,low_exposure_screened,CENTER,scm,full pre,202209,fit,11.6883147303766,12.3979260302951,-0.709611299918532
amended,low_exposure_screened,CENTER,scm,full pre,202210,fit,12.2829076711858,13.3406270578093,-1.05771938662345
amended,low_exposure_screened,CENTER,scm,full pre,202211,fit,12.5121973861312,11.7571946684371,0.75500271769409
amended,low_exposure_screened,CENTER,scm,full pre,202212,fit,12.0588773740534,11.8841483048046,0.174729069248755
amended,low_exposure_screened,CENTER,scm,full pre,202301,fit,12.1902443780959,11.2977415338927,0.8925028442032
amended,low_exposure_screened,CENTER,scm,full pre,202302,fit,11.1978931227458,11.7469697357005,-0.549076612954723
amended,low_exposure_screened,CENTER,scm,full pre,202303,fit,14.2943689212923,13.3210852519845,0.973283669307772
amended,low_exposure_screened,CENTER,scm,full pre,202304,fit,12.9284565877657,12.8131054638649,0.115351123900787
amended,low_exposure_screened,CENTER,scm,full pre,202305,fit,13.6018417950204,12.8375460089105,0.764295786109912
amended,low_exposure_screened,CENTER,scm,full pre,202306,fit,13.9114029433115,13.8696871195837,0.0417158237278343
amended,low_exposure_screened,CENTER,scm,full pre,202307,fit,9.93585191055462,9.52733742482692,0.408514485727693
amended,low_exposure_screened,CENTER,scm,full pre,202308,fit,11.1983450816306,12.3626760702762,-1.16433098864567
amended,low_exposure_screened,CENTER,scm,full pre,202309,fit,13.3176224361348,13.848441080625,-0.530818644490182
amended,low_exposure_screened,CENTER,scm,full pre,202310,fit,13.7584539400038,14.1566607004037,-0.398206760399955
amended,low_exposure_screened,CENTER,scm,full pre,202311,fit,15.0106819995135,14.7497012741935,0.260980725320001
amended,low_exposure_unscreened,CENTER,ascm,holdout,202201,fit,6.14307754178697,6.99431246001178,-0.85123491822481
amended,low_exposure_unscreened,CENTER,ascm,holdout,202202,fit,9.60906310116557,10.0733775960422,-0.464314494876666
amended,low_exposure_unscreened,CENTER,ascm,holdout,202203,fit,11.241741235195,10.8366342878599,0.405106947335158
amended,low_exposure_unscreened,CENTER,ascm,holdout,202204,fit,11.6420739422776,10.9796958581421,0.66237808413552
amended,low_exposure_unscreened,CENTER,ascm,holdout,202205,fit,11.0762492980381,10.8776792038107,0.198570094227428
amended,low_exposure_unscreened,CENTER,ascm,holdout,202206,fit,5.73515198081189,6.02647760229809,-0.291325621486207
amended,low_exposure_unscreened,CENTER,ascm,holdout,202207,fit,10.5613093569475,10.281232100235,0.280077256712445
amended,low_exposure_unscreened,CENTER,ascm,holdout,202208,fit,9.90624970782726,9.84591077830823,0.0603389295190322
amended,low_exposure_unscreened,CENTER,ascm,holdout,202209,fit,11.6883147303766,11.9859248506045,-0.297610120227867
amended,low_exposure_unscreened,CENTER,ascm,holdout,202210,fit,12.2829076711858,12.7666904431976,-0.483782772011759
amended,low_exposure_unscreened,CENTER,ascm,holdout,202211,fit,12.5121973861312,12.3268496789962,0.185347707134952
amended,low_exposure_unscreened,CENTER,ascm,holdout,202212,fit,12.0588773740534,11.9788448864501,0.0800324876033276
amended,low_exposure_unscreened,CENTER,ascm,holdout,202301,fit,12.1902443780959,11.7796882957512,0.410556082344726
amended,low_exposure_unscreened,CENTER,ascm,holdout,202302,fit,11.1978931227458,11.4457045599968,-0.247811437250993
amended,low_exposure_unscreened,CENTER,ascm,holdout,202303,fit,14.2943689212923,13.873253257063,0.421115664229339
amended,low_exposure_unscreened,CENTER,ascm,holdout,202304,fit,12.9284565877657,13.1373624858319,-0.208905898066226
amended,low_exposure_unscreened,CENTER,ascm,holdout,202305,fit,13.6018417950204,13.4603797861178,0.141462008902593
amended,low_exposure_unscreened,CENTER,ascm,holdout,202306,post,13.9114029433115,13.9135669705135,-0.00216402720198694
amended,low_exposure_unscreened,CENTER,ascm,holdout,202307,post,9.93585191055462,10.4412916016541,-0.505439691099531
amended,low_exposure_unscreened,CENTER,ascm,holdout,202308,post,11.1983450816306,12.8323487908576,-1.63400370922706
amended,low_exposure_unscreened,CENTER,ascm,holdout,202309,post,13.3176224361348,13.6524555163986,-0.334833080263763
amended,low_exposure_unscreened,CENTER,ascm,holdout,202310,post,13.7584539400038,14.07012285719,-0.311668917186259
amended,low_exposure_unscreened,CENTER,ascm,holdout,202311,post,15.0106819995135,14.4080469153314,0.602635084182101
amended,low_exposure_unscreened,CENTER,scm,holdout,202201,fit,6.14307754178697,7.16822731602106,-1.02514977423409
amended,low_exposure_unscreened,CENTER,scm,holdout,202202,fit,9.60906310116557,9.85115481588866,-0.24209171472309
amended,low_exposure_unscreened,CENTER,scm,holdout,202203,fit,11.241741235195,10.6206733397936,0.621067895401428
amended,low_exposure_unscreened,CENTER,scm,holdout,202204,fit,11.6420739422776,10.9535310846513,0.68854285762635
amended,low_exposure_unscreened,CENTER,scm,holdout,202205,fit,11.0762492980381,10.7050350334771,0.371214264561003
amended,low_exposure_unscreened,CENTER,scm,holdout,202206,fit,5.73515198081189,5.81149124420834,-0.0763392633964504
amended,low_exposure_unscreened,CENTER,scm,holdout,202207,fit,10.5613093569475,10.5208936282115,0.0404157287359155
amended,low_exposure_unscreened,CENTER,scm,holdout,202208,fit,9.90624970782726,9.98793729603756,-0.0816875882102952
amended,low_exposure_unscreened,CENTER,scm,holdout,202209,fit,11.6883147303766,11.851784576511,-0.163469846134408
amended,low_exposure_unscreened,CENTER,scm,holdout,202210,fit,12.2829076711858,13.1030286912787,-0.820121020092874
amended,low_exposure_unscreened,CENTER,scm,holdout,202211,fit,12.5121973861312,11.8940965372249,0.618100848906234
amended,low_exposure_unscreened,CENTER,scm,holdout,202212,fit,12.0588773740534,12.1217993419151,-0.0629219678616799
amended,low_exposure_unscreened,CENTER,scm,holdout,202301,fit,12.1902443780959,11.7416454683838,0.448598909712127
amended,low_exposure_unscreened,CENTER,scm,holdout,202302,fit,11.1978931227458,11.4159957823946,-0.218102659648862
amended,low_exposure_unscreened,CENTER,scm,holdout,202303,fit,14.2943689212923,13.8020884840153,0.492280437276994
amended,low_exposure_unscreened,CENTER,scm,holdout,202304,fit,12.9284565877657,13.3605914093677,-0.432134821601997
amended,low_exposure_unscreened,CENTER,scm,holdout,202305,fit,13.6018417950204,13.1877867354183,0.414055059602095
amended,low_exposure_unscreened,CENTER,scm,holdout,202306,post,13.9114029433115,14.2014031403523,-0.290000197040715
amended,low_exposure_unscreened,CENTER,scm,holdout,202307,post,9.93585191055462,9.9936350316121,-0.0577831210574882
amended,low_exposure_unscreened,CENTER,scm,holdout,202308,post,11.1983450816306,12.99116382804,-1.79281874640941
amended,low_exposure_unscreened,CENTER,scm,holdout,202309,post,13.3176224361348,14.1435533163669,-0.82593088023212
amended,low_exposure_unscreened,CENTER,scm,holdout,202310,post,13.7584539400038,14.720934327743,-0.962480387739216
amended,low_exposure_unscreened,CENTER,scm,holdout,202311,post,15.0106819995135,15.3358731125789,-0.325191113065312
amended,low_exposure_unscreened,CENTER,did,holdout,202201,fit,6.14307754178697,9.78902460338925,-3.64594706160228
amended,low_exposure_unscreened,CENTER,did,holdout,202202,fit,9.60906310116557,10.8833589009712,-1.27429579980564
amended,low_exposure_unscreened,CENTER,did,holdout,202203,fit,11.241741235195,10.7616045328282,0.48013670236684
amended,low_exposure_unscreened,CENTER,did,holdout,202204,fit,11.6420739422776,10.9203003784968,0.721773563780824
amended,low_exposure_unscreened,CENTER,did,holdout,202205,fit,11.0762492980381,10.9859428007163,0.0903064973217838
amended,low_exposure_unscreened,CENTER,did,holdout,202206,fit,5.73515198081189,9.72084297063986,-3.98569098982798
amended,low_exposure_unscreened,CENTER,did,holdout,202207,fit,10.5613093569475,10.8060332074539,-0.244723850506482
amended,low_exposure_unscreened,CENTER,did,holdout,202208,fit,9.90624970782726,10.5591522776474,-0.6529025698201
amended,low_exposure_unscreened,CENTER,did,holdout,202209,fit,11.6883147303766,11.353399611818,0.334915118558609
amended,low_exposure_unscreened,CENTER,did,holdout,202210,fit,12.2829076711858,11.6465053184167,0.636402352769109
amended,low_exposure_unscreened,CENTER,did,holdout,202211,fit,12.5121973861312,11.2119556157829,1.30024177034828
amended,low_exposure_unscreened,CENTER,did,holdout,202212,fit,12.0588773740534,11.4663332708381,0.592544103215285
amended,low_exposure_unscreened,CENTER,did,holdout,202301,fit,12.1902443780959,11.3382134039449,0.852030974151028
amended,low_exposure_unscreened,CENTER,did,holdout,202302,fit,11.1978931227458,11.4153857701301,-0.217492647384322
amended,low_exposure_unscreened,CENTER,did,holdout,202303,fit,14.2943689212923,12.0374785000502,2.25689042124214
amended,low_exposure_unscreened,CENTER,did,holdout,202304,fit,12.9284565877657,11.9809313308778,0.947525256887943
amended,low_exposure_unscreened,CENTER,did,holdout,202305,fit,13.6018417950204,11.7935556367155,1.80828615830495
amended,low_exposure_unscreened,CENTER,did,holdout,202306,post,13.9114029433115,11.8937302546954,2.01767268861617
amended,low_exposure_unscreened,CENTER,did,holdout,202307,post,9.93585191055462,10.8997548362924,-0.963902925737766
amended,low_exposure_unscreened,CENTER,did,holdout,202308,post,11.1983450816306,11.7204146371218,-0.522069555491264
amended,low_exposure_unscreened,CENTER,did,holdout,202309,post,13.3176224361348,12.2529576251961,1.0646648109387
amended,low_exposure_unscreened,CENTER,did,holdout,202310,post,13.7584539400038,12.4257987197194,1.33265522028431
amended,low_exposure_unscreened,CENTER,did,holdout,202311,post,15.0106819995135,12.3962837098072,2.61439828970631
amended,low_exposure_unscreened,CENTER,ascm,full pre,202201,fit,6.14307754178697,6.77166414897688,-0.628586607189916
amended,low_exposure_unscreened,CENTER,ascm,full pre,202202,fit,9.60906310116557,10.269463372145,-0.660400270979434
amended,low_exposure_unscreened,CENTER,ascm,full pre,202203,fit,11.241741235195,10.9562866318566,0.285454603338431
amended,low_exposure_unscreened,CENTER,ascm,full pre,202204,fit,11.6420739422776,11.0816788692115,0.560395073066111
amended,low_exposure_unscreened,CENTER,ascm,full pre,202205,fit,11.0762492980381,10.8258555661377,0.250393731900397
amended,low_exposure_unscreened,CENTER,ascm,full pre,202206,fit,5.73515198081189,5.98943858526368,-0.254286604451794
amended,low_exposure_unscreened,CENTER,ascm,full pre,202207,fit,10.5613093569475,10.1016448914726,0.459664465474896
amended,low_exposure_unscreened,CENTER,ascm,full pre,202208,fit,9.90624970782726,9.76471230529621,0.141537402531055
amended,low_exposure_unscreened,CENTER,ascm,full pre,202209,fit,11.6883147303766,12.1558466035264,-0.467531873149779
amended,low_exposure_unscreened,CENTER,ascm,full pre,202210,fit,12.2829076711858,13.1814765393234,-0.898568868137605
amended,low_exposure_unscreened,CENTER,ascm,full pre,202211,fit,12.5121973861312,11.9819053850818,0.530292001049364
amended,low_exposure_unscreened,CENTER,ascm,full pre,202212,fit,12.0588773740534,11.8400518010438,0.218825573009607
amended,low_exposure_unscreened,CENTER,ascm,full pre,202301,fit,12.1902443780959,11.7768420390139,0.413402339082014
amended,low_exposure_unscreened,CENTER,ascm,full pre,202302,fit,11.1978931227458,11.4257851463749,-0.227892023629087
amended,low_exposure_unscreened,CENTER,ascm,full pre,202303,fit,14.2943689212923,13.7825873085795,0.511781612712817
amended,low_exposure_unscreened,CENTER,ascm,full pre,202304,fit,12.9284565877657,12.7474020649577,0.181054522808015
amended,low_exposure_unscreened,CENTER,ascm,full pre,202305,fit,13.6018417950204,13.3805064520181,0.221335343002364
amended,low_exposure_unscreened,CENTER,ascm,full pre,202306,fit,13.9114029433115,13.8203384021583,0.0910645411531927
amended,low_exposure_unscreened,CENTER,ascm,full pre,202307,fit,9.93585191055462,9.95314692998419,-0.0172950194295733
amended,low_exposure_unscreened,CENTER,ascm,full pre,202308,fit,11.1983450816306,11.9743365587077,-0.775991477077142
amended,low_exposure_unscreened,CENTER,ascm,full pre,202309,fit,13.3176224361348,13.2198919408601,0.0977304952746554
amended,low_exposure_unscreened,CENTER,ascm,full pre,202310,fit,13.7584539400038,13.9824107276838,-0.223956787680081
amended,low_exposure_unscreened,CENTER,ascm,full pre,202311,fit,15.0106819995135,14.8191041721921,0.191577827321469
amended,low_exposure_unscreened,CENTER,scm,full pre,202201,fit,6.14307754178697,7.06654531120135,-0.923467769414382
amended,low_exposure_unscreened,CENTER,scm,full pre,202202,fit,9.60906310116557,10.0953813726576,-0.486318271492007
amended,low_exposure_unscreened,CENTER,scm,full pre,202203,fit,11.241741235195,10.6604909334603,0.581250301734764
amended,low_exposure_unscreened,CENTER,scm,full pre,202204,fit,11.6420739422776,10.9312921723432,0.710781769934478
amended,low_exposure_unscreened,CENTER,scm,full pre,202205,fit,11.0762492980381,10.7905285370312,0.285720761006953
amended,low_exposure_unscreened,CENTER,scm,full pre,202206,fit,5.73515198081189,5.57083000908796,0.164321971723929
amended,low_exposure_unscreened,CENTER,scm,full pre,202207,fit,10.5613093569475,10.4189158472436,0.142393509703828
amended,low_exposure_unscreened,CENTER,scm,full pre,202208,fit,9.90624970782726,9.9005475437477,0.00570216407956359
amended,low_exposure_unscreened,CENTER,scm,full pre,202209,fit,11.6883147303766,12.0214984168486,-0.333183686472003
amended,low_exposure_unscreened,CENTER,scm,full pre,202210,fit,12.2829076711858,13.2563649108807,-0.973457239694902
amended,low_exposure_unscreened,CENTER,scm,full pre,202211,fit,12.5121973861312,11.7178860593675,0.79431132676369
amended,low_exposure_unscreened,CENTER,scm,full pre,202212,fit,12.0588773740534,11.9608565064741,0.09802086757926
amended,low_exposure_unscreened,CENTER,scm,full pre,202301,fit,12.1902443780959,11.7250890771875,0.465155300908364
amended,low_exposure_unscreened,CENTER,scm,full pre,202302,fit,11.1978931227458,11.2659198818992,-0.0680267591534669
amended,low_exposure_unscreened,CENTER,scm,full pre,202303,fit,14.2943689212923,13.5680030380605,0.726365883231793
amended,low_exposure_unscreened,CENTER,scm,full pre,202304,fit,12.9284565877657,12.790499262194,0.137957325571689
amended,low_exposure_unscreened,CENTER,scm,full pre,202305,fit,13.6018417950204,12.9939228368005,0.607918958219978
amended,low_exposure_unscreened,CENTER,scm,full pre,202306,fit,13.9114029433115,13.71980352797,0.191599415341576
amended,low_exposure_unscreened,CENTER,scm,full pre,202307,fit,9.93585191055462,9.6978604824818,0.237991428072812
amended,low_exposure_unscreened,CENTER,scm,full pre,202308,fit,11.1983450816306,12.2092242900816,-1.01087920845105
amended,low_exposure_unscreened,CENTER,scm,full pre,202309,fit,13.3176224361348,13.3245220372424,-0.00689960110760701
amended,low_exposure_unscreened,CENTER,scm,full pre,202310,fit,13.7584539400038,14.2222307702612,-0.463776830257448
amended,low_exposure_unscreened,CENTER,scm,full pre,202311,fit,15.0106819995135,14.9542156073844,0.0564663921291757
plan,primary_screened,CENTER,ascm,holdout,202202,fit,9.60906310116557,10.0139998577581,-0.404936756592527
plan,primary_screened,CENTER,ascm,holdout,202203,fit,11.241741235195,10.8523905879906,0.389350647204395
plan,primary_screened,CENTER,ascm,holdout,202204,fit,11.6420739422776,11.5294566237087,0.112617318568915
plan,primary_screened,CENTER,ascm,holdout,202205,fit,11.0762492980381,10.829018134715,0.24723116332315
plan,primary_screened,CENTER,ascm,holdout,202206,fit,5.73515198081189,6.44815497860287,-0.713002997790982
plan,primary_screened,CENTER,ascm,holdout,202207,fit,10.5613093569475,10.1427606588102,0.418548698137203
plan,primary_screened,CENTER,ascm,holdout,202208,fit,9.90624970782726,9.55714055287761,0.349109154949655
plan,primary_screened,CENTER,ascm,holdout,202209,fit,11.6883147303766,11.9786558136519,-0.290341083275267
plan,primary_screened,CENTER,ascm,holdout,202210,fit,12.2829076711858,12.4064952990494,-0.123587627863595
plan,primary_screened,CENTER,ascm,holdout,202211,fit,12.5121973861312,12.1229884912077,0.389208894923497
plan,primary_screened,CENTER,ascm,holdout,202212,fit,12.0588773740534,12.1557583748931,-0.0968810008397192
plan,primary_screened,CENTER,ascm,holdout,202301,fit,12.1902443780959,12.0360042093369,0.154240168758989
plan,primary_screened,CENTER,ascm,holdout,202302,fit,11.1978931227458,11.7298941856953,-0.532001062949572
plan,primary_screened,CENTER,ascm,holdout,202303,fit,14.2943689212923,14.1385918642798,0.155777057012481
plan,primary_screened,CENTER,ascm,holdout,202305,fit,13.6018417950204,13.657174368587,-0.0553325735666057
plan,primary_screened,CENTER,ascm,holdout,202306,post,13.9114029433115,13.3061476083645,0.605255334947072
plan,primary_screened,CENTER,ascm,holdout,202308,post,11.1983450816306,13.862229680893,-2.66388459926244
plan,primary_screened,CENTER,ascm,holdout,202309,post,13.3176224361348,15.9809712626208,-2.66334882648603
plan,primary_screened,CENTER,ascm,holdout,202310,post,13.7584539400038,16.0837350675022,-2.32528112749843
plan,primary_screened,CENTER,ascm,holdout,202311,post,15.0106819995135,15.1289981644031,-0.11831616488951
plan,primary_screened,CENTER,scm,holdout,202202,fit,9.60906310116557,9.3834914391259,0.225571662039673
plan,primary_screened,CENTER,scm,holdout,202203,fit,11.241741235195,10.4309259200423,0.810815315152713
plan,primary_screened,CENTER,scm,holdout,202204,fit,11.6420739422776,11.4199544881017,0.222119454175974
plan,primary_screened,CENTER,scm,holdout,202205,fit,11.0762492980381,10.6070966247189,0.469152673319252
plan,primary_screened,CENTER,scm,holdout,202206,fit,5.73515198081189,6.6127700554245,-0.877618074612617
plan,primary_screened,CENTER,scm,holdout,202207,fit,10.5613093569475,9.93086140348916,0.630447953458289
plan,primary_screened,CENTER,scm,holdout,202208,fit,9.90624970782726,9.285660839054,0.620588868773265
plan,primary_screened,CENTER,scm,holdout,202209,fit,11.6883147303766,12.5408217217653,-0.852506991388713
plan,primary_screened,CENTER,scm,holdout,202210,fit,12.2829076711858,12.79751498623,-0.514607315044165
plan,primary_screened,CENTER,scm,holdout,202211,fit,12.5121973861312,12.2627097006432,0.249487685487933
plan,primary_screened,CENTER,scm,holdout,202212,fit,12.0588773740534,12.1889021340981,-0.130024760044673
plan,primary_screened,CENTER,scm,holdout,202301,fit,12.1902443780959,11.7652622321742,0.424982145921684
plan,primary_screened,CENTER,scm,holdout,202302,fit,11.1978931227458,11.4077473539259,-0.209854231180111
plan,primary_screened,CENTER,scm,holdout,202303,fit,14.2943689212923,14.1231853944806,0.171183526811713
plan,primary_screened,CENTER,scm,holdout,202305,fit,13.6018417950204,13.3928434096398,0.20899838538061
plan,primary_screened,CENTER,scm,holdout,202306,post,13.9114029433115,13.2903913027727,0.621011640538807
plan,primary_screened,CENTER,scm,holdout,202308,post,11.1983450816306,13.5034576491296,-2.30511256749905
plan,primary_screened,CENTER,scm,holdout,202309,post,13.3176224361348,16.0957566355287,-2.77813419939386
plan,primary_screened,CENTER,scm,holdout,202310,post,13.7584539400038,15.8500176702674,-2.09156373026359
plan,primary_screened,CENTER,scm,holdout,202311,post,15.0106819995135,14.7320236826707,0.278658316842895
plan,primary_screened,CENTER,did,holdout,202202,fit,9.60906310116557,10.6836222880679,-1.0745591869023
plan,primary_screened,CENTER,did,holdout,202203,fit,11.241741235195,11.0598863514066,0.181854883788452
plan,primary_screened,CENTER,did,holdout,202204,fit,11.6420739422776,11.2759336637292,0.366140278548384
plan,primary_screened,CENTER,did,holdout,202205,fit,11.0762492980381,11.1347919289208,-0.0585426308827319
plan,primary_screened,CENTER,did,holdout,202206,fit,5.73515198081189,10.1199821646111,-4.38483018379919
plan,primary_screened,CENTER,did,holdout,202207,fit,10.5613093569475,10.5808478318656,-0.0195384749181855
plan,primary_screened,CENTER,did,holdout,202208,fit,9.90624970782726,10.4047022397587,-0.498452531931429
plan,primary_screened,CENTER,did,holdout,202209,fit,11.6883147303766,11.9555893475516,-0.267274617174985
plan,primary_screened,CENTER,did,holdout,202210,fit,12.2829076711858,11.9650118530297,0.317895818156147
plan,primary_screened,CENTER,did,holdout,202211,fit,12.5121973861312,11.4551146000768,1.05708278605432
plan,primary_screened,CENTER,did,holdout,202212,fit,12.0588773740534,11.4288239154528,0.63005345860056
plan,primary_screened,CENTER,did,holdout,202301,fit,12.1902443780959,11.6058979895269,0.584346388568998
plan,primary_screened,CENTER,did,holdout,202302,fit,11.1978931227458,11.4872784609074,-0.289385338161605
plan,primary_screened,CENTER,did,holdout,202303,fit,14.2943689212923,12.3786732542514,1.91569566704087
plan,primary_screened,CENTER,did,holdout,202305,fit,13.6018417950204,12.0623281120078,1.53951368301269
plan,primary_screened,CENTER,did,holdout,202306,post,13.9114029433115,11.9524490557446,1.9589538875669
plan,primary_screened,CENTER,did,holdout,202308,post,11.1983450816306,11.4445175913422,-0.246172509711592
plan,primary_screened,CENTER,did,holdout,202309,post,13.3176224361348,12.6403892780737,0.677233158061055
plan,primary_screened,CENTER,did,holdout,202310,post,13.7584539400038,12.7289075293698,1.02954641063398
plan,primary_screened,CENTER,did,holdout,202311,post,15.0106819995135,12.4842560142183,2.52642598529528
plan,primary_screened,CENTER,ascm,full pre,202202,fit,9.60906310116557,10.1631041660513,-0.554041064885722
plan,primary_screened,CENTER,ascm,full pre,202203,fit,11.241741235195,11.0397870447838,0.201954190411215
plan,primary_screened,CENTER,ascm,full pre,202204,fit,11.6420739422776,11.0897380154418,0.552335926835879
plan,primary_screened,CENTER,ascm,full pre,202205,fit,11.0762492980381,11.1278229238565,-0.0515736258183601
plan,primary_screened,CENTER,ascm,full pre,202206,fit,5.73515198081189,6.79210834908713,-1.05695636827525
plan,primary_screened,CENTER,ascm,full pre,202207,fit,10.5613093569475,10.220070408205,0.341238948742456
plan,primary_screened,CENTER,ascm,full pre,202208,fit,9.90624970782726,9.36232831170922,0.543921396118043
plan,primary_screened,CENTER,ascm,full pre,202209,fit,11.6883147303766,12.0184223589606,-0.330107628584024
plan,primary_screened,CENTER,ascm,full pre,202210,fit,12.2829076711858,12.4688376916402,-0.185930020454371
plan,primary_screened,CENTER,ascm,full pre,202211,fit,12.5121973861312,12.0053043762808,0.506893009850392
plan,primary_screened,CENTER,ascm,full pre,202212,fit,12.0588773740534,11.8531698751603,0.205707498893061
plan,primary_screened,CENTER,ascm,full pre,202301,fit,12.1902443780959,12.2459745753381,-0.0557301972422053
plan,primary_screened,CENTER,ascm,full pre,202302,fit,11.1978931227458,11.764746708984,-0.566853586238251
plan,primary_screened,CENTER,ascm,full pre,202303,fit,14.2943689212923,13.5808472526683,0.713521668624024
plan,primary_screened,CENTER,ascm,full pre,202305,fit,13.6018417950204,13.6726656203892,-0.0708238253687306
plan,primary_screened,CENTER,ascm,full pre,202306,fit,13.9114029433115,12.9698167312581,0.941586212053434
plan,primary_screened,CENTER,ascm,full pre,202308,fit,11.1983450816306,11.5249665064581,-0.326621424827522
plan,primary_screened,CENTER,ascm,full pre,202309,fit,13.3176224361348,14.2837905709378,-0.966168134802983
plan,primary_screened,CENTER,ascm,full pre,202310,fit,13.7584539400038,14.2978927930831,-0.539438853079339
plan,primary_screened,CENTER,ascm,full pre,202311,fit,15.0106819995135,14.3135961214653,0.697085878048243
plan,primary_screened,CENTER,scm,full pre,202202,fit,9.60906310116557,9.59693629164492,0.0121268095206553
plan,primary_screened,CENTER,scm,full pre,202203,fit,11.241741235195,10.3657771835658,0.875964051629264
plan,primary_screened,CENTER,scm,full pre,202204,fit,11.6420739422776,10.8855131735083,0.756560768769331
plan,primary_screened,CENTER,scm,full pre,202205,fit,11.0762492980381,10.8513054677949,0.22494383024323
plan,primary_screened,CENTER,scm,full pre,202206,fit,5.73515198081189,7.12316974198606,-1.38801776117418
plan,primary_screened,CENTER,scm,full pre,202207,fit,10.5613093569475,10.3152912914183,0.24601806552911
plan,primary_screened,CENTER,scm,full pre,202208,fit,9.90624970782726,9.07316674113101,0.833082966696255
plan,primary_screened,CENTER,scm,full pre,202209,fit,11.6883147303766,12.3955170737827,-0.707202343406118
plan,primary_screened,CENTER,scm,full pre,202210,fit,12.2829076711858,12.7474750158577,-0.464567344671936
plan,primary_screened,CENTER,scm,full pre,202211,fit,12.5121973861312,12.1548939248648,0.357303461266376
plan,primary_screened,CENTER,scm,full pre,202212,fit,12.0588773740534,11.9940023767352,0.0648749973181531
plan,primary_screened,CENTER,scm,full pre,202301,fit,12.1902443780959,11.8527539580001,0.337490420095834
plan,primary_screened,CENTER,scm,full pre,202302,fit,11.1978931227458,11.4270096180322,-0.229116495286453
plan,primary_screened,CENTER,scm,full pre,202303,fit,14.2943689212923,13.9658033490605,0.328565572231849
plan,primary_screened,CENTER,scm,full pre,202305,fit,13.6018417950204,13.620727865148,-0.01888607012752
plan,primary_screened,CENTER,scm,full pre,202306,fit,13.9114029433115,12.6431290104796,1.26827393283195
plan,primary_screened,CENTER,scm,full pre,202308,fit,11.1983450816306,11.3789739589742,-0.180628877343661
plan,primary_screened,CENTER,scm,full pre,202309,fit,13.3176224361348,14.5815704273289,-1.26394799119406
plan,primary_screened,CENTER,scm,full pre,202310,fit,13.7584539400038,14.2400986705169,-0.481644730513184
plan,primary_screened,CENTER,scm,full pre,202311,fit,15.0106819995135,14.0948515337194,0.915830465794137
plan,primary_unscreened,CENTER,ascm,holdout,202202,fit,9.60906310116557,9.90852721899114,-0.299464117825567
plan,primary_unscreened,CENTER,ascm,holdout,202203,fit,11.241741235195,11.0384479153261,0.203293319868918
plan,primary_unscreened,CENTER,ascm,holdout,202204,fit,11.6420739422776,11.5594248707825,0.0826490714951405
plan,primary_unscreened,CENTER,ascm,holdout,202205,fit,11.0762492980381,10.9251922550465,0.151057042991662
plan,primary_unscreened,CENTER,ascm,holdout,202206,fit,5.73515198081189,5.89650865717009,-0.161356676358203
plan,primary_unscreened,CENTER,ascm,holdout,202207,fit,10.5613093569475,10.2962587449336,0.265050612013896
plan,primary_unscreened,CENTER,ascm,holdout,202208,fit,9.90624970782726,9.96535577699325,-0.0591060691659902
plan,primary_unscreened,CENTER,ascm,holdout,202209,fit,11.6883147303766,11.869956232211,-0.181641501834406
plan,primary_unscreened,CENTER,ascm,holdout,202210,fit,12.2829076711858,12.5147690881926,-0.231861417006821
plan,primary_unscreened,CENTER,ascm,holdout,202211,fit,12.5121973861312,12.2141448347293,0.298052551401835
plan,primary_unscreened,CENTER,ascm,holdout,202212,fit,12.0588773740534,12.3055601421347,-0.246682768081262
plan,primary_unscreened,CENTER,ascm,holdout,202301,fit,12.1902443780959,12.2528090747664,-0.0625646966704725
plan,primary_unscreened,CENTER,ascm,holdout,202302,fit,11.1978931227458,11.2270190052449,-0.0291258824991747
plan,primary_unscreened,CENTER,ascm,holdout,202303,fit,14.2943689212923,14.1690510213576,0.125317899934711
plan,primary_unscreened,CENTER,ascm,holdout,202305,fit,13.6018417950204,13.4554591632847,0.14638263173574
plan,primary_unscreened,CENTER,ascm,holdout,202306,post,13.9114029433115,13.0241416575025,0.887261285809
plan,primary_unscreened,CENTER,ascm,holdout,202308,post,11.1983450816306,12.9869678137394,-1.78862273210886
plan,primary_unscreened,CENTER,ascm,holdout,202309,post,13.3176224361348,14.6159935724327,-1.29837113629786
plan,primary_unscreened,CENTER,ascm,holdout,202310,post,13.7584539400038,15.2750367252834,-1.51658278527964
plan,primary_unscreened,CENTER,ascm,holdout,202311,post,15.0106819995135,14.9848692346211,0.0258127648924695
plan,primary_unscreened,CENTER,scm,holdout,202202,fit,9.60906310116557,9.89598379455337,-0.286920693387801
plan,primary_unscreened,CENTER,scm,holdout,202203,fit,11.241741235195,11.00152634835,0.240214886845038
plan,primary_unscreened,CENTER,scm,holdout,202204,fit,11.6420739422776,11.5130321486358,0.129041793641855
plan,primary_unscreened,CENTER,scm,holdout,202205,fit,11.0762492980381,10.865588215706,0.21066108233209
plan,primary_unscreened,CENTER,scm,holdout,202206,fit,5.73515198081189,5.86864368857309,-0.133491707761207
plan,primary_unscreened,CENTER,scm,holdout,202207,fit,10.5613093569475,10.2650459772846,0.296263379662815
plan,primary_unscreened,CENTER,scm,holdout,202208,fit,9.90624970782726,10.0141342850333,-0.107884577206029
plan,primary_unscreened,CENTER,scm,holdout,202209,fit,11.6883147303766,11.9120747406248,-0.223760010248164
plan,primary_unscreened,CENTER,scm,holdout,202210,fit,12.2829076711858,12.5489377888101,-0.2660301176243
plan,primary_unscreened,CENTER,scm,holdout,202211,fit,12.5121973861312,12.2103964194973,0.301800966633827
plan,primary_unscreened,CENTER,scm,holdout,202212,fit,12.0588773740534,12.3112206784243,-0.252343304370923
plan,primary_unscreened,CENTER,scm,holdout,202301,fit,12.1902443780959,12.2504548697731,-0.0602104916771538
plan,primary_unscreened,CENTER,scm,holdout,202302,fit,11.1978931227458,11.1934705759321,0.00442254681367515
plan,primary_unscreened,CENTER,scm,holdout,202303,fit,14.2943689212923,14.2090130766136,0.0853558446787393
plan,primary_unscreened,CENTER,scm,holdout,202305,fit,13.6018417950204,13.4358901310021,0.165951664018312
plan,primary_unscreened,CENTER,scm,holdout,202306,post,13.9114029433115,12.9597558049017,0.951647138409855
plan,primary_unscreened,CENTER,scm,holdout,202308,post,11.1983450816306,12.9628344177479,-1.76448933611736
plan,primary_unscreened,CENTER,scm,holdout,202309,post,13.3176224361348,14.6258879843507,-1.30826554821586
plan,primary_unscreened,CENTER,scm,holdout,202310,post,13.7584539400038,15.1866913356426,-1.42823739563882
plan,primary_unscreened,CENTER,scm,holdout,202311,post,15.0106819995135,14.8077546035375,0.202927395976049
plan,primary_unscreened,CENTER,did,holdout,202202,fit,9.60906310116557,10.77389567459,-1.16483257342444
plan,primary_unscreened,CENTER,did,holdout,202203,fit,11.241741235195,11.108712943889,0.133028291305981
plan,primary_unscreened,CENTER,did,holdout,202204,fit,11.6420739422776,11.2609722254485,0.381101716829173
plan,primary_unscreened,CENTER,did,holdout,202205,fit,11.0762492980381,11.1313572160248,-0.0551079179866605
plan,primary_unscreened,CENTER,did,holdout,202206,fit,5.73515198081189,10.0600094269091,-4.32485744609724
plan,primary_unscreened,CENTER,did,holdout,202207,fit,10.5613093569475,10.6838917265822,-0.122582369634792
plan,primary_unscreened,CENTER,did,holdout,202208,fit,9.90624970782726,10.5107256620198,-0.604475954192511
plan,primary_unscreened,CENTER,did,holdout,202209,fit,11.6883147303766,11.871465441133,-0.183150710756388
plan,primary_unscreened,CENTER,did,holdout,202210,fit,12.2829076711858,11.9250121509425,0.357895520243343
plan,primary_unscreened,CENTER,did,holdout,202211,fit,12.5121973861312,11.3906027324131,1.12159465371802
plan,primary_unscreened,CENTER,did,holdout,202212,fit,12.0588773740534,11.4302166006877,0.628660773365663
plan,primary_unscreened,CENTER,did,holdout,202301,fit,12.1902443780959,11.5895699556661,0.600674422429819
plan,primary_unscreened,CENTER,did,holdout,202302,fit,11.1978931227458,11.4448858956785,-0.246992772932682
plan,primary_unscreened,CENTER,did,holdout,202303,fit,14.2943689212923,12.3135617312301,1.98080719006225
plan,primary_unscreened,CENTER,did,holdout,202305,fit,13.6018417950204,12.10360461795,1.49823717707047
plan,primary_unscreened,CENTER,did,holdout,202306,post,13.9114029433115,11.9996209760742,1.91178196723729
plan,primary_unscreened,CENTER,did,holdout,202308,post,11.1983450816306,11.5109456413158,-0.312600559685272
plan,primary_unscreened,CENTER,did,holdout,202309,post,13.3176224361348,12.5993420019305,0.718280434204326
plan,primary_unscreened,CENTER,did,holdout,202310,post,13.7584539400038,12.7229276396488,1.03552630035499
plan,primary_unscreened,CENTER,did,holdout,202311,post,15.0106819995135,12.5153027942561,2.49537920525748
plan,primary_unscreened,CENTER,ascm,full pre,202202,fit,9.60906310116557,10.0797541332492,-0.47069103208365
plan,primary_unscreened,CENTER,ascm,full pre,202203,fit,11.241741235195,11.1081993081511,0.133541927043954
plan,primary_unscreened,CENTER,ascm,full pre,202204,fit,11.6420739422776,11.3493343987865,0.292739543491171
plan,primary_unscreened,CENTER,ascm,full pre,202205,fit,11.0762492980381,10.869890565352,0.206358732686146
plan,primary_unscreened,CENTER,ascm,full pre,202206,fit,5.73515198081189,5.96541990051389,-0.230267919702
plan,primary_unscreened,CENTER,ascm,full pre,202207,fit,10.5613093569475,10.2714742987954,0.289835058152057
plan,primary_unscreened,CENTER,ascm,full pre,202208,fit,9.90624970782726,9.95396406867079,-0.0477143608435284
plan,primary_unscreened,CENTER,ascm,full pre,202209,fit,11.6883147303766,11.9819089167831,-0.293594186406452
plan,primary_unscreened,CENTER,ascm,full pre,202210,fit,12.2829076711858,12.9302677950063,-0.647360123820535
plan,primary_unscreened,CENTER,ascm,full pre,202211,fit,12.5121973861312,11.924984758953,0.587212627178197
plan,primary_unscreened,CENTER,ascm,full pre,202212,fit,12.0588773740534,12.2769766034639,-0.218099229410468
plan,primary_unscreened,CENTER,ascm,full pre,202301,fit,12.1902443780959,12.0570895524488,0.133154825647113
plan,primary_unscreened,CENTER,ascm,full pre,202302,fit,11.1978931227458,11.2073382454533,-0.00944512270751652
plan,primary_unscreened,CENTER,ascm,full pre,202303,fit,14.2943689212923,13.8384056876082,0.455963233684155
plan,primary_unscreened,CENTER,ascm,full pre,202305,fit,13.6018417950204,13.6761030471226,-0.0742612521021364
plan,primary_unscreened,CENTER,ascm,full pre,202306,fit,13.9114029433115,13.5150999055467,0.39630303776484
plan,primary_unscreened,CENTER,ascm,full pre,202308,fit,11.1983450816306,11.4859232053641,-0.28757812373351
plan,primary_unscreened,CENTER,ascm,full pre,202309,fit,13.3176224361348,13.4102381011214,-0.0926156649866261
plan,primary_unscreened,CENTER,ascm,full pre,202310,fit,13.7584539400038,14.254721928,-0.496267987996276
plan,primary_unscreened,CENTER,ascm,full pre,202311,fit,15.0106819995135,14.6378959813685,0.372786018145067
plan,primary_unscreened,CENTER,scm,full pre,202202,fit,9.60906310116557,10.0830838200346,-0.474020718869044
plan,primary_unscreened,CENTER,scm,full pre,202203,fit,11.241741235195,11.116236705654,0.125504529541033
plan,primary_unscreened,CENTER,scm,full pre,202204,fit,11.6420739422776,11.311898294403,0.330175647874629
plan,primary_unscreened,CENTER,scm,full pre,202205,fit,11.0762492980381,10.8450323577854,0.231216940252759
plan,primary_unscreened,CENTER,scm,full pre,202206,fit,5.73515198081189,5.93429769616415,-0.199145715352262
plan,primary_unscreened,CENTER,scm,full pre,202207,fit,10.5613093569475,10.2484698725084,0.312839484439079
plan,primary_unscreened,CENTER,scm,full pre,202208,fit,9.90624970782726,9.93570681609188,-0.0294571082646193
plan,primary_unscreened,CENTER,scm,full pre,202209,fit,11.6883147303766,11.9836085031608,-0.295293772784211
plan,primary_unscreened,CENTER,scm,full pre,202210,fit,12.2829076711858,13.0139241748414,-0.731016503655571
plan,primary_unscreened,CENTER,scm,full pre,202211,fit,12.5121973861312,11.9207075422683,0.591489843862842
plan,primary_unscreened,CENTER,scm,full pre,202212,fit,12.0588773740534,12.3589064283267,-0.300029054273315
plan,primary_unscreened,CENTER,scm,full pre,202301,fit,12.1902443780959,12.026985488309,0.163258889786931
plan,primary_unscreened,CENTER,scm,full pre,202302,fit,11.1978931227458,11.165053400001,0.0328397227447912
plan,primary_unscreened,CENTER,scm,full pre,202303,fit,14.2943689212923,13.8285678346735,0.465801086618814
plan,primary_unscreened,CENTER,scm,full pre,202305,fit,13.6018417950204,13.6723787105448,-0.0705369155243982
plan,primary_unscreened,CENTER,scm,full pre,202306,fit,13.9114029433115,13.4705611532888,0.440841790022718
plan,primary_unscreened,CENTER,scm,full pre,202308,fit,11.1983450816306,11.4506044446177,-0.252259362987131
plan,primary_unscreened,CENTER,scm,full pre,202309,fit,13.3176224361348,13.4517403101847,-0.134117874049904
plan,primary_unscreened,CENTER,scm,full pre,202310,fit,13.7584539400038,14.247478549395,-0.489024609391249
plan,primary_unscreened,CENTER,scm,full pre,202311,fit,15.0106819995135,14.6403903403235,0.370291659190098
